symbol,sector,subsector,indicator,signal,pattern,pattern_conf,confidence,win_rate,win_rate_stock,win_rate_sector,stock_n,sector_n,avg_return,price,tp1_price,tp2_price,sl_price,date,tier,volume_confirmed
VNOM,Energy,Oil & Gas Midstream,BB,BB 跌破下軌 (超賣),Morning Star,0.8,1.0,0.8333,,0.8333,0,12,0.0442,40.75,42.55,44.35,40.34,2026-07-02,1,False
RCI,Communication Services,Telecom Services,BB,BB 跌破下軌 (超賣),Support,0.8,1.0,0.6667,,0.6667,0,6,0.0327,31.62,32.65,33.69,31.3,2026-07-02,1,True
T,Communication Services,Telecom Services,BB,BB 跌破下軌 (超賣),Support,0.8,1.0,0.6667,,0.6667,0,6,0.0327,20.58,21.25,21.93,20.37,2026-07-02,1,True
BKR,Energy,Oil & Gas Equipment & Services,RSI,RSI 維持超賣,Morning Star,0.8,0.9,0.6667,,0.6667,0,12,0.033,53.25,55.01,56.76,52.72,2026-07-06,1,False
HAL,Energy,Oil & Gas Equipment & Services,RSI,RSI 維持超賣,Morning Star,0.8,0.9,0.6667,,0.6667,0,12,0.033,33.0,34.09,35.18,32.67,2026-07-06,1,False
BNH,Unknown,Unknown,RSI,RSI 維持強勢 (50-70),Bullish Engulfing,0.75,1.0,0.5532,,0.5532,0,47,0.0312,15.37,15.85,16.33,15.22,2026-07-06,1,False
CHD,Consumer Staples,Household & Personal Products,BB,BB 中軌向上（上升趨勢）,Morning Star,0.8,1.0,0.5505,,0.5505,0,109,0.0238,98.6,100.95,103.29,97.61,2026-07-02,1,False
APOS,Unknown,Unknown,BB,BB 跌破下軌 (超賣),Support,0.9,1.0,0.7,,0.7,0,10,0.0777,0.0,0.0,0.0,0.0,2026-07-03,2,False
AQNB,Unknown,Unknown,BB,BB 跌破下軌 (超賣),Support,0.9,1.0,0.7,,0.7,0,10,0.0777,0.0,0.0,0.0,0.0,2026-07-03,2,False
BNJ,Unknown,Unknown,MACD,MACD 金叉 (多頭區),None,0.0,0.68,0.4688,,0.4688,0,32,0.0129,15.62,15.82,16.02,15.46,2026-07-06,2,True
AAL,Industrials,Airlines,BB,BB 跌破下軌 (超賣),Support,0.8,1.0,1.0,,1.0,0,8,0.07,0.0,0.0,0.0,0.0,2026-07-03,3,False
AAON,Industrials,Building Products & Equipment,BB,BB 跌破下軌 (超賣),Support,0.8,1.0,1.0,,1.0,0,8,0.07,0.0,0.0,0.0,0.0,2026-07-03,3,False
ABNB,Consumer Discretionary,Travel Services,BB,BB 跌破下軌 (超賣),Support,0.9,1.0,1.0,,1.0,0,5,0.1314,0.0,0.0,0.0,0.0,2026-07-03,3,False
ACGL,Financials,Insurance - Diversified,BB,BB 跌破下軌 (超賣),Support,0.9,1.0,1.0,,1.0,0,5,0.1168,0.0,0.0,0.0,0.0,2026-07-03,3,False
AEE,Utilities,Utilities - Regulated Electric,BB,BB 跌破下軌 (超賣),Support,0.9,1.0,1.0,,1.0,0,5,0.0506,0.0,0.0,0.0,0.0,2026-07-03,3,False
AEG,Financials,Insurance - Diversified,BB,BB 跌破下軌 (超賣),Support,0.9,1.0,1.0,,1.0,0,5,0.1168,0.0,0.0,0.0,0.0,2026-07-03,3,False
AEIS,Industrials,Electrical Equipment & Parts,BB,BB 跌破下軌 (超賣),Support,0.9,1.0,1.0,,1.0,0,8,0.07,0.0,0.0,0.0,0.0,2026-07-03,3,False
AEP,Utilities,Utilities - Regulated Electric,BB,BB 跌破下軌 (超賣),Support,0.9,1.0,1.0,,1.0,0,5,0.0506,0.0,0.0,0.0,0.0,2026-07-03,3,False
AER,Industrials,Rental & Leasing Services,BB,BB 跌破下軌 (超賣),Support,0.9,1.0,1.0,,1.0,0,8,0.07,0.0,0.0,0.0,0.0,2026-07-03,3,False
AES,Utilities,Utilities - Diversified,BB,BB 跌破下軌 (超賣),Support,0.9,1.0,1.0,,1.0,0,5,0.0506,0.0,0.0,0.0,0.0,2026-07-03,3,False
AFG,Financials,Insurance - Property & Casualty,BB,BB 跌破下軌 (超賣),Support,0.9,1.0,1.0,,1.0,0,5,0.1168,0.0,0.0,0.0,0.0,2026-07-03,3,False
AFL,Financials,Insurance - Life,BB,BB 跌破下軌 (超賣),Support,0.9,1.0,1.0,,1.0,0,5,0.1168,0.0,0.0,0.0,0.0,2026-07-03,3,False
AFRM,Financials,Credit Services,BB,BB 跌破下軌 (超賣),Support,0.9,1.0,1.0,,1.0,0,5,0.1168,0.0,0.0,0.0,0.0,2026-07-03,3,False
AIG,Financials,Insurance - Diversified,BB,BB 跌破下軌 (超賣),Support,0.9,1.0,1.0,,1.0,0,5,0.1168,0.0,0.0,0.0,0.0,2026-07-03,3,False
AIT,Industrials,Industrial Distribution,BB,BB 跌破下軌 (超賣),Support,0.8,1.0,1.0,,1.0,0,8,0.07,0.0,0.0,0.0,0.0,2026-07-03,3,False
AIZ,Financials,Insurance - Property & Casualty,BB,BB 跌破下軌 (超賣),Support,0.8,1.0,1.0,,1.0,0,5,0.1168,0.0,0.0,0.0,0.0,2026-07-03,3,False
AJG,Financials,Insurance Brokers,BB,BB 跌破下軌 (超賣),Support,0.9,1.0,1.0,,1.0,0,5,0.1168,0.0,0.0,0.0,0.0,2026-07-03,3,False
ALL,Financials,Insurance - Property & Casualty,BB,BB 跌破下軌 (超賣),Support,0.9,1.0,1.0,,1.0,0,5,0.1168,0.0,0.0,0.0,0.0,2026-07-03,3,False
ALLE,Industrials,Security & Protection Services,BB,BB 跌破下軌 (超賣),Support,0.9,1.0,1.0,,1.0,0,8,0.07,0.0,0.0,0.0,0.0,2026-07-03,3,False
ALLY,Financials,Credit Services,BB,BB 跌破下軌 (超賣),Support,0.9,1.0,1.0,,1.0,0,5,0.1168,0.0,0.0,0.0,0.0,2026-07-03,3,False
AMCR,Consumer Discretionary,Packaging & Containers,BB,BB 跌破下軌 (超賣),Support,0.9,1.0,1.0,,1.0,0,5,0.1314,0.0,0.0,0.0,0.0,2026-07-03,3,False
AME,Industrials,Specialty Industrial Machinery,BB,BB 跌破下軌 (超賣),Support,0.9,1.0,1.0,,1.0,0,8,0.07,0.0,0.0,0.0,0.0,2026-07-03,3,False
AMP,Financials,Asset Management,BB,BB 跌破下軌 (超賣),Support,0.9,1.0,1.0,,1.0,0,5,0.1168,0.0,0.0,0.0,0.0,2026-07-03,3,False
AON,Financials,Insurance Brokers,BB,BB 跌破下軌 (超賣),Support,0.9,1.0,1.0,,1.0,0,5,0.1168,0.0,0.0,0.0,0.0,2026-07-03,3,False
AOS,Industrials,Specialty Industrial Machinery,BB,BB 跌破下軌 (超賣),Support,0.9,1.0,1.0,,1.0,0,8,0.07,0.0,0.0,0.0,0.0,2026-07-03,3,False
APG,Industrials,Engineering & Construction,BB,BB 跌破下軌 (超賣),Support,0.9,1.0,1.0,,1.0,0,8,0.07,0.0,0.0,0.0,0.0,2026-07-03,3,False
APO,Financials,Asset Management,BB,BB 跌破下軌 (超賣),Support,0.8,1.0,1.0,,1.0,0,5,0.1168,0.0,0.0,0.0,0.0,2026-07-03,3,False
APTV,Consumer Discretionary,Auto Parts,BB,BB 跌破下軌 (超賣),Support,0.8,1.0,1.0,,1.0,0,5,0.1314,0.0,0.0,0.0,0.0,2026-07-03,3,False
ARCC,Financials,Asset Management,BB,BB 跌破下軌 (超賣),Support,0.9,1.0,1.0,,1.0,0,5,0.1168,0.0,0.0,0.0,0.0,2026-07-03,3,False
ARMK,Industrials,Specialty Business Services,BB,BB 跌破下軌 (超賣),Support,0.9,1.0,1.0,,1.0,0,8,0.07,0.0,0.0,0.0,0.0,2026-07-03,3,False
ARXS,Industrials,Aerospace & Defense,BB,BB 跌破下軌 (超賣),Support,0.8,1.0,1.0,,1.0,0,8,0.07,0.0,0.0,0.0,0.0,2026-07-03,3,False
AS,Consumer Discretionary,Leisure,BB,BB 跌破下軌 (超賣),Support,0.9,1.0,1.0,,1.0,0,5,0.1314,0.0,0.0,0.0,0.0,2026-07-03,3,False
ATI,Industrials,Metal Fabrication,BB,BB 跌破下軌 (超賣),Support,0.9,1.0,1.0,,1.0,0,8,0.07,0.0,0.0,0.0,0.0,2026-07-03,3,False
ATO,Utilities,Utilities - Regulated Gas,BB,BB 跌破下軌 (超賣),Support,0.9,1.0,1.0,,1.0,0,5,0.0506,0.0,0.0,0.0,0.0,2026-07-03,3,False
AVY,Consumer Discretionary,Packaging & Containers,BB,BB 跌破下軌 (超賣),Support,0.8,1.0,1.0,,1.0,0,5,0.1314,0.0,0.0,0.0,0.0,2026-07-03,3,False
AWK,Utilities,Utilities - Regulated Water,BB,BB 跌破下軌 (超賣),Support,0.9,1.0,1.0,,1.0,0,5,0.0506,0.0,0.0,0.0,0.0,2026-07-03,3,False
AXIA,Utilities,Utilities - Renewable,BB,BB 跌破下軌 (超賣),Support,0.9,1.0,1.0,,1.0,0,5,0.0506,0.0,0.0,0.0,0.0,2026-07-03,3,False
AXON,Industrials,Aerospace & Defense,BB,BB 跌破下軌 (超賣),Support,0.9,1.0,1.0,,1.0,0,8,0.07,0.0,0.0,0.0,0.0,2026-07-03,3,False
AYI,Industrials,Electrical Equipment & Parts,BB,BB 跌破下軌 (超賣),Support,0.9,1.0,1.0,,1.0,0,8,0.07,0.0,0.0,0.0,0.0,2026-07-03,3,False
AZO,Consumer Discretionary,Auto Parts,BB,BB 跌破下軌 (超賣),Support,0.9,1.0,1.0,,1.0,0,5,0.1314,0.0,0.0,0.0,0.0,2026-07-03,3,False
BABA,Consumer Discretionary,Internet Retail,BB,BB 跌破下軌 (超賣),Support,0.9,1.0,1.0,,1.0,0,5,0.1314,0.0,0.0,0.0,0.0,2026-07-03,3,False
TRGP,Energy,Oil & Gas Midstream,BB,BB 中軌向上（上升趨勢）,Bullish Engulfing,0.75,1.0,1.0,1.0,0.4038,5,52,0.0676,258.88,276.38,293.88,256.29,2026-07-02,3,False
AGX,Industrials,Engineering & Construction,BB,BB 跌破下軌 (超賣),Support,0.7,0.99,1.0,,1.0,0,8,0.07,0.0,0.0,0.0,0.0,2026-07-03,3,False
AUR,Consumer Discretionary,Auto Parts,BB,BB 跌破下軌 (超賣),Support,0.7,0.99,1.0,,1.0,0,5,0.1314,0.0,0.0,0.0,0.0,2026-07-03,3,False
DG,Consumer Staples,Discount Stores,BB,價格在 BB 中軌上方,Morning Star,0.8,0.924,0.8571,0.8571,0.5252,7,139,0.0434,117.5704,122.67,127.78,116.39,2026-07-02,3,False
AA,Materials,Aluminum,BB,BB 跌破下軌 (超賣),Support,0.8,1.0,0.8393,,,0,0,0.067,0.0,0.0,0.0,0.0,2026-07-03,3,False
ABEV,Consumer Staples,Beverages - Brewers,BB,BB 跌破下軌 (超賣),Support,0.8,1.0,0.8393,,,0,0,0.067,0.0,0.0,0.0,0.0,2026-07-03,3,False
ADM,Consumer Staples,Farm Products,BB,BB 跌破下軌 (超賣),Support,0.8,1.0,0.8393,,,0,0,0.067,0.0,0.0,0.0,0.0,2026-07-03,3,False
AEM,Materials,Gold,BB,BB 跌破下軌 (超賣),Support,0.8,1.0,0.8393,,,0,0,0.067,0.0,0.0,0.0,0.0,2026-07-03,3,False
AGI,Materials,Gold,BB,BB 跌破下軌 (超賣),Support,0.8,1.0,0.8393,,,0,0,0.067,0.0,0.0,0.0,0.0,2026-07-03,3,False
AGNC,Real Estate,REIT - Mortgage,BB,BB 跌破下軌 (超賣),Support,0.9,1.0,0.8393,,,0,0,0.067,0.0,0.0,0.0,0.0,2026-07-03,3,False
AGNCL,Real Estate,REIT - Mortgage,BB,BB 跌破下軌 (超賣),Support,0.9,1.0,0.8393,,,0,0,0.067,0.0,0.0,0.0,0.0,2026-07-03,3,False
AGNCM,Real Estate,REIT - Mortgage,BB,BB 跌破下軌 (超賣),Support,0.9,1.0,0.8393,,,0,0,0.067,0.0,0.0,0.0,0.0,2026-07-03,3,False
AGNCN,Real Estate,REIT - Mortgage,BB,BB 跌破下軌 (超賣),Support,0.9,1.0,0.8393,,,0,0,0.067,0.0,0.0,0.0,0.0,2026-07-03,3,False
AGNCO,Real Estate,REIT - Mortgage,BB,BB 跌破下軌 (超賣),Support,0.9,1.0,0.8393,,,0,0,0.067,0.0,0.0,0.0,0.0,2026-07-03,3,False
AGNCP,Real Estate,REIT - Mortgage,BB,BB 跌破下軌 (超賣),Support,0.9,1.0,0.8393,,,0,0,0.067,0.0,0.0,0.0,0.0,2026-07-03,3,False
AGNCZ,Real Estate,REIT - Mortgage,BB,BB 跌破下軌 (超賣),Support,0.9,1.0,0.8393,,,0,0,0.067,0.0,0.0,0.0,0.0,2026-07-03,3,False
ALB,Materials,Specialty Chemicals,BB,BB 跌破下軌 (超賣),Support,0.9,1.0,0.8393,,,0,0,0.067,0.0,0.0,0.0,0.0,2026-07-03,3,False
AM,Energy,Oil & Gas Midstream,BB,BB 跌破下軌 (超賣),Support,0.9,1.0,0.8393,,,0,0,0.067,0.0,0.0,0.0,0.0,2026-07-03,3,False
AMRZ,Materials,Building Materials,BB,BB 跌破下軌 (超賣),Support,0.8,1.0,0.8393,,,0,0,0.067,0.0,0.0,0.0,0.0,2026-07-03,3,False
AMT,Real Estate,REIT - Specialty,BB,BB 跌破下軌 (超賣),Support,0.8,1.0,0.8393,,,0,0,0.067,0.0,0.0,0.0,0.0,2026-07-03,3,False
APA,Energy,Oil & Gas E&P,BB,BB 跌破下軌 (超賣),Support,0.9,1.0,0.8393,,,0,0,0.067,0.0,0.0,0.0,0.0,2026-07-03,3,False
APD,Materials,Specialty Chemicals,BB,BB 跌破下軌 (超賣),Support,0.9,1.0,0.8393,,,0,0,0.067,0.0,0.0,0.0,0.0,2026-07-03,3,False
AR,Energy,Oil & Gas E&P,BB,BB 跌破下軌 (超賣),Support,0.9,1.0,0.8393,,,0,0,0.067,0.0,0.0,0.0,0.0,2026-07-03,3,False
ARE,Real Estate,REIT - Office,BB,BB 跌破下軌 (超賣),Support,0.8,1.0,0.8393,,,0,0,0.067,0.0,0.0,0.0,0.0,2026-07-03,3,False
AU,Materials,Gold,BB,BB 跌破下軌 (超賣),Support,0.9,1.0,0.8393,,,0,0,0.067,0.0,0.0,0.0,0.0,2026-07-03,3,False
AVB,Real Estate,REIT - Residential,BB,BB 跌破下軌 (超賣),Support,0.9,1.0,0.8393,,,0,0,0.067,0.0,0.0,0.0,0.0,2026-07-03,3,False
COST,Consumer Staples,Discount Stores,BB,BB 跌破下軌 (超賣),Support,0.9,1.0,0.8393,,,0,0,0.067,924.67,986.62,1048.58,915.42,2026-07-01,3,False
WMT,Consumer Staples,Discount Stores,BB,BB 跌破下軌 (超賣),Support,0.9,1.0,0.8393,,,0,0,0.067,108.82,116.11,123.4,107.73,2026-07-01,3,False
AMH,Real Estate,REIT - Residential,BB,BB 跌破下軌 (超賣),Support,0.7,0.99,0.8393,,,0,0,0.067,0.0,0.0,0.0,0.0,2026-07-03,3,False
B,Materials,Gold,BB,BB 跌破下軌 (超賣),Support,0.7,0.99,0.8393,,,0,0,0.067,0.0,0.0,0.0,0.0,2026-07-03,3,False
DLR,Real Estate,REIT - Specialty,BB,BB 跌破下軌 (超賣),Support,0.7,0.99,0.8393,,,0,0,0.067,173.3,184.91,196.52,171.57,2026-07-02,3,False
A,Health Care,Diagnostics & Research,BB,BB 跌破下軌 (超賣),Support,0.9,1.0,0.8333,,0.8333,0,6,0.0303,0.0,0.0,0.0,0.0,2026-07-03,3,False
ALC,Health Care,Medical Instruments & Supplies,BB,BB 跌破下軌 (超賣),Support,0.9,1.0,0.8333,,0.8333,0,6,0.0303,0.0,0.0,0.0,0.0,2026-07-03,3,False
ALGN,Health Care,Medical Instruments & Supplies,BB,BB 跌破下軌 (超賣),Support,0.9,1.0,0.8333,,0.8333,0,6,0.0303,0.0,0.0,0.0,0.0,2026-07-03,3,False
ALNY,Health Care,Biotechnology,BB,BB 跌破下軌 (超賣),Support,0.9,1.0,0.8333,,0.8333,0,6,0.0303,0.0,0.0,0.0,0.0,2026-07-03,3,False
AMGN,Health Care,Drug Manufacturers - General,BB,BB 跌破下軌 (超賣),Support,0.8,1.0,0.8333,,0.8333,0,6,0.0303,0.0,0.0,0.0,0.0,2026-07-03,3,False
ARGX,Health Care,Biotechnology,BB,BB 跌破下軌 (超賣),Support,0.8,1.0,0.8333,,0.8333,0,6,0.0303,0.0,0.0,0.0,0.0,2026-07-03,3,False
ARWR,Health Care,Biotechnology,BB,BB 跌破下軌 (超賣),Support,0.9,1.0,0.8333,,0.8333,0,6,0.0303,0.0,0.0,0.0,0.0,2026-07-03,3,False
ASND,Health Care,Biotechnology,BB,BB 跌破下軌 (超賣),Support,0.9,1.0,0.8333,,0.8333,0,6,0.0303,0.0,0.0,0.0,0.0,2026-07-03,3,False
AXSM,Health Care,Biotechnology,BB,BB 跌破下軌 (超賣),Support,0.8,1.0,0.8333,,0.8333,0,6,0.0303,0.0,0.0,0.0,0.0,2026-07-03,3,False
AZN,Health Care,Drug Manufacturers - General,BB,BB 跌破下軌 (超賣),Support,0.9,1.0,0.8333,,0.8333,0,6,0.0303,0.0,0.0,0.0,0.0,2026-07-03,3,False
AAOI,Information Technology,Communication Equipment,BB,BB 跌破下軌 (超賣),Support,0.8,1.0,0.8,,0.8,0,5,0.0521,0.0,0.0,0.0,0.0,2026-07-03,3,False
ADI,Information Technology,Semiconductors,BB,BB 跌破下軌 (超賣),Support,0.9,1.0,0.8,,0.8,0,5,0.0521,0.0,0.0,0.0,0.0,2026-07-03,3,False
ADP,Information Technology,Software - Application,BB,BB 跌破下軌 (超賣),Support,0.9,1.0,0.8,,0.8,0,5,0.0521,0.0,0.0,0.0,0.0,2026-07-03,3,False
ADSK,Information Technology,Software - Application,BB,BB 跌破下軌 (超賣),Support,0.9,1.0,0.8,,0.8,0,5,0.0521,0.0,0.0,0.0,0.0,2026-07-03,3,False
AKAM,Information Technology,Software - Infrastructure,BB,BB 跌破下軌 (超賣),Support,0.8,1.0,0.8,,0.8,0,5,0.0521,0.0,0.0,0.0,0.0,2026-07-03,3,False
AMKR,Information Technology,Semiconductor Equipment & Materials,BB,BB 跌破下軌 (超賣),Support,0.8,1.0,0.8,,0.8,0,5,0.0521,0.0,0.0,0.0,0.0,2026-07-03,3,False
ANET,Information Technology,Computer Hardware,BB,BB 跌破下軌 (超賣),Support,0.8,1.0,0.8,,0.8,0,5,0.0521,0.0,0.0,0.0,0.0,2026-07-03,3,False
APH,Information Technology,Electronic Components,BB,BB 跌破下軌 (超賣),Support,0.8,1.0,0.8,,0.8,0,5,0.0521,0.0,0.0,0.0,0.0,2026-07-03,3,False
ARW,Information Technology,Electronics & Computer Distribution,BB,BB 跌破下軌 (超賣),Support,0.8,1.0,0.8,,0.8,0,5,0.0521,0.0,0.0,0.0,0.0,2026-07-03,3,False
ASML,Information Technology,Semiconductor Equipment & Materials,BB,BB 跌破下軌 (超賣),Support,0.8,1.0,0.8,,0.8,0,5,0.0521,0.0,0.0,0.0,0.0,2026-07-03,3,False
ASTS,Information Technology,Communication Equipment,BB,BB 跌破下軌 (超賣),Support,0.9,1.0,0.8,,0.8,0,5,0.0521,0.0,0.0,0.0,0.0,2026-07-03,3,False
ASX,Information Technology,Semiconductors,BB,BB 跌破下軌 (超賣),Support,0.8,1.0,0.8,,0.8,0,5,0.0521,0.0,0.0,0.0,0.0,2026-07-03,3,False
ALGM,Information Technology,Semiconductors,BB,BB 跌破下軌 (超賣),Support,0.7,0.99,0.8,,0.8,0,5,0.0521,0.0,0.0,0.0,0.0,2026-07-03,3,False
AMAT,Information Technology,Semiconductor Equipment & Materials,BB,BB 跌破下軌 (超賣),Support,0.7,0.99,0.8,,0.8,0,5,0.0521,0.0,0.0,0.0,0.0,2026-07-03,3,False
APLD,Information Technology,Information Technology Services,BB,BB 跌破下軌 (超賣),Support,0.7,0.99,0.8,,0.8,0,5,0.0521,0.0,0.0,0.0,0.0,2026-07-03,3,False
ARM,Information Technology,Semiconductors,BB,BB 跌破下軌 (超賣),Support,0.7,0.99,0.8,,0.8,0,5,0.0521,0.0,0.0,0.0,0.0,2026-07-03,3,False
CVX,Energy,Oil & Gas Integrated,RSI,RSI 維持超賣,Support,0.9,0.93,0.7805,,,0,0,0.0493,165.69,173.86,182.03,164.03,2026-07-01,3,False
TU,Communication Services,Telecom Services,RSI,RSI 維持超賣,Support,0.8,0.9,0.7805,,,0,0,0.0493,10.19,10.69,11.19,10.09,2026-07-02,3,False
STLD,Materials,Steel,KDJ,KDJ 超賣區金叉,Morning Star,0.8,1.0,0.75,,0.75,0,8,0.0222,227.07,232.11,237.15,224.8,2026-07-06,3,False
BA,Industrials,Aerospace & Defense,MACD,MACD 金叉 (空頭區),None,0.0,0.42,0.75,0.75,0.3303,8,875,0.0343,226.49,234.26,242.03,224.23,2026-07-02,3,False
DECK,Consumer Discretionary,Footwear & Accessories,RSI,RSI 上穿 50 中性線,None,0.0,0.4675,0.7,0.7,0.3072,10,1123,0.0376,105.67,109.64,113.62,104.61,2026-07-06,3,False
AMX,Communication Services,Telecom Services,BB,BB 跌破下軌 (超賣),Support,0.9,1.0,0.6667,,0.6667,0,6,0.0327,0.0,0.0,0.0,0.0,2026-07-03,3,False
APP,Communication Services,Advertising Agencies,BB,BB 跌破下軌 (超賣),Support,0.8,1.0,0.6667,,0.6667,0,6,0.0327,0.0,0.0,0.0,0.0,2026-07-03,3,False
HWM,Industrials,Aerospace & Defense,BB,BB 中軌向上（上升趨勢）,Morning Star,0.8,1.0,0.6667,0.6667,0.5233,6,407,0.0198,277.91,283.41,288.92,275.13,2026-07-06,3,False
BX,Financials,Asset Management,MACD,MACD 金叉 (多頭區),None,0.0,0.68,0.6667,0.6667,0.2747,6,517,0.0139,123.42,125.14,126.85,122.19,2026-07-06,3,False
WDAY,Information Technology,Software - Application,MACD,MACD 突破 0 軸,None,0.0,0.595,0.6667,0.6667,0.4064,6,529,0.0364,143.65,148.88,154.11,142.21,2026-07-07,3,False
KKR,Financials,Asset Management,MACD,MACD 金叉 (空頭區),None,0.0,0.42,0.6667,0.6667,0.3214,12,865,-0.0015,95.97,95.83,95.68,95.01,2026-07-06,3,False
GOOG,Communication Services,Internet Content & Information,RSI,RSI 上穿 50 中性線,None,0.0,0.4675,0.6429,0.6429,0.3243,14,518,0.0133,364.9,369.75,374.61,361.25,2026-07-06,3,False
TS,Energy,Oil & Gas Equipment & Services,RSI,RSI 超賣區域 (30),Bullish Engulfing,0.75,1.0,0.641,,,0,0,0.0374,53.8,55.81,57.82,53.26,2026-07-06,3,False
META,Communication Services,Internet Content & Information,MACD,MACD 金叉 (空頭區),None,0.0,0.42,0.6364,0.6364,0.3254,11,252,0.0265,612.91,629.15,645.39,606.78,2026-07-01,3,False
SNDK,Information Technology,Computer Hardware,BB,BB 中軌向上（上升趨勢）,None,0.0,0.51,0.6359,0.6359,0.3639,195,16781,0.0788,1617.7,1745.17,1872.65,1601.52,2026-07-07,3,False
GOOGL,Communication Services,Internet Content & Information,RSI,RSI 上穿 50 中性線,None,0.0,0.4675,0.625,0.625,0.3243,16,518,0.0093,366.46,369.87,373.28,362.8,2026-07-06,3,False
TXN,Information Technology,Semiconductors,KDJ,KDJ 金叉,None,0.0,0.5525,0.6154,0.6154,0.3918,13,1955,0.0201,303.5,309.6,315.7,300.46,2026-07-06,3,False
PBR,Energy,Oil & Gas Integrated,RSI,RSI 維持超賣,None,0.0,0.385,0.6122,,0.6122,0,98,0.0203,16.11,16.44,16.76,15.95,2026-07-02,3,False
TTE,Energy,Oil & Gas Integrated,RSI,RSI 維持超賣,None,0.0,0.385,0.6122,,0.6122,0,98,0.0203,76.31,77.86,79.41,75.55,2026-07-06,3,False
OKE,Energy,Oil & Gas Midstream,MACD,MACD 金叉 (多頭區),None,0.0,0.68,0.6,0.6,0.3125,5,144,0.0126,90.67,91.81,92.95,89.76,2026-07-07,3,False
PODD,Health Care,Medical Devices,MACD,MACD 突破 0 軸,None,0.0,0.595,0.6,0.6,0.3171,5,432,0.0545,164.48,173.44,182.41,162.84,2026-07-02,3,False
WYNN,Consumer Discretionary,Resorts & Casinos,KDJ,KDJ 超賣區金叉,None,0.0,0.5599999999999999,0.6,0.6,0.3775,5,302,0.025,95.89,98.29,100.68,94.93,2026-07-06,3,False
HLT,Consumer Discretionary,Lodging,RSI,RSI 上穿 50 中性線,None,0.0,0.4675,0.5833,0.5833,0.3072,24,1123,0.0141,338.12,342.89,347.65,334.74,2026-07-02,3,False
VRT,Industrials,Electrical Equipment & Parts,RSI,RSI 維持強勢 (50-70),None,0.0,0.51,0.5753,0.5753,0.2986,365,19157,0.0264,318.47,326.88,335.29,315.29,2026-07-06,3,False
FIX,Industrials,Engineering & Construction,BB,BB 跌破下軌 (超賣),None,0.0,0.45499999999999996,0.5714,0.5714,0.2838,7,1258,0.0313,1683.4399,1736.13,1788.82,1666.61,2026-07-07,3,False
ORCL,Information Technology,Software - Infrastructure,RSI,RSI 維持超賣,None,0.0,0.385,0.5714,0.5714,0.3605,7,663,0.0263,140.27,143.96,147.65,138.87,2026-07-02,3,False
CDW,Information Technology,Information Technology Services,KDJ,KDJ 金叉,None,0.0,0.5525,0.5625,0.5625,0.3918,16,1955,0.0168,139.23,141.57,143.91,137.84,2026-07-07,3,False
NEM,Materials,Gold,KDJ,KDJ 金叉,None,0.0,0.5525,0.5556,0.5556,0.314,36,637,0.0215,97.04,99.13,101.21,96.07,2026-07-02,3,False
INTC,Information Technology,Semiconductors,RSI,RSI 上穿 50 中性線,None,0.0,0.4675,0.5556,0.5556,0.3785,18,1593,0.0314,122.2,126.04,129.87,120.98,2026-07-06,3,False
COHR,Information Technology,Scientific & Technical Instruments,BB,BB 跌破下軌 (超賣),None,0.0,0.45499999999999996,0.5455,0.5455,0.3447,11,1001,0.0437,314.13,327.86,341.58,310.99,2026-07-07,3,False
EME,Industrials,Engineering & Construction,BB,BB 跌破下軌 (超賣),None,0.0,0.45499999999999996,0.5455,0.5455,0.2838,11,1258,0.0339,774.66,800.92,827.18,766.91,2026-07-02,3,False
PLTR,Information Technology,Software - Infrastructure,MACD,MACD 金叉 (空頭區),None,0.0,0.42,0.5455,0.5455,0.3767,11,754,0.0171,129.3,131.51,133.72,128.01,2026-07-02,3,False
WDC,Information Technology,Computer Hardware,BB,BB 中軌向上（上升趨勢）,None,0.0,0.51,0.5373,0.5373,0.3639,402,16781,0.0327,532.1,549.5,566.9,526.78,2026-07-07,3,False
CVNA,Consumer Discretionary,Auto & Truck Dealerships,RSI,RSI 加速上升,None,0.0,0.5525,0.5281,0.5281,0.3117,178,6796,0.0471,67.49,70.67,73.85,66.82,2026-07-07,3,False
TER,Information Technology,Semiconductor Equipment & Materials,BB,BB 中軌向上（上升趨勢）,None,0.0,0.51,0.5277,0.5277,0.3639,307,16781,0.0256,343.11,351.89,360.68,339.68,2026-07-07,3,False
GEV,Industrials,Specialty Industrial Machinery,BB,價格在 BB 中軌上方,None,0.0,0.425,0.5185,0.5185,0.295,297,22337,0.021,1077.08,1099.7,1122.32,1066.31,2026-07-07,3,False
HOOD,Financials,Capital Markets,BB,BB 中軌向上（上升趨勢）,None,0.0,0.51,0.5123,0.5123,0.2681,324,16575,0.0235,112.9,115.55,118.21,111.77,2026-07-07,3,False
DELL,Information Technology,Computer Hardware,RSI,RSI 動能加速（強勢區）,None,0.0,0.51,0.5079,0.5079,0.366,63,2885,0.0326,411.8,425.22,438.65,407.68,2026-07-06,3,False
DTM,Energy,Oil & Gas Midstream,RSI,RSI 上穿 50 中性線,Support,0.9,1.0,0.5,,,0,0,0.02,144.59,147.48,150.37,143.14,2026-07-02,3,False
GWW,Industrials,Industrial Distribution,BB,BB 中軌向上（上升趨勢）,Bullish Engulfing,0.75,1.0,0.5,0.5,0.4012,6,324,0.0111,1370.16,1385.37,1400.58,1356.46,2026-07-06,3,False
RNR,Financials,Insurance - Reinsurance,RSI,RSI 加速上升,Support,0.9,1.0,0.5,,0.5,0,6,0.002,326.29,326.94,327.6,323.03,2026-07-02,3,False
SPY,Financials,Asset Management,RSI,RSI 加速上升,Support,0.8,1.0,0.5,,0.5,0,6,0.002,744.78,746.27,747.76,737.33,2026-07-02,3,False
STT,Financials,Asset Management,BB,BB 中軌向上（上升趨勢）,Consolidation Breakout,0.73,1.0,0.5,0.5,0.2496,18,1951,0.0089,179.94,181.54,183.14,178.14,2026-07-07,3,False
WRB,Financials,Insurance - Property & Casualty,RSI,RSI 加速上升,Support,0.9,1.0,0.5,,0.5,0,6,0.002,72.08,72.22,72.37,71.36,2026-07-02,3,False
SLB,Energy,Oil & Gas Equipment & Services,RSI,RSI 維持超賣,Bullish Engulfing,0.75,0.885,0.5,,0.5,0,10,0.0272,45.72,46.96,48.21,45.26,2026-07-06,3,False
RMD,Health Care,Medical Instruments & Supplies,MACD,MACD 突破 0 軸,None,0.0,0.595,0.5,0.5,0.3171,8,432,0.0064,209.63,210.97,212.31,207.53,2026-07-02,3,False
BG,Consumer Staples,Farm Products,KDJ,KDJ 超賣區金叉,None,0.0,0.5599999999999999,0.5,0.5,0.2091,10,483,0.0073,106.46,107.24,108.01,105.4,2026-07-02,3,False
NUE,Materials,Steel,KDJ,KDJ 超賣區金叉,None,0.0,0.5599999999999999,0.5,0.5,0.3156,6,225,0.0336,223.92,231.44,238.97,221.68,2026-07-06,3,False
XEL,Utilities,Utilities - Regulated Electric,KDJ,KDJ 金叉,None,0.0,0.5525,0.5,0.5,0.3001,16,713,0.0122,81.96,82.96,83.96,81.14,2026-07-02,3,False
C,Financials,Banks - Diversified,RSI,RSI 動能加速（強勢區）,None,0.0,0.51,0.5,0.5,0.279,52,3129,0.0151,143.86,146.03,148.2,142.42,2026-07-06,3,False
COIN,Financials,Financial Data & Stock Exchanges,RSI,RSI 上穿 50 中性線,None,0.0,0.4675,0.5,0.5,0.3091,34,1899,0.0317,165.48,170.73,175.97,163.83,2026-07-02,3,False
PLD,Real Estate,REIT - Industrial,RSI,RSI 上穿 50 中性線,None,0.0,0.4675,0.5,0.5,0.2311,18,818,0.0177,143.61,146.15,148.69,142.17,2026-07-07,3,False
SATS,Communication Services,Telecom Services,BB,BB 跌破下軌 (超賣),None,0.0,0.45499999999999996,0.5,0.5,0.33,6,397,0.0276,0.0,0.0,0.0,0.0,2026-07-07,3,False
CTSH,Information Technology,Information Technology Services,MACD,MACD 金叉 (空頭區),None,0.0,0.42,0.5,0.5,0.3767,10,754,0.0101,43.94,44.38,44.83,43.5,2026-07-07,3,False
IT,Information Technology,Information Technology Services,MACD,MACD 金叉 (空頭區),None,0.0,0.42,0.5,0.5,0.3767,6,754,0.0128,135.11,136.84,138.57,133.76,2026-07-06,3,False
IBM,Information Technology,Information Technology Services,RSI,RSI 動能加速（強勢區）,None,0.0,0.51,0.4865,0.4865,0.366,37,2885,0.0224,299.52,306.23,312.94,296.52,2026-07-06,3,False
AMD,Information Technology,Semiconductors,RSI,RSI 維持強勢 (50-70),None,0.0,0.51,0.4798,0.4798,0.3645,198,16764,0.0209,552.05,563.59,575.13,546.53,2026-07-06,3,False
WFC,Financials,Banks - Diversified,KDJ,KDJ 金叉,None,0.0,0.5525,0.4783,0.4783,0.3142,23,1932,0.0141,85.94,87.15,88.36,85.08,2026-07-01,3,False
NCLH,Consumer Discretionary,Travel Services,BB,BB 中軌向上（上升趨勢）,None,0.0,0.51,0.476,0.476,0.2908,208,9757,0.0148,18.83,19.11,19.39,18.64,2026-07-07,3,False
PM,Consumer Staples,Tobacco,KDJ,KDJ 金叉,None,0.0,0.5525,0.4737,0.4737,0.2503,19,779,0.0131,182.27,184.66,187.05,180.45,2026-07-02,3,False
DOW,Materials,Chemicals,KDJ,KDJ 超賣區金叉,None,0.0,0.5599999999999999,0.4706,0.4706,0.3156,17,225,0.0007,27.71,27.73,27.75,27.43,2026-07-02,3,False
IBKR,Financials,Capital Markets,KDJ,KDJ 金叉,None,0.0,0.5525,0.4688,0.4688,0.3142,32,1932,0.0122,95.99,97.16,98.33,95.03,2026-07-06,3,False
TPR,Consumer Discretionary,Luxury Goods,KDJ,KDJ 金叉,None,0.0,0.5525,0.4688,0.4688,0.3183,32,1244,0.0163,146.3,148.68,151.07,144.84,2026-07-07,3,False
PPG,Materials,Specialty Chemicals,RSI,RSI 動能加速（強勢區）,None,0.0,0.51,0.4667,0.4667,0.2962,30,942,0.0109,125.33,126.7,128.06,124.08,2026-07-02,3,False
CRM,Information Technology,Software - Application,MACD,MACD 金叉 (空頭區),None,0.0,0.42,0.4667,0.4667,0.3767,15,754,0.011,163.23,165.03,166.82,161.6,2026-07-01,3,False
AAPL,Information Technology,Consumer Electronics,RSI,RSI 上穿 50 中性線,None,0.0,0.4675,0.4615,0.4615,0.3785,26,1593,0.0084,294.38,296.85,299.33,291.44,2026-07-01,3,False
CI,Health Care,Healthcare Plans,RSI,RSI 上穿 50 中性線,None,0.0,0.4675,0.4615,0.4615,0.3144,13,1323,0.017,286.62,291.49,296.37,283.75,2026-07-07,3,False
DKS,Consumer Discretionary,Specialty Retail,BB,BB 中軌向上（上升趨勢）,Morning Star,0.8,1.0,0.4599,,0.4599,0,237,0.0144,236.18,239.58,242.98,233.82,2026-07-02,3,False
H,Consumer Discretionary,Lodging,BB,BB 中軌向上（上升趨勢）,Morning Star,0.8,1.0,0.4599,,0.4599,0,237,0.0144,193.48,196.27,199.05,191.55,2026-07-06,3,False
PAG,Consumer Discretionary,Auto & Truck Dealerships,BB,BB 中軌向上（上升趨勢）,Morning Star,0.8,1.0,0.4599,,0.4599,0,237,0.0144,179.42,182.0,184.59,177.63,2026-07-02,3,False
BAX,Health Care,Medical Instruments & Supplies,RSI,RSI 動能加速（強勢區）,None,0.0,0.51,0.4583,0.4583,0.2606,24,1869,0.0049,22.65,22.76,22.87,22.42,2026-07-02,3,False
GS,Financials,Capital Markets,RSI,RSI 上穿 50 中性線,None,0.0,0.4675,0.4583,0.4583,0.3091,24,1899,0.008,1055.29,1063.73,1072.17,1044.74,2026-07-06,3,False
CME,Financials,Financial Data & Stock Exchanges,KDJ,KDJ 超賣區金叉,Morning Star,0.8,1.0,0.4565,,0.4565,0,46,0.0117,231.0,233.7,236.41,228.69,2026-07-01,3,False
ZBRA,Information Technology,Communication Equipment,RSI,RSI 加速上升,None,0.0,0.5525,0.4559,0.4559,0.3693,136,10688,0.0065,270.29,272.05,273.8,267.59,2026-07-06,3,False
BK,Financials,Banks - Diversified,RSI,RSI 維持超賣,None,0.0,0.385,0.4547,,0.4547,0,508,0.0093,0.0,0.0,0.0,0.0,2026-07-07,3,False
DPZ,Consumer Discretionary,Restaurants,RSI,RSI 上穿 50 中性線,None,0.0,0.4675,0.4545,0.4545,0.3072,11,1123,0.0179,313.14,318.75,324.35,310.01,2026-07-07,3,False
EL,Consumer Staples,Household & Personal Products,RSI,RSI 上穿 50 中性線,None,0.0,0.4675,0.4545,0.4545,0.2565,22,928,-0.0057,83.71,83.23,82.76,82.87,2026-07-02,3,False
BLK,Financials,Asset Management,MACD,MACD 金叉 (空頭區),None,0.0,0.42,0.4545,0.4545,0.3214,11,865,0.0131,1009.43,1022.65,1035.88,999.34,2026-07-07,3,False
IVZ,Financials,Asset Management,RSI,RSI 上穿 50 中性線,None,0.0,0.4675,0.45,0.45,0.3091,20,1899,0.0058,27.83,27.99,28.15,27.55,2026-07-06,3,False
DDOG,Information Technology,Software - Application,RSI,RSI 加速上升,None,0.0,0.5525,0.4467,0.4467,0.3693,150,10688,0.0121,260.36,263.51,266.66,257.76,2026-07-02,3,False
MU,Information Technology,Semiconductors,BB,BB 中軌向上（上升趨勢）,None,0.0,0.51,0.4448,0.4448,0.3639,326,16781,0.0259,984.75,1010.26,1035.76,974.9,2026-07-06,3,False
NTRS,Financials,Asset Management,BB,BB 中軌向上（上升趨勢）,Consolidation Breakout,0.75,1.0,0.4444,0.4444,0.2496,18,1951,0.0211,181.39,185.22,189.04,179.58,2026-07-07,3,False
PYPL,Financials,Credit Services,MACD,MACD 突破 0 軸,None,0.0,0.595,0.4444,0.4444,0.3301,9,618,0.0103,45.47,45.94,46.41,45.02,2026-07-02,3,False
CCI,Real Estate,REIT - Specialty,KDJ,KDJ 金叉,None,0.0,0.5525,0.4444,0.4444,0.2818,9,550,-0.0032,77.22,76.97,76.73,76.45,2026-07-07,3,False
NOC,Industrials,Aerospace & Defense,MACD,MACD 金叉 (空頭區),None,0.0,0.42,0.4444,0.4444,0.3303,9,875,0.0149,549.01,557.19,565.37,543.52,2026-07-02,3,False
SYF,Financials,Credit Services,RSI,RSI 維持強勢 (50-70),None,0.0,0.51,0.4416,0.4416,0.2842,274,19108,0.0133,75.52,76.52,77.53,74.76,2026-07-07,3,False
GGG,Industrials,Specialty Industrial Machinery,BB,價格在 BB 中軌上方,Morning Star,0.8,0.924,0.4387,,0.4387,0,424,0.015,75.67,76.81,77.94,74.91,2026-07-06,3,False
ET,Energy,Oil & Gas Midstream,RSI,RSI 維持強勢 (50-70),Bullish Engulfing,0.75,1.0,0.4386,,0.4386,0,57,0.014,19.33,19.6,19.87,19.14,2026-07-02,3,False
PFE,Health Care,Drug Manufacturers - General,KDJ,KDJ 金叉,None,0.0,0.5525,0.4375,0.4375,0.2852,16,1536,0.0049,24.07,24.19,24.31,23.83,2026-07-07,3,False
VST,Utilities,Utilities - Independent Power Producers,BB,價格在 BB 中軌上方,None,0.0,0.425,0.4375,0.4375,0.246,368,9864,0.0131,157.22,159.28,161.34,155.65,2026-07-06,3,False
BLDR,Industrials,Building Products & Equipment,RSI,RSI 維持強勢 (50-70),None,0.0,0.51,0.4355,0.4355,0.2986,186,19157,0.003,82.33,82.58,82.82,81.51,2026-07-06,3,False
HII,Industrials,Aerospace & Defense,KDJ,KDJ 金叉,None,0.0,0.5525,0.4333,0.4333,0.3223,30,2110,0.0126,291.5,295.17,298.85,288.58,2026-07-02,3,False
LRCX,Information Technology,Semiconductor Equipment & Materials,BB,BB 中軌向上（上升趨勢）,None,0.0,0.51,0.4308,0.4308,0.3639,318,16781,0.0173,326.13,331.77,337.41,322.87,2026-07-07,3,False
KMI,Energy,Oil & Gas Midstream,MACD,MACD 金叉 (多頭區),None,0.0,0.68,0.4286,0.4286,0.3125,7,144,0.0238,32.49,33.26,34.04,32.17,2026-07-07,3,False
UHS,Health Care,Medical Care Facilities,MACD,MACD 突破 0 軸,None,0.0,0.595,0.4286,0.4286,0.3171,7,432,-0.0126,161.26,159.23,157.2,159.65,2026-07-07,3,False
OXY,Energy,Oil & Gas E&P,KDJ,KDJ 超賣區金叉,None,0.0,0.5599999999999999,0.4286,0.4286,0.3319,7,232,0.0107,48.91,49.43,49.96,48.42,2026-07-02,3,False
BAC,Financials,Banks - Diversified,KDJ,KDJ 金叉,None,0.0,0.5525,0.4286,0.4286,0.3142,21,1932,0.0139,58.73,59.55,60.36,58.14,2026-07-02,3,False
FICO,Information Technology,Software - Application,RSI,RSI 加速上升,None,0.0,0.5525,0.4286,0.4286,0.3693,154,10688,0.0027,1300.27,1303.78,1307.29,1287.27,2026-07-07,3,False
SO,Utilities,Utilities - Regulated Electric,KDJ,KDJ 金叉,None,0.0,0.5525,0.4286,0.4286,0.3001,21,713,0.013,97.98,99.25,100.53,97.0,2026-07-02,3,False
CF,Materials,Agricultural Inputs,RSI,RSI 動能加速（強勢區）,None,0.0,0.51,0.4286,0.4286,0.2962,28,942,0.0051,113.2,113.78,114.35,112.07,2026-07-06,3,False
PTC,Information Technology,Software - Application,RSI,RSI 上穿 50 中性線,None,0.0,0.4675,0.4286,0.4286,0.3785,21,1593,0.0043,124.55,125.09,125.62,123.3,2026-07-02,3,False
JBL,Information Technology,Electronic Components,BB,BB 跌破下軌 (超賣),None,0.0,0.45499999999999996,0.4286,0.4286,0.3447,7,1001,0.0148,321.08,325.83,330.58,317.87,2026-07-07,3,False
FOX,Communication Services,Entertainment,MACD,MACD 金叉 (空頭區),None,0.0,0.42,0.4286,0.4286,0.3254,7,252,0.023,50.56,51.72,52.89,50.05,2026-07-02,3,False
LHX,Industrials,Aerospace & Defense,MACD,MACD 金叉 (空頭區),None,0.0,0.42,0.4286,0.4286,0.3303,7,875,0.0225,302.07,308.87,315.66,299.05,2026-07-02,3,False
NFLX,Communication Services,Entertainment,MACD,MACD 金叉 (空頭區),None,0.0,0.42,0.4286,0.4286,0.3254,14,252,0.0171,77.65,78.98,80.31,76.87,2026-07-02,3,False
TECH,Health Care,Biotechnology,BB,BB 中軌向上（上升趨勢）,None,0.0,0.51,0.4267,0.4267,0.2705,150,10885,0.0009,70.61,70.67,70.74,69.9,2026-07-07,3,False
CAT,Industrials,Farm & Heavy Construction Machinery,RSI,RSI 維持強勢 (50-70),None,0.0,0.51,0.4213,0.4213,0.2986,254,19157,0.0169,969.92,986.31,1002.7,960.22,2026-07-06,3,False
WSM,Consumer Discretionary,Specialty Retail,BB,價格在 BB 中軌上方,None,0.0,0.425,0.4211,0.4211,0.2984,304,12430,0.0111,227.53,230.06,232.58,225.25,2026-07-02,3,False
SOLS,Materials,Specialty Chemicals,BB,BB 跌破下軌 (超賣),None,0.0,0.45499999999999996,0.4202,,0.4202,0,119,0.0066,68.05,68.5,68.95,67.37,2026-07-06,3,True
AMZN,Consumer Discretionary,Internet Retail,MACD,MACD 金叉 (空頭區),None,0.0,0.42,0.4167,0.4167,0.3233,12,529,0.0049,241.7,242.88,244.07,239.28,2026-07-01,3,False
NOW,Information Technology,Software - Application,MACD,MACD 金叉 (空頭區),None,0.0,0.42,0.4167,0.4167,0.3767,12,754,-0.003,106.32,106.0,105.68,105.26,2026-07-02,3,False
LYV,Communication Services,Entertainment,BB,價格在 BB 中軌上方,None,0.0,0.425,0.415,0.415,0.3007,200,6080,0.0035,183.92,184.56,185.21,182.08,2026-07-07,3,False
UNP,Industrials,Railroads,RSI,RSI 動能加速（強勢區）,None,0.0,0.51,0.4138,0.4138,0.2891,29,3037,0.0152,282.25,286.54,290.83,279.43,2026-07-02,3,False
CSGP,Real Estate,Real Estate Services,RSI,RSI 加速上升,Morning Star,0.8,1.0,0.413,,0.413,0,46,0.0089,30.0,30.27,30.53,29.7,2026-07-02,3,False
MS,Financials,Capital Markets,RSI,RSI 動能加速（強勢區）,None,0.0,0.51,0.413,0.413,0.279,46,3129,0.0129,222.1,224.97,227.83,219.88,2026-07-06,3,False
RCL,Consumer Discretionary,Travel Services,BB,BB 中軌向上（上升趨勢）,None,0.0,0.51,0.411,0.411,0.2908,309,9757,0.0116,282.26,285.53,288.81,279.44,2026-07-07,3,False
LLY,Health Care,Drug Manufacturers - General,RSI,RSI 加速上升,None,0.0,0.5525,0.4109,0.4109,0.2803,129,8492,0.0107,1213.91,1226.9,1239.89,1201.77,2026-07-02,3,False
MGM,Consumer Discretionary,Resorts & Casinos,RSI,RSI 維持強勢 (50-70),None,0.0,0.51,0.4106,0.4106,0.2995,151,10441,0.0156,46.64,47.37,48.1,46.17,2026-07-07,3,False
BEP,Utilities,Utilities - Renewable,BB,BB 跌破下軌 (超賣),None,0.0,0.45499999999999996,0.4104,,0.4104,0,441,0.0122,32.93,33.33,33.73,32.6,2026-07-07,3,False
BEPC,Utilities,Utilities - Renewable,BB,BB 跌破下軌 (超賣),None,0.0,0.45499999999999996,0.4104,,0.4104,0,441,0.0122,35.41,35.84,36.27,35.06,2026-07-07,3,False
ARES,Financials,Asset Management,RSI,RSI 上穿 50 中性線,None,0.0,0.4675,0.4091,0.4091,0.3091,22,1899,0.0201,121.83,124.28,126.73,120.61,2026-07-06,3,False
VTRS,Health Care,Drug Manufacturers - Specialty & Generic,RSI,RSI 上穿 50 中性線,None,0.0,0.4675,0.4091,0.4091,0.3144,22,1323,0.0021,16.18,16.21,16.25,16.02,2026-07-01,3,False
AXP,Financials,Credit Services,KDJ,KDJ 金叉,None,0.0,0.5525,0.4074,0.4074,0.3142,27,1932,0.0071,351.96,354.46,356.96,348.44,2026-07-02,3,False
GDDY,Information Technology,Software - Infrastructure,RSI,RSI 動能加速（強勢區）,None,0.0,0.51,0.4074,0.4074,0.366,27,2885,0.0074,89.32,89.98,90.64,88.43,2026-07-07,3,False
CPAY,Information Technology,Software - Infrastructure,MACD,MACD 突破 0 軸,None,0.0,0.595,0.4064,,0.4064,0,529,0.0085,356.55,359.58,362.61,352.98,2026-07-06,3,False
GRMN,Information Technology,Scientific & Technical Instruments,MACD,MACD 突破 0 軸,None,0.0,0.595,0.4064,,0.4064,0,529,0.0085,245.22,247.3,249.39,242.77,2026-07-06,3,False
JKHY,Information Technology,Information Technology Services,MACD,MACD 突破 0 軸,None,0.0,0.595,0.4064,,0.4064,0,529,0.0085,146.87,148.12,149.37,145.4,2026-07-02,3,False
P,Information Technology,Computer Hardware,MACD,MACD 突破 0 軸,None,0.0,0.595,0.4064,,0.4064,0,529,0.0085,78.25,78.92,79.58,77.47,2026-07-07,3,False
STRF,Information Technology,Software - Application,MACD,MACD 突破 0 軸,None,0.0,0.595,0.4064,,0.4064,0,529,0.0085,96.76,97.58,98.4,95.79,2026-07-07,3,False
WSE,Information Technology,Information Technology Services,MACD,MACD 突破 0 軸,None,0.0,0.595,0.4064,,0.4064,0,529,0.0085,13.14,13.25,13.36,13.01,2026-07-06,3,False
ZS,Information Technology,Software - Infrastructure,MACD,MACD 突破 0 軸,None,0.0,0.595,0.4064,,0.4064,0,529,0.0085,150.42,151.7,152.98,148.92,2026-07-06,3,False
RL,Consumer Discretionary,Apparel Manufacturing,RSI,RSI 維持強勢 (50-70),None,0.0,0.51,0.4064,0.4064,0.2995,283,10441,0.0107,395.31,399.54,403.77,391.36,2026-07-07,3,False
EQT,Energy,Oil & Gas E&P,RSI,RSI 加速上升,None,0.0,0.5525,0.4048,0.4048,0.3227,126,3306,0.0092,52.61,53.09,53.58,52.08,2026-07-02,3,False
KEY,Financials,Banks - Regional,RSI,RSI 動能加速（強勢區）,None,0.0,0.51,0.4048,0.4048,0.279,42,3129,0.0111,23.43,23.69,23.95,23.2,2026-07-06,3,False
RIVN,Consumer Discretionary,Auto Manufacturers,BB,價格在 BB 中軌上方,None,0.0,0.425,0.4026,,0.4026,0,529,0.0119,18.63,18.85,19.07,18.44,2026-07-02,3,True
SE,Consumer Discretionary,Internet Retail,BB,價格在 BB 中軌上方,None,0.0,0.425,0.4026,,0.4026,0,529,0.0119,103.3,104.53,105.76,102.27,2026-07-02,3,True
MAR,Consumer Discretionary,Lodging,RSI,RSI 加速上升,None,0.0,0.5525,0.4012,0.4012,0.3117,162,6796,0.0079,380.75,383.76,386.77,376.94,2026-07-07,3,False
FDS,Financials,Financial Data & Stock Exchanges,MACD,MACD 突破 0 軸,None,0.0,0.595,0.4,0.4,0.3301,5,618,0.0441,250.09,261.12,272.15,247.59,2026-07-02,3,False
GM,Consumer Discretionary,Auto Manufacturers,KDJ,KDJ 超賣區金叉,None,0.0,0.5599999999999999,0.4,0.4,0.3775,5,302,0.0054,76.0,76.41,76.82,75.24,2026-07-02,3,False
CVS,Health Care,Healthcare Plans,RSI,RSI 動能加速（強勢區）,None,0.0,0.51,0.4,0.4,0.2606,30,1869,0.0049,104.33,104.84,105.35,103.29,2026-07-07,3,False
HSY,Consumer Staples,Confectioners,RSI,RSI 上穿 50 中性線,None,0.0,0.4675,0.4,0.4,0.2565,20,928,0.0045,182.14,182.96,183.78,180.32,2026-07-02,3,False
HUM,Health Care,Healthcare Plans,BB,價格在 BB 中軌上方,None,0.0,0.425,0.4,0.4,0.2804,275,14417,0.0092,394.62,398.25,401.88,390.67,2026-07-07,3,False
GLW,Information Technology,Electronic Components,BB,BB 中軌向上（上升趨勢）,None,0.0,0.51,0.3994,0.3994,0.3639,328,16781,0.0159,185.38,188.33,191.28,183.53,2026-07-07,3,False
PANW,Information Technology,Software - Infrastructure,RSI,RSI 加速上升,None,0.0,0.5525,0.3988,0.3988,0.3693,168,10688,0.0075,357.53,360.21,362.89,353.95,2026-07-06,3,False
GPC,Consumer Discretionary,Auto Parts,RSI,RSI 加速上升,None,0.0,0.5525,0.3983,,0.3983,0,359,0.0124,132.57,134.21,135.86,131.24,2026-07-02,3,True
TTD,Communication Services,Advertising Agencies,RSI,RSI 加速上升,None,0.0,0.5525,0.3947,0.3947,0.3116,190,3322,-0.0015,19.31,19.28,19.25,19.12,2026-07-06,3,False
GILD,Health Care,Drug Manufacturers - General,RSI,RSI 上穿 50 中性線,None,0.0,0.4675,0.3939,0.3939,0.3144,33,1323,0.0037,131.27,131.76,132.24,129.96,2026-07-02,3,False
SOLV,Health Care,Medical Instruments & Supplies,RSI,RSI 維持強勢 (50-70),None,0.0,0.51,0.3937,0.3937,0.2772,127,12123,0.0149,77.94,79.1,80.26,77.16,2026-07-06,3,False
BP,Energy,Oil & Gas Integrated,RSI,RSI 加速上升,Morning Star,0.8,1.0,0.3929,,0.3929,0,28,0.0086,37.4,37.72,38.04,37.03,2026-07-02,3,False
SU,Energy,Oil & Gas Integrated,RSI,RSI 加速上升,Morning Star,0.8,1.0,0.3929,,0.3929,0,28,0.0086,55.05,55.52,56.0,54.5,2026-07-02,3,False
DXCM,Health Care,Medical Devices,BB,價格在 BB 中軌上方,None,0.0,0.425,0.3924,0.3924,0.2804,237,14417,0.0073,73.57,74.11,74.64,72.83,2026-07-07,3,False
ALAB,Information Technology,Semiconductors,KDJ,KDJ 金叉,None,0.0,0.5525,0.3918,,0.3918,0,1955,0.0107,382.89,386.99,391.08,379.06,2026-07-07,3,False
CRDO,Information Technology,Semiconductors,KDJ,KDJ 金叉,None,0.0,0.5525,0.3918,,0.3918,0,1955,0.0107,265.55,268.39,271.23,262.89,2026-07-06,3,False
DOCN,Information Technology,Software - Infrastructure,KDJ,KDJ 金叉,None,0.0,0.5525,0.3918,,0.3918,0,1955,0.0107,137.04,138.51,139.97,135.67,2026-07-07,3,False
NXT,Information Technology,Solar,KDJ,KDJ 金叉,None,0.0,0.5525,0.3918,,0.3918,0,1955,0.0107,115.03,116.26,117.49,113.88,2026-07-06,3,False
UI,Information Technology,Communication Equipment,KDJ,KDJ 金叉,None,0.0,0.5525,0.3918,,0.3918,0,1955,0.0107,537.42,543.17,548.92,532.05,2026-07-06,3,False
XYZ,Information Technology,Software - Infrastructure,KDJ,KDJ 金叉,None,0.0,0.5525,0.3918,,0.3918,0,1955,0.0107,78.92,79.76,80.61,78.13,2026-07-06,3,False
WELL,Real Estate,REIT - Healthcare Facilities,RSI,RSI 加速上升,None,0.0,0.5525,0.3913,0.3913,0.2327,161,4401,0.0059,236.06,237.45,238.85,233.7,2026-07-02,3,False
MRNA,Health Care,Biotechnology,RSI,RSI 加速上升,None,0.0,0.5525,0.3911,0.3911,0.2803,179,8492,-0.0013,81.8,81.69,81.59,80.98,2026-07-06,3,False
DAL,Industrials,Airlines,BB,價格在 BB 中軌上方,None,0.0,0.425,0.3909,0.3909,0.295,330,22337,0.0116,88.63,89.66,90.69,87.74,2026-07-07,3,False
NRG,Utilities,Utilities - Independent Power Producers,RSI,RSI 維持強勢 (50-70),None,0.0,0.51,0.3904,0.3904,0.2471,228,8831,0.0093,141.01,142.32,143.63,139.6,2026-07-06,3,False
ZBH,Health Care,Medical Devices,RSI,RSI 上穿 50 中性線,None,0.0,0.4675,0.3889,0.3889,0.3144,18,1323,0.003,89.76,90.03,90.3,88.86,2026-07-06,3,False
ESI,Materials,Specialty Chemicals,BB,BB 中軌向上（上升趨勢）,None,0.0,0.51,0.3886,,0.3886,0,229,0.0091,42.32,42.71,43.09,41.9,2026-07-06,3,True
CP,Industrials,Railroads,RSI,RSI 維持強勢 (50-70),Bullish Engulfing,0.75,1.0,0.3881,,0.3881,0,335,0.009,87.79,88.58,89.37,86.91,2026-07-02,3,False
DVN,Energy,Oil & Gas E&P,RSI,RSI 加速上升,None,0.0,0.5525,0.3864,0.3864,0.3227,132,3306,0.005,42.41,42.62,42.83,41.99,2026-07-07,3,False
CNC,Health Care,Healthcare Plans,RSI,RSI 維持強勢 (50-70),None,0.0,0.51,0.386,0.386,0.2772,215,12123,0.007,66.12,66.58,67.05,65.46,2026-07-07,3,False
UAL,Industrials,Airlines,BB,價格在 BB 中軌上方,None,0.0,0.425,0.3856,0.3856,0.295,306,22337,0.0068,128.31,129.18,130.06,127.03,2026-07-07,3,False
UNH,Health Care,Healthcare Plans,KDJ,KDJ 金叉,None,0.0,0.5525,0.3846,0.3846,0.2852,26,1536,0.0124,426.54,431.83,437.12,422.27,2026-07-01,3,False
CPRT,Industrials,Specialty Business Services,MACD,MACD 金叉 (空頭區),None,0.0,0.42,0.3846,0.3846,0.3303,13,875,0.0044,29.24,29.37,29.5,28.95,2026-07-06,3,False
XOM,Energy,Oil & Gas Integrated,MACD,MACD 金叉 (空頭區),None,0.0,0.42,0.3846,0.3846,0.3557,13,253,0.0085,141.69,142.89,144.1,140.27,2026-07-07,3,False
AVGO,Information Technology,Semiconductors,KDJ,KDJ 金叉,None,0.0,0.5525,0.3824,0.3824,0.3918,34,1955,0.0069,373.9,376.48,379.06,370.16,2026-07-06,3,False
TT,Industrials,Building Products & Equipment,RSI,RSI 動能加速（強勢區）,None,0.0,0.51,0.3824,0.3824,0.2891,34,3037,0.0069,487.24,490.6,493.96,482.37,2026-07-06,3,False
CDE,Materials,Gold,MACD,MACD 金叉 (空頭區),None,0.0,0.42,0.3816,,0.3816,0,304,0.0078,17.3,17.43,17.57,17.13,2026-07-02,3,False
FNV,Materials,Gold,MACD,MACD 金叉 (空頭區),None,0.0,0.42,0.3816,,0.3816,0,304,0.0078,217.58,219.28,220.97,215.4,2026-07-02,3,False
GFI,Materials,Gold,MACD,MACD 金叉 (空頭區),None,0.0,0.42,0.3816,,0.3816,0,304,0.0078,35.46,35.74,36.01,35.11,2026-07-02,3,False
KGC,Materials,Gold,MACD,MACD 金叉 (空頭區),None,0.0,0.42,0.3816,,0.3816,0,304,0.0078,24.72,24.91,25.11,24.47,2026-07-06,3,False
PAAS,Materials,Gold,MACD,MACD 金叉 (空頭區),None,0.0,0.42,0.3816,,0.3816,0,304,0.0078,45.02,45.37,45.72,44.57,2026-07-06,3,False
RGLD,Materials,Gold,MACD,MACD 金叉 (空頭區),None,0.0,0.42,0.3816,,0.3816,0,304,0.0078,204.13,205.72,207.31,202.09,2026-07-02,3,False
WPM,Materials,Gold,MACD,MACD 金叉 (空頭區),None,0.0,0.42,0.3816,,0.3816,0,304,0.0078,115.24,116.14,117.04,114.09,2026-07-06,3,False
CFG,Financials,Banks - Regional,RSI,RSI 維持強勢 (50-70),None,0.0,0.51,0.381,0.381,0.2842,273,19108,0.0109,71.78,72.56,73.34,71.06,2026-07-07,3,False
NEE,Utilities,Utilities - Regulated Electric,RSI,RSI 上穿 50 中性線,None,0.0,0.4675,0.381,0.381,0.2521,21,932,0.0091,88.47,89.28,90.08,87.59,2026-07-07,3,False
TEL,Information Technology,Electronic Components,KDJ,KDJ 金叉,None,0.0,0.5525,0.3793,0.3793,0.3918,29,1955,0.0112,200.15,202.39,204.63,198.15,2026-07-06,3,False
NKE,Consumer Discretionary,Footwear & Accessories,RSI,RSI 上穿 50 中性線,None,0.0,0.4675,0.3793,0.3793,0.3072,29,1123,0.0129,44.09,44.66,45.23,43.65,2026-07-02,3,False
URI,Industrials,Rental & Leasing Services,RSI,RSI 維持強勢 (50-70),None,0.0,0.51,0.3792,0.3792,0.2986,240,19157,0.0121,1099.6801,1112.99,1126.29,1088.68,2026-07-06,3,False
BR,Information Technology,Information Technology Services,RSI,RSI 上穿 50 中性線,None,0.0,0.4675,0.3785,,0.3785,0,1593,0.0087,143.95,145.2,146.45,142.51,2026-07-02,3,False
CACI,Information Technology,Information Technology Services,RSI,RSI 上穿 50 中性線,None,0.0,0.4675,0.3785,,0.3785,0,1593,0.0087,502.83,507.2,511.58,497.8,2026-07-02,3,False
EPAM,Information Technology,Information Technology Services,RSI,RSI 上穿 50 中性線,None,0.0,0.4675,0.3785,,0.3785,0,1593,0.0087,89.55,90.33,91.11,88.65,2026-07-07,3,False
MKSI,Information Technology,Scientific & Technical Instruments,RSI,RSI 上穿 50 中性線,None,0.0,0.4675,0.3785,,0.3785,0,1593,0.0087,368.06,371.26,374.46,364.38,2026-07-06,3,False
SONY,Information Technology,Consumer Electronics,RSI,RSI 上穿 50 中性線,None,0.0,0.4675,0.3785,,0.3785,0,1593,0.0087,20.79,20.97,21.15,20.58,2026-07-02,3,False
STM,Information Technology,Semiconductors,RSI,RSI 上穿 50 中性線,None,0.0,0.4675,0.3785,,0.3785,0,1593,0.0087,71.39,72.01,72.63,70.68,2026-07-06,3,False
TEAM,Information Technology,Software - Application,RSI,RSI 上穿 50 中性線,None,0.0,0.4675,0.3785,,0.3785,0,1593,0.0087,85.5,86.24,86.99,84.64,2026-07-06,3,False
UBER,Information Technology,Software - Application,RSI,RSI 上穿 50 中性線,None,0.0,0.4675,0.3785,,0.3785,0,1593,0.0087,74.33,74.98,75.62,73.59,2026-07-07,3,False
HCA,Health Care,Medical Care Facilities,RSI,RSI 動能加速（強勢區）,None,0.0,0.51,0.3784,0.3784,0.2606,37,1869,0.0102,417.07,421.32,425.58,412.9,2026-07-06,3,False
GE,Industrials,Aerospace & Defense,BB,價格在 BB 中軌上方,None,0.0,0.425,0.378,0.378,0.295,373,22337,0.0075,378.68,381.52,384.36,374.89,2026-07-06,3,False
BWA,Consumer Discretionary,Auto Parts,KDJ,KDJ 超賣區金叉,None,0.0,0.5599999999999999,0.3775,,0.3775,0,302,0.0037,65.91,66.15,66.4,65.25,2026-07-06,3,False
TJX,Consumer Discretionary,Apparel Retail,KDJ,KDJ 超賣區金叉,None,0.0,0.5599999999999999,0.3775,,0.3775,0,302,0.0037,154.11,154.68,155.25,152.57,2026-07-07,3,False
DE,Industrials,Farm & Heavy Construction Machinery,BB,BB 中軌向上（上升趨勢）,Cup & Handle,0.81,1.0,0.3768,0.3768,0.3066,69,4765,0.0076,621.27,625.99,630.71,615.06,2026-07-02,3,False
INFY,Information Technology,Information Technology Services,MACD,MACD 金叉 (空頭區),None,0.0,0.42,0.3767,,0.3767,0,754,0.0102,10.88,10.99,11.1,10.77,2026-07-06,3,False
LDOS,Information Technology,Information Technology Services,MACD,MACD 金叉 (空頭區),None,0.0,0.42,0.3767,,0.3767,0,754,0.0102,108.84,109.95,111.06,107.75,2026-07-02,3,False
MSTR,Information Technology,Software - Application,MACD,MACD 金叉 (空頭區),None,0.0,0.42,0.3767,,0.3767,0,754,0.0102,100.77,101.8,102.83,99.76,2026-07-06,3,False
SAP,Information Technology,Software - Application,MACD,MACD 金叉 (空頭區),None,0.0,0.42,0.3767,,0.3767,0,754,0.0102,162.59,164.25,165.91,160.96,2026-07-02,3,False
STRC,Information Technology,Software - Application,MACD,MACD 金叉 (空頭區),None,0.0,0.42,0.3767,,0.3767,0,754,0.0102,87.87,88.77,89.66,86.99,2026-07-02,3,False
STRD,Information Technology,Software - Application,MACD,MACD 金叉 (空頭區),None,0.0,0.42,0.3767,,0.3767,0,754,0.0102,62.47,63.11,63.74,61.85,2026-07-06,3,False
STRK,Information Technology,Software - Application,MACD,MACD 金叉 (空頭區),None,0.0,0.42,0.3767,,0.3767,0,754,0.0102,61.46,62.09,62.71,60.85,2026-07-02,3,False
FANG,Energy,Oil & Gas E&P,KDJ,KDJ 超賣區金叉,None,0.0,0.5599999999999999,0.375,0.375,0.3319,8,232,-0.0044,173.73,172.97,172.2,171.99,2026-07-06,3,False
CBOE,Financials,Financial Data & Stock Exchanges,MACD,MACD 金叉 (空頭區),None,0.0,0.42,0.375,0.375,0.3214,8,865,-0.0015,245.08,244.71,244.34,242.63,2026-07-06,3,False
JBHT,Industrials,Integrated Freight & Logistics,RSI,RSI 維持強勢 (50-70),None,0.0,0.51,0.3744,0.3744,0.2986,203,19157,0.005,277.74,279.13,280.52,274.96,2026-07-06,3,False
SSNC,Information Technology,Software - Application,KDJ,KDJ 金叉,Morning Star,0.8,1.0,0.374,,0.374,0,123,0.0122,63.91,64.69,65.47,63.27,2026-07-01,3,False
DLTR,Consumer Staples,Discount Stores,RSI,RSI 維持強勢 (50-70),None,0.0,0.51,0.3736,0.3736,0.2452,182,7574,-0.0013,122.65,122.49,122.33,121.42,2026-07-07,3,False
MT,Materials,Steel,KDJ,KDJ 金叉,Morning Star,0.8,1.0,0.3714,,0.3714,0,35,0.0107,63.4,64.08,64.76,62.77,2026-07-02,3,False
CCL,Consumer Discretionary,Travel Services,BB,BB 中軌向上（上升趨勢）,None,0.0,0.51,0.3713,0.3713,0.2908,202,9757,0.0107,27.51,27.8,28.1,27.23,2026-07-06,3,False
BEN,Financials,Asset Management,BB,BB 中軌向上（上升趨勢）,None,0.0,0.51,0.3704,0.3704,0.2681,135,16575,0.0094,34.36,34.68,35.01,34.02,2026-07-07,3,False
FLUT,Consumer Discretionary,Gambling,MACD,MACD 金叉 (多頭區),None,0.0,0.68,0.37,,0.37,0,273,0.0063,106.03,106.7,107.37,104.97,2026-07-02,3,False
eBay,Consumer Discretionary,Internet Retail,MACD,MACD 金叉 (多頭區),None,0.0,0.68,0.37,,0.37,0,273,0.0063,111.75,112.45,113.16,110.63,2026-06-30,3,False
TPL,Energy,Oil & Gas E&P,BB,BB 中軌向上（上升趨勢）,None,0.0,0.51,0.37,0.37,0.2962,227,4484,0.0014,402.76,403.32,403.89,398.73,2026-07-07,3,False
CBRS,Information Technology,Semiconductors,RSI,RSI 加速上升,None,0.0,0.5525,0.3693,,0.3693,0,10688,0.0074,204.86,206.38,207.89,202.81,2026-07-02,3,False
CHKP,Information Technology,Software - Infrastructure,RSI,RSI 加速上升,None,0.0,0.5525,0.3693,,0.3693,0,10688,0.0074,138.75,139.78,140.8,137.36,2026-07-07,3,False
CLS,Information Technology,Electronic Components,RSI,RSI 加速上升,None,0.0,0.5525,0.3693,,0.3693,0,10688,0.0074,350.2,352.79,355.38,346.7,2026-07-06,3,False
DT,Information Technology,Software - Application,RSI,RSI 加速上升,None,0.0,0.5525,0.3693,,0.3693,0,10688,0.0074,44.77,45.1,45.43,44.32,2026-07-02,3,False
FIS,Information Technology,Information Technology Services,RSI,RSI 加速上升,None,0.0,0.5525,0.3693,,0.3693,0,10688,0.0074,42.6,42.92,43.23,42.17,2026-07-07,3,False
FISV,Information Technology,Financial Technology,RSI,RSI 加速上升,None,0.0,0.5525,0.3693,,0.3693,0,10688,0.0074,52.71,53.1,53.49,52.18,2026-07-07,3,False
FROG,Information Technology,Software - Application,RSI,RSI 加速上升,None,0.0,0.5525,0.3693,,0.3693,0,10688,0.0074,98.1,98.83,99.55,97.12,2026-07-06,3,False
FTV,Information Technology,Scientific & Technical Instruments,RSI,RSI 加速上升,None,0.0,0.5525,0.3693,,0.3693,0,10688,0.0074,62.55,63.01,63.48,61.92,2026-07-07,3,False
GIB,Information Technology,Information Technology Services,RSI,RSI 加速上升,None,0.0,0.5525,0.3693,,0.3693,0,10688,0.0074,67.48,67.98,68.48,66.81,2026-07-07,3,False
GRAB,Information Technology,Software - Application,RSI,RSI 加速上升,None,0.0,0.5525,0.3693,,0.3693,0,10688,0.0074,3.93,3.96,3.99,3.89,2026-07-07,3,False
GWRE,Information Technology,Software - Application,RSI,RSI 加速上升,None,0.0,0.5525,0.3693,,0.3693,0,10688,0.0074,137.06,138.07,139.09,135.69,2026-07-07,3,False
IOT,Information Technology,Software - Infrastructure,RSI,RSI 加速上升,None,0.0,0.5525,0.3693,,0.3693,0,10688,0.0074,36.34,36.61,36.88,35.98,2026-07-07,3,False
LOGI,Information Technology,Computer Hardware,RSI,RSI 加速上升,None,0.0,0.5525,0.3693,,0.3693,0,10688,0.0074,97.43,98.15,98.87,96.46,2026-07-06,3,False
MDB,Information Technology,Software - Infrastructure,RSI,RSI 加速上升,None,0.0,0.5525,0.3693,,0.3693,0,10688,0.0074,361.32,363.99,366.67,357.71,2026-07-07,3,False
NET,Information Technology,Software - Infrastructure,RSI,RSI 加速上升,None,0.0,0.5525,0.3693,,0.3693,0,10688,0.0074,268.83,270.82,272.81,266.14,2026-07-07,3,False
NTNX,Information Technology,Software - Infrastructure,RSI,RSI 加速上升,None,0.0,0.5525,0.3693,,0.3693,0,10688,0.0074,53.76,54.16,54.56,53.22,2026-07-07,3,False
OKTA,Information Technology,Software - Infrastructure,RSI,RSI 加速上升,None,0.0,0.5525,0.3693,,0.3693,0,10688,0.0074,148.47,149.57,150.67,146.99,2026-07-07,3,False
PAYX,Information Technology,Software - Application,RSI,RSI 加速上升,None,0.0,0.5525,0.3693,,0.3693,0,10688,0.0074,108.12,108.92,109.72,107.04,2026-07-07,3,False
RBRK,Information Technology,Software - Infrastructure,RSI,RSI 加速上升,None,0.0,0.5525,0.3693,,0.3693,0,10688,0.0074,87.04,87.68,88.33,86.17,2026-07-07,3,False
SHOP,Information Technology,Software - Application,RSI,RSI 加速上升,None,0.0,0.5525,0.3693,,0.3693,0,10688,0.0074,121.88,122.78,123.68,120.66,2026-07-07,3,False
SNOW,Information Technology,Software - Application,RSI,RSI 加速上升,None,0.0,0.5525,0.3693,,0.3693,0,10688,0.0074,260.15,262.08,264.0,257.55,2026-07-02,3,False
TOST,Information Technology,Software - Infrastructure,RSI,RSI 加速上升,None,0.0,0.5525,0.3693,,0.3693,0,10688,0.0074,29.48,29.7,29.92,29.19,2026-07-06,3,False
TWLO,Information Technology,Software - Infrastructure,RSI,RSI 加速上升,None,0.0,0.5525,0.3693,,0.3693,0,10688,0.0074,211.97,213.54,215.11,209.85,2026-07-07,3,False
U,Information Technology,Software - Application,RSI,RSI 加速上升,None,0.0,0.5525,0.3693,,0.3693,0,10688,0.0074,29.32,29.54,29.75,29.03,2026-07-02,3,False
ZM,Information Technology,Software - Application,RSI,RSI 加速上升,None,0.0,0.5525,0.3693,,0.3693,0,10688,0.0074,87.145,87.79,88.43,86.27,2026-07-02,3,False
EFX,Industrials,Consulting Services,RSI,RSI 加速上升,None,0.0,0.5525,0.3667,0.3667,0.2981,150,11545,0.0005,174.58,174.67,174.75,172.83,2026-07-07,3,False
EXR,Real Estate,REIT - Industrial,RSI,RSI 動能加速（強勢區）,None,0.0,0.51,0.3667,0.3667,0.2452,30,1093,0.0052,147.73,148.5,149.27,146.25,2026-07-07,3,False
SIMO,Information Technology,Semiconductors,RSI,RSI 動能加速（強勢區）,None,0.0,0.51,0.366,,0.366,0,2885,0.0091,318.86,321.76,324.66,315.67,2026-07-06,3,False
TSM,Information Technology,Semiconductors,RSI,RSI 動能加速（強勢區）,None,0.0,0.51,0.366,,0.366,0,2885,0.0091,451.79,455.9,460.01,447.27,2026-07-06,3,False
UMC,Information Technology,Semiconductors,RSI,RSI 動能加速（強勢區）,None,0.0,0.51,0.366,,0.366,0,2885,0.0091,25.83,26.07,26.3,25.57,2026-07-06,3,False
FTNT,Information Technology,Software - Infrastructure,MACD,MACD 金叉 (多頭區),None,0.0,0.68,0.3651,,0.3651,0,504,0.0103,162.35,164.02,165.69,160.73,2026-07-06,3,False
CGNX,Information Technology,Scientific & Technical Instruments,RSI,RSI 維持強勢 (50-70),None,0.0,0.51,0.3645,,0.3645,0,16764,0.0088,69.49,70.1,70.71,68.8,2026-07-06,3,False
KSPI,Information Technology,Software - Infrastructure,RSI,RSI 維持強勢 (50-70),None,0.0,0.51,0.3645,,0.3645,0,16764,0.0088,88.2,88.98,89.75,87.32,2026-07-07,3,False
ENTG,Information Technology,Semiconductor Equipment & Materials,BB,BB 中軌向上（上升趨勢）,None,0.0,0.51,0.3639,,0.3639,0,16781,0.009,135.08,136.3,137.51,133.73,2026-07-07,3,False
FORM,Information Technology,Semiconductor Equipment & Materials,BB,BB 中軌向上（上升趨勢）,None,0.0,0.51,0.3639,,0.3639,0,16781,0.009,106.05,107.0,107.96,104.99,2026-07-07,3,False
MRVL,Information Technology,Semiconductors,BB,BB 中軌向上（上升趨勢）,None,0.0,0.51,0.3639,,0.3639,0,16781,0.009,245.29,247.5,249.71,242.84,2026-07-02,3,False
ONTO,Information Technology,Semiconductor Equipment & Materials,BB,BB 中軌向上（上升趨勢）,None,0.0,0.51,0.3639,,0.3639,0,16781,0.009,279.93,282.45,284.97,277.13,2026-07-07,3,False
VICR,Information Technology,Electronic Components,BB,BB 中軌向上（上升趨勢）,None,0.0,0.51,0.3639,,0.3639,0,16781,0.009,285.34,287.91,290.48,282.49,2026-07-06,3,False
D,Utilities,Utilities - Regulated Electric,KDJ,KDJ 金叉,None,0.0,0.5525,0.3636,0.3636,0.3001,11,713,0.0196,69.26,70.62,71.97,68.57,2026-07-06,3,False
NDAQ,Financials,Financial Data & Stock Exchanges,MACD,MACD 金叉 (空頭區),None,0.0,0.42,0.3636,0.3636,0.3214,11,865,0.0116,84.47,85.45,86.43,83.63,2026-07-06,3,False
TMUS,Communication Services,Telecom Services,MACD,MACD 金叉 (空頭區),None,0.0,0.42,0.3636,0.3636,0.3254,11,252,0.0043,184.73,185.52,186.32,182.88,2026-07-07,3,False
CARR,Industrials,Building Products & Equipment,BB,BB 中軌向上（上升趨勢）,None,0.0,0.51,0.3626,0.3626,0.2929,182,17460,0.0052,68.67,69.03,69.38,67.98,2026-07-07,3,False
CVE,Energy,Oil & Gas Integrated,KDJ,KDJ 金叉,None,0.0,0.5525,0.3614,,0.3614,0,498,0.0061,25.21,25.36,25.52,24.96,2026-07-07,3,False
EC,Energy,Oil & Gas Integrated,KDJ,KDJ 金叉,None,0.0,0.5525,0.3614,,0.3614,0,498,0.0061,14.69,14.78,14.87,14.54,2026-07-07,3,False
IMO,Energy,Oil & Gas Integrated,KDJ,KDJ 金叉,None,0.0,0.5525,0.3614,,0.3614,0,498,0.0061,113.77,114.46,115.16,112.63,2026-07-02,3,False
MPLX,Energy,Oil & Gas Midstream,KDJ,KDJ 金叉,None,0.0,0.5525,0.3614,,0.3614,0,498,0.0061,57.16,57.51,57.86,56.59,2026-07-02,3,False
OVV,Energy,Oil & Gas E&P,KDJ,KDJ 金叉,None,0.0,0.5525,0.3614,,0.3614,0,498,0.0061,53.3,53.63,53.95,52.77,2026-07-06,3,False
PBA,Energy,Oil & Gas Midstream,KDJ,KDJ 金叉,None,0.0,0.5525,0.3614,,0.3614,0,498,0.0061,46.44,46.72,47.01,45.98,2026-07-02,3,False
PR,Energy,Oil & Gas E&P,KDJ,KDJ 金叉,None,0.0,0.5525,0.3614,,0.3614,0,498,0.0061,19.09,19.21,19.32,18.9,2026-07-07,3,False
SHEL,Energy,Oil & Gas Integrated,KDJ,KDJ 金叉,None,0.0,0.5525,0.3614,,0.3614,0,498,0.0061,78.02,78.5,78.97,77.24,2026-07-02,3,False
TRP,Energy,Oil & Gas Midstream,KDJ,KDJ 金叉,None,0.0,0.5525,0.3614,,0.3614,0,498,0.0061,68.8,69.22,69.64,68.11,2026-07-07,3,False
CQP,Energy,Oil & Gas Midstream,RSI,RSI 上穿 50 中性線,None,0.0,0.4675,0.361,,0.361,0,579,0.0056,61.93,62.28,62.62,61.31,2026-07-06,3,False
EPD,Energy,Oil & Gas Midstream,RSI,RSI 上穿 50 中性線,None,0.0,0.4675,0.361,,0.361,0,579,0.0056,37.64,37.85,38.06,37.26,2026-07-07,3,False
FTI,Energy,Oil & Gas Equipment & Services,RSI,RSI 上穿 50 中性線,None,0.0,0.4675,0.361,,0.361,0,579,0.0056,68.11,68.49,68.87,67.43,2026-07-07,3,False
WES,Energy,Oil & Gas Midstream,RSI,RSI 上穿 50 中性線,None,0.0,0.4675,0.361,,0.361,0,579,0.0056,43.67,43.91,44.16,43.23,2026-07-02,3,False
LVS,Consumer Discretionary,Resorts & Casinos,RSI,RSI 加速上升,None,0.0,0.5525,0.3609,0.3609,0.3117,169,6796,0.0096,46.99,47.44,47.89,46.52,2026-07-02,3,False
MPC,Energy,Oil & Gas Refining & Marketing,RSI,RSI 加速上升,None,0.0,0.5525,0.3608,0.3608,0.3227,158,3306,0.0075,268.99,271.01,273.02,266.3,2026-07-06,3,False
JPM,Financials,Banks - Diversified,RSI,RSI 加速上升,None,0.0,0.5525,0.3598,0.3598,0.3014,164,11488,0.0086,337.72,340.62,343.53,334.34,2026-07-06,3,False
FOXA,Communication Services,Entertainment,RSI,RSI 加速上升,None,0.0,0.5525,0.3592,0.3592,0.3116,142,3322,0.0049,54.92,55.19,55.46,54.37,2026-07-07,3,False
RYAAY,Industrials,Airlines,RSI,RSI 維持強勢 (50-70),None,0.0,0.51,0.3579,,0.3579,0,746,0.0057,67.06,67.44,67.82,66.39,2026-07-06,3,True
VEEV,Health Care,Health Information Services,RSI,RSI 動能加速（強勢區）,None,0.0,0.51,0.3571,0.3571,0.2606,14,1869,-0.0086,192.74,191.08,189.42,190.81,2026-07-02,3,False
EXE,Energy,Oil & Gas E&P,RSI,RSI 上穿 50 中性線,None,0.0,0.4675,0.3571,0.3571,0.361,28,579,0.009,90.72,91.54,92.35,89.81,2026-07-02,3,False
CNQ,Energy,Oil & Gas E&P,MACD,MACD 金叉 (空頭區),None,0.0,0.42,0.3557,,0.3557,0,253,0.0057,40.69,40.92,41.15,40.28,2026-07-07,3,False
EQNR,Energy,Oil & Gas Integrated,MACD,MACD 金叉 (空頭區),None,0.0,0.42,0.3557,,0.3557,0,253,0.0057,33.91,34.1,34.3,33.57,2026-07-07,3,False
VG,Energy,Oil & Gas Midstream,MACD,MACD 金叉 (空頭區),None,0.0,0.42,0.3557,,0.3557,0,253,0.0057,11.59,11.66,11.72,11.47,2026-07-07,3,False
WDS,Energy,Oil & Gas E&P,MACD,MACD 金叉 (空頭區),None,0.0,0.42,0.3557,,0.3557,0,253,0.0057,19.82,19.93,20.05,19.62,2026-07-07,3,False
FFIV,Information Technology,Software - Infrastructure,RSI,RSI 動能加速（強勢區）,None,0.0,0.51,0.3556,0.3556,0.366,45,2885,0.0053,419.03,421.25,423.47,414.84,2026-07-06,3,False
J,Industrials,Engineering & Construction,RSI,RSI 動能加速（強勢區）,None,0.0,0.51,0.3556,0.3556,0.2891,45,3037,-0.0042,127.89,127.35,126.82,126.61,2026-07-02,3,False
CMI,Industrials,Specialty Industrial Machinery,BB,BB 中軌向上（上升趨勢）,None,0.0,0.51,0.3546,0.3546,0.2929,313,17460,0.0078,678.24,683.53,688.82,671.46,2026-07-06,3,False
EXPE,Consumer Discretionary,Travel Services,BB,價格在 BB 中軌上方,None,0.0,0.425,0.3544,0.3544,0.2984,285,12430,0.0007,269.87,270.06,270.25,267.17,2026-07-07,3,False
PFG,Financials,Asset Management,RSI,RSI 加速上升,None,0.0,0.5525,0.3533,0.3533,0.3014,150,11488,0.0059,112.88,113.55,114.21,111.75,2026-07-07,3,False
FPS,Industrials,Electrical Equipment & Parts,BB,BB 跌破下軌 (超賣),None,0.0,0.45499999999999996,0.3532,,0.3532,0,436,0.0052,47.5,47.75,47.99,47.02,2026-07-06,3,True
WCC,Industrials,Industrial Distribution,BB,BB 跌破下軌 (超賣),None,0.0,0.45499999999999996,0.3532,,0.3532,0,436,0.0052,307.89,309.49,311.09,304.81,2026-07-02,3,True
HPQ,Information Technology,Computer Hardware,KDJ,KDJ 超賣區金叉,None,0.0,0.5599999999999999,0.3529,0.3529,0.3016,17,368,0.011,22.6,22.85,23.1,22.37,2026-07-06,3,False
NWSA,Communication Services,Entertainment,RSI,RSI 動能加速（強勢區）,None,0.0,0.51,0.3529,0.3529,0.3135,34,772,0.0063,26.64,26.81,26.98,26.37,2026-07-02,3,False
HBAN,Financials,Banks - Regional,RSI,RSI 維持強勢 (50-70),None,0.0,0.51,0.3512,0.3512,0.2842,168,19108,0.0079,18.01,18.15,18.29,17.83,2026-07-07,3,False
CBRE,Real Estate,Real Estate Services,BB,BB 中軌向上（上升趨勢）,None,0.0,0.51,0.3508,0.3508,0.2647,248,5713,0.0069,140.55,141.52,142.49,139.14,2026-07-06,3,False
PCAR,Industrials,Farm & Heavy Construction Machinery,KDJ,KDJ 金叉,None,0.0,0.5525,0.35,0.35,0.3223,20,2110,0.0087,125.91,127.01,128.1,124.65,2026-07-06,3,False
REG,Real Estate,REIT - Retail,KDJ,KDJ 金叉,None,0.0,0.5525,0.35,0.35,0.2818,20,550,0.0105,80.96,81.81,82.66,80.15,2026-07-02,3,False
EQIX,Real Estate,REIT - Specialty,BB,BB 跌破下軌 (超賣),None,0.0,0.45499999999999996,0.35,0.35,0.25,20,564,0.01,1002.02,1012.04,1022.06,992.0,2026-07-02,3,False
TSLA,Consumer Discretionary,Auto Manufacturers,BB,價格在 BB 中軌上方,None,0.0,0.425,0.3498,0.3498,0.2984,283,12430,0.0041,419.77,421.49,423.21,415.57,2026-07-06,3,False
GFL,Industrials,Waste Management,BB,價格在 BB 中軌上方,None,0.0,0.425,0.3497,,0.3497,0,1018,0.0042,40.49,40.66,40.83,40.09,2026-07-06,3,True
HUT,Financials,Capital Markets,BB,BB 跌破下軌 (超賣),None,0.0,0.45499999999999996,0.3485,,0.3485,0,1277,0.0043,96.74,97.16,97.57,95.77,2026-07-07,3,False
IREN,Financials,Capital Markets,BB,BB 跌破下軌 (超賣),None,0.0,0.45499999999999996,0.3485,,0.3485,0,1277,0.0043,38.82,38.99,39.15,38.43,2026-07-02,3,False
RIOT,Financials,Capital Markets,BB,BB 跌破下軌 (超賣),None,0.0,0.45499999999999996,0.3485,,0.3485,0,1277,0.0043,21.17,21.26,21.35,20.96,2026-07-07,3,False
SLMBP,Financials,Credit Services,BB,BB 跌破下軌 (超賣),None,0.0,0.45499999999999996,0.3485,,0.3485,0,1277,0.0043,73.2,73.51,73.83,72.47,2026-07-06,3,False
WULF,Financials,Capital Markets,BB,BB 跌破下軌 (超賣),None,0.0,0.45499999999999996,0.3485,,0.3485,0,1277,0.0043,20.24,20.33,20.41,20.04,2026-07-07,3,False
BIIB,Health Care,Drug Manufacturers - General,RSI,RSI 動能加速（強勢區）,None,0.0,0.51,0.3462,0.3462,0.2606,26,1869,0.0081,216.12,217.87,219.62,213.96,2026-07-02,3,False
ERIE,Financials,Insurance Brokers,RSI,RSI 動能加速（強勢區）,None,0.0,0.51,0.3462,0.3462,0.279,26,3129,0.0122,257.7749,260.92,264.06,255.2,2026-07-02,3,False
HAS,Consumer Discretionary,Leisure,RSI,RSI 超賣區域 (30),None,0.0,0.5249999999999999,0.3448,,0.3448,0,203,0.0038,77.98,78.28,78.57,77.2,2026-07-06,3,False
STLA,Consumer Discretionary,Auto Manufacturers,RSI,RSI 超賣區域 (30),None,0.0,0.5249999999999999,0.3448,,0.3448,0,203,0.0038,5.65,5.67,5.69,5.59,2026-07-07,3,False
BNS,Financials,Banks - Diversified,RSI,RSI 維持強勢 (50-70),None,0.0,0.51,0.3448,,0.3448,0,609,0.0048,86.287,86.7,87.12,85.42,2026-07-06,3,True
UNM,Financials,Insurance - Life,RSI,RSI 維持強勢 (50-70),None,0.0,0.51,0.3448,,0.3448,0,609,0.0048,89.51,89.94,90.37,88.61,2026-07-06,3,True
VLO,Energy,Oil & Gas Refining & Marketing,BB,價格在 BB 中軌上方,None,0.0,0.425,0.3448,0.3448,0.2998,232,5768,0.0031,266.22,267.05,267.87,263.56,2026-07-07,3,False
CIFR,Information Technology,Information Technology Services,BB,BB 跌破下軌 (超賣),None,0.0,0.45499999999999996,0.3447,,0.3447,0,1001,0.0043,20.04,20.13,20.21,19.84,2026-07-02,3,False
CRWV,Information Technology,Software - Infrastructure,BB,BB 跌破下軌 (超賣),None,0.0,0.45499999999999996,0.3447,,0.3447,0,1001,0.0043,81.745,82.1,82.45,80.93,2026-07-02,3,False
FLEX,Information Technology,Electronic Components,BB,BB 跌破下軌 (超賣),None,0.0,0.45499999999999996,0.3447,,0.3447,0,1001,0.0043,131.52,132.09,132.65,130.2,2026-07-07,3,False
FN,Information Technology,Electronic Components,BB,BB 跌破下軌 (超賣),None,0.0,0.45499999999999996,0.3447,,0.3447,0,1001,0.0043,468.48,470.49,472.51,463.8,2026-07-07,3,False
GFS,Information Technology,Semiconductors,BB,BB 跌破下軌 (超賣),None,0.0,0.45499999999999996,0.3447,,0.3447,0,1001,0.0043,65.84,66.12,66.41,65.18,2026-07-07,3,False
IONQ,Information Technology,Computer Hardware,BB,BB 跌破下軌 (超賣),None,0.0,0.45499999999999996,0.3447,,0.3447,0,1001,0.0043,45.36,45.56,45.75,44.91,2026-07-07,3,False
LFUS,Information Technology,Electronic Components,BB,BB 跌破下軌 (超賣),None,0.0,0.45499999999999996,0.3447,,0.3447,0,1001,0.0043,404.36,406.1,407.84,400.32,2026-07-07,3,False
LITE,Information Technology,Communication Equipment,BB,BB 跌破下軌 (超賣),None,0.0,0.45499999999999996,0.3447,,0.3447,0,1001,0.0043,698.91,701.92,704.92,691.92,2026-07-07,3,False
MTSI,Information Technology,Semiconductors,BB,BB 跌破下軌 (超賣),None,0.0,0.45499999999999996,0.3447,,0.3447,0,1001,0.0043,304.82,306.13,307.44,301.77,2026-07-07,3,False
NOK,Information Technology,Communication Equipment,BB,BB 跌破下軌 (超賣),None,0.0,0.45499999999999996,0.3447,,0.3447,0,1001,0.0043,11.85,11.9,11.95,11.73,2026-07-07,3,False
SANM,Information Technology,Electronic Components,BB,BB 跌破下軌 (超賣),None,0.0,0.45499999999999996,0.3447,,0.3447,0,1001,0.0043,205.75,206.63,207.52,203.69,2026-07-07,3,False
SITM,Information Technology,Semiconductors,BB,BB 跌破下軌 (超賣),None,0.0,0.45499999999999996,0.3447,,0.3447,0,1001,0.0043,592.19,594.74,597.28,586.27,2026-07-07,3,False
SMTC,Information Technology,Semiconductors,BB,BB 跌破下軌 (超賣),None,0.0,0.45499999999999996,0.3447,,0.3447,0,1001,0.0043,126.4,126.94,127.49,125.14,2026-07-07,3,False
SNX,Information Technology,Electronics & Computer Distribution,BB,BB 跌破下軌 (超賣),None,0.0,0.45499999999999996,0.3447,,0.3447,0,1001,0.0043,235.67,236.68,237.7,233.31,2026-07-07,3,False
TTMI,Information Technology,Electronic Components,BB,BB 跌破下軌 (超賣),None,0.0,0.45499999999999996,0.3447,,0.3447,0,1001,0.0043,144.08,144.7,145.32,142.64,2026-07-07,3,False
VIAV,Information Technology,Communication Equipment,BB,BB 跌破下軌 (超賣),None,0.0,0.45499999999999996,0.3447,,0.3447,0,1001,0.0043,40.22,40.39,40.57,39.82,2026-07-07,3,False
WIT,Information Technology,Information Technology Services,BB,BB 跌破下軌 (超賣),None,0.0,0.45499999999999996,0.3447,,0.3447,0,1001,0.0043,1.84,1.85,1.86,1.82,2026-07-06,3,False
LII,Industrials,Building Products & Equipment,RSI,RSI 維持強勢 (50-70),None,0.0,0.51,0.3438,0.3438,0.2986,288,19157,0.0026,556.93,558.38,559.83,551.36,2026-07-07,3,False
TXT,Industrials,Aerospace & Defense,RSI,RSI 動能加速（強勢區）,None,0.0,0.51,0.3438,0.3438,0.2891,32,3037,-0.0015,93.84,93.7,93.56,92.9,2026-07-06,3,False
MLM,Materials,Building Materials,BB,BB 中軌向上（上升趨勢）,None,0.0,0.51,0.3436,0.3436,0.2853,195,5036,0.0109,594.17,600.65,607.12,588.23,2026-07-07,3,False
INTU,Information Technology,Software - Application,RSI,RSI 加速上升,None,0.0,0.5525,0.3432,0.3432,0.3693,169,10688,-0.0039,281.17,280.07,278.98,278.36,2026-07-07,3,False
GEN,Information Technology,Software - Infrastructure,BB,價格在 BB 中軌上方,None,0.0,0.425,0.3392,0.3392,0.3573,227,20206,0.0068,26.78,26.96,27.14,26.51,2026-07-07,3,False
DASH,Consumer Discretionary,Internet Retail,RSI,RSI 維持強勢 (50-70),None,0.0,0.51,0.3377,0.3377,0.2995,231,10441,0.001,195.72,195.92,196.11,193.76,2026-07-07,3,False
PNC,Financials,Banks - Regional,BB,價格在 BB 中軌上方,None,0.0,0.425,0.3375,0.3375,0.2847,320,21689,0.0074,254.01,255.89,257.77,251.47,2026-07-07,3,False
WAT,Health Care,Diagnostics & Research,RSI,RSI 維持強勢 (50-70),None,0.0,0.51,0.3373,0.3373,0.2772,169,12123,0.0031,374.93,376.09,377.25,371.18,2026-07-07,3,False
DKNG,Consumer Discretionary,Gambling,MACD,MACD 突破 0 軸,None,0.0,0.595,0.3351,,0.3351,0,376,0.0114,26.21,26.51,26.81,25.95,2026-07-06,3,False
MGA,Consumer Discretionary,Auto Parts,MACD,MACD 突破 0 軸,None,0.0,0.595,0.3351,,0.3351,0,376,0.0114,65.68,66.43,67.18,65.02,2026-07-06,3,False
PNR,Industrials,Specialty Industrial Machinery,BB,BB 中軌向上（上升趨勢）,None,0.0,0.51,0.335,0.335,0.2929,197,17460,0.0051,75.18,75.56,75.95,74.43,2026-07-07,3,False
VIV,Communication Services,Telecom Services,KDJ,KDJ 金叉,None,0.0,0.5525,0.3345,,0.3345,0,550,0.0065,13.25,13.34,13.42,13.12,2026-07-02,3,False
RJF,Financials,Asset Management,BB,BB 中軌向上（上升趨勢）,Consolidation Breakout,0.73,1.0,0.3333,0.3333,0.2496,30,1951,0.0093,167.6,169.16,170.72,165.92,2026-07-07,3,False
UTHR,Health Care,Drug Manufacturers - Specialty & Generic,RSI,RSI 上穿 50 中性線,Consolidation Breakout,0.77,1.0,0.3333,,0.3333,0,39,0.0011,563.7,564.32,564.94,558.06,2026-07-07,3,False
MDT,Health Care,Medical Devices,MACD,MACD 金叉 (多頭區),None,0.0,0.68,0.3333,0.3333,0.2557,6,305,0.0085,83.19,83.9,84.6,82.36,2026-07-02,3,False
MCK,Health Care,Medical Distribution,MACD,MACD 突破 0 軸,None,0.0,0.595,0.3333,0.3333,0.3171,6,432,0.0043,807.33,810.8,814.27,799.26,2026-07-07,3,False
MSI,Information Technology,Communication Equipment,MACD,MACD 突破 0 軸,None,0.0,0.595,0.3333,0.3333,0.4064,9,529,-0.0004,422.66,422.49,422.32,418.43,2026-07-02,3,False
CMG,Consumer Discretionary,Restaurants,RSI,RSI 加速上升,None,0.0,0.5525,0.3333,0.3333,0.3117,159,6796,0.0027,35.39,35.49,35.58,35.04,2026-07-02,3,False
CRL,Health Care,Diagnostics & Research,RSI,RSI 加速上升,None,0.0,0.5525,0.3333,0.3333,0.2803,174,8492,-0.007,231.43,229.81,228.19,229.12,2026-07-06,3,False
F,Consumer Discretionary,Auto Manufacturers,KDJ,KDJ 金叉,None,0.0,0.5525,0.3333,0.3333,0.3183,15,1244,0.0004,13.83,13.84,13.84,13.69,2026-07-06,3,False
PCG,Utilities,Utilities - Regulated Electric,KDJ,KDJ 金叉,None,0.0,0.5525,0.3333,0.3333,0.3001,18,713,0.0047,17.18,17.26,17.34,17.01,2026-07-07,3,False
CAG,Consumer Staples,Packaged Foods,BB,BB 中軌向上（上升趨勢）,None,0.0,0.51,0.3333,0.3333,0.2466,114,6128,0.0085,14.03,14.15,14.27,13.89,2026-07-07,3,False
LOW,Consumer Discretionary,Home Improvement Retail,RSI,RSI 動能加速（強勢區）,None,0.0,0.51,0.3333,0.3333,0.3027,27,1665,0.008,227.5,229.32,231.14,225.22,2026-07-02,3,False
MSCI,Financials,Financial Data & Stock Exchanges,MACD,MACD 金叉 (空頭區),None,0.0,0.42,0.3333,0.3333,0.3214,9,865,0.0068,614.04,618.22,622.39,607.9,2026-07-06,3,False
E,Energy,Oil & Gas Integrated,KDJ,KDJ 超賣區金叉,None,0.0,0.5599999999999999,0.3319,,0.3319,0,232,0.0088,46.87,47.28,47.69,46.4,2026-07-02,3,False
YPF,Energy,Oil & Gas Integrated,KDJ,KDJ 超賣區金叉,None,0.0,0.5599999999999999,0.3319,,0.3319,0,232,0.0088,46.12,46.53,46.93,45.66,2026-07-06,3,False
EVR,Financials,Capital Markets,RSI,RSI 維持強勢 (50-70),Bullish Engulfing,0.75,1.0,0.3314,,0.3314,0,353,0.0074,355.48,358.11,360.74,351.93,2026-07-06,3,False
HSIC,Health Care,Medical Distribution,BB,價格在 BB 中軌上方,None,0.0,0.425,0.3314,0.3314,0.2804,169,14417,-0.0009,86.84,86.76,86.68,85.97,2026-07-07,3,False
PSKY,Communication Services,Entertainment,RSI,RSI 加速上升,None,0.0,0.5525,0.3309,0.3309,0.3116,139,3322,0.0011,10.09,10.1,10.11,9.99,2026-07-06,3,False
WMB,Energy,Oil & Gas Midstream,BB,價格在 BB 中軌上方,None,0.0,0.425,0.3305,0.3305,0.2998,348,5768,0.0061,75.08,75.54,76.0,74.33,2026-07-07,3,False
ZTS,Health Care,Drug Manufacturers - Specialty & Generic,KDJ,KDJ 金叉,Morning Star,0.8,1.0,0.3304,,0.3304,0,112,0.0035,74.8,75.06,75.32,74.05,2026-07-02,3,False
ESLT,Industrials,Aerospace & Defense,MACD,MACD 金叉 (空頭區),None,0.0,0.42,0.3303,,0.3303,0,875,0.0053,811.01,815.31,819.61,802.9,2026-07-06,3,False
RELX,Industrials,Specialty Business Services,MACD,MACD 金叉 (空頭區),None,0.0,0.42,0.3303,,0.3303,0,875,0.0053,32.27,32.44,32.61,31.95,2026-07-06,3,False
ETN,Industrials,Specialty Industrial Machinery,RSI,RSI 維持強勢 (50-70),None,0.0,0.51,0.3302,0.3302,0.2986,215,19157,0.0043,413.42,415.2,416.98,409.29,2026-07-06,3,False
CET,Financials,Asset Management,MACD,MACD 突破 0 軸,None,0.0,0.595,0.3301,,0.3301,0,618,0.0061,53.24,53.56,53.89,52.71,2026-07-06,3,False
FNF,Financials,Insurance - Specialty,MACD,MACD 突破 0 軸,None,0.0,0.595,0.3301,,0.3301,0,618,0.0061,48.84,49.14,49.44,48.35,2026-07-02,3,False
KB,Financials,Banks - Regional,MACD,MACD 突破 0 軸,None,0.0,0.595,0.3301,,0.3301,0,618,0.0061,113.91,114.6,115.3,112.77,2026-07-06,3,False
SEIC,Financials,Asset Management,MACD,MACD 突破 0 軸,None,0.0,0.595,0.3301,,0.3301,0,618,0.0061,91.43,91.99,92.55,90.52,2026-07-02,3,False
SF,Financials,Capital Markets,MACD,MACD 突破 0 軸,None,0.0,0.595,0.3301,,0.3301,0,618,0.0061,74.97,75.43,75.88,74.22,2026-07-07,3,False
SHG,Financials,Banks - Regional,MACD,MACD 突破 0 軸,None,0.0,0.595,0.3301,,0.3301,0,618,0.0061,70.49,70.92,71.35,69.79,2026-07-06,3,False
BXP,Real Estate,REIT - Office,BB,BB 中軌向上（上升趨勢）,None,0.0,0.51,0.3295,0.3295,0.2647,173,5713,0.0044,68.59,68.89,69.19,67.9,2026-07-07,3,False
LULU,Consumer Discretionary,Apparel Retail,RSI,RSI 加速上升,None,0.0,0.5525,0.3294,0.3294,0.3117,170,6796,-0.0063,118.43,117.68,116.94,117.25,2026-07-02,3,False
MAS,Industrials,Building Products & Equipment,RSI,RSI 維持強勢 (50-70),None,0.0,0.51,0.3294,0.3294,0.2986,170,19157,0.0019,79.34,79.49,79.64,78.55,2026-07-07,3,False
HL,Materials,Other Precious Metals & Mining,RSI,RSI 上穿 50 中性線,None,0.0,0.4675,0.3294,,0.3294,0,595,0.0031,16.33,16.38,16.43,16.17,2026-07-02,3,False
NTR,Materials,Agricultural Inputs,RSI,RSI 上穿 50 中性線,None,0.0,0.4675,0.3294,,0.3294,0,595,0.0031,65.32,65.52,65.72,64.67,2026-07-07,3,False
BMO,Financials,Banks - Diversified,RSI,RSI 維持強勢 (50-70),Support,0.7,1.0,0.3276,,0.3276,0,58,0.0022,174.13,174.51,174.9,172.39,2026-07-02,3,False
CM,Financials,Banks - Diversified,RSI,RSI 維持強勢 (50-70),Support,0.7,1.0,0.3276,,0.3276,0,58,0.0022,113.9,114.15,114.4,112.76,2026-07-02,3,False
FCNCA,Financials,Banks - Regional,RSI,RSI 維持強勢 (50-70),Support,0.9,1.0,0.3276,,0.3276,0,58,0.0022,2082.99,2087.57,2092.16,2062.16,2026-07-02,3,False
RY,Financials,Banks - Diversified,RSI,RSI 維持強勢 (50-70),Support,0.8,1.0,0.3276,,0.3276,0,58,0.0022,204.79,205.24,205.69,202.74,2026-07-02,3,False
TD,Financials,Banks - Diversified,RSI,RSI 維持強勢 (50-70),Support,0.9,1.0,0.3276,,0.3276,0,58,0.0022,119.3,119.56,119.82,118.11,2026-07-02,3,True
ZION,Financials,Banks - Regional,RSI,RSI 維持強勢 (50-70),Support,0.9,1.0,0.3276,,0.3276,0,58,0.0022,69.35,69.5,69.66,68.66,2026-07-02,3,False
EIX,Utilities,Utilities - Regulated Electric,BB,BB 中軌向上（上升趨勢）,None,0.0,0.51,0.3276,0.3276,0.249,232,7232,0.0063,75.74,76.22,76.69,74.98,2026-07-07,3,False
DVA,Health Care,Medical Care Facilities,RSI,RSI 加速上升,None,0.0,0.5525,0.3269,0.3269,0.2803,156,8492,0.0082,234.31,236.23,238.15,231.97,2026-07-07,3,False
DINO,Energy,Oil & Gas Refining & Marketing,RSI,RSI 動能加速（強勢區）,None,0.0,0.51,0.3265,,0.3265,0,873,0.0005,74.45,74.49,74.52,73.71,2026-07-06,3,False
LNG,Energy,Oil & Gas Midstream,RSI,RSI 動能加速（強勢區）,None,0.0,0.51,0.3265,,0.3265,0,873,0.0005,255.0,255.13,255.25,252.45,2026-07-07,3,False
PAA,Energy,Oil & Gas Midstream,RSI,RSI 動能加速（強勢區）,None,0.0,0.51,0.3265,,0.3265,0,873,0.0005,22.68,22.69,22.7,22.45,2026-07-07,3,False
SUN,Energy,Oil & Gas Refining & Marketing,RSI,RSI 動能加速（強勢區）,None,0.0,0.51,0.3265,,0.3265,0,873,0.0005,68.82,68.85,68.89,68.13,2026-07-07,3,False
TMO,Health Care,Diagnostics & Research,RSI,RSI 維持強勢 (50-70),None,0.0,0.51,0.3265,0.3265,0.2772,196,12123,0.0039,517.6,519.62,521.64,512.42,2026-07-06,3,False
BIP,Utilities,Utilities - Diversified,RSI,RSI 維持強勢 (50-70),None,0.0,0.51,0.3263,,0.3263,0,331,0.0105,37.31,37.7,38.09,36.94,2026-07-06,3,True
NYT,Communication Services,Publishing,MACD,MACD 金叉 (空頭區),None,0.0,0.42,0.3254,,0.3254,0,252,0.0044,73.85,74.17,74.5,73.11,2026-07-02,3,False
SPOT,Communication Services,Internet Content & Information,MACD,MACD 金叉 (空頭區),None,0.0,0.42,0.3254,,0.3254,0,252,0.0044,485.97,488.11,490.25,481.11,2026-07-02,3,False
TLK,Communication Services,Telecom Services,MACD,MACD 金叉 (空頭區),None,0.0,0.42,0.3254,,0.3254,0,252,0.0044,13.95,14.01,14.07,13.81,2026-07-07,3,False
TME,Communication Services,Internet Content & Information,MACD,MACD 金叉 (空頭區),None,0.0,0.42,0.3254,,0.3254,0,252,0.0044,8.63,8.67,8.71,8.54,2026-07-02,3,False
WMG,Communication Services,Entertainment,MACD,MACD 金叉 (空頭區),None,0.0,0.42,0.3254,,0.3254,0,252,0.0044,28.28,28.4,28.53,28.0,2026-07-02,3,False
RVTY,Health Care,Diagnostics & Research,BB,價格在 BB 中軌上方,None,0.0,0.425,0.3247,0.3247,0.2804,194,14417,-0.0022,112.05,111.8,111.56,110.93,2026-07-07,3,False
JD,Consumer Discretionary,Internet Retail,MACD,MACD 金叉 (空頭區),None,0.0,0.42,0.3233,,0.3233,0,529,0.0066,26.78,26.96,27.13,26.51,2026-07-06,3,False
LI,Consumer Discretionary,Auto Manufacturers,MACD,MACD 金叉 (空頭區),None,0.0,0.42,0.3233,,0.3233,0,529,0.0066,12.02,12.1,12.18,11.9,2026-07-06,3,False
ROL,Consumer Discretionary,Personal Services,MACD,MACD 金叉 (空頭區),None,0.0,0.42,0.3233,,0.3233,0,529,0.0066,42.73,43.01,43.29,42.3,2026-07-06,3,False
XPEV,Consumer Discretionary,Auto Manufacturers,MACD,MACD 金叉 (空頭區),None,0.0,0.42,0.3233,,0.3233,0,529,0.0066,13.08,13.17,13.25,12.95,2026-07-02,3,False
YUMC,Consumer Discretionary,Restaurants,MACD,MACD 金叉 (空頭區),None,0.0,0.42,0.3233,,0.3233,0,529,0.0066,41.7,41.98,42.25,41.28,2026-07-02,3,False
FITB,Financials,Banks - Regional,BB,價格在 BB 中軌上方,None,0.0,0.425,0.3232,0.3232,0.2847,297,21689,0.0067,57.92,58.31,58.7,57.34,2026-07-07,3,False
CW,Industrials,Aerospace & Defense,KDJ,KDJ 金叉,None,0.0,0.5525,0.3223,,0.3223,0,2110,0.0051,760.23,764.11,767.98,752.63,2026-07-02,3,False
EMBJ,Industrials,Aerospace & Defense,KDJ,KDJ 金叉,None,0.0,0.5525,0.3223,,0.3223,0,2110,0.0051,64.11,64.44,64.76,63.47,2026-07-02,3,False
MAIR,Industrials,Building Products & Equipment,KDJ,KDJ 金叉,None,0.0,0.5525,0.3223,,0.3223,0,2110,0.0051,37.91,38.1,38.3,37.53,2026-07-06,3,False
PAC,Industrials,Airports & Air Services,KDJ,KDJ 金叉,None,0.0,0.5525,0.3223,,0.3223,0,2110,0.0051,253.71,255.0,256.3,251.17,2026-07-02,3,False
BAM,Financials,Asset Management,MACD,MACD 金叉 (空頭區),None,0.0,0.42,0.3214,,0.3214,0,865,0.0073,46.57,46.91,47.25,46.1,2026-07-07,3,False
BN,Financials,Asset Management,MACD,MACD 金叉 (空頭區),None,0.0,0.42,0.3214,,0.3214,0,865,0.0073,43.79,44.11,44.43,43.35,2026-07-07,3,False
BNT,Financials,Insurance - Diversified,MACD,MACD 金叉 (空頭區),None,0.0,0.42,0.3214,,0.3214,0,865,0.0073,43.81,44.13,44.45,43.37,2026-07-07,3,False
CG,Financials,Asset Management,MACD,MACD 金叉 (空頭區),None,0.0,0.42,0.3214,,0.3214,0,865,0.0073,44.04,44.36,44.68,43.6,2026-07-06,3,False
LPLA,Financials,Capital Markets,MACD,MACD 金叉 (空頭區),None,0.0,0.42,0.3214,,0.3214,0,865,0.0073,295.18,297.33,299.49,292.23,2026-07-02,3,False
OWL,Financials,Asset Management,MACD,MACD 金叉 (空頭區),None,0.0,0.42,0.3214,,0.3214,0,865,0.0073,9.49,9.56,9.63,9.4,2026-07-06,3,False
PS,Financials,Asset Management,MACD,MACD 金叉 (空頭區),None,0.0,0.42,0.3214,,0.3214,0,865,0.0073,35.38,35.64,35.9,35.03,2026-07-06,3,False
TPG,Financials,Asset Management,MACD,MACD 金叉 (空頭區),None,0.0,0.42,0.3214,,0.3214,0,865,0.0073,42.59,42.9,43.21,42.16,2026-07-06,3,False
WF,Financials,Banks - Regional,MACD,MACD 金叉 (空頭區),None,0.0,0.42,0.3214,,0.3214,0,865,0.0073,61.87,62.32,62.77,61.25,2026-07-06,3,False
CRCL,Financials,Capital Markets,KDJ,KDJ 金叉,Morning Star,0.8,1.0,0.3208,,0.3208,0,106,0.0016,68.65,68.76,68.87,67.96,2026-07-06,3,False
REGN,Health Care,Biotechnology,BB,價格在 BB 中軌上方,None,0.0,0.425,0.3207,0.3207,0.2804,290,14417,0.0008,649.81,650.33,650.85,643.31,2026-07-06,3,False
NTAP,Information Technology,Software - Infrastructure,RSI,RSI 加速上升,None,0.0,0.5525,0.3206,0.3206,0.3693,131,10688,0.0047,165.78,166.56,167.34,164.12,2026-07-07,3,False
MMM,Industrials,Conglomerates,BB,BB 中軌向上（上升趨勢）,None,0.0,0.51,0.3206,0.3206,0.2929,209,17460,0.0049,159.15,159.93,160.71,157.56,2026-07-06,3,False
RF,Financials,Banks - Regional,RSI,RSI 維持強勢 (50-70),None,0.0,0.51,0.3206,0.3206,0.2842,209,19108,0.0091,30.59,30.87,31.15,30.28,2026-07-07,3,False
SHW,Materials,Specialty Chemicals,RSI,RSI 加速上升,None,0.0,0.5525,0.32,0.32,0.3048,100,3639,0.0092,352.48,355.72,358.97,348.96,2026-07-02,3,False
TDG,Industrials,Aerospace & Defense,KDJ,KDJ 金叉,None,0.0,0.5525,0.32,0.32,0.3223,25,2110,0.0029,1346.12,1350.02,1353.93,1332.66,2026-07-06,3,False
TTWO,Communication Services,Electronic Gaming & Multimedia,RSI,RSI 加速上升,None,0.0,0.5525,0.3191,0.3191,0.3116,141,3322,0.009,257.79,260.11,262.43,255.21,2026-07-07,3,False
DOC,Real Estate,REIT - Healthcare Facilities,RSI,RSI 維持強勢 (50-70),None,0.0,0.51,0.3188,0.3188,0.2509,207,7011,0.004,21.93,22.02,22.11,21.71,2026-07-07,3,False
CART,Consumer Discretionary,Internet Retail,KDJ,KDJ 金叉,None,0.0,0.5525,0.3183,,0.3183,0,1244,0.0033,48.08,48.24,48.4,47.6,2026-07-07,3,False
CASY,Consumer Discretionary,Specialty Retail,KDJ,KDJ 金叉,None,0.0,0.5525,0.3183,,0.3183,0,1244,0.0033,797.42,800.05,802.68,789.45,2026-07-02,3,False
ONON,Consumer Discretionary,Footwear & Accessories,KDJ,KDJ 金叉,None,0.0,0.5525,0.3183,,0.3183,0,1244,0.0033,36.83,36.95,37.07,36.46,2026-07-02,3,False
QSR,Consumer Discretionary,Restaurants,KDJ,KDJ 金叉,None,0.0,0.5525,0.3183,,0.3183,0,1244,0.0033,74.79,75.04,75.28,74.04,2026-07-02,3,False
CHTR,Communication Services,Telecom Services,BB,BB 中軌向上（上升趨勢）,None,0.0,0.51,0.3182,0.3182,0.2943,176,4771,-0.0003,138.02,137.98,137.94,136.64,2026-07-07,3,False
SWK,Industrials,Tools & Accessories,BB,價格在 BB 中軌上方,None,0.0,0.425,0.3182,0.3182,0.295,198,22337,-0.0023,89.37,89.16,88.96,88.48,2026-07-07,3,False
EHC,Health Care,Medical Care Facilities,MACD,MACD 突破 0 軸,None,0.0,0.595,0.3171,,0.3171,0,432,0.0028,106.99,107.29,107.59,105.92,2026-07-06,3,False
INSM,Health Care,Biotechnology,MACD,MACD 突破 0 軸,None,0.0,0.595,0.3171,,0.3171,0,432,0.0028,112.84,113.16,113.47,111.71,2026-07-07,3,False
ONC,Health Care,Biotechnology,MACD,MACD 突破 0 軸,None,0.0,0.595,0.3171,,0.3171,0,432,0.0028,297.65,298.48,299.32,294.67,2026-07-02,3,False
STE,Health Care,Medical Devices,MACD,MACD 突破 0 軸,None,0.0,0.595,0.3171,,0.3171,0,432,0.0028,218.2,218.81,219.42,216.02,2026-07-02,3,False
TEVA,Health Care,Drug Manufacturers - Specialty & Generic,MACD,MACD 突破 0 軸,None,0.0,0.595,0.3171,,0.3171,0,432,0.0028,35.29,35.39,35.49,34.94,2026-07-06,3,False
PEP,Consumer Staples,Beverages - Non-Alcoholic,KDJ,KDJ 金叉,None,0.0,0.5525,0.3158,0.3158,0.2503,19,779,0.0068,141.16,142.12,143.08,139.75,2026-07-01,3,False
PKX,Materials,Steel,KDJ,KDJ 超賣區金叉,None,0.0,0.5599999999999999,0.3156,,0.3156,0,225,0.0029,52.12,52.27,52.42,51.6,2026-07-02,3,False
RIO,Materials,Other Industrial Metals & Mining,KDJ,KDJ 超賣區金叉,None,0.0,0.5599999999999999,0.3156,,0.3156,0,225,0.0029,94.42,94.69,94.97,93.48,2026-07-02,3,False
MTB,Financials,Banks - Regional,RSI,RSI 維持強勢 (50-70),None,0.0,0.51,0.3149,0.3149,0.2842,289,19108,0.0091,239.75,241.93,244.11,237.35,2026-07-07,3,False
GSK,Health Care,Drug Manufacturers - General,RSI,RSI 上穿 50 中性線,None,0.0,0.4675,0.3144,,0.3144,0,1323,0.003,53.66,53.82,53.98,53.12,2026-07-02,3,False
SMMT,Health Care,Biotechnology,RSI,RSI 上穿 50 中性線,None,0.0,0.4675,0.3144,,0.3144,0,1323,0.003,15.42,15.47,15.51,15.27,2026-07-02,3,False
SNN,Health Care,Medical Devices,RSI,RSI 上穿 50 中性線,None,0.0,0.4675,0.3144,,0.3144,0,1323,0.003,30.25,30.34,30.43,29.95,2026-07-02,3,False
SNY,Health Care,Drug Manufacturers - General,RSI,RSI 上穿 50 中性線,None,0.0,0.4675,0.3144,,0.3144,0,1323,0.003,43.16,43.29,43.42,42.73,2026-07-02,3,False
ROK,Industrials,Specialty Industrial Machinery,RSI,RSI 動能加速（強勢區）,None,0.0,0.51,0.3143,0.3143,0.2891,35,3037,-0.0013,482.87,482.24,481.61,478.04,2026-07-06,3,False
BAP,Financials,Banks - Regional,KDJ,KDJ 金叉,None,0.0,0.5525,0.3142,,0.3142,0,1932,0.0041,391.21,392.81,394.42,387.3,2026-07-02,3,False
BBDO,Financials,Banks - Regional,KDJ,KDJ 金叉,None,0.0,0.5525,0.3142,,0.3142,0,1932,0.0041,2.99,3.0,3.01,2.96,2026-07-07,3,False
BCH,Financials,Banks - Regional,KDJ,KDJ 金叉,None,0.0,0.5525,0.3142,,0.3142,0,1932,0.0041,39.38,39.54,39.7,38.99,2026-07-02,3,False
BCS,Financials,Banks - Diversified,KDJ,KDJ 金叉,None,0.0,0.5525,0.3142,,0.3142,0,1932,0.0041,27.77,27.88,28.0,27.49,2026-07-02,3,False
BNY,Financials,Banks - Diversified,KDJ,KDJ 金叉,None,0.0,0.5525,0.3142,,0.3142,0,1932,0.0041,146.62,147.22,147.82,145.15,2026-07-02,3,False
BPOP,Financials,Banks - Regional,KDJ,KDJ 金叉,None,0.0,0.5525,0.3142,,0.3142,0,1932,0.0041,168.69,169.38,170.07,167.0,2026-07-06,3,False
CIB,Financials,Banks - Regional,KDJ,KDJ 金叉,None,0.0,0.5525,0.3142,,0.3142,0,1932,0.0041,80.9,81.23,81.56,80.09,2026-07-06,3,False
CRBG,Financials,Asset Management,KDJ,KDJ 金叉,None,0.0,0.5525,0.3142,,0.3142,0,1932,0.0041,29.76,29.88,30.0,29.46,2026-07-02,3,False
DB,Financials,Banks - Regional,KDJ,KDJ 金叉,None,0.0,0.5525,0.3142,,0.3142,0,1932,0.0041,35.86,36.01,36.15,35.5,2026-07-02,3,False
EQH,Financials,Asset Management,KDJ,KDJ 金叉,None,0.0,0.5525,0.3142,,0.3142,0,1932,0.0041,45.61,45.8,45.98,45.15,2026-07-02,3,False
FUTU,Financials,Capital Markets,KDJ,KDJ 金叉,None,0.0,0.5525,0.3142,,0.3142,0,1932,0.0041,98.17,98.57,98.97,97.19,2026-07-06,3,False
HBANL,Financials,Banks - Regional,KDJ,KDJ 金叉,None,0.0,0.5525,0.3142,,0.3142,0,1932,0.0041,24.99,25.09,25.19,24.74,2026-07-06,3,False
HBANZ,Financials,Banks - Regional,KDJ,KDJ 金叉,None,0.0,0.5525,0.3142,,0.3142,0,1932,0.0041,19.86,19.94,20.02,19.66,2026-07-06,3,False
HSBC,Financials,Banks - Diversified,KDJ,KDJ 金叉,None,0.0,0.5525,0.3142,,0.3142,0,1932,0.0041,96.78,97.18,97.57,95.81,2026-07-02,3,False
ING,Financials,Banks - Diversified,KDJ,KDJ 金叉,None,0.0,0.5525,0.3142,,0.3142,0,1932,0.0041,32.1,32.23,32.36,31.78,2026-07-02,3,False
IX,Financials,Financial Conglomerates,KDJ,KDJ 金叉,None,0.0,0.5525,0.3142,,0.3142,0,1932,0.0041,39.85,40.01,40.18,39.45,2026-07-06,3,False
JEF,Financials,Capital Markets,KDJ,KDJ 金叉,None,0.0,0.5525,0.3142,,0.3142,0,1932,0.0041,54.84,55.06,55.29,54.29,2026-07-06,3,False
MFG,Financials,Banks - Regional,KDJ,KDJ 金叉,None,0.0,0.5525,0.3142,,0.3142,0,1932,0.0041,9.94,9.98,10.02,9.84,2026-07-02,3,False
MUFG,Financials,Banks - Diversified,KDJ,KDJ 金叉,None,0.0,0.5525,0.3142,,0.3142,0,1932,0.0041,20.61,20.69,20.78,20.4,2026-07-02,3,False
SMFG,Financials,Banks - Diversified,KDJ,KDJ 金叉,None,0.0,0.5525,0.3142,,0.3142,0,1932,0.0041,24.53,24.63,24.73,24.28,2026-07-02,3,False
UBS,Financials,Banks - Diversified,KDJ,KDJ 金叉,None,0.0,0.5525,0.3142,,0.3142,0,1932,0.0041,51.04,51.25,51.46,50.53,2026-07-02,3,False
VLYPN,Financials,Banks - Regional,KDJ,KDJ 金叉,None,0.0,0.5525,0.3142,,0.3142,0,1932,0.0041,25.78,25.89,25.99,25.52,2026-07-07,3,False
BHP,Materials,Other Industrial Metals & Mining,KDJ,KDJ 金叉,None,0.0,0.5525,0.314,,0.314,0,637,0.0047,83.33,83.72,84.11,82.5,2026-07-02,3,False
CX,Materials,Building Materials,KDJ,KDJ 金叉,None,0.0,0.5525,0.314,,0.314,0,637,0.0047,12.29,12.35,12.41,12.17,2026-07-02,3,False
RS,Materials,Steel,KDJ,KDJ 金叉,None,0.0,0.5525,0.314,,0.314,0,637,0.0047,379.35,381.13,382.92,375.56,2026-07-07,3,False
SCCO,Materials,Copper,KDJ,KDJ 金叉,None,0.0,0.5525,0.314,,0.314,0,637,0.0047,173.87,174.69,175.5,172.13,2026-07-06,3,False
VALE,Materials,Other Industrial Metals & Mining,KDJ,KDJ 金叉,None,0.0,0.5525,0.314,,0.314,0,637,0.0047,15.09,15.16,15.23,14.94,2026-07-06,3,False
NTES,Communication Services,Electronic Gaming & Multimedia,RSI,RSI 動能加速（強勢區）,None,0.0,0.51,0.3135,,0.3135,0,772,0.0011,130.99,131.13,131.28,129.68,2026-07-06,3,False
TIGO,Communication Services,Telecom Services,RSI,RSI 動能加速（強勢區）,None,0.0,0.51,0.3135,,0.3135,0,772,0.0011,93.76,93.86,93.97,92.82,2026-07-02,3,False
DHI,Consumer Discretionary,Residential Construction,RSI,RSI 維持強勢 (50-70),Support,0.9,1.0,0.3125,,0.3125,0,32,-0.0041,158.57,157.92,157.27,156.98,2026-07-02,3,False
USB,Financials,Banks - Regional,RSI,RSI 加速上升,None,0.0,0.5525,0.3125,0.3125,0.3014,144,11488,0.0044,62.83,63.11,63.38,62.2,2026-07-06,3,False
PGR,Financials,Insurance - Property & Casualty,BB,BB 中軌向上（上升趨勢）,None,0.0,0.51,0.3119,0.3119,0.2681,202,16575,0.0077,234.4,236.2,238.01,232.06,2026-07-07,3,False
BROS,Consumer Discretionary,Restaurants,RSI,RSI 加速上升,None,0.0,0.5525,0.3117,,0.3117,0,6796,0.004,72.16,72.45,72.74,71.44,2026-07-02,3,False
CPNG,Consumer Discretionary,Internet Retail,RSI,RSI 加速上升,None,0.0,0.5525,0.3117,,0.3117,0,6796,0.004,19.15,19.23,19.3,18.96,2026-07-06,3,False
HMC,Consumer Discretionary,Auto Manufacturers,RSI,RSI 加速上升,None,0.0,0.5525,0.3117,,0.3117,0,6796,0.004,29.63,29.75,29.87,29.33,2026-07-06,3,False
HTHT,Consumer Discretionary,Lodging,RSI,RSI 加速上升,None,0.0,0.5525,0.3117,,0.3117,0,6796,0.004,42.14,42.31,42.48,41.72,2026-07-02,3,False
MELI,Consumer Discretionary,Internet Retail,RSI,RSI 加速上升,None,0.0,0.5525,0.3117,,0.3117,0,6796,0.004,1813.61,1820.86,1828.12,1795.47,2026-07-07,3,False
NIO,Consumer Discretionary,Auto Manufacturers,RSI,RSI 加速上升,None,0.0,0.5525,0.3117,,0.3117,0,6796,0.004,5.02,5.04,5.06,4.97,2026-07-06,3,False
PDD,Consumer Discretionary,Internet Retail,RSI,RSI 加速上升,None,0.0,0.5525,0.3117,,0.3117,0,6796,0.004,82.53,82.86,83.19,81.7,2026-07-07,3,False
RACE,Consumer Discretionary,Auto Manufacturers,RSI,RSI 加速上升,None,0.0,0.5525,0.3117,,0.3117,0,6796,0.004,386.99,388.54,390.09,383.12,2026-07-07,3,False
SCI,Consumer Discretionary,Personal Services,RSI,RSI 加速上升,None,0.0,0.5525,0.3117,,0.3117,0,6796,0.004,78.56,78.87,79.19,77.77,2026-07-02,3,False
TCOM,Consumer Discretionary,Travel Services,RSI,RSI 加速上升,None,0.0,0.5525,0.3117,,0.3117,0,6796,0.004,40.81,40.97,41.14,40.4,2026-07-07,3,False
TM,Consumer Discretionary,Auto Manufacturers,RSI,RSI 加速上升,None,0.0,0.5525,0.3117,,0.3117,0,6796,0.004,179.43,180.15,180.87,177.64,2026-07-07,3,False
BIDU,Communication Services,Internet Content & Information,RSI,RSI 加速上升,None,0.0,0.5525,0.3116,,0.3116,0,3322,0.0033,114.39,114.77,115.14,113.25,2026-07-06,3,False
CCZ,Communication Services,Cable & Satellite,RSI,RSI 加速上升,None,0.0,0.5525,0.3116,,0.3116,0,3322,0.0033,66.5,66.72,66.94,65.83,2026-07-06,3,False
ECHO,Communication Services,Telecom Services,RSI,RSI 加速上升,None,0.0,0.5525,0.3116,,0.3116,0,3322,0.0033,101.5,101.83,102.17,100.48,2026-07-02,3,False
FWONA,Communication Services,Entertainment,RSI,RSI 加速上升,None,0.0,0.5525,0.3116,,0.3116,0,3322,0.0033,91.34,91.64,91.94,90.43,2026-07-07,3,False
FWONK,Communication Services,Entertainment,RSI,RSI 加速上升,None,0.0,0.5525,0.3116,,0.3116,0,3322,0.0033,98.83,99.16,99.48,97.84,2026-07-07,3,False
PINS,Communication Services,Internet Content & Information,RSI,RSI 加速上升,None,0.0,0.5525,0.3116,,0.3116,0,3322,0.0033,22.25,22.32,22.4,22.03,2026-07-06,3,False
RBLX,Communication Services,Electronic Gaming & Multimedia,RSI,RSI 加速上升,None,0.0,0.5525,0.3116,,0.3116,0,3322,0.0033,57.03,57.22,57.41,56.46,2026-07-06,3,False
RDDT,Communication Services,Internet Content & Information,RSI,RSI 加速上升,None,0.0,0.5525,0.3116,,0.3116,0,3322,0.0033,199.44,200.1,200.76,197.45,2026-07-07,3,False
ROKU,Communication Services,Entertainment,RSI,RSI 加速上升,None,0.0,0.5525,0.3116,,0.3116,0,3322,0.0033,142.26,142.73,143.2,140.84,2026-07-06,3,False
TIMB,Communication Services,Telecom Services,RSI,RSI 加速上升,None,0.0,0.5525,0.3116,,0.3116,0,3322,0.0033,21.9,21.97,22.04,21.68,2026-07-07,3,False
LMT,Industrials,Aerospace & Defense,BB,BB 中軌向上（上升趨勢）,None,0.0,0.51,0.3116,0.3116,0.2929,215,17460,0.0073,535.38,539.29,543.2,530.03,2026-07-07,3,False
DIS,Communication Services,Entertainment,RSI,RSI 加速上升,None,0.0,0.5525,0.3113,0.3113,0.3116,151,3322,0.0034,99.5,99.84,100.18,98.5,2026-07-02,3,False
NVDA,Information Technology,Semiconductors,KDJ,KDJ 金叉,None,0.0,0.5525,0.3103,0.3103,0.3918,29,1955,-0.0046,195.55,194.65,193.75,193.59,2026-07-06,3,False
LUV,Industrials,Airlines,BB,價格在 BB 中軌上方,None,0.0,0.425,0.3099,0.3099,0.295,213,22337,0.001,49.43,49.48,49.53,48.94,2026-07-07,3,False
BCE,Communication Services,Telecom Services,RSI,RSI 維持超賣,None,0.0,0.385,0.3095,,0.3095,0,42,0.0097,21.42,21.63,21.84,21.21,2026-07-02,3,True
TGT,Consumer Staples,Discount Stores,BB,BB 中軌向上（上升趨勢）,None,0.0,0.51,0.3094,0.3094,0.2466,181,6128,0.0009,127.55,127.66,127.78,126.27,2026-07-07,3,False
TDY,Information Technology,Scientific & Technical Instruments,BB,價格在 BB 中軌上方,None,0.0,0.425,0.3092,0.3092,0.3573,262,20206,0.0067,641.7,646.0,650.3,635.28,2026-07-07,3,False
VLYPO,Financials,Banks - Regional,RSI,RSI 上穿 50 中性線,None,0.0,0.4675,0.3091,,0.3091,0,1899,0.0046,24.89,25.0,25.12,24.64,2026-07-06,3,False
BLD,Industrials,Engineering & Construction,RSI,RSI 超賣區域 (30),None,0.0,0.5249999999999999,0.3086,,0.3086,0,337,0.006,0.0,0.0,0.0,0.0,2026-07-06,3,False
ITW,Industrials,Specialty Industrial Machinery,KDJ,KDJ 金叉,None,0.0,0.5525,0.3077,0.3077,0.3223,13,2110,0.0076,272.76,274.83,276.91,270.03,2026-07-02,3,False
MCO,Financials,Financial Data & Stock Exchanges,RSI,RSI 加速上升,None,0.0,0.5525,0.3077,0.3077,0.3014,143,11488,0.0067,500.49,503.84,507.2,495.49,2026-07-07,3,False
IRM,Real Estate,REIT - Specialty,BB,BB 跌破下軌 (超賣),None,0.0,0.45499999999999996,0.3077,0.3077,0.25,13,564,-0.0045,116.38,115.86,115.33,115.22,2026-07-06,3,False
EG,Financials,Insurance - Reinsurance,RSI,RSI 加速上升,None,0.0,0.5525,0.3072,0.3072,0.3014,153,11488,0.0013,372.93,373.41,373.9,369.2,2026-07-06,3,False
POOL,Industrials,Industrial Distribution,BB,BB 中軌向上（上升趨勢）,Cup & Handle,0.85,1.0,0.3066,,0.3066,0,4765,0.0048,219.47,220.52,221.58,217.28,2026-07-02,3,False
CHRW,Industrials,Integrated Freight & Logistics,RSI,RSI 維持強勢 (50-70),None,0.0,0.51,0.3059,0.3059,0.2986,219,19157,0.0004,190.95,191.03,191.1,189.04,2026-07-07,3,False
TROW,Financials,Asset Management,BB,BB 中軌向上（上升趨勢）,None,0.0,0.51,0.3059,0.3059,0.2681,170,16575,0.0082,120.16,121.15,122.13,118.96,2026-07-07,3,False
KVUE,Consumer Staples,Household & Personal Products,RSI,RSI 維持強勢 (50-70),None,0.0,0.51,0.305,0.305,0.2452,200,7574,0.004,19.56,19.64,19.72,19.36,2026-07-06,3,False
SQM,Materials,Specialty Chemicals,RSI,RSI 加速上升,None,0.0,0.5525,0.3048,,0.3048,0,3639,0.0024,73.4,73.58,73.75,72.67,2026-07-07,3,False
TECK,Materials,Other Industrial Metals & Mining,RSI,RSI 加速上升,None,0.0,0.5525,0.3048,,0.3048,0,3639,0.0024,61.45,61.6,61.74,60.84,2026-07-06,3,False
MO,Consumer Staples,Tobacco,BB,BB 中軌向上（上升趨勢）,None,0.0,0.51,0.3048,0.3048,0.2466,210,6128,0.0013,72.96,73.05,73.15,72.23,2026-07-07,3,False
RSG,Industrials,Waste Management,RSI,RSI 動能加速（強勢區）,Consolidation Breakout,0.75,1.0,0.3043,0.3043,0.2653,23,995,0.0021,222.46,222.93,223.39,220.24,2026-07-07,3,False
MDLZ,Consumer Staples,Confectioners,RSI,RSI 上穿 50 中性線,None,0.0,0.4675,0.3043,0.3043,0.2565,23,928,0.004,60.91,61.15,61.4,60.3,2026-07-02,3,False
BE,Industrials,Electrical Equipment & Parts,RSI,RSI 上穿 50 中性線,None,0.0,0.4675,0.304,,0.304,0,1816,0.0018,295.05,295.58,296.11,292.1,2026-07-06,3,False
CLH,Industrials,Waste Management,RSI,RSI 上穿 50 中性線,None,0.0,0.4675,0.304,,0.304,0,1816,0.0018,294.56,295.09,295.62,291.61,2026-07-06,3,False
DRS,Industrials,Aerospace & Defense,RSI,RSI 上穿 50 中性線,None,0.0,0.4675,0.304,,0.304,0,1816,0.0018,45.37,45.45,45.53,44.92,2026-07-06,3,False
R,Industrials,Rental & Leasing Services,RSI,RSI 上穿 50 中性線,None,0.0,0.4675,0.304,,0.304,0,1816,0.0018,262.49,262.96,263.43,259.87,2026-07-06,3,False
SPXC,Industrials,Building Products & Equipment,RSI,RSI 上穿 50 中性線,None,0.0,0.4675,0.304,,0.304,0,1816,0.0018,232.19,232.61,233.03,229.87,2026-07-06,3,False
SYM,Industrials,Specialty Industrial Machinery,RSI,RSI 上穿 50 中性線,None,0.0,0.4675,0.304,,0.304,0,1816,0.0018,44.46,44.54,44.62,44.02,2026-07-06,3,False
WAB,Industrials,Railroads,BB,BB 中軌向上（上升趨勢）,None,0.0,0.51,0.3029,0.3029,0.2929,274,17460,0.0042,262.19,263.29,264.39,259.57,2026-07-02,3,False
BALL,Consumer Discretionary,Packaging & Containers,RSI,RSI 動能加速（強勢區）,None,0.0,0.51,0.3027,,0.3027,0,1665,0.0035,63.39,63.61,63.83,62.76,2026-07-02,3,False
TFC,Financials,Banks - Regional,BB,價格在 BB 中軌上方,None,0.0,0.425,0.3022,0.3022,0.2847,278,21689,0.003,51.36,51.51,51.67,50.85,2026-07-07,3,False
ERIC,Information Technology,Communication Equipment,KDJ,KDJ 超賣區金叉,None,0.0,0.5599999999999999,0.3016,,0.3016,0,368,-0.0,10.89,10.89,10.89,10.78,2026-07-06,3,False
BBVA,Financials,Banks - Diversified,RSI,RSI 加速上升,None,0.0,0.5525,0.3014,,0.3014,0,11488,0.0041,26.07,26.18,26.28,25.81,2026-07-07,3,False
BPYPM,Financials,Asset Management,RSI,RSI 加速上升,None,0.0,0.5525,0.3014,,0.3014,0,11488,0.0041,15.97,16.04,16.1,15.81,2026-07-07,3,False
BSAC,Financials,Banks - Regional,RSI,RSI 加速上升,None,0.0,0.5525,0.3014,,0.3014,0,11488,0.0041,33.7,33.84,33.98,33.36,2026-07-07,3,False
BSBR,Financials,Banks - Regional,RSI,RSI 加速上升,None,0.0,0.5525,0.3014,,0.3014,0,11488,0.0041,5.29,5.31,5.33,5.24,2026-07-06,3,False
CNA,Financials,Insurance - Property & Casualty,RSI,RSI 加速上升,None,0.0,0.5525,0.3014,,0.3014,0,11488,0.0041,51.8,52.01,52.22,51.28,2026-07-07,3,False
HBANM,Financials,Banks - Regional,RSI,RSI 加速上升,None,0.0,0.5525,0.3014,,0.3014,0,11488,0.0041,20.89,20.98,21.06,20.68,2026-07-06,3,False
HBANP,Financials,Banks - Regional,RSI,RSI 加速上升,None,0.0,0.5525,0.3014,,0.3014,0,11488,0.0041,16.15,16.22,16.28,15.99,2026-07-07,3,False
HDB,Financials,Banks - Regional,RSI,RSI 加速上升,None,0.0,0.5525,0.3014,,0.3014,0,11488,0.0041,27.13,27.24,27.35,26.86,2026-07-07,3,False
LYG,Financials,Banks - Regional,RSI,RSI 加速上升,None,0.0,0.5525,0.3014,,0.3014,0,11488,0.0041,6.05,6.07,6.1,5.99,2026-07-07,3,False
MFC,Financials,Insurance - Life,RSI,RSI 加速上升,None,0.0,0.5525,0.3014,,0.3014,0,11488,0.0041,41.36,41.53,41.7,40.95,2026-07-06,3,False
MKL,Financials,Insurance - Property & Casualty,RSI,RSI 加速上升,None,0.0,0.5525,0.3014,,0.3014,0,11488,0.0041,1979.65,1987.77,1995.88,1959.85,2026-07-02,3,False
NMR,Financials,Capital Markets,RSI,RSI 加速上升,None,0.0,0.5525,0.3014,,0.3014,0,11488,0.0041,9.42,9.46,9.5,9.33,2026-07-07,3,False
NU,Financials,Banks - Regional,RSI,RSI 加速上升,None,0.0,0.5525,0.3014,,0.3014,0,11488,0.0041,14.06,14.12,14.18,13.92,2026-07-06,3,False
NWG,Financials,Banks - Regional,RSI,RSI 加速上升,None,0.0,0.5525,0.3014,,0.3014,0,11488,0.0041,18.37,18.45,18.52,18.19,2026-07-06,3,False
ORI,Financials,Insurance - Property & Casualty,RSI,RSI 加速上升,None,0.0,0.5525,0.3014,,0.3014,0,11488,0.0041,41.87,42.04,42.21,41.45,2026-07-02,3,False
PUK,Financials,Insurance - Life,RSI,RSI 加速上升,None,0.0,0.5525,0.3014,,0.3014,0,11488,0.0041,27.65,27.76,27.88,27.37,2026-07-07,3,False
RGA,Financials,Insurance - Reinsurance,RSI,RSI 加速上升,None,0.0,0.5525,0.3014,,0.3014,0,11488,0.0041,224.08,225.0,225.92,221.84,2026-07-06,3,False
RKT,Financials,Mortgage Finance,RSI,RSI 加速上升,None,0.0,0.5525,0.3014,,0.3014,0,11488,0.0041,15.77,15.83,15.9,15.61,2026-07-02,3,False
RYAN,Financials,Insurance - Specialty,RSI,RSI 加速上升,None,0.0,0.5525,0.3014,,0.3014,0,11488,0.0041,42.03,42.2,42.37,41.61,2026-07-02,3,False
SAN,Financials,Banks - Diversified,RSI,RSI 加速上升,None,0.0,0.5525,0.3014,,0.3014,0,11488,0.0041,14.37,14.43,14.49,14.23,2026-07-06,3,False
SLF,Financials,Insurance - Diversified,RSI,RSI 加速上升,None,0.0,0.5525,0.3014,,0.3014,0,11488,0.0041,79.65,79.98,80.3,78.85,2026-07-02,3,False
SNEX,Financials,Capital Markets,RSI,RSI 加速上升,None,0.0,0.5525,0.3014,,0.3014,0,11488,0.0041,121.49,121.99,122.49,120.28,2026-07-07,3,False
SOFI,Financials,Credit Services,RSI,RSI 加速上升,None,0.0,0.5525,0.3014,,0.3014,0,11488,0.0041,18.24,18.31,18.39,18.06,2026-07-02,3,False
TRU,Financials,Financial Data & Stock Exchanges,RSI,RSI 加速上升,None,0.0,0.5525,0.3014,,0.3014,0,11488,0.0041,78.78,79.1,79.43,77.99,2026-07-07,3,False
TW,Financials,Capital Markets,RSI,RSI 加速上升,None,0.0,0.5525,0.3014,,0.3014,0,11488,0.0041,100.26,100.67,101.08,99.26,2026-07-07,3,False
VLYPP,Financials,Banks - Regional,RSI,RSI 加速上升,None,0.0,0.5525,0.3014,,0.3014,0,11488,0.0041,24.97,25.07,25.17,24.72,2026-07-07,3,False
WBS,Financials,Banks - Regional,RSI,RSI 加速上升,None,0.0,0.5525,0.3014,,0.3014,0,11488,0.0041,77.6,77.92,78.24,76.82,2026-07-06,3,False
COP,Energy,Oil & Gas E&P,RSI,RSI 加速上升,None,0.0,0.5525,0.3011,0.3011,0.3227,176,3306,-0.0002,108.44,108.42,108.4,107.36,2026-07-07,3,False
CSX,Industrials,Railroads,BB,價格在 BB 中軌上方,None,0.0,0.425,0.3006,0.3006,0.295,336,22337,0.0054,48.51,48.77,49.03,48.02,2026-07-07,3,False
SREA,Unknown,Unknown,RSI,RSI 動能加速（強勢區）,None,0.0,0.51,0.3003,,0.3003,0,766,0.0,21.35,21.35,21.35,21.14,2026-07-06,3,False
ENLT,Utilities,Utilities - Renewable,KDJ,KDJ 金叉,None,0.0,0.5525,0.3001,,0.3001,0,713,0.0052,89.03,89.49,89.96,88.14,2026-07-06,3,False
FTS,Utilities,Utilities - Regulated Electric,KDJ,KDJ 金叉,None,0.0,0.5525,0.3001,,0.3001,0,713,0.0052,57.98,58.28,58.58,57.4,2026-07-02,3,False
KEP,Utilities,Utilities - Regulated Electric,KDJ,KDJ 金叉,None,0.0,0.5525,0.3001,,0.3001,0,713,0.0052,12.5,12.57,12.63,12.38,2026-07-02,3,False
NGG,Utilities,Utilities - Regulated Electric,KDJ,KDJ 金叉,None,0.0,0.5525,0.3001,,0.3001,0,713,0.0052,83.11,83.54,83.97,82.28,2026-07-07,3,False
EOG,Energy,Oil & Gas E&P,KDJ,KDJ 金叉,None,0.0,0.5525,0.3,0.3,0.3614,20,498,0.0001,134.54,134.55,134.57,133.19,2026-07-07,3,False
INCY,Health Care,Biotechnology,RSI,RSI 動能加速（強勢區）,None,0.0,0.51,0.3,0.3,0.2606,30,1869,0.0016,116.86,117.05,117.23,115.69,2026-07-02,3,False
KHC,Consumer Staples,Packaged Foods,RSI,RSI 動能加速（強勢區）,None,0.0,0.51,0.3,0.3,0.2456,20,1148,-0.0052,25.3,25.17,25.04,25.05,2026-07-07,3,False
IHG,Consumer Discretionary,Lodging,RSI,RSI 維持強勢 (50-70),None,0.0,0.51,0.2995,,0.2995,0,10441,0.0032,166.63,167.16,167.7,164.96,2026-07-07,3,False
IP,Consumer Discretionary,Packaging & Containers,RSI,RSI 維持強勢 (50-70),None,0.0,0.51,0.2995,,0.2995,0,10441,0.0032,37.92,38.04,38.16,37.54,2026-07-07,3,False
PKG,Consumer Discretionary,Packaging & Containers,RSI,RSI 維持強勢 (50-70),None,0.0,0.51,0.2995,,0.2995,0,10441,0.0032,232.4,233.14,233.89,230.08,2026-07-07,3,False
SGI,Consumer Discretionary,"Furnishings, Fixtures & Appliances",RSI,RSI 維持強勢 (50-70),None,0.0,0.51,0.2995,,0.2995,0,10441,0.0032,74.82,75.06,75.3,74.07,2026-07-07,3,False
SN,Consumer Discretionary,"Furnishings, Fixtures & Appliances",RSI,RSI 維持強勢 (50-70),None,0.0,0.51,0.2995,,0.2995,0,10441,0.0032,150.94,151.42,151.91,149.43,2026-07-07,3,False
SW,Consumer Discretionary,Packaging & Containers,RSI,RSI 維持強勢 (50-70),None,0.0,0.51,0.2995,,0.2995,0,10441,0.0032,45.0,45.14,45.29,44.55,2026-07-07,3,False
TOL,Consumer Discretionary,Residential Construction,RSI,RSI 維持強勢 (50-70),None,0.0,0.51,0.2995,,0.2995,0,10441,0.0032,151.64,152.13,152.61,150.12,2026-07-07,3,False
TXRH,Consumer Discretionary,Restaurants,RSI,RSI 維持強勢 (50-70),None,0.0,0.51,0.2995,,0.2995,0,10441,0.0032,187.03,187.63,188.23,185.16,2026-07-07,3,False
VIK,Consumer Discretionary,Travel Services,RSI,RSI 維持強勢 (50-70),None,0.0,0.51,0.2995,,0.2995,0,10441,0.0032,100.01,100.33,100.65,99.01,2026-07-07,3,False
W,Consumer Discretionary,Internet Retail,RSI,RSI 維持強勢 (50-70),None,0.0,0.51,0.2995,,0.2995,0,10441,0.0032,93.25,93.55,93.85,92.32,2026-07-07,3,False
PSX,Energy,Oil & Gas Refining & Marketing,RSI,RSI 維持強勢 (50-70),None,0.0,0.51,0.2987,0.2987,0.2963,231,4891,0.0022,178.84,179.23,179.63,177.05,2026-07-07,3,False
CNH,Industrials,Farm & Heavy Construction Machinery,RSI,RSI 維持強勢 (50-70),None,0.0,0.51,0.2986,,0.2986,0,19157,0.0036,10.87,10.91,10.95,10.76,2026-07-06,3,False
CNI,Industrials,Railroads,RSI,RSI 維持強勢 (50-70),None,0.0,0.51,0.2986,,0.2986,0,19157,0.0036,121.66,122.1,122.54,120.44,2026-07-06,3,False
CR,Industrials,Specialty Industrial Machinery,RSI,RSI 維持強勢 (50-70),None,0.0,0.51,0.2986,,0.2986,0,19157,0.0036,218.23,219.02,219.8,216.05,2026-07-07,3,False
CRS,Industrials,Metal Fabrication,RSI,RSI 維持強勢 (50-70),None,0.0,0.51,0.2986,,0.2986,0,19157,0.0036,590.35,592.48,594.6,584.45,2026-07-07,3,False
CSL,Industrials,Building Products & Equipment,RSI,RSI 維持強勢 (50-70),None,0.0,0.51,0.2986,,0.2986,0,19157,0.0036,367.15,368.47,369.79,363.48,2026-07-06,3,False
DCI,Industrials,Specialty Industrial Machinery,RSI,RSI 維持強勢 (50-70),None,0.0,0.51,0.2986,,0.2986,0,19157,0.0036,89.54,89.86,90.18,88.64,2026-07-07,3,False
GPN,Industrials,Specialty Business Services,RSI,RSI 維持強勢 (50-70),None,0.0,0.51,0.2986,,0.2986,0,19157,0.0036,77.59,77.87,78.15,76.81,2026-07-07,3,False
HEI,Industrials,Aerospace & Defense,RSI,RSI 維持強勢 (50-70),None,0.0,0.51,0.2986,,0.2986,0,19157,0.0036,358.02,359.31,360.6,354.44,2026-07-07,3,False
KNX,Industrials,Trucking,RSI,RSI 維持強勢 (50-70),None,0.0,0.51,0.2986,,0.2986,0,19157,0.0036,76.35,76.62,76.9,75.59,2026-07-02,3,False
LTM,Industrials,Airlines,RSI,RSI 維持強勢 (50-70),None,0.0,0.51,0.2986,,0.2986,0,19157,0.0036,56.73,56.93,57.14,56.16,2026-07-07,3,False
OC,Industrials,Building Products & Equipment,RSI,RSI 維持強勢 (50-70),None,0.0,0.51,0.2986,,0.2986,0,19157,0.0036,142.22,142.73,143.24,140.8,2026-07-07,3,False
RBA,Industrials,Specialty Business Services,RSI,RSI 維持強勢 (50-70),None,0.0,0.51,0.2986,,0.2986,0,19157,0.0036,113.29,113.7,114.11,112.16,2026-07-07,3,False
RRX,Industrials,Specialty Industrial Machinery,RSI,RSI 維持強勢 (50-70),None,0.0,0.51,0.2986,,0.2986,0,19157,0.0036,217.91,218.69,219.48,215.73,2026-07-06,3,False
TRI,Industrials,Specialty Business Services,RSI,RSI 維持強勢 (50-70),None,0.0,0.51,0.2986,,0.2986,0,19157,0.0036,90.76,91.09,91.41,89.85,2026-07-07,3,False
ULS,Industrials,Specialty Business Services,RSI,RSI 維持強勢 (50-70),None,0.0,0.51,0.2986,,0.2986,0,19157,0.0036,96.99,97.34,97.69,96.02,2026-07-02,3,False
VMI,Industrials,Conglomerates,RSI,RSI 維持強勢 (50-70),None,0.0,0.51,0.2986,,0.2986,0,19157,0.0036,564.07,566.1,568.13,558.43,2026-07-06,3,False
WCN,Industrials,Waste Management,RSI,RSI 維持強勢 (50-70),None,0.0,0.51,0.2986,,0.2986,0,19157,0.0036,167.62,168.22,168.83,165.94,2026-07-06,3,False
WMS,Industrials,Building Products & Equipment,RSI,RSI 維持強勢 (50-70),None,0.0,0.51,0.2986,,0.2986,0,19157,0.0036,149.07,149.61,150.14,147.58,2026-07-07,3,False
WSO,Industrials,Industrial Distribution,RSI,RSI 維持強勢 (50-70),None,0.0,0.51,0.2986,,0.2986,0,19157,0.0036,399.06,400.5,401.93,395.07,2026-07-06,3,False
WTS,Industrials,Specialty Industrial Machinery,RSI,RSI 維持強勢 (50-70),None,0.0,0.51,0.2986,,0.2986,0,19157,0.0036,357.29,358.58,359.86,353.72,2026-07-07,3,False
WWD,Industrials,Aerospace & Defense,RSI,RSI 維持強勢 (50-70),None,0.0,0.51,0.2986,,0.2986,0,19157,0.0036,404.84,406.3,407.75,400.79,2026-07-07,3,False
ZTO,Industrials,Integrated Freight & Logistics,RSI,RSI 維持強勢 (50-70),None,0.0,0.51,0.2986,,0.2986,0,19157,0.0036,23.03,23.11,23.2,22.8,2026-07-06,3,False
CCK,Consumer Discretionary,Packaging & Containers,BB,價格在 BB 中軌上方,None,0.0,0.425,0.2984,,0.2984,0,12430,0.0031,112.48,112.83,113.18,111.36,2026-07-07,3,False
RKLB,Industrials,Aerospace & Defense,RSI,RSI 加速上升,None,0.0,0.5525,0.2981,,0.2981,0,11545,0.003,93.09,93.37,93.65,92.16,2026-07-06,3,False
XPO,Industrials,Trucking,RSI,RSI 加速上升,None,0.0,0.5525,0.2981,,0.2981,0,11545,0.003,206.78,207.4,208.02,204.71,2026-07-06,3,False
VOD,Communication Services,Telecom Services,RSI,RSI 維持超賣,None,0.0,0.385,0.2977,,0.2977,0,262,-0.0011,13.05,13.04,13.02,12.92,2026-07-07,3,False
MOD,Consumer Discretionary,Auto Parts,BB,BB 跌破下軌 (超賣),None,0.0,0.45499999999999996,0.2974,,0.2974,0,733,0.0008,230.97,231.15,231.34,228.66,2026-07-02,3,False
TRMB,Information Technology,Scientific & Technical Instruments,RSI,RSI 加速上升,None,0.0,0.5525,0.2971,0.2971,0.3693,138,10688,-0.0007,53.73,53.69,53.65,53.19,2026-07-07,3,False
BIPJ,Unknown,Unknown,RSI,RSI 維持強勢 (50-70),None,0.0,0.51,0.2969,,0.2969,0,4897,0.0,25.0,25.0,25.0,24.75,2026-07-07,3,False
KKRS,Unknown,Unknown,RSI,RSI 維持強勢 (50-70),None,0.0,0.51,0.2969,,0.2969,0,4897,0.0,16.27,16.27,16.27,16.11,2026-07-07,3,False
SOJE,Unknown,Unknown,RSI,RSI 維持強勢 (50-70),None,0.0,0.51,0.2969,,0.2969,0,4897,0.0,16.99,16.99,16.99,16.82,2026-07-07,3,False
TBB,Unknown,Unknown,RSI,RSI 維持強勢 (50-70),None,0.0,0.51,0.2969,,0.2969,0,4897,0.0,20.8,20.8,20.8,20.59,2026-07-06,3,False
MNST,Consumer Staples,Beverages - Non-Alcoholic,BB,BB 中軌向上（上升趨勢）,None,0.0,0.51,0.2966,0.2966,0.2466,236,6128,0.0044,96.92,97.35,97.77,95.95,2026-07-07,3,False
ISRG,Health Care,Medical Instruments & Supplies,RSI,RSI 維持強勢 (50-70),None,0.0,0.51,0.2952,0.2952,0.2772,210,12123,0.0085,427.3,430.93,434.56,423.03,2026-07-07,3,False
BWXT,Industrials,Aerospace & Defense,BB,價格在 BB 中軌上方,None,0.0,0.425,0.295,,0.295,0,22337,0.0034,196.89,197.56,198.23,194.92,2026-07-06,3,False
FER,Industrials,Engineering & Construction,BB,價格在 BB 中軌上方,None,0.0,0.425,0.295,,0.295,0,22337,0.0034,68.22,68.45,68.68,67.54,2026-07-06,3,False
MTZ,Industrials,Engineering & Construction,BB,價格在 BB 中軌上方,None,0.0,0.425,0.295,,0.295,0,22337,0.0034,380.63,381.92,383.22,376.82,2026-07-06,3,False
RTX,Industrials,Aerospace & Defense,RSI,RSI 加速上升,None,0.0,0.5525,0.2941,0.2941,0.2981,153,11545,0.0045,200.85,201.75,202.66,198.84,2026-07-07,3,False
ADBE,Information Technology,Software - Application,MACD,MACD 金叉 (空頭區),None,0.0,0.42,0.2941,0.2941,0.3767,17,754,0.003,210.98,211.61,212.25,208.87,2026-07-01,3,False
FERG,Industrials,Industrial Distribution,BB,BB 中軌向上（上升趨勢）,None,0.0,0.51,0.2929,,0.2929,0,17460,0.0036,228.92,229.74,230.57,226.63,2026-07-06,3,False
FTAI,Industrials,Aerospace & Defense,BB,BB 中軌向上（上升趨勢）,None,0.0,0.51,0.2929,,0.2929,0,17460,0.0036,241.54,242.41,243.28,239.12,2026-07-06,3,False
RBC,Industrials,Tools & Accessories,BB,BB 中軌向上（上升趨勢）,None,0.0,0.51,0.2929,,0.2929,0,17460,0.0036,600.26,602.42,604.58,594.26,2026-07-07,3,False
NWS,Communication Services,Entertainment,RSI,RSI 上穿 50 中性線,None,0.0,0.4675,0.2917,0.2917,0.3243,24,518,-0.0005,30.17,30.15,30.14,29.87,2026-07-02,3,False
HPE,Information Technology,Communication Equipment,BB,BB 跌破下軌 (超賣),None,0.0,0.45499999999999996,0.2917,0.2917,0.3447,24,1001,-0.0264,41.23,40.14,39.05,40.82,2026-07-02,3,False
ETR,Utilities,Utilities - Regulated Electric,RSI,RSI 動能加速（強勢區）,None,0.0,0.51,0.2909,0.2909,0.2198,55,1556,0.0018,115.19,115.4,115.6,114.04,2026-07-07,3,False
ELV,Health Care,Healthcare Plans,RSI,RSI 加速上升,None,0.0,0.5525,0.2908,0.2908,0.2803,141,8492,-0.0014,418.85,418.26,417.68,414.66,2026-07-07,3,False
COR,Health Care,Medical Distribution,RSI,RSI 加速上升,None,0.0,0.5525,0.2898,0.2898,0.2803,176,8492,0.0022,304.48,305.15,305.82,301.44,2026-07-07,3,False
BMY,Health Care,Drug Manufacturers - General,RSI,RSI 維持強勢 (50-70),None,0.0,0.51,0.2879,0.2879,0.2772,198,12123,-0.0008,57.97,57.92,57.88,57.39,2026-07-07,3,False
ABBV,Health Care,Drug Manufacturers - General,BB,BB 中軌向上（上升趨勢）,None,0.0,0.51,0.2876,0.2876,0.2705,226,10885,0.006,254.76,256.29,257.82,252.21,2026-07-06,3,False
BKNG,Consumer Discretionary,Travel Services,RSI,RSI 維持強勢 (50-70),None,0.0,0.51,0.2874,0.2874,0.2995,261,10441,0.0048,181.95,182.82,183.7,180.13,2026-07-07,3,False
PHM,Consumer Discretionary,Residential Construction,RSI,RSI 維持強勢 (50-70),None,0.0,0.51,0.2874,0.2874,0.2995,247,10441,0.0003,129.92,129.96,130.0,128.62,2026-07-07,3,False
CAH,Health Care,Medical Distribution,BB,價格在 BB 中軌上方,None,0.0,0.425,0.2873,0.2873,0.2804,362,14417,0.0074,239.71,241.48,243.26,237.31,2026-07-07,3,False
ES,Utilities,Utilities - Regulated Electric,BB,價格在 BB 中軌上方,None,0.0,0.425,0.2873,0.2873,0.246,268,9864,0.0035,74.75,75.01,75.27,74.0,2026-07-07,3,False
BBY,Consumer Discretionary,Specialty Retail,RSI,RSI 維持強勢 (50-70),None,0.0,0.51,0.2865,0.2865,0.2995,178,10441,-0.0045,78.72,78.37,78.01,77.93,2026-07-07,3,False
HUBB,Industrials,Electrical Equipment & Parts,BB,BB 中軌向上（上升趨勢）,None,0.0,0.51,0.2863,0.2863,0.2929,227,17460,0.002,478.89,479.85,480.81,474.1,2026-07-07,3,False
JHX,Materials,Building Materials,RSI,RSI 維持強勢 (50-70),None,0.0,0.51,0.286,,0.286,0,5721,0.0013,25.05,25.08,25.12,24.8,2026-07-07,3,False
RPM,Materials,Specialty Chemicals,RSI,RSI 維持強勢 (50-70),None,0.0,0.51,0.286,,0.286,0,5721,0.0013,108.28,108.42,108.56,107.2,2026-07-07,3,False
SPG,Real Estate,REIT - Retail,KDJ,KDJ 金叉,None,0.0,0.5525,0.2857,0.2857,0.2818,14,550,0.0101,227.19,229.48,231.78,224.92,2026-07-07,3,False
CINF,Financials,Insurance - Property & Casualty,BB,價格在 BB 中軌上方,None,0.0,0.425,0.2857,0.2857,0.2847,315,21689,0.0021,189.06,189.46,189.85,187.17,2026-07-07,3,False
BTSGU,Health Care,Health Information Services,KDJ,KDJ 金叉,None,0.0,0.5525,0.2852,,0.2852,0,1536,0.0022,233.69,234.2,234.72,231.35,2026-07-06,3,False
CRSP,Health Care,Biotechnology,KDJ,KDJ 金叉,None,0.0,0.5525,0.2852,,0.2852,0,1536,0.0022,60.08,60.21,60.34,59.48,2026-07-02,3,False
FMS,Health Care,Medical Care Facilities,KDJ,KDJ 金叉,None,0.0,0.5525,0.2852,,0.2852,0,1536,0.0022,23.53,23.58,23.63,23.29,2026-07-02,3,False
IONS,Health Care,Biotechnology,KDJ,KDJ 金叉,None,0.0,0.5525,0.2852,,0.2852,0,1536,0.0022,81.8,81.98,82.16,80.98,2026-07-02,3,False
MDGL,Health Care,Biotechnology,KDJ,KDJ 金叉,None,0.0,0.5525,0.2852,,0.2852,0,1536,0.0022,545.36,546.56,547.76,539.91,2026-07-07,3,False
IEX,Industrials,Specialty Industrial Machinery,BB,價格在 BB 中軌上方,None,0.0,0.425,0.2852,0.2852,0.295,277,22337,0.0019,224.46,224.89,225.31,222.22,2026-07-06,3,False
BBD,Financials,Banks - Regional,BB,價格在 BB 中軌上方,None,0.0,0.425,0.2847,,0.2847,0,21689,0.0031,3.433,3.44,3.45,3.4,2026-07-06,3,False
EWBC,Financials,Banks - Regional,BB,價格在 BB 中軌上方,None,0.0,0.425,0.2847,,0.2847,0,21689,0.0031,130.49,130.89,131.3,129.19,2026-07-07,3,False
FHN,Financials,Banks - Regional,BB,價格在 BB 中軌上方,None,0.0,0.425,0.2847,,0.2847,0,21689,0.0031,25.76,25.84,25.92,25.5,2026-07-07,3,False
IBN,Financials,Banks - Regional,BB,價格在 BB 中軌上方,None,0.0,0.425,0.2847,,0.2847,0,21689,0.0031,29.69,29.78,29.87,29.39,2026-07-07,3,False
ITUB,Financials,Banks - Regional,BB,價格在 BB 中軌上方,None,0.0,0.425,0.2847,,0.2847,0,21689,0.0031,8.23,8.26,8.28,8.15,2026-07-07,3,False
KLAR,Financials,Credit Services,BB,價格在 BB 中軌上方,None,0.0,0.425,0.2847,,0.2847,0,21689,0.0031,19.42,19.48,19.54,19.23,2026-07-07,3,False
PNFP,Financials,Banks - Regional,BB,價格在 BB 中軌上方,None,0.0,0.425,0.2847,,0.2847,0,21689,0.0031,100.78,101.09,101.4,99.77,2026-07-07,3,False
UMBF,Financials,Banks - Regional,BB,價格在 BB 中軌上方,None,0.0,0.425,0.2847,,0.2847,0,21689,0.0031,146.005,146.46,146.91,144.54,2026-07-07,3,False
WTFC,Financials,Banks - Regional,BB,價格在 BB 中軌上方,None,0.0,0.425,0.2847,,0.2847,0,21689,0.0031,161.45,161.95,162.45,159.84,2026-07-07,3,False
IDXX,Health Care,Diagnostics & Research,RSI,RSI 加速上升,None,0.0,0.5525,0.2846,0.2846,0.2803,123,8492,-0.0002,570.25,570.14,570.02,564.55,2026-07-07,3,False
DY,Industrials,Engineering & Construction,BB,BB 跌破下軌 (超賣),None,0.0,0.45499999999999996,0.2838,,0.2838,0,1258,0.0043,413.15,414.93,416.7,409.02,2026-07-07,3,False
IESC,Industrials,Engineering & Construction,BB,BB 跌破下軌 (超賣),None,0.0,0.45499999999999996,0.2838,,0.2838,0,1258,0.0043,609.47,612.09,614.71,603.38,2026-07-07,3,False
NVT,Industrials,Electrical Equipment & Parts,BB,BB 跌破下軌 (超賣),None,0.0,0.45499999999999996,0.2838,,0.2838,0,1258,0.0043,152.15,152.8,153.46,150.63,2026-07-02,3,False
POWL,Industrials,Electrical Equipment & Parts,BB,BB 跌破下軌 (超賣),None,0.0,0.45499999999999996,0.2838,,0.2838,0,1258,0.0043,234.05,235.06,236.06,231.71,2026-07-07,3,False
STRL,Industrials,Engineering & Construction,BB,BB 跌破下軌 (超賣),None,0.0,0.45499999999999996,0.2838,,0.2838,0,1258,0.0043,674.39,677.29,680.19,667.65,2026-07-07,3,False
COF,Financials,Credit Services,BB,價格在 BB 中軌上方,None,0.0,0.425,0.2832,0.2832,0.2847,226,21689,-0.0004,202.89,202.81,202.73,200.86,2026-07-07,3,False
VMC,Materials,Building Materials,RSI,RSI 動能加速（強勢區）,None,0.0,0.51,0.283,0.283,0.2962,53,942,0.0058,303.19,304.95,306.71,300.16,2026-07-02,3,False
IFF,Materials,Specialty Chemicals,RSI,RSI 維持強勢 (50-70),None,0.0,0.51,0.2828,0.2828,0.286,244,5721,-0.0019,81.83,81.67,81.52,81.01,2026-07-07,3,False
O,Real Estate,REIT - Retail,RSI,RSI 動能加速（強勢區）,None,0.0,0.51,0.2826,0.2826,0.2452,46,1093,0.0085,64.01,64.55,65.1,63.37,2026-07-07,3,False
CMS,Utilities,Utilities - Regulated Electric,RSI,RSI 動能加速（強勢區）,None,0.0,0.51,0.2821,0.2821,0.2198,39,1556,0.0081,77.73,78.36,78.99,76.95,2026-07-02,3,False
BPYPN,Real Estate,Real Estate Services,KDJ,KDJ 金叉,None,0.0,0.5525,0.2818,,0.2818,0,550,0.0003,13.64,13.64,13.65,13.5,2026-07-06,3,False
BPYPO,Real Estate,Real Estate Services,KDJ,KDJ 金叉,None,0.0,0.5525,0.2818,,0.2818,0,550,0.0003,15.09,15.09,15.1,14.94,2026-07-07,3,False
BPYPP,Real Estate,Real Estate Services,KDJ,KDJ 金叉,None,0.0,0.5525,0.2818,,0.2818,0,550,0.0003,15.505,15.51,15.51,15.35,2026-07-07,3,False
NLY,Real Estate,REIT - Mortgage,KDJ,KDJ 金叉,None,0.0,0.5525,0.2818,,0.2818,0,550,0.0003,22.56,22.57,22.57,22.33,2026-07-02,3,False
STZ,Consumer Staples,Beverages - Brewers,BB,BB 跌破下軌 (超賣),None,0.0,0.45499999999999996,0.2812,0.2812,0.2667,32,705,0.0038,131.76,132.26,132.76,130.44,2026-07-07,3,False
IR,Industrials,Specialty Industrial Machinery,BB,價格在 BB 中軌上方,None,0.0,0.425,0.281,0.281,0.295,242,22337,0.0013,78.71,78.81,78.91,77.92,2026-07-07,3,False
COO,Health Care,Medical Instruments & Supplies,RSI,RSI 加速上升,None,0.0,0.5525,0.2808,0.2808,0.2803,146,8492,-0.0015,74.2,74.09,73.98,73.46,2026-07-02,3,False
BBIO,Health Care,Biotechnology,BB,價格在 BB 中軌上方,None,0.0,0.425,0.2804,,0.2804,0,14417,0.0008,77.91,77.97,78.03,77.13,2026-07-07,3,False
BMRN,Health Care,Biotechnology,BB,價格在 BB 中軌上方,None,0.0,0.425,0.2804,,0.2804,0,14417,0.0008,58.79,58.84,58.88,58.2,2026-07-06,3,False
BNTX,Health Care,Biotechnology,BB,價格在 BB 中軌上方,None,0.0,0.425,0.2804,,0.2804,0,14417,0.0008,94.29,94.37,94.44,93.35,2026-07-07,3,False
BRKRP,Health Care,Medical Devices,BB,價格在 BB 中軌上方,None,0.0,0.425,0.2804,,0.2804,0,14417,0.0008,434.15,434.5,434.84,429.81,2026-07-07,3,False
BTSG,Health Care,Health Information Services,BB,價格在 BB 中軌上方,None,0.0,0.425,0.2804,,0.2804,0,14417,0.0008,70.17,70.23,70.28,69.47,2026-07-07,3,False
CYTK,Health Care,Biotechnology,BB,價格在 BB 中軌上方,None,0.0,0.425,0.2804,,0.2804,0,14417,0.0008,85.56,85.63,85.7,84.7,2026-07-07,3,False
ELAN,Health Care,Drug Manufacturers - Specialty & Generic,BB,價格在 BB 中軌上方,None,0.0,0.425,0.2804,,0.2804,0,14417,0.0008,24.64,24.66,24.68,24.39,2026-07-07,3,False
EXEL,Health Care,Biotechnology,BB,價格在 BB 中軌上方,None,0.0,0.425,0.2804,,0.2804,0,14417,0.0008,57.08,57.13,57.17,56.51,2026-07-07,3,False
GH,Health Care,Diagnostics & Research,BB,價格在 BB 中軌上方,None,0.0,0.425,0.2804,,0.2804,0,14417,0.0008,162.92,163.05,163.18,161.29,2026-07-07,3,False
GMAB,Health Care,Biotechnology,BB,價格在 BB 中軌上方,None,0.0,0.425,0.2804,,0.2804,0,14417,0.0008,29.18,29.2,29.23,28.89,2026-07-07,3,False
GMED,Health Care,Medical Devices,BB,價格在 BB 中軌上方,None,0.0,0.425,0.2804,,0.2804,0,14417,0.0008,80.5,80.56,80.63,79.69,2026-07-06,3,False
HLN,Health Care,Drug Manufacturers - Specialty & Generic,BB,價格在 BB 中軌上方,None,0.0,0.425,0.2804,,0.2804,0,14417,0.0008,9.84,9.85,9.86,9.74,2026-07-07,3,False
ICLR,Health Care,Diagnostics & Research,BB,價格在 BB 中軌上方,None,0.0,0.425,0.2804,,0.2804,0,14417,0.0008,168.72,168.85,168.99,167.03,2026-07-07,3,False
ILMN,Health Care,Diagnostics & Research,BB,價格在 BB 中軌上方,None,0.0,0.425,0.2804,,0.2804,0,14417,0.0008,191.76,191.91,192.07,189.84,2026-07-07,3,False
JAZZ,Health Care,Biotechnology,BB,價格在 BB 中軌上方,None,0.0,0.425,0.2804,,0.2804,0,14417,0.0008,247.72,247.92,248.12,245.24,2026-07-07,3,False
KRYS,Health Care,Biotechnology,BB,價格在 BB 中軌上方,None,0.0,0.425,0.2804,,0.2804,0,14417,0.0008,368.6,368.89,369.19,364.91,2026-07-07,3,False
MDLN,Health Care,Medical Instruments & Supplies,BB,價格在 BB 中軌上方,None,0.0,0.425,0.2804,,0.2804,0,14417,0.0008,43.01,43.04,43.08,42.58,2026-07-07,3,False
MEDP,Health Care,Diagnostics & Research,BB,價格在 BB 中軌上方,None,0.0,0.425,0.2804,,0.2804,0,14417,0.0008,546.29,546.73,547.16,540.83,2026-07-07,3,False
MOH,Health Care,Healthcare Plans,BB,價格在 BB 中軌上方,None,0.0,0.425,0.2804,,0.2804,0,14417,0.0008,232.9,233.09,233.27,230.57,2026-07-07,3,False
NBIX,Health Care,Drug Manufacturers - Specialty & Generic,BB,價格在 BB 中軌上方,None,0.0,0.425,0.2804,,0.2804,0,14417,0.0008,177.49,177.63,177.77,175.72,2026-07-07,3,False
NTRA,Health Care,Diagnostics & Research,BB,價格在 BB 中軌上方,None,0.0,0.425,0.2804,,0.2804,0,14417,0.0008,281.27,281.5,281.72,278.46,2026-07-07,3,False
NVO,Health Care,Drug Manufacturers - General,BB,價格在 BB 中軌上方,None,0.0,0.425,0.2804,,0.2804,0,14417,0.0008,49.64,49.68,49.72,49.14,2026-07-07,3,False
NVS,Health Care,Drug Manufacturers - General,BB,價格在 BB 中軌上方,None,0.0,0.425,0.2804,,0.2804,0,14417,0.0008,157.03,157.16,157.28,155.46,2026-07-07,3,False
PEN,Health Care,Medical Devices,BB,價格在 BB 中軌上方,None,0.0,0.425,0.2804,,0.2804,0,14417,0.0008,318.31,318.56,318.82,315.13,2026-07-07,3,False
PHG,Health Care,Medical Devices,BB,價格在 BB 中軌上方,None,0.0,0.425,0.2804,,0.2804,0,14417,0.0008,28.23,28.25,28.28,27.95,2026-07-07,3,False
RDY,Health Care,Drug Manufacturers - Specialty & Generic,BB,價格在 BB 中軌上方,None,0.0,0.425,0.2804,,0.2804,0,14417,0.0008,14.63,14.64,14.65,14.48,2026-07-07,3,False
ROIV,Health Care,Biotechnology,BB,價格在 BB 中軌上方,None,0.0,0.425,0.2804,,0.2804,0,14417,0.0008,36.31,36.34,36.37,35.95,2026-07-07,3,False
RPRX,Health Care,Biotechnology,BB,價格在 BB 中軌上方,None,0.0,0.425,0.2804,,0.2804,0,14417,0.0008,57.8,57.85,57.89,57.22,2026-07-07,3,False
RVMD,Health Care,Biotechnology,BB,價格在 BB 中軌上方,None,0.0,0.425,0.2804,,0.2804,0,14417,0.0008,190.46,190.61,190.76,188.56,2026-07-07,3,False
TEM,Health Care,Health Information Services,BB,價格在 BB 中軌上方,None,0.0,0.425,0.2804,,0.2804,0,14417,0.0008,60.09,60.14,60.19,59.49,2026-07-07,3,False
THC,Health Care,Medical Care Facilities,BB,價格在 BB 中軌上方,None,0.0,0.425,0.2804,,0.2804,0,14417,0.0008,208.82,208.99,209.15,206.73,2026-07-07,3,False
BDRX,Health Care,Biotechnology,RSI,RSI 加速上升,None,0.0,0.5525,0.2803,,0.2803,0,8492,-0.0001,2.94,2.94,2.94,2.91,2026-07-02,3,False
MTD,Health Care,Diagnostics & Research,BB,價格在 BB 中軌上方,None,0.0,0.425,0.2802,0.2802,0.2804,207,14417,0.0022,1295.59,1298.44,1301.29,1282.63,2026-07-07,3,False
CMCSA,Communication Services,Telecom Services,RSI,RSI 上穿 50 中性線,None,0.0,0.4675,0.28,0.28,0.3243,25,518,-0.0041,23.79,23.69,23.59,23.55,2026-07-02,3,False
JCI,Industrials,Building Products & Equipment,RSI,RSI 加速上升,None,0.0,0.5525,0.2785,0.2785,0.2981,158,11545,0.0047,142.72,143.39,144.06,141.29,2026-07-06,3,False
DUKB,Unknown,Unknown,RSI,RSI 加速上升,None,0.0,0.5525,0.2784,,0.2784,0,3247,-0.0003,23.33,23.32,23.32,23.1,2026-07-07,3,False
SOJC,Unknown,Unknown,RSI,RSI 加速上升,None,0.0,0.5525,0.2784,,0.2784,0,3247,-0.0003,20.52,20.51,20.51,20.31,2026-07-07,3,False
SOJD,Unknown,Unknown,RSI,RSI 加速上升,None,0.0,0.5525,0.2784,,0.2784,0,3247,-0.0003,19.37,19.36,19.36,19.18,2026-07-06,3,False
PH,Industrials,Specialty Industrial Machinery,RSI,RSI 維持強勢 (50-70),None,0.0,0.51,0.2781,0.2781,0.2986,302,19157,0.0029,957.51,960.29,963.06,947.93,2026-07-07,3,False
LYB,Materials,Specialty Chemicals,KDJ,KDJ 超賣區金叉,None,0.0,0.5599999999999999,0.2778,0.2778,0.3156,18,225,-0.0053,53.36,53.08,52.79,52.83,2026-07-02,3,False
CPT,Real Estate,REIT - Residential,BB,價格在 BB 中軌上方,None,0.0,0.425,0.2771,0.2771,0.248,249,8032,0.0026,117.58,117.89,118.19,116.4,2026-07-07,3,False
PSA,Real Estate,REIT - Industrial,RSI,RSI 動能加速（強勢區）,None,0.0,0.51,0.2759,0.2759,0.2452,29,1093,-0.0005,328.69,328.53,328.36,325.4,2026-07-07,3,False
SCHW,Financials,Capital Markets,RSI,RSI 維持強勢 (50-70),None,0.0,0.51,0.2757,0.2757,0.2842,272,19108,0.0013,97.0,97.13,97.25,96.03,2026-07-02,3,False
VRTX,Health Care,Biotechnology,RSI,RSI 加速上升,None,0.0,0.5525,0.275,0.275,0.2803,120,8492,0.0035,529.59,531.44,533.3,524.29,2026-07-06,3,False
MET,Financials,Insurance - Life,MACD,MACD 金叉 (多頭區),None,0.0,0.68,0.2747,,0.2747,0,517,0.0018,90.46,90.62,90.79,89.56,2026-07-06,3,False
IQV,Health Care,Diagnostics & Research,BB,BB 中軌向上（上升趨勢）,None,0.0,0.51,0.2743,0.2743,0.2705,175,10885,-0.0054,208.23,207.11,205.98,206.15,2026-07-07,3,False
MA,Financials,Credit Services,RSI,RSI 加速上升,None,0.0,0.5525,0.2733,0.2733,0.3014,161,11488,0.0011,533.1,533.69,534.27,527.77,2026-07-06,3,False
EBAY,Consumer Discretionary,Internet Retail,BB,價格在 BB 中軌上方,None,0.0,0.425,0.273,0.273,0.2984,304,12430,-0.0004,114.71,114.66,114.62,113.56,2026-07-07,3,False
OTIS,Industrials,Specialty Industrial Machinery,RSI,RSI 上穿 50 中性線,None,0.0,0.4675,0.2727,0.2727,0.304,33,1816,-0.0059,73.14,72.71,72.28,72.41,2026-07-02,3,False
EQR,Real Estate,REIT - Residential,RSI,RSI 動能加速（強勢區）,None,0.0,0.51,0.2703,0.2703,0.2452,37,1093,-0.0001,69.83,69.82,69.82,69.13,2026-07-02,3,False
VTR,Real Estate,REIT - Healthcare Facilities,RSI,RSI 維持強勢 (50-70),None,0.0,0.51,0.2698,0.2698,0.2509,252,7011,0.0029,92.21,92.48,92.74,91.29,2026-07-06,3,False
DUK,Utilities,Utilities - Regulated Electric,KDJ,KDJ 金叉,None,0.0,0.5525,0.2692,0.2692,0.3001,26,713,0.0071,129.6,130.52,131.44,128.3,2026-07-02,3,False
SYY,Consumer Staples,Food Distribution,BB,BB 中軌向上（上升趨勢）,None,0.0,0.51,0.269,0.269,0.2466,171,6128,0.0069,84.62,85.2,85.79,83.77,2026-07-07,3,False
BRO,Financials,Insurance Brokers,RSI,RSI 維持強勢 (50-70),None,0.0,0.51,0.2686,0.2686,0.2842,242,19108,0.0031,68.43,68.64,68.85,67.75,2026-07-06,3,False
GL,Financials,Insurance - Life,BB,BB 中軌向上（上升趨勢）,None,0.0,0.51,0.2682,0.2682,0.2681,261,16575,0.0014,176.67,176.92,177.16,174.9,2026-07-07,3,False
UPS,Industrials,Integrated Freight & Logistics,MACD,MACD 金叉 (多頭區),None,0.0,0.68,0.2674,,0.2674,0,531,0.0004,110.66,110.7,110.75,109.55,2026-07-02,3,False
KIM,Real Estate,REIT - Retail,BB,BB 中軌向上（上升趨勢）,None,0.0,0.51,0.2674,0.2674,0.2647,187,5713,0.0031,25.29,25.37,25.45,25.04,2026-07-07,3,False
EXPD,Industrials,Integrated Freight & Logistics,BB,BB 中軌向上（上升趨勢）,None,0.0,0.51,0.2673,0.2673,0.2929,202,17460,0.003,165.74,166.24,166.73,164.08,2026-07-07,3,False
ORLY,Consumer Discretionary,Auto Parts,RSI,RSI 加速上升,None,0.0,0.5525,0.2672,0.2672,0.3117,131,6796,0.0011,90.25,90.35,90.45,89.35,2026-07-02,3,False
CNP,Utilities,Utilities - Regulated Electric,BB,BB 中軌向上（上升趨勢）,None,0.0,0.51,0.2667,0.2667,0.249,240,7232,0.0049,44.48,44.7,44.92,44.04,2026-07-07,3,False
MSFT,Information Technology,Software - Infrastructure,RSI,RSI 加速上升,None,0.0,0.5525,0.2658,0.2658,0.3693,158,10688,0.0012,386.74,387.2,387.67,382.87,2026-07-06,3,False
KDP,Consumer Staples,Beverages - Non-Alcoholic,RSI,RSI 維持強勢 (50-70),None,0.0,0.51,0.265,0.265,0.2452,234,7574,-0.0003,31.49,31.48,31.47,31.18,2026-07-07,3,False
EGP,Real Estate,REIT - Industrial,BB,BB 中軌向上（上升趨勢）,None,0.0,0.51,0.2647,,0.2647,0,5713,0.0025,214.62,215.16,215.69,212.47,2026-07-07,3,False
ELS,Real Estate,REIT - Residential,BB,BB 中軌向上（上升趨勢）,None,0.0,0.51,0.2647,,0.2647,0,5713,0.0025,65.38,65.54,65.71,64.73,2026-07-07,3,False
JLL,Real Estate,Real Estate Services,BB,BB 中軌向上（上升趨勢）,None,0.0,0.51,0.2647,,0.2647,0,5713,0.0025,332.57,333.4,334.23,329.24,2026-07-07,3,False
LAMR,Real Estate,REIT - Specialty,BB,BB 中軌向上（上升趨勢）,None,0.0,0.51,0.2647,,0.2647,0,5713,0.0025,160.08,160.48,160.88,158.48,2026-07-07,3,False
OHI,Real Estate,REIT - Healthcare Facilities,BB,BB 中軌向上（上升趨勢）,None,0.0,0.51,0.2647,,0.2647,0,5713,0.0025,49.62,49.74,49.87,49.12,2026-07-07,3,False
SJM,Consumer Staples,Packaged Foods,BB,BB 中軌向上（上升趨勢）,None,0.0,0.51,0.2645,0.2645,0.2466,121,6128,0.006,113.24,113.92,114.6,112.11,2026-07-07,3,False
JNJ,Health Care,Drug Manufacturers - General,RSI,RSI 加速上升,None,0.0,0.5525,0.2638,0.2638,0.2803,163,8492,0.0063,263.04,264.7,266.35,260.41,2026-07-02,3,False
TFII,Industrials,Trucking,KDJ,KDJ 超賣區金叉,Morning Star,0.8,1.0,0.2619,,0.2619,0,42,0.0019,140.87,141.14,141.41,139.46,2026-07-06,3,False
BRK.B,Unknown,Unknown,RSI,RSI 維持超賣,None,0.0,0.385,0.2619,,0.2619,0,504,0.0001,0.0,0.0,0.0,0.0,2026-07-07,3,False
PEG,Utilities,Utilities - Regulated Electric,BB,BB 中軌向上（上升趨勢）,None,0.0,0.51,0.2616,0.2616,0.249,172,7232,0.0033,81.79,82.06,82.33,80.97,2026-07-07,3,False
NSC,Industrials,Railroads,BB,價格在 BB 中軌上方,None,0.0,0.425,0.2612,0.2612,0.295,245,22337,0.0038,322.74,323.97,325.19,319.51,2026-07-07,3,False
TSCO,Consumer Discretionary,Specialty Retail,BB,BB 中軌向上（上升趨勢）,None,0.0,0.51,0.2606,0.2606,0.2908,142,9757,-0.0032,30.43,30.33,30.24,30.13,2026-07-07,3,False
ESS,Real Estate,REIT - Residential,BB,BB 中軌向上（上升趨勢）,None,0.0,0.51,0.2604,0.2604,0.2647,169,5713,0.0022,298.32,298.98,299.63,295.34,2026-07-07,3,False
VRSN,Information Technology,Software - Infrastructure,RSI,RSI 加速上升,None,0.0,0.5525,0.2599,0.2599,0.3693,177,10688,0.0006,266.78,266.94,267.1,264.11,2026-07-07,3,False
OMC,Communication Services,Advertising Agencies,RSI,RSI 動能加速（強勢區）,None,0.0,0.51,0.2593,0.2593,0.3135,27,772,-0.0056,78.62,78.18,77.74,77.83,2026-07-02,3,False
HST,Real Estate,REIT - Hotel & Motel,BB,BB 跌破下軌 (超賣),None,0.0,0.45499999999999996,0.2593,0.2593,0.25,27,564,0.0104,23.35,23.59,23.84,23.12,2026-07-02,3,False
DGX,Health Care,Diagnostics & Research,RSI,RSI 加速上升,None,0.0,0.5525,0.259,0.259,0.2803,139,8492,0.0023,215.72,216.22,216.71,213.56,2026-07-02,3,False
SRE,Utilities,Utilities - Diversified,RSI,RSI 上穿 50 中性線,None,0.0,0.4675,0.2581,0.2581,0.2521,31,932,-0.0023,93.06,92.85,92.63,92.13,2026-07-02,3,False
ICE,Financials,Financial Data & Stock Exchanges,RSI,RSI 維持強勢 (50-70),None,0.0,0.51,0.258,0.258,0.2842,283,19108,0.005,136.45,137.13,137.81,135.09,2026-07-07,3,False
PRU,Financials,Insurance - Life,RSI,RSI 加速上升,None,0.0,0.5525,0.2579,0.2579,0.3014,159,11488,-0.0002,115.47,115.45,115.42,114.32,2026-07-07,3,False
BSX,Health Care,Medical Devices,RSI,RSI 加速上升,None,0.0,0.5525,0.2576,0.2576,0.2803,132,8492,-0.0058,45.3,45.04,44.77,44.85,2026-07-07,3,False
CL,Consumer Staples,Household & Personal Products,RSI,RSI 動能加速（強勢區）,None,0.0,0.51,0.2571,0.2571,0.2456,35,1148,0.0031,95.03,95.32,95.62,94.08,2026-07-07,3,False
V,Financials,Credit Services,BB,BB 中軌向上（上升趨勢）,None,0.0,0.51,0.2571,0.2571,0.2681,210,16575,0.0013,357.25,357.71,358.18,353.68,2026-07-06,3,False
SOMN,Utilities,Utilities - Regulated Electric,RSI,RSI 加速上升,None,0.0,0.5525,0.2565,,0.2565,0,4905,0.0041,50.67,50.88,51.09,50.16,2026-07-02,3,False
WTRG,Utilities,Utilities - Regulated Water,RSI,RSI 加速上升,None,0.0,0.5525,0.2565,,0.2565,0,4905,0.0041,39.38,39.54,39.7,38.99,2026-07-02,3,False
BJ,Consumer Staples,Discount Stores,RSI,RSI 上穿 50 中性線,None,0.0,0.4675,0.2565,,0.2565,0,928,0.0005,89.18,89.22,89.27,88.29,2026-07-02,3,False
BTI,Consumer Staples,Tobacco,RSI,RSI 上穿 50 中性線,None,0.0,0.4675,0.2565,,0.2565,0,928,0.0005,61.77,61.8,61.83,61.15,2026-07-02,3,False
DEO,Consumer Staples,Beverages - Wineries & Distilleries,RSI,RSI 上穿 50 中性線,None,0.0,0.4675,0.2565,,0.2565,0,928,0.0005,82.16,82.2,82.24,81.34,2026-07-02,3,False
EXC,Utilities,Utilities - Regulated Electric,BB,價格在 BB 中軌上方,None,0.0,0.425,0.2561,0.2561,0.246,285,9864,0.0047,47.57,47.79,48.02,47.09,2026-07-07,3,False
MICC,Consumer Staples,Packaged Foods,MACD,MACD 金叉 (多頭區),None,0.0,0.68,0.2554,,0.2554,0,184,-0.0001,18.72,18.72,18.72,18.53,2026-07-02,3,False
EA,Communication Services,Electronic Gaming & Multimedia,RSI,RSI 維持強勢 (50-70),None,0.0,0.51,0.2526,0.2526,0.3082,194,5205,0.0029,205.21,205.81,206.4,203.16,2026-07-06,3,False
EMA,Utilities,Utilities - Regulated Electric,RSI,RSI 上穿 50 中性線,None,0.0,0.4675,0.2521,,0.2521,0,932,0.0052,53.19,53.47,53.74,52.66,2026-07-07,3,False
OGE,Utilities,Utilities - Regulated Electric,RSI,RSI 上穿 50 中性線,None,0.0,0.4675,0.2521,,0.2521,0,932,0.0052,49.015,49.27,49.52,48.52,2026-07-02,3,False
PPLC,Utilities,Utilities - Regulated Electric,RSI,RSI 上穿 50 中性線,None,0.0,0.4675,0.2521,,0.2521,0,932,0.0052,49.22,49.48,49.73,48.73,2026-07-02,3,False
EW,Health Care,Medical Devices,RSI,RSI 加速上升,None,0.0,0.5525,0.252,0.252,0.2803,127,8492,0.002,94.82,95.01,95.2,93.87,2026-07-07,3,False
DTE,Utilities,Utilities - Regulated Electric,RSI,RSI 維持強勢 (50-70),None,0.0,0.51,0.252,0.252,0.2471,250,8831,0.0035,153.84,154.38,154.92,152.3,2026-07-07,3,False
LINE,Real Estate,REIT - Industrial,RSI,RSI 維持強勢 (50-70),None,0.0,0.51,0.2509,,0.2509,0,7011,0.0007,44.0,44.03,44.06,43.56,2026-07-07,3,False
SUI,Real Estate,REIT - Residential,RSI,RSI 維持強勢 (50-70),None,0.0,0.51,0.2509,,0.2509,0,7011,0.0007,122.29,122.38,122.46,121.07,2026-07-07,3,False
JBS,Consumer Staples,Packaged Foods,KDJ,KDJ 金叉,None,0.0,0.5525,0.2503,,0.2503,0,779,-0.0014,12.26,12.24,12.23,12.14,2026-07-02,3,False
CTAS,Industrials,Specialty Business Services,MACD,MACD 金叉 (多頭區),None,0.0,0.68,0.25,0.25,0.2674,8,531,0.0033,181.37,181.97,182.57,179.56,2026-07-02,3,False
HD,Consumer Discretionary,Home Improvement Retail,RSI,RSI 加速上升,None,0.0,0.5525,0.25,0.25,0.3117,128,6796,0.0029,357.9,358.94,359.98,354.32,2026-07-02,3,False
FE,Utilities,Utilities - Regulated Electric,RSI,RSI 動能加速（強勢區）,None,0.0,0.51,0.25,0.25,0.2198,52,1556,0.0012,48.39,48.45,48.51,47.91,2026-07-07,3,False
KO,Consumer Staples,Beverages - Non-Alcoholic,RSI,RSI 動能加速（強勢區）,None,0.0,0.51,0.25,0.25,0.2456,36,1148,0.0023,84.14,84.33,84.53,83.3,2026-07-02,3,False
MRK,Health Care,Drug Manufacturers - General,RSI,RSI 動能加速（強勢區）,None,0.0,0.51,0.25,0.25,0.2606,36,1869,-0.0015,129.56,129.37,129.17,128.26,2026-07-02,3,False
SBS,Utilities,Utilities - Regulated Water,BB,BB 中軌向上（上升趨勢）,None,0.0,0.51,0.249,,0.249,0,7232,0.0028,5.72,5.74,5.75,5.66,2026-07-07,3,False
MKC,Consumer Staples,Packaged Foods,RSI,RSI 加速上升,None,0.0,0.5525,0.2471,0.2471,0.2439,170,5343,-0.0015,52.97,52.89,52.81,52.44,2026-07-02,3,False
FAST,Industrials,Industrial Distribution,RSI,RSI 加速上升,None,0.0,0.5525,0.2466,0.2466,0.2981,146,11545,-0.001,48.6,48.55,48.5,48.11,2026-07-02,3,False
BUD,Consumer Staples,Beverages - Brewers,BB,BB 中軌向上（上升趨勢）,None,0.0,0.51,0.2466,,0.2466,0,6128,-0.0003,79.38,79.36,79.33,78.59,2026-07-06,3,False
CCEP,Consumer Staples,Beverages - Non-Alcoholic,BB,BB 中軌向上（上升趨勢）,None,0.0,0.51,0.2466,,0.2466,0,6128,-0.0003,106.5,106.47,106.44,105.44,2026-07-07,3,False
COKE,Consumer Staples,Beverages - Non-Alcoholic,BB,BB 中軌向上（上升趨勢）,None,0.0,0.51,0.2466,,0.2466,0,6128,-0.0003,177.64,177.59,177.53,175.86,2026-07-07,3,False
CPB,Consumer Staples,Packaged Foods,BB,BB 中軌向上（上升趨勢）,None,0.0,0.51,0.2466,,0.2466,0,6128,-0.0003,22.9,22.89,22.89,22.67,2026-07-07,3,False
FMX,Consumer Staples,Beverages - Brewers,BB,BB 中軌向上（上升趨勢）,None,0.0,0.51,0.2466,,0.2466,0,6128,-0.0003,129.5,129.46,129.42,128.21,2026-07-07,3,False
PFGC,Consumer Staples,Food Distribution,BB,BB 中軌向上（上升趨勢）,None,0.0,0.51,0.2466,,0.2466,0,6128,-0.0003,115.5,115.47,115.43,114.34,2026-07-07,3,False
UL,Consumer Staples,Household & Personal Products,BB,BB 中軌向上（上升趨勢）,None,0.0,0.51,0.2466,,0.2466,0,6128,-0.0003,62.74,62.72,62.7,62.11,2026-07-07,3,False
USFD,Consumer Staples,Food Distribution,BB,BB 中軌向上（上升趨勢）,None,0.0,0.51,0.2466,,0.2466,0,6128,-0.0003,103.99,103.96,103.93,102.95,2026-07-07,3,False
DRI,Consumer Discretionary,Restaurants,BB,BB 中軌向上（上升趨勢）,None,0.0,0.51,0.2459,0.2459,0.2908,183,9757,-0.0023,204.5,204.03,203.56,202.45,2026-07-07,3,False
EDU,Consumer Staples,Education & Training Services,RSI,RSI 動能加速（強勢區）,None,0.0,0.51,0.2456,,0.2456,0,1148,-0.0018,48.52,48.43,48.35,48.03,2026-07-06,3,False
TSN,Consumer Staples,Farm Products,BB,價格在 BB 中軌上方,None,0.0,0.425,0.245,0.245,0.2432,249,8891,-0.0007,58.82,58.78,58.74,58.23,2026-07-07,3,False
SAIA,Industrials,Trucking,KDJ,KDJ 超賣區金叉,None,0.0,0.5599999999999999,0.2433,,0.2433,0,563,0.0001,417.89,417.93,417.97,413.71,2026-07-06,3,False
MPWR,Information Technology,Semiconductors,KDJ,KDJ 金叉,None,0.0,0.5525,0.2432,0.2432,0.3918,37,1955,-0.0086,1346.13,1334.55,1322.98,1332.67,2026-07-06,3,False
LIN,Materials,Specialty Chemicals,BB,BB 中軌向上（上升趨勢）,None,0.0,0.51,0.2419,0.2419,0.2853,186,5036,0.0042,540.52,542.79,545.06,535.11,2026-07-06,3,False
VLTO,Industrials,Pollution & Treatment Controls,RSI,RSI 動能加速（強勢區）,None,0.0,0.51,0.2414,0.2414,0.2891,29,3037,0.0091,92.55,93.39,94.23,91.62,2026-07-02,3,False
FRT,Real Estate,REIT - Retail,BB,BB 中軌向上（上升趨勢）,None,0.0,0.51,0.241,0.241,0.2647,195,5713,0.0011,121.69,121.82,121.96,120.47,2026-07-02,3,False
ABT,Health Care,Medical Devices,KDJ,KDJ 金叉,None,0.0,0.5525,0.24,0.24,0.2852,25,1536,-0.0037,92.18,91.84,91.5,91.26,2026-07-01,3,False
ACN,Information Technology,Information Technology Services,RSI,RSI 加速上升,None,0.0,0.5525,0.24,0.24,0.3693,150,10688,-0.0042,136.96,136.38,135.81,135.59,2026-07-06,3,False
LH,Health Care,Diagnostics & Research,BB,價格在 BB 中軌上方,None,0.0,0.425,0.2387,0.2387,0.2804,222,14417,0.0,283.86,283.86,283.86,281.02,2026-07-07,3,False
HIG,Financials,Insurance - Diversified,BB,價格在 BB 中軌上方,None,0.0,0.425,0.2386,0.2386,0.2847,352,21689,0.0002,139.64,139.67,139.7,138.24,2026-07-07,3,False
NDSN,Industrials,Specialty Industrial Machinery,RSI,RSI 上穿 50 中性線,None,0.0,0.4675,0.2381,0.2381,0.304,21,1816,0.0063,293.66,295.51,297.36,290.72,2026-07-06,3,False
ECL,Materials,Specialty Chemicals,BB,價格在 BB 中軌上方,None,0.0,0.425,0.238,0.238,0.2859,332,6697,0.003,283.08,283.93,284.78,280.25,2026-07-07,3,False
MAA,Real Estate,REIT - Residential,RSI,RSI 維持強勢 (50-70),None,0.0,0.51,0.237,0.237,0.2509,211,7011,0.0016,141.71,141.94,142.16,140.29,2026-07-07,3,False
WEC,Utilities,Utilities - Regulated Electric,BB,價格在 BB 中軌上方,None,0.0,0.425,0.2348,0.2348,0.246,264,9864,0.0012,117.68,117.82,117.96,116.5,2026-07-07,3,False
GEHC,Health Care,Medical Devices,BB,價格在 BB 中軌上方,None,0.0,0.425,0.233,0.233,0.2804,206,14417,-0.0058,64.89,64.51,64.14,64.24,2026-07-07,3,False
BEKE,Real Estate,Real Estate Services,RSI,RSI 加速上升,None,0.0,0.5525,0.2327,,0.2327,0,4401,-0.0006,14.86,14.85,14.84,14.71,2026-07-07,3,False
WM,Industrials,Waste Management,RSI,RSI 維持強勢 (50-70),None,0.0,0.51,0.2321,0.2321,0.2986,224,19157,0.0008,228.98,229.16,229.35,226.69,2026-07-06,3,False
CTVA,Materials,Agricultural Inputs,BB,價格在 BB 中軌上方,None,0.0,0.425,0.2311,0.2311,0.2859,238,6697,-0.0041,86.75,86.39,86.04,85.88,2026-07-07,3,False
SYK,Health Care,Medical Devices,KDJ,KDJ 金叉,None,0.0,0.5525,0.2308,0.2308,0.2852,26,1536,-0.0004,324.73,324.6,324.47,321.48,2026-07-06,3,False
ED,Utilities,Utilities - Regulated Electric,BB,BB 中軌向上（上升趨勢）,None,0.0,0.51,0.2308,0.2308,0.249,182,7232,0.002,112.99,113.22,113.44,111.86,2026-07-07,3,False
NI,Utilities,Utilities - Regulated Gas,RSI,RSI 上穿 50 中性線,None,0.0,0.4675,0.2308,0.2308,0.2521,39,932,0.0063,47.49,47.79,48.09,47.02,2026-07-07,3,False
SBAC,Real Estate,REIT - Specialty,RSI,RSI 加速上升,None,0.0,0.5525,0.2302,0.2302,0.2327,126,4401,-0.0066,183.23,182.02,180.81,181.4,2026-07-07,3,False
ROP,Information Technology,Software - Application,RSI,RSI 加速上升,None,0.0,0.5525,0.2297,0.2297,0.3693,148,10688,-0.0037,363.76,362.41,361.07,360.12,2026-07-07,3,False
TRV,Financials,Insurance - Property & Casualty,RSI,RSI 加速上升,None,0.0,0.5525,0.2297,0.2297,0.3014,148,11488,0.0016,342.31,342.86,343.41,338.89,2026-07-02,3,False
DOV,Industrials,Specialty Industrial Machinery,BB,BB 中軌向上（上升趨勢）,None,0.0,0.51,0.2295,0.2295,0.2929,244,17460,-0.0002,214.05,214.01,213.96,211.91,2026-07-07,3,False
INVH,Real Estate,REIT - Residential,BB,BB 中軌向上（上升趨勢）,None,0.0,0.51,0.2295,0.2295,0.2647,122,5713,0.0013,30.2,30.24,30.28,29.9,2026-07-07,3,False
GNRC,Industrials,Specialty Industrial Machinery,BB,BB 跌破下軌 (超賣),None,0.0,0.45499999999999996,0.2273,0.2273,0.2838,22,1258,-0.012,235.8,232.97,230.14,233.44,2026-07-07,3,False
NVR,Consumer Discretionary,Residential Construction,BB,BB 中軌向上（上升趨勢）,None,0.0,0.51,0.227,0.227,0.2908,163,9757,0.0006,6693.6899,6697.71,6701.72,6626.75,2026-07-07,3,False
EVRG,Utilities,Utilities - Regulated Electric,BB,價格在 BB 中軌上方,None,0.0,0.425,0.227,0.227,0.246,326,9864,0.0026,87.12,87.35,87.57,86.25,2026-07-07,3,False
DHR,Health Care,Diagnostics & Research,BB,價格在 BB 中軌上方,None,0.0,0.425,0.2267,0.2267,0.2804,247,14417,-0.002,193.62,193.23,192.85,191.68,2026-07-06,3,False
UDR,Real Estate,REIT - Residential,BB,BB 中軌向上（上升趨勢）,None,0.0,0.51,0.226,0.226,0.2647,146,5713,0.0028,41.24,41.36,41.47,40.83,2026-07-07,3,False
CLX,Consumer Staples,Household & Personal Products,BB,價格在 BB 中軌上方,None,0.0,0.425,0.2245,0.2245,0.2432,196,8891,-0.0034,97.41,97.08,96.75,96.44,2026-07-07,3,False
XYL,Industrials,Specialty Industrial Machinery,BB,價格在 BB 中軌上方,None,0.0,0.425,0.2203,0.2203,0.295,295,22337,0.0025,119.42,119.72,120.02,118.23,2026-07-06,3,False
BF.B,Consumer Staples,Beverages,RSI,RSI 維持超賣,None,0.0,0.385,0.2188,0.2188,0.2366,32,744,0.0037,0.0,0.0,0.0,0.0,2026-07-07,3,False
CB,Financials,Insurance - Property & Casualty,RSI,RSI 加速上升,None,0.0,0.5525,0.2183,0.2183,0.3014,142,11488,0.004,361.17,362.61,364.06,357.56,2026-07-02,3,False
VRSK,Industrials,Consulting Services,RSI,RSI 加速上升,None,0.0,0.5525,0.2179,0.2179,0.2981,156,11545,-0.0014,192.25,191.98,191.71,190.33,2026-07-07,3,False
ROST,Consumer Discretionary,Apparel Retail,KDJ,KDJ 金叉,None,0.0,0.5525,0.2143,0.2143,0.3183,28,1244,0.0033,214.67,215.38,216.09,212.52,2026-07-07,3,False
SBUX,Consumer Discretionary,Restaurants,RSI,RSI 動能加速（強勢區）,None,0.0,0.51,0.2143,0.2143,0.3027,28,1665,-0.0021,103.61,103.39,103.17,102.57,2026-07-07,3,False
MRSH,Financials,Insurance Brokers,RSI,RSI 動能加速（強勢區）,None,0.0,0.51,0.2128,0.2128,0.279,47,3129,0.0004,178.0,178.07,178.14,176.22,2026-07-07,3,False
L,Financials,Insurance - Property & Casualty,RSI,RSI 加速上升,None,0.0,0.5525,0.2105,0.2105,0.3014,152,11488,0.0029,116.95,117.29,117.63,115.78,2026-07-07,3,False
WST,Health Care,Medical Instruments & Supplies,RSI,RSI 加速上升,None,0.0,0.5525,0.2105,0.2105,0.2803,114,8492,-0.002,365.74,365.01,364.28,362.08,2026-07-02,3,False
KR,Consumer Staples,Grocery Stores,RSI,RSI 加速上升,None,0.0,0.5525,0.2069,0.2069,0.2439,145,5343,0.0,58.54,58.54,58.54,57.95,2026-07-07,3,False
MCD,Consumer Discretionary,Restaurants,KDJ,KDJ 金叉,None,0.0,0.5525,0.2069,0.2069,0.3183,29,1244,-0.0017,280.63,280.15,279.68,277.82,2026-07-02,3,False
KMB,Consumer Staples,Household & Personal Products,BB,BB 中軌向上（上升趨勢）,None,0.0,0.51,0.2057,0.2057,0.2466,141,6128,-0.0029,114.74,114.41,114.07,113.59,2026-07-07,3,False
YUM,Consumer Discretionary,Restaurants,RSI,RSI 加速上升,None,0.0,0.5525,0.2047,0.2047,0.3117,127,6796,-0.0001,167.49,167.47,167.46,165.82,2026-07-07,3,False
GIS,Consumer Staples,Packaged Foods,BB,BB 中軌向上（上升趨勢）,None,0.0,0.51,0.2043,0.2043,0.2466,93,6128,-0.0045,37.1,36.93,36.77,36.73,2026-07-07,3,False
TYL,Information Technology,Software - Application,RSI,RSI 加速上升,None,0.0,0.5525,0.2,0.2,0.3693,115,10688,-0.0028,321.45,320.55,319.65,318.24,2026-07-07,3,False
BDX,Health Care,Medical Instruments & Supplies,BB,BB 中軌向上（上升趨勢）,None,0.0,0.51,0.1948,0.1948,0.2705,154,10885,-0.0017,156.3,156.03,155.77,154.74,2026-07-07,3,False
SNA,Industrials,Tools & Accessories,BB,BB 中軌向上（上升趨勢）,None,0.0,0.51,0.1944,0.1944,0.2929,216,17460,0.0,408.74,408.74,408.74,404.65,2026-07-07,3,False
PNW,Utilities,Utilities - Regulated Electric,BB,BB 中軌向上（上升趨勢）,None,0.0,0.51,0.1913,0.1913,0.249,183,7232,0.0008,108.61,108.7,108.78,107.52,2026-07-07,3,False
LNT,Utilities,Utilities - Regulated Electric,RSI,RSI 維持強勢 (50-70),None,0.0,0.51,0.1906,0.1906,0.2471,278,8831,0.0008,77.65,77.71,77.77,76.87,2026-07-07,3,False
VICI,Real Estate,REIT - Diversified,KDJ,KDJ 金叉,None,0.0,0.5525,0.1818,0.1818,0.2818,11,550,-0.0048,27.19,27.06,26.93,26.92,2026-07-02,3,False
KEYS,Information Technology,Scientific & Technical Instruments,BB,BB 跌破下軌 (超賣),None,0.0,0.45499999999999996,0.1818,0.1818,0.3447,11,1001,-0.0105,313.86,310.56,307.27,310.72,2026-07-02,3,False
GD,Industrials,Aerospace & Defense,RSI,RSI 維持強勢 (50-70),None,0.0,0.51,0.1812,0.1812,0.2986,320,19157,0.0031,374.64,375.8,376.96,370.89,2026-07-07,3,False
PPL,Utilities,Utilities - Regulated Electric,BB,BB 中軌向上（上升趨勢）,None,0.0,0.51,0.1777,0.1777,0.249,197,7232,0.0011,36.39,36.43,36.47,36.03,2026-07-07,3,False
HRL,Consumer Staples,Packaged Foods,BB,價格在 BB 中軌上方,None,0.0,0.425,0.1737,0.1737,0.2432,236,8891,-0.0024,25.0,24.94,24.88,24.75,2026-07-02,3,False
WTW,Financials,Insurance Brokers,RSI,RSI 動能加速（強勢區）,None,0.0,0.51,0.1702,0.1702,0.279,47,3129,0.0004,286.22,286.33,286.45,283.36,2026-07-02,3,False
PG,Consumer Staples,Household & Personal Products,BB,BB 中軌向上（上升趨勢）,None,0.0,0.51,0.1677,0.1677,0.2466,161,6128,-0.0001,149.31,149.3,149.28,147.82,2026-07-06,3,False
SWKS,Information Technology,Semiconductors,BB,BB 跌破下軌 (超賣),None,0.0,0.45499999999999996,0.1538,0.1538,0.3447,13,1001,-0.0294,59.76,58.0,56.25,59.16,2026-07-07,3,False
TAP,Consumer Staples,Beverages - Brewers,MACD,MACD 金叉 (空頭區),None,0.0,0.42,0.0909,0.0909,0.241,11,473,0.0005,39.78,39.8,39.82,39.38,2026-07-02,3,False
FSLR,Information Technology,Solar,KDJ,KDJ 超賣區金叉,None,0.0,0.5599999999999999,0.0,0.0,0.3016,5,368,-0.029,233.06,226.3,219.54,230.73,2026-07-06,3,False
