symbol,sector,subsector,indicator,signal,pattern,pattern_conf,confidence,win_rate,win_rate_stock,win_rate_sector,stock_n,sector_n,avg_return,price,tp1_price,tp2_price,sl_price,date,tier,volume_confirmed
PNR,Industrials,Specialty Industrial Machinery,BB,BB 中軌向上（上升趨勢）,Bullish Engulfing,0.75,1.0,0.6667,,0.6667,0,9,0.0446,74.57,77.9,81.22,73.82,2026-07-09,1,True
INVH,Real Estate,REIT - Residential,RSI,RSI 上穿 50 中性線,Morning Star,0.8,0.9900000000000001,0.5833,,0.5833,0,24,0.0272,29.6,30.41,31.21,29.3,2026-07-10,1,False
HRL,Consumer Staples,Packaged Foods,RSI,RSI 上穿 50 中性線,Morning Star,0.8,0.9900000000000001,0.5625,,0.5625,0,32,0.0236,24.437,25.01,25.59,24.19,2026-07-10,1,False
COKE,Consumer Staples,Beverages - Non-Alcoholic,BB,BB 中軌向上（上升趨勢）,Morning Star,0.8,1.0,0.5505,,0.5505,0,109,0.0238,175.5,179.68,183.85,173.75,2026-07-09,1,False
CRWD,Information Technology,Software - Infrastructure,BB,BB 中軌向上（上升趨勢）,None,0.0,0.51,0.6087,0.6087,0.4238,23,1083,0.0567,187.18,197.79,208.41,185.31,2026-07-10,2,True
TSLA,Consumer Discretionary,Auto Manufacturers,BB,價格在 BB 中軌上方,Bullish Engulfing,0.75,0.9075,0.6,0.6,0.4151,10,212,0.0272,406.55,417.61,428.67,402.48,2026-07-09,2,False
DD,Materials,Specialty Chemicals,BB,BB 中軌向上（上升趨勢）,None,0.0,0.51,0.5,0.5,0.3886,10,229,0.026,134.68,138.18,141.68,133.33,2026-07-10,2,True
SWK,Industrials,Tools & Accessories,RSI,RSI 維持強勢 (50-70),Morning Star,0.8,1.0,1.0,1.0,0.4725,5,436,0.0543,88.22,93.01,97.8,87.34,2026-07-10,3,False
STLA,Consumer Discretionary,Auto Manufacturers,RSI,RSI 維持超賣,Support,0.7,0.87,1.0,,1.0,0,7,0.0602,5.33,5.65,5.97,5.28,2026-07-09,3,False
TPL,Energy,Oil & Gas E&P,RSI,RSI 維持強勢 (50-70),Bullish Engulfing,0.75,1.0,0.8,0.8,0.4386,5,57,0.0613,397.82,422.21,446.59,393.84,2026-07-10,3,False
KKR,Financials,Asset Management,MACD,MACD 突破 0 軸,None,0.0,0.595,0.7143,0.7143,0.3301,7,618,0.0527,96.91,102.02,107.12,95.94,2026-07-13,3,False
DECK,Consumer Discretionary,Footwear & Accessories,RSI,RSI 上穿 50 中性線,None,0.0,0.4675,0.7,0.7,0.3072,10,1123,0.0376,105.99,109.98,113.96,104.93,2026-07-10,3,False
WDC,Information Technology,Computer Hardware,RSI,RSI 上穿 50 中性線,None,0.0,0.4675,0.7,0.7,0.3785,20,1593,0.0721,582.59,624.59,666.6,576.76,2026-07-10,3,False
TT,Industrials,Building Products & Equipment,KDJ,KDJ 金叉,None,0.0,0.5525,0.6667,0.6667,0.3223,15,2110,0.0317,479.9,495.11,510.33,475.1,2026-07-13,3,False
ORCL,Information Technology,Software - Infrastructure,RSI,RSI 超賣區域 (30),None,0.0,0.5249999999999999,0.6667,0.6667,0.3319,6,238,0.0349,131.54,136.13,140.72,130.22,2026-07-13,3,False
SNDK,Information Technology,Computer Hardware,RSI,RSI 加速上升,None,0.0,0.5525,0.6429,0.6429,0.3693,84,10688,0.089,1915.92,2086.44,2256.95,1896.76,2026-07-10,3,False
STX,Information Technology,Computer Hardware,RSI,RSI 上穿 50 中性線,None,0.0,0.4675,0.6316,0.6316,0.3785,19,1593,0.0455,910.34,951.76,993.18,901.24,2026-07-10,3,False
PSX,Energy,Oil & Gas Refining & Marketing,RSI,RSI 動能加速（強勢區）,Consolidation Breakout,0.72,1.0,0.625,0.625,0.2703,8,185,0.0164,198.29,201.54,204.79,196.31,2026-07-13,3,False
PFE,Health Care,Drug Manufacturers - General,MACD,MACD 金叉 (空頭區),None,0.0,0.42,0.625,0.625,0.2741,16,686,0.0207,24.17,24.67,25.17,23.93,2026-07-10,3,False
PH,Industrials,Specialty Industrial Machinery,BB,BB 中軌向上（上升趨勢）,Bullish Engulfing,0.75,1.0,0.6,0.6,0.4012,5,324,0.0196,961.27,980.11,998.95,951.66,2026-07-10,3,False
EQT,Energy,Oil & Gas E&P,BB,BB 跌破下軌 (超賣),None,0.0,0.45499999999999996,0.6,0.6,0.3664,15,292,0.0286,48.85,50.25,51.64,48.36,2026-07-10,3,False
HLT,Consumer Discretionary,Lodging,RSI,RSI 上穿 50 中性線,None,0.0,0.4675,0.5833,0.5833,0.3072,24,1123,0.0141,337.65,342.41,347.17,334.27,2026-07-09,3,False
VRT,Industrials,Electrical Equipment & Parts,RSI,RSI 維持強勢 (50-70),None,0.0,0.51,0.5753,0.5753,0.2986,365,19157,0.0264,318.86,327.28,335.7,315.67,2026-07-10,3,False
LITE,Information Technology,Communication Equipment,KDJ,KDJ 金叉,None,0.0,0.5525,0.5667,0.5667,0.3918,30,1955,0.0323,785.77,811.15,836.53,777.91,2026-07-09,3,False
CDW,Information Technology,Information Technology Services,KDJ,KDJ 金叉,None,0.0,0.5525,0.5625,0.5625,0.3918,16,1955,0.0168,140.21,142.57,144.92,138.81,2026-07-09,3,False
NEE,Utilities,Utilities - Regulated Electric,MACD,MACD 突破 0 軸,None,0.0,0.595,0.5556,0.5556,0.2226,9,310,0.0109,88.38,89.34,90.31,87.5,2026-07-13,3,False
DRI,Consumer Discretionary,Restaurants,KDJ,KDJ 金叉,None,0.0,0.5525,0.5556,0.5556,0.3183,18,1244,0.0168,204.25,207.68,211.11,202.21,2026-07-10,3,False
SOLV,Health Care,Medical Instruments & Supplies,RSI,RSI 上穿 50 中性線,None,0.0,0.4675,0.5556,0.5556,0.3144,9,1323,0.0196,76.7,78.2,79.71,75.93,2026-07-10,3,False
AIG,Financials,Insurance - Diversified,MACD,MACD 突破 0 軸,None,0.0,0.595,0.5455,0.5455,0.3301,11,618,0.0068,79.9,80.44,80.99,79.1,2026-07-13,3,False
RL,Consumer Discretionary,Apparel Manufacturing,RSI,RSI 上穿 50 中性線,None,0.0,0.4675,0.5455,0.5455,0.3072,22,1123,0.0154,394.9,400.98,407.06,390.95,2026-07-10,3,False
DDOG,Information Technology,Software - Application,RSI,RSI 動能加速（強勢區）,None,0.0,0.51,0.5263,0.5263,0.366,38,2885,0.0304,269.0,277.18,285.36,266.31,2026-07-09,3,False
PNC,Financials,Banks - Regional,RSI,RSI 動能加速（強勢區）,None,0.0,0.51,0.5227,0.5227,0.279,44,3129,0.0148,250.91,254.62,258.34,248.4,2026-07-09,3,False
BA,Industrials,Aerospace & Defense,BB,BB 中軌向上（上升趨勢）,None,0.0,0.51,0.52,0.52,0.2929,150,17460,0.0116,215.51,218.01,220.51,213.35,2026-07-13,3,False
GEV,Industrials,Specialty Industrial Machinery,BB,價格在 BB 中軌上方,None,0.0,0.425,0.5185,0.5185,0.295,297,22337,0.021,1091.5699,1114.49,1137.42,1080.65,2026-07-10,3,False
BX,Financials,Asset Management,RSI,RSI 上穿 50 中性線,None,0.0,0.4675,0.5172,0.5172,0.3091,29,1899,0.0273,122.15,125.48,128.82,120.93,2026-07-09,3,False
HOOD,Financials,Capital Markets,BB,BB 中軌向上（上升趨勢）,None,0.0,0.51,0.5123,0.5123,0.2681,324,16575,0.0235,109.86,112.44,115.02,108.76,2026-07-13,3,False
FIX,Industrials,Engineering & Construction,KDJ,KDJ 金叉,None,0.0,0.5525,0.5116,0.5116,0.3223,43,2110,0.0183,1756.09,1788.23,1820.36,1738.53,2026-07-10,3,False
CEG,Utilities,Utilities - Independent Power Producers,RSI,RSI 加速上升,None,0.0,0.5525,0.5093,0.5093,0.2565,161,4905,0.0227,257.57,263.42,269.26,254.99,2026-07-13,3,False
DELL,Information Technology,Computer Hardware,RSI,RSI 動能加速（強勢區）,None,0.0,0.51,0.5079,0.5079,0.366,63,2885,0.0326,450.22,464.9,479.57,445.72,2026-07-09,3,False
MSCI,Financials,Financial Data & Stock Exchanges,RSI,RSI 動能加速（強勢區）,Consolidation Breakout,0.73,1.0,0.5,0.5,0.2515,8,1022,0.0117,620.23,627.49,634.74,614.03,2026-07-13,3,False
SCHW,Financials,Capital Markets,RSI,RSI 加速上升,Support,0.9,1.0,0.5,,0.5,0,6,0.002,101.91,102.11,102.32,100.89,2026-07-09,3,False
SEIC,Financials,Asset Management,RSI,RSI 加速上升,Support,0.8,1.0,0.5,,0.5,0,6,0.002,94.73,94.92,95.11,93.78,2026-07-09,3,False
SHG,Financials,Banks - Regional,RSI,RSI 加速上升,Support,0.9,1.0,0.5,,0.5,0,6,0.002,70.58,70.72,70.86,69.87,2026-07-09,3,False
SJM,Consumer Staples,Packaged Foods,RSI,RSI 維持強勢 (50-70),Bullish Engulfing,0.75,1.0,0.5,0.5,0.4118,6,136,0.0147,111.6,113.24,114.88,110.48,2026-07-10,3,False
LVS,Consumer Discretionary,Resorts & Casinos,MACD,MACD 金叉 (空頭區),Support,0.9,0.99,0.5,,,0,0,0.02,46.45,47.38,48.31,45.99,2026-07-09,3,False
CRCL,Financials,Capital Markets,MACD,MACD 金叉 (空頭區),Support,0.7,0.9299999999999999,0.5,,,0,0,0.02,63.01,64.27,65.53,62.38,2026-07-09,3,False
HPQ,Information Technology,Computer Hardware,MACD,MACD 突破 0 軸,None,0.0,0.595,0.5,0.5,0.4064,12,529,0.0085,24.77,24.98,25.19,24.52,2026-07-13,3,False
META,Communication Services,Internet Content & Information,MACD,MACD 突破 0 軸,None,0.0,0.595,0.5,0.5,0.3333,6,165,-0.0011,631.48,630.79,630.09,625.17,2026-07-09,3,False
NWS,Communication Services,Entertainment,MACD,MACD 突破 0 軸,None,0.0,0.595,0.5,0.5,0.3333,6,165,0.0131,31.13,31.54,31.95,30.82,2026-07-09,3,False
CIEN,Information Technology,Communication Equipment,RSI,RSI 加速上升,None,0.0,0.5525,0.5,0.5,0.3693,162,10688,0.026,460.72,472.7,484.68,456.11,2026-07-10,3,False
FCX,Materials,Copper,KDJ,KDJ 金叉,None,0.0,0.5525,0.5,0.5,0.314,30,637,0.0198,60.53,61.73,62.93,59.92,2026-07-09,3,False
MGM,Consumer Discretionary,Resorts & Casinos,KDJ,KDJ 金叉,None,0.0,0.5525,0.5,0.5,0.3183,18,1244,0.0272,47.24,48.52,49.81,46.77,2026-07-13,3,False
SYF,Financials,Credit Services,KDJ,KDJ 金叉,None,0.0,0.5525,0.5,0.5,0.3142,30,1932,0.0135,73.21,74.2,75.19,72.48,2026-07-13,3,False
PLD,Real Estate,REIT - Industrial,RSI,RSI 上穿 50 中性線,None,0.0,0.4675,0.5,0.5,0.2311,18,818,0.0177,142.16,144.68,147.19,140.74,2026-07-13,3,False
CVNA,Consumer Discretionary,Auto & Truck Dealerships,BB,價格在 BB 中軌上方,None,0.0,0.425,0.4958,0.4958,0.2984,353,12430,0.0363,67.12,69.56,71.99,66.45,2026-07-09,3,False
HUM,Health Care,Healthcare Plans,BB,BB 中軌向上（上升趨勢）,Morning Star,0.8,1.0,0.4901,,0.4901,0,253,0.0226,397.76,406.75,415.74,393.78,2026-07-09,3,False
AES,Utilities,Utilities - Diversified,RSI,RSI 加速上升,None,0.0,0.5525,0.4898,0.4898,0.2565,147,4905,0.017,14.78,15.03,15.28,14.63,2026-07-10,3,False
FANG,Energy,Oil & Gas E&P,RSI,RSI 上穿 50 中性線,None,0.0,0.4675,0.4828,0.4828,0.361,29,579,0.0161,191.6,194.68,197.77,189.68,2026-07-13,3,False
AMD,Information Technology,Semiconductors,RSI,RSI 維持強勢 (50-70),None,0.0,0.51,0.4798,0.4798,0.3645,198,16764,0.0209,534.39,545.56,556.73,529.05,2026-07-13,3,False
NCLH,Consumer Discretionary,Travel Services,KDJ,KDJ 金叉,None,0.0,0.5525,0.4783,0.4783,0.3183,23,1244,0.0146,19.63,19.92,20.2,19.43,2026-07-13,3,False
VST,Utilities,Utilities - Independent Power Producers,RSI,RSI 加速上升,None,0.0,0.5525,0.4759,0.4759,0.2565,166,4905,0.019,158.86,161.88,164.9,157.27,2026-07-10,3,False
CARR,Industrials,Building Products & Equipment,KDJ,KDJ 金叉,None,0.0,0.5525,0.4737,0.4737,0.3223,19,2110,-0.0008,68.61,68.56,68.5,67.92,2026-07-13,3,False
JBHT,Industrials,Integrated Freight & Logistics,RSI,RSI 維持強勢 (50-70),Morning Star,0.8,1.0,0.4725,,0.4725,0,436,0.0182,282.61,287.75,292.9,279.78,2026-07-09,3,False
KNX,Industrials,Trucking,RSI,RSI 維持強勢 (50-70),Morning Star,0.8,1.0,0.4725,,0.4725,0,436,0.0182,77.17,78.57,79.98,76.4,2026-07-09,3,False
PSA,Real Estate,REIT - Industrial,RSI,RSI 維持強勢 (50-70),Morning Star,0.8,1.0,0.4677,,0.4677,0,124,0.0167,321.86,327.24,332.61,318.64,2026-07-13,3,False
KDP,Consumer Staples,Beverages - Non-Alcoholic,RSI,RSI 上穿 50 中性線,Bullish Engulfing,0.75,0.9735000000000001,0.4667,,0.4667,0,30,0.0138,31.67,32.11,32.54,31.35,2026-07-10,3,False
RF,Financials,Banks - Regional,KDJ,KDJ 金叉,None,0.0,0.5525,0.4667,0.4667,0.3142,15,1932,0.0187,31.02,31.6,32.18,30.71,2026-07-10,3,False
NVDA,Information Technology,Semiconductors,RSI,RSI 上穿 50 中性線,None,0.0,0.4675,0.4667,0.4667,0.3785,30,1593,0.0008,210.96,211.13,211.3,208.85,2026-07-10,3,False
PLTR,Information Technology,Software - Infrastructure,RSI,RSI 維持強勢 (50-70),None,0.0,0.51,0.4644,0.4644,0.3645,295,16764,0.0159,130.04,132.11,134.18,128.74,2026-07-13,3,False
NXPI,Information Technology,Semiconductors,RSI,RSI 加速上升,None,0.0,0.5525,0.4622,0.4622,0.3693,119,10688,0.0209,292.26,298.37,304.48,289.34,2026-07-10,3,False
LII,Industrials,Building Products & Equipment,RSI,RSI 上穿 50 中性線,None,0.0,0.4675,0.4615,0.4615,0.304,26,1816,0.0103,552.03,557.72,563.4,546.51,2026-07-10,3,False
SN,Consumer Discretionary,"Furnishings, Fixtures & Appliances",BB,BB 中軌向上（上升趨勢）,Morning Star,0.8,1.0,0.4599,,0.4599,0,237,0.0144,152.65,154.85,157.05,151.12,2026-07-10,3,False
GS,Financials,Capital Markets,RSI,RSI 上穿 50 中性線,None,0.0,0.4675,0.4583,0.4583,0.3091,24,1899,0.008,1055.97,1064.42,1072.87,1045.41,2026-07-09,3,False
WSM,Consumer Discretionary,Specialty Retail,RSI,RSI 上穿 50 中性線,None,0.0,0.4675,0.4583,0.4583,0.3072,24,1123,0.0088,219.77,221.7,223.64,217.57,2026-07-09,3,False
AWK,Utilities,Utilities - Regulated Water,MACD,MACD 突破 0 軸,None,0.0,0.595,0.4545,0.4545,0.2226,11,310,0.01,131.53,132.85,134.16,130.21,2026-07-13,3,False
DPZ,Consumer Discretionary,Restaurants,RSI,RSI 上穿 50 中性線,None,0.0,0.4675,0.4545,0.4545,0.3072,11,1123,0.0179,309.85,315.4,320.94,306.75,2026-07-13,3,False
SLB,Energy,Oil & Gas Equipment & Services,MACD,MACD 金叉 (空頭區),None,0.0,0.42,0.4545,0.4545,0.3557,11,253,0.0277,47.24,48.55,49.86,46.77,2026-07-09,3,False
IRM,Real Estate,REIT - Specialty,KDJ,KDJ 金叉,None,0.0,0.5525,0.45,0.45,0.2818,20,550,0.0175,121.51,123.64,125.76,120.29,2026-07-10,3,False
DVN,Energy,Oil & Gas E&P,RSI,RSI 上穿 50 中性線,None,0.0,0.4675,0.45,0.45,0.361,20,579,0.0014,43.73,43.79,43.85,43.29,2026-07-13,3,False
IVZ,Financials,Asset Management,RSI,RSI 上穿 50 中性線,None,0.0,0.4675,0.45,0.45,0.3091,20,1899,0.0058,28.61,28.78,28.94,28.32,2026-07-09,3,False
NOW,Information Technology,Software - Application,RSI,RSI 動能加速（強勢區）,None,0.0,0.51,0.4483,0.4483,0.366,29,2885,0.0072,111.26,112.06,112.86,110.15,2026-07-13,3,False
TIMB,Communication Services,Telecom Services,RSI,RSI 加速上升,None,0.0,0.5525,0.4481,,0.4481,0,241,0.0027,21.79,21.85,21.91,21.57,2026-07-09,3,True
VOD,Communication Services,Telecom Services,RSI,RSI 加速上升,None,0.0,0.5525,0.4481,,0.4481,0,241,0.0027,14.72,14.76,14.8,14.57,2026-07-10,3,True
MU,Information Technology,Semiconductors,BB,BB 中軌向上（上升趨勢）,None,0.0,0.51,0.4448,0.4448,0.3639,326,16781,0.0259,937.0,961.27,985.54,927.63,2026-07-13,3,False
CVS,Health Care,Healthcare Plans,RSI,RSI 動能加速（強勢區）,Consolidation Breakout,0.76,1.0,0.4444,0.4444,0.2144,9,513,0.0116,105.9,107.13,108.36,104.84,2026-07-13,3,False
SWKS,Information Technology,Semiconductors,KDJ,KDJ 超賣區金叉,Morning Star,0.8,1.0,0.4444,,0.4444,0,27,0.0112,59.95,60.62,61.29,59.35,2026-07-09,3,False
AXP,Financials,Credit Services,MACD,MACD 金叉 (多頭區),None,0.0,0.68,0.4444,0.4444,0.2747,9,517,0.0051,350.58,352.37,354.16,347.07,2026-07-10,3,False
CSCO,Information Technology,Communication Equipment,MACD,MACD 突破 0 軸,None,0.0,0.595,0.4444,0.4444,0.4064,9,529,0.0066,121.31,122.11,122.91,120.1,2026-07-10,3,False
ODFL,Industrials,Trucking,MACD,MACD 突破 0 軸,None,0.0,0.595,0.4444,0.4444,0.2912,9,570,0.0128,232.9,235.88,238.86,230.57,2026-07-13,3,False
FRT,Real Estate,REIT - Retail,KDJ,KDJ 金叉,None,0.0,0.5525,0.4444,0.4444,0.2818,9,550,0.0188,121.84,124.13,126.42,120.62,2026-07-13,3,False
APH,Information Technology,Electronic Components,RSI,RSI 加速上升,None,0.0,0.5525,0.4437,0.4437,0.3693,151,10688,0.0135,159.06,161.21,163.35,157.47,2026-07-10,3,False
ANET,Information Technology,Computer Hardware,RSI,RSI 加速上升,None,0.0,0.5525,0.4387,0.4387,0.3693,155,10688,0.0133,186.96,189.45,191.93,185.09,2026-07-10,3,False
KLAC,Information Technology,Semiconductor Equipment & Materials,BB,BB 中軌向上（上升趨勢）,None,0.0,0.51,0.4349,0.4349,0.3639,269,16781,0.0102,222.25,224.52,226.78,220.03,2026-07-13,3,False
WAT,Health Care,Diagnostics & Research,RSI,RSI 動能加速（強勢區）,None,0.0,0.51,0.4348,0.4348,0.2606,23,1869,0.0135,377.13,382.22,387.31,373.36,2026-07-09,3,False
CDNS,Information Technology,Software - Application,RSI,RSI 加速上升,None,0.0,0.5525,0.4324,0.4324,0.3693,111,10688,0.0139,384.17,389.51,394.85,380.33,2026-07-10,3,False
DT,Information Technology,Software - Application,RSI,RSI 動能加速（強勢區）,Bullish Engulfing,0.75,1.0,0.431,,0.431,0,58,0.0145,45.23,45.89,46.54,44.78,2026-07-09,3,False
PANW,Information Technology,Software - Infrastructure,RSI,RSI 動能加速（強勢區）,Bullish Engulfing,0.75,1.0,0.431,,0.431,0,58,0.0145,338.31,343.22,348.12,334.93,2026-07-09,3,False
LRCX,Information Technology,Semiconductor Equipment & Materials,BB,BB 中軌向上（上升趨勢）,None,0.0,0.51,0.4308,0.4308,0.3639,318,16781,0.0173,329.92,335.63,341.34,326.62,2026-07-13,3,False
A,Health Care,Diagnostics & Research,MACD,MACD 突破 0 軸,None,0.0,0.595,0.4286,0.4286,0.3171,7,432,0.0218,134.04,136.96,139.88,132.7,2026-07-13,3,False
CF,Materials,Agricultural Inputs,RSI,RSI 動能加速（強勢區）,None,0.0,0.51,0.4286,0.4286,0.2962,28,942,0.0051,116.92,117.52,118.11,115.75,2026-07-10,3,False
PTC,Information Technology,Software - Application,RSI,RSI 上穿 50 中性線,None,0.0,0.4675,0.4286,0.4286,0.3785,21,1593,0.0043,124.74,125.28,125.81,123.49,2026-07-10,3,False
MOS,Materials,Agricultural Inputs,MACD,MACD 金叉 (空頭區),None,0.0,0.42,0.4286,0.4286,0.3816,14,304,0.0058,22.31,22.44,22.57,22.09,2026-07-13,3,False
BROS,Consumer Discretionary,Restaurants,BB,BB 中軌向上（上升趨勢）,Bullish Engulfing,0.75,1.0,0.4279,,0.4279,0,208,0.015,65.64,66.62,67.61,64.98,2026-07-09,3,False
ARCC,Financials,Asset Management,RSI,RSI 維持強勢 (50-70),Morning Star,0.8,1.0,0.4278,,0.4278,0,367,0.0116,18.78,19.0,19.22,18.59,2026-07-10,3,False
KLAR,Financials,Credit Services,RSI,RSI 維持強勢 (50-70),Morning Star,0.8,1.0,0.4278,,0.4278,0,367,0.0116,19.99,20.22,20.45,19.79,2026-07-09,3,False
ORI,Financials,Insurance - Property & Casualty,RSI,RSI 維持強勢 (50-70),Morning Star,0.8,1.0,0.4278,,0.4278,0,367,0.0116,42.04,42.53,43.02,41.62,2026-07-13,3,False
TECH,Health Care,Biotechnology,BB,BB 中軌向上（上升趨勢）,None,0.0,0.51,0.4267,0.4267,0.2705,150,10885,0.0009,71.36,71.42,71.49,70.65,2026-07-13,3,False
JBL,Information Technology,Electronic Components,KDJ,KDJ 金叉,None,0.0,0.5525,0.4231,0.4231,0.3918,26,1955,0.0124,330.29,334.39,338.48,326.99,2026-07-10,3,False
TTD,Communication Services,Advertising Agencies,RSI,RSI 上穿 50 中性線,None,0.0,0.4675,0.4231,0.4231,0.3243,26,518,0.0061,19.75,19.87,19.99,19.55,2026-07-09,3,False
ETR,Utilities,Utilities - Regulated Electric,BB,BB 中軌向上（上升趨勢）,Bullish Engulfing,0.75,1.0,0.4222,,0.4222,0,90,0.0167,115.05,116.97,118.89,113.9,2026-07-10,3,False
AUR,Consumer Discretionary,Auto Parts,RSI,RSI 維持強勢 (50-70),Bullish Engulfing,0.75,1.0,0.4221,,0.4221,0,199,0.0146,6.28,6.37,6.46,6.22,2026-07-09,3,False
NFLX,Communication Services,Entertainment,RSI,RSI 加速上升,None,0.0,0.5525,0.4179,0.4179,0.3116,134,3322,0.0146,75.47,76.57,77.67,74.72,2026-07-09,3,False
AMAT,Information Technology,Semiconductor Equipment & Materials,RSI,RSI 維持強勢 (50-70),None,0.0,0.51,0.4179,0.4179,0.3645,280,16764,0.0128,575.39,582.75,590.12,569.64,2026-07-13,3,False
IEX,Industrials,Specialty Industrial Machinery,RSI,RSI 上穿 50 中性線,None,0.0,0.4675,0.4167,0.4167,0.304,24,1816,0.0114,222.16,224.69,227.23,219.94,2026-07-10,3,False
SOLS,Materials,Specialty Chemicals,RSI,RSI 超賣區域 (30),None,0.0,0.5249999999999999,0.416,,0.416,0,125,0.011,61.3,61.97,62.65,60.69,2026-07-10,3,False
LYV,Communication Services,Entertainment,BB,價格在 BB 中軌上方,None,0.0,0.425,0.415,0.415,0.3007,200,6080,0.0035,183.25,183.89,184.53,181.42,2026-07-13,3,False
UNP,Industrials,Railroads,RSI,RSI 動能加速（強勢區）,None,0.0,0.51,0.4138,0.4138,0.2891,29,3037,0.0152,285.04,289.37,293.71,282.19,2026-07-09,3,False
MS,Financials,Capital Markets,RSI,RSI 動能加速（強勢區）,None,0.0,0.51,0.413,0.413,0.279,46,3129,0.0129,222.13,225.0,227.86,219.91,2026-07-09,3,False
USFD,Consumer Staples,Food Distribution,RSI,RSI 維持強勢 (50-70),Bullish Engulfing,0.75,1.0,0.4118,,0.4118,0,136,0.0122,100.98,102.21,103.44,99.97,2026-07-10,3,False
CNC,Health Care,Healthcare Plans,KDJ,KDJ 金叉,None,0.0,0.5525,0.4118,0.4118,0.2852,34,1536,0.0082,68.29,68.85,69.41,67.61,2026-07-13,3,False
IBKR,Financials,Capital Markets,RSI,RSI 動能加速（強勢區）,None,0.0,0.51,0.4118,0.4118,0.279,51,3129,0.0125,95.28,96.47,97.66,94.33,2026-07-09,3,False
RCL,Consumer Discretionary,Travel Services,BB,BB 中軌向上（上升趨勢）,None,0.0,0.51,0.411,0.411,0.2908,309,9757,0.0116,288.61,291.96,295.31,285.72,2026-07-13,3,False
BEP,Utilities,Utilities - Renewable,BB,BB 跌破下軌 (超賣),None,0.0,0.45499999999999996,0.4104,,0.4104,0,441,0.0122,31.86,32.25,32.64,31.54,2026-07-13,3,False
BEPC,Utilities,Utilities - Renewable,BB,BB 跌破下軌 (超賣),None,0.0,0.45499999999999996,0.4104,,0.4104,0,441,0.0122,34.18,34.6,35.01,33.84,2026-07-13,3,False
FITB,Financials,Banks - Regional,RSI,RSI 動能加速（強勢區）,None,0.0,0.51,0.4103,0.4103,0.279,39,3129,0.0068,56.54,56.92,57.31,55.97,2026-07-09,3,False
PFG,Financials,Asset Management,RSI,RSI 維持強勢 (50-70),Consolidation Breakout,0.76,1.0,0.4091,0.4091,0.2725,22,1479,0.0149,113.61,115.3,117.0,112.47,2026-07-13,3,False
VRSN,Information Technology,Software - Infrastructure,RSI,RSI 上穿 50 中性線,None,0.0,0.4675,0.4091,0.4091,0.3785,22,1593,0.0118,269.98,273.17,276.35,267.28,2026-07-09,3,False
APA,Energy,Oil & Gas E&P,BB,價格在 BB 中軌上方,None,0.0,0.425,0.4081,0.4081,0.2998,272,5768,-0.0011,34.67,34.63,34.59,34.32,2026-07-13,3,False
WAB,Industrials,Railroads,KDJ,KDJ 金叉,None,0.0,0.5525,0.4074,0.4074,0.3223,27,2110,0.0033,261.21,262.07,262.93,258.6,2026-07-10,3,False
ADP,Information Technology,Software - Application,MACD,MACD 突破 0 軸,None,0.0,0.595,0.4064,,0.4064,0,529,0.0085,241.92,243.98,246.03,239.5,2026-07-10,3,False
ASX,Information Technology,Semiconductors,MACD,MACD 突破 0 軸,None,0.0,0.595,0.4064,,0.4064,0,529,0.0085,43.25,43.62,43.99,42.82,2026-07-09,3,False
FIS,Information Technology,Information Technology Services,MACD,MACD 突破 0 軸,None,0.0,0.595,0.4064,,0.4064,0,529,0.0085,41.98,42.34,42.69,41.56,2026-07-10,3,False
GIB,Information Technology,Information Technology Services,MACD,MACD 突破 0 軸,None,0.0,0.595,0.4064,,0.4064,0,529,0.0085,67.06,67.63,68.2,66.39,2026-07-10,3,False
TEAM,Information Technology,Software - Application,MACD,MACD 突破 0 軸,None,0.0,0.595,0.4064,,0.4064,0,529,0.0085,96.16,96.98,97.79,95.2,2026-07-13,3,False
XYZ,Information Technology,Software - Infrastructure,MACD,MACD 突破 0 軸,None,0.0,0.595,0.4064,,0.4064,0,529,0.0085,78.72,79.39,80.06,77.93,2026-07-13,3,False
GWW,Industrials,Industrial Distribution,KDJ,KDJ 金叉,None,0.0,0.5525,0.4062,0.4062,0.3223,32,2110,0.005,1364.86,1371.68,1378.51,1351.21,2026-07-09,3,False
STLD,Materials,Steel,RSI,RSI 加速上升,None,0.0,0.5525,0.4059,0.4059,0.3048,101,3639,0.0085,234.14,236.13,238.12,231.8,2026-07-13,3,False
LLY,Health Care,Drug Manufacturers - General,BB,BB 中軌向上（上升趨勢）,None,0.0,0.51,0.4058,0.4058,0.2705,207,10885,0.0078,1181.87,1191.09,1200.31,1170.05,2026-07-13,3,False
NUE,Materials,Steel,RSI,RSI 加速上升,None,0.0,0.5525,0.4048,0.4048,0.3048,126,3639,0.0133,233.0,236.1,239.2,230.67,2026-07-13,3,False
DAL,Industrials,Airlines,RSI,RSI 動能加速（強勢區）,None,0.0,0.51,0.4048,0.4048,0.2891,42,3037,0.008,89.0,89.71,90.42,88.11,2026-07-09,3,False
KEY,Financials,Banks - Regional,RSI,RSI 動能加速（強勢區）,None,0.0,0.51,0.4048,0.4048,0.279,42,3129,0.0111,23.1,23.36,23.61,22.87,2026-07-09,3,False
AVGO,Information Technology,Semiconductors,RSI,RSI 維持強勢 (50-70),None,0.0,0.51,0.4038,0.4038,0.3645,317,16764,0.0086,399.97,403.41,406.85,395.97,2026-07-10,3,False
SE,Consumer Discretionary,Internet Retail,BB,價格在 BB 中軌上方,None,0.0,0.425,0.4026,,0.4026,0,529,0.0119,111.14,112.46,113.79,110.03,2026-07-10,3,True
LMT,Industrials,Aerospace & Defense,BB,BB 中軌向上（上升趨勢）,Bullish Engulfing,0.75,1.0,0.4012,,0.4012,0,324,0.0121,518.26,524.53,530.8,513.08,2026-07-09,3,False
POOL,Industrials,Industrial Distribution,BB,BB 中軌向上（上升趨勢）,Bullish Engulfing,0.75,1.0,0.4012,,0.4012,0,324,0.0121,207.97,210.49,213.0,205.89,2026-07-09,3,False
MAR,Consumer Discretionary,Lodging,RSI,RSI 加速上升,None,0.0,0.5525,0.4012,0.4012,0.3117,162,6796,0.0079,372.47,375.41,378.36,368.75,2026-07-09,3,False
COIN,Financials,Financial Data & Stock Exchanges,BB,BB 中軌向上（上升趨勢）,None,0.0,0.51,0.4007,0.4007,0.2681,277,16575,0.0196,159.07,162.19,165.31,157.48,2026-07-10,3,False
EQR,Real Estate,REIT - Residential,RSI,RSI 維持強勢 (50-70),Morning Star,0.8,1.0,0.4,0.4,0.4677,5,124,0.0207,69.72,71.16,72.61,69.02,2026-07-13,3,False
JCI,Industrials,Building Products & Equipment,RSI,RSI 維持強勢 (50-70),Bullish Engulfing,0.75,1.0,0.4,0.4,0.3881,5,335,0.0006,142.81,142.9,142.98,141.38,2026-07-10,3,False
BBY,Consumer Discretionary,Specialty Retail,MACD,MACD 金叉 (多頭區),None,0.0,0.68,0.4,0.4,0.37,5,273,0.0069,82.8,83.37,83.94,81.97,2026-07-10,3,False
KEYS,Information Technology,Scientific & Technical Instruments,KDJ,KDJ 金叉,None,0.0,0.5525,0.4,0.4,0.3918,25,1955,0.0165,322.05,327.36,332.68,318.83,2026-07-10,3,False
LULU,Consumer Discretionary,Apparel Retail,KDJ,KDJ 金叉,None,0.0,0.5525,0.4,0.4,0.3183,25,1244,0.0,119.26,119.26,119.26,118.07,2026-07-10,3,False
TMO,Health Care,Diagnostics & Research,KDJ,KDJ 金叉,None,0.0,0.5525,0.4,0.4,0.2852,25,1536,0.0083,527.05,531.42,535.8,521.78,2026-07-10,3,False
CAT,Industrials,Farm & Heavy Construction Machinery,BB,BB 中軌向上（上升趨勢）,None,0.0,0.51,0.4,0.4,0.2929,270,17460,0.0148,931.47,945.26,959.04,922.16,2026-07-13,3,False
MPC,Energy,Oil & Gas Refining & Marketing,RSI,RSI 動能加速（強勢區）,None,0.0,0.51,0.4,0.4,0.3265,40,873,0.0074,296.88,299.08,301.27,293.91,2026-07-13,3,False
MSFT,Information Technology,Software - Infrastructure,RSI,RSI 上穿 50 中性線,None,0.0,0.4675,0.4,0.4,0.3785,20,1593,0.0133,390.99,396.19,401.39,387.08,2026-07-13,3,False
ADI,Information Technology,Semiconductors,MACD,MACD 金叉 (空頭區),None,0.0,0.42,0.4,0.4,0.3767,10,754,0.025,395.65,405.54,415.43,391.69,2026-07-10,3,False
GLW,Information Technology,Electronic Components,BB,BB 中軌向上（上升趨勢）,None,0.0,0.51,0.3994,0.3994,0.3639,328,16781,0.0159,183.11,186.02,188.93,181.28,2026-07-13,3,False
AAPL,Information Technology,Consumer Electronics,RSI,RSI 加速上升,None,0.0,0.5525,0.3988,0.3988,0.3693,163,10688,0.0071,315.32,317.56,319.8,312.17,2026-07-10,3,False
BLDR,Industrials,Building Products & Equipment,BB,BB 中軌向上（上升趨勢）,None,0.0,0.51,0.3966,0.3966,0.2929,179,17460,-0.0011,75.69,75.61,75.52,74.93,2026-07-10,3,False
MTB,Financials,Banks - Regional,RSI,RSI 動能加速（強勢區）,None,0.0,0.51,0.3958,0.3958,0.279,48,3129,0.0118,242.34,245.2,248.06,239.92,2026-07-10,3,False
ELS,Real Estate,REIT - Residential,BB,BB 中軌向上（上升趨勢）,Bullish Engulfing,0.75,1.0,0.3942,,0.3942,0,104,0.012,64.98,65.76,66.54,64.33,2026-07-13,3,False
C,Financials,Banks - Diversified,KDJ,KDJ 金叉,None,0.0,0.5525,0.3939,0.3939,0.3142,33,1932,0.0109,140.79,142.32,143.86,139.38,2026-07-10,3,False
ALGN,Health Care,Medical Instruments & Supplies,RSI,RSI 加速上升,None,0.0,0.5525,0.3929,0.3929,0.2803,168,8492,0.0009,179.45,179.61,179.77,177.66,2026-07-10,3,False
DXCM,Health Care,Medical Devices,BB,價格在 BB 中軌上方,None,0.0,0.425,0.3924,0.3924,0.2804,237,14417,0.0073,74.96,75.51,76.05,74.21,2026-07-10,3,False
CBRS,Information Technology,Semiconductors,KDJ,KDJ 金叉,None,0.0,0.5525,0.3918,,0.3918,0,1955,0.0107,198.53,200.65,202.78,196.54,2026-07-09,3,False
CIFR,Information Technology,Information Technology Services,KDJ,KDJ 金叉,None,0.0,0.5525,0.3918,,0.3918,0,1955,0.0107,23.26,23.51,23.76,23.03,2026-07-09,3,False
GFS,Information Technology,Semiconductors,KDJ,KDJ 金叉,None,0.0,0.5525,0.3918,,0.3918,0,1955,0.0107,68.97,69.71,70.45,68.28,2026-07-10,3,False
MCHPP,Information Technology,Semiconductors,KDJ,KDJ 金叉,None,0.0,0.5525,0.3918,,0.3918,0,1955,0.0107,74.47,75.27,76.06,73.73,2026-07-09,3,False
NOK,Information Technology,Communication Equipment,KDJ,KDJ 金叉,None,0.0,0.5525,0.3918,,0.3918,0,1955,0.0107,12.9,13.04,13.18,12.77,2026-07-09,3,False
NVMI,Information Technology,Semiconductor Equipment & Materials,KDJ,KDJ 金叉,None,0.0,0.5525,0.3918,,0.3918,0,1955,0.0107,473.99,479.06,484.13,469.25,2026-07-09,3,False
NXT,Information Technology,Solar,KDJ,KDJ 金叉,None,0.0,0.5525,0.3918,,0.3918,0,1955,0.0107,112.71,113.92,115.12,111.58,2026-07-09,3,False
RMBS,Information Technology,Semiconductors,KDJ,KDJ 金叉,None,0.0,0.5525,0.3918,,0.3918,0,1955,0.0107,114.13,115.35,116.57,112.99,2026-07-09,3,False
SHOP,Information Technology,Software - Application,KDJ,KDJ 金叉,None,0.0,0.5525,0.3918,,0.3918,0,1955,0.0107,123.17,124.49,125.81,121.94,2026-07-09,3,False
SIMO,Information Technology,Semiconductors,KDJ,KDJ 金叉,None,0.0,0.5525,0.3918,,0.3918,0,1955,0.0107,324.26,327.73,331.2,321.02,2026-07-09,3,False
SMTC,Information Technology,Semiconductors,KDJ,KDJ 金叉,None,0.0,0.5525,0.3918,,0.3918,0,1955,0.0107,136.13,137.59,139.04,134.77,2026-07-10,3,False
STM,Information Technology,Semiconductors,KDJ,KDJ 金叉,None,0.0,0.5525,0.3918,,0.3918,0,1955,0.0107,71.39,72.15,72.92,70.68,2026-07-09,3,False
TSEM,Information Technology,Semiconductors,KDJ,KDJ 金叉,None,0.0,0.5525,0.3918,,0.3918,0,1955,0.0107,226.58,229.0,231.43,224.31,2026-07-09,3,False
UBER,Information Technology,Software - Application,KDJ,KDJ 金叉,None,0.0,0.5525,0.3918,,0.3918,0,1955,0.0107,74.26,75.05,75.85,73.52,2026-07-13,3,False
UI,Information Technology,Communication Equipment,KDJ,KDJ 金叉,None,0.0,0.5525,0.3918,,0.3918,0,1955,0.0107,544.43,550.26,556.08,538.99,2026-07-09,3,False
COF,Financials,Credit Services,RSI,RSI 上穿 50 中性線,None,0.0,0.4675,0.3913,0.3913,0.3091,23,1899,-0.0034,200.1,199.42,198.74,198.1,2026-07-09,3,False
NRG,Utilities,Utilities - Independent Power Producers,RSI,RSI 維持強勢 (50-70),None,0.0,0.51,0.3904,0.3904,0.2471,228,8831,0.0093,139.48,140.78,142.07,138.09,2026-07-13,3,False
VTRS,Health Care,Drug Manufacturers - Specialty & Generic,BB,BB 中軌向上（上升趨勢）,None,0.0,0.51,0.3899,0.3899,0.2705,218,10885,0.0123,16.39,16.59,16.79,16.23,2026-07-13,3,False
CMI,Industrials,Specialty Industrial Machinery,KDJ,KDJ 金叉,None,0.0,0.5525,0.3889,0.3889,0.3223,36,2110,0.0101,673.39,680.19,686.99,666.66,2026-07-09,3,False
STE,Health Care,Medical Devices,KDJ,KDJ 金叉,None,0.0,0.5525,0.3889,0.3889,0.2852,18,1536,0.0035,216.0,216.76,217.51,213.84,2026-07-10,3,False
RBLX,Communication Services,Electronic Gaming & Multimedia,RSI,RSI 維持強勢 (50-70),Bullish Engulfing,0.75,1.0,0.3884,,0.3884,0,121,0.0056,56.43,56.75,57.06,55.87,2026-07-09,3,False
HPE,Information Technology,Communication Equipment,RSI,RSI 加速上升,None,0.0,0.5525,0.3879,0.3879,0.3693,116,10688,0.0216,47.24,48.26,49.28,46.77,2026-07-13,3,False
WMB,Energy,Oil & Gas Midstream,RSI,RSI 加速上升,None,0.0,0.5525,0.3865,0.3865,0.3227,163,3306,0.0084,74.46,75.09,75.71,73.72,2026-07-13,3,False
FICO,Information Technology,Software - Application,RSI,RSI 動能加速（強勢區）,None,0.0,0.51,0.3864,0.3864,0.366,44,2885,0.0121,1278.25,1293.72,1309.18,1265.47,2026-07-13,3,False
MRNA,Health Care,Biotechnology,BB,BB 中軌向上（上升趨勢）,None,0.0,0.51,0.3861,0.3861,0.2705,202,10885,0.0003,67.01,67.03,67.05,66.34,2026-07-13,3,False
UAL,Industrials,Airlines,BB,價格在 BB 中軌上方,None,0.0,0.425,0.3856,0.3856,0.295,306,22337,0.0068,129.05,129.93,130.81,127.76,2026-07-09,3,False
AMRZ,Materials,Building Materials,MACD,MACD 金叉 (空頭區),None,0.0,0.42,0.3816,,0.3816,0,304,0.0078,50.75,51.15,51.54,50.24,2026-07-10,3,False
AU,Materials,Gold,MACD,MACD 金叉 (空頭區),None,0.0,0.42,0.3816,,0.3816,0,304,0.0078,81.91,82.55,83.19,81.09,2026-07-09,3,False
B,Materials,Gold,MACD,MACD 金叉 (空頭區),None,0.0,0.42,0.3816,,0.3816,0,304,0.0078,36.83,37.12,37.4,36.46,2026-07-09,3,False
CX,Materials,Building Materials,MACD,MACD 金叉 (空頭區),None,0.0,0.42,0.3816,,0.3816,0,304,0.0078,12.48,12.58,12.67,12.36,2026-07-10,3,False
MT,Materials,Steel,MACD,MACD 金叉 (空頭區),None,0.0,0.42,0.3816,,0.3816,0,304,0.0078,66.08,66.6,67.11,65.42,2026-07-10,3,False
PAAS,Materials,Gold,MACD,MACD 金叉 (空頭區),None,0.0,0.42,0.3816,,0.3816,0,304,0.0078,43.67,44.01,44.35,43.23,2026-07-10,3,False
SNPS,Information Technology,Software - Infrastructure,RSI,RSI 加速上升,None,0.0,0.5525,0.381,0.381,0.3693,126,10688,0.0114,445.5,450.58,455.66,441.05,2026-07-10,3,False
UPS,Industrials,Integrated Freight & Logistics,KDJ,KDJ 金叉,None,0.0,0.5525,0.381,0.381,0.3223,21,2110,0.0075,112.47,113.31,114.16,111.35,2026-07-10,3,False
ARE,Real Estate,REIT - Office,RSI,RSI 維持強勢 (50-70),None,0.0,0.51,0.381,0.381,0.2509,168,7011,0.0057,48.08,48.35,48.63,47.6,2026-07-13,3,False
CFG,Financials,Banks - Regional,RSI,RSI 維持強勢 (50-70),None,0.0,0.51,0.381,0.381,0.2842,273,19108,0.0109,70.36,71.13,71.89,69.66,2026-07-13,3,False
JHX,Materials,Building Materials,BB,BB 中軌向上（上升趨勢）,Morning Star,0.8,1.0,0.3805,,0.3805,0,113,0.0148,24.79,25.16,25.52,24.54,2026-07-10,3,False
TRGP,Energy,Oil & Gas Midstream,BB,BB 中軌向上（上升趨勢）,None,0.0,0.51,0.3801,0.3801,0.2962,292,4484,0.0065,279.4,281.22,283.03,276.61,2026-07-13,3,False
IBM,Information Technology,Information Technology Services,RSI,RSI 維持強勢 (50-70),None,0.0,0.51,0.3798,0.3798,0.3645,208,16764,0.0127,290.23,293.92,297.6,287.33,2026-07-13,3,False
NKE,Consumer Discretionary,Footwear & Accessories,RSI,RSI 上穿 50 中性線,None,0.0,0.4675,0.3793,0.3793,0.3072,29,1123,0.0129,44.37,44.94,45.51,43.93,2026-07-10,3,False
URI,Industrials,Rental & Leasing Services,RSI,RSI 維持強勢 (50-70),None,0.0,0.51,0.3792,0.3792,0.2986,240,19157,0.0121,1085.34,1098.47,1111.61,1074.49,2026-07-13,3,False
ERIC,Information Technology,Communication Equipment,RSI,RSI 上穿 50 中性線,None,0.0,0.4675,0.3785,,0.3785,0,1593,0.0087,11.72,11.82,11.92,11.6,2026-07-13,3,False
INFY,Information Technology,Information Technology Services,RSI,RSI 上穿 50 中性線,None,0.0,0.4675,0.3785,,0.3785,0,1593,0.0087,11.5,11.6,11.7,11.38,2026-07-13,3,False
MKSI,Information Technology,Scientific & Technical Instruments,RSI,RSI 上穿 50 中性線,None,0.0,0.4675,0.3785,,0.3785,0,1593,0.0087,368.78,371.99,375.2,365.09,2026-07-09,3,False
ONTO,Information Technology,Semiconductor Equipment & Materials,RSI,RSI 上穿 50 中性線,None,0.0,0.4675,0.3785,,0.3785,0,1593,0.0087,317.02,319.78,322.54,313.85,2026-07-09,3,False
SSNC,Information Technology,Software - Application,RSI,RSI 上穿 50 中性線,None,0.0,0.4675,0.3785,,0.3785,0,1593,0.0087,66.73,67.31,67.89,66.06,2026-07-09,3,False
CINF,Financials,Insurance - Property & Casualty,RSI,RSI 上穿 50 中性線,None,0.0,0.4675,0.3784,0.3784,0.3091,37,1899,0.0039,179.28,179.98,180.68,177.49,2026-07-10,3,False
GE,Industrials,Aerospace & Defense,BB,價格在 BB 中軌上方,None,0.0,0.425,0.378,0.378,0.295,373,22337,0.0075,359.04,361.73,364.43,355.45,2026-07-09,3,False
JPM,Financials,Banks - Diversified,RSI,RSI 動能加速（強勢區）,None,0.0,0.51,0.3778,0.3778,0.279,45,3129,0.011,335.47,339.16,342.85,332.12,2026-07-09,3,False
ARW,Information Technology,Electronics & Computer Distribution,MACD,MACD 金叉 (空頭區),None,0.0,0.42,0.3767,,0.3767,0,754,0.0102,201.78,203.84,205.9,199.76,2026-07-13,3,False
ASML,Information Technology,Semiconductor Equipment & Materials,MACD,MACD 金叉 (空頭區),None,0.0,0.42,0.3767,,0.3767,0,754,0.0102,1797.3199,1815.65,1833.99,1779.35,2026-07-10,3,False
ASTS,Information Technology,Communication Equipment,MACD,MACD 金叉 (空頭區),None,0.0,0.42,0.3767,,0.3767,0,754,0.0102,73.88,74.63,75.39,73.14,2026-07-09,3,False
CLS,Information Technology,Electronic Components,MACD,MACD 金叉 (空頭區),None,0.0,0.42,0.3767,,0.3767,0,754,0.0102,359.85,363.52,367.19,356.25,2026-07-10,3,False
LOGI,Information Technology,Computer Hardware,MACD,MACD 金叉 (空頭區),None,0.0,0.42,0.3767,,0.3767,0,754,0.0102,101.95,102.99,104.03,100.93,2026-07-10,3,False
CGNX,Information Technology,Scientific & Technical Instruments,BB,BB 中軌向上（上升趨勢）,Bullish Engulfing,0.75,1.0,0.3757,,0.3757,0,338,0.0116,66.8,67.57,68.35,66.13,2026-07-10,3,False
AMGN,Health Care,Drug Manufacturers - General,MACD,MACD 突破 0 軸,None,0.0,0.595,0.375,0.375,0.3171,8,432,0.0253,363.39,372.58,381.78,359.76,2026-07-10,3,False
CMG,Consumer Discretionary,Restaurants,KDJ,KDJ 金叉,None,0.0,0.5525,0.375,0.375,0.3183,24,1244,0.0128,35.25,35.7,36.15,34.9,2026-07-10,3,False
HAS,Consumer Discretionary,Leisure,KDJ,KDJ 金叉,None,0.0,0.5525,0.375,0.375,0.3183,32,1244,0.0034,78.96,79.23,79.5,78.17,2026-07-10,3,False
IR,Industrials,Specialty Industrial Machinery,RSI,RSI 上穿 50 中性線,None,0.0,0.4675,0.375,0.375,0.304,24,1816,0.0038,78.85,79.15,79.45,78.06,2026-07-10,3,False
GDDY,Information Technology,Software - Infrastructure,BB,BB 中軌向上（上升趨勢）,None,0.0,0.51,0.3739,0.3739,0.3639,222,16781,0.0049,90.86,91.31,91.75,89.95,2026-07-13,3,False
DLTR,Consumer Staples,Discount Stores,RSI,RSI 維持強勢 (50-70),None,0.0,0.51,0.3736,0.3736,0.2452,182,7574,-0.0013,126.38,126.22,126.05,125.12,2026-07-13,3,False
NTRS,Financials,Asset Management,RSI,RSI 加速上升,None,0.0,0.5525,0.3734,0.3734,0.3014,158,11488,0.0119,183.55,185.73,187.92,181.71,2026-07-10,3,False
CRL,Health Care,Diagnostics & Research,RSI,RSI 動能加速（強勢區）,None,0.0,0.51,0.3714,0.3714,0.2606,35,1869,0.003,233.6,234.3,235.0,231.26,2026-07-09,3,False
PPG,Materials,Specialty Chemicals,BB,BB 中軌向上（上升趨勢）,None,0.0,0.51,0.3712,0.3712,0.2853,132,5036,0.01,116.76,117.93,119.1,115.59,2026-07-10,3,False
MPWR,Information Technology,Semiconductors,RSI,RSI 加速上升,None,0.0,0.5525,0.3706,0.3706,0.3693,143,10688,0.0054,1352.74,1360.04,1367.35,1339.21,2026-07-10,3,False
CRM,Information Technology,Software - Application,KDJ,KDJ 金叉,None,0.0,0.5525,0.3704,0.3704,0.3918,27,1955,0.0105,171.22,173.02,174.82,169.51,2026-07-13,3,False
BEN,Financials,Asset Management,BB,BB 中軌向上（上升趨勢）,None,0.0,0.51,0.3704,0.3704,0.2681,135,16575,0.0094,32.83,33.14,33.45,32.5,2026-07-13,3,False
PAG,Consumer Discretionary,Auto & Truck Dealerships,MACD,MACD 金叉 (多頭區),None,0.0,0.68,0.37,,0.37,0,273,0.0063,191.49,192.7,193.9,189.58,2026-07-09,3,False
eBay,Consumer Discretionary,Internet Retail,MACD,MACD 金叉 (多頭區),None,0.0,0.68,0.37,,0.37,0,273,0.0063,111.75,112.45,113.16,110.63,2026-06-30,3,False
AMP,Financials,Asset Management,BB,BB 中軌向上（上升趨勢）,Bullish Engulfing,0.75,1.0,0.3697,,0.3697,0,330,0.0108,518.23,523.83,529.42,513.05,2026-07-13,3,False
CRBG,Financials,Asset Management,BB,BB 中軌向上（上升趨勢）,Bullish Engulfing,0.75,1.0,0.3697,,0.3697,0,330,0.0108,30.82,31.15,31.49,30.51,2026-07-13,3,False
ETN,Industrials,Specialty Industrial Machinery,BB,BB 中軌向上（上升趨勢）,None,0.0,0.51,0.3695,0.3695,0.2929,203,17460,0.0111,402.85,407.32,411.79,398.82,2026-07-13,3,False
AAOI,Information Technology,Communication Equipment,RSI,RSI 加速上升,None,0.0,0.5525,0.3693,,0.3693,0,10688,0.0074,119.92,120.81,121.69,118.72,2026-07-10,3,False
ALAB,Information Technology,Semiconductors,RSI,RSI 加速上升,None,0.0,0.5525,0.3693,,0.3693,0,10688,0.0074,412.97,416.03,419.08,408.84,2026-07-10,3,False
ALGM,Information Technology,Semiconductors,RSI,RSI 加速上升,None,0.0,0.5525,0.3693,,0.3693,0,10688,0.0074,54.87,55.28,55.68,54.32,2026-07-10,3,False
AMKR,Information Technology,Semiconductor Equipment & Materials,RSI,RSI 加速上升,None,0.0,0.5525,0.3693,,0.3693,0,10688,0.0074,70.47,70.99,71.51,69.77,2026-07-10,3,False
APLD,Information Technology,Information Technology Services,RSI,RSI 加速上升,None,0.0,0.5525,0.3693,,0.3693,0,10688,0.0074,31.15,31.38,31.61,30.84,2026-07-10,3,False
ARM,Information Technology,Semiconductors,RSI,RSI 加速上升,None,0.0,0.5525,0.3693,,0.3693,0,10688,0.0074,323.39,325.78,328.18,320.16,2026-07-10,3,False
BR,Information Technology,Information Technology Services,RSI,RSI 加速上升,None,0.0,0.5525,0.3693,,0.3693,0,10688,0.0074,147.32,148.41,149.5,145.85,2026-07-09,3,False
CACI,Information Technology,Information Technology Services,RSI,RSI 加速上升,None,0.0,0.5525,0.3693,,0.3693,0,10688,0.0074,483.29,486.87,490.44,478.46,2026-07-09,3,False
CRWV,Information Technology,Software - Infrastructure,RSI,RSI 加速上升,None,0.0,0.5525,0.3693,,0.3693,0,10688,0.0074,88.88,89.54,90.2,87.99,2026-07-10,3,False
GRMN,Information Technology,Scientific & Technical Instruments,RSI,RSI 加速上升,None,0.0,0.5525,0.3693,,0.3693,0,10688,0.0074,244.51,246.32,248.13,242.06,2026-07-09,3,False
IOT,Information Technology,Software - Infrastructure,RSI,RSI 加速上升,None,0.0,0.5525,0.3693,,0.3693,0,10688,0.0074,36.99,37.26,37.54,36.62,2026-07-09,3,False
JKHY,Information Technology,Information Technology Services,RSI,RSI 加速上升,None,0.0,0.5525,0.3693,,0.3693,0,10688,0.0074,150.22,151.33,152.44,148.72,2026-07-09,3,False
LDOS,Information Technology,Information Technology Services,RSI,RSI 加速上升,None,0.0,0.5525,0.3693,,0.3693,0,10688,0.0074,106.62,107.41,108.2,105.55,2026-07-09,3,False
NET,Information Technology,Software - Infrastructure,RSI,RSI 加速上升,None,0.0,0.5525,0.3693,,0.3693,0,10688,0.0074,269.53,271.52,273.52,266.83,2026-07-13,3,False
NTNX,Information Technology,Software - Infrastructure,RSI,RSI 加速上升,None,0.0,0.5525,0.3693,,0.3693,0,10688,0.0074,55.22,55.63,56.04,54.67,2026-07-13,3,False
P,Information Technology,Computer Hardware,RSI,RSI 加速上升,None,0.0,0.5525,0.3693,,0.3693,0,10688,0.0074,79.33,79.92,80.5,78.54,2026-07-10,3,False
PAYX,Information Technology,Software - Application,RSI,RSI 加速上升,None,0.0,0.5525,0.3693,,0.3693,0,10688,0.0074,110.75,111.57,112.39,109.64,2026-07-13,3,False
SITM,Information Technology,Semiconductors,RSI,RSI 加速上升,None,0.0,0.5525,0.3693,,0.3693,0,10688,0.0074,628.94,633.59,638.25,622.65,2026-07-10,3,False
SNX,Information Technology,Electronics & Computer Distribution,RSI,RSI 加速上升,None,0.0,0.5525,0.3693,,0.3693,0,10688,0.0074,251.31,253.17,255.03,248.8,2026-07-13,3,False
SONY,Information Technology,Consumer Electronics,RSI,RSI 加速上升,None,0.0,0.5525,0.3693,,0.3693,0,10688,0.0074,20.93,21.08,21.24,20.72,2026-07-09,3,False
TWLO,Information Technology,Software - Infrastructure,RSI,RSI 加速上升,None,0.0,0.5525,0.3693,,0.3693,0,10688,0.0074,218.6,220.22,221.84,216.41,2026-07-09,3,False
U,Information Technology,Software - Application,RSI,RSI 加速上升,None,0.0,0.5525,0.3693,,0.3693,0,10688,0.0074,30.89,31.12,31.35,30.58,2026-07-10,3,False
WRB,Financials,Insurance - Property & Casualty,RSI,RSI 維持強勢 (50-70),Consolidation Breakout,0.75,1.0,0.3684,0.3684,0.2725,19,1479,0.0081,73.84,74.44,75.04,73.1,2026-07-13,3,False
PODD,Health Care,Medical Devices,BB,BB 中軌向上（上升趨勢）,None,0.0,0.51,0.3684,0.3684,0.2705,152,10885,0.0087,162.06,163.47,164.88,160.44,2026-07-13,3,False
ALNY,Health Care,Biotechnology,RSI,RSI 加速上升,None,0.0,0.5525,0.3667,,0.3667,0,559,0.0015,298.76,299.21,299.66,295.77,2026-07-10,3,True
AZN,Health Care,Drug Manufacturers - General,RSI,RSI 加速上升,None,0.0,0.5525,0.3667,,0.3667,0,559,0.0015,171.61,171.87,172.12,169.89,2026-07-10,3,True
GMAB,Health Care,Biotechnology,RSI,RSI 加速上升,None,0.0,0.5525,0.3667,,0.3667,0,559,0.0015,29.78,29.82,29.87,29.48,2026-07-09,3,True
CCJ,Energy,Uranium,BB,BB 跌破下軌 (超賣),None,0.0,0.45499999999999996,0.3664,,0.3664,0,292,0.0073,90.2,90.86,91.52,89.3,2026-07-13,3,False
CHKP,Information Technology,Software - Infrastructure,RSI,RSI 動能加速（強勢區）,None,0.0,0.51,0.366,,0.366,0,2885,0.0091,134.32,135.54,136.76,132.98,2026-07-13,3,False
CPAY,Information Technology,Software - Infrastructure,RSI,RSI 動能加速（強勢區）,None,0.0,0.51,0.366,,0.366,0,2885,0.0091,362.06,365.35,368.65,358.44,2026-07-13,3,False
FTV,Information Technology,Scientific & Technical Instruments,RSI,RSI 動能加速（強勢區）,None,0.0,0.51,0.366,,0.366,0,2885,0.0091,62.2,62.77,63.33,61.58,2026-07-10,3,False
GWRE,Information Technology,Software - Application,RSI,RSI 動能加速（強勢區）,None,0.0,0.51,0.366,,0.366,0,2885,0.0091,140.31,141.59,142.86,138.91,2026-07-13,3,False
RBRK,Information Technology,Software - Infrastructure,RSI,RSI 動能加速（強勢區）,None,0.0,0.51,0.366,,0.366,0,2885,0.0091,88.75,89.56,90.37,87.86,2026-07-09,3,False
SNOW,Information Technology,Software - Application,RSI,RSI 動能加速（強勢區）,None,0.0,0.51,0.366,,0.366,0,2885,0.0091,268.65,271.09,273.54,265.96,2026-07-13,3,False
BLK,Financials,Asset Management,RSI,RSI 動能加速（強勢區）,None,0.0,0.51,0.3659,0.3659,0.279,41,3129,0.0023,1036.11,1038.49,1040.88,1025.75,2026-07-10,3,False
NTAP,Information Technology,Software - Infrastructure,MACD,MACD 金叉 (多頭區),None,0.0,0.68,0.3651,,0.3651,0,504,0.0103,171.21,172.97,174.74,169.5,2026-07-09,3,False
TXN,Information Technology,Semiconductors,MACD,MACD 金叉 (多頭區),None,0.0,0.68,0.3651,,0.3651,0,504,0.0103,311.46,314.67,317.88,308.35,2026-07-10,3,False
CRDO,Information Technology,Semiconductors,RSI,RSI 維持強勢 (50-70),None,0.0,0.51,0.3645,,0.3645,0,16764,0.0088,257.79,260.06,262.33,255.21,2026-07-10,3,False
FROG,Information Technology,Software - Application,RSI,RSI 維持強勢 (50-70),None,0.0,0.51,0.3645,,0.3645,0,16764,0.0088,92.02,92.83,93.64,91.1,2026-07-13,3,False
GRAB,Information Technology,Software - Application,RSI,RSI 維持強勢 (50-70),None,0.0,0.51,0.3645,,0.3645,0,16764,0.0088,3.94,3.97,4.01,3.9,2026-07-13,3,False
KSPI,Information Technology,Software - Infrastructure,RSI,RSI 維持強勢 (50-70),None,0.0,0.51,0.3645,,0.3645,0,16764,0.0088,88.67,89.45,90.23,87.78,2026-07-13,3,False
MDB,Information Technology,Software - Infrastructure,RSI,RSI 維持強勢 (50-70),None,0.0,0.51,0.3645,,0.3645,0,16764,0.0088,342.08,345.09,348.1,338.66,2026-07-10,3,False
OKTA,Information Technology,Software - Infrastructure,RSI,RSI 維持強勢 (50-70),None,0.0,0.51,0.3645,,0.3645,0,16764,0.0088,139.53,140.76,141.99,138.13,2026-07-13,3,False
STRF,Information Technology,Software - Application,RSI,RSI 維持強勢 (50-70),None,0.0,0.51,0.3645,,0.3645,0,16764,0.0088,95.07,95.91,96.74,94.12,2026-07-13,3,False
TOST,Information Technology,Software - Infrastructure,RSI,RSI 維持強勢 (50-70),None,0.0,0.51,0.3645,,0.3645,0,16764,0.0088,29.96,30.22,30.49,29.66,2026-07-13,3,False
TSM,Information Technology,Semiconductors,RSI,RSI 維持強勢 (50-70),None,0.0,0.51,0.3645,,0.3645,0,16764,0.0088,436.96,440.81,444.65,432.59,2026-07-09,3,False
UMC,Information Technology,Semiconductors,RSI,RSI 維持強勢 (50-70),None,0.0,0.51,0.3645,,0.3645,0,16764,0.0088,23.46,23.67,23.87,23.23,2026-07-13,3,False
WSE,Information Technology,Information Technology Services,RSI,RSI 維持強勢 (50-70),None,0.0,0.51,0.3645,,0.3645,0,16764,0.0088,13.0,13.11,13.23,12.87,2026-07-13,3,False
ZS,Information Technology,Software - Infrastructure,RSI,RSI 維持強勢 (50-70),None,0.0,0.51,0.3645,,0.3645,0,16764,0.0088,141.82,143.07,144.32,140.4,2026-07-13,3,False
ENTG,Information Technology,Semiconductor Equipment & Materials,BB,BB 中軌向上（上升趨勢）,None,0.0,0.51,0.3639,,0.3639,0,16781,0.009,136.27,137.5,138.72,134.91,2026-07-13,3,False
KMI,Energy,Oil & Gas Midstream,KDJ,KDJ 金叉,None,0.0,0.5525,0.3636,0.3636,0.3614,22,498,0.0135,32.24,32.68,33.11,31.92,2026-07-13,3,False
WBD,Communication Services,Entertainment,KDJ,KDJ 金叉,None,0.0,0.5525,0.3636,0.3636,0.3345,33,550,0.0138,26.59,26.96,27.32,26.32,2026-07-10,3,False
AR,Energy,Oil & Gas E&P,RSI,RSI 上穿 50 中性線,None,0.0,0.4675,0.361,,0.361,0,579,0.0056,34.28,34.47,34.66,33.94,2026-07-13,3,False
BP,Energy,Oil & Gas Integrated,RSI,RSI 上穿 50 中性線,None,0.0,0.4675,0.361,,0.361,0,579,0.0056,40.83,41.06,41.29,40.42,2026-07-13,3,False
CNQ,Energy,Oil & Gas E&P,RSI,RSI 上穿 50 中性線,None,0.0,0.4675,0.361,,0.361,0,579,0.0056,43.05,43.29,43.53,42.62,2026-07-13,3,False
CVE,Energy,Oil & Gas Integrated,RSI,RSI 上穿 50 中性線,None,0.0,0.4675,0.361,,0.361,0,579,0.0056,26.4,26.55,26.7,26.14,2026-07-10,3,False
E,Energy,Oil & Gas Integrated,RSI,RSI 上穿 50 中性線,None,0.0,0.4675,0.361,,0.361,0,579,0.0056,49.44,49.72,49.99,48.95,2026-07-13,3,False
ENB,Energy,Oil & Gas Midstream,RSI,RSI 上穿 50 中性線,None,0.0,0.4675,0.361,,0.361,0,579,0.0056,55.07,55.38,55.69,54.52,2026-07-13,3,False
EQNR,Energy,Oil & Gas Integrated,RSI,RSI 上穿 50 中性線,None,0.0,0.4675,0.361,,0.361,0,579,0.0056,36.06,36.26,36.46,35.7,2026-07-13,3,False
PBR,Energy,Oil & Gas Integrated,RSI,RSI 上穿 50 中性線,None,0.0,0.4675,0.361,,0.361,0,579,0.0056,17.32,17.42,17.51,17.15,2026-07-10,3,False
TRP,Energy,Oil & Gas Midstream,RSI,RSI 上穿 50 中性線,None,0.0,0.4675,0.361,,0.361,0,579,0.0056,67.94,68.32,68.7,67.26,2026-07-13,3,False
WDS,Energy,Oil & Gas E&P,RSI,RSI 上穿 50 中性線,None,0.0,0.4675,0.361,,0.361,0,579,0.0056,20.53,20.64,20.76,20.32,2026-07-13,3,False
HWM,Industrials,Aerospace & Defense,RSI,RSI 維持強勢 (50-70),None,0.0,0.51,0.3586,0.3586,0.2986,304,19157,0.0113,271.28,274.35,277.41,268.57,2026-07-13,3,False
ABNB,Consumer Discretionary,Travel Services,BB,價格在 BB 中軌上方,None,0.0,0.425,0.3581,0.3581,0.2984,215,12430,0.0059,146.33,147.19,148.06,144.87,2026-07-13,3,False
BIIB,Health Care,Drug Manufacturers - General,BB,BB 中軌向上（上升趨勢）,Bullish Engulfing,0.75,1.0,0.3577,,0.3577,0,260,0.0085,199.15,200.84,202.54,197.16,2026-07-10,3,False
ELAN,Health Care,Drug Manufacturers - Specialty & Generic,BB,BB 中軌向上（上升趨勢）,Bullish Engulfing,0.75,1.0,0.3577,,0.3577,0,260,0.0085,24.82,25.03,25.24,24.57,2026-07-10,3,False
TEM,Health Care,Health Information Services,BB,BB 中軌向上（上升趨勢）,Bullish Engulfing,0.75,1.0,0.3577,,0.3577,0,260,0.0085,61.5,62.02,62.55,60.88,2026-07-09,3,False
EPAM,Information Technology,Information Technology Services,BB,價格在 BB 中軌上方,None,0.0,0.425,0.3573,,0.3573,0,20206,0.0074,86.38,87.02,87.66,85.52,2026-07-13,3,False
FISV,Information Technology,Financial Technology,BB,價格在 BB 中軌上方,None,0.0,0.425,0.3573,,0.3573,0,20206,0.0074,51.18,51.56,51.94,50.67,2026-07-13,3,False
SAP,Information Technology,Software - Application,BB,價格在 BB 中軌上方,None,0.0,0.425,0.3573,,0.3573,0,20206,0.0074,159.97,161.15,162.34,158.37,2026-07-13,3,False
STRC,Information Technology,Software - Application,BB,價格在 BB 中軌上方,None,0.0,0.425,0.3573,,0.3573,0,20206,0.0074,87.02,87.66,88.31,86.15,2026-07-13,3,False
VEEV,Health Care,Health Information Services,RSI,RSI 動能加速（強勢區）,None,0.0,0.51,0.3571,0.3571,0.2606,14,1869,-0.0086,196.81,195.12,193.42,194.84,2026-07-13,3,False
ZBRA,Information Technology,Communication Equipment,BB,價格在 BB 中軌上方,None,0.0,0.425,0.3568,0.3568,0.3573,227,20206,0.0048,266.71,267.99,269.27,264.04,2026-07-13,3,False
GOOG,Communication Services,Internet Content & Information,BB,價格在 BB 中軌上方,None,0.0,0.425,0.3567,0.3567,0.3007,300,6080,0.0072,356.24,358.8,361.37,352.68,2026-07-09,3,False
BAX,Health Care,Medical Instruments & Supplies,RSI,RSI 維持強勢 (50-70),None,0.0,0.51,0.3558,0.3558,0.2772,163,12123,0.0042,22.57,22.66,22.76,22.34,2026-07-13,3,False
TS,Energy,Oil & Gas Equipment & Services,MACD,MACD 金叉 (空頭區),None,0.0,0.42,0.3557,,0.3557,0,253,0.0057,55.85,56.17,56.49,55.29,2026-07-13,3,False
VNOM,Energy,Oil & Gas Midstream,MACD,MACD 金叉 (空頭區),None,0.0,0.42,0.3557,,0.3557,0,253,0.0057,41.67,41.91,42.15,41.25,2026-07-09,3,False
FFIV,Information Technology,Software - Infrastructure,RSI,RSI 動能加速（強勢區）,None,0.0,0.51,0.3556,0.3556,0.366,45,2885,0.0053,430.32,432.6,434.88,426.02,2026-07-09,3,False
INTC,Information Technology,Semiconductors,BB,BB 中軌向上（上升趨勢）,None,0.0,0.51,0.3554,0.3554,0.3639,242,16781,0.005,109.84,110.39,110.94,108.74,2026-07-10,3,False
BAC,Financials,Banks - Diversified,RSI,RSI 維持強勢 (50-70),None,0.0,0.51,0.3548,0.3548,0.2842,279,19108,0.0078,59.5,59.96,60.43,58.91,2026-07-13,3,False
BBIO,Health Care,Biotechnology,RSI,RSI 加速上升,Cup & Handle,0.77,1.0,0.3547,,0.3547,0,172,0.0038,90.17,90.51,90.86,89.27,2026-07-09,3,True
EXPE,Consumer Discretionary,Travel Services,BB,價格在 BB 中軌上方,None,0.0,0.425,0.3544,0.3544,0.2984,285,12430,0.0007,265.63,265.82,266.0,262.97,2026-07-13,3,False
AXON,Industrials,Aerospace & Defense,RSI,RSI 加速上升,None,0.0,0.5525,0.3537,0.3537,0.2981,164,11545,0.0038,565.8,567.95,570.1,560.14,2026-07-10,3,False
NWSA,Communication Services,Entertainment,RSI,RSI 動能加速（強勢區）,None,0.0,0.51,0.3529,0.3529,0.3135,34,772,0.0063,27.49,27.66,27.84,27.22,2026-07-09,3,False
TKO,Communication Services,Entertainment,BB,BB 跌破下軌 (超賣),None,0.0,0.45499999999999996,0.3529,0.3529,0.33,17,397,0.0101,180.96,182.79,184.62,179.15,2026-07-13,3,False
PEN,Health Care,Medical Devices,RSI,RSI 上穿 50 中性線,Bullish Engulfing,0.75,0.9735000000000001,0.3519,,0.3519,0,54,0.0013,318.94,319.35,319.77,315.75,2026-07-13,3,False
HBAN,Financials,Banks - Regional,RSI,RSI 維持強勢 (50-70),None,0.0,0.51,0.3512,0.3512,0.2842,168,19108,0.0079,17.93,18.07,18.21,17.75,2026-07-13,3,False
CBRE,Real Estate,Real Estate Services,BB,BB 中軌向上（上升趨勢）,None,0.0,0.51,0.3508,0.3508,0.2647,248,5713,0.0069,138.03,138.98,139.93,136.65,2026-07-13,3,False
PCAR,Industrials,Farm & Heavy Construction Machinery,KDJ,KDJ 金叉,None,0.0,0.5525,0.35,0.35,0.3223,20,2110,0.0087,124.57,125.65,126.74,123.32,2026-07-10,3,False
CAG,Consumer Staples,Packaged Foods,RSI,RSI 動能加速（強勢區）,None,0.0,0.51,0.35,0.35,0.2456,20,1148,0.0114,14.33,14.49,14.66,14.19,2026-07-13,3,False
FAST,Industrials,Industrial Distribution,RSI,RSI 上穿 50 中性線,None,0.0,0.4675,0.35,0.35,0.304,20,1816,0.0101,46.49,46.96,47.43,46.03,2026-07-10,3,False
MLI,Industrials,Metal Fabrication,BB,價格在 BB 中軌上方,None,0.0,0.425,0.3497,,0.3497,0,1018,0.0042,57.86,58.1,58.35,57.28,2026-07-09,3,True
ULTA,Consumer Discretionary,Specialty Retail,KDJ,KDJ 金叉,None,0.0,0.5525,0.3478,0.3478,0.3183,23,1244,-0.0085,469.2,465.21,461.22,464.51,2026-07-10,3,False
F,Consumer Discretionary,Auto Manufacturers,RSI,RSI 加速上升,None,0.0,0.5525,0.3452,0.3452,0.3117,168,6796,0.0072,14.0,14.1,14.2,13.86,2026-07-10,3,False
MAS,Industrials,Building Products & Equipment,RSI,RSI 動能加速（強勢區）,None,0.0,0.51,0.3448,0.3448,0.2891,29,3037,0.0037,77.84,78.13,78.42,77.06,2026-07-10,3,False
MFG,Financials,Banks - Regional,RSI,RSI 維持強勢 (50-70),None,0.0,0.51,0.3448,,0.3448,0,609,0.0048,10.33,10.38,10.43,10.23,2026-07-09,3,True
NU,Financials,Banks - Regional,RSI,RSI 維持強勢 (50-70),None,0.0,0.51,0.3448,,0.3448,0,609,0.0048,13.76,13.83,13.89,13.62,2026-07-10,3,True
TD,Financials,Banks - Diversified,RSI,RSI 維持強勢 (50-70),None,0.0,0.51,0.3448,,0.3448,0,609,0.0048,118.959,119.53,120.1,117.77,2026-07-09,3,True
VLYPN,Financials,Banks - Regional,RSI,RSI 維持強勢 (50-70),None,0.0,0.51,0.3448,,0.3448,0,609,0.0048,25.61,25.73,25.86,25.35,2026-07-10,3,True
VLO,Energy,Oil & Gas Refining & Marketing,BB,價格在 BB 中軌上方,None,0.0,0.425,0.3448,0.3448,0.2998,232,5768,0.0031,295.79,296.71,297.62,292.83,2026-07-13,3,False
IONQ,Information Technology,Computer Hardware,BB,BB 跌破下軌 (超賣),None,0.0,0.45499999999999996,0.3447,,0.3447,0,1001,0.0043,38.88,39.05,39.21,38.49,2026-07-13,3,False
MLM,Materials,Building Materials,BB,BB 中軌向上（上升趨勢）,None,0.0,0.51,0.3436,0.3436,0.2853,195,5036,0.0109,569.35,575.56,581.76,563.66,2026-07-13,3,False
BKR,Energy,Oil & Gas Equipment & Services,RSI,RSI 加速上升,None,0.0,0.5525,0.3434,0.3434,0.3227,166,3306,0.0016,57.66,57.75,57.84,57.08,2026-07-13,3,False
INTU,Information Technology,Software - Application,RSI,RSI 加速上升,None,0.0,0.5525,0.3432,0.3432,0.3693,169,10688,-0.0039,289.76,288.63,287.5,286.86,2026-07-13,3,False
UHS,Health Care,Medical Care Facilities,RSI,RSI 維持強勢 (50-70),None,0.0,0.51,0.3424,0.3424,0.2772,184,12123,0.0014,152.77,152.98,153.2,151.24,2026-07-13,3,False
EFX,Industrials,Consulting Services,BB,價格在 BB 中軌上方,None,0.0,0.425,0.3415,0.3415,0.295,205,22337,-0.0018,172.61,172.3,171.99,170.88,2026-07-13,3,False
GOOGL,Communication Services,Internet Content & Information,BB,價格在 BB 中軌上方,None,0.0,0.425,0.3413,0.3413,0.3007,293,6080,0.0067,358.89,361.29,363.7,355.3,2026-07-09,3,False
WELL,Real Estate,REIT - Healthcare Facilities,BB,價格在 BB 中軌上方,None,0.0,0.425,0.3409,0.3409,0.248,399,8032,0.0038,234.55,235.44,236.33,232.2,2026-07-13,3,False
GEN,Information Technology,Software - Infrastructure,BB,BB 中軌向上（上升趨勢）,None,0.0,0.51,0.3408,0.3408,0.3639,179,16781,0.006,26.16,26.32,26.47,25.9,2026-07-13,3,False
IONS,Health Care,Biotechnology,BB,BB 中軌向上（上升趨勢）,None,0.0,0.51,0.3402,,0.3402,0,579,0.0005,64.27,64.3,64.33,63.63,2026-07-09,3,True
ARES,Financials,Asset Management,RSI,RSI 加速上升,None,0.0,0.5525,0.3394,0.3394,0.3014,165,11488,0.0081,121.81,122.8,123.78,120.59,2026-07-10,3,False
STT,Financials,Asset Management,RSI,RSI 加速上升,None,0.0,0.5525,0.3393,0.3393,0.3014,168,11488,0.009,180.22,181.84,183.46,178.42,2026-07-10,3,False
APO,Financials,Asset Management,RSI,RSI 維持強勢 (50-70),None,0.0,0.51,0.3381,0.3381,0.2842,281,19108,0.0069,118.83,119.65,120.47,117.64,2026-07-13,3,False
DASH,Consumer Discretionary,Internet Retail,RSI,RSI 維持強勢 (50-70),None,0.0,0.51,0.3377,0.3377,0.2995,231,10441,0.001,189.57,189.76,189.95,187.67,2026-07-13,3,False
CBOE,Financials,Financial Data & Stock Exchanges,RSI,RSI 維持強勢 (50-70),None,0.0,0.51,0.3371,0.3371,0.2842,267,19108,0.0055,277.13,278.65,280.18,274.36,2026-07-13,3,False
CTSH,Information Technology,Information Technology Services,RSI,RSI 加速上升,None,0.0,0.5525,0.3359,0.3359,0.3693,131,10688,0.0029,44.16,44.29,44.42,43.72,2026-07-13,3,False
CASY,Consumer Discretionary,Specialty Retail,MACD,MACD 突破 0 軸,None,0.0,0.595,0.3351,,0.3351,0,376,0.0114,859.1,868.89,878.69,850.51,2026-07-13,3,False
QSR,Consumer Discretionary,Restaurants,MACD,MACD 突破 0 軸,None,0.0,0.595,0.3351,,0.3351,0,376,0.0114,74.94,75.79,76.65,74.19,2026-07-09,3,False
NBIS,Communication Services,Internet Content & Information,KDJ,KDJ 金叉,None,0.0,0.5525,0.3345,,0.3345,0,550,0.0065,219.65,221.08,222.51,217.45,2026-07-10,3,False
ROKU,Communication Services,Entertainment,KDJ,KDJ 金叉,None,0.0,0.5525,0.3345,,0.3345,0,550,0.0065,142.34,143.27,144.19,140.92,2026-07-13,3,False
VIV,Communication Services,Telecom Services,KDJ,KDJ 金叉,None,0.0,0.5525,0.3345,,0.3345,0,550,0.0065,13.45,13.54,13.62,13.32,2026-07-09,3,False
MET,Financials,Insurance - Life,RSI,RSI 維持強勢 (50-70),Consolidation Breakout,0.75,1.0,0.3333,0.3333,0.2725,24,1479,-0.0007,93.03,92.96,92.9,92.1,2026-07-13,3,False
AEP,Utilities,Utilities - Regulated Electric,MACD,MACD 突破 0 軸,None,0.0,0.595,0.3333,0.3333,0.2226,6,310,0.0107,135.63,137.08,138.53,134.27,2026-07-13,3,False
IDXX,Health Care,Diagnostics & Research,MACD,MACD 突破 0 軸,None,0.0,0.595,0.3333,0.3333,0.3171,9,432,0.0056,563.57,566.73,569.88,557.93,2026-07-10,3,False
EME,Industrials,Engineering & Construction,KDJ,KDJ 金叉,None,0.0,0.5525,0.3333,0.3333,0.3223,30,2110,-0.0018,781.78,780.37,778.97,773.96,2026-07-10,3,False
MCHP,Information Technology,Semiconductors,RSI,RSI 加速上升,None,0.0,0.5525,0.3333,0.3333,0.3693,117,10688,0.01,88.59,89.48,90.36,87.7,2026-07-10,3,False
ON,Information Technology,Semiconductors,KDJ,KDJ 金叉,None,0.0,0.5525,0.3333,0.3333,0.3918,24,1955,-0.0109,97.87,96.8,95.74,96.89,2026-07-09,3,False
QCOM,Information Technology,Semiconductors,RSI,RSI 加速上升,None,0.0,0.5525,0.3333,0.3333,0.3693,141,10688,0.0074,189.16,190.56,191.96,187.27,2026-07-10,3,False
TFC,Financials,Banks - Regional,KDJ,KDJ 金叉,None,0.0,0.5525,0.3333,0.3333,0.3142,18,1932,0.0103,51.67,52.2,52.73,51.15,2026-07-10,3,False
AKAM,Information Technology,Software - Infrastructure,RSI,RSI 維持強勢 (50-70),None,0.0,0.51,0.3333,0.3333,0.3645,228,16764,0.0059,125.13,125.87,126.61,123.88,2026-07-13,3,False
AOS,Industrials,Specialty Industrial Machinery,BB,BB 中軌向上（上升趨勢）,None,0.0,0.51,0.3333,0.3333,0.2929,138,17460,0.0049,59.53,59.82,60.11,58.93,2026-07-13,3,False
IT,Information Technology,Information Technology Services,RSI,RSI 上穿 50 中性線,None,0.0,0.4675,0.3333,0.3333,0.3785,18,1593,-0.0059,141.31,140.48,139.64,139.9,2026-07-13,3,False
ROST,Consumer Discretionary,Apparel Retail,RSI,RSI 上穿 50 中性線,None,0.0,0.4675,0.3333,0.3333,0.3072,12,1123,0.0073,222.88,224.51,226.13,220.65,2026-07-10,3,False
HSIC,Health Care,Medical Distribution,BB,價格在 BB 中軌上方,None,0.0,0.425,0.3314,0.3314,0.2804,169,14417,-0.0009,85.79,85.71,85.64,84.93,2026-07-13,3,False
AAON,Industrials,Building Products & Equipment,MACD,MACD 金叉 (空頭區),None,0.0,0.42,0.3303,,0.3303,0,875,0.0053,112.19,112.78,113.38,111.07,2026-07-13,3,False
AIT,Industrials,Industrial Distribution,MACD,MACD 金叉 (空頭區),None,0.0,0.42,0.3303,,0.3303,0,875,0.0053,331.15,332.91,334.66,327.84,2026-07-10,3,False
ATI,Industrials,Metal Fabrication,MACD,MACD 金叉 (空頭區),None,0.0,0.42,0.3303,,0.3303,0,875,0.0053,183.75,184.72,185.7,181.91,2026-07-13,3,False
DRS,Industrials,Aerospace & Defense,MACD,MACD 金叉 (空頭區),None,0.0,0.42,0.3303,,0.3303,0,875,0.0053,44.67,44.91,45.14,44.22,2026-07-09,3,False
ITT,Industrials,Specialty Industrial Machinery,MACD,MACD 金叉 (空頭區),None,0.0,0.42,0.3303,,0.3303,0,875,0.0053,195.0,196.03,197.07,193.05,2026-07-10,3,False
SAIA,Industrials,Trucking,MACD,MACD 金叉 (空頭區),None,0.0,0.42,0.3303,,0.3303,0,875,0.0053,432.06,434.35,436.64,427.74,2026-07-13,3,False
TFII,Industrials,Trucking,MACD,MACD 金叉 (空頭區),None,0.0,0.42,0.3303,,0.3303,0,875,0.0053,147.64,148.42,149.2,146.16,2026-07-10,3,False
XPO,Industrials,Trucking,MACD,MACD 金叉 (空頭區),None,0.0,0.42,0.3303,,0.3303,0,875,0.0053,208.03,209.13,210.24,205.95,2026-07-09,3,False
AEG,Financials,Insurance - Diversified,MACD,MACD 突破 0 軸,None,0.0,0.595,0.3301,,0.3301,0,618,0.0061,8.8,8.85,8.91,8.71,2026-07-10,3,False
AFG,Financials,Insurance - Property & Casualty,MACD,MACD 突破 0 軸,None,0.0,0.595,0.3301,,0.3301,0,618,0.0061,141.38,142.24,143.1,139.97,2026-07-10,3,False
BBD,Financials,Banks - Regional,MACD,MACD 突破 0 軸,None,0.0,0.595,0.3301,,0.3301,0,618,0.0061,3.61,3.63,3.65,3.57,2026-07-13,3,False
BBDO,Financials,Banks - Regional,MACD,MACD 突破 0 軸,None,0.0,0.595,0.3301,,0.3301,0,618,0.0061,3.15,3.17,3.19,3.12,2026-07-13,3,False
SLMBP,Financials,Credit Services,MACD,MACD 突破 0 軸,None,0.0,0.595,0.3301,,0.3301,0,618,0.0061,74.67,75.13,75.58,73.92,2026-07-10,3,False
TPG,Financials,Asset Management,MACD,MACD 突破 0 軸,None,0.0,0.595,0.3301,,0.3301,0,618,0.0061,42.67,42.93,43.19,42.24,2026-07-10,3,False
WF,Financials,Banks - Regional,MACD,MACD 突破 0 軸,None,0.0,0.595,0.3301,,0.3301,0,618,0.0061,63.27,63.66,64.04,62.64,2026-07-13,3,False
ZION,Financials,Banks - Regional,MACD,MACD 突破 0 軸,None,0.0,0.595,0.3301,,0.3301,0,618,0.0061,70.36,70.79,71.22,69.66,2026-07-13,3,False
BXP,Real Estate,REIT - Office,BB,BB 中軌向上（上升趨勢）,None,0.0,0.51,0.3295,0.3295,0.2647,173,5713,0.0044,67.04,67.33,67.63,66.37,2026-07-13,3,False
NTR,Materials,Agricultural Inputs,RSI,RSI 上穿 50 中性線,None,0.0,0.4675,0.3294,,0.3294,0,595,0.0031,65.43,65.63,65.84,64.78,2026-07-10,3,False
RS,Materials,Steel,RSI,RSI 上穿 50 中性線,None,0.0,0.4675,0.3294,,0.3294,0,595,0.0031,385.4,386.59,387.79,381.55,2026-07-13,3,False
ERIE,Financials,Insurance Brokers,RSI,RSI 維持強勢 (50-70),Support,0.9,1.0,0.3276,,0.3276,0,58,0.0022,247.81,248.36,248.9,245.33,2026-07-09,3,False
L,Financials,Insurance - Property & Casualty,RSI,RSI 維持強勢 (50-70),Support,0.9,1.0,0.3276,,0.3276,0,58,0.0022,115.15,115.4,115.66,114.0,2026-07-09,3,False
MA,Financials,Credit Services,RSI,RSI 維持強勢 (50-70),Support,0.8,1.0,0.3276,,0.3276,0,58,0.0022,523.2,524.35,525.5,517.97,2026-07-09,3,False
MCO,Financials,Financial Data & Stock Exchanges,RSI,RSI 維持強勢 (50-70),Support,0.9,1.0,0.3276,,0.3276,0,58,0.0022,487.02,488.09,489.16,482.15,2026-07-09,3,False
V,Financials,Credit Services,RSI,RSI 維持強勢 (50-70),Support,0.9,1.0,0.3276,,0.3276,0,58,0.0022,348.2,348.97,349.73,344.72,2026-07-09,3,False
EIX,Utilities,Utilities - Regulated Electric,BB,BB 中軌向上（上升趨勢）,None,0.0,0.51,0.3276,0.3276,0.249,232,7232,0.0063,75.97,76.45,76.93,75.21,2026-07-13,3,False
DINO,Energy,Oil & Gas Refining & Marketing,RSI,RSI 動能加速（強勢區）,None,0.0,0.51,0.3265,,0.3265,0,873,0.0005,81.7,81.74,81.78,80.88,2026-07-13,3,False
DTM,Energy,Oil & Gas Midstream,RSI,RSI 動能加速（強勢區）,None,0.0,0.51,0.3265,,0.3265,0,873,0.0005,147.34,147.41,147.49,145.87,2026-07-09,3,False
FTI,Energy,Oil & Gas Equipment & Services,RSI,RSI 動能加速（強勢區）,None,0.0,0.51,0.3265,,0.3265,0,873,0.0005,71.85,71.89,71.92,71.13,2026-07-10,3,False
IMO,Energy,Oil & Gas Integrated,RSI,RSI 動能加速（強勢區）,None,0.0,0.51,0.3265,,0.3265,0,873,0.0005,123.64,123.7,123.76,122.4,2026-07-13,3,False
LNG,Energy,Oil & Gas Midstream,RSI,RSI 動能加速（強勢區）,None,0.0,0.51,0.3265,,0.3265,0,873,0.0005,263.29,263.42,263.55,260.66,2026-07-13,3,False
OVV,Energy,Oil & Gas E&P,RSI,RSI 動能加速（強勢區）,None,0.0,0.51,0.3265,,0.3265,0,873,0.0005,56.51,56.54,56.57,55.94,2026-07-13,3,False
PAA,Energy,Oil & Gas Midstream,RSI,RSI 動能加速（強勢區）,None,0.0,0.51,0.3265,,0.3265,0,873,0.0005,23.54,23.55,23.56,23.3,2026-07-13,3,False
PR,Energy,Oil & Gas E&P,RSI,RSI 動能加速（強勢區）,None,0.0,0.51,0.3265,,0.3265,0,873,0.0005,19.62,19.63,19.64,19.42,2026-07-13,3,False
SHEL,Energy,Oil & Gas Integrated,RSI,RSI 動能加速（強勢區）,None,0.0,0.51,0.3265,,0.3265,0,873,0.0005,83.98,84.02,84.06,83.14,2026-07-13,3,False
SU,Energy,Oil & Gas Integrated,RSI,RSI 動能加速（強勢區）,None,0.0,0.51,0.3265,,0.3265,0,873,0.0005,61.27,61.3,61.33,60.66,2026-07-13,3,False
SUN,Energy,Oil & Gas Refining & Marketing,RSI,RSI 動能加速（強勢區）,None,0.0,0.51,0.3265,,0.3265,0,873,0.0005,70.8,70.84,70.87,70.09,2026-07-13,3,False
VG,Energy,Oil & Gas Midstream,RSI,RSI 動能加速（強勢區）,None,0.0,0.51,0.3265,,0.3265,0,873,0.0005,13.36,13.37,13.37,13.23,2026-07-13,3,False
WES,Energy,Oil & Gas Midstream,RSI,RSI 動能加速（強勢區）,None,0.0,0.51,0.3265,,0.3265,0,873,0.0005,45.74,45.76,45.79,45.28,2026-07-13,3,False
SKM,Communication Services,Telecom Services,MACD,MACD 金叉 (空頭區),None,0.0,0.42,0.3254,,0.3254,0,252,0.0044,33.23,33.38,33.52,32.9,2026-07-10,3,False
RVTY,Health Care,Diagnostics & Research,BB,價格在 BB 中軌上方,None,0.0,0.425,0.3247,0.3247,0.2804,194,14417,-0.0022,111.11,110.87,110.62,110.0,2026-07-13,3,False
NYT,Communication Services,Publishing,RSI,RSI 上穿 50 中性線,None,0.0,0.4675,0.3243,,0.3243,0,518,0.004,74.3,74.6,74.89,73.56,2026-07-09,3,False
TMUS,Communication Services,Telecom Services,RSI,RSI 加速上升,None,0.0,0.5525,0.3237,0.3237,0.3116,139,3322,0.0054,188.41,189.43,190.44,186.53,2026-07-13,3,False
KMB,Consumer Staples,Household & Personal Products,RSI,RSI 動能加速（強勢區）,None,0.0,0.51,0.3235,0.3235,0.2456,34,1148,0.0069,112.41,113.19,113.96,111.29,2026-07-10,3,False
AVY,Consumer Discretionary,Packaging & Containers,MACD,MACD 金叉 (空頭區),None,0.0,0.42,0.3233,,0.3233,0,529,0.0066,159.07,160.12,161.17,157.48,2026-07-09,3,False
ONON,Consumer Discretionary,Footwear & Accessories,MACD,MACD 金叉 (空頭區),None,0.0,0.42,0.3233,,0.3233,0,529,0.0066,38.54,38.79,39.05,38.15,2026-07-10,3,False
TCOM,Consumer Discretionary,Travel Services,MACD,MACD 金叉 (空頭區),None,0.0,0.42,0.3233,,0.3233,0,529,0.0066,42.8,43.08,43.36,42.37,2026-07-10,3,False
AM,Energy,Oil & Gas Midstream,RSI,RSI 加速上升,None,0.0,0.5525,0.3227,,0.3227,0,3306,0.0024,22.28,22.33,22.39,22.06,2026-07-10,3,False
CQP,Energy,Oil & Gas Midstream,RSI,RSI 加速上升,None,0.0,0.5525,0.3227,,0.3227,0,3306,0.0024,64.88,65.04,65.19,64.23,2026-07-09,3,False
EC,Energy,Oil & Gas Integrated,RSI,RSI 加速上升,None,0.0,0.5525,0.3227,,0.3227,0,3306,0.0024,15.88,15.92,15.96,15.72,2026-07-13,3,False
EPD,Energy,Oil & Gas Midstream,RSI,RSI 加速上升,None,0.0,0.5525,0.3227,,0.3227,0,3306,0.0024,37.29,37.38,37.47,36.92,2026-07-09,3,False
ET,Energy,Oil & Gas Midstream,RSI,RSI 加速上升,None,0.0,0.5525,0.3227,,0.3227,0,3306,0.0024,19.79,19.84,19.88,19.59,2026-07-09,3,False
MPLX,Energy,Oil & Gas Midstream,RSI,RSI 加速上升,None,0.0,0.5525,0.3227,,0.3227,0,3306,0.0024,57.19,57.33,57.46,56.62,2026-07-09,3,False
PBA,Energy,Oil & Gas Midstream,RSI,RSI 加速上升,None,0.0,0.5525,0.3227,,0.3227,0,3306,0.0024,47.55,47.66,47.78,47.07,2026-07-10,3,False
TTE,Energy,Oil & Gas Integrated,RSI,RSI 加速上升,None,0.0,0.5525,0.3227,,0.3227,0,3306,0.0024,81.21,81.4,81.6,80.4,2026-07-13,3,False
DG,Consumer Staples,Discount Stores,KDJ,KDJ 金叉,None,0.0,0.5525,0.3226,0.3226,0.2503,31,779,0.0002,118.92,118.94,118.97,117.73,2026-07-10,3,False
EMR,Industrials,Specialty Industrial Machinery,KDJ,KDJ 金叉,None,0.0,0.5525,0.3226,0.3226,0.3223,31,2110,-0.0007,137.8,137.7,137.61,136.42,2026-07-09,3,False
BWXT,Industrials,Aerospace & Defense,KDJ,KDJ 金叉,None,0.0,0.5525,0.3223,,0.3223,0,2110,0.0051,186.0,186.95,187.9,184.14,2026-07-10,3,False
FDXF,Industrials,Integrated Freight & Logistics,KDJ,KDJ 金叉,None,0.0,0.5525,0.3223,,0.3223,0,2110,0.0051,154.25,155.04,155.82,152.71,2026-07-09,3,False
FERG,Industrials,Industrial Distribution,KDJ,KDJ 金叉,None,0.0,0.5525,0.3223,,0.3223,0,2110,0.0051,227.46,228.62,229.78,225.19,2026-07-10,3,False
MAIR,Industrials,Building Products & Equipment,KDJ,KDJ 金叉,None,0.0,0.5525,0.3223,,0.3223,0,2110,0.0051,35.81,35.99,36.18,35.45,2026-07-09,3,False
NVT,Industrials,Electrical Equipment & Parts,KDJ,KDJ 金叉,None,0.0,0.5525,0.3223,,0.3223,0,2110,0.0051,158.05,158.86,159.66,156.47,2026-07-09,3,False
RELX,Industrials,Specialty Business Services,KDJ,KDJ 金叉,None,0.0,0.5525,0.3223,,0.3223,0,2110,0.0051,33.42,33.59,33.76,33.09,2026-07-13,3,False
WCC,Industrials,Industrial Distribution,KDJ,KDJ 金叉,None,0.0,0.5525,0.3223,,0.3223,0,2110,0.0051,328.91,330.59,332.26,325.62,2026-07-09,3,False
ALB,Materials,Specialty Chemicals,RSI,RSI 加速上升,None,0.0,0.5525,0.3222,0.3222,0.3048,180,3639,-0.0073,126.05,125.13,124.21,124.79,2026-07-10,3,False
STZ,Consumer Staples,Beverages - Brewers,KDJ,KDJ 金叉,Morning Star,0.8,1.0,0.322,,0.322,0,59,0.0045,134.06,134.66,135.27,132.72,2026-07-10,3,False
APTV,Consumer Discretionary,Auto Parts,RSI,RSI 加速上升,None,0.0,0.5525,0.3214,0.3214,0.3117,112,6796,0.0059,60.57,60.93,61.28,59.96,2026-07-10,3,False
ALLY,Financials,Credit Services,MACD,MACD 金叉 (空頭區),None,0.0,0.42,0.3214,,0.3214,0,865,0.0073,45.59,45.92,46.26,45.13,2026-07-10,3,False
BN,Financials,Asset Management,MACD,MACD 金叉 (空頭區),None,0.0,0.42,0.3214,,0.3214,0,865,0.0073,43.73,44.05,44.37,43.29,2026-07-10,3,False
BNT,Financials,Insurance - Diversified,MACD,MACD 金叉 (空頭區),None,0.0,0.42,0.3214,,0.3214,0,865,0.0073,43.16,43.48,43.79,42.73,2026-07-09,3,False
BPYPM,Financials,Asset Management,MACD,MACD 金叉 (空頭區),None,0.0,0.42,0.3214,,0.3214,0,865,0.0073,15.94,16.06,16.17,15.78,2026-07-10,3,False
BSBR,Financials,Banks - Regional,MACD,MACD 金叉 (空頭區),None,0.0,0.42,0.3214,,0.3214,0,865,0.0073,5.39,5.43,5.47,5.34,2026-07-10,3,False
HBANL,Financials,Banks - Regional,MACD,MACD 金叉 (空頭區),None,0.0,0.42,0.3214,,0.3214,0,865,0.0073,24.92,25.1,25.28,24.67,2026-07-09,3,False
BG,Consumer Staples,Farm Products,RSI,RSI 加速上升,None,0.0,0.5525,0.321,0.321,0.2439,162,5343,0.0012,117.4,117.54,117.68,116.23,2026-07-13,3,False
HCA,Health Care,Medical Care Facilities,RSI,RSI 維持強勢 (50-70),None,0.0,0.51,0.321,0.321,0.2772,271,12123,0.0051,406.59,408.66,410.74,402.52,2026-07-10,3,False
REGN,Health Care,Biotechnology,BB,價格在 BB 中軌上方,None,0.0,0.425,0.3207,0.3207,0.2804,290,14417,0.0008,663.09,663.62,664.15,656.46,2026-07-13,3,False
MMM,Industrials,Conglomerates,BB,BB 中軌向上（上升趨勢）,None,0.0,0.51,0.3206,0.3206,0.2929,209,17460,0.0049,155.34,156.1,156.86,153.79,2026-07-09,3,False
DOC,Real Estate,REIT - Healthcare Facilities,RSI,RSI 維持強勢 (50-70),None,0.0,0.51,0.3188,0.3188,0.2509,207,7011,0.004,21.73,21.82,21.9,21.51,2026-07-13,3,False
H,Consumer Discretionary,Lodging,KDJ,KDJ 金叉,None,0.0,0.5525,0.3183,,0.3183,0,1244,0.0033,191.14,191.77,192.4,189.23,2026-07-10,3,False
MOD,Consumer Discretionary,Auto Parts,KDJ,KDJ 金叉,None,0.0,0.5525,0.3183,,0.3183,0,1244,0.0033,243.5,244.3,245.11,241.06,2026-07-09,3,False
TXRH,Consumer Discretionary,Restaurants,KDJ,KDJ 金叉,None,0.0,0.5525,0.3183,,0.3183,0,1244,0.0033,192.03,192.66,193.3,190.11,2026-07-13,3,False
EQIX,Real Estate,REIT - Specialty,RSI,RSI 加速上升,None,0.0,0.5525,0.3182,0.3182,0.2327,132,4401,0.0054,1039.53,1045.14,1050.76,1029.13,2026-07-13,3,False
CHTR,Communication Services,Telecom Services,BB,BB 中軌向上（上升趨勢）,None,0.0,0.51,0.3182,0.3182,0.2943,176,4771,-0.0003,134.35,134.31,134.27,133.01,2026-07-09,3,False
FTNT,Information Technology,Software - Infrastructure,BB,BB 中軌向上（上升趨勢）,None,0.0,0.51,0.3174,0.3174,0.3639,167,16781,0.0017,160.62,160.89,161.17,159.01,2026-07-13,3,False
ARGX,Health Care,Biotechnology,MACD,MACD 突破 0 軸,None,0.0,0.595,0.3171,,0.3171,0,432,0.0028,877.62,880.08,882.53,868.84,2026-07-10,3,False
SNN,Health Care,Medical Devices,MACD,MACD 突破 0 軸,None,0.0,0.595,0.3171,,0.3171,0,432,0.0028,31.08,31.17,31.25,30.77,2026-07-13,3,False
SNY,Health Care,Drug Manufacturers - General,MACD,MACD 突破 0 軸,None,0.0,0.595,0.3171,,0.3171,0,432,0.0028,44.0,44.12,44.25,43.56,2026-07-13,3,False
WYNN,Consumer Discretionary,Resorts & Casinos,RSI,RSI 加速上升,None,0.0,0.5525,0.3171,0.3171,0.3117,164,6796,0.0043,97.13,97.55,97.97,96.16,2026-07-13,3,False
COP,Energy,Oil & Gas E&P,RSI,RSI 上穿 50 中性線,None,0.0,0.4675,0.3171,0.3171,0.361,41,579,-0.0018,112.85,112.65,112.44,111.72,2026-07-13,3,False
GM,Consumer Discretionary,Auto Manufacturers,RSI,RSI 加速上升,None,0.0,0.5525,0.3168,0.3168,0.3117,161,6796,0.0012,77.85,77.94,78.04,77.07,2026-07-10,3,False
HII,Industrials,Aerospace & Defense,RSI,RSI 加速上升,None,0.0,0.5525,0.3154,0.3154,0.2981,149,11545,0.0052,286.21,287.7,289.19,283.35,2026-07-09,3,False
IQV,Health Care,Diagnostics & Research,RSI,RSI 維持強勢 (50-70),None,0.0,0.51,0.315,0.315,0.2772,200,12123,0.0008,207.55,207.72,207.88,205.47,2026-07-13,3,False
DOW,Materials,Chemicals,RSI,RSI 加速上升,None,0.0,0.5525,0.3145,0.3145,0.3048,159,3639,-0.0053,30.37,30.21,30.05,30.07,2026-07-13,3,False
BAP,Financials,Banks - Regional,KDJ,KDJ 金叉,None,0.0,0.5525,0.3142,,0.3142,0,1932,0.0041,400.81,402.45,404.1,396.8,2026-07-10,3,False
BMO,Financials,Banks - Diversified,KDJ,KDJ 金叉,None,0.0,0.5525,0.3142,,0.3142,0,1932,0.0041,178.96,179.69,180.43,177.17,2026-07-10,3,False
BNS,Financials,Banks - Diversified,KDJ,KDJ 金叉,None,0.0,0.5525,0.3142,,0.3142,0,1932,0.0041,86.06,86.41,86.77,85.2,2026-07-09,3,False
BPOP,Financials,Banks - Regional,KDJ,KDJ 金叉,None,0.0,0.5525,0.3142,,0.3142,0,1932,0.0041,169.39,170.08,170.78,167.7,2026-07-09,3,False
CET,Financials,Asset Management,KDJ,KDJ 金叉,None,0.0,0.5525,0.3142,,0.3142,0,1932,0.0041,52.98,53.2,53.41,52.45,2026-07-13,3,False
CM,Financials,Banks - Diversified,KDJ,KDJ 金叉,None,0.0,0.5525,0.3142,,0.3142,0,1932,0.0041,117.78,118.26,118.75,116.6,2026-07-10,3,False
EWBC,Financials,Banks - Regional,KDJ,KDJ 金叉,None,0.0,0.5525,0.3142,,0.3142,0,1932,0.0041,131.54,132.08,132.62,130.22,2026-07-10,3,False
FCNCA,Financials,Banks - Regional,KDJ,KDJ 金叉,None,0.0,0.5525,0.3142,,0.3142,0,1932,0.0041,2092.5901,2101.17,2109.75,2071.66,2026-07-10,3,False
FUTU,Financials,Capital Markets,KDJ,KDJ 金叉,None,0.0,0.5525,0.3142,,0.3142,0,1932,0.0041,97.02,97.42,97.82,96.05,2026-07-09,3,False
GLXY,Financials,Capital Markets,KDJ,KDJ 金叉,None,0.0,0.5525,0.3142,,0.3142,0,1932,0.0041,25.1,25.2,25.31,24.85,2026-07-09,3,False
HBANM,Financials,Banks - Regional,KDJ,KDJ 金叉,None,0.0,0.5525,0.3142,,0.3142,0,1932,0.0041,20.69,20.77,20.86,20.48,2026-07-13,3,False
HSBC,Financials,Banks - Diversified,KDJ,KDJ 金叉,None,0.0,0.5525,0.3142,,0.3142,0,1932,0.0041,98.02,98.42,98.82,97.04,2026-07-09,3,False
HUT,Financials,Capital Markets,KDJ,KDJ 金叉,None,0.0,0.5525,0.3142,,0.3142,0,1932,0.0041,106.22,106.66,107.09,105.16,2026-07-09,3,False
ITUB,Financials,Banks - Regional,KDJ,KDJ 金叉,None,0.0,0.5525,0.3142,,0.3142,0,1932,0.0041,8.62,8.66,8.69,8.53,2026-07-10,3,False
PUK,Financials,Insurance - Life,KDJ,KDJ 金叉,None,0.0,0.5525,0.3142,,0.3142,0,1932,0.0041,27.76,27.87,27.99,27.48,2026-07-09,3,False
SOFI,Financials,Credit Services,KDJ,KDJ 金叉,None,0.0,0.5525,0.3142,,0.3142,0,1932,0.0041,18.62,18.7,18.77,18.43,2026-07-09,3,False
VLYPO,Financials,Banks - Regional,KDJ,KDJ 金叉,None,0.0,0.5525,0.3142,,0.3142,0,1932,0.0041,24.89,24.99,25.09,24.64,2026-07-10,3,False
BHP,Materials,Other Industrial Metals & Mining,KDJ,KDJ 金叉,None,0.0,0.5525,0.314,,0.314,0,637,0.0047,79.91,80.29,80.66,79.11,2026-07-09,3,False
FNV,Materials,Gold,KDJ,KDJ 金叉,None,0.0,0.5525,0.314,,0.314,0,637,0.0047,208.09,209.07,210.05,206.01,2026-07-09,3,False
GFI,Materials,Gold,KDJ,KDJ 金叉,None,0.0,0.5525,0.314,,0.314,0,637,0.0047,34.04,34.2,34.36,33.7,2026-07-09,3,False
RGLD,Materials,Gold,KDJ,KDJ 金叉,None,0.0,0.5525,0.314,,0.314,0,637,0.0047,198.78,199.71,200.65,196.79,2026-07-09,3,False
TECK,Materials,Other Industrial Metals & Mining,KDJ,KDJ 金叉,None,0.0,0.5525,0.314,,0.314,0,637,0.0047,59.23,59.51,59.79,58.64,2026-07-09,3,False
VALE,Materials,Other Industrial Metals & Mining,KDJ,KDJ 金叉,None,0.0,0.5525,0.314,,0.314,0,637,0.0047,14.46,14.53,14.6,14.32,2026-07-10,3,False
WPM,Materials,Gold,KDJ,KDJ 金叉,None,0.0,0.5525,0.314,,0.314,0,637,0.0047,110.65,111.17,111.69,109.54,2026-07-09,3,False
LIN,Materials,Specialty Chemicals,BB,價格在 BB 中軌上方,Bullish Engulfing,0.75,0.9075,0.3137,,0.3137,0,102,0.0078,529.79,533.92,538.05,524.49,2026-07-10,3,False
FWONA,Communication Services,Entertainment,RSI,RSI 動能加速（強勢區）,None,0.0,0.51,0.3135,,0.3135,0,772,0.0011,91.64,91.74,91.84,90.72,2026-07-13,3,False
FWONK,Communication Services,Entertainment,RSI,RSI 動能加速（強勢區）,None,0.0,0.51,0.3135,,0.3135,0,772,0.0011,99.64,99.75,99.86,98.64,2026-07-13,3,False
NTES,Communication Services,Electronic Gaming & Multimedia,RSI,RSI 動能加速（強勢區）,None,0.0,0.51,0.3135,,0.3135,0,772,0.0011,131.43,131.57,131.72,130.12,2026-07-13,3,False
TIGO,Communication Services,Telecom Services,RSI,RSI 動能加速（強勢區）,None,0.0,0.51,0.3135,,0.3135,0,772,0.0011,96.96,97.07,97.17,95.99,2026-07-10,3,False
PYPL,Financials,Credit Services,RSI,RSI 維持強勢 (50-70),None,0.0,0.51,0.3128,0.3128,0.2842,211,19108,-0.0065,47.65,47.34,47.03,47.17,2026-07-13,3,False
AA,Materials,Aluminum,RSI,RSI 加速上升,Bullish Engulfing,0.75,1.0,0.3125,,0.3125,0,16,-0.0067,48.68,48.35,48.03,48.19,2026-07-10,3,False
HMC,Consumer Discretionary,Auto Manufacturers,RSI,RSI 維持強勢 (50-70),Support,0.9,1.0,0.3125,,0.3125,0,32,-0.0041,27.59,27.48,27.36,27.31,2026-07-09,3,False
NEM,Materials,Gold,RSI,RSI 加速上升,Bullish Engulfing,0.75,1.0,0.3125,,0.3125,0,16,-0.0067,94.81,94.17,93.54,93.86,2026-07-09,3,False
RACE,Consumer Discretionary,Auto Manufacturers,RSI,RSI 維持強勢 (50-70),Support,0.9,1.0,0.3125,,0.3125,0,32,-0.0041,374.67,373.13,371.6,370.92,2026-07-09,3,False
MKC,Consumer Staples,Packaged Foods,KDJ,KDJ 金叉,None,0.0,0.5525,0.3125,0.3125,0.2503,16,779,-0.0022,53.75,53.63,53.51,53.21,2026-07-13,3,False
PGR,Financials,Insurance - Property & Casualty,BB,BB 中軌向上（上升趨勢）,None,0.0,0.51,0.3119,0.3119,0.2681,202,16575,0.0077,234.48,236.29,238.09,232.14,2026-07-13,3,False
AMCR,Consumer Discretionary,Packaging & Containers,RSI,RSI 加速上升,None,0.0,0.5525,0.3117,,0.3117,0,6796,0.004,43.18,43.35,43.53,42.75,2026-07-10,3,False
AS,Consumer Discretionary,Leisure,RSI,RSI 加速上升,None,0.0,0.5525,0.3117,,0.3117,0,6796,0.004,34.8,34.94,35.08,34.45,2026-07-10,3,False
BABA,Consumer Discretionary,Internet Retail,RSI,RSI 加速上升,None,0.0,0.5525,0.3117,,0.3117,0,6796,0.004,112.33,112.78,113.23,111.21,2026-07-10,3,False
BURL,Consumer Discretionary,Apparel Retail,RSI,RSI 加速上升,None,0.0,0.5525,0.3117,,0.3117,0,6796,0.004,327.59,328.9,330.21,324.31,2026-07-13,3,False
BWA,Consumer Discretionary,Auto Parts,RSI,RSI 加速上升,None,0.0,0.5525,0.3117,,0.3117,0,6796,0.004,64.99,65.25,65.51,64.34,2026-07-10,3,False
CART,Consumer Discretionary,Internet Retail,RSI,RSI 加速上升,None,0.0,0.5525,0.3117,,0.3117,0,6796,0.004,48.39,48.58,48.78,47.91,2026-07-10,3,False
FIVE,Consumer Discretionary,Specialty Retail,RSI,RSI 加速上升,None,0.0,0.5525,0.3117,,0.3117,0,6796,0.004,191.53,192.3,193.06,189.61,2026-07-13,3,False
FLUT,Consumer Discretionary,Gambling,RSI,RSI 加速上升,None,0.0,0.5525,0.3117,,0.3117,0,6796,0.004,112.4,112.85,113.3,111.28,2026-07-13,3,False
JD,Consumer Discretionary,Internet Retail,RSI,RSI 加速上升,None,0.0,0.5525,0.3117,,0.3117,0,6796,0.004,28.88,29.0,29.11,28.59,2026-07-13,3,False
LI,Consumer Discretionary,Auto Manufacturers,RSI,RSI 加速上升,None,0.0,0.5525,0.3117,,0.3117,0,6796,0.004,12.18,12.23,12.28,12.06,2026-07-13,3,False
MELI,Consumer Discretionary,Internet Retail,RSI,RSI 加速上升,None,0.0,0.5525,0.3117,,0.3117,0,6796,0.004,1852.22,1859.63,1867.04,1833.7,2026-07-10,3,False
MGA,Consumer Discretionary,Auto Parts,RSI,RSI 加速上升,None,0.0,0.5525,0.3117,,0.3117,0,6796,0.004,64.27,64.53,64.78,63.63,2026-07-10,3,False
PDD,Consumer Discretionary,Internet Retail,RSI,RSI 加速上升,None,0.0,0.5525,0.3117,,0.3117,0,6796,0.004,85.13,85.47,85.81,84.28,2026-07-10,3,False
ROL,Consumer Discretionary,Personal Services,RSI,RSI 加速上升,None,0.0,0.5525,0.3117,,0.3117,0,6796,0.004,44.92,45.1,45.28,44.47,2026-07-13,3,False
TM,Consumer Discretionary,Auto Manufacturers,RSI,RSI 加速上升,None,0.0,0.5525,0.3117,,0.3117,0,6796,0.004,174.32,175.02,175.71,172.58,2026-07-09,3,False
AMX,Communication Services,Telecom Services,RSI,RSI 加速上升,None,0.0,0.5525,0.3116,,0.3116,0,3322,0.0033,26.01,26.1,26.18,25.75,2026-07-10,3,False
APP,Communication Services,Advertising Agencies,RSI,RSI 加速上升,None,0.0,0.5525,0.3116,,0.3116,0,3322,0.0033,506.98,508.65,510.33,501.91,2026-07-10,3,False
BCE,Communication Services,Telecom Services,RSI,RSI 加速上升,None,0.0,0.5525,0.3116,,0.3116,0,3322,0.0033,21.45,21.52,21.59,21.24,2026-07-13,3,False
BIDU,Communication Services,Internet Content & Information,RSI,RSI 加速上升,None,0.0,0.5525,0.3116,,0.3116,0,3322,0.0033,117.53,117.92,118.31,116.35,2026-07-10,3,False
RCI,Communication Services,Telecom Services,RSI,RSI 加速上升,None,0.0,0.5525,0.3116,,0.3116,0,3322,0.0033,33.38,33.49,33.6,33.05,2026-07-13,3,False
TLK,Communication Services,Telecom Services,RSI,RSI 加速上升,None,0.0,0.5525,0.3116,,0.3116,0,3322,0.0033,14.06,14.11,14.15,13.92,2026-07-09,3,False
TME,Communication Services,Internet Content & Information,RSI,RSI 加速上升,None,0.0,0.5525,0.3116,,0.3116,0,3322,0.0033,8.88,8.91,8.94,8.79,2026-07-10,3,False
TU,Communication Services,Telecom Services,RSI,RSI 加速上升,None,0.0,0.5525,0.3116,,0.3116,0,3322,0.0033,10.54,10.57,10.61,10.43,2026-07-13,3,False
WMG,Communication Services,Entertainment,RSI,RSI 加速上升,None,0.0,0.5525,0.3116,,0.3116,0,3322,0.0033,28.75,28.84,28.94,28.46,2026-07-13,3,False
GILD,Health Care,Drug Manufacturers - General,BB,BB 中軌向上（上升趨勢）,None,0.0,0.51,0.3105,0.3105,0.2705,219,10885,0.005,131.4,132.06,132.71,130.09,2026-07-13,3,False
LUV,Industrials,Airlines,BB,價格在 BB 中軌上方,None,0.0,0.425,0.3099,0.3099,0.295,213,22337,0.001,49.22,49.27,49.32,48.73,2026-07-09,3,False
TGT,Consumer Staples,Discount Stores,BB,BB 中軌向上（上升趨勢）,None,0.0,0.51,0.3094,0.3094,0.2466,181,6128,0.0009,134.77,134.89,135.01,133.42,2026-07-13,3,False
TDY,Information Technology,Scientific & Technical Instruments,BB,價格在 BB 中軌上方,None,0.0,0.425,0.3092,0.3092,0.3573,262,20206,0.0067,634.6,638.85,643.1,628.25,2026-07-10,3,False
BAM,Financials,Asset Management,RSI,RSI 上穿 50 中性線,None,0.0,0.4675,0.3091,,0.3091,0,1899,0.0046,46.72,46.93,47.15,46.25,2026-07-10,3,False
CG,Financials,Asset Management,RSI,RSI 上穿 50 中性線,None,0.0,0.4675,0.3091,,0.3091,0,1899,0.0046,44.18,44.38,44.59,43.74,2026-07-09,3,False
OWL,Financials,Asset Management,RSI,RSI 上穿 50 中性線,None,0.0,0.4675,0.3091,,0.3091,0,1899,0.0046,9.3,9.34,9.39,9.21,2026-07-09,3,False
PNFP,Financials,Banks - Regional,RSI,RSI 上穿 50 中性線,None,0.0,0.4675,0.3091,,0.3091,0,1899,0.0046,100.37,100.83,101.29,99.37,2026-07-09,3,False
PS,Financials,Asset Management,RSI,RSI 上穿 50 中性線,None,0.0,0.4675,0.3091,,0.3091,0,1899,0.0046,35.197,35.36,35.52,34.85,2026-07-09,3,False
RKT,Financials,Mortgage Finance,RSI,RSI 上穿 50 中性線,None,0.0,0.4675,0.3091,,0.3091,0,1899,0.0046,14.56,14.63,14.69,14.41,2026-07-09,3,False
UNM,Financials,Insurance - Life,RSI,RSI 上穿 50 中性線,None,0.0,0.4675,0.3091,,0.3091,0,1899,0.0046,89.41,89.82,90.23,88.52,2026-07-13,3,False
NDAQ,Financials,Financial Data & Stock Exchanges,RSI,RSI 維持強勢 (50-70),None,0.0,0.51,0.3086,0.3086,0.2842,269,19108,0.0049,89.21,89.65,90.08,88.32,2026-07-13,3,False
CCZ,Communication Services,Cable & Satellite,RSI,RSI 維持強勢 (50-70),None,0.0,0.51,0.3082,,0.3082,0,5205,0.0026,66.5,66.67,66.85,65.83,2026-07-10,3,False
PINS,Communication Services,Internet Content & Information,RSI,RSI 維持強勢 (50-70),None,0.0,0.51,0.3082,,0.3082,0,5205,0.0026,22.6,22.66,22.72,22.37,2026-07-13,3,False
RDDT,Communication Services,Internet Content & Information,RSI,RSI 維持強勢 (50-70),None,0.0,0.51,0.3082,,0.3082,0,5205,0.0026,200.93,201.45,201.97,198.92,2026-07-13,3,False
SPOT,Communication Services,Internet Content & Information,RSI,RSI 維持強勢 (50-70),None,0.0,0.51,0.3082,,0.3082,0,5205,0.0026,479.84,481.09,482.34,475.04,2026-07-13,3,False
EXC,Utilities,Utilities - Regulated Electric,RSI,RSI 上穿 50 中性線,None,0.0,0.4675,0.3077,0.3077,0.2521,26,932,0.0063,46.8,47.09,47.39,46.33,2026-07-10,3,False
SGI,Consumer Discretionary,"Furnishings, Fixtures & Appliances",RSI,RSI 上穿 50 中性線,None,0.0,0.4675,0.3072,,0.3072,0,1123,0.0037,75.14,75.42,75.7,74.39,2026-07-09,3,False
SW,Consumer Discretionary,Packaging & Containers,RSI,RSI 上穿 50 中性線,None,0.0,0.4675,0.3072,,0.3072,0,1123,0.0037,44.23,44.39,44.56,43.79,2026-07-10,3,False
ROK,Industrials,Specialty Industrial Machinery,RSI,RSI 維持強勢 (50-70),None,0.0,0.51,0.3067,0.3067,0.2986,225,19157,0.0028,472.12,473.44,474.76,467.4,2026-07-10,3,False
HAL,Energy,Oil & Gas Equipment & Services,RSI,RSI 加速上升,None,0.0,0.5525,0.306,0.306,0.3227,183,3306,0.0011,35.21,35.25,35.29,34.86,2026-07-13,3,False
CHRW,Industrials,Integrated Freight & Logistics,RSI,RSI 維持強勢 (50-70),None,0.0,0.51,0.3059,0.3059,0.2986,219,19157,0.0004,196.5,196.58,196.66,194.53,2026-07-13,3,False
TROW,Financials,Asset Management,BB,BB 中軌向上（上升趨勢）,None,0.0,0.51,0.3059,0.3059,0.2681,170,16575,0.0082,113.65,114.58,115.51,112.51,2026-07-13,3,False
KVUE,Consumer Staples,Household & Personal Products,RSI,RSI 維持強勢 (50-70),None,0.0,0.51,0.305,0.305,0.2452,200,7574,0.004,19.23,19.31,19.38,19.04,2026-07-13,3,False
AEM,Materials,Gold,RSI,RSI 加速上升,None,0.0,0.5525,0.3048,,0.3048,0,3639,0.0024,146.87,147.22,147.57,145.4,2026-07-10,3,False
AGI,Materials,Gold,RSI,RSI 加速上升,None,0.0,0.5525,0.3048,,0.3048,0,3639,0.0024,29.46,29.53,29.6,29.17,2026-07-10,3,False
KGC,Materials,Gold,RSI,RSI 加速上升,None,0.0,0.5525,0.3048,,0.3048,0,3639,0.0024,24.2,24.26,24.32,23.96,2026-07-09,3,False
SCCO,Materials,Copper,RSI,RSI 加速上升,None,0.0,0.5525,0.3048,,0.3048,0,3639,0.0024,174.43,174.85,175.27,172.69,2026-07-09,3,False
RSG,Industrials,Waste Management,RSI,RSI 動能加速（強勢區）,Consolidation Breakout,0.75,1.0,0.3043,0.3043,0.2653,23,995,0.0021,223.38,223.85,224.32,221.15,2026-07-13,3,False
HST,Real Estate,REIT - Hotel & Motel,KDJ,KDJ 金叉,None,0.0,0.5525,0.3043,0.3043,0.2818,23,550,0.004,23.18,23.27,23.37,22.95,2026-07-10,3,False
LTM,Industrials,Airlines,RSI,RSI 上穿 50 中性線,None,0.0,0.4675,0.304,,0.304,0,1816,0.0018,57.04,57.14,57.25,56.47,2026-07-09,3,False
MTZ,Industrials,Engineering & Construction,RSI,RSI 上穿 50 中性線,None,0.0,0.4675,0.304,,0.304,0,1816,0.0018,384.72,385.41,386.1,380.87,2026-07-09,3,False
WMS,Industrials,Building Products & Equipment,RSI,RSI 上穿 50 中性線,None,0.0,0.4675,0.304,,0.304,0,1816,0.0018,147.85,148.12,148.38,146.37,2026-07-09,3,False
WSO,Industrials,Industrial Distribution,RSI,RSI 上穿 50 中性線,None,0.0,0.4675,0.304,,0.304,0,1816,0.0018,393.71,394.42,395.13,389.77,2026-07-13,3,False
CTAS,Industrials,Specialty Business Services,RSI,RSI 維持強勢 (50-70),Consolidation Breakout,0.75,1.0,0.303,0.303,0.2498,33,1365,0.0079,183.75,185.2,186.65,181.91,2026-07-13,3,False
BALL,Consumer Discretionary,Packaging & Containers,RSI,RSI 動能加速（強勢區）,None,0.0,0.51,0.3027,,0.3027,0,1665,0.0035,61.0,61.21,61.43,60.39,2026-07-09,3,False
CCK,Consumer Discretionary,Packaging & Containers,RSI,RSI 動能加速（強勢區）,None,0.0,0.51,0.3027,,0.3027,0,1665,0.0035,111.47,111.86,112.25,110.36,2026-07-10,3,False
IP,Consumer Discretionary,Packaging & Containers,RSI,RSI 動能加速（強勢區）,None,0.0,0.51,0.3027,,0.3027,0,1665,0.0035,37.93,38.06,38.2,37.55,2026-07-10,3,False
RIVN,Consumer Discretionary,Auto Manufacturers,RSI,RSI 動能加速（強勢區）,None,0.0,0.51,0.3027,,0.3027,0,1665,0.0035,18.12,18.18,18.25,17.94,2026-07-09,3,False
VIK,Consumer Discretionary,Travel Services,RSI,RSI 動能加速（強勢區）,None,0.0,0.51,0.3027,,0.3027,0,1665,0.0035,101.21,101.56,101.92,100.2,2026-07-09,3,False
W,Consumer Discretionary,Internet Retail,RSI,RSI 動能加速（強勢區）,None,0.0,0.51,0.3027,,0.3027,0,1665,0.0035,90.29,90.61,90.92,89.39,2026-07-09,3,False
FOXA,Communication Services,Entertainment,BB,價格在 BB 中軌上方,None,0.0,0.425,0.3017,0.3017,0.3007,295,6080,0.0013,55.9,55.97,56.05,55.34,2026-07-13,3,False
WIT,Information Technology,Information Technology Services,KDJ,KDJ 超賣區金叉,None,0.0,0.5599999999999999,0.3016,,0.3016,0,368,-0.0,1.9,1.9,1.9,1.88,2026-07-13,3,False
AFRM,Financials,Credit Services,RSI,RSI 加速上升,None,0.0,0.5525,0.3014,,0.3014,0,11488,0.0041,83.42,83.76,84.1,82.59,2026-07-10,3,False
BCH,Financials,Banks - Regional,RSI,RSI 加速上升,None,0.0,0.5525,0.3014,,0.3014,0,11488,0.0041,40.8,40.97,41.13,40.39,2026-07-10,3,False
BNY,Financials,Banks - Diversified,RSI,RSI 加速上升,None,0.0,0.5525,0.3014,,0.3014,0,11488,0.0041,152.26,152.88,153.51,150.74,2026-07-09,3,False
BSAC,Financials,Banks - Regional,RSI,RSI 加速上升,None,0.0,0.5525,0.3014,,0.3014,0,11488,0.0041,33.96,34.1,34.24,33.62,2026-07-10,3,False
CIB,Financials,Banks - Regional,RSI,RSI 加速上升,None,0.0,0.5525,0.3014,,0.3014,0,11488,0.0041,82.95,83.29,83.63,82.12,2026-07-10,3,False
EQH,Financials,Asset Management,RSI,RSI 加速上升,None,0.0,0.5525,0.3014,,0.3014,0,11488,0.0041,46.69,46.88,47.07,46.22,2026-07-09,3,False
FNF,Financials,Insurance - Specialty,RSI,RSI 加速上升,None,0.0,0.5525,0.3014,,0.3014,0,11488,0.0041,50.04,50.25,50.45,49.54,2026-07-13,3,False
IREN,Financials,Capital Markets,RSI,RSI 加速上升,None,0.0,0.5525,0.3014,,0.3014,0,11488,0.0041,41.14,41.31,41.48,40.73,2026-07-10,3,False
IX,Financials,Financial Conglomerates,RSI,RSI 加速上升,None,0.0,0.5525,0.3014,,0.3014,0,11488,0.0041,40.3,40.47,40.63,39.9,2026-07-10,3,False
JEF,Financials,Capital Markets,RSI,RSI 加速上升,None,0.0,0.5525,0.3014,,0.3014,0,11488,0.0041,52.46,52.68,52.89,51.94,2026-07-09,3,False
KB,Financials,Banks - Regional,RSI,RSI 加速上升,None,0.0,0.5525,0.3014,,0.3014,0,11488,0.0041,123.25,123.76,124.26,122.02,2026-07-13,3,False
LPLA,Financials,Capital Markets,RSI,RSI 加速上升,None,0.0,0.5525,0.3014,,0.3014,0,11488,0.0041,321.06,322.38,323.69,317.85,2026-07-13,3,False
MUFG,Financials,Banks - Diversified,RSI,RSI 加速上升,None,0.0,0.5525,0.3014,,0.3014,0,11488,0.0041,21.65,21.74,21.83,21.43,2026-07-10,3,False
NMR,Financials,Capital Markets,RSI,RSI 加速上升,None,0.0,0.5525,0.3014,,0.3014,0,11488,0.0041,9.66,9.7,9.74,9.56,2026-07-10,3,False
RGA,Financials,Insurance - Reinsurance,RSI,RSI 加速上升,None,0.0,0.5525,0.3014,,0.3014,0,11488,0.0041,231.16,232.11,233.06,228.85,2026-07-10,3,False
SF,Financials,Capital Markets,RSI,RSI 加速上升,None,0.0,0.5525,0.3014,,0.3014,0,11488,0.0041,75.74,76.05,76.36,74.98,2026-07-09,3,False
SMFG,Financials,Banks - Diversified,RSI,RSI 加速上升,None,0.0,0.5525,0.3014,,0.3014,0,11488,0.0041,25.74,25.85,25.95,25.48,2026-07-10,3,False
SPY,Financials,Asset Management,RSI,RSI 加速上升,None,0.0,0.5525,0.3014,,0.3014,0,11488,0.0041,754.95,758.05,761.14,747.4,2026-07-10,3,False
UBS,Financials,Banks - Diversified,RSI,RSI 加速上升,None,0.0,0.5525,0.3014,,0.3014,0,11488,0.0041,51.86,52.07,52.29,51.34,2026-07-09,3,False
VLYPP,Financials,Banks - Regional,RSI,RSI 加速上升,None,0.0,0.5525,0.3014,,0.3014,0,11488,0.0041,25.03,25.13,25.24,24.78,2026-07-10,3,False
CHT,Communication Services,Telecom Services,RSI,RSI 超賣區域 (30),None,0.0,0.5249999999999999,0.3011,,0.3011,0,93,0.0054,41.51,41.73,41.96,41.09,2026-07-09,3,False
CSX,Industrials,Railroads,BB,價格在 BB 中軌上方,None,0.0,0.425,0.3006,0.3006,0.295,336,22337,0.0054,49.64,49.91,50.18,49.14,2026-07-13,3,False
NGG,Utilities,Utilities - Regulated Electric,KDJ,KDJ 金叉,None,0.0,0.5525,0.3001,,0.3001,0,713,0.0052,83.28,83.71,84.15,82.45,2026-07-13,3,False
SBS,Utilities,Utilities - Regulated Water,KDJ,KDJ 金叉,None,0.0,0.5525,0.3001,,0.3001,0,713,0.0052,6.06,6.09,6.12,6.0,2026-07-10,3,False
TLN,Utilities,Utilities - Independent Power Producers,KDJ,KDJ 金叉,None,0.0,0.5525,0.3001,,0.3001,0,713,0.0052,384.44,386.44,388.44,380.6,2026-07-09,3,False
TJX,Consumer Discretionary,Apparel Retail,KDJ,KDJ 金叉,None,0.0,0.5525,0.3,0.3,0.3183,30,1244,0.0041,151.34,151.96,152.58,149.83,2026-07-10,3,False
YPF,Energy,Oil & Gas Integrated,BB,價格在 BB 中軌上方,None,0.0,0.425,0.2998,,0.2998,0,5768,-0.0016,49.5,49.42,49.34,49.01,2026-07-13,3,False
CPNG,Consumer Discretionary,Internet Retail,RSI,RSI 維持強勢 (50-70),None,0.0,0.51,0.2995,,0.2995,0,10441,0.0032,17.92,17.98,18.03,17.74,2026-07-13,3,False
DKNG,Consumer Discretionary,Gambling,RSI,RSI 維持強勢 (50-70),None,0.0,0.51,0.2995,,0.2995,0,10441,0.0032,26.45,26.53,26.62,26.19,2026-07-13,3,False
SCI,Consumer Discretionary,Personal Services,RSI,RSI 維持強勢 (50-70),None,0.0,0.51,0.2995,,0.2995,0,10441,0.0032,77.47,77.72,77.97,76.7,2026-07-10,3,False
AAL,Industrials,Airlines,RSI,RSI 維持強勢 (50-70),None,0.0,0.51,0.2986,,0.2986,0,19157,0.0036,16.31,16.37,16.43,16.15,2026-07-13,3,False
AER,Industrials,Rental & Leasing Services,RSI,RSI 維持強勢 (50-70),None,0.0,0.51,0.2986,,0.2986,0,19157,0.0036,149.14,149.68,150.21,147.65,2026-07-13,3,False
APG,Industrials,Engineering & Construction,RSI,RSI 維持強勢 (50-70),None,0.0,0.51,0.2986,,0.2986,0,19157,0.0036,41.4,41.55,41.7,40.99,2026-07-13,3,False
ARMK,Industrials,Specialty Business Services,RSI,RSI 維持強勢 (50-70),None,0.0,0.51,0.2986,,0.2986,0,19157,0.0036,58.15,58.36,58.57,57.57,2026-07-13,3,False
ARXS,Industrials,Aerospace & Defense,RSI,RSI 維持強勢 (50-70),None,0.0,0.51,0.2986,,0.2986,0,19157,0.0036,42.35,42.5,42.65,41.93,2026-07-13,3,False
AYI,Industrials,Electrical Equipment & Parts,RSI,RSI 維持強勢 (50-70),None,0.0,0.51,0.2986,,0.2986,0,19157,0.0036,325.36,326.53,327.7,322.11,2026-07-13,3,False
CLH,Industrials,Waste Management,RSI,RSI 維持強勢 (50-70),None,0.0,0.51,0.2986,,0.2986,0,19157,0.0036,303.64,304.73,305.83,300.6,2026-07-13,3,False
CP,Industrials,Railroads,RSI,RSI 維持強勢 (50-70),None,0.0,0.51,0.2986,,0.2986,0,19157,0.0036,90.12,90.44,90.77,89.22,2026-07-10,3,False
CR,Industrials,Specialty Industrial Machinery,RSI,RSI 維持強勢 (50-70),None,0.0,0.51,0.2986,,0.2986,0,19157,0.0036,215.85,216.63,217.4,213.69,2026-07-13,3,False
CRS,Industrials,Metal Fabrication,RSI,RSI 維持強勢 (50-70),None,0.0,0.51,0.2986,,0.2986,0,19157,0.0036,566.85,568.89,570.93,561.18,2026-07-13,3,False
CW,Industrials,Aerospace & Defense,RSI,RSI 維持強勢 (50-70),None,0.0,0.51,0.2986,,0.2986,0,19157,0.0036,759.71,762.44,765.18,752.11,2026-07-09,3,False
DCI,Industrials,Specialty Industrial Machinery,RSI,RSI 維持強勢 (50-70),None,0.0,0.51,0.2986,,0.2986,0,19157,0.0036,89.28,89.6,89.92,88.39,2026-07-13,3,False
EMBJ,Industrials,Aerospace & Defense,RSI,RSI 維持強勢 (50-70),None,0.0,0.51,0.2986,,0.2986,0,19157,0.0036,64.48,64.71,64.94,63.84,2026-07-13,3,False
GFL,Industrials,Waste Management,RSI,RSI 維持強勢 (50-70),None,0.0,0.51,0.2986,,0.2986,0,19157,0.0036,39.16,39.3,39.44,38.77,2026-07-13,3,False
GPN,Industrials,Specialty Business Services,RSI,RSI 維持強勢 (50-70),None,0.0,0.51,0.2986,,0.2986,0,19157,0.0036,76.85,77.13,77.4,76.08,2026-07-13,3,False
HEI,Industrials,Aerospace & Defense,RSI,RSI 維持強勢 (50-70),None,0.0,0.51,0.2986,,0.2986,0,19157,0.0036,344.11,345.35,346.59,340.67,2026-07-13,3,False
OC,Industrials,Building Products & Equipment,RSI,RSI 維持強勢 (50-70),None,0.0,0.51,0.2986,,0.2986,0,19157,0.0036,141.11,141.62,142.13,139.7,2026-07-13,3,False
R,Industrials,Rental & Leasing Services,RSI,RSI 維持強勢 (50-70),None,0.0,0.51,0.2986,,0.2986,0,19157,0.0036,265.3,266.26,267.21,262.65,2026-07-13,3,False
RBA,Industrials,Specialty Business Services,RSI,RSI 維持強勢 (50-70),None,0.0,0.51,0.2986,,0.2986,0,19157,0.0036,111.42,111.82,112.22,110.31,2026-07-09,3,False
RYAAY,Industrials,Airlines,RSI,RSI 維持強勢 (50-70),None,0.0,0.51,0.2986,,0.2986,0,19157,0.0036,63.91,64.14,64.37,63.27,2026-07-13,3,False
TRI,Industrials,Specialty Business Services,RSI,RSI 維持強勢 (50-70),None,0.0,0.51,0.2986,,0.2986,0,19157,0.0036,94.29,94.63,94.97,93.35,2026-07-13,3,False
WCN,Industrials,Waste Management,RSI,RSI 維持強勢 (50-70),None,0.0,0.51,0.2986,,0.2986,0,19157,0.0036,171.17,171.79,172.4,169.46,2026-07-13,3,False
ZTO,Industrials,Integrated Freight & Logistics,RSI,RSI 維持強勢 (50-70),None,0.0,0.51,0.2986,,0.2986,0,19157,0.0036,24.03,24.12,24.2,23.79,2026-07-13,3,False
AMZN,Consumer Discretionary,Internet Retail,RSI,RSI 加速上升,None,0.0,0.5525,0.2984,0.2984,0.3117,124,6796,0.003,245.34,246.08,246.81,242.89,2026-07-10,3,False
CNA,Financials,Insurance - Property & Casualty,BB,BB 中軌向上（上升趨勢）,Support,0.8,1.0,0.2982,,0.2982,0,57,0.0011,50.91,50.97,51.02,50.4,2026-07-09,3,False
EG,Financials,Insurance - Reinsurance,BB,BB 中軌向上（上升趨勢）,Support,0.9,1.0,0.2982,,0.2982,0,57,0.0011,371.0,371.41,371.82,367.29,2026-07-09,3,False
AEIS,Industrials,Electrical Equipment & Parts,RSI,RSI 加速上升,None,0.0,0.5525,0.2981,,0.2981,0,11545,0.003,308.05,308.97,309.9,304.97,2026-07-10,3,False
AGX,Industrials,Engineering & Construction,RSI,RSI 加速上升,None,0.0,0.5525,0.2981,,0.2981,0,11545,0.003,630.32,632.21,634.1,624.02,2026-07-10,3,False
CNI,Industrials,Railroads,RSI,RSI 加速上升,None,0.0,0.5525,0.2981,,0.2981,0,11545,0.003,125.31,125.69,126.06,124.06,2026-07-13,3,False
SUNB,Industrials,Rental & Leasing Services,RSI,RSI 加速上升,None,0.0,0.5525,0.2981,,0.2981,0,11545,0.003,73.82,74.04,74.26,73.08,2026-07-13,3,False
FOX,Communication Services,Entertainment,BB,價格在 BB 中軌上方,None,0.0,0.425,0.2979,0.2979,0.3007,292,6080,0.0024,50.22,50.34,50.46,49.72,2026-07-13,3,False
INCY,Health Care,Biotechnology,BB,BB 中軌向上（上升趨勢）,None,0.0,0.51,0.2976,0.2976,0.2705,168,10885,0.0007,114.23,114.31,114.39,113.09,2026-07-13,3,False
DVA,Health Care,Medical Care Facilities,BB,價格在 BB 中軌上方,None,0.0,0.425,0.2971,0.2971,0.2804,239,14417,0.003,235.58,236.29,236.99,233.22,2026-07-13,3,False
MNST,Consumer Staples,Beverages - Non-Alcoholic,BB,BB 中軌向上（上升趨勢）,None,0.0,0.51,0.2966,0.2966,0.2466,236,6128,0.0044,97.07,97.5,97.92,96.1,2026-07-13,3,False
DOV,Industrials,Specialty Industrial Machinery,KDJ,KDJ 金叉,None,0.0,0.5525,0.2963,0.2963,0.3223,27,2110,0.0011,215.33,215.57,215.8,213.18,2026-07-10,3,False
SYM,Industrials,Specialty Industrial Machinery,BB,價格在 BB 中軌上方,None,0.0,0.425,0.295,,0.295,0,22337,0.0034,42.43,42.57,42.72,42.01,2026-07-13,3,False
AZO,Consumer Discretionary,Auto Parts,RSI,RSI 加速上升,None,0.0,0.5525,0.2941,0.2941,0.3117,119,6796,0.0061,3072.6399,3091.38,3110.13,3041.91,2026-07-10,3,False
NOC,Industrials,Aerospace & Defense,RSI,RSI 上穿 50 中性線,None,0.0,0.4675,0.2941,0.2941,0.304,17,1816,0.0107,539.63,545.4,551.18,534.23,2026-07-10,3,False
PCG,Utilities,Utilities - Regulated Electric,RSI,RSI 加速上升,None,0.0,0.5525,0.2929,0.2929,0.2565,140,4905,0.0082,17.37,17.51,17.65,17.2,2026-07-13,3,False
PAC,Industrials,Airports & Air Services,BB,BB 中軌向上（上升趨勢）,None,0.0,0.51,0.2929,,0.2929,0,17460,0.0036,232.77,233.61,234.45,230.44,2026-07-13,3,False
VMI,Industrials,Conglomerates,BB,BB 中軌向上（上升趨勢）,None,0.0,0.51,0.2929,,0.2929,0,17460,0.0036,539.79,541.73,543.68,534.39,2026-07-13,3,False
RJF,Financials,Asset Management,BB,價格在 BB 中軌上方,None,0.0,0.425,0.2929,0.2929,0.2847,297,21689,0.0054,166.98,167.88,168.78,165.31,2026-07-13,3,False
ELV,Health Care,Healthcare Plans,RSI,RSI 加速上升,None,0.0,0.5525,0.2908,0.2908,0.2803,141,8492,-0.0014,425.17,424.57,423.98,420.92,2026-07-13,3,False
DKS,Consumer Discretionary,Specialty Retail,BB,BB 中軌向上（上升趨勢）,None,0.0,0.51,0.2908,,0.2908,0,9757,0.002,217.98,218.42,218.85,215.8,2026-07-10,3,False
IHG,Consumer Discretionary,Lodging,BB,BB 中軌向上（上升趨勢）,None,0.0,0.51,0.2908,,0.2908,0,9757,0.002,164.22,164.55,164.88,162.58,2026-07-09,3,False
PKG,Consumer Discretionary,Packaging & Containers,BB,BB 中軌向上（上升趨勢）,None,0.0,0.51,0.2908,,0.2908,0,9757,0.002,225.86,226.31,226.76,223.6,2026-07-13,3,False
TOL,Consumer Discretionary,Residential Construction,BB,BB 中軌向上（上升趨勢）,None,0.0,0.51,0.2908,,0.2908,0,9757,0.002,148.15,148.45,148.74,146.67,2026-07-13,3,False
OXY,Energy,Oil & Gas E&P,RSI,RSI 動能加速（強勢區）,None,0.0,0.51,0.2903,0.2903,0.3265,31,873,-0.0036,54.81,54.61,54.42,54.26,2026-07-13,3,False
CAH,Health Care,Medical Distribution,RSI,RSI 維持強勢 (50-70),None,0.0,0.51,0.2898,0.2898,0.2772,314,12123,0.0079,233.66,235.51,237.35,231.32,2026-07-13,3,False
ISRG,Health Care,Medical Instruments & Supplies,BB,價格在 BB 中軌上方,None,0.0,0.425,0.2886,0.2886,0.2804,246,14417,0.0055,411.55,413.81,416.08,407.43,2026-07-09,3,False
BMY,Health Care,Drug Manufacturers - General,RSI,RSI 維持強勢 (50-70),None,0.0,0.51,0.2879,0.2879,0.2772,198,12123,-0.0008,57.58,57.53,57.49,57.0,2026-07-10,3,False
ABBV,Health Care,Drug Manufacturers - General,BB,BB 中軌向上（上升趨勢）,None,0.0,0.51,0.2876,0.2876,0.2705,226,10885,0.006,248.0,249.49,250.98,245.52,2026-07-13,3,False
BKNG,Consumer Discretionary,Travel Services,RSI,RSI 維持強勢 (50-70),None,0.0,0.51,0.2874,0.2874,0.2995,261,10441,0.0048,175.8,176.64,177.49,174.04,2026-07-13,3,False
ES,Utilities,Utilities - Regulated Electric,BB,價格在 BB 中軌上方,None,0.0,0.425,0.2873,0.2873,0.246,268,9864,0.0035,74.86,75.12,75.38,74.11,2026-07-13,3,False
AJG,Financials,Insurance Brokers,RSI,RSI 維持強勢 (50-70),None,0.0,0.51,0.2872,0.2872,0.2842,282,19108,0.0011,261.23,261.52,261.8,258.62,2026-07-13,3,False
ADSK,Information Technology,Software - Application,RSI,RSI 加速上升,None,0.0,0.5525,0.2868,0.2868,0.3693,129,10688,-0.004,208.45,207.62,206.78,206.37,2026-07-10,3,False
WDAY,Information Technology,Software - Application,RSI,RSI 維持強勢 (50-70),None,0.0,0.51,0.2868,0.2868,0.3645,136,16764,-0.0047,144.87,144.19,143.51,143.42,2026-07-13,3,False
ADBE,Information Technology,Software - Application,BB,價格在 BB 中軌上方,None,0.0,0.425,0.2868,0.2868,0.3573,265,20206,-0.0069,230.61,229.02,227.43,228.3,2026-07-13,3,False
HL,Materials,Other Precious Metals & Mining,BB,價格在 BB 中軌上方,None,0.0,0.425,0.2859,,0.2859,0,6697,0.0007,15.82,15.83,15.84,15.66,2026-07-10,3,False
EA,Communication Services,Electronic Gaming & Multimedia,KDJ,KDJ 金叉,Bullish Engulfing,0.75,1.0,0.2857,,0.2857,0,35,0.0016,206.56,206.89,207.22,204.49,2026-07-09,3,False
ECHO,Communication Services,Telecom Services,KDJ,KDJ 金叉,Bullish Engulfing,0.75,1.0,0.2857,,0.2857,0,35,0.0016,97.96,98.12,98.27,96.98,2026-07-09,3,False
FDX,Industrials,Integrated Freight & Logistics,KDJ,KDJ 金叉,None,0.0,0.5525,0.2857,0.2857,0.3223,21,2110,0.019,314.69,320.67,326.65,311.54,2026-07-10,3,False
EXPD,Industrials,Integrated Freight & Logistics,RSI,RSI 動能加速（強勢區）,None,0.0,0.51,0.2857,0.2857,0.2891,35,3037,-0.0007,175.5,175.38,175.25,173.75,2026-07-13,3,False
TRMB,Information Technology,Scientific & Technical Instruments,BB,價格在 BB 中軌上方,None,0.0,0.425,0.2857,0.2857,0.3573,245,20206,0.0018,52.29,52.38,52.48,51.77,2026-07-13,3,False
RPM,Materials,Specialty Chemicals,BB,BB 中軌向上（上升趨勢）,None,0.0,0.51,0.2853,,0.2853,0,5036,0.0007,103.36,103.43,103.5,102.33,2026-07-09,3,False
BTSG,Health Care,Health Information Services,KDJ,KDJ 金叉,None,0.0,0.5525,0.2852,,0.2852,0,1536,0.0022,71.58,71.74,71.89,70.86,2026-07-09,3,False
GMED,Health Care,Medical Devices,KDJ,KDJ 金叉,None,0.0,0.5525,0.2852,,0.2852,0,1536,0.0022,79.75,79.93,80.1,78.95,2026-07-13,3,False
MOH,Health Care,Healthcare Plans,KDJ,KDJ 金叉,None,0.0,0.5525,0.2852,,0.2852,0,1536,0.0022,242.88,243.41,243.95,240.45,2026-07-13,3,False
RTX,Industrials,Aerospace & Defense,RSI,RSI 維持強勢 (50-70),None,0.0,0.51,0.2852,0.2852,0.2986,291,19157,0.006,196.39,197.57,198.75,194.43,2026-07-13,3,False
BBVA,Financials,Banks - Diversified,BB,價格在 BB 中軌上方,None,0.0,0.425,0.2847,,0.2847,0,21689,0.0031,25.39,25.47,25.55,25.14,2026-07-13,3,False
BCS,Financials,Banks - Diversified,BB,價格在 BB 中軌上方,None,0.0,0.425,0.2847,,0.2847,0,21689,0.0031,27.29,27.37,27.46,27.02,2026-07-13,3,False
DB,Financials,Banks - Regional,BB,價格在 BB 中軌上方,None,0.0,0.425,0.2847,,0.2847,0,21689,0.0031,35.24,35.35,35.46,34.89,2026-07-13,3,False
FHN,Financials,Banks - Regional,BB,價格在 BB 中軌上方,None,0.0,0.425,0.2847,,0.2847,0,21689,0.0031,25.82,25.9,25.98,25.56,2026-07-13,3,False
HBANP,Financials,Banks - Regional,BB,價格在 BB 中軌上方,None,0.0,0.425,0.2847,,0.2847,0,21689,0.0031,16.15,16.2,16.25,15.99,2026-07-13,3,False
HDB,Financials,Banks - Regional,BB,價格在 BB 中軌上方,None,0.0,0.425,0.2847,,0.2847,0,21689,0.0031,26.41,26.49,26.57,26.15,2026-07-13,3,False
IBN,Financials,Banks - Regional,BB,價格在 BB 中軌上方,None,0.0,0.425,0.2847,,0.2847,0,21689,0.0031,29.26,29.35,29.44,28.97,2026-07-13,3,False
ING,Financials,Banks - Diversified,BB,價格在 BB 中軌上方,None,0.0,0.425,0.2847,,0.2847,0,21689,0.0031,32.3,32.4,32.5,31.98,2026-07-13,3,False
LYG,Financials,Banks - Regional,BB,價格在 BB 中軌上方,None,0.0,0.425,0.2847,,0.2847,0,21689,0.0031,5.89,5.91,5.93,5.83,2026-07-13,3,False
MFC,Financials,Insurance - Life,BB,價格在 BB 中軌上方,None,0.0,0.425,0.2847,,0.2847,0,21689,0.0031,41.29,41.42,41.55,40.88,2026-07-13,3,False
MKL,Financials,Insurance - Property & Casualty,BB,價格在 BB 中軌上方,None,0.0,0.425,0.2847,,0.2847,0,21689,0.0031,1962.27,1968.35,1974.44,1942.65,2026-07-13,3,False
NWG,Financials,Banks - Regional,BB,價格在 BB 中軌上方,None,0.0,0.425,0.2847,,0.2847,0,21689,0.0031,17.5,17.55,17.61,17.32,2026-07-13,3,False
RNR,Financials,Insurance - Reinsurance,BB,價格在 BB 中軌上方,None,0.0,0.425,0.2847,,0.2847,0,21689,0.0031,320.66,321.65,322.65,317.45,2026-07-13,3,False
RY,Financials,Banks - Diversified,BB,價格在 BB 中軌上方,None,0.0,0.425,0.2847,,0.2847,0,21689,0.0031,210.69,211.34,212.0,208.58,2026-07-13,3,False
RYAN,Financials,Insurance - Specialty,BB,價格在 BB 中軌上方,None,0.0,0.425,0.2847,,0.2847,0,21689,0.0031,41.76,41.89,42.02,41.34,2026-07-13,3,False
SAN,Financials,Banks - Diversified,BB,價格在 BB 中軌上方,None,0.0,0.425,0.2847,,0.2847,0,21689,0.0031,13.66,13.7,13.74,13.52,2026-07-13,3,False
SLF,Financials,Insurance - Diversified,BB,價格在 BB 中軌上方,None,0.0,0.425,0.2847,,0.2847,0,21689,0.0031,78.47,78.71,78.96,77.69,2026-07-13,3,False
TRU,Financials,Financial Data & Stock Exchanges,BB,價格在 BB 中軌上方,None,0.0,0.425,0.2847,,0.2847,0,21689,0.0031,76.21,76.45,76.68,75.45,2026-07-13,3,False
TW,Financials,Capital Markets,BB,價格在 BB 中軌上方,None,0.0,0.425,0.2847,,0.2847,0,21689,0.0031,99.68,99.99,100.3,98.68,2026-07-13,3,False
UMBF,Financials,Banks - Regional,BB,價格在 BB 中軌上方,None,0.0,0.425,0.2847,,0.2847,0,21689,0.0031,144.29,144.74,145.18,142.85,2026-07-13,3,False
WBS,Financials,Banks - Regional,BB,價格在 BB 中軌上方,None,0.0,0.425,0.2847,,0.2847,0,21689,0.0031,76.22,76.46,76.69,75.46,2026-07-13,3,False
WTFC,Financials,Banks - Regional,BB,價格在 BB 中軌上方,None,0.0,0.425,0.2847,,0.2847,0,21689,0.0031,161.5,162.0,162.5,159.88,2026-07-13,3,False
PM,Consumer Staples,Tobacco,RSI,RSI 維持強勢 (50-70),None,0.0,0.51,0.284,0.284,0.2452,250,7574,0.002,181.62,181.98,182.35,179.8,2026-07-10,3,False
FTAI,Industrials,Aerospace & Defense,BB,BB 跌破下軌 (超賣),None,0.0,0.45499999999999996,0.2838,,0.2838,0,1258,0.0043,209.88,210.78,211.68,207.78,2026-07-13,3,False
QXO,Industrials,Industrial Distribution,BB,BB 跌破下軌 (超賣),None,0.0,0.45499999999999996,0.2838,,0.2838,0,1258,0.0043,13.89,13.95,14.01,13.75,2026-07-13,3,False
IFF,Materials,Specialty Chemicals,RSI,RSI 維持強勢 (50-70),None,0.0,0.51,0.2828,0.2828,0.286,244,5721,-0.0019,78.53,78.38,78.23,77.74,2026-07-09,3,False
O,Real Estate,REIT - Retail,RSI,RSI 動能加速（強勢區）,None,0.0,0.51,0.2826,0.2826,0.2452,46,1093,0.0085,64.17,64.72,65.26,63.53,2026-07-13,3,False
MSI,Information Technology,Communication Equipment,BB,BB 中軌向上（上升趨勢）,None,0.0,0.51,0.2821,0.2821,0.3639,234,16781,0.0045,418.06,419.94,421.82,413.88,2026-07-13,3,False
WFC,Financials,Banks - Diversified,RSI,RSI 維持強勢 (50-70),None,0.0,0.51,0.2819,0.2819,0.2842,259,19108,-0.0017,87.67,87.52,87.37,86.79,2026-07-13,3,False
BPYPO,Real Estate,Real Estate Services,KDJ,KDJ 金叉,None,0.0,0.5525,0.2818,,0.2818,0,550,0.0003,15.09,15.09,15.1,14.94,2026-07-09,3,False
GLPI,Real Estate,REIT - Specialty,KDJ,KDJ 金叉,None,0.0,0.5525,0.2818,,0.2818,0,550,0.0003,44.04,44.05,44.07,43.6,2026-07-13,3,False
NLY,Real Estate,REIT - Mortgage,KDJ,KDJ 金叉,None,0.0,0.5525,0.2818,,0.2818,0,550,0.0003,22.86,22.87,22.87,22.63,2026-07-10,3,False
WPC,Real Estate,REIT - Diversified,KDJ,KDJ 金叉,None,0.0,0.5525,0.2818,,0.2818,0,550,0.0003,71.66,71.68,71.7,70.94,2026-07-10,3,False
ACGL,Financials,Insurance - Diversified,BB,價格在 BB 中軌上方,None,0.0,0.425,0.2817,0.2817,0.2847,252,21689,0.0007,103.06,103.13,103.2,102.03,2026-07-13,3,False
EXE,Energy,Oil & Gas E&P,BB,價格在 BB 中軌上方,None,0.0,0.425,0.2815,0.2815,0.2998,238,5768,-0.0025,88.97,88.75,88.53,88.08,2026-07-09,3,False
ALLE,Industrials,Security & Protection Services,RSI,RSI 維持強勢 (50-70),None,0.0,0.51,0.2814,0.2814,0.2986,199,19157,0.0036,136.36,136.85,137.34,135.0,2026-07-13,3,False
DUK,Utilities,Utilities - Regulated Electric,BB,BB 中軌向上（上升趨勢）,Morning Star,0.8,1.0,0.2812,,0.2812,0,96,0.0083,126.86,127.91,128.97,125.59,2026-07-13,3,False
PPL,Utilities,Utilities - Regulated Electric,BB,BB 中軌向上（上升趨勢）,Morning Star,0.8,1.0,0.2812,,0.2812,0,96,0.0083,35.66,35.96,36.25,35.3,2026-07-09,3,False
ALC,Health Care,Medical Instruments & Supplies,BB,價格在 BB 中軌上方,None,0.0,0.425,0.2804,,0.2804,0,14417,0.0008,69.0,69.06,69.11,68.31,2026-07-13,3,False
ASND,Health Care,Biotechnology,BB,價格在 BB 中軌上方,None,0.0,0.425,0.2804,,0.2804,0,14417,0.0008,265.22,265.43,265.64,262.57,2026-07-13,3,False
AXSM,Health Care,Biotechnology,BB,價格在 BB 中軌上方,None,0.0,0.425,0.2804,,0.2804,0,14417,0.0008,233.8,233.99,234.17,231.46,2026-07-10,3,False
BMRN,Health Care,Biotechnology,BB,價格在 BB 中軌上方,None,0.0,0.425,0.2804,,0.2804,0,14417,0.0008,59.2,59.25,59.29,58.61,2026-07-13,3,False
BNTX,Health Care,Biotechnology,BB,價格在 BB 中軌上方,None,0.0,0.425,0.2804,,0.2804,0,14417,0.0008,92.98,93.05,93.13,92.05,2026-07-09,3,False
BRKRP,Health Care,Medical Devices,BB,價格在 BB 中軌上方,None,0.0,0.425,0.2804,,0.2804,0,14417,0.0008,435.18,435.53,435.88,430.83,2026-07-13,3,False
BTSGU,Health Care,Health Information Services,BB,價格在 BB 中軌上方,None,0.0,0.425,0.2804,,0.2804,0,14417,0.0008,230.05,230.23,230.42,227.75,2026-07-13,3,False
CRSP,Health Care,Biotechnology,BB,價格在 BB 中軌上方,None,0.0,0.425,0.2804,,0.2804,0,14417,0.0008,56.34,56.39,56.43,55.78,2026-07-09,3,False
CYTK,Health Care,Biotechnology,BB,價格在 BB 中軌上方,None,0.0,0.425,0.2804,,0.2804,0,14417,0.0008,82.24,82.31,82.37,81.42,2026-07-13,3,False
EHC,Health Care,Medical Care Facilities,BB,價格在 BB 中軌上方,None,0.0,0.425,0.2804,,0.2804,0,14417,0.0008,110.04,110.13,110.22,108.94,2026-07-13,3,False
EXEL,Health Care,Biotechnology,BB,價格在 BB 中軌上方,None,0.0,0.425,0.2804,,0.2804,0,14417,0.0008,56.04,56.08,56.13,55.48,2026-07-13,3,False
FMS,Health Care,Medical Care Facilities,BB,價格在 BB 中軌上方,None,0.0,0.425,0.2804,,0.2804,0,14417,0.0008,24.02,24.04,24.06,23.78,2026-07-10,3,False
GH,Health Care,Diagnostics & Research,BB,價格在 BB 中軌上方,None,0.0,0.425,0.2804,,0.2804,0,14417,0.0008,158.4,158.53,158.65,156.82,2026-07-13,3,False
GSK,Health Care,Drug Manufacturers - General,BB,價格在 BB 中軌上方,None,0.0,0.425,0.2804,,0.2804,0,14417,0.0008,52.29,52.33,52.37,51.77,2026-07-13,3,False
HLN,Health Care,Drug Manufacturers - Specialty & Generic,BB,價格在 BB 中軌上方,None,0.0,0.425,0.2804,,0.2804,0,14417,0.0008,9.86,9.87,9.88,9.76,2026-07-13,3,False
ICLR,Health Care,Diagnostics & Research,BB,價格在 BB 中軌上方,None,0.0,0.425,0.2804,,0.2804,0,14417,0.0008,166.1,166.23,166.37,164.44,2026-07-13,3,False
ILMN,Health Care,Diagnostics & Research,BB,價格在 BB 中軌上方,None,0.0,0.425,0.2804,,0.2804,0,14417,0.0008,190.05,190.2,190.35,188.15,2026-07-13,3,False
INSM,Health Care,Biotechnology,BB,價格在 BB 中軌上方,None,0.0,0.425,0.2804,,0.2804,0,14417,0.0008,109.14,109.23,109.31,108.05,2026-07-13,3,False
JAZZ,Health Care,Biotechnology,BB,價格在 BB 中軌上方,None,0.0,0.425,0.2804,,0.2804,0,14417,0.0008,236.97,237.16,237.35,234.6,2026-07-13,3,False
KRYS,Health Care,Biotechnology,BB,價格在 BB 中軌上方,None,0.0,0.425,0.2804,,0.2804,0,14417,0.0008,363.44,363.73,364.02,359.81,2026-07-13,3,False
MDGL,Health Care,Biotechnology,BB,價格在 BB 中軌上方,None,0.0,0.425,0.2804,,0.2804,0,14417,0.0008,531.0,531.42,531.85,525.69,2026-07-13,3,False
MDLN,Health Care,Medical Instruments & Supplies,BB,價格在 BB 中軌上方,None,0.0,0.425,0.2804,,0.2804,0,14417,0.0008,40.58,40.61,40.64,40.17,2026-07-13,3,False
MEDP,Health Care,Diagnostics & Research,BB,價格在 BB 中軌上方,None,0.0,0.425,0.2804,,0.2804,0,14417,0.0008,530.19,530.61,531.04,524.89,2026-07-13,3,False
NBIX,Health Care,Drug Manufacturers - Specialty & Generic,BB,價格在 BB 中軌上方,None,0.0,0.425,0.2804,,0.2804,0,14417,0.0008,174.1,174.24,174.38,172.36,2026-07-13,3,False
NTRA,Health Care,Diagnostics & Research,BB,價格在 BB 中軌上方,None,0.0,0.425,0.2804,,0.2804,0,14417,0.0008,272.89,273.11,273.33,270.16,2026-07-13,3,False
NVO,Health Care,Drug Manufacturers - General,BB,價格在 BB 中軌上方,None,0.0,0.425,0.2804,,0.2804,0,14417,0.0008,49.28,49.32,49.36,48.79,2026-07-13,3,False
NVS,Health Care,Drug Manufacturers - General,BB,價格在 BB 中軌上方,None,0.0,0.425,0.2804,,0.2804,0,14417,0.0008,154.05,154.17,154.3,152.51,2026-07-10,3,False
ONC,Health Care,Biotechnology,BB,價格在 BB 中軌上方,None,0.0,0.425,0.2804,,0.2804,0,14417,0.0008,303.96,304.2,304.45,300.92,2026-07-13,3,False
PHG,Health Care,Medical Devices,BB,價格在 BB 中軌上方,None,0.0,0.425,0.2804,,0.2804,0,14417,0.0008,27.34,27.36,27.38,27.07,2026-07-13,3,False
ROIV,Health Care,Biotechnology,BB,價格在 BB 中軌上方,None,0.0,0.425,0.2804,,0.2804,0,14417,0.0008,34.51,34.54,34.57,34.16,2026-07-13,3,False
RPRX,Health Care,Biotechnology,BB,價格在 BB 中軌上方,None,0.0,0.425,0.2804,,0.2804,0,14417,0.0008,56.45,56.5,56.54,55.89,2026-07-13,3,False
RVMD,Health Care,Biotechnology,BB,價格在 BB 中軌上方,None,0.0,0.425,0.2804,,0.2804,0,14417,0.0008,183.95,184.1,184.24,182.11,2026-07-13,3,False
SMMT,Health Care,Biotechnology,BB,價格在 BB 中軌上方,None,0.0,0.425,0.2804,,0.2804,0,14417,0.0008,15.3,15.31,15.32,15.15,2026-07-13,3,False
THC,Health Care,Medical Care Facilities,BB,價格在 BB 中軌上方,None,0.0,0.425,0.2804,,0.2804,0,14417,0.0008,194.81,194.97,195.12,192.86,2026-07-13,3,False
UTHR,Health Care,Drug Manufacturers - Specialty & Generic,BB,價格在 BB 中軌上方,None,0.0,0.425,0.2804,,0.2804,0,14417,0.0008,552.48,552.92,553.36,546.96,2026-07-09,3,False
ARWR,Health Care,Biotechnology,RSI,RSI 加速上升,None,0.0,0.5525,0.2803,,0.2803,0,8492,-0.0001,76.4,76.39,76.38,75.64,2026-07-10,3,False
MTD,Health Care,Diagnostics & Research,BB,價格在 BB 中軌上方,None,0.0,0.425,0.2802,0.2802,0.2804,207,14417,0.0022,1299.53,1302.39,1305.25,1286.53,2026-07-13,3,False
CCL,Consumer Discretionary,Travel Services,KDJ,KDJ 金叉,None,0.0,0.5525,0.28,0.28,0.3183,25,1244,-0.0072,26.83,26.64,26.44,26.56,2026-07-10,3,False
CRH,Materials,Building Materials,KDJ,KDJ 金叉,None,0.0,0.5525,0.28,0.28,0.314,25,637,0.0059,104.71,105.33,105.95,103.66,2026-07-10,3,False
CMCSA,Communication Services,Telecom Services,RSI,RSI 上穿 50 中性線,None,0.0,0.4675,0.28,0.28,0.3243,25,518,-0.0041,23.97,23.87,23.77,23.73,2026-07-13,3,False
USB,Financials,Banks - Regional,BB,價格在 BB 中軌上方,None,0.0,0.425,0.2797,0.2797,0.2847,261,21689,0.0029,62.34,62.52,62.7,61.72,2026-07-13,3,False
VMC,Materials,Building Materials,RSI,RSI 上穿 50 中性線,None,0.0,0.4675,0.2778,0.2778,0.3294,18,595,0.0017,295.25,295.75,296.25,292.3,2026-07-10,3,False
CPT,Real Estate,REIT - Residential,BB,價格在 BB 中軌上方,None,0.0,0.425,0.2771,0.2771,0.248,249,8032,0.0026,114.19,114.49,114.78,113.05,2026-07-13,3,False
SHW,Materials,Specialty Chemicals,BB,價格在 BB 中軌上方,None,0.0,0.425,0.2764,0.2764,0.2859,199,6697,0.0039,333.99,335.29,336.6,330.65,2026-07-10,3,False
KR,Consumer Staples,Grocery Stores,RSI,RSI 上穿 50 中性線,None,0.0,0.4675,0.2759,0.2759,0.2565,29,928,0.0071,60.54,60.97,61.4,59.93,2026-07-10,3,False
MO,Consumer Staples,Tobacco,RSI,RSI 維持強勢 (50-70),None,0.0,0.51,0.2753,0.2753,0.2452,247,7574,0.0017,71.87,71.99,72.11,71.15,2026-07-13,3,False
BDRX,Health Care,Biotechnology,BB,BB 跌破下軌 (超賣),None,0.0,0.45499999999999996,0.2752,,0.2752,0,974,-0.0017,2.31,2.31,2.3,2.29,2026-07-13,3,False
XOM,Energy,Oil & Gas Integrated,RSI,RSI 上穿 50 中性線,None,0.0,0.4675,0.275,0.275,0.361,40,579,-0.0005,144.51,144.44,144.37,143.06,2026-07-13,3,False
COR,Health Care,Medical Distribution,BB,價格在 BB 中軌上方,None,0.0,0.425,0.2738,0.2738,0.2804,347,14417,0.0038,306.13,307.29,308.46,303.07,2026-07-13,3,False
EBAY,Consumer Discretionary,Internet Retail,BB,價格在 BB 中軌上方,None,0.0,0.425,0.273,0.273,0.2984,304,12430,-0.0004,115.09,115.04,115.0,113.94,2026-07-13,3,False
OTIS,Industrials,Specialty Industrial Machinery,RSI,RSI 上穿 50 中性線,None,0.0,0.4675,0.2727,0.2727,0.304,33,1816,-0.0059,73.09,72.66,72.23,72.36,2026-07-10,3,False
T,Communication Services,Telecom Services,MACD,MACD 金叉 (空頭區),None,0.0,0.42,0.2727,0.2727,0.3254,11,252,0.0088,21.13,21.32,21.5,20.92,2026-07-10,3,False
ADM,Consumer Staples,Farm Products,RSI,RSI 加速上升,None,0.0,0.5525,0.2706,0.2706,0.2439,170,5343,-0.0034,80.41,80.14,79.86,79.61,2026-07-10,3,False
RDY,Health Care,Drug Manufacturers - Specialty & Generic,BB,BB 中軌向上（上升趨勢）,None,0.0,0.51,0.2705,,0.2705,0,10885,0.0002,12.92,12.92,12.93,12.79,2026-07-13,3,False
VTR,Real Estate,REIT - Healthcare Facilities,RSI,RSI 維持強勢 (50-70),None,0.0,0.51,0.2698,0.2698,0.2509,252,7011,0.0029,92.06,92.33,92.59,91.14,2026-07-13,3,False
CI,Health Care,Healthcare Plans,RSI,RSI 維持強勢 (50-70),None,0.0,0.51,0.269,0.269,0.2772,171,12123,0.0004,293.46,293.58,293.69,290.53,2026-07-10,3,False
SYY,Consumer Staples,Food Distribution,BB,BB 中軌向上（上升趨勢）,None,0.0,0.51,0.269,0.269,0.2466,171,6128,0.0069,83.46,84.04,84.61,82.63,2026-07-13,3,False
CVX,Energy,Oil & Gas Integrated,BB,價格在 BB 中軌上方,None,0.0,0.425,0.2687,0.2687,0.2998,320,5768,-0.0012,182.2,181.98,181.76,180.38,2026-07-13,3,False
BRO,Financials,Insurance Brokers,RSI,RSI 維持強勢 (50-70),None,0.0,0.51,0.2686,0.2686,0.2842,242,19108,0.0031,69.21,69.42,69.64,68.52,2026-07-13,3,False
GL,Financials,Insurance - Life,BB,BB 中軌向上（上升趨勢）,None,0.0,0.51,0.2682,0.2682,0.2681,261,16575,0.0014,178.62,178.87,179.12,176.83,2026-07-13,3,False
KHC,Consumer Staples,Packaged Foods,BB,價格在 BB 中軌上方,None,0.0,0.425,0.2682,0.2682,0.2432,179,8891,-0.0012,25.23,25.2,25.17,24.98,2026-07-13,3,False
SNEX,Financials,Capital Markets,BB,BB 中軌向上（上升趨勢）,None,0.0,0.51,0.2681,,0.2681,0,16575,0.0026,122.65,122.97,123.29,121.42,2026-07-09,3,False
RMD,Health Care,Medical Instruments & Supplies,RSI,RSI 維持強勢 (50-70),None,0.0,0.51,0.268,0.268,0.2772,194,12123,-0.0031,203.87,203.24,202.61,201.83,2026-07-10,3,False
EOG,Energy,Oil & Gas E&P,RSI,RSI 加速上升,None,0.0,0.5525,0.2679,0.2679,0.3227,168,3306,-0.0019,139.61,139.34,139.08,138.21,2026-07-13,3,False
KIM,Real Estate,REIT - Retail,BB,BB 中軌向上（上升趨勢）,None,0.0,0.51,0.2674,0.2674,0.2647,187,5713,0.0031,24.93,25.01,25.08,24.68,2026-07-09,3,False
ORLY,Consumer Discretionary,Auto Parts,RSI,RSI 加速上升,None,0.0,0.5525,0.2672,0.2672,0.3117,131,6796,0.0011,87.28,87.38,87.47,86.41,2026-07-13,3,False
UNH,Health Care,Healthcare Plans,BB,價格在 BB 中軌上方,None,0.0,0.425,0.2669,0.2669,0.2804,281,14417,0.0001,429.09,429.13,429.18,424.8,2026-07-13,3,False
NSC,Industrials,Railroads,RSI,RSI 維持強勢 (50-70),Consolidation Breakout,0.75,1.0,0.2667,0.2667,0.2498,15,1365,0.0001,327.59,327.62,327.66,324.31,2026-07-13,3,False
CNP,Utilities,Utilities - Regulated Electric,BB,BB 中軌向上（上升趨勢）,None,0.0,0.51,0.2667,0.2667,0.249,240,7232,0.0049,44.13,44.35,44.56,43.69,2026-07-13,3,False
AVB,Real Estate,REIT - Residential,MACD,MACD 金叉 (空頭區),None,0.0,0.42,0.2667,0.2667,0.2026,15,380,-0.0026,189.46,188.97,188.47,187.57,2026-07-09,3,False
DLR,Real Estate,REIT - Specialty,RSI,RSI 加速上升,None,0.0,0.5525,0.2658,0.2658,0.2327,158,4401,-0.0017,177.92,177.62,177.32,176.14,2026-07-13,3,False
OKE,Energy,Oil & Gas Midstream,RSI,RSI 維持強勢 (50-70),None,0.0,0.51,0.2658,0.2658,0.2963,237,4891,-0.0041,92.19,91.81,91.43,91.27,2026-07-13,3,False
MDT,Health Care,Medical Devices,RSI,RSI 加速上升,None,0.0,0.5525,0.2653,0.2653,0.2803,147,8492,0.0022,82.39,82.57,82.75,81.57,2026-07-09,3,False
COO,Health Care,Medical Instruments & Supplies,BB,價格在 BB 中軌上方,None,0.0,0.425,0.2648,0.2648,0.2804,219,14417,-0.0043,71.32,71.01,70.71,70.61,2026-07-13,3,False
J,Industrials,Engineering & Construction,BB,價格在 BB 中軌上方,None,0.0,0.425,0.2648,0.2648,0.295,287,22337,0.0006,126.54,126.62,126.69,125.27,2026-07-13,3,False
AGNC,Real Estate,REIT - Mortgage,BB,BB 中軌向上（上升趨勢）,None,0.0,0.51,0.2647,,0.2647,0,5713,0.0025,10.99,11.02,11.04,10.88,2026-07-13,3,False
AMH,Real Estate,REIT - Residential,BB,BB 中軌向上（上升趨勢）,None,0.0,0.51,0.2647,,0.2647,0,5713,0.0025,33.8,33.88,33.97,33.46,2026-07-13,3,False
EGP,Real Estate,REIT - Industrial,BB,BB 中軌向上（上升趨勢）,None,0.0,0.51,0.2647,,0.2647,0,5713,0.0025,211.03,211.56,212.09,208.92,2026-07-13,3,False
JLL,Real Estate,Real Estate Services,BB,BB 中軌向上（上升趨勢）,None,0.0,0.51,0.2647,,0.2647,0,5713,0.0025,321.95,322.75,323.56,318.73,2026-07-13,3,False
LAMR,Real Estate,REIT - Specialty,BB,BB 中軌向上（上升趨勢）,None,0.0,0.51,0.2647,,0.2647,0,5713,0.0025,157.23,157.62,158.02,155.66,2026-07-13,3,False
LINE,Real Estate,REIT - Industrial,BB,BB 中軌向上（上升趨勢）,None,0.0,0.51,0.2647,,0.2647,0,5713,0.0025,43.98,44.09,44.2,43.54,2026-07-09,3,False
OHI,Real Estate,REIT - Healthcare Facilities,BB,BB 中軌向上（上升趨勢）,None,0.0,0.51,0.2647,,0.2647,0,5713,0.0025,48.44,48.56,48.68,47.96,2026-07-13,3,False
DIS,Communication Services,Entertainment,KDJ,KDJ 金叉,None,0.0,0.5525,0.2632,0.2632,0.3345,19,550,-0.0066,96.17,95.54,94.9,95.21,2026-07-09,3,False
PEG,Utilities,Utilities - Regulated Electric,BB,BB 中軌向上（上升趨勢）,None,0.0,0.51,0.2616,0.2616,0.249,172,7232,0.0033,80.89,81.16,81.42,80.08,2026-07-13,3,False
VRTX,Health Care,Biotechnology,RSI,RSI 維持強勢 (50-70),None,0.0,0.51,0.2611,0.2611,0.2772,226,12123,-0.0021,480.25,479.24,478.23,475.45,2026-07-13,3,False
CCI,Real Estate,REIT - Specialty,RSI,RSI 加速上升,None,0.0,0.5525,0.2606,0.2606,0.2327,142,4401,-0.0032,79.84,79.58,79.33,79.04,2026-07-13,3,False
TSCO,Consumer Discretionary,Specialty Retail,BB,BB 中軌向上（上升趨勢）,None,0.0,0.51,0.2606,0.2606,0.2908,142,9757,-0.0032,30.12,30.02,29.93,29.82,2026-07-09,3,False
TDG,Industrials,Aerospace & Defense,RSI,RSI 維持強勢 (50-70),None,0.0,0.51,0.2605,0.2605,0.2986,261,19157,0.0004,1291.35,1291.87,1292.38,1278.44,2026-07-10,3,False
DHI,Consumer Discretionary,Residential Construction,BB,BB 中軌向上（上升趨勢）,None,0.0,0.51,0.2604,0.2604,0.2908,169,9757,-0.0046,151.58,150.88,150.19,150.06,2026-07-10,3,False
ESS,Real Estate,REIT - Residential,BB,BB 中軌向上（上升趨勢）,None,0.0,0.51,0.2604,0.2604,0.2647,169,5713,0.0022,297.48,298.13,298.79,294.51,2026-07-13,3,False
ICE,Financials,Financial Data & Stock Exchanges,RSI,RSI 維持強勢 (50-70),None,0.0,0.51,0.258,0.258,0.2842,283,19108,0.005,137.67,138.36,139.05,136.29,2026-07-13,3,False
BSX,Health Care,Medical Devices,RSI,RSI 加速上升,None,0.0,0.5525,0.2576,0.2576,0.2803,132,8492,-0.0058,44.99,44.73,44.47,44.54,2026-07-09,3,False
PRU,Financials,Insurance - Life,RSI,RSI 動能加速（強勢區）,None,0.0,0.51,0.2571,0.2571,0.279,35,3129,-0.0083,115.0,114.05,113.09,113.85,2026-07-09,3,False
SRE,Utilities,Utilities - Diversified,RSI,RSI 加速上升,None,0.0,0.5525,0.2569,0.2569,0.2565,144,4905,-0.0054,94.62,94.11,93.6,93.67,2026-07-09,3,False
WMT,Consumer Staples,Discount Stores,RSI,RSI 加速上升,None,0.0,0.5525,0.2569,0.2569,0.2439,144,5343,0.0042,114.78,115.26,115.74,113.63,2026-07-13,3,False
AXIA,Utilities,Utilities - Renewable,RSI,RSI 加速上升,None,0.0,0.5525,0.2565,,0.2565,0,4905,0.0041,10.49,10.53,10.58,10.39,2026-07-10,3,False
BIP,Utilities,Utilities - Diversified,RSI,RSI 加速上升,None,0.0,0.5525,0.2565,,0.2565,0,4905,0.0041,37.65,37.8,37.96,37.27,2026-07-10,3,False
BJ,Consumer Staples,Discount Stores,RSI,RSI 上穿 50 中性線,None,0.0,0.4675,0.2565,,0.2565,0,928,0.0005,90.12,90.17,90.21,89.22,2026-07-13,3,False
CPB,Consumer Staples,Packaged Foods,RSI,RSI 上穿 50 中性線,None,0.0,0.4675,0.2565,,0.2565,0,928,0.0005,22.07,22.08,22.09,21.85,2026-07-10,3,False
DEO,Consumer Staples,Beverages - Wineries & Distilleries,RSI,RSI 上穿 50 中性線,None,0.0,0.4675,0.2565,,0.2565,0,928,0.0005,82.03,82.07,82.11,81.21,2026-07-10,3,False
OMC,Communication Services,Advertising Agencies,BB,BB 中軌向上（上升趨勢）,None,0.0,0.51,0.2557,0.2557,0.2943,176,4771,0.0014,82.55,82.67,82.78,81.72,2026-07-13,3,False
APD,Materials,Specialty Chemicals,BB,BB 中軌向上（上升趨勢）,None,0.0,0.51,0.2556,0.2556,0.2853,180,5036,-0.0037,301.96,300.84,299.73,298.94,2026-07-13,3,False
HIG,Financials,Insurance - Diversified,BB,BB 中軌向上（上升趨勢）,Consolidation Breakout,0.75,1.0,0.2553,0.2553,0.2496,47,1951,0.0036,140.78,141.29,141.79,139.37,2026-07-13,3,False
HON,Industrials,Conglomerates,BB,BB 中軌向上（上升趨勢）,None,0.0,0.51,0.2552,0.2552,0.2929,192,17460,-0.0004,222.25,222.16,222.07,220.03,2026-07-13,3,False
DGX,Health Care,Diagnostics & Research,RSI,RSI 維持強勢 (50-70),None,0.0,0.51,0.2551,0.2551,0.2772,243,12123,0.0038,207.35,208.14,208.93,205.28,2026-07-13,3,False
VIAV,Information Technology,Communication Equipment,RSI,RSI 加速上升,Bullish Engulfing,0.75,1.0,0.2549,,0.2549,0,51,0.0114,43.08,43.57,44.06,42.65,2026-07-10,3,False
TSN,Consumer Staples,Farm Products,BB,BB 中軌向上（上升趨勢）,None,0.0,0.51,0.2524,0.2524,0.2466,210,6128,-0.0002,57.92,57.91,57.9,57.34,2026-07-13,3,False
DTE,Utilities,Utilities - Regulated Electric,RSI,RSI 維持強勢 (50-70),None,0.0,0.51,0.252,0.252,0.2471,250,8831,0.0035,150.64,151.17,151.69,149.13,2026-07-13,3,False
AGNCL,Real Estate,REIT - Mortgage,RSI,RSI 維持強勢 (50-70),None,0.0,0.51,0.2509,,0.2509,0,7011,0.0007,24.88,24.9,24.91,24.63,2026-07-13,3,False
AGNCM,Real Estate,REIT - Mortgage,RSI,RSI 維持強勢 (50-70),None,0.0,0.51,0.2509,,0.2509,0,7011,0.0007,24.9,24.92,24.93,24.65,2026-07-13,3,False
AGNCN,Real Estate,REIT - Mortgage,RSI,RSI 維持強勢 (50-70),None,0.0,0.51,0.2509,,0.2509,0,7011,0.0007,25.43,25.45,25.47,25.18,2026-07-13,3,False
AGNCO,Real Estate,REIT - Mortgage,RSI,RSI 維持強勢 (50-70),None,0.0,0.51,0.2509,,0.2509,0,7011,0.0007,25.33,25.35,25.37,25.08,2026-07-13,3,False
AGNCP,Real Estate,REIT - Mortgage,RSI,RSI 維持強勢 (50-70),None,0.0,0.51,0.2509,,0.2509,0,7011,0.0007,25.06,25.08,25.1,24.81,2026-07-13,3,False
AGNCZ,Real Estate,REIT - Mortgage,RSI,RSI 維持強勢 (50-70),None,0.0,0.51,0.2509,,0.2509,0,7011,0.0007,25.236,25.25,25.27,24.98,2026-07-13,3,False
BEKE,Real Estate,Real Estate Services,RSI,RSI 維持強勢 (50-70),None,0.0,0.51,0.2509,,0.2509,0,7011,0.0007,16.07,16.08,16.09,15.91,2026-07-13,3,False
BPYPN,Real Estate,Real Estate Services,RSI,RSI 維持強勢 (50-70),None,0.0,0.51,0.2509,,0.2509,0,7011,0.0007,13.94,13.95,13.96,13.8,2026-07-13,3,False
BPYPP,Real Estate,Real Estate Services,RSI,RSI 維持強勢 (50-70),None,0.0,0.51,0.2509,,0.2509,0,7011,0.0007,15.88,15.89,15.9,15.72,2026-07-13,3,False
FE,Utilities,Utilities - Regulated Electric,RSI,RSI 動能加速（強勢區）,None,0.0,0.51,0.25,0.25,0.2198,52,1556,0.0012,48.43,48.49,48.55,47.95,2026-07-13,3,False
KO,Consumer Staples,Beverages - Non-Alcoholic,RSI,RSI 動能加速（強勢區）,None,0.0,0.51,0.25,0.25,0.2456,36,1148,0.0023,83.49,83.68,83.87,82.66,2026-07-10,3,False
SBAC,Real Estate,REIT - Specialty,RSI,RSI 上穿 50 中性線,None,0.0,0.4675,0.25,0.25,0.2311,24,818,-0.0045,190.03,189.17,188.32,188.13,2026-07-10,3,False
WEC,Utilities,Utilities - Regulated Electric,RSI,RSI 上穿 50 中性線,None,0.0,0.4675,0.25,0.25,0.2521,24,932,0.0031,115.87,116.23,116.59,114.71,2026-07-13,3,False
EMA,Utilities,Utilities - Regulated Electric,BB,BB 中軌向上（上升趨勢）,None,0.0,0.51,0.249,,0.249,0,7232,0.0028,53.35,53.5,53.65,52.82,2026-07-10,3,False
FTS,Utilities,Utilities - Regulated Electric,BB,BB 中軌向上（上升趨勢）,None,0.0,0.51,0.249,,0.249,0,7232,0.0028,57.48,57.64,57.8,56.91,2026-07-13,3,False
OGE,Utilities,Utilities - Regulated Electric,BB,BB 中軌向上（上升趨勢）,None,0.0,0.51,0.249,,0.249,0,7232,0.0028,48.99,49.13,49.26,48.5,2026-07-13,3,False
WTRG,Utilities,Utilities - Regulated Water,BB,BB 中軌向上（上升趨勢）,None,0.0,0.51,0.249,,0.249,0,7232,0.0028,38.59,38.7,38.81,38.2,2026-07-13,3,False
CL,Consumer Staples,Household & Personal Products,RSI,RSI 維持強勢 (50-70),None,0.0,0.51,0.2489,0.2489,0.2452,225,7574,0.0019,93.21,93.39,93.56,92.28,2026-07-13,3,False
CME,Financials,Financial Data & Stock Exchanges,RSI,RSI 加速上升,None,0.0,0.5525,0.2469,0.2469,0.3014,162,11488,0.0018,245.1,245.54,245.98,242.65,2026-07-13,3,False
BTI,Consumer Staples,Tobacco,BB,BB 中軌向上（上升趨勢）,None,0.0,0.51,0.2466,,0.2466,0,6128,-0.0003,60.035,60.02,60.0,59.43,2026-07-09,3,False
CCEP,Consumer Staples,Beverages - Non-Alcoholic,BB,BB 中軌向上（上升趨勢）,None,0.0,0.51,0.2466,,0.2466,0,6128,-0.0003,106.0,105.97,105.94,104.94,2026-07-13,3,False
EDU,Consumer Staples,Education & Training Services,BB,BB 中軌向上（上升趨勢）,None,0.0,0.51,0.2466,,0.2466,0,6128,-0.0003,48.66,48.65,48.63,48.17,2026-07-13,3,False
FMX,Consumer Staples,Beverages - Brewers,BB,BB 中軌向上（上升趨勢）,None,0.0,0.51,0.2466,,0.2466,0,6128,-0.0003,129.01,128.97,128.93,127.72,2026-07-13,3,False
MICC,Consumer Staples,Packaged Foods,BB,BB 中軌向上（上升趨勢）,None,0.0,0.51,0.2466,,0.2466,0,6128,-0.0003,18.46,18.45,18.45,18.28,2026-07-13,3,False
PFGC,Consumer Staples,Food Distribution,BB,BB 中軌向上（上升趨勢）,None,0.0,0.51,0.2466,,0.2466,0,6128,-0.0003,113.31,113.28,113.24,112.18,2026-07-13,3,False
UL,Consumer Staples,Household & Personal Products,BB,BB 中軌向上（上升趨勢）,None,0.0,0.51,0.2466,,0.2466,0,6128,-0.0003,61.48,61.46,61.44,60.87,2026-07-13,3,False
EW,Health Care,Medical Devices,BB,價格在 BB 中軌上方,None,0.0,0.425,0.2466,0.2466,0.2804,219,14417,-0.0003,91.79,91.76,91.73,90.87,2026-07-13,3,False
ABEV,Consumer Staples,Beverages - Brewers,RSI,RSI 維持強勢 (50-70),None,0.0,0.51,0.2452,,0.2452,0,7574,-0.0002,3.06,3.06,3.06,3.03,2026-07-13,3,False
D,Utilities,Utilities - Regulated Electric,BB,BB 中軌向上（上升趨勢）,None,0.0,0.51,0.2449,0.2449,0.249,196,7232,0.0034,70.08,70.32,70.56,69.38,2026-07-10,3,False
AIZ,Financials,Insurance - Property & Casualty,RSI,RSI 維持強勢 (50-70),None,0.0,0.51,0.2447,0.2447,0.2842,282,19108,0.0016,279.88,280.33,280.78,277.08,2026-07-13,3,False
TTWO,Communication Services,Electronic Gaming & Multimedia,RSI,RSI 維持強勢 (50-70),None,0.0,0.51,0.2443,0.2443,0.3082,262,5205,0.0005,244.1,244.22,244.34,241.66,2026-07-13,3,False
JNJ,Health Care,Drug Manufacturers - General,RSI,RSI 維持強勢 (50-70),None,0.0,0.51,0.2436,0.2436,0.2772,234,12123,0.0055,257.77,259.19,260.61,255.19,2026-07-13,3,False
SYK,Health Care,Medical Devices,RSI,RSI 加速上升,None,0.0,0.5525,0.2434,0.2434,0.2803,152,8492,-0.0002,327.11,327.04,326.98,323.84,2026-07-09,3,False
FPS,Industrials,Electrical Equipment & Parts,KDJ,KDJ 超賣區金叉,None,0.0,0.5599999999999999,0.2433,,0.2433,0,563,0.0001,45.75,45.75,45.76,45.29,2026-07-10,3,False
AMT,Real Estate,REIT - Specialty,RSI,RSI 維持強勢 (50-70),None,0.0,0.51,0.2419,0.2419,0.2509,186,7011,-0.0,169.5,169.5,169.5,167.81,2026-07-13,3,False
ACN,Information Technology,Information Technology Services,RSI,RSI 加速上升,None,0.0,0.5525,0.24,0.24,0.3693,150,10688,-0.0042,135.23,134.66,134.09,133.88,2026-07-10,3,False
LFUS,Information Technology,Electronic Components,KDJ,KDJ 金叉,Bullish Engulfing,0.75,1.0,0.2391,,0.2391,0,92,-0.0121,415.16,410.14,405.11,411.01,2026-07-10,3,False
LH,Health Care,Diagnostics & Research,BB,價格在 BB 中軌上方,None,0.0,0.425,0.2387,0.2387,0.2804,222,14417,0.0,276.68,276.68,276.68,273.91,2026-07-13,3,False
MCK,Health Care,Medical Distribution,BB,BB 中軌向上（上升趨勢）,None,0.0,0.51,0.2377,0.2377,0.2705,265,10885,0.0036,812.28,815.2,818.13,804.16,2026-07-13,3,False
PHM,Consumer Discretionary,Residential Construction,BB,BB 中軌向上（上升趨勢）,None,0.0,0.51,0.2377,0.2377,0.2908,223,9757,-0.0017,123.75,123.54,123.33,122.51,2026-07-13,3,False
FDS,Financials,Financial Data & Stock Exchanges,BB,價格在 BB 中軌上方,None,0.0,0.425,0.2375,0.2375,0.2847,240,21689,-0.0048,263.11,261.85,260.58,260.48,2026-07-13,3,False
ITW,Industrials,Specialty Industrial Machinery,BB,價格在 BB 中軌上方,None,0.0,0.425,0.2362,0.2362,0.295,271,22337,0.0019,271.5,272.02,272.53,268.79,2026-07-13,3,False
ABT,Health Care,Medical Devices,BB,價格在 BB 中軌上方,None,0.0,0.425,0.2353,0.2353,0.2804,221,14417,-0.0011,92.11,92.01,91.91,91.19,2026-07-13,3,False
SO,Utilities,Utilities - Regulated Electric,RSI,RSI 維持強勢 (50-70),None,0.0,0.51,0.2335,0.2335,0.2471,257,8831,0.0035,96.47,96.81,97.15,95.51,2026-07-13,3,False
LOW,Consumer Discretionary,Home Improvement Retail,BB,BB 中軌向上（上升趨勢）,None,0.0,0.51,0.2333,0.2333,0.2908,210,9757,-0.0026,211.63,211.08,210.53,209.51,2026-07-10,3,False
GEHC,Health Care,Medical Devices,BB,價格在 BB 中軌上方,None,0.0,0.425,0.233,0.233,0.2804,206,14417,-0.0058,64.7,64.32,63.95,64.05,2026-07-09,3,False
SPGI,Financials,Financial Data & Stock Exchanges,BB,價格在 BB 中軌上方,None,0.0,0.425,0.2327,0.2327,0.2847,318,21689,0.0017,437.84,438.58,439.33,433.46,2026-07-13,3,False
TRV,Financials,Insurance - Property & Casualty,RSI,RSI 維持強勢 (50-70),None,0.0,0.51,0.2326,0.2326,0.2842,288,19108,0.0007,338.92,339.16,339.39,335.53,2026-07-10,3,False
WM,Industrials,Waste Management,RSI,RSI 維持強勢 (50-70),None,0.0,0.51,0.2321,0.2321,0.2986,224,19157,0.0008,236.71,236.9,237.09,234.34,2026-07-13,3,False
CTVA,Materials,Agricultural Inputs,BB,價格在 BB 中軌上方,None,0.0,0.425,0.2311,0.2311,0.2859,238,6697,-0.0041,86.07,85.72,85.36,85.21,2026-07-13,3,False
AME,Industrials,Specialty Industrial Machinery,BB,BB 中軌向上（上升趨勢）,None,0.0,0.51,0.2308,0.2308,0.2929,234,17460,0.0045,232.1,233.14,234.19,229.78,2026-07-13,3,False
ED,Utilities,Utilities - Regulated Electric,BB,BB 中軌向上（上升趨勢）,None,0.0,0.51,0.2308,0.2308,0.249,182,7232,0.002,111.82,112.04,112.27,110.7,2026-07-13,3,False
CMS,Utilities,Utilities - Regulated Electric,RSI,RSI 維持強勢 (50-70),None,0.0,0.51,0.2305,0.2305,0.2471,256,8831,0.0032,75.75,75.99,76.23,74.99,2026-07-13,3,False
REG,Real Estate,REIT - Retail,BB,BB 中軌向上（上升趨勢）,None,0.0,0.51,0.2304,0.2304,0.2647,191,5713,0.0014,79.44,79.55,79.66,78.65,2026-07-09,3,False
DE,Industrials,Farm & Heavy Construction Machinery,BB,BB 中軌向上（上升趨勢）,None,0.0,0.51,0.2293,0.2293,0.2929,157,17460,0.0007,585.64,586.05,586.46,579.78,2026-07-13,3,False
VLTO,Industrials,Pollution & Treatment Controls,BB,價格在 BB 中軌上方,None,0.0,0.425,0.2292,0.2292,0.295,253,22337,0.0002,92.91,92.93,92.95,91.98,2026-07-13,3,False
GD,Industrials,Aerospace & Defense,RSI,RSI 維持強勢 (50-70),Support,0.9,1.0,0.2281,,0.2281,0,57,-0.0022,374.6,373.78,372.95,370.85,2026-07-09,3,False
ALL,Financials,Insurance - Property & Casualty,RSI,RSI 加速上升,None,0.0,0.5525,0.2277,0.2277,0.3014,101,11488,0.0046,251.61,252.77,253.92,249.09,2026-07-10,3,False
NVR,Consumer Discretionary,Residential Construction,BB,BB 中軌向上（上升趨勢）,None,0.0,0.51,0.227,0.227,0.2908,163,9757,0.0006,6437.9902,6441.85,6445.72,6373.61,2026-07-13,3,False
EVRG,Utilities,Utilities - Regulated Electric,BB,價格在 BB 中軌上方,None,0.0,0.425,0.227,0.227,0.246,326,9864,0.0026,86.45,86.67,86.9,85.59,2026-07-13,3,False
DHR,Health Care,Diagnostics & Research,BB,價格在 BB 中軌上方,None,0.0,0.425,0.2267,0.2267,0.2804,247,14417,-0.002,199.05,198.65,198.25,197.06,2026-07-10,3,False
HD,Consumer Discretionary,Home Improvement Retail,BB,價格在 BB 中軌上方,None,0.0,0.425,0.2266,0.2266,0.2984,256,12430,0.0015,343.3,343.81,344.33,339.87,2026-07-10,3,False
UDR,Real Estate,REIT - Residential,BB,BB 中軌向上（上升趨勢）,None,0.0,0.51,0.226,0.226,0.2647,146,5713,0.0028,40.18,40.29,40.41,39.78,2026-07-13,3,False
ECL,Materials,Specialty Chemicals,RSI,RSI 維持強勢 (50-70),None,0.0,0.51,0.2254,0.2254,0.286,284,5721,0.003,274.31,275.13,275.96,271.57,2026-07-10,3,False
CLX,Consumer Staples,Household & Personal Products,BB,價格在 BB 中軌上方,None,0.0,0.425,0.2245,0.2245,0.2432,196,8891,-0.0034,96.56,96.23,95.9,95.59,2026-07-10,3,False
AFL,Financials,Insurance - Life,MACD,MACD 突破 0 軸,None,0.0,0.595,0.2222,0.2222,0.3301,9,618,0.0037,123.3,123.76,124.21,122.07,2026-07-13,3,False
MDLZ,Consumer Staples,Confectioners,KDJ,KDJ 金叉,None,0.0,0.5525,0.2222,0.2222,0.2503,18,779,0.0046,59.86,60.14,60.41,59.26,2026-07-13,3,False
XYL,Industrials,Specialty Industrial Machinery,BB,價格在 BB 中軌上方,None,0.0,0.425,0.2203,0.2203,0.295,295,22337,0.0025,121.21,121.51,121.82,120.0,2026-07-13,3,False
MAA,Real Estate,REIT - Residential,BB,BB 中軌向上（上升趨勢）,None,0.0,0.51,0.2169,0.2169,0.2647,166,5713,-0.0021,136.0,135.71,135.43,134.64,2026-07-09,3,False
CB,Financials,Insurance - Property & Casualty,RSI,RSI 動能加速（強勢區）,None,0.0,0.51,0.2143,0.2143,0.279,42,3129,0.0031,354.74,355.84,356.94,351.19,2026-07-13,3,False
SBUX,Consumer Discretionary,Restaurants,RSI,RSI 動能加速（強勢區）,None,0.0,0.51,0.2143,0.2143,0.3027,28,1665,-0.0021,106.41,106.19,105.96,105.35,2026-07-09,3,False
WST,Health Care,Medical Instruments & Supplies,BB,BB 中軌向上（上升趨勢）,None,0.0,0.51,0.2086,0.2086,0.2705,187,10885,-0.0036,359.7,358.41,357.11,356.1,2026-07-13,3,False
AEE,Utilities,Utilities - Regulated Electric,RSI,RSI 維持強勢 (50-70),None,0.0,0.51,0.2058,0.2058,0.2471,311,8831,-0.0002,113.43,113.41,113.38,112.3,2026-07-13,3,False
GIS,Consumer Staples,Packaged Foods,BB,BB 中軌向上（上升趨勢）,None,0.0,0.51,0.2043,0.2043,0.2466,93,6128,-0.0045,36.6,36.44,36.27,36.23,2026-07-13,3,False
VZ,Communication Services,Telecom Services,RSI,RSI 加速上升,None,0.0,0.5525,0.2028,0.2028,0.3116,143,3322,-0.001,42.68,42.64,42.59,42.25,2026-07-13,3,False
SUI,Real Estate,REIT - Residential,MACD,MACD 金叉 (空頭區),None,0.0,0.42,0.2026,,0.2026,0,380,-0.0032,120.8,120.41,120.03,119.59,2026-07-13,3,False
MRK,Health Care,Drug Manufacturers - General,RSI,RSI 維持強勢 (50-70),None,0.0,0.51,0.2017,0.2017,0.2772,233,12123,-0.0043,124.03,123.5,122.96,122.79,2026-07-13,3,False
VRSK,Industrials,Consulting Services,RSI,RSI 維持強勢 (50-70),None,0.0,0.51,0.2016,0.2016,0.2986,248,19157,-0.0014,193.73,193.46,193.19,191.79,2026-07-13,3,False
GPC,Consumer Discretionary,Auto Parts,BB,價格在 BB 中軌上方,None,0.0,0.425,0.2,0.2,0.2984,245,12430,-0.0088,123.52,122.43,121.35,122.28,2026-07-13,3,False
NI,Utilities,Utilities - Regulated Gas,BB,BB 中軌向上（上升趨勢）,None,0.0,0.51,0.1992,0.1992,0.249,266,7232,0.0005,46.66,46.68,46.71,46.19,2026-07-09,3,False
BDX,Health Care,Medical Instruments & Supplies,BB,BB 中軌向上（上升趨勢）,None,0.0,0.51,0.1948,0.1948,0.2705,154,10885,-0.0017,153.83,153.57,153.31,152.29,2026-07-13,3,False
ATO,Utilities,Utilities - Regulated Gas,RSI,RSI 加速上升,None,0.0,0.5525,0.1946,0.1946,0.2565,149,4905,0.0012,176.2,176.41,176.62,174.44,2026-07-10,3,False
SNA,Industrials,Tools & Accessories,BB,BB 中軌向上（上升趨勢）,None,0.0,0.51,0.1944,0.1944,0.2929,216,17460,0.0,401.11,401.11,401.11,397.1,2026-07-13,3,False
PPLC,Utilities,Utilities - Regulated Electric,BB,價格在 BB 中軌上方,Morning Star,0.8,0.924,0.1942,,0.1942,0,139,0.0026,48.67,48.8,48.92,48.18,2026-07-13,3,False
SOMN,Utilities,Utilities - Regulated Electric,BB,價格在 BB 中軌上方,Morning Star,0.8,0.924,0.1942,,0.1942,0,139,0.0026,50.25,50.38,50.51,49.75,2026-07-13,3,False
PNW,Utilities,Utilities - Regulated Electric,BB,BB 中軌向上（上升趨勢）,None,0.0,0.51,0.1913,0.1913,0.249,183,7232,0.0008,108.63,108.72,108.8,107.54,2026-07-13,3,False
TYL,Information Technology,Software - Application,BB,BB 中軌向上（上升趨勢）,None,0.0,0.51,0.1911,0.1911,0.3639,157,16781,-0.0,314.22,314.22,314.22,311.08,2026-07-13,3,False
LNT,Utilities,Utilities - Regulated Electric,RSI,RSI 維持強勢 (50-70),None,0.0,0.51,0.1906,0.1906,0.2471,278,8831,0.0008,76.63,76.69,76.75,75.86,2026-07-13,3,False
AON,Financials,Insurance Brokers,BB,價格在 BB 中軌上方,None,0.0,0.425,0.1869,0.1869,0.2847,289,21689,-0.0042,367.35,365.81,364.26,363.68,2026-07-13,3,False
TAP,Consumer Staples,Beverages - Brewers,KDJ,KDJ 金叉,None,0.0,0.5525,0.1818,0.1818,0.2503,22,779,-0.0063,39.88,39.63,39.38,39.48,2026-07-13,3,False
SPG,Real Estate,REIT - Retail,RSI,RSI 維持強勢 (50-70),None,0.0,0.51,0.1805,0.1805,0.2509,277,7011,-0.0007,219.49,219.34,219.18,217.3,2026-07-13,3,False
CHD,Consumer Staples,Household & Personal Products,RSI,RSI 上穿 50 中性線,None,0.0,0.4675,0.1765,0.1765,0.2565,34,928,-0.0016,97.16,97.0,96.85,96.19,2026-07-13,3,False
ROP,Information Technology,Software - Application,RSI,RSI 動能加速（強勢區）,None,0.0,0.51,0.1714,0.1714,0.366,35,2885,-0.0025,360.59,359.69,358.79,356.98,2026-07-13,3,False
LYB,Materials,Specialty Chemicals,BB,價格在 BB 中軌上方,None,0.0,0.425,0.17,0.17,0.2859,253,6697,-0.0091,58.32,57.79,57.26,57.74,2026-07-13,3,False
PG,Consumer Staples,Household & Personal Products,BB,BB 中軌向上（上升趨勢）,None,0.0,0.51,0.1677,0.1677,0.2466,161,6128,-0.0001,146.85,146.84,146.82,145.38,2026-07-09,3,False
WTW,Financials,Insurance Brokers,BB,價格在 BB 中軌上方,None,0.0,0.425,0.1646,0.1646,0.2847,316,21689,-0.0024,295.55,294.84,294.13,292.59,2026-07-13,3,False
MRSH,Financials,Insurance Brokers,RSI,RSI 維持強勢 (50-70),Consolidation Breakout,0.73,1.0,0.1628,0.1628,0.2725,43,1479,-0.0069,181.53,180.28,179.02,179.71,2026-07-13,3,False
MCD,Consumer Discretionary,Restaurants,RSI,RSI 加速上升,None,0.0,0.5525,0.1538,0.1538,0.3117,156,6796,-0.0029,276.49,275.69,274.89,273.73,2026-07-09,3,False
COST,Consumer Staples,Discount Stores,BB,BB 跌破下軌 (超賣),None,0.0,0.45499999999999996,0.1111,0.1111,0.2667,9,705,-0.01,912.97,903.84,894.71,903.84,2026-07-09,3,False
TPR,Consumer Discretionary,Luxury Goods,BB,BB 跌破下軌 (超賣),None,0.0,0.45499999999999996,0.0909,0.0909,0.2974,11,733,-0.0154,136.13,134.03,131.94,134.77,2026-07-13,3,False
