symbol,sector,subsector,indicator,signal,pattern,pattern_conf,confidence,win_rate,win_rate_stock,win_rate_sector,stock_n,sector_n,avg_return,price,tp1_price,tp2_price,sl_price,date,tier,volume_confirmed
AEIS,Industrials,Electrical Equipment & Parts,BB,價格在 BB 中軌上方,Bullish Engulfing,0.75,1.0,0.6667,,0.6667,0,18,0.0284,296.38,304.8,313.21,293.42,2026-08-03,1,True
AME,Industrials,Specialty Industrial Machinery,RSI,RSI 維持強勢 (50-70),Bullish Engulfing,0.75,1.0,0.6667,,0.6667,0,18,0.0284,243.77,250.69,257.62,241.33,2026-08-03,1,True
PCAR,Industrials,Farm & Heavy Construction Machinery,RSI,RSI 維持強勢 (50-70),Bullish Engulfing,0.75,1.0,0.6667,,0.6667,0,18,0.0284,132.06,135.81,139.56,130.74,2026-08-03,1,True
CTVA,Materials,Agricultural Inputs,BB,BB 跌破下軌 (超賣),Bullish Engulfing,0.75,1.0,0.625,,0.625,0,8,0.0516,76.04,79.96,83.89,75.28,2026-08-03,1,True
POWL,Industrials,Electrical Equipment & Parts,RSI,RSI 加速上升,Bullish Engulfing,0.75,1.0,0.625,,0.625,0,8,0.0139,219.72,222.77,225.83,217.52,2026-08-03,1,True
ICLR,Health Care,Diagnostics & Research,BB,BB 跌破下軌 (超賣),Morning Star,0.8,1.0,0.5692,,0.5692,0,65,0.0244,156.85,160.68,164.5,155.28,2026-08-04,1,False
EXPD,Industrials,Integrated Freight & Logistics,BB,BB 中軌向上（上升趨勢）,Morning Star,0.8,1.0,0.5385,,0.5385,0,13,0.0388,170.59,177.21,183.83,168.88,2026-08-03,1,True
WYNN,Consumer Discretionary,Resorts & Casinos,BB,BB 中軌向上（上升趨勢）,None,0.0,0.51,0.8333,0.8333,0.3934,6,427,0.0904,101.15,110.29,119.44,100.14,2026-08-05,2,True
FICO,Information Technology,Software - Application,BB,BB 跌破下軌 (超賣),None,0.0,0.45499999999999996,0.8333,0.8333,0.4474,6,456,0.0693,1045.46,1117.91,1190.36,1035.01,2026-08-03,2,True
PLTR,Information Technology,Software - Infrastructure,MACD,MACD 金叉 (多頭區),None,0.0,0.68,0.8,0.8,0.45,5,100,0.0533,162.66,171.33,180.0,161.03,2026-08-04,2,True
AMD,Information Technology,Semiconductors,RSI,RSI 維持強勢 (50-70),None,0.0,0.51,0.7778,0.7778,0.4471,9,747,0.0879,518.58,564.16,609.75,513.39,2026-08-04,2,True
TJX,Consumer Discretionary,Apparel Retail,BB,價格在 BB 中軌上方,Morning Star,0.8,0.924,0.7,0.7,0.4444,10,261,0.0239,159.92,163.74,167.56,158.32,2026-08-05,2,False
FOXA,Communication Services,Entertainment,BB,BB 中軌向上（上升趨勢）,None,0.0,0.51,0.6667,0.6667,0.3881,12,268,-0.0008,58.68,58.63,58.59,58.09,2026-08-05,2,True
NI,Utilities,Utilities - Regulated Gas,BB,BB 跌破下軌 (超賣),None,0.0,0.45499999999999996,0.6667,0.6667,0.4097,6,144,0.0279,42.91,44.11,45.3,42.48,2026-08-05,2,True
CDW,Information Technology,Information Technology Services,RSI,RSI 維持強勢 (50-70),None,0.0,0.51,0.625,0.625,0.4471,8,747,0.037,140.1,145.28,150.47,138.7,2026-08-05,2,True
FSLR,Information Technology,Solar,BB,價格在 BB 中軌上方,None,0.0,0.425,0.6154,0.6154,0.4327,13,1188,0.0134,243.63,246.89,250.16,241.19,2026-08-04,2,True
PH,Industrials,Specialty Industrial Machinery,RSI,RSI 維持強勢 (50-70),None,0.0,0.51,0.6,0.6,0.3579,10,746,0.0227,996.9,1019.53,1042.16,986.93,2026-08-05,2,True
RL,Consumer Discretionary,Apparel Manufacturing,BB,價格在 BB 中軌上方,None,0.0,0.425,0.6,0.6,0.4026,10,529,0.0485,380.78,399.25,417.72,376.97,2026-08-05,2,True
DVA,Health Care,Medical Care Facilities,BB,BB 跌破下軌 (超賣),None,0.0,0.45499999999999996,0.5714,0.5714,0.3173,7,375,0.0078,188.69,190.16,191.63,186.8,2026-08-05,2,True
AMZN,Consumer Discretionary,Internet Retail,BB,BB 中軌向上（上升趨勢）,None,0.0,0.51,0.5556,0.5556,0.3934,9,427,0.031,284.02,292.82,301.63,281.18,2026-08-03,2,True
FFIV,Information Technology,Software - Infrastructure,RSI,RSI 維持強勢 (50-70),None,0.0,0.51,0.5294,0.5294,0.4471,17,747,0.0225,406.35,415.49,424.64,402.29,2026-08-03,2,True
DIS,Communication Services,Entertainment,MACD,MACD 突破 0 軸,None,0.0,0.595,0.5238,,0.5238,0,21,0.0053,101.76,102.3,102.84,100.74,2026-08-05,2,True
ANET,Information Technology,Computer Hardware,RSI,RSI 加速上升,None,0.0,0.5525,0.5,0.5,0.4113,6,851,0.0236,197.31,201.97,206.62,195.34,2026-08-05,2,True
IT,Information Technology,Information Technology Services,RSI,RSI 加速上升,None,0.0,0.5525,0.5,0.5,0.4113,6,851,0.0052,185.79,186.76,187.72,183.93,2026-08-04,2,True
COR,Health Care,Medical Distribution,BB,BB 中軌向上（上升趨勢）,None,0.0,0.51,0.5,0.5,0.3402,18,579,0.014,306.28,310.57,314.86,303.22,2026-08-04,2,True
EXPE,Consumer Discretionary,Travel Services,BB,BB 中軌向上（上升趨勢）,None,0.0,0.51,0.5,0.5,0.3934,6,427,0.0247,319.66,327.56,335.45,316.46,2026-08-05,2,True
NWSA,Communication Services,Entertainment,RSI,RSI 維持強勢 (50-70),None,0.0,0.51,0.5,0.5,0.4128,10,235,0.0059,28.59,28.76,28.93,28.3,2026-08-04,2,True
ZBH,Health Care,Medical Devices,RSI,RSI 維持強勢 (50-70),None,0.0,0.51,0.5,0.5,0.3606,8,502,0.0268,98.16,100.79,103.42,97.18,2026-08-05,2,True
SRE,Utilities,Utilities - Diversified,BB,BB 跌破下軌 (超賣),None,0.0,0.45499999999999996,0.5,0.5,0.4097,6,144,0.0428,86.65,90.36,94.07,85.78,2026-08-04,2,True
GILD,Health Care,Drug Manufacturers - General,BB,價格在 BB 中軌上方,None,0.0,0.425,0.5,0.5,0.365,6,715,0.0189,135.25,137.81,140.36,133.9,2026-08-04,2,True
SBAC,Real Estate,REIT - Specialty,BB,價格在 BB 中軌上方,None,0.0,0.425,0.5,0.5,0.3248,6,311,0.0267,187.9,192.92,197.93,186.02,2026-08-04,2,True
ENB,Energy,Oil & Gas Midstream,BB,BB 跌破下軌 (超賣),None,0.0,0.45499999999999996,0.4815,,0.4815,0,81,0.0139,51.94,52.66,53.38,51.42,2026-08-05,2,True
INSM,Health Care,Biotechnology,KDJ,KDJ 超賣區金叉,None,0.0,0.5599999999999999,0.48,,0.48,0,25,0.0086,98.75,99.6,100.45,97.76,2026-08-04,2,True
ZBRA,Information Technology,Communication Equipment,RSI,RSI 加速上升,None,0.0,0.5525,0.4667,0.4667,0.4113,15,851,-0.0025,368.99,368.07,367.15,365.3,2026-08-05,2,True
BN,Financials,Asset Management,MACD,MACD 金叉 (空頭區),None,0.0,0.42,0.4667,,0.4667,0,30,0.003,43.53,43.66,43.79,43.09,2026-08-03,2,True
RVTY,Health Care,Diagnostics & Research,RSI,RSI 加速上升,None,0.0,0.5525,0.4615,0.4615,0.3667,13,559,0.0015,115.22,115.39,115.57,114.07,2026-08-03,2,True
SHOP,Information Technology,Software - Application,KDJ,KDJ 金叉,None,0.0,0.5525,0.4606,,0.4606,0,165,0.01,144.24,145.68,147.12,142.8,2026-08-05,2,True
STRD,Information Technology,Software - Application,KDJ,KDJ 金叉,None,0.0,0.5525,0.4606,,0.4606,0,165,0.01,59.59,60.19,60.78,58.99,2026-08-03,2,True
STRK,Information Technology,Software - Application,KDJ,KDJ 金叉,None,0.0,0.5525,0.4606,,0.4606,0,165,0.01,63.2,63.83,64.46,62.57,2026-08-04,2,True
W,Consumer Discretionary,Internet Retail,MACD,MACD 金叉 (多頭區),None,0.0,0.68,0.4524,,0.4524,0,42,0.0084,116.08,117.06,118.03,114.92,2026-08-04,2,True
CRL,Health Care,Diagnostics & Research,MACD,MACD 金叉 (多頭區),None,0.0,0.68,0.451,,0.451,0,51,0.0047,260.72,261.95,263.17,258.11,2026-08-05,2,True
KSPI,Information Technology,Software - Infrastructure,MACD,MACD 金叉 (多頭區),None,0.0,0.68,0.45,,0.45,0,100,0.0204,92.0,93.88,95.75,91.08,2026-08-03,2,True
PHM,Consumer Discretionary,Residential Construction,RSI,RSI 維持強勢 (50-70),Morning Star,0.8,1.0,1.0,1.0,0.4226,9,265,0.0574,131.68,139.24,146.8,130.36,2026-08-04,3,False
MTZ,Industrials,Engineering & Construction,BB,BB 跌破下軌 (超賣),Support,0.7,0.99,1.0,,1.0,0,8,0.07,261.22,279.51,297.79,258.61,2026-08-03,3,False
SLB,Energy,Oil & Gas Equipment & Services,BB,BB 中軌向上（上升趨勢）,Morning Star,0.8,1.0,0.8333,0.8333,0.5571,6,70,0.0405,49.31,51.31,53.3,48.82,2026-08-03,3,False
NCLH,Consumer Discretionary,Travel Services,MACD,MACD 金叉 (多頭區),None,0.0,0.68,0.8333,0.8333,0.37,6,273,0.0409,20.3,21.13,21.96,20.1,2026-08-05,3,False
TSN,Consumer Staples,Farm Products,KDJ,KDJ 金叉,Support,0.9,1.0,0.8,,,0,0,0.0149,59.61,60.5,61.39,59.01,2026-08-03,3,True
EL,Consumer Staples,Household & Personal Products,BB,價格在 BB 中軌上方,Bullish Engulfing,0.75,0.9075,0.8,0.8,0.3836,5,146,0.0383,86.97,90.3,93.63,86.1,2026-08-04,3,False
JPM,Financials,Banks - Diversified,MACD,MACD 金叉 (多頭區),None,0.0,0.68,0.8,0.8,0.2747,5,517,0.0127,359.24,363.8,368.36,355.65,2026-08-05,3,False
EIX,Utilities,Utilities - Regulated Electric,BB,BB 跌破下軌 (超賣),None,0.0,0.45499999999999996,0.8,0.8,0.4104,5,441,0.0323,68.32,70.53,72.73,67.64,2026-08-05,3,False
DELL,Information Technology,Computer Hardware,RSI,RSI 維持強勢 (50-70),Bullish Engulfing,0.75,1.0,0.75,0.75,0.3353,8,340,0.0516,429.02,451.16,473.29,424.73,2026-08-03,3,False
COHR,Information Technology,Scientific & Technical Instruments,MACD,MACD 金叉 (空頭區),None,0.0,0.42,0.75,0.75,0.3767,8,754,0.0198,323.73,330.14,336.55,320.49,2026-08-04,3,False
GNRC,Industrials,Specialty Industrial Machinery,MACD,MACD 金叉 (空頭區),None,0.0,0.42,0.75,0.75,0.3303,8,875,0.0574,218.63,231.18,243.73,216.44,2026-08-04,3,False
CIEN,Information Technology,Communication Equipment,RSI,RSI 上穿 50 中性線,None,0.0,0.4675,0.7222,0.7222,0.3785,18,1593,0.0476,411.13,430.7,450.27,407.02,2026-08-04,3,False
NEM,Materials,Gold,RSI,RSI 上穿 50 中性線,None,0.0,0.4675,0.7143,0.7143,0.3294,21,595,0.0266,95.37,97.91,100.44,94.42,2026-08-03,3,False
WDC,Information Technology,Computer Hardware,RSI,RSI 上穿 50 中性線,None,0.0,0.4675,0.7,0.7,0.3785,20,1593,0.0721,548.56,588.11,627.66,543.07,2026-08-04,3,False
AVGO,Information Technology,Semiconductors,MACD,MACD 突破 0 軸,None,0.0,0.595,0.6667,0.6667,0.4064,6,529,0.0155,418.16,424.64,431.12,413.98,2026-08-04,3,False
TT,Industrials,Building Products & Equipment,KDJ,KDJ 金叉,None,0.0,0.5525,0.6667,0.6667,0.3223,15,2110,0.0317,472.24,487.21,502.18,467.52,2026-08-04,3,False
CVNA,Consumer Discretionary,Auto & Truck Dealerships,RSI,RSI 上穿 50 中性線,None,0.0,0.4675,0.6667,0.6667,0.3072,24,1123,0.0719,66.13,70.88,75.64,65.47,2026-08-03,3,False
MU,Information Technology,Semiconductors,KDJ,KDJ 金叉,None,0.0,0.5525,0.6552,0.6552,0.3918,29,1955,0.0307,892.67,920.07,947.48,883.74,2026-08-04,3,False
SNDK,Information Technology,Computer Hardware,RSI,RSI 加速上升,None,0.0,0.5525,0.6429,0.6429,0.3693,84,10688,0.089,1350.5,1470.69,1590.89,1336.99,2026-08-05,3,False
CDNS,Information Technology,Software - Application,MACD,MACD 金叉 (空頭區),None,0.0,0.42,0.6364,0.6364,0.3767,11,754,0.0325,340.62,351.69,362.76,337.21,2026-08-04,3,False
Q,Information Technology,Semiconductor Equipment & Materials,RSI,RSI 上穿 50 中性線,None,0.0,0.4675,0.625,0.625,0.3785,8,1593,0.0393,141.67,147.24,152.81,140.25,2026-08-04,3,False
TXN,Information Technology,Semiconductors,KDJ,KDJ 金叉,None,0.0,0.5525,0.6154,0.6154,0.3918,13,1955,0.0201,283.63,289.33,295.03,280.79,2026-08-04,3,False
AKAM,Information Technology,Software - Infrastructure,RSI,RSI 上穿 50 中性線,None,0.0,0.4675,0.6154,0.6154,0.3785,13,1593,0.0355,117.88,122.06,126.25,116.7,2026-08-03,3,False
PNC,Financials,Banks - Regional,BB,價格在 BB 中軌上方,Morning Star,0.8,0.924,0.6,0.6,0.3937,5,348,0.0188,251.72,256.45,261.18,249.2,2026-08-03,3,False
AXP,Financials,Credit Services,MACD,MACD 突破 0 軸,None,0.0,0.595,0.6,0.6,0.3301,5,618,0.0337,346.71,358.39,370.08,343.24,2026-08-04,3,False
FCX,Materials,Copper,MACD,MACD 突破 0 軸,None,0.0,0.595,0.6,0.6,0.2326,10,215,0.0324,67.3,69.48,71.66,66.63,2026-08-04,3,False
GLW,Information Technology,Electronic Components,MACD,MACD 金叉 (空頭區),None,0.0,0.42,0.6,0.6,0.3767,10,754,0.0281,159.89,164.38,168.88,158.29,2026-08-04,3,False
NEE,Utilities,Utilities - Regulated Electric,BB,BB 跌破下軌 (超賣),None,0.0,0.45499999999999996,0.5789,0.5789,0.4104,19,441,0.0186,85.91,87.51,89.11,85.05,2026-08-05,3,False
D,Utilities,Utilities - Regulated Electric,BB,BB 跌破下軌 (超賣),Bullish Engulfing,0.75,1.0,0.5714,,0.5714,0,7,0.0336,68.75,71.06,73.37,68.06,2026-08-03,3,False
ED,Utilities,Utilities - Regulated Electric,BB,BB 跌破下軌 (超賣),Bullish Engulfing,0.75,1.0,0.5714,,0.5714,0,7,0.0336,107.95,111.58,115.2,106.87,2026-08-03,3,False
EME,Industrials,Engineering & Construction,MACD,MACD 突破 0 軸,None,0.0,0.595,0.5714,0.5714,0.2912,7,570,0.0319,822.16,848.39,874.61,813.94,2026-08-05,3,False
AMAT,Information Technology,Semiconductor Equipment & Materials,RSI,RSI 上穿 50 中性線,None,0.0,0.4675,0.5652,0.5652,0.3785,23,1593,0.0388,546.62,567.83,589.04,541.15,2026-08-04,3,False
LITE,Information Technology,Communication Equipment,RSI,RSI 維持強勢 (50-70),None,0.0,0.51,0.5625,0.5625,0.3645,240,16764,0.0391,826.26,858.57,890.87,818.0,2026-08-05,3,False
HD,Consumer Discretionary,Home Improvement Retail,MACD,MACD 突破 0 軸,Morning Star,0.8,1.0,0.5455,,,0,0,0.0313,340.02,350.66,361.31,336.62,2026-08-03,3,False
OMC,Communication Services,Advertising Agencies,KDJ,KDJ 金叉,None,0.0,0.5525,0.5385,0.5385,0.3345,13,550,0.0108,81.71,82.59,83.47,80.89,2026-08-05,3,False
NVDA,Information Technology,Semiconductors,MACD,MACD 金叉 (空頭區),None,0.0,0.42,0.5385,0.5385,0.3767,13,754,0.0135,211.94,214.8,217.66,209.82,2026-08-04,3,False
CRWD,Information Technology,Software - Infrastructure,RSI,RSI 加速上升,None,0.0,0.5525,0.5369,0.5369,0.3693,149,10688,0.0259,209.86,215.3,220.73,207.76,2026-08-05,3,False
CLX,Consumer Staples,Household & Personal Products,BB,BB 中軌向上（上升趨勢）,Consolidation Breakout,0.73,1.0,0.5333,0.5333,0.2105,15,779,0.0122,105.84,107.13,108.42,104.78,2026-08-05,3,False
HBAN,Financials,Banks - Regional,RSI,RSI 上穿 50 中性線,None,0.0,0.4675,0.5333,0.5333,0.3091,15,1899,0.013,17.56,17.79,18.02,17.38,2026-08-04,3,False
STX,Information Technology,Computer Hardware,RSI,RSI 加速上升,None,0.0,0.5525,0.5298,0.5298,0.3693,168,10688,0.0293,837.66,862.2,886.75,829.28,2026-08-05,3,False
DDOG,Information Technology,Software - Application,RSI,RSI 動能加速（強勢區）,None,0.0,0.51,0.5263,0.5263,0.366,38,2885,0.0304,288.15,296.91,305.67,285.27,2026-08-04,3,False
USFD,Consumer Staples,Food Distribution,BB,價格在 BB 中軌上方,Morning Star,0.8,0.924,0.5252,,0.5252,0,139,0.0212,100.49,102.62,104.75,99.49,2026-08-05,3,False
ITT,Industrials,Specialty Industrial Machinery,BB,BB 中軌向上（上升趨勢）,Morning Star,0.8,1.0,0.5233,,0.5233,0,407,0.0228,198.44,202.96,207.49,196.46,2026-08-03,3,False
TER,Information Technology,Semiconductor Equipment & Materials,RSI,RSI 維持強勢 (50-70),None,0.0,0.51,0.5094,0.5094,0.3645,265,16764,0.0273,389.39,400.02,410.65,385.5,2026-08-05,3,False
TAP,Consumer Staples,Beverages - Brewers,RSI,RSI 維持強勢 (50-70),Bullish Engulfing,0.75,1.0,0.5,0.5,0.4118,6,136,0.0038,42.29,42.45,42.61,41.87,2026-08-04,3,False
DHI,Consumer Discretionary,Residential Construction,BB,價格在 BB 中軌上方,Morning Star,0.8,0.924,0.5,0.5,0.4444,6,261,0.0326,150.37,155.27,160.17,148.87,2026-08-04,3,False
GEV,Industrials,Specialty Industrial Machinery,RSI,RSI 加速上升,None,0.0,0.5525,0.5,0.5,0.2981,130,11545,0.0157,1017.96,1033.94,1049.92,1007.78,2026-08-05,3,False
HON,Industrials,Conglomerates,KDJ,KDJ 金叉,None,0.0,0.5525,0.5,0.5,0.3223,16,2110,0.0166,248.79,252.92,257.05,246.3,2026-08-04,3,False
LUV,Industrials,Airlines,KDJ,KDJ 金叉,None,0.0,0.5525,0.5,0.5,0.3223,14,2110,0.0116,47.07,47.62,48.16,46.6,2026-08-03,3,False
MGM,Consumer Discretionary,Resorts & Casinos,KDJ,KDJ 金叉,None,0.0,0.5525,0.5,0.5,0.3183,18,1244,0.0272,45.72,46.96,48.21,45.26,2026-08-04,3,False
SOLV,Health Care,Medical Instruments & Supplies,RSI,RSI 加速上升,None,0.0,0.5525,0.5,0.5,0.2803,74,8492,0.0161,88.07,89.49,90.91,87.19,2026-08-03,3,False
STLD,Materials,Steel,KDJ,KDJ 金叉,None,0.0,0.5525,0.5,0.5,0.314,18,637,0.0154,265.1,269.18,273.27,262.45,2026-08-04,3,False
IRM,Real Estate,REIT - Specialty,RSI,RSI 上穿 50 中性線,None,0.0,0.4675,0.5,0.5,0.2311,14,818,0.0187,124.08,126.4,128.72,122.84,2026-08-03,3,False
FIX,Industrials,Engineering & Construction,MACD,MACD 金叉 (空頭區),None,0.0,0.42,0.5,0.5,0.3303,6,875,0.0098,1770.96,1788.32,1805.67,1753.25,2026-08-03,3,False
ADI,Information Technology,Semiconductors,BB,BB 中軌向上（上升趨勢）,Morning Star,0.8,1.0,0.4841,,0.4841,0,471,0.0267,380.29,390.44,400.6,376.49,2026-08-04,3,False
CAT,Industrials,Farm & Heavy Construction Machinery,KDJ,KDJ 金叉,None,0.0,0.5525,0.4815,0.4815,0.3223,27,2110,0.0154,830.03,842.81,855.59,821.73,2026-08-03,3,False
SYF,Financials,Credit Services,RSI,RSI 加速上升,None,0.0,0.5525,0.4749,0.4749,0.3014,179,11488,0.0133,79.25,80.3,81.36,78.46,2026-08-05,3,False
CARR,Industrials,Building Products & Equipment,KDJ,KDJ 金叉,None,0.0,0.5525,0.4737,0.4737,0.3223,19,2110,-0.0008,65.69,65.64,65.58,65.03,2026-08-04,3,False
VRT,Industrials,Electrical Equipment & Parts,RSI,RSI 加速上升,None,0.0,0.5525,0.4734,0.4734,0.2981,188,11545,0.0049,277.94,279.3,280.66,275.16,2026-08-05,3,False
BA,Industrials,Aerospace & Defense,RSI,RSI 加速上升,None,0.0,0.5525,0.473,0.473,0.2981,148,11545,0.0097,237.16,239.46,241.76,234.79,2026-08-04,3,False
DE,Industrials,Farm & Heavy Construction Machinery,RSI,RSI 維持強勢 (50-70),Morning Star,0.8,1.0,0.4725,,0.4725,0,436,0.0182,617.37,628.61,639.84,611.2,2026-08-04,3,False
OC,Industrials,Building Products & Equipment,RSI,RSI 維持強勢 (50-70),Morning Star,0.8,1.0,0.4725,,0.4725,0,436,0.0182,143.21,145.82,148.42,141.78,2026-08-03,3,False
SUNB,Industrials,Rental & Leasing Services,RSI,RSI 維持強勢 (50-70),Morning Star,0.8,1.0,0.4725,,0.4725,0,436,0.0182,75.07,76.44,77.8,74.32,2026-08-03,3,False
WMS,Industrials,Building Products & Equipment,RSI,RSI 維持強勢 (50-70),Morning Star,0.8,1.0,0.4725,,0.4725,0,436,0.0182,145.15,147.79,150.43,143.7,2026-08-03,3,False
META,Communication Services,Internet Content & Information,RSI,RSI 加速上升,None,0.0,0.5525,0.471,0.471,0.3116,155,3322,0.0106,588.77,595.01,601.25,582.88,2026-08-05,3,False
CL,Consumer Staples,Household & Personal Products,RSI,RSI 上穿 50 中性線,Bullish Engulfing,0.75,0.9735000000000001,0.4667,,0.4667,0,30,0.0138,92.53,93.81,95.08,91.6,2026-08-04,3,False
KVUE,Consumer Staples,Household & Personal Products,RSI,RSI 上穿 50 中性線,Bullish Engulfing,0.75,0.9735000000000001,0.4667,,0.4667,0,30,0.0138,19.55,19.82,20.09,19.35,2026-08-04,3,False
PG,Consumer Staples,Household & Personal Products,RSI,RSI 上穿 50 中性線,Bullish Engulfing,0.75,0.9735000000000001,0.4667,,0.4667,0,30,0.0138,148.01,150.05,152.1,146.53,2026-08-04,3,False
EW,Health Care,Medical Devices,MACD,MACD 金叉 (空頭區),None,0.0,0.42,0.4667,0.4667,0.2741,15,686,0.0135,88.82,90.02,91.22,87.93,2026-08-03,3,False
HWM,Industrials,Aerospace & Defense,RSI,RSI 加速上升,None,0.0,0.5525,0.4636,0.4636,0.2981,151,11545,0.0234,291.42,298.24,305.06,288.51,2026-08-05,3,False
RCL,Consumer Discretionary,Travel Services,RSI,RSI 維持強勢 (50-70),None,0.0,0.51,0.4618,0.4618,0.2995,262,10441,0.0148,327.42,332.27,337.11,324.15,2026-08-05,3,False
SW,Consumer Discretionary,Packaging & Containers,BB,BB 中軌向上（上升趨勢）,Morning Star,0.8,1.0,0.4599,,0.4599,0,237,0.0144,48.52,49.22,49.92,48.03,2026-08-04,3,False
GS,Financials,Capital Markets,RSI,RSI 上穿 50 中性線,None,0.0,0.4675,0.4583,0.4583,0.3091,24,1899,0.008,1052.98,1061.4,1069.83,1042.45,2026-08-04,3,False
JBL,Information Technology,Electronic Components,RSI,RSI 加速上升,None,0.0,0.5525,0.4566,0.4566,0.3693,173,10688,0.0157,338.62,343.94,349.25,335.23,2026-08-05,3,False
HOOD,Financials,Capital Markets,KDJ,KDJ 超賣區金叉,Morning Star,0.8,1.0,0.4565,,0.4565,0,46,0.0117,90.34,91.4,92.45,89.44,2026-08-03,3,False
DOV,Industrials,Specialty Industrial Machinery,MACD,MACD 金叉 (空頭區),None,0.0,0.42,0.4545,0.4545,0.3303,11,875,0.0069,209.93,211.38,212.83,207.83,2026-08-04,3,False
WSM,Consumer Discretionary,Specialty Retail,RSI,RSI 加速上升,None,0.0,0.5525,0.4532,0.4532,0.3117,139,6796,0.0124,248.24,251.32,254.4,245.76,2026-08-05,3,False
IBKR,Financials,Capital Markets,RSI,RSI 加速上升,None,0.0,0.5525,0.4504,0.4504,0.3014,131,11488,0.0104,88.74,89.66,90.59,87.85,2026-08-05,3,False
NOW,Information Technology,Software - Application,RSI,RSI 動能加速（強勢區）,None,0.0,0.51,0.4483,0.4483,0.366,29,2885,0.0072,118.14,118.99,119.84,116.96,2026-08-04,3,False
ROKU,Communication Services,Entertainment,RSI,RSI 加速上升,None,0.0,0.5525,0.4481,,0.4481,0,241,0.0027,147.33,147.73,148.13,145.86,2026-08-04,3,True
WELL,Real Estate,REIT - Healthcare Facilities,RSI,RSI 上穿 50 中性線,None,0.0,0.4675,0.4474,0.4474,0.2311,38,818,0.011,237.25,239.86,242.47,234.88,2026-08-05,3,False
AAOI,Information Technology,Communication Equipment,RSI,RSI 維持強勢 (50-70),None,0.0,0.51,0.4471,,0.4471,0,747,0.0161,131.63,133.75,135.87,130.31,2026-08-04,3,True
ALAB,Information Technology,Semiconductors,RSI,RSI 維持強勢 (50-70),None,0.0,0.51,0.4471,,0.4471,0,747,0.0161,361.67,367.49,373.32,358.05,2026-08-04,3,True
BR,Information Technology,Information Technology Services,RSI,RSI 維持強勢 (50-70),None,0.0,0.51,0.4471,,0.4471,0,747,0.0161,163.41,166.04,168.67,161.78,2026-08-05,3,True
CGNX,Information Technology,Scientific & Technical Instruments,RSI,RSI 維持強勢 (50-70),None,0.0,0.51,0.4471,,0.4471,0,747,0.0161,71.52,72.67,73.82,70.8,2026-08-04,3,True
CPAY,Information Technology,Software - Infrastructure,RSI,RSI 維持強勢 (50-70),None,0.0,0.51,0.4471,,0.4471,0,747,0.0161,396.52,402.9,409.29,392.55,2026-08-04,3,True
CRWV,Information Technology,Software - Infrastructure,RSI,RSI 維持強勢 (50-70),None,0.0,0.51,0.4471,,0.4471,0,747,0.0161,85.76,87.14,88.52,84.9,2026-08-03,3,True
EPAM,Information Technology,Information Technology Services,RSI,RSI 維持強勢 (50-70),None,0.0,0.51,0.4471,,0.4471,0,747,0.0161,107.26,108.99,110.71,106.19,2026-08-03,3,True
FIS,Information Technology,Information Technology Services,RSI,RSI 維持強勢 (50-70),None,0.0,0.51,0.4471,,0.4471,0,747,0.0161,44.78,45.5,46.22,44.33,2026-08-03,3,True
FISV,Information Technology,Financial Technology,RSI,RSI 維持強勢 (50-70),None,0.0,0.51,0.4471,,0.4471,0,747,0.0161,54.11,54.98,55.85,53.57,2026-08-05,3,True
GRAB,Information Technology,Software - Application,RSI,RSI 維持強勢 (50-70),None,0.0,0.51,0.4471,,0.4471,0,747,0.0161,3.72,3.78,3.84,3.68,2026-08-04,3,True
LDOS,Information Technology,Information Technology Services,RSI,RSI 維持強勢 (50-70),None,0.0,0.51,0.4471,,0.4471,0,747,0.0161,126.85,128.89,130.93,125.58,2026-08-05,3,True
LSCC,Information Technology,Semiconductors,RSI,RSI 維持強勢 (50-70),None,0.0,0.51,0.4471,,0.4471,0,747,0.0161,138.0,140.22,142.44,136.62,2026-08-04,3,True
STRC,Information Technology,Software - Application,RSI,RSI 維持強勢 (50-70),None,0.0,0.51,0.4471,,0.4471,0,747,0.0161,92.32,93.81,95.29,91.4,2026-08-03,3,True
TSEM,Information Technology,Semiconductors,RSI,RSI 維持強勢 (50-70),None,0.0,0.51,0.4471,,0.4471,0,747,0.0161,239.53,243.39,247.24,237.13,2026-08-04,3,True
U,Information Technology,Software - Application,RSI,RSI 維持強勢 (50-70),None,0.0,0.51,0.4471,,0.4471,0,747,0.0161,35.47,36.04,36.61,35.12,2026-08-05,3,True
XYZ,Information Technology,Software - Infrastructure,RSI,RSI 維持強勢 (50-70),None,0.0,0.51,0.4471,,0.4471,0,747,0.0161,84.2,85.56,86.91,83.36,2026-08-05,3,True
CHD,Consumer Staples,Household & Personal Products,RSI,RSI 加速上升,Bullish Engulfing,0.75,1.0,0.4444,,0.4444,0,27,0.015,103.0,104.54,106.09,101.97,2026-08-04,3,False
CSCO,Information Technology,Communication Equipment,MACD,MACD 突破 0 軸,None,0.0,0.595,0.4444,0.4444,0.4064,9,529,0.0066,121.74,122.54,123.35,120.52,2026-08-04,3,False
HSY,Consumer Staples,Confectioners,MACD,MACD 突破 0 軸,None,0.0,0.595,0.4444,0.4444,0.2408,9,299,0.0057,179.04,180.06,181.08,177.25,2026-08-04,3,False
AES,Utilities,Utilities - Diversified,KDJ,KDJ 金叉,None,0.0,0.5525,0.4444,0.4444,0.3001,9,713,0.0266,14.71,15.1,15.49,14.56,2026-08-03,3,False
CNC,Health Care,Healthcare Plans,RSI,RSI 上穿 50 中性線,None,0.0,0.4675,0.4444,0.4444,0.3144,18,1323,0.0071,66.99,67.47,67.94,66.32,2026-08-05,3,False
LYV,Communication Services,Entertainment,RSI,RSI 上穿 50 中性線,None,0.0,0.4675,0.4444,,0.4444,0,54,0.0031,181.69,182.25,182.82,179.87,2026-08-03,3,True
APH,Information Technology,Electronic Components,RSI,RSI 加速上升,None,0.0,0.5525,0.4437,0.4437,0.3693,151,10688,0.0135,172.24,174.57,176.89,170.52,2026-08-05,3,False
KLAC,Information Technology,Semiconductor Equipment & Materials,RSI,RSI 維持強勢 (50-70),None,0.0,0.51,0.4427,0.4427,0.3645,314,16764,0.0104,192.8,194.81,196.81,190.87,2026-08-05,3,False
CEG,Utilities,Utilities - Independent Power Producers,RSI,RSI 維持強勢 (50-70),None,0.0,0.51,0.4421,0.4421,0.2471,328,8831,0.0143,265.12,268.91,272.7,262.47,2026-08-05,3,False
DKS,Consumer Discretionary,Specialty Retail,KDJ,KDJ 超賣區金叉,None,0.0,0.5599999999999999,0.44,,0.44,0,25,0.0087,200.82,202.57,204.31,198.81,2026-08-03,3,True
KKR,Financials,Asset Management,RSI,RSI 維持強勢 (50-70),None,0.0,0.51,0.4388,0.4388,0.2842,278,19108,0.0087,105.65,106.57,107.49,104.59,2026-08-05,3,False
BKR,Energy,Oil & Gas Equipment & Services,RSI,RSI 維持強勢 (50-70),Bullish Engulfing,0.75,1.0,0.4386,,0.4386,0,57,0.014,60.81,61.66,62.51,60.2,2026-08-03,3,False
APA,Energy,Oil & Gas E&P,BB,BB 中軌向上（上升趨勢）,None,0.0,0.51,0.4367,0.4367,0.2962,229,4484,0.0055,34.66,34.85,35.04,34.31,2026-08-05,3,False
BLDR,Industrials,Building Products & Equipment,RSI,RSI 維持強勢 (50-70),None,0.0,0.51,0.4355,0.4355,0.2986,186,19157,0.003,75.86,76.09,76.32,75.1,2026-08-05,3,False
PODD,Health Care,Medical Devices,RSI,RSI 動能加速（強勢區）,None,0.0,0.51,0.4348,0.4348,0.2606,23,1869,0.0171,169.7,172.6,175.5,168.0,2026-08-03,3,False
WAT,Health Care,Diagnostics & Research,RSI,RSI 動能加速（強勢區）,None,0.0,0.51,0.4348,0.4348,0.2606,23,1869,0.0135,396.08,401.43,406.77,392.12,2026-08-04,3,False
ALGN,Health Care,Medical Instruments & Supplies,RSI,RSI 上穿 50 中性線,None,0.0,0.4675,0.4348,0.4348,0.3144,23,1323,0.0055,172.89,173.84,174.79,171.16,2026-08-03,3,False
DECK,Consumer Discretionary,Footwear & Accessories,RSI,RSI 加速上升,None,0.0,0.5525,0.4336,0.4336,0.3117,113,6796,0.0083,99.5,100.33,101.15,98.5,2026-08-03,3,False
LRCX,Information Technology,Semiconductor Equipment & Materials,RSI,RSI 上穿 50 中性線,None,0.0,0.4675,0.4333,0.4333,0.3785,30,1593,0.032,317.74,327.91,338.08,314.56,2026-08-04,3,False
DT,Information Technology,Software - Application,BB,價格在 BB 中軌上方,None,0.0,0.425,0.4327,,0.4327,0,1188,0.0141,50.86,51.58,52.29,50.35,2026-08-05,3,True
SSNC,Information Technology,Software - Application,BB,價格在 BB 中軌上方,None,0.0,0.425,0.4327,,0.4327,0,1188,0.0141,81.06,82.2,83.35,80.25,2026-08-04,3,True
TOST,Information Technology,Software - Infrastructure,BB,價格在 BB 中軌上方,None,0.0,0.425,0.4327,,0.4327,0,1188,0.0141,34.8,35.29,35.78,34.45,2026-08-05,3,True
TTMI,Information Technology,Electronic Components,BB,價格在 BB 中軌上方,None,0.0,0.425,0.4327,,0.4327,0,1188,0.0141,132.79,134.66,136.53,131.46,2026-08-04,3,True
AGI,Materials,Gold,RSI,RSI 上穿 50 中性線,None,0.0,0.4675,0.4318,,0.4318,0,44,0.0104,31.27,31.6,31.92,30.96,2026-08-05,3,True
KGC,Materials,Gold,RSI,RSI 上穿 50 中性線,None,0.0,0.4675,0.4318,,0.4318,0,44,0.0104,25.7,25.97,26.23,25.44,2026-08-05,3,True
HPE,Information Technology,Communication Equipment,RSI,RSI 動能加速（強勢區）,Bullish Engulfing,0.75,1.0,0.431,,0.431,0,58,0.0145,50.24,50.97,51.7,49.74,2026-08-03,3,False
HPQ,Information Technology,Computer Hardware,RSI,RSI 動能加速（強勢區）,Bullish Engulfing,0.75,1.0,0.431,,0.431,0,58,0.0145,28.82,29.24,29.66,28.53,2026-08-04,3,False
INFY,Information Technology,Information Technology Services,RSI,RSI 動能加速（強勢區）,Bullish Engulfing,0.75,1.0,0.431,,0.431,0,58,0.0145,12.6,12.78,12.97,12.47,2026-08-04,3,False
IOT,Information Technology,Software - Infrastructure,RSI,RSI 動能加速（強勢區）,Bullish Engulfing,0.75,1.0,0.431,,0.431,0,58,0.0145,38.6,39.16,39.72,38.21,2026-08-04,3,False
VST,Utilities,Utilities - Independent Power Producers,RSI,RSI 維持強勢 (50-70),None,0.0,0.51,0.4299,0.4299,0.2471,321,8831,0.0139,155.94,158.11,160.28,154.38,2026-08-03,3,False
UAL,Industrials,Airlines,MACD,MACD 金叉 (多頭區),None,0.0,0.68,0.4286,0.4286,0.2674,7,531,-0.007,128.39,127.49,126.59,127.11,2026-08-03,3,False
CCL,Consumer Discretionary,Travel Services,MACD,MACD 突破 0 軸,None,0.0,0.595,0.4286,0.4286,0.3351,7,376,0.0373,28.74,29.81,30.88,28.45,2026-08-03,3,False
GOOG,Communication Services,Internet Content & Information,MACD,MACD 突破 0 軸,None,0.0,0.595,0.4286,0.4286,0.3333,7,165,0.0107,375.35,379.37,383.38,371.6,2026-08-04,3,False
NXPI,Information Technology,Semiconductors,KDJ,KDJ 超賣區金叉,None,0.0,0.5599999999999999,0.4286,0.4286,0.3016,7,368,0.0032,231.15,231.89,232.63,228.84,2026-08-05,3,False
BAC,Financials,Banks - Diversified,KDJ,KDJ 金叉,None,0.0,0.5525,0.4286,0.4286,0.3142,21,1932,0.0139,62.9,63.77,64.65,62.27,2026-08-04,3,False
PANW,Information Technology,Software - Infrastructure,RSI,RSI 動能加速（強勢區）,None,0.0,0.51,0.4286,0.4286,0.366,42,2885,0.008,366.34,369.27,372.2,362.68,2026-08-04,3,False
BNTX,Health Care,Biotechnology,RSI,RSI 上穿 50 中性線,None,0.0,0.4675,0.4286,,0.4286,0,119,0.0062,92.18,92.75,93.32,91.26,2026-08-05,3,True
LLY,Health Care,Drug Manufacturers - General,RSI,RSI 上穿 50 中性線,None,0.0,0.4675,0.4286,,0.4286,0,119,0.0062,1169.86,1177.11,1184.37,1158.16,2026-08-05,3,True
ZTS,Health Care,Drug Manufacturers - Specialty & Generic,BB,價格在 BB 中軌上方,None,0.0,0.425,0.4286,0.4286,0.365,7,715,0.0217,74.39,76.0,77.62,73.65,2026-08-05,3,True
BBY,Consumer Discretionary,Specialty Retail,BB,BB 中軌向上（上升趨勢）,Bullish Engulfing,0.75,1.0,0.4279,,0.4279,0,208,0.015,86.35,87.65,88.94,85.49,2026-08-04,3,False
MGA,Consumer Discretionary,Auto Parts,BB,BB 中軌向上（上升趨勢）,Bullish Engulfing,0.75,1.0,0.4279,,0.4279,0,208,0.015,70.04,71.09,72.14,69.34,2026-08-04,3,False
BX,Financials,Asset Management,RSI,RSI 維持強勢 (50-70),Morning Star,0.8,1.0,0.4278,,0.4278,0,367,0.0116,134.68,136.24,137.8,133.33,2026-08-03,3,False
PS,Financials,Asset Management,RSI,RSI 維持強勢 (50-70),Morning Star,0.8,1.0,0.4278,,0.4278,0,367,0.0116,35.06,35.47,35.87,34.71,2026-08-03,3,False
TFC,Financials,Banks - Regional,RSI,RSI 維持強勢 (50-70),Morning Star,0.8,1.0,0.4278,,0.4278,0,367,0.0116,52.66,53.27,53.88,52.13,2026-08-04,3,False
TPR,Consumer Discretionary,Luxury Goods,RSI,RSI 動能加速（強勢區）,None,0.0,0.51,0.4255,0.4255,0.3027,47,1665,0.0079,159.16,160.42,161.67,157.57,2026-08-05,3,False
AWK,Utilities,Utilities - Regulated Water,BB,BB 中軌向上（上升趨勢）,Bullish Engulfing,0.75,1.0,0.4222,,0.4222,0,90,0.0167,134.01,136.25,138.49,132.67,2026-08-04,3,False
ORLY,Consumer Discretionary,Auto Parts,RSI,RSI 維持強勢 (50-70),Bullish Engulfing,0.75,1.0,0.4221,,0.4221,0,199,0.0146,91.83,93.17,94.51,90.91,2026-08-04,3,False
ECL,Materials,Specialty Chemicals,RSI,RSI 動能加速（強勢區）,Bullish Engulfing,0.75,1.0,0.4211,,0.4211,0,19,0.0022,283.14,283.76,284.39,280.31,2026-08-04,3,False
SWKS,Information Technology,Semiconductors,RSI,RSI 維持強勢 (50-70),Morning Star,0.8,1.0,0.4207,,0.4207,0,454,0.0197,66.79,68.11,69.42,66.12,2026-08-04,3,False
NFLX,Communication Services,Entertainment,RSI,RSI 加速上升,None,0.0,0.5525,0.4179,0.4179,0.3116,134,3322,0.0146,73.33,74.4,75.47,72.6,2026-08-03,3,False
SCHW,Financials,Capital Markets,RSI,RSI 動能加速（強勢區）,Consolidation Breakout,0.76,1.0,0.4167,0.4167,0.2515,12,1022,-0.0046,108.02,107.52,107.03,106.94,2026-08-05,3,False
FITB,Financials,Banks - Regional,KDJ,KDJ 金叉,None,0.0,0.5525,0.4167,0.4167,0.3142,24,1932,0.0151,57.77,58.64,59.51,57.19,2026-08-04,3,False
HLT,Consumer Discretionary,Lodging,KDJ,KDJ 金叉,None,0.0,0.5525,0.4167,0.4167,0.3183,36,1244,0.0045,324.56,326.02,327.48,321.31,2026-08-05,3,False
IHG,Consumer Discretionary,Lodging,BB,價格在 BB 中軌上方,Bullish Engulfing,0.75,0.9075,0.4151,,0.4151,0,212,0.0132,160.72,162.84,164.96,159.11,2026-08-05,3,False
DAL,Industrials,Airlines,RSI,RSI 加速上升,None,0.0,0.5525,0.4142,0.4142,0.2981,169,11545,0.0111,93.14,94.17,95.21,92.21,2026-08-05,3,False
RF,Financials,Banks - Regional,RSI,RSI 動能加速（強勢區）,None,0.0,0.51,0.4138,0.4138,0.279,29,3129,0.0104,31.95,32.28,32.61,31.63,2026-08-04,3,False
NYT,Communication Services,Publishing,RSI,RSI 維持強勢 (50-70),None,0.0,0.51,0.4128,,0.4128,0,235,-0.0015,75.61,75.5,75.38,74.85,2026-08-04,3,True
PINS,Communication Services,Internet Content & Information,RSI,RSI 維持強勢 (50-70),None,0.0,0.51,0.4128,,0.4128,0,235,-0.0015,23.36,23.32,23.29,23.13,2026-08-05,3,True
TME,Communication Services,Internet Content & Information,RSI,RSI 維持強勢 (50-70),None,0.0,0.51,0.4128,,0.4128,0,235,-0.0015,9.53,9.52,9.5,9.43,2026-08-05,3,True
VOD,Communication Services,Telecom Services,RSI,RSI 維持強勢 (50-70),None,0.0,0.51,0.4128,,0.4128,0,235,-0.0015,15.61,15.59,15.56,15.45,2026-08-03,3,True
CAH,Health Care,Medical Distribution,RSI,RSI 維持強勢 (50-70),Consolidation Breakout,0.76,1.0,0.4118,0.4118,0.2427,17,791,0.0012,239.23,239.52,239.8,236.84,2026-08-05,3,False
GFS,Information Technology,Semiconductors,RSI,RSI 加速上升,None,0.0,0.5525,0.4113,,0.4113,0,851,0.0125,49.46,50.08,50.7,48.97,2026-08-05,3,True
MKSI,Information Technology,Scientific & Technical Instruments,RSI,RSI 加速上升,None,0.0,0.5525,0.4113,,0.4113,0,851,0.0125,313.1,317.01,320.93,309.97,2026-08-05,3,True
CQP,Energy,Oil & Gas Midstream,RSI,RSI 維持強勢 (50-70),None,0.0,0.51,0.411,,0.411,0,146,0.0074,64.13,64.6,65.08,63.49,2026-08-05,3,True
E,Energy,Oil & Gas Integrated,RSI,RSI 維持強勢 (50-70),None,0.0,0.51,0.411,,0.411,0,146,0.0074,52.83,53.22,53.61,52.3,2026-08-05,3,True
ET,Energy,Oil & Gas Midstream,RSI,RSI 維持強勢 (50-70),None,0.0,0.51,0.411,,0.411,0,146,0.0074,20.34,20.49,20.64,20.14,2026-08-05,3,True
EMA,Utilities,Utilities - Regulated Electric,BB,BB 跌破下軌 (超賣),None,0.0,0.45499999999999996,0.4104,,0.4104,0,441,0.0122,51.58,52.21,52.84,51.06,2026-08-05,3,False
FTS,Utilities,Utilities - Regulated Electric,BB,BB 跌破下軌 (超賣),None,0.0,0.45499999999999996,0.4104,,0.4104,0,441,0.0122,56.53,57.22,57.91,55.96,2026-08-03,3,False
SOMN,Utilities,Utilities - Regulated Electric,BB,BB 跌破下軌 (超賣),None,0.0,0.45499999999999996,0.4104,,0.4104,0,441,0.0122,49.17,49.77,50.37,48.68,2026-08-03,3,False
NRG,Utilities,Utilities - Independent Power Producers,BB,BB 跌破下軌 (超賣),None,0.0,0.45499999999999996,0.4097,,0.4097,0,144,0.0064,117.04,117.79,118.54,115.87,2026-08-04,3,True
SO,Utilities,Utilities - Regulated Electric,BB,BB 跌破下軌 (超賣),None,0.0,0.45499999999999996,0.4097,,0.4097,0,144,0.0064,92.94,93.53,94.13,92.01,2026-08-03,3,True
NWS,Communication Services,Entertainment,RSI,RSI 維持強勢 (50-70),Consolidation Breakout,0.85,1.0,0.4091,0.4091,0.2124,22,386,0.0085,33.13,33.41,33.69,32.8,2026-08-05,3,False
AMGN,Health Care,Drug Manufacturers - General,KDJ,KDJ 金叉,None,0.0,0.5525,0.408,,0.408,0,125,0.0055,407.83,410.07,412.32,403.75,2026-08-05,3,True
ILMN,Health Care,Diagnostics & Research,KDJ,KDJ 金叉,None,0.0,0.5525,0.408,,0.408,0,125,0.0055,203.01,204.13,205.24,200.98,2026-08-04,3,True
UTHR,Health Care,Drug Manufacturers - Specialty & Generic,KDJ,KDJ 金叉,None,0.0,0.5525,0.408,,0.408,0,125,0.0055,519.01,521.86,524.72,513.82,2026-08-05,3,True
HII,Industrials,Aerospace & Defense,RSI,RSI 維持強勢 (50-70),None,0.0,0.51,0.4065,0.4065,0.2986,278,19157,0.0131,317.7,321.86,326.02,314.52,2026-08-05,3,False
CBRS,Information Technology,Semiconductors,MACD,MACD 突破 0 軸,None,0.0,0.595,0.4064,,0.4064,0,529,0.0085,214.3,216.12,217.94,212.16,2026-08-05,3,False
LFUS,Information Technology,Electronic Components,MACD,MACD 突破 0 軸,None,0.0,0.595,0.4064,,0.4064,0,529,0.0085,466.46,470.42,474.39,461.8,2026-08-04,3,False
MDB,Information Technology,Software - Infrastructure,MACD,MACD 突破 0 軸,None,0.0,0.595,0.4064,,0.4064,0,529,0.0085,380.04,383.27,386.5,376.24,2026-08-04,3,False
P,Information Technology,Computer Hardware,MACD,MACD 突破 0 軸,None,0.0,0.595,0.4064,,0.4064,0,529,0.0085,80.14,80.82,81.5,79.34,2026-08-03,3,False
RBRK,Information Technology,Software - Infrastructure,MACD,MACD 突破 0 軸,None,0.0,0.595,0.4064,,0.4064,0,529,0.0085,84.81,85.53,86.25,83.96,2026-08-05,3,False
SMCIP,Information Technology,Computer Hardware,MACD,MACD 突破 0 軸,None,0.0,0.595,0.4064,,0.4064,0,529,0.0085,55.3,55.77,56.24,54.75,2026-08-04,3,False
SNX,Information Technology,Electronics & Computer Distribution,MACD,MACD 突破 0 軸,None,0.0,0.595,0.4064,,0.4064,0,529,0.0085,263.07,265.31,267.54,260.44,2026-08-05,3,False
GWW,Industrials,Industrial Distribution,KDJ,KDJ 金叉,None,0.0,0.5525,0.4062,0.4062,0.3223,32,2110,0.005,1371.25,1378.11,1384.96,1357.54,2026-08-03,3,False
HBANZ,Financials,Banks - Regional,BB,BB 跌破下軌 (超賣),None,0.0,0.45499999999999996,0.4057,,0.4057,0,424,0.0104,19.6,19.8,20.01,19.4,2026-08-05,3,True
CFG,Financials,Banks - Regional,RSI,RSI 加速上升,None,0.0,0.5525,0.4049,0.4049,0.3014,163,11488,0.0121,73.6,74.49,75.38,72.86,2026-08-05,3,False
EQT,Energy,Oil & Gas E&P,RSI,RSI 加速上升,None,0.0,0.5525,0.4048,0.4048,0.3227,126,3306,0.0092,53.56,54.05,54.55,53.02,2026-08-03,3,False
NUE,Materials,Steel,RSI,RSI 加速上升,None,0.0,0.5525,0.4048,0.4048,0.3048,126,3639,0.0133,274.74,278.39,282.05,271.99,2026-08-05,3,False
KEY,Financials,Banks - Regional,RSI,RSI 動能加速（強勢區）,None,0.0,0.51,0.4048,0.4048,0.279,42,3129,0.0111,23.1,23.36,23.61,22.87,2026-08-04,3,False
IVZ,Financials,Asset Management,RSI,RSI 維持強勢 (50-70),None,0.0,0.51,0.404,0.404,0.2842,198,19108,0.0093,32.01,32.31,32.61,31.69,2026-08-05,3,False
GOOGL,Communication Services,Internet Content & Information,RSI,RSI 維持強勢 (50-70),None,0.0,0.51,0.4034,0.4034,0.3082,238,5205,0.0103,362.43,366.16,369.9,358.81,2026-08-05,3,False
BKNG,Consumer Discretionary,Travel Services,BB,價格在 BB 中軌上方,None,0.0,0.425,0.4026,,0.4026,0,529,0.0119,207.02,209.48,211.95,204.95,2026-08-05,3,True
SN,Consumer Discretionary,"Furnishings, Fixtures & Appliances",BB,價格在 BB 中軌上方,None,0.0,0.425,0.4026,,0.4026,0,529,0.0119,182.11,184.28,186.44,180.29,2026-08-05,3,True
MS,Financials,Capital Markets,RSI,RSI 加速上升,None,0.0,0.5525,0.4025,0.4025,0.3014,159,11488,0.0109,218.27,220.65,223.03,216.09,2026-08-05,3,False
WFC,Financials,Banks - Diversified,RSI,RSI 加速上升,None,0.0,0.5525,0.4013,0.4013,0.3014,157,11488,0.0083,89.17,89.91,90.65,88.28,2026-08-05,3,False
APG,Industrials,Engineering & Construction,BB,BB 中軌向上（上升趨勢）,Bullish Engulfing,0.75,1.0,0.4012,,0.4012,0,324,0.0121,39.84,40.32,40.8,39.44,2026-08-03,3,False
CSX,Industrials,Railroads,BB,BB 中軌向上（上升趨勢）,Bullish Engulfing,0.75,1.0,0.4012,,0.4012,0,324,0.0121,51.03,51.65,52.26,50.52,2026-08-04,3,False
ITW,Industrials,Specialty Industrial Machinery,BB,BB 中軌向上（上升趨勢）,Bullish Engulfing,0.75,1.0,0.4012,,0.4012,0,324,0.0121,295.06,298.63,302.2,292.11,2026-08-04,3,False
UNP,Industrials,Railroads,BB,BB 中軌向上（上升趨勢）,Bullish Engulfing,0.75,1.0,0.4012,,0.4012,0,324,0.0121,296.35,299.94,303.52,293.39,2026-08-04,3,False
VLTO,Industrials,Pollution & Treatment Controls,BB,BB 中軌向上（上升趨勢）,Bullish Engulfing,0.75,1.0,0.4012,,0.4012,0,324,0.0121,96.45,97.62,98.78,95.49,2026-08-04,3,False
USB,Financials,Banks - Regional,RSI,RSI 維持強勢 (50-70),Morning Star,0.8,1.0,0.4,0.4,0.4278,5,367,0.0059,63.94,64.32,64.69,63.3,2026-08-03,3,False
PYPL,Financials,Credit Services,BB,價格在 BB 中軌上方,Bullish Engulfing,0.75,0.9075,0.4,0.4,0.3294,5,337,0.0219,58.54,59.82,61.1,57.95,2026-08-04,3,False
MAIR,Industrials,Building Products & Equipment,RSI,RSI 維持超賣,Morning Star,0.8,0.9,0.4,,0.4,0,65,0.0174,29.18,29.69,30.2,28.89,2026-08-03,3,False
COST,Consumer Staples,Discount Stores,MACD,MACD 突破 0 軸,None,0.0,0.595,0.4,0.4,0.2408,10,299,0.0202,954.08,973.35,992.62,944.54,2026-08-03,3,False
LII,Industrials,Building Products & Equipment,RSI,RSI 加速上升,None,0.0,0.5525,0.4,0.4,0.2981,140,11545,0.0074,446.87,450.18,453.48,442.4,2026-08-05,3,False
ROK,Industrials,Specialty Industrial Machinery,RSI,RSI 加速上升,None,0.0,0.5525,0.4,0.4,0.3379,5,651,0.0091,480.98,485.36,489.73,476.17,2026-08-03,3,True
MPC,Energy,Oil & Gas Refining & Marketing,RSI,RSI 動能加速（強勢區）,None,0.0,0.51,0.4,0.4,0.3265,40,873,0.0074,312.61,314.92,317.24,309.48,2026-08-04,3,False
PRU,Financials,Insurance - Life,RSI,RSI 維持強勢 (50-70),None,0.0,0.51,0.4,0.4,0.3448,5,609,-0.0076,120.16,119.25,118.33,118.96,2026-08-05,3,True
GDDY,Information Technology,Software - Infrastructure,RSI,RSI 上穿 50 中性線,None,0.0,0.4675,0.4,0.4,0.3785,25,1593,-0.0006,91.77,91.71,91.66,90.85,2026-08-05,3,False
KEYS,Information Technology,Scientific & Technical Instruments,RSI,RSI 維持強勢 (50-70),None,0.0,0.51,0.399,0.399,0.3645,198,16764,0.0164,336.02,341.53,347.04,332.66,2026-08-05,3,False
C,Financials,Banks - Diversified,RSI,RSI 加速上升,None,0.0,0.5525,0.3989,0.3989,0.3014,188,11488,0.0114,137.64,139.21,140.78,136.26,2026-08-05,3,False
CPNG,Consumer Discretionary,Internet Retail,RSI,RSI 加速上升,None,0.0,0.5525,0.3983,,0.3983,0,359,0.0124,16.0,16.2,16.4,15.84,2026-08-05,3,True
COF,Financials,Credit Services,RSI,RSI 加速上升,None,0.0,0.5525,0.3968,0.3968,0.3014,126,11488,0.0071,221.63,223.2,224.78,219.41,2026-08-05,3,False
EMR,Industrials,Specialty Industrial Machinery,RSI,RSI 動能加速（強勢區）,Morning Star,0.8,1.0,0.396,,0.396,0,101,0.01,154.85,156.4,157.95,153.3,2026-08-03,3,False
MTB,Financials,Banks - Regional,RSI,RSI 動能加速（強勢區）,None,0.0,0.51,0.3958,0.3958,0.279,48,3129,0.0118,253.06,256.05,259.03,250.53,2026-08-04,3,False
WAB,Industrials,Railroads,RSI,RSI 動能加速（強勢區）,None,0.0,0.51,0.3958,0.3958,0.2891,48,3037,0.0051,296.47,297.98,299.49,293.51,2026-08-03,3,False
HST,Real Estate,REIT - Hotel & Motel,BB,BB 中軌向上（上升趨勢）,Bullish Engulfing,0.75,1.0,0.3942,,0.3942,0,104,0.012,25.13,25.43,25.73,24.88,2026-08-05,3,False
AXON,Industrials,Aerospace & Defense,RSI,RSI 動能加速（強勢區）,None,0.0,0.51,0.3939,0.3939,0.2891,33,3037,0.0224,575.88,588.78,601.68,570.12,2026-08-03,3,False
APTV,Consumer Discretionary,Auto Parts,BB,BB 中軌向上（上升趨勢）,None,0.0,0.51,0.3934,,0.3934,0,427,0.0097,47.01,47.47,47.92,46.54,2026-08-05,3,True
HUBB,Industrials,Electrical Equipment & Parts,RSI,RSI 上穿 50 中性線,None,0.0,0.4675,0.3929,0.3929,0.304,28,1816,0.0009,502.24,502.69,503.14,497.22,2026-08-04,3,False
DXCM,Health Care,Medical Devices,BB,價格在 BB 中軌上方,None,0.0,0.425,0.3924,0.3924,0.2804,237,14417,0.0073,82.66,83.26,83.87,81.83,2026-08-05,3,False
ARE,Real Estate,REIT - Office,BB,價格在 BB 中軌上方,None,0.0,0.425,0.3923,0.3923,0.248,209,8032,0.0054,53.03,53.32,53.6,52.5,2026-08-03,3,False
ALGM,Information Technology,Semiconductors,KDJ,KDJ 金叉,None,0.0,0.5525,0.3918,,0.3918,0,1955,0.0107,42.85,43.31,43.77,42.42,2026-08-04,3,False
AMKR,Information Technology,Semiconductor Equipment & Materials,KDJ,KDJ 金叉,None,0.0,0.5525,0.3918,,0.3918,0,1955,0.0107,55.87,56.47,57.07,55.31,2026-08-04,3,False
ARM,Information Technology,Semiconductors,KDJ,KDJ 金叉,None,0.0,0.5525,0.3918,,0.3918,0,1955,0.0107,280.56,283.56,286.56,277.75,2026-08-04,3,False
ARW,Information Technology,Electronics & Computer Distribution,KDJ,KDJ 金叉,None,0.0,0.5525,0.3918,,0.3918,0,1955,0.0107,216.81,219.13,221.45,214.64,2026-08-03,3,False
ASML,Information Technology,Semiconductor Equipment & Materials,KDJ,KDJ 金叉,None,0.0,0.5525,0.3918,,0.3918,0,1955,0.0107,1642.52,1660.09,1677.67,1626.09,2026-08-03,3,False
CIFR,Information Technology,Information Technology Services,KDJ,KDJ 金叉,None,0.0,0.5525,0.3918,,0.3918,0,1955,0.0107,24.16,24.42,24.68,23.92,2026-08-03,3,False
DOCN,Information Technology,Software - Infrastructure,KDJ,KDJ 金叉,None,0.0,0.5525,0.3918,,0.3918,0,1955,0.0107,127.17,128.53,129.89,125.9,2026-08-03,3,False
FN,Information Technology,Electronic Components,KDJ,KDJ 金叉,None,0.0,0.5525,0.3918,,0.3918,0,1955,0.0107,531.03,536.71,542.39,525.72,2026-08-04,3,False
FTV,Information Technology,Scientific & Technical Instruments,KDJ,KDJ 金叉,None,0.0,0.5525,0.3918,,0.3918,0,1955,0.0107,61.34,62.0,62.65,60.73,2026-08-05,3,False
GWRE,Information Technology,Software - Application,KDJ,KDJ 金叉,None,0.0,0.5525,0.3918,,0.3918,0,1955,0.0107,157.33,159.01,160.7,155.76,2026-08-03,3,False
JKHY,Information Technology,Information Technology Services,KDJ,KDJ 金叉,None,0.0,0.5525,0.3918,,0.3918,0,1955,0.0107,156.63,158.31,159.98,155.06,2026-08-04,3,False
LOGI,Information Technology,Computer Hardware,KDJ,KDJ 金叉,None,0.0,0.5525,0.3918,,0.3918,0,1955,0.0107,108.95,110.12,111.28,107.86,2026-08-04,3,False
MSTR,Information Technology,Software - Application,KDJ,KDJ 金叉,None,0.0,0.5525,0.3918,,0.3918,0,1955,0.0107,97.65,98.69,99.74,96.67,2026-08-04,3,False
NXT,Information Technology,Solar,KDJ,KDJ 金叉,None,0.0,0.5525,0.3918,,0.3918,0,1955,0.0107,98.44,99.49,100.55,97.46,2026-08-04,3,False
RMBS,Information Technology,Semiconductors,KDJ,KDJ 金叉,None,0.0,0.5525,0.3918,,0.3918,0,1955,0.0107,92.21,93.2,94.18,91.29,2026-08-03,3,False
SMTC,Information Technology,Semiconductors,KDJ,KDJ 金叉,None,0.0,0.5525,0.3918,,0.3918,0,1955,0.0107,119.08,120.35,121.63,117.89,2026-08-03,3,False
MPWR,Information Technology,Semiconductors,BB,價格在 BB 中軌上方,None,0.0,0.425,0.3912,0.3912,0.3573,317,20206,0.0058,1345.45,1353.25,1361.06,1332.0,2026-08-05,3,False
MRNA,Health Care,Biotechnology,RSI,RSI 加速上升,None,0.0,0.5525,0.3911,0.3911,0.2803,179,8492,-0.0013,56.255,56.18,56.11,55.69,2026-08-05,3,False
VTRS,Health Care,Drug Manufacturers - Specialty & Generic,BB,BB 中軌向上（上升趨勢）,None,0.0,0.51,0.3899,0.3899,0.2705,218,10885,0.0123,17.65,17.87,18.08,17.47,2026-08-05,3,False
CNH,Industrials,Farm & Heavy Construction Machinery,RSI,RSI 上穿 50 中性線,None,0.0,0.4675,0.3898,,0.3898,0,118,0.0111,10.8,10.92,11.04,10.69,2026-08-03,3,True
TDG,Industrials,Aerospace & Defense,RSI,RSI 上穿 50 中性線,None,0.0,0.4675,0.3898,,0.3898,0,118,0.0111,1285.5601,1299.83,1314.1,1272.7,2026-08-03,3,True
TECH,Health Care,Biotechnology,BB,價格在 BB 中軌上方,None,0.0,0.425,0.3897,0.3897,0.2804,195,14417,-0.0003,72.0,71.98,71.96,71.28,2026-08-05,3,False
ROL,Consumer Discretionary,Personal Services,RSI,RSI 維持超賣,None,0.0,0.385,0.3894,,0.3894,0,565,0.0066,37.57,37.82,38.07,37.19,2026-08-05,3,False
CMI,Industrials,Specialty Industrial Machinery,KDJ,KDJ 金叉,None,0.0,0.5525,0.3889,0.3889,0.3223,36,2110,0.0101,648.85,655.4,661.96,642.36,2026-08-03,3,False
AEM,Materials,Gold,BB,BB 中軌向上（上升趨勢）,None,0.0,0.51,0.3886,,0.3886,0,229,0.0091,165.45,166.96,168.46,163.8,2026-08-05,3,True
MOS,Materials,Agricultural Inputs,BB,BB 中軌向上（上升趨勢）,None,0.0,0.51,0.3886,,0.3886,0,229,0.0091,23.41,23.62,23.84,23.18,2026-08-05,3,True
GE,Industrials,Aerospace & Defense,RSI,RSI 加速上升,None,0.0,0.5525,0.3885,0.3885,0.2981,157,11545,0.0097,381.22,384.92,388.62,377.41,2026-08-05,3,False
BCE,Communication Services,Telecom Services,RSI,RSI 維持強勢 (50-70),Bullish Engulfing,0.75,1.0,0.3884,,0.3884,0,121,0.0056,22.0,22.12,22.25,21.78,2026-08-04,3,False
CW,Industrials,Aerospace & Defense,RSI,RSI 維持強勢 (50-70),Bullish Engulfing,0.75,1.0,0.3881,,0.3881,0,335,0.009,747.67,754.4,761.13,740.19,2026-08-03,3,False
EFX,Industrials,Consulting Services,RSI,RSI 維持強勢 (50-70),Bullish Engulfing,0.75,1.0,0.3881,,0.3881,0,335,0.009,177.12,178.71,180.31,175.35,2026-08-04,3,False
ETN,Industrials,Specialty Industrial Machinery,RSI,RSI 維持強勢 (50-70),Bullish Engulfing,0.75,1.0,0.3881,,0.3881,0,335,0.009,438.23,442.17,446.12,433.85,2026-08-03,3,False
RRX,Industrials,Specialty Industrial Machinery,RSI,RSI 維持強勢 (50-70),Bullish Engulfing,0.75,1.0,0.3881,,0.3881,0,335,0.009,211.21,213.11,215.01,209.1,2026-08-03,3,False
AMX,Communication Services,Telecom Services,BB,BB 中軌向上（上升趨勢）,None,0.0,0.51,0.3881,,0.3881,0,268,0.0017,24.02,24.06,24.1,23.78,2026-08-05,3,True
SPOT,Communication Services,Internet Content & Information,BB,BB 中軌向上（上升趨勢）,None,0.0,0.51,0.3881,,0.3881,0,268,0.0017,486.33,487.16,487.98,481.47,2026-08-03,3,True
EQR,Real Estate,REIT - Residential,KDJ,KDJ 金叉,Bullish Engulfing,0.75,1.0,0.3871,,0.3871,0,31,0.0016,67.57,67.68,67.79,66.89,2026-08-03,3,False
ESS,Real Estate,REIT - Residential,KDJ,KDJ 金叉,Bullish Engulfing,0.75,1.0,0.3871,,0.3871,0,31,0.0016,287.21,287.67,288.13,284.34,2026-08-04,3,False
PM,Consumer Staples,Tobacco,RSI,RSI 上穿 50 中性線,None,0.0,0.4675,0.3871,0.3871,0.2565,31,928,0.0023,188.93,189.36,189.8,187.04,2026-08-05,3,False
WMB,Energy,Oil & Gas Midstream,RSI,RSI 加速上升,None,0.0,0.5525,0.3865,0.3865,0.3227,163,3306,0.0084,71.81,72.41,73.02,71.09,2026-08-05,3,False
DVN,Energy,Oil & Gas E&P,RSI,RSI 加速上升,None,0.0,0.5525,0.3864,0.3864,0.3227,132,3306,0.005,44.05,44.27,44.49,43.61,2026-08-04,3,False
PAA,Energy,Oil & Gas Midstream,BB,BB 中軌向上（上升趨勢）,None,0.0,0.51,0.386,,0.386,0,171,0.0019,23.55,23.59,23.64,23.31,2026-08-04,3,True
VNOM,Energy,Oil & Gas Midstream,BB,BB 中軌向上（上升趨勢）,None,0.0,0.51,0.386,,0.386,0,171,0.0019,42.34,42.42,42.5,41.92,2026-08-04,3,True
BSBR,Financials,Banks - Regional,MACD,MACD 突破 0 軸,None,0.0,0.595,0.3846,,0.3846,0,39,0.0004,5.74,5.74,5.74,5.68,2026-08-03,3,True
UNH,Health Care,Healthcare Plans,KDJ,KDJ 金叉,None,0.0,0.5525,0.3846,0.3846,0.2852,26,1536,0.0124,412.75,417.87,422.99,408.62,2026-08-05,3,False
TPL,Energy,Oil & Gas E&P,RSI,RSI 上穿 50 中性線,None,0.0,0.4675,0.3846,0.3846,0.361,26,579,0.0093,406.15,409.93,413.7,402.09,2026-08-03,3,False
RBA,Industrials,Specialty Business Services,RSI,RSI 超賣區域 (30),None,0.0,0.5249999999999999,0.3818,,0.3818,0,110,0.0044,95.63,96.05,96.47,94.67,2026-08-05,3,True
ULS,Industrials,Specialty Business Services,RSI,RSI 超賣區域 (30),None,0.0,0.5249999999999999,0.3818,,0.3818,0,110,0.0044,78.34,78.68,79.03,77.56,2026-08-04,3,True
ESI,Materials,Specialty Chemicals,MACD,MACD 金叉 (空頭區),None,0.0,0.42,0.3816,,0.3816,0,304,0.0078,38.89,39.19,39.5,38.5,2026-08-04,3,False
HL,Materials,Other Precious Metals & Mining,MACD,MACD 金叉 (空頭區),None,0.0,0.42,0.3816,,0.3816,0,304,0.0078,15.39,15.51,15.63,15.24,2026-08-04,3,False
SNPS,Information Technology,Software - Infrastructure,RSI,RSI 加速上升,None,0.0,0.5525,0.381,0.381,0.3693,126,10688,0.0114,400.82,405.39,409.96,396.81,2026-08-05,3,False
UPS,Industrials,Integrated Freight & Logistics,KDJ,KDJ 金叉,None,0.0,0.5525,0.381,0.381,0.3223,21,2110,0.0075,109.11,109.93,110.75,108.02,2026-08-04,3,False
ORCL,Information Technology,Software - Infrastructure,RSI,RSI 加速上升,None,0.0,0.5525,0.3793,0.3793,0.3693,145,10688,0.005,144.39,145.11,145.83,142.95,2026-08-05,3,False
URI,Industrials,Rental & Leasing Services,RSI,RSI 維持強勢 (50-70),None,0.0,0.51,0.3792,0.3792,0.2986,240,19157,0.0121,1162.04,1176.1,1190.16,1150.42,2026-08-05,3,False
APLD,Information Technology,Information Technology Services,RSI,RSI 上穿 50 中性線,None,0.0,0.4675,0.3785,,0.3785,0,1593,0.0087,31.27,31.54,31.81,30.96,2026-08-04,3,False
ASTS,Information Technology,Communication Equipment,RSI,RSI 上穿 50 中性線,None,0.0,0.4675,0.3785,,0.3785,0,1593,0.0087,70.31,70.92,71.53,69.61,2026-08-04,3,False
ASX,Information Technology,Semiconductors,RSI,RSI 上穿 50 中性線,None,0.0,0.4675,0.3785,,0.3785,0,1593,0.0087,38.7,39.04,39.37,38.31,2026-08-04,3,False
CLS,Information Technology,Electronic Components,RSI,RSI 上穿 50 中性線,None,0.0,0.4675,0.3785,,0.3785,0,1593,0.0087,341.91,344.88,347.86,338.49,2026-08-03,3,False
CRDO,Information Technology,Semiconductors,RSI,RSI 上穿 50 中性線,None,0.0,0.4675,0.3785,,0.3785,0,1593,0.0087,237.92,239.99,242.06,235.54,2026-08-04,3,False
ENTG,Information Technology,Semiconductor Equipment & Materials,RSI,RSI 上穿 50 中性線,None,0.0,0.4675,0.3785,,0.3785,0,1593,0.0087,144.56,145.82,147.08,143.11,2026-08-04,3,False
FLEX,Information Technology,Electronic Components,RSI,RSI 上穿 50 中性線,None,0.0,0.4675,0.3785,,0.3785,0,1593,0.0087,126.71,127.81,128.91,125.44,2026-08-04,3,False
FORM,Information Technology,Semiconductor Equipment & Materials,RSI,RSI 上穿 50 中性線,None,0.0,0.4675,0.3785,,0.3785,0,1593,0.0087,120.3,121.35,122.39,119.1,2026-08-04,3,False
FROG,Information Technology,Software - Application,RSI,RSI 上穿 50 中性線,None,0.0,0.4675,0.3785,,0.3785,0,1593,0.0087,86.22,86.97,87.72,85.36,2026-08-04,3,False
IONQ,Information Technology,Computer Hardware,RSI,RSI 上穿 50 中性線,None,0.0,0.4675,0.3785,,0.3785,0,1593,0.0087,41.72,42.08,42.45,41.3,2026-08-04,3,False
MRVL,Information Technology,Semiconductors,RSI,RSI 上穿 50 中性線,None,0.0,0.4675,0.3785,,0.3785,0,1593,0.0087,218.59,220.49,222.39,216.4,2026-08-04,3,False
ONTO,Information Technology,Semiconductor Equipment & Materials,RSI,RSI 上穿 50 中性線,None,0.0,0.4675,0.3785,,0.3785,0,1593,0.0087,287.6,290.1,292.6,284.72,2026-08-04,3,False
STRF,Information Technology,Software - Application,RSI,RSI 上穿 50 中性線,None,0.0,0.4675,0.3785,,0.3785,0,1593,0.0087,96.29,97.13,97.97,95.33,2026-08-05,3,False
TSM,Information Technology,Semiconductors,RSI,RSI 上穿 50 中性線,None,0.0,0.4675,0.3785,,0.3785,0,1593,0.0087,417.17,420.8,424.43,413.0,2026-08-04,3,False
UBER,Information Technology,Software - Application,RSI,RSI 上穿 50 中性線,None,0.0,0.4675,0.3785,,0.3785,0,1593,0.0087,71.61,72.23,72.86,70.89,2026-08-03,3,False
UI,Information Technology,Communication Equipment,RSI,RSI 上穿 50 中性線,None,0.0,0.4675,0.3785,,0.3785,0,1593,0.0087,560.0,564.87,569.74,554.4,2026-08-04,3,False
WSE,Information Technology,Information Technology Services,RSI,RSI 上穿 50 中性線,None,0.0,0.4675,0.3785,,0.3785,0,1593,0.0087,12.33,12.44,12.54,12.21,2026-08-03,3,False
HCA,Health Care,Medical Care Facilities,RSI,RSI 動能加速（強勢區）,None,0.0,0.51,0.3784,0.3784,0.2606,37,1869,0.0102,409.64,413.82,418.0,405.54,2026-08-05,3,False
ROIV,Health Care,Biotechnology,RSI,RSI 維持強勢 (50-70),Morning Star,0.8,1.0,0.3781,,0.3781,0,283,0.0127,34.59,35.03,35.47,34.24,2026-08-04,3,False
ELAN,Health Care,Drug Manufacturers - Specialty & Generic,RSI,RSI 動能加速（強勢區）,None,0.0,0.51,0.3778,,0.3778,0,225,0.0031,26.22,26.3,26.38,25.96,2026-08-05,3,True
IDXX,Health Care,Diagnostics & Research,RSI,RSI 動能加速（強勢區）,None,0.0,0.51,0.3778,,0.3778,0,225,0.0031,588.09,589.91,591.74,582.21,2026-08-04,3,True
MCHPP,Information Technology,Semiconductors,MACD,MACD 金叉 (空頭區),None,0.0,0.42,0.3767,,0.3767,0,754,0.0102,66.94,67.62,68.31,66.27,2026-08-05,3,False
MTSI,Information Technology,Semiconductors,MACD,MACD 金叉 (空頭區),None,0.0,0.42,0.3767,,0.3767,0,754,0.0102,273.31,276.1,278.89,270.58,2026-08-04,3,False
NOK,Information Technology,Communication Equipment,MACD,MACD 金叉 (空頭區),None,0.0,0.42,0.3767,,0.3767,0,754,0.0102,9.92,10.02,10.12,9.82,2026-08-04,3,False
QNT,Information Technology,Software - Application,MACD,MACD 金叉 (空頭區),None,0.0,0.42,0.3767,,0.3767,0,754,0.0102,56.91,57.49,58.07,56.34,2026-08-05,3,False
SANM,Information Technology,Electronic Components,MACD,MACD 金叉 (空頭區),None,0.0,0.42,0.3767,,0.3767,0,754,0.0102,207.46,209.58,211.69,205.39,2026-08-04,3,False
SITM,Information Technology,Semiconductors,MACD,MACD 金叉 (空頭區),None,0.0,0.42,0.3767,,0.3767,0,754,0.0102,583.06,589.01,594.95,577.23,2026-08-04,3,False
VIAV,Information Technology,Communication Equipment,MACD,MACD 金叉 (空頭區),None,0.0,0.42,0.3767,,0.3767,0,754,0.0102,40.32,40.73,41.14,39.92,2026-08-04,3,False
VICR,Information Technology,Electronic Components,MACD,MACD 金叉 (空頭區),None,0.0,0.42,0.3767,,0.3767,0,754,0.0102,226.48,228.79,231.1,224.22,2026-08-04,3,False
CDE,Materials,Gold,RSI,RSI 動能加速（強勢區）,None,0.0,0.51,0.3766,,0.3766,0,77,0.0046,17.43,17.51,17.59,17.26,2026-08-05,3,True
GFI,Materials,Gold,RSI,RSI 動能加速（強勢區）,None,0.0,0.51,0.3766,,0.3766,0,77,0.0046,37.29,37.46,37.63,36.92,2026-08-05,3,True
IFF,Materials,Specialty Chemicals,RSI,RSI 動能加速（強勢區）,None,0.0,0.51,0.3766,,0.3766,0,77,0.0046,88.07,88.48,88.88,87.19,2026-08-05,3,True
PAAS,Materials,Gold,RSI,RSI 動能加速（強勢區）,None,0.0,0.51,0.3766,,0.3766,0,77,0.0046,48.24,48.46,48.68,47.76,2026-08-05,3,True
WPM,Materials,Gold,RSI,RSI 動能加速（強勢區）,None,0.0,0.51,0.3766,,0.3766,0,77,0.0046,122.82,123.38,123.95,121.59,2026-08-05,3,True
LULU,Consumer Discretionary,Apparel Retail,BB,BB 中軌向上（上升趨勢）,None,0.0,0.51,0.375,0.375,0.2908,152,9757,0.0064,123.51,124.3,125.09,122.27,2026-08-05,3,False
UHS,Health Care,Medical Care Facilities,RSI,RSI 動能加速（強勢區）,None,0.0,0.51,0.375,0.375,0.2606,24,1869,0.0077,171.66,172.98,174.3,169.94,2026-08-05,3,False
CVS,Health Care,Healthcare Plans,RSI,RSI 上穿 50 中性線,None,0.0,0.4675,0.375,0.375,0.3144,24,1323,0.0051,105.37,105.91,106.44,104.32,2026-08-03,3,False
ALB,Materials,Specialty Chemicals,BB,BB 中軌向上（上升趨勢）,None,0.0,0.51,0.3744,0.3744,0.2853,227,5036,0.0034,118.84,119.24,119.65,117.65,2026-08-05,3,False
TEL,Information Technology,Electronic Components,KDJ,KDJ 金叉,Morning Star,0.8,1.0,0.374,,0.374,0,123,0.0122,216.82,219.47,222.11,214.65,2026-08-04,3,False
DLTR,Consumer Staples,Discount Stores,RSI,RSI 維持強勢 (50-70),None,0.0,0.51,0.3736,0.3736,0.2452,182,7574,-0.0013,128.76,128.59,128.43,127.47,2026-08-05,3,False
NTRS,Financials,Asset Management,RSI,RSI 加速上升,None,0.0,0.5525,0.3734,0.3734,0.3014,158,11488,0.0119,184.38,186.57,188.77,182.54,2026-08-05,3,False
PWR,Industrials,Engineering & Construction,RSI,RSI 加速上升,None,0.0,0.5525,0.3732,0.3732,0.2981,142,11545,0.0094,682.99,689.41,695.83,676.16,2026-08-05,3,False
VRTX,Health Care,Biotechnology,RSI,RSI 上穿 50 中性線,None,0.0,0.4675,0.3714,0.3714,0.3144,35,1323,0.0023,484.83,485.95,487.06,479.98,2026-08-05,3,False
MLM,Materials,Building Materials,KDJ,KDJ 金叉,None,0.0,0.5525,0.3704,0.3704,0.314,27,637,0.0146,555.82,563.93,572.05,550.26,2026-08-04,3,False
GPC,Consumer Discretionary,Auto Parts,MACD,MACD 金叉 (多頭區),None,0.0,0.68,0.37,,0.37,0,273,0.0063,131.32,132.15,132.97,130.01,2026-08-05,3,False
ONON,Consumer Discretionary,Footwear & Accessories,MACD,MACD 金叉 (多頭區),None,0.0,0.68,0.37,,0.37,0,273,0.0063,37.95,38.19,38.43,37.57,2026-08-03,3,False
SE,Consumer Discretionary,Internet Retail,MACD,MACD 金叉 (多頭區),None,0.0,0.68,0.37,,0.37,0,273,0.0063,111.44,112.14,112.84,110.33,2026-08-04,3,False
TOL,Consumer Discretionary,Residential Construction,MACD,MACD 金叉 (多頭區),None,0.0,0.68,0.37,,0.37,0,273,0.0063,154.97,155.95,156.92,153.42,2026-08-05,3,False
eBay,Consumer Discretionary,Internet Retail,MACD,MACD 金叉 (多頭區),None,0.0,0.68,0.37,,0.37,0,273,0.0063,111.75,112.45,113.16,110.63,2026-06-30,3,False
AIG,Financials,Insurance - Diversified,BB,BB 中軌向上（上升趨勢）,Bullish Engulfing,0.75,1.0,0.3697,,0.3697,0,330,0.0108,79.32,80.18,81.03,78.53,2026-08-04,3,False
CRBG,Financials,Asset Management,BB,BB 中軌向上（上升趨勢）,Bullish Engulfing,0.75,1.0,0.3697,,0.3697,0,330,0.0108,31.6,31.94,32.28,31.28,2026-08-04,3,False
FDS,Financials,Financial Data & Stock Exchanges,BB,BB 中軌向上（上升趨勢）,Bullish Engulfing,0.75,1.0,0.3697,,0.3697,0,330,0.0108,274.49,277.45,280.42,271.75,2026-08-04,3,False
MFC,Financials,Insurance - Life,BB,BB 中軌向上（上升趨勢）,Bullish Engulfing,0.75,1.0,0.3697,,0.3697,0,330,0.0108,44.77,45.25,45.74,44.32,2026-08-04,3,False
TRV,Financials,Insurance - Property & Casualty,BB,BB 中軌向上（上升趨勢）,Bullish Engulfing,0.75,1.0,0.3697,,0.3697,0,330,0.0108,377.15,381.22,385.3,373.38,2026-08-04,3,False
V,Financials,Credit Services,BB,BB 中軌向上（上升趨勢）,Bullish Engulfing,0.75,1.0,0.3697,,0.3697,0,330,0.0108,369.59,373.58,377.57,365.89,2026-08-04,3,False
WULF,Financials,Capital Markets,BB,BB 中軌向上（上升趨勢）,Bullish Engulfing,0.75,1.0,0.3697,,0.3697,0,330,0.0108,18.83,19.03,19.24,18.64,2026-08-03,3,False
CACI,Information Technology,Information Technology Services,RSI,RSI 加速上升,None,0.0,0.5525,0.3693,,0.3693,0,10688,0.0074,518.03,521.86,525.7,512.85,2026-08-05,3,False
ERIC,Information Technology,Communication Equipment,RSI,RSI 加速上升,None,0.0,0.5525,0.3693,,0.3693,0,10688,0.0074,10.06,10.13,10.21,9.96,2026-08-05,3,False
GRMN,Information Technology,Scientific & Technical Instruments,RSI,RSI 加速上升,None,0.0,0.5525,0.3693,,0.3693,0,10688,0.0074,307.36,309.63,311.91,304.29,2026-08-04,3,False
NET,Information Technology,Software - Infrastructure,RSI,RSI 加速上升,None,0.0,0.5525,0.3693,,0.3693,0,10688,0.0074,292.96,295.13,297.3,290.03,2026-08-05,3,False
NTNX,Information Technology,Software - Infrastructure,RSI,RSI 加速上升,None,0.0,0.5525,0.3693,,0.3693,0,10688,0.0074,61.06,61.51,61.96,60.45,2026-08-03,3,False
NVMI,Information Technology,Semiconductor Equipment & Materials,RSI,RSI 加速上升,None,0.0,0.5525,0.3693,,0.3693,0,10688,0.0074,402.38,405.36,408.34,398.36,2026-08-05,3,False
OKTA,Information Technology,Software - Infrastructure,RSI,RSI 加速上升,None,0.0,0.5525,0.3693,,0.3693,0,10688,0.0074,147.04,148.13,149.22,145.57,2026-08-05,3,False
SAP,Information Technology,Software - Application,RSI,RSI 加速上升,None,0.0,0.5525,0.3693,,0.3693,0,10688,0.0074,195.49,196.94,198.38,193.54,2026-08-04,3,False
SIMO,Information Technology,Semiconductors,RSI,RSI 加速上升,None,0.0,0.5525,0.3693,,0.3693,0,10688,0.0074,246.65,248.48,250.3,244.18,2026-08-05,3,False
SNOW,Information Technology,Software - Application,RSI,RSI 加速上升,None,0.0,0.5525,0.3693,,0.3693,0,10688,0.0074,316.84,319.18,321.53,313.67,2026-08-05,3,False
STM,Information Technology,Semiconductors,RSI,RSI 加速上升,None,0.0,0.5525,0.3693,,0.3693,0,10688,0.0074,52.77,53.16,53.55,52.24,2026-08-05,3,False
TWLO,Information Technology,Software - Infrastructure,RSI,RSI 加速上升,None,0.0,0.5525,0.3693,,0.3693,0,10688,0.0074,193.22,194.65,196.08,191.29,2026-08-05,3,False
UMC,Information Technology,Semiconductors,RSI,RSI 加速上升,None,0.0,0.5525,0.3693,,0.3693,0,10688,0.0074,19.29,19.43,19.58,19.1,2026-08-05,3,False
WIT,Information Technology,Information Technology Services,RSI,RSI 加速上升,None,0.0,0.5525,0.3693,,0.3693,0,10688,0.0074,2.05,2.07,2.08,2.03,2026-08-04,3,False
FDX,Industrials,Integrated Freight & Logistics,BB,價格在 BB 中軌上方,None,0.0,0.425,0.3689,0.3689,0.295,244,22337,0.0033,313.34,314.37,315.41,310.21,2026-08-04,3,False
EXR,Real Estate,REIT - Industrial,RSI,RSI 動能加速（強勢區）,None,0.0,0.51,0.3667,0.3667,0.2452,30,1093,0.0052,149.73,150.51,151.29,148.23,2026-08-03,3,False
SMCI,Information Technology,Computer Hardware,RSI,RSI 上穿 50 中性線,None,0.0,0.4675,0.3667,0.3667,0.3785,30,1593,-0.0411,31.69,30.39,29.09,31.37,2026-08-04,3,False
BEN,Financials,Asset Management,RSI,RSI 維持強勢 (50-70),None,0.0,0.51,0.3664,0.3664,0.2842,131,19108,0.0091,34.92,35.24,35.56,34.57,2026-08-05,3,False
AM,Energy,Oil & Gas Midstream,BB,BB 跌破下軌 (超賣),None,0.0,0.45499999999999996,0.3664,,0.3664,0,292,0.0073,21.16,21.31,21.47,20.95,2026-08-05,3,False
PBA,Energy,Oil & Gas Midstream,BB,BB 跌破下軌 (超賣),None,0.0,0.45499999999999996,0.3664,,0.3664,0,292,0.0073,47.15,47.49,47.84,46.68,2026-08-05,3,False
TRP,Energy,Oil & Gas Midstream,BB,BB 跌破下軌 (超賣),None,0.0,0.45499999999999996,0.3664,,0.3664,0,292,0.0073,63.86,64.33,64.79,63.22,2026-08-05,3,False
LVS,Consumer Discretionary,Resorts & Casinos,BB,價格在 BB 中軌上方,None,0.0,0.425,0.3661,0.3661,0.2984,254,12430,0.0074,46.98,47.33,47.68,46.51,2026-08-03,3,False
TEAM,Information Technology,Software - Application,RSI,RSI 動能加速（強勢區）,None,0.0,0.51,0.366,,0.366,0,2885,0.0091,110.31,111.31,112.32,109.21,2026-08-04,3,False
BLK,Financials,Asset Management,RSI,RSI 動能加速（強勢區）,None,0.0,0.51,0.3659,0.3659,0.279,41,3129,0.0023,1126.63,1129.22,1131.81,1115.36,2026-08-03,3,False
NGG,Utilities,Utilities - Regulated Electric,KDJ,KDJ 金叉,Morning Star,0.8,1.0,0.3654,,0.3654,0,52,0.0081,80.42,81.07,81.72,79.62,2026-08-04,3,False
FTNT,Information Technology,Software - Infrastructure,MACD,MACD 金叉 (多頭區),None,0.0,0.68,0.3651,,0.3651,0,504,0.0103,168.29,170.02,171.76,166.61,2026-08-04,3,False
EXEL,Health Care,Biotechnology,BB,價格在 BB 中軌上方,None,0.0,0.425,0.365,,0.365,0,715,0.0016,56.7,56.79,56.88,56.13,2026-08-05,3,True
FMS,Health Care,Medical Care Facilities,BB,價格在 BB 中軌上方,None,0.0,0.425,0.365,,0.365,0,715,0.0016,25.26,25.3,25.34,25.01,2026-08-03,3,True
JAZZ,Health Care,Biotechnology,BB,價格在 BB 中軌上方,None,0.0,0.425,0.365,,0.365,0,715,0.0016,251.58,251.98,252.39,249.06,2026-08-03,3,True
ADP,Information Technology,Software - Application,RSI,RSI 維持強勢 (50-70),None,0.0,0.51,0.3645,,0.3645,0,16764,0.0088,270.09,272.47,274.84,267.39,2026-08-05,3,False
BMNP,Information Technology,Blockchain,RSI,RSI 維持強勢 (50-70),None,0.0,0.51,0.3645,,0.3645,0,16764,0.0088,89.14,89.92,90.71,88.25,2026-08-04,3,False
GIB,Information Technology,Information Technology Services,RSI,RSI 維持強勢 (50-70),None,0.0,0.51,0.3645,,0.3645,0,16764,0.0088,72.61,73.25,73.89,71.88,2026-08-05,3,False
PAYX,Information Technology,Software - Application,RSI,RSI 維持強勢 (50-70),None,0.0,0.51,0.3645,,0.3645,0,16764,0.0088,118.27,119.31,120.35,117.09,2026-08-05,3,False
SONY,Information Technology,Consumer Electronics,RSI,RSI 維持強勢 (50-70),None,0.0,0.51,0.3645,,0.3645,0,16764,0.0088,22.44,22.64,22.83,22.22,2026-08-05,3,False
ZM,Information Technology,Software - Application,RSI,RSI 維持強勢 (50-70),None,0.0,0.51,0.3645,,0.3645,0,16764,0.0088,100.64,101.53,102.41,99.63,2026-08-05,3,False
ZS,Information Technology,Software - Infrastructure,RSI,RSI 維持強勢 (50-70),None,0.0,0.51,0.3645,,0.3645,0,16764,0.0088,161.65,163.07,164.5,160.03,2026-08-05,3,False
MET,Financials,Insurance - Life,KDJ,KDJ 金叉,None,0.0,0.5525,0.3636,0.3636,0.3142,22,1932,0.0133,96.13,97.41,98.69,95.17,2026-08-04,3,False
J,Industrials,Engineering & Construction,BB,BB 中軌向上（上升趨勢）,None,0.0,0.51,0.3636,0.3636,0.3333,11,936,0.003,144.67,145.1,145.54,143.22,2026-08-05,3,True
PCG,Utilities,Utilities - Regulated Electric,BB,BB 中軌向上（上升趨勢）,None,0.0,0.51,0.3636,0.3636,0.3562,11,365,0.0009,17.43,17.45,17.46,17.26,2026-08-03,3,True
FOX,Communication Services,Entertainment,RSI,RSI 加速上升,None,0.0,0.5525,0.3618,0.3618,0.3116,152,3322,0.0088,52.62,53.08,53.55,52.09,2026-08-03,3,False
CCJ,Energy,Uranium,KDJ,KDJ 金叉,None,0.0,0.5525,0.3614,,0.3614,0,498,0.0061,89.72,90.27,90.81,88.82,2026-08-03,3,False
EPD,Energy,Oil & Gas Midstream,KDJ,KDJ 金叉,None,0.0,0.5525,0.3614,,0.3614,0,498,0.0061,38.12,38.35,38.59,37.74,2026-08-04,3,False
MPLX,Energy,Oil & Gas Midstream,KDJ,KDJ 金叉,None,0.0,0.5525,0.3614,,0.3614,0,498,0.0061,58.91,59.27,59.63,58.32,2026-08-03,3,False
TS,Energy,Oil & Gas Equipment & Services,KDJ,KDJ 金叉,None,0.0,0.5525,0.3614,,0.3614,0,498,0.0061,57.15,57.5,57.85,56.58,2026-08-03,3,False
WES,Energy,Oil & Gas Midstream,KDJ,KDJ 金叉,None,0.0,0.5525,0.3614,,0.3614,0,498,0.0061,46.74,47.03,47.31,46.27,2026-08-03,3,False
TTD,Communication Services,Advertising Agencies,RSI,RSI 維持強勢 (50-70),None,0.0,0.51,0.3612,0.3612,0.3082,227,5205,-0.0037,18.96,18.89,18.82,18.77,2026-08-05,3,False
RIOT,Financials,Capital Markets,KDJ,KDJ 金叉,None,0.0,0.5525,0.3611,,0.3611,0,108,0.0084,21.5,21.68,21.86,21.29,2026-08-05,3,True
ABNB,Consumer Discretionary,Travel Services,BB,價格在 BB 中軌上方,None,0.0,0.425,0.3581,0.3581,0.2984,215,12430,0.0059,152.49,153.39,154.29,150.97,2026-08-05,3,False
ATI,Industrials,Metal Fabrication,RSI,RSI 維持強勢 (50-70),None,0.0,0.51,0.3579,,0.3579,0,746,0.0057,205.11,206.28,207.45,203.06,2026-08-05,3,True
CP,Industrials,Railroads,RSI,RSI 維持強勢 (50-70),None,0.0,0.51,0.3579,,0.3579,0,746,0.0057,91.45,91.97,92.49,90.54,2026-08-05,3,True
FERG,Industrials,Industrial Distribution,RSI,RSI 維持強勢 (50-70),None,0.0,0.51,0.3579,,0.3579,0,746,0.0057,250.08,251.51,252.93,247.58,2026-08-03,3,True
LTM,Industrials,Airlines,RSI,RSI 維持強勢 (50-70),None,0.0,0.51,0.3579,,0.3579,0,746,0.0057,57.7,58.03,58.36,57.12,2026-08-05,3,True
TRI,Industrials,Specialty Business Services,RSI,RSI 維持強勢 (50-70),None,0.0,0.51,0.3579,,0.3579,0,746,0.0057,98.61,99.17,99.73,97.62,2026-08-05,3,True
WTS,Industrials,Specialty Industrial Machinery,RSI,RSI 維持強勢 (50-70),None,0.0,0.51,0.3579,,0.3579,0,746,0.0057,363.84,365.91,367.99,360.2,2026-08-05,3,True
BMRN,Health Care,Biotechnology,BB,BB 中軌向上（上升趨勢）,Bullish Engulfing,0.75,1.0,0.3577,,0.3577,0,260,0.0085,60.72,61.24,61.75,60.11,2026-08-04,3,False
LH,Health Care,Diagnostics & Research,BB,BB 中軌向上（上升趨勢）,Bullish Engulfing,0.75,1.0,0.3577,,0.3577,0,260,0.0085,312.34,314.99,317.65,309.22,2026-08-04,3,False
QSR,Consumer Discretionary,Restaurants,KDJ,KDJ 金叉,Bullish Engulfing,0.75,1.0,0.3571,,0.3571,0,70,0.007,73.88,74.4,74.91,73.14,2026-08-04,3,False
VEEV,Health Care,Health Information Services,RSI,RSI 動能加速（強勢區）,None,0.0,0.51,0.3571,0.3571,0.2606,14,1869,-0.0086,211.86,210.04,208.22,209.74,2026-08-04,3,False
RSG,Industrials,Waste Management,BB,BB 跌破下軌 (超賣),None,0.0,0.45499999999999996,0.3571,0.3571,0.2838,14,1258,0.0128,207.66,210.32,212.98,205.58,2026-08-04,3,False
AXIA,Utilities,Utilities - Renewable,BB,BB 中軌向上（上升趨勢）,None,0.0,0.51,0.3562,,0.3562,0,365,0.0089,10.47,10.56,10.66,10.37,2026-08-05,3,True
WTRG,Utilities,Utilities - Regulated Water,BB,BB 中軌向上（上升趨勢）,None,0.0,0.51,0.3562,,0.3562,0,365,0.0089,38.78,39.13,39.47,38.39,2026-08-03,3,True
APO,Financials,Asset Management,BB,BB 中軌向上（上升趨勢）,None,0.0,0.51,0.3558,0.3558,0.2681,267,16575,0.0095,129.74,130.97,132.21,128.44,2026-08-05,3,False
BAX,Health Care,Medical Instruments & Supplies,RSI,RSI 維持強勢 (50-70),None,0.0,0.51,0.3558,0.3558,0.2772,163,12123,0.0042,27.33,27.44,27.56,27.06,2026-08-05,3,False
EBAY,Consumer Discretionary,Internet Retail,BB,BB 跌破下軌 (超賣),None,0.0,0.45499999999999996,0.3556,,0.3556,0,239,0.0004,107.13,107.17,107.22,106.06,2026-08-03,3,True
FLUT,Consumer Discretionary,Gambling,BB,BB 跌破下軌 (超賣),None,0.0,0.45499999999999996,0.3556,,0.3556,0,239,0.0004,92.91,92.95,92.98,91.98,2026-08-05,3,True
H,Consumer Discretionary,Lodging,BB,BB 跌破下軌 (超賣),None,0.0,0.45499999999999996,0.3556,,0.3556,0,239,0.0004,171.58,171.65,171.72,169.86,2026-08-03,3,True
INTU,Information Technology,Software - Application,KDJ,KDJ 金叉,None,0.0,0.5525,0.3548,0.3548,0.3918,31,1955,-0.0048,323.6,322.05,320.49,320.36,2026-08-04,3,False
PFG,Financials,Asset Management,RSI,RSI 加速上升,None,0.0,0.5525,0.3533,0.3533,0.3014,150,11488,0.0059,115.13,115.81,116.49,113.98,2026-08-03,3,False
ULTA,Consumer Discretionary,Specialty Retail,BB,BB 中軌向上（上升趨勢）,None,0.0,0.51,0.3532,0.3532,0.2908,201,9757,0.0091,539.47,544.38,549.29,534.08,2026-08-05,3,False
ENLT,Utilities,Utilities - Renewable,KDJ,KDJ 金叉,None,0.0,0.5525,0.3529,,0.3529,0,34,0.0062,90.54,91.1,91.66,89.63,2026-08-04,3,True
MAS,Industrials,Building Products & Equipment,KDJ,KDJ 金叉,None,0.0,0.5525,0.3529,0.3529,0.3223,17,2110,0.0072,77.08,77.63,78.19,76.31,2026-08-04,3,False
CMG,Consumer Discretionary,Restaurants,RSI,RSI 上穿 50 中性線,None,0.0,0.4675,0.3529,0.3529,0.3072,17,1123,-0.0006,34.5,34.48,34.46,34.16,2026-08-05,3,False
INTC,Information Technology,Semiconductors,BB,價格在 BB 中軌上方,None,0.0,0.425,0.3527,0.3527,0.3573,241,20206,0.0083,101.06,101.9,102.74,100.05,2026-08-05,3,False
BIIB,Health Care,Drug Manufacturers - General,RSI,RSI 上穿 50 中性線,Bullish Engulfing,0.75,0.9735000000000001,0.3519,,0.3519,0,54,0.0013,208.45,208.72,208.99,206.37,2026-08-04,3,False
CBRE,Real Estate,Real Estate Services,BB,BB 中軌向上（上升趨勢）,None,0.0,0.51,0.3508,0.3508,0.2647,248,5713,0.0069,151.16,152.2,153.25,149.65,2026-08-05,3,False
NKE,Consumer Discretionary,Footwear & Accessories,KDJ,KDJ 金叉,None,0.0,0.5525,0.35,0.35,0.3183,20,1244,0.0105,42.45,42.9,43.34,42.03,2026-08-05,3,False
QCOM,Information Technology,Semiconductors,KDJ,KDJ 金叉,None,0.0,0.5525,0.35,0.35,0.3918,20,1955,0.0054,162.67,163.55,164.43,161.04,2026-08-04,3,False
CAG,Consumer Staples,Packaged Foods,RSI,RSI 動能加速（強勢區）,None,0.0,0.51,0.35,0.35,0.2456,20,1148,0.0114,14.91,15.08,15.25,14.76,2026-08-03,3,False
SPCX,Industrials,Aerospace & Defense,BB,價格在 BB 中軌上方,None,0.0,0.425,0.3497,,0.3497,0,1018,0.0042,125.33,125.86,126.38,124.08,2026-08-04,3,True
IBM,Information Technology,Information Technology Services,BB,價格在 BB 中軌上方,None,0.0,0.425,0.3477,0.3477,0.3573,256,20206,0.0083,235.92,237.88,239.84,233.56,2026-08-05,3,False
ERIE,Financials,Insurance Brokers,RSI,RSI 動能加速（強勢區）,None,0.0,0.51,0.3462,0.3462,0.279,26,3129,0.0122,244.53,247.51,250.5,242.08,2026-08-04,3,False
HUM,Health Care,Healthcare Plans,KDJ,KDJ 金叉,None,0.0,0.5525,0.3448,0.3448,0.2852,29,1536,0.0102,374.5,378.32,382.14,370.75,2026-08-03,3,False
BAM,Financials,Asset Management,RSI,RSI 維持強勢 (50-70),None,0.0,0.51,0.3448,,0.3448,0,609,0.0048,51.94,52.19,52.44,51.42,2026-08-04,3,True
BBVA,Financials,Banks - Diversified,RSI,RSI 維持強勢 (50-70),None,0.0,0.51,0.3448,,0.3448,0,609,0.0048,28.07,28.2,28.34,27.79,2026-08-05,3,True
CG,Financials,Asset Management,RSI,RSI 維持強勢 (50-70),None,0.0,0.51,0.3448,,0.3448,0,609,0.0048,49.84,50.08,50.32,49.34,2026-08-05,3,True
EQH,Financials,Asset Management,RSI,RSI 維持強勢 (50-70),None,0.0,0.51,0.3448,,0.3448,0,609,0.0048,51.3,51.55,51.79,50.79,2026-08-05,3,True
HSBC,Financials,Banks - Diversified,RSI,RSI 維持強勢 (50-70),None,0.0,0.51,0.3448,,0.3448,0,609,0.0048,102.68,103.17,103.67,101.65,2026-08-05,3,True
ING,Financials,Banks - Diversified,RSI,RSI 維持強勢 (50-70),None,0.0,0.51,0.3448,,0.3448,0,609,0.0048,35.34,35.51,35.68,34.99,2026-08-04,3,True
IR,Industrials,Specialty Industrial Machinery,RSI,RSI 動能加速（強勢區）,None,0.0,0.51,0.3448,0.3448,0.2891,29,3037,0.0013,87.78,87.89,88.01,86.9,2026-08-03,3,False
NWG,Financials,Banks - Regional,RSI,RSI 維持強勢 (50-70),None,0.0,0.51,0.3448,,0.3448,0,609,0.0048,19.42,19.51,19.61,19.23,2026-08-03,3,True
RYAN,Financials,Insurance - Specialty,RSI,RSI 維持強勢 (50-70),None,0.0,0.51,0.3448,,0.3448,0,609,0.0048,43.63,43.84,44.05,43.19,2026-08-03,3,True
SAN,Financials,Banks - Diversified,RSI,RSI 維持強勢 (50-70),None,0.0,0.51,0.3448,,0.3448,0,609,0.0048,14.64,14.71,14.78,14.49,2026-08-05,3,True
TPG,Financials,Asset Management,RSI,RSI 維持強勢 (50-70),None,0.0,0.51,0.3448,,0.3448,0,609,0.0048,47.91,48.14,48.37,47.43,2026-08-05,3,True
VLYPN,Financials,Banks - Regional,RSI,RSI 維持強勢 (50-70),None,0.0,0.51,0.3448,,0.3448,0,609,0.0048,25.85,25.97,26.1,25.59,2026-08-03,3,True
VLO,Energy,Oil & Gas Refining & Marketing,BB,價格在 BB 中軌上方,None,0.0,0.425,0.3448,0.3448,0.2998,232,5768,0.0031,308.73,309.69,310.64,305.64,2026-08-04,3,False
CHKP,Information Technology,Software - Infrastructure,BB,BB 跌破下軌 (超賣),None,0.0,0.45499999999999996,0.3447,,0.3447,0,1001,0.0043,122.97,123.5,124.03,121.74,2026-08-03,3,False
FANG,Energy,Oil & Gas E&P,BB,價格在 BB 中軌上方,None,0.0,0.425,0.3447,0.3447,0.2998,264,5768,-0.0013,198.75,198.49,198.23,196.76,2026-08-03,3,False
KDP,Consumer Staples,Beverages - Non-Alcoholic,RSI,RSI 上穿 50 中性線,None,0.0,0.4675,0.3429,0.3429,0.2565,35,928,0.0036,31.1,31.21,31.32,30.79,2026-08-04,3,False
MAA,Real Estate,REIT - Residential,RSI,RSI 上穿 50 中性線,None,0.0,0.4675,0.3429,0.3429,0.2311,35,818,0.009,134.56,135.77,136.98,133.21,2026-08-05,3,False
GEN,Information Technology,Software - Infrastructure,BB,BB 中軌向上（上升趨勢）,None,0.0,0.51,0.3408,0.3408,0.3639,179,16781,0.006,27.95,28.12,28.29,27.67,2026-08-05,3,False
AZN,Health Care,Drug Manufacturers - General,BB,BB 中軌向上（上升趨勢）,None,0.0,0.51,0.3402,,0.3402,0,579,0.0005,161.5,161.58,161.66,159.88,2026-08-05,3,True
PPG,Materials,Specialty Chemicals,BB,價格在 BB 中軌上方,None,0.0,0.425,0.3398,0.3398,0.2859,206,6697,0.0056,119.13,119.8,120.46,117.94,2026-08-05,3,False
ARES,Financials,Asset Management,RSI,RSI 加速上升,None,0.0,0.5525,0.3394,0.3394,0.3014,165,11488,0.0081,139.77,140.9,142.03,138.37,2026-08-05,3,False
STT,Financials,Asset Management,RSI,RSI 加速上升,None,0.0,0.5525,0.3393,0.3393,0.3014,168,11488,0.009,187.05,188.73,190.42,185.18,2026-08-05,3,False
STRL,Industrials,Engineering & Construction,RSI,RSI 加速上升,None,0.0,0.5525,0.3379,,0.3379,0,651,0.0035,541.62,543.52,545.41,536.2,2026-08-04,3,True
DASH,Consumer Discretionary,Internet Retail,RSI,RSI 維持強勢 (50-70),None,0.0,0.51,0.3377,0.3377,0.2995,231,10441,0.001,207.27,207.48,207.68,205.2,2026-08-05,3,False
CBOE,Financials,Financial Data & Stock Exchanges,RSI,RSI 維持強勢 (50-70),None,0.0,0.51,0.3371,0.3371,0.2842,267,19108,0.0055,284.76,286.33,287.89,281.91,2026-08-05,3,False
CTSH,Information Technology,Information Technology Services,RSI,RSI 加速上升,None,0.0,0.5525,0.3359,0.3359,0.3693,131,10688,0.0029,55.17,55.33,55.49,54.62,2026-08-03,3,False
TSLA,Consumer Discretionary,Auto Manufacturers,RSI,RSI 加速上升,None,0.0,0.5525,0.3354,0.3354,0.3117,164,6796,0.0008,321.55,321.81,322.06,318.33,2026-08-05,3,False
RDDT,Communication Services,Internet Content & Information,KDJ,KDJ 金叉,None,0.0,0.5525,0.3345,,0.3345,0,550,0.0065,154.71,155.72,156.72,153.16,2026-08-03,3,False
SKM,Communication Services,Telecom Services,KDJ,KDJ 金叉,None,0.0,0.5525,0.3345,,0.3345,0,550,0.0065,34.8,35.03,35.25,34.45,2026-08-04,3,False
TLK,Communication Services,Telecom Services,KDJ,KDJ 金叉,None,0.0,0.5525,0.3345,,0.3345,0,550,0.0065,15.18,15.28,15.38,15.03,2026-08-03,3,False
EA,Communication Services,Electronic Gaming & Multimedia,BB,價格在 BB 中軌上方,Consolidation Breakout,0.85,1.0,0.3333,,0.3333,0,51,0.0016,209.7,210.04,210.37,207.6,2026-08-04,3,True
CPRT,Industrials,Specialty Business Services,MACD,MACD 突破 0 軸,None,0.0,0.595,0.3333,0.3333,0.2912,6,570,0.0138,29.4,29.81,30.21,29.11,2026-08-04,3,False
GSAT,Communication Services,Telecom Services,MACD,MACD 突破 0 軸,None,0.0,0.595,0.3333,,0.3333,0,165,0.0084,84.18,84.89,85.59,83.34,2026-08-03,3,False
MCHP,Information Technology,Semiconductors,RSI,RSI 加速上升,None,0.0,0.5525,0.3333,0.3333,0.3693,117,10688,0.01,77.79,78.57,79.35,77.01,2026-08-05,3,False
AOS,Industrials,Specialty Industrial Machinery,BB,BB 中軌向上（上升趨勢）,None,0.0,0.51,0.3333,0.3333,0.2929,138,17460,0.0049,63.18,63.49,63.8,62.55,2026-08-05,3,False
TKO,Communication Services,Entertainment,BB,價格在 BB 中軌上方,None,0.0,0.425,0.3333,0.3333,0.3007,258,6080,0.0028,184.51,185.03,185.54,182.66,2026-08-04,3,False
TEVA,Health Care,Drug Manufacturers - Specialty & Generic,BB,價格在 BB 中軌上方,Bullish Engulfing,0.75,0.9075,0.332,,0.332,0,259,0.0039,34.72,34.86,34.99,34.37,2026-08-05,3,False
CHTR,Communication Services,Telecom Services,RSI,RSI 維持強勢 (50-70),None,0.0,0.51,0.3315,0.3315,0.3082,178,5205,-0.0055,153.17,152.33,151.49,151.64,2026-08-05,3,False
CINF,Financials,Insurance - Property & Casualty,RSI,RSI 維持強勢 (50-70),Bullish Engulfing,0.75,1.0,0.3314,,0.3314,0,353,0.0074,179.42,180.75,182.08,177.63,2026-08-04,3,False
HSIC,Health Care,Medical Distribution,BB,價格在 BB 中軌上方,None,0.0,0.425,0.3314,0.3314,0.2804,169,14417,-0.0009,89.59,89.51,89.43,88.69,2026-08-05,3,False
PSKY,Communication Services,Entertainment,RSI,RSI 加速上升,None,0.0,0.5525,0.3309,0.3309,0.3116,139,3322,0.0011,8.38,8.39,8.4,8.3,2026-08-04,3,False
NOC,Industrials,Aerospace & Defense,RSI,RSI 加速上升,None,0.0,0.5525,0.3308,0.3308,0.2981,133,11545,0.0065,557.47,561.09,564.72,551.9,2026-08-05,3,False
AGX,Industrials,Engineering & Construction,MACD,MACD 金叉 (空頭區),None,0.0,0.42,0.3303,,0.3303,0,875,0.0053,592.66,595.8,598.94,586.73,2026-08-03,3,False
BE,Industrials,Electrical Equipment & Parts,MACD,MACD 金叉 (空頭區),None,0.0,0.42,0.3303,,0.3303,0,875,0.0053,218.32,219.48,220.63,216.14,2026-08-03,3,False
BWXT,Industrials,Aerospace & Defense,MACD,MACD 金叉 (空頭區),None,0.0,0.42,0.3303,,0.3303,0,875,0.0053,173.79,174.71,175.63,172.05,2026-08-03,3,False
DY,Industrials,Engineering & Construction,MACD,MACD 金叉 (空頭區),None,0.0,0.42,0.3303,,0.3303,0,875,0.0053,415.08,417.28,419.48,410.93,2026-08-04,3,False
FPS,Industrials,Electrical Equipment & Parts,MACD,MACD 金叉 (空頭區),None,0.0,0.42,0.3303,,0.3303,0,875,0.0053,39.4,39.61,39.82,39.01,2026-08-04,3,False
FTAI,Industrials,Aerospace & Defense,MACD,MACD 金叉 (空頭區),None,0.0,0.42,0.3303,,0.3303,0,875,0.0053,225.15,226.34,227.54,222.9,2026-08-03,3,False
INIO,Industrials,Specialty Industrial Machinery,MACD,MACD 金叉 (空頭區),None,0.0,0.42,0.3303,,0.3303,0,875,0.0053,26.11,26.25,26.39,25.85,2026-08-05,3,False
NVT,Industrials,Electrical Equipment & Parts,MACD,MACD 金叉 (空頭區),None,0.0,0.42,0.3303,,0.3303,0,875,0.0053,159.41,160.25,161.1,157.82,2026-08-03,3,False
PAC,Industrials,Airports & Air Services,MACD,MACD 金叉 (空頭區),None,0.0,0.42,0.3303,,0.3303,0,875,0.0053,218.14,219.3,220.45,215.96,2026-08-03,3,False
POOL,Industrials,Industrial Distribution,MACD,MACD 金叉 (空頭區),None,0.0,0.42,0.3303,,0.3303,0,875,0.0053,203.44,204.52,205.6,201.41,2026-08-04,3,False
QXO,Industrials,Industrial Distribution,MACD,MACD 金叉 (空頭區),None,0.0,0.42,0.3303,,0.3303,0,875,0.0053,14.09,14.16,14.24,13.95,2026-08-03,3,False
RYAAY,Industrials,Airlines,MACD,MACD 金叉 (空頭區),None,0.0,0.42,0.3303,,0.3303,0,875,0.0053,61.19,61.51,61.84,60.58,2026-08-05,3,False
SPXC,Industrials,Building Products & Equipment,MACD,MACD 金叉 (空頭區),None,0.0,0.42,0.3303,,0.3303,0,875,0.0053,215.97,217.11,218.26,213.81,2026-08-04,3,False
VMI,Industrials,Conglomerates,MACD,MACD 金叉 (空頭區),None,0.0,0.42,0.3303,,0.3303,0,875,0.0053,496.4,499.03,501.66,491.44,2026-08-05,3,False
AFRM,Financials,Credit Services,MACD,MACD 突破 0 軸,None,0.0,0.595,0.3301,,0.3301,0,618,0.0061,78.12,78.6,79.07,77.34,2026-08-04,3,False
ALLY,Financials,Credit Services,MACD,MACD 突破 0 軸,None,0.0,0.595,0.3301,,0.3301,0,618,0.0061,44.07,44.34,44.61,43.63,2026-08-03,3,False
BNT,Financials,Insurance - Diversified,MACD,MACD 突破 0 軸,None,0.0,0.595,0.3301,,0.3301,0,618,0.0061,45.12,45.4,45.67,44.67,2026-08-05,3,False
HBANL,Financials,Banks - Regional,MACD,MACD 突破 0 軸,None,0.0,0.595,0.3301,,0.3301,0,618,0.0061,25.1,25.25,25.41,24.85,2026-08-03,3,False
HBANM,Financials,Banks - Regional,MACD,MACD 突破 0 軸,None,0.0,0.595,0.3301,,0.3301,0,618,0.0061,20.95,21.08,21.21,20.74,2026-08-04,3,False
SOFI,Financials,Credit Services,MACD,MACD 突破 0 軸,None,0.0,0.595,0.3301,,0.3301,0,618,0.0061,18.25,18.36,18.47,18.07,2026-08-05,3,False
SPY,Financials,Asset Management,MACD,MACD 突破 0 軸,None,0.0,0.595,0.3301,,0.3301,0,618,0.0061,757.67,762.29,766.91,750.09,2026-08-03,3,False
UNM,Financials,Insurance - Life,MACD,MACD 突破 0 軸,None,0.0,0.595,0.3301,,0.3301,0,618,0.0061,91.39,91.95,92.5,90.48,2026-08-04,3,False
TIGO,Communication Services,Telecom Services,BB,BB 跌破下軌 (超賣),None,0.0,0.45499999999999996,0.33,,0.33,0,397,0.0048,91.79,92.23,92.67,90.87,2026-08-05,3,False
TU,Communication Services,Telecom Services,BB,BB 跌破下軌 (超賣),None,0.0,0.45499999999999996,0.33,,0.33,0,397,0.0048,9.59,9.64,9.68,9.49,2026-08-03,3,False
VIV,Communication Services,Telecom Services,BB,BB 跌破下軌 (超賣),None,0.0,0.45499999999999996,0.33,,0.33,0,397,0.0048,12.2,12.26,12.32,12.08,2026-08-05,3,False
BXP,Real Estate,REIT - Office,BB,BB 中軌向上（上升趨勢）,None,0.0,0.51,0.3295,0.3295,0.2647,173,5713,0.0044,70.01,70.32,70.63,69.31,2026-08-05,3,False
AMRZ,Materials,Building Materials,RSI,RSI 上穿 50 中性線,None,0.0,0.4675,0.3294,,0.3294,0,595,0.0031,51.08,51.24,51.4,50.57,2026-08-03,3,False
AU,Materials,Gold,RSI,RSI 上穿 50 中性線,None,0.0,0.4675,0.3294,,0.3294,0,595,0.0031,81.61,81.86,82.12,80.79,2026-08-03,3,False
BHP,Materials,Other Industrial Metals & Mining,RSI,RSI 上穿 50 中性線,None,0.0,0.4675,0.3294,,0.3294,0,595,0.0031,87.46,87.73,88.0,86.59,2026-08-04,3,False
PKX,Materials,Steel,RSI,RSI 上穿 50 中性線,None,0.0,0.4675,0.3294,,0.3294,0,595,0.0031,54.68,54.85,55.02,54.13,2026-08-04,3,False
RGLD,Materials,Gold,RSI,RSI 上穿 50 中性線,None,0.0,0.4675,0.3294,,0.3294,0,595,0.0031,202.04,202.67,203.29,200.02,2026-08-03,3,False
VALE,Materials,Other Industrial Metals & Mining,RSI,RSI 上穿 50 中性線,None,0.0,0.4675,0.3294,,0.3294,0,595,0.0031,14.83,14.88,14.92,14.68,2026-08-04,3,False
BCH,Financials,Banks - Regional,RSI,RSI 維持強勢 (50-70),Support,0.8,1.0,0.3276,,0.3276,0,58,0.0022,41.55,41.64,41.73,41.13,2026-08-03,3,True
BSAC,Financials,Banks - Regional,RSI,RSI 維持強勢 (50-70),Support,0.8,1.0,0.3276,,0.3276,0,58,0.0022,34.71,34.79,34.86,34.36,2026-08-03,3,False
LEN,Consumer Discretionary,Residential Construction,RSI,RSI 加速上升,None,0.0,0.5525,0.3265,0.3265,0.3117,147,6796,0.0031,87.88,88.15,88.42,87.0,2026-08-05,3,False
TMO,Health Care,Diagnostics & Research,RSI,RSI 維持強勢 (50-70),None,0.0,0.51,0.3265,0.3265,0.2772,196,12123,0.0039,577.83,580.08,582.34,572.05,2026-08-05,3,False
AGNCL,Real Estate,REIT - Mortgage,BB,價格在 BB 中軌上方,Consolidation Breakout,0.85,1.0,0.3261,,0.3261,0,46,0.0094,25.15,25.39,25.62,24.9,2026-08-05,3,True
APP,Communication Services,Advertising Agencies,MACD,MACD 金叉 (空頭區),None,0.0,0.42,0.3254,,0.3254,0,252,0.0044,419.7,421.55,423.39,415.5,2026-08-04,3,False
NBIS,Communication Services,Internet Content & Information,MACD,MACD 金叉 (空頭區),None,0.0,0.42,0.3254,,0.3254,0,252,0.0044,212.58,213.52,214.45,210.45,2026-08-03,3,False
OWL,Financials,Asset Management,BB,價格在 BB 中軌上方,None,0.0,0.425,0.3239,,0.3239,0,852,0.0045,11.16,11.21,11.26,11.05,2026-08-03,3,True
A,Health Care,Diagnostics & Research,RSI,RSI 維持強勢 (50-70),None,0.0,0.51,0.3237,0.3237,0.2772,207,12123,0.0002,141.11,141.14,141.17,139.7,2026-08-05,3,False
CVE,Energy,Oil & Gas Integrated,RSI,RSI 加速上升,None,0.0,0.5525,0.3227,,0.3227,0,3306,0.0024,29.57,29.64,29.71,29.27,2026-08-03,3,False
EC,Energy,Oil & Gas Integrated,RSI,RSI 加速上升,None,0.0,0.5525,0.3227,,0.3227,0,3306,0.0024,16.6,16.64,16.68,16.43,2026-08-03,3,False
PBR,Energy,Oil & Gas Integrated,RSI,RSI 加速上升,None,0.0,0.5525,0.3227,,0.3227,0,3306,0.0024,19.06,19.11,19.15,18.87,2026-08-03,3,False
SHEL,Energy,Oil & Gas Integrated,RSI,RSI 加速上升,None,0.0,0.5525,0.3227,,0.3227,0,3306,0.0024,91.08,91.3,91.52,90.17,2026-08-03,3,False
SUN,Energy,Oil & Gas Refining & Marketing,RSI,RSI 加速上升,None,0.0,0.5525,0.3227,,0.3227,0,3306,0.0024,77.41,77.6,77.78,76.64,2026-08-03,3,False
TTE,Energy,Oil & Gas Integrated,RSI,RSI 加速上升,None,0.0,0.5525,0.3227,,0.3227,0,3306,0.0024,87.2,87.41,87.62,86.33,2026-08-03,3,False
CB,Financials,Insurance - Property & Casualty,RSI,RSI 上穿 50 中性線,None,0.0,0.4675,0.3226,0.3226,0.3091,31,1899,0.0065,352.54,354.83,357.12,349.01,2026-08-05,3,False
AER,Industrials,Rental & Leasing Services,KDJ,KDJ 金叉,None,0.0,0.5525,0.3223,,0.3223,0,2110,0.0051,155.08,155.87,156.66,153.53,2026-08-04,3,False
AIT,Industrials,Industrial Distribution,KDJ,KDJ 金叉,None,0.0,0.5525,0.3223,,0.3223,0,2110,0.0051,351.9,353.69,355.49,348.38,2026-08-03,3,False
AYI,Industrials,Electrical Equipment & Parts,KDJ,KDJ 金叉,None,0.0,0.5525,0.3223,,0.3223,0,2110,0.0051,348.58,350.36,352.14,345.09,2026-08-04,3,False
CR,Industrials,Specialty Industrial Machinery,KDJ,KDJ 金叉,None,0.0,0.5525,0.3223,,0.3223,0,2110,0.0051,224.1,225.24,226.39,221.86,2026-08-04,3,False
CRS,Industrials,Metal Fabrication,KDJ,KDJ 金叉,None,0.0,0.5525,0.3223,,0.3223,0,2110,0.0051,570.13,573.04,575.95,564.43,2026-08-04,3,False
DCI,Industrials,Specialty Industrial Machinery,KDJ,KDJ 金叉,None,0.0,0.5525,0.3223,,0.3223,0,2110,0.0051,96.02,96.51,97.0,95.06,2026-08-03,3,False
ESLT,Industrials,Aerospace & Defense,KDJ,KDJ 金叉,None,0.0,0.5525,0.3223,,0.3223,0,2110,0.0051,830.15,834.38,838.62,821.85,2026-08-03,3,False
GGG,Industrials,Specialty Industrial Machinery,KDJ,KDJ 金叉,None,0.0,0.5525,0.3223,,0.3223,0,2110,0.0051,82.31,82.73,83.15,81.49,2026-08-04,3,False
R,Industrials,Rental & Leasing Services,KDJ,KDJ 金叉,None,0.0,0.5525,0.3223,,0.3223,0,2110,0.0051,268.8,270.17,271.54,266.11,2026-08-04,3,False
RBC,Industrials,Tools & Accessories,KDJ,KDJ 金叉,None,0.0,0.5525,0.3223,,0.3223,0,2110,0.0051,572.17,575.09,578.01,566.45,2026-08-05,3,False
WSO,Industrials,Industrial Distribution,KDJ,KDJ 金叉,None,0.0,0.5525,0.3223,,0.3223,0,2110,0.0051,335.07,336.78,338.49,331.72,2026-08-04,3,False
GL,Financials,Insurance - Life,RSI,RSI 加速上升,None,0.0,0.5525,0.3221,0.3221,0.3014,149,11488,0.0145,183.86,186.53,189.19,182.02,2026-08-05,3,False
AIZ,Financials,Insurance - Property & Casualty,RSI,RSI 動能加速（強勢區）,Consolidation Breakout,0.85,1.0,0.3218,,0.3218,0,87,0.0041,301.57,302.81,304.04,298.55,2026-08-05,3,True
WBS,Financials,Banks - Regional,RSI,RSI 動能加速（強勢區）,Consolidation Breakout,0.85,1.0,0.3218,,0.3218,0,87,0.0041,79.12,79.44,79.77,78.33,2026-08-05,3,True
GM,Consumer Discretionary,Auto Manufacturers,RSI,RSI 維持強勢 (50-70),None,0.0,0.51,0.3217,0.3217,0.2995,230,10441,0.0003,89.16,89.19,89.21,88.27,2026-08-05,3,False
GLXY,Financials,Capital Markets,MACD,MACD 金叉 (空頭區),None,0.0,0.42,0.3214,,0.3214,0,865,0.0073,22.14,22.3,22.46,21.92,2026-08-04,3,False
RKT,Financials,Mortgage Finance,MACD,MACD 金叉 (空頭區),None,0.0,0.42,0.3214,,0.3214,0,865,0.0073,13.86,13.96,14.06,13.72,2026-08-05,3,False
REGN,Health Care,Biotechnology,BB,價格在 BB 中軌上方,None,0.0,0.425,0.3207,0.3207,0.2804,290,14417,0.0008,768.58,769.19,769.81,760.89,2026-08-05,3,False
NTAP,Information Technology,Software - Infrastructure,RSI,RSI 加速上升,None,0.0,0.5525,0.3206,0.3206,0.3693,131,10688,0.0047,186.6,187.48,188.35,184.73,2026-08-05,3,False
MMM,Industrials,Conglomerates,BB,BB 中軌向上（上升趨勢）,None,0.0,0.51,0.3206,0.3206,0.2929,209,17460,0.0049,182.08,182.97,183.86,180.26,2026-08-05,3,False
SHW,Materials,Specialty Chemicals,RSI,RSI 加速上升,None,0.0,0.5525,0.32,0.32,0.3048,100,3639,0.0092,369.68,373.08,376.48,365.98,2026-08-05,3,False
DRI,Consumer Discretionary,Restaurants,RSI,RSI 動能加速（強勢區）,None,0.0,0.51,0.32,0.32,0.3027,25,1665,0.001,208.85,209.06,209.27,206.76,2026-08-05,3,False
TROW,Financials,Asset Management,RSI,RSI 上穿 50 中性線,None,0.0,0.4675,0.32,0.32,0.3091,25,1899,0.0033,115.79,116.17,116.55,114.63,2026-08-04,3,False
CRM,Information Technology,Software - Application,RSI,RSI 加速上升,None,0.0,0.5525,0.3195,0.3195,0.3693,169,10688,-0.0026,185.95,185.47,184.98,184.09,2026-08-03,3,False
CCZ,Communication Services,Cable & Satellite,BB,BB 跌破下軌 (超賣),None,0.0,0.45499999999999996,0.3194,,0.3194,0,144,0.0009,64.3,64.36,64.42,63.66,2026-08-05,3,True
RBLX,Communication Services,Electronic Gaming & Multimedia,BB,BB 跌破下軌 (超賣),None,0.0,0.45499999999999996,0.3194,,0.3194,0,144,0.0009,36.67,36.7,36.74,36.3,2026-08-03,3,True
WMG,Communication Services,Entertainment,BB,BB 跌破下軌 (超賣),None,0.0,0.45499999999999996,0.3194,,0.3194,0,144,0.0009,25.1,25.12,25.15,24.85,2026-08-03,3,True
DOC,Real Estate,REIT - Healthcare Facilities,RSI,RSI 維持強勢 (50-70),None,0.0,0.51,0.3188,0.3188,0.2509,207,7011,0.004,21.79,21.88,21.96,21.57,2026-08-05,3,False
AMCR,Consumer Discretionary,Packaging & Containers,KDJ,KDJ 金叉,None,0.0,0.5525,0.3183,,0.3183,0,1244,0.0033,46.02,46.17,46.32,45.56,2026-08-03,3,False
AVY,Consumer Discretionary,Packaging & Containers,KDJ,KDJ 金叉,None,0.0,0.5525,0.3183,,0.3183,0,1244,0.0033,175.58,176.16,176.74,173.82,2026-08-05,3,False
BROS,Consumer Discretionary,Restaurants,KDJ,KDJ 金叉,None,0.0,0.5525,0.3183,,0.3183,0,1244,0.0033,65.67,65.89,66.1,65.01,2026-08-05,3,False
BWA,Consumer Discretionary,Auto Parts,KDJ,KDJ 金叉,None,0.0,0.5525,0.3183,,0.3183,0,1244,0.0033,66.78,67.0,67.22,66.11,2026-08-05,3,False
CCK,Consumer Discretionary,Packaging & Containers,KDJ,KDJ 金叉,None,0.0,0.5525,0.3183,,0.3183,0,1244,0.0033,119.87,120.27,120.66,118.67,2026-08-03,3,False
AZO,Consumer Discretionary,Auto Parts,KDJ,KDJ 金叉,None,0.0,0.5525,0.3182,0.3182,0.3183,22,1244,0.0145,3066.0601,3110.52,3154.98,3035.4,2026-08-05,3,False
EQIX,Real Estate,REIT - Specialty,RSI,RSI 加速上升,None,0.0,0.5525,0.3182,0.3182,0.2327,132,4401,0.0054,1056.2,1061.9,1067.61,1045.64,2026-08-05,3,False
COIN,Financials,Financial Data & Stock Exchanges,BB,BB 跌破下軌 (超賣),None,0.0,0.45499999999999996,0.3182,0.3182,0.3485,22,1277,-0.0036,146.5,145.97,145.45,145.03,2026-08-03,3,False
SWK,Industrials,Tools & Accessories,BB,價格在 BB 中軌上方,None,0.0,0.425,0.3182,0.3182,0.295,198,22337,-0.0023,102.4,102.16,101.93,101.38,2026-08-04,3,False
EXE,Energy,Oil & Gas E&P,RSI,RSI 維持強勢 (50-70),None,0.0,0.51,0.318,0.318,0.2963,217,4891,0.0004,93.07,93.11,93.14,92.14,2026-08-04,3,False
HAS,Consumer Discretionary,Leisure,BB,價格在 BB 中軌上方,None,0.0,0.425,0.318,0.318,0.2984,305,12430,0.0053,91.16,91.64,92.13,90.25,2026-08-05,3,False
BRKRP,Health Care,Medical Devices,BB,BB 跌破下軌 (超賣),None,0.0,0.45499999999999996,0.3173,,0.3173,0,375,-0.0037,391.1,389.65,388.21,387.19,2026-08-05,3,True
MDLN,Health Care,Medical Instruments & Supplies,BB,BB 跌破下軌 (超賣),None,0.0,0.45499999999999996,0.3173,,0.3173,0,375,-0.0037,36.665,36.53,36.39,36.3,2026-08-05,3,True
NVO,Health Care,Drug Manufacturers - General,BB,BB 跌破下軌 (超賣),None,0.0,0.45499999999999996,0.3173,,0.3173,0,375,-0.0037,44.53,44.37,44.2,44.08,2026-08-05,3,True
GMED,Health Care,Medical Devices,MACD,MACD 突破 0 軸,None,0.0,0.595,0.3171,,0.3171,0,432,0.0028,81.46,81.69,81.92,80.65,2026-08-03,3,False
WDAY,Information Technology,Software - Application,RSI,RSI 加速上升,None,0.0,0.5525,0.3154,0.3154,0.3693,130,10688,-0.0125,165.05,162.99,160.92,163.4,2026-08-03,3,False
IQV,Health Care,Diagnostics & Research,RSI,RSI 維持強勢 (50-70),None,0.0,0.51,0.315,0.315,0.2772,200,12123,0.0008,236.05,236.24,236.43,233.69,2026-08-05,3,False
BEPC,Utilities,Utilities - Renewable,RSI,RSI 加速上升,None,0.0,0.5525,0.3147,,0.3147,0,251,0.0085,33.3,33.58,33.87,32.97,2026-08-05,3,True
DOW,Materials,Chemicals,RSI,RSI 加速上升,None,0.0,0.5525,0.3145,0.3145,0.3048,159,3639,-0.0053,30.33,30.17,30.01,30.03,2026-08-04,3,False
ARGX,Health Care,Biotechnology,RSI,RSI 上穿 50 中性線,None,0.0,0.4675,0.3144,,0.3144,0,1323,0.003,867.94,870.54,873.15,859.26,2026-08-05,3,False
CRSP,Health Care,Biotechnology,RSI,RSI 上穿 50 中性線,None,0.0,0.4675,0.3144,,0.3144,0,1323,0.003,53.07,53.23,53.39,52.54,2026-08-04,3,False
PHG,Health Care,Medical Devices,RSI,RSI 上穿 50 中性線,None,0.0,0.4675,0.3144,,0.3144,0,1323,0.003,26.59,26.67,26.75,26.32,2026-08-05,3,False
RPRX,Health Care,Biotechnology,RSI,RSI 上穿 50 中性線,None,0.0,0.4675,0.3144,,0.3144,0,1323,0.003,57.48,57.65,57.82,56.91,2026-08-04,3,False
ARCC,Financials,Asset Management,KDJ,KDJ 金叉,None,0.0,0.5525,0.3142,,0.3142,0,1932,0.0041,19.17,19.25,19.33,18.98,2026-08-03,3,False
BBD,Financials,Banks - Regional,KDJ,KDJ 金叉,None,0.0,0.5525,0.3142,,0.3142,0,1932,0.0041,3.62,3.63,3.65,3.58,2026-08-03,3,False
BCS,Financials,Banks - Diversified,KDJ,KDJ 金叉,None,0.0,0.5525,0.3142,,0.3142,0,1932,0.0041,27.83,27.94,28.06,27.55,2026-08-03,3,False
BNY,Financials,Banks - Diversified,KDJ,KDJ 金叉,None,0.0,0.5525,0.3142,,0.3142,0,1932,0.0041,156.2,156.84,157.48,154.64,2026-08-03,3,False
BPOP,Financials,Banks - Regional,KDJ,KDJ 金叉,None,0.0,0.5525,0.3142,,0.3142,0,1932,0.0041,177.52,178.25,178.98,175.74,2026-08-05,3,False
CRCL,Financials,Capital Markets,KDJ,KDJ 金叉,None,0.0,0.5525,0.3142,,0.3142,0,1932,0.0041,63.25,63.51,63.77,62.62,2026-08-04,3,False
EWBC,Financials,Banks - Regional,KDJ,KDJ 金叉,None,0.0,0.5525,0.3142,,0.3142,0,1932,0.0041,132.15,132.69,133.23,130.83,2026-08-03,3,False
FHN,Financials,Banks - Regional,KDJ,KDJ 金叉,None,0.0,0.5525,0.3142,,0.3142,0,1932,0.0041,25.8,25.91,26.01,25.54,2026-08-03,3,False
FUTU,Financials,Capital Markets,KDJ,KDJ 金叉,None,0.0,0.5525,0.3142,,0.3142,0,1932,0.0041,107.04,107.48,107.92,105.97,2026-08-03,3,False
HBANP,Financials,Banks - Regional,KDJ,KDJ 金叉,None,0.0,0.5525,0.3142,,0.3142,0,1932,0.0041,16.29,16.36,16.42,16.13,2026-08-03,3,False
HUT,Financials,Capital Markets,KDJ,KDJ 金叉,None,0.0,0.5525,0.3142,,0.3142,0,1932,0.0041,112.08,112.54,113.0,110.96,2026-08-03,3,False
IX,Financials,Financial Conglomerates,KDJ,KDJ 金叉,None,0.0,0.5525,0.3142,,0.3142,0,1932,0.0041,41.31,41.48,41.65,40.9,2026-08-05,3,False
JEF,Financials,Capital Markets,KDJ,KDJ 金叉,None,0.0,0.5525,0.3142,,0.3142,0,1932,0.0041,55.71,55.94,56.17,55.15,2026-08-04,3,False
SHG,Financials,Banks - Regional,KDJ,KDJ 金叉,None,0.0,0.5525,0.3142,,0.3142,0,1932,0.0041,71.18,71.47,71.76,70.47,2026-08-03,3,False
TRU,Financials,Financial Data & Stock Exchanges,KDJ,KDJ 金叉,None,0.0,0.5525,0.3142,,0.3142,0,1932,0.0041,81.72,82.06,82.39,80.9,2026-08-04,3,False
WTFC,Financials,Banks - Regional,KDJ,KDJ 金叉,None,0.0,0.5525,0.3142,,0.3142,0,1932,0.0041,161.76,162.42,163.09,160.14,2026-08-03,3,False
B,Materials,Gold,KDJ,KDJ 金叉,None,0.0,0.5525,0.314,,0.314,0,637,0.0047,37.36,37.54,37.71,36.99,2026-08-03,3,False
FNV,Materials,Gold,KDJ,KDJ 金叉,None,0.0,0.5525,0.314,,0.314,0,637,0.0047,226.55,227.61,228.68,224.28,2026-08-05,3,False
RPM,Materials,Specialty Chemicals,KDJ,KDJ 金叉,None,0.0,0.5525,0.314,,0.314,0,637,0.0047,111.49,112.01,112.54,110.38,2026-08-03,3,False
SCCO,Materials,Copper,KDJ,KDJ 金叉,None,0.0,0.5525,0.314,,0.314,0,637,0.0047,185.91,186.78,187.66,184.05,2026-08-03,3,False
SQM,Materials,Specialty Chemicals,KDJ,KDJ 金叉,None,0.0,0.5525,0.314,,0.314,0,637,0.0047,68.58,68.9,69.22,67.89,2026-08-04,3,False
BDRX,Health Care,Biotechnology,RSI,RSI 維持超賣,None,0.0,0.385,0.3138,,0.3138,0,956,0.0016,1.49,1.49,1.49,1.48,2026-08-04,3,False
BIDU,Communication Services,Internet Content & Information,RSI,RSI 動能加速（強勢區）,None,0.0,0.51,0.3135,,0.3135,0,772,0.0011,113.06,113.18,113.31,111.93,2026-08-03,3,False
HMC,Consumer Discretionary,Auto Manufacturers,RSI,RSI 維持強勢 (50-70),Support,0.7,1.0,0.3125,,0.3125,0,32,-0.0041,29.6,29.48,29.36,29.3,2026-08-03,3,False
NDSN,Industrials,Specialty Industrial Machinery,KDJ,KDJ 金叉,None,0.0,0.5525,0.3125,0.3125,0.3223,16,2110,0.0072,302.62,304.8,306.98,299.59,2026-08-03,3,False
VMC,Materials,Building Materials,KDJ,KDJ 金叉,None,0.0,0.5525,0.3125,0.3125,0.314,32,637,0.0099,283.59,286.4,289.21,280.75,2026-08-03,3,False
TSCO,Consumer Discretionary,Specialty Retail,RSI,RSI 動能加速（強勢區）,None,0.0,0.51,0.3125,0.3125,0.3027,32,1665,-0.004,33.12,32.99,32.86,32.79,2026-08-04,3,False
AUR,Consumer Discretionary,Auto Parts,RSI,RSI 加速上升,None,0.0,0.5525,0.3117,,0.3117,0,6796,0.004,7.23,7.26,7.29,7.16,2026-08-04,3,False
BABA,Consumer Discretionary,Internet Retail,RSI,RSI 加速上升,None,0.0,0.5525,0.3117,,0.3117,0,6796,0.004,128.53,129.04,129.56,127.24,2026-08-05,3,False
CART,Consumer Discretionary,Internet Retail,RSI,RSI 加速上升,None,0.0,0.5525,0.3117,,0.3117,0,6796,0.004,45.39,45.57,45.75,44.94,2026-08-03,3,False
FIVE,Consumer Discretionary,Specialty Retail,RSI,RSI 加速上升,None,0.0,0.5525,0.3117,,0.3117,0,6796,0.004,224.16,225.06,225.95,221.92,2026-08-05,3,False
JD,Consumer Discretionary,Internet Retail,RSI,RSI 加速上升,None,0.0,0.5525,0.3117,,0.3117,0,6796,0.004,33.02,33.15,33.28,32.69,2026-08-03,3,False
MELI,Consumer Discretionary,Internet Retail,RSI,RSI 加速上升,None,0.0,0.5525,0.3117,,0.3117,0,6796,0.004,1922.5699,1930.26,1937.95,1903.34,2026-08-05,3,False
MOD,Consumer Discretionary,Auto Parts,RSI,RSI 加速上升,None,0.0,0.5525,0.3117,,0.3117,0,6796,0.004,194.61,195.39,196.17,192.66,2026-08-05,3,False
NIO,Consumer Discretionary,Auto Manufacturers,RSI,RSI 加速上升,None,0.0,0.5525,0.3117,,0.3117,0,6796,0.004,4.81,4.83,4.85,4.76,2026-08-03,3,False
PDD,Consumer Discretionary,Internet Retail,RSI,RSI 加速上升,None,0.0,0.5525,0.3117,,0.3117,0,6796,0.004,91.03,91.39,91.76,90.12,2026-08-04,3,False
RACE,Consumer Discretionary,Auto Manufacturers,RSI,RSI 加速上升,None,0.0,0.5525,0.3117,,0.3117,0,6796,0.004,406.8,408.43,410.05,402.73,2026-08-05,3,False
SGI,Consumer Discretionary,"Furnishings, Fixtures & Appliances",RSI,RSI 加速上升,None,0.0,0.5525,0.3117,,0.3117,0,6796,0.004,69.58,69.86,70.14,68.88,2026-08-05,3,False
STLA,Consumer Discretionary,Auto Manufacturers,RSI,RSI 加速上升,None,0.0,0.5525,0.3117,,0.3117,0,6796,0.004,5.86,5.88,5.91,5.8,2026-08-04,3,False
TCOM,Consumer Discretionary,Travel Services,RSI,RSI 加速上升,None,0.0,0.5525,0.3117,,0.3117,0,6796,0.004,47.3,47.49,47.68,46.83,2026-08-03,3,False
VIK,Consumer Discretionary,Travel Services,RSI,RSI 加速上升,None,0.0,0.5525,0.3117,,0.3117,0,6796,0.004,108.26,108.69,109.13,107.18,2026-08-05,3,False
ECHO,Communication Services,Telecom Services,RSI,RSI 加速上升,None,0.0,0.5525,0.3116,,0.3116,0,3322,0.0033,87.73,88.02,88.31,86.85,2026-08-05,3,False
NTES,Communication Services,Electronic Gaming & Multimedia,RSI,RSI 加速上升,None,0.0,0.5525,0.3116,,0.3116,0,3322,0.0033,131.58,132.01,132.45,130.26,2026-08-03,3,False
RCI,Communication Services,Telecom Services,RSI,RSI 加速上升,None,0.0,0.5525,0.3116,,0.3116,0,3322,0.0033,34.05,34.16,34.27,33.71,2026-08-03,3,False
LMT,Industrials,Aerospace & Defense,BB,BB 中軌向上（上升趨勢）,None,0.0,0.51,0.3116,0.3116,0.2929,215,17460,0.0073,577.6,581.82,586.03,571.82,2026-08-05,3,False
F,Consumer Discretionary,Auto Manufacturers,RSI,RSI 維持強勢 (50-70),None,0.0,0.51,0.3109,0.3109,0.2995,238,10441,-0.003,14.43,14.39,14.34,14.29,2026-08-03,3,False
DD,Materials,Specialty Chemicals,KDJ,KDJ 金叉,None,0.0,0.5525,0.3103,0.3103,0.314,29,637,0.0105,141.28,142.76,144.25,139.87,2026-08-03,3,False
PUK,Financials,Insurance - Life,BB,BB 中軌向上（上升趨勢）,None,0.0,0.51,0.3103,,0.3103,0,754,0.0043,27.95,28.07,28.19,27.67,2026-08-05,3,True
TGT,Consumer Staples,Discount Stores,BB,BB 中軌向上（上升趨勢）,None,0.0,0.51,0.3094,0.3094,0.2466,181,6128,0.0009,147.7,147.83,147.97,146.22,2026-08-05,3,False
ABEV,Consumer Staples,Beverages - Brewers,RSI,RSI 維持強勢 (50-70),None,0.0,0.51,0.3092,,0.3092,0,262,0.0027,3.05,3.06,3.07,3.02,2026-08-03,3,True
DEO,Consumer Staples,Beverages - Wineries & Distilleries,RSI,RSI 維持強勢 (50-70),None,0.0,0.51,0.3092,,0.3092,0,262,0.0027,88.43,88.67,88.91,87.55,2026-08-05,3,True
KHC,Consumer Staples,Packaged Foods,RSI,RSI 維持強勢 (50-70),None,0.0,0.51,0.3092,,0.3092,0,262,0.0027,25.73,25.8,25.87,25.47,2026-08-05,3,True
TDY,Information Technology,Scientific & Technical Instruments,BB,價格在 BB 中軌上方,None,0.0,0.425,0.3092,0.3092,0.3573,262,20206,0.0067,683.73,688.31,692.89,676.89,2026-08-05,3,False
DG,Consumer Staples,Discount Stores,BB,BB 中軌向上（上升趨勢）,None,0.0,0.51,0.3091,0.3091,0.2466,165,6128,-0.0063,126.94,126.14,125.34,125.67,2026-08-05,3,False
IREN,Financials,Capital Markets,RSI,RSI 上穿 50 中性線,None,0.0,0.4675,0.3091,,0.3091,0,1899,0.0046,40.85,41.04,41.23,40.44,2026-08-04,3,False
SMFG,Financials,Banks - Diversified,RSI,RSI 上穿 50 中性線,None,0.0,0.4675,0.3091,,0.3091,0,1899,0.0046,25.4,25.52,25.63,25.15,2026-08-05,3,False
TD,Financials,Banks - Diversified,RSI,RSI 上穿 50 中性線,None,0.0,0.4675,0.3091,,0.3091,0,1899,0.0046,121.15,121.71,122.26,119.94,2026-08-05,3,False
TW,Financials,Capital Markets,RSI,RSI 上穿 50 中性線,None,0.0,0.4675,0.3091,,0.3091,0,1899,0.0046,102.32,102.79,103.26,101.3,2026-08-05,3,False
NDAQ,Financials,Financial Data & Stock Exchanges,RSI,RSI 維持強勢 (50-70),None,0.0,0.51,0.3086,0.3086,0.2842,269,19108,0.0049,94.56,95.02,95.49,93.61,2026-08-05,3,False
FWONK,Communication Services,Entertainment,RSI,RSI 維持強勢 (50-70),None,0.0,0.51,0.3082,,0.3082,0,5205,0.0026,97.74,97.99,98.25,96.76,2026-08-03,3,False
HAL,Energy,Oil & Gas Equipment & Services,MACD,MACD 金叉 (空頭區),None,0.0,0.42,0.3077,0.3077,0.3557,13,253,0.0004,32.36,32.37,32.39,32.04,2026-08-04,3,False
WBD,Communication Services,Entertainment,MACD,MACD 金叉 (空頭區),None,0.0,0.42,0.3077,0.3077,0.3254,13,252,-0.0141,25.97,25.6,25.24,25.71,2026-08-05,3,False
AA,Materials,Aluminum,RSI,RSI 加速上升,None,0.0,0.5525,0.3048,,0.3048,0,3639,0.0024,47.69,47.8,47.92,47.21,2026-08-05,3,False
JHX,Materials,Building Materials,RSI,RSI 加速上升,None,0.0,0.5525,0.3048,,0.3048,0,3639,0.0024,28.36,28.43,28.5,28.08,2026-08-05,3,False
MT,Materials,Steel,RSI,RSI 加速上升,None,0.0,0.5525,0.3048,,0.3048,0,3639,0.0024,75.35,75.53,75.71,74.6,2026-08-05,3,False
RIO,Materials,Other Industrial Metals & Mining,RSI,RSI 加速上升,None,0.0,0.5525,0.3048,,0.3048,0,3639,0.0024,99.01,99.25,99.49,98.02,2026-08-04,3,False
RS,Materials,Steel,RSI,RSI 加速上升,None,0.0,0.5525,0.3048,,0.3048,0,3639,0.0024,421.08,422.09,423.1,416.87,2026-08-05,3,False
SOLS,Materials,Specialty Chemicals,RSI,RSI 加速上升,None,0.0,0.5525,0.3048,,0.3048,0,3639,0.0024,62.5,62.65,62.8,61.88,2026-08-05,3,False
TECK,Materials,Other Industrial Metals & Mining,RSI,RSI 加速上升,None,0.0,0.5525,0.3048,,0.3048,0,3639,0.0024,66.05,66.21,66.37,65.39,2026-08-05,3,False
AAPL,Information Technology,Consumer Electronics,BB,BB 中軌向上（上升趨勢）,None,0.0,0.51,0.3042,0.3042,0.3639,240,16781,0.0015,311.0,311.47,311.93,307.89,2026-08-05,3,False
WCN,Industrials,Waste Management,RSI,RSI 上穿 50 中性線,None,0.0,0.4675,0.304,,0.304,0,1816,0.0018,167.81,168.11,168.41,166.13,2026-08-03,3,False
WWD,Industrials,Aerospace & Defense,RSI,RSI 上穿 50 中性線,None,0.0,0.4675,0.304,,0.304,0,1816,0.0018,373.67,374.34,375.02,369.93,2026-08-04,3,False
LAMR,Real Estate,REIT - Specialty,BB,BB 中軌向上（上升趨勢）,None,0.0,0.51,0.3037,,0.3037,0,270,0.0047,157.61,158.35,159.09,156.03,2026-08-03,3,True
PKG,Consumer Discretionary,Packaging & Containers,RSI,RSI 動能加速（強勢區）,None,0.0,0.51,0.3027,,0.3027,0,1665,0.0035,255.48,256.37,257.27,252.93,2026-08-04,3,False
TM,Consumer Discretionary,Auto Manufacturers,RSI,RSI 動能加速（強勢區）,None,0.0,0.51,0.3027,,0.3027,0,1665,0.0035,189.17,189.83,190.49,187.28,2026-08-04,3,False
TXRH,Consumer Discretionary,Restaurants,RSI,RSI 動能加速（強勢區）,None,0.0,0.51,0.3027,,0.3027,0,1665,0.0035,210.67,211.41,212.14,208.56,2026-08-03,3,False
BMO,Financials,Banks - Diversified,RSI,RSI 加速上升,None,0.0,0.5525,0.3014,,0.3014,0,11488,0.0041,180.94,181.68,182.42,179.13,2026-08-05,3,False
BNS,Financials,Banks - Diversified,RSI,RSI 加速上升,None,0.0,0.5525,0.3014,,0.3014,0,11488,0.0041,88.55,88.91,89.28,87.66,2026-08-05,3,False
CET,Financials,Asset Management,RSI,RSI 加速上升,None,0.0,0.5525,0.3014,,0.3014,0,11488,0.0041,54.89,55.12,55.34,54.34,2026-08-05,3,False
CM,Financials,Banks - Diversified,RSI,RSI 加速上升,None,0.0,0.5525,0.3014,,0.3014,0,11488,0.0041,118.68,119.17,119.65,117.49,2026-08-05,3,False
DB,Financials,Banks - Regional,RSI,RSI 加速上升,None,0.0,0.5525,0.3014,,0.3014,0,11488,0.0041,37.47,37.62,37.78,37.1,2026-08-04,3,False
EVR,Financials,Capital Markets,RSI,RSI 加速上升,None,0.0,0.5525,0.3014,,0.3014,0,11488,0.0041,318.78,320.09,321.39,315.59,2026-08-05,3,False
FCNCA,Financials,Banks - Regional,RSI,RSI 加速上升,None,0.0,0.5525,0.3014,,0.3014,0,11488,0.0041,2218.4399,2227.54,2236.63,2196.26,2026-08-03,3,False
HDB,Financials,Banks - Regional,RSI,RSI 加速上升,None,0.0,0.5525,0.3014,,0.3014,0,11488,0.0041,24.1,24.2,24.3,23.86,2026-08-03,3,False
KB,Financials,Banks - Regional,RSI,RSI 加速上升,None,0.0,0.5525,0.3014,,0.3014,0,11488,0.0041,120.68,121.17,121.67,119.47,2026-08-05,3,False
KLAR,Financials,Credit Services,RSI,RSI 加速上升,None,0.0,0.5525,0.3014,,0.3014,0,11488,0.0041,20.37,20.45,20.54,20.17,2026-08-05,3,False
LPLA,Financials,Capital Markets,RSI,RSI 加速上升,None,0.0,0.5525,0.3014,,0.3014,0,11488,0.0041,359.92,361.4,362.87,356.32,2026-08-05,3,False
LYG,Financials,Banks - Regional,RSI,RSI 加速上升,None,0.0,0.5525,0.3014,,0.3014,0,11488,0.0041,6.25,6.28,6.3,6.19,2026-08-05,3,False
MFG,Financials,Banks - Regional,RSI,RSI 加速上升,None,0.0,0.5525,0.3014,,0.3014,0,11488,0.0041,10.7,10.74,10.79,10.59,2026-08-05,3,False
PNFP,Financials,Banks - Regional,RSI,RSI 加速上升,None,0.0,0.5525,0.3014,,0.3014,0,11488,0.0041,109.03,109.48,109.92,107.94,2026-08-04,3,False
RY,Financials,Banks - Diversified,RSI,RSI 加速上升,None,0.0,0.5525,0.3014,,0.3014,0,11488,0.0041,211.27,212.14,213.0,209.16,2026-08-05,3,False
SF,Financials,Capital Markets,RSI,RSI 加速上升,None,0.0,0.5525,0.3014,,0.3014,0,11488,0.0041,84.31,84.66,85.0,83.47,2026-08-05,3,False
SNEX,Financials,Capital Markets,RSI,RSI 加速上升,None,0.0,0.5525,0.3014,,0.3014,0,11488,0.0041,76.02,76.33,76.64,75.26,2026-08-05,3,False
UBS,Financials,Banks - Diversified,RSI,RSI 加速上升,None,0.0,0.5525,0.3014,,0.3014,0,11488,0.0041,53.57,53.79,54.01,53.03,2026-08-05,3,False
UMBF,Financials,Banks - Regional,RSI,RSI 加速上升,None,0.0,0.5525,0.3014,,0.3014,0,11488,0.0041,148.33,148.94,149.55,146.85,2026-08-04,3,False
VLYPO,Financials,Banks - Regional,RSI,RSI 加速上升,None,0.0,0.5525,0.3014,,0.3014,0,11488,0.0041,25.01,25.11,25.22,24.76,2026-08-04,3,False
WF,Financials,Banks - Regional,RSI,RSI 加速上升,None,0.0,0.5525,0.3014,,0.3014,0,11488,0.0041,69.8,70.09,70.37,69.1,2026-08-05,3,False
CHT,Communication Services,Telecom Services,BB,價格在 BB 中軌上方,None,0.0,0.425,0.3007,,0.3007,0,6080,0.0027,42.43,42.54,42.66,42.01,2026-08-03,3,False
LOW,Consumer Discretionary,Home Improvement Retail,RSI,RSI 維持強勢 (50-70),Consolidation Breakout,0.75,1.0,0.3,0.3,0.267,10,633,0.0162,219.94,223.5,227.07,217.74,2026-08-05,3,False
AVB,Real Estate,REIT - Residential,KDJ,KDJ 金叉,None,0.0,0.5525,0.3,0.3,0.2818,20,550,0.0011,188.78,188.99,189.2,186.89,2026-08-03,3,False
CF,Materials,Agricultural Inputs,BB,BB 中軌向上（上升趨勢）,None,0.0,0.51,0.3,0.3,0.2853,160,5036,-0.0026,116.71,116.41,116.1,115.54,2026-08-05,3,False
INCY,Health Care,Biotechnology,RSI,RSI 動能加速（強勢區）,None,0.0,0.51,0.3,0.3,0.2606,30,1869,0.0016,120.6,120.79,120.99,119.39,2026-08-04,3,False
AR,Energy,Oil & Gas E&P,BB,價格在 BB 中軌上方,None,0.0,0.425,0.2998,,0.2998,0,5768,-0.0016,35.69,35.63,35.58,35.33,2026-08-04,3,False
BP,Energy,Oil & Gas Integrated,BB,價格在 BB 中軌上方,None,0.0,0.425,0.2998,,0.2998,0,5768,-0.0016,42.44,42.37,42.3,42.02,2026-08-04,3,False
CNQ,Energy,Oil & Gas E&P,BB,價格在 BB 中軌上方,None,0.0,0.425,0.2998,,0.2998,0,5768,-0.0016,44.75,44.68,44.61,44.3,2026-08-05,3,False
DINO,Energy,Oil & Gas Refining & Marketing,BB,價格在 BB 中軌上方,None,0.0,0.425,0.2998,,0.2998,0,5768,-0.0016,88.25,88.11,87.97,87.37,2026-08-04,3,False
EQNR,Energy,Oil & Gas Integrated,BB,價格在 BB 中軌上方,None,0.0,0.425,0.2998,,0.2998,0,5768,-0.0016,38.13,38.07,38.01,37.75,2026-08-05,3,False
IMO,Energy,Oil & Gas Integrated,BB,價格在 BB 中軌上方,None,0.0,0.425,0.2998,,0.2998,0,5768,-0.0016,125.34,125.14,124.94,124.09,2026-08-05,3,False
OVV,Energy,Oil & Gas E&P,BB,價格在 BB 中軌上方,None,0.0,0.425,0.2998,,0.2998,0,5768,-0.0016,60.75,60.65,60.56,60.14,2026-08-04,3,False
PR,Energy,Oil & Gas E&P,BB,價格在 BB 中軌上方,None,0.0,0.425,0.2998,,0.2998,0,5768,-0.0016,20.5,20.47,20.43,20.29,2026-08-04,3,False
SU,Energy,Oil & Gas Integrated,BB,價格在 BB 中軌上方,None,0.0,0.425,0.2998,,0.2998,0,5768,-0.0016,64.45,64.35,64.24,63.81,2026-08-04,3,False
WDS,Energy,Oil & Gas E&P,BB,價格在 BB 中軌上方,None,0.0,0.425,0.2998,,0.2998,0,5768,-0.0016,22.02,21.98,21.95,21.8,2026-08-05,3,False
YPF,Energy,Oil & Gas Integrated,BB,價格在 BB 中軌上方,None,0.0,0.425,0.2998,,0.2998,0,5768,-0.0016,48.67,48.59,48.51,48.18,2026-08-05,3,False
AS,Consumer Discretionary,Leisure,RSI,RSI 維持強勢 (50-70),None,0.0,0.51,0.2995,,0.2995,0,10441,0.0032,36.73,36.85,36.97,36.36,2026-08-05,3,False
BALL,Consumer Discretionary,Packaging & Containers,RSI,RSI 維持強勢 (50-70),None,0.0,0.51,0.2995,,0.2995,0,10441,0.0032,63.49,63.69,63.9,62.86,2026-08-05,3,False
BURL,Consumer Discretionary,Apparel Retail,RSI,RSI 維持強勢 (50-70),None,0.0,0.51,0.2995,,0.2995,0,10441,0.0032,369.34,370.52,371.7,365.65,2026-08-05,3,False
CASY,Consumer Discretionary,Specialty Retail,RSI,RSI 維持強勢 (50-70),None,0.0,0.51,0.2995,,0.2995,0,10441,0.0032,852.86,855.59,858.32,844.33,2026-08-05,3,False
HTHT,Consumer Discretionary,Lodging,RSI,RSI 維持強勢 (50-70),None,0.0,0.51,0.2995,,0.2995,0,10441,0.0032,42.34,42.48,42.61,41.92,2026-08-05,3,False
IP,Consumer Discretionary,Packaging & Containers,RSI,RSI 維持強勢 (50-70),None,0.0,0.51,0.2995,,0.2995,0,10441,0.0032,42.25,42.39,42.52,41.83,2026-08-05,3,False
LI,Consumer Discretionary,Auto Manufacturers,RSI,RSI 維持強勢 (50-70),None,0.0,0.51,0.2995,,0.2995,0,10441,0.0032,13.12,13.16,13.2,12.99,2026-08-03,3,False
PAG,Consumer Discretionary,Auto & Truck Dealerships,RSI,RSI 維持強勢 (50-70),None,0.0,0.51,0.2995,,0.2995,0,10441,0.0032,215.76,216.45,217.14,213.6,2026-08-05,3,False
SCI,Consumer Discretionary,Personal Services,RSI,RSI 維持強勢 (50-70),None,0.0,0.51,0.2995,,0.2995,0,10441,0.0032,85.34,85.61,85.89,84.49,2026-08-05,3,False
YUMC,Consumer Discretionary,Restaurants,RSI,RSI 維持強勢 (50-70),None,0.0,0.51,0.2995,,0.2995,0,10441,0.0032,47.5,47.65,47.8,47.02,2026-08-05,3,False
WMT,Consumer Staples,Discount Stores,BB,價格在 BB 中軌上方,None,0.0,0.425,0.2991,0.2991,0.2432,341,8891,0.0054,112.34,112.95,113.55,111.22,2026-08-05,3,False
DLR,Real Estate,REIT - Specialty,RSI,RSI 維持強勢 (50-70),None,0.0,0.51,0.299,0.299,0.2509,301,7011,0.0013,194.93,195.18,195.44,192.98,2026-08-05,3,False
PSX,Energy,Oil & Gas Refining & Marketing,RSI,RSI 維持強勢 (50-70),None,0.0,0.51,0.2987,0.2987,0.2963,231,4891,0.0022,202.55,203.0,203.44,200.52,2026-08-05,3,False
AAL,Industrials,Airlines,RSI,RSI 維持強勢 (50-70),None,0.0,0.51,0.2986,,0.2986,0,19157,0.0036,16.58,16.64,16.7,16.41,2026-08-05,3,False
ARMK,Industrials,Specialty Business Services,RSI,RSI 維持強勢 (50-70),None,0.0,0.51,0.2986,,0.2986,0,19157,0.0036,56.88,57.08,57.29,56.31,2026-08-05,3,False
ARXS,Industrials,Aerospace & Defense,RSI,RSI 維持強勢 (50-70),None,0.0,0.51,0.2986,,0.2986,0,19157,0.0036,59.6,59.81,60.03,59.0,2026-08-05,3,False
CLH,Industrials,Waste Management,RSI,RSI 維持強勢 (50-70),None,0.0,0.51,0.2986,,0.2986,0,19157,0.0036,309.24,310.35,311.47,306.15,2026-08-05,3,False
CNI,Industrials,Railroads,RSI,RSI 維持強勢 (50-70),None,0.0,0.51,0.2986,,0.2986,0,19157,0.0036,127.54,128.0,128.46,126.26,2026-08-05,3,False
CSL,Industrials,Building Products & Equipment,RSI,RSI 維持強勢 (50-70),None,0.0,0.51,0.2986,,0.2986,0,19157,0.0036,385.32,386.71,388.09,381.47,2026-08-05,3,False
DRS,Industrials,Aerospace & Defense,RSI,RSI 維持強勢 (50-70),None,0.0,0.51,0.2986,,0.2986,0,19157,0.0036,45.81,45.97,46.14,45.35,2026-08-03,3,False
EMBJ,Industrials,Aerospace & Defense,RSI,RSI 維持強勢 (50-70),None,0.0,0.51,0.2986,,0.2986,0,19157,0.0036,70.52,70.77,71.03,69.81,2026-08-04,3,False
FER,Industrials,Engineering & Construction,RSI,RSI 維持強勢 (50-70),None,0.0,0.51,0.2986,,0.2986,0,19157,0.0036,66.55,66.79,67.03,65.88,2026-08-05,3,False
GFL,Industrials,Waste Management,RSI,RSI 維持強勢 (50-70),None,0.0,0.51,0.2986,,0.2986,0,19157,0.0036,41.19,41.34,41.49,40.78,2026-08-05,3,False
GPN,Industrials,Specialty Business Services,RSI,RSI 維持強勢 (50-70),None,0.0,0.51,0.2986,,0.2986,0,19157,0.0036,87.48,87.79,88.11,86.61,2026-08-05,3,False
HEI,Industrials,Aerospace & Defense,RSI,RSI 維持強勢 (50-70),None,0.0,0.51,0.2986,,0.2986,0,19157,0.0036,366.8,368.12,369.44,363.13,2026-08-05,3,False
IESC,Industrials,Engineering & Construction,RSI,RSI 維持強勢 (50-70),None,0.0,0.51,0.2986,,0.2986,0,19157,0.0036,784.03,786.85,789.68,776.19,2026-08-05,3,False
LECO,Industrials,Tools & Accessories,RSI,RSI 維持強勢 (50-70),None,0.0,0.51,0.2986,,0.2986,0,19157,0.0036,277.64,278.64,279.64,274.86,2026-08-04,3,False
RELX,Industrials,Specialty Business Services,RSI,RSI 維持強勢 (50-70),None,0.0,0.51,0.2986,,0.2986,0,19157,0.0036,36.61,36.74,36.87,36.24,2026-08-05,3,False
SYM,Industrials,Specialty Industrial Machinery,RSI,RSI 維持強勢 (50-70),None,0.0,0.51,0.2986,,0.2986,0,19157,0.0036,46.52,46.69,46.85,46.05,2026-08-05,3,False
WCC,Industrials,Industrial Distribution,RSI,RSI 維持強勢 (50-70),None,0.0,0.51,0.2986,,0.2986,0,19157,0.0036,373.08,374.42,375.77,369.35,2026-08-05,3,False
ZTO,Industrials,Integrated Freight & Logistics,RSI,RSI 維持強勢 (50-70),None,0.0,0.51,0.2986,,0.2986,0,19157,0.0036,23.69,23.78,23.86,23.45,2026-08-05,3,False
CHRW,Industrials,Integrated Freight & Logistics,RSI,RSI 維持超賣,None,0.0,0.385,0.2983,,0.2983,0,848,0.0072,147.0,148.06,149.12,145.53,2026-08-03,3,False
SAIA,Industrials,Trucking,RSI,RSI 維持超賣,None,0.0,0.385,0.2983,,0.2983,0,848,0.0072,360.1,362.69,365.29,356.5,2026-08-03,3,False
AAON,Industrials,Building Products & Equipment,RSI,RSI 加速上升,None,0.0,0.5525,0.2981,,0.2981,0,11545,0.003,93.15,93.43,93.71,92.22,2026-08-05,3,False
KNX,Industrials,Trucking,RSI,RSI 加速上升,None,0.0,0.5525,0.2981,,0.2981,0,11545,0.003,71.62,71.83,72.05,70.9,2026-08-04,3,False
RKLB,Industrials,Aerospace & Defense,RSI,RSI 加速上升,None,0.0,0.5525,0.2981,,0.2981,0,11545,0.003,74.82,75.04,75.27,74.07,2026-08-05,3,False
TIMB,Communication Services,Telecom Services,RSI,RSI 維持超賣,None,0.0,0.385,0.2977,,0.2977,0,262,-0.0011,18.27,18.25,18.23,18.09,2026-08-05,3,False
LNG,Energy,Oil & Gas Midstream,RSI,RSI 維持強勢 (50-70),None,0.0,0.51,0.2963,,0.2963,0,4891,-0.0026,257.29,256.62,255.95,254.72,2026-08-04,3,False
VG,Energy,Oil & Gas Midstream,RSI,RSI 維持強勢 (50-70),None,0.0,0.51,0.2963,,0.2963,0,4891,-0.0026,13.08,13.05,13.01,12.95,2026-08-03,3,False
FTI,Energy,Oil & Gas Equipment & Services,BB,BB 中軌向上（上升趨勢）,None,0.0,0.51,0.2962,,0.2962,0,4484,-0.0018,69.27,69.15,69.02,68.58,2026-08-05,3,False
BPYPP,Real Estate,Real Estate Services,KDJ,KDJ 金叉,Consolidation Breakout,0.77,1.0,0.2958,,0.2958,0,71,0.0071,16.17,16.28,16.4,16.01,2026-08-05,3,False
MLI,Industrials,Metal Fabrication,BB,價格在 BB 中軌上方,None,0.0,0.425,0.295,,0.295,0,22337,0.0034,69.26,69.5,69.73,68.57,2026-08-05,3,False
FWONA,Communication Services,Entertainment,BB,BB 中軌向上（上升趨勢）,None,0.0,0.51,0.2943,,0.2943,0,4771,0.0017,89.21,89.36,89.51,88.32,2026-08-03,3,False
LNT,Utilities,Utilities - Regulated Electric,KDJ,KDJ 超賣區金叉,None,0.0,0.5599999999999999,0.2941,0.2941,0.2521,17,472,0.0072,71.27,71.78,72.3,70.56,2026-08-03,3,False
XPO,Industrials,Trucking,BB,BB 中軌向上（上升趨勢）,None,0.0,0.51,0.2929,,0.2929,0,17460,0.0036,200.18,200.9,201.62,198.18,2026-08-05,3,False
RJF,Financials,Asset Management,BB,價格在 BB 中軌上方,None,0.0,0.425,0.2929,0.2929,0.2847,297,21689,0.0054,180.55,181.52,182.5,178.74,2026-08-05,3,False
CMCSA,Communication Services,Telecom Services,RSI,RSI 動能加速（強勢區）,None,0.0,0.51,0.2917,0.2917,0.3135,24,772,0.0025,24.56,24.62,24.68,24.31,2026-08-03,3,False
ELV,Health Care,Healthcare Plans,RSI,RSI 上穿 50 中性線,None,0.0,0.4675,0.2917,0.2917,0.3144,24,1323,-0.0002,391.24,391.16,391.08,387.33,2026-08-05,3,False
COP,Energy,Oil & Gas E&P,BB,價格在 BB 中軌上方,None,0.0,0.425,0.2911,0.2911,0.2998,292,5768,-0.0078,117.94,117.02,116.1,116.76,2026-08-04,3,False
ADBE,Information Technology,Software - Application,BB,BB 中軌向上（上升趨勢）,None,0.0,0.51,0.2903,0.2903,0.3639,186,16781,-0.0083,259.32,257.17,255.02,256.73,2026-08-05,3,False
MDLZ,Consumer Staples,Confectioners,RSI,RSI 維持強勢 (50-70),None,0.0,0.51,0.2892,0.2892,0.2452,204,7574,0.0031,62.6,62.79,62.99,61.97,2026-08-05,3,False
PNR,Industrials,Specialty Industrial Machinery,RSI,RSI 維持強勢 (50-70),None,0.0,0.51,0.2887,0.2887,0.2986,239,19157,0.0015,69.02,69.12,69.23,68.33,2026-08-05,3,False
ISRG,Health Care,Medical Instruments & Supplies,BB,價格在 BB 中軌上方,None,0.0,0.425,0.2886,0.2886,0.2804,246,14417,0.0055,375.2,377.26,379.33,371.45,2026-08-05,3,False
BMY,Health Care,Drug Manufacturers - General,RSI,RSI 維持強勢 (50-70),None,0.0,0.51,0.2879,0.2879,0.2772,198,12123,-0.0008,63.63,63.58,63.53,62.99,2026-08-05,3,False
ABBV,Health Care,Drug Manufacturers - General,BB,BB 中軌向上（上升趨勢）,None,0.0,0.51,0.2876,0.2876,0.2705,226,10885,0.006,246.2,247.68,249.15,243.74,2026-08-05,3,False
AJG,Financials,Insurance Brokers,RSI,RSI 維持強勢 (50-70),None,0.0,0.51,0.2872,0.2872,0.2842,282,19108,0.0011,251.03,251.31,251.58,248.52,2026-08-05,3,False
CCI,Real Estate,REIT - Specialty,BB,價格在 BB 中軌上方,None,0.0,0.425,0.2865,0.2865,0.248,192,8032,0.0017,77.66,77.79,77.92,76.88,2026-08-04,3,False
RMD,Health Care,Medical Instruments & Supplies,BB,BB 中軌向上（上升趨勢）,Consolidation Breakout,0.72,1.0,0.2857,0.2857,0.209,7,933,-0.0114,224.03,221.48,218.92,221.79,2026-08-05,3,False
PNW,Utilities,Utilities - Regulated Electric,KDJ,KDJ 超賣區金叉,None,0.0,0.5599999999999999,0.2857,0.2857,0.2521,21,472,0.0057,101.45,102.03,102.61,100.44,2026-08-04,3,False
CME,Financials,Financial Data & Stock Exchanges,BB,BB 中軌向上（上升趨勢）,None,0.0,0.51,0.2857,0.2857,0.2681,224,16575,0.0013,264.78,265.12,265.47,262.13,2026-08-05,3,False
MSFT,Information Technology,Software - Infrastructure,BB,BB 中軌向上（上升趨勢）,None,0.0,0.51,0.2857,0.2857,0.3639,217,16781,0.003,487.46,488.92,490.38,482.59,2026-08-05,3,False
TRMB,Information Technology,Scientific & Technical Instruments,BB,價格在 BB 中軌上方,None,0.0,0.425,0.2857,0.2857,0.3573,245,20206,0.0018,58.58,58.69,58.79,57.99,2026-08-05,3,False
NTR,Materials,Agricultural Inputs,BB,BB 中軌向上（上升趨勢）,None,0.0,0.51,0.2853,,0.2853,0,5036,0.0007,66.92,66.97,67.01,66.25,2026-08-05,3,False
ARWR,Health Care,Biotechnology,KDJ,KDJ 金叉,None,0.0,0.5525,0.2852,,0.2852,0,1536,0.0022,89.59,89.79,89.98,88.69,2026-08-04,3,False
CYTK,Health Care,Biotechnology,KDJ,KDJ 金叉,None,0.0,0.5525,0.2852,,0.2852,0,1536,0.0022,78.61,78.78,78.96,77.82,2026-08-04,3,False
GMAB,Health Care,Biotechnology,KDJ,KDJ 金叉,None,0.0,0.5525,0.2852,,0.2852,0,1536,0.0022,29.02,29.08,29.15,28.73,2026-08-04,3,False
IONS,Health Care,Biotechnology,KDJ,KDJ 金叉,None,0.0,0.5525,0.2852,,0.2852,0,1536,0.0022,55.07,55.19,55.31,54.52,2026-08-04,3,False
MDGL,Health Care,Biotechnology,KDJ,KDJ 金叉,None,0.0,0.5525,0.2852,,0.2852,0,1536,0.0022,514.12,515.25,516.38,508.98,2026-08-05,3,False
ONC,Health Care,Biotechnology,KDJ,KDJ 金叉,None,0.0,0.5525,0.2852,,0.2852,0,1536,0.0022,327.53,328.25,328.97,324.25,2026-08-05,3,False
RVMD,Health Care,Biotechnology,KDJ,KDJ 金叉,None,0.0,0.5525,0.2852,,0.2852,0,1536,0.0022,193.46,193.89,194.31,191.53,2026-08-04,3,False
SMMT,Health Care,Biotechnology,KDJ,KDJ 金叉,None,0.0,0.5525,0.2852,,0.2852,0,1536,0.0022,13.76,13.79,13.82,13.62,2026-08-04,3,False
IEX,Industrials,Specialty Industrial Machinery,BB,價格在 BB 中軌上方,None,0.0,0.425,0.2852,0.2852,0.295,277,22337,0.0019,236.98,237.43,237.88,234.61,2026-08-05,3,False
AEG,Financials,Insurance - Diversified,BB,價格在 BB 中軌上方,None,0.0,0.425,0.2847,,0.2847,0,21689,0.0031,9.38,9.41,9.44,9.29,2026-08-04,3,False
AFG,Financials,Insurance - Property & Casualty,BB,價格在 BB 中軌上方,None,0.0,0.425,0.2847,,0.2847,0,21689,0.0031,141.92,142.36,142.8,140.5,2026-08-03,3,False
BAP,Financials,Banks - Regional,BB,價格在 BB 中軌上方,None,0.0,0.425,0.2847,,0.2847,0,21689,0.0031,394.88,396.1,397.33,390.93,2026-08-05,3,False
BBDO,Financials,Banks - Regional,BB,價格在 BB 中軌上方,None,0.0,0.425,0.2847,,0.2847,0,21689,0.0031,3.25,3.26,3.27,3.22,2026-08-04,3,False
BPYPM,Financials,Asset Management,BB,價格在 BB 中軌上方,None,0.0,0.425,0.2847,,0.2847,0,21689,0.0031,15.94,15.99,16.04,15.78,2026-08-04,3,False
CIB,Financials,Banks - Regional,BB,價格在 BB 中軌上方,None,0.0,0.425,0.2847,,0.2847,0,21689,0.0031,90.14,90.42,90.7,89.24,2026-08-05,3,False
CNA,Financials,Insurance - Property & Casualty,BB,價格在 BB 中軌上方,None,0.0,0.425,0.2847,,0.2847,0,21689,0.0031,52.96,53.12,53.29,52.43,2026-08-04,3,False
FNF,Financials,Insurance - Specialty,BB,價格在 BB 中軌上方,None,0.0,0.425,0.2847,,0.2847,0,21689,0.0031,51.51,51.67,51.83,50.99,2026-08-04,3,False
IBN,Financials,Banks - Regional,BB,價格在 BB 中軌上方,None,0.0,0.425,0.2847,,0.2847,0,21689,0.0031,30.33,30.42,30.52,30.03,2026-08-04,3,False
ITUB,Financials,Banks - Regional,BB,價格在 BB 中軌上方,None,0.0,0.425,0.2847,,0.2847,0,21689,0.0031,8.487,8.51,8.54,8.4,2026-08-03,3,False
MUFG,Financials,Banks - Diversified,BB,價格在 BB 中軌上方,None,0.0,0.425,0.2847,,0.2847,0,21689,0.0031,22.42,22.49,22.56,22.2,2026-08-05,3,False
NMR,Financials,Capital Markets,BB,價格在 BB 中軌上方,None,0.0,0.425,0.2847,,0.2847,0,21689,0.0031,9.93,9.96,9.99,9.83,2026-08-05,3,False
NU,Financials,Banks - Regional,BB,價格在 BB 中軌上方,None,0.0,0.425,0.2847,,0.2847,0,21689,0.0031,14.48,14.52,14.57,14.34,2026-08-05,3,False
ORI,Financials,Insurance - Property & Casualty,BB,價格在 BB 中軌上方,None,0.0,0.425,0.2847,,0.2847,0,21689,0.0031,43.52,43.65,43.79,43.08,2026-08-05,3,False
RGA,Financials,Insurance - Reinsurance,BB,價格在 BB 中軌上方,None,0.0,0.425,0.2847,,0.2847,0,21689,0.0031,236.37,237.1,237.84,234.01,2026-08-03,3,False
RNR,Financials,Insurance - Reinsurance,BB,價格在 BB 中軌上方,None,0.0,0.425,0.2847,,0.2847,0,21689,0.0031,323.58,324.58,325.59,320.34,2026-08-05,3,False
SEIC,Financials,Asset Management,BB,價格在 BB 中軌上方,None,0.0,0.425,0.2847,,0.2847,0,21689,0.0031,104.76,105.08,105.41,103.71,2026-08-05,3,False
SLF,Financials,Insurance - Diversified,BB,價格在 BB 中軌上方,None,0.0,0.425,0.2847,,0.2847,0,21689,0.0031,81.87,82.12,82.38,81.05,2026-08-05,3,False
SLMBP,Financials,Credit Services,BB,價格在 BB 中軌上方,None,0.0,0.425,0.2847,,0.2847,0,21689,0.0031,74.8,75.03,75.26,74.05,2026-08-04,3,False
VLYPP,Financials,Banks - Regional,BB,價格在 BB 中軌上方,None,0.0,0.425,0.2847,,0.2847,0,21689,0.0031,25.07,25.15,25.23,24.82,2026-08-04,3,False
ZION,Financials,Banks - Regional,BB,價格在 BB 中軌上方,None,0.0,0.425,0.2847,,0.2847,0,21689,0.0031,71.7,71.92,72.14,70.98,2026-08-05,3,False
XEL,Utilities,Utilities - Regulated Electric,RSI,RSI 維持強勢 (50-70),None,0.0,0.51,0.2833,0.2833,0.2471,233,8831,0.0051,77.2,77.59,77.99,76.43,2026-08-05,3,False
MSI,Information Technology,Communication Equipment,BB,BB 中軌向上（上升趨勢）,None,0.0,0.51,0.2821,0.2821,0.3639,234,16781,0.0045,438.14,440.11,442.08,433.76,2026-08-05,3,False
AGNCP,Real Estate,REIT - Mortgage,KDJ,KDJ 金叉,None,0.0,0.5525,0.2818,,0.2818,0,550,0.0003,25.17,25.18,25.19,24.92,2026-08-03,3,False
BPYPO,Real Estate,Real Estate Services,KDJ,KDJ 金叉,None,0.0,0.5525,0.2818,,0.2818,0,550,0.0003,15.35,15.35,15.36,15.2,2026-08-04,3,False
ALLE,Industrials,Security & Protection Services,RSI,RSI 維持強勢 (50-70),None,0.0,0.51,0.2814,0.2814,0.2986,199,19157,0.0036,168.58,169.19,169.79,166.89,2026-08-05,3,False
COO,Health Care,Medical Instruments & Supplies,RSI,RSI 加速上升,None,0.0,0.5525,0.2808,0.2808,0.2803,146,8492,-0.0015,74.69,74.58,74.47,73.94,2026-08-04,3,False
ALC,Health Care,Medical Instruments & Supplies,BB,價格在 BB 中軌上方,None,0.0,0.425,0.2804,,0.2804,0,14417,0.0008,70.57,70.63,70.68,69.86,2026-08-05,3,False
EHC,Health Care,Medical Care Facilities,BB,價格在 BB 中軌上方,None,0.0,0.425,0.2804,,0.2804,0,14417,0.0008,112.47,112.56,112.65,111.35,2026-08-03,3,False
GH,Health Care,Diagnostics & Research,BB,價格在 BB 中軌上方,None,0.0,0.425,0.2804,,0.2804,0,14417,0.0008,163.18,163.31,163.44,161.55,2026-08-05,3,False
HLN,Health Care,Drug Manufacturers - Specialty & Generic,BB,價格在 BB 中軌上方,None,0.0,0.425,0.2804,,0.2804,0,14417,0.0008,9.95,9.96,9.97,9.85,2026-08-05,3,False
MEDP,Health Care,Diagnostics & Research,BB,價格在 BB 中軌上方,None,0.0,0.425,0.2804,,0.2804,0,14417,0.0008,587.75,588.22,588.69,581.87,2026-08-05,3,False
NTRA,Health Care,Diagnostics & Research,BB,價格在 BB 中軌上方,None,0.0,0.425,0.2804,,0.2804,0,14417,0.0008,274.62,274.84,275.06,271.87,2026-08-05,3,False
NVS,Health Care,Drug Manufacturers - General,BB,價格在 BB 中軌上方,None,0.0,0.425,0.2804,,0.2804,0,14417,0.0008,154.44,154.56,154.69,152.9,2026-08-05,3,False
PEN,Health Care,Medical Devices,BB,價格在 BB 中軌上方,None,0.0,0.425,0.2804,,0.2804,0,14417,0.0008,324.22,324.48,324.74,320.98,2026-08-04,3,False
SNN,Health Care,Medical Devices,BB,價格在 BB 中軌上方,None,0.0,0.425,0.2804,,0.2804,0,14417,0.0008,32.15,32.18,32.2,31.83,2026-08-03,3,False
THC,Health Care,Medical Care Facilities,BB,價格在 BB 中軌上方,None,0.0,0.425,0.2804,,0.2804,0,14417,0.0008,261.74,261.95,262.16,259.12,2026-08-05,3,False
RDY,Health Care,Drug Manufacturers - Specialty & Generic,RSI,RSI 加速上升,None,0.0,0.5525,0.2803,,0.2803,0,8492,-0.0001,12.14,12.14,12.14,12.02,2026-08-05,3,False
TEM,Health Care,Health Information Services,RSI,RSI 加速上升,None,0.0,0.5525,0.2803,,0.2803,0,8492,-0.0001,46.7,46.7,46.69,46.23,2026-08-05,3,False
MTD,Health Care,Diagnostics & Research,BB,價格在 BB 中軌上方,None,0.0,0.425,0.2802,0.2802,0.2804,207,14417,0.0022,1421.52,1424.65,1427.77,1407.3,2026-08-05,3,False
CRH,Materials,Building Materials,KDJ,KDJ 金叉,None,0.0,0.5525,0.28,0.28,0.314,25,637,0.0059,98.59,99.17,99.75,97.6,2026-08-03,3,False
MOH,Health Care,Healthcare Plans,KDJ,KDJ 金叉,Bullish Engulfing,0.75,1.0,0.2785,,0.2785,0,79,-0.0024,195.14,194.67,194.2,193.19,2026-08-05,3,False
JCI,Industrials,Building Products & Equipment,RSI,RSI 加速上升,None,0.0,0.5525,0.2785,0.2785,0.2981,158,11545,0.0047,153.65,154.37,155.09,152.11,2026-08-05,3,False
BBIO,Health Care,Biotechnology,RSI,RSI 維持強勢 (50-70),None,0.0,0.51,0.2772,,0.2772,0,12123,0.0009,81.99,82.06,82.14,81.17,2026-08-05,3,False
ROST,Consumer Discretionary,Apparel Retail,BB,價格在 BB 中軌上方,None,0.0,0.425,0.2765,0.2765,0.2984,311,12430,0.0058,253.22,254.69,256.16,250.69,2026-08-05,3,False
EG,Financials,Insurance - Reinsurance,RSI,RSI 上穿 50 中性線,None,0.0,0.4675,0.2759,0.2759,0.3091,29,1899,0.0018,373.28,373.95,374.62,369.55,2026-08-05,3,False
AXSM,Health Care,Biotechnology,BB,BB 跌破下軌 (超賣),None,0.0,0.45499999999999996,0.2752,,0.2752,0,974,-0.0017,211.04,210.68,210.32,208.93,2026-08-03,3,False
BTSG,Health Care,Health Information Services,BB,BB 跌破下軌 (超賣),None,0.0,0.45499999999999996,0.2752,,0.2752,0,974,-0.0017,60.465,60.36,60.26,59.86,2026-08-03,3,False
BTSGU,Health Care,Health Information Services,BB,BB 跌破下軌 (超賣),None,0.0,0.45499999999999996,0.2752,,0.2752,0,974,-0.0017,202.0,201.66,201.31,199.98,2026-08-03,3,False
KRYS,Health Care,Biotechnology,BB,BB 跌破下軌 (超賣),None,0.0,0.45499999999999996,0.2752,,0.2752,0,974,-0.0017,312.57,312.04,311.51,309.44,2026-08-03,3,False
NBIX,Health Care,Drug Manufacturers - Specialty & Generic,BB,BB 跌破下軌 (超賣),None,0.0,0.45499999999999996,0.2752,,0.2752,0,974,-0.0017,161.5,161.23,160.95,159.88,2026-08-05,3,False
ACGL,Financials,Insurance - Diversified,RSI,RSI 維持強勢 (50-70),None,0.0,0.51,0.2739,0.2739,0.2842,241,19108,0.0007,99.09,99.16,99.23,98.1,2026-08-05,3,False
OTIS,Industrials,Specialty Industrial Machinery,RSI,RSI 上穿 50 中性線,None,0.0,0.4675,0.2727,0.2727,0.304,33,1816,-0.0059,73.64,73.21,72.77,72.9,2026-08-04,3,False
ASND,Health Care,Biotechnology,BB,BB 中軌向上（上升趨勢）,None,0.0,0.51,0.2705,,0.2705,0,10885,0.0002,244.2,244.25,244.3,241.76,2026-08-05,3,False
SNY,Health Care,Drug Manufacturers - General,BB,BB 中軌向上（上升趨勢）,None,0.0,0.51,0.2705,,0.2705,0,10885,0.0002,42.95,42.96,42.97,42.52,2026-08-03,3,False
AEP,Utilities,Utilities - Regulated Electric,BB,BB 中軌向上（上升趨勢）,None,0.0,0.51,0.2702,0.2702,0.249,248,7232,0.0036,128.35,128.81,129.27,127.07,2026-08-04,3,False
MKC,Consumer Staples,Packaged Foods,RSI,RSI 上穿 50 中性線,None,0.0,0.4675,0.2692,0.2692,0.2565,26,928,0.0028,51.52,51.66,51.81,51.0,2026-08-03,3,False
CVX,Energy,Oil & Gas Integrated,BB,價格在 BB 中軌上方,None,0.0,0.425,0.2687,0.2687,0.2998,320,5768,-0.0012,190.4,190.17,189.94,188.5,2026-08-04,3,False
BRO,Financials,Insurance Brokers,RSI,RSI 維持強勢 (50-70),None,0.0,0.51,0.2686,0.2686,0.2842,242,19108,0.0031,70.95,71.17,71.39,70.24,2026-08-05,3,False
PLD,Real Estate,REIT - Industrial,BB,BB 中軌向上（上升趨勢）,None,0.0,0.51,0.2667,0.2667,0.2647,180,5713,0.0037,144.15,144.68,145.22,142.71,2026-08-03,3,False
AGNC,Real Estate,REIT - Mortgage,BB,BB 中軌向上（上升趨勢）,None,0.0,0.51,0.2647,,0.2647,0,5713,0.0025,10.67,10.7,10.72,10.56,2026-08-05,3,False
AGNCM,Real Estate,REIT - Mortgage,BB,BB 中軌向上（上升趨勢）,None,0.0,0.51,0.2647,,0.2647,0,5713,0.0025,25.08,25.14,25.21,24.83,2026-08-04,3,False
AGNCN,Real Estate,REIT - Mortgage,BB,BB 中軌向上（上升趨勢）,None,0.0,0.51,0.2647,,0.2647,0,5713,0.0025,25.86,25.92,25.99,25.6,2026-08-04,3,False
AGNCO,Real Estate,REIT - Mortgage,BB,BB 中軌向上（上升趨勢）,None,0.0,0.51,0.2647,,0.2647,0,5713,0.0025,25.54,25.6,25.67,25.28,2026-08-04,3,False
AGNCZ,Real Estate,REIT - Mortgage,BB,BB 中軌向上（上升趨勢）,None,0.0,0.51,0.2647,,0.2647,0,5713,0.0025,25.36,25.42,25.49,25.11,2026-08-04,3,False
AMH,Real Estate,REIT - Residential,BB,BB 中軌向上（上升趨勢）,None,0.0,0.51,0.2647,,0.2647,0,5713,0.0025,34.53,34.62,34.7,34.18,2026-08-04,3,False
BEKE,Real Estate,Real Estate Services,BB,BB 中軌向上（上升趨勢）,None,0.0,0.51,0.2647,,0.2647,0,5713,0.0025,16.89,16.93,16.97,16.72,2026-08-05,3,False
BPYPN,Real Estate,Real Estate Services,BB,BB 中軌向上（上升趨勢）,None,0.0,0.51,0.2647,,0.2647,0,5713,0.0025,13.94,13.97,14.01,13.8,2026-08-04,3,False
GLPI,Real Estate,REIT - Specialty,BB,BB 中軌向上（上升趨勢）,None,0.0,0.51,0.2647,,0.2647,0,5713,0.0025,44.41,44.52,44.63,43.97,2026-08-04,3,False
JLL,Real Estate,Real Estate Services,BB,BB 中軌向上（上升趨勢）,None,0.0,0.51,0.2647,,0.2647,0,5713,0.0025,367.86,368.78,369.7,364.18,2026-08-04,3,False
NLY,Real Estate,REIT - Mortgage,BB,BB 中軌向上（上升趨勢）,None,0.0,0.51,0.2647,,0.2647,0,5713,0.0025,22.78,22.84,22.89,22.55,2026-08-03,3,False
OHI,Real Estate,REIT - Healthcare Facilities,BB,BB 中軌向上（上升趨勢）,None,0.0,0.51,0.2647,,0.2647,0,5713,0.0025,49.01,49.13,49.26,48.52,2026-08-03,3,False
SUI,Real Estate,REIT - Residential,BB,BB 中軌向上（上升趨勢）,None,0.0,0.51,0.2647,,0.2647,0,5713,0.0025,122.46,122.77,123.07,121.24,2026-08-03,3,False
WPC,Real Estate,REIT - Diversified,BB,BB 中軌向上（上升趨勢）,None,0.0,0.51,0.2647,,0.2647,0,5713,0.0025,72.18,72.36,72.54,71.46,2026-08-05,3,False
SJM,Consumer Staples,Packaged Foods,BB,BB 中軌向上（上升趨勢）,None,0.0,0.51,0.2645,0.2645,0.2466,121,6128,0.006,119.21,119.93,120.64,118.02,2026-08-05,3,False
VRSN,Information Technology,Software - Infrastructure,BB,BB 中軌向上（上升趨勢）,None,0.0,0.51,0.2636,0.2636,0.3639,239,16781,-0.0001,293.41,293.38,293.35,290.48,2026-08-05,3,False
CI,Health Care,Healthcare Plans,BB,BB 中軌向上（上升趨勢）,None,0.0,0.51,0.2614,0.2614,0.2705,153,10885,0.0005,282.06,282.2,282.34,279.24,2026-08-03,3,False
NSC,Industrials,Railroads,BB,價格在 BB 中軌上方,None,0.0,0.425,0.2612,0.2612,0.295,245,22337,0.0038,341.74,343.04,344.34,338.32,2026-08-05,3,False
T,Communication Services,Telecom Services,BB,BB 中軌向上（上升趨勢）,None,0.0,0.51,0.2597,0.2597,0.2943,231,4771,-0.0014,23.06,23.03,23.0,22.83,2026-08-05,3,False
VTR,Real Estate,REIT - Healthcare Facilities,BB,BB 中軌向上（上升趨勢）,None,0.0,0.51,0.2583,0.2583,0.2647,240,5713,0.004,90.85,91.21,91.58,89.94,2026-08-03,3,False
ICE,Financials,Financial Data & Stock Exchanges,RSI,RSI 維持強勢 (50-70),None,0.0,0.51,0.258,0.258,0.2842,283,19108,0.005,149.84,150.59,151.34,148.34,2026-08-05,3,False
BSX,Health Care,Medical Devices,RSI,RSI 加速上升,None,0.0,0.5525,0.2576,0.2576,0.2803,132,8492,-0.0058,49.09,48.81,48.52,48.6,2026-08-04,3,False
BEP,Utilities,Utilities - Renewable,RSI,RSI 加速上升,None,0.0,0.5525,0.2565,,0.2565,0,4905,0.0041,32.7,32.83,32.97,32.37,2026-08-05,3,False
KEP,Utilities,Utilities - Regulated Electric,RSI,RSI 加速上升,None,0.0,0.5525,0.2565,,0.2565,0,4905,0.0041,12.36,12.41,12.46,12.24,2026-08-05,3,False
SBS,Utilities,Utilities - Regulated Water,RSI,RSI 加速上升,None,0.0,0.5525,0.2565,,0.2565,0,4905,0.0041,5.43,5.45,5.47,5.38,2026-08-05,3,False
TLN,Utilities,Utilities - Independent Power Producers,RSI,RSI 加速上升,None,0.0,0.5525,0.2565,,0.2565,0,4905,0.0041,329.84,331.19,332.54,326.54,2026-08-05,3,False
COKE,Consumer Staples,Beverages - Non-Alcoholic,RSI,RSI 上穿 50 中性線,None,0.0,0.4675,0.2565,,0.2565,0,928,0.0005,184.74,184.83,184.92,182.89,2026-08-05,3,False
CPB,Consumer Staples,Packaged Foods,RSI,RSI 上穿 50 中性線,None,0.0,0.4675,0.2565,,0.2565,0,928,0.0005,22.37,22.38,22.39,22.15,2026-08-03,3,False
AMP,Financials,Asset Management,BB,價格在 BB 中軌上方,None,0.0,0.425,0.2564,0.2564,0.2847,273,21689,0.0017,561.03,561.98,562.94,555.42,2026-08-05,3,False
XOM,Energy,Oil & Gas Integrated,BB,BB 中軌向上（上升趨勢）,None,0.0,0.51,0.256,0.256,0.2962,207,4484,-0.0043,151.63,150.98,150.33,150.11,2026-08-05,3,False
APD,Materials,Specialty Chemicals,BB,BB 中軌向上（上升趨勢）,None,0.0,0.51,0.2556,0.2556,0.2853,180,5036,-0.0037,295.09,294.0,292.91,292.14,2026-08-05,3,False
DGX,Health Care,Diagnostics & Research,RSI,RSI 維持強勢 (50-70),None,0.0,0.51,0.2551,0.2551,0.2772,243,12123,0.0038,231.95,232.83,233.71,229.63,2026-08-03,3,False
ELS,Real Estate,REIT - Residential,RSI,RSI 維持強勢 (50-70),None,0.0,0.51,0.2509,,0.2509,0,7011,0.0007,65.0,65.05,65.09,64.35,2026-08-05,3,False
UL,Consumer Staples,Household & Personal Products,KDJ,KDJ 金叉,None,0.0,0.5525,0.2503,,0.2503,0,779,-0.0014,64.43,64.34,64.25,63.79,2026-08-05,3,False
XYL,Industrials,Specialty Industrial Machinery,KDJ,KDJ 金叉,None,0.0,0.5525,0.25,0.25,0.3223,28,2110,0.0027,122.25,122.58,122.91,121.03,2026-08-05,3,False
MA,Financials,Credit Services,RSI,RSI 維持強勢 (50-70),None,0.0,0.51,0.25,0.25,0.2842,288,19108,0.0014,570.48,571.28,572.08,564.78,2026-08-05,3,False
MCO,Financials,Financial Data & Stock Exchanges,RSI,RSI 上穿 50 中性線,None,0.0,0.4675,0.25,0.25,0.3091,24,1899,-0.0019,483.36,482.44,481.52,478.53,2026-08-03,3,False
ES,Utilities,Utilities - Regulated Electric,BB,BB 跌破下軌 (超賣),None,0.0,0.45499999999999996,0.25,0.25,0.4104,12,441,-0.0049,71.95,71.6,71.24,71.23,2026-08-03,3,False
BIP,Utilities,Utilities - Diversified,BB,BB 中軌向上（上升趨勢）,None,0.0,0.51,0.249,,0.249,0,7232,0.0028,39.65,39.76,39.87,39.25,2026-08-05,3,False
INVH,Real Estate,REIT - Residential,MACD,MACD 金叉 (多頭區),None,0.0,0.68,0.2486,,0.2486,0,173,0.0009,30.47,30.5,30.52,30.17,2026-08-04,3,False
EOG,Energy,Oil & Gas E&P,BB,價格在 BB 中軌上方,None,0.0,0.425,0.2479,0.2479,0.2998,234,5768,-0.0091,143.52,142.21,140.91,142.08,2026-08-04,3,False
FAST,Industrials,Industrial Distribution,RSI,RSI 加速上升,None,0.0,0.5525,0.2466,0.2466,0.2981,146,11545,-0.001,49.99,49.94,49.89,49.49,2026-08-05,3,False
BJ,Consumer Staples,Discount Stores,BB,BB 中軌向上（上升趨勢）,None,0.0,0.51,0.2466,,0.2466,0,6128,-0.0003,96.69,96.66,96.63,95.72,2026-08-05,3,False
BUD,Consumer Staples,Beverages - Brewers,BB,BB 中軌向上（上升趨勢）,None,0.0,0.51,0.2466,,0.2466,0,6128,-0.0003,85.18,85.15,85.13,84.33,2026-08-05,3,False
CCEP,Consumer Staples,Beverages - Non-Alcoholic,BB,BB 中軌向上（上升趨勢）,None,0.0,0.51,0.2466,,0.2466,0,6128,-0.0003,108.58,108.55,108.51,107.49,2026-08-05,3,False
EDU,Consumer Staples,Education & Training Services,BB,BB 中軌向上（上升趨勢）,None,0.0,0.51,0.2466,,0.2466,0,6128,-0.0003,56.93,56.91,56.9,56.36,2026-08-05,3,False
JBS,Consumer Staples,Packaged Foods,BB,BB 中軌向上（上升趨勢）,None,0.0,0.51,0.2466,,0.2466,0,6128,-0.0003,13.7,13.7,13.69,13.56,2026-08-05,3,False
MICC,Consumer Staples,Packaged Foods,BB,BB 中軌向上（上升趨勢）,None,0.0,0.51,0.2466,,0.2466,0,6128,-0.0003,18.37,18.36,18.36,18.19,2026-08-03,3,False
PFGC,Consumer Staples,Food Distribution,BB,BB 中軌向上（上升趨勢）,None,0.0,0.51,0.2466,,0.2466,0,6128,-0.0003,114.36,114.33,114.29,113.22,2026-08-03,3,False
TTWO,Communication Services,Electronic Gaming & Multimedia,RSI,RSI 維持強勢 (50-70),None,0.0,0.51,0.2443,0.2443,0.3082,262,5205,0.0005,245.15,245.27,245.4,242.7,2026-08-03,3,False
FMX,Consumer Staples,Beverages - Brewers,RSI,RSI 加速上升,None,0.0,0.5525,0.2439,,0.2439,0,5343,-0.0002,124.37,124.35,124.32,123.13,2026-08-05,3,False
JNJ,Health Care,Drug Manufacturers - General,RSI,RSI 維持強勢 (50-70),None,0.0,0.51,0.2436,0.2436,0.2772,234,12123,0.0055,257.59,259.01,260.42,255.01,2026-08-05,3,False
RTX,Industrials,Aerospace & Defense,BB,價格在 BB 中軌上方,None,0.0,0.425,0.2432,0.2432,0.295,329,22337,0.0037,217.93,218.74,219.54,215.75,2026-08-04,3,False
MDT,Health Care,Medical Devices,BB,價格在 BB 中軌上方,None,0.0,0.425,0.2425,0.2425,0.2804,268,14417,0.0012,85.99,86.09,86.2,85.13,2026-08-05,3,False
ADSK,Information Technology,Software - Application,RSI,RSI 維持強勢 (50-70),None,0.0,0.51,0.2424,0.2424,0.3645,198,16764,-0.0043,240.03,239.0,237.97,237.63,2026-08-05,3,False
AMT,Real Estate,REIT - Specialty,RSI,RSI 維持強勢 (50-70),None,0.0,0.51,0.2419,0.2419,0.2509,186,7011,-0.0,175.25,175.25,175.25,173.5,2026-08-04,3,False
FRT,Real Estate,REIT - Retail,BB,BB 中軌向上（上升趨勢）,None,0.0,0.51,0.241,0.241,0.2647,195,5713,0.0011,122.82,122.96,123.09,121.59,2026-08-04,3,False
HIG,Financials,Insurance - Diversified,BB,價格在 BB 中軌上方,None,0.0,0.425,0.2386,0.2386,0.2847,352,21689,0.0002,143.6,143.63,143.66,142.16,2026-08-05,3,False
ACN,Information Technology,Information Technology Services,KDJ,KDJ 金叉,None,0.0,0.5525,0.2381,0.2381,0.3918,21,1955,-0.0049,170.43,169.59,168.76,168.73,2026-08-04,3,False
MCK,Health Care,Medical Distribution,BB,BB 中軌向上（上升趨勢）,None,0.0,0.51,0.2377,0.2377,0.2705,265,10885,0.0036,877.23,880.39,883.55,868.46,2026-08-05,3,False
OXY,Energy,Oil & Gas E&P,BB,價格在 BB 中軌上方,None,0.0,0.425,0.2367,0.2367,0.2998,207,5768,-0.0109,55.47,54.87,54.26,54.92,2026-08-03,3,False
PTC,Information Technology,Software - Application,BB,BB 中軌向上（上升趨勢）,None,0.0,0.51,0.2353,0.2353,0.3639,153,16781,-0.001,139.43,139.29,139.15,138.04,2026-08-05,3,False
SYY,Consumer Staples,Food Distribution,RSI,RSI 維持強勢 (50-70),None,0.0,0.51,0.2353,0.2353,0.2452,221,7574,0.0047,84.21,84.61,85.0,83.37,2026-08-05,3,False
ABT,Health Care,Medical Devices,BB,價格在 BB 中軌上方,None,0.0,0.425,0.2353,0.2353,0.2804,221,14417,-0.0011,105.71,105.59,105.48,104.65,2026-08-05,3,False
KO,Consumer Staples,Beverages - Non-Alcoholic,BB,BB 中軌向上（上升趨勢）,None,0.0,0.51,0.2346,0.2346,0.2466,179,6128,0.0053,86.83,87.29,87.75,85.96,2026-08-05,3,False
CSGP,Real Estate,Real Estate Services,RSI,RSI 維持強勢 (50-70),None,0.0,0.51,0.2343,0.2343,0.2509,175,7011,-0.0075,30.21,29.98,29.76,29.91,2026-08-05,3,False
GEHC,Health Care,Medical Devices,BB,價格在 BB 中軌上方,None,0.0,0.425,0.233,0.233,0.2804,206,14417,-0.0058,70.24,69.83,69.43,69.54,2026-08-05,3,False
ADM,Consumer Staples,Farm Products,BB,BB 中軌向上（上升趨勢）,None,0.0,0.51,0.2324,0.2324,0.2466,185,6128,-0.0032,77.58,77.33,77.08,76.8,2026-08-05,3,False
SYK,Health Care,Medical Devices,KDJ,KDJ 金叉,None,0.0,0.5525,0.2308,0.2308,0.2852,26,1536,-0.0004,341.2,341.06,340.93,337.79,2026-08-03,3,False
DHR,Health Care,Diagnostics & Research,BB,價格在 BB 中軌上方,None,0.0,0.425,0.2267,0.2267,0.2804,247,14417,-0.002,199.66,199.26,198.86,197.66,2026-08-05,3,False
CTAS,Industrials,Specialty Business Services,RSI,RSI 維持強勢 (50-70),None,0.0,0.51,0.2236,0.2236,0.2986,322,19157,0.0044,201.4,202.29,203.17,199.39,2026-08-05,3,False
STE,Health Care,Medical Devices,BB,價格在 BB 中軌上方,None,0.0,0.425,0.2235,0.2235,0.2804,170,14417,0.0018,232.71,233.13,233.55,230.38,2026-08-05,3,False
WM,Industrials,Waste Management,BB,BB 中軌向上（上升趨勢）,None,0.0,0.51,0.2234,0.2234,0.2929,188,17460,0.0003,226.43,226.5,226.57,224.17,2026-08-03,3,False
TMUS,Communication Services,Telecom Services,KDJ,KDJ 金叉,None,0.0,0.5525,0.2222,0.2222,0.3345,18,550,0.005,177.21,178.1,178.98,175.44,2026-08-04,3,False
WY,Real Estate,REIT - Specialty,BB,BB 中軌向上（上升趨勢）,None,0.0,0.51,0.22,0.22,0.2647,150,5713,0.0028,25.84,25.91,25.98,25.58,2026-08-05,3,False
PSA,Real Estate,REIT - Industrial,RSI,RSI 維持強勢 (50-70),None,0.0,0.51,0.2197,0.2197,0.2509,173,7011,-0.0042,327.34,325.97,324.59,324.07,2026-08-05,3,False
PFE,Health Care,Drug Manufacturers - General,RSI,RSI 維持強勢 (50-70),None,0.0,0.51,0.2174,0.2174,0.2772,184,12123,-0.0036,25.41,25.32,25.23,25.16,2026-08-04,3,False
STZ,Consumer Staples,Beverages - Brewers,RSI,RSI 加速上升,None,0.0,0.5525,0.216,0.216,0.2439,162,5343,-0.0044,131.36,130.78,130.2,130.05,2026-08-03,3,False
SPGI,Financials,Financial Data & Stock Exchanges,RSI,RSI 維持強勢 (50-70),None,0.0,0.51,0.2158,0.2158,0.2842,278,19108,0.0011,410.03,410.48,410.93,405.93,2026-08-05,3,False
AFL,Financials,Insurance - Life,BB,價格在 BB 中軌上方,None,0.0,0.425,0.2149,0.2149,0.2847,363,21689,0.0016,125.56,125.76,125.96,124.3,2026-08-05,3,False
DPZ,Consumer Discretionary,Restaurants,RSI,RSI 維持強勢 (50-70),None,0.0,0.51,0.2114,0.2114,0.2995,175,10441,-0.0007,366.61,366.35,366.1,362.94,2026-08-05,3,False
WST,Health Care,Medical Instruments & Supplies,BB,BB 中軌向上（上升趨勢）,None,0.0,0.51,0.2086,0.2086,0.2705,187,10885,-0.0036,351.02,349.76,348.49,347.51,2026-08-05,3,False
FE,Utilities,Utilities - Regulated Electric,BB,BB 中軌向上（上升趨勢）,None,0.0,0.51,0.2083,0.2083,0.249,216,7232,0.0036,48.43,48.6,48.78,47.95,2026-08-03,3,False
ALL,Financials,Insurance - Property & Casualty,RSI,RSI 維持強勢 (50-70),None,0.0,0.51,0.208,0.208,0.2842,226,19108,-0.0006,264.59,264.43,264.27,261.94,2026-08-05,3,False
MCD,Consumer Discretionary,Restaurants,KDJ,KDJ 金叉,None,0.0,0.5525,0.2069,0.2069,0.3183,29,1244,-0.0017,274.0,273.53,273.07,271.26,2026-08-05,3,False
VZ,Communication Services,Telecom Services,BB,價格在 BB 中軌上方,None,0.0,0.425,0.2046,0.2046,0.3007,259,6080,0.0019,46.47,46.56,46.65,46.01,2026-08-05,3,False
TXT,Industrials,Aerospace & Defense,RSI,RSI 加速上升,None,0.0,0.5525,0.2027,0.2027,0.2981,148,11545,-0.0038,88.46,88.12,87.79,87.58,2026-08-05,3,False
AEE,Utilities,Utilities - Regulated Electric,BB,BB 中軌向上（上升趨勢）,None,0.0,0.51,0.2026,0.2026,0.249,232,7232,0.0017,108.95,109.14,109.32,107.86,2026-08-05,3,False
MRK,Health Care,Drug Manufacturers - General,RSI,RSI 維持強勢 (50-70),None,0.0,0.51,0.2017,0.2017,0.2772,233,12123,-0.0043,128.33,127.78,127.23,127.05,2026-08-05,3,False
LYB,Materials,Specialty Chemicals,BB,BB 中軌向上（上升趨勢）,None,0.0,0.51,0.2011,0.2011,0.2853,179,5036,-0.0074,59.03,58.59,58.16,58.44,2026-08-05,3,False
MAR,Consumer Discretionary,Lodging,BB,BB 跌破下軌 (超賣),Morning Star,0.8,1.0,0.2,,0.2,0,5,0.006,345.2,347.27,349.34,341.75,2026-08-04,3,True
TYL,Information Technology,Software - Application,RSI,RSI 上穿 50 中性線,None,0.0,0.4675,0.2,0.2,0.3785,20,1593,-0.0067,313.33,311.23,309.13,310.2,2026-08-04,3,False
CNP,Utilities,Utilities - Regulated Electric,BB,BB 跌破下軌 (超賣),None,0.0,0.45499999999999996,0.2,0.2,0.4104,5,441,0.0102,40.65,41.06,41.48,40.24,2026-08-05,3,False
KMB,Consumer Staples,Household & Personal Products,RSI,RSI 維持強勢 (50-70),None,0.0,0.51,0.1981,0.1981,0.2452,212,7574,-0.0029,112.37,112.04,111.72,111.25,2026-08-05,3,False
SBUX,Consumer Discretionary,Restaurants,BB,價格在 BB 中軌上方,None,0.0,0.425,0.1957,0.1957,0.2984,235,12430,-0.0009,106.0,105.9,105.81,104.94,2026-08-05,3,False
BDX,Health Care,Medical Instruments & Supplies,BB,BB 中軌向上（上升趨勢）,None,0.0,0.51,0.1948,0.1948,0.2705,154,10885,-0.0017,170.12,169.83,169.54,168.42,2026-08-04,3,False
VICI,Real Estate,REIT - Diversified,BB,價格在 BB 中軌上方,None,0.0,0.425,0.1934,0.1934,0.248,243,8032,0.0004,26.59,26.6,26.61,26.32,2026-08-04,3,False
L,Financials,Insurance - Property & Casualty,RSI,RSI 維持強勢 (50-70),None,0.0,0.51,0.1902,0.1902,0.2842,368,19108,0.0015,115.74,115.91,116.09,114.58,2026-08-05,3,False
SNA,Industrials,Tools & Accessories,BB,價格在 BB 中軌上方,None,0.0,0.425,0.1887,0.1887,0.295,302,22337,-0.0021,418.85,417.97,417.09,414.66,2026-08-05,3,False
AON,Financials,Insurance Brokers,BB,BB 中軌向上（上升趨勢）,None,0.0,0.51,0.1832,0.1832,0.2681,202,16575,-0.0015,359.97,359.43,358.89,356.37,2026-08-05,3,False
KR,Consumer Staples,Grocery Stores,BB,BB 中軌向上（上升趨勢）,None,0.0,0.51,0.1823,0.1823,0.2466,192,6128,-0.0023,58.22,58.09,57.95,57.64,2026-08-03,3,False
GD,Industrials,Aerospace & Defense,RSI,RSI 維持強勢 (50-70),None,0.0,0.51,0.1812,0.1812,0.2986,320,19157,0.0031,384.08,385.27,386.46,380.24,2026-08-05,3,False
SPG,Real Estate,REIT - Retail,RSI,RSI 維持強勢 (50-70),None,0.0,0.51,0.1805,0.1805,0.2509,277,7011,-0.0007,225.9,225.74,225.58,223.64,2026-08-04,3,False
YUM,Consumer Discretionary,Restaurants,BB,價格在 BB 中軌上方,None,0.0,0.425,0.1789,0.1789,0.2984,218,12430,-0.0015,152.37,152.14,151.91,150.85,2026-08-05,3,False
HRL,Consumer Staples,Packaged Foods,BB,價格在 BB 中軌上方,None,0.0,0.425,0.1737,0.1737,0.2432,236,8891,-0.0024,25.23,25.17,25.11,24.98,2026-08-05,3,False
WRB,Financials,Insurance - Property & Casualty,BB,BB 中軌向上（上升趨勢）,None,0.0,0.51,0.1708,0.1708,0.2681,240,16575,-0.0004,71.39,71.36,71.33,70.68,2026-08-04,3,False
ATO,Utilities,Utilities - Regulated Gas,BB,BB 中軌向上（上升趨勢）,None,0.0,0.51,0.1702,0.1702,0.249,235,7232,0.0011,172.2,172.39,172.58,170.48,2026-08-05,3,False
WTW,Financials,Insurance Brokers,BB,價格在 BB 中軌上方,None,0.0,0.425,0.1646,0.1646,0.2847,316,21689,-0.0024,338.07,337.26,336.45,334.69,2026-08-05,3,False
MRSH,Financials,Insurance Brokers,BB,價格在 BB 中軌上方,None,0.0,0.425,0.1582,0.1582,0.2847,297,21689,-0.0029,191.47,190.91,190.36,189.56,2026-08-05,3,False
PEP,Consumer Staples,Beverages - Non-Alcoholic,BB,價格在 BB 中軌上方,None,0.0,0.425,0.1556,0.1556,0.2432,225,8891,-0.0021,138.78,138.49,138.2,137.39,2026-08-05,3,False
O,Real Estate,REIT - Retail,BB,BB 中軌向上（上升趨勢）,None,0.0,0.51,0.1458,0.1458,0.2647,192,5713,-0.0009,63.48,63.42,63.37,62.85,2026-08-03,3,False
VRSK,Industrials,Consulting Services,BB,BB 中軌向上（上升趨勢）,None,0.0,0.51,0.1458,0.1458,0.2929,192,17460,-0.0035,188.75,188.09,187.43,186.86,2026-08-05,3,False
ROP,Information Technology,Software - Application,RSI,RSI 維持強勢 (50-70),None,0.0,0.51,0.1429,0.1429,0.3645,231,16764,-0.0041,394.53,392.91,391.29,390.58,2026-08-05,3,False
LIN,Materials,Specialty Chemicals,KDJ,KDJ 金叉,None,0.0,0.5525,0.129,0.129,0.314,31,637,0.0007,484.64,484.98,485.32,479.79,2026-08-04,3,False
