symbol,sector,subsector,indicator,signal,pattern,pattern_conf,confidence,win_rate,win_rate_stock,win_rate_sector,stock_n,sector_n,avg_return,price,tp1_price,tp2_price,sl_price,date,tier,volume_confirmed
CMI,Industrials,Specialty Industrial Machinery,RSI,RSI 維持超賣,Support,0.9,1.0,1.0,,1.0,0,9,0.0717,550.9,590.4,629.9,545.39,2026-09-02,1,True
HPE,Information Technology,Communication Equipment,RSI,RSI 上穿 50 中性線,Morning Star,0.8,1.0,0.8571,,0.8571,0,7,0.0517,54.44,57.25,60.07,53.9,2026-09-03,1,True
PCG,Utilities,Utilities - Regulated Electric,RSI,RSI 維持超賣,Support,0.8,1.0,0.8571,,0.8571,0,7,0.0512,13.33,14.01,14.69,13.2,2026-09-02,1,True
CRDO,Information Technology,Semiconductors,BB,BB 跌破下軌 (超賣),Bullish Engulfing,0.75,1.0,0.75,,0.75,0,24,0.0686,164.17,175.43,186.69,162.53,2026-09-03,1,True
BDRX,Health Care,Biotechnology,RSI,RSI 維持超賣,Support,0.8,0.9,0.75,,0.75,0,12,0.0394,0.785,0.82,0.85,0.78,2026-09-02,1,False
PSA,Real Estate,REIT - Industrial,BB,BB 跌破下軌 (超賣),Morning Star,0.8,1.0,0.6667,,0.6667,0,21,0.0331,301.33,311.3,321.28,298.32,2026-09-02,1,False
XPO,Industrials,Trucking,RSI,RSI 加速上升,Bullish Engulfing,0.75,1.0,0.625,,0.625,0,8,0.0139,193.1,195.78,198.47,191.17,2026-09-04,1,True
BURL,Consumer Discretionary,Apparel Retail,RSI,RSI 維持超賣,Morning Star,0.8,0.9,0.6207,,0.6207,0,29,0.0302,265.33,273.34,281.36,262.68,2026-09-04,1,False
DOV,Industrials,Specialty Industrial Machinery,BB,BB 跌破下軌 (超賣),Morning Star,0.8,1.0,0.6071,,0.6071,0,56,0.0266,188.9,193.92,198.95,187.01,2026-09-02,1,False
PCAR,Industrials,Farm & Heavy Construction Machinery,BB,BB 跌破下軌 (超賣),Morning Star,0.8,1.0,0.6071,,0.6071,0,56,0.0266,122.13,125.38,128.63,120.91,2026-09-02,1,False
WTS,Industrials,Specialty Industrial Machinery,BB,BB 跌破下軌 (超賣),Morning Star,0.8,1.0,0.6071,,0.6071,0,56,0.0266,351.84,361.2,370.56,348.32,2026-09-02,1,False
TGT,Consumer Staples,Discount Stores,BB,BB 中軌向上（上升趨勢）,Morning Star,0.8,1.0,0.5505,,0.5505,0,109,0.0238,164.44,168.35,172.27,162.8,2026-09-04,1,False
FICO,Information Technology,Software - Application,BB,BB 跌破下軌 (超賣),None,0.0,0.45499999999999996,0.8333,0.8333,0.4474,6,456,0.0693,932.26,996.87,1061.47,922.94,2026-09-04,2,True
ETR,Utilities,Utilities - Regulated Electric,BB,價格在 BB 中軌上方,None,0.0,0.425,0.7692,0.7692,0.3287,13,432,0.0346,106.75,110.44,114.14,105.68,2026-09-02,2,True
PFG,Financials,Asset Management,BB,價格在 BB 中軌上方,None,0.0,0.425,0.75,0.75,0.3239,8,852,0.0261,118.51,121.6,124.7,117.32,2026-09-03,2,True
SU,Energy,Oil & Gas Integrated,MACD,MACD 金叉 (多頭區),None,0.0,0.68,0.6154,,0.6154,0,13,0.0423,67.805,70.67,73.54,67.13,2026-09-03,2,True
DELL,Information Technology,Computer Hardware,RSI,RSI 維持強勢 (50-70),None,0.0,0.51,0.6111,0.6111,0.4471,18,747,0.0817,516.39,558.58,600.77,511.23,2026-09-03,2,True
SNPS,Information Technology,Software - Infrastructure,BB,BB 中軌向上（上升趨勢）,None,0.0,0.51,0.5455,0.5455,0.4238,11,1083,0.0246,393.84,403.53,413.22,389.9,2026-09-04,2,True
LULU,Consumer Discretionary,Apparel Retail,MACD,MACD 突破 0 軸,None,0.0,0.595,0.5161,,0.5161,0,31,0.0207,121.77,124.29,126.81,120.55,2026-09-03,2,True
TSLA,Consumer Discretionary,Auto Manufacturers,BB,BB 中軌向上（上升趨勢）,None,0.0,0.51,0.5,0.5,0.3934,12,427,0.0511,354.08,372.17,390.27,350.54,2026-09-04,2,True
ADSK,Information Technology,Software - Application,BB,BB 跌破下軌 (超賣),None,0.0,0.45499999999999996,0.5,0.5,0.4474,12,456,0.011,217.9,220.3,222.69,215.72,2026-09-04,2,True
BNT,Financials,Insurance - Diversified,RSI,RSI 維持超賣,None,0.0,0.385,0.4853,,0.4853,0,136,0.0158,39.86,40.49,41.12,39.46,2026-09-02,2,True
NVS,Health Care,Drug Manufacturers - General,BB,價格在 BB 中軌上方,Bullish Engulfing,0.75,1.0,0.4667,,0.4667,0,15,0.0041,162.46,163.13,163.79,160.84,2026-09-02,2,True
EIX,Utilities,Utilities - Regulated Electric,RSI,RSI 超賣區域 (30),None,0.0,0.5249999999999999,0.4545,,0.4545,0,33,0.0084,55.19,55.65,56.12,54.64,2026-09-02,2,True
LOW,Consumer Discretionary,Home Improvement Retail,BB,BB 跌破下軌 (超賣),Support,0.8,1.0,1.0,,1.0,0,5,0.1314,199.84,226.1,252.36,197.84,2026-09-02,3,False
FER,Industrials,Engineering & Construction,RSI,RSI 維持超賣,Support,0.9,0.93,1.0,,1.0,0,9,0.0717,57.84,61.99,66.13,57.26,2026-09-02,3,False
LII,Industrials,Building Products & Equipment,RSI,RSI 維持超賣,Support,0.9,0.93,1.0,,1.0,0,9,0.0717,374.0,400.82,427.63,370.26,2026-09-02,3,False
ONON,Consumer Discretionary,Footwear & Accessories,RSI,RSI 維持超賣,Support,0.9,0.93,1.0,,1.0,0,7,0.0602,27.8,29.47,31.15,27.52,2026-09-02,3,False
CB,Financials,Insurance - Property & Casualty,RSI,RSI 維持強勢 (50-70),Morning Star,0.8,1.0,0.8571,0.8571,0.4278,7,367,0.0315,348.25,359.22,370.19,344.77,2026-09-03,3,False
IRM,Real Estate,REIT - Specialty,BB,BB 跌破下軌 (超賣),Support,0.9,1.0,0.8393,,,0,0,0.067,111.84,119.33,126.83,110.72,2026-09-02,3,False
UTHR,Health Care,Drug Manufacturers - Specialty & Generic,BB,BB 跌破下軌 (超賣),Support,0.9,1.0,0.8333,,0.8333,0,6,0.0303,492.02,506.93,521.84,487.1,2026-09-02,3,False
DDOG,Information Technology,Software - Application,BB,BB 跌破下軌 (超賣),Support,0.8,1.0,0.8,,0.8,0,5,0.0521,209.23,220.13,231.03,207.14,2026-09-02,3,False
DTE,Utilities,Utilities - Regulated Electric,KDJ,KDJ 金叉,Support,0.9,1.0,0.8,,0.8,0,5,0.0149,136.05,138.08,140.1,134.69,2026-09-02,3,False
EFX,Industrials,Consulting Services,RSI,RSI 維持強勢 (50-70),Morning Star,0.8,1.0,0.8,0.8,0.4725,5,436,0.0299,189.09,194.74,200.4,187.2,2026-09-03,3,False
FTV,Information Technology,Scientific & Technical Instruments,BB,BB 跌破下軌 (超賣),Support,0.9,1.0,0.8,,0.8,0,5,0.0521,56.5312,59.48,62.42,55.97,2026-09-02,3,False
LSCC,Information Technology,Semiconductors,KDJ,KDJ 金叉,Support,0.7,1.0,0.8,,,0,0,0.0149,113.88,115.58,117.27,112.74,2026-09-02,3,False
SMCI,Information Technology,Computer Hardware,BB,BB 中軌向上（上升趨勢）,Bullish Engulfing,0.75,1.0,0.8,0.8,0.3757,5,338,0.0594,37.87,40.12,42.37,37.49,2026-09-03,3,False
ULS,Industrials,Specialty Business Services,KDJ,KDJ 金叉,Support,0.8,1.0,0.8,,,0,0,0.0149,74.12,75.22,76.33,73.38,2026-09-02,3,False
CHRW,Industrials,Integrated Freight & Logistics,BB,價格在 BB 中軌上方,Morning Star,0.8,0.924,0.8,0.8,0.4387,5,424,0.0433,147.64,154.03,160.43,146.16,2026-09-04,3,False
EL,Consumer Staples,Household & Personal Products,BB,價格在 BB 中軌上方,Bullish Engulfing,0.75,0.9075,0.8,0.8,0.3836,5,146,0.0383,103.86,107.84,111.82,102.82,2026-09-04,3,False
HPQ,Information Technology,Computer Hardware,MACD,MACD 金叉 (多頭區),None,0.0,0.68,0.8,0.8,0.3651,5,504,0.0319,31.99,33.01,34.03,31.67,2026-09-02,3,False
MMM,Industrials,Conglomerates,BB,BB 跌破下軌 (超賣),None,0.0,0.45499999999999996,0.75,0.75,0.2838,8,1258,0.0414,168.31,175.28,182.25,166.63,2026-09-03,3,False
C,Financials,Banks - Diversified,MACD,MACD 突破 0 軸,None,0.0,0.595,0.7143,0.7143,0.3301,7,618,0.0327,137.72,142.22,146.73,136.34,2026-09-04,3,False
SNDK,Information Technology,Computer Hardware,RSI,RSI 動能加速（強勢區）,None,0.0,0.51,0.7059,0.7059,0.366,34,2885,0.1227,1740.0,1953.5,2167.0,1722.6,2026-09-04,3,False
NRG,Utilities,Utilities - Independent Power Producers,RSI,RSI 維持強勢 (50-70),Bullish Engulfing,0.75,1.0,0.6667,0.6667,0.3196,6,97,0.0399,119.02,123.77,128.52,117.83,2026-09-04,3,False
TT,Industrials,Building Products & Equipment,KDJ,KDJ 金叉,None,0.0,0.5525,0.6667,0.6667,0.3223,15,2110,0.0317,444.14,458.22,472.3,439.7,2026-09-03,3,False
RL,Consumer Discretionary,Apparel Manufacturing,RSI,RSI 維持超賣,None,0.0,0.385,0.6667,0.6667,0.3894,6,565,0.0348,336.5,348.21,359.92,333.13,2026-09-02,3,False
STX,Information Technology,Computer Hardware,RSI,RSI 上穿 50 中性線,None,0.0,0.4675,0.6316,0.6316,0.3785,19,1593,0.0455,849.28,887.92,926.56,840.79,2026-09-04,3,False
ANET,Information Technology,Computer Hardware,RSI,RSI 維持強勢 (50-70),Bullish Engulfing,0.75,1.0,0.625,0.625,0.3353,8,340,0.0291,191.44,197.01,202.58,189.53,2026-09-03,3,False
TXN,Information Technology,Semiconductors,KDJ,KDJ 金叉,None,0.0,0.5525,0.6154,0.6154,0.3918,13,1955,0.0201,253.83,258.93,264.03,251.29,2026-09-03,3,False
CMS,Utilities,Utilities - Regulated Electric,KDJ,KDJ 超賣區金叉,Support,0.9,1.0,0.6,,,0,0,0.0304,68.06,70.13,72.2,67.38,2026-09-02,3,False
HUBB,Industrials,Electrical Equipment & Parts,KDJ,KDJ 超賣區金叉,Support,0.9,1.0,0.6,,,0,0,0.0304,450.08,463.76,477.44,445.58,2026-09-02,3,False
SO,Utilities,Utilities - Regulated Electric,KDJ,KDJ 超賣區金叉,Support,0.9,1.0,0.6,,,0,0,0.0304,88.31,90.99,93.68,87.43,2026-09-02,3,False
PH,Industrials,Specialty Industrial Machinery,KDJ,KDJ 超賣區金叉,None,0.0,0.5599999999999999,0.6,0.6,0.2433,5,563,0.0315,962.59,992.91,1023.23,952.96,2026-09-04,3,False
WYNN,Consumer Discretionary,Resorts & Casinos,KDJ,KDJ 超賣區金叉,None,0.0,0.5599999999999999,0.6,0.6,0.3775,5,302,0.025,91.56,93.85,96.14,90.64,2026-09-03,3,False
GLW,Information Technology,Electronic Components,MACD,MACD 金叉 (空頭區),None,0.0,0.42,0.6,0.6,0.3767,10,754,0.0281,154.3,158.64,162.97,152.76,2026-09-04,3,False
PNC,Financials,Banks - Regional,KDJ,KDJ 金叉,None,0.0,0.5525,0.5882,0.5882,0.3142,17,1932,0.0121,242.46,245.39,248.33,240.04,2026-09-02,3,False
KLAC,Information Technology,Semiconductor Equipment & Materials,RSI,RSI 上穿 50 中性線,None,0.0,0.4675,0.5862,0.5862,0.3785,29,1593,0.0274,185.6,190.69,195.77,183.74,2026-09-04,3,False
VRT,Industrials,Electrical Equipment & Parts,RSI,RSI 維持強勢 (50-70),None,0.0,0.51,0.5753,0.5753,0.2986,365,19157,0.0264,280.53,287.94,295.34,277.72,2026-09-04,3,False
RPM,Materials,Specialty Chemicals,KDJ,KDJ 超賣區金叉,Bullish Engulfing,0.75,1.0,0.5714,,0.5714,0,7,0.0221,103.43,105.72,108.0,102.4,2026-09-03,3,False
CEG,Utilities,Utilities - Independent Power Producers,MACD,MACD 金叉 (多頭區),None,0.0,0.68,0.5714,0.5714,0.1867,7,225,0.0055,290.04,291.64,293.23,287.14,2026-09-02,3,False
BBY,Consumer Discretionary,Specialty Retail,MACD,MACD 突破 0 軸,None,0.0,0.595,0.5714,0.5714,0.3351,7,376,0.0236,87.0,89.05,91.11,86.13,2026-09-02,3,False
COHR,Information Technology,Scientific & Technical Instruments,KDJ,KDJ 金叉,None,0.0,0.5525,0.5714,0.5714,0.3918,35,1955,0.0292,281.86,290.09,298.32,279.04,2026-09-04,3,False
LITE,Information Technology,Communication Equipment,RSI,RSI 上穿 50 中性線,None,0.0,0.4675,0.5714,0.5714,0.3785,21,1593,0.0398,881.255,916.33,951.4,872.44,2026-09-04,3,False
GS,Financials,Capital Markets,MACD,MACD 金叉 (空頭區),None,0.0,0.42,0.5714,0.5714,0.3214,7,865,0.0286,1038.61,1068.31,1098.02,1028.22,2026-09-04,3,False
DRI,Consumer Discretionary,Restaurants,KDJ,KDJ 金叉,None,0.0,0.5525,0.5556,0.5556,0.3183,18,1244,0.0168,220.03,223.73,227.42,217.83,2026-09-02,3,False
TKO,Communication Services,Entertainment,KDJ,KDJ 金叉,None,0.0,0.5525,0.5556,0.5556,0.3345,18,550,0.0167,189.79,192.96,196.13,187.89,2026-09-02,3,False
INTC,Information Technology,Semiconductors,RSI,RSI 上穿 50 中性線,None,0.0,0.4675,0.5556,0.5556,0.3785,18,1593,0.0314,95.8,98.81,101.82,94.84,2026-09-04,3,False
HBANM,Financials,Banks - Regional,MACD,MACD 突破 0 軸,Morning Star,0.8,1.0,0.5455,,,0,0,0.0313,20.89,21.54,22.2,20.68,2026-09-03,3,False
MU,Information Technology,Semiconductors,RSI,RSI 動能加速（強勢區）,None,0.0,0.51,0.5441,0.5441,0.366,68,2885,0.029,1016.59,1046.07,1075.55,1006.42,2026-09-04,3,False
W,Consumer Discretionary,Internet Retail,BB,BB 跌破下軌 (超賣),Morning Star,0.8,1.0,0.5435,,0.5435,0,46,0.0257,94.54,96.97,99.4,93.59,2026-09-02,3,False
IP,Consumer Discretionary,Packaging & Containers,BB,BB 跌破下軌 (超賣),Bullish Engulfing,0.75,1.0,0.5429,,0.5429,0,35,0.0233,36.44,37.29,38.14,36.08,2026-09-03,3,False
TRGP,Energy,Oil & Gas Midstream,KDJ,KDJ 金叉,None,0.0,0.5525,0.5417,0.5417,0.3614,24,498,0.0268,293.54,301.41,309.27,290.6,2026-09-03,3,False
CVNA,Consumer Discretionary,Auto & Truck Dealerships,RSI,RSI 動能加速（強勢區）,None,0.0,0.51,0.537,0.537,0.3027,54,1665,0.0396,74.16,77.1,80.03,73.42,2026-09-02,3,False
WDC,Information Technology,Computer Hardware,BB,價格在 BB 中軌上方,None,0.0,0.425,0.5316,0.5316,0.3573,412,20206,0.0293,467.46,481.16,494.85,462.79,2026-09-04,3,False
CCEP,Consumer Staples,Beverages - Non-Alcoholic,BB,價格在 BB 中軌上方,Morning Star,0.8,0.924,0.5252,,0.5252,0,139,0.0212,109.15,111.46,113.78,108.06,2026-09-03,3,False
CPRT,Industrials,Specialty Business Services,BB,BB 中軌向上（上升趨勢）,Morning Star,0.8,1.0,0.5233,,0.5233,0,407,0.0228,33.72,34.49,35.26,33.38,2026-09-04,3,False
EXPD,Industrials,Integrated Freight & Logistics,BB,BB 中軌向上（上升趨勢）,Morning Star,0.8,1.0,0.5233,,0.5233,0,407,0.0228,188.8,193.1,197.41,186.91,2026-09-04,3,False
LRCX,Information Technology,Semiconductor Equipment & Materials,KDJ,KDJ 金叉,None,0.0,0.5525,0.5161,0.5161,0.3918,31,1955,0.0344,307.65,318.23,328.82,304.57,2026-09-04,3,False
HOOD,Financials,Capital Markets,BB,BB 中軌向上（上升趨勢）,None,0.0,0.51,0.5123,0.5123,0.2681,324,16575,0.0235,122.11,124.98,127.85,120.89,2026-09-04,3,False
FIX,Industrials,Engineering & Construction,KDJ,KDJ 金叉,None,0.0,0.5525,0.5116,0.5116,0.3223,43,2110,0.0183,1560.13,1588.68,1617.23,1544.53,2026-09-02,3,False
GFS,Information Technology,Semiconductors,KDJ,KDJ 超賣區金叉,Bullish Engulfing,0.75,1.0,0.5,,0.5,0,12,0.027,43.97,45.16,46.34,43.53,2026-09-02,3,False
UHS,Health Care,Medical Care Facilities,RSI,RSI 維持強勢 (50-70),Morning Star,0.8,1.0,0.5,0.5,0.3781,6,283,0.0313,169.65,174.96,180.27,167.95,2026-09-04,3,False
MEDP,Health Care,Diagnostics & Research,RSI,RSI 上穿 50 中性線,Support,0.8,0.9900000000000001,0.5,,,0,0,0.02,593.02,604.88,616.74,587.09,2026-09-02,3,False
IQV,Health Care,Diagnostics & Research,BB,價格在 BB 中軌上方,Bullish Engulfing,0.75,0.9075,0.5,0.5,0.332,6,259,0.0164,263.84,268.17,272.49,261.2,2026-09-02,3,False
RBC,Industrials,Tools & Accessories,RSI,RSI 維持超賣,Bullish Engulfing,0.75,0.885,0.5,,0.5,0,44,0.0219,490.89,501.64,512.39,485.98,2026-09-02,3,False
SUNB,Industrials,Rental & Leasing Services,RSI,RSI 維持超賣,Bullish Engulfing,0.75,0.885,0.5,,0.5,0,44,0.0219,65.99,67.44,68.88,65.33,2026-09-03,3,False
NVDA,Information Technology,Semiconductors,MACD,MACD 金叉 (多頭區),None,0.0,0.68,0.5,0.5,0.3651,6,504,0.0232,224.41,229.62,234.82,222.17,2026-09-02,3,False
CPT,Real Estate,REIT - Residential,KDJ,KDJ 超賣區金叉,None,0.0,0.5599999999999999,0.5,0.5,0.2366,10,448,0.0092,105.69,106.66,107.63,104.63,2026-09-04,3,False
GEV,Industrials,Specialty Industrial Machinery,RSI,RSI 加速上升,None,0.0,0.5525,0.5,0.5,0.2981,130,11545,0.0157,941.95,956.74,971.53,932.53,2026-09-04,3,False
SYF,Financials,Credit Services,KDJ,KDJ 金叉,None,0.0,0.5525,0.5,0.5,0.3142,30,1932,0.0135,79.85,80.93,82.01,79.05,2026-09-03,3,False
XEL,Utilities,Utilities - Regulated Electric,KDJ,KDJ 金叉,None,0.0,0.5525,0.5,0.5,0.3001,16,713,0.0122,76.34,77.27,78.2,75.58,2026-09-03,3,False
META,Communication Services,Internet Content & Information,RSI,RSI 上穿 50 中性線,None,0.0,0.4675,0.5,0.5,0.3243,26,518,0.019,592.85,604.11,615.38,586.92,2026-09-02,3,False
BLK,Financials,Asset Management,BB,BB 跌破下軌 (超賣),None,0.0,0.45499999999999996,0.5,0.5,0.3485,14,1277,0.02,1107.08,1129.22,1151.36,1096.01,2026-09-02,3,False
GEHC,Health Care,Medical Devices,BB,BB 跌破下軌 (超賣),None,0.0,0.45499999999999996,0.5,0.5,0.2752,16,974,0.0173,68.86,70.05,71.24,68.17,2026-09-04,3,False
RTX,Industrials,Aerospace & Defense,BB,BB 跌破下軌 (超賣),None,0.0,0.45499999999999996,0.5,0.5,0.2838,12,1258,0.0102,200.78,202.83,204.88,198.77,2026-09-02,3,False
F,Consumer Discretionary,Auto Manufacturers,MACD,MACD 金叉 (空頭區),None,0.0,0.42,0.5,0.5,0.3233,12,529,0.0235,14.41,14.75,15.09,14.27,2026-09-03,3,False
ROK,Industrials,Specialty Industrial Machinery,MACD,MACD 金叉 (空頭區),None,0.0,0.42,0.5,0.5,0.3303,8,875,0.0059,433.81,436.37,438.93,429.47,2026-09-04,3,False
STLD,Materials,Steel,MACD,MACD 金叉 (空頭區),None,0.0,0.42,0.5,0.5,0.3816,6,304,0.0223,246.03,251.52,257.0,243.57,2026-09-03,3,False
HRL,Consumer Staples,Packaged Foods,RSI,RSI 維持超賣,None,0.0,0.385,0.5,0.5,0.2366,14,744,0.0118,21.54,21.79,22.05,21.32,2026-09-04,3,False
ROIV,Health Care,Biotechnology,BB,BB 中軌向上（上升趨勢）,Morning Star,0.8,1.0,0.4901,,0.4901,0,253,0.0226,34.18,34.95,35.72,33.84,2026-09-02,3,False
HD,Consumer Discretionary,Home Improvement Retail,KDJ,KDJ 超賣區金叉,Morning Star,0.8,1.0,0.4815,,0.4815,0,27,0.0358,321.05,332.54,344.04,317.84,2026-09-04,3,False
AIZ,Financials,Insurance - Property & Casualty,KDJ,KDJ 金叉,None,0.0,0.5525,0.4815,0.4815,0.3142,27,1932,0.0124,287.71,291.28,294.85,284.83,2026-09-03,3,False
AIG,Financials,Insurance - Diversified,RSI,RSI 上穿 50 中性線,None,0.0,0.4675,0.4815,0.4815,0.3091,27,1899,0.0157,76.86,78.07,79.27,76.09,2026-09-03,3,False
AMD,Information Technology,Semiconductors,RSI,RSI 維持強勢 (50-70),None,0.0,0.51,0.4798,0.4798,0.3645,198,16764,0.0209,477.57,487.55,497.53,472.79,2026-09-04,3,False
BAX,Health Care,Medical Instruments & Supplies,RSI,RSI 上穿 50 中性線,None,0.0,0.4675,0.4783,0.4783,0.3144,23,1323,0.0071,25.83,26.01,26.2,25.57,2026-09-04,3,False
VST,Utilities,Utilities - Independent Power Producers,RSI,RSI 加速上升,None,0.0,0.5525,0.4759,0.4759,0.2565,166,4905,0.019,149.3,152.14,154.97,147.81,2026-09-04,3,False
BA,Industrials,Aerospace & Defense,RSI,RSI 加速上升,None,0.0,0.5525,0.473,0.473,0.2981,148,11545,0.0097,212.25,214.31,216.37,210.13,2026-09-04,3,False
WCN,Industrials,Waste Management,RSI,RSI 維持強勢 (50-70),Morning Star,0.8,1.0,0.4725,,0.4725,0,436,0.0182,166.81,169.85,172.88,165.14,2026-09-03,3,False
RF,Financials,Banks - Regional,KDJ,KDJ 金叉,None,0.0,0.5525,0.4667,0.4667,0.3142,15,1932,0.0187,29.93,30.49,31.05,29.63,2026-09-02,3,False
PLTR,Information Technology,Software - Infrastructure,RSI,RSI 維持強勢 (50-70),None,0.0,0.51,0.4644,0.4644,0.3645,295,16764,0.0159,174.33,177.1,179.87,172.59,2026-09-04,3,False
FANG,Energy,Oil & Gas E&P,KDJ,KDJ 金叉,None,0.0,0.5525,0.4643,0.4643,0.3614,28,498,0.0121,202.94,205.4,207.85,200.91,2026-09-03,3,False
NXPI,Information Technology,Semiconductors,RSI,RSI 加速上升,None,0.0,0.5525,0.4622,0.4622,0.3693,119,10688,0.0209,227.84,232.6,237.36,225.56,2026-09-04,3,False
AMZN,Consumer Discretionary,Internet Retail,KDJ,KDJ 金叉,None,0.0,0.5525,0.4615,0.4615,0.3183,26,1244,0.0099,258.9,261.46,264.03,256.31,2026-09-03,3,False
KKR,Financials,Asset Management,RSI,RSI 動能加速（強勢區）,None,0.0,0.51,0.4615,0.4615,0.279,52,3129,0.0115,109.76,111.02,112.28,108.66,2026-09-03,3,False
PANW,Information Technology,Software - Infrastructure,BB,BB 跌破下軌 (超賣),None,0.0,0.45499999999999996,0.4615,0.4615,0.3447,13,1001,-0.0103,328.48,325.1,321.71,325.2,2026-09-02,3,False
WAB,Industrials,Railroads,BB,BB 跌破下軌 (超賣),None,0.0,0.45499999999999996,0.4615,0.4615,0.2838,13,1258,0.0219,279.81,285.94,292.07,277.01,2026-09-02,3,False
TFC,Financials,Banks - Regional,MACD,MACD 金叉 (空頭區),None,0.0,0.42,0.4615,0.4615,0.3214,13,865,0.0184,51.65,52.6,53.55,51.13,2026-09-04,3,False
CART,Consumer Discretionary,Internet Retail,BB,BB 中軌向上（上升趨勢）,Morning Star,0.8,1.0,0.4599,,0.4599,0,237,0.0144,51.53,52.27,53.01,51.01,2026-09-02,3,False
GPC,Consumer Discretionary,Auto Parts,BB,BB 中軌向上（上升趨勢）,Morning Star,0.8,1.0,0.4599,,0.4599,0,237,0.0144,136.0906,138.05,140.01,134.73,2026-09-02,3,False
QSR,Consumer Discretionary,Restaurants,BB,BB 中軌向上（上升趨勢）,Morning Star,0.8,1.0,0.4599,,0.4599,0,237,0.0144,78.87,80.01,81.14,78.08,2026-09-02,3,False
RIVN,Consumer Discretionary,Auto Manufacturers,BB,BB 中軌向上（上升趨勢）,Morning Star,0.8,1.0,0.4599,,0.4599,0,237,0.0144,15.91,16.14,16.37,15.75,2026-09-03,3,False
CRWD,Information Technology,Software - Infrastructure,RSI,RSI 維持強勢 (50-70),None,0.0,0.51,0.4578,0.4578,0.3645,249,16764,0.0167,213.1,216.66,220.22,210.97,2026-09-04,3,False
JBL,Information Technology,Electronic Components,RSI,RSI 加速上升,None,0.0,0.5525,0.4566,0.4566,0.3693,173,10688,0.0157,310.57,315.45,320.32,307.46,2026-09-04,3,False
MTB,Financials,Banks - Regional,KDJ,KDJ 超賣區金叉,Morning Star,0.8,1.0,0.4565,,0.4565,0,46,0.0117,235.48,238.24,240.99,233.13,2026-09-02,3,False
WRB,Financials,Insurance - Property & Casualty,KDJ,KDJ 超賣區金叉,Morning Star,0.8,1.0,0.4565,,0.4565,0,46,0.0117,68.12,68.92,69.71,67.44,2026-09-02,3,False
BN,Financials,Asset Management,RSI,RSI 維持超賣,None,0.0,0.385,0.4547,,0.4547,0,508,0.0093,39.71,40.08,40.45,39.31,2026-09-02,3,False
ZBRA,Information Technology,Communication Equipment,KDJ,KDJ 金叉,None,0.0,0.5525,0.4545,0.4545,0.3918,22,1955,0.0101,357.5,361.11,364.72,353.93,2026-09-03,3,False
DPZ,Consumer Discretionary,Restaurants,RSI,RSI 上穿 50 中性線,None,0.0,0.4675,0.4545,0.4545,0.3072,11,1123,0.0179,346.68,352.89,359.09,343.21,2026-09-02,3,False
AEP,Utilities,Utilities - Regulated Electric,MACD,MACD 金叉 (空頭區),None,0.0,0.42,0.4545,0.4545,0.2494,11,409,0.0111,123.57,124.94,126.31,122.33,2026-09-02,3,False
NCLH,Consumer Discretionary,Travel Services,RSI,RSI 維持超賣,None,0.0,0.385,0.4545,0.4545,0.3894,22,565,-0.0047,15.57,15.5,15.42,15.41,2026-09-02,3,False
FOXA,Communication Services,Entertainment,RSI,RSI 動能加速（強勢區）,None,0.0,0.51,0.4483,0.4483,0.3135,29,772,0.0029,67.52,67.72,67.91,66.84,2026-09-02,3,False
NOW,Information Technology,Software - Application,RSI,RSI 動能加速（強勢區）,None,0.0,0.51,0.4483,0.4483,0.366,29,2885,0.0072,145.59,146.64,147.69,144.13,2026-09-03,3,False
VOD,Communication Services,Telecom Services,RSI,RSI 加速上升,None,0.0,0.5525,0.4481,,0.4481,0,241,0.0027,16.9,16.95,16.99,16.73,2026-09-04,3,True
NEM,Materials,Gold,RSI,RSI 維持強勢 (50-70),None,0.0,0.51,0.4479,0.4479,0.286,288,5721,0.009,128.09,129.24,130.4,126.81,2026-09-04,3,False
SNOW,Information Technology,Software - Application,BB,BB 跌破下軌 (超賣),None,0.0,0.45499999999999996,0.4474,,0.4474,0,456,0.012,305.84,309.51,313.18,302.78,2026-09-02,3,True
ALAB,Information Technology,Semiconductors,RSI,RSI 維持強勢 (50-70),None,0.0,0.51,0.4471,,0.4471,0,747,0.0161,310.4,315.4,320.39,307.3,2026-09-04,3,True
CBRS,Information Technology,Semiconductors,RSI,RSI 維持強勢 (50-70),None,0.0,0.51,0.4471,,0.4471,0,747,0.0161,210.05,213.43,216.81,207.95,2026-09-04,3,True
GIB,Information Technology,Information Technology Services,RSI,RSI 維持強勢 (50-70),None,0.0,0.51,0.4471,,0.4471,0,747,0.0161,73.65,74.84,76.02,72.91,2026-09-04,3,True
GWRE,Information Technology,Software - Application,RSI,RSI 維持強勢 (50-70),None,0.0,0.51,0.4471,,0.4471,0,747,0.0161,202.86,206.13,209.39,200.83,2026-09-03,3,True
IOT,Information Technology,Software - Infrastructure,RSI,RSI 維持強勢 (50-70),None,0.0,0.51,0.4471,,0.4471,0,747,0.0161,40.2,40.85,41.49,39.8,2026-09-04,3,True
WSE,Information Technology,Information Technology Services,RSI,RSI 維持強勢 (50-70),None,0.0,0.51,0.4471,,0.4471,0,747,0.0161,13.2,13.41,13.63,13.07,2026-09-03,3,True
ZS,Information Technology,Software - Infrastructure,RSI,RSI 維持強勢 (50-70),None,0.0,0.51,0.4471,,0.4471,0,747,0.0161,177.8,180.66,183.53,176.02,2026-09-03,3,True
TDY,Information Technology,Scientific & Technical Instruments,KDJ,KDJ 超賣區金叉,Morning Star,0.8,1.0,0.4444,,0.4444,0,27,0.0112,607.87,614.68,621.49,601.79,2026-09-03,3,False
MS,Financials,Capital Markets,MACD,MACD 突破 0 軸,None,0.0,0.595,0.4444,0.4444,0.3301,9,618,0.0189,217.72,221.83,225.95,215.54,2026-09-04,3,False
CCI,Real Estate,REIT - Specialty,KDJ,KDJ 金叉,None,0.0,0.5525,0.4444,0.4444,0.2818,9,550,-0.0032,77.26,77.01,76.77,76.49,2026-09-03,3,False
KEY,Financials,Banks - Regional,MACD,MACD 金叉 (空頭區),None,0.0,0.42,0.4444,0.4444,0.3214,9,865,0.0232,22.18,22.69,23.21,21.96,2026-09-04,3,False
AVB,Real Estate,REIT - Residential,KDJ,KDJ 金叉,None,0.0,0.5525,0.4412,,0.4412,0,34,0.011,68.14,68.89,69.64,67.46,2026-08-24,3,True
ORCL,Information Technology,Software - Infrastructure,KDJ,KDJ 金叉,None,0.0,0.5525,0.4412,0.4412,0.3918,34,1955,0.0148,154.04,156.32,158.6,152.5,2026-09-03,3,False
WPC,Real Estate,REIT - Diversified,KDJ,KDJ 金叉,None,0.0,0.5525,0.4412,,0.4412,0,34,0.011,70.38,71.15,71.93,69.68,2026-09-04,3,True
PFE,Health Care,Drug Manufacturers - General,KDJ,KDJ 金叉,None,0.0,0.5525,0.4375,0.4375,0.2852,16,1536,0.0049,29.02,29.16,29.3,28.73,2026-09-02,3,False
TSN,Consumer Staples,Farm Products,KDJ,KDJ 金叉,None,0.0,0.5525,0.4375,0.4375,0.2503,16,779,0.01,55.81,56.37,56.93,55.25,2026-09-02,3,False
APA,Energy,Oil & Gas E&P,BB,BB 中軌向上（上升趨勢）,None,0.0,0.51,0.4367,0.4367,0.2962,229,4484,0.0055,42.77,43.01,43.24,42.34,2026-09-04,3,False
HBAN,Financials,Banks - Regional,RSI,RSI 加速上升,None,0.0,0.5525,0.4365,0.4365,0.3014,126,11488,0.0137,17.03,17.26,17.5,16.86,2026-09-04,3,False
WAT,Health Care,Diagnostics & Research,RSI,RSI 動能加速（強勢區）,None,0.0,0.51,0.4348,0.4348,0.2606,23,1869,0.0135,412.2,417.76,423.33,408.08,2026-09-02,3,False
COIN,Financials,Financial Data & Stock Exchanges,BB,價格在 BB 中軌上方,None,0.0,0.425,0.4311,0.4311,0.2847,283,21689,0.0187,184.64,188.09,191.55,182.79,2026-09-04,3,False
UI,Information Technology,Communication Equipment,RSI,RSI 動能加速（強勢區）,Bullish Engulfing,0.75,1.0,0.431,,0.431,0,58,0.0145,598.37,607.05,615.72,592.39,2026-09-02,3,False
ED,Utilities,Utilities - Regulated Electric,RSI,RSI 維持強勢 (50-70),Morning Star,0.8,1.0,0.4286,0.4286,0.1852,7,135,0.0123,108.75,110.09,111.43,107.66,2026-09-03,3,False
JNJ,Health Care,Drug Manufacturers - General,MACD,MACD 金叉 (多頭區),None,0.0,0.68,0.4286,0.4286,0.2557,7,305,0.0099,275.21,277.93,280.66,272.46,2026-09-02,3,False
CF,Materials,Agricultural Inputs,RSI,RSI 動能加速（強勢區）,None,0.0,0.51,0.4286,0.4286,0.2962,28,942,0.0051,139.27,139.98,140.69,137.88,2026-09-02,3,False
FDX,Industrials,Integrated Freight & Logistics,BB,BB 中軌向上（上升趨勢）,None,0.0,0.51,0.4286,0.4286,0.3333,14,936,-0.0208,324.31,317.56,310.82,321.07,2026-09-03,3,True
NUE,Materials,Steel,RSI,RSI 上穿 50 中性線,None,0.0,0.4675,0.4286,0.4286,0.3294,14,595,0.0122,263.97,267.19,270.41,261.33,2026-09-02,3,False
TSCO,Consumer Discretionary,Specialty Retail,BB,BB 中軌向上（上升趨勢）,Bullish Engulfing,0.75,1.0,0.4279,,0.4279,0,208,0.015,34.86,35.38,35.91,34.51,2026-09-02,3,False
AEG,Financials,Insurance - Diversified,RSI,RSI 維持強勢 (50-70),Morning Star,0.8,1.0,0.4278,,0.4278,0,367,0.0116,9.2,9.31,9.41,9.11,2026-09-03,3,False
AFG,Financials,Insurance - Property & Casualty,RSI,RSI 維持強勢 (50-70),Morning Star,0.8,1.0,0.4278,,0.4278,0,367,0.0116,144.34,146.01,147.69,142.9,2026-09-03,3,False
BAC,Financials,Banks - Diversified,RSI,RSI 維持強勢 (50-70),Morning Star,0.8,1.0,0.4278,,0.4278,0,367,0.0116,62.2822,63.0,63.73,61.66,2026-09-02,3,False
BNY,Financials,Banks - Diversified,RSI,RSI 維持強勢 (50-70),Morning Star,0.8,1.0,0.4278,,0.4278,0,367,0.0116,162.04,163.92,165.8,160.42,2026-09-02,3,False
CET,Financials,Asset Management,RSI,RSI 維持強勢 (50-70),Morning Star,0.8,1.0,0.4278,,0.4278,0,367,0.0116,54.78,55.42,56.05,54.23,2026-09-04,3,False
CIB,Financials,Banks - Regional,RSI,RSI 維持強勢 (50-70),Morning Star,0.8,1.0,0.4278,,0.4278,0,367,0.0116,98.43,99.57,100.71,97.45,2026-09-02,3,False
IX,Financials,Financial Conglomerates,RSI,RSI 維持強勢 (50-70),Morning Star,0.8,1.0,0.4278,,0.4278,0,367,0.0116,39.94,40.4,40.87,39.54,2026-09-02,3,False
MCO,Financials,Financial Data & Stock Exchanges,RSI,RSI 維持強勢 (50-70),Morning Star,0.8,1.0,0.4278,,0.4278,0,367,0.0116,504.3,510.15,516.0,499.26,2026-09-03,3,False
MKL,Financials,Insurance - Property & Casualty,RSI,RSI 維持強勢 (50-70),Morning Star,0.8,1.0,0.4278,,0.4278,0,367,0.0116,1842.98,1864.36,1885.74,1824.55,2026-09-03,3,False
ORI,Financials,Insurance - Property & Casualty,RSI,RSI 維持強勢 (50-70),Morning Star,0.8,1.0,0.4278,,0.4278,0,367,0.0116,42.255,42.75,43.24,41.83,2026-09-03,3,False
GNRC,Industrials,Specialty Industrial Machinery,RSI,RSI 加速上升,None,0.0,0.5525,0.4267,0.4267,0.2981,150,11545,0.0126,187.35,189.71,192.07,185.48,2026-09-04,3,False
IESC,Industrials,Engineering & Construction,RSI,RSI 維持超賣,None,0.0,0.385,0.4252,,0.4252,0,127,0.01,322.57,325.8,329.02,319.34,2026-09-04,3,True
ODFL,Industrials,Trucking,RSI,RSI 維持超賣,None,0.0,0.385,0.4252,,0.4252,0,127,0.01,185.75,187.61,189.47,183.89,2026-09-03,3,True
MDB,Information Technology,Software - Infrastructure,BB,BB 中軌向上（上升趨勢）,None,0.0,0.51,0.4238,,0.4238,0,1083,0.0134,375.4,380.43,385.46,371.65,2026-09-02,3,True
DLR,Real Estate,REIT - Specialty,KDJ,KDJ 金叉,Morning Star,0.8,1.0,0.4231,,0.4231,0,52,0.0133,187.79,190.29,192.79,185.91,2026-09-03,3,False
TTD,Communication Services,Advertising Agencies,RSI,RSI 上穿 50 中性線,None,0.0,0.4675,0.4231,0.4231,0.3243,26,518,0.0061,15.09,15.18,15.27,14.94,2026-09-03,3,False
NFLX,Communication Services,Entertainment,KDJ,KDJ 金叉,None,0.0,0.5525,0.4194,0.4194,0.3345,31,550,0.0183,82.67,84.18,85.7,81.84,2026-09-03,3,False
ALB,Materials,Specialty Chemicals,RSI,RSI 維持強勢 (50-70),None,0.0,0.51,0.4194,0.4194,0.286,248,5721,0.0076,137.75,138.8,139.84,136.37,2026-09-02,3,False
DOC,Real Estate,REIT - Healthcare Facilities,BB,價格在 BB 中軌上方,Morning Star,0.8,0.924,0.4186,,0.4186,0,129,0.0151,21.03,21.35,21.67,20.82,2026-09-02,3,False
CRH,Materials,Building Materials,KDJ,KDJ 金叉,Bullish Engulfing,0.75,1.0,0.4167,,0.4167,0,24,0.0205,94.26,96.19,98.12,93.32,2026-09-04,3,False
FITB,Financials,Banks - Regional,KDJ,KDJ 金叉,None,0.0,0.5525,0.4167,0.4167,0.3142,24,1932,0.0151,54.4,55.22,56.04,53.86,2026-09-02,3,False
HIG,Financials,Insurance - Diversified,MACD,MACD 金叉 (空頭區),None,0.0,0.42,0.4167,0.4167,0.3214,12,865,0.0085,140.0,141.19,142.38,138.6,2026-09-03,3,False
DAL,Industrials,Airlines,RSI,RSI 加速上升,None,0.0,0.5525,0.4142,0.4142,0.2981,169,11545,0.0111,80.17,81.06,81.95,79.37,2026-09-04,3,False
CNC,Health Care,Healthcare Plans,KDJ,KDJ 金叉,None,0.0,0.5525,0.4118,0.4118,0.2852,34,1536,0.0082,67.34,67.89,68.44,66.67,2026-09-02,3,False
LUV,Industrials,Airlines,RSI,RSI 加速上升,None,0.0,0.5525,0.4113,0.4113,0.2981,141,11545,0.0075,39.62,39.92,40.21,39.22,2026-09-04,3,False
NVMI,Information Technology,Semiconductor Equipment & Materials,RSI,RSI 加速上升,None,0.0,0.5525,0.4113,,0.4113,0,851,0.0125,372.1,376.75,381.4,368.38,2026-09-04,3,True
LNG,Energy,Oil & Gas Midstream,RSI,RSI 維持強勢 (50-70),None,0.0,0.51,0.411,,0.411,0,146,0.0074,292.0,294.16,296.32,289.08,2026-09-04,3,True
TTE,Energy,Oil & Gas Integrated,RSI,RSI 維持強勢 (50-70),None,0.0,0.51,0.411,,0.411,0,146,0.0074,89.25,89.91,90.57,88.36,2026-09-03,3,True
BIP,Utilities,Utilities - Diversified,BB,BB 跌破下軌 (超賣),None,0.0,0.45499999999999996,0.4104,,0.4104,0,441,0.0122,36.29,36.73,37.18,35.93,2026-09-02,3,False
IBKR,Financials,Capital Markets,BB,BB 中軌向上（上升趨勢）,None,0.0,0.51,0.4098,0.4098,0.2681,266,16575,0.0137,92.62,93.89,95.16,91.69,2026-09-04,3,False
NGG,Utilities,Utilities - Regulated Electric,BB,BB 跌破下軌 (超賣),None,0.0,0.45499999999999996,0.4097,,0.4097,0,144,0.0064,78.05,78.55,79.05,77.27,2026-09-02,3,True
BTSGU,Health Care,Health Information Services,KDJ,KDJ 金叉,None,0.0,0.5525,0.408,,0.408,0,125,0.0055,198.69,199.78,200.88,196.7,2026-09-02,3,True
UAL,Industrials,Airlines,RSI,RSI 加速上升,None,0.0,0.5525,0.4079,0.4079,0.2981,152,11545,0.0049,111.38,111.93,112.47,110.27,2026-09-04,3,False
ALGN,Health Care,Medical Instruments & Supplies,KDJ,KDJ 金叉,None,0.0,0.5525,0.4074,0.4074,0.2852,27,1536,0.0045,159.15,159.87,160.58,157.56,2026-09-02,3,False
AXP,Financials,Credit Services,KDJ,KDJ 金叉,None,0.0,0.5525,0.4074,0.4074,0.3142,27,1932,0.0071,329.82,332.16,334.5,326.52,2026-09-03,3,False
DECK,Consumer Discretionary,Footwear & Accessories,KDJ,KDJ 金叉,None,0.0,0.5525,0.4074,0.4074,0.3183,27,1244,0.0144,85.81,87.05,88.28,84.95,2026-09-04,3,False
FISV,Information Technology,Financial Technology,MACD,MACD 突破 0 軸,None,0.0,0.595,0.4064,,0.4064,0,529,0.0085,53.0,53.45,53.9,52.47,2026-09-04,3,False
SNX,Information Technology,Electronics & Computer Distribution,MACD,MACD 突破 0 軸,None,0.0,0.595,0.4064,,0.4064,0,529,0.0085,262.53,264.76,266.99,259.9,2026-09-03,3,False
TSM,Information Technology,Semiconductors,MACD,MACD 突破 0 軸,None,0.0,0.595,0.4064,,0.4064,0,529,0.0085,428.91,432.56,436.2,424.62,2026-09-04,3,False
UMC,Information Technology,Semiconductors,MACD,MACD 突破 0 軸,None,0.0,0.595,0.4064,,0.4064,0,529,0.0085,20.77,20.95,21.12,20.56,2026-09-04,3,False
GWW,Industrials,Industrial Distribution,KDJ,KDJ 金叉,None,0.0,0.5525,0.4062,0.4062,0.3223,32,2110,0.005,1324.49,1331.11,1337.73,1311.25,2026-09-04,3,False
CFG,Financials,Banks - Regional,RSI,RSI 加速上升,None,0.0,0.5525,0.4049,0.4049,0.3014,163,11488,0.0121,70.78,71.64,72.49,70.07,2026-09-04,3,False
IVZ,Financials,Asset Management,RSI,RSI 維持強勢 (50-70),None,0.0,0.51,0.404,0.404,0.2842,198,19108,0.0093,33.07,33.38,33.69,32.74,2026-09-04,3,False
FIVE,Consumer Discretionary,Specialty Retail,BB,價格在 BB 中軌上方,None,0.0,0.425,0.4026,,0.4026,0,529,0.0119,252.2,255.2,258.2,249.68,2026-09-04,3,True
WFC,Financials,Banks - Diversified,RSI,RSI 加速上升,None,0.0,0.5525,0.4013,0.4013,0.3014,157,11488,0.0083,89.19,89.93,90.67,88.3,2026-09-03,3,False
CARR,Industrials,Building Products & Equipment,RSI,RSI 維持超賣,Morning Star,0.8,0.9,0.4,,0.4,0,65,0.0174,57.58,58.58,59.58,57.0,2026-09-02,3,False
DY,Industrials,Engineering & Construction,RSI,RSI 維持超賣,Morning Star,0.8,0.9,0.4,,0.4,0,65,0.0174,296.98,302.15,307.31,294.01,2026-09-02,3,False
HEI,Industrials,Aerospace & Defense,RSI,RSI 維持超賣,Morning Star,0.8,0.9,0.4,,0.4,0,65,0.0174,322.9,328.52,334.14,319.67,2026-09-02,3,False
AWK,Utilities,Utilities - Regulated Water,MACD,MACD 金叉 (多頭區),None,0.0,0.68,0.4,0.4,0.1867,5,225,0.008,140.89,142.02,143.14,139.48,2026-09-03,3,False
AXON,Industrials,Aerospace & Defense,BB,BB 跌破下軌 (超賣),None,0.0,0.45499999999999996,0.4,0.4,0.2838,10,1258,0.0208,506.98,517.53,528.07,501.91,2026-09-02,3,False
HUM,Health Care,Healthcare Plans,BB,價格在 BB 中軌上方,None,0.0,0.425,0.4,0.4,0.2804,275,14417,0.0092,401.54,405.23,408.93,397.52,2026-09-04,3,False
KEYS,Information Technology,Scientific & Technical Instruments,RSI,RSI 維持強勢 (50-70),None,0.0,0.51,0.399,0.399,0.3645,198,16764,0.0164,327.21,332.58,337.94,323.94,2026-09-04,3,False
AAPL,Information Technology,Consumer Electronics,RSI,RSI 加速上升,None,0.0,0.5525,0.3988,0.3988,0.3693,163,10688,0.0071,328.21,330.54,332.87,324.93,2026-09-03,3,False
COF,Financials,Credit Services,RSI,RSI 加速上升,None,0.0,0.5525,0.3968,0.3968,0.3014,126,11488,0.0071,219.6,221.16,222.72,217.4,2026-09-04,3,False
FOX,Communication Services,Entertainment,RSI,RSI 動能加速（強勢區）,None,0.0,0.51,0.3939,0.3939,0.3135,33,772,-0.0003,60.27,60.25,60.23,59.67,2026-09-02,3,False
SOLV,Health Care,Medical Instruments & Supplies,RSI,RSI 維持強勢 (50-70),None,0.0,0.51,0.3937,0.3937,0.2772,127,12123,0.0149,91.69,93.06,94.42,90.77,2026-09-04,3,False
DXCM,Health Care,Medical Devices,BB,價格在 BB 中軌上方,None,0.0,0.425,0.3924,0.3924,0.2804,237,14417,0.0073,89.69,90.34,91.0,88.79,2026-09-02,3,False
ARE,Real Estate,REIT - Office,BB,價格在 BB 中軌上方,None,0.0,0.425,0.3923,0.3923,0.248,209,8032,0.0054,52.65,52.93,53.22,52.12,2026-09-04,3,False
AAOI,Information Technology,Communication Equipment,KDJ,KDJ 金叉,None,0.0,0.5525,0.3918,,0.3918,0,1955,0.0107,105.53,106.66,107.79,104.47,2026-09-04,3,False
APLD,Information Technology,Information Technology Services,KDJ,KDJ 金叉,None,0.0,0.5525,0.3918,,0.3918,0,1955,0.0107,25.91,26.19,26.46,25.65,2026-09-03,3,False
ARM,Information Technology,Semiconductors,KDJ,KDJ 金叉,None,0.0,0.5525,0.3918,,0.3918,0,1955,0.0107,242.59,245.19,247.78,240.16,2026-09-03,3,False
ASTS,Information Technology,Communication Equipment,KDJ,KDJ 金叉,None,0.0,0.5525,0.3918,,0.3918,0,1955,0.0107,62.4,63.07,63.74,61.78,2026-09-02,3,False
ASX,Information Technology,Semiconductors,KDJ,KDJ 金叉,None,0.0,0.5525,0.3918,,0.3918,0,1955,0.0107,37.43,37.83,38.23,37.06,2026-09-03,3,False
CACI,Information Technology,Information Technology Services,KDJ,KDJ 金叉,None,0.0,0.5525,0.3918,,0.3918,0,1955,0.0107,630.0,636.74,643.48,623.7,2026-09-03,3,False
CHKP,Information Technology,Software - Infrastructure,KDJ,KDJ 金叉,None,0.0,0.5525,0.3918,,0.3918,0,1955,0.0107,137.41,138.88,140.35,136.04,2026-09-03,3,False
CIFR,Information Technology,Information Technology Services,KDJ,KDJ 金叉,None,0.0,0.5525,0.3918,,0.3918,0,1955,0.0107,17.37,17.56,17.74,17.2,2026-09-03,3,False
CLS,Information Technology,Electronic Components,KDJ,KDJ 金叉,None,0.0,0.5525,0.3918,,0.3918,0,1955,0.0107,309.84,313.16,316.47,306.74,2026-09-03,3,False
CPAY,Information Technology,Software - Infrastructure,KDJ,KDJ 金叉,None,0.0,0.5525,0.3918,,0.3918,0,1955,0.0107,416.4,420.86,425.31,412.24,2026-09-02,3,False
CRWV,Information Technology,Software - Infrastructure,KDJ,KDJ 金叉,None,0.0,0.5525,0.3918,,0.3918,0,1955,0.0107,84.56,85.46,86.37,83.71,2026-09-03,3,False
DOCN,Information Technology,Software - Infrastructure,KDJ,KDJ 金叉,None,0.0,0.5525,0.3918,,0.3918,0,1955,0.0107,109.4,110.57,111.74,108.31,2026-09-03,3,False
ERIC,Information Technology,Communication Equipment,KDJ,KDJ 金叉,None,0.0,0.5525,0.3918,,0.3918,0,1955,0.0107,10.13,10.24,10.35,10.03,2026-09-03,3,False
MCHPP,Information Technology,Semiconductors,KDJ,KDJ 金叉,None,0.0,0.5525,0.3918,,0.3918,0,1955,0.0107,62.71,63.38,64.05,62.08,2026-09-02,3,False
MSTR,Information Technology,Software - Application,KDJ,KDJ 金叉,None,0.0,0.5525,0.3918,,0.3918,0,1955,0.0107,144.82,146.37,147.92,143.37,2026-09-03,3,False
MTSI,Information Technology,Semiconductors,KDJ,KDJ 金叉,None,0.0,0.5525,0.3918,,0.3918,0,1955,0.0107,259.95,262.73,265.51,257.35,2026-09-03,3,False
RMBS,Information Technology,Semiconductors,KDJ,KDJ 金叉,None,0.0,0.5525,0.3918,,0.3918,0,1955,0.0107,84.34,85.24,86.14,83.5,2026-09-03,3,False
SIMO,Information Technology,Semiconductors,KDJ,KDJ 金叉,None,0.0,0.5525,0.3918,,0.3918,0,1955,0.0107,256.21,258.95,261.69,253.65,2026-09-04,3,False
SSNC,Information Technology,Software - Application,KDJ,KDJ 金叉,None,0.0,0.5525,0.3918,,0.3918,0,1955,0.0107,84.63,85.54,86.44,83.78,2026-09-03,3,False
TWLO,Information Technology,Software - Infrastructure,KDJ,KDJ 金叉,None,0.0,0.5525,0.3918,,0.3918,0,1955,0.0107,240.48,243.05,245.63,238.08,2026-09-03,3,False
WIT,Information Technology,Information Technology Services,KDJ,KDJ 金叉,None,0.0,0.5525,0.3918,,0.3918,0,1955,0.0107,1.81,1.83,1.85,1.79,2026-09-04,3,False
XYZ,Information Technology,Software - Infrastructure,KDJ,KDJ 金叉,None,0.0,0.5525,0.3918,,0.3918,0,1955,0.0107,83.37,84.26,85.15,82.54,2026-09-03,3,False
ZM,Information Technology,Software - Application,KDJ,KDJ 金叉,None,0.0,0.5525,0.3918,,0.3918,0,1955,0.0107,101.33,102.41,103.5,100.32,2026-09-04,3,False
TECH,Health Care,Biotechnology,BB,價格在 BB 中軌上方,None,0.0,0.425,0.3897,0.3897,0.2804,195,14417,-0.0003,72.45,72.43,72.41,71.73,2026-09-03,3,False
DKS,Consumer Discretionary,Specialty Retail,RSI,RSI 維持超賣,None,0.0,0.385,0.3894,,0.3894,0,565,0.0066,139.15,140.07,140.99,137.76,2026-09-04,3,False
NIO,Consumer Discretionary,Auto Manufacturers,RSI,RSI 維持超賣,None,0.0,0.385,0.3894,,0.3894,0,565,0.0066,3.8,3.83,3.85,3.76,2026-09-04,3,False
RCL,Consumer Discretionary,Travel Services,RSI,RSI 維持超賣,None,0.0,0.385,0.3894,,0.3894,0,565,0.0066,265.19,266.94,268.69,262.54,2026-09-04,3,False
TJX,Consumer Discretionary,Apparel Retail,RSI,RSI 維持超賣,None,0.0,0.385,0.3894,,0.3894,0,565,0.0066,132.08,132.95,133.82,130.76,2026-09-04,3,False
ROKU,Communication Services,Entertainment,RSI,RSI 維持強勢 (50-70),Bullish Engulfing,0.75,1.0,0.3884,,0.3884,0,121,0.0056,157.7,158.58,159.47,156.12,2026-09-02,3,False
VTRS,Health Care,Drug Manufacturers - Specialty & Generic,BB,價格在 BB 中軌上方,None,0.0,0.425,0.3882,0.3882,0.2804,255,14417,0.0103,16.88,17.05,17.23,16.71,2026-09-04,3,False
OMC,Communication Services,Advertising Agencies,BB,BB 中軌向上（上升趨勢）,None,0.0,0.51,0.3881,,0.3881,0,268,0.0017,81.76,81.9,82.04,80.94,2026-09-02,3,True
DVN,Energy,Oil & Gas E&P,RSI,RSI 加速上升,None,0.0,0.5525,0.3864,0.3864,0.3227,132,3306,0.005,48.79,49.03,49.28,48.3,2026-09-03,3,False
AGNCN,Real Estate,REIT - Mortgage,BB,BB 跌破下軌 (超賣),None,0.0,0.45499999999999996,0.3864,,0.3864,0,132,0.0114,25.8,26.09,26.39,25.54,2026-09-03,3,True
CBRE,Real Estate,Real Estate Services,BB,BB 跌破下軌 (超賣),None,0.0,0.45499999999999996,0.3864,,0.3864,0,132,0.0114,142.06,143.68,145.3,140.64,2026-09-02,3,True
MRNA,Health Care,Biotechnology,BB,BB 中軌向上（上升趨勢）,None,0.0,0.51,0.3861,0.3861,0.2705,202,10885,0.0003,145.55,145.59,145.64,144.09,2026-09-04,3,False
IMO,Energy,Oil & Gas Integrated,BB,BB 中軌向上（上升趨勢）,None,0.0,0.51,0.386,,0.386,0,171,0.0019,128.62,128.86,129.11,127.33,2026-09-04,3,True
MPLX,Energy,Oil & Gas Midstream,RSI,RSI 維持強勢 (50-70),Morning Star,0.8,1.0,0.3846,,0.3846,0,91,0.0111,59.67,60.33,60.99,59.07,2026-09-04,3,False
APO,Financials,Asset Management,KDJ,KDJ 金叉,None,0.0,0.5525,0.3846,0.3846,0.3142,26,1932,0.021,134.49,137.31,140.14,133.15,2026-09-03,3,False
JBHT,Industrials,Integrated Freight & Logistics,KDJ,KDJ 金叉,None,0.0,0.5525,0.3846,0.3846,0.3223,26,2110,-0.002,266.28,265.75,265.21,263.62,2026-09-03,3,False
FCX,Materials,Copper,RSI,RSI 維持強勢 (50-70),None,0.0,0.51,0.3838,0.3838,0.286,198,5721,-0.0068,72.73,72.24,71.74,72.0,2026-09-04,3,False
GL,Financials,Insurance - Life,RSI,RSI 上穿 50 中性線,Morning Star,0.8,0.9900000000000001,0.3836,,0.3836,0,73,0.007,176.52,177.76,178.99,174.75,2026-09-03,3,False
NTRS,Financials,Asset Management,RSI,RSI 上穿 50 中性線,Morning Star,0.8,0.9900000000000001,0.3836,,0.3836,0,73,0.007,186.57,187.88,189.18,184.7,2026-09-03,3,False
TRV,Financials,Insurance - Property & Casualty,RSI,RSI 上穿 50 中性線,Morning Star,0.8,0.9900000000000001,0.3836,,0.3836,0,73,0.007,374.34,376.96,379.58,370.6,2026-09-03,3,False
CAT,Industrials,Farm & Heavy Construction Machinery,RSI,RSI 加速上升,None,0.0,0.5525,0.3827,0.3827,0.2981,162,11545,0.0133,813.94,824.77,835.59,805.8,2026-09-04,3,False
ESI,Materials,Specialty Chemicals,MACD,MACD 金叉 (空頭區),None,0.0,0.42,0.3816,,0.3816,0,304,0.0078,36.01,36.29,36.57,35.65,2026-09-04,3,False
WELL,Real Estate,REIT - Healthcare Facilities,RSI,RSI 動能加速（強勢區）,None,0.0,0.51,0.381,0.381,0.2452,63,1093,0.0065,241.12,242.69,244.25,238.71,2026-09-03,3,False
CVS,Health Care,Healthcare Plans,RSI,RSI 加速上升,None,0.0,0.5525,0.3806,0.3806,0.2803,155,8492,0.0092,96.74,97.63,98.52,95.77,2026-09-04,3,False
AEM,Materials,Gold,BB,BB 中軌向上（上升趨勢）,Morning Star,0.8,1.0,0.3805,,0.3805,0,113,0.0148,207.13,210.2,213.26,205.06,2026-09-03,3,False
HL,Materials,Other Precious Metals & Mining,BB,BB 中軌向上（上升趨勢）,Morning Star,0.8,1.0,0.3805,,0.3805,0,113,0.0148,20.77,21.08,21.38,20.56,2026-09-02,3,False
JHX,Materials,Building Materials,BB,BB 中軌向上（上升趨勢）,Morning Star,0.8,1.0,0.3805,,0.3805,0,113,0.0148,29.63,30.07,30.51,29.33,2026-09-03,3,False
KGC,Materials,Gold,BB,BB 中軌向上（上升趨勢）,Morning Star,0.8,1.0,0.3805,,0.3805,0,113,0.0148,31.59,32.06,32.53,31.27,2026-09-03,3,False
RGLD,Materials,Gold,BB,BB 中軌向上（上升趨勢）,Morning Star,0.8,1.0,0.3805,,0.3805,0,113,0.0148,262.11,265.99,269.87,259.49,2026-09-04,3,False
TECK,Materials,Other Industrial Metals & Mining,BB,BB 中軌向上（上升趨勢）,Morning Star,0.8,1.0,0.3805,,0.3805,0,113,0.0148,69.1,70.12,71.15,68.41,2026-09-04,3,False
RDDT,Communication Services,Internet Content & Information,BB,價格在 BB 中軌上方,Morning Star,0.8,0.924,0.3805,,0.3805,0,113,0.0115,158.1,159.92,161.74,156.52,2026-09-02,3,False
BEN,Financials,Asset Management,RSI,RSI 上穿 50 中性線,None,0.0,0.4675,0.3805,,0.3805,0,113,0.0028,34.73,34.83,34.92,34.38,2026-09-04,3,True
LYG,Financials,Banks - Regional,RSI,RSI 上穿 50 中性線,None,0.0,0.4675,0.3805,,0.3805,0,113,0.0028,6.1,6.12,6.13,6.04,2026-09-03,3,True
IBM,Information Technology,Information Technology Services,RSI,RSI 維持強勢 (50-70),None,0.0,0.51,0.3798,0.3798,0.3645,208,16764,0.0127,234.89,237.87,240.86,232.54,2026-09-04,3,False
ARW,Information Technology,Electronics & Computer Distribution,RSI,RSI 上穿 50 中性線,None,0.0,0.4675,0.3785,,0.3785,0,1593,0.0087,210.87,212.7,214.54,208.76,2026-09-03,3,False
CGNX,Information Technology,Scientific & Technical Instruments,RSI,RSI 上穿 50 中性線,None,0.0,0.4675,0.3785,,0.3785,0,1593,0.0087,62.25,62.79,63.33,61.63,2026-09-04,3,False
FIS,Information Technology,Information Technology Services,RSI,RSI 上穿 50 中性線,None,0.0,0.4675,0.3785,,0.3785,0,1593,0.0087,41.87,42.23,42.6,41.45,2026-09-02,3,False
LOGI,Information Technology,Computer Hardware,RSI,RSI 上穿 50 中性線,None,0.0,0.4675,0.3785,,0.3785,0,1593,0.0087,101.71,102.59,103.48,100.69,2026-09-03,3,False
MRVL,Information Technology,Semiconductors,RSI,RSI 上穿 50 中性線,None,0.0,0.4675,0.3785,,0.3785,0,1593,0.0087,223.55,225.49,227.44,221.31,2026-09-04,3,False
RBRK,Information Technology,Software - Infrastructure,RSI,RSI 上穿 50 中性線,None,0.0,0.4675,0.3785,,0.3785,0,1593,0.0087,92.14,92.94,93.74,91.22,2026-09-03,3,False
SHOP,Information Technology,Software - Application,RSI,RSI 上穿 50 中性線,None,0.0,0.4675,0.3785,,0.3785,0,1593,0.0087,145.88,147.15,148.42,144.42,2026-09-03,3,False
SITM,Information Technology,Semiconductors,RSI,RSI 上穿 50 中性線,None,0.0,0.4675,0.3785,,0.3785,0,1593,0.0087,612.09,617.42,622.74,605.97,2026-09-04,3,False
SMTC,Information Technology,Semiconductors,RSI,RSI 上穿 50 中性線,None,0.0,0.4675,0.3785,,0.3785,0,1593,0.0087,133.85,135.01,136.18,132.51,2026-09-02,3,False
TTMI,Information Technology,Electronic Components,RSI,RSI 上穿 50 中性線,None,0.0,0.4675,0.3785,,0.3785,0,1593,0.0087,125.6,126.69,127.79,124.34,2026-09-04,3,False
U,Information Technology,Software - Application,RSI,RSI 上穿 50 中性線,None,0.0,0.4675,0.3785,,0.3785,0,1593,0.0087,42.08,42.45,42.81,41.66,2026-09-03,3,False
UBER,Information Technology,Software - Application,RSI,RSI 上穿 50 中性線,None,0.0,0.4675,0.3785,,0.3785,0,1593,0.0087,76.45,77.12,77.78,75.69,2026-09-02,3,False
CINF,Financials,Insurance - Property & Casualty,RSI,RSI 上穿 50 中性線,None,0.0,0.4675,0.3784,0.3784,0.3091,37,1899,0.0039,174.72,175.4,176.08,172.97,2026-09-03,3,False
BKR,Energy,Oil & Gas Equipment & Services,RSI,RSI 動能加速（強勢區）,None,0.0,0.51,0.3778,0.3778,0.3265,45,873,-0.0001,64.63,64.62,64.62,63.98,2026-09-02,3,False
JPM,Financials,Banks - Diversified,RSI,RSI 動能加速（強勢區）,None,0.0,0.51,0.3778,0.3778,0.279,45,3129,0.011,362.06,366.04,370.03,358.44,2026-09-03,3,False
BABA,Consumer Discretionary,Internet Retail,KDJ,KDJ 超賣區金叉,None,0.0,0.5599999999999999,0.3775,,0.3775,0,302,0.0037,113.24,113.66,114.08,112.11,2026-09-04,3,False
CCL,Consumer Discretionary,Travel Services,KDJ,KDJ 超賣區金叉,None,0.0,0.5599999999999999,0.3775,,0.3775,0,302,0.0037,23.74,23.83,23.92,23.5,2026-09-02,3,False
LI,Consumer Discretionary,Auto Manufacturers,KDJ,KDJ 超賣區金叉,None,0.0,0.5599999999999999,0.3775,,0.3775,0,302,0.0037,12.06,12.1,12.15,11.94,2026-09-03,3,False
MOD,Consumer Discretionary,Auto Parts,KDJ,KDJ 超賣區金叉,None,0.0,0.5599999999999999,0.3775,,0.3775,0,302,0.0037,179.51,180.17,180.84,177.71,2026-09-02,3,False
ALGM,Information Technology,Semiconductors,MACD,MACD 金叉 (空頭區),None,0.0,0.42,0.3767,,0.3767,0,754,0.0102,36.61,36.98,37.36,36.24,2026-09-04,3,False
AMKR,Information Technology,Semiconductor Equipment & Materials,MACD,MACD 金叉 (空頭區),None,0.0,0.42,0.3767,,0.3767,0,754,0.0102,47.77,48.26,48.74,47.29,2026-09-04,3,False
AEIS,Industrials,Electrical Equipment & Parts,KDJ,KDJ 金叉,Morning Star,0.8,1.0,0.3759,,0.3759,0,133,0.009,274.3,276.77,279.24,271.56,2026-09-03,3,False
KNX,Industrials,Trucking,KDJ,KDJ 金叉,Morning Star,0.8,1.0,0.3759,,0.3759,0,133,0.009,69.37,69.99,70.62,68.68,2026-09-03,3,False
NVT,Industrials,Electrical Equipment & Parts,KDJ,KDJ 金叉,Morning Star,0.8,1.0,0.3759,,0.3759,0,133,0.009,152.09,153.46,154.83,150.57,2026-09-03,3,False
WM,Industrials,Waste Management,KDJ,KDJ 金叉,Morning Star,0.8,1.0,0.3759,,0.3759,0,133,0.009,219.04,221.01,222.98,216.85,2026-09-02,3,False
P,Information Technology,Computer Hardware,BB,BB 中軌向上（上升趨勢）,Bullish Engulfing,0.75,1.0,0.3757,,0.3757,0,338,0.0116,98.15,99.29,100.43,97.17,2026-09-03,3,False
SMCIP,Information Technology,Computer Hardware,BB,BB 中軌向上（上升趨勢）,Bullish Engulfing,0.75,1.0,0.3757,,0.3757,0,338,0.0116,63.95,64.69,65.43,63.31,2026-09-03,3,False
TOST,Information Technology,Software - Infrastructure,BB,BB 中軌向上（上升趨勢）,Bullish Engulfing,0.75,1.0,0.3757,,0.3757,0,338,0.0116,34.04,34.43,34.83,33.7,2026-09-02,3,False
QCOM,Information Technology,Semiconductors,BB,BB 中軌向上（上升趨勢）,None,0.0,0.51,0.3757,0.3757,0.3639,189,16781,0.0193,168.74,172.0,175.25,167.05,2026-09-04,3,False
XYL,Industrials,Specialty Industrial Machinery,KDJ,KDJ 超賣區金叉,None,0.0,0.5599999999999999,0.375,0.375,0.2433,8,563,0.0045,107.89,108.38,108.86,106.81,2026-09-03,3,False
AMAT,Information Technology,Semiconductor Equipment & Materials,KDJ,KDJ 金叉,None,0.0,0.5525,0.375,0.375,0.3918,32,1955,0.0156,454.71,461.8,468.9,450.16,2026-09-04,3,False
TEL,Information Technology,Electronic Components,RSI,RSI 上穿 50 中性線,None,0.0,0.4675,0.375,0.375,0.3785,24,1593,0.0117,209.41,211.86,214.31,207.32,2026-09-03,3,False
ADI,Information Technology,Semiconductors,KDJ,KDJ 金叉,Morning Star,0.8,1.0,0.374,,0.374,0,123,0.0122,356.5,360.85,365.2,352.94,2026-09-03,3,False
SANM,Information Technology,Electronic Components,KDJ,KDJ 金叉,Morning Star,0.8,1.0,0.374,,0.374,0,123,0.0122,195.69,198.08,200.46,193.73,2026-09-03,3,False
GDDY,Information Technology,Software - Infrastructure,BB,BB 中軌向上（上升趨勢）,None,0.0,0.51,0.3739,0.3739,0.3639,222,16781,0.0049,101.31,101.81,102.3,100.3,2026-09-04,3,False
DLTR,Consumer Staples,Discount Stores,RSI,RSI 維持強勢 (50-70),None,0.0,0.51,0.3736,0.3736,0.2452,182,7574,-0.0013,131.42,131.25,131.08,130.11,2026-09-04,3,False
PWR,Industrials,Engineering & Construction,RSI,RSI 加速上升,None,0.0,0.5525,0.3732,0.3732,0.2981,142,11545,0.0094,624.41,630.28,636.15,618.17,2026-09-04,3,False
CRL,Health Care,Diagnostics & Research,RSI,RSI 動能加速（強勢區）,None,0.0,0.51,0.3714,0.3714,0.2606,35,1869,0.003,291.76,292.64,293.51,288.84,2026-09-02,3,False
MLM,Materials,Building Materials,KDJ,KDJ 金叉,None,0.0,0.5525,0.3704,0.3704,0.314,27,637,0.0146,514.77,522.29,529.8,509.62,2026-09-04,3,False
ULTA,Consumer Discretionary,Specialty Retail,MACD,MACD 金叉 (多頭區),None,0.0,0.68,0.37,,0.37,0,273,0.0063,551.74,555.22,558.69,546.22,2026-09-02,3,False
eBay,Consumer Discretionary,Internet Retail,MACD,MACD 金叉 (多頭區),None,0.0,0.68,0.37,,0.37,0,273,0.0063,111.75,112.45,113.16,110.63,2026-06-30,3,False
GLXY,Financials,Capital Markets,BB,BB 中軌向上（上升趨勢）,Bullish Engulfing,0.75,1.0,0.3697,,0.3697,0,330,0.0108,24.06,24.32,24.58,23.82,2026-09-02,3,False
PS,Financials,Asset Management,BB,BB 中軌向上（上升趨勢）,Bullish Engulfing,0.75,1.0,0.3697,,0.3697,0,330,0.0108,39.08,39.5,39.92,38.69,2026-09-04,3,False
STT,Financials,Asset Management,BB,BB 中軌向上（上升趨勢）,Bullish Engulfing,0.75,1.0,0.3697,,0.3697,0,330,0.0108,190.04,192.09,194.14,188.14,2026-09-02,3,False
EPAM,Information Technology,Information Technology Services,RSI,RSI 加速上升,None,0.0,0.5525,0.3693,,0.3693,0,10688,0.0074,119.88,120.77,121.65,118.68,2026-09-03,3,False
LFUS,Information Technology,Electronic Components,RSI,RSI 加速上升,None,0.0,0.5525,0.3693,,0.3693,0,10688,0.0074,419.07,422.17,425.27,414.88,2026-09-04,3,False
MKSI,Information Technology,Scientific & Technical Instruments,RSI,RSI 加速上升,None,0.0,0.5525,0.3693,,0.3693,0,10688,0.0074,260.31,262.24,264.16,257.71,2026-09-04,3,False
OKTA,Information Technology,Software - Infrastructure,RSI,RSI 加速上升,None,0.0,0.5525,0.3693,,0.3693,0,10688,0.0074,163.15,164.36,165.56,161.52,2026-09-02,3,False
STM,Information Technology,Semiconductors,RSI,RSI 加速上升,None,0.0,0.5525,0.3693,,0.3693,0,10688,0.0074,52.24,52.63,53.01,51.72,2026-09-04,3,False
STRK,Information Technology,Software - Application,RSI,RSI 加速上升,None,0.0,0.5525,0.3693,,0.3693,0,10688,0.0074,77.77,78.35,78.92,76.99,2026-09-04,3,False
TSEM,Information Technology,Semiconductors,RSI,RSI 加速上升,None,0.0,0.5525,0.3693,,0.3693,0,10688,0.0074,222.34,223.99,225.63,220.12,2026-09-04,3,False
USB,Financials,Banks - Regional,KDJ,KDJ 金叉,None,0.0,0.5525,0.3684,0.3684,0.3142,19,1932,0.0163,62.77,63.79,64.82,62.14,2026-09-02,3,False
ASND,Health Care,Biotechnology,RSI,RSI 加速上升,None,0.0,0.5525,0.3667,,0.3667,0,559,0.0015,271.12,271.53,271.93,268.41,2026-09-03,3,True
CMG,Consumer Discretionary,Restaurants,RSI,RSI 動能加速（強勢區）,None,0.0,0.51,0.3667,0.3667,0.3027,30,1665,0.012,38.52,38.98,39.44,38.13,2026-09-02,3,False
DT,Information Technology,Software - Application,RSI,RSI 動能加速（強勢區）,None,0.0,0.51,0.366,,0.366,0,2885,0.0091,52.76,53.24,53.72,52.23,2026-09-03,3,False
KSPI,Information Technology,Software - Infrastructure,RSI,RSI 動能加速（強勢區）,None,0.0,0.51,0.366,,0.366,0,2885,0.0091,106.81,107.78,108.75,105.74,2026-09-02,3,False
NTNX,Information Technology,Software - Infrastructure,RSI,RSI 動能加速（強勢區）,None,0.0,0.51,0.366,,0.366,0,2885,0.0091,68.08,68.7,69.32,67.4,2026-09-03,3,False
SAP,Information Technology,Software - Application,RSI,RSI 動能加速（強勢區）,None,0.0,0.51,0.366,,0.366,0,2885,0.0091,217.03,219.0,220.98,214.86,2026-09-03,3,False
ENLT,Utilities,Utilities - Renewable,KDJ,KDJ 金叉,Morning Star,0.8,1.0,0.3654,,0.3654,0,52,0.0081,77.46,78.09,78.71,76.69,2026-09-03,3,False
FTS,Utilities,Utilities - Regulated Electric,KDJ,KDJ 金叉,Morning Star,0.8,1.0,0.3654,,0.3654,0,52,0.0081,55.05,55.5,55.94,54.5,2026-09-02,3,False
LNT,Utilities,Utilities - Regulated Electric,KDJ,KDJ 金叉,Morning Star,0.8,1.0,0.3654,,0.3654,0,52,0.0081,68.0,68.55,69.1,67.32,2026-09-03,3,False
WEC,Utilities,Utilities - Regulated Electric,KDJ,KDJ 金叉,Morning Star,0.8,1.0,0.3654,,0.3654,0,52,0.0081,106.7,107.56,108.43,105.63,2026-09-03,3,False
SWKS,Information Technology,Semiconductors,MACD,MACD 金叉 (多頭區),None,0.0,0.68,0.3651,,0.3651,0,504,0.0103,71.67,72.41,73.15,70.95,2026-09-02,3,False
KRYS,Health Care,Biotechnology,BB,價格在 BB 中軌上方,None,0.0,0.425,0.365,,0.365,0,715,0.0016,358.24,358.81,359.39,354.66,2026-09-04,3,True
ADP,Information Technology,Software - Application,RSI,RSI 維持強勢 (50-70),None,0.0,0.51,0.3645,,0.3645,0,16764,0.0088,277.62,280.06,282.51,274.84,2026-09-04,3,False
BR,Information Technology,Information Technology Services,RSI,RSI 維持強勢 (50-70),None,0.0,0.51,0.3645,,0.3645,0,16764,0.0088,172.88,174.4,175.92,171.15,2026-09-04,3,False
FROG,Information Technology,Software - Application,RSI,RSI 維持強勢 (50-70),None,0.0,0.51,0.3645,,0.3645,0,16764,0.0088,91.73,92.54,93.34,90.81,2026-09-02,3,False
INFY,Information Technology,Information Technology Services,RSI,RSI 維持強勢 (50-70),None,0.0,0.51,0.3645,,0.3645,0,16764,0.0088,12.09,12.2,12.3,11.97,2026-09-03,3,False
JKHY,Information Technology,Information Technology Services,RSI,RSI 維持強勢 (50-70),None,0.0,0.51,0.3645,,0.3645,0,16764,0.0088,165.64,167.1,168.56,163.98,2026-09-04,3,False
PAYX,Information Technology,Software - Application,RSI,RSI 維持強勢 (50-70),None,0.0,0.51,0.3645,,0.3645,0,16764,0.0088,121.71,122.78,123.85,120.49,2026-09-04,3,False
SONY,Information Technology,Consumer Electronics,RSI,RSI 維持強勢 (50-70),None,0.0,0.51,0.3645,,0.3645,0,16764,0.0088,24.56,24.78,24.99,24.31,2026-09-04,3,False
STRC,Information Technology,Software - Application,RSI,RSI 維持強勢 (50-70),None,0.0,0.51,0.3645,,0.3645,0,16764,0.0088,97.82,98.68,99.54,96.84,2026-09-03,3,False
BMNP,Information Technology,Blockchain,BB,BB 中軌向上（上升趨勢）,None,0.0,0.51,0.3639,,0.3639,0,16781,0.009,98.11,98.99,99.88,97.13,2026-09-04,3,False
ENTG,Information Technology,Semiconductor Equipment & Materials,BB,BB 中軌向上（上升趨勢）,None,0.0,0.51,0.3639,,0.3639,0,16781,0.009,131.31,132.49,133.67,130.0,2026-09-02,3,False
LDOS,Information Technology,Information Technology Services,BB,BB 中軌向上（上升趨勢）,None,0.0,0.51,0.3639,,0.3639,0,16781,0.009,133.05,134.25,135.44,131.72,2026-09-04,3,False
NET,Information Technology,Software - Infrastructure,BB,BB 中軌向上（上升趨勢）,None,0.0,0.51,0.3639,,0.3639,0,16781,0.009,272.74,275.19,277.65,270.01,2026-09-02,3,False
NOK,Information Technology,Communication Equipment,BB,BB 中軌向上（上升趨勢）,None,0.0,0.51,0.3639,,0.3639,0,16781,0.009,10.03,10.12,10.21,9.93,2026-09-04,3,False
STRD,Information Technology,Software - Application,BB,BB 中軌向上（上升趨勢）,None,0.0,0.51,0.3639,,0.3639,0,16781,0.009,75.85,76.53,77.22,75.09,2026-09-03,3,False
STRF,Information Technology,Software - Application,BB,BB 中軌向上（上升趨勢）,None,0.0,0.51,0.3639,,0.3639,0,16781,0.009,104.4,105.34,106.28,103.36,2026-09-03,3,False
TEAM,Information Technology,Software - Application,BB,BB 中軌向上（上升趨勢）,None,0.0,0.51,0.3639,,0.3639,0,16781,0.009,189.58,191.29,192.99,187.68,2026-09-04,3,False
MET,Financials,Insurance - Life,KDJ,KDJ 金叉,None,0.0,0.5525,0.3636,0.3636,0.3142,22,1932,0.0133,96.42,97.7,98.98,95.46,2026-09-02,3,False
TTWO,Communication Services,Electronic Gaming & Multimedia,BB,BB 跌破下軌 (超賣),None,0.0,0.45499999999999996,0.3636,0.3636,0.33,11,397,0.002,216.14,216.57,217.0,213.98,2026-09-02,3,False
TPL,Energy,Oil & Gas E&P,BB,價格在 BB 中軌上方,None,0.0,0.425,0.3636,0.3636,0.2998,275,5768,0.003,366.5,367.6,368.7,362.83,2026-09-03,3,False
SLB,Energy,Oil & Gas Equipment & Services,RSI,RSI 加速上升,None,0.0,0.5525,0.3615,0.3615,0.3227,130,3306,0.0037,58.13,58.35,58.56,57.55,2026-09-02,3,False
ET,Energy,Oil & Gas Midstream,KDJ,KDJ 金叉,None,0.0,0.5525,0.3614,,0.3614,0,498,0.0061,21.5,21.63,21.76,21.29,2026-09-04,3,False
PR,Energy,Oil & Gas E&P,KDJ,KDJ 金叉,None,0.0,0.5525,0.3614,,0.3614,0,498,0.0061,23.82,23.97,24.11,23.58,2026-09-02,3,False
WDS,Energy,Oil & Gas E&P,KDJ,KDJ 金叉,None,0.0,0.5525,0.3614,,0.3614,0,498,0.0061,23.15,23.29,23.43,22.92,2026-09-03,3,False
BCS,Financials,Banks - Diversified,KDJ,KDJ 金叉,None,0.0,0.5525,0.3611,,0.3611,0,108,0.0084,26.9,27.13,27.35,26.63,2026-09-03,3,True
CCJ,Energy,Uranium,RSI,RSI 上穿 50 中性線,None,0.0,0.4675,0.361,,0.361,0,579,0.0056,100.62,101.18,101.75,99.61,2026-09-03,3,False
SUN,Energy,Oil & Gas Refining & Marketing,RSI,RSI 上穿 50 中性線,None,0.0,0.4675,0.361,,0.361,0,579,0.0056,75.6,76.02,76.45,74.84,2026-09-04,3,False
APG,Industrials,Engineering & Construction,KDJ,KDJ 金叉,None,0.0,0.5525,0.3609,,0.3609,0,133,0.01,40.03,40.43,40.83,39.63,2026-09-03,3,True
CNI,Industrials,Railroads,KDJ,KDJ 金叉,None,0.0,0.5525,0.3609,,0.3609,0,133,0.01,123.37,124.6,125.84,122.14,2026-09-04,3,True
MPC,Energy,Oil & Gas Refining & Marketing,RSI,RSI 加速上升,None,0.0,0.5525,0.3608,0.3608,0.3227,158,3306,0.0075,388.9,391.82,394.73,385.01,2026-09-04,3,False
ON,Information Technology,Semiconductors,RSI,RSI 加速上升,None,0.0,0.5525,0.3607,0.3607,0.3693,122,10688,-0.002,74.38,74.23,74.08,73.64,2026-09-04,3,False
AZO,Consumer Discretionary,Auto Parts,KDJ,KDJ 金叉,None,0.0,0.5525,0.3596,,0.3596,0,89,-0.0041,2983.29,2971.06,2958.83,2953.46,2026-09-04,3,True
CDW,Information Technology,Information Technology Services,RSI,RSI 維持強勢 (50-70),None,0.0,0.51,0.3591,0.3591,0.3645,181,16764,0.0017,152.38,152.64,152.9,150.86,2026-09-04,3,False
MOS,Materials,Agricultural Inputs,RSI,RSI 動能加速（強勢區）,None,0.0,0.51,0.359,0.359,0.2962,39,942,-0.0019,25.78,25.73,25.68,25.52,2026-09-02,3,False
ABNB,Consumer Discretionary,Travel Services,BB,價格在 BB 中軌上方,None,0.0,0.425,0.3581,0.3581,0.2984,215,12430,0.0059,185.25,186.34,187.44,183.4,2026-09-03,3,False
BMY,Health Care,Drug Manufacturers - General,BB,BB 中軌向上（上升趨勢）,Bullish Engulfing,0.75,1.0,0.3577,,0.3577,0,260,0.0085,67.66,68.24,68.81,66.98,2026-09-02,3,False
INSM,Health Care,Biotechnology,BB,BB 中軌向上（上升趨勢）,Bullish Engulfing,0.75,1.0,0.3577,,0.3577,0,260,0.0085,126.63,127.71,128.78,125.36,2026-09-02,3,False
NTRA,Health Care,Diagnostics & Research,BB,BB 中軌向上（上升趨勢）,Bullish Engulfing,0.75,1.0,0.3577,,0.3577,0,260,0.0085,325.165,327.93,330.69,321.91,2026-09-02,3,False
AUR,Consumer Discretionary,Auto Parts,KDJ,KDJ 金叉,Bullish Engulfing,0.75,1.0,0.3571,,0.3571,0,70,0.007,5.85,5.89,5.93,5.79,2026-09-02,3,False
GOOGL,Communication Services,Internet Content & Information,KDJ,KDJ 金叉,None,0.0,0.5525,0.3571,0.3571,0.3345,28,550,0.0074,342.26,344.79,347.33,338.84,2026-09-03,3,False
ADBE,Information Technology,Software - Application,BB,BB 中軌向上（上升趨勢）,None,0.0,0.51,0.3571,0.3571,0.4238,14,1083,-0.0235,266.51,260.25,253.98,263.84,2026-09-04,3,True
AES,Utilities,Utilities - Diversified,BB,價格在 BB 中軌上方,None,0.0,0.425,0.3568,0.3568,0.246,213,9864,0.0076,14.78,14.89,15.0,14.63,2026-09-03,3,False
WTRG,Utilities,Utilities - Regulated Water,BB,BB 中軌向上（上升趨勢）,None,0.0,0.51,0.3562,,0.3562,0,365,0.0089,41.7,42.07,42.44,41.28,2026-09-04,3,True
PBA,Energy,Oil & Gas Midstream,MACD,MACD 金叉 (空頭區),None,0.0,0.42,0.3557,,0.3557,0,253,0.0057,48.6,48.88,49.15,48.11,2026-09-03,3,False
BKNG,Consumer Discretionary,Travel Services,BB,BB 跌破下軌 (超賣),None,0.0,0.45499999999999996,0.3556,,0.3556,0,239,0.0004,195.13,195.21,195.29,193.18,2026-09-03,3,True
TCOM,Consumer Discretionary,Travel Services,BB,BB 跌破下軌 (超賣),None,0.0,0.45499999999999996,0.3556,,0.3556,0,239,0.0004,41.4,41.42,41.43,40.99,2026-09-03,3,True
EXPE,Consumer Discretionary,Travel Services,BB,BB 中軌向上（上升趨勢）,None,0.0,0.51,0.3534,0.3534,0.2908,232,9757,-0.0013,308.06,307.66,307.26,304.98,2026-09-02,3,False
GD,Industrials,Aerospace & Defense,BB,BB 跌破下軌 (超賣),None,0.0,0.45499999999999996,0.3532,,0.3532,0,436,0.0052,364.07,365.96,367.86,360.43,2026-09-02,3,True
EXC,Utilities,Utilities - Regulated Electric,KDJ,KDJ 金叉,None,0.0,0.5525,0.3529,,0.3529,0,34,0.0062,43.5553,43.83,44.1,43.12,2026-09-02,3,True
SOMN,Utilities,Utilities - Regulated Electric,KDJ,KDJ 金叉,None,0.0,0.5525,0.3529,,0.3529,0,34,0.0062,47.87,48.17,48.46,47.39,2026-09-02,3,True
NKE,Consumer Discretionary,Footwear & Accessories,KDJ,KDJ 金叉,None,0.0,0.5525,0.35,0.35,0.3183,20,1244,0.0105,38.4,38.8,39.21,38.02,2026-09-04,3,False
MTD,Health Care,Diagnostics & Research,BB,BB 跌破下軌 (超賣),None,0.0,0.45499999999999996,0.35,0.35,0.2752,20,974,0.0063,1345.26,1353.74,1362.21,1331.81,2026-09-04,3,False
CNH,Industrials,Farm & Heavy Construction Machinery,BB,價格在 BB 中軌上方,None,0.0,0.425,0.3497,,0.3497,0,1018,0.0042,13.65,13.71,13.76,13.51,2026-09-02,3,True
HAL,Energy,Oil & Gas Equipment & Services,RSI,RSI 動能加速（強勢區）,None,0.0,0.51,0.3488,0.3488,0.3265,43,873,0.0082,37.63,37.94,38.25,37.25,2026-09-02,3,False
BIIB,Health Care,Drug Manufacturers - General,RSI,RSI 動能加速（強勢區）,None,0.0,0.51,0.3462,0.3462,0.2606,26,1869,0.0081,222.67,224.47,226.28,220.44,2026-09-02,3,False
WBD,Communication Services,Entertainment,BB,BB 中軌向上（上升趨勢）,None,0.0,0.51,0.345,0.345,0.2943,171,4771,-0.001,28.25,28.22,28.19,27.97,2026-09-04,3,False
MAR,Consumer Discretionary,Lodging,RSI,RSI 超賣區域 (30),None,0.0,0.5249999999999999,0.3448,,0.3448,0,203,0.0038,333.14,334.41,335.67,329.81,2026-09-02,3,False
BBD,Financials,Banks - Regional,RSI,RSI 維持強勢 (50-70),None,0.0,0.51,0.3448,,0.3448,0,609,0.0048,3.446,3.46,3.48,3.41,2026-09-02,3,True
BPOP,Financials,Banks - Regional,RSI,RSI 維持強勢 (50-70),None,0.0,0.51,0.3448,,0.3448,0,609,0.0048,171.32,172.14,172.96,169.61,2026-09-04,3,True
WBS,Financials,Banks - Regional,RSI,RSI 維持強勢 (50-70),None,0.0,0.51,0.3448,,0.3448,0,609,0.0048,77.97,78.34,78.72,77.19,2026-08-18,3,True
VLO,Energy,Oil & Gas Refining & Marketing,BB,價格在 BB 中軌上方,None,0.0,0.425,0.3448,0.3448,0.2998,232,5768,0.0031,370.72,371.87,373.02,367.01,2026-09-04,3,False
ACGL,Financials,Insurance - Diversified,RSI,RSI 上穿 50 中性線,None,0.0,0.4675,0.3438,0.3438,0.3091,32,1899,0.0041,99.83,100.24,100.65,98.83,2026-09-03,3,False
GEN,Information Technology,Software - Infrastructure,BB,BB 中軌向上（上升趨勢）,None,0.0,0.51,0.3408,0.3408,0.3639,179,16781,0.006,30.65,30.83,31.02,30.34,2026-09-04,3,False
DE,Industrials,Farm & Heavy Construction Machinery,RSI,RSI 加速上升,None,0.0,0.5525,0.3393,0.3393,0.2981,112,11545,0.0046,693.53,696.72,699.91,686.59,2026-09-04,3,False
DASH,Consumer Discretionary,Internet Retail,RSI,RSI 維持強勢 (50-70),None,0.0,0.51,0.3377,0.3377,0.2995,231,10441,0.001,222.0,222.22,222.44,219.78,2026-09-03,3,False
BX,Financials,Asset Management,BB,BB 中軌向上（上升趨勢）,None,0.0,0.51,0.3376,0.3376,0.2681,237,16575,0.0039,137.68,138.22,138.75,136.3,2026-09-03,3,False
CBOE,Financials,Financial Data & Stock Exchanges,RSI,RSI 維持強勢 (50-70),None,0.0,0.51,0.3371,0.3371,0.2842,267,19108,0.0055,298.38,300.02,301.66,295.4,2026-09-04,3,False
IHG,Consumer Discretionary,Lodging,MACD,MACD 突破 0 軸,None,0.0,0.595,0.3351,,0.3351,0,376,0.0114,160.77,162.6,164.44,159.16,2026-09-03,3,False
BCE,Communication Services,Telecom Services,KDJ,KDJ 金叉,None,0.0,0.5525,0.3345,,0.3345,0,550,0.0065,23.81,23.96,24.12,23.57,2026-09-03,3,False
CHT,Communication Services,Telecom Services,KDJ,KDJ 金叉,None,0.0,0.5525,0.3345,,0.3345,0,550,0.0065,43.48,43.76,44.05,43.05,2026-09-02,3,False
GSAT,Communication Services,Telecom Services,KDJ,KDJ 金叉,None,0.0,0.5525,0.3345,,0.3345,0,550,0.0065,81.46,81.99,82.52,80.65,2026-09-02,3,False
NBIS,Communication Services,Internet Content & Information,KDJ,KDJ 金叉,None,0.0,0.5525,0.3345,,0.3345,0,550,0.0065,210.63,212.0,213.37,208.52,2026-09-03,3,False
RCI,Communication Services,Telecom Services,KDJ,KDJ 金叉,None,0.0,0.5525,0.3345,,0.3345,0,550,0.0065,38.0,38.25,38.49,37.62,2026-09-03,3,False
SKM,Communication Services,Telecom Services,KDJ,KDJ 金叉,None,0.0,0.5525,0.3345,,0.3345,0,550,0.0065,38.7,38.95,39.2,38.31,2026-09-04,3,False
SPOT,Communication Services,Internet Content & Information,KDJ,KDJ 金叉,None,0.0,0.5525,0.3345,,0.3345,0,550,0.0065,559.36,563.0,566.63,553.77,2026-09-02,3,False
TIGO,Communication Services,Telecom Services,KDJ,KDJ 金叉,None,0.0,0.5525,0.3345,,0.3345,0,550,0.0065,95.25,95.87,96.49,94.3,2026-09-02,3,False
TLK,Communication Services,Telecom Services,KDJ,KDJ 金叉,None,0.0,0.5525,0.3345,,0.3345,0,550,0.0065,14.81,14.91,15.0,14.66,2026-09-03,3,False
TU,Communication Services,Telecom Services,KDJ,KDJ 金叉,None,0.0,0.5525,0.3345,,0.3345,0,550,0.0065,9.74,9.8,9.87,9.64,2026-09-03,3,False
BEPC,Utilities,Utilities - Renewable,KDJ,KDJ 超賣區金叉,Morning Star,0.8,1.0,0.3333,,0.3333,0,6,0.005,31.5,31.66,31.82,31.18,2026-09-03,3,False
TMUS,Communication Services,Telecom Services,MACD,MACD 突破 0 軸,None,0.0,0.595,0.3333,,0.3333,0,165,0.0084,187.3,188.87,190.45,185.43,2026-09-02,3,False
AMP,Financials,Asset Management,KDJ,KDJ 金叉,None,0.0,0.5525,0.3333,0.3333,0.3142,27,1932,0.0119,565.08,571.8,578.53,559.43,2026-09-03,3,False
GOOG,Communication Services,Internet Content & Information,KDJ,KDJ 金叉,None,0.0,0.5525,0.3333,0.3333,0.3345,30,550,0.0087,338.86,341.81,344.76,335.47,2026-09-03,3,False
KDP,Consumer Staples,Beverages - Non-Alcoholic,KDJ,KDJ 金叉,None,0.0,0.5525,0.3333,0.3333,0.2503,15,779,0.007,32.88,33.11,33.34,32.55,2026-09-03,3,False
NTAP,Information Technology,Software - Infrastructure,KDJ,KDJ 金叉,None,0.0,0.5525,0.3333,0.3333,0.3918,24,1955,0.0005,185.38,185.47,185.57,183.53,2026-09-03,3,False
CAG,Consumer Staples,Packaged Foods,BB,BB 中軌向上（上升趨勢）,None,0.0,0.51,0.3333,0.3333,0.2466,114,6128,0.0085,15.48,15.61,15.74,15.33,2026-09-04,3,False
DIS,Communication Services,Entertainment,RSI,RSI 動能加速（強勢區）,None,0.0,0.51,0.3333,0.3333,0.3135,27,772,0.0013,107.98,108.12,108.26,106.9,2026-09-02,3,False
CSX,Industrials,Railroads,BB,BB 跌破下軌 (超賣),None,0.0,0.45499999999999996,0.3333,0.3333,0.2838,21,1258,0.0034,48.65,48.82,48.98,48.16,2026-09-02,3,False
SYK,Health Care,Medical Devices,BB,BB 跌破下軌 (超賣),None,0.0,0.45499999999999996,0.3333,0.3333,0.2752,18,974,0.0016,303.13,303.62,304.1,300.1,2026-09-04,3,False
FE,Utilities,Utilities - Regulated Electric,MACD,MACD 金叉 (空頭區),None,0.0,0.42,0.3333,0.3333,0.2494,12,409,0.0105,47.04,47.53,48.03,46.57,2026-09-03,3,False
MNST,Consumer Staples,Beverages - Non-Alcoholic,RSI,RSI 維持超賣,None,0.0,0.385,0.3333,0.3333,0.2366,9,744,-0.0022,43.82,43.72,43.63,43.38,2026-09-04,3,False
CHTR,Communication Services,Telecom Services,RSI,RSI 維持強勢 (50-70),None,0.0,0.51,0.3315,0.3315,0.3082,178,5205,-0.0055,151.99,151.15,150.32,150.47,2026-09-04,3,False
HSIC,Health Care,Medical Distribution,BB,價格在 BB 中軌上方,None,0.0,0.425,0.3314,0.3314,0.2804,169,14417,-0.0009,89.81,89.73,89.65,88.91,2026-09-04,3,False
ARES,Financials,Asset Management,RSI,RSI 維持強勢 (50-70),None,0.0,0.51,0.3313,0.3313,0.2842,329,19108,0.0049,140.15,140.84,141.52,138.75,2026-09-04,3,False
VEEV,Health Care,Health Information Services,RSI,RSI 維持強勢 (50-70),None,0.0,0.51,0.3311,0.3311,0.2772,148,12123,-0.0013,275.09,274.73,274.37,272.34,2026-09-04,3,False
WMB,Energy,Oil & Gas Midstream,BB,價格在 BB 中軌上方,None,0.0,0.425,0.3305,0.3305,0.2998,348,5768,0.0061,74.15,74.6,75.05,73.41,2026-09-04,3,False
FPS,Industrials,Electrical Equipment & Parts,MACD,MACD 金叉 (空頭區),None,0.0,0.42,0.3303,,0.3303,0,875,0.0053,31.35,31.52,31.68,31.04,2026-09-04,3,False
LTM,Industrials,Airlines,MACD,MACD 金叉 (空頭區),None,0.0,0.42,0.3303,,0.3303,0,875,0.0053,52.47,52.75,53.03,51.95,2026-09-04,3,False
MAIR,Industrials,Building Products & Equipment,MACD,MACD 金叉 (空頭區),None,0.0,0.42,0.3303,,0.3303,0,875,0.0053,25.68,25.82,25.95,25.42,2026-09-03,3,False
MTZ,Industrials,Engineering & Construction,MACD,MACD 金叉 (空頭區),None,0.0,0.42,0.3303,,0.3303,0,875,0.0053,237.19,238.45,239.7,234.82,2026-09-04,3,False
RRX,Industrials,Specialty Industrial Machinery,MACD,MACD 金叉 (空頭區),None,0.0,0.42,0.3303,,0.3303,0,875,0.0053,160.77,161.62,162.47,159.16,2026-09-02,3,False
SAIA,Industrials,Trucking,MACD,MACD 金叉 (空頭區),None,0.0,0.42,0.3303,,0.3303,0,875,0.0053,345.81,347.64,349.48,342.35,2026-09-03,3,False
STRL,Industrials,Engineering & Construction,MACD,MACD 金叉 (空頭區),None,0.0,0.42,0.3303,,0.3303,0,875,0.0053,486.49,489.07,491.65,481.63,2026-09-04,3,False
SYM,Industrials,Specialty Industrial Machinery,MACD,MACD 金叉 (空頭區),None,0.0,0.42,0.3303,,0.3303,0,875,0.0053,42.94,43.17,43.4,42.51,2026-09-04,3,False
VMI,Industrials,Conglomerates,MACD,MACD 金叉 (空頭區),None,0.0,0.42,0.3303,,0.3303,0,875,0.0053,481.46,484.01,486.56,476.65,2026-09-04,3,False
FCNCA,Financials,Banks - Regional,MACD,MACD 突破 0 軸,None,0.0,0.595,0.3301,,0.3301,0,618,0.0061,2203.4299,2216.87,2230.31,2181.4,2026-09-03,3,False
ITUB,Financials,Banks - Regional,MACD,MACD 突破 0 軸,None,0.0,0.595,0.3301,,0.3301,0,618,0.0061,8.15,8.2,8.25,8.07,2026-09-04,3,False
MFC,Financials,Insurance - Life,MACD,MACD 突破 0 軸,None,0.0,0.595,0.3301,,0.3301,0,618,0.0061,44.59,44.86,45.13,44.14,2026-09-03,3,False
TD,Financials,Banks - Diversified,MACD,MACD 突破 0 軸,None,0.0,0.595,0.3301,,0.3301,0,618,0.0061,121.47,122.21,122.95,120.26,2026-09-02,3,False
FWONA,Communication Services,Entertainment,BB,BB 跌破下軌 (超賣),None,0.0,0.45499999999999996,0.33,,0.33,0,397,0.0048,88.38,88.8,89.23,87.5,2026-09-04,3,False
FWONK,Communication Services,Entertainment,BB,BB 跌破下軌 (超賣),None,0.0,0.45499999999999996,0.33,,0.33,0,397,0.0048,95.5,95.96,96.42,94.55,2026-09-04,3,False
PINS,Communication Services,Internet Content & Information,BB,BB 跌破下軌 (超賣),None,0.0,0.45499999999999996,0.33,,0.33,0,397,0.0048,20.4,20.5,20.6,20.2,2026-09-04,3,False
RS,Materials,Steel,RSI,RSI 上穿 50 中性線,None,0.0,0.4675,0.3294,,0.3294,0,595,0.0031,400.51,401.75,402.99,396.5,2026-09-04,3,False
FDS,Financials,Financial Data & Stock Exchanges,RSI,RSI 維持強勢 (50-70),Support,0.7,1.0,0.3276,,0.3276,0,58,0.0022,306.07,306.74,307.42,303.01,2026-09-02,3,False
ICE,Financials,Financial Data & Stock Exchanges,RSI,RSI 維持強勢 (50-70),Support,0.8,1.0,0.3276,,0.3276,0,58,0.0022,157.85,158.2,158.54,156.27,2026-09-02,3,False
DVA,Health Care,Medical Care Facilities,RSI,RSI 加速上升,None,0.0,0.5525,0.3269,0.3269,0.2803,156,8492,0.0082,183.99,185.5,187.01,182.15,2026-09-04,3,False
FTI,Energy,Oil & Gas Equipment & Services,RSI,RSI 動能加速（強勢區）,None,0.0,0.51,0.3265,,0.3265,0,873,0.0005,79.67,79.71,79.75,78.87,2026-09-02,3,False
TMO,Health Care,Diagnostics & Research,RSI,RSI 維持強勢 (50-70),None,0.0,0.51,0.3265,0.3265,0.2772,196,12123,0.0039,613.78,616.17,618.57,607.64,2026-09-04,3,False
YPF,Energy,Oil & Gas Integrated,RSI,RSI 動能加速（強勢區）,None,0.0,0.51,0.3265,,0.3265,0,873,0.0005,53.91,53.94,53.96,53.37,2026-09-02,3,False
AMX,Communication Services,Telecom Services,MACD,MACD 金叉 (空頭區),None,0.0,0.42,0.3254,,0.3254,0,252,0.0044,23.0,23.1,23.2,22.77,2026-09-04,3,False
RVTY,Health Care,Diagnostics & Research,BB,價格在 BB 中軌上方,None,0.0,0.425,0.3247,0.3247,0.2804,194,14417,-0.0022,130.22,129.93,129.65,128.92,2026-09-04,3,False
ECHO,Communication Services,Telecom Services,RSI,RSI 上穿 50 中性線,None,0.0,0.4675,0.3243,,0.3243,0,518,0.004,89.79,90.15,90.51,88.89,2026-09-03,3,False
TIMB,Communication Services,Telecom Services,RSI,RSI 上穿 50 中性線,None,0.0,0.4675,0.3243,,0.3243,0,518,0.004,18.7,18.77,18.85,18.51,2026-09-03,3,False
SHG,Financials,Banks - Regional,BB,價格在 BB 中軌上方,None,0.0,0.425,0.3239,,0.3239,0,852,0.0045,84.47,84.85,85.23,83.63,2026-09-03,3,True
A,Health Care,Diagnostics & Research,RSI,RSI 維持強勢 (50-70),None,0.0,0.51,0.3237,0.3237,0.2772,207,12123,0.0002,150.86,150.89,150.92,149.35,2026-09-04,3,False
PODD,Health Care,Medical Devices,BB,價格在 BB 中軌上方,None,0.0,0.425,0.3234,0.3234,0.2804,201,14417,0.0063,147.48,148.41,149.34,146.01,2026-09-04,3,False
BWA,Consumer Discretionary,Auto Parts,MACD,MACD 金叉 (空頭區),None,0.0,0.42,0.3233,,0.3233,0,529,0.0066,67.54,67.99,68.43,66.86,2026-09-04,3,False
BP,Energy,Oil & Gas Integrated,RSI,RSI 加速上升,None,0.0,0.5525,0.3227,,0.3227,0,3306,0.0024,43.81,43.92,44.02,43.37,2026-09-04,3,False
CNQ,Energy,Oil & Gas E&P,RSI,RSI 加速上升,None,0.0,0.5525,0.3227,,0.3227,0,3306,0.0024,51.81,51.93,52.06,51.29,2026-09-02,3,False
CQP,Energy,Oil & Gas Midstream,RSI,RSI 加速上升,None,0.0,0.5525,0.3227,,0.3227,0,3306,0.0024,71.22,71.39,71.56,70.51,2026-09-02,3,False
CVE,Energy,Oil & Gas Integrated,RSI,RSI 加速上升,None,0.0,0.5525,0.3227,,0.3227,0,3306,0.0024,32.81,32.89,32.97,32.48,2026-09-02,3,False
DINO,Energy,Oil & Gas Refining & Marketing,RSI,RSI 加速上升,None,0.0,0.5525,0.3227,,0.3227,0,3306,0.0024,106.15,106.4,106.66,105.09,2026-09-03,3,False
E,Energy,Oil & Gas Integrated,RSI,RSI 加速上升,None,0.0,0.5525,0.3227,,0.3227,0,3306,0.0024,55.13,55.26,55.39,54.58,2026-09-03,3,False
EC,Energy,Oil & Gas Integrated,RSI,RSI 加速上升,None,0.0,0.5525,0.3227,,0.3227,0,3306,0.0024,17.25,17.29,17.33,17.08,2026-09-04,3,False
ENB,Energy,Oil & Gas Midstream,RSI,RSI 加速上升,None,0.0,0.5525,0.3227,,0.3227,0,3306,0.0024,50.52,50.64,50.76,50.01,2026-09-03,3,False
EQNR,Energy,Oil & Gas Integrated,RSI,RSI 加速上升,None,0.0,0.5525,0.3227,,0.3227,0,3306,0.0024,43.58,43.68,43.79,43.14,2026-09-02,3,False
OVV,Energy,Oil & Gas E&P,RSI,RSI 加速上升,None,0.0,0.5525,0.3227,,0.3227,0,3306,0.0024,66.91,67.07,67.23,66.24,2026-09-02,3,False
PBR,Energy,Oil & Gas Integrated,RSI,RSI 加速上升,None,0.0,0.5525,0.3227,,0.3227,0,3306,0.0024,20.12,20.17,20.22,19.92,2026-09-04,3,False
SHEL,Energy,Oil & Gas Integrated,RSI,RSI 加速上升,None,0.0,0.5525,0.3227,,0.3227,0,3306,0.0024,92.95,93.17,93.4,92.02,2026-09-04,3,False
TRP,Energy,Oil & Gas Midstream,RSI,RSI 加速上升,None,0.0,0.5525,0.3227,,0.3227,0,3306,0.0024,62.88,63.03,63.18,62.25,2026-09-03,3,False
TS,Energy,Oil & Gas Equipment & Services,RSI,RSI 加速上升,None,0.0,0.5525,0.3227,,0.3227,0,3306,0.0024,56.45,56.59,56.72,55.89,2026-09-04,3,False
WES,Energy,Oil & Gas Midstream,RSI,RSI 加速上升,None,0.0,0.5525,0.3227,,0.3227,0,3306,0.0024,49.54,49.66,49.78,49.04,2026-09-04,3,False
VRTX,Health Care,Biotechnology,KDJ,KDJ 金叉,None,0.0,0.5525,0.3226,0.3226,0.2852,31,1536,-0.0033,556.75,554.91,553.08,551.18,2026-09-02,3,False
BG,Consumer Staples,Farm Products,BB,BB 中軌向上（上升趨勢）,None,0.0,0.51,0.3226,0.3226,0.2466,186,6128,0.0023,118.71,118.98,119.26,117.52,2026-09-04,3,False
AAON,Industrials,Building Products & Equipment,KDJ,KDJ 金叉,None,0.0,0.5525,0.3223,,0.3223,0,2110,0.0051,77.88,78.28,78.67,77.1,2026-09-03,3,False
AER,Industrials,Rental & Leasing Services,KDJ,KDJ 金叉,None,0.0,0.5525,0.3223,,0.3223,0,2110,0.0051,146.48,147.23,147.97,145.02,2026-09-03,3,False
ARMK,Industrials,Specialty Business Services,KDJ,KDJ 金叉,None,0.0,0.5525,0.3223,,0.3223,0,2110,0.0051,57.28,57.57,57.86,56.71,2026-09-03,3,False
ARXS,Industrials,Aerospace & Defense,KDJ,KDJ 金叉,None,0.0,0.5525,0.3223,,0.3223,0,2110,0.0051,53.24,53.51,53.78,52.71,2026-09-03,3,False
ATI,Industrials,Metal Fabrication,KDJ,KDJ 金叉,None,0.0,0.5525,0.3223,,0.3223,0,2110,0.0051,210.65,211.72,212.8,208.54,2026-09-04,3,False
CLH,Industrials,Waste Management,KDJ,KDJ 金叉,None,0.0,0.5525,0.3223,,0.3223,0,2110,0.0051,315.22,316.83,318.44,312.07,2026-09-02,3,False
CP,Industrials,Railroads,KDJ,KDJ 金叉,None,0.0,0.5525,0.3223,,0.3223,0,2110,0.0051,91.6,92.07,92.53,90.68,2026-09-04,3,False
CSL,Industrials,Building Products & Equipment,KDJ,KDJ 金叉,None,0.0,0.5525,0.3223,,0.3223,0,2110,0.0051,352.14,353.94,355.73,348.62,2026-09-04,3,False
EMBJ,Industrials,Aerospace & Defense,KDJ,KDJ 金叉,None,0.0,0.5525,0.3223,,0.3223,0,2110,0.0051,73.61,73.99,74.36,72.87,2026-09-03,3,False
FDXF,Industrials,Integrated Freight & Logistics,KDJ,KDJ 金叉,None,0.0,0.5525,0.3223,,0.3223,0,2110,0.0051,129.45,130.11,130.77,128.16,2026-09-04,3,False
FTAI,Industrials,Aerospace & Defense,KDJ,KDJ 金叉,None,0.0,0.5525,0.3223,,0.3223,0,2110,0.0051,199.39,200.41,201.42,197.4,2026-09-03,3,False
GGG,Industrials,Specialty Industrial Machinery,KDJ,KDJ 金叉,None,0.0,0.5525,0.3223,,0.3223,0,2110,0.0051,77.88,78.28,78.67,77.1,2026-09-03,3,False
GPN,Industrials,Specialty Business Services,KDJ,KDJ 金叉,None,0.0,0.5525,0.3223,,0.3223,0,2110,0.0051,92.54,93.01,93.48,91.61,2026-09-04,3,False
ITT,Industrials,Specialty Industrial Machinery,KDJ,KDJ 金叉,None,0.0,0.5525,0.3223,,0.3223,0,2110,0.0051,201.0,202.03,203.05,198.99,2026-09-02,3,False
MLI,Industrials,Metal Fabrication,KDJ,KDJ 金叉,None,0.0,0.5525,0.3223,,0.3223,0,2110,0.0051,61.8975,62.21,62.53,61.28,2026-09-02,3,False
PAC,Industrials,Airports & Air Services,KDJ,KDJ 金叉,None,0.0,0.5525,0.3223,,0.3223,0,2110,0.0051,208.17,209.23,210.29,206.09,2026-09-04,3,False
POOL,Industrials,Industrial Distribution,KDJ,KDJ 金叉,None,0.0,0.5525,0.3223,,0.3223,0,2110,0.0051,184.07,185.01,185.95,182.23,2026-09-03,3,False
QXO,Industrials,Industrial Distribution,KDJ,KDJ 金叉,None,0.0,0.5525,0.3223,,0.3223,0,2110,0.0051,13.46,13.53,13.6,13.33,2026-09-03,3,False
R,Industrials,Rental & Leasing Services,KDJ,KDJ 金叉,None,0.0,0.5525,0.3223,,0.3223,0,2110,0.0051,246.97,248.23,249.49,244.5,2026-09-03,3,False
SPXC,Industrials,Building Products & Equipment,KDJ,KDJ 金叉,None,0.0,0.5525,0.3223,,0.3223,0,2110,0.0051,196.37,197.37,198.37,194.41,2026-09-04,3,False
TFII,Industrials,Trucking,KDJ,KDJ 金叉,None,0.0,0.5525,0.3223,,0.3223,0,2110,0.0051,132.81,133.49,134.16,131.48,2026-09-03,3,False
TRI,Industrials,Specialty Business Services,KDJ,KDJ 金叉,None,0.0,0.5525,0.3223,,0.3223,0,2110,0.0051,111.76,112.33,112.9,110.64,2026-09-03,3,False
WCC,Industrials,Industrial Distribution,KDJ,KDJ 金叉,None,0.0,0.5525,0.3223,,0.3223,0,2110,0.0051,338.37,340.1,341.82,334.99,2026-09-03,3,False
WWD,Industrials,Aerospace & Defense,KDJ,KDJ 金叉,None,0.0,0.5525,0.3223,,0.3223,0,2110,0.0051,342.56,344.31,346.05,339.13,2026-09-03,3,False
ZTO,Industrials,Integrated Freight & Logistics,KDJ,KDJ 金叉,None,0.0,0.5525,0.3223,,0.3223,0,2110,0.0051,20.91,21.02,21.12,20.7,2026-09-03,3,False
GM,Consumer Discretionary,Auto Manufacturers,RSI,RSI 維持強勢 (50-70),None,0.0,0.51,0.3217,0.3217,0.2995,230,10441,0.0003,87.76,87.79,87.81,86.88,2026-09-04,3,False
APTV,Consumer Discretionary,Auto Parts,RSI,RSI 加速上升,None,0.0,0.5525,0.3214,0.3214,0.3117,112,6796,0.0059,47.95,48.23,48.52,47.47,2026-09-04,3,False
IT,Information Technology,Information Technology Services,RSI,RSI 動能加速（強勢區）,None,0.0,0.51,0.3214,0.3214,0.366,28,2885,0.0013,195.46,195.71,195.97,193.51,2026-09-03,3,False
ALLY,Financials,Credit Services,MACD,MACD 金叉 (空頭區),None,0.0,0.42,0.3214,,0.3214,0,865,0.0073,43.73,44.05,44.37,43.29,2026-09-04,3,False
BAP,Financials,Banks - Regional,MACD,MACD 金叉 (空頭區),None,0.0,0.42,0.3214,,0.3214,0,865,0.0073,384.19,386.99,389.8,380.35,2026-09-03,3,False
BBDO,Financials,Banks - Regional,MACD,MACD 金叉 (空頭區),None,0.0,0.42,0.3214,,0.3214,0,865,0.0073,3.15,3.17,3.2,3.12,2026-09-03,3,False
FHN,Financials,Banks - Regional,MACD,MACD 金叉 (空頭區),None,0.0,0.42,0.3214,,0.3214,0,865,0.0073,24.94,25.12,25.3,24.69,2026-09-04,3,False
IREN,Financials,Capital Markets,MACD,MACD 金叉 (空頭區),None,0.0,0.42,0.3214,,0.3214,0,865,0.0073,44.68,45.01,45.33,44.23,2026-09-04,3,False
JEF,Financials,Capital Markets,MACD,MACD 金叉 (空頭區),None,0.0,0.42,0.3214,,0.3214,0,865,0.0073,54.26,54.66,55.05,53.72,2026-09-03,3,False
RIOT,Financials,Capital Markets,MACD,MACD 金叉 (空頭區),None,0.0,0.42,0.3214,,0.3214,0,865,0.0073,21.14,21.29,21.45,20.93,2026-09-03,3,False
RY,Financials,Banks - Diversified,MACD,MACD 金叉 (空頭區),None,0.0,0.42,0.3214,,0.3214,0,865,0.0073,210.59,212.13,213.66,208.48,2026-09-04,3,False
SLF,Financials,Insurance - Diversified,MACD,MACD 金叉 (空頭區),None,0.0,0.42,0.3214,,0.3214,0,865,0.0073,80.79,81.38,81.97,79.98,2026-09-03,3,False
WULF,Financials,Capital Markets,MACD,MACD 金叉 (空頭區),None,0.0,0.42,0.3214,,0.3214,0,865,0.0073,16.51,16.63,16.75,16.34,2026-09-04,3,False
CAH,Health Care,Medical Distribution,RSI,RSI 動能加速（強勢區）,None,0.0,0.51,0.3208,0.3208,0.2606,53,1869,0.0084,245.49,247.55,249.61,243.04,2026-09-02,3,False
REGN,Health Care,Biotechnology,BB,價格在 BB 中軌上方,None,0.0,0.425,0.3207,0.3207,0.2804,290,14417,0.0008,827.72,828.38,829.04,819.44,2026-09-04,3,False
MSFT,Information Technology,Software - Infrastructure,KDJ,KDJ 金叉,None,0.0,0.5525,0.32,0.32,0.3918,25,1955,0.0095,510.12,514.97,519.81,505.02,2026-09-03,3,False
EQT,Energy,Oil & Gas E&P,RSI,RSI 維持強勢 (50-70),None,0.0,0.51,0.3186,0.3186,0.2963,204,4891,-0.001,55.17,55.11,55.06,54.62,2026-09-04,3,False
FLUT,Consumer Discretionary,Gambling,KDJ,KDJ 金叉,None,0.0,0.5525,0.3183,,0.3183,0,1244,0.0033,101.98,102.32,102.65,100.96,2026-09-02,3,False
HMC,Consumer Discretionary,Auto Manufacturers,KDJ,KDJ 金叉,None,0.0,0.5525,0.3183,,0.3183,0,1244,0.0033,32.44,32.55,32.65,32.12,2026-09-02,3,False
JD,Consumer Discretionary,Internet Retail,KDJ,KDJ 金叉,None,0.0,0.5525,0.3183,,0.3183,0,1244,0.0033,28.26,28.35,28.45,27.98,2026-09-04,3,False
MELI,Consumer Discretionary,Internet Retail,KDJ,KDJ 金叉,None,0.0,0.5525,0.3183,,0.3183,0,1244,0.0033,2006.58,2013.2,2019.82,1986.51,2026-09-02,3,False
MGA,Consumer Discretionary,Auto Parts,KDJ,KDJ 金叉,None,0.0,0.5525,0.3183,,0.3183,0,1244,0.0033,67.09,67.31,67.53,66.42,2026-09-03,3,False
PAG,Consumer Discretionary,Auto & Truck Dealerships,KDJ,KDJ 金叉,None,0.0,0.5525,0.3183,,0.3183,0,1244,0.0033,219.62,220.34,221.07,217.42,2026-09-03,3,False
STLA,Consumer Discretionary,Auto Manufacturers,KDJ,KDJ 金叉,None,0.0,0.5525,0.3183,,0.3183,0,1244,0.0033,5.49,5.51,5.53,5.44,2026-09-03,3,False
AOS,Industrials,Specialty Industrial Machinery,KDJ,KDJ 金叉,None,0.0,0.5525,0.3182,0.3182,0.3223,22,2110,-0.0002,60.48,60.47,60.46,59.88,2026-09-04,3,False
EXE,Energy,Oil & Gas E&P,RSI,RSI 維持強勢 (50-70),None,0.0,0.51,0.318,0.318,0.2963,217,4891,0.0004,97.91,97.95,97.99,96.93,2026-09-04,3,False
ALNY,Health Care,Biotechnology,MACD,MACD 突破 0 軸,None,0.0,0.595,0.3171,,0.3171,0,432,0.0028,264.5,265.24,265.98,261.86,2026-09-03,3,False
BRKRP,Health Care,Medical Devices,MACD,MACD 突破 0 軸,None,0.0,0.595,0.3171,,0.3171,0,432,0.0028,431.72,432.93,434.14,427.4,2026-09-04,3,False
ELAN,Health Care,Drug Manufacturers - Specialty & Generic,MACD,MACD 突破 0 軸,None,0.0,0.595,0.3171,,0.3171,0,432,0.0028,24.5,24.57,24.64,24.25,2026-09-04,3,False
SMMT,Health Care,Biotechnology,MACD,MACD 突破 0 軸,None,0.0,0.595,0.3171,,0.3171,0,432,0.0028,14.6,14.64,14.68,14.45,2026-09-02,3,False
DOW,Materials,Chemicals,RSI,RSI 加速上升,None,0.0,0.5525,0.3145,0.3145,0.3048,159,3639,-0.0053,31.28,31.11,30.95,30.97,2026-09-02,3,False
ARWR,Health Care,Biotechnology,RSI,RSI 上穿 50 中性線,None,0.0,0.4675,0.3144,,0.3144,0,1323,0.003,86.49,86.75,87.01,85.63,2026-09-03,3,False
AZN,Health Care,Drug Manufacturers - General,RSI,RSI 上穿 50 中性線,None,0.0,0.4675,0.3144,,0.3144,0,1323,0.003,164.77,165.26,165.76,163.12,2026-09-03,3,False
GH,Health Care,Diagnostics & Research,RSI,RSI 上穿 50 中性線,None,0.0,0.4675,0.3144,,0.3144,0,1323,0.003,161.41,161.89,162.38,159.8,2026-09-04,3,False
IONS,Health Care,Biotechnology,RSI,RSI 上穿 50 中性線,None,0.0,0.4675,0.3144,,0.3144,0,1323,0.003,61.33,61.51,61.7,60.72,2026-09-02,3,False
MDLN,Health Care,Medical Instruments & Supplies,RSI,RSI 上穿 50 中性線,None,0.0,0.4675,0.3144,,0.3144,0,1323,0.003,36.3,36.41,36.52,35.94,2026-09-02,3,False
NVO,Health Care,Drug Manufacturers - General,RSI,RSI 上穿 50 中性線,None,0.0,0.4675,0.3144,,0.3144,0,1323,0.003,46.77,46.91,47.05,46.3,2026-09-02,3,False
SNY,Health Care,Drug Manufacturers - General,RSI,RSI 上穿 50 中性線,None,0.0,0.4675,0.3144,,0.3144,0,1323,0.003,44.47,44.6,44.74,44.03,2026-09-02,3,False
BAM,Financials,Asset Management,KDJ,KDJ 金叉,None,0.0,0.5525,0.3142,,0.3142,0,1932,0.0041,50.29,50.5,50.7,49.79,2026-09-03,3,False
BBVA,Financials,Banks - Diversified,KDJ,KDJ 金叉,None,0.0,0.5525,0.3142,,0.3142,0,1932,0.0041,29.16,29.28,29.4,28.87,2026-09-02,3,False
BCH,Financials,Banks - Regional,KDJ,KDJ 金叉,None,0.0,0.5525,0.3142,,0.3142,0,1932,0.0041,42.92,43.1,43.27,42.49,2026-09-03,3,False
BMO,Financials,Banks - Diversified,KDJ,KDJ 金叉,None,0.0,0.5525,0.3142,,0.3142,0,1932,0.0041,172.82,173.53,174.24,171.09,2026-09-02,3,False
BSAC,Financials,Banks - Regional,KDJ,KDJ 金叉,None,0.0,0.5525,0.3142,,0.3142,0,1932,0.0041,35.86,36.01,36.15,35.5,2026-09-03,3,False
BSBR,Financials,Banks - Regional,KDJ,KDJ 金叉,None,0.0,0.5525,0.3142,,0.3142,0,1932,0.0041,5.89,5.91,5.94,5.83,2026-09-02,3,False
CM,Financials,Banks - Diversified,KDJ,KDJ 金叉,None,0.0,0.5525,0.3142,,0.3142,0,1932,0.0041,115.66,116.13,116.61,114.5,2026-09-02,3,False
EWBC,Financials,Banks - Regional,KDJ,KDJ 金叉,None,0.0,0.5525,0.3142,,0.3142,0,1932,0.0041,128.97,129.5,130.03,127.68,2026-09-02,3,False
HDB,Financials,Banks - Regional,KDJ,KDJ 金叉,None,0.0,0.5525,0.3142,,0.3142,0,1932,0.0041,23.21,23.31,23.4,22.98,2026-09-02,3,False
HSBC,Financials,Banks - Diversified,KDJ,KDJ 金叉,None,0.0,0.5525,0.3142,,0.3142,0,1932,0.0041,104.94,105.37,105.8,103.89,2026-09-02,3,False
HUT,Financials,Capital Markets,KDJ,KDJ 金叉,None,0.0,0.5525,0.3142,,0.3142,0,1932,0.0041,88.09,88.45,88.81,87.21,2026-09-03,3,False
NU,Financials,Banks - Regional,KDJ,KDJ 金叉,None,0.0,0.5525,0.3142,,0.3142,0,1932,0.0041,15.4,15.46,15.53,15.25,2026-09-02,3,False
NWG,Financials,Banks - Regional,KDJ,KDJ 金叉,None,0.0,0.5525,0.3142,,0.3142,0,1932,0.0041,18.59,18.67,18.74,18.4,2026-09-02,3,False
PNFP,Financials,Banks - Regional,KDJ,KDJ 金叉,None,0.0,0.5525,0.3142,,0.3142,0,1932,0.0041,100.09,100.5,100.91,99.09,2026-09-02,3,False
PUK,Financials,Insurance - Life,KDJ,KDJ 金叉,None,0.0,0.5525,0.3142,,0.3142,0,1932,0.0041,28.35,28.47,28.58,28.07,2026-09-03,3,False
RKT,Financials,Mortgage Finance,KDJ,KDJ 金叉,None,0.0,0.5525,0.3142,,0.3142,0,1932,0.0041,14.22,14.28,14.34,14.08,2026-09-03,3,False
RNR,Financials,Insurance - Reinsurance,KDJ,KDJ 金叉,None,0.0,0.5525,0.3142,,0.3142,0,1932,0.0041,337.97,339.36,340.74,334.59,2026-09-03,3,False
SAN,Financials,Banks - Diversified,KDJ,KDJ 金叉,None,0.0,0.5525,0.3142,,0.3142,0,1932,0.0041,14.75,14.81,14.87,14.6,2026-09-02,3,False
SF,Financials,Capital Markets,KDJ,KDJ 金叉,None,0.0,0.5525,0.3142,,0.3142,0,1932,0.0041,80.01,80.34,80.67,79.21,2026-09-02,3,False
SLMBP,Financials,Credit Services,KDJ,KDJ 金叉,None,0.0,0.5525,0.3142,,0.3142,0,1932,0.0041,73.92,74.22,74.53,73.18,2026-09-04,3,False
SNEX,Financials,Capital Markets,KDJ,KDJ 金叉,None,0.0,0.5525,0.3142,,0.3142,0,1932,0.0041,69.46,69.74,70.03,68.77,2026-09-04,3,False
SOFI,Financials,Credit Services,KDJ,KDJ 金叉,None,0.0,0.5525,0.3142,,0.3142,0,1932,0.0041,18.51,18.59,18.66,18.32,2026-09-03,3,False
SPY,Financials,Asset Management,KDJ,KDJ 金叉,None,0.0,0.5525,0.3142,,0.3142,0,1932,0.0041,773.17,776.34,779.51,765.44,2026-09-03,3,False
UBS,Financials,Banks - Diversified,KDJ,KDJ 金叉,None,0.0,0.5525,0.3142,,0.3142,0,1932,0.0041,55.68,55.91,56.14,55.12,2026-09-03,3,False
UMBF,Financials,Banks - Regional,KDJ,KDJ 金叉,None,0.0,0.5525,0.3142,,0.3142,0,1932,0.0041,141.91,142.49,143.07,140.49,2026-09-02,3,False
WTFC,Financials,Banks - Regional,KDJ,KDJ 金叉,None,0.0,0.5525,0.3142,,0.3142,0,1932,0.0041,152.22,152.84,153.47,150.7,2026-09-02,3,False
ZION,Financials,Banks - Regional,KDJ,KDJ 金叉,None,0.0,0.5525,0.3142,,0.3142,0,1932,0.0041,68.02,68.3,68.58,67.34,2026-09-02,3,False
AMRZ,Materials,Building Materials,KDJ,KDJ 金叉,None,0.0,0.5525,0.314,,0.314,0,637,0.0047,44.01,44.22,44.42,43.57,2026-09-03,3,False
CX,Materials,Building Materials,KDJ,KDJ 金叉,None,0.0,0.5525,0.314,,0.314,0,637,0.0047,10.87,10.92,10.97,10.76,2026-09-03,3,False
RBLX,Communication Services,Electronic Gaming & Multimedia,RSI,RSI 動能加速（強勢區）,None,0.0,0.51,0.3135,,0.3135,0,772,0.0011,43.31,43.36,43.41,42.88,2026-09-04,3,False
WMG,Communication Services,Entertainment,RSI,RSI 動能加速（強勢區）,None,0.0,0.51,0.3135,,0.3135,0,772,0.0011,29.55,29.58,29.62,29.25,2026-09-03,3,False
TM,Consumer Discretionary,Auto Manufacturers,RSI,RSI 維持強勢 (50-70),Support,0.7,1.0,0.3125,,0.3125,0,32,-0.0041,198.3,197.49,196.67,196.32,2026-09-02,3,False
PGR,Financials,Insurance - Property & Casualty,BB,BB 中軌向上（上升趨勢）,None,0.0,0.51,0.3119,0.3119,0.2681,202,16575,0.0077,218.95,220.64,222.32,216.76,2026-09-04,3,False
SGI,Consumer Discretionary,"Furnishings, Fixtures & Appliances",RSI,RSI 加速上升,None,0.0,0.5525,0.3117,,0.3117,0,6796,0.004,69.87,70.15,70.43,69.17,2026-09-04,3,False
BIDU,Communication Services,Internet Content & Information,RSI,RSI 加速上升,None,0.0,0.5525,0.3116,,0.3116,0,3322,0.0033,99.47,99.8,100.13,98.48,2026-09-04,3,False
VIV,Communication Services,Telecom Services,RSI,RSI 加速上升,None,0.0,0.5525,0.3116,,0.3116,0,3322,0.0033,11.66,11.7,11.74,11.54,2026-09-04,3,False
GILD,Health Care,Drug Manufacturers - General,BB,BB 中軌向上（上升趨勢）,None,0.0,0.51,0.3105,0.3105,0.2705,219,10885,0.005,151.0,151.75,152.51,149.49,2026-09-04,3,False
TRU,Financials,Financial Data & Stock Exchanges,BB,BB 中軌向上（上升趨勢）,None,0.0,0.51,0.3103,,0.3103,0,754,0.0043,79.88,80.22,80.57,79.08,2026-09-04,3,True
SWK,Industrials,Tools & Accessories,RSI,RSI 維持強勢 (50-70),None,0.0,0.51,0.3102,0.3102,0.2986,187,19157,-0.0047,97.36,96.9,96.44,96.39,2026-09-04,3,False
BLDR,Industrials,Building Products & Equipment,KDJ,KDJ 金叉,Bullish Engulfing,0.75,1.0,0.31,,0.31,0,100,0.0006,65.79,65.83,65.87,65.13,2026-09-04,3,False
EMR,Industrials,Specialty Industrial Machinery,KDJ,KDJ 金叉,Bullish Engulfing,0.75,1.0,0.31,,0.31,0,100,0.0006,150.21,150.3,150.39,148.71,2026-09-03,3,False
MAS,Industrials,Building Products & Equipment,KDJ,KDJ 金叉,Bullish Engulfing,0.75,1.0,0.31,,0.31,0,100,0.0006,71.42,71.46,71.51,70.71,2026-09-03,3,False
BUD,Consumer Staples,Beverages - Brewers,RSI,RSI 維持強勢 (50-70),None,0.0,0.51,0.3092,,0.3092,0,262,0.0027,80.35,80.57,80.78,79.55,2026-09-04,3,True
DG,Consumer Staples,Discount Stores,BB,BB 中軌向上（上升趨勢）,None,0.0,0.51,0.3091,0.3091,0.2466,165,6128,-0.0063,133.21,132.37,131.53,131.88,2026-09-04,3,False
CRBG,Financials,Asset Management,RSI,RSI 上穿 50 中性線,None,0.0,0.4675,0.3091,,0.3091,0,1899,0.0046,33.54,33.69,33.85,33.2,2026-09-02,3,False
EQH,Financials,Asset Management,RSI,RSI 上穿 50 中性線,None,0.0,0.4675,0.3091,,0.3091,0,1899,0.0046,51.52,51.76,51.99,51.0,2026-09-02,3,False
LPLA,Financials,Capital Markets,RSI,RSI 上穿 50 中性線,None,0.0,0.4675,0.3091,,0.3091,0,1899,0.0046,360.45,362.11,363.77,356.85,2026-09-03,3,False
TW,Financials,Capital Markets,RSI,RSI 上穿 50 中性線,None,0.0,0.4675,0.3091,,0.3091,0,1899,0.0046,105.34,105.82,106.31,104.29,2026-09-03,3,False
NDAQ,Financials,Financial Data & Stock Exchanges,RSI,RSI 維持強勢 (50-70),None,0.0,0.51,0.3086,0.3086,0.2842,269,19108,0.0049,96.88,97.35,97.83,95.91,2026-09-04,3,False
CCZ,Communication Services,Cable & Satellite,RSI,RSI 維持強勢 (50-70),None,0.0,0.51,0.3082,,0.3082,0,5205,0.0026,66.45,66.62,66.8,65.79,2026-09-03,3,False
ATO,Utilities,Utilities - Regulated Gas,MACD,MACD 金叉 (空頭區),None,0.0,0.42,0.3077,0.3077,0.2494,13,409,0.0052,169.12,170.0,170.88,167.43,2026-09-03,3,False
EG,Financials,Insurance - Reinsurance,RSI,RSI 加速上升,None,0.0,0.5525,0.3072,0.3072,0.3014,153,11488,0.0013,386.25,386.75,387.25,382.39,2026-09-03,3,False
AMCR,Consumer Discretionary,Packaging & Containers,RSI,RSI 上穿 50 中性線,None,0.0,0.4675,0.3072,,0.3072,0,1123,0.0037,46.0188,46.19,46.36,45.56,2026-09-02,3,False
AVY,Consumer Discretionary,Packaging & Containers,RSI,RSI 上穿 50 中性線,None,0.0,0.4675,0.3072,,0.3072,0,1123,0.0037,175.06,175.71,176.36,173.31,2026-09-04,3,False
BALL,Consumer Discretionary,Packaging & Containers,RSI,RSI 上穿 50 中性線,None,0.0,0.4675,0.3072,,0.3072,0,1123,0.0037,63.3,63.53,63.77,62.67,2026-09-02,3,False
SCI,Consumer Discretionary,Personal Services,RSI,RSI 上穿 50 中性線,None,0.0,0.4675,0.3072,,0.3072,0,1123,0.0037,82.78,83.09,83.39,81.95,2026-09-03,3,False
NEE,Utilities,Utilities - Regulated Electric,RSI,RSI 加速上升,None,0.0,0.5525,0.3061,0.3061,0.2565,147,4905,0.0038,83.43,83.75,84.06,82.6,2026-09-04,3,False
KVUE,Consumer Staples,Household & Personal Products,RSI,RSI 維持強勢 (50-70),None,0.0,0.51,0.305,0.305,0.2452,200,7574,0.004,19.13,19.21,19.28,18.94,2026-09-02,3,False
NTR,Materials,Agricultural Inputs,RSI,RSI 加速上升,None,0.0,0.5525,0.3048,,0.3048,0,3639,0.0024,79.47,79.66,79.85,78.68,2026-09-04,3,False
PKX,Materials,Steel,RSI,RSI 加速上升,None,0.0,0.5525,0.3048,,0.3048,0,3639,0.0024,61.43,61.58,61.72,60.82,2026-09-02,3,False
SOLS,Materials,Specialty Chemicals,RSI,RSI 加速上升,None,0.0,0.5525,0.3048,,0.3048,0,3639,0.0024,61.37,61.52,61.66,60.76,2026-09-03,3,False
VALE,Materials,Other Industrial Metals & Mining,RSI,RSI 加速上升,None,0.0,0.5525,0.3048,,0.3048,0,3639,0.0024,15.73,15.77,15.81,15.57,2026-09-02,3,False
HST,Real Estate,REIT - Hotel & Motel,KDJ,KDJ 金叉,None,0.0,0.5525,0.3043,0.3043,0.2818,23,550,0.004,22.05,22.14,22.23,21.83,2026-09-04,3,False
BE,Industrials,Electrical Equipment & Parts,RSI,RSI 上穿 50 中性線,None,0.0,0.4675,0.304,,0.304,0,1816,0.0018,235.55,235.97,236.4,233.19,2026-09-03,3,False
LECO,Industrials,Tools & Accessories,RSI,RSI 上穿 50 中性線,None,0.0,0.4675,0.304,,0.304,0,1816,0.0018,276.44,276.94,277.44,273.68,2026-09-04,3,False
RELX,Industrials,Specialty Business Services,RSI,RSI 上穿 50 中性線,None,0.0,0.4675,0.304,,0.304,0,1816,0.0018,36.65,36.72,36.78,36.28,2026-09-03,3,False
PSKY,Communication Services,Entertainment,BB,BB 中軌向上（上升趨勢）,None,0.0,0.51,0.303,0.303,0.2943,165,4771,-0.0014,10.86,10.84,10.83,10.75,2026-09-04,3,False
FMS,Health Care,Medical Care Facilities,KDJ,KDJ 超賣區金叉,None,0.0,0.5599999999999999,0.3027,,0.3027,0,370,0.0035,22.66,22.74,22.82,22.43,2026-09-04,3,False
ASML,Information Technology,Semiconductor Equipment & Materials,KDJ,KDJ 超賣區金叉,None,0.0,0.5599999999999999,0.3016,,0.3016,0,368,-0.0,1682.3,1682.3,1682.3,1665.48,2026-09-02,3,False
FN,Information Technology,Electronic Components,KDJ,KDJ 超賣區金叉,None,0.0,0.5599999999999999,0.3016,,0.3016,0,368,-0.0,395.0,395.0,395.0,391.05,2026-09-03,3,False
FORM,Information Technology,Semiconductor Equipment & Materials,KDJ,KDJ 超賣區金叉,None,0.0,0.5599999999999999,0.3016,,0.3016,0,368,-0.0,96.76,96.76,96.76,95.79,2026-09-03,3,False
GRMN,Information Technology,Scientific & Technical Instruments,KDJ,KDJ 超賣區金叉,None,0.0,0.5599999999999999,0.3016,,0.3016,0,368,-0.0,276.04,276.04,276.04,273.28,2026-09-02,3,False
IONQ,Information Technology,Computer Hardware,KDJ,KDJ 超賣區金叉,None,0.0,0.5599999999999999,0.3016,,0.3016,0,368,-0.0,39.02,39.02,39.02,38.63,2026-09-03,3,False
MPWR,Information Technology,Semiconductors,KDJ,KDJ 超賣區金叉,None,0.0,0.5599999999999999,0.3016,,0.3016,0,368,-0.0,1223.86,1223.86,1223.86,1211.62,2026-09-04,3,False
ONTO,Information Technology,Semiconductor Equipment & Materials,KDJ,KDJ 超賣區金叉,None,0.0,0.5599999999999999,0.3016,,0.3016,0,368,-0.0,268.01,268.01,268.01,265.33,2026-09-04,3,False
Q,Information Technology,Semiconductor Equipment & Materials,KDJ,KDJ 超賣區金叉,None,0.0,0.5599999999999999,0.3016,,0.3016,0,368,-0.0,118.47,118.47,118.47,117.29,2026-09-03,3,False
QNT,Information Technology,Software - Application,KDJ,KDJ 超賣區金叉,None,0.0,0.5599999999999999,0.3016,,0.3016,0,368,-0.0,48.7,48.7,48.7,48.21,2026-09-03,3,False
TER,Information Technology,Semiconductor Equipment & Materials,KDJ,KDJ 超賣區金叉,None,0.0,0.5599999999999999,0.3016,,0.3016,0,368,-0.0,338.46,338.46,338.46,335.08,2026-09-03,3,False
VIAV,Information Technology,Communication Equipment,KDJ,KDJ 超賣區金叉,None,0.0,0.5599999999999999,0.3016,,0.3016,0,368,-0.0,34.86,34.86,34.86,34.51,2026-09-04,3,False
VICR,Information Technology,Electronic Components,KDJ,KDJ 超賣區金叉,None,0.0,0.5599999999999999,0.3016,,0.3016,0,368,-0.0,178.76,178.76,178.76,176.97,2026-09-03,3,False
BPYPM,Financials,Asset Management,RSI,RSI 加速上升,None,0.0,0.5525,0.3014,,0.3014,0,11488,0.0041,16.99,17.06,17.13,16.82,2026-09-04,3,False
CRCL,Financials,Capital Markets,RSI,RSI 加速上升,None,0.0,0.5525,0.3014,,0.3014,0,11488,0.0041,102.05,102.47,102.89,101.03,2026-09-04,3,False
EVR,Financials,Capital Markets,RSI,RSI 加速上升,None,0.0,0.5525,0.3014,,0.3014,0,11488,0.0041,297.92,299.14,300.36,294.94,2026-09-04,3,False
IBN,Financials,Banks - Regional,RSI,RSI 加速上升,None,0.0,0.5525,0.3014,,0.3014,0,11488,0.0041,30.52,30.65,30.77,30.21,2026-09-03,3,False
ING,Financials,Banks - Diversified,RSI,RSI 加速上升,None,0.0,0.5525,0.3014,,0.3014,0,11488,0.0041,37.09,37.24,37.39,36.72,2026-09-03,3,False
KB,Financials,Banks - Regional,RSI,RSI 加速上升,None,0.0,0.5525,0.3014,,0.3014,0,11488,0.0041,132.36,132.9,133.45,131.04,2026-09-03,3,False
KLAR,Financials,Credit Services,RSI,RSI 加速上升,None,0.0,0.5525,0.3014,,0.3014,0,11488,0.0041,14.4,14.46,14.52,14.26,2026-09-03,3,False
MFG,Financials,Banks - Regional,RSI,RSI 加速上升,None,0.0,0.5525,0.3014,,0.3014,0,11488,0.0041,11.23,11.28,11.32,11.12,2026-09-04,3,False
MUFG,Financials,Banks - Diversified,RSI,RSI 加速上升,None,0.0,0.5525,0.3014,,0.3014,0,11488,0.0041,24.09,24.19,24.29,23.85,2026-09-04,3,False
NMR,Financials,Capital Markets,RSI,RSI 加速上升,None,0.0,0.5525,0.3014,,0.3014,0,11488,0.0041,10.62,10.66,10.71,10.51,2026-09-03,3,False
RGA,Financials,Insurance - Reinsurance,RSI,RSI 加速上升,None,0.0,0.5525,0.3014,,0.3014,0,11488,0.0041,253.27,254.31,255.35,250.74,2026-09-04,3,False
SMFG,Financials,Banks - Diversified,RSI,RSI 加速上升,None,0.0,0.5525,0.3014,,0.3014,0,11488,0.0041,27.3,27.41,27.52,27.03,2026-09-04,3,False
UNM,Financials,Insurance - Life,RSI,RSI 加速上升,None,0.0,0.5525,0.3014,,0.3014,0,11488,0.0041,96.57,96.97,97.36,95.6,2026-09-03,3,False
WF,Financials,Banks - Regional,RSI,RSI 加速上升,None,0.0,0.5525,0.3014,,0.3014,0,11488,0.0041,77.36,77.68,77.99,76.59,2026-09-03,3,False
EXR,Real Estate,REIT - Industrial,RSI,RSI 超賣區域 (30),None,0.0,0.5249999999999999,0.3012,,0.3012,0,166,0.0043,139.93,140.53,141.13,138.53,2026-09-02,3,False
COP,Energy,Oil & Gas E&P,RSI,RSI 加速上升,None,0.0,0.5525,0.3011,0.3011,0.3227,176,3306,-0.0002,135.72,135.69,135.67,134.36,2026-09-03,3,False
APP,Communication Services,Advertising Agencies,BB,價格在 BB 中軌上方,None,0.0,0.425,0.3007,,0.3007,0,6080,0.0027,320.56,321.43,322.29,317.35,2026-09-04,3,False
NYT,Communication Services,Publishing,BB,價格在 BB 中軌上方,None,0.0,0.425,0.3007,,0.3007,0,6080,0.0027,67.28,67.46,67.64,66.61,2026-09-04,3,False
EMA,Utilities,Utilities - Regulated Electric,KDJ,KDJ 金叉,None,0.0,0.5525,0.3001,,0.3001,0,713,0.0052,50.3,50.56,50.82,49.8,2026-09-03,3,False
KEP,Utilities,Utilities - Regulated Electric,KDJ,KDJ 金叉,None,0.0,0.5525,0.3001,,0.3001,0,713,0.0052,12.0,12.06,12.12,11.88,2026-09-03,3,False
OGE,Utilities,Utilities - Regulated Electric,KDJ,KDJ 金叉,None,0.0,0.5525,0.3001,,0.3001,0,713,0.0052,46.46,46.7,46.94,46.0,2026-09-02,3,False
PPLC,Utilities,Utilities - Regulated Electric,KDJ,KDJ 金叉,None,0.0,0.5525,0.3001,,0.3001,0,713,0.0052,46.24,46.48,46.72,45.78,2026-09-02,3,False
TLN,Utilities,Utilities - Independent Power Producers,KDJ,KDJ 金叉,None,0.0,0.5525,0.3001,,0.3001,0,713,0.0052,302.03,303.6,305.17,299.01,2026-09-02,3,False
EOG,Energy,Oil & Gas E&P,KDJ,KDJ 金叉,None,0.0,0.5525,0.3,0.3,0.3614,20,498,0.0001,148.96,148.97,148.99,147.47,2026-09-02,3,False
EVRG,Utilities,Utilities - Regulated Electric,KDJ,KDJ 金叉,None,0.0,0.5525,0.3,0.3,0.3001,20,713,0.0082,81.93,82.6,83.27,81.11,2026-09-03,3,False
CLX,Consumer Staples,Household & Personal Products,RSI,RSI 超賣區域 (30),None,0.0,0.5249999999999999,0.3,0.3,0.251,10,239,0.0055,93.06,93.57,94.08,92.13,2026-09-04,3,False
CTVA,Materials,Agricultural Inputs,BB,BB 中軌向上（上升趨勢）,None,0.0,0.51,0.3,0.3,0.3886,10,229,-0.013,89.97,88.8,87.63,89.07,2026-09-02,3,True
INCY,Health Care,Biotechnology,RSI,RSI 動能加速（強勢區）,None,0.0,0.51,0.3,0.3,0.2606,30,1869,0.0016,128.83,129.04,129.24,127.54,2026-09-02,3,False
KHC,Consumer Staples,Packaged Foods,RSI,RSI 動能加速（強勢區）,None,0.0,0.51,0.3,0.3,0.2456,20,1148,-0.0052,25.8468,25.71,25.58,25.59,2026-09-02,3,False
PRU,Financials,Insurance - Life,RSI,RSI 上穿 50 中性線,None,0.0,0.4675,0.3,0.3,0.3091,30,1899,-0.0017,119.84,119.64,119.43,118.64,2026-09-02,3,False
AM,Energy,Oil & Gas Midstream,BB,價格在 BB 中軌上方,None,0.0,0.425,0.2998,,0.2998,0,5768,-0.0016,22.6,22.56,22.53,22.37,2026-09-04,3,False
AR,Energy,Oil & Gas E&P,BB,價格在 BB 中軌上方,None,0.0,0.425,0.2998,,0.2998,0,5768,-0.0016,39.41,39.35,39.28,39.02,2026-09-04,3,False
EPD,Energy,Oil & Gas Midstream,BB,價格在 BB 中軌上方,None,0.0,0.425,0.2998,,0.2998,0,5768,-0.0016,38.94,38.88,38.82,38.55,2026-09-04,3,False
PAA,Energy,Oil & Gas Midstream,BB,價格在 BB 中軌上方,None,0.0,0.425,0.2998,,0.2998,0,5768,-0.0016,25.7,25.66,25.62,25.44,2026-09-04,3,False
VG,Energy,Oil & Gas Midstream,BB,價格在 BB 中軌上方,None,0.0,0.425,0.2998,,0.2998,0,5768,-0.0016,14.42,14.4,14.37,14.28,2026-09-04,3,False
VNOM,Energy,Oil & Gas Midstream,BB,價格在 BB 中軌上方,None,0.0,0.425,0.2998,,0.2998,0,5768,-0.0016,44.39,44.32,44.25,43.95,2026-09-04,3,False
HTHT,Consumer Discretionary,Lodging,RSI,RSI 維持強勢 (50-70),None,0.0,0.51,0.2995,,0.2995,0,10441,0.0032,45.77,45.92,46.06,45.31,2026-09-04,3,False
RACE,Consumer Discretionary,Auto Manufacturers,RSI,RSI 維持強勢 (50-70),None,0.0,0.51,0.2995,,0.2995,0,10441,0.0032,409.95,411.26,412.57,405.85,2026-09-04,3,False
L,Financials,Insurance - Property & Casualty,KDJ,KDJ 超賣區金叉,None,0.0,0.5599999999999999,0.299,,0.299,0,612,-0.0,108.94,108.94,108.94,107.85,2026-09-02,3,False
GFL,Industrials,Waste Management,RSI,RSI 維持強勢 (50-70),None,0.0,0.51,0.2986,,0.2986,0,19157,0.0036,43.48,43.64,43.79,43.05,2026-09-03,3,False
SPCX,Industrials,Aerospace & Defense,RSI,RSI 維持強勢 (50-70),None,0.0,0.51,0.2986,,0.2986,0,19157,0.0036,147.95,148.48,149.02,146.47,2026-09-04,3,False
CRM,Information Technology,Software - Application,BB,價格在 BB 中軌上方,None,0.0,0.425,0.2986,0.2986,0.3573,288,20206,-0.0022,259.23,258.66,258.09,256.64,2026-09-04,3,False
CW,Industrials,Aerospace & Defense,RSI,RSI 維持超賣,None,0.0,0.385,0.2983,,0.2983,0,848,0.0072,566.75,570.83,574.91,561.08,2026-09-04,3,False
DRS,Industrials,Aerospace & Defense,RSI,RSI 維持超賣,None,0.0,0.385,0.2983,,0.2983,0,848,0.0072,36.6,36.86,37.13,36.23,2026-09-04,3,False
POWL,Industrials,Electrical Equipment & Parts,RSI,RSI 維持超賣,None,0.0,0.385,0.2983,,0.2983,0,848,0.0072,170.51,171.74,172.97,168.8,2026-09-02,3,False
BWXT,Industrials,Aerospace & Defense,RSI,RSI 加速上升,None,0.0,0.5525,0.2981,,0.2981,0,11545,0.003,157.59,158.06,158.54,156.01,2026-09-04,3,False
WSO,Industrials,Industrial Distribution,RSI,RSI 加速上升,None,0.0,0.5525,0.2981,,0.2981,0,11545,0.003,315.13,316.08,317.02,311.98,2026-09-04,3,False
BROS,Consumer Discretionary,Restaurants,BB,BB 跌破下軌 (超賣),None,0.0,0.45499999999999996,0.2974,,0.2974,0,733,0.0008,46.24,46.28,46.31,45.78,2026-09-03,3,False
CPNG,Consumer Discretionary,Internet Retail,BB,BB 跌破下軌 (超賣),None,0.0,0.45499999999999996,0.2974,,0.2974,0,733,0.0008,15.29,15.3,15.31,15.14,2026-09-04,3,False
SW,Consumer Discretionary,Packaging & Containers,BB,BB 跌破下軌 (超賣),None,0.0,0.45499999999999996,0.2974,,0.2974,0,733,0.0008,45.36,45.4,45.43,44.91,2026-09-02,3,False
TXRH,Consumer Discretionary,Restaurants,BB,BB 跌破下軌 (超賣),None,0.0,0.45499999999999996,0.2974,,0.2974,0,733,0.0008,190.88,191.03,191.19,188.97,2026-09-02,3,False
AGI,Materials,Gold,RSI,RSI 動能加速（強勢區）,None,0.0,0.51,0.2962,,0.2962,0,942,-0.0012,37.69,37.64,37.6,37.31,2026-09-03,3,False
AU,Materials,Gold,RSI,RSI 動能加速（強勢區）,None,0.0,0.51,0.2962,,0.2962,0,942,-0.0012,111.67,111.54,111.4,110.55,2026-09-03,3,False
B,Materials,Gold,RSI,RSI 動能加速（強勢區）,None,0.0,0.51,0.2962,,0.2962,0,942,-0.0012,45.76,45.71,45.65,45.3,2026-09-03,3,False
CDE,Materials,Gold,RSI,RSI 動能加速（強勢區）,None,0.0,0.51,0.2962,,0.2962,0,942,-0.0012,21.42,21.39,21.37,21.21,2026-09-02,3,False
FNV,Materials,Gold,RSI,RSI 動能加速（強勢區）,None,0.0,0.51,0.2962,,0.2962,0,942,-0.0012,270.31,269.99,269.66,267.61,2026-09-03,3,False
GFI,Materials,Gold,RSI,RSI 動能加速（強勢區）,None,0.0,0.51,0.2962,,0.2962,0,942,-0.0012,48.16,48.1,48.04,47.68,2026-09-03,3,False
MT,Materials,Steel,RSI,RSI 動能加速（強勢區）,None,0.0,0.51,0.2962,,0.2962,0,942,-0.0012,75.13,75.04,74.95,74.38,2026-09-02,3,False
PAAS,Materials,Gold,RSI,RSI 動能加速（強勢區）,None,0.0,0.51,0.2962,,0.2962,0,942,-0.0012,51.54,51.48,51.42,51.02,2026-09-02,3,False
WPM,Materials,Gold,RSI,RSI 動能加速（強勢區）,None,0.0,0.51,0.2962,,0.2962,0,942,-0.0012,156.63,156.44,156.25,155.06,2026-09-03,3,False
AGNCL,Real Estate,REIT - Mortgage,KDJ,KDJ 金叉,Consolidation Breakout,0.79,1.0,0.2958,,0.2958,0,71,0.0071,25.45,25.63,25.81,25.2,2026-09-04,3,False
ES,Utilities,Utilities - Regulated Electric,RSI,RSI 加速上升,None,0.0,0.5525,0.293,0.293,0.2565,157,4905,0.0005,71.47,71.51,71.54,70.76,2026-09-03,3,False
RJF,Financials,Asset Management,BB,價格在 BB 中軌上方,None,0.0,0.425,0.2929,0.2929,0.2847,297,21689,0.0054,178.29,179.25,180.22,176.51,2026-09-04,3,False
HAS,Consumer Discretionary,Leisure,RSI,RSI 維持強勢 (50-70),None,0.0,0.51,0.2923,0.2923,0.2995,284,10441,0.0041,93.0,93.38,93.76,92.07,2026-09-03,3,False
CMCSA,Communication Services,Telecom Services,RSI,RSI 動能加速（強勢區）,None,0.0,0.51,0.2917,0.2917,0.3135,24,772,0.0025,26.81,26.88,26.94,26.54,2026-09-02,3,False
ELV,Health Care,Healthcare Plans,RSI,RSI 加速上升,None,0.0,0.5525,0.2908,0.2908,0.2803,141,8492,-0.0014,407.5,406.93,406.36,403.43,2026-09-04,3,False
DKNG,Consumer Discretionary,Gambling,BB,BB 中軌向上（上升趨勢）,None,0.0,0.51,0.2908,,0.2908,0,9757,0.002,24.01,24.06,24.11,23.77,2026-09-04,3,False
SE,Consumer Discretionary,Internet Retail,BB,BB 中軌向上（上升趨勢）,None,0.0,0.51,0.2908,,0.2908,0,9757,0.002,113.1,113.33,113.55,111.97,2026-09-03,3,False
SN,Consumer Discretionary,"Furnishings, Fixtures & Appliances",BB,BB 中軌向上（上升趨勢）,None,0.0,0.51,0.2908,,0.2908,0,9757,0.002,175.21,175.56,175.91,173.46,2026-09-03,3,False
PYPL,Financials,Credit Services,RSI,RSI 加速上升,None,0.0,0.5525,0.2905,0.2905,0.3014,148,11488,-0.0038,54.96,54.75,54.54,54.41,2026-09-04,3,False
COR,Health Care,Medical Distribution,RSI,RSI 加速上升,None,0.0,0.5525,0.2898,0.2898,0.2803,176,8492,0.0022,337.22,337.96,338.7,333.85,2026-09-03,3,False
ABBV,Health Care,Drug Manufacturers - General,BB,BB 中軌向上（上升趨勢）,None,0.0,0.51,0.2876,0.2876,0.2705,226,10885,0.006,256.46,258.0,259.54,253.9,2026-09-04,3,False
AJG,Financials,Insurance Brokers,RSI,RSI 維持強勢 (50-70),None,0.0,0.51,0.2872,0.2872,0.2842,282,19108,0.0011,262.69,262.98,263.27,260.06,2026-09-04,3,False
WDAY,Information Technology,Software - Application,RSI,RSI 維持強勢 (50-70),None,0.0,0.51,0.2868,0.2868,0.3645,136,16764,-0.0047,195.79,194.87,193.95,193.83,2026-09-04,3,False
AA,Materials,Aluminum,RSI,RSI 維持強勢 (50-70),None,0.0,0.51,0.286,,0.286,0,5721,0.0013,51.05,51.12,51.18,50.54,2026-09-03,3,False
BHP,Materials,Other Industrial Metals & Mining,RSI,RSI 維持強勢 (50-70),None,0.0,0.51,0.286,,0.286,0,5721,0.0013,90.73,90.85,90.97,89.82,2026-09-03,3,False
RIO,Materials,Other Industrial Metals & Mining,RSI,RSI 維持強勢 (50-70),None,0.0,0.51,0.286,,0.286,0,5721,0.0013,103.27,103.4,103.54,102.24,2026-09-04,3,False
SCCO,Materials,Copper,RSI,RSI 維持強勢 (50-70),None,0.0,0.51,0.286,,0.286,0,5721,0.0013,199.53,199.79,200.05,197.53,2026-09-03,3,False
SQM,Materials,Specialty Chemicals,RSI,RSI 維持強勢 (50-70),None,0.0,0.51,0.286,,0.286,0,5721,0.0013,79.78,79.88,79.99,78.98,2026-09-03,3,False
ISRG,Health Care,Medical Instruments & Supplies,KDJ,KDJ 金叉,None,0.0,0.5525,0.2857,0.2857,0.2852,28,1536,0.0072,371.88,374.56,377.24,368.16,2026-09-02,3,False
OXY,Energy,Oil & Gas E&P,RSI,RSI 加速上升,None,0.0,0.5525,0.2857,0.2857,0.3227,154,3306,-0.0042,60.91,60.65,60.4,60.3,2026-09-02,3,False
CME,Financials,Financial Data & Stock Exchanges,BB,BB 中軌向上（上升趨勢）,None,0.0,0.51,0.2857,0.2857,0.2681,224,16575,0.0013,281.29,281.66,282.02,278.48,2026-09-04,3,False
TRMB,Information Technology,Scientific & Technical Instruments,BB,價格在 BB 中軌上方,None,0.0,0.425,0.2857,0.2857,0.3573,245,20206,0.0018,59.47,59.58,59.68,58.88,2026-09-04,3,False
ALC,Health Care,Medical Instruments & Supplies,KDJ,KDJ 金叉,None,0.0,0.5525,0.2852,,0.2852,0,1536,0.0022,72.08,72.24,72.4,71.36,2026-09-03,3,False
AXSM,Health Care,Biotechnology,KDJ,KDJ 金叉,None,0.0,0.5525,0.2852,,0.2852,0,1536,0.0022,209.92,210.38,210.84,207.82,2026-09-02,3,False
BMRN,Health Care,Biotechnology,KDJ,KDJ 金叉,None,0.0,0.5525,0.2852,,0.2852,0,1536,0.0022,66.97,67.12,67.26,66.3,2026-09-02,3,False
BTSG,Health Care,Health Information Services,KDJ,KDJ 金叉,None,0.0,0.5525,0.2852,,0.2852,0,1536,0.0022,60.25,60.38,60.52,59.65,2026-09-02,3,False
GMAB,Health Care,Biotechnology,KDJ,KDJ 金叉,None,0.0,0.5525,0.2852,,0.2852,0,1536,0.0022,34.41,34.49,34.56,34.07,2026-09-03,3,False
PEN,Health Care,Medical Devices,KDJ,KDJ 金叉,None,0.0,0.5525,0.2852,,0.2852,0,1536,0.0022,322.17,322.88,323.59,318.95,2026-09-04,3,False
SNN,Health Care,Medical Devices,KDJ,KDJ 金叉,None,0.0,0.5525,0.2852,,0.2852,0,1536,0.0022,28.87,28.93,29.0,28.58,2026-09-04,3,False
THC,Health Care,Medical Care Facilities,KDJ,KDJ 金叉,None,0.0,0.5525,0.2852,,0.2852,0,1536,0.0022,265.05,265.63,266.22,262.4,2026-09-04,3,False
HCA,Health Care,Medical Care Facilities,BB,BB 中軌向上（上升趨勢）,None,0.0,0.51,0.2852,0.2852,0.2705,263,10885,0.0039,402.06,403.63,405.2,398.04,2026-09-02,3,False
ARCC,Financials,Asset Management,BB,價格在 BB 中軌上方,None,0.0,0.425,0.2847,,0.2847,0,21689,0.0031,20.04,20.1,20.16,19.84,2026-09-04,3,False
BNS,Financials,Banks - Diversified,BB,價格在 BB 中軌上方,None,0.0,0.425,0.2847,,0.2847,0,21689,0.0031,93.82,94.11,94.4,92.88,2026-09-04,3,False
DB,Financials,Banks - Regional,BB,價格在 BB 中軌上方,None,0.0,0.425,0.2847,,0.2847,0,21689,0.0031,41.33,41.46,41.59,40.92,2026-09-04,3,False
FUTU,Financials,Capital Markets,BB,價格在 BB 中軌上方,None,0.0,0.425,0.2847,,0.2847,0,21689,0.0031,121.75,122.13,122.5,120.53,2026-09-04,3,False
HBANL,Financials,Banks - Regional,BB,價格在 BB 中軌上方,None,0.0,0.425,0.2847,,0.2847,0,21689,0.0031,25.23,25.31,25.39,24.98,2026-09-02,3,False
OWL,Financials,Asset Management,BB,價格在 BB 中軌上方,None,0.0,0.425,0.2847,,0.2847,0,21689,0.0031,11.84,11.88,11.91,11.72,2026-09-03,3,False
SEIC,Financials,Asset Management,BB,價格在 BB 中軌上方,None,0.0,0.425,0.2847,,0.2847,0,21689,0.0031,110.39,110.73,111.07,109.29,2026-09-04,3,False
TPG,Financials,Asset Management,BB,價格在 BB 中軌上方,None,0.0,0.425,0.2847,,0.2847,0,21689,0.0031,52.65,52.81,52.98,52.12,2026-09-04,3,False
VLYPN,Financials,Banks - Regional,BB,價格在 BB 中軌上方,None,0.0,0.425,0.2847,,0.2847,0,21689,0.0031,25.911,25.99,26.07,25.65,2026-09-04,3,False
VLYPO,Financials,Banks - Regional,BB,價格在 BB 中軌上方,None,0.0,0.425,0.2847,,0.2847,0,21689,0.0031,25.03,25.11,25.19,24.78,2026-09-04,3,False
VLYPP,Financials,Banks - Regional,BB,價格在 BB 中軌上方,None,0.0,0.425,0.2847,,0.2847,0,21689,0.0031,25.22,25.3,25.38,24.97,2026-09-03,3,False
CPB,Consumer Staples,Packaged Foods,BB,BB 中軌向上（上升趨勢）,None,0.0,0.51,0.2846,,0.2846,0,246,0.0004,22.13,22.14,22.15,21.91,2026-09-03,3,True
IFF,Materials,Specialty Chemicals,RSI,RSI 維持強勢 (50-70),None,0.0,0.51,0.2828,0.2828,0.286,244,5721,-0.0019,86.35,86.19,86.02,85.49,2026-09-04,3,False
PSX,Energy,Oil & Gas Refining & Marketing,RSI,RSI 加速上升,None,0.0,0.5525,0.2821,0.2821,0.3227,156,3306,0.0032,254.66,255.47,256.29,252.11,2026-09-03,3,False
MSI,Information Technology,Communication Equipment,BB,BB 中軌向上（上升趨勢）,None,0.0,0.51,0.2821,0.2821,0.3639,234,16781,0.0045,468.05,470.16,472.26,463.37,2026-09-04,3,False
BPYPN,Real Estate,Real Estate Services,KDJ,KDJ 金叉,None,0.0,0.5525,0.2818,,0.2818,0,550,0.0003,13.843,13.85,13.85,13.7,2026-09-02,3,False
BPYPO,Real Estate,Real Estate Services,KDJ,KDJ 金叉,None,0.0,0.5525,0.2818,,0.2818,0,550,0.0003,15.075,15.08,15.08,14.92,2026-09-03,3,False
BPYPP,Real Estate,Real Estate Services,KDJ,KDJ 金叉,None,0.0,0.5525,0.2818,,0.2818,0,550,0.0003,16.1,16.1,16.11,15.94,2026-09-02,3,False
EGP,Real Estate,REIT - Industrial,KDJ,KDJ 金叉,None,0.0,0.5525,0.2818,,0.2818,0,550,0.0003,198.62,198.68,198.74,196.63,2026-09-04,3,False
NLY,Real Estate,REIT - Mortgage,KDJ,KDJ 金叉,None,0.0,0.5525,0.2818,,0.2818,0,550,0.0003,22.81,22.82,22.82,22.58,2026-09-04,3,False
RSG,Industrials,Waste Management,KDJ,KDJ 金叉,None,0.0,0.5525,0.2812,0.2812,0.3223,32,2110,0.0067,225.12,226.63,228.14,222.87,2026-09-03,3,False
ERIE,Financials,Insurance Brokers,BB,BB 中軌向上（上升趨勢）,None,0.0,0.51,0.2806,0.2806,0.2681,196,16575,0.002,252.8,253.31,253.81,250.27,2026-09-04,3,False
ARGX,Health Care,Biotechnology,BB,價格在 BB 中軌上方,None,0.0,0.425,0.2804,,0.2804,0,14417,0.0008,1033.15,1033.98,1034.8,1022.82,2026-09-04,3,False
BNTX,Health Care,Biotechnology,BB,價格在 BB 中軌上方,None,0.0,0.425,0.2804,,0.2804,0,14417,0.0008,103.76,103.84,103.93,102.72,2026-09-04,3,False
CRSP,Health Care,Biotechnology,BB,價格在 BB 中軌上方,None,0.0,0.425,0.2804,,0.2804,0,14417,0.0008,56.49,56.54,56.58,55.93,2026-09-03,3,False
EHC,Health Care,Medical Care Facilities,BB,價格在 BB 中軌上方,None,0.0,0.425,0.2804,,0.2804,0,14417,0.0008,122.59,122.69,122.79,121.36,2026-09-03,3,False
EXEL,Health Care,Biotechnology,BB,價格在 BB 中軌上方,None,0.0,0.425,0.2804,,0.2804,0,14417,0.0008,59.01,59.06,59.1,58.42,2026-09-04,3,False
ILMN,Health Care,Diagnostics & Research,BB,價格在 BB 中軌上方,None,0.0,0.425,0.2804,,0.2804,0,14417,0.0008,218.22,218.39,218.57,216.04,2026-09-04,3,False
MDGL,Health Care,Biotechnology,BB,價格在 BB 中軌上方,None,0.0,0.425,0.2804,,0.2804,0,14417,0.0008,541.08,541.51,541.95,535.67,2026-09-04,3,False
MOH,Health Care,Healthcare Plans,BB,價格在 BB 中軌上方,None,0.0,0.425,0.2804,,0.2804,0,14417,0.0008,202.91,203.07,203.23,200.88,2026-09-03,3,False
NBIX,Health Care,Drug Manufacturers - Specialty & Generic,BB,價格在 BB 中軌上方,None,0.0,0.425,0.2804,,0.2804,0,14417,0.0008,155.64,155.76,155.89,154.08,2026-09-04,3,False
RPRX,Health Care,Biotechnology,BB,價格在 BB 中軌上方,None,0.0,0.425,0.2804,,0.2804,0,14417,0.0008,63.96,64.01,64.06,63.32,2026-09-04,3,False
RVMD,Health Care,Biotechnology,BB,價格在 BB 中軌上方,None,0.0,0.425,0.2804,,0.2804,0,14417,0.0008,210.02,210.19,210.36,207.92,2026-09-04,3,False
TEM,Health Care,Health Information Services,BB,價格在 BB 中軌上方,None,0.0,0.425,0.2804,,0.2804,0,14417,0.0008,64.62,64.67,64.72,63.97,2026-09-04,3,False
TEVA,Health Care,Drug Manufacturers - Specialty & Generic,BB,價格在 BB 中軌上方,None,0.0,0.425,0.2804,,0.2804,0,14417,0.0008,37.49,37.52,37.55,37.12,2026-09-02,3,False
JCI,Industrials,Building Products & Equipment,RSI,RSI 加速上升,None,0.0,0.5525,0.2785,0.2785,0.2981,158,11545,0.0047,144.94,145.62,146.3,143.49,2026-09-04,3,False
AS,Consumer Discretionary,Leisure,KDJ,KDJ 超賣區金叉,Bullish Engulfing,0.75,1.0,0.2778,,0.2778,0,18,0.0072,29.53,29.74,29.96,29.23,2026-09-04,3,False
PKG,Consumer Discretionary,Packaging & Containers,KDJ,KDJ 超賣區金叉,Bullish Engulfing,0.75,1.0,0.2778,,0.2778,0,18,0.0072,234.57,236.26,237.95,232.22,2026-09-03,3,False
INTU,Information Technology,Software - Application,RSI,RSI 維持強勢 (50-70),None,0.0,0.51,0.2778,0.2778,0.3645,234,16764,-0.0029,344.3,343.3,342.3,340.86,2026-09-03,3,False
ONC,Health Care,Biotechnology,RSI,RSI 維持強勢 (50-70),None,0.0,0.51,0.2772,,0.2772,0,12123,0.0009,358.26,358.58,358.9,354.68,2026-09-04,3,False
SPGI,Financials,Financial Data & Stock Exchanges,RSI,RSI 動能加速（強勢區）,None,0.0,0.51,0.2766,0.2766,0.279,47,3129,0.0008,450.58,450.94,451.3,446.07,2026-09-03,3,False
SCHW,Financials,Capital Markets,RSI,RSI 維持強勢 (50-70),None,0.0,0.51,0.2757,0.2757,0.2842,272,19108,0.0013,109.29,109.43,109.57,108.2,2026-09-04,3,False
MO,Consumer Staples,Tobacco,RSI,RSI 維持強勢 (50-70),None,0.0,0.51,0.2753,0.2753,0.2452,247,7574,0.0017,68.88,69.0,69.11,68.19,2026-09-04,3,False
GMED,Health Care,Medical Devices,BB,BB 跌破下軌 (超賣),None,0.0,0.45499999999999996,0.2752,,0.2752,0,974,-0.0017,78.12,77.99,77.85,77.34,2026-09-03,3,False
PHG,Health Care,Medical Devices,BB,BB 跌破下軌 (超賣),None,0.0,0.45499999999999996,0.2752,,0.2752,0,974,-0.0017,25.89,25.85,25.8,25.63,2026-09-04,3,False
NWSA,Communication Services,Entertainment,RSI,RSI 維持強勢 (50-70),None,0.0,0.51,0.2742,0.2742,0.3082,248,5205,0.0028,30.39,30.48,30.56,30.09,2026-09-04,3,False
EBAY,Consumer Discretionary,Internet Retail,BB,價格在 BB 中軌上方,None,0.0,0.425,0.273,0.273,0.2984,304,12430,-0.0004,105.86,105.82,105.78,104.8,2026-09-03,3,False
MCHP,Information Technology,Semiconductors,KDJ,KDJ 金叉,None,0.0,0.5525,0.2727,0.2727,0.3918,22,1955,-0.0062,72.76,72.31,71.86,72.03,2026-09-02,3,False
SYY,Consumer Staples,Food Distribution,BB,BB 跌破下軌 (超賣),None,0.0,0.45499999999999996,0.2727,0.2727,0.2667,11,705,0.0045,80.05,80.41,80.77,79.25,2026-09-04,3,False
ADM,Consumer Staples,Farm Products,RSI,RSI 加速上升,None,0.0,0.5525,0.2706,0.2706,0.2439,170,5343,-0.0034,84.38,84.09,83.81,83.54,2026-09-03,3,False
ICLR,Health Care,Diagnostics & Research,BB,BB 中軌向上（上升趨勢）,None,0.0,0.51,0.2705,,0.2705,0,10885,0.0002,159.84,159.87,159.9,158.24,2026-09-02,3,False
VTR,Real Estate,REIT - Healthcare Facilities,BB,價格在 BB 中軌上方,None,0.0,0.425,0.2694,0.2694,0.248,297,8032,0.0024,92.11,92.33,92.55,91.19,2026-09-03,3,False
CI,Health Care,Healthcare Plans,RSI,RSI 維持強勢 (50-70),None,0.0,0.51,0.269,0.269,0.2772,171,12123,0.0004,282.52,282.63,282.75,279.69,2026-09-04,3,False
CVX,Energy,Oil & Gas Integrated,BB,價格在 BB 中軌上方,None,0.0,0.425,0.2687,0.2687,0.2998,320,5768,-0.0012,208.6,208.35,208.1,206.51,2026-09-04,3,False
BRO,Financials,Insurance Brokers,RSI,RSI 維持強勢 (50-70),None,0.0,0.51,0.2686,0.2686,0.2842,242,19108,0.0031,71.42,71.64,71.86,70.71,2026-09-04,3,False
RMD,Health Care,Medical Instruments & Supplies,RSI,RSI 維持強勢 (50-70),None,0.0,0.51,0.268,0.268,0.2772,194,12123,-0.0031,228.35,227.64,226.93,226.07,2026-09-04,3,False
KMI,Energy,Oil & Gas Midstream,BB,價格在 BB 中軌上方,None,0.0,0.425,0.2673,0.2673,0.2998,333,5768,0.0033,31.97,32.08,32.18,31.65,2026-09-02,3,False
UNH,Health Care,Healthcare Plans,BB,價格在 BB 中軌上方,None,0.0,0.425,0.2669,0.2669,0.2804,281,14417,0.0001,397.14,397.18,397.22,393.17,2026-09-04,3,False
USFD,Consumer Staples,Food Distribution,BB,BB 跌破下軌 (超賣),None,0.0,0.45499999999999996,0.2667,,0.2667,0,705,0.0039,104.79,105.2,105.61,103.74,2026-09-02,3,False
OKE,Energy,Oil & Gas Midstream,RSI,RSI 維持強勢 (50-70),None,0.0,0.51,0.2658,0.2658,0.2963,237,4891,-0.0041,95.43,95.04,94.65,94.48,2026-09-04,3,False
MDT,Health Care,Medical Devices,RSI,RSI 加速上升,None,0.0,0.5525,0.2653,0.2653,0.2803,147,8492,0.0022,94.17,94.38,94.58,93.23,2026-09-04,3,False
J,Industrials,Engineering & Construction,BB,價格在 BB 中軌上方,None,0.0,0.425,0.2648,0.2648,0.295,287,22337,0.0006,147.54,147.63,147.72,146.06,2026-09-03,3,False
BEKE,Real Estate,Real Estate Services,BB,BB 中軌向上（上升趨勢）,None,0.0,0.51,0.2647,,0.2647,0,5713,0.0025,17.92,17.96,18.01,17.74,2026-09-04,3,False
SJM,Consumer Staples,Packaged Foods,BB,BB 中軌向上（上升趨勢）,None,0.0,0.51,0.2645,0.2645,0.2466,121,6128,0.006,126.08,126.84,127.59,124.82,2026-09-04,3,False
AMGN,Health Care,Drug Manufacturers - General,RSI,RSI 維持強勢 (50-70),None,0.0,0.51,0.2639,0.2639,0.2772,216,12123,0.0032,437.23,438.63,440.03,432.86,2026-09-04,3,False
T,Communication Services,Telecom Services,RSI,RSI 加速上升,None,0.0,0.5525,0.2625,0.2625,0.3116,160,3322,-0.0002,26.19,26.18,26.18,25.93,2026-09-03,3,False
DCI,Industrials,Specialty Industrial Machinery,KDJ,KDJ 超賣區金叉,Morning Star,0.8,1.0,0.2619,,0.2619,0,42,0.0019,91.03,91.2,91.38,90.12,2026-09-04,3,False
ETN,Industrials,Specialty Industrial Machinery,KDJ,KDJ 超賣區金叉,Morning Star,0.8,1.0,0.2619,,0.2619,0,42,0.0019,397.12,397.87,398.63,393.15,2026-09-03,3,False
HON,Industrials,Conglomerates,KDJ,KDJ 超賣區金叉,Morning Star,0.8,1.0,0.2619,,0.2619,0,42,0.0019,209.61,210.01,210.41,207.51,2026-09-04,3,False
PNR,Industrials,Specialty Industrial Machinery,KDJ,KDJ 超賣區金叉,Morning Star,0.8,1.0,0.2619,,0.2619,0,42,0.0019,60.21,60.32,60.44,59.61,2026-09-04,3,False
TDG,Industrials,Aerospace & Defense,KDJ,KDJ 超賣區金叉,Morning Star,0.8,1.0,0.2619,,0.2619,0,42,0.0019,1162.05,1164.26,1166.47,1150.43,2026-09-04,3,False
SBAC,Real Estate,REIT - Specialty,BB,BB 中軌向上（上升趨勢）,None,0.0,0.51,0.2614,0.2614,0.2647,88,5713,-0.0012,189.44,189.21,188.99,187.55,2026-09-04,3,False
ALLE,Industrials,Security & Protection Services,KDJ,KDJ 超賣區金叉,Bullish Engulfing,0.75,1.0,0.2593,,0.2593,0,27,0.0088,155.56,156.93,158.3,154.0,2026-09-03,3,False
IR,Industrials,Specialty Industrial Machinery,KDJ,KDJ 超賣區金叉,Bullish Engulfing,0.75,1.0,0.2593,,0.2593,0,27,0.0088,75.4,76.06,76.73,74.65,2026-09-03,3,False
OC,Industrials,Building Products & Equipment,KDJ,KDJ 超賣區金叉,Bullish Engulfing,0.75,1.0,0.2593,,0.2593,0,27,0.0088,138.72,139.94,141.16,137.33,2026-09-04,3,True
V,Financials,Credit Services,BB,BB 中軌向上（上升趨勢）,None,0.0,0.51,0.2571,0.2571,0.2681,210,16575,0.0013,375.07,375.56,376.05,371.32,2026-09-04,3,False
WMT,Consumer Staples,Discount Stores,RSI,RSI 加速上升,None,0.0,0.5525,0.2569,0.2569,0.2439,144,5343,0.0042,107.14,107.59,108.04,106.07,2026-09-04,3,False
SBS,Utilities,Utilities - Regulated Water,RSI,RSI 加速上升,None,0.0,0.5525,0.2565,,0.2565,0,4905,0.0041,5.15,5.17,5.19,5.1,2026-09-04,3,False
ABEV,Consumer Staples,Beverages - Brewers,RSI,RSI 上穿 50 中性線,None,0.0,0.4675,0.2565,,0.2565,0,928,0.0005,2.99,2.99,2.99,2.96,2026-09-02,3,False
BJ,Consumer Staples,Discount Stores,RSI,RSI 上穿 50 中性線,None,0.0,0.4675,0.2565,,0.2565,0,928,0.0005,93.19,93.24,93.28,92.26,2026-09-03,3,False
JBS,Consumer Staples,Packaged Foods,RSI,RSI 上穿 50 中性線,None,0.0,0.4675,0.2565,,0.2565,0,928,0.0005,13.54,13.55,13.55,13.4,2026-09-02,3,False
XOM,Energy,Oil & Gas Integrated,BB,BB 中軌向上（上升趨勢）,None,0.0,0.51,0.256,0.256,0.2962,207,4484,-0.0043,159.47,158.78,158.1,157.88,2026-09-04,3,False
APD,Materials,Specialty Chemicals,BB,BB 中軌向上（上升趨勢）,None,0.0,0.51,0.2556,0.2556,0.2853,180,5036,-0.0037,301.27,300.16,299.04,298.26,2026-09-04,3,False
DGX,Health Care,Diagnostics & Research,RSI,RSI 維持強勢 (50-70),None,0.0,0.51,0.2551,0.2551,0.2772,243,12123,0.0038,237.14,238.04,238.94,234.77,2026-09-04,3,False
CTSH,Information Technology,Information Technology Services,BB,價格在 BB 中軌上方,None,0.0,0.425,0.2536,0.2536,0.3573,209,20206,0.0011,62.31,62.38,62.45,61.69,2026-09-04,3,False
BEP,Utilities,Utilities - Renewable,KDJ,KDJ 超賣區金叉,None,0.0,0.5599999999999999,0.2521,,0.2521,0,472,0.0039,31.1,31.22,31.34,30.79,2026-09-03,3,False
PFGC,Consumer Staples,Food Distribution,RSI,RSI 超賣區域 (30),None,0.0,0.5249999999999999,0.251,,0.251,0,239,-0.0007,98.63,98.56,98.49,97.64,2026-09-04,3,False
AGNCM,Real Estate,REIT - Mortgage,RSI,RSI 維持強勢 (50-70),None,0.0,0.51,0.2509,,0.2509,0,7011,0.0007,25.233,25.25,25.27,24.98,2026-09-03,3,False
AGNCO,Real Estate,REIT - Mortgage,RSI,RSI 維持強勢 (50-70),None,0.0,0.51,0.2509,,0.2509,0,7011,0.0007,25.64,25.66,25.68,25.38,2026-09-03,3,False
AGNCP,Real Estate,REIT - Mortgage,RSI,RSI 維持強勢 (50-70),None,0.0,0.51,0.2509,,0.2509,0,7011,0.0007,25.47,25.49,25.51,25.22,2026-09-03,3,False
AGNCZ,Real Estate,REIT - Mortgage,RSI,RSI 維持強勢 (50-70),None,0.0,0.51,0.2509,,0.2509,0,7011,0.0007,25.46,25.48,25.5,25.21,2026-09-04,3,False
AVGO,Information Technology,Semiconductors,RSI,RSI 加速上升,None,0.0,0.5525,0.25,0.25,0.4113,20,851,-0.0167,367.24,361.11,354.97,363.57,2026-09-02,3,True
KR,Consumer Staples,Grocery Stores,KDJ,KDJ 金叉,None,0.0,0.5525,0.25,0.25,0.2503,28,779,-0.0005,58.51,58.48,58.45,57.92,2026-09-03,3,False
NVR,Consumer Discretionary,Residential Construction,KDJ,KDJ 金叉,None,0.0,0.5525,0.25,0.25,0.3183,28,1244,0.001,6373.9502,6380.32,6386.7,6310.21,2026-09-03,3,False
MA,Financials,Credit Services,RSI,RSI 維持強勢 (50-70),None,0.0,0.51,0.25,0.25,0.2842,288,19108,0.0014,579.21,580.02,580.83,573.42,2026-09-04,3,False
VRSK,Industrials,Consulting Services,RSI,RSI 上穿 50 中性線,None,0.0,0.4675,0.25,0.25,0.304,24,1816,-0.002,190.6,190.22,189.84,188.69,2026-09-03,3,False
AMH,Real Estate,REIT - Residential,BB,BB 跌破下軌 (超賣),None,0.0,0.45499999999999996,0.25,,0.25,0,564,-0.0003,32.47,32.46,32.45,32.15,2026-09-04,3,False
FAST,Industrials,Industrial Distribution,BB,BB 跌破下軌 (超賣),None,0.0,0.45499999999999996,0.25,0.25,0.2838,16,1258,0.008,47.93,48.31,48.7,47.45,2026-09-02,3,False
VRSN,Information Technology,Software - Infrastructure,BB,價格在 BB 中軌上方,None,0.0,0.425,0.2492,0.2492,0.3573,321,20206,0.0014,292.08,292.49,292.9,289.16,2026-09-04,3,False
FRT,Real Estate,REIT - Retail,RSI,RSI 加速上升,None,0.0,0.5525,0.2483,0.2483,0.2327,145,4401,-0.0002,117.09,117.07,117.04,115.92,2026-09-04,3,False
OHI,Real Estate,REIT - Healthcare Facilities,BB,價格在 BB 中軌上方,None,0.0,0.425,0.248,,0.248,0,8032,0.0005,47.04,47.06,47.09,46.57,2026-09-03,3,False
NWS,Communication Services,Entertainment,RSI,RSI 維持強勢 (50-70),None,0.0,0.51,0.2471,0.2471,0.3082,259,5205,0.0029,33.9,34.0,34.1,33.56,2026-09-04,3,False
COKE,Consumer Staples,Beverages - Non-Alcoholic,BB,BB 中軌向上（上升趨勢）,None,0.0,0.51,0.2466,,0.2466,0,6128,-0.0003,189.33,189.27,189.22,187.44,2026-09-04,3,False
DEO,Consumer Staples,Beverages - Wineries & Distilleries,BB,BB 中軌向上（上升趨勢）,None,0.0,0.51,0.2466,,0.2466,0,6128,-0.0003,90.68,90.65,90.63,89.77,2026-09-03,3,False
EDU,Consumer Staples,Education & Training Services,BB,BB 中軌向上（上升趨勢）,None,0.0,0.51,0.2466,,0.2466,0,6128,-0.0003,59.51,59.49,59.47,58.91,2026-09-04,3,False
MICC,Consumer Staples,Packaged Foods,BB,BB 中軌向上（上升趨勢）,None,0.0,0.51,0.2466,,0.2466,0,6128,-0.0003,19.32,19.31,19.31,19.13,2026-09-04,3,False
UL,Consumer Staples,Household & Personal Products,BB,BB 中軌向上（上升趨勢）,None,0.0,0.51,0.2466,,0.2466,0,6128,-0.0003,64.24,64.22,64.2,63.6,2026-09-03,3,False
EW,Health Care,Medical Devices,RSI,RSI 維持強勢 (50-70),None,0.0,0.51,0.2463,0.2463,0.2772,203,12123,-0.0015,90.82,90.68,90.55,89.91,2026-09-02,3,False
AGX,Industrials,Engineering & Construction,KDJ,KDJ 超賣區金叉,None,0.0,0.5599999999999999,0.2433,,0.2433,0,563,0.0001,411.77,411.81,411.85,407.65,2026-09-03,3,False
AIT,Industrials,Industrial Distribution,KDJ,KDJ 超賣區金叉,None,0.0,0.5599999999999999,0.2433,,0.2433,0,563,0.0001,322.46,322.49,322.52,319.24,2026-09-03,3,False
AYI,Industrials,Electrical Equipment & Parts,KDJ,KDJ 超賣區金叉,None,0.0,0.5599999999999999,0.2433,,0.2433,0,563,0.0001,330.59,330.62,330.66,327.28,2026-09-02,3,False
CR,Industrials,Specialty Industrial Machinery,KDJ,KDJ 超賣區金叉,None,0.0,0.5599999999999999,0.2433,,0.2433,0,563,0.0001,202.93,202.95,202.97,200.9,2026-09-03,3,False
CRS,Industrials,Metal Fabrication,KDJ,KDJ 超賣區金叉,None,0.0,0.5599999999999999,0.2433,,0.2433,0,563,0.0001,467.48,467.53,467.57,462.81,2026-09-03,3,False
EME,Industrials,Engineering & Construction,KDJ,KDJ 超賣區金叉,None,0.0,0.5599999999999999,0.2433,,0.2433,0,563,0.0001,741.32,741.39,741.47,733.91,2026-09-03,3,False
FERG,Industrials,Industrial Distribution,KDJ,KDJ 超賣區金叉,None,0.0,0.5599999999999999,0.2433,,0.2433,0,563,0.0001,221.23,221.25,221.27,219.02,2026-09-02,3,False
GE,Industrials,Aerospace & Defense,KDJ,KDJ 超賣區金叉,None,0.0,0.5599999999999999,0.2433,,0.2433,0,563,0.0001,337.12,337.15,337.19,333.75,2026-09-04,3,False
INIO,Industrials,Specialty Industrial Machinery,KDJ,KDJ 超賣區金叉,None,0.0,0.5599999999999999,0.2433,,0.2433,0,563,0.0001,20.28,20.28,20.28,20.08,2026-09-03,3,False
RKLB,Industrials,Aerospace & Defense,KDJ,KDJ 超賣區金叉,None,0.0,0.5599999999999999,0.2433,,0.2433,0,563,0.0001,63.81,63.82,63.82,63.17,2026-09-03,3,False
TXT,Industrials,Aerospace & Defense,KDJ,KDJ 超賣區金叉,None,0.0,0.5599999999999999,0.2433,,0.2433,0,563,0.0001,79.37,79.38,79.39,78.58,2026-09-03,3,False
URI,Industrials,Rental & Leasing Services,KDJ,KDJ 超賣區金叉,None,0.0,0.5599999999999999,0.2433,,0.2433,0,563,0.0001,993.87,993.97,994.07,983.93,2026-09-03,3,False
WMS,Industrials,Building Products & Equipment,KDJ,KDJ 超賣區金叉,None,0.0,0.5599999999999999,0.2433,,0.2433,0,563,0.0001,134.83,134.84,134.86,133.48,2026-09-03,3,False
FMX,Consumer Staples,Beverages - Brewers,BB,價格在 BB 中軌上方,None,0.0,0.425,0.2432,,0.2432,0,8891,-0.0001,120.41,120.4,120.39,119.21,2026-09-04,3,False
AMT,Real Estate,REIT - Specialty,RSI,RSI 維持強勢 (50-70),None,0.0,0.51,0.2419,0.2419,0.2509,186,7011,-0.0,175.85,175.85,175.85,174.09,2026-09-04,3,False
ZTS,Health Care,Drug Manufacturers - Specialty & Generic,BB,價格在 BB 中軌上方,None,0.0,0.425,0.2417,0.2417,0.2804,211,14417,-0.0048,76.29,75.92,75.56,75.53,2026-09-03,3,False
MSCI,Financials,Financial Data & Stock Exchanges,RSI,RSI 上穿 50 中性線,None,0.0,0.4675,0.24,0.24,0.3091,25,1899,-0.0026,574.65,573.16,571.66,568.9,2026-09-03,3,False
FLEX,Information Technology,Electronic Components,KDJ,KDJ 金叉,Bullish Engulfing,0.75,1.0,0.2391,,0.2391,0,92,-0.0121,107.89,106.58,105.28,106.81,2026-09-03,3,False
LH,Health Care,Diagnostics & Research,BB,價格在 BB 中軌上方,None,0.0,0.425,0.2387,0.2387,0.2804,222,14417,0.0,331.5,331.5,331.5,328.19,2026-09-03,3,False
ACN,Information Technology,Information Technology Services,RSI,RSI 動能加速（強勢區）,None,0.0,0.51,0.2381,0.2381,0.366,21,2885,-0.0003,193.12,193.06,193.0,191.19,2026-09-03,3,False
NDSN,Industrials,Specialty Industrial Machinery,RSI,RSI 上穿 50 中性線,None,0.0,0.4675,0.2381,0.2381,0.304,21,1816,0.0063,316.63,318.62,320.62,313.46,2026-09-02,3,False
INVH,Real Estate,REIT - Residential,BB,BB 跌破下軌 (超賣),None,0.0,0.45499999999999996,0.2381,0.2381,0.25,21,564,-0.0017,28.39,28.34,28.29,28.11,2026-09-04,3,False
MCK,Health Care,Medical Distribution,BB,BB 中軌向上（上升趨勢）,None,0.0,0.51,0.2377,0.2377,0.2705,265,10885,0.0036,907.99,911.26,914.53,898.91,2026-09-04,3,False
PTC,Information Technology,Software - Application,BB,BB 中軌向上（上升趨勢）,None,0.0,0.51,0.2353,0.2353,0.3639,153,16781,-0.001,150.08,149.93,149.78,148.58,2026-09-03,3,False
PNW,Utilities,Utilities - Regulated Electric,MACD,MACD 金叉 (空頭區),None,0.0,0.42,0.2353,0.2353,0.2494,17,409,0.0054,97.38,97.91,98.43,96.41,2026-09-02,3,False
CSGP,Real Estate,Real Estate Services,RSI,RSI 維持強勢 (50-70),None,0.0,0.51,0.2343,0.2343,0.2509,175,7011,-0.0075,31.68,31.44,31.2,31.36,2026-09-03,3,False
KO,Consumer Staples,Beverages - Non-Alcoholic,BB,價格在 BB 中軌上方,None,0.0,0.425,0.2321,0.2321,0.2432,280,8891,0.0042,88.81,89.18,89.56,87.92,2026-09-03,3,False
CNP,Utilities,Utilities - Regulated Electric,BB,價格在 BB 中軌上方,None,0.0,0.425,0.2315,0.2315,0.246,311,9864,0.0034,39.98,40.12,40.25,39.58,2026-09-03,3,False
DUK,Utilities,Utilities - Regulated Electric,KDJ,KDJ 金叉,Bullish Engulfing,0.75,1.0,0.2308,,0.2308,0,26,0.0023,120.56,120.84,121.11,119.35,2026-09-02,3,False
ABT,Health Care,Medical Devices,BB,BB 中軌向上（上升趨勢）,None,0.0,0.51,0.2303,0.2303,0.2705,152,10885,-0.0014,108.33,108.18,108.03,107.25,2026-09-04,3,False
UPS,Industrials,Integrated Freight & Logistics,BB,價格在 BB 中軌上方,None,0.0,0.425,0.2302,0.2302,0.295,252,22337,-0.0052,103.5,102.96,102.42,102.47,2026-09-03,3,False
MKC,Consumer Staples,Packaged Foods,BB,BB 中軌向上（上升趨勢）,None,0.0,0.51,0.2292,0.2292,0.2466,192,6128,-0.0033,52.08,51.91,51.74,51.56,2026-09-04,3,False
DHR,Health Care,Diagnostics & Research,BB,價格在 BB 中軌上方,None,0.0,0.425,0.2267,0.2267,0.2804,247,14417,-0.002,211.03,210.61,210.19,208.92,2026-09-03,3,False
VLTO,Industrials,Pollution & Treatment Controls,RSI,RSI 維持強勢 (50-70),None,0.0,0.51,0.2259,0.2259,0.2986,239,19157,0.0003,97.88,97.91,97.94,96.9,2026-09-03,3,False
PG,Consumer Staples,Household & Personal Products,RSI,RSI 動能加速（強勢區）,None,0.0,0.51,0.225,0.225,0.2456,40,1148,0.0005,147.64,147.71,147.79,146.16,2026-09-02,3,False
EA,Communication Services,Electronic Gaming & Multimedia,BB,價格在 BB 中軌上方,None,0.0,0.425,0.2231,0.2231,0.3007,242,6080,0.0014,209.7,209.99,210.29,207.6,2026-08-07,3,False
LYB,Materials,Specialty Chemicals,MACD,MACD 金叉 (多頭區),None,0.0,0.68,0.2222,0.2222,0.2886,9,149,-0.0104,66.57,65.88,65.19,65.9,2026-09-02,3,False
PPG,Materials,Specialty Chemicals,KDJ,KDJ 金叉,None,0.0,0.5525,0.2222,0.2222,0.314,18,637,-0.008,112.53,111.63,110.73,111.4,2026-09-04,3,False
KIM,Real Estate,REIT - Retail,RSI,RSI 加速上升,None,0.0,0.5525,0.2195,0.2195,0.2327,123,4401,-0.0021,23.6,23.55,23.5,23.36,2026-09-04,3,False
ZBH,Health Care,Medical Devices,RSI,RSI 維持強勢 (50-70),None,0.0,0.51,0.2156,0.2156,0.2772,167,12123,-0.0047,98.07,97.61,97.15,97.09,2026-09-04,3,False
ROST,Consumer Discretionary,Apparel Retail,KDJ,KDJ 金叉,None,0.0,0.5525,0.2143,0.2143,0.3183,28,1244,0.0033,230.85,231.61,232.37,228.54,2026-09-02,3,False
CDNS,Information Technology,Software - Application,BB,BB 跌破下軌 (超賣),None,0.0,0.45499999999999996,0.2143,0.2143,0.4474,14,456,-0.0161,292.7,287.99,283.28,289.77,2026-09-04,3,True
PPL,Utilities,Utilities - Regulated Electric,RSI,RSI 加速上升,None,0.0,0.5525,0.2101,0.2101,0.2565,138,4905,0.0052,35.11,35.29,35.48,34.76,2026-09-04,3,False
ALL,Financials,Insurance - Property & Casualty,RSI,RSI 維持強勢 (50-70),None,0.0,0.51,0.208,0.208,0.2842,226,19108,-0.0006,259.57,259.41,259.26,256.97,2026-09-04,3,False
WST,Health Care,Medical Instruments & Supplies,KDJ,KDJ 金叉,None,0.0,0.5525,0.2069,0.2069,0.2852,29,1536,0.0035,342.73,343.93,345.13,339.3,2026-09-03,3,False
VZ,Communication Services,Telecom Services,BB,價格在 BB 中軌上方,None,0.0,0.425,0.2046,0.2046,0.3007,259,6080,0.0019,50.14,50.24,50.33,49.64,2026-09-04,3,False
NI,Utilities,Utilities - Regulated Gas,BB,價格在 BB 中軌上方,None,0.0,0.425,0.2044,0.2044,0.246,367,9864,0.0013,41.66,41.71,41.77,41.24,2026-09-03,3,False
GIS,Consumer Staples,Packaged Foods,BB,BB 中軌向上（上升趨勢）,None,0.0,0.51,0.2043,0.2043,0.2466,93,6128,-0.0045,38.29,38.12,37.95,37.91,2026-09-04,3,False
LAMR,Real Estate,REIT - Specialty,MACD,MACD 金叉 (空頭區),None,0.0,0.42,0.2026,,0.2026,0,380,-0.0032,150.76,150.28,149.8,149.25,2026-09-04,3,False
MRK,Health Care,Drug Manufacturers - General,RSI,RSI 維持強勢 (50-70),None,0.0,0.51,0.2017,0.2017,0.2772,233,12123,-0.0043,150.33,149.68,149.04,148.83,2026-09-04,3,False
AEE,Utilities,Utilities - Regulated Electric,KDJ,KDJ 金叉,Morning Star,0.8,1.0,0.2,0.2,0.3654,5,52,0.0054,106.41,106.98,107.56,105.35,2026-09-03,3,False
FNF,Financials,Insurance - Specialty,KDJ,KDJ 金叉,Morning Star,0.8,1.0,0.2,,0.2,0,10,0.0069,47.28,47.61,47.93,46.81,2026-09-03,3,True
AME,Industrials,Specialty Industrial Machinery,KDJ,KDJ 超賣區金叉,None,0.0,0.5599999999999999,0.2,0.2,0.2433,5,563,0.0123,234.2,237.08,239.96,231.86,2026-09-03,3,False
SPG,Real Estate,REIT - Retail,BB,BB 跌破下軌 (超賣),None,0.0,0.45499999999999996,0.2,0.2,0.25,10,564,-0.0051,210.2,209.13,208.06,208.1,2026-09-02,3,False
STE,Health Care,Medical Devices,BB,BB 跌破下軌 (超賣),None,0.0,0.45499999999999996,0.2,0.2,0.2752,20,974,0.0078,224.59,226.34,228.09,222.34,2026-09-04,3,False
PEG,Utilities,Utilities - Regulated Electric,RSI,RSI 加速上升,None,0.0,0.5525,0.1974,0.1974,0.2565,152,4905,-0.0026,73.7,73.51,73.32,72.96,2026-09-04,3,False
SBUX,Consumer Discretionary,Restaurants,BB,價格在 BB 中軌上方,None,0.0,0.425,0.1957,0.1957,0.2984,235,12430,-0.0009,106.72,106.62,106.53,105.65,2026-09-02,3,False
BDX,Health Care,Medical Instruments & Supplies,BB,BB 中軌向上（上升趨勢）,None,0.0,0.51,0.1948,0.1948,0.2705,154,10885,-0.0017,184.74,184.43,184.11,182.89,2026-09-04,3,False
AKAM,Information Technology,Software - Infrastructure,KDJ,KDJ 金叉,None,0.0,0.5525,0.1923,0.1923,0.3918,26,1955,-0.0039,106.5,106.08,105.67,105.44,2026-09-03,3,False
TYL,Information Technology,Software - Application,BB,BB 中軌向上（上升趨勢）,None,0.0,0.51,0.1911,0.1911,0.3639,157,16781,-0.0,364.03,364.03,364.03,360.39,2026-09-04,3,False
SNA,Industrials,Tools & Accessories,KDJ,KDJ 超賣區金叉,None,0.0,0.5599999999999999,0.1875,0.1875,0.2433,16,563,0.0004,383.0,383.15,383.31,379.17,2026-09-04,3,False
OTIS,Industrials,Specialty Industrial Machinery,KDJ,KDJ 金叉,None,0.0,0.5525,0.1875,0.1875,0.3223,32,2110,-0.0065,71.48,71.02,70.55,70.77,2026-09-03,3,False
TAP,Consumer Staples,Beverages - Brewers,KDJ,KDJ 金叉,None,0.0,0.5525,0.1818,0.1818,0.2503,22,779,-0.0063,40.5,40.24,39.99,40.09,2026-09-04,3,False
YUM,Consumer Discretionary,Restaurants,BB,價格在 BB 中軌上方,None,0.0,0.425,0.1789,0.1789,0.2984,218,12430,-0.0015,150.71,150.48,150.26,149.2,2026-09-04,3,False
LIN,Materials,Specialty Chemicals,BB,價格在 BB 中軌上方,None,0.0,0.425,0.1748,0.1748,0.2859,286,6697,0.0023,485.85,486.97,488.08,480.99,2026-09-02,3,False
ROP,Information Technology,Software - Application,RSI,RSI 動能加速（強勢區）,None,0.0,0.51,0.1714,0.1714,0.366,35,2885,-0.0025,422.35,421.29,420.24,418.13,2026-09-03,3,False
WTW,Financials,Insurance Brokers,BB,價格在 BB 中軌上方,None,0.0,0.425,0.1646,0.1646,0.2847,316,21689,-0.0024,342.06,341.24,340.42,338.64,2026-09-03,3,False
ITW,Industrials,Specialty Industrial Machinery,KDJ,KDJ 超賣區金叉,None,0.0,0.5599999999999999,0.1538,0.1538,0.2433,13,563,0.0007,271.65,271.84,272.03,268.93,2026-09-03,3,False
O,Real Estate,REIT - Retail,KDJ,KDJ 金叉,None,0.0,0.5525,0.15,0.15,0.2818,20,550,0.0057,61.74,62.09,62.44,61.12,2026-09-03,3,False
KMB,Consumer Staples,Household & Personal Products,BB,BB 跌破下軌 (超賣),None,0.0,0.45499999999999996,0.15,0.15,0.2667,20,705,-0.0005,104.96,104.91,104.86,103.91,2026-09-04,3,False
REG,Real Estate,REIT - Retail,RSI,RSI 加速上升,None,0.0,0.5525,0.1429,0.1429,0.2327,140,4401,-0.0038,75.92,75.63,75.34,75.16,2026-09-03,3,False
PLD,Real Estate,REIT - Industrial,BB,BB 跌破下軌 (超賣),None,0.0,0.45499999999999996,0.1429,0.1429,0.25,14,564,-0.0053,136.59,135.87,135.14,135.22,2026-09-02,3,False
WSM,Consumer Discretionary,Specialty Retail,BB,BB 跌破下軌 (超賣),None,0.0,0.45499999999999996,0.1429,0.1429,0.2974,7,733,-0.0104,221.72,219.41,217.11,219.5,2026-09-02,3,False
MRSH,Financials,Insurance Brokers,RSI,RSI 維持強勢 (50-70),None,0.0,0.51,0.1408,0.1408,0.2842,284,19108,-0.0035,188.46,187.8,187.14,186.58,2026-09-03,3,False
LYV,Communication Services,Entertainment,BB,BB 跌破下軌 (超賣),None,0.0,0.45499999999999996,0.125,0.125,0.33,16,397,-0.0334,173.5,167.71,161.91,171.76,2026-09-04,3,False
COST,Consumer Staples,Discount Stores,BB,BB 跌破下軌 (超賣),None,0.0,0.45499999999999996,0.1111,0.1111,0.2667,9,705,-0.01,915.74,906.58,897.43,906.58,2026-09-04,3,False
D,Utilities,Utilities - Regulated Electric,RSI,RSI 加速上升,None,0.0,0.5525,0.1053,0.1053,0.2565,114,4905,-0.0054,65.84,65.48,65.13,65.18,2026-09-04,3,False
FSLR,Information Technology,Solar,KDJ,KDJ 超賣區金叉,None,0.0,0.5599999999999999,0.0,0.0,0.3016,5,368,-0.029,202.6,196.72,190.85,200.57,2026-09-02,3,False
CIEN,Information Technology,Communication Equipment,BB,BB 跌破下軌 (超賣),None,0.0,0.45499999999999996,0.0,0.0,0.4474,5,456,-0.0444,317.46,303.36,289.27,314.29,2026-09-03,3,True
