symbol,sector,subsector,indicator,signal,pattern,pattern_conf,confidence,win_rate,win_rate_stock,win_rate_sector,stock_n,sector_n,avg_return,price,tp1_price,tp2_price,sl_price,date,tier,volume_confirmed
COIN,Financials,Financial Data & Stock Exchanges,BB,BB 跌破下軌 (超賣),Support,0.7,1.0,0.8333,,0.8333,0,6,0.0916,146.26,159.66,173.05,144.8,2026-07-31,1,True
CRH,Materials,Building Materials,BB,BB 跌破下軌 (超賣),Support,0.8,1.0,0.8333,,0.8333,0,6,0.0754,95.01,102.17,109.34,94.06,2026-07-31,1,True
LIN,Materials,Specialty Chemicals,BB,BB 跌破下軌 (超賣),Support,0.9,1.0,0.8333,,0.8333,0,6,0.0754,478.38,514.45,550.52,473.6,2026-07-31,1,True
MLM,Materials,Building Materials,BB,BB 跌破下軌 (超賣),Support,0.8,1.0,0.8333,,0.8333,0,6,0.0754,525.14,564.74,604.33,519.89,2026-07-31,1,True
PCAR,Industrials,Farm & Heavy Construction Machinery,RSI,RSI 動能加速（強勢區）,Bullish Engulfing,0.75,1.0,0.75,,0.75,0,8,0.0308,135.96,140.15,144.34,134.6,2026-08-04,1,True
AEIS,Industrials,Electrical Equipment & Parts,BB,價格在 BB 中軌上方,Bullish Engulfing,0.75,1.0,0.6667,,0.6667,0,18,0.0284,296.38,304.8,313.21,293.42,2026-08-03,1,True
AME,Industrials,Specialty Industrial Machinery,RSI,RSI 維持強勢 (50-70),Bullish Engulfing,0.75,1.0,0.6667,,0.6667,0,18,0.0284,243.77,250.69,257.62,241.33,2026-08-03,1,True
ETN,Industrials,Specialty Industrial Machinery,RSI,RSI 維持強勢 (50-70),Bullish Engulfing,0.75,1.0,0.6667,,0.6667,0,18,0.0284,415.2,426.99,438.78,411.05,2026-07-31,1,True
RBLX,Communication Services,Electronic Gaming & Multimedia,BB,BB 跌破下軌 (超賣),Support,0.9,1.0,0.6667,,0.6667,0,6,0.0327,35.6,36.76,37.93,35.24,2026-07-31,1,True
CTVA,Materials,Agricultural Inputs,BB,BB 跌破下軌 (超賣),Bullish Engulfing,0.75,1.0,0.625,,0.625,0,8,0.0516,76.04,79.96,83.89,75.28,2026-08-03,1,True
POWL,Industrials,Electrical Equipment & Parts,RSI,RSI 加速上升,Bullish Engulfing,0.75,1.0,0.625,,0.625,0,8,0.0139,219.72,222.77,225.83,217.52,2026-08-03,1,True
MAIR,Industrials,Building Products & Equipment,BB,BB 跌破下軌 (超賣),Morning Star,0.8,1.0,0.6071,,0.6071,0,56,0.0266,29.06,29.83,30.61,28.77,2026-07-31,1,False
BX,Financials,Asset Management,RSI,RSI 維持強勢 (50-70),Consolidation Breakout,0.72,1.0,0.6,0.6,0.2725,15,1479,0.0368,137.2,142.25,147.3,135.83,2026-08-04,1,False
EXPD,Industrials,Integrated Freight & Logistics,BB,BB 中軌向上（上升趨勢）,Morning Star,0.8,1.0,0.5385,,0.5385,0,13,0.0388,170.59,177.21,183.83,168.88,2026-08-03,1,True
WYNN,Consumer Discretionary,Resorts & Casinos,BB,BB 中軌向上（上升趨勢）,None,0.0,0.51,0.8333,0.8333,0.3934,6,427,0.0904,97.6,106.42,115.25,96.62,2026-08-04,2,True
FICO,Information Technology,Software - Application,BB,BB 跌破下軌 (超賣),None,0.0,0.45499999999999996,0.8333,0.8333,0.4474,6,456,0.0693,1045.46,1117.91,1190.36,1035.01,2026-08-03,2,True
PLTR,Information Technology,Software - Infrastructure,MACD,MACD 金叉 (多頭區),None,0.0,0.68,0.8,0.8,0.45,5,100,0.0533,162.66,171.33,180.0,161.03,2026-08-04,2,True
PFE,Health Care,Drug Manufacturers - General,RSI,RSI 維持強勢 (50-70),None,0.0,0.51,0.7143,0.7143,0.3606,7,502,0.0231,25.41,26.0,26.58,25.16,2026-08-04,2,True
MAR,Consumer Discretionary,Lodging,BB,BB 跌破下軌 (超賣),None,0.0,0.45499999999999996,0.7143,0.7143,0.3556,7,239,0.025,345.2,353.83,362.46,341.75,2026-08-04,2,True
COHR,Information Technology,Scientific & Technical Instruments,RSI,RSI 維持強勢 (50-70),None,0.0,0.51,0.65,0.65,0.4471,20,747,0.0352,323.73,335.13,346.52,320.49,2026-08-04,2,True
BP,Energy,Oil & Gas Integrated,KDJ,KDJ 金叉,None,0.0,0.5525,0.6296,,0.6296,0,27,0.0284,45.22,46.5,47.79,44.77,2026-07-31,2,True
CQP,Energy,Oil & Gas Midstream,KDJ,KDJ 金叉,None,0.0,0.5525,0.6296,,0.6296,0,27,0.0284,65.9,67.77,69.64,65.24,2026-07-31,2,True
DTM,Energy,Oil & Gas Midstream,KDJ,KDJ 金叉,None,0.0,0.5525,0.6296,,0.6296,0,27,0.0284,138.0,141.92,145.84,136.62,2026-07-31,2,True
PAA,Energy,Oil & Gas Midstream,KDJ,KDJ 金叉,None,0.0,0.5525,0.6296,,0.6296,0,27,0.0284,24.57,25.27,25.97,24.32,2026-07-31,2,True
WMB,Energy,Oil & Gas Midstream,KDJ,KDJ 金叉,None,0.0,0.5525,0.6296,,0.6296,0,27,0.0284,71.51,73.54,75.57,70.79,2026-08-04,2,True
WSM,Consumer Discretionary,Specialty Retail,RSI,RSI 維持強勢 (50-70),None,0.0,0.51,0.625,0.625,0.3861,8,360,0.105,248.88,275.01,301.14,246.39,2026-08-04,2,True
FSLR,Information Technology,Solar,BB,價格在 BB 中軌上方,None,0.0,0.425,0.6154,0.6154,0.4327,13,1188,0.0134,243.63,246.89,250.16,241.19,2026-08-04,2,True
IVZ,Financials,Asset Management,BB,價格在 BB 中軌上方,Consolidation Breakout,0.72,0.9791999999999998,0.6,0.6,0.2527,10,2461,0.0361,32.0,33.16,34.31,31.68,2026-08-04,2,False
HSIC,Health Care,Medical Distribution,RSI,RSI 加速上升,None,0.0,0.5525,0.5833,0.5833,0.3667,12,559,0.0226,89.11,91.12,93.14,88.22,2026-08-04,2,True
AIZ,Financials,Insurance - Property & Casualty,RSI,RSI 維持強勢 (50-70),None,0.0,0.51,0.5556,0.5556,0.3448,9,609,0.029,279.19,287.29,295.38,276.4,2026-07-31,2,True
AMZN,Consumer Discretionary,Internet Retail,BB,BB 中軌向上（上升趨勢）,None,0.0,0.51,0.5556,0.5556,0.3934,9,427,0.031,284.02,292.82,301.63,281.18,2026-08-03,2,True
UDR,Real Estate,REIT - Residential,BB,BB 跌破下軌 (超賣),None,0.0,0.45499999999999996,0.5556,0.5556,0.3864,9,132,0.0047,38.16,38.34,38.52,37.78,2026-07-31,2,True
GOOGL,Communication Services,Internet Content & Information,BB,價格在 BB 中軌上方,None,0.0,0.425,0.5385,0.5385,0.4048,13,336,0.0294,356.13,366.6,377.07,352.57,2026-07-31,2,True
FFIV,Information Technology,Software - Infrastructure,RSI,RSI 維持強勢 (50-70),None,0.0,0.51,0.5294,0.5294,0.4471,17,747,0.0225,412.25,421.53,430.8,408.13,2026-08-04,2,True
ANET,Information Technology,Computer Hardware,RSI,RSI 加速上升,None,0.0,0.5525,0.5,0.5,0.4113,6,851,0.0236,190.51,195.01,199.5,188.6,2026-08-04,2,True
IT,Information Technology,Information Technology Services,RSI,RSI 加速上升,None,0.0,0.5525,0.5,0.5,0.4113,6,851,0.0052,185.79,186.76,187.72,183.93,2026-08-04,2,True
MPWR,Information Technology,Semiconductors,RSI,RSI 加速上升,None,0.0,0.5525,0.5,0.5,0.4113,8,851,0.0064,1426.03,1435.16,1444.28,1411.77,2026-07-31,2,True
AAPL,Information Technology,Consumer Electronics,BB,BB 中軌向上（上升趨勢）,None,0.0,0.51,0.5,0.5,0.4238,6,1083,0.0337,308.91,319.32,329.73,305.82,2026-07-31,2,True
DD,Materials,Specialty Chemicals,BB,BB 中軌向上（上升趨勢）,None,0.0,0.51,0.5,0.5,0.3886,10,229,0.026,137.0,140.56,144.12,135.63,2026-07-31,2,True
WY,Real Estate,REIT - Specialty,RSI,RSI 維持強勢 (50-70),None,0.0,0.51,0.5,0.5,0.3261,6,230,0.0201,25.03,25.53,26.04,24.78,2026-07-31,2,True
ZBH,Health Care,Medical Devices,RSI,RSI 維持強勢 (50-70),None,0.0,0.51,0.5,0.5,0.3606,8,502,0.0268,95.81,98.38,100.95,94.85,2026-08-04,2,True
LYV,Communication Services,Entertainment,BB,BB 跌破下軌 (超賣),None,0.0,0.45499999999999996,0.5,0.5,0.3194,6,144,0.0103,174.13,175.92,177.72,172.39,2026-07-31,2,True
SRE,Utilities,Utilities - Diversified,BB,BB 跌破下軌 (超賣),None,0.0,0.45499999999999996,0.5,0.5,0.4097,6,144,0.0428,86.65,90.36,94.07,85.78,2026-08-04,2,True
GILD,Health Care,Drug Manufacturers - General,BB,價格在 BB 中軌上方,None,0.0,0.425,0.5,0.5,0.365,6,715,0.0189,135.25,137.81,140.36,133.9,2026-08-04,2,True
GOOG,Communication Services,Internet Content & Information,BB,價格在 BB 中軌上方,None,0.0,0.425,0.5,0.5,0.4048,16,336,0.0311,356.65,367.74,378.83,353.08,2026-07-31,2,True
SBAC,Real Estate,REIT - Specialty,BB,價格在 BB 中軌上方,None,0.0,0.425,0.5,0.5,0.3248,6,311,0.0267,187.9,192.92,197.93,186.02,2026-08-04,2,True
ENB,Energy,Oil & Gas Midstream,BB,BB 跌破下軌 (超賣),None,0.0,0.45499999999999996,0.4815,,0.4815,0,81,0.0139,53.41,54.15,54.89,52.88,2026-08-04,2,True
INSM,Health Care,Biotechnology,KDJ,KDJ 超賣區金叉,None,0.0,0.5599999999999999,0.48,,0.48,0,25,0.0086,98.75,99.6,100.45,97.76,2026-08-04,2,True
ZBRA,Information Technology,Communication Equipment,RSI,RSI 加速上升,None,0.0,0.5525,0.4667,0.4667,0.4113,15,851,-0.0025,368.83,367.91,366.99,365.14,2026-08-04,2,True
BN,Financials,Asset Management,MACD,MACD 金叉 (空頭區),None,0.0,0.42,0.4667,,0.4667,0,30,0.003,43.53,43.66,43.79,43.09,2026-08-03,2,True
BSBR,Financials,Banks - Regional,MACD,MACD 金叉 (空頭區),None,0.0,0.42,0.4667,,0.4667,0,30,0.003,5.67,5.69,5.7,5.61,2026-07-31,2,True
RVTY,Health Care,Diagnostics & Research,RSI,RSI 加速上升,None,0.0,0.5525,0.4615,0.4615,0.3667,13,559,0.0015,115.22,115.39,115.57,114.07,2026-08-03,2,True
DXCM,Health Care,Medical Devices,RSI,RSI 維持強勢 (50-70),None,0.0,0.51,0.4615,0.4615,0.3606,13,502,-0.0002,83.45,83.43,83.42,82.62,2026-07-31,2,True
FN,Information Technology,Electronic Components,KDJ,KDJ 金叉,None,0.0,0.5525,0.4606,,0.4606,0,165,0.01,531.03,536.34,541.65,525.72,2026-08-04,2,True
SMCIP,Information Technology,Computer Hardware,KDJ,KDJ 金叉,None,0.0,0.5525,0.4606,,0.4606,0,165,0.01,55.3,55.85,56.41,54.75,2026-08-04,2,True
STRD,Information Technology,Software - Application,KDJ,KDJ 金叉,None,0.0,0.5525,0.4606,,0.4606,0,165,0.01,59.59,60.19,60.78,58.99,2026-08-03,2,True
STRK,Information Technology,Software - Application,KDJ,KDJ 金叉,None,0.0,0.5525,0.4606,,0.4606,0,165,0.01,63.2,63.83,64.46,62.57,2026-08-04,2,True
W,Consumer Discretionary,Internet Retail,MACD,MACD 金叉 (多頭區),None,0.0,0.68,0.4524,,0.4524,0,42,0.0084,116.08,117.06,118.03,114.92,2026-08-04,2,True
ILMN,Health Care,Diagnostics & Research,MACD,MACD 金叉 (多頭區),None,0.0,0.68,0.451,,0.451,0,51,0.0047,205.1,206.06,207.03,203.05,2026-07-31,2,True
WAT,Health Care,Diagnostics & Research,MACD,MACD 金叉 (多頭區),None,0.0,0.68,0.451,,0.451,0,51,0.0047,396.08,397.94,399.8,392.12,2026-08-04,2,True
KSPI,Information Technology,Software - Infrastructure,MACD,MACD 金叉 (多頭區),None,0.0,0.68,0.45,,0.45,0,100,0.0204,92.0,93.88,95.75,91.08,2026-08-03,2,True
NET,Information Technology,Software - Infrastructure,MACD,MACD 金叉 (多頭區),None,0.0,0.68,0.45,,0.45,0,100,0.0204,301.33,307.48,313.62,298.32,2026-08-04,2,True
PHM,Consumer Discretionary,Residential Construction,RSI,RSI 維持強勢 (50-70),Morning Star,0.8,1.0,1.0,1.0,0.4226,9,265,0.0574,131.68,139.24,146.8,130.36,2026-08-04,3,False
SLB,Energy,Oil & Gas Equipment & Services,BB,BB 中軌向上（上升趨勢）,Morning Star,0.8,1.0,0.8333,0.8333,0.5571,6,70,0.0405,49.31,51.31,53.3,48.82,2026-08-03,3,False
EL,Consumer Staples,Household & Personal Products,BB,價格在 BB 中軌上方,Bullish Engulfing,0.75,0.9075,0.8,0.8,0.3836,5,146,0.0383,86.97,90.3,93.63,86.1,2026-08-04,3,False
DELL,Information Technology,Computer Hardware,RSI,RSI 維持強勢 (50-70),Bullish Engulfing,0.75,1.0,0.75,0.75,0.3353,8,340,0.0516,429.02,451.16,473.29,424.73,2026-08-03,3,False
SPCX,Industrials,Aerospace & Defense,RSI,RSI 超賣區域 (30),Bullish Engulfing,0.75,1.0,0.75,,0.75,0,8,0.0281,108.37,111.42,114.46,107.29,2026-07-31,3,False
ETR,Utilities,Utilities - Regulated Electric,BB,BB 跌破下軌 (超賣),None,0.0,0.45499999999999996,0.75,0.75,0.4104,8,441,0.0487,107.62,112.86,118.1,106.54,2026-07-31,3,False
GNRC,Industrials,Specialty Industrial Machinery,MACD,MACD 金叉 (空頭區),None,0.0,0.42,0.75,0.75,0.3303,8,875,0.0574,218.63,231.18,243.73,216.44,2026-08-04,3,False
CIEN,Information Technology,Communication Equipment,RSI,RSI 上穿 50 中性線,None,0.0,0.4675,0.7222,0.7222,0.3785,18,1593,0.0476,411.13,430.7,450.27,407.02,2026-08-04,3,False
NEM,Materials,Gold,RSI,RSI 上穿 50 中性線,None,0.0,0.4675,0.7143,0.7143,0.3294,21,595,0.0266,95.37,97.91,100.44,94.42,2026-08-03,3,False
WDC,Information Technology,Computer Hardware,RSI,RSI 上穿 50 中性線,None,0.0,0.4675,0.7,0.7,0.3785,20,1593,0.0721,548.56,588.11,627.66,543.07,2026-08-04,3,False
AVGO,Information Technology,Semiconductors,MACD,MACD 突破 0 軸,None,0.0,0.595,0.6667,0.6667,0.4064,6,529,0.0155,418.16,424.64,431.12,413.98,2026-08-04,3,False
Q,Information Technology,Semiconductor Equipment & Materials,KDJ,KDJ 金叉,None,0.0,0.5525,0.6667,0.6667,0.3918,12,1955,0.0383,131.18,136.2,141.23,129.87,2026-07-31,3,False
TT,Industrials,Building Products & Equipment,KDJ,KDJ 金叉,None,0.0,0.5525,0.6667,0.6667,0.3223,15,2110,0.0317,472.24,487.21,502.18,467.52,2026-08-04,3,False
CVNA,Consumer Discretionary,Auto & Truck Dealerships,RSI,RSI 上穿 50 中性線,None,0.0,0.4675,0.6667,0.6667,0.3072,24,1123,0.0719,66.13,70.88,75.64,65.47,2026-08-03,3,False
MU,Information Technology,Semiconductors,KDJ,KDJ 金叉,None,0.0,0.5525,0.6552,0.6552,0.3918,29,1955,0.0307,892.67,920.07,947.48,883.74,2026-08-04,3,False
SNDK,Information Technology,Computer Hardware,RSI,RSI 加速上升,None,0.0,0.5525,0.6429,0.6429,0.3693,84,10688,0.089,1427.62,1554.68,1681.74,1413.34,2026-08-04,3,False
CDNS,Information Technology,Software - Application,MACD,MACD 金叉 (空頭區),None,0.0,0.42,0.6364,0.6364,0.3767,11,754,0.0325,340.62,351.69,362.76,337.21,2026-08-04,3,False
STX,Information Technology,Computer Hardware,RSI,RSI 上穿 50 中性線,None,0.0,0.4675,0.6316,0.6316,0.3785,19,1593,0.0455,856.13,895.08,934.04,847.57,2026-07-31,3,False
TXN,Information Technology,Semiconductors,KDJ,KDJ 金叉,None,0.0,0.5525,0.6154,0.6154,0.3918,13,1955,0.0201,283.63,289.33,295.03,280.79,2026-08-04,3,False
AKAM,Information Technology,Software - Infrastructure,RSI,RSI 上穿 50 中性線,None,0.0,0.4675,0.6154,0.6154,0.3785,13,1593,0.0355,117.88,122.06,126.25,116.7,2026-08-03,3,False
PSKY,Communication Services,Entertainment,KDJ,KDJ 超賣區金叉,Support,0.8,1.0,0.6,,,0,0,0.0304,7.96,8.2,8.44,7.88,2026-07-31,3,False
PNC,Financials,Banks - Regional,BB,價格在 BB 中軌上方,Morning Star,0.8,0.924,0.6,0.6,0.3937,5,348,0.0188,251.72,256.45,261.18,249.2,2026-08-03,3,False
AXP,Financials,Credit Services,MACD,MACD 突破 0 軸,None,0.0,0.595,0.6,0.6,0.3301,5,618,0.0337,346.71,358.39,370.08,343.24,2026-08-04,3,False
FCX,Materials,Copper,MACD,MACD 突破 0 軸,None,0.0,0.595,0.6,0.6,0.2326,10,215,0.0324,67.3,69.48,71.66,66.63,2026-08-04,3,False
GLW,Information Technology,Electronic Components,MACD,MACD 金叉 (空頭區),None,0.0,0.42,0.6,0.6,0.3767,10,754,0.0281,159.89,164.38,168.88,158.29,2026-08-04,3,False
INTC,Information Technology,Semiconductors,KDJ,KDJ 金叉,None,0.0,0.5525,0.5769,0.5769,0.3918,26,1955,0.0365,90.2,93.49,96.78,89.3,2026-07-31,3,False
D,Utilities,Utilities - Regulated Electric,BB,BB 跌破下軌 (超賣),Bullish Engulfing,0.75,1.0,0.5714,,0.5714,0,7,0.0336,68.75,71.06,73.37,68.06,2026-08-03,3,False
ED,Utilities,Utilities - Regulated Electric,BB,BB 跌破下軌 (超賣),Bullish Engulfing,0.75,1.0,0.5714,,0.5714,0,7,0.0336,107.95,111.58,115.2,106.87,2026-08-03,3,False
EVRG,Utilities,Utilities - Regulated Electric,BB,BB 跌破下軌 (超賣),Bullish Engulfing,0.75,1.0,0.5714,,0.5714,0,7,0.0336,83.01,85.8,88.59,82.18,2026-07-31,3,False
PNW,Utilities,Utilities - Regulated Electric,BB,BB 跌破下軌 (超賣),Bullish Engulfing,0.75,1.0,0.5714,,0.5714,0,7,0.0336,100.08,103.44,106.81,99.08,2026-07-31,3,False
AMAT,Information Technology,Semiconductor Equipment & Materials,RSI,RSI 上穿 50 中性線,None,0.0,0.4675,0.5652,0.5652,0.3785,23,1593,0.0388,546.62,567.83,589.04,541.15,2026-08-04,3,False
VTR,Real Estate,REIT - Healthcare Facilities,RSI,RSI 上穿 50 中性線,None,0.0,0.4675,0.5652,0.5652,0.2311,23,818,0.0157,93.51,94.98,96.45,92.57,2026-07-31,3,False
LITE,Information Technology,Communication Equipment,RSI,RSI 維持強勢 (50-70),None,0.0,0.51,0.5625,0.5625,0.3645,240,16764,0.0391,849.47,882.68,915.9,840.98,2026-08-04,3,False
PANW,Information Technology,Software - Infrastructure,KDJ,KDJ 金叉,None,0.0,0.5525,0.56,0.56,0.3918,25,1955,0.0213,331.83,338.9,345.97,328.51,2026-07-31,3,False
HD,Consumer Discretionary,Home Improvement Retail,MACD,MACD 突破 0 軸,Morning Star,0.8,1.0,0.5455,,,0,0,0.0313,340.02,350.66,361.31,336.62,2026-08-03,3,False
SGI,Consumer Discretionary,"Furnishings, Fixtures & Appliances",BB,BB 跌破下軌 (超賣),Morning Star,0.8,1.0,0.5435,,0.5435,0,46,0.0257,65.33,67.01,68.69,64.68,2026-07-31,3,False
CRWD,Information Technology,Software - Infrastructure,KDJ,KDJ 金叉,None,0.0,0.5525,0.5417,0.5417,0.3918,24,1955,0.0312,190.86,196.81,202.77,188.95,2026-07-31,3,False
NVDA,Information Technology,Semiconductors,MACD,MACD 金叉 (空頭區),None,0.0,0.42,0.5385,0.5385,0.3767,13,754,0.0135,211.94,214.8,217.66,209.82,2026-08-04,3,False
KKR,Financials,Asset Management,RSI,RSI 維持強勢 (50-70),Consolidation Breakout,0.72,1.0,0.5333,0.5333,0.2725,15,1479,0.0267,108.21,111.1,113.99,107.13,2026-08-04,3,False
HBAN,Financials,Banks - Regional,RSI,RSI 上穿 50 中性線,None,0.0,0.4675,0.5333,0.5333,0.3091,15,1899,0.013,17.56,17.79,18.02,17.38,2026-08-04,3,False
DDOG,Information Technology,Software - Application,RSI,RSI 動能加速（強勢區）,None,0.0,0.51,0.5263,0.5263,0.366,38,2885,0.0304,288.15,296.91,305.67,285.27,2026-08-04,3,False
ITT,Industrials,Specialty Industrial Machinery,BB,BB 中軌向上（上升趨勢）,Morning Star,0.8,1.0,0.5233,,0.5233,0,407,0.0228,198.44,202.96,207.49,196.46,2026-08-03,3,False
FIX,Industrials,Engineering & Construction,KDJ,KDJ 金叉,None,0.0,0.5525,0.5116,0.5116,0.3223,43,2110,0.0183,1729.6899,1761.34,1793.0,1712.39,2026-07-31,3,False
TER,Information Technology,Semiconductor Equipment & Materials,RSI,RSI 維持強勢 (50-70),None,0.0,0.51,0.5094,0.5094,0.3645,265,16764,0.0273,403.56,414.58,425.59,399.52,2026-08-04,3,False
CSCO,Information Technology,Communication Equipment,RSI,RSI 動能加速（強勢區）,Consolidation Breakout,0.74,1.0,0.5,0.5,0.2897,14,649,0.0257,121.74,124.87,128.0,120.52,2026-08-04,3,False
IOT,Information Technology,Software - Infrastructure,MACD,MACD 金叉 (多頭區),Support,0.9,1.0,0.5,,,0,0,0.02,37.27,38.02,38.76,36.9,2026-07-31,3,False
PFG,Financials,Asset Management,RSI,RSI 加速上升,Support,0.8,1.0,0.5,,0.5,0,6,0.002,113.7,113.93,114.15,112.56,2026-07-31,3,False
SCHW,Financials,Capital Markets,RSI,RSI 維持強勢 (50-70),Consolidation Breakout,0.76,1.0,0.5,0.5,0.2725,12,1479,-0.0127,106.35,105.0,103.65,105.29,2026-08-04,3,False
TAP,Consumer Staples,Beverages - Brewers,RSI,RSI 維持強勢 (50-70),Bullish Engulfing,0.75,1.0,0.5,0.5,0.4118,6,136,0.0038,42.29,42.45,42.61,41.87,2026-08-04,3,False
UMBF,Financials,Banks - Regional,RSI,RSI 加速上升,Support,0.8,1.0,0.5,,0.5,0,6,0.002,145.73,146.02,146.31,144.27,2026-07-31,3,False
DHI,Consumer Discretionary,Residential Construction,BB,價格在 BB 中軌上方,Morning Star,0.8,0.924,0.5,0.5,0.4444,6,261,0.0326,150.37,155.27,160.17,148.87,2026-08-04,3,False
CHTR,Communication Services,Telecom Services,MACD,MACD 突破 0 軸,None,0.0,0.595,0.5,0.5,0.3333,6,165,0.0103,144.98,146.47,147.97,143.53,2026-07-31,3,False
GEV,Industrials,Specialty Industrial Machinery,RSI,RSI 加速上升,None,0.0,0.5525,0.5,0.5,0.2981,130,11545,0.0157,1018.53,1034.52,1050.51,1008.34,2026-08-04,3,False
HON,Industrials,Conglomerates,KDJ,KDJ 金叉,None,0.0,0.5525,0.5,0.5,0.3223,16,2110,0.0166,248.79,252.92,257.05,246.3,2026-08-04,3,False
LUV,Industrials,Airlines,KDJ,KDJ 金叉,None,0.0,0.5525,0.5,0.5,0.3223,14,2110,0.0116,47.07,47.62,48.16,46.6,2026-08-03,3,False
MGM,Consumer Discretionary,Resorts & Casinos,KDJ,KDJ 金叉,None,0.0,0.5525,0.5,0.5,0.3183,18,1244,0.0272,45.72,46.96,48.21,45.26,2026-08-04,3,False
SOLV,Health Care,Medical Instruments & Supplies,RSI,RSI 加速上升,None,0.0,0.5525,0.5,0.5,0.2803,74,8492,0.0161,88.07,89.49,90.91,87.19,2026-08-03,3,False
STLD,Materials,Steel,KDJ,KDJ 金叉,None,0.0,0.5525,0.5,0.5,0.314,18,637,0.0154,265.1,269.18,273.27,262.45,2026-08-04,3,False
IRM,Real Estate,REIT - Specialty,RSI,RSI 上穿 50 中性線,None,0.0,0.4675,0.5,0.5,0.2311,14,818,0.0187,124.08,126.4,128.72,122.84,2026-08-03,3,False
MAS,Industrials,Building Products & Equipment,BB,BB 跌破下軌 (超賣),None,0.0,0.45499999999999996,0.5,0.5,0.2838,10,1258,0.0141,71.48,72.49,73.5,70.77,2026-07-31,3,False
PPL,Utilities,Utilities - Regulated Electric,BB,BB 跌破下軌 (超賣),None,0.0,0.45499999999999996,0.5,0.5,0.4104,6,441,0.0134,35.21,35.68,36.15,34.86,2026-07-31,3,False
RL,Consumer Discretionary,Apparel Manufacturing,MACD,MACD 金叉 (空頭區),None,0.0,0.42,0.5,0.5,0.3233,10,529,0.0123,380.17,384.85,389.52,376.37,2026-08-03,3,False
ADI,Information Technology,Semiconductors,BB,BB 中軌向上（上升趨勢）,Morning Star,0.8,1.0,0.4841,,0.4841,0,471,0.0267,380.29,390.44,400.6,376.49,2026-08-04,3,False
CAT,Industrials,Farm & Heavy Construction Machinery,KDJ,KDJ 金叉,None,0.0,0.5525,0.4815,0.4815,0.3223,27,2110,0.0154,830.03,842.81,855.59,821.73,2026-08-03,3,False
APA,Energy,Oil & Gas E&P,KDJ,KDJ 金叉,None,0.0,0.5525,0.48,0.48,0.3614,25,498,0.0101,37.32,37.7,38.07,36.95,2026-07-31,3,False
AMD,Information Technology,Semiconductors,RSI,RSI 維持強勢 (50-70),None,0.0,0.51,0.4798,0.4798,0.3645,198,16764,0.0209,518.58,529.42,540.26,513.39,2026-08-04,3,False
WFC,Financials,Banks - Diversified,KDJ,KDJ 金叉,None,0.0,0.5525,0.4783,0.4783,0.3142,23,1932,0.0141,86.45,87.67,88.89,85.59,2026-07-31,3,False
SYF,Financials,Credit Services,RSI,RSI 加速上升,None,0.0,0.5525,0.4749,0.4749,0.3014,179,11488,0.0133,75.79,76.8,77.81,75.03,2026-07-31,3,False
CARR,Industrials,Building Products & Equipment,KDJ,KDJ 金叉,None,0.0,0.5525,0.4737,0.4737,0.3223,19,2110,-0.0008,65.69,65.64,65.58,65.03,2026-08-04,3,False
VRT,Industrials,Electrical Equipment & Parts,RSI,RSI 加速上升,None,0.0,0.5525,0.4734,0.4734,0.2981,188,11545,0.0049,269.93,271.25,272.58,267.23,2026-08-04,3,False
BA,Industrials,Aerospace & Defense,RSI,RSI 加速上升,None,0.0,0.5525,0.473,0.473,0.2981,148,11545,0.0097,233.49,235.75,238.02,231.16,2026-08-03,3,False
DE,Industrials,Farm & Heavy Construction Machinery,RSI,RSI 維持強勢 (50-70),Morning Star,0.8,1.0,0.4725,,0.4725,0,436,0.0182,617.37,628.61,639.84,611.2,2026-08-04,3,False
OC,Industrials,Building Products & Equipment,RSI,RSI 維持強勢 (50-70),Morning Star,0.8,1.0,0.4725,,0.4725,0,436,0.0182,143.21,145.82,148.42,141.78,2026-08-03,3,False
SUNB,Industrials,Rental & Leasing Services,RSI,RSI 維持強勢 (50-70),Morning Star,0.8,1.0,0.4725,,0.4725,0,436,0.0182,75.07,76.44,77.8,74.32,2026-08-03,3,False
WMS,Industrials,Building Products & Equipment,RSI,RSI 維持強勢 (50-70),Morning Star,0.8,1.0,0.4725,,0.4725,0,436,0.0182,145.15,147.79,150.43,143.7,2026-08-03,3,False
CL,Consumer Staples,Household & Personal Products,RSI,RSI 上穿 50 中性線,Bullish Engulfing,0.75,0.9735000000000001,0.4667,,0.4667,0,30,0.0138,92.53,93.81,95.08,91.6,2026-08-04,3,False
KVUE,Consumer Staples,Household & Personal Products,RSI,RSI 上穿 50 中性線,Bullish Engulfing,0.75,0.9735000000000001,0.4667,,0.4667,0,30,0.0138,19.55,19.82,20.09,19.35,2026-08-04,3,False
PG,Consumer Staples,Household & Personal Products,RSI,RSI 上穿 50 中性線,Bullish Engulfing,0.75,0.9735000000000001,0.4667,,0.4667,0,30,0.0138,148.01,150.05,152.1,146.53,2026-08-04,3,False
RF,Financials,Banks - Regional,KDJ,KDJ 金叉,None,0.0,0.5525,0.4667,0.4667,0.3142,15,1932,0.0187,30.95,31.53,32.11,30.64,2026-07-31,3,False
CHRW,Industrials,Integrated Freight & Logistics,BB,BB 跌破下軌 (超賣),None,0.0,0.45499999999999996,0.4667,0.4667,0.2838,15,1258,0.018,147.73,150.39,153.05,146.25,2026-07-31,3,False
HUM,Health Care,Healthcare Plans,BB,BB 跌破下軌 (超賣),None,0.0,0.45499999999999996,0.4667,0.4667,0.2752,15,974,0.0058,363.86,365.97,368.08,360.22,2026-07-31,3,False
EW,Health Care,Medical Devices,MACD,MACD 金叉 (空頭區),None,0.0,0.42,0.4667,0.4667,0.2741,15,686,0.0135,88.82,90.02,91.22,87.93,2026-08-03,3,False
RCL,Consumer Discretionary,Travel Services,RSI,RSI 維持強勢 (50-70),None,0.0,0.51,0.4618,0.4618,0.2995,262,10441,0.0148,325.74,330.56,335.38,322.48,2026-08-04,3,False
JCI,Industrials,Building Products & Equipment,RSI,RSI 動能加速（強勢區）,Consolidation Breakout,0.74,1.0,0.4615,0.4615,0.2653,13,995,0.0058,153.62,154.51,155.4,152.08,2026-08-04,3,False
ATO,Utilities,Utilities - Regulated Gas,BB,BB 跌破下軌 (超賣),None,0.0,0.45499999999999996,0.4615,0.4615,0.4104,13,441,0.0185,172.78,175.98,179.17,171.05,2026-07-31,3,False
EBAY,Consumer Discretionary,Internet Retail,BB,BB 跌破下軌 (超賣),None,0.0,0.45499999999999996,0.4615,0.4615,0.2974,13,733,0.019,107.13,109.17,111.2,106.06,2026-08-03,3,False
SW,Consumer Discretionary,Packaging & Containers,BB,BB 中軌向上（上升趨勢）,Morning Star,0.8,1.0,0.4599,,0.4599,0,237,0.0144,48.52,49.22,49.92,48.03,2026-08-04,3,False
GS,Financials,Capital Markets,RSI,RSI 上穿 50 中性線,None,0.0,0.4675,0.4583,0.4583,0.3091,24,1899,0.008,1052.98,1061.4,1069.83,1042.45,2026-08-04,3,False
JBL,Information Technology,Electronic Components,RSI,RSI 加速上升,None,0.0,0.5525,0.4566,0.4566,0.3693,173,10688,0.0157,340.0,345.34,350.68,336.6,2026-08-04,3,False
HOOD,Financials,Capital Markets,KDJ,KDJ 超賣區金叉,Morning Star,0.8,1.0,0.4565,,0.4565,0,46,0.0117,90.34,91.4,92.45,89.44,2026-08-03,3,False
DOV,Industrials,Specialty Industrial Machinery,MACD,MACD 金叉 (空頭區),None,0.0,0.42,0.4545,0.4545,0.3303,11,875,0.0069,209.93,211.38,212.83,207.83,2026-08-04,3,False
NCLH,Consumer Discretionary,Travel Services,BB,價格在 BB 中軌上方,None,0.0,0.425,0.452,0.452,0.2984,250,12430,0.0114,20.07,20.3,20.53,19.87,2026-08-04,3,False
NOW,Information Technology,Software - Application,RSI,RSI 動能加速（強勢區）,None,0.0,0.51,0.4483,0.4483,0.366,29,2885,0.0072,118.14,118.99,119.84,116.96,2026-08-04,3,False
GSAT,Communication Services,Telecom Services,RSI,RSI 加速上升,None,0.0,0.5525,0.4481,,0.4481,0,241,0.0027,83.38,83.61,83.83,82.55,2026-07-31,3,True
NXT,Information Technology,Solar,BB,BB 跌破下軌 (超賣),None,0.0,0.45499999999999996,0.4474,,0.4474,0,456,0.012,89.87,90.95,92.03,88.97,2026-07-31,3,True
AAOI,Information Technology,Communication Equipment,RSI,RSI 維持強勢 (50-70),None,0.0,0.51,0.4471,,0.4471,0,747,0.0161,131.63,133.75,135.87,130.31,2026-08-04,3,True
ALAB,Information Technology,Semiconductors,RSI,RSI 維持強勢 (50-70),None,0.0,0.51,0.4471,,0.4471,0,747,0.0161,361.67,367.49,373.32,358.05,2026-08-04,3,True
CGNX,Information Technology,Scientific & Technical Instruments,RSI,RSI 維持強勢 (50-70),None,0.0,0.51,0.4471,,0.4471,0,747,0.0161,71.52,72.67,73.82,70.8,2026-08-04,3,True
CRWV,Information Technology,Software - Infrastructure,RSI,RSI 維持強勢 (50-70),None,0.0,0.51,0.4471,,0.4471,0,747,0.0161,85.76,87.14,88.52,84.9,2026-08-03,3,True
FIS,Information Technology,Information Technology Services,RSI,RSI 維持強勢 (50-70),None,0.0,0.51,0.4471,,0.4471,0,747,0.0161,44.26,44.97,45.69,43.82,2026-08-04,3,True
GRAB,Information Technology,Software - Application,RSI,RSI 維持強勢 (50-70),None,0.0,0.51,0.4471,,0.4471,0,747,0.0161,3.72,3.78,3.84,3.68,2026-08-04,3,True
LSCC,Information Technology,Semiconductors,RSI,RSI 維持強勢 (50-70),None,0.0,0.51,0.4471,,0.4471,0,747,0.0161,138.0,140.22,142.44,136.62,2026-08-04,3,True
SHOP,Information Technology,Software - Application,RSI,RSI 維持強勢 (50-70),None,0.0,0.51,0.4471,,0.4471,0,747,0.0161,123.3,125.29,127.27,122.07,2026-08-04,3,True
SNOW,Information Technology,Software - Application,RSI,RSI 維持強勢 (50-70),None,0.0,0.51,0.4471,,0.4471,0,747,0.0161,293.28,298.0,302.72,290.35,2026-07-31,3,True
STRC,Information Technology,Software - Application,RSI,RSI 維持強勢 (50-70),None,0.0,0.51,0.4471,,0.4471,0,747,0.0161,92.32,93.81,95.29,91.4,2026-08-03,3,True
TSEM,Information Technology,Semiconductors,RSI,RSI 維持強勢 (50-70),None,0.0,0.51,0.4471,,0.4471,0,747,0.0161,239.53,243.39,247.24,237.13,2026-08-04,3,True
U,Information Technology,Software - Application,RSI,RSI 維持強勢 (50-70),None,0.0,0.51,0.4471,,0.4471,0,747,0.0161,35.22,35.79,36.35,34.87,2026-08-04,3,True
CHD,Consumer Staples,Household & Personal Products,RSI,RSI 加速上升,Bullish Engulfing,0.75,1.0,0.4444,,0.4444,0,27,0.015,103.0,104.54,106.09,101.97,2026-08-04,3,False
FISV,Information Technology,Financial Technology,BB,BB 中軌向上（上升趨勢）,Bullish Engulfing,0.75,1.0,0.4444,,0.4444,0,9,0.0051,54.35,54.63,54.9,53.81,2026-08-03,3,True
MCHPP,Information Technology,Semiconductors,KDJ,KDJ 超賣區金叉,Morning Star,0.8,1.0,0.4444,,0.4444,0,27,0.0112,64.28,65.0,65.72,63.64,2026-07-31,3,False
HSY,Consumer Staples,Confectioners,MACD,MACD 突破 0 軸,None,0.0,0.595,0.4444,0.4444,0.2408,9,299,0.0057,179.04,180.06,181.08,177.25,2026-08-04,3,False
AES,Utilities,Utilities - Diversified,KDJ,KDJ 金叉,None,0.0,0.5525,0.4444,0.4444,0.3001,9,713,0.0266,14.71,15.1,15.49,14.56,2026-08-03,3,False
AOS,Industrials,Specialty Industrial Machinery,BB,BB 中軌向上（上升趨勢）,None,0.0,0.51,0.4444,0.4444,0.3333,9,936,0.0027,60.13,60.29,60.45,59.53,2026-07-31,3,True
APH,Information Technology,Electronic Components,RSI,RSI 加速上升,None,0.0,0.5525,0.4437,0.4437,0.3693,151,10688,0.0135,171.33,173.64,175.96,169.62,2026-08-04,3,False
EMR,Industrials,Specialty Industrial Machinery,RSI,RSI 動能加速（強勢區）,Consolidation Breakout,0.85,1.0,0.443,,0.443,0,79,0.0094,158.84,160.33,161.83,157.25,2026-08-04,3,True
KLAC,Information Technology,Semiconductor Equipment & Materials,RSI,RSI 維持強勢 (50-70),None,0.0,0.51,0.4427,0.4427,0.3645,314,16764,0.0104,195.45,197.48,199.52,193.5,2026-08-04,3,False
CEG,Utilities,Utilities - Independent Power Producers,RSI,RSI 維持強勢 (50-70),None,0.0,0.51,0.4421,0.4421,0.2471,328,8831,0.0143,267.25,271.07,274.89,264.58,2026-08-04,3,False
BKR,Energy,Oil & Gas Equipment & Services,RSI,RSI 維持強勢 (50-70),Bullish Engulfing,0.75,1.0,0.4386,,0.4386,0,57,0.014,60.81,61.66,62.51,60.2,2026-08-03,3,False
TSN,Consumer Staples,Farm Products,KDJ,KDJ 金叉,None,0.0,0.5525,0.4375,0.4375,0.2503,16,779,0.01,59.61,60.21,60.8,59.01,2026-08-03,3,False
VLO,Energy,Oil & Gas Refining & Marketing,KDJ,KDJ 金叉,None,0.0,0.5525,0.4375,0.4375,0.3614,32,498,0.0127,312.9,316.87,320.85,309.77,2026-07-31,3,False
AM,Energy,Oil & Gas Midstream,RSI,RSI 上穿 50 中性線,None,0.0,0.4675,0.4375,,0.4375,0,32,0.0076,21.97,22.14,22.3,21.75,2026-07-31,3,True
EXE,Energy,Oil & Gas E&P,RSI,RSI 動能加速（強勢區）,None,0.0,0.51,0.4359,0.4359,0.3265,39,873,0.0076,94.03,94.74,95.46,93.09,2026-07-31,3,False
BLDR,Industrials,Building Products & Equipment,RSI,RSI 維持強勢 (50-70),None,0.0,0.51,0.4355,0.4355,0.2986,186,19157,0.003,75.37,75.6,75.82,74.62,2026-08-04,3,False
PODD,Health Care,Medical Devices,RSI,RSI 動能加速（強勢區）,None,0.0,0.51,0.4348,0.4348,0.2606,23,1869,0.0171,169.7,172.6,175.5,168.0,2026-08-03,3,False
ALGN,Health Care,Medical Instruments & Supplies,RSI,RSI 上穿 50 中性線,None,0.0,0.4675,0.4348,0.4348,0.3144,23,1323,0.0055,172.89,173.84,174.79,171.16,2026-08-03,3,False
GE,Industrials,Aerospace & Defense,BB,價格在 BB 中軌上方,Consolidation Breakout,0.74,0.9863999999999999,0.434,0.434,0.2332,53,2543,0.0119,377.28,381.77,386.26,373.51,2026-08-04,3,False
DECK,Consumer Discretionary,Footwear & Accessories,RSI,RSI 加速上升,None,0.0,0.5525,0.4336,0.4336,0.3117,113,6796,0.0083,99.5,100.33,101.15,98.5,2026-08-03,3,False
LRCX,Information Technology,Semiconductor Equipment & Materials,RSI,RSI 上穿 50 中性線,None,0.0,0.4675,0.4333,0.4333,0.3785,30,1593,0.032,317.74,327.91,338.08,314.56,2026-08-04,3,False
BR,Information Technology,Information Technology Services,BB,價格在 BB 中軌上方,None,0.0,0.425,0.4327,,0.4327,0,1188,0.0141,168.41,170.78,173.16,166.73,2026-08-04,3,True
DOCN,Information Technology,Software - Infrastructure,BB,價格在 BB 中軌上方,None,0.0,0.425,0.4327,,0.4327,0,1188,0.0141,128.89,130.71,132.52,127.6,2026-08-04,3,True
LDOS,Information Technology,Information Technology Services,BB,價格在 BB 中軌上方,None,0.0,0.425,0.4327,,0.4327,0,1188,0.0141,130.6,132.44,134.28,129.29,2026-08-04,3,True
SSNC,Information Technology,Software - Application,BB,價格在 BB 中軌上方,None,0.0,0.425,0.4327,,0.4327,0,1188,0.0141,81.06,82.2,83.35,80.25,2026-08-04,3,True
TOST,Information Technology,Software - Infrastructure,BB,價格在 BB 中軌上方,None,0.0,0.425,0.4327,,0.4327,0,1188,0.0141,33.81,34.29,34.76,33.47,2026-08-04,3,True
TTMI,Information Technology,Electronic Components,BB,價格在 BB 中軌上方,None,0.0,0.425,0.4327,,0.4327,0,1188,0.0141,132.79,134.66,136.53,131.46,2026-08-04,3,True
HPE,Information Technology,Communication Equipment,RSI,RSI 動能加速（強勢區）,Bullish Engulfing,0.75,1.0,0.431,,0.431,0,58,0.0145,50.24,50.97,51.7,49.74,2026-08-03,3,False
HPQ,Information Technology,Computer Hardware,RSI,RSI 動能加速（強勢區）,Bullish Engulfing,0.75,1.0,0.431,,0.431,0,58,0.0145,28.82,29.24,29.66,28.53,2026-08-04,3,False
INFY,Information Technology,Information Technology Services,RSI,RSI 動能加速（強勢區）,Bullish Engulfing,0.75,1.0,0.431,,0.431,0,58,0.0145,12.6,12.78,12.97,12.47,2026-08-04,3,False
VST,Utilities,Utilities - Independent Power Producers,RSI,RSI 維持強勢 (50-70),None,0.0,0.51,0.4299,0.4299,0.2471,321,8831,0.0139,155.94,158.11,160.28,154.38,2026-08-03,3,False
UAL,Industrials,Airlines,MACD,MACD 金叉 (多頭區),None,0.0,0.68,0.4286,0.4286,0.2674,7,531,-0.007,128.39,127.49,126.59,127.11,2026-08-03,3,False
CCL,Consumer Discretionary,Travel Services,MACD,MACD 突破 0 軸,None,0.0,0.595,0.4286,0.4286,0.3351,7,376,0.0373,28.74,29.81,30.88,28.45,2026-08-03,3,False
BAC,Financials,Banks - Diversified,KDJ,KDJ 金叉,None,0.0,0.5525,0.4286,0.4286,0.3142,21,1932,0.0139,62.9,63.77,64.65,62.27,2026-08-04,3,False
BBY,Consumer Discretionary,Specialty Retail,BB,BB 中軌向上（上升趨勢）,Bullish Engulfing,0.75,1.0,0.4279,,0.4279,0,208,0.015,86.35,87.65,88.94,85.49,2026-08-04,3,False
MGA,Consumer Discretionary,Auto Parts,BB,BB 中軌向上（上升趨勢）,Bullish Engulfing,0.75,1.0,0.4279,,0.4279,0,208,0.015,70.04,71.09,72.14,69.34,2026-08-04,3,True
PS,Financials,Asset Management,RSI,RSI 維持強勢 (50-70),Morning Star,0.8,1.0,0.4278,,0.4278,0,367,0.0116,35.06,35.47,35.87,34.71,2026-08-03,3,False
TFC,Financials,Banks - Regional,RSI,RSI 維持強勢 (50-70),Morning Star,0.8,1.0,0.4278,,0.4278,0,367,0.0116,52.66,53.27,53.88,52.13,2026-08-04,3,False
TPR,Consumer Discretionary,Luxury Goods,RSI,RSI 動能加速（強勢區）,None,0.0,0.51,0.4255,0.4255,0.3027,47,1665,0.0079,155.63,156.86,158.09,154.07,2026-08-03,3,False
LII,Industrials,Building Products & Equipment,RSI,RSI 維持超賣,None,0.0,0.385,0.4252,,0.4252,0,127,0.01,415.88,420.04,424.2,411.72,2026-07-31,3,True
EME,Industrials,Engineering & Construction,RSI,RSI 維持強勢 (50-70),None,0.0,0.51,0.424,0.424,0.2986,250,19157,0.0082,819.88,826.6,833.33,811.68,2026-08-04,3,False
META,Communication Services,Internet Content & Information,KDJ,KDJ 金叉,None,0.0,0.5525,0.4231,0.4231,0.3345,26,550,0.012,590.24,597.32,604.41,584.34,2026-08-03,3,False
AWK,Utilities,Utilities - Regulated Water,BB,BB 中軌向上（上升趨勢）,Bullish Engulfing,0.75,1.0,0.4222,,0.4222,0,90,0.0167,134.01,136.25,138.49,132.67,2026-08-04,3,False
ORLY,Consumer Discretionary,Auto Parts,RSI,RSI 維持強勢 (50-70),Bullish Engulfing,0.75,1.0,0.4221,,0.4221,0,199,0.0146,91.83,93.17,94.51,90.91,2026-08-04,3,False
TSCO,Consumer Discretionary,Specialty Retail,RSI,RSI 維持強勢 (50-70),Bullish Engulfing,0.75,1.0,0.4221,,0.4221,0,199,0.0146,30.77,31.22,31.67,30.46,2026-07-31,3,False
ECL,Materials,Specialty Chemicals,RSI,RSI 動能加速（強勢區）,Bullish Engulfing,0.75,1.0,0.4211,,0.4211,0,19,0.0022,283.14,283.76,284.39,280.31,2026-08-04,3,False
SWKS,Information Technology,Semiconductors,RSI,RSI 維持強勢 (50-70),Morning Star,0.8,1.0,0.4207,,0.4207,0,454,0.0197,66.79,68.11,69.42,66.12,2026-08-04,3,False
NFLX,Communication Services,Entertainment,RSI,RSI 加速上升,None,0.0,0.5525,0.4179,0.4179,0.3116,134,3322,0.0146,73.33,74.4,75.47,72.6,2026-08-03,3,False
COP,Energy,Oil & Gas E&P,KDJ,KDJ 金叉,None,0.0,0.5525,0.4167,0.4167,0.3614,24,498,-0.0024,120.48,120.19,119.9,119.28,2026-07-31,3,False
FITB,Financials,Banks - Regional,KDJ,KDJ 金叉,None,0.0,0.5525,0.4167,0.4167,0.3142,24,1932,0.0151,57.77,58.64,59.51,57.19,2026-08-04,3,False
DAL,Industrials,Airlines,RSI,RSI 加速上升,None,0.0,0.5525,0.4142,0.4142,0.2981,169,11545,0.0111,91.59,92.61,93.62,90.67,2026-08-03,3,False
NYT,Communication Services,Publishing,RSI,RSI 維持強勢 (50-70),None,0.0,0.51,0.4128,,0.4128,0,235,-0.0015,75.61,75.5,75.38,74.85,2026-08-04,3,True
TIGO,Communication Services,Telecom Services,RSI,RSI 維持強勢 (50-70),None,0.0,0.51,0.4128,,0.4128,0,235,-0.0015,95.48,95.34,95.19,94.53,2026-07-31,3,True
VOD,Communication Services,Telecom Services,RSI,RSI 維持強勢 (50-70),None,0.0,0.51,0.4128,,0.4128,0,235,-0.0015,15.61,15.59,15.56,15.45,2026-08-03,3,True
CDW,Information Technology,Information Technology Services,RSI,RSI 維持強勢 (50-70),Consolidation Breakout,0.85,1.0,0.4118,0.4118,0.2867,17,966,0.0121,154.0,155.86,157.73,152.46,2026-08-04,3,False
GFS,Information Technology,Semiconductors,RSI,RSI 加速上升,None,0.0,0.5525,0.4113,,0.4113,0,851,0.0125,52.02,52.67,53.32,51.5,2026-08-04,3,True
MKSI,Information Technology,Scientific & Technical Instruments,RSI,RSI 加速上升,None,0.0,0.5525,0.4113,,0.4113,0,851,0.0125,320.76,324.77,328.78,317.55,2026-08-04,3,True
ET,Energy,Oil & Gas Midstream,RSI,RSI 維持強勢 (50-70),None,0.0,0.51,0.411,,0.411,0,146,0.0074,20.33,20.48,20.63,20.13,2026-08-04,3,True
SUN,Energy,Oil & Gas Refining & Marketing,RSI,RSI 維持強勢 (50-70),None,0.0,0.51,0.411,,0.411,0,146,0.0074,76.69,77.26,77.83,75.92,2026-07-31,3,True
LVS,Consumer Discretionary,Resorts & Casinos,RSI,RSI 維持強勢 (50-70),None,0.0,0.51,0.4104,0.4104,0.2995,173,10441,0.0113,48.89,49.44,49.99,48.4,2026-07-31,3,False
EMA,Utilities,Utilities - Regulated Electric,BB,BB 跌破下軌 (超賣),None,0.0,0.45499999999999996,0.4104,,0.4104,0,441,0.0122,52.37,53.01,53.65,51.85,2026-08-04,3,False
FTS,Utilities,Utilities - Regulated Electric,BB,BB 跌破下軌 (超賣),None,0.0,0.45499999999999996,0.4104,,0.4104,0,441,0.0122,56.53,57.22,57.91,55.96,2026-08-03,3,False
SOMN,Utilities,Utilities - Regulated Electric,BB,BB 跌破下軌 (超賣),None,0.0,0.45499999999999996,0.4104,,0.4104,0,441,0.0122,49.17,49.77,50.37,48.68,2026-08-03,3,False
ES,Utilities,Utilities - Regulated Electric,BB,BB 跌破下軌 (超賣),None,0.0,0.45499999999999996,0.4097,,0.4097,0,144,0.0064,71.59,72.05,72.51,70.87,2026-07-31,3,True
NRG,Utilities,Utilities - Independent Power Producers,BB,BB 跌破下軌 (超賣),None,0.0,0.45499999999999996,0.4097,,0.4097,0,144,0.0064,117.04,117.79,118.54,115.87,2026-08-04,3,True
SO,Utilities,Utilities - Regulated Electric,BB,BB 跌破下軌 (超賣),None,0.0,0.45499999999999996,0.4097,,0.4097,0,144,0.0064,92.94,93.53,94.13,92.01,2026-08-03,3,True
HII,Industrials,Aerospace & Defense,RSI,RSI 維持強勢 (50-70),None,0.0,0.51,0.4065,0.4065,0.2986,278,19157,0.0131,323.06,327.29,331.52,319.83,2026-08-04,3,False
CACI,Information Technology,Information Technology Services,MACD,MACD 突破 0 軸,None,0.0,0.595,0.4064,,0.4064,0,529,0.0085,497.75,501.98,506.21,492.77,2026-07-31,3,False
LFUS,Information Technology,Electronic Components,MACD,MACD 突破 0 軸,None,0.0,0.595,0.4064,,0.4064,0,529,0.0085,466.46,470.42,474.39,461.8,2026-08-04,3,False
MDB,Information Technology,Software - Infrastructure,MACD,MACD 突破 0 軸,None,0.0,0.595,0.4064,,0.4064,0,529,0.0085,380.04,383.27,386.5,376.24,2026-08-04,3,False
P,Information Technology,Computer Hardware,MACD,MACD 突破 0 軸,None,0.0,0.595,0.4064,,0.4064,0,529,0.0085,80.14,80.82,81.5,79.34,2026-08-03,3,False
GWW,Industrials,Industrial Distribution,KDJ,KDJ 金叉,None,0.0,0.5525,0.4062,0.4062,0.3223,32,2110,0.005,1371.25,1378.11,1384.96,1357.54,2026-08-03,3,False
MKL,Financials,Insurance - Property & Casualty,BB,BB 跌破下軌 (超賣),None,0.0,0.45499999999999996,0.4057,,0.4057,0,424,0.0104,1882.34,1901.92,1921.49,1863.52,2026-07-31,3,True
CFG,Financials,Banks - Regional,RSI,RSI 加速上升,None,0.0,0.5525,0.4049,0.4049,0.3014,163,11488,0.0121,72.7,73.58,74.46,71.97,2026-08-03,3,False
EQT,Energy,Oil & Gas E&P,RSI,RSI 加速上升,None,0.0,0.5525,0.4048,0.4048,0.3227,126,3306,0.0092,53.56,54.05,54.55,53.02,2026-08-03,3,False
PINS,Communication Services,Internet Content & Information,BB,價格在 BB 中軌上方,None,0.0,0.425,0.4048,,0.4048,0,336,-0.0001,25.58,25.58,25.57,25.32,2026-08-04,3,True
KEY,Financials,Banks - Regional,RSI,RSI 加速上升,None,0.0,0.5525,0.4029,0.4029,0.3014,139,11488,0.0114,23.1,23.36,23.63,22.87,2026-08-04,3,False
IHG,Consumer Discretionary,Lodging,BB,價格在 BB 中軌上方,None,0.0,0.425,0.4026,,0.4026,0,529,0.0119,162.28,164.21,166.14,160.66,2026-07-31,3,True
RACE,Consumer Discretionary,Auto Manufacturers,BB,價格在 BB 中軌上方,None,0.0,0.425,0.4026,,0.4026,0,529,0.0119,393.87,398.56,403.24,389.93,2026-07-31,3,True
SN,Consumer Discretionary,"Furnishings, Fixtures & Appliances",BB,價格在 BB 中軌上方,None,0.0,0.425,0.4026,,0.4026,0,529,0.0119,168.19,170.19,172.19,166.51,2026-08-04,3,True
MS,Financials,Capital Markets,RSI,RSI 加速上升,None,0.0,0.5525,0.4025,0.4025,0.3014,159,11488,0.0109,217.04,219.41,221.77,214.87,2026-08-04,3,False
APG,Industrials,Engineering & Construction,BB,BB 中軌向上（上升趨勢）,Bullish Engulfing,0.75,1.0,0.4012,,0.4012,0,324,0.0121,39.84,40.32,40.8,39.44,2026-08-03,3,False
CSX,Industrials,Railroads,BB,BB 中軌向上（上升趨勢）,Bullish Engulfing,0.75,1.0,0.4012,,0.4012,0,324,0.0121,51.03,51.65,52.26,50.52,2026-08-04,3,False
ITW,Industrials,Specialty Industrial Machinery,BB,BB 中軌向上（上升趨勢）,Bullish Engulfing,0.75,1.0,0.4012,,0.4012,0,324,0.0121,295.06,298.63,302.2,292.11,2026-08-04,3,False
NSC,Industrials,Railroads,BB,BB 中軌向上（上升趨勢）,Bullish Engulfing,0.75,1.0,0.4012,,0.4012,0,324,0.0121,335.48,339.54,343.6,332.13,2026-07-31,3,False
UNP,Industrials,Railroads,BB,BB 中軌向上（上升趨勢）,Bullish Engulfing,0.75,1.0,0.4012,,0.4012,0,324,0.0121,296.35,299.94,303.52,293.39,2026-08-04,3,False
VLTO,Industrials,Pollution & Treatment Controls,BB,BB 中軌向上（上升趨勢）,Bullish Engulfing,0.75,1.0,0.4012,,0.4012,0,324,0.0121,96.45,97.62,98.78,95.49,2026-08-04,3,False
EQR,Real Estate,REIT - Residential,BB,BB 跌破下軌 (超賣),Bullish Engulfing,0.75,1.0,0.4,,0.4,0,5,0.0074,66.45,66.94,67.43,65.79,2026-07-31,3,False
RMD,Health Care,Medical Instruments & Supplies,RSI,RSI 動能加速（強勢區）,Consolidation Breakout,0.85,1.0,0.4,0.4,0.2144,5,513,-0.0009,223.14,222.94,222.74,220.91,2026-08-04,3,False
USB,Financials,Banks - Regional,RSI,RSI 維持強勢 (50-70),Morning Star,0.8,1.0,0.4,0.4,0.4278,5,367,0.0059,63.94,64.32,64.69,63.3,2026-08-03,3,False
WBD,Communication Services,Entertainment,RSI,RSI 維持強勢 (50-70),Bullish Engulfing,0.75,1.0,0.4,0.4,0.3884,5,121,0.0264,26.3,26.99,27.69,26.04,2026-07-31,3,False
PYPL,Financials,Credit Services,BB,價格在 BB 中軌上方,Bullish Engulfing,0.75,0.9075,0.4,0.4,0.3294,5,337,0.0219,58.54,59.82,61.1,57.95,2026-08-04,3,False
COST,Consumer Staples,Discount Stores,MACD,MACD 突破 0 軸,None,0.0,0.595,0.4,0.4,0.2408,10,299,0.0202,954.08,973.35,992.62,944.54,2026-08-03,3,False
KEYS,Information Technology,Scientific & Technical Instruments,KDJ,KDJ 金叉,None,0.0,0.5525,0.4,0.4,0.3918,25,1955,0.0165,319.08,324.34,329.61,315.89,2026-07-31,3,False
MCO,Financials,Financial Data & Stock Exchanges,KDJ,KDJ 金叉,None,0.0,0.5525,0.4,0.4,0.3142,25,1932,0.0087,478.38,482.54,486.7,473.6,2026-07-31,3,False
ROK,Industrials,Specialty Industrial Machinery,RSI,RSI 加速上升,None,0.0,0.5525,0.4,0.4,0.3379,5,651,0.0091,480.98,485.36,489.73,476.17,2026-08-03,3,True
QCOM,Information Technology,Semiconductors,RSI,RSI 超賣區域 (30),None,0.0,0.5249999999999999,0.4,0.4,0.3319,5,238,-0.0099,147.61,146.15,144.69,146.13,2026-07-31,3,False
MPC,Energy,Oil & Gas Refining & Marketing,RSI,RSI 動能加速（強勢區）,None,0.0,0.51,0.4,0.4,0.3265,40,873,0.0074,312.61,314.92,317.24,309.48,2026-08-04,3,False
CTSH,Information Technology,Information Technology Services,BB,價格在 BB 中軌上方,None,0.0,0.425,0.4,0.4,0.4327,10,1188,0.0173,56.13,57.1,58.07,55.57,2026-08-04,3,True
C,Financials,Banks - Diversified,RSI,RSI 加速上升,None,0.0,0.5525,0.3989,0.3989,0.3014,188,11488,0.0114,136.87,138.43,139.99,135.5,2026-08-04,3,False
COF,Financials,Credit Services,RSI,RSI 加速上升,None,0.0,0.5525,0.3968,0.3968,0.3014,126,11488,0.0071,217.68,219.23,220.77,215.5,2026-08-03,3,False
MTB,Financials,Banks - Regional,RSI,RSI 動能加速（強勢區）,None,0.0,0.51,0.3958,0.3958,0.279,48,3129,0.0118,253.06,256.05,259.03,250.53,2026-08-04,3,False
WAB,Industrials,Railroads,RSI,RSI 動能加速（強勢區）,None,0.0,0.51,0.3958,0.3958,0.2891,48,3037,0.0051,296.47,297.98,299.49,293.51,2026-08-03,3,False
TTD,Communication Services,Advertising Agencies,RSI,RSI 加速上升,None,0.0,0.5525,0.3947,0.3947,0.3116,190,3322,-0.0015,18.04,18.01,17.99,17.86,2026-07-31,3,False
AXON,Industrials,Aerospace & Defense,RSI,RSI 動能加速（強勢區）,None,0.0,0.51,0.3939,0.3939,0.2891,33,3037,0.0224,575.88,588.78,601.68,570.12,2026-08-03,3,False
APTV,Consumer Discretionary,Auto Parts,BB,BB 中軌向上（上升趨勢）,None,0.0,0.51,0.3934,,0.3934,0,427,0.0097,47.72,48.18,48.65,47.24,2026-08-04,3,True
HUBB,Industrials,Electrical Equipment & Parts,RSI,RSI 上穿 50 中性線,None,0.0,0.4675,0.3929,0.3929,0.304,28,1816,0.0009,502.24,502.69,503.14,497.22,2026-08-04,3,False
ARE,Real Estate,REIT - Office,BB,價格在 BB 中軌上方,None,0.0,0.425,0.3923,0.3923,0.248,209,8032,0.0054,53.03,53.32,53.6,52.5,2026-08-03,3,False
ALGM,Information Technology,Semiconductors,KDJ,KDJ 金叉,None,0.0,0.5525,0.3918,,0.3918,0,1955,0.0107,42.85,43.31,43.77,42.42,2026-08-04,3,False
AMKR,Information Technology,Semiconductor Equipment & Materials,KDJ,KDJ 金叉,None,0.0,0.5525,0.3918,,0.3918,0,1955,0.0107,55.87,56.47,57.07,55.31,2026-08-04,3,False
APLD,Information Technology,Information Technology Services,KDJ,KDJ 金叉,None,0.0,0.5525,0.3918,,0.3918,0,1955,0.0107,27.39,27.68,27.98,27.12,2026-07-31,3,False
ARM,Information Technology,Semiconductors,KDJ,KDJ 金叉,None,0.0,0.5525,0.3918,,0.3918,0,1955,0.0107,280.56,283.56,286.56,277.75,2026-08-04,3,False
ARW,Information Technology,Electronics & Computer Distribution,KDJ,KDJ 金叉,None,0.0,0.5525,0.3918,,0.3918,0,1955,0.0107,216.81,219.13,221.45,214.64,2026-08-03,3,False
ASML,Information Technology,Semiconductor Equipment & Materials,KDJ,KDJ 金叉,None,0.0,0.5525,0.3918,,0.3918,0,1955,0.0107,1642.52,1660.09,1677.67,1626.09,2026-08-03,3,False
ASX,Information Technology,Semiconductors,KDJ,KDJ 金叉,None,0.0,0.5525,0.3918,,0.3918,0,1955,0.0107,35.17,35.55,35.92,34.82,2026-07-31,3,False
CBRS,Information Technology,Semiconductors,KDJ,KDJ 金叉,None,0.0,0.5525,0.3918,,0.3918,0,1955,0.0107,219.97,222.32,224.68,217.77,2026-08-03,3,False
CIFR,Information Technology,Information Technology Services,KDJ,KDJ 金叉,None,0.0,0.5525,0.3918,,0.3918,0,1955,0.0107,24.16,24.42,24.68,23.92,2026-08-03,3,False
FLEX,Information Technology,Electronic Components,KDJ,KDJ 金叉,None,0.0,0.5525,0.3918,,0.3918,0,1955,0.0107,113.75,114.97,116.18,112.61,2026-07-31,3,False
GWRE,Information Technology,Software - Application,KDJ,KDJ 金叉,None,0.0,0.5525,0.3918,,0.3918,0,1955,0.0107,157.33,159.01,160.7,155.76,2026-08-03,3,False
JKHY,Information Technology,Information Technology Services,KDJ,KDJ 金叉,None,0.0,0.5525,0.3918,,0.3918,0,1955,0.0107,156.63,158.31,159.98,155.06,2026-08-04,3,False
LOGI,Information Technology,Computer Hardware,KDJ,KDJ 金叉,None,0.0,0.5525,0.3918,,0.3918,0,1955,0.0107,108.95,110.12,111.28,107.86,2026-08-04,3,False
MRVL,Information Technology,Semiconductors,KDJ,KDJ 金叉,None,0.0,0.5525,0.3918,,0.3918,0,1955,0.0107,187.56,189.57,191.57,185.68,2026-07-31,3,False
MSTR,Information Technology,Software - Application,KDJ,KDJ 金叉,None,0.0,0.5525,0.3918,,0.3918,0,1955,0.0107,97.65,98.69,99.74,96.67,2026-08-04,3,False
MTSI,Information Technology,Semiconductors,KDJ,KDJ 金叉,None,0.0,0.5525,0.3918,,0.3918,0,1955,0.0107,251.44,254.13,256.82,248.93,2026-07-31,3,False
NVMI,Information Technology,Semiconductor Equipment & Materials,KDJ,KDJ 金叉,None,0.0,0.5525,0.3918,,0.3918,0,1955,0.0107,390.87,395.05,399.23,386.96,2026-07-31,3,False
RMBS,Information Technology,Semiconductors,KDJ,KDJ 金叉,None,0.0,0.5525,0.3918,,0.3918,0,1955,0.0107,92.21,93.2,94.18,91.29,2026-08-03,3,False
SMTC,Information Technology,Semiconductors,KDJ,KDJ 金叉,None,0.0,0.5525,0.3918,,0.3918,0,1955,0.0107,119.08,120.35,121.63,117.89,2026-08-03,3,False
VTRS,Health Care,Drug Manufacturers - Specialty & Generic,BB,BB 中軌向上（上升趨勢）,None,0.0,0.51,0.3899,0.3899,0.2705,218,10885,0.0123,17.7,17.92,18.14,17.52,2026-08-04,3,False
CNH,Industrials,Farm & Heavy Construction Machinery,RSI,RSI 上穿 50 中性線,None,0.0,0.4675,0.3898,,0.3898,0,118,0.0111,10.8,10.92,11.04,10.69,2026-08-03,3,True
FERG,Industrials,Industrial Distribution,RSI,RSI 上穿 50 中性線,None,0.0,0.4675,0.3898,,0.3898,0,118,0.0111,234.33,236.93,239.53,231.99,2026-07-31,3,True
TDG,Industrials,Aerospace & Defense,RSI,RSI 上穿 50 中性線,None,0.0,0.4675,0.3898,,0.3898,0,118,0.0111,1285.5601,1299.83,1314.1,1272.7,2026-08-03,3,True
TECH,Health Care,Biotechnology,BB,價格在 BB 中軌上方,None,0.0,0.425,0.3897,0.3897,0.2804,195,14417,-0.0003,72.14,72.12,72.1,71.42,2026-08-03,3,False
ROL,Consumer Discretionary,Personal Services,RSI,RSI 維持超賣,None,0.0,0.385,0.3894,,0.3894,0,565,0.0066,37.81,38.06,38.31,37.43,2026-08-04,3,False
CMI,Industrials,Specialty Industrial Machinery,KDJ,KDJ 金叉,None,0.0,0.5525,0.3889,0.3889,0.3223,36,2110,0.0101,648.85,655.4,661.96,642.36,2026-08-03,3,False
AU,Materials,Gold,BB,BB 中軌向上（上升趨勢）,None,0.0,0.51,0.3886,,0.3886,0,229,0.0091,79.32,80.04,80.76,78.53,2026-07-31,3,True
BCE,Communication Services,Telecom Services,RSI,RSI 維持強勢 (50-70),Bullish Engulfing,0.75,1.0,0.3884,,0.3884,0,121,0.0056,22.0,22.12,22.25,21.78,2026-08-04,3,False
OMC,Communication Services,Advertising Agencies,RSI,RSI 維持強勢 (50-70),Bullish Engulfing,0.75,1.0,0.3884,,0.3884,0,121,0.0056,81.81,82.27,82.73,80.99,2026-08-04,3,False
CW,Industrials,Aerospace & Defense,RSI,RSI 維持強勢 (50-70),Bullish Engulfing,0.75,1.0,0.3881,,0.3881,0,335,0.009,747.67,754.4,761.13,740.19,2026-08-03,3,False
EFX,Industrials,Consulting Services,RSI,RSI 維持強勢 (50-70),Bullish Engulfing,0.75,1.0,0.3881,,0.3881,0,335,0.009,177.12,178.71,180.31,175.35,2026-08-04,3,False
RRX,Industrials,Specialty Industrial Machinery,RSI,RSI 維持強勢 (50-70),Bullish Engulfing,0.75,1.0,0.3881,,0.3881,0,335,0.009,211.21,213.11,215.01,209.1,2026-08-03,3,False
SPOT,Communication Services,Internet Content & Information,BB,BB 中軌向上（上升趨勢）,None,0.0,0.51,0.3881,,0.3881,0,268,0.0017,478.17,478.98,479.8,473.39,2026-08-04,3,True
ESS,Real Estate,REIT - Residential,KDJ,KDJ 金叉,Bullish Engulfing,0.75,1.0,0.3871,,0.3871,0,31,0.0016,287.21,287.67,288.13,284.34,2026-08-04,3,False
DVN,Energy,Oil & Gas E&P,RSI,RSI 加速上升,None,0.0,0.5525,0.3864,0.3864,0.3227,132,3306,0.005,44.05,44.27,44.49,43.61,2026-08-04,3,False
VNOM,Energy,Oil & Gas Midstream,BB,BB 中軌向上（上升趨勢）,None,0.0,0.51,0.386,,0.386,0,171,0.0019,42.34,42.42,42.5,41.92,2026-08-04,3,True
APO,Financials,Asset Management,KDJ,KDJ 金叉,None,0.0,0.5525,0.3846,0.3846,0.3142,26,1932,0.021,125.59,128.23,130.86,124.33,2026-07-31,3,False
TPL,Energy,Oil & Gas E&P,RSI,RSI 上穿 50 中性線,None,0.0,0.4675,0.3846,0.3846,0.361,26,579,0.0093,406.15,409.93,413.7,402.09,2026-08-03,3,False
NXPI,Information Technology,Semiconductors,BB,BB 跌破下軌 (超賣),None,0.0,0.45499999999999996,0.3846,0.3846,0.3447,13,1001,0.0015,224.17,224.51,224.84,221.93,2026-08-03,3,False
WTW,Financials,Insurance Brokers,BB,價格在 BB 中軌上方,None,0.0,0.425,0.3846,0.3846,0.3239,13,852,-0.0243,335.92,327.76,319.59,332.56,2026-07-31,3,True
NUE,Materials,Steel,RSI,RSI 維持強勢 (50-70),None,0.0,0.51,0.3827,0.3827,0.286,162,5721,0.0078,261.28,263.32,265.36,258.67,2026-08-03,3,False
ULS,Industrials,Specialty Business Services,RSI,RSI 超賣區域 (30),None,0.0,0.5249999999999999,0.3818,,0.3818,0,110,0.0044,78.34,78.68,79.03,77.56,2026-08-04,3,True
ESI,Materials,Specialty Chemicals,MACD,MACD 金叉 (空頭區),None,0.0,0.42,0.3816,,0.3816,0,304,0.0078,38.89,39.19,39.5,38.5,2026-08-04,3,False
HL,Materials,Other Precious Metals & Mining,MACD,MACD 金叉 (空頭區),None,0.0,0.42,0.3816,,0.3816,0,304,0.0078,15.39,15.51,15.63,15.24,2026-08-04,3,False
SNPS,Information Technology,Software - Infrastructure,RSI,RSI 加速上升,None,0.0,0.5525,0.381,0.381,0.3693,126,10688,0.0114,403.86,408.46,413.07,399.82,2026-08-04,3,False
UPS,Industrials,Integrated Freight & Logistics,KDJ,KDJ 金叉,None,0.0,0.5525,0.381,0.381,0.3223,21,2110,0.0075,109.11,109.93,110.75,108.02,2026-08-04,3,False
HAL,Energy,Oil & Gas Equipment & Services,KDJ,KDJ 金叉,None,0.0,0.5525,0.3793,0.3793,0.3614,29,498,0.0161,32.25,32.77,33.29,31.93,2026-07-31,3,False
ORCL,Information Technology,Software - Infrastructure,RSI,RSI 加速上升,None,0.0,0.5525,0.3793,0.3793,0.3693,145,10688,0.005,145.74,146.47,147.2,144.28,2026-08-04,3,False
URI,Industrials,Rental & Leasing Services,RSI,RSI 維持強勢 (50-70),None,0.0,0.51,0.3792,0.3792,0.2986,240,19157,0.0121,1150.13,1164.05,1177.96,1138.63,2026-08-04,3,False
ASTS,Information Technology,Communication Equipment,RSI,RSI 上穿 50 中性線,None,0.0,0.4675,0.3785,,0.3785,0,1593,0.0087,70.31,70.92,71.53,69.61,2026-08-04,3,False
CLS,Information Technology,Electronic Components,RSI,RSI 上穿 50 中性線,None,0.0,0.4675,0.3785,,0.3785,0,1593,0.0087,341.91,344.88,347.86,338.49,2026-08-03,3,False
CRDO,Information Technology,Semiconductors,RSI,RSI 上穿 50 中性線,None,0.0,0.4675,0.3785,,0.3785,0,1593,0.0087,237.92,239.99,242.06,235.54,2026-08-04,3,False
ENTG,Information Technology,Semiconductor Equipment & Materials,RSI,RSI 上穿 50 中性線,None,0.0,0.4675,0.3785,,0.3785,0,1593,0.0087,144.56,145.82,147.08,143.11,2026-08-04,3,False
FORM,Information Technology,Semiconductor Equipment & Materials,RSI,RSI 上穿 50 中性線,None,0.0,0.4675,0.3785,,0.3785,0,1593,0.0087,120.3,121.35,122.39,119.1,2026-08-04,3,False
FROG,Information Technology,Software - Application,RSI,RSI 上穿 50 中性線,None,0.0,0.4675,0.3785,,0.3785,0,1593,0.0087,86.22,86.97,87.72,85.36,2026-08-04,3,False
IONQ,Information Technology,Computer Hardware,RSI,RSI 上穿 50 中性線,None,0.0,0.4675,0.3785,,0.3785,0,1593,0.0087,41.72,42.08,42.45,41.3,2026-08-04,3,False
ONTO,Information Technology,Semiconductor Equipment & Materials,RSI,RSI 上穿 50 中性線,None,0.0,0.4675,0.3785,,0.3785,0,1593,0.0087,287.6,290.1,292.6,284.72,2026-08-04,3,False
RBRK,Information Technology,Software - Infrastructure,RSI,RSI 上穿 50 中性線,None,0.0,0.4675,0.3785,,0.3785,0,1593,0.0087,80.99,81.69,82.4,80.18,2026-08-04,3,False
STRF,Information Technology,Software - Application,RSI,RSI 上穿 50 中性線,None,0.0,0.4675,0.3785,,0.3785,0,1593,0.0087,95.91,96.74,97.58,94.95,2026-08-03,3,False
TSM,Information Technology,Semiconductors,RSI,RSI 上穿 50 中性線,None,0.0,0.4675,0.3785,,0.3785,0,1593,0.0087,417.17,420.8,424.43,413.0,2026-08-04,3,False
UBER,Information Technology,Software - Application,RSI,RSI 上穿 50 中性線,None,0.0,0.4675,0.3785,,0.3785,0,1593,0.0087,71.61,72.23,72.86,70.89,2026-08-03,3,False
UI,Information Technology,Communication Equipment,RSI,RSI 上穿 50 中性線,None,0.0,0.4675,0.3785,,0.3785,0,1593,0.0087,560.0,564.87,569.74,554.4,2026-08-04,3,False
WSE,Information Technology,Information Technology Services,RSI,RSI 上穿 50 中性線,None,0.0,0.4675,0.3785,,0.3785,0,1593,0.0087,12.33,12.44,12.54,12.21,2026-08-03,3,False
ROIV,Health Care,Biotechnology,RSI,RSI 維持強勢 (50-70),Morning Star,0.8,1.0,0.3781,,0.3781,0,283,0.0127,34.59,35.03,35.47,34.24,2026-08-04,3,False
IDXX,Health Care,Diagnostics & Research,RSI,RSI 動能加速（強勢區）,None,0.0,0.51,0.3778,,0.3778,0,225,0.0031,588.09,589.91,591.74,582.21,2026-08-04,3,True
JPM,Financials,Banks - Diversified,RSI,RSI 動能加速（強勢區）,None,0.0,0.51,0.3778,0.3778,0.279,45,3129,0.011,357.52,361.45,365.39,353.94,2026-08-04,3,False
MTD,Health Care,Diagnostics & Research,RSI,RSI 動能加速（強勢區）,None,0.0,0.51,0.3778,,0.3778,0,225,0.0031,1416.3,1420.69,1425.08,1402.14,2026-07-31,3,True
DKS,Consumer Discretionary,Specialty Retail,KDJ,KDJ 超賣區金叉,None,0.0,0.5599999999999999,0.3775,,0.3775,0,302,0.0037,200.82,201.56,202.31,198.81,2026-08-03,3,False
TSLA,Consumer Discretionary,Auto Manufacturers,KDJ,KDJ 超賣區金叉,None,0.0,0.5599999999999999,0.3775,,0.3775,0,302,0.0037,311.21,312.36,313.51,308.1,2026-07-31,3,False
NOK,Information Technology,Communication Equipment,MACD,MACD 金叉 (空頭區),None,0.0,0.42,0.3767,,0.3767,0,754,0.0102,9.92,10.02,10.12,9.82,2026-08-04,3,False
SANM,Information Technology,Electronic Components,MACD,MACD 金叉 (空頭區),None,0.0,0.42,0.3767,,0.3767,0,754,0.0102,207.46,209.58,211.69,205.39,2026-08-04,3,False
SITM,Information Technology,Semiconductors,MACD,MACD 金叉 (空頭區),None,0.0,0.42,0.3767,,0.3767,0,754,0.0102,583.06,589.01,594.95,577.23,2026-08-04,3,False
VIAV,Information Technology,Communication Equipment,MACD,MACD 金叉 (空頭區),None,0.0,0.42,0.3767,,0.3767,0,754,0.0102,40.32,40.73,41.14,39.92,2026-08-04,3,False
VICR,Information Technology,Electronic Components,MACD,MACD 金叉 (空頭區),None,0.0,0.42,0.3767,,0.3767,0,754,0.0102,226.48,228.79,231.1,224.22,2026-08-04,3,False
CMCSA,Communication Services,Telecom Services,MACD,MACD 突破 0 軸,None,0.0,0.595,0.375,0.375,0.3333,8,165,0.0016,23.96,24.0,24.04,23.72,2026-07-31,3,False
LULU,Consumer Discretionary,Apparel Retail,BB,BB 中軌向上（上升趨勢）,None,0.0,0.51,0.375,0.375,0.2908,152,9757,0.0064,123.03,123.82,124.6,121.8,2026-08-04,3,False
UHS,Health Care,Medical Care Facilities,RSI,RSI 動能加速（強勢區）,None,0.0,0.51,0.375,0.375,0.2606,24,1869,0.0077,168.44,169.74,171.03,166.76,2026-07-31,3,False
CVS,Health Care,Healthcare Plans,RSI,RSI 上穿 50 中性線,None,0.0,0.4675,0.375,0.375,0.3144,24,1323,0.0051,105.37,105.91,106.44,104.32,2026-08-03,3,False
ALB,Materials,Specialty Chemicals,BB,BB 中軌向上（上升趨勢）,None,0.0,0.51,0.3744,0.3744,0.2853,227,5036,0.0034,120.82,121.23,121.64,119.61,2026-08-04,3,False
BKNG,Consumer Discretionary,Travel Services,RSI,RSI 加速上升,None,0.0,0.5525,0.3742,0.3742,0.3117,155,6796,0.0066,192.9,194.17,195.45,190.97,2026-07-31,3,False
CF,Materials,Agricultural Inputs,RSI,RSI 維持強勢 (50-70),None,0.0,0.51,0.3742,0.3742,0.286,155,5721,0.0005,125.19,125.25,125.32,123.94,2026-07-31,3,False
TEL,Information Technology,Electronic Components,KDJ,KDJ 金叉,Morning Star,0.8,1.0,0.374,,0.374,0,123,0.0122,216.82,219.47,222.11,214.65,2026-08-04,3,False
GDDY,Information Technology,Software - Infrastructure,BB,BB 中軌向上（上升趨勢）,None,0.0,0.51,0.3739,0.3739,0.3639,222,16781,0.0049,89.09,89.53,89.96,88.2,2026-08-04,3,False
DLTR,Consumer Staples,Discount Stores,RSI,RSI 維持強勢 (50-70),None,0.0,0.51,0.3736,0.3736,0.2452,182,7574,-0.0013,130.71,130.54,130.37,129.4,2026-08-04,3,False
PWR,Industrials,Engineering & Construction,RSI,RSI 加速上升,None,0.0,0.5525,0.3732,0.3732,0.2981,142,11545,0.0094,693.0,699.51,706.03,686.07,2026-08-04,3,False
MELI,Consumer Discretionary,Internet Retail,MACD,MACD 金叉 (多頭區),None,0.0,0.68,0.37,,0.37,0,273,0.0063,1877.95,1889.78,1901.61,1859.17,2026-07-31,3,False
ONON,Consumer Discretionary,Footwear & Accessories,MACD,MACD 金叉 (多頭區),None,0.0,0.68,0.37,,0.37,0,273,0.0063,37.95,38.19,38.43,37.57,2026-08-03,3,False
SE,Consumer Discretionary,Internet Retail,MACD,MACD 金叉 (多頭區),None,0.0,0.68,0.37,,0.37,0,273,0.0063,111.44,112.14,112.84,110.33,2026-08-04,3,False
eBay,Consumer Discretionary,Internet Retail,MACD,MACD 金叉 (多頭區),None,0.0,0.68,0.37,,0.37,0,273,0.0063,111.75,112.45,113.16,110.63,2026-06-30,3,False
AIG,Financials,Insurance - Diversified,BB,BB 中軌向上（上升趨勢）,Bullish Engulfing,0.75,1.0,0.3697,,0.3697,0,330,0.0108,79.32,80.18,81.03,78.53,2026-08-04,3,False
CRBG,Financials,Asset Management,BB,BB 中軌向上（上升趨勢）,Bullish Engulfing,0.75,1.0,0.3697,,0.3697,0,330,0.0108,31.6,31.94,32.28,31.28,2026-08-04,3,False
FDS,Financials,Financial Data & Stock Exchanges,BB,BB 中軌向上（上升趨勢）,Bullish Engulfing,0.75,1.0,0.3697,,0.3697,0,330,0.0108,274.49,277.45,280.42,271.75,2026-08-04,3,False
MFC,Financials,Insurance - Life,BB,BB 中軌向上（上升趨勢）,Bullish Engulfing,0.75,1.0,0.3697,,0.3697,0,330,0.0108,44.77,45.25,45.74,44.32,2026-08-04,3,False
TRV,Financials,Insurance - Property & Casualty,BB,BB 中軌向上（上升趨勢）,Bullish Engulfing,0.75,1.0,0.3697,,0.3697,0,330,0.0108,377.15,381.22,385.3,373.38,2026-08-04,3,False
V,Financials,Credit Services,BB,BB 中軌向上（上升趨勢）,Bullish Engulfing,0.75,1.0,0.3697,,0.3697,0,330,0.0108,369.59,373.58,377.57,365.89,2026-08-04,3,False
WULF,Financials,Capital Markets,BB,BB 中軌向上（上升趨勢）,Bullish Engulfing,0.75,1.0,0.3697,,0.3697,0,330,0.0108,18.83,19.03,19.24,18.64,2026-08-03,3,False
ZION,Financials,Banks - Regional,BB,BB 中軌向上（上升趨勢）,Bullish Engulfing,0.75,1.0,0.3697,,0.3697,0,330,0.0108,69.7,70.45,71.21,69.0,2026-07-31,3,False
BMNP,Information Technology,Blockchain,RSI,RSI 加速上升,None,0.0,0.5525,0.3693,,0.3693,0,10688,0.0074,89.0,89.66,90.32,88.11,2026-07-31,3,False
DT,Information Technology,Software - Application,RSI,RSI 加速上升,None,0.0,0.5525,0.3693,,0.3693,0,10688,0.0074,45.71,46.05,46.39,45.25,2026-08-04,3,False
EPAM,Information Technology,Information Technology Services,RSI,RSI 加速上升,None,0.0,0.5525,0.3693,,0.3693,0,10688,0.0074,112.06,112.89,113.72,110.94,2026-08-04,3,False
ERIC,Information Technology,Communication Equipment,RSI,RSI 加速上升,None,0.0,0.5525,0.3693,,0.3693,0,10688,0.0074,10.27,10.35,10.42,10.17,2026-08-04,3,False
GIB,Information Technology,Information Technology Services,RSI,RSI 加速上升,None,0.0,0.5525,0.3693,,0.3693,0,10688,0.0074,73.15,73.69,74.23,72.42,2026-07-31,3,False
GRMN,Information Technology,Scientific & Technical Instruments,RSI,RSI 加速上升,None,0.0,0.5525,0.3693,,0.3693,0,10688,0.0074,307.36,309.63,311.91,304.29,2026-08-04,3,False
NTNX,Information Technology,Software - Infrastructure,RSI,RSI 加速上升,None,0.0,0.5525,0.3693,,0.3693,0,10688,0.0074,61.06,61.51,61.96,60.45,2026-08-03,3,False
OKTA,Information Technology,Software - Infrastructure,RSI,RSI 加速上升,None,0.0,0.5525,0.3693,,0.3693,0,10688,0.0074,147.82,148.91,150.01,146.34,2026-08-04,3,False
QNT,Information Technology,Software - Application,RSI,RSI 加速上升,None,0.0,0.5525,0.3693,,0.3693,0,10688,0.0074,58.14,58.57,59.0,57.56,2026-08-04,3,False
SAP,Information Technology,Software - Application,RSI,RSI 加速上升,None,0.0,0.5525,0.3693,,0.3693,0,10688,0.0074,195.49,196.94,198.38,193.54,2026-08-04,3,False
SIMO,Information Technology,Semiconductors,RSI,RSI 加速上升,None,0.0,0.5525,0.3693,,0.3693,0,10688,0.0074,268.49,270.48,272.46,265.81,2026-08-04,3,False
SNX,Information Technology,Electronics & Computer Distribution,RSI,RSI 加速上升,None,0.0,0.5525,0.3693,,0.3693,0,10688,0.0074,263.79,265.74,267.69,261.15,2026-08-04,3,False
SONY,Information Technology,Consumer Electronics,RSI,RSI 加速上升,None,0.0,0.5525,0.3693,,0.3693,0,10688,0.0074,23.26,23.43,23.6,23.03,2026-07-31,3,False
STM,Information Technology,Semiconductors,RSI,RSI 加速上升,None,0.0,0.5525,0.3693,,0.3693,0,10688,0.0074,54.22,54.62,55.02,53.68,2026-08-04,3,False
TEAM,Information Technology,Software - Application,RSI,RSI 加速上升,None,0.0,0.5525,0.3693,,0.3693,0,10688,0.0074,101.015,101.76,102.51,100.0,2026-07-31,3,False
TWLO,Information Technology,Software - Infrastructure,RSI,RSI 加速上升,None,0.0,0.5525,0.3693,,0.3693,0,10688,0.0074,197.35,198.81,200.27,195.38,2026-07-31,3,False
UMC,Information Technology,Semiconductors,RSI,RSI 加速上升,None,0.0,0.5525,0.3693,,0.3693,0,10688,0.0074,20.63,20.78,20.94,20.42,2026-08-04,3,False
WIT,Information Technology,Information Technology Services,RSI,RSI 加速上升,None,0.0,0.5525,0.3693,,0.3693,0,10688,0.0074,2.05,2.07,2.08,2.03,2026-08-04,3,False
FDX,Industrials,Integrated Freight & Logistics,BB,價格在 BB 中軌上方,None,0.0,0.425,0.3689,0.3689,0.295,244,22337,0.0033,313.34,314.37,315.41,310.21,2026-08-04,3,False
NTRS,Financials,Asset Management,RSI,RSI 維持強勢 (50-70),None,0.0,0.51,0.3686,0.3686,0.2842,255,19108,0.0109,182.41,184.4,186.39,180.59,2026-08-04,3,False
NTRA,Health Care,Diagnostics & Research,RSI,RSI 加速上升,None,0.0,0.5525,0.3667,,0.3667,0,559,0.0015,275.19,275.6,276.02,272.44,2026-08-04,3,True
EXR,Real Estate,REIT - Industrial,RSI,RSI 動能加速（強勢區）,None,0.0,0.51,0.3667,0.3667,0.2452,30,1093,0.0052,149.73,150.51,151.29,148.23,2026-08-03,3,False
SMCI,Information Technology,Computer Hardware,RSI,RSI 上穿 50 中性線,None,0.0,0.4675,0.3667,0.3667,0.3785,30,1593,-0.0411,31.69,30.39,29.09,31.37,2026-08-04,3,False
BEN,Financials,Asset Management,RSI,RSI 維持強勢 (50-70),None,0.0,0.51,0.3664,0.3664,0.2842,131,19108,0.0091,35.24,35.56,35.88,34.89,2026-08-03,3,False
TRP,Energy,Oil & Gas Midstream,BB,BB 跌破下軌 (超賣),None,0.0,0.45499999999999996,0.3664,,0.3664,0,292,0.0073,65.37,65.85,66.32,64.72,2026-08-04,3,False
BLK,Financials,Asset Management,RSI,RSI 動能加速（強勢區）,None,0.0,0.51,0.3659,0.3659,0.279,41,3129,0.0023,1126.63,1129.22,1131.81,1115.36,2026-08-03,3,False
NGG,Utilities,Utilities - Regulated Electric,KDJ,KDJ 金叉,Morning Star,0.8,1.0,0.3654,,0.3654,0,52,0.0081,80.42,81.07,81.72,79.62,2026-08-04,3,False
FTNT,Information Technology,Software - Infrastructure,MACD,MACD 金叉 (多頭區),None,0.0,0.68,0.3651,,0.3651,0,504,0.0103,168.29,170.02,171.76,166.61,2026-08-04,3,False
FMS,Health Care,Medical Care Facilities,BB,價格在 BB 中軌上方,None,0.0,0.425,0.365,,0.365,0,715,0.0016,25.26,25.3,25.34,25.01,2026-08-03,3,True
JAZZ,Health Care,Biotechnology,BB,價格在 BB 中軌上方,None,0.0,0.425,0.365,,0.365,0,715,0.0016,251.58,251.98,252.39,249.06,2026-08-03,3,True
ADP,Information Technology,Software - Application,RSI,RSI 維持強勢 (50-70),None,0.0,0.51,0.3645,,0.3645,0,16764,0.0088,270.62,273.0,275.38,267.91,2026-08-04,3,False
CPAY,Information Technology,Software - Infrastructure,RSI,RSI 維持強勢 (50-70),None,0.0,0.51,0.3645,,0.3645,0,16764,0.0088,385.78,389.17,392.57,381.92,2026-08-03,3,False
PAYX,Information Technology,Software - Application,RSI,RSI 維持強勢 (50-70),None,0.0,0.51,0.3645,,0.3645,0,16764,0.0088,118.66,119.7,120.75,117.47,2026-08-04,3,False
XYZ,Information Technology,Software - Infrastructure,RSI,RSI 維持強勢 (50-70),None,0.0,0.51,0.3645,,0.3645,0,16764,0.0088,82.09,82.81,83.53,81.27,2026-08-03,3,False
ZM,Information Technology,Software - Application,RSI,RSI 維持強勢 (50-70),None,0.0,0.51,0.3645,,0.3645,0,16764,0.0088,102.12,103.02,103.92,101.1,2026-08-04,3,False
ZS,Information Technology,Software - Infrastructure,RSI,RSI 維持強勢 (50-70),None,0.0,0.51,0.3645,,0.3645,0,16764,0.0088,163.22,164.66,166.09,161.59,2026-08-04,3,False
DVA,Health Care,Medical Care Facilities,RSI,RSI 維持強勢 (50-70),None,0.0,0.51,0.3636,0.3636,0.3606,11,502,0.017,233.68,237.65,241.63,231.34,2026-08-03,3,True
FANG,Energy,Oil & Gas E&P,BB,BB 中軌向上（上升趨勢）,None,0.0,0.51,0.3636,0.3636,0.386,11,171,-0.0116,191.87,189.64,187.42,189.95,2026-08-04,3,True
J,Industrials,Engineering & Construction,BB,BB 中軌向上（上升趨勢）,None,0.0,0.51,0.3636,0.3636,0.3333,11,936,0.003,142.68,143.11,143.54,141.25,2026-08-04,3,True
PCG,Utilities,Utilities - Regulated Electric,BB,BB 中軌向上（上升趨勢）,None,0.0,0.51,0.3636,0.3636,0.3562,11,365,0.0009,17.45,17.47,17.48,17.28,2026-08-04,3,True
FOX,Communication Services,Entertainment,RSI,RSI 加速上升,None,0.0,0.5525,0.3618,0.3618,0.3116,152,3322,0.0088,52.62,53.08,53.55,52.09,2026-08-03,3,False
CCJ,Energy,Uranium,KDJ,KDJ 金叉,None,0.0,0.5525,0.3614,,0.3614,0,498,0.0061,89.72,90.27,90.81,88.82,2026-08-03,3,False
EPD,Energy,Oil & Gas Midstream,KDJ,KDJ 金叉,None,0.0,0.5525,0.3614,,0.3614,0,498,0.0061,38.12,38.35,38.59,37.74,2026-08-04,3,False
EQNR,Energy,Oil & Gas Integrated,KDJ,KDJ 金叉,None,0.0,0.5525,0.3614,,0.3614,0,498,0.0061,41.1,41.35,41.6,40.69,2026-07-31,3,False
MPLX,Energy,Oil & Gas Midstream,KDJ,KDJ 金叉,None,0.0,0.5525,0.3614,,0.3614,0,498,0.0061,58.91,59.27,59.63,58.32,2026-08-03,3,False
PR,Energy,Oil & Gas E&P,KDJ,KDJ 金叉,None,0.0,0.5525,0.3614,,0.3614,0,498,0.0061,21.31,21.44,21.57,21.1,2026-07-31,3,False
TS,Energy,Oil & Gas Equipment & Services,KDJ,KDJ 金叉,None,0.0,0.5525,0.3614,,0.3614,0,498,0.0061,57.15,57.5,57.85,56.58,2026-08-03,3,False
WES,Energy,Oil & Gas Midstream,KDJ,KDJ 金叉,None,0.0,0.5525,0.3614,,0.3614,0,498,0.0061,46.74,47.03,47.31,46.27,2026-08-03,3,False
YPF,Energy,Oil & Gas Integrated,KDJ,KDJ 金叉,None,0.0,0.5525,0.3614,,0.3614,0,498,0.0061,52.54,52.86,53.18,52.01,2026-07-31,3,False
ARES,Financials,Asset Management,KDJ,KDJ 金叉,None,0.0,0.5525,0.3611,,0.3611,0,108,0.0084,128.09,129.17,130.24,126.81,2026-07-31,3,True
CLX,Consumer Staples,Household & Personal Products,RSI,RSI 上穿 50 中性線,None,0.0,0.4675,0.3611,,0.3611,0,72,0.0129,98.26,99.53,100.8,97.28,2026-08-03,3,True
KMB,Consumer Staples,Household & Personal Products,RSI,RSI 上穿 50 中性線,None,0.0,0.4675,0.3611,,0.3611,0,72,0.0129,111.57,113.01,114.45,110.45,2026-08-04,3,True
FTI,Energy,Oil & Gas Equipment & Services,RSI,RSI 上穿 50 中性線,None,0.0,0.4675,0.361,,0.361,0,579,0.0056,71.66,72.06,72.46,70.94,2026-07-31,3,False
FTAI,Industrials,Aerospace & Defense,KDJ,KDJ 金叉,None,0.0,0.5525,0.3609,,0.3609,0,133,0.01,206.0,208.06,210.12,203.94,2026-07-31,3,True
NVT,Industrials,Electrical Equipment & Parts,KDJ,KDJ 金叉,None,0.0,0.5525,0.3609,,0.3609,0,133,0.01,153.83,155.37,156.91,152.29,2026-07-31,3,True
CVX,Energy,Oil & Gas Integrated,KDJ,KDJ 金叉,None,0.0,0.5525,0.36,0.36,0.3614,25,498,0.0072,196.83,198.25,199.66,194.86,2026-07-31,3,False
FOXA,Communication Services,Entertainment,RSI,RSI 加速上升,None,0.0,0.5525,0.3592,0.3592,0.3116,142,3322,0.0049,58.7,58.99,59.28,58.11,2026-08-03,3,False
HWM,Industrials,Aerospace & Defense,RSI,RSI 維持強勢 (50-70),None,0.0,0.51,0.3586,0.3586,0.2986,304,19157,0.0113,288.2,291.46,294.71,285.32,2026-08-04,3,False
ABNB,Consumer Discretionary,Travel Services,BB,價格在 BB 中軌上方,None,0.0,0.425,0.3581,0.3581,0.2984,215,12430,0.0059,149.92,150.8,151.69,148.42,2026-08-04,3,False
ARXS,Industrials,Aerospace & Defense,RSI,RSI 維持強勢 (50-70),None,0.0,0.51,0.3579,,0.3579,0,746,0.0057,58.05,58.38,58.71,57.47,2026-08-04,3,True
CP,Industrials,Railroads,RSI,RSI 維持強勢 (50-70),None,0.0,0.51,0.3579,,0.3579,0,746,0.0057,90.63,91.15,91.66,89.72,2026-08-04,3,True
EMBJ,Industrials,Aerospace & Defense,RSI,RSI 維持強勢 (50-70),None,0.0,0.51,0.3579,,0.3579,0,746,0.0057,68.33,68.72,69.11,67.65,2026-07-31,3,True
TRI,Industrials,Specialty Business Services,RSI,RSI 維持強勢 (50-70),None,0.0,0.51,0.3579,,0.3579,0,746,0.0057,109.15,109.77,110.39,108.06,2026-08-04,3,True
BMRN,Health Care,Biotechnology,BB,BB 中軌向上（上升趨勢）,Bullish Engulfing,0.75,1.0,0.3577,,0.3577,0,260,0.0085,60.72,61.24,61.75,60.11,2026-08-04,3,False
LH,Health Care,Diagnostics & Research,BB,BB 中軌向上（上升趨勢）,Bullish Engulfing,0.75,1.0,0.3577,,0.3577,0,260,0.0085,312.34,314.99,317.65,309.22,2026-08-04,3,False
QSR,Consumer Discretionary,Restaurants,KDJ,KDJ 金叉,Bullish Engulfing,0.75,1.0,0.3571,,0.3571,0,70,0.007,73.88,74.4,74.91,73.14,2026-08-04,3,False
WDS,Energy,Oil & Gas E&P,BB,BB 中軌向上（上升趨勢）,Cup & Handle,0.85,1.0,0.3571,,0.3571,0,1680,0.0067,23.46,23.62,23.77,23.23,2026-07-31,3,False
RSG,Industrials,Waste Management,BB,BB 跌破下軌 (超賣),None,0.0,0.45499999999999996,0.3571,0.3571,0.2838,14,1258,0.0128,207.66,210.32,212.98,205.58,2026-08-04,3,False
H,Consumer Discretionary,Lodging,BB,BB 跌破下軌 (超賣),None,0.0,0.45499999999999996,0.3556,,0.3556,0,239,0.0004,174.06,174.13,174.2,172.32,2026-07-31,3,True
INTU,Information Technology,Software - Application,KDJ,KDJ 金叉,None,0.0,0.5525,0.3548,0.3548,0.3918,31,1955,-0.0048,323.6,322.05,320.49,320.36,2026-08-04,3,False
EXPE,Consumer Discretionary,Travel Services,BB,價格在 BB 中軌上方,None,0.0,0.425,0.3544,0.3544,0.2984,285,12430,0.0007,312.06,312.28,312.5,308.94,2026-08-04,3,False
ULTA,Consumer Discretionary,Specialty Retail,BB,BB 中軌向上（上升趨勢）,None,0.0,0.51,0.3532,0.3532,0.2908,201,9757,0.0091,543.86,548.81,553.76,538.42,2026-08-04,3,False
MTZ,Industrials,Engineering & Construction,BB,BB 跌破下軌 (超賣),None,0.0,0.45499999999999996,0.3532,,0.3532,0,436,0.0052,263.1,264.47,265.84,260.47,2026-07-31,3,True
RBC,Industrials,Tools & Accessories,BB,BB 跌破下軌 (超賣),None,0.0,0.45499999999999996,0.3532,,0.3532,0,436,0.0052,551.31,554.18,557.04,545.8,2026-07-31,3,True
ENLT,Utilities,Utilities - Renewable,KDJ,KDJ 金叉,None,0.0,0.5525,0.3529,,0.3529,0,34,0.0062,90.54,91.1,91.66,89.63,2026-08-04,3,True
NWSA,Communication Services,Entertainment,RSI,RSI 動能加速（強勢區）,None,0.0,0.51,0.3529,0.3529,0.3135,34,772,0.0063,28.59,28.77,28.95,28.3,2026-08-04,3,False
CRL,Health Care,Diagnostics & Research,RSI,RSI 維持強勢 (50-70),None,0.0,0.51,0.3527,0.3527,0.2772,224,12123,-0.0055,234.12,232.83,231.54,231.78,2026-08-04,3,False
BIIB,Health Care,Drug Manufacturers - General,RSI,RSI 上穿 50 中性線,Bullish Engulfing,0.75,0.9735000000000001,0.3519,,0.3519,0,54,0.0013,208.45,208.72,208.99,206.37,2026-08-04,3,False
CBRE,Real Estate,Real Estate Services,BB,BB 中軌向上（上升趨勢）,None,0.0,0.51,0.3508,0.3508,0.2647,248,5713,0.0069,151.05,152.09,153.13,149.54,2026-08-04,3,False
HST,Real Estate,REIT - Hotel & Motel,BB,BB 中軌向上（上升趨勢）,None,0.0,0.51,0.3505,0.3505,0.2647,214,5713,0.0093,24.98,25.21,25.44,24.73,2026-08-04,3,False
CAG,Consumer Staples,Packaged Foods,RSI,RSI 動能加速（強勢區）,None,0.0,0.51,0.35,0.35,0.2456,20,1148,0.0114,14.91,15.08,15.25,14.76,2026-08-03,3,False
ERIE,Financials,Insurance Brokers,RSI,RSI 動能加速（強勢區）,None,0.0,0.51,0.3462,0.3462,0.279,26,3129,0.0122,244.53,247.51,250.5,242.08,2026-08-04,3,False
BAM,Financials,Asset Management,RSI,RSI 維持強勢 (50-70),None,0.0,0.51,0.3448,,0.3448,0,609,0.0048,51.94,52.19,52.44,51.42,2026-08-04,3,True
BBVA,Financials,Banks - Diversified,RSI,RSI 維持強勢 (50-70),None,0.0,0.51,0.3448,,0.3448,0,609,0.0048,27.95,28.08,28.22,27.67,2026-07-31,3,True
BCH,Financials,Banks - Regional,RSI,RSI 維持強勢 (50-70),None,0.0,0.51,0.3448,,0.3448,0,609,0.0048,41.55,41.75,41.95,41.13,2026-08-03,3,True
CG,Financials,Asset Management,RSI,RSI 維持強勢 (50-70),None,0.0,0.51,0.3448,,0.3448,0,609,0.0048,50.64,50.88,51.13,50.13,2026-08-04,3,True
EQH,Financials,Asset Management,RSI,RSI 維持強勢 (50-70),None,0.0,0.51,0.3448,,0.3448,0,609,0.0048,47.35,47.58,47.8,46.88,2026-07-31,3,True
HSBC,Financials,Banks - Diversified,RSI,RSI 維持強勢 (50-70),None,0.0,0.51,0.3448,,0.3448,0,609,0.0048,106.04,106.55,107.06,104.98,2026-08-04,3,True
ING,Financials,Banks - Diversified,RSI,RSI 維持強勢 (50-70),None,0.0,0.51,0.3448,,0.3448,0,609,0.0048,35.34,35.51,35.68,34.99,2026-08-04,3,True
IR,Industrials,Specialty Industrial Machinery,RSI,RSI 動能加速（強勢區）,None,0.0,0.51,0.3448,0.3448,0.2891,29,3037,0.0013,87.78,87.89,88.01,86.9,2026-08-03,3,False
NWG,Financials,Banks - Regional,RSI,RSI 維持強勢 (50-70),None,0.0,0.51,0.3448,,0.3448,0,609,0.0048,19.42,19.51,19.61,19.23,2026-08-03,3,True
OWL,Financials,Asset Management,RSI,RSI 維持強勢 (50-70),None,0.0,0.51,0.3448,,0.3448,0,609,0.0048,10.3,10.35,10.4,10.2,2026-07-31,3,True
RYAN,Financials,Insurance - Specialty,RSI,RSI 維持強勢 (50-70),None,0.0,0.51,0.3448,,0.3448,0,609,0.0048,44.16,44.37,44.58,43.72,2026-07-31,3,True
TPG,Financials,Asset Management,RSI,RSI 維持強勢 (50-70),None,0.0,0.51,0.3448,,0.3448,0,609,0.0048,46.32,46.54,46.76,45.86,2026-08-03,3,True
VLYPN,Financials,Banks - Regional,RSI,RSI 維持強勢 (50-70),None,0.0,0.51,0.3448,,0.3448,0,609,0.0048,25.72,25.84,25.97,25.46,2026-08-04,3,True
VLYPO,Financials,Banks - Regional,RSI,RSI 維持強勢 (50-70),None,0.0,0.51,0.3448,,0.3448,0,609,0.0048,25.02,25.14,25.26,24.77,2026-07-31,3,True
WTFC,Financials,Banks - Regional,RSI,RSI 維持強勢 (50-70),None,0.0,0.51,0.3448,,0.3448,0,609,0.0048,162.97,163.75,164.53,161.34,2026-08-04,3,True
CHKP,Information Technology,Software - Infrastructure,BB,BB 跌破下軌 (超賣),None,0.0,0.45499999999999996,0.3447,,0.3447,0,1001,0.0043,122.97,123.5,124.03,121.74,2026-08-03,3,False
KDP,Consumer Staples,Beverages - Non-Alcoholic,RSI,RSI 上穿 50 中性線,None,0.0,0.4675,0.3429,0.3429,0.2565,35,928,0.0036,31.1,31.21,31.32,30.79,2026-08-04,3,False
GEN,Information Technology,Software - Infrastructure,BB,BB 中軌向上（上升趨勢）,None,0.0,0.51,0.3408,0.3408,0.3639,179,16781,0.006,28.27,28.44,28.61,27.99,2026-08-04,3,False
ALNY,Health Care,Biotechnology,BB,BB 中軌向上（上升趨勢）,None,0.0,0.51,0.3402,,0.3402,0,579,0.0005,205.52,205.62,205.73,203.46,2026-07-31,3,True
ASND,Health Care,Biotechnology,BB,BB 中軌向上（上升趨勢）,None,0.0,0.51,0.3402,,0.3402,0,579,0.0005,244.59,244.71,244.83,242.14,2026-08-04,3,True
AZN,Health Care,Drug Manufacturers - General,BB,BB 中軌向上（上升趨勢）,None,0.0,0.51,0.3402,,0.3402,0,579,0.0005,155.62,155.7,155.78,154.06,2026-08-04,3,True
NVO,Health Care,Drug Manufacturers - General,BB,BB 中軌向上（上升趨勢）,None,0.0,0.51,0.3402,,0.3402,0,579,0.0005,47.08,47.1,47.13,46.61,2026-07-31,3,True
SNN,Health Care,Medical Devices,BB,BB 中軌向上（上升趨勢）,None,0.0,0.51,0.3402,,0.3402,0,579,0.0005,30.44,30.46,30.47,30.14,2026-08-04,3,True
PPG,Materials,Specialty Chemicals,BB,價格在 BB 中軌上方,None,0.0,0.425,0.3398,0.3398,0.2859,206,6697,0.0056,117.8,118.46,119.12,116.62,2026-08-04,3,False
BWXT,Industrials,Aerospace & Defense,RSI,RSI 加速上升,None,0.0,0.5525,0.3379,,0.3379,0,651,0.0035,172.4,173.0,173.61,170.68,2026-08-04,3,True
STRL,Industrials,Engineering & Construction,RSI,RSI 加速上升,None,0.0,0.5525,0.3379,,0.3379,0,651,0.0035,541.62,543.52,545.41,536.2,2026-08-04,3,True
DASH,Consumer Discretionary,Internet Retail,RSI,RSI 維持強勢 (50-70),None,0.0,0.51,0.3377,0.3377,0.2995,231,10441,0.001,202.37,202.57,202.77,200.35,2026-08-04,3,False
CBOE,Financials,Financial Data & Stock Exchanges,RSI,RSI 維持強勢 (50-70),None,0.0,0.51,0.3371,0.3371,0.2842,267,19108,0.0055,288.42,290.01,291.59,285.54,2026-08-04,3,False
AUR,Consumer Discretionary,Auto Parts,MACD,MACD 突破 0 軸,None,0.0,0.595,0.3351,,0.3351,0,376,0.0114,6.45,6.52,6.6,6.39,2026-07-31,3,False
LI,Consumer Discretionary,Auto Manufacturers,MACD,MACD 突破 0 軸,None,0.0,0.595,0.3351,,0.3351,0,376,0.0114,13.63,13.79,13.94,13.49,2026-07-31,3,False
TOL,Consumer Discretionary,Residential Construction,MACD,MACD 突破 0 軸,None,0.0,0.595,0.3351,,0.3351,0,376,0.0114,153.24,154.99,156.73,151.71,2026-08-04,3,False
NBIS,Communication Services,Internet Content & Information,KDJ,KDJ 金叉,None,0.0,0.5525,0.3345,,0.3345,0,550,0.0065,190.41,191.65,192.89,188.51,2026-07-31,3,False
RDDT,Communication Services,Internet Content & Information,KDJ,KDJ 金叉,None,0.0,0.5525,0.3345,,0.3345,0,550,0.0065,154.71,155.72,156.72,153.16,2026-08-03,3,False
SKM,Communication Services,Telecom Services,KDJ,KDJ 金叉,None,0.0,0.5525,0.3345,,0.3345,0,550,0.0065,34.8,35.03,35.25,34.45,2026-08-04,3,False
TLK,Communication Services,Telecom Services,KDJ,KDJ 金叉,None,0.0,0.5525,0.3345,,0.3345,0,550,0.0065,15.18,15.28,15.38,15.03,2026-08-03,3,False
BPYPO,Real Estate,Real Estate Services,MACD,MACD 金叉 (多頭區),Consolidation Breakout,0.85,1.0,0.3333,,0.3333,0,6,0.0095,15.35,15.5,15.64,15.2,2026-08-04,3,True
EA,Communication Services,Electronic Gaming & Multimedia,BB,價格在 BB 中軌上方,Consolidation Breakout,0.85,1.0,0.3333,,0.3333,0,51,0.0016,209.7,210.04,210.37,207.6,2026-08-04,3,True
FAST,Industrials,Industrial Distribution,RSI,RSI 維持強勢 (50-70),Consolidation Breakout,0.74,1.0,0.3333,0.3333,0.2498,9,1365,0.0014,49.71,49.78,49.85,49.21,2026-08-04,3,False
NDSN,Industrials,Specialty Industrial Machinery,BB,BB 中軌向上（上升趨勢）,Consolidation Breakout,0.75,1.0,0.3333,0.3333,0.2371,24,2117,0.0045,309.67,311.06,312.46,306.57,2026-08-04,3,False
CPRT,Industrials,Specialty Business Services,MACD,MACD 突破 0 軸,None,0.0,0.595,0.3333,0.3333,0.2912,6,570,0.0138,29.4,29.81,30.21,29.11,2026-08-04,3,False
CMG,Consumer Discretionary,Restaurants,RSI,RSI 加速上升,None,0.0,0.5525,0.3333,0.3333,0.3117,159,6796,0.0027,37.46,37.56,37.66,37.09,2026-08-03,3,False
MCHP,Information Technology,Semiconductors,RSI,RSI 加速上升,None,0.0,0.5525,0.3333,0.3333,0.3693,117,10688,0.01,80.67,81.48,82.28,79.86,2026-08-04,3,False
EIX,Utilities,Utilities - Regulated Electric,BB,BB 中軌向上（上升趨勢）,None,0.0,0.51,0.3333,0.3333,0.3562,6,365,0.0043,71.46,71.77,72.07,70.75,2026-08-03,3,True
CINF,Financials,Insurance - Property & Casualty,RSI,RSI 維持強勢 (50-70),Bullish Engulfing,0.75,1.0,0.3314,,0.3314,0,353,0.0074,179.42,180.75,182.08,177.63,2026-08-04,3,False
VEEV,Health Care,Health Information Services,RSI,RSI 維持強勢 (50-70),None,0.0,0.51,0.3311,0.3311,0.2772,148,12123,-0.0013,206.25,205.98,205.71,204.19,2026-08-03,3,False
MSCI,Financials,Financial Data & Stock Exchanges,RSI,RSI 加速上升,None,0.0,0.5525,0.3305,0.3305,0.3014,118,11488,0.0064,572.24,575.9,579.56,566.52,2026-07-31,3,False
AGX,Industrials,Engineering & Construction,MACD,MACD 金叉 (空頭區),None,0.0,0.42,0.3303,,0.3303,0,875,0.0053,592.66,595.8,598.94,586.73,2026-08-03,3,False
BE,Industrials,Electrical Equipment & Parts,MACD,MACD 金叉 (空頭區),None,0.0,0.42,0.3303,,0.3303,0,875,0.0053,218.32,219.48,220.63,216.14,2026-08-03,3,False
DY,Industrials,Engineering & Construction,MACD,MACD 金叉 (空頭區),None,0.0,0.42,0.3303,,0.3303,0,875,0.0053,415.08,417.28,419.48,410.93,2026-08-04,3,False
FPS,Industrials,Electrical Equipment & Parts,MACD,MACD 金叉 (空頭區),None,0.0,0.42,0.3303,,0.3303,0,875,0.0053,39.4,39.61,39.82,39.01,2026-08-04,3,False
IESC,Industrials,Engineering & Construction,MACD,MACD 金叉 (空頭區),None,0.0,0.42,0.3303,,0.3303,0,875,0.0053,744.54,748.49,752.43,737.09,2026-07-31,3,False
LTM,Industrials,Airlines,MACD,MACD 金叉 (空頭區),None,0.0,0.42,0.3303,,0.3303,0,875,0.0053,54.51,54.8,55.09,53.96,2026-08-03,3,False
PAC,Industrials,Airports & Air Services,MACD,MACD 金叉 (空頭區),None,0.0,0.42,0.3303,,0.3303,0,875,0.0053,218.14,219.3,220.45,215.96,2026-08-03,3,False
POOL,Industrials,Industrial Distribution,MACD,MACD 金叉 (空頭區),None,0.0,0.42,0.3303,,0.3303,0,875,0.0053,203.44,204.52,205.6,201.41,2026-08-04,3,False
QXO,Industrials,Industrial Distribution,MACD,MACD 金叉 (空頭區),None,0.0,0.42,0.3303,,0.3303,0,875,0.0053,14.09,14.16,14.24,13.95,2026-08-03,3,False
SPXC,Industrials,Building Products & Equipment,MACD,MACD 金叉 (空頭區),None,0.0,0.42,0.3303,,0.3303,0,875,0.0053,215.97,217.11,218.26,213.81,2026-08-04,3,False
AFRM,Financials,Credit Services,MACD,MACD 突破 0 軸,None,0.0,0.595,0.3301,,0.3301,0,618,0.0061,78.12,78.6,79.07,77.34,2026-08-04,3,False
ALLY,Financials,Credit Services,MACD,MACD 突破 0 軸,None,0.0,0.595,0.3301,,0.3301,0,618,0.0061,44.07,44.34,44.61,43.63,2026-08-03,3,False
CET,Financials,Asset Management,MACD,MACD 突破 0 軸,None,0.0,0.595,0.3301,,0.3301,0,618,0.0061,53.44,53.77,54.09,52.91,2026-07-31,3,False
HBANL,Financials,Banks - Regional,MACD,MACD 突破 0 軸,None,0.0,0.595,0.3301,,0.3301,0,618,0.0061,25.1,25.25,25.41,24.85,2026-08-03,3,False
SPY,Financials,Asset Management,MACD,MACD 突破 0 軸,None,0.0,0.595,0.3301,,0.3301,0,618,0.0061,757.67,762.29,766.91,750.09,2026-08-03,3,False
AMX,Communication Services,Telecom Services,BB,BB 跌破下軌 (超賣),None,0.0,0.45499999999999996,0.33,,0.33,0,397,0.0048,24.96,25.08,25.2,24.71,2026-08-03,3,False
TU,Communication Services,Telecom Services,BB,BB 跌破下軌 (超賣),None,0.0,0.45499999999999996,0.33,,0.33,0,397,0.0048,9.59,9.64,9.68,9.49,2026-08-03,3,False
VIV,Communication Services,Telecom Services,BB,BB 跌破下軌 (超賣),None,0.0,0.45499999999999996,0.33,,0.33,0,397,0.0048,12.32,12.38,12.44,12.2,2026-08-04,3,False
DIS,Communication Services,Entertainment,RSI,RSI 維持強勢 (50-70),None,0.0,0.51,0.3297,0.3297,0.3082,182,5205,0.0094,98.18,99.1,100.03,97.2,2026-08-04,3,False
BXP,Real Estate,REIT - Office,BB,BB 中軌向上（上升趨勢）,None,0.0,0.51,0.3295,0.3295,0.2647,173,5713,0.0044,70.67,70.98,71.29,69.96,2026-08-04,3,False
AEM,Materials,Gold,RSI,RSI 上穿 50 中性線,None,0.0,0.4675,0.3294,,0.3294,0,595,0.0031,147.42,147.88,148.33,145.95,2026-08-03,3,False
AMRZ,Materials,Building Materials,RSI,RSI 上穿 50 中性線,None,0.0,0.4675,0.3294,,0.3294,0,595,0.0031,51.08,51.24,51.4,50.57,2026-08-03,3,False
BHP,Materials,Other Industrial Metals & Mining,RSI,RSI 上穿 50 中性線,None,0.0,0.4675,0.3294,,0.3294,0,595,0.0031,87.46,87.73,88.0,86.59,2026-08-04,3,False
CDE,Materials,Gold,RSI,RSI 上穿 50 中性線,None,0.0,0.4675,0.3294,,0.3294,0,595,0.0031,16.21,16.26,16.31,16.05,2026-08-04,3,False
GFI,Materials,Gold,RSI,RSI 上穿 50 中性線,None,0.0,0.4675,0.3294,,0.3294,0,595,0.0031,33.96,34.07,34.17,33.62,2026-08-03,3,False
PAAS,Materials,Gold,RSI,RSI 上穿 50 中性線,None,0.0,0.4675,0.3294,,0.3294,0,595,0.0031,44.91,45.05,45.19,44.46,2026-08-04,3,False
PKX,Materials,Steel,RSI,RSI 上穿 50 中性線,None,0.0,0.4675,0.3294,,0.3294,0,595,0.0031,54.68,54.85,55.02,54.13,2026-08-04,3,False
RGLD,Materials,Gold,RSI,RSI 上穿 50 中性線,None,0.0,0.4675,0.3294,,0.3294,0,595,0.0031,202.04,202.67,203.29,200.02,2026-08-03,3,False
VALE,Materials,Other Industrial Metals & Mining,RSI,RSI 上穿 50 中性線,None,0.0,0.4675,0.3294,,0.3294,0,595,0.0031,14.83,14.88,14.92,14.68,2026-08-04,3,False
WPM,Materials,Gold,RSI,RSI 上穿 50 中性線,None,0.0,0.4675,0.3294,,0.3294,0,595,0.0031,111.86,112.21,112.55,110.74,2026-08-03,3,False
BRO,Financials,Insurance Brokers,RSI,RSI 維持強勢 (50-70),Support,0.7,1.0,0.3276,,0.3276,0,58,0.0022,70.4,70.55,70.71,69.7,2026-07-31,3,False
MRSH,Financials,Insurance Brokers,RSI,RSI 維持強勢 (50-70),Support,0.9,1.0,0.3276,,0.3276,0,58,0.0022,189.69,190.11,190.52,187.79,2026-07-31,3,False
RNR,Financials,Insurance - Reinsurance,RSI,RSI 維持強勢 (50-70),Support,0.8,1.0,0.3276,,0.3276,0,58,0.0022,319.98,320.68,321.39,316.78,2026-07-31,3,False
TRU,Financials,Financial Data & Stock Exchanges,RSI,RSI 維持強勢 (50-70),Support,0.8,1.0,0.3276,,0.3276,0,58,0.0022,78.62,78.79,78.97,77.83,2026-07-31,3,False
LNG,Energy,Oil & Gas Midstream,RSI,RSI 動能加速（強勢區）,None,0.0,0.51,0.3265,,0.3265,0,873,0.0005,263.57,263.7,263.83,260.93,2026-07-31,3,False
TMO,Health Care,Diagnostics & Research,RSI,RSI 維持強勢 (50-70),None,0.0,0.51,0.3265,0.3265,0.2772,196,12123,0.0039,564.75,566.95,569.16,559.1,2026-08-04,3,False
AGNCL,Real Estate,REIT - Mortgage,RSI,RSI 維持強勢 (50-70),None,0.0,0.51,0.3261,,0.3261,0,230,0.0069,24.99,25.16,25.33,24.74,2026-07-31,3,True
BPYPN,Real Estate,Real Estate Services,RSI,RSI 維持強勢 (50-70),None,0.0,0.51,0.3261,,0.3261,0,230,0.0069,13.94,14.04,14.13,13.8,2026-08-04,3,True
APP,Communication Services,Advertising Agencies,MACD,MACD 金叉 (空頭區),None,0.0,0.42,0.3254,,0.3254,0,252,0.0044,419.7,421.55,423.39,415.5,2026-08-04,3,False
BIDU,Communication Services,Internet Content & Information,MACD,MACD 金叉 (空頭區),None,0.0,0.42,0.3254,,0.3254,0,252,0.0044,111.11,111.6,112.09,110.0,2026-07-31,3,False
MOS,Materials,Agricultural Inputs,BB,價格在 BB 中軌上方,None,0.0,0.425,0.3246,0.3246,0.2859,268,6697,-0.0035,22.71,22.63,22.55,22.48,2026-08-04,3,False
LPLA,Financials,Capital Markets,BB,價格在 BB 中軌上方,None,0.0,0.425,0.3239,,0.3239,0,852,0.0045,353.7,355.29,356.88,350.16,2026-07-31,3,True
TW,Financials,Capital Markets,BB,價格在 BB 中軌上方,None,0.0,0.425,0.3239,,0.3239,0,852,0.0045,100.5,100.95,101.4,99.5,2026-07-31,3,True
A,Health Care,Diagnostics & Research,RSI,RSI 維持強勢 (50-70),None,0.0,0.51,0.3237,0.3237,0.2772,207,12123,0.0002,139.2,139.23,139.26,137.81,2026-08-04,3,False
CPNG,Consumer Discretionary,Internet Retail,MACD,MACD 金叉 (空頭區),None,0.0,0.42,0.3233,,0.3233,0,529,0.0066,16.78,16.89,17.0,16.61,2026-08-04,3,False
CVE,Energy,Oil & Gas Integrated,RSI,RSI 加速上升,None,0.0,0.5525,0.3227,,0.3227,0,3306,0.0024,29.57,29.64,29.71,29.27,2026-08-03,3,False
E,Energy,Oil & Gas Integrated,RSI,RSI 加速上升,None,0.0,0.5525,0.3227,,0.3227,0,3306,0.0024,53.48,53.61,53.74,52.95,2026-08-04,3,False
EC,Energy,Oil & Gas Integrated,RSI,RSI 加速上升,None,0.0,0.5525,0.3227,,0.3227,0,3306,0.0024,16.6,16.64,16.68,16.43,2026-08-03,3,False
PBR,Energy,Oil & Gas Integrated,RSI,RSI 加速上升,None,0.0,0.5525,0.3227,,0.3227,0,3306,0.0024,19.06,19.11,19.15,18.87,2026-08-03,3,False
SHEL,Energy,Oil & Gas Integrated,RSI,RSI 加速上升,None,0.0,0.5525,0.3227,,0.3227,0,3306,0.0024,91.08,91.3,91.52,90.17,2026-08-03,3,False
TTE,Energy,Oil & Gas Integrated,RSI,RSI 加速上升,None,0.0,0.5525,0.3227,,0.3227,0,3306,0.0024,87.2,87.41,87.62,86.33,2026-08-03,3,False
BG,Consumer Staples,Farm Products,BB,BB 中軌向上（上升趨勢）,None,0.0,0.51,0.3226,0.3226,0.2466,186,6128,0.0023,106.23,106.47,106.72,105.17,2026-07-31,3,False
AER,Industrials,Rental & Leasing Services,KDJ,KDJ 金叉,None,0.0,0.5525,0.3223,,0.3223,0,2110,0.0051,155.08,155.87,156.66,153.53,2026-08-04,3,False
AIT,Industrials,Industrial Distribution,KDJ,KDJ 金叉,None,0.0,0.5525,0.3223,,0.3223,0,2110,0.0051,351.9,353.69,355.49,348.38,2026-08-03,3,False
ATI,Industrials,Metal Fabrication,KDJ,KDJ 金叉,None,0.0,0.5525,0.3223,,0.3223,0,2110,0.0051,200.15,201.17,202.19,198.15,2026-08-04,3,False
CR,Industrials,Specialty Industrial Machinery,KDJ,KDJ 金叉,None,0.0,0.5525,0.3223,,0.3223,0,2110,0.0051,224.1,225.24,226.39,221.86,2026-08-04,3,False
CRS,Industrials,Metal Fabrication,KDJ,KDJ 金叉,None,0.0,0.5525,0.3223,,0.3223,0,2110,0.0051,570.13,573.04,575.95,564.43,2026-08-04,3,False
DCI,Industrials,Specialty Industrial Machinery,KDJ,KDJ 金叉,None,0.0,0.5525,0.3223,,0.3223,0,2110,0.0051,96.02,96.51,97.0,95.06,2026-08-03,3,False
ESLT,Industrials,Aerospace & Defense,KDJ,KDJ 金叉,None,0.0,0.5525,0.3223,,0.3223,0,2110,0.0051,830.15,834.38,838.62,821.85,2026-08-03,3,False
GGG,Industrials,Specialty Industrial Machinery,KDJ,KDJ 金叉,None,0.0,0.5525,0.3223,,0.3223,0,2110,0.0051,82.31,82.73,83.15,81.49,2026-08-04,3,False
INIO,Industrials,Specialty Industrial Machinery,KDJ,KDJ 金叉,None,0.0,0.5525,0.3223,,0.3223,0,2110,0.0051,24.91,25.04,25.16,24.66,2026-08-03,3,False
LECO,Industrials,Tools & Accessories,KDJ,KDJ 金叉,None,0.0,0.5525,0.3223,,0.3223,0,2110,0.0051,261.31,262.64,263.98,258.7,2026-07-31,3,False
R,Industrials,Rental & Leasing Services,KDJ,KDJ 金叉,None,0.0,0.5525,0.3223,,0.3223,0,2110,0.0051,268.8,270.17,271.54,266.11,2026-08-04,3,False
WSO,Industrials,Industrial Distribution,KDJ,KDJ 金叉,None,0.0,0.5525,0.3223,,0.3223,0,2110,0.0051,335.07,336.78,338.49,331.72,2026-08-04,3,False
WTS,Industrials,Specialty Industrial Machinery,KDJ,KDJ 金叉,None,0.0,0.5525,0.3223,,0.3223,0,2110,0.0051,345.79,347.55,349.32,342.33,2026-07-31,3,False
ZTO,Industrials,Integrated Freight & Logistics,KDJ,KDJ 金叉,None,0.0,0.5525,0.3223,,0.3223,0,2110,0.0051,24.02,24.14,24.27,23.78,2026-07-31,3,False
GL,Financials,Insurance - Life,RSI,RSI 加速上升,None,0.0,0.5525,0.3221,0.3221,0.3014,149,11488,0.0145,183.9,186.57,189.23,182.06,2026-08-04,3,False
GM,Consumer Discretionary,Auto Manufacturers,RSI,RSI 維持強勢 (50-70),None,0.0,0.51,0.3217,0.3217,0.2995,230,10441,0.0003,88.31,88.34,88.36,87.43,2026-08-04,3,False
NTES,Communication Services,Electronic Gaming & Multimedia,MACD,MACD 金叉 (多頭區),None,0.0,0.68,0.3214,,0.3214,0,140,0.0096,133.27,134.55,135.83,131.94,2026-07-31,3,False
GLXY,Financials,Capital Markets,MACD,MACD 金叉 (空頭區),None,0.0,0.42,0.3214,,0.3214,0,865,0.0073,22.14,22.3,22.46,21.92,2026-08-04,3,False
SOFI,Financials,Credit Services,MACD,MACD 金叉 (空頭區),None,0.0,0.42,0.3214,,0.3214,0,865,0.0073,18.7,18.84,18.97,18.51,2026-08-04,3,False
BAX,Health Care,Medical Instruments & Supplies,BB,BB 中軌向上（上升趨勢）,None,0.0,0.51,0.321,0.321,0.2705,162,10885,-0.0003,28.35,28.34,28.33,28.07,2026-08-04,3,False
HCA,Health Care,Medical Care Facilities,RSI,RSI 維持強勢 (50-70),None,0.0,0.51,0.321,0.321,0.2772,271,12123,0.0051,400.73,402.77,404.82,396.72,2026-08-04,3,False
CAH,Health Care,Medical Distribution,RSI,RSI 動能加速（強勢區）,None,0.0,0.51,0.3208,0.3208,0.2606,53,1869,0.0084,235.6,237.58,239.56,233.24,2026-08-03,3,False
REGN,Health Care,Biotechnology,BB,價格在 BB 中軌上方,None,0.0,0.425,0.3207,0.3207,0.2804,290,14417,0.0008,760.66,761.27,761.88,753.05,2026-08-04,3,False
NTAP,Information Technology,Software - Infrastructure,RSI,RSI 加速上升,None,0.0,0.5525,0.3206,0.3206,0.3693,131,10688,0.0047,190.46,191.36,192.25,188.56,2026-08-04,3,False
MMM,Industrials,Conglomerates,BB,BB 中軌向上（上升趨勢）,None,0.0,0.51,0.3206,0.3206,0.2929,209,17460,0.0049,181.45,182.34,183.23,179.64,2026-08-04,3,False
SHW,Materials,Specialty Chemicals,RSI,RSI 加速上升,None,0.0,0.5525,0.32,0.32,0.3048,100,3639,0.0092,354.22,357.48,360.74,350.68,2026-08-03,3,False
TROW,Financials,Asset Management,RSI,RSI 上穿 50 中性線,None,0.0,0.4675,0.32,0.32,0.3091,25,1899,0.0033,115.79,116.17,116.55,114.63,2026-08-04,3,False
CRM,Information Technology,Software - Application,RSI,RSI 加速上升,None,0.0,0.5525,0.3195,0.3195,0.3693,169,10688,-0.0026,185.95,185.47,184.98,184.09,2026-08-03,3,False
WMG,Communication Services,Entertainment,BB,BB 跌破下軌 (超賣),None,0.0,0.45499999999999996,0.3194,,0.3194,0,144,0.0009,25.1,25.12,25.15,24.85,2026-08-03,3,True
DOC,Real Estate,REIT - Healthcare Facilities,RSI,RSI 維持強勢 (50-70),None,0.0,0.51,0.3188,0.3188,0.2509,207,7011,0.004,21.83,21.92,22.0,21.61,2026-07-31,3,False
AMCR,Consumer Discretionary,Packaging & Containers,KDJ,KDJ 金叉,None,0.0,0.5525,0.3183,,0.3183,0,1244,0.0033,46.02,46.17,46.32,45.56,2026-08-03,3,False
BABA,Consumer Discretionary,Internet Retail,KDJ,KDJ 金叉,None,0.0,0.5525,0.3183,,0.3183,0,1244,0.0033,122.25,122.65,123.06,121.03,2026-07-31,3,False
CCK,Consumer Discretionary,Packaging & Containers,KDJ,KDJ 金叉,None,0.0,0.5525,0.3183,,0.3183,0,1244,0.0033,119.87,120.27,120.66,118.67,2026-08-03,3,False
XPEV,Consumer Discretionary,Auto Manufacturers,KDJ,KDJ 金叉,None,0.0,0.5525,0.3183,,0.3183,0,1244,0.0033,13.0,13.04,13.09,12.87,2026-07-31,3,False
SWK,Industrials,Tools & Accessories,BB,價格在 BB 中軌上方,None,0.0,0.425,0.3182,0.3182,0.295,198,22337,-0.0023,98.11,97.88,97.66,97.13,2026-08-03,3,False
HAS,Consumer Discretionary,Leisure,BB,價格在 BB 中軌上方,None,0.0,0.425,0.318,0.318,0.2984,305,12430,0.0053,91.51,92.0,92.48,90.59,2026-08-04,3,False
MDGL,Health Care,Biotechnology,BB,BB 跌破下軌 (超賣),None,0.0,0.45499999999999996,0.3173,,0.3173,0,375,-0.0037,467.32,465.59,463.86,462.65,2026-07-31,3,True
GMED,Health Care,Medical Devices,MACD,MACD 突破 0 軸,None,0.0,0.595,0.3171,,0.3171,0,432,0.0028,81.46,81.69,81.92,80.65,2026-08-03,3,False
TEVA,Health Care,Drug Manufacturers - Specialty & Generic,MACD,MACD 突破 0 軸,None,0.0,0.595,0.3171,,0.3171,0,432,0.0028,35.01,35.11,35.21,34.66,2026-07-31,3,False
STT,Financials,Asset Management,RSI,RSI 維持強勢 (50-70),None,0.0,0.51,0.316,0.316,0.2842,288,19108,0.0038,185.23,185.93,186.64,183.38,2026-08-04,3,False
WDAY,Information Technology,Software - Application,RSI,RSI 加速上升,None,0.0,0.5525,0.3154,0.3154,0.3693,130,10688,-0.0125,165.05,162.99,160.92,163.4,2026-08-03,3,False
IQV,Health Care,Diagnostics & Research,RSI,RSI 維持強勢 (50-70),None,0.0,0.51,0.315,0.315,0.2772,200,12123,0.0008,228.2,228.38,228.57,225.92,2026-08-04,3,False
DOW,Materials,Chemicals,RSI,RSI 加速上升,None,0.0,0.5525,0.3145,0.3145,0.3048,159,3639,-0.0053,30.33,30.17,30.01,30.03,2026-08-04,3,False
BNTX,Health Care,Biotechnology,RSI,RSI 上穿 50 中性線,None,0.0,0.4675,0.3144,,0.3144,0,1323,0.003,92.25,92.53,92.8,91.33,2026-08-03,3,False
CRSP,Health Care,Biotechnology,RSI,RSI 上穿 50 中性線,None,0.0,0.4675,0.3144,,0.3144,0,1323,0.003,53.07,53.23,53.39,52.54,2026-08-04,3,False
EXEL,Health Care,Biotechnology,RSI,RSI 上穿 50 中性線,None,0.0,0.4675,0.3144,,0.3144,0,1323,0.003,55.06,55.23,55.39,54.51,2026-08-03,3,False
MDLN,Health Care,Medical Instruments & Supplies,RSI,RSI 上穿 50 中性線,None,0.0,0.4675,0.3144,,0.3144,0,1323,0.003,39.28,39.4,39.52,38.89,2026-07-31,3,False
RPRX,Health Care,Biotechnology,RSI,RSI 上穿 50 中性線,None,0.0,0.4675,0.3144,,0.3144,0,1323,0.003,57.48,57.65,57.82,56.91,2026-08-04,3,False
ARCC,Financials,Asset Management,KDJ,KDJ 金叉,None,0.0,0.5525,0.3142,,0.3142,0,1932,0.0041,19.17,19.25,19.33,18.98,2026-08-03,3,False
BBD,Financials,Banks - Regional,KDJ,KDJ 金叉,None,0.0,0.5525,0.3142,,0.3142,0,1932,0.0041,3.62,3.63,3.65,3.58,2026-08-03,3,False
BBDO,Financials,Banks - Regional,KDJ,KDJ 金叉,None,0.0,0.5525,0.3142,,0.3142,0,1932,0.0041,3.44,3.45,3.47,3.41,2026-07-31,3,False
BCS,Financials,Banks - Diversified,KDJ,KDJ 金叉,None,0.0,0.5525,0.3142,,0.3142,0,1932,0.0041,27.83,27.94,28.06,27.55,2026-08-03,3,False
BMO,Financials,Banks - Diversified,KDJ,KDJ 金叉,None,0.0,0.5525,0.3142,,0.3142,0,1932,0.0041,179.45,180.19,180.92,177.66,2026-07-31,3,False
BNS,Financials,Banks - Diversified,KDJ,KDJ 金叉,None,0.0,0.5525,0.3142,,0.3142,0,1932,0.0041,87.77,88.13,88.49,86.89,2026-07-31,3,False
BNY,Financials,Banks - Diversified,KDJ,KDJ 金叉,None,0.0,0.5525,0.3142,,0.3142,0,1932,0.0041,156.2,156.84,157.48,154.64,2026-08-03,3,False
CM,Financials,Banks - Diversified,KDJ,KDJ 金叉,None,0.0,0.5525,0.3142,,0.3142,0,1932,0.0041,118.55,119.04,119.52,117.36,2026-07-31,3,False
CRCL,Financials,Capital Markets,KDJ,KDJ 金叉,None,0.0,0.5525,0.3142,,0.3142,0,1932,0.0041,63.25,63.51,63.77,62.62,2026-08-04,3,False
EVR,Financials,Capital Markets,KDJ,KDJ 金叉,None,0.0,0.5525,0.3142,,0.3142,0,1932,0.0041,320.56,321.87,323.19,317.35,2026-07-31,3,False
EWBC,Financials,Banks - Regional,KDJ,KDJ 金叉,None,0.0,0.5525,0.3142,,0.3142,0,1932,0.0041,132.15,132.69,133.23,130.83,2026-08-03,3,False
FHN,Financials,Banks - Regional,KDJ,KDJ 金叉,None,0.0,0.5525,0.3142,,0.3142,0,1932,0.0041,25.8,25.91,26.01,25.54,2026-08-03,3,False
FUTU,Financials,Capital Markets,KDJ,KDJ 金叉,None,0.0,0.5525,0.3142,,0.3142,0,1932,0.0041,107.04,107.48,107.92,105.97,2026-08-03,3,False
HBANM,Financials,Banks - Regional,KDJ,KDJ 金叉,None,0.0,0.5525,0.3142,,0.3142,0,1932,0.0041,20.97,21.06,21.14,20.76,2026-08-03,3,False
HBANP,Financials,Banks - Regional,KDJ,KDJ 金叉,None,0.0,0.5525,0.3142,,0.3142,0,1932,0.0041,16.29,16.36,16.42,16.13,2026-08-03,3,False
HBANZ,Financials,Banks - Regional,KDJ,KDJ 金叉,None,0.0,0.5525,0.3142,,0.3142,0,1932,0.0041,19.8913,19.97,20.05,19.69,2026-08-04,3,False
HUT,Financials,Capital Markets,KDJ,KDJ 金叉,None,0.0,0.5525,0.3142,,0.3142,0,1932,0.0041,112.08,112.54,113.0,110.96,2026-08-03,3,False
JEF,Financials,Capital Markets,KDJ,KDJ 金叉,None,0.0,0.5525,0.3142,,0.3142,0,1932,0.0041,55.71,55.94,56.17,55.15,2026-08-04,3,False
MFG,Financials,Banks - Regional,KDJ,KDJ 金叉,None,0.0,0.5525,0.3142,,0.3142,0,1932,0.0041,10.44,10.48,10.53,10.34,2026-07-31,3,False
NMR,Financials,Capital Markets,KDJ,KDJ 金叉,None,0.0,0.5525,0.3142,,0.3142,0,1932,0.0041,9.68,9.72,9.76,9.58,2026-07-31,3,False
RKT,Financials,Mortgage Finance,KDJ,KDJ 金叉,None,0.0,0.5525,0.3142,,0.3142,0,1932,0.0041,13.68,13.74,13.79,13.54,2026-08-03,3,False
SHG,Financials,Banks - Regional,KDJ,KDJ 金叉,None,0.0,0.5525,0.3142,,0.3142,0,1932,0.0041,71.18,71.47,71.76,70.47,2026-08-03,3,False
SLMBP,Financials,Credit Services,KDJ,KDJ 金叉,None,0.0,0.5525,0.3142,,0.3142,0,1932,0.0041,75.08,75.39,75.7,74.33,2026-07-31,3,False
TD,Financials,Banks - Diversified,KDJ,KDJ 金叉,None,0.0,0.5525,0.3142,,0.3142,0,1932,0.0041,119.92,120.41,120.9,118.72,2026-07-31,3,False
AGI,Materials,Gold,KDJ,KDJ 金叉,None,0.0,0.5525,0.314,,0.314,0,637,0.0047,28.76,28.9,29.03,28.47,2026-08-04,3,False
B,Materials,Gold,KDJ,KDJ 金叉,None,0.0,0.5525,0.314,,0.314,0,637,0.0047,37.36,37.54,37.71,36.99,2026-08-03,3,False
KGC,Materials,Gold,KDJ,KDJ 金叉,None,0.0,0.5525,0.314,,0.314,0,637,0.0047,23.6,23.71,23.82,23.36,2026-08-04,3,False
RPM,Materials,Specialty Chemicals,KDJ,KDJ 金叉,None,0.0,0.5525,0.314,,0.314,0,637,0.0047,111.49,112.01,112.54,110.38,2026-08-03,3,False
RS,Materials,Steel,KDJ,KDJ 金叉,None,0.0,0.5525,0.314,,0.314,0,637,0.0047,406.1,408.01,409.92,402.04,2026-07-31,3,False
SCCO,Materials,Copper,KDJ,KDJ 金叉,None,0.0,0.5525,0.314,,0.314,0,637,0.0047,185.91,186.78,187.66,184.05,2026-08-03,3,False
SOLS,Materials,Specialty Chemicals,KDJ,KDJ 金叉,None,0.0,0.5525,0.314,,0.314,0,637,0.0047,60.17,60.45,60.74,59.57,2026-07-31,3,False
SQM,Materials,Specialty Chemicals,KDJ,KDJ 金叉,None,0.0,0.5525,0.314,,0.314,0,637,0.0047,68.58,68.9,69.22,67.89,2026-08-04,3,False
IBM,Information Technology,Information Technology Services,RSI,RSI 加速上升,None,0.0,0.5525,0.3139,0.3139,0.3693,137,10688,0.0105,223.65,226.0,228.35,221.41,2026-07-31,3,False
BDRX,Health Care,Biotechnology,RSI,RSI 維持超賣,None,0.0,0.385,0.3138,,0.3138,0,956,0.0016,1.49,1.49,1.49,1.48,2026-08-04,3,False
IONS,Health Care,Biotechnology,RSI,RSI 維持超賣,None,0.0,0.385,0.3138,,0.3138,0,956,0.0016,51.77,51.85,51.94,51.25,2026-07-31,3,False
GPC,Consumer Discretionary,Auto Parts,RSI,RSI 維持強勢 (50-70),Support,0.9,1.0,0.3125,,0.3125,0,32,-0.0041,124.37,123.86,123.35,123.13,2026-07-31,3,False
IP,Consumer Discretionary,Packaging & Containers,RSI,RSI 維持強勢 (50-70),Support,0.7,1.0,0.3125,,0.3125,0,32,-0.0041,40.83,40.66,40.5,40.42,2026-07-31,3,False
PAG,Consumer Discretionary,Auto & Truck Dealerships,RSI,RSI 維持強勢 (50-70),Support,0.7,1.0,0.3125,,0.3125,0,32,-0.0041,217.31,216.42,215.53,215.14,2026-07-31,3,False
PKG,Consumer Discretionary,Packaging & Containers,RSI,RSI 維持強勢 (50-70),Support,0.9,1.0,0.3125,,0.3125,0,32,-0.0041,245.84,244.83,243.82,243.38,2026-07-31,3,False
VMC,Materials,Building Materials,KDJ,KDJ 金叉,None,0.0,0.5525,0.3125,0.3125,0.314,32,637,0.0099,283.59,286.4,289.21,280.75,2026-08-03,3,False
FE,Utilities,Utilities - Regulated Electric,BB,BB 中軌向上（上升趨勢）,None,0.0,0.51,0.3125,0.3125,0.3562,16,365,-0.0156,48.31,47.56,46.8,47.83,2026-07-31,3,True
BROS,Consumer Discretionary,Restaurants,RSI,RSI 加速上升,None,0.0,0.5525,0.3117,,0.3117,0,6796,0.004,65.83,66.09,66.36,65.17,2026-07-31,3,False
BURL,Consumer Discretionary,Apparel Retail,RSI,RSI 加速上升,None,0.0,0.5525,0.3117,,0.3117,0,6796,0.004,368.48,369.95,371.43,364.8,2026-07-31,3,False
CART,Consumer Discretionary,Internet Retail,RSI,RSI 加速上升,None,0.0,0.5525,0.3117,,0.3117,0,6796,0.004,45.39,45.57,45.75,44.94,2026-08-03,3,False
DKNG,Consumer Discretionary,Gambling,RSI,RSI 加速上升,None,0.0,0.5525,0.3117,,0.3117,0,6796,0.004,23.48,23.57,23.67,23.25,2026-07-31,3,False
FIVE,Consumer Discretionary,Specialty Retail,RSI,RSI 加速上升,None,0.0,0.5525,0.3117,,0.3117,0,6796,0.004,222.3,223.19,224.08,220.08,2026-08-04,3,False
FLUT,Consumer Discretionary,Gambling,RSI,RSI 加速上升,None,0.0,0.5525,0.3117,,0.3117,0,6796,0.004,104.47,104.89,105.31,103.43,2026-07-31,3,False
HMC,Consumer Discretionary,Auto Manufacturers,RSI,RSI 加速上升,None,0.0,0.5525,0.3117,,0.3117,0,6796,0.004,30.11,30.23,30.35,29.81,2026-07-31,3,False
HTHT,Consumer Discretionary,Lodging,RSI,RSI 加速上升,None,0.0,0.5525,0.3117,,0.3117,0,6796,0.004,42.69,42.86,43.03,42.26,2026-07-31,3,False
JD,Consumer Discretionary,Internet Retail,RSI,RSI 加速上升,None,0.0,0.5525,0.3117,,0.3117,0,6796,0.004,33.02,33.15,33.28,32.69,2026-08-03,3,False
MOD,Consumer Discretionary,Auto Parts,RSI,RSI 加速上升,None,0.0,0.5525,0.3117,,0.3117,0,6796,0.004,201.71,202.52,203.32,199.69,2026-08-04,3,False
NIO,Consumer Discretionary,Auto Manufacturers,RSI,RSI 加速上升,None,0.0,0.5525,0.3117,,0.3117,0,6796,0.004,4.81,4.83,4.85,4.76,2026-08-03,3,False
PDD,Consumer Discretionary,Internet Retail,RSI,RSI 加速上升,None,0.0,0.5525,0.3117,,0.3117,0,6796,0.004,90.15,90.51,90.87,89.25,2026-08-03,3,False
SCI,Consumer Discretionary,Personal Services,RSI,RSI 加速上升,None,0.0,0.5525,0.3117,,0.3117,0,6796,0.004,86.19,86.53,86.88,85.33,2026-07-31,3,False
STLA,Consumer Discretionary,Auto Manufacturers,RSI,RSI 加速上升,None,0.0,0.5525,0.3117,,0.3117,0,6796,0.004,5.86,5.88,5.91,5.8,2026-08-04,3,False
TCOM,Consumer Discretionary,Travel Services,RSI,RSI 加速上升,None,0.0,0.5525,0.3117,,0.3117,0,6796,0.004,47.3,47.49,47.68,46.83,2026-08-03,3,False
TM,Consumer Discretionary,Auto Manufacturers,RSI,RSI 加速上升,None,0.0,0.5525,0.3117,,0.3117,0,6796,0.004,188.99,189.75,190.5,187.1,2026-07-31,3,False
TXRH,Consumer Discretionary,Restaurants,RSI,RSI 加速上升,None,0.0,0.5525,0.3117,,0.3117,0,6796,0.004,205.44,206.26,207.08,203.39,2026-07-31,3,False
YUMC,Consumer Discretionary,Restaurants,RSI,RSI 加速上升,None,0.0,0.5525,0.3117,,0.3117,0,6796,0.004,48.18,48.37,48.57,47.7,2026-07-31,3,False
ECHO,Communication Services,Telecom Services,RSI,RSI 加速上升,None,0.0,0.5525,0.3116,,0.3116,0,3322,0.0033,91.6,91.9,92.2,90.68,2026-08-04,3,False
RCI,Communication Services,Telecom Services,RSI,RSI 加速上升,None,0.0,0.5525,0.3116,,0.3116,0,3322,0.0033,34.05,34.16,34.27,33.71,2026-08-03,3,False
ROKU,Communication Services,Entertainment,RSI,RSI 加速上升,None,0.0,0.5525,0.3116,,0.3116,0,3322,0.0033,145.84,146.32,146.8,144.38,2026-08-03,3,False
TME,Communication Services,Internet Content & Information,RSI,RSI 加速上升,None,0.0,0.5525,0.3116,,0.3116,0,3322,0.0033,9.45,9.48,9.51,9.36,2026-07-31,3,False
LMT,Industrials,Aerospace & Defense,BB,BB 中軌向上（上升趨勢）,None,0.0,0.51,0.3116,0.3116,0.2929,215,17460,0.0073,589.33,593.63,597.93,583.44,2026-08-04,3,False
F,Consumer Discretionary,Auto Manufacturers,RSI,RSI 維持強勢 (50-70),None,0.0,0.51,0.3109,0.3109,0.2995,238,10441,-0.003,14.43,14.39,14.34,14.29,2026-08-03,3,False
WELL,Real Estate,REIT - Healthcare Facilities,BB,BB 中軌向上（上升趨勢）,None,0.0,0.51,0.3106,0.3106,0.2647,322,5713,0.004,233.1,234.03,234.96,230.77,2026-08-03,3,False
VMI,Industrials,Conglomerates,KDJ,KDJ 金叉,Bullish Engulfing,0.75,1.0,0.31,,0.31,0,100,0.0006,481.7,481.99,482.28,476.88,2026-07-31,3,False
TGT,Consumer Staples,Discount Stores,BB,BB 中軌向上（上升趨勢）,None,0.0,0.51,0.3094,0.3094,0.2466,181,6128,0.0009,148.11,148.24,148.38,146.63,2026-08-04,3,False
ABEV,Consumer Staples,Beverages - Brewers,RSI,RSI 維持強勢 (50-70),None,0.0,0.51,0.3092,,0.3092,0,262,0.0027,3.11,3.12,3.13,3.08,2026-07-31,3,True
CCEP,Consumer Staples,Beverages - Non-Alcoholic,RSI,RSI 維持強勢 (50-70),None,0.0,0.51,0.3092,,0.3092,0,262,0.0027,106.13,106.42,106.7,105.07,2026-08-04,3,True
TDY,Information Technology,Scientific & Technical Instruments,BB,價格在 BB 中軌上方,None,0.0,0.425,0.3092,0.3092,0.3573,262,20206,0.0067,670.56,675.05,679.55,663.85,2026-08-03,3,False
DG,Consumer Staples,Discount Stores,BB,BB 中軌向上（上升趨勢）,None,0.0,0.51,0.3091,0.3091,0.2466,165,6128,-0.0063,127.26,126.46,125.66,125.99,2026-08-04,3,False
BNT,Financials,Insurance - Diversified,RSI,RSI 上穿 50 中性線,None,0.0,0.4675,0.3091,,0.3091,0,1899,0.0046,44.05,44.25,44.46,43.61,2026-08-03,3,False
UNM,Financials,Insurance - Life,RSI,RSI 上穿 50 中性線,None,0.0,0.4675,0.3091,,0.3091,0,1899,0.0046,90.11,90.52,90.94,89.21,2026-08-03,3,False
EDU,Consumer Staples,Education & Training Services,RSI,RSI 加速上升,None,0.0,0.5525,0.309,,0.309,0,288,-0.0012,58.89,58.82,58.75,58.3,2026-07-31,3,True
NDAQ,Financials,Financial Data & Stock Exchanges,RSI,RSI 維持強勢 (50-70),None,0.0,0.51,0.3086,0.3086,0.2842,269,19108,0.0049,93.62,94.08,94.54,92.68,2026-08-04,3,False
CCZ,Communication Services,Cable & Satellite,RSI,RSI 維持強勢 (50-70),None,0.0,0.51,0.3082,,0.3082,0,5205,0.0026,65.99,66.16,66.33,65.33,2026-08-03,3,False
FWONA,Communication Services,Entertainment,RSI,RSI 維持強勢 (50-70),None,0.0,0.51,0.3082,,0.3082,0,5205,0.0026,89.81,90.04,90.28,88.91,2026-07-31,3,False
FWONK,Communication Services,Entertainment,RSI,RSI 維持強勢 (50-70),None,0.0,0.51,0.3082,,0.3082,0,5205,0.0026,97.74,97.99,98.25,96.76,2026-08-03,3,False
FNV,Materials,Gold,RSI,RSI 加速上升,None,0.0,0.5525,0.3048,,0.3048,0,3639,0.0024,218.86,219.39,219.91,216.67,2026-08-04,3,False
MT,Materials,Steel,RSI,RSI 加速上升,None,0.0,0.5525,0.3048,,0.3048,0,3639,0.0024,75.21,75.39,75.57,74.46,2026-08-04,3,False
RIO,Materials,Other Industrial Metals & Mining,RSI,RSI 加速上升,None,0.0,0.5525,0.3048,,0.3048,0,3639,0.0024,99.01,99.25,99.49,98.02,2026-08-04,3,False
TECK,Materials,Other Industrial Metals & Mining,RSI,RSI 加速上升,None,0.0,0.5525,0.3048,,0.3048,0,3639,0.0024,64.74,64.9,65.05,64.09,2026-08-04,3,False
DRS,Industrials,Aerospace & Defense,RSI,RSI 上穿 50 中性線,None,0.0,0.4675,0.304,,0.304,0,1816,0.0018,46.05,46.13,46.22,45.59,2026-07-31,3,False
RBA,Industrials,Specialty Business Services,RSI,RSI 上穿 50 中性線,None,0.0,0.4675,0.304,,0.304,0,1816,0.0018,112.22,112.42,112.62,111.1,2026-08-03,3,False
WCN,Industrials,Waste Management,RSI,RSI 上穿 50 中性線,None,0.0,0.4675,0.304,,0.304,0,1816,0.0018,167.81,168.11,168.41,166.13,2026-08-03,3,False
WWD,Industrials,Aerospace & Defense,RSI,RSI 上穿 50 中性線,None,0.0,0.4675,0.304,,0.304,0,1816,0.0018,373.67,374.34,375.02,369.93,2026-08-04,3,False
LAMR,Real Estate,REIT - Specialty,BB,BB 中軌向上（上升趨勢）,None,0.0,0.51,0.3037,,0.3037,0,270,0.0047,157.61,158.35,159.09,156.03,2026-08-03,3,True
VIK,Consumer Discretionary,Travel Services,RSI,RSI 動能加速（強勢區）,None,0.0,0.51,0.3027,,0.3027,0,1665,0.0035,106.47,106.84,107.22,105.41,2026-08-03,3,False
BAP,Financials,Banks - Regional,RSI,RSI 加速上升,None,0.0,0.5525,0.3014,,0.3014,0,11488,0.0041,400.58,402.22,403.86,396.57,2026-07-31,3,False
BSAC,Financials,Banks - Regional,RSI,RSI 加速上升,None,0.0,0.5525,0.3014,,0.3014,0,11488,0.0041,34.61,34.75,34.89,34.26,2026-07-31,3,False
CIB,Financials,Banks - Regional,RSI,RSI 加速上升,None,0.0,0.5525,0.3014,,0.3014,0,11488,0.0041,92.52,92.9,93.28,91.59,2026-07-31,3,False
DB,Financials,Banks - Regional,RSI,RSI 加速上升,None,0.0,0.5525,0.3014,,0.3014,0,11488,0.0041,37.47,37.62,37.78,37.1,2026-08-04,3,False
FCNCA,Financials,Banks - Regional,RSI,RSI 加速上升,None,0.0,0.5525,0.3014,,0.3014,0,11488,0.0041,2218.4399,2227.54,2236.63,2196.26,2026-08-03,3,False
HDB,Financials,Banks - Regional,RSI,RSI 加速上升,None,0.0,0.5525,0.3014,,0.3014,0,11488,0.0041,24.1,24.2,24.3,23.86,2026-08-03,3,False
IREN,Financials,Capital Markets,RSI,RSI 加速上升,None,0.0,0.5525,0.3014,,0.3014,0,11488,0.0041,40.85,41.02,41.18,40.44,2026-08-04,3,False
IX,Financials,Financial Conglomerates,RSI,RSI 加速上升,None,0.0,0.5525,0.3014,,0.3014,0,11488,0.0041,40.24,40.4,40.57,39.84,2026-08-04,3,False
KLAR,Financials,Credit Services,RSI,RSI 加速上升,None,0.0,0.5525,0.3014,,0.3014,0,11488,0.0041,20.61,20.69,20.78,20.4,2026-08-04,3,False
PNFP,Financials,Banks - Regional,RSI,RSI 加速上升,None,0.0,0.5525,0.3014,,0.3014,0,11488,0.0041,109.03,109.48,109.92,107.94,2026-08-04,3,False
SAN,Financials,Banks - Diversified,RSI,RSI 加速上升,None,0.0,0.5525,0.3014,,0.3014,0,11488,0.0041,14.1,14.16,14.22,13.96,2026-07-31,3,False
SEIC,Financials,Asset Management,RSI,RSI 加速上升,None,0.0,0.5525,0.3014,,0.3014,0,11488,0.0041,102.98,103.4,103.82,101.95,2026-07-31,3,False
SNEX,Financials,Capital Markets,RSI,RSI 加速上升,None,0.0,0.5525,0.3014,,0.3014,0,11488,0.0041,75.23,75.54,75.85,74.48,2026-08-04,3,False
UBS,Financials,Banks - Diversified,RSI,RSI 加速上升,None,0.0,0.5525,0.3014,,0.3014,0,11488,0.0041,53.46,53.68,53.9,52.93,2026-08-04,3,False
VLYPP,Financials,Banks - Regional,RSI,RSI 加速上升,None,0.0,0.5525,0.3014,,0.3014,0,11488,0.0041,25.13,25.23,25.34,24.88,2026-07-31,3,False
WF,Financials,Banks - Regional,RSI,RSI 加速上升,None,0.0,0.5525,0.3014,,0.3014,0,11488,0.0041,69.94,70.23,70.51,69.24,2026-08-04,3,False
CHT,Communication Services,Telecom Services,BB,價格在 BB 中軌上方,None,0.0,0.425,0.3007,,0.3007,0,6080,0.0027,42.43,42.54,42.66,42.01,2026-08-03,3,False
SBS,Utilities,Utilities - Regulated Water,KDJ,KDJ 金叉,None,0.0,0.5525,0.3001,,0.3001,0,713,0.0052,5.45,5.48,5.51,5.4,2026-07-31,3,False
TLN,Utilities,Utilities - Independent Power Producers,KDJ,KDJ 金叉,None,0.0,0.5525,0.3001,,0.3001,0,713,0.0052,334.1,335.84,337.57,330.76,2026-07-31,3,False
AVB,Real Estate,REIT - Residential,KDJ,KDJ 金叉,None,0.0,0.5525,0.3,0.3,0.2818,20,550,0.0011,188.78,188.99,189.2,186.89,2026-08-03,3,False
EOG,Energy,Oil & Gas E&P,KDJ,KDJ 金叉,None,0.0,0.5525,0.3,0.3,0.3614,20,498,0.0001,148.69,148.7,148.72,147.2,2026-07-31,3,False
INCY,Health Care,Biotechnology,RSI,RSI 動能加速（強勢區）,None,0.0,0.51,0.3,0.3,0.2606,30,1869,0.0016,120.6,120.79,120.99,119.39,2026-08-04,3,False
KHC,Consumer Staples,Packaged Foods,RSI,RSI 動能加速（強勢區）,None,0.0,0.51,0.3,0.3,0.2456,20,1148,-0.0052,26.42,26.28,26.15,26.16,2026-08-03,3,False
AR,Energy,Oil & Gas E&P,BB,價格在 BB 中軌上方,None,0.0,0.425,0.2998,,0.2998,0,5768,-0.0016,35.69,35.63,35.58,35.33,2026-08-04,3,False
CNQ,Energy,Oil & Gas E&P,BB,價格在 BB 中軌上方,None,0.0,0.425,0.2998,,0.2998,0,5768,-0.0016,46.18,46.11,46.03,45.72,2026-08-04,3,False
DINO,Energy,Oil & Gas Refining & Marketing,BB,價格在 BB 中軌上方,None,0.0,0.425,0.2998,,0.2998,0,5768,-0.0016,88.25,88.11,87.97,87.37,2026-08-04,3,False
IMO,Energy,Oil & Gas Integrated,BB,價格在 BB 中軌上方,None,0.0,0.425,0.2998,,0.2998,0,5768,-0.0016,127.42,127.22,127.01,126.15,2026-08-04,3,False
OVV,Energy,Oil & Gas E&P,BB,價格在 BB 中軌上方,None,0.0,0.425,0.2998,,0.2998,0,5768,-0.0016,60.75,60.65,60.56,60.14,2026-08-04,3,False
SU,Energy,Oil & Gas Integrated,BB,價格在 BB 中軌上方,None,0.0,0.425,0.2998,,0.2998,0,5768,-0.0016,64.45,64.35,64.24,63.81,2026-08-04,3,False
VG,Energy,Oil & Gas Midstream,BB,價格在 BB 中軌上方,None,0.0,0.425,0.2998,,0.2998,0,5768,-0.0016,13.38,13.36,13.34,13.25,2026-07-31,3,False
AS,Consumer Discretionary,Leisure,RSI,RSI 維持強勢 (50-70),None,0.0,0.51,0.2995,,0.2995,0,10441,0.0032,36.22,36.34,36.45,35.86,2026-08-04,3,False
AVY,Consumer Discretionary,Packaging & Containers,RSI,RSI 維持強勢 (50-70),None,0.0,0.51,0.2995,,0.2995,0,10441,0.0032,173.3,173.85,174.41,171.57,2026-08-04,3,False
BALL,Consumer Discretionary,Packaging & Containers,RSI,RSI 維持強勢 (50-70),None,0.0,0.51,0.2995,,0.2995,0,10441,0.0032,63.75,63.95,64.16,63.11,2026-08-04,3,False
CASY,Consumer Discretionary,Specialty Retail,RSI,RSI 維持強勢 (50-70),None,0.0,0.51,0.2995,,0.2995,0,10441,0.0032,850.66,853.38,856.1,842.15,2026-08-04,3,False
DLR,Real Estate,REIT - Specialty,RSI,RSI 維持強勢 (50-70),None,0.0,0.51,0.299,0.299,0.2509,301,7011,0.0013,193.89,194.14,194.39,191.95,2026-08-04,3,False
PSX,Energy,Oil & Gas Refining & Marketing,RSI,RSI 維持強勢 (50-70),None,0.0,0.51,0.2987,0.2987,0.2963,231,4891,0.0022,205.89,206.34,206.8,203.83,2026-08-04,3,False
AAL,Industrials,Airlines,RSI,RSI 維持強勢 (50-70),None,0.0,0.51,0.2986,,0.2986,0,19157,0.0036,16.56,16.62,16.68,16.39,2026-08-04,3,False
ARMK,Industrials,Specialty Business Services,RSI,RSI 維持強勢 (50-70),None,0.0,0.51,0.2986,,0.2986,0,19157,0.0036,56.22,56.42,56.62,55.66,2026-08-04,3,False
AYI,Industrials,Electrical Equipment & Parts,RSI,RSI 維持強勢 (50-70),None,0.0,0.51,0.2986,,0.2986,0,19157,0.0036,334.49,335.69,336.9,331.15,2026-08-03,3,False
CLH,Industrials,Waste Management,RSI,RSI 維持強勢 (50-70),None,0.0,0.51,0.2986,,0.2986,0,19157,0.0036,310.61,311.73,312.85,307.5,2026-08-04,3,False
CNI,Industrials,Railroads,RSI,RSI 維持強勢 (50-70),None,0.0,0.51,0.2986,,0.2986,0,19157,0.0036,127.3,127.76,128.22,126.03,2026-08-04,3,False
CSL,Industrials,Building Products & Equipment,RSI,RSI 維持強勢 (50-70),None,0.0,0.51,0.2986,,0.2986,0,19157,0.0036,371.86,373.2,374.54,368.14,2026-08-03,3,False
FER,Industrials,Engineering & Construction,RSI,RSI 維持強勢 (50-70),None,0.0,0.51,0.2986,,0.2986,0,19157,0.0036,66.52,66.76,67.0,65.85,2026-08-04,3,False
GFL,Industrials,Waste Management,RSI,RSI 維持強勢 (50-70),None,0.0,0.51,0.2986,,0.2986,0,19157,0.0036,42.06,42.21,42.36,41.64,2026-08-04,3,False
GPN,Industrials,Specialty Business Services,RSI,RSI 維持強勢 (50-70),None,0.0,0.51,0.2986,,0.2986,0,19157,0.0036,88.25,88.57,88.89,87.37,2026-08-04,3,False
HEI,Industrials,Aerospace & Defense,RSI,RSI 維持強勢 (50-70),None,0.0,0.51,0.2986,,0.2986,0,19157,0.0036,367.66,368.98,370.31,363.98,2026-08-04,3,False
RELX,Industrials,Specialty Business Services,RSI,RSI 維持強勢 (50-70),None,0.0,0.51,0.2986,,0.2986,0,19157,0.0036,36.8,36.93,37.06,36.43,2026-08-04,3,False
SYM,Industrials,Specialty Industrial Machinery,RSI,RSI 維持強勢 (50-70),None,0.0,0.51,0.2986,,0.2986,0,19157,0.0036,47.46,47.63,47.8,46.99,2026-08-04,3,False
WCC,Industrials,Industrial Distribution,RSI,RSI 維持強勢 (50-70),None,0.0,0.51,0.2986,,0.2986,0,19157,0.0036,374.1,375.45,376.79,370.36,2026-08-04,3,False
SAIA,Industrials,Trucking,RSI,RSI 維持超賣,None,0.0,0.385,0.2983,,0.2983,0,848,0.0072,360.1,362.69,365.29,356.5,2026-08-03,3,False
KNX,Industrials,Trucking,RSI,RSI 加速上升,None,0.0,0.5525,0.2981,,0.2981,0,11545,0.003,71.62,71.83,72.05,70.9,2026-08-04,3,False
RKLB,Industrials,Aerospace & Defense,RSI,RSI 加速上升,None,0.0,0.5525,0.2981,,0.2981,0,11545,0.003,74.48,74.7,74.93,73.74,2026-08-04,3,False
RYAAY,Industrials,Airlines,RSI,RSI 加速上升,None,0.0,0.5525,0.2981,,0.2981,0,11545,0.003,59.96,60.14,60.32,59.36,2026-08-03,3,False
TIMB,Communication Services,Telecom Services,RSI,RSI 維持超賣,None,0.0,0.385,0.2977,,0.2977,0,262,-0.0011,18.29,18.27,18.25,18.11,2026-08-04,3,False
TRMB,Information Technology,Scientific & Technical Instruments,RSI,RSI 加速上升,None,0.0,0.5525,0.2971,0.2971,0.3693,138,10688,-0.0007,56.58,56.54,56.5,56.01,2026-07-31,3,False
JHX,Materials,Building Materials,RSI,RSI 動能加速（強勢區）,None,0.0,0.51,0.2962,,0.2962,0,942,-0.0012,27.67,27.64,27.6,27.39,2026-08-03,3,False
PBA,Energy,Oil & Gas Midstream,BB,BB 中軌向上（上升趨勢）,None,0.0,0.51,0.2962,,0.2962,0,4484,-0.0018,48.38,48.29,48.21,47.9,2026-08-04,3,False
MLI,Industrials,Metal Fabrication,BB,價格在 BB 中軌上方,None,0.0,0.425,0.295,,0.295,0,22337,0.0034,68.35,68.58,68.81,67.67,2026-08-04,3,False
XPO,Industrials,Trucking,BB,價格在 BB 中軌上方,None,0.0,0.425,0.295,,0.295,0,22337,0.0034,200.97,201.65,202.34,198.96,2026-07-31,3,False
LNT,Utilities,Utilities - Regulated Electric,KDJ,KDJ 超賣區金叉,None,0.0,0.5599999999999999,0.2941,0.2941,0.2521,17,472,0.0072,71.27,71.78,72.3,70.56,2026-08-03,3,False
RJF,Financials,Asset Management,BB,價格在 BB 中軌上方,None,0.0,0.425,0.2929,0.2929,0.2847,297,21689,0.0054,178.57,179.53,180.5,176.78,2026-08-04,3,False
ADBE,Information Technology,Software - Application,BB,BB 中軌向上（上升趨勢）,None,0.0,0.51,0.2903,0.2903,0.3639,186,16781,-0.0083,257.49,255.35,253.22,254.92,2026-08-04,3,False
OXY,Energy,Oil & Gas E&P,RSI,RSI 動能加速（強勢區）,None,0.0,0.51,0.2903,0.2903,0.3265,31,873,-0.0036,57.07,56.86,56.66,56.5,2026-07-31,3,False
MDLZ,Consumer Staples,Confectioners,RSI,RSI 維持強勢 (50-70),None,0.0,0.51,0.2892,0.2892,0.2452,204,7574,0.0031,62.08,62.27,62.46,61.46,2026-08-04,3,False
PNR,Industrials,Specialty Industrial Machinery,RSI,RSI 維持強勢 (50-70),None,0.0,0.51,0.2887,0.2887,0.2986,239,19157,0.0015,68.48,68.58,68.69,67.8,2026-08-04,3,False
ISRG,Health Care,Medical Instruments & Supplies,BB,價格在 BB 中軌上方,None,0.0,0.425,0.2886,0.2886,0.2804,246,14417,0.0055,375.41,377.47,379.54,371.66,2026-08-03,3,False
ABBV,Health Care,Drug Manufacturers - General,BB,BB 中軌向上（上升趨勢）,None,0.0,0.51,0.2876,0.2876,0.2705,226,10885,0.006,243.8,245.26,246.73,241.36,2026-08-04,3,False
AJG,Financials,Insurance Brokers,RSI,RSI 維持強勢 (50-70),None,0.0,0.51,0.2872,0.2872,0.2842,282,19108,0.0011,248.06,248.33,248.61,245.58,2026-08-04,3,False
CCI,Real Estate,REIT - Specialty,BB,價格在 BB 中軌上方,None,0.0,0.425,0.2865,0.2865,0.248,192,8032,0.0017,77.66,77.79,77.92,76.88,2026-08-04,3,False
NTR,Materials,Agricultural Inputs,RSI,RSI 維持強勢 (50-70),None,0.0,0.51,0.286,,0.286,0,5721,0.0013,69.07,69.16,69.25,68.38,2026-07-31,3,False
AA,Materials,Aluminum,BB,價格在 BB 中軌上方,None,0.0,0.425,0.2859,,0.2859,0,6697,0.0007,46.83,46.86,46.9,46.36,2026-08-04,3,False
CME,Financials,Financial Data & Stock Exchanges,BB,BB 中軌向上（上升趨勢）,None,0.0,0.51,0.2857,0.2857,0.2681,224,16575,0.0013,262.63,262.97,263.31,260.0,2026-08-04,3,False
MSFT,Information Technology,Software - Infrastructure,BB,BB 中軌向上（上升趨勢）,None,0.0,0.51,0.2857,0.2857,0.3639,217,16781,0.003,492.81,494.29,495.77,487.88,2026-08-04,3,False
ARWR,Health Care,Biotechnology,KDJ,KDJ 金叉,None,0.0,0.5525,0.2852,,0.2852,0,1536,0.0022,89.59,89.79,89.98,88.69,2026-08-04,3,False
CYTK,Health Care,Biotechnology,KDJ,KDJ 金叉,None,0.0,0.5525,0.2852,,0.2852,0,1536,0.0022,78.61,78.78,78.96,77.82,2026-08-04,3,False
GMAB,Health Care,Biotechnology,KDJ,KDJ 金叉,None,0.0,0.5525,0.2852,,0.2852,0,1536,0.0022,29.02,29.08,29.15,28.73,2026-08-04,3,False
RVMD,Health Care,Biotechnology,KDJ,KDJ 金叉,None,0.0,0.5525,0.2852,,0.2852,0,1536,0.0022,193.46,193.89,194.31,191.53,2026-08-04,3,False
SMMT,Health Care,Biotechnology,KDJ,KDJ 金叉,None,0.0,0.5525,0.2852,,0.2852,0,1536,0.0022,13.76,13.79,13.82,13.62,2026-08-04,3,False
MNST,Consumer Staples,Beverages - Non-Alcoholic,RSI,RSI 維持強勢 (50-70),None,0.0,0.51,0.2852,0.2852,0.2452,263,7574,0.0036,96.38,96.73,97.07,95.42,2026-07-31,3,False
IEX,Industrials,Specialty Industrial Machinery,BB,價格在 BB 中軌上方,None,0.0,0.425,0.2852,0.2852,0.295,277,22337,0.0019,237.89,238.34,238.79,235.51,2026-08-04,3,False
AEG,Financials,Insurance - Diversified,BB,價格在 BB 中軌上方,None,0.0,0.425,0.2847,,0.2847,0,21689,0.0031,9.38,9.41,9.44,9.29,2026-08-04,3,False
AFG,Financials,Insurance - Property & Casualty,BB,價格在 BB 中軌上方,None,0.0,0.425,0.2847,,0.2847,0,21689,0.0031,141.92,142.36,142.8,140.5,2026-08-03,3,False
BPOP,Financials,Banks - Regional,BB,價格在 BB 中軌上方,None,0.0,0.425,0.2847,,0.2847,0,21689,0.0031,175.79,176.33,176.88,174.03,2026-08-04,3,False
BPYPM,Financials,Asset Management,BB,價格在 BB 中軌上方,None,0.0,0.425,0.2847,,0.2847,0,21689,0.0031,15.94,15.99,16.04,15.78,2026-08-04,3,False
CNA,Financials,Insurance - Property & Casualty,BB,價格在 BB 中軌上方,None,0.0,0.425,0.2847,,0.2847,0,21689,0.0031,52.96,53.12,53.29,52.43,2026-08-04,3,False
FNF,Financials,Insurance - Specialty,BB,價格在 BB 中軌上方,None,0.0,0.425,0.2847,,0.2847,0,21689,0.0031,51.51,51.67,51.83,50.99,2026-08-04,3,False
IBN,Financials,Banks - Regional,BB,價格在 BB 中軌上方,None,0.0,0.425,0.2847,,0.2847,0,21689,0.0031,30.33,30.42,30.52,30.03,2026-08-04,3,False
ITUB,Financials,Banks - Regional,BB,價格在 BB 中軌上方,None,0.0,0.425,0.2847,,0.2847,0,21689,0.0031,8.49,8.52,8.54,8.41,2026-08-03,3,False
KB,Financials,Banks - Regional,BB,價格在 BB 中軌上方,None,0.0,0.425,0.2847,,0.2847,0,21689,0.0031,119.98,120.35,120.72,118.78,2026-08-04,3,False
LYG,Financials,Banks - Regional,BB,價格在 BB 中軌上方,None,0.0,0.425,0.2847,,0.2847,0,21689,0.0031,6.22,6.24,6.26,6.16,2026-08-04,3,False
MUFG,Financials,Banks - Diversified,BB,價格在 BB 中軌上方,None,0.0,0.425,0.2847,,0.2847,0,21689,0.0031,22.49,22.56,22.63,22.27,2026-08-03,3,False
NU,Financials,Banks - Regional,BB,價格在 BB 中軌上方,None,0.0,0.425,0.2847,,0.2847,0,21689,0.0031,14.33,14.37,14.42,14.19,2026-08-04,3,False
ORI,Financials,Insurance - Property & Casualty,BB,價格在 BB 中軌上方,None,0.0,0.425,0.2847,,0.2847,0,21689,0.0031,43.42,43.55,43.69,42.99,2026-08-04,3,False
PUK,Financials,Insurance - Life,BB,價格在 BB 中軌上方,None,0.0,0.425,0.2847,,0.2847,0,21689,0.0031,29.51,29.6,29.69,29.21,2026-08-04,3,False
RGA,Financials,Insurance - Reinsurance,BB,價格在 BB 中軌上方,None,0.0,0.425,0.2847,,0.2847,0,21689,0.0031,236.37,237.1,237.84,234.01,2026-08-03,3,False
RIOT,Financials,Capital Markets,BB,價格在 BB 中軌上方,None,0.0,0.425,0.2847,,0.2847,0,21689,0.0031,21.56,21.63,21.69,21.34,2026-08-04,3,False
SF,Financials,Capital Markets,BB,價格在 BB 中軌上方,None,0.0,0.425,0.2847,,0.2847,0,21689,0.0031,84.05,84.31,84.57,83.21,2026-08-04,3,False
SLF,Financials,Insurance - Diversified,BB,價格在 BB 中軌上方,None,0.0,0.425,0.2847,,0.2847,0,21689,0.0031,82.27,82.53,82.78,81.45,2026-08-04,3,False
SMFG,Financials,Banks - Diversified,BB,價格在 BB 中軌上方,None,0.0,0.425,0.2847,,0.2847,0,21689,0.0031,25.88,25.96,26.04,25.62,2026-07-31,3,False
WBS,Financials,Banks - Regional,BB,價格在 BB 中軌上方,None,0.0,0.425,0.2847,,0.2847,0,21689,0.0031,77.92,78.16,78.4,77.14,2026-08-03,3,False
RY,Financials,Banks - Diversified,RSI,RSI 維持強勢 (50-70),None,0.0,0.51,0.2842,,0.2842,0,19108,0.003,208.54,209.17,209.79,206.45,2026-08-04,3,False
PM,Consumer Staples,Tobacco,RSI,RSI 維持強勢 (50-70),None,0.0,0.51,0.284,0.284,0.2452,250,7574,0.002,190.82,191.2,191.58,188.91,2026-07-31,3,False
TFII,Industrials,Trucking,BB,BB 跌破下軌 (超賣),None,0.0,0.45499999999999996,0.2838,,0.2838,0,1258,0.0043,135.02,135.6,136.18,133.67,2026-07-31,3,False
XEL,Utilities,Utilities - Regulated Electric,RSI,RSI 維持強勢 (50-70),None,0.0,0.51,0.2833,0.2833,0.2471,233,8831,0.0051,77.75,78.15,78.54,76.97,2026-08-04,3,False
IFF,Materials,Specialty Chemicals,RSI,RSI 維持強勢 (50-70),None,0.0,0.51,0.2828,0.2828,0.286,244,5721,-0.0019,80.89,80.74,80.58,80.08,2026-08-04,3,False
MSI,Information Technology,Communication Equipment,BB,BB 中軌向上（上升趨勢）,None,0.0,0.51,0.2821,0.2821,0.3639,234,16781,0.0045,442.85,444.84,446.84,438.42,2026-08-04,3,False
AGNCM,Real Estate,REIT - Mortgage,KDJ,KDJ 金叉,None,0.0,0.5525,0.2818,,0.2818,0,550,0.0003,25.04,25.05,25.06,24.79,2026-07-31,3,False
AGNCO,Real Estate,REIT - Mortgage,KDJ,KDJ 金叉,None,0.0,0.5525,0.2818,,0.2818,0,550,0.0003,25.52,25.53,25.54,25.26,2026-07-31,3,False
AGNCP,Real Estate,REIT - Mortgage,KDJ,KDJ 金叉,None,0.0,0.5525,0.2818,,0.2818,0,550,0.0003,25.17,25.18,25.19,24.92,2026-08-03,3,False
AMH,Real Estate,REIT - Residential,KDJ,KDJ 金叉,None,0.0,0.5525,0.2818,,0.2818,0,550,0.0003,33.42,33.43,33.44,33.09,2026-07-31,3,False
ALLE,Industrials,Security & Protection Services,RSI,RSI 維持強勢 (50-70),None,0.0,0.51,0.2814,0.2814,0.2986,199,19157,0.0036,165.36,165.96,166.55,163.71,2026-08-04,3,False
COO,Health Care,Medical Instruments & Supplies,RSI,RSI 加速上升,None,0.0,0.5525,0.2808,0.2808,0.2803,146,8492,-0.0015,74.23,74.12,74.01,73.49,2026-08-03,3,False
ALC,Health Care,Medical Instruments & Supplies,BB,價格在 BB 中軌上方,None,0.0,0.425,0.2804,,0.2804,0,14417,0.0008,70.99,71.05,71.1,70.28,2026-08-04,3,False
BRKRP,Health Care,Medical Devices,BB,價格在 BB 中軌上方,None,0.0,0.425,0.2804,,0.2804,0,14417,0.0008,473.96,474.34,474.72,469.22,2026-08-03,3,False
EHC,Health Care,Medical Care Facilities,BB,價格在 BB 中軌上方,None,0.0,0.425,0.2804,,0.2804,0,14417,0.0008,112.47,112.56,112.65,111.35,2026-08-03,3,False
ELAN,Health Care,Drug Manufacturers - Specialty & Generic,BB,價格在 BB 中軌上方,None,0.0,0.425,0.2804,,0.2804,0,14417,0.0008,25.6,25.62,25.64,25.34,2026-08-04,3,False
GH,Health Care,Diagnostics & Research,BB,價格在 BB 中軌上方,None,0.0,0.425,0.2804,,0.2804,0,14417,0.0008,159.79,159.92,160.05,158.19,2026-08-04,3,False
MEDP,Health Care,Diagnostics & Research,BB,價格在 BB 中軌上方,None,0.0,0.425,0.2804,,0.2804,0,14417,0.0008,575.08,575.54,576.0,569.33,2026-08-04,3,False
NVS,Health Care,Drug Manufacturers - General,BB,價格在 BB 中軌上方,None,0.0,0.425,0.2804,,0.2804,0,14417,0.0008,156.15,156.27,156.4,154.59,2026-07-31,3,False
ONC,Health Care,Biotechnology,BB,價格在 BB 中軌上方,None,0.0,0.425,0.2804,,0.2804,0,14417,0.0008,323.01,323.27,323.53,319.78,2026-08-04,3,False
PEN,Health Care,Medical Devices,BB,價格在 BB 中軌上方,None,0.0,0.425,0.2804,,0.2804,0,14417,0.0008,323.02,323.28,323.54,319.79,2026-08-03,3,False
THC,Health Care,Medical Care Facilities,BB,價格在 BB 中軌上方,None,0.0,0.425,0.2804,,0.2804,0,14417,0.0008,253.33,253.53,253.74,250.8,2026-08-04,3,False
PHG,Health Care,Medical Devices,RSI,RSI 加速上升,None,0.0,0.5525,0.2803,,0.2803,0,8492,-0.0001,26.47,26.47,26.46,26.21,2026-08-04,3,False
RDY,Health Care,Drug Manufacturers - Specialty & Generic,RSI,RSI 加速上升,None,0.0,0.5525,0.2803,,0.2803,0,8492,-0.0001,12.1,12.1,12.1,11.98,2026-08-04,3,False
TEM,Health Care,Health Information Services,RSI,RSI 加速上升,None,0.0,0.5525,0.2803,,0.2803,0,8492,-0.0001,47.05,47.05,47.04,46.58,2026-08-04,3,False
PH,Industrials,Specialty Industrial Machinery,RSI,RSI 維持強勢 (50-70),None,0.0,0.51,0.2781,0.2781,0.2986,302,19157,0.0029,992.65,995.53,998.41,982.72,2026-08-04,3,False
TKO,Communication Services,Entertainment,BB,價格在 BB 中軌上方,None,0.0,0.425,0.2778,0.2778,0.4048,18,336,-0.0015,184.51,184.23,183.96,182.66,2026-08-04,3,True
BBIO,Health Care,Biotechnology,RSI,RSI 維持強勢 (50-70),None,0.0,0.51,0.2772,,0.2772,0,12123,0.0009,82.07,82.14,82.22,81.25,2026-08-04,3,False
HLN,Health Care,Drug Manufacturers - Specialty & Generic,RSI,RSI 維持強勢 (50-70),None,0.0,0.51,0.2772,,0.2772,0,12123,0.0009,9.78,9.79,9.8,9.68,2026-08-04,3,False
ROST,Consumer Discretionary,Apparel Retail,BB,價格在 BB 中軌上方,None,0.0,0.425,0.2765,0.2765,0.2984,311,12430,0.0058,251.06,252.52,253.97,248.55,2026-08-04,3,False
NOC,Industrials,Aerospace & Defense,BB,價格在 BB 中軌上方,None,0.0,0.425,0.276,0.276,0.295,250,22337,0.0053,551.55,554.47,557.4,546.03,2026-08-04,3,False
AXSM,Health Care,Biotechnology,BB,BB 跌破下軌 (超賣),None,0.0,0.45499999999999996,0.2752,,0.2752,0,974,-0.0017,211.04,210.68,210.32,208.93,2026-08-03,3,False
BTSG,Health Care,Health Information Services,BB,BB 跌破下軌 (超賣),None,0.0,0.45499999999999996,0.2752,,0.2752,0,974,-0.0017,60.465,60.36,60.26,59.86,2026-08-03,3,False
BTSGU,Health Care,Health Information Services,BB,BB 跌破下軌 (超賣),None,0.0,0.45499999999999996,0.2752,,0.2752,0,974,-0.0017,202.0,201.66,201.31,199.98,2026-08-03,3,False
ICLR,Health Care,Diagnostics & Research,BB,BB 跌破下軌 (超賣),None,0.0,0.45499999999999996,0.2752,,0.2752,0,974,-0.0017,156.85,156.58,156.32,155.28,2026-08-04,3,False
KRYS,Health Care,Biotechnology,BB,BB 跌破下軌 (超賣),None,0.0,0.45499999999999996,0.2752,,0.2752,0,974,-0.0017,312.57,312.04,311.51,309.44,2026-08-03,3,False
ACGL,Financials,Insurance - Diversified,RSI,RSI 維持強勢 (50-70),None,0.0,0.51,0.2739,0.2739,0.2842,241,19108,0.0007,99.52,99.59,99.66,98.52,2026-08-04,3,False
COR,Health Care,Medical Distribution,BB,價格在 BB 中軌上方,None,0.0,0.425,0.2738,0.2738,0.2804,347,14417,0.0038,308.37,309.54,310.71,305.29,2026-08-03,3,False
MA,Financials,Credit Services,RSI,RSI 加速上升,None,0.0,0.5525,0.2733,0.2733,0.3014,161,11488,0.0011,573.1,573.73,574.36,567.37,2026-07-31,3,False
OTIS,Industrials,Specialty Industrial Machinery,RSI,RSI 上穿 50 中性線,None,0.0,0.4675,0.2727,0.2727,0.304,33,1816,-0.0059,73.64,73.21,72.77,72.9,2026-08-04,3,False
BMY,Health Care,Drug Manufacturers - General,BB,價格在 BB 中軌上方,None,0.0,0.425,0.2727,0.2727,0.2804,231,14417,-0.0009,65.89,65.83,65.77,65.23,2026-08-04,3,False
ARGX,Health Care,Biotechnology,BB,BB 中軌向上（上升趨勢）,None,0.0,0.51,0.2705,,0.2705,0,10885,0.0002,844.5,844.67,844.84,836.05,2026-08-04,3,False
NBIX,Health Care,Drug Manufacturers - Specialty & Generic,BB,BB 中軌向上（上升趨勢）,None,0.0,0.51,0.2705,,0.2705,0,10885,0.0002,166.23,166.26,166.3,164.57,2026-08-03,3,False
SNY,Health Care,Drug Manufacturers - General,BB,BB 中軌向上（上升趨勢）,None,0.0,0.51,0.2705,,0.2705,0,10885,0.0002,42.95,42.96,42.97,42.52,2026-08-03,3,False
AEP,Utilities,Utilities - Regulated Electric,BB,BB 中軌向上（上升趨勢）,None,0.0,0.51,0.2702,0.2702,0.249,248,7232,0.0036,128.35,128.81,129.27,127.07,2026-08-04,3,False
MKC,Consumer Staples,Packaged Foods,RSI,RSI 上穿 50 中性線,None,0.0,0.4675,0.2692,0.2692,0.2565,26,928,0.0028,51.52,51.66,51.81,51.0,2026-08-03,3,False
SYY,Consumer Staples,Food Distribution,BB,BB 中軌向上（上升趨勢）,None,0.0,0.51,0.269,0.269,0.2466,171,6128,0.0069,85.24,85.83,86.42,84.39,2026-07-31,3,False
LOW,Consumer Discretionary,Home Improvement Retail,RSI,RSI 維持強勢 (50-70),None,0.0,0.51,0.267,0.267,0.2995,206,10441,0.0003,218.08,218.15,218.21,215.9,2026-08-04,3,False
PLD,Real Estate,REIT - Industrial,BB,BB 中軌向上（上升趨勢）,None,0.0,0.51,0.2667,0.2667,0.2647,180,5713,0.0037,144.15,144.68,145.22,142.71,2026-08-03,3,False
AGNC,Real Estate,REIT - Mortgage,BB,BB 中軌向上（上升趨勢）,None,0.0,0.51,0.2647,,0.2647,0,5713,0.0025,10.64,10.67,10.69,10.53,2026-08-04,3,False
AGNCN,Real Estate,REIT - Mortgage,BB,BB 中軌向上（上升趨勢）,None,0.0,0.51,0.2647,,0.2647,0,5713,0.0025,25.83,25.89,25.96,25.57,2026-08-03,3,False
AGNCZ,Real Estate,REIT - Mortgage,BB,BB 中軌向上（上升趨勢）,None,0.0,0.51,0.2647,,0.2647,0,5713,0.0025,25.36,25.42,25.49,25.11,2026-08-04,3,False
BEKE,Real Estate,Real Estate Services,BB,BB 中軌向上（上升趨勢）,None,0.0,0.51,0.2647,,0.2647,0,5713,0.0025,17.14,17.18,17.23,16.97,2026-08-04,3,False
BPYPP,Real Estate,Real Estate Services,BB,BB 中軌向上（上升趨勢）,None,0.0,0.51,0.2647,,0.2647,0,5713,0.0025,16.08,16.12,16.16,15.92,2026-08-04,3,False
GLPI,Real Estate,REIT - Specialty,BB,BB 中軌向上（上升趨勢）,None,0.0,0.51,0.2647,,0.2647,0,5713,0.0025,44.41,44.52,44.63,43.97,2026-08-04,3,False
JLL,Real Estate,Real Estate Services,BB,BB 中軌向上（上升趨勢）,None,0.0,0.51,0.2647,,0.2647,0,5713,0.0025,367.86,368.78,369.7,364.18,2026-08-04,3,False
NLY,Real Estate,REIT - Mortgage,BB,BB 中軌向上（上升趨勢）,None,0.0,0.51,0.2647,,0.2647,0,5713,0.0025,22.78,22.84,22.89,22.55,2026-08-03,3,False
OHI,Real Estate,REIT - Healthcare Facilities,BB,BB 中軌向上（上升趨勢）,None,0.0,0.51,0.2647,,0.2647,0,5713,0.0025,49.01,49.13,49.26,48.52,2026-08-03,3,False
SUI,Real Estate,REIT - Residential,BB,BB 中軌向上（上升趨勢）,None,0.0,0.51,0.2647,,0.2647,0,5713,0.0025,122.46,122.77,123.07,121.24,2026-08-03,3,False
WPC,Real Estate,REIT - Diversified,BB,BB 中軌向上（上升趨勢）,None,0.0,0.51,0.2647,,0.2647,0,5713,0.0025,72.32,72.5,72.68,71.6,2026-08-04,3,False
SJM,Consumer Staples,Packaged Foods,BB,BB 中軌向上（上升趨勢）,None,0.0,0.51,0.2645,0.2645,0.2466,121,6128,0.006,119.17,119.89,120.6,117.98,2026-08-04,3,False
AMGN,Health Care,Drug Manufacturers - General,RSI,RSI 維持強勢 (50-70),None,0.0,0.51,0.2639,0.2639,0.2772,216,12123,0.0032,390.02,391.27,392.52,386.12,2026-08-04,3,False
VRSN,Information Technology,Software - Infrastructure,BB,BB 中軌向上（上升趨勢）,None,0.0,0.51,0.2636,0.2636,0.3639,239,16781,-0.0001,299.2,299.17,299.14,296.21,2026-08-04,3,False
CI,Health Care,Healthcare Plans,BB,BB 中軌向上（上升趨勢）,None,0.0,0.51,0.2614,0.2614,0.2705,153,10885,0.0005,282.06,282.2,282.34,279.24,2026-08-03,3,False
LEN,Consumer Discretionary,Residential Construction,RSI,RSI 維持強勢 (50-70),None,0.0,0.51,0.2611,0.2611,0.2995,180,10441,-0.0063,87.02,86.47,85.92,86.15,2026-08-04,3,False
T,Communication Services,Telecom Services,BB,BB 中軌向上（上升趨勢）,None,0.0,0.51,0.2597,0.2597,0.2943,231,4771,-0.0014,23.38,23.35,23.31,23.15,2026-08-04,3,False
ICE,Financials,Financial Data & Stock Exchanges,RSI,RSI 維持強勢 (50-70),None,0.0,0.51,0.258,0.258,0.2842,283,19108,0.005,149.2,149.95,150.69,147.71,2026-08-04,3,False
BSX,Health Care,Medical Devices,RSI,RSI 加速上升,None,0.0,0.5525,0.2576,0.2576,0.2803,132,8492,-0.0058,48.43,48.15,47.87,47.95,2026-08-03,3,False
WMT,Consumer Staples,Discount Stores,RSI,RSI 加速上升,None,0.0,0.5525,0.2569,0.2569,0.2439,144,5343,0.0042,111.2,111.67,112.13,110.09,2026-07-31,3,False
BEP,Utilities,Utilities - Renewable,RSI,RSI 加速上升,None,0.0,0.5525,0.2565,,0.2565,0,4905,0.0041,33.04,33.18,33.31,32.71,2026-08-04,3,False
BEPC,Utilities,Utilities - Renewable,RSI,RSI 加速上升,None,0.0,0.5525,0.2565,,0.2565,0,4905,0.0041,33.55,33.69,33.83,33.21,2026-08-04,3,False
KEP,Utilities,Utilities - Regulated Electric,RSI,RSI 加速上升,None,0.0,0.5525,0.2565,,0.2565,0,4905,0.0041,12.34,12.39,12.44,12.22,2026-08-04,3,False
CPB,Consumer Staples,Packaged Foods,RSI,RSI 上穿 50 中性線,None,0.0,0.4675,0.2565,,0.2565,0,928,0.0005,22.37,22.38,22.39,22.15,2026-08-03,3,False
FMX,Consumer Staples,Beverages - Brewers,RSI,RSI 上穿 50 中性線,None,0.0,0.4675,0.2565,,0.2565,0,928,0.0005,127.99,128.05,128.12,126.71,2026-07-31,3,False
AMP,Financials,Asset Management,BB,價格在 BB 中軌上方,None,0.0,0.425,0.2564,0.2564,0.2847,273,21689,0.0017,553.58,554.52,555.46,548.04,2026-08-04,3,False
XOM,Energy,Oil & Gas Integrated,BB,BB 中軌向上（上升趨勢）,None,0.0,0.51,0.256,0.256,0.2962,207,4484,-0.0043,153.96,153.3,152.64,152.42,2026-08-04,3,False
APD,Materials,Specialty Chemicals,BB,BB 中軌向上（上升趨勢）,None,0.0,0.51,0.2556,0.2556,0.2853,180,5036,-0.0037,294.71,293.62,292.53,291.76,2026-08-04,3,False
DGX,Health Care,Diagnostics & Research,RSI,RSI 維持強勢 (50-70),None,0.0,0.51,0.2551,0.2551,0.2772,243,12123,0.0038,231.95,232.83,233.71,229.63,2026-08-03,3,False
EQIX,Real Estate,REIT - Specialty,BB,價格在 BB 中軌上方,None,0.0,0.425,0.2538,0.2538,0.248,260,8032,-0.0008,1051.53,1050.69,1049.85,1041.01,2026-08-04,3,False
ELS,Real Estate,REIT - Residential,RSI,RSI 維持強勢 (50-70),None,0.0,0.51,0.2509,,0.2509,0,7011,0.0007,65.67,65.72,65.76,65.01,2026-08-03,3,False
AEE,Utilities,Utilities - Regulated Electric,BB,BB 中軌向上（上升趨勢）,None,0.0,0.51,0.25,0.25,0.3562,12,365,0.0081,109.61,110.5,111.39,108.51,2026-07-31,3,True
VICI,Real Estate,REIT - Diversified,BB,價格在 BB 中軌上方,None,0.0,0.425,0.25,0.25,0.3248,12,311,0.0023,26.59,26.65,26.71,26.32,2026-08-04,3,True
AXIA,Utilities,Utilities - Renewable,BB,BB 中軌向上（上升趨勢）,None,0.0,0.51,0.249,,0.249,0,7232,0.0028,10.5,10.53,10.56,10.39,2026-08-04,3,False
BIP,Utilities,Utilities - Diversified,BB,BB 中軌向上（上升趨勢）,None,0.0,0.51,0.249,,0.249,0,7232,0.0028,39.91,40.02,40.13,39.51,2026-08-04,3,False
WTRG,Utilities,Utilities - Regulated Water,BB,BB 中軌向上（上升趨勢）,None,0.0,0.51,0.249,,0.249,0,7232,0.0028,39.56,39.67,39.78,39.16,2026-08-04,3,False
INVH,Real Estate,REIT - Residential,MACD,MACD 金叉 (多頭區),None,0.0,0.68,0.2486,,0.2486,0,173,0.0009,30.47,30.5,30.52,30.17,2026-08-04,3,False
PRU,Financials,Insurance - Life,BB,價格在 BB 中軌上方,None,0.0,0.425,0.2481,0.2481,0.2847,266,21689,-0.0042,123.54,123.02,122.5,122.3,2026-08-04,3,False
NWS,Communication Services,Entertainment,RSI,RSI 維持強勢 (50-70),None,0.0,0.51,0.2471,0.2471,0.3082,259,5205,0.0029,32.72,32.81,32.91,32.39,2026-08-04,3,False
BJ,Consumer Staples,Discount Stores,BB,BB 中軌向上（上升趨勢）,None,0.0,0.51,0.2466,,0.2466,0,6128,-0.0003,96.65,96.62,96.59,95.68,2026-08-04,3,False
BUD,Consumer Staples,Beverages - Brewers,BB,BB 中軌向上（上升趨勢）,None,0.0,0.51,0.2466,,0.2466,0,6128,-0.0003,84.59,84.56,84.54,83.74,2026-08-04,3,False
DEO,Consumer Staples,Beverages - Wineries & Distilleries,BB,BB 中軌向上（上升趨勢）,None,0.0,0.51,0.2466,,0.2466,0,6128,-0.0003,87.83,87.8,87.78,86.95,2026-08-04,3,False
JBS,Consumer Staples,Packaged Foods,BB,BB 中軌向上（上升趨勢）,None,0.0,0.51,0.2466,,0.2466,0,6128,-0.0003,13.61,13.61,13.6,13.47,2026-08-04,3,False
MICC,Consumer Staples,Packaged Foods,BB,BB 中軌向上（上升趨勢）,None,0.0,0.51,0.2466,,0.2466,0,6128,-0.0003,18.37,18.36,18.36,18.19,2026-08-03,3,False
PFGC,Consumer Staples,Food Distribution,BB,BB 中軌向上（上升趨勢）,None,0.0,0.51,0.2466,,0.2466,0,6128,-0.0003,114.36,114.33,114.29,113.22,2026-08-03,3,False
UL,Consumer Staples,Household & Personal Products,BB,BB 中軌向上（上升趨勢）,None,0.0,0.51,0.2466,,0.2466,0,6128,-0.0003,64.08,64.06,64.04,63.44,2026-08-04,3,False
COKE,Consumer Staples,Beverages - Non-Alcoholic,RSI,RSI 維持強勢 (50-70),None,0.0,0.51,0.2452,,0.2452,0,7574,-0.0002,187.9,187.86,187.82,186.02,2026-07-31,3,False
USFD,Consumer Staples,Food Distribution,RSI,RSI 維持強勢 (50-70),None,0.0,0.51,0.2452,,0.2452,0,7574,-0.0002,99.04,99.02,99.0,98.05,2026-08-04,3,False
MET,Financials,Insurance - Life,BB,價格在 BB 中軌上方,None,0.0,0.425,0.2446,0.2446,0.2847,278,21689,0.0015,96.13,96.27,96.42,95.17,2026-08-04,3,False
TTWO,Communication Services,Electronic Gaming & Multimedia,RSI,RSI 維持強勢 (50-70),None,0.0,0.51,0.2443,0.2443,0.3082,262,5205,0.0005,245.15,245.27,245.4,242.7,2026-08-03,3,False
JNJ,Health Care,Drug Manufacturers - General,RSI,RSI 維持強勢 (50-70),None,0.0,0.51,0.2436,0.2436,0.2772,234,12123,0.0055,254.93,256.33,257.73,252.38,2026-08-04,3,False
AAON,Industrials,Building Products & Equipment,KDJ,KDJ 超賣區金叉,None,0.0,0.5599999999999999,0.2433,,0.2433,0,563,0.0001,92.56,92.57,92.58,91.63,2026-08-03,3,False
RTX,Industrials,Aerospace & Defense,BB,價格在 BB 中軌上方,None,0.0,0.425,0.2432,0.2432,0.295,329,22337,0.0037,217.93,218.74,219.54,215.75,2026-08-04,3,False
MDT,Health Care,Medical Devices,BB,價格在 BB 中軌上方,None,0.0,0.425,0.2425,0.2425,0.2804,268,14417,0.0012,86.2,86.3,86.41,85.34,2026-08-04,3,False
ADSK,Information Technology,Software - Application,RSI,RSI 維持強勢 (50-70),None,0.0,0.51,0.2424,0.2424,0.3645,198,16764,-0.0043,237.21,236.19,235.17,234.84,2026-08-04,3,False
AMT,Real Estate,REIT - Specialty,RSI,RSI 維持強勢 (50-70),None,0.0,0.51,0.2419,0.2419,0.2509,186,7011,-0.0,175.25,175.25,175.25,173.5,2026-08-04,3,False
ZTS,Health Care,Drug Manufacturers - Specialty & Generic,BB,價格在 BB 中軌上方,None,0.0,0.425,0.2417,0.2417,0.2804,211,14417,-0.0048,76.04,75.68,75.31,75.28,2026-08-04,3,False
FRT,Real Estate,REIT - Retail,BB,BB 中軌向上（上升趨勢）,None,0.0,0.51,0.241,0.241,0.2647,195,5713,0.0011,122.82,122.96,123.09,121.59,2026-08-04,3,False
HIG,Financials,Insurance - Diversified,BB,價格在 BB 中軌上方,None,0.0,0.425,0.2386,0.2386,0.2847,352,21689,0.0002,142.05,142.08,142.11,140.63,2026-08-04,3,False
ACN,Information Technology,Information Technology Services,KDJ,KDJ 金叉,None,0.0,0.5525,0.2381,0.2381,0.3918,21,1955,-0.0049,170.43,169.59,168.76,168.73,2026-08-04,3,False
MCK,Health Care,Medical Distribution,BB,BB 中軌向上（上升趨勢）,None,0.0,0.51,0.2377,0.2377,0.2705,265,10885,0.0036,830.43,833.42,836.41,822.13,2026-08-04,3,False
PTC,Information Technology,Software - Application,BB,BB 中軌向上（上升趨勢）,None,0.0,0.51,0.2353,0.2353,0.3639,153,16781,-0.001,141.68,141.54,141.4,140.26,2026-08-04,3,False
ABT,Health Care,Medical Devices,BB,價格在 BB 中軌上方,None,0.0,0.425,0.2353,0.2353,0.2804,221,14417,-0.0011,105.46,105.34,105.23,104.41,2026-08-04,3,False
KO,Consumer Staples,Beverages - Non-Alcoholic,BB,BB 中軌向上（上升趨勢）,None,0.0,0.51,0.2346,0.2346,0.2466,179,6128,0.0053,86.56,87.02,87.48,85.69,2026-08-04,3,False
CSGP,Real Estate,Real Estate Services,RSI,RSI 維持強勢 (50-70),None,0.0,0.51,0.2343,0.2343,0.2509,175,7011,-0.0075,29.815,29.59,29.37,29.52,2026-08-04,3,False
GEHC,Health Care,Medical Devices,BB,價格在 BB 中軌上方,None,0.0,0.425,0.233,0.233,0.2804,206,14417,-0.0058,70.26,69.85,69.44,69.56,2026-08-04,3,False
LINE,Real Estate,REIT - Industrial,RSI,RSI 加速上升,None,0.0,0.5525,0.2327,,0.2327,0,4401,-0.0006,42.37,42.34,42.32,41.95,2026-07-31,3,False
ADM,Consumer Staples,Farm Products,BB,BB 中軌向上（上升趨勢）,None,0.0,0.51,0.2324,0.2324,0.2466,185,6128,-0.0032,79.87,79.61,79.36,79.07,2026-08-04,3,False
AZO,Consumer Discretionary,Auto Parts,BB,BB 中軌向上（上升趨勢）,None,0.0,0.51,0.232,0.232,0.2908,194,9757,-0.0024,3028.03,3020.76,3013.5,2997.75,2026-08-04,3,False
SYK,Health Care,Medical Devices,KDJ,KDJ 金叉,None,0.0,0.5525,0.2308,0.2308,0.2852,26,1536,-0.0004,341.2,341.06,340.93,337.79,2026-08-03,3,False
EG,Financials,Insurance - Reinsurance,RSI,RSI 維持強勢 (50-70),None,0.0,0.51,0.2284,0.2284,0.2842,232,19108,-0.0069,372.05,369.48,366.92,368.33,2026-08-03,3,False
ROP,Information Technology,Software - Application,RSI,RSI 維持強勢 (50-70),Support,0.9,1.0,0.2281,,0.2281,0,57,-0.0136,391.97,386.64,381.31,388.05,2026-07-31,3,False
TJX,Consumer Discretionary,Apparel Retail,RSI,RSI 維持強勢 (50-70),None,0.0,0.51,0.2269,0.2269,0.2995,335,10441,0.0027,157.55,157.98,158.4,155.97,2026-08-04,3,False
DHR,Health Care,Diagnostics & Research,BB,價格在 BB 中軌上方,None,0.0,0.425,0.2267,0.2267,0.2804,247,14417,-0.002,197.5,197.1,196.71,195.53,2026-08-03,3,False
BDX,Health Care,Medical Instruments & Supplies,RSI,RSI 維持強勢 (50-70),Support,0.9,1.0,0.225,,0.225,0,40,-0.0085,165.62,164.21,162.8,163.96,2026-07-31,3,False
STE,Health Care,Medical Devices,RSI,RSI 維持強勢 (50-70),Support,0.9,1.0,0.225,,0.225,0,40,-0.0085,228.4,226.46,224.52,226.12,2026-07-31,3,False
DRI,Consumer Discretionary,Restaurants,BB,價格在 BB 中軌上方,None,0.0,0.425,0.2245,0.2245,0.2984,245,12430,-0.0015,204.57,204.26,203.96,202.52,2026-08-04,3,False
CTAS,Industrials,Specialty Business Services,RSI,RSI 維持強勢 (50-70),None,0.0,0.51,0.2236,0.2236,0.2986,322,19157,0.0044,203.65,204.55,205.44,201.61,2026-08-04,3,False
WM,Industrials,Waste Management,BB,BB 中軌向上（上升趨勢）,None,0.0,0.51,0.2234,0.2234,0.2929,188,17460,0.0003,226.43,226.5,226.57,224.17,2026-08-03,3,False
TMUS,Communication Services,Telecom Services,KDJ,KDJ 金叉,None,0.0,0.5525,0.2222,0.2222,0.3345,18,550,0.005,177.21,178.1,178.98,175.44,2026-08-04,3,False
XYL,Industrials,Specialty Industrial Machinery,BB,價格在 BB 中軌上方,None,0.0,0.425,0.2203,0.2203,0.295,295,22337,0.0025,122.17,122.48,122.78,120.95,2026-08-04,3,False
PSA,Real Estate,REIT - Industrial,RSI,RSI 維持強勢 (50-70),None,0.0,0.51,0.2197,0.2197,0.2509,173,7011,-0.0042,326.49,325.12,323.75,323.23,2026-08-04,3,False
STZ,Consumer Staples,Beverages - Brewers,RSI,RSI 加速上升,None,0.0,0.5525,0.216,0.216,0.2439,162,5343,-0.0044,131.36,130.78,130.2,130.05,2026-08-03,3,False
SPGI,Financials,Financial Data & Stock Exchanges,RSI,RSI 維持強勢 (50-70),None,0.0,0.51,0.2158,0.2158,0.2842,278,19108,0.0011,412.53,412.98,413.44,408.4,2026-08-04,3,False
AFL,Financials,Insurance - Life,BB,價格在 BB 中軌上方,None,0.0,0.425,0.2149,0.2149,0.2847,363,21689,0.0016,125.15,125.35,125.55,123.9,2026-08-04,3,False
DPZ,Consumer Discretionary,Restaurants,RSI,RSI 維持強勢 (50-70),None,0.0,0.51,0.2114,0.2114,0.2995,175,10441,-0.0007,367.63,367.37,367.12,363.95,2026-08-04,3,False
WST,Health Care,Medical Instruments & Supplies,BB,BB 中軌向上（上升趨勢）,None,0.0,0.51,0.2086,0.2086,0.2705,187,10885,-0.0036,348.76,347.5,346.25,345.27,2026-08-04,3,False
WRB,Financials,Insurance - Property & Casualty,RSI,RSI 維持強勢 (50-70),None,0.0,0.51,0.2083,0.2083,0.2842,288,19108,0.0013,72.54,72.63,72.73,71.81,2026-07-31,3,False
ALL,Financials,Insurance - Property & Casualty,RSI,RSI 維持強勢 (50-70),None,0.0,0.51,0.208,0.208,0.2842,226,19108,-0.0006,262.56,262.4,262.24,259.93,2026-08-04,3,False
VZ,Communication Services,Telecom Services,BB,價格在 BB 中軌上方,None,0.0,0.425,0.2046,0.2046,0.3007,259,6080,0.0019,46.88,46.97,47.06,46.41,2026-08-04,3,False
MRK,Health Care,Drug Manufacturers - General,RSI,RSI 維持強勢 (50-70),None,0.0,0.51,0.2017,0.2017,0.2772,233,12123,-0.0043,128.0,127.45,126.9,126.72,2026-08-04,3,False
VRSK,Industrials,Consulting Services,RSI,RSI 維持強勢 (50-70),None,0.0,0.51,0.2016,0.2016,0.2986,248,19157,-0.0014,194.85,194.58,194.3,192.9,2026-07-31,3,False
LYB,Materials,Specialty Chemicals,BB,BB 中軌向上（上升趨勢）,None,0.0,0.51,0.2011,0.2011,0.2853,179,5036,-0.0074,61.11,60.66,60.21,60.5,2026-08-04,3,False
TYL,Information Technology,Software - Application,RSI,RSI 上穿 50 中性線,None,0.0,0.4675,0.2,0.2,0.3785,20,1593,-0.0067,313.33,311.23,309.13,310.2,2026-08-04,3,False
MO,Consumer Staples,Tobacco,BB,BB 跌破下軌 (超賣),None,0.0,0.45499999999999996,0.2,0.2,0.2667,15,705,0.0063,68.33,68.76,69.19,67.65,2026-07-31,3,False
SBUX,Consumer Discretionary,Restaurants,BB,價格在 BB 中軌上方,None,0.0,0.425,0.1957,0.1957,0.2984,235,12430,-0.0009,104.97,104.88,104.78,103.92,2026-08-04,3,False
SNA,Industrials,Tools & Accessories,BB,BB 中軌向上（上升趨勢）,None,0.0,0.51,0.1944,0.1944,0.2929,216,17460,0.0,410.41,410.41,410.41,406.31,2026-07-31,3,False
L,Financials,Insurance - Property & Casualty,RSI,RSI 維持強勢 (50-70),None,0.0,0.51,0.1902,0.1902,0.2842,368,19108,0.0015,115.98,116.15,116.33,114.82,2026-08-04,3,False
AON,Financials,Insurance Brokers,BB,BB 中軌向上（上升趨勢）,None,0.0,0.51,0.1832,0.1832,0.2681,202,16575,-0.0015,356.65,356.12,355.58,353.08,2026-08-04,3,False
KR,Consumer Staples,Grocery Stores,BB,BB 中軌向上（上升趨勢）,None,0.0,0.51,0.1823,0.1823,0.2466,192,6128,-0.0023,58.22,58.09,57.95,57.64,2026-08-03,3,False
GD,Industrials,Aerospace & Defense,RSI,RSI 維持強勢 (50-70),None,0.0,0.51,0.1812,0.1812,0.2986,320,19157,0.0031,385.76,386.96,388.15,381.9,2026-08-04,3,False
SPG,Real Estate,REIT - Retail,RSI,RSI 維持強勢 (50-70),None,0.0,0.51,0.1805,0.1805,0.2509,277,7011,-0.0007,225.9,225.74,225.58,223.64,2026-08-04,3,False
YUM,Consumer Discretionary,Restaurants,BB,價格在 BB 中軌上方,None,0.0,0.425,0.1789,0.1789,0.2984,218,12430,-0.0015,153.28,153.05,152.82,151.75,2026-07-31,3,False
HRL,Consumer Staples,Packaged Foods,BB,價格在 BB 中軌上方,None,0.0,0.425,0.1737,0.1737,0.2432,236,8891,-0.0024,25.34,25.28,25.22,25.09,2026-08-04,3,False
CB,Financials,Insurance - Property & Casualty,RSI,RSI 維持強勢 (50-70),None,0.0,0.51,0.1716,0.1716,0.2842,268,19108,0.0003,350.68,350.79,350.89,347.17,2026-07-31,3,False
PEP,Consumer Staples,Beverages - Non-Alcoholic,RSI,RSI 加速上升,None,0.0,0.5525,0.1691,0.1691,0.2439,136,5343,0.0006,139.56,139.64,139.73,138.16,2026-07-31,3,False
MCD,Consumer Discretionary,Restaurants,RSI,RSI 加速上升,None,0.0,0.5525,0.1538,0.1538,0.3117,156,6796,-0.0029,270.64,269.86,269.07,267.93,2026-07-31,3,False
WEC,Utilities,Utilities - Regulated Electric,BB,BB 跌破下軌 (超賣),None,0.0,0.45499999999999996,0.1538,0.1538,0.4104,13,441,-0.0055,109.42,108.82,108.22,108.33,2026-07-31,3,False
O,Real Estate,REIT - Retail,BB,BB 中軌向上（上升趨勢）,None,0.0,0.51,0.1458,0.1458,0.2647,192,5713,-0.0009,63.48,63.42,63.37,62.85,2026-08-03,3,False
UNH,Health Care,Healthcare Plans,BB,BB 跌破下軌 (超賣),None,0.0,0.45499999999999996,0.0714,0.0714,0.2752,14,974,-0.0094,407.55,403.72,399.89,403.47,2026-08-04,3,False
