symbol,sector,subsector,indicator,signal,pattern,pattern_conf,confidence,win_rate,win_rate_stock,win_rate_sector,stock_n,sector_n,avg_return,price,tp1_price,tp2_price,sl_price,date,tier,volume_confirmed
EME,Industrials,Engineering & Construction,BB,BB 跌破下軌 (超賣),Support,0.8,1.0,0.8333,,0.8333,0,6,0.0537,672.48,708.59,744.7,665.76,2026-07-29,1,True
IREN,Financials,Capital Markets,BB,BB 跌破下軌 (超賣),Support,0.7,1.0,0.8333,,0.8333,0,6,0.0916,29.31,31.99,34.68,29.02,2026-07-29,1,True
NVMI,Information Technology,Semiconductor Equipment & Materials,RSI,RSI 超賣區域 (30),Support,0.9,1.0,0.8333,,0.8333,0,6,0.0623,366.91,389.77,412.63,363.24,2026-07-29,1,True
SPXC,Industrials,Building Products & Equipment,BB,BB 跌破下軌 (超賣),Support,0.9,1.0,0.8333,,0.8333,0,6,0.0537,187.65,197.73,207.8,185.77,2026-07-29,1,True
VRT,Industrials,Electrical Equipment & Parts,BB,BB 跌破下軌 (超賣),Support,0.9,1.0,0.8333,,0.8333,0,6,0.0537,223.04,235.02,246.99,220.81,2026-07-29,1,True
ENTG,Information Technology,Semiconductor Equipment & Materials,BB,BB 跌破下軌 (超賣),Support,0.7,1.0,0.7857,,0.7857,0,14,0.0772,107.01,115.27,123.53,105.94,2026-07-29,1,True
FORM,Information Technology,Semiconductor Equipment & Materials,BB,BB 跌破下軌 (超賣),Support,0.8,1.0,0.7857,,0.7857,0,14,0.0772,83.45,89.89,96.33,82.62,2026-07-29,1,True
BDRX,Health Care,Biotechnology,RSI,RSI 維持超賣,Morning Star,0.8,0.9,0.6098,,0.6098,0,82,0.0247,1.48,1.52,1.55,1.47,2026-07-30,1,False
SBAC,Real Estate,REIT - Specialty,RSI,RSI 上穿 50 中性線,Morning Star,0.8,1.0,0.5833,,0.5833,0,24,0.0272,186.29,191.36,196.42,184.43,2026-07-29,1,True
BP,Energy,Oil & Gas Integrated,BB,BB 中軌向上（上升趨勢）,Morning Star,0.8,1.0,0.5571,,0.5571,0,70,0.0272,44.22,45.42,46.63,43.78,2026-07-30,1,False
CVE,Energy,Oil & Gas Integrated,BB,BB 中軌向上（上升趨勢）,Morning Star,0.8,1.0,0.5571,,0.5571,0,70,0.0272,30.32,31.14,31.97,30.02,2026-07-30,1,False
EQNR,Energy,Oil & Gas Integrated,BB,BB 中軌向上（上升趨勢）,Morning Star,0.8,1.0,0.5571,,0.5571,0,70,0.0272,40.73,41.84,42.95,40.32,2026-07-30,1,False
LNG,Energy,Oil & Gas Midstream,BB,BB 中軌向上（上升趨勢）,Morning Star,0.8,1.0,0.5571,,0.5571,0,70,0.0272,258.06,265.08,272.1,255.48,2026-07-30,1,False
OKE,Energy,Oil & Gas Midstream,BB,BB 中軌向上（上升趨勢）,Morning Star,0.8,1.0,0.5571,,0.5571,0,70,0.0272,90.81,93.28,95.75,89.9,2026-07-31,1,True
PAA,Energy,Oil & Gas Midstream,BB,BB 中軌向上（上升趨勢）,Morning Star,0.8,1.0,0.5571,,0.5571,0,70,0.0272,24.4708,25.14,25.8,24.23,2026-07-29,1,False
SHEL,Energy,Oil & Gas Integrated,BB,BB 中軌向上（上升趨勢）,Morning Star,0.8,1.0,0.5571,,0.5571,0,70,0.0272,90.51,92.97,95.43,89.6,2026-07-30,1,False
FICO,Information Technology,Software - Application,BB,BB 跌破下軌 (超賣),None,0.0,0.45499999999999996,0.8333,0.8333,0.4474,6,456,0.0693,1122.97,1200.79,1278.61,1111.74,2026-07-31,2,True
NXPI,Information Technology,Semiconductors,BB,BB 跌破下軌 (超賣),None,0.0,0.45499999999999996,0.8333,0.8333,0.4474,6,456,0.037,245.16,254.23,263.3,242.71,2026-07-30,2,True
PFG,Financials,Asset Management,BB,價格在 BB 中軌上方,None,0.0,0.425,0.75,0.75,0.3239,8,852,0.0261,113.7,116.67,119.64,112.56,2026-07-31,2,True
AAPL,Information Technology,Consumer Electronics,RSI,RSI 維持強勢 (50-70),None,0.0,0.51,0.7143,0.7143,0.4471,7,747,0.0382,333.43,346.17,358.9,330.1,2026-07-30,2,True
META,Communication Services,Internet Content & Information,BB,BB 中軌向上（上升趨勢）,None,0.0,0.51,0.6667,0.6667,0.3881,12,268,0.0364,539.03,558.65,578.27,533.64,2026-07-30,2,True
APD,Materials,Specialty Chemicals,BB,價格在 BB 中軌上方,None,0.0,0.425,0.6667,0.6667,0.354,6,274,0.0076,300.2,302.48,304.76,297.2,2026-07-30,2,True
BXP,Real Estate,REIT - Office,BB,BB 中軌向上（上升趨勢）,None,0.0,0.51,0.6364,0.6364,0.3037,11,270,0.0302,72.97,75.17,77.38,72.24,2026-07-29,2,True
APA,Energy,Oil & Gas E&P,KDJ,KDJ 金叉,None,0.0,0.5525,0.6296,,0.6296,0,27,0.0284,37.32,38.38,39.44,36.95,2026-07-31,2,True
CQP,Energy,Oil & Gas Midstream,KDJ,KDJ 金叉,None,0.0,0.5525,0.6296,,0.6296,0,27,0.0284,65.9,67.77,69.64,65.24,2026-07-31,2,True
DTM,Energy,Oil & Gas Midstream,KDJ,KDJ 金叉,None,0.0,0.5525,0.6296,,0.6296,0,27,0.0284,138.0,141.92,145.84,136.62,2026-07-31,2,True
CTVA,Materials,Agricultural Inputs,BB,BB 跌破下軌 (超賣),None,0.0,0.45499999999999996,0.625,0.625,0.4202,8,119,0.0369,78.71,81.61,84.52,77.92,2026-07-31,2,True
ERIE,Financials,Insurance Brokers,RSI,RSI 加速上升,None,0.0,0.5525,0.6,0.6,0.318,10,588,0.0444,242.04,252.79,263.53,239.62,2026-07-31,2,True
HUBB,Industrials,Electrical Equipment & Parts,BB,BB 跌破下軌 (超賣),None,0.0,0.45499999999999996,0.5714,0.5714,0.3532,7,436,0.0366,460.96,477.83,494.7,456.35,2026-07-29,2,True
TROW,Financials,Asset Management,BB,BB 跌破下軌 (超賣),None,0.0,0.45499999999999996,0.5714,0.5714,0.4057,7,424,0.0086,111.75,112.71,113.67,110.63,2026-07-31,2,True
VMC,Materials,Building Materials,RSI,RSI 加速上升,None,0.0,0.5525,0.5556,0.5556,0.3616,9,177,-0.0056,283.92,282.33,280.74,281.08,2026-07-29,2,True
AIZ,Financials,Insurance - Property & Casualty,RSI,RSI 維持強勢 (50-70),None,0.0,0.51,0.5556,0.5556,0.3448,9,609,0.029,279.19,287.29,295.38,276.4,2026-07-31,2,True
ALGN,Health Care,Medical Instruments & Supplies,RSI,RSI 維持強勢 (50-70),None,0.0,0.51,0.5556,0.5556,0.3606,9,502,0.0091,173.41,174.99,176.57,171.68,2026-07-30,2,True
AMZN,Consumer Discretionary,Internet Retail,BB,BB 中軌向上（上升趨勢）,None,0.0,0.51,0.5556,0.5556,0.3934,9,427,0.031,271.58,280.0,288.42,268.86,2026-07-31,2,True
APH,Information Technology,Electronic Components,RSI,RSI 維持強勢 (50-70),None,0.0,0.51,0.5556,0.5556,0.4471,9,747,0.004,159.82,160.46,161.1,158.22,2026-07-30,2,True
LIN,Materials,Specialty Chemicals,BB,BB 跌破下軌 (超賣),None,0.0,0.45499999999999996,0.5556,0.5556,0.4202,9,119,0.0121,478.38,484.17,489.96,473.6,2026-07-31,2,True
UDR,Real Estate,REIT - Residential,BB,BB 跌破下軌 (超賣),None,0.0,0.45499999999999996,0.5556,0.5556,0.3864,9,132,0.0047,38.16,38.34,38.52,37.78,2026-07-31,2,True
FSLR,Information Technology,Solar,RSI,RSI 加速上升,None,0.0,0.5525,0.5455,0.5455,0.4113,11,851,0.0102,211.03,213.18,215.34,208.92,2026-07-31,2,True
FRT,Real Estate,REIT - Retail,BB,價格在 BB 中軌上方,None,0.0,0.425,0.5455,0.5455,0.3248,11,311,0.011,124.09,125.45,126.82,122.85,2026-07-31,2,True
EXR,Real Estate,REIT - Industrial,RSI,RSI 加速上升,None,0.0,0.5525,0.5385,0.5385,0.3264,13,193,0.0371,152.85,158.52,164.19,151.32,2026-07-29,2,True
GOOGL,Communication Services,Internet Content & Information,BB,價格在 BB 中軌上方,None,0.0,0.425,0.5385,0.5385,0.4048,13,336,0.0294,356.13,366.6,377.07,352.57,2026-07-31,2,True
MTSI,Information Technology,Semiconductors,RSI,RSI 維持超賣,None,0.0,0.385,0.5215,,0.5215,0,163,0.0136,228.71,231.82,234.93,226.42,2026-07-29,2,True
TTMI,Information Technology,Electronic Components,RSI,RSI 維持超賣,None,0.0,0.385,0.5215,,0.5215,0,163,0.0136,101.77,103.15,104.54,100.75,2026-07-29,2,True
TCOM,Consumer Discretionary,Travel Services,MACD,MACD 突破 0 軸,None,0.0,0.595,0.5161,,0.5161,0,31,0.0207,46.0,46.95,47.9,45.54,2026-07-29,2,True
LYV,Communication Services,Entertainment,RSI,RSI 加速上升,None,0.0,0.5525,0.5,0.5,0.4481,8,241,0.0026,183.56,184.04,184.51,181.72,2026-07-30,2,True
MPWR,Information Technology,Semiconductors,RSI,RSI 加速上升,None,0.0,0.5525,0.5,0.5,0.4113,8,851,0.0064,1426.03,1435.16,1444.28,1411.77,2026-07-31,2,True
ADM,Consumer Staples,Farm Products,BB,BB 中軌向上（上升趨勢）,None,0.0,0.51,0.5,0.5,0.2846,10,246,0.0111,79.27,80.15,81.03,78.48,2026-07-31,2,True
CPT,Real Estate,REIT - Residential,RSI,RSI 維持強勢 (50-70),None,0.0,0.51,0.5,0.5,0.3261,12,230,0.0218,113.29,115.76,118.23,112.16,2026-07-30,2,True
DD,Materials,Specialty Chemicals,BB,BB 中軌向上（上升趨勢）,None,0.0,0.51,0.5,0.5,0.3886,10,229,0.026,137.0,140.56,144.12,135.63,2026-07-31,2,True
GEHC,Health Care,Medical Devices,RSI,RSI 動能加速（強勢區）,None,0.0,0.51,0.5,0.5,0.3778,6,225,-0.0127,71.9,70.99,70.07,71.18,2026-07-29,2,True
HII,Industrials,Aerospace & Defense,RSI,RSI 維持強勢 (50-70),None,0.0,0.51,0.5,0.5,0.3579,6,746,0.0144,326.45,331.15,335.85,323.19,2026-07-31,2,True
VTR,Real Estate,REIT - Healthcare Facilities,BB,BB 中軌向上（上升趨勢）,None,0.0,0.51,0.5,0.5,0.3037,14,270,0.0259,91.92,94.3,96.68,91.0,2026-07-30,2,True
WY,Real Estate,REIT - Specialty,RSI,RSI 維持強勢 (50-70),None,0.0,0.51,0.5,0.5,0.3261,6,230,0.0201,25.03,25.53,26.04,24.78,2026-07-31,2,True
HUM,Health Care,Healthcare Plans,BB,BB 跌破下軌 (超賣),None,0.0,0.45499999999999996,0.5,0.5,0.3173,8,375,-0.0075,365.41,362.67,359.93,361.76,2026-07-29,2,True
PWR,Industrials,Engineering & Construction,BB,BB 跌破下軌 (超賣),None,0.0,0.45499999999999996,0.5,0.5,0.3532,6,436,0.0264,561.14,575.95,590.77,555.53,2026-07-29,2,True
GOOG,Communication Services,Internet Content & Information,BB,價格在 BB 中軌上方,None,0.0,0.425,0.5,0.5,0.4048,16,336,0.0311,356.65,367.74,378.83,353.08,2026-07-31,2,True
SBUX,Consumer Discretionary,Restaurants,BB,價格在 BB 中軌上方,None,0.0,0.425,0.5,0.5,0.4026,12,529,0.0017,105.25,105.43,105.61,104.2,2026-07-31,2,True
COIN,Financials,Financial Data & Stock Exchanges,BB,BB 中軌向上（上升趨勢）,None,0.0,0.51,0.4706,0.4706,0.3103,34,754,0.0432,146.26,152.58,158.9,144.8,2026-07-31,2,True
BSBR,Financials,Banks - Regional,MACD,MACD 金叉 (空頭區),None,0.0,0.42,0.4667,,0.4667,0,30,0.003,5.67,5.69,5.7,5.61,2026-07-31,2,True
DXCM,Health Care,Medical Devices,RSI,RSI 維持強勢 (50-70),None,0.0,0.51,0.4615,0.4615,0.3606,13,502,-0.0002,83.45,83.43,83.42,82.62,2026-07-31,2,True
RVTY,Health Care,Diagnostics & Research,RSI,RSI 維持強勢 (50-70),None,0.0,0.51,0.4615,0.4615,0.3606,13,502,0.0011,113.37,113.49,113.62,112.24,2026-07-29,2,True
ALAB,Information Technology,Semiconductors,KDJ,KDJ 金叉,None,0.0,0.5525,0.4606,,0.4606,0,165,0.01,299.69,302.69,305.68,296.69,2026-07-30,2,True
MSFT,Information Technology,Software - Infrastructure,KDJ,KDJ 金叉,None,0.0,0.5525,0.4606,,0.4606,0,165,0.01,451.1,455.61,460.12,446.59,2026-07-30,2,True
SIMO,Information Technology,Semiconductors,KDJ,KDJ 金叉,None,0.0,0.5525,0.4606,,0.4606,0,165,0.01,255.1,257.65,260.2,252.55,2026-07-30,2,True
SNDK,Information Technology,Computer Hardware,KDJ,KDJ 金叉,None,0.0,0.5525,0.4606,,0.4606,0,165,0.01,1279.96,1292.76,1305.56,1267.16,2026-07-30,2,True
IEX,Industrials,Specialty Industrial Machinery,RSI,RSI 加速上升,None,0.0,0.5525,0.4545,0.4545,0.3379,11,651,0.0143,230.45,233.75,237.04,228.15,2026-07-31,2,True
RACE,Consumer Discretionary,Auto Manufacturers,MACD,MACD 金叉 (多頭區),None,0.0,0.68,0.4524,,0.4524,0,42,0.0084,385.69,388.93,392.17,381.83,2026-07-29,2,True
BWXT,Industrials,Aerospace & Defense,BB,BB 跌破下軌 (超賣),Support,0.7,0.99,1.0,,1.0,0,8,0.07,157.44,168.46,179.48,155.87,2026-07-29,3,False
SOFI,Financials,Credit Services,BB,BB 跌破下軌 (超賣),Support,0.7,0.99,1.0,,1.0,0,5,0.1168,15.25,17.03,18.81,15.1,2026-07-29,3,False
TSLA,Consumer Discretionary,Auto Manufacturers,RSI,RSI 維持超賣,Support,0.9,0.93,1.0,,1.0,0,7,0.0602,298.32,316.28,334.24,295.34,2026-07-29,3,False
TT,Industrials,Building Products & Equipment,BB,BB 跌破下軌 (超賣),None,0.0,0.45499999999999996,1.0,1.0,0.3532,5,436,0.0418,440.28,458.68,477.09,435.88,2026-07-30,3,True
HAL,Energy,Oil & Gas Equipment & Services,RSI,RSI 維持超賣,None,0.0,0.385,1.0,1.0,0.6122,5,98,0.058,31.19,33.0,34.81,30.88,2026-07-29,3,False
NEM,Materials,Gold,BB,價格在 BB 中軌上方,Morning Star,0.8,0.924,0.8889,0.8889,0.3008,9,133,0.0628,95.76,101.77,107.79,94.8,2026-07-30,3,False
LRCX,Information Technology,Semiconductor Equipment & Materials,BB,BB 跌破下軌 (超賣),None,0.0,0.45499999999999996,0.8571,0.8571,0.3447,7,1001,0.0509,252.35,265.19,278.04,249.83,2026-07-29,3,False
CIEN,Information Technology,Communication Equipment,BB,BB 跌破下軌 (超賣),Support,0.7,0.99,0.8,,0.8,0,5,0.0521,330.37,347.58,364.79,327.07,2026-07-29,3,False
CRWV,Information Technology,Software - Infrastructure,BB,BB 跌破下軌 (超賣),Support,0.7,0.99,0.8,,0.8,0,5,0.0521,60.82,63.99,67.16,60.21,2026-07-29,3,False
FN,Information Technology,Electronic Components,BB,BB 跌破下軌 (超賣),Support,0.7,0.99,0.8,,0.8,0,5,0.0521,414.5,436.1,457.69,410.36,2026-07-29,3,False
LITE,Information Technology,Communication Equipment,BB,BB 跌破下軌 (超賣),Support,0.7,0.99,0.8,,0.8,0,5,0.0521,602.35,633.73,665.11,596.33,2026-07-29,3,False
FOX,Communication Services,Entertainment,MACD,MACD 突破 0 軸,None,0.0,0.595,0.8,0.8,0.3333,5,165,-0.0098,52.73,52.21,51.7,52.2,2026-07-29,3,False
COHR,Information Technology,Scientific & Technical Instruments,BB,BB 跌破下軌 (超賣),None,0.0,0.45499999999999996,0.8,0.8,0.4474,5,456,0.0419,222.05,231.35,240.66,219.83,2026-07-29,3,True
ETR,Utilities,Utilities - Regulated Electric,BB,BB 跌破下軌 (超賣),None,0.0,0.45499999999999996,0.75,0.75,0.4104,8,441,0.0487,107.62,112.86,118.1,106.54,2026-07-31,3,False
NRG,Utilities,Utilities - Independent Power Producers,BB,BB 跌破下軌 (超賣),None,0.0,0.45499999999999996,0.7143,0.7143,0.4104,7,441,0.0499,124.23,130.43,136.63,122.99,2026-07-29,3,False
ANET,Information Technology,Computer Hardware,RSI,RSI 上穿 50 中性線,None,0.0,0.4675,0.7059,0.7059,0.3785,17,1593,0.042,171.02,178.2,185.39,169.31,2026-07-30,3,False
WDC,Information Technology,Computer Hardware,RSI,RSI 上穿 50 中性線,None,0.0,0.4675,0.7,0.7,0.3785,20,1593,0.0721,544.84,584.12,623.41,539.39,2026-07-31,3,False
SRE,Utilities,Utilities - Diversified,BB,BB 跌破下軌 (超賣),None,0.0,0.45499999999999996,0.6875,0.6875,0.4104,16,441,0.0291,88.82,91.4,93.99,87.93,2026-07-29,3,False
Q,Information Technology,Semiconductor Equipment & Materials,KDJ,KDJ 金叉,None,0.0,0.5525,0.6667,0.6667,0.3918,12,1955,0.0383,131.18,136.2,141.23,129.87,2026-07-31,3,False
STX,Information Technology,Computer Hardware,RSI,RSI 上穿 50 中性線,None,0.0,0.4675,0.6316,0.6316,0.3785,19,1593,0.0455,856.13,895.08,934.04,847.57,2026-07-31,3,False
DASH,Consumer Discretionary,Internet Retail,MACD,MACD 金叉 (多頭區),None,0.0,0.68,0.625,0.625,0.37,8,273,0.0232,197.53,202.11,206.7,195.55,2026-07-30,3,False
CEG,Utilities,Utilities - Independent Power Producers,RSI,RSI 上穿 50 中性線,None,0.0,0.4675,0.619,0.619,0.2521,21,932,0.035,263.56,272.78,282.01,260.92,2026-07-30,3,False
TXN,Information Technology,Semiconductors,KDJ,KDJ 金叉,None,0.0,0.5525,0.6154,0.6154,0.3918,13,1955,0.0201,275.74,281.28,286.82,272.98,2026-07-31,3,False
VST,Utilities,Utilities - Independent Power Producers,BB,BB 跌破下軌 (超賣),None,0.0,0.45499999999999996,0.6154,0.6154,0.4104,13,441,0.0603,142.81,151.42,160.03,141.38,2026-07-29,3,False
KMB,Consumer Staples,Household & Personal Products,MACD,MACD 金叉 (多頭區),None,0.0,0.68,0.6,0.6,0.2554,5,184,0.0254,113.21,116.09,118.96,112.08,2026-07-29,3,False
HWM,Industrials,Aerospace & Defense,RSI,RSI 上穿 50 中性線,None,0.0,0.4675,0.5926,0.5926,0.304,27,1816,0.0336,277.28,286.6,295.91,274.51,2026-07-30,3,False
KLAC,Information Technology,Semiconductor Equipment & Materials,RSI,RSI 上穿 50 中性線,None,0.0,0.4675,0.5862,0.5862,0.3785,29,1593,0.0274,180.33,185.27,190.21,178.53,2026-07-30,3,False
INTC,Information Technology,Semiconductors,KDJ,KDJ 金叉,None,0.0,0.5525,0.5769,0.5769,0.3918,26,1955,0.0365,90.2,93.49,96.78,89.3,2026-07-31,3,False
PSX,Energy,Oil & Gas Refining & Marketing,RSI,RSI 維持強勢 (50-70),Bullish Engulfing,0.75,1.0,0.5714,0.5714,0.4386,7,57,0.0392,210.6,218.86,227.11,208.49,2026-07-30,3,False
EXE,Energy,Oil & Gas E&P,MACD,MACD 突破 0 軸,None,0.0,0.595,0.5714,0.5714,0.2783,7,212,0.0316,92.46,95.38,98.3,91.54,2026-07-29,3,False
FIX,Industrials,Engineering & Construction,BB,BB 跌破下軌 (超賣),None,0.0,0.45499999999999996,0.5714,0.5714,0.2838,7,1258,0.0313,1519.96,1567.53,1615.11,1504.76,2026-07-29,3,False
PANW,Information Technology,Software - Infrastructure,KDJ,KDJ 金叉,None,0.0,0.5525,0.56,0.56,0.3918,25,1955,0.0213,331.83,338.9,345.97,328.51,2026-07-31,3,False
NI,Utilities,Utilities - Regulated Gas,BB,BB 跌破下軌 (超賣),None,0.0,0.45499999999999996,0.5556,0.5556,0.4104,9,441,0.0086,44.5117,44.89,45.28,44.07,2026-07-29,3,False
EQT,Energy,Oil & Gas E&P,MACD,MACD 突破 0 軸,Morning Star,0.8,1.0,0.5455,,,0,0,0.0313,52.71,54.36,56.01,52.18,2026-07-30,3,False
RL,Consumer Discretionary,Apparel Manufacturing,RSI,RSI 上穿 50 中性線,None,0.0,0.4675,0.5455,0.5455,0.3072,22,1123,0.0154,385.91,391.85,397.8,382.05,2026-07-30,3,False
CRWD,Information Technology,Software - Infrastructure,KDJ,KDJ 金叉,None,0.0,0.5525,0.5417,0.5417,0.3918,24,1955,0.0312,190.86,196.81,202.77,188.95,2026-07-31,3,False
LNT,Utilities,Utilities - Regulated Electric,BB,BB 跌破下軌 (超賣),None,0.0,0.45499999999999996,0.5385,0.5385,0.4104,13,441,0.0242,70.355,72.06,73.76,69.65,2026-07-30,3,False
PNW,Utilities,Utilities - Regulated Electric,BB,BB 跌破下軌 (超賣),None,0.0,0.45499999999999996,0.5333,0.5333,0.4104,15,441,0.0189,100.99,102.9,104.81,99.98,2026-07-31,3,False
CVNA,Consumer Discretionary,Auto & Truck Dealerships,RSI,RSI 加速上升,None,0.0,0.5525,0.5281,0.5281,0.3117,178,6796,0.0471,62.36,65.3,68.23,61.74,2026-07-31,3,False
HPE,Information Technology,Communication Equipment,KDJ,KDJ 金叉,None,0.0,0.5525,0.5263,0.5263,0.3918,19,1955,0.0231,47.9,49.01,50.11,47.42,2026-07-31,3,False
DDOG,Information Technology,Software - Application,RSI,RSI 動能加速（強勢區）,None,0.0,0.51,0.5263,0.5263,0.366,38,2885,0.0304,264.2,272.23,280.26,261.56,2026-07-29,3,False
MS,Financials,Capital Markets,BB,BB 跌破下軌 (超賣),None,0.0,0.45499999999999996,0.5263,0.5263,0.3485,19,1277,0.0112,202.0179,204.28,206.54,200.0,2026-07-29,3,False
FCX,Materials,Copper,RSI,RSI 上穿 50 中性線,None,0.0,0.4675,0.52,0.52,0.3294,25,595,0.0074,63.44,63.91,64.38,62.81,2026-07-30,3,False
TER,Information Technology,Semiconductor Equipment & Materials,RSI,RSI 維持強勢 (50-70),None,0.0,0.51,0.5094,0.5094,0.3645,265,16764,0.0273,367.69,377.73,387.77,364.01,2026-07-31,3,False
BEPC,Utilities,Utilities - Renewable,RSI,RSI 超賣區域 (30),Support,0.7,1.0,0.5,,,0,0,0.02,32.12,32.76,33.4,31.8,2026-07-29,3,False
ECHO,Communication Services,Telecom Services,RSI,RSI 超賣區域 (30),Support,0.9,1.0,0.5,,,0,0,0.02,83.89,85.57,87.25,83.05,2026-07-29,3,False
V,Financials,Credit Services,RSI,RSI 加速上升,Support,0.7,1.0,0.5,,0.5,0,6,0.002,368.73,369.47,370.2,365.04,2026-07-29,3,False
CHTR,Communication Services,Telecom Services,MACD,MACD 突破 0 軸,None,0.0,0.595,0.5,0.5,0.3333,6,165,0.0103,144.98,146.47,147.97,143.53,2026-07-31,3,False
SOLV,Health Care,Medical Instruments & Supplies,RSI,RSI 加速上升,None,0.0,0.5525,0.5,0.5,0.2803,74,8492,0.0161,85.44,86.82,88.19,84.59,2026-07-31,3,False
IRM,Real Estate,REIT - Specialty,RSI,RSI 上穿 50 中性線,None,0.0,0.4675,0.5,0.5,0.2311,14,818,0.0187,124.64,126.97,129.3,123.39,2026-07-30,3,False
MAS,Industrials,Building Products & Equipment,BB,BB 跌破下軌 (超賣),None,0.0,0.45499999999999996,0.5,0.5,0.2838,10,1258,0.0141,71.48,72.49,73.5,70.77,2026-07-31,3,False
PPL,Utilities,Utilities - Regulated Electric,BB,BB 跌破下軌 (超賣),None,0.0,0.45499999999999996,0.5,0.5,0.4104,6,441,0.0134,35.21,35.68,36.15,34.86,2026-07-31,3,False
WMB,Energy,Oil & Gas Midstream,BB,BB 跌破下軌 (超賣),None,0.0,0.45499999999999996,0.5,0.5,0.3664,8,292,0.0177,70.13,71.37,72.61,69.43,2026-07-29,3,False
NET,Information Technology,Software - Infrastructure,BB,BB 中軌向上（上升趨勢）,Morning Star,0.8,1.0,0.4841,,0.4841,0,471,0.0267,270.38,277.6,284.82,267.68,2026-07-29,3,False
FANG,Energy,Oil & Gas E&P,RSI,RSI 上穿 50 中性線,None,0.0,0.4675,0.4828,0.4828,0.361,29,579,0.0161,199.13,202.34,205.54,197.14,2026-07-29,3,False
WFC,Financials,Banks - Diversified,KDJ,KDJ 金叉,None,0.0,0.5525,0.4783,0.4783,0.3142,23,1932,0.0141,86.45,87.67,88.89,85.59,2026-07-31,3,False
SYF,Financials,Credit Services,RSI,RSI 加速上升,None,0.0,0.5525,0.4749,0.4749,0.3014,179,11488,0.0133,75.79,76.8,77.81,75.03,2026-07-31,3,False
APO,Financials,Asset Management,RSI,RSI 上穿 50 中性線,None,0.0,0.4675,0.4737,0.4737,0.3091,19,1899,0.0235,120.25,123.08,125.9,119.05,2026-07-30,3,False
BA,Industrials,Aerospace & Defense,RSI,RSI 加速上升,None,0.0,0.5525,0.473,0.473,0.2981,148,11545,0.0097,216.14,218.24,220.33,213.98,2026-07-31,3,False
RF,Financials,Banks - Regional,KDJ,KDJ 金叉,None,0.0,0.5525,0.4667,0.4667,0.3142,15,1932,0.0187,30.95,31.53,32.11,30.64,2026-07-31,3,False
RCL,Consumer Discretionary,Travel Services,RSI,RSI 維持強勢 (50-70),None,0.0,0.51,0.4618,0.4618,0.2995,262,10441,0.0148,318.3,323.01,327.72,315.12,2026-07-31,3,False
ADI,Information Technology,Semiconductors,KDJ,KDJ 金叉,None,0.0,0.5525,0.4615,0.4615,0.3918,26,1955,0.0096,367.41,370.94,374.46,363.74,2026-07-31,3,False
KKR,Financials,Asset Management,RSI,RSI 動能加速（強勢區）,None,0.0,0.51,0.4615,0.4615,0.279,52,3129,0.0115,100.98,102.14,103.3,99.97,2026-07-30,3,False
ATO,Utilities,Utilities - Regulated Gas,BB,BB 跌破下軌 (超賣),None,0.0,0.45499999999999996,0.4615,0.4615,0.4104,13,441,0.0185,172.78,175.98,179.17,171.05,2026-07-31,3,False
JBL,Information Technology,Electronic Components,RSI,RSI 加速上升,None,0.0,0.5525,0.4566,0.4566,0.3693,173,10688,0.0157,315.05,320.0,324.94,311.9,2026-07-31,3,False
STLD,Materials,Steel,RSI,RSI 維持強勢 (50-70),None,0.0,0.51,0.456,0.456,0.286,182,5721,0.0141,251.26,254.8,258.35,248.75,2026-07-31,3,False
ZBRA,Information Technology,Communication Equipment,RSI,RSI 加速上升,None,0.0,0.5525,0.4559,0.4559,0.3693,136,10688,0.0065,293.82,295.73,297.64,290.88,2026-07-31,3,False
SNEX,Financials,Capital Markets,RSI,RSI 維持超賣,None,0.0,0.385,0.4547,,0.4547,0,508,0.0093,72.07,72.74,73.41,71.35,2026-07-29,3,False
PBR,Energy,Oil & Gas Integrated,RSI,RSI 動能加速（強勢區）,Bullish Engulfing,0.75,1.0,0.4545,,0.4545,0,11,0.0222,19.12,19.54,19.97,18.93,2026-07-30,3,False
VLO,Energy,Oil & Gas Refining & Marketing,RSI,RSI 動能加速（強勢區）,Bullish Engulfing,0.75,1.0,0.4545,,0.4545,0,11,0.0222,310.51,317.4,324.3,307.4,2026-07-30,3,False
WES,Energy,Oil & Gas Midstream,RSI,RSI 動能加速（強勢區）,Bullish Engulfing,0.75,1.0,0.4545,,0.4545,0,11,0.0222,46.59,47.62,48.66,46.12,2026-07-30,3,False
EQR,Real Estate,REIT - Residential,BB,BB 跌破下軌 (超賣),None,0.0,0.45499999999999996,0.4545,0.4545,0.25,22,564,0.0116,66.45,67.22,67.99,65.79,2026-07-31,3,False
TTD,Communication Services,Advertising Agencies,MACD,MACD 金叉 (空頭區),None,0.0,0.42,0.4545,0.4545,0.3254,11,252,-0.0007,19.09,19.08,19.06,18.9,2026-07-29,3,False
WSM,Consumer Discretionary,Specialty Retail,RSI,RSI 加速上升,None,0.0,0.5525,0.4532,0.4532,0.3117,139,6796,0.0124,233.32,236.21,239.11,230.99,2026-07-30,3,False
NCLH,Consumer Discretionary,Travel Services,BB,價格在 BB 中軌上方,None,0.0,0.425,0.452,0.452,0.2984,250,12430,0.0114,20.75,20.99,21.22,20.54,2026-07-29,3,False
GEV,Industrials,Specialty Industrial Machinery,KDJ,KDJ 金叉,None,0.0,0.5525,0.4516,0.4516,0.3223,31,2110,0.0092,990.29,999.4,1008.51,980.39,2026-07-31,3,False
PSKY,Communication Services,Entertainment,RSI,RSI 維持超賣,Bullish Engulfing,0.75,0.885,0.45,,0.45,0,20,0.0173,7.81,7.95,8.08,7.73,2026-07-30,3,False
DVN,Energy,Oil & Gas E&P,RSI,RSI 上穿 50 中性線,None,0.0,0.4675,0.45,0.45,0.361,20,579,0.0014,44.46,44.52,44.58,44.02,2026-07-29,3,False
IVZ,Financials,Asset Management,RSI,RSI 上穿 50 中性線,None,0.0,0.4675,0.45,0.45,0.3091,20,1899,0.0058,29.42,29.59,29.76,29.13,2026-07-30,3,False
SLB,Energy,Oil & Gas Equipment & Services,RSI,RSI 上穿 50 中性線,None,0.0,0.4675,0.45,0.45,0.361,20,579,0.0004,49.59,49.61,49.63,49.09,2026-07-31,3,False
FOXA,Communication Services,Entertainment,RSI,RSI 動能加速（強勢區）,None,0.0,0.51,0.4483,0.4483,0.3135,29,772,0.0029,58.95,59.12,59.29,58.36,2026-07-29,3,False
LVS,Consumer Discretionary,Resorts & Casinos,RSI,RSI 動能加速（強勢區）,None,0.0,0.51,0.4483,0.4483,0.3027,29,1665,0.0179,49.87,50.76,51.66,49.37,2026-07-30,3,False
GSAT,Communication Services,Telecom Services,RSI,RSI 加速上升,None,0.0,0.5525,0.4481,,0.4481,0,241,0.0027,80.09,80.31,80.52,79.29,2026-07-30,3,True
RDDT,Communication Services,Internet Content & Information,RSI,RSI 加速上升,None,0.0,0.5525,0.4481,,0.4481,0,241,0.0027,178.04,178.52,179.0,176.26,2026-07-30,3,True
TU,Communication Services,Telecom Services,RSI,RSI 加速上升,None,0.0,0.5525,0.4481,,0.4481,0,241,0.0027,10.77,10.8,10.83,10.66,2026-07-30,3,True
WMG,Communication Services,Entertainment,RSI,RSI 加速上升,None,0.0,0.5525,0.4481,,0.4481,0,241,0.0027,27.56,27.63,27.71,27.28,2026-07-30,3,True
FLEX,Information Technology,Electronic Components,BB,BB 跌破下軌 (超賣),None,0.0,0.45499999999999996,0.4474,,0.4474,0,456,0.012,103.02,104.26,105.49,101.99,2026-07-29,3,True
FTV,Information Technology,Scientific & Technical Instruments,BB,BB 跌破下軌 (超賣),None,0.0,0.45499999999999996,0.4474,,0.4474,0,456,0.012,58.48,59.18,59.88,57.9,2026-07-30,3,True
MKSI,Information Technology,Scientific & Technical Instruments,BB,BB 跌破下軌 (超賣),None,0.0,0.45499999999999996,0.4474,,0.4474,0,456,0.012,257.61,260.7,263.79,255.03,2026-07-29,3,True
MU,Information Technology,Semiconductors,BB,BB 跌破下軌 (超賣),None,0.0,0.45499999999999996,0.4474,,0.4474,0,456,0.012,739.0,747.87,756.74,731.61,2026-07-29,3,True
NXT,Information Technology,Solar,BB,BB 跌破下軌 (超賣),None,0.0,0.45499999999999996,0.4474,,0.4474,0,456,0.012,89.87,90.95,92.03,88.97,2026-07-31,3,True
ONTO,Information Technology,Semiconductor Equipment & Materials,BB,BB 跌破下軌 (超賣),None,0.0,0.45499999999999996,0.4474,,0.4474,0,456,0.012,218.31,220.93,223.55,216.13,2026-07-29,3,True
STRD,Information Technology,Software - Application,BB,BB 跌破下軌 (超賣),None,0.0,0.45499999999999996,0.4474,,0.4474,0,456,0.012,57.89,58.58,59.28,57.31,2026-07-31,3,True
VIAV,Information Technology,Communication Equipment,BB,BB 跌破下軌 (超賣),None,0.0,0.45499999999999996,0.4474,,0.4474,0,456,0.012,32.23,32.62,33.0,31.91,2026-07-29,3,True
ADP,Information Technology,Software - Application,RSI,RSI 維持強勢 (50-70),None,0.0,0.51,0.4471,,0.4471,0,747,0.0161,273.37,277.77,282.17,270.64,2026-07-29,3,True
BMNP,Information Technology,Blockchain,RSI,RSI 維持強勢 (50-70),None,0.0,0.51,0.4471,,0.4471,0,747,0.0161,88.55,89.98,91.4,87.66,2026-07-30,3,True
CPAY,Information Technology,Software - Infrastructure,RSI,RSI 維持強勢 (50-70),None,0.0,0.51,0.4471,,0.4471,0,747,0.0161,392.85,399.17,405.5,388.92,2026-07-29,3,True
FIS,Information Technology,Information Technology Services,RSI,RSI 維持強勢 (50-70),None,0.0,0.51,0.4471,,0.4471,0,747,0.0161,44.77,45.49,46.21,44.32,2026-07-31,3,True
GIB,Information Technology,Information Technology Services,RSI,RSI 維持強勢 (50-70),None,0.0,0.51,0.4471,,0.4471,0,747,0.0161,74.5,75.7,76.9,73.75,2026-07-29,3,True
SAP,Information Technology,Software - Application,RSI,RSI 維持強勢 (50-70),None,0.0,0.51,0.4471,,0.4471,0,747,0.0161,185.99,188.98,191.98,184.13,2026-07-29,3,True
SNOW,Information Technology,Software - Application,RSI,RSI 維持強勢 (50-70),None,0.0,0.51,0.4471,,0.4471,0,747,0.0161,293.28,298.0,302.72,290.35,2026-07-31,3,True
SONY,Information Technology,Consumer Electronics,RSI,RSI 維持強勢 (50-70),None,0.0,0.51,0.4471,,0.4471,0,747,0.0161,23.26,23.63,24.01,23.03,2026-07-31,3,True
STRC,Information Technology,Software - Application,RSI,RSI 維持強勢 (50-70),None,0.0,0.51,0.4471,,0.4471,0,747,0.0161,89.46,90.9,92.34,88.57,2026-07-31,3,True
TYL,Information Technology,Software - Application,RSI,RSI 維持強勢 (50-70),None,0.0,0.51,0.4471,,0.4471,0,747,0.0161,309.6,314.58,319.57,306.5,2026-07-31,3,True
U,Information Technology,Software - Application,RSI,RSI 維持強勢 (50-70),None,0.0,0.51,0.4471,,0.4471,0,747,0.0161,31.71,32.22,32.73,31.39,2026-07-31,3,True
ZM,Information Technology,Software - Application,RSI,RSI 維持強勢 (50-70),None,0.0,0.51,0.4471,,0.4471,0,747,0.0161,96.07,97.62,99.16,95.11,2026-07-31,3,True
UAL,Industrials,Airlines,MACD,MACD 突破 0 軸,None,0.0,0.595,0.4444,0.4444,0.2912,9,570,-0.0004,123.56,123.51,123.46,122.32,2026-07-30,3,False
CBRE,Real Estate,Real Estate Services,RSI,RSI 加速上升,None,0.0,0.5525,0.4444,0.4444,0.3264,9,193,0.0229,147.78,151.16,154.55,146.3,2026-07-29,3,True
CCI,Real Estate,REIT - Specialty,KDJ,KDJ 金叉,None,0.0,0.5525,0.4444,0.4444,0.2818,9,550,-0.0032,79.09,78.84,78.58,78.3,2026-07-29,3,False
AOS,Industrials,Specialty Industrial Machinery,BB,BB 中軌向上（上升趨勢）,None,0.0,0.51,0.4444,0.4444,0.3333,9,936,0.0027,60.13,60.29,60.45,59.53,2026-07-31,3,True
AMT,Real Estate,REIT - Specialty,KDJ,KDJ 金叉,None,0.0,0.5525,0.4412,,0.4412,0,34,0.011,179.26,181.23,183.2,177.47,2026-07-29,3,True
MPC,Energy,Oil & Gas Refining & Marketing,RSI,RSI 維持強勢 (50-70),Bullish Engulfing,0.75,1.0,0.4386,,0.4386,0,57,0.014,314.08,318.48,322.87,310.94,2026-07-30,3,False
INCY,Health Care,Biotechnology,RSI,RSI 加速上升,None,0.0,0.5525,0.4375,0.4375,0.3667,16,559,0.0179,127.1,129.38,131.65,125.83,2026-07-29,3,True
AM,Energy,Oil & Gas Midstream,RSI,RSI 上穿 50 中性線,None,0.0,0.4675,0.4375,,0.4375,0,32,0.0076,21.97,22.14,22.3,21.75,2026-07-31,3,True
NOW,Information Technology,Software - Application,MACD,MACD 突破 0 軸,None,0.0,0.595,0.4355,,0.4355,0,62,0.0046,115.76,116.29,116.82,114.6,2026-07-29,3,True
PTC,Information Technology,Software - Application,MACD,MACD 突破 0 軸,None,0.0,0.595,0.4355,,0.4355,0,62,0.0046,132.46,133.07,133.68,131.14,2026-07-29,3,True
MCHP,Information Technology,Semiconductors,BB,BB 跌破下軌 (超賣),None,0.0,0.45499999999999996,0.4348,0.4348,0.3447,23,1001,0.0134,71.37,72.33,73.28,70.66,2026-07-29,3,False
DECK,Consumer Discretionary,Footwear & Accessories,RSI,RSI 加速上升,None,0.0,0.5525,0.4336,0.4336,0.3117,113,6796,0.0083,96.88,97.68,98.49,95.91,2026-07-31,3,False
EQIX,Real Estate,REIT - Specialty,RSI,RSI 上穿 50 中性線,None,0.0,0.4675,0.4333,,0.4333,0,30,0.0103,1047.53,1058.32,1069.11,1037.05,2026-07-30,3,True
LINE,Real Estate,REIT - Industrial,RSI,RSI 上穿 50 中性線,None,0.0,0.4675,0.4333,,0.4333,0,30,0.0103,44.34,44.8,45.25,43.9,2026-07-29,3,True
GRMN,Information Technology,Scientific & Technical Instruments,BB,價格在 BB 中軌上方,None,0.0,0.425,0.4327,,0.4327,0,1188,0.0141,294.83,298.99,303.14,291.88,2026-07-29,3,True
LFUS,Information Technology,Electronic Components,BB,價格在 BB 中軌上方,None,0.0,0.425,0.4327,,0.4327,0,1188,0.0141,410.47,416.26,422.05,406.37,2026-07-29,3,True
LOGI,Information Technology,Computer Hardware,BB,價格在 BB 中軌上方,None,0.0,0.425,0.4327,,0.4327,0,1188,0.0141,102.99,104.44,105.89,101.96,2026-07-29,3,True
CDNS,Information Technology,Software - Application,RSI,RSI 加速上升,None,0.0,0.5525,0.4324,0.4324,0.3693,111,10688,0.0139,340.02,344.75,349.47,336.62,2026-07-31,3,False
CVX,Energy,Oil & Gas Integrated,BB,BB 中軌向上（上升趨勢）,Morning Star,0.8,1.0,0.4286,0.4286,0.5571,7,70,0.0114,192.31,194.5,196.69,190.39,2026-07-30,3,False
FTNT,Information Technology,Software - Infrastructure,RSI,RSI 維持強勢 (50-70),Bullish Engulfing,0.75,1.0,0.4286,,0.4286,0,7,0.0142,153.22,155.4,157.57,151.69,2026-07-29,3,True
ACGL,Financials,Insurance - Diversified,RSI,RSI 維持強勢 (50-70),None,0.0,0.51,0.4286,0.4286,0.3448,7,609,0.0095,104.55,105.54,106.54,103.5,2026-07-29,3,True
BG,Consumer Staples,Farm Products,BB,BB 中軌向上（上升趨勢）,None,0.0,0.51,0.4286,0.4286,0.2846,7,246,0.0007,107.78,107.86,107.93,106.7,2026-07-29,3,True
CF,Materials,Agricultural Inputs,RSI,RSI 動能加速（強勢區）,None,0.0,0.51,0.4286,0.4286,0.2962,28,942,0.0051,127.35,128.0,128.65,126.08,2026-07-29,3,False
VTRS,Health Care,Drug Manufacturers - Specialty & Generic,BB,BB 中軌向上（上升趨勢）,None,0.0,0.51,0.4286,0.4286,0.3402,14,579,0.0116,17.56,17.76,17.97,17.38,2026-07-31,3,True
TEVA,Health Care,Drug Manufacturers - Specialty & Generic,RSI,RSI 上穿 50 中性線,None,0.0,0.4675,0.4286,,0.4286,0,119,0.0062,34.71,34.93,35.14,34.36,2026-07-29,3,True
TXT,Industrials,Aerospace & Defense,BB,BB 跌破下軌 (超賣),None,0.0,0.45499999999999996,0.4286,0.4286,0.3532,7,436,0.0234,85.65,87.65,89.66,84.79,2026-07-29,3,True
TECH,Health Care,Biotechnology,BB,BB 中軌向上（上升趨勢）,None,0.0,0.51,0.4267,0.4267,0.2705,150,10885,0.0009,72.03,72.09,72.16,71.31,2026-07-29,3,False
CCL,Consumer Discretionary,Travel Services,BB,價格在 BB 中軌上方,None,0.0,0.425,0.4256,0.4256,0.2984,242,12430,0.0178,27.81,28.31,28.8,27.53,2026-07-31,3,False
CHRW,Industrials,Integrated Freight & Logistics,RSI,RSI 維持超賣,None,0.0,0.385,0.4252,,0.4252,0,127,0.01,147.73,149.21,150.68,146.25,2026-07-31,3,True
GNRC,Industrials,Specialty Industrial Machinery,RSI,RSI 維持超賣,None,0.0,0.385,0.4252,,0.4252,0,127,0.01,191.91,193.83,195.75,189.99,2026-07-30,3,True
LII,Industrials,Building Products & Equipment,RSI,RSI 維持超賣,None,0.0,0.385,0.4252,,0.4252,0,127,0.01,415.88,420.04,424.2,411.72,2026-07-31,3,True
SAIA,Industrials,Trucking,RSI,RSI 維持超賣,None,0.0,0.385,0.4252,,0.4252,0,127,0.01,347.63,351.11,354.58,344.15,2026-07-31,3,True
WSO,Industrials,Industrial Distribution,RSI,RSI 維持超賣,None,0.0,0.385,0.4252,,0.4252,0,127,0.01,310.73,313.84,316.94,307.62,2026-07-30,3,True
EOG,Energy,Oil & Gas E&P,KDJ,KDJ 金叉,Consolidation Breakout,0.73,1.0,0.4242,,0.4242,0,33,0.0143,148.69,150.82,152.94,147.2,2026-07-31,3,False
AMD,Information Technology,Semiconductors,BB,BB 中軌向上（上升趨勢）,None,0.0,0.51,0.4239,0.4239,0.3639,243,16781,0.0123,476.15,482.01,487.86,471.39,2026-07-31,3,False
SHOP,Information Technology,Software - Application,BB,BB 中軌向上（上升趨勢）,None,0.0,0.51,0.4238,,0.4238,0,1083,0.0134,117.15,118.72,120.29,115.98,2026-07-31,3,True
STRF,Information Technology,Software - Application,BB,BB 中軌向上（上升趨勢）,None,0.0,0.51,0.4238,,0.4238,0,1083,0.0134,94.76,96.03,97.3,93.81,2026-07-31,3,True
STRK,Information Technology,Software - Application,BB,BB 中軌向上（上升趨勢）,None,0.0,0.51,0.4238,,0.4238,0,1083,0.0134,59.56,60.36,61.16,58.96,2026-07-31,3,True
TSCO,Consumer Discretionary,Specialty Retail,RSI,RSI 維持強勢 (50-70),Bullish Engulfing,0.75,1.0,0.4221,,0.4221,0,199,0.0146,30.77,31.22,31.67,30.46,2026-07-31,3,False
SLMBP,Financials,Credit Services,KDJ,KDJ 金叉,Consolidation Breakout,0.85,1.0,0.4211,,0.4211,0,19,0.0158,75.08,76.27,77.45,74.33,2026-07-31,3,True
KSPI,Information Technology,Software - Infrastructure,RSI,RSI 維持強勢 (50-70),Morning Star,0.8,1.0,0.4207,,0.4207,0,454,0.0197,87.14,88.86,90.57,86.27,2026-07-29,3,False
CRH,Materials,Building Materials,BB,BB 跌破下軌 (超賣),None,0.0,0.45499999999999996,0.4202,,0.4202,0,119,0.0066,95.01,95.64,96.26,94.06,2026-07-31,3,True
MLM,Materials,Building Materials,BB,BB 跌破下軌 (超賣),None,0.0,0.45499999999999996,0.4202,,0.4202,0,119,0.0066,525.14,528.61,532.07,519.89,2026-07-31,3,True
TPR,Consumer Discretionary,Luxury Goods,RSI,RSI 加速上升,None,0.0,0.5525,0.4192,0.4192,0.3117,167,6796,0.0154,152.37,154.72,157.06,150.85,2026-07-31,3,False
NFLX,Communication Services,Entertainment,RSI,RSI 加速上升,None,0.0,0.5525,0.4179,0.4179,0.3116,134,3322,0.0146,71.71,72.76,73.8,70.99,2026-07-31,3,False
CTSH,Information Technology,Information Technology Services,RSI,RSI 動能加速（強勢區）,None,0.0,0.51,0.4171,,0.4171,0,374,0.014,55.97,56.75,57.54,55.41,2026-07-29,3,True
WDAY,Information Technology,Software - Application,RSI,RSI 動能加速（強勢區）,None,0.0,0.51,0.4171,,0.4171,0,374,0.014,168.01,170.36,172.71,166.33,2026-07-29,3,True
COP,Energy,Oil & Gas E&P,KDJ,KDJ 金叉,None,0.0,0.5525,0.4167,0.4167,0.3614,24,498,-0.0024,120.48,120.19,119.9,119.28,2026-07-31,3,False
ALB,Materials,Specialty Chemicals,BB,BB 中軌向上（上升趨勢）,None,0.0,0.51,0.4167,0.4167,0.3886,12,229,0.0345,117.64,121.7,125.76,116.46,2026-07-31,3,True
ETN,Industrials,Specialty Industrial Machinery,RSI,RSI 維持強勢 (50-70),None,0.0,0.51,0.4167,0.4167,0.3579,12,746,-0.0096,415.2,411.21,407.23,411.05,2026-07-31,3,True
GE,Industrials,Aerospace & Defense,RSI,RSI 上穿 50 中性線,None,0.0,0.4675,0.4167,0.4167,0.304,24,1816,0.0004,355.04,355.18,355.32,351.49,2026-07-30,3,False
CAT,Industrials,Farm & Heavy Construction Machinery,BB,BB 跌破下軌 (超賣),None,0.0,0.45499999999999996,0.4167,0.4167,0.2838,12,1258,0.0094,782.71,790.07,797.42,774.88,2026-07-29,3,False
EVRG,Utilities,Utilities - Regulated Electric,BB,BB 跌破下軌 (超賣),None,0.0,0.45499999999999996,0.4167,0.4167,0.4104,12,441,0.0127,83.01,84.06,85.12,82.18,2026-07-31,3,False
CSCO,Information Technology,Communication Equipment,MACD,MACD 金叉 (空頭區),None,0.0,0.42,0.4167,0.4167,0.3767,12,754,0.0021,113.56,113.8,114.04,112.42,2026-07-30,3,False
DAL,Industrials,Airlines,RSI,RSI 加速上升,None,0.0,0.5525,0.4142,0.4142,0.2981,169,11545,0.0111,88.59,89.57,90.56,87.7,2026-07-30,3,False
TIGO,Communication Services,Telecom Services,RSI,RSI 維持強勢 (50-70),None,0.0,0.51,0.4128,,0.4128,0,235,-0.0015,95.48,95.34,95.19,94.53,2026-07-31,3,True
LUV,Industrials,Airlines,RSI,RSI 加速上升,None,0.0,0.5525,0.4113,0.4113,0.2981,141,11545,0.0075,45.6,45.94,46.28,45.14,2026-07-30,3,False
SUN,Energy,Oil & Gas Refining & Marketing,RSI,RSI 維持強勢 (50-70),None,0.0,0.51,0.411,,0.411,0,146,0.0074,76.69,77.26,77.83,75.92,2026-07-31,3,True
LLY,Health Care,Drug Manufacturers - General,RSI,RSI 加速上升,None,0.0,0.5525,0.4109,0.4109,0.2803,129,8492,0.0107,1210.02,1222.97,1235.91,1197.92,2026-07-29,3,False
NGG,Utilities,Utilities - Regulated Electric,BB,BB 跌破下軌 (超賣),None,0.0,0.45499999999999996,0.4104,,0.4104,0,441,0.0122,78.88,79.84,80.8,78.09,2026-07-29,3,False
OGE,Utilities,Utilities - Regulated Electric,BB,BB 跌破下軌 (超賣),None,0.0,0.45499999999999996,0.4104,,0.4104,0,441,0.0122,47.26,47.84,48.41,46.79,2026-07-30,3,False
TLN,Utilities,Utilities - Independent Power Producers,BB,BB 跌破下軌 (超賣),None,0.0,0.45499999999999996,0.4104,,0.4104,0,441,0.0122,316.19,320.05,323.91,313.03,2026-07-29,3,False
ES,Utilities,Utilities - Regulated Electric,BB,BB 跌破下軌 (超賣),None,0.0,0.45499999999999996,0.4097,,0.4097,0,144,0.0064,71.59,72.05,72.51,70.87,2026-07-31,3,True
SBS,Utilities,Utilities - Regulated Water,BB,BB 跌破下軌 (超賣),None,0.0,0.45499999999999996,0.4097,,0.4097,0,144,0.0064,5.26,5.29,5.33,5.21,2026-07-29,3,True
BMY,Health Care,Drug Manufacturers - General,KDJ,KDJ 金叉,None,0.0,0.5525,0.408,,0.408,0,125,0.0055,64.86,65.22,65.57,64.21,2026-07-30,3,True
AXP,Financials,Credit Services,KDJ,KDJ 金叉,None,0.0,0.5525,0.4074,0.4074,0.3142,27,1932,0.0071,337.52,339.92,342.31,334.14,2026-07-30,3,False
CACI,Information Technology,Information Technology Services,MACD,MACD 突破 0 軸,None,0.0,0.595,0.4064,,0.4064,0,529,0.0085,497.75,501.98,506.21,492.77,2026-07-31,3,False
FISV,Information Technology,Financial Technology,MACD,MACD 突破 0 軸,None,0.0,0.595,0.4064,,0.4064,0,529,0.0085,55.63,56.1,56.58,55.07,2026-07-29,3,False
LDOS,Information Technology,Information Technology Services,MACD,MACD 突破 0 軸,None,0.0,0.595,0.4064,,0.4064,0,529,0.0085,114.37,115.34,116.31,113.23,2026-07-29,3,False
EVR,Financials,Capital Markets,BB,BB 跌破下軌 (超賣),None,0.0,0.45499999999999996,0.4057,,0.4057,0,424,0.0104,304.71,307.88,311.05,301.66,2026-07-29,3,True
MKL,Financials,Insurance - Property & Casualty,BB,BB 跌破下軌 (超賣),None,0.0,0.45499999999999996,0.4057,,0.4057,0,424,0.0104,1882.34,1901.92,1921.49,1863.52,2026-07-31,3,True
SPY,Financials,Asset Management,BB,BB 跌破下軌 (超賣),None,0.0,0.45499999999999996,0.4057,,0.4057,0,424,0.0104,729.46,737.05,744.63,722.17,2026-07-29,3,True
UNM,Financials,Insurance - Life,BB,BB 跌破下軌 (超賣),None,0.0,0.45499999999999996,0.4057,,0.4057,0,424,0.0104,83.63,84.5,85.37,82.79,2026-07-29,3,True
AVGO,Information Technology,Semiconductors,BB,BB 中軌向上（上升趨勢）,None,0.0,0.51,0.4056,0.4056,0.3639,323,16781,0.0099,389.28,393.13,396.99,385.39,2026-07-31,3,False
NUE,Materials,Steel,RSI,RSI 加速上升,None,0.0,0.5525,0.4048,0.4048,0.3048,126,3639,0.0133,257.04,260.46,263.88,254.47,2026-07-30,3,False
AMCR,Consumer Discretionary,Packaging & Containers,BB,價格在 BB 中軌上方,None,0.0,0.425,0.4026,,0.4026,0,529,0.0119,44.88,45.41,45.95,44.43,2026-07-31,3,True
AUR,Consumer Discretionary,Auto Parts,BB,價格在 BB 中軌上方,None,0.0,0.425,0.4026,,0.4026,0,529,0.0119,5.98,6.05,6.12,5.92,2026-07-29,3,True
AVY,Consumer Discretionary,Packaging & Containers,BB,價格在 BB 中軌上方,None,0.0,0.425,0.4026,,0.4026,0,529,0.0119,169.73,171.75,173.77,168.03,2026-07-31,3,True
IHG,Consumer Discretionary,Lodging,BB,價格在 BB 中軌上方,None,0.0,0.425,0.4026,,0.4026,0,529,0.0119,162.28,164.21,166.14,160.66,2026-07-31,3,True
MGA,Consumer Discretionary,Auto Parts,BB,價格在 BB 中軌上方,None,0.0,0.425,0.4026,,0.4026,0,529,0.0119,68.6,69.42,70.23,67.91,2026-07-31,3,True
SCI,Consumer Discretionary,Personal Services,BB,價格在 BB 中軌上方,None,0.0,0.425,0.4026,,0.4026,0,529,0.0119,85.68,86.7,87.72,84.82,2026-07-29,3,True
STLA,Consumer Discretionary,Auto Manufacturers,BB,價格在 BB 中軌上方,None,0.0,0.425,0.4026,,0.4026,0,529,0.0119,5.76,5.83,5.9,5.7,2026-07-31,3,True
YUMC,Consumer Discretionary,Restaurants,BB,價格在 BB 中軌上方,None,0.0,0.425,0.4026,,0.4026,0,529,0.0119,48.18,48.75,49.33,47.7,2026-07-31,3,True
NSC,Industrials,Railroads,BB,BB 中軌向上（上升趨勢）,Bullish Engulfing,0.75,1.0,0.4012,,0.4012,0,324,0.0121,335.48,339.54,343.6,332.13,2026-07-31,3,False
MAR,Consumer Discretionary,Lodging,RSI,RSI 加速上升,None,0.0,0.5525,0.4012,0.4012,0.3117,162,6796,0.0079,375.48,378.45,381.41,371.73,2026-07-30,3,False
KEYS,Information Technology,Scientific & Technical Instruments,KDJ,KDJ 金叉,None,0.0,0.5525,0.4,0.4,0.3918,25,1955,0.0165,319.08,324.34,329.61,315.89,2026-07-31,3,False
MCO,Financials,Financial Data & Stock Exchanges,KDJ,KDJ 金叉,None,0.0,0.5525,0.4,0.4,0.3142,25,1932,0.0087,478.38,482.54,486.7,473.6,2026-07-31,3,False
QCOM,Information Technology,Semiconductors,RSI,RSI 超賣區域 (30),None,0.0,0.5249999999999999,0.4,0.4,0.3319,5,238,-0.0099,147.61,146.15,144.69,146.13,2026-07-31,3,False
AWK,Utilities,Utilities - Regulated Water,BB,BB 中軌向上（上升趨勢）,None,0.0,0.51,0.4,0.4,0.3562,5,365,-0.0144,136.81,134.84,132.87,135.44,2026-07-30,3,True
CMI,Industrials,Specialty Industrial Machinery,BB,BB 跌破下軌 (超賣),None,0.0,0.45499999999999996,0.4,0.4,0.2838,15,1258,0.0202,606.0,618.24,630.48,599.94,2026-07-29,3,False
ESS,Real Estate,REIT - Residential,BB,BB 跌破下軌 (超賣),None,0.0,0.45499999999999996,0.4,0.4,0.3864,5,132,0.01,284.14,286.98,289.82,281.3,2026-07-31,3,True
PLTR,Information Technology,Software - Infrastructure,BB,BB 中軌向上（上升趨勢）,None,0.0,0.51,0.3994,0.3994,0.3639,343,16781,0.0034,123.06,123.48,123.9,121.83,2026-07-31,3,False
BX,Financials,Asset Management,BB,價格在 BB 中軌上方,None,0.0,0.425,0.3992,0.3992,0.2847,258,21689,0.0081,127.75,128.78,129.82,126.47,2026-07-31,3,False
HD,Consumer Discretionary,Home Improvement Retail,RSI,RSI 加速上升,None,0.0,0.5525,0.3983,,0.3983,0,359,0.0124,333.35,337.48,341.62,330.02,2026-07-30,3,True
COF,Financials,Credit Services,RSI,RSI 加速上升,None,0.0,0.5525,0.3968,0.3968,0.3014,126,11488,0.0071,210.14,211.63,213.12,208.04,2026-07-30,3,False
EL,Consumer Staples,Household & Personal Products,RSI,RSI 加速上升,None,0.0,0.5525,0.3957,0.3957,0.2439,187,5343,0.0015,83.9,84.03,84.15,83.06,2026-07-31,3,False
C,Financials,Banks - Diversified,KDJ,KDJ 金叉,None,0.0,0.5525,0.3939,0.3939,0.3142,33,1932,0.0109,132.32,133.76,135.2,131.0,2026-07-30,3,False
APTV,Consumer Discretionary,Auto Parts,BB,BB 中軌向上（上升趨勢）,None,0.0,0.51,0.3934,,0.3934,0,427,0.0097,56.47,57.02,57.57,55.91,2026-07-31,3,True
ARE,Real Estate,REIT - Office,BB,價格在 BB 中軌上方,None,0.0,0.425,0.3923,0.3923,0.248,209,8032,0.0054,51.45,51.73,52.01,50.94,2026-07-31,3,False
APLD,Information Technology,Information Technology Services,KDJ,KDJ 金叉,None,0.0,0.5525,0.3918,,0.3918,0,1955,0.0107,27.39,27.68,27.98,27.12,2026-07-31,3,False
ASTS,Information Technology,Communication Equipment,KDJ,KDJ 金叉,None,0.0,0.5525,0.3918,,0.3918,0,1955,0.0107,58.44,59.07,59.69,57.86,2026-07-30,3,False
ASX,Information Technology,Semiconductors,KDJ,KDJ 金叉,None,0.0,0.5525,0.3918,,0.3918,0,1955,0.0107,35.17,35.55,35.92,34.82,2026-07-31,3,False
CGNX,Information Technology,Scientific & Technical Instruments,KDJ,KDJ 金叉,None,0.0,0.5525,0.3918,,0.3918,0,1955,0.0107,62.62,63.29,63.96,61.99,2026-07-30,3,False
CRDO,Information Technology,Semiconductors,KDJ,KDJ 金叉,None,0.0,0.5525,0.3918,,0.3918,0,1955,0.0107,206.99,209.2,211.42,204.92,2026-07-31,3,False
MRVL,Information Technology,Semiconductors,KDJ,KDJ 金叉,None,0.0,0.5525,0.3918,,0.3918,0,1955,0.0107,187.56,189.57,191.57,185.68,2026-07-31,3,False
OKTA,Information Technology,Software - Infrastructure,KDJ,KDJ 金叉,None,0.0,0.5525,0.3918,,0.3918,0,1955,0.0107,140.42,141.92,143.42,139.02,2026-07-30,3,False
P,Information Technology,Computer Hardware,KDJ,KDJ 金叉,None,0.0,0.5525,0.3918,,0.3918,0,1955,0.0107,75.06,75.86,76.67,74.31,2026-07-30,3,False
SITM,Information Technology,Semiconductors,KDJ,KDJ 金叉,None,0.0,0.5525,0.3918,,0.3918,0,1955,0.0107,527.87,533.52,539.17,522.59,2026-07-30,3,False
TSM,Information Technology,Semiconductors,KDJ,KDJ 金叉,None,0.0,0.5525,0.3918,,0.3918,0,1955,0.0107,403.31,407.63,411.94,399.28,2026-07-30,3,False
UI,Information Technology,Communication Equipment,KDJ,KDJ 金叉,None,0.0,0.5525,0.3918,,0.3918,0,1955,0.0107,533.23,538.94,544.64,527.9,2026-07-30,3,False
UMC,Information Technology,Semiconductors,KDJ,KDJ 金叉,None,0.0,0.5525,0.3918,,0.3918,0,1955,0.0107,18.94,19.14,19.35,18.75,2026-07-30,3,False
VICR,Information Technology,Electronic Components,KDJ,KDJ 金叉,None,0.0,0.5525,0.3918,,0.3918,0,1955,0.0107,206.67,208.88,211.09,204.6,2026-07-30,3,False
FERG,Industrials,Industrial Distribution,RSI,RSI 上穿 50 中性線,None,0.0,0.4675,0.3898,,0.3898,0,118,0.0111,234.33,236.93,239.53,231.99,2026-07-31,3,True
IESC,Industrials,Engineering & Construction,RSI,RSI 上穿 50 中性線,None,0.0,0.4675,0.3898,,0.3898,0,118,0.0111,744.54,752.8,761.07,737.09,2026-07-31,3,True
LECO,Industrials,Tools & Accessories,RSI,RSI 上穿 50 中性線,None,0.0,0.4675,0.3898,,0.3898,0,118,0.0111,261.31,264.21,267.11,258.7,2026-07-31,3,True
ROL,Consumer Discretionary,Personal Services,RSI,RSI 維持超賣,None,0.0,0.385,0.3894,,0.3894,0,565,0.0066,37.97,38.22,38.47,37.59,2026-07-31,3,False
AU,Materials,Gold,BB,BB 中軌向上（上升趨勢）,None,0.0,0.51,0.3886,,0.3886,0,229,0.0091,79.32,80.04,80.76,78.53,2026-07-31,3,True
MOS,Materials,Agricultural Inputs,BB,BB 中軌向上（上升趨勢）,None,0.0,0.51,0.3886,,0.3886,0,229,0.0091,22.12,22.32,22.52,21.9,2026-07-31,3,True
WBD,Communication Services,Entertainment,RSI,RSI 維持強勢 (50-70),Bullish Engulfing,0.75,1.0,0.3884,,0.3884,0,121,0.0056,26.3,26.45,26.59,26.04,2026-07-31,3,True
OMC,Communication Services,Advertising Agencies,BB,BB 中軌向上（上升趨勢）,None,0.0,0.51,0.3881,,0.3881,0,268,0.0017,82.58,82.72,82.86,81.75,2026-07-29,3,True
UNH,Health Care,Healthcare Plans,KDJ,KDJ 金叉,None,0.0,0.5525,0.3846,0.3846,0.2852,26,1536,0.0124,420.57,425.79,431.0,416.36,2026-07-29,3,False
WTW,Financials,Insurance Brokers,BB,價格在 BB 中軌上方,None,0.0,0.425,0.3846,0.3846,0.3239,13,852,-0.0243,335.92,327.76,319.59,332.56,2026-07-31,3,True
NVT,Industrials,Electrical Equipment & Parts,RSI,RSI 超賣區域 (30),None,0.0,0.5249999999999999,0.3818,,0.3818,0,110,0.0044,133.61,134.2,134.79,132.27,2026-07-29,3,True
SQM,Materials,Specialty Chemicals,MACD,MACD 金叉 (空頭區),None,0.0,0.42,0.3816,,0.3816,0,304,0.0078,67.55,68.08,68.6,66.87,2026-07-29,3,False
CFG,Financials,Banks - Regional,KDJ,KDJ 金叉,None,0.0,0.5525,0.381,0.381,0.3142,21,1932,0.0034,71.65,71.89,72.14,70.93,2026-07-31,3,False
SNPS,Information Technology,Software - Infrastructure,RSI,RSI 加速上升,None,0.0,0.5525,0.381,0.381,0.3693,126,10688,0.0114,388.76,393.19,397.62,384.87,2026-07-31,3,False
TPG,Financials,Asset Management,RSI,RSI 上穿 50 中性線,None,0.0,0.4675,0.3805,,0.3805,0,113,0.0028,42.7,42.82,42.94,42.27,2026-07-30,3,True
ORCL,Information Technology,Software - Infrastructure,RSI,RSI 加速上升,None,0.0,0.5525,0.3793,0.3793,0.3693,145,10688,0.005,129.87,130.52,131.17,128.57,2026-07-31,3,False
URI,Industrials,Rental & Leasing Services,RSI,RSI 維持強勢 (50-70),None,0.0,0.51,0.3792,0.3792,0.2986,240,19157,0.0121,1079.26,1092.32,1105.38,1068.47,2026-07-31,3,False
ARW,Information Technology,Electronics & Computer Distribution,RSI,RSI 上穿 50 中性線,None,0.0,0.4675,0.3785,,0.3785,0,1593,0.0087,212.85,214.7,216.55,210.72,2026-07-30,3,False
CBRS,Information Technology,Semiconductors,RSI,RSI 上穿 50 中性線,None,0.0,0.4675,0.3785,,0.3785,0,1593,0.0087,203.07,204.84,206.6,201.04,2026-07-30,3,False
CIFR,Information Technology,Information Technology Services,RSI,RSI 上穿 50 中性線,None,0.0,0.4675,0.3785,,0.3785,0,1593,0.0087,22.655,22.85,23.05,22.43,2026-07-30,3,False
CLS,Information Technology,Electronic Components,RSI,RSI 上穿 50 中性線,None,0.0,0.4675,0.3785,,0.3785,0,1593,0.0087,352.59,355.66,358.73,349.06,2026-07-30,3,False
MDB,Information Technology,Software - Infrastructure,RSI,RSI 上穿 50 中性線,None,0.0,0.4675,0.3785,,0.3785,0,1593,0.0087,325.88,328.72,331.55,322.62,2026-07-30,3,False
SMCIP,Information Technology,Computer Hardware,RSI,RSI 上穿 50 中性線,None,0.0,0.4675,0.3785,,0.3785,0,1593,0.0087,50.37,50.81,51.25,49.87,2026-07-31,3,False
SNX,Information Technology,Electronics & Computer Distribution,RSI,RSI 上穿 50 中性線,None,0.0,0.4675,0.3785,,0.3785,0,1593,0.0087,252.12,254.31,256.51,249.6,2026-07-30,3,False
WIT,Information Technology,Information Technology Services,RSI,RSI 上穿 50 中性線,None,0.0,0.4675,0.3785,,0.3785,0,1593,0.0087,1.97,1.99,2.0,1.95,2026-07-29,3,False
GH,Health Care,Diagnostics & Research,RSI,RSI 維持強勢 (50-70),Morning Star,0.8,1.0,0.3781,,0.3781,0,283,0.0127,152.35,154.28,156.22,150.83,2026-07-30,3,False
BAX,Health Care,Medical Instruments & Supplies,RSI,RSI 動能加速（強勢區）,None,0.0,0.51,0.3778,,0.3778,0,225,0.0031,26.75,26.83,26.92,26.48,2026-07-30,3,True
BKR,Energy,Oil & Gas Equipment & Services,RSI,RSI 動能加速（強勢區）,None,0.0,0.51,0.3778,0.3778,0.3265,45,873,-0.0001,59.9,59.89,59.89,59.3,2026-07-30,3,False
ILMN,Health Care,Diagnostics & Research,RSI,RSI 動能加速（強勢區）,None,0.0,0.51,0.3778,,0.3778,0,225,0.0031,205.09,205.73,206.36,203.04,2026-07-30,3,True
JPM,Financials,Banks - Diversified,RSI,RSI 動能加速（強勢區）,None,0.0,0.51,0.3778,0.3778,0.279,45,3129,0.011,350.85,354.71,358.57,347.34,2026-07-30,3,False
MTD,Health Care,Diagnostics & Research,RSI,RSI 動能加速（強勢區）,None,0.0,0.51,0.3778,,0.3778,0,225,0.0031,1416.3,1420.69,1425.08,1402.14,2026-07-31,3,True
NBIX,Health Care,Drug Manufacturers - Specialty & Generic,RSI,RSI 動能加速（強勢區）,None,0.0,0.51,0.3778,,0.3778,0,225,0.0031,185.5,186.08,186.65,183.65,2026-07-30,3,True
REGN,Health Care,Biotechnology,RSI,RSI 動能加速（強勢區）,None,0.0,0.51,0.3778,,0.3778,0,225,0.0031,738.34,740.63,742.92,730.96,2026-07-30,3,True
ERIC,Information Technology,Communication Equipment,MACD,MACD 金叉 (空頭區),None,0.0,0.42,0.3767,,0.3767,0,754,0.0102,9.79,9.89,9.99,9.69,2026-07-29,3,False
IONQ,Information Technology,Computer Hardware,MACD,MACD 金叉 (空頭區),None,0.0,0.42,0.3767,,0.3767,0,754,0.0102,35.77,36.13,36.5,35.41,2026-07-30,3,False
WAB,Industrials,Railroads,RSI,RSI 維持強勢 (50-70),None,0.0,0.51,0.3759,0.3759,0.2986,266,19157,0.0062,290.86,292.66,294.47,287.95,2026-07-31,3,False
EBAY,Consumer Discretionary,Internet Retail,MACD,MACD 金叉 (多頭區),None,0.0,0.68,0.375,0.375,0.37,8,273,0.006,115.3,115.99,116.68,114.15,2026-07-29,3,False
CMCSA,Communication Services,Telecom Services,MACD,MACD 突破 0 軸,None,0.0,0.595,0.375,0.375,0.3333,8,165,0.0016,23.96,24.0,24.04,23.72,2026-07-31,3,False
AMAT,Information Technology,Semiconductor Equipment & Materials,KDJ,KDJ 金叉,None,0.0,0.5525,0.375,0.375,0.3918,32,1955,0.0156,507.67,515.59,523.51,502.59,2026-07-31,3,False
NTRS,Financials,Asset Management,KDJ,KDJ 金叉,None,0.0,0.5525,0.375,0.375,0.3142,24,1932,0.0118,182.51,184.66,186.82,180.68,2026-07-30,3,False
GLXY,Financials,Capital Markets,RSI,RSI 超賣區域 (30),None,0.0,0.5249999999999999,0.375,,0.375,0,256,0.0031,18.26,18.32,18.37,18.08,2026-07-29,3,False
LULU,Consumer Discretionary,Apparel Retail,BB,BB 中軌向上（上升趨勢）,None,0.0,0.51,0.375,0.375,0.2908,152,9757,0.0064,118.87,119.63,120.39,117.68,2026-07-31,3,False
TAP,Consumer Staples,Beverages - Brewers,RSI,RSI 維持強勢 (50-70),None,0.0,0.51,0.375,0.375,0.3092,8,262,0.0147,41.56,42.17,42.78,41.14,2026-07-31,3,True
UHS,Health Care,Medical Care Facilities,RSI,RSI 動能加速（強勢區）,None,0.0,0.51,0.375,0.375,0.2606,24,1869,0.0077,168.44,169.74,171.03,166.76,2026-07-31,3,False
PH,Industrials,Specialty Industrial Machinery,RSI,RSI 上穿 50 中性線,None,0.0,0.4675,0.375,0.375,0.304,16,1816,0.0114,962.79,973.77,984.74,953.16,2026-07-30,3,False
CARR,Industrials,Building Products & Equipment,BB,BB 跌破下軌 (超賣),None,0.0,0.45499999999999996,0.375,0.375,0.2838,24,1258,0.011,61.39,62.07,62.74,60.78,2026-07-30,3,False
BKNG,Consumer Discretionary,Travel Services,RSI,RSI 加速上升,None,0.0,0.5525,0.3742,0.3742,0.3117,155,6796,0.0066,192.9,194.17,195.45,190.97,2026-07-31,3,False
WSE,Information Technology,Information Technology Services,KDJ,KDJ 金叉,Morning Star,0.8,1.0,0.374,,0.374,0,123,0.0122,11.92,12.07,12.21,11.8,2026-07-29,3,False
GDDY,Information Technology,Software - Infrastructure,BB,BB 中軌向上（上升趨勢）,None,0.0,0.51,0.3739,0.3739,0.3639,222,16781,0.0049,99.33,99.82,100.3,98.34,2026-07-30,3,False
DLTR,Consumer Staples,Discount Stores,RSI,RSI 維持強勢 (50-70),None,0.0,0.51,0.3736,0.3736,0.2452,182,7574,-0.0013,127.21,127.04,126.88,125.94,2026-07-31,3,False
MELI,Consumer Discretionary,Internet Retail,MACD,MACD 金叉 (多頭區),None,0.0,0.68,0.37,,0.37,0,273,0.0063,1877.95,1889.78,1901.61,1859.17,2026-07-31,3,False
QSR,Consumer Discretionary,Restaurants,MACD,MACD 金叉 (多頭區),None,0.0,0.68,0.37,,0.37,0,273,0.0063,75.52,76.0,76.47,74.76,2026-07-29,3,False
SN,Consumer Discretionary,"Furnishings, Fixtures & Appliances",MACD,MACD 金叉 (多頭區),None,0.0,0.68,0.37,,0.37,0,273,0.0063,163.33,164.36,165.39,161.7,2026-07-30,3,False
eBay,Consumer Discretionary,Internet Retail,MACD,MACD 金叉 (多頭區),None,0.0,0.68,0.37,,0.37,0,273,0.0063,111.75,112.45,113.16,110.63,2026-06-30,3,False
BBD,Financials,Banks - Regional,BB,BB 中軌向上（上升趨勢）,Bullish Engulfing,0.75,1.0,0.3697,,0.3697,0,330,0.0108,3.59,3.63,3.67,3.55,2026-07-30,3,False
MFG,Financials,Banks - Regional,BB,BB 中軌向上（上升趨勢）,Bullish Engulfing,0.75,1.0,0.3697,,0.3697,0,330,0.0108,10.35,10.46,10.57,10.25,2026-07-30,3,False
MUFG,Financials,Banks - Diversified,BB,BB 中軌向上（上升趨勢）,Bullish Engulfing,0.75,1.0,0.3697,,0.3697,0,330,0.0108,22.5,22.74,22.99,22.27,2026-07-30,3,False
ZION,Financials,Banks - Regional,BB,BB 中軌向上（上升趨勢）,Bullish Engulfing,0.75,1.0,0.3697,,0.3697,0,330,0.0108,69.7,70.45,71.21,69.0,2026-07-31,3,False
BR,Information Technology,Information Technology Services,RSI,RSI 加速上升,None,0.0,0.5525,0.3693,,0.3693,0,10688,0.0074,154.77,155.92,157.06,153.22,2026-07-30,3,False
CHKP,Information Technology,Software - Infrastructure,RSI,RSI 加速上升,None,0.0,0.5525,0.3693,,0.3693,0,10688,0.0074,139.67,140.7,141.74,138.27,2026-07-29,3,False
DT,Information Technology,Software - Application,RSI,RSI 加速上升,None,0.0,0.5525,0.3693,,0.3693,0,10688,0.0074,44.32,44.65,44.98,43.88,2026-07-31,3,False
EPAM,Information Technology,Information Technology Services,RSI,RSI 加速上升,None,0.0,0.5525,0.3693,,0.3693,0,10688,0.0074,105.56,106.34,107.12,104.5,2026-07-31,3,False
GRAB,Information Technology,Software - Application,RSI,RSI 加速上升,None,0.0,0.5525,0.3693,,0.3693,0,10688,0.0074,3.5,3.53,3.55,3.46,2026-07-31,3,False
GWRE,Information Technology,Software - Application,RSI,RSI 加速上升,None,0.0,0.5525,0.3693,,0.3693,0,10688,0.0074,153.21,154.34,155.48,151.68,2026-07-30,3,False
INFY,Information Technology,Information Technology Services,RSI,RSI 加速上升,None,0.0,0.5525,0.3693,,0.3693,0,10688,0.0074,12.03,12.12,12.21,11.91,2026-07-31,3,False
IOT,Information Technology,Software - Infrastructure,RSI,RSI 加速上升,None,0.0,0.5525,0.3693,,0.3693,0,10688,0.0074,37.27,37.55,37.82,36.9,2026-07-31,3,False
JKHY,Information Technology,Information Technology Services,RSI,RSI 加速上升,None,0.0,0.5525,0.3693,,0.3693,0,10688,0.0074,161.15,162.34,163.54,159.54,2026-07-29,3,False
MSTR,Information Technology,Software - Application,RSI,RSI 加速上升,None,0.0,0.5525,0.3693,,0.3693,0,10688,0.0074,97.74,98.46,99.19,96.76,2026-07-30,3,False
NOK,Information Technology,Communication Equipment,RSI,RSI 加速上升,None,0.0,0.5525,0.3693,,0.3693,0,10688,0.0074,9.14,9.21,9.28,9.05,2026-07-31,3,False
NTNX,Information Technology,Software - Infrastructure,RSI,RSI 加速上升,None,0.0,0.5525,0.3693,,0.3693,0,10688,0.0074,59.01,59.45,59.88,58.42,2026-07-31,3,False
PAYX,Information Technology,Software - Application,RSI,RSI 加速上升,None,0.0,0.5525,0.3693,,0.3693,0,10688,0.0074,122.13,123.03,123.94,120.91,2026-07-29,3,False
SSNC,Information Technology,Software - Application,RSI,RSI 加速上升,None,0.0,0.5525,0.3693,,0.3693,0,10688,0.0074,77.17,77.74,78.31,76.4,2026-07-30,3,False
STM,Information Technology,Semiconductors,RSI,RSI 加速上升,None,0.0,0.5525,0.3693,,0.3693,0,10688,0.0074,52.39,52.78,53.17,51.87,2026-07-31,3,False
TEAM,Information Technology,Software - Application,RSI,RSI 加速上升,None,0.0,0.5525,0.3693,,0.3693,0,10688,0.0074,101.015,101.76,102.51,100.0,2026-07-31,3,False
TOST,Information Technology,Software - Infrastructure,RSI,RSI 加速上升,None,0.0,0.5525,0.3693,,0.3693,0,10688,0.0074,32.27,32.51,32.75,31.95,2026-07-31,3,False
TWLO,Information Technology,Software - Infrastructure,RSI,RSI 加速上升,None,0.0,0.5525,0.3693,,0.3693,0,10688,0.0074,197.35,198.81,200.27,195.38,2026-07-31,3,False
UBER,Information Technology,Software - Application,RSI,RSI 加速上升,None,0.0,0.5525,0.3693,,0.3693,0,10688,0.0074,70.36,70.88,71.4,69.66,2026-07-31,3,False
PODD,Health Care,Medical Devices,BB,BB 中軌向上（上升趨勢）,None,0.0,0.51,0.3684,0.3684,0.2705,152,10885,0.0087,165.35,166.79,168.23,163.7,2026-07-31,3,False
BSX,Health Care,Medical Devices,RSI,RSI 加速上升,None,0.0,0.5525,0.3667,,0.3667,0,559,0.0015,46.04,46.11,46.18,45.58,2026-07-29,3,True
EFX,Industrials,Consulting Services,RSI,RSI 加速上升,None,0.0,0.5525,0.3667,0.3667,0.2981,150,11545,0.0005,176.13,176.22,176.31,174.37,2026-07-30,3,False
HLN,Health Care,Drug Manufacturers - Specialty & Generic,RSI,RSI 加速上升,None,0.0,0.5525,0.3667,,0.3667,0,559,0.0015,10.28,10.3,10.31,10.18,2026-07-29,3,True
ICLR,Health Care,Diagnostics & Research,RSI,RSI 加速上升,None,0.0,0.5525,0.3667,,0.3667,0,559,0.0015,178.18,178.45,178.71,176.4,2026-07-29,3,True
CMG,Consumer Discretionary,Restaurants,RSI,RSI 動能加速（強勢區）,None,0.0,0.51,0.3667,0.3667,0.3027,30,1665,0.012,38.52,38.98,39.44,38.13,2026-07-30,3,False
BEN,Financials,Asset Management,RSI,RSI 維持強勢 (50-70),None,0.0,0.51,0.3664,0.3664,0.2842,131,19108,0.0091,33.17,33.47,33.77,32.84,2026-07-30,3,False
BLK,Financials,Asset Management,RSI,RSI 動能加速（強勢區）,None,0.0,0.51,0.3659,0.3659,0.279,41,3129,0.0023,1098.37,1100.9,1103.42,1087.39,2026-07-30,3,False
GEN,Information Technology,Software - Infrastructure,MACD,MACD 金叉 (多頭區),None,0.0,0.68,0.3651,,0.3651,0,504,0.0103,27.63,27.91,28.2,27.35,2026-07-29,3,False
XYZ,Information Technology,Software - Infrastructure,RSI,RSI 維持強勢 (50-70),None,0.0,0.51,0.3645,,0.3645,0,16764,0.0088,81.24,81.95,82.67,80.43,2026-07-31,3,False
ZS,Information Technology,Software - Infrastructure,RSI,RSI 維持強勢 (50-70),None,0.0,0.51,0.3645,,0.3645,0,16764,0.0088,151.2,152.53,153.86,149.69,2026-07-31,3,False
ASML,Information Technology,Semiconductor Equipment & Materials,BB,BB 中軌向上（上升趨勢）,None,0.0,0.51,0.3639,,0.3639,0,16781,0.009,1629.0,1643.66,1658.32,1612.71,2026-07-31,3,False
FE,Utilities,Utilities - Regulated Electric,RSI,RSI 維持強勢 (50-70),None,0.0,0.51,0.3636,0.3636,0.3263,11,331,-0.0109,48.71,48.18,47.65,48.22,2026-07-30,3,True
PCG,Utilities,Utilities - Regulated Electric,BB,BB 中軌向上（上升趨勢）,None,0.0,0.51,0.3636,0.3636,0.3562,11,365,0.0009,17.78,17.8,17.81,17.6,2026-07-30,3,True
ED,Utilities,Utilities - Regulated Electric,BB,BB 跌破下軌 (超賣),None,0.0,0.45499999999999996,0.3636,0.3636,0.4104,11,441,0.0164,108.85,110.64,112.42,107.76,2026-07-31,3,False
SWKS,Information Technology,Semiconductors,RSI,RSI 加速上升,None,0.0,0.5525,0.3618,0.3618,0.3693,152,10688,0.0061,62.28,62.66,63.04,61.66,2026-07-31,3,False
AR,Energy,Oil & Gas E&P,KDJ,KDJ 金叉,None,0.0,0.5525,0.3614,,0.3614,0,498,0.0061,35.3,35.52,35.73,34.95,2026-07-30,3,False
CCJ,Energy,Uranium,KDJ,KDJ 金叉,None,0.0,0.5525,0.3614,,0.3614,0,498,0.0061,88.23,88.77,89.31,87.35,2026-07-30,3,False
CNQ,Energy,Oil & Gas E&P,KDJ,KDJ 金叉,None,0.0,0.5525,0.3614,,0.3614,0,498,0.0061,47.28,47.57,47.86,46.81,2026-07-30,3,False
EC,Energy,Oil & Gas Integrated,KDJ,KDJ 金叉,None,0.0,0.5525,0.3614,,0.3614,0,498,0.0061,17.04,17.14,17.25,16.87,2026-07-30,3,False
ET,Energy,Oil & Gas Midstream,KDJ,KDJ 金叉,None,0.0,0.5525,0.3614,,0.3614,0,498,0.0061,20.36,20.48,20.61,20.16,2026-07-31,3,False
IMO,Energy,Oil & Gas Integrated,KDJ,KDJ 金叉,None,0.0,0.5525,0.3614,,0.3614,0,498,0.0061,128.8,129.59,130.37,127.51,2026-07-29,3,False
PR,Energy,Oil & Gas E&P,KDJ,KDJ 金叉,None,0.0,0.5525,0.3614,,0.3614,0,498,0.0061,21.31,21.44,21.57,21.1,2026-07-31,3,False
YPF,Energy,Oil & Gas Integrated,KDJ,KDJ 金叉,None,0.0,0.5525,0.3614,,0.3614,0,498,0.0061,52.54,52.86,53.18,52.01,2026-07-31,3,False
ARES,Financials,Asset Management,KDJ,KDJ 金叉,None,0.0,0.5525,0.3611,,0.3611,0,108,0.0084,128.09,129.17,130.24,126.81,2026-07-31,3,True
BAP,Financials,Banks - Regional,KDJ,KDJ 金叉,None,0.0,0.5525,0.3611,,0.3611,0,108,0.0084,402.27,405.65,409.03,398.25,2026-07-30,3,True
EPD,Energy,Oil & Gas Midstream,RSI,RSI 上穿 50 中性線,None,0.0,0.4675,0.361,,0.361,0,579,0.0056,38.05,38.26,38.48,37.67,2026-07-31,3,False
FTI,Energy,Oil & Gas Equipment & Services,RSI,RSI 上穿 50 中性線,None,0.0,0.4675,0.361,,0.361,0,579,0.0056,71.66,72.06,72.46,70.94,2026-07-31,3,False
TS,Energy,Oil & Gas Equipment & Services,RSI,RSI 上穿 50 中性線,None,0.0,0.4675,0.361,,0.361,0,579,0.0056,57.33,57.65,57.97,56.76,2026-07-31,3,False
VG,Energy,Oil & Gas Midstream,RSI,RSI 上穿 50 中性線,None,0.0,0.4675,0.361,,0.361,0,579,0.0056,13.05,13.12,13.2,12.92,2026-07-29,3,False
VNOM,Energy,Oil & Gas Midstream,RSI,RSI 上穿 50 中性線,None,0.0,0.4675,0.361,,0.361,0,579,0.0056,44.61,44.86,45.11,44.16,2026-07-31,3,False
ARXS,Industrials,Aerospace & Defense,KDJ,KDJ 金叉,None,0.0,0.5525,0.3609,,0.3609,0,133,0.01,48.98,49.47,49.96,48.49,2026-07-30,3,True
BE,Industrials,Electrical Equipment & Parts,KDJ,KDJ 金叉,None,0.0,0.5525,0.3609,,0.3609,0,133,0.01,207.12,209.19,211.26,205.05,2026-07-30,3,True
CLH,Industrials,Waste Management,KDJ,KDJ 金叉,None,0.0,0.5525,0.3609,,0.3609,0,133,0.01,326.34,329.6,332.87,323.08,2026-07-29,3,True
FER,Industrials,Engineering & Construction,KDJ,KDJ 金叉,None,0.0,0.5525,0.3609,,0.3609,0,133,0.01,62.54,63.17,63.79,61.91,2026-07-29,3,True
FTAI,Industrials,Aerospace & Defense,KDJ,KDJ 金叉,None,0.0,0.5525,0.3609,,0.3609,0,133,0.01,206.0,208.06,210.12,203.94,2026-07-31,3,True
TKO,Communication Services,Entertainment,RSI,RSI 加速上升,None,0.0,0.5525,0.3607,0.3607,0.3116,122,3322,0.0015,183.81,184.09,184.36,181.97,2026-07-30,3,False
GFS,Information Technology,Semiconductors,RSI,RSI 維持超賣,None,0.0,0.385,0.3605,,0.3605,0,663,0.0055,47.07,47.33,47.59,46.6,2026-07-29,3,False
CDW,Information Technology,Information Technology Services,RSI,RSI 維持強勢 (50-70),None,0.0,0.51,0.3591,0.3591,0.3645,181,16764,0.0017,147.81,148.06,148.31,146.33,2026-07-31,3,False
MOD,Consumer Discretionary,Auto Parts,RSI,RSI 超賣區域 (30),None,0.0,0.5249999999999999,0.3582,,0.3582,0,67,-0.0017,178.04,177.74,177.43,176.26,2026-07-29,3,True
ABNB,Consumer Discretionary,Travel Services,BB,價格在 BB 中軌上方,None,0.0,0.425,0.3581,0.3581,0.2984,215,12430,0.0059,151.52,152.41,153.31,150.0,2026-07-31,3,False
AER,Industrials,Rental & Leasing Services,RSI,RSI 維持強勢 (50-70),None,0.0,0.51,0.3579,,0.3579,0,746,0.0057,148.63,149.48,150.32,147.14,2026-07-29,3,True
AYI,Industrials,Electrical Equipment & Parts,RSI,RSI 維持強勢 (50-70),None,0.0,0.51,0.3579,,0.3579,0,746,0.0057,328.39,330.26,332.13,325.11,2026-07-31,3,True
CNH,Industrials,Farm & Heavy Construction Machinery,RSI,RSI 維持強勢 (50-70),None,0.0,0.51,0.3579,,0.3579,0,746,0.0057,10.76,10.82,10.88,10.65,2026-07-29,3,True
EMBJ,Industrials,Aerospace & Defense,RSI,RSI 維持強勢 (50-70),None,0.0,0.51,0.3579,,0.3579,0,746,0.0057,68.33,68.72,69.11,67.65,2026-07-31,3,True
GFL,Industrials,Waste Management,RSI,RSI 維持強勢 (50-70),None,0.0,0.51,0.3579,,0.3579,0,746,0.0057,41.37,41.61,41.84,40.96,2026-07-30,3,True
TRI,Industrials,Specialty Business Services,RSI,RSI 維持強勢 (50-70),None,0.0,0.51,0.3579,,0.3579,0,746,0.0057,106.34,106.95,107.55,105.28,2026-07-29,3,True
WTS,Industrials,Specialty Industrial Machinery,RSI,RSI 維持強勢 (50-70),None,0.0,0.51,0.3579,,0.3579,0,746,0.0057,336.15,338.07,339.98,332.79,2026-07-29,3,True
WWD,Industrials,Aerospace & Defense,RSI,RSI 維持強勢 (50-70),None,0.0,0.51,0.3579,,0.3579,0,746,0.0057,385.42,387.62,389.81,381.57,2026-07-29,3,True
ZTO,Industrials,Integrated Freight & Logistics,RSI,RSI 維持強勢 (50-70),None,0.0,0.51,0.3579,,0.3579,0,746,0.0057,23.86,24.0,24.13,23.62,2026-07-30,3,True
ADBE,Information Technology,Software - Application,BB,BB 中軌向上（上升趨勢）,None,0.0,0.51,0.3571,0.3571,0.4238,14,1083,-0.0235,263.43,257.24,251.05,260.8,2026-07-29,3,True
VEEV,Health Care,Health Information Services,RSI,RSI 動能加速（強勢區）,None,0.0,0.51,0.3571,0.3571,0.2606,14,1869,-0.0086,207.91,206.12,204.33,205.83,2026-07-29,3,False
XEL,Utilities,Utilities - Regulated Electric,BB,BB 中軌向上（上升趨勢）,None,0.0,0.51,0.3571,0.3571,0.3562,14,365,0.0079,78.2,78.82,79.44,77.42,2026-07-31,3,True
RSG,Industrials,Waste Management,BB,BB 跌破下軌 (超賣),None,0.0,0.45499999999999996,0.3571,0.3571,0.2838,14,1258,0.0128,210.55,213.25,215.94,208.44,2026-07-31,3,False
PNC,Financials,Banks - Regional,RSI,RSI 維持強勢 (50-70),None,0.0,0.51,0.3569,0.3569,0.2842,269,19108,0.0095,249.87,252.24,254.62,247.37,2026-07-31,3,False
AES,Utilities,Utilities - Diversified,BB,價格在 BB 中軌上方,None,0.0,0.425,0.3568,0.3568,0.246,213,9864,0.0076,14.674,14.79,14.9,14.53,2026-07-30,3,False
EA,Communication Services,Electronic Gaming & Multimedia,BB,價格在 BB 中軌上方,Bullish Engulfing,0.75,1.0,0.3559,,0.3559,0,118,0.0006,209.59,209.72,209.84,207.49,2026-07-30,3,True
J,Industrials,Engineering & Construction,RSI,RSI 動能加速（強勢區）,None,0.0,0.51,0.3556,0.3556,0.2891,45,3037,-0.0042,134.93,134.36,133.8,133.58,2026-07-31,3,False
H,Consumer Discretionary,Lodging,BB,BB 跌破下軌 (超賣),None,0.0,0.45499999999999996,0.3556,,0.3556,0,239,0.0004,174.06,174.13,174.2,172.32,2026-07-31,3,True
MGM,Consumer Discretionary,Resorts & Casinos,BB,BB 跌破下軌 (超賣),None,0.0,0.45499999999999996,0.3556,,0.3556,0,239,0.0004,44.57,44.59,44.61,44.12,2026-07-31,3,True
BAC,Financials,Banks - Diversified,RSI,RSI 維持強勢 (50-70),None,0.0,0.51,0.3548,0.3548,0.2842,279,19108,0.0078,61.95,62.43,62.92,61.33,2026-07-31,3,False
CVS,Health Care,Healthcare Plans,RSI,RSI 維持強勢 (50-70),None,0.0,0.51,0.3544,0.3544,0.2772,206,12123,0.0039,105.22,105.63,106.04,104.17,2026-07-30,3,False
EXPE,Consumer Discretionary,Travel Services,BB,價格在 BB 中軌上方,None,0.0,0.425,0.3544,0.3544,0.2984,285,12430,0.0007,294.74,294.95,295.15,291.79,2026-07-31,3,False
AGI,Materials,Gold,BB,價格在 BB 中軌上方,None,0.0,0.425,0.354,,0.354,0,274,0.0035,28.4,28.5,28.6,28.12,2026-07-30,3,True
ULTA,Consumer Discretionary,Specialty Retail,BB,BB 中軌向上（上升趨勢）,None,0.0,0.51,0.3532,0.3532,0.2908,201,9757,0.0091,512.83,517.5,522.16,507.7,2026-07-31,3,False
DY,Industrials,Engineering & Construction,BB,BB 跌破下軌 (超賣),None,0.0,0.45499999999999996,0.3532,,0.3532,0,436,0.0052,371.92,373.85,375.79,368.2,2026-07-29,3,True
MAIR,Industrials,Building Products & Equipment,BB,BB 跌破下軌 (超賣),None,0.0,0.45499999999999996,0.3532,,0.3532,0,436,0.0052,31.64,31.8,31.97,31.32,2026-07-29,3,True
MTZ,Industrials,Engineering & Construction,BB,BB 跌破下軌 (超賣),None,0.0,0.45499999999999996,0.3532,,0.3532,0,436,0.0052,263.1,264.47,265.84,260.47,2026-07-31,3,True
RBC,Industrials,Tools & Accessories,BB,BB 跌破下軌 (超賣),None,0.0,0.45499999999999996,0.3532,,0.3532,0,436,0.0052,551.31,554.18,557.04,545.8,2026-07-31,3,True
RRX,Industrials,Specialty Industrial Machinery,BB,BB 跌破下軌 (超賣),None,0.0,0.45499999999999996,0.3532,,0.3532,0,436,0.0052,187.6,188.58,189.55,185.72,2026-07-29,3,True
TFII,Industrials,Trucking,BB,BB 跌破下軌 (超賣),None,0.0,0.45499999999999996,0.3532,,0.3532,0,436,0.0052,135.02,135.72,136.42,133.67,2026-07-31,3,True
NWSA,Communication Services,Entertainment,RSI,RSI 動能加速（強勢區）,None,0.0,0.51,0.3529,0.3529,0.3135,34,772,0.0063,28.82,29.0,29.18,28.53,2026-07-29,3,False
KEY,Financials,Banks - Regional,BB,BB 跌破下軌 (超賣),None,0.0,0.45499999999999996,0.3529,0.3529,0.3485,17,1277,0.0065,22.18,22.32,22.47,21.96,2026-07-29,3,False
CRL,Health Care,Diagnostics & Research,RSI,RSI 維持強勢 (50-70),None,0.0,0.51,0.3527,0.3527,0.2772,224,12123,-0.0055,232.51,231.23,229.95,230.18,2026-07-31,3,False
INTU,Information Technology,Software - Application,RSI,RSI 動能加速（強勢區）,None,0.0,0.51,0.3514,0.3514,0.366,37,2885,-0.0018,333.13,332.53,331.93,329.8,2026-07-29,3,False
HST,Real Estate,REIT - Hotel & Motel,BB,BB 中軌向上（上升趨勢）,None,0.0,0.51,0.3505,0.3505,0.2647,214,5713,0.0093,25.13,25.36,25.6,24.88,2026-07-31,3,False
XPO,Industrials,Trucking,BB,價格在 BB 中軌上方,None,0.0,0.425,0.3497,,0.3497,0,1018,0.0042,199.38,200.22,201.05,197.39,2026-07-29,3,True
HAS,Consumer Discretionary,Leisure,RSI,RSI 加速上升,None,0.0,0.5525,0.3485,0.3485,0.3117,132,6796,0.0006,94.53,94.59,94.64,93.58,2026-07-30,3,False
BCS,Financials,Banks - Diversified,BB,BB 跌破下軌 (超賣),None,0.0,0.45499999999999996,0.3485,,0.3485,0,1277,0.0043,26.05,26.16,26.27,25.79,2026-07-29,3,False
HPQ,Information Technology,Computer Hardware,RSI,RSI 加速上升,None,0.0,0.5525,0.3455,0.3455,0.3693,165,10688,0.0062,26.86,27.03,27.19,26.59,2026-07-30,3,False
F,Consumer Discretionary,Auto Manufacturers,RSI,RSI 加速上升,None,0.0,0.5525,0.3452,0.3452,0.3117,168,6796,0.0072,14.86,14.97,15.07,14.71,2026-07-30,3,False
AON,Financials,Insurance Brokers,RSI,RSI 維持強勢 (50-70),None,0.0,0.51,0.3448,,0.3448,0,609,0.0048,377.16,378.97,380.78,373.39,2026-07-29,3,True
BBVA,Financials,Banks - Diversified,RSI,RSI 維持強勢 (50-70),None,0.0,0.51,0.3448,,0.3448,0,609,0.0048,27.6,27.73,27.86,27.32,2026-07-30,3,True
EQH,Financials,Asset Management,RSI,RSI 維持強勢 (50-70),None,0.0,0.51,0.3448,,0.3448,0,609,0.0048,47.65,47.88,48.11,47.17,2026-07-31,3,True
NMR,Financials,Capital Markets,RSI,RSI 維持強勢 (50-70),None,0.0,0.51,0.3448,,0.3448,0,609,0.0048,9.67,9.72,9.76,9.57,2026-07-29,3,True
OWL,Financials,Asset Management,RSI,RSI 維持強勢 (50-70),None,0.0,0.51,0.3448,,0.3448,0,609,0.0048,10.3,10.35,10.4,10.2,2026-07-31,3,True
PUK,Financials,Insurance - Life,RSI,RSI 維持強勢 (50-70),None,0.0,0.51,0.3448,,0.3448,0,609,0.0048,29.25,29.39,29.53,28.96,2026-07-29,3,True
RYAN,Financials,Insurance - Specialty,RSI,RSI 維持強勢 (50-70),None,0.0,0.51,0.3448,,0.3448,0,609,0.0048,44.16,44.37,44.58,43.72,2026-07-31,3,True
TW,Financials,Capital Markets,RSI,RSI 維持強勢 (50-70),None,0.0,0.51,0.3448,,0.3448,0,609,0.0048,108.18,108.7,109.22,107.1,2026-07-29,3,True
UBS,Financials,Banks - Diversified,RSI,RSI 維持強勢 (50-70),None,0.0,0.51,0.3448,,0.3448,0,609,0.0048,51.8,52.05,52.3,51.28,2026-07-29,3,True
FROG,Information Technology,Software - Application,BB,BB 跌破下軌 (超賣),None,0.0,0.45499999999999996,0.3447,,0.3447,0,1001,0.0043,73.275,73.59,73.91,72.54,2026-07-29,3,False
LSCC,Information Technology,Semiconductors,BB,BB 跌破下軌 (超賣),None,0.0,0.45499999999999996,0.3447,,0.3447,0,1001,0.0043,112.96,113.45,113.93,111.83,2026-07-29,3,False
MCHPP,Information Technology,Semiconductors,BB,BB 跌破下軌 (超賣),None,0.0,0.45499999999999996,0.3447,,0.3447,0,1001,0.0043,62.12,62.39,62.65,61.5,2026-07-29,3,False
RMBS,Information Technology,Semiconductors,BB,BB 跌破下軌 (超賣),None,0.0,0.45499999999999996,0.3447,,0.3447,0,1001,0.0043,82.81,83.17,83.52,81.98,2026-07-29,3,False
SANM,Information Technology,Electronic Components,BB,BB 跌破下軌 (超賣),None,0.0,0.45499999999999996,0.3447,,0.3447,0,1001,0.0043,163.85,164.55,165.26,162.21,2026-07-29,3,False
SMTC,Information Technology,Semiconductors,BB,BB 跌破下軌 (超賣),None,0.0,0.45499999999999996,0.3447,,0.3447,0,1001,0.0043,103.55,104.0,104.44,102.51,2026-07-29,3,False
TSEM,Information Technology,Semiconductors,BB,BB 跌破下軌 (超賣),None,0.0,0.45499999999999996,0.3447,,0.3447,0,1001,0.0043,187.84,188.65,189.46,185.96,2026-07-29,3,False
BIIB,Health Care,Drug Manufacturers - General,RSI,RSI 維持強勢 (50-70),None,0.0,0.51,0.3444,0.3444,0.2772,151,12123,0.0031,202.95,203.58,204.21,200.92,2026-07-31,3,False
EMR,Industrials,Specialty Industrial Machinery,RSI,RSI 加速上升,None,0.0,0.5525,0.3409,0.3409,0.2981,132,11545,0.0065,145.73,146.68,147.62,144.27,2026-07-29,3,False
WELL,Real Estate,REIT - Healthcare Facilities,BB,價格在 BB 中軌上方,None,0.0,0.425,0.3409,0.3409,0.248,399,8032,0.0038,241.08,242.0,242.91,238.67,2026-07-29,3,False
ALNY,Health Care,Biotechnology,BB,BB 中軌向上（上升趨勢）,None,0.0,0.51,0.3402,,0.3402,0,579,0.0005,205.52,205.62,205.73,203.46,2026-07-31,3,True
LH,Health Care,Diagnostics & Research,BB,BB 中軌向上（上升趨勢）,None,0.0,0.51,0.3402,,0.3402,0,579,0.0005,315.53,315.69,315.85,312.37,2026-07-30,3,True
MDGL,Health Care,Biotechnology,BB,BB 中軌向上（上升趨勢）,None,0.0,0.51,0.3402,,0.3402,0,579,0.0005,493.11,493.36,493.6,488.18,2026-07-30,3,True
NVO,Health Care,Drug Manufacturers - General,BB,BB 中軌向上（上升趨勢）,None,0.0,0.51,0.3402,,0.3402,0,579,0.0005,47.08,47.1,47.13,46.61,2026-07-31,3,True
NEE,Utilities,Utilities - Regulated Electric,RSI,RSI 維持強勢 (50-70),None,0.0,0.51,0.3388,0.3388,0.2471,242,8831,0.0052,88.46,88.92,89.38,87.58,2026-07-29,3,False
WAT,Health Care,Diagnostics & Research,RSI,RSI 維持強勢 (50-70),None,0.0,0.51,0.3373,0.3373,0.2772,169,12123,0.0031,377.31,378.48,379.65,373.54,2026-07-31,3,False
CBOE,Financials,Financial Data & Stock Exchanges,RSI,RSI 維持強勢 (50-70),None,0.0,0.51,0.3371,0.3371,0.2842,267,19108,0.0055,310.23,311.94,313.64,307.13,2026-07-31,3,False
SMCI,Information Technology,Computer Hardware,BB,價格在 BB 中軌上方,None,0.0,0.425,0.3366,0.3366,0.3573,303,20206,-0.0187,28.4,27.87,27.34,28.12,2026-07-31,3,False
LI,Consumer Discretionary,Auto Manufacturers,MACD,MACD 突破 0 軸,None,0.0,0.595,0.3351,,0.3351,0,376,0.0114,13.63,13.79,13.94,13.49,2026-07-31,3,False
COST,Consumer Staples,Discount Stores,RSI,RSI 維持強勢 (50-70),None,0.0,0.51,0.3347,0.3347,0.2452,251,7574,0.0061,951.89,957.7,963.5,942.37,2026-07-31,3,False
NBIS,Communication Services,Internet Content & Information,KDJ,KDJ 金叉,None,0.0,0.5525,0.3345,,0.3345,0,550,0.0065,190.41,191.65,192.89,188.51,2026-07-31,3,False
ROKU,Communication Services,Entertainment,KDJ,KDJ 金叉,None,0.0,0.5525,0.3345,,0.3345,0,550,0.0065,145.33,146.27,147.22,143.88,2026-07-29,3,False
IDXX,Health Care,Diagnostics & Research,MACD,MACD 突破 0 軸,None,0.0,0.595,0.3333,0.3333,0.3171,9,432,0.0056,569.77,572.96,576.15,564.07,2026-07-29,3,False
NYT,Communication Services,Publishing,MACD,MACD 突破 0 軸,None,0.0,0.595,0.3333,,0.3333,0,165,0.0084,77.69,78.34,79.0,76.91,2026-07-29,3,False
AMP,Financials,Asset Management,KDJ,KDJ 金叉,None,0.0,0.5525,0.3333,0.3333,0.3142,27,1932,0.0119,544.46,550.94,557.42,539.02,2026-07-30,3,False
DHI,Consumer Discretionary,Residential Construction,RSI,RSI 加速上升,None,0.0,0.5525,0.3333,0.3333,0.3117,135,6796,0.0027,145.53,145.92,146.32,144.07,2026-07-30,3,False
VRSK,Industrials,Consulting Services,RSI,RSI 加速上升,None,0.0,0.5525,0.3333,0.3333,0.3379,6,651,0.003,213.15,213.79,214.43,211.02,2026-07-29,3,True
CAG,Consumer Staples,Packaged Foods,BB,BB 中軌向上（上升趨勢）,None,0.0,0.51,0.3333,0.3333,0.2466,114,6128,0.0085,14.51,14.63,14.76,14.36,2026-07-31,3,False
EIX,Utilities,Utilities - Regulated Electric,BB,BB 中軌向上（上升趨勢）,None,0.0,0.51,0.3333,0.3333,0.3562,6,365,0.0043,73.37,73.69,74.0,72.64,2026-07-31,3,True
IR,Industrials,Specialty Industrial Machinery,BB,BB 中軌向上（上升趨勢）,None,0.0,0.51,0.3333,0.3333,0.3333,6,936,-0.0174,83.38,81.93,80.48,82.55,2026-07-31,3,True
ODFL,Industrials,Trucking,BB,BB 中軌向上（上升趨勢）,None,0.0,0.51,0.3333,,0.3333,0,936,0.0044,222.79,223.77,224.75,220.56,2026-07-29,3,True
GS,Financials,Capital Markets,BB,BB 跌破下軌 (超賣),None,0.0,0.45499999999999996,0.3333,0.3333,0.3485,18,1277,-0.0065,980.75,974.38,968.0,970.94,2026-07-29,3,False
IBKR,Financials,Capital Markets,BB,BB 跌破下軌 (超賣),None,0.0,0.45499999999999996,0.3333,0.3333,0.3485,15,1277,0.0204,86.26,88.02,89.78,85.4,2026-07-29,3,False
WM,Industrials,Waste Management,BB,BB 跌破下軌 (超賣),None,0.0,0.45499999999999996,0.3333,0.3333,0.3532,6,436,0.0089,226.33,228.34,230.36,224.07,2026-07-30,3,True
HSIC,Health Care,Medical Distribution,BB,價格在 BB 中軌上方,None,0.0,0.425,0.3314,0.3314,0.2804,169,14417,-0.0009,85.75,85.67,85.6,84.89,2026-07-31,3,False
FITB,Financials,Banks - Regional,RSI,RSI 維持強勢 (50-70),None,0.0,0.51,0.3309,0.3309,0.2842,269,19108,0.0067,56.5,56.88,57.26,55.94,2026-07-31,3,False
MSCI,Financials,Financial Data & Stock Exchanges,RSI,RSI 加速上升,None,0.0,0.5525,0.3305,0.3305,0.3014,118,11488,0.0064,572.24,575.9,579.56,566.52,2026-07-31,3,False
RKLB,Industrials,Aerospace & Defense,MACD,MACD 金叉 (空頭區),None,0.0,0.42,0.3303,,0.3303,0,875,0.0053,64.95,65.29,65.64,64.3,2026-07-31,3,False
WCC,Industrials,Industrial Distribution,MACD,MACD 金叉 (空頭區),None,0.0,0.42,0.3303,,0.3303,0,875,0.0053,342.67,344.49,346.3,339.24,2026-07-30,3,False
FUTU,Financials,Capital Markets,MACD,MACD 突破 0 軸,None,0.0,0.595,0.3301,,0.3301,0,618,0.0061,101.88,102.5,103.12,100.86,2026-07-29,3,False
TIMB,Communication Services,Telecom Services,BB,BB 跌破下軌 (超賣),None,0.0,0.45499999999999996,0.33,,0.33,0,397,0.0048,19.12,19.21,19.3,18.93,2026-07-30,3,False
DIS,Communication Services,Entertainment,RSI,RSI 維持強勢 (50-70),None,0.0,0.51,0.3297,0.3297,0.3082,182,5205,0.0094,98.48,99.41,100.33,97.5,2026-07-29,3,False
AEM,Materials,Gold,RSI,RSI 上穿 50 中性線,None,0.0,0.4675,0.3294,,0.3294,0,595,0.0031,150.75,151.22,151.68,149.24,2026-07-30,3,False
B,Materials,Gold,RSI,RSI 上穿 50 中性線,None,0.0,0.4675,0.3294,,0.3294,0,595,0.0031,37.7,37.82,37.93,37.32,2026-07-30,3,False
BHP,Materials,Other Industrial Metals & Mining,RSI,RSI 上穿 50 中性線,None,0.0,0.4675,0.3294,,0.3294,0,595,0.0031,85.9,86.17,86.43,85.04,2026-07-30,3,False
FNV,Materials,Gold,RSI,RSI 上穿 50 中性線,None,0.0,0.4675,0.3294,,0.3294,0,595,0.0031,214.37,215.03,215.7,212.23,2026-07-29,3,False
PKX,Materials,Steel,RSI,RSI 上穿 50 中性線,None,0.0,0.4675,0.3294,,0.3294,0,595,0.0031,54.49,54.66,54.83,53.95,2026-07-30,3,False
RIO,Materials,Other Industrial Metals & Mining,RSI,RSI 上穿 50 中性線,None,0.0,0.4675,0.3294,,0.3294,0,595,0.0031,93.66,93.95,94.24,92.72,2026-07-29,3,False
SCCO,Materials,Copper,RSI,RSI 上穿 50 中性線,None,0.0,0.4675,0.3294,,0.3294,0,595,0.0031,185.0,185.57,186.15,183.15,2026-07-30,3,False
TECK,Materials,Other Industrial Metals & Mining,RSI,RSI 上穿 50 中性線,None,0.0,0.4675,0.3294,,0.3294,0,595,0.0031,62.49,62.68,62.88,61.87,2026-07-30,3,False
VALE,Materials,Other Industrial Metals & Mining,RSI,RSI 上穿 50 中性線,None,0.0,0.4675,0.3294,,0.3294,0,595,0.0031,14.99,15.04,15.08,14.84,2026-07-30,3,False
WPM,Materials,Gold,RSI,RSI 上穿 50 中性線,None,0.0,0.4675,0.3294,,0.3294,0,595,0.0031,113.38,113.73,114.08,112.25,2026-07-30,3,False
HSY,Consumer Staples,Confectioners,RSI,RSI 加速上升,None,0.0,0.5525,0.3286,0.3286,0.2439,140,5343,0.0035,177.23,177.85,178.47,175.46,2026-07-30,3,False
BSAC,Financials,Banks - Regional,RSI,RSI 維持強勢 (50-70),Support,0.8,1.0,0.3276,,0.3276,0,58,0.0022,34.2,34.28,34.35,33.86,2026-07-29,3,False
ING,Financials,Banks - Diversified,RSI,RSI 維持強勢 (50-70),Support,0.8,1.0,0.3276,,0.3276,0,58,0.0022,32.51,32.58,32.65,32.18,2026-07-29,3,False
SLF,Financials,Insurance - Diversified,RSI,RSI 維持強勢 (50-70),Support,0.9,1.0,0.3276,,0.3276,0,58,0.0022,82.27,82.45,82.63,81.45,2026-07-29,3,False
DVA,Health Care,Medical Care Facilities,RSI,RSI 加速上升,None,0.0,0.5525,0.3269,0.3269,0.2803,156,8492,0.0082,240.96,242.94,244.91,238.55,2026-07-29,3,False
LEN,Consumer Discretionary,Residential Construction,RSI,RSI 加速上升,None,0.0,0.5525,0.3265,0.3265,0.3117,147,6796,0.0031,83.75,84.01,84.27,82.91,2026-07-30,3,False
E,Energy,Oil & Gas Integrated,RSI,RSI 動能加速（強勢區）,None,0.0,0.51,0.3265,,0.3265,0,873,0.0005,55.56,55.59,55.62,55.0,2026-07-30,3,False
MPLX,Energy,Oil & Gas Midstream,RSI,RSI 動能加速（強勢區）,None,0.0,0.51,0.3265,,0.3265,0,873,0.0005,58.45,58.48,58.51,57.87,2026-07-31,3,False
OVV,Energy,Oil & Gas E&P,RSI,RSI 動能加速（強勢區）,None,0.0,0.51,0.3265,,0.3265,0,873,0.0005,61.28,61.31,61.34,60.67,2026-07-29,3,False
PBA,Energy,Oil & Gas Midstream,RSI,RSI 動能加速（強勢區）,None,0.0,0.51,0.3265,,0.3265,0,873,0.0005,50.41,50.44,50.46,49.91,2026-07-29,3,False
SU,Energy,Oil & Gas Integrated,RSI,RSI 動能加速（強勢區）,None,0.0,0.51,0.3265,,0.3265,0,873,0.0005,65.8,65.83,65.87,65.14,2026-07-29,3,False
TMO,Health Care,Diagnostics & Research,RSI,RSI 維持強勢 (50-70),None,0.0,0.51,0.3265,0.3265,0.2772,196,12123,0.0039,574.3,576.54,578.78,568.56,2026-07-31,3,False
TTE,Energy,Oil & Gas Integrated,RSI,RSI 動能加速（強勢區）,None,0.0,0.51,0.3265,,0.3265,0,873,0.0005,86.75,86.79,86.84,85.88,2026-07-29,3,False
WDS,Energy,Oil & Gas E&P,RSI,RSI 動能加速（強勢區）,None,0.0,0.51,0.3265,,0.3265,0,873,0.0005,23.23,23.24,23.25,23.0,2026-07-29,3,False
JLL,Real Estate,Real Estate Services,RSI,RSI 加速上升,None,0.0,0.5525,0.3264,,0.3264,0,193,0.0078,340.0,342.65,345.3,336.6,2026-07-29,3,True
LAMR,Real Estate,REIT - Specialty,RSI,RSI 加速上升,None,0.0,0.5525,0.3264,,0.3264,0,193,0.0078,164.33,165.61,166.89,162.69,2026-07-29,3,True
AGNCN,Real Estate,REIT - Mortgage,BB,價格在 BB 中軌上方,Consolidation Breakout,0.85,1.0,0.3261,,0.3261,0,46,0.0094,25.83,26.07,26.32,25.57,2026-07-31,3,True
AGNCO,Real Estate,REIT - Mortgage,BB,價格在 BB 中軌上方,Consolidation Breakout,0.85,1.0,0.3261,,0.3261,0,46,0.0094,25.52,25.76,26.0,25.26,2026-07-31,3,True
AGNCP,Real Estate,REIT - Mortgage,BB,價格在 BB 中軌上方,Consolidation Breakout,0.85,1.0,0.3261,,0.3261,0,46,0.0094,25.07,25.31,25.54,24.82,2026-07-31,3,True
AGNCL,Real Estate,REIT - Mortgage,RSI,RSI 維持強勢 (50-70),None,0.0,0.51,0.3261,,0.3261,0,230,0.0069,24.99,25.16,25.33,24.74,2026-07-31,3,True
NLY,Real Estate,REIT - Mortgage,RSI,RSI 維持強勢 (50-70),None,0.0,0.51,0.3261,,0.3261,0,230,0.0069,22.72,22.88,23.03,22.49,2026-07-31,3,True
AXON,Industrials,Aerospace & Defense,RSI,RSI 維持強勢 (50-70),None,0.0,0.51,0.3255,0.3255,0.2986,212,19157,-0.0009,527.76,527.29,526.81,522.48,2026-07-31,3,False
BIDU,Communication Services,Internet Content & Information,MACD,MACD 金叉 (空頭區),None,0.0,0.42,0.3254,,0.3254,0,252,0.0044,111.11,111.6,112.09,110.0,2026-07-31,3,False
BCE,Communication Services,Telecom Services,RSI,RSI 上穿 50 中性線,None,0.0,0.4675,0.3243,,0.3243,0,518,0.004,22.33,22.42,22.51,22.11,2026-07-29,3,False
TLK,Communication Services,Telecom Services,RSI,RSI 上穿 50 中性線,None,0.0,0.4675,0.3243,,0.3243,0,518,0.004,14.56,14.62,14.68,14.41,2026-07-30,3,False
TEL,Information Technology,Electronic Components,RSI,RSI 維持強勢 (50-70),None,0.0,0.51,0.3241,0.3241,0.3645,253,16764,0.0051,205.69,206.74,207.79,203.63,2026-07-31,3,False
WYNN,Consumer Discretionary,Resorts & Casinos,RSI,RSI 維持強勢 (50-70),None,0.0,0.51,0.3239,0.3239,0.2995,176,10441,0.0085,99.31,100.15,101.0,98.32,2026-07-31,3,False
BPYPM,Financials,Asset Management,BB,價格在 BB 中軌上方,None,0.0,0.425,0.3239,,0.3239,0,852,0.0045,16.0,16.07,16.14,15.84,2026-07-31,3,True
LPLA,Financials,Capital Markets,BB,價格在 BB 中軌上方,None,0.0,0.425,0.3239,,0.3239,0,852,0.0045,353.7,355.29,356.88,350.16,2026-07-31,3,True
MRSH,Financials,Insurance Brokers,BB,價格在 BB 中軌上方,None,0.0,0.425,0.3239,,0.3239,0,852,0.0045,197.59,198.48,199.37,195.61,2026-07-29,3,True
WULF,Financials,Capital Markets,BB,價格在 BB 中軌上方,None,0.0,0.425,0.3239,,0.3239,0,852,0.0045,15.09,15.16,15.23,14.94,2026-07-29,3,True
TMUS,Communication Services,Telecom Services,RSI,RSI 加速上升,None,0.0,0.5525,0.3237,0.3237,0.3116,139,3322,0.0054,173.34,174.28,175.21,171.61,2026-07-30,3,False
A,Health Care,Diagnostics & Research,RSI,RSI 維持強勢 (50-70),None,0.0,0.51,0.3237,0.3237,0.2772,207,12123,0.0002,138.37,138.4,138.43,136.99,2026-07-31,3,False
JCI,Industrials,Building Products & Equipment,KDJ,KDJ 金叉,None,0.0,0.5525,0.3235,0.3235,0.3223,34,2110,0.0032,143.88,144.34,144.8,142.44,2026-07-30,3,False
GWW,Industrials,Industrial Distribution,RSI,RSI 維持強勢 (50-70),None,0.0,0.51,0.3234,0.3234,0.2986,269,19157,0.0065,1382.22,1391.2,1400.19,1368.4,2026-07-31,3,False
NIO,Consumer Discretionary,Auto Manufacturers,MACD,MACD 金叉 (空頭區),None,0.0,0.42,0.3233,,0.3233,0,529,0.0066,4.76,4.79,4.82,4.71,2026-07-29,3,False
NKE,Consumer Discretionary,Footwear & Accessories,RSI,RSI 加速上升,None,0.0,0.5525,0.3228,0.3228,0.3117,158,6796,-0.0048,42.29,42.09,41.88,41.87,2026-07-30,3,False
AGX,Industrials,Engineering & Construction,KDJ,KDJ 金叉,None,0.0,0.5525,0.3223,,0.3223,0,2110,0.0051,570.43,573.34,576.25,564.73,2026-07-31,3,False
APG,Industrials,Engineering & Construction,KDJ,KDJ 金叉,None,0.0,0.5525,0.3223,,0.3223,0,2110,0.0051,39.2,39.4,39.6,38.81,2026-07-30,3,False
CW,Industrials,Aerospace & Defense,KDJ,KDJ 金叉,None,0.0,0.5525,0.3223,,0.3223,0,2110,0.0051,724.0,727.69,731.38,716.76,2026-07-31,3,False
VMI,Industrials,Conglomerates,KDJ,KDJ 金叉,None,0.0,0.5525,0.3223,,0.3223,0,2110,0.0051,481.7,484.16,486.61,476.88,2026-07-31,3,False
WCN,Industrials,Waste Management,KDJ,KDJ 金叉,None,0.0,0.5525,0.3223,,0.3223,0,2110,0.0051,172.81,173.69,174.57,171.08,2026-07-29,3,False
GL,Financials,Insurance - Life,RSI,RSI 加速上升,None,0.0,0.5525,0.3221,0.3221,0.3014,149,11488,0.0145,182.25,184.89,187.54,180.43,2026-07-31,3,False
VLYPN,Financials,Banks - Regional,RSI,RSI 動能加速（強勢區）,Consolidation Breakout,0.85,1.0,0.3218,,0.3218,0,87,0.0041,25.88,25.99,26.09,25.62,2026-07-31,3,True
VLYPO,Financials,Banks - Regional,RSI,RSI 動能加速（強勢區）,Consolidation Breakout,0.85,1.0,0.3218,,0.3218,0,87,0.0041,25.02,25.12,25.23,24.77,2026-07-31,3,True
VLYPP,Financials,Banks - Regional,RSI,RSI 動能加速（強勢區）,Consolidation Breakout,0.85,1.0,0.3218,,0.3218,0,87,0.0041,25.13,25.23,25.34,24.88,2026-07-31,3,True
GM,Consumer Discretionary,Auto Manufacturers,RSI,RSI 維持強勢 (50-70),None,0.0,0.51,0.3217,0.3217,0.2995,230,10441,0.0003,88.86,88.89,88.91,87.97,2026-07-31,3,False
NTES,Communication Services,Electronic Gaming & Multimedia,MACD,MACD 金叉 (多頭區),None,0.0,0.68,0.3214,,0.3214,0,140,0.0096,133.27,134.55,135.83,131.94,2026-07-31,3,False
IT,Information Technology,Information Technology Services,RSI,RSI 動能加速（強勢區）,None,0.0,0.51,0.3214,0.3214,0.366,28,2885,0.0013,165.65,165.87,166.08,163.99,2026-07-29,3,False
HBANP,Financials,Banks - Regional,MACD,MACD 金叉 (空頭區),None,0.0,0.42,0.3214,,0.3214,0,865,0.0073,16.19,16.31,16.43,16.03,2026-07-30,3,False
HUT,Financials,Capital Markets,MACD,MACD 金叉 (空頭區),None,0.0,0.42,0.3214,,0.3214,0,865,0.0073,108.27,109.06,109.85,107.19,2026-07-30,3,False
MA,Financials,Credit Services,RSI,RSI 動能加速（強勢區）,None,0.0,0.51,0.3211,,0.3211,0,246,0.0049,577.35,580.18,583.01,571.58,2026-07-30,3,True
HCA,Health Care,Medical Care Facilities,RSI,RSI 維持強勢 (50-70),None,0.0,0.51,0.321,0.321,0.2772,271,12123,0.0051,402.59,404.64,406.7,398.56,2026-07-31,3,False
NTAP,Information Technology,Software - Infrastructure,RSI,RSI 加速上升,None,0.0,0.5525,0.3206,0.3206,0.3693,131,10688,0.0047,178.5,179.34,180.18,176.72,2026-07-31,3,False
MMM,Industrials,Conglomerates,BB,BB 中軌向上（上升趨勢）,None,0.0,0.51,0.3206,0.3206,0.2929,209,17460,0.0049,176.28,177.14,178.01,174.52,2026-07-31,3,False
SHW,Materials,Specialty Chemicals,RSI,RSI 加速上升,None,0.0,0.5525,0.32,0.32,0.3048,100,3639,0.0092,340.85,343.99,347.12,337.44,2026-07-31,3,False
DRI,Consumer Discretionary,Restaurants,RSI,RSI 動能加速（強勢區）,None,0.0,0.51,0.32,0.32,0.3027,25,1665,0.001,212.23,212.44,212.65,210.11,2026-07-29,3,False
CRM,Information Technology,Software - Application,RSI,RSI 加速上升,None,0.0,0.5525,0.3195,0.3195,0.3693,169,10688,-0.0026,184.02,183.54,183.06,182.18,2026-07-31,3,False
RBLX,Communication Services,Electronic Gaming & Multimedia,BB,BB 跌破下軌 (超賣),None,0.0,0.45499999999999996,0.3194,,0.3194,0,144,0.0009,35.6,35.63,35.66,35.24,2026-07-31,3,True
VIV,Communication Services,Telecom Services,BB,BB 跌破下軌 (超賣),None,0.0,0.45499999999999996,0.3194,,0.3194,0,144,0.0009,12.76,12.77,12.78,12.63,2026-07-29,3,True
TTWO,Communication Services,Electronic Gaming & Multimedia,RSI,RSI 加速上升,None,0.0,0.5525,0.3191,0.3191,0.3116,141,3322,0.009,242.92,245.11,247.29,240.49,2026-07-31,3,False
DOC,Real Estate,REIT - Healthcare Facilities,RSI,RSI 維持強勢 (50-70),None,0.0,0.51,0.3188,0.3188,0.2509,207,7011,0.004,21.83,21.92,22.0,21.61,2026-07-31,3,False
BABA,Consumer Discretionary,Internet Retail,KDJ,KDJ 金叉,None,0.0,0.5525,0.3183,,0.3183,0,1244,0.0033,122.25,122.65,123.06,121.03,2026-07-31,3,False
BROS,Consumer Discretionary,Restaurants,KDJ,KDJ 金叉,None,0.0,0.5525,0.3183,,0.3183,0,1244,0.0033,65.43,65.65,65.86,64.78,2026-07-30,3,False
BWA,Consumer Discretionary,Auto Parts,KDJ,KDJ 金叉,None,0.0,0.5525,0.3183,,0.3183,0,1244,0.0033,64.41,64.62,64.84,63.77,2026-07-30,3,False
CPNG,Consumer Discretionary,Internet Retail,KDJ,KDJ 金叉,None,0.0,0.5525,0.3183,,0.3183,0,1244,0.0033,16.09,16.14,16.2,15.93,2026-07-30,3,False
FIVE,Consumer Discretionary,Specialty Retail,KDJ,KDJ 金叉,None,0.0,0.5525,0.3183,,0.3183,0,1244,0.0033,219.17,219.89,220.62,216.98,2026-07-30,3,False
RIVN,Consumer Discretionary,Auto Manufacturers,KDJ,KDJ 金叉,None,0.0,0.5525,0.3183,,0.3183,0,1244,0.0033,16.83,16.89,16.94,16.66,2026-07-30,3,False
XPEV,Consumer Discretionary,Auto Manufacturers,KDJ,KDJ 金叉,None,0.0,0.5525,0.3183,,0.3183,0,1244,0.0033,13.0,13.04,13.09,12.87,2026-07-31,3,False
MET,Financials,Insurance - Life,RSI,RSI 加速上升,None,0.0,0.5525,0.318,,0.318,0,588,0.002,97.07,97.26,97.46,96.1,2026-07-30,3,True
BTSG,Health Care,Health Information Services,BB,BB 跌破下軌 (超賣),None,0.0,0.45499999999999996,0.3173,,0.3173,0,375,-0.0037,59.71,59.49,59.27,59.11,2026-07-31,3,True
BTSGU,Health Care,Health Information Services,BB,BB 跌破下軌 (超賣),None,0.0,0.45499999999999996,0.3173,,0.3173,0,375,-0.0037,199.48,198.74,198.0,197.49,2026-07-31,3,True
BNTX,Health Care,Biotechnology,MACD,MACD 突破 0 軸,None,0.0,0.595,0.3171,,0.3171,0,432,0.0028,92.85,93.11,93.37,91.92,2026-07-30,3,False
PEN,Health Care,Medical Devices,MACD,MACD 突破 0 軸,None,0.0,0.595,0.3171,,0.3171,0,432,0.0028,320.13,321.03,321.92,316.93,2026-07-29,3,False
STT,Financials,Asset Management,RSI,RSI 維持強勢 (50-70),None,0.0,0.51,0.316,0.316,0.2842,288,19108,0.0038,184.16,184.86,185.56,182.32,2026-07-31,3,False
IQV,Health Care,Diagnostics & Research,RSI,RSI 維持強勢 (50-70),None,0.0,0.51,0.315,0.315,0.2772,200,12123,0.0008,235.02,235.21,235.4,232.67,2026-07-31,3,False
MTB,Financials,Banks - Regional,RSI,RSI 維持強勢 (50-70),None,0.0,0.51,0.3149,0.3149,0.2842,289,19108,0.0091,246.29,248.53,250.77,243.83,2026-07-31,3,False
AXSM,Health Care,Biotechnology,RSI,RSI 上穿 50 中性線,None,0.0,0.4675,0.3144,,0.3144,0,1323,0.003,234.64,235.34,236.05,232.29,2026-07-30,3,False
MDLN,Health Care,Medical Instruments & Supplies,RSI,RSI 上穿 50 中性線,None,0.0,0.4675,0.3144,,0.3144,0,1323,0.003,39.28,39.4,39.52,38.89,2026-07-31,3,False
NTRA,Health Care,Diagnostics & Research,RSI,RSI 上穿 50 中性線,None,0.0,0.4675,0.3144,,0.3144,0,1323,0.003,269.66,270.47,271.28,266.96,2026-07-30,3,False
ROIV,Health Care,Biotechnology,RSI,RSI 上穿 50 中性線,None,0.0,0.4675,0.3144,,0.3144,0,1323,0.003,34.52,34.62,34.73,34.17,2026-07-30,3,False
ROK,Industrials,Specialty Industrial Machinery,RSI,RSI 動能加速（強勢區）,None,0.0,0.51,0.3143,0.3143,0.2891,35,3037,-0.0013,480.08,479.46,478.83,475.28,2026-07-31,3,False
AEG,Financials,Insurance - Diversified,KDJ,KDJ 金叉,None,0.0,0.5525,0.3142,,0.3142,0,1932,0.0041,9.44,9.48,9.52,9.35,2026-07-30,3,False
AFRM,Financials,Credit Services,KDJ,KDJ 金叉,None,0.0,0.5525,0.3142,,0.3142,0,1932,0.0041,73.25,73.55,73.85,72.52,2026-07-30,3,False
BCH,Financials,Banks - Regional,KDJ,KDJ 金叉,None,0.0,0.5525,0.3142,,0.3142,0,1932,0.0041,42.25,42.42,42.6,41.83,2026-07-30,3,False
BMO,Financials,Banks - Diversified,KDJ,KDJ 金叉,None,0.0,0.5525,0.3142,,0.3142,0,1932,0.0041,179.45,180.19,180.92,177.66,2026-07-31,3,False
BNS,Financials,Banks - Diversified,KDJ,KDJ 金叉,None,0.0,0.5525,0.3142,,0.3142,0,1932,0.0041,87.77,88.13,88.49,86.89,2026-07-31,3,False
BPOP,Financials,Banks - Regional,KDJ,KDJ 金叉,None,0.0,0.5525,0.3142,,0.3142,0,1932,0.0041,175.13,175.85,176.57,173.38,2026-07-30,3,False
CM,Financials,Banks - Diversified,KDJ,KDJ 金叉,None,0.0,0.5525,0.3142,,0.3142,0,1932,0.0041,118.55,119.04,119.52,117.36,2026-07-31,3,False
HDB,Financials,Banks - Regional,KDJ,KDJ 金叉,None,0.0,0.5525,0.3142,,0.3142,0,1932,0.0041,24.03,24.13,24.23,23.79,2026-07-29,3,False
ITUB,Financials,Banks - Regional,KDJ,KDJ 金叉,None,0.0,0.5525,0.3142,,0.3142,0,1932,0.0041,8.44,8.47,8.51,8.36,2026-07-30,3,False
KB,Financials,Banks - Regional,KDJ,KDJ 金叉,None,0.0,0.5525,0.3142,,0.3142,0,1932,0.0041,121.09,121.59,122.08,119.88,2026-07-30,3,False
LYG,Financials,Banks - Regional,KDJ,KDJ 金叉,None,0.0,0.5525,0.3142,,0.3142,0,1932,0.0041,6.25,6.28,6.3,6.19,2026-07-30,3,False
NWG,Financials,Banks - Regional,KDJ,KDJ 金叉,None,0.0,0.5525,0.3142,,0.3142,0,1932,0.0041,18.53,18.61,18.68,18.34,2026-07-30,3,False
RY,Financials,Banks - Diversified,KDJ,KDJ 金叉,None,0.0,0.5525,0.3142,,0.3142,0,1932,0.0041,210.12,210.98,211.84,208.02,2026-07-30,3,False
SHG,Financials,Banks - Regional,KDJ,KDJ 金叉,None,0.0,0.5525,0.3142,,0.3142,0,1932,0.0041,72.35,72.65,72.94,71.63,2026-07-30,3,False
TD,Financials,Banks - Diversified,KDJ,KDJ 金叉,None,0.0,0.5525,0.3142,,0.3142,0,1932,0.0041,119.92,120.41,120.9,118.72,2026-07-31,3,False
WF,Financials,Banks - Regional,KDJ,KDJ 金叉,None,0.0,0.5525,0.3142,,0.3142,0,1932,0.0041,70.3,70.59,70.88,69.6,2026-07-30,3,False
AA,Materials,Aluminum,KDJ,KDJ 金叉,None,0.0,0.5525,0.314,,0.314,0,637,0.0047,44.97,45.18,45.39,44.52,2026-07-30,3,False
CDE,Materials,Gold,KDJ,KDJ 金叉,None,0.0,0.5525,0.314,,0.314,0,637,0.0047,15.4,15.47,15.54,15.25,2026-07-30,3,False
ESI,Materials,Specialty Chemicals,KDJ,KDJ 金叉,None,0.0,0.5525,0.314,,0.314,0,637,0.0047,36.73,36.9,37.08,36.36,2026-07-31,3,False
MT,Materials,Steel,KDJ,KDJ 金叉,None,0.0,0.5525,0.314,,0.314,0,637,0.0047,69.34,69.67,69.99,68.65,2026-07-30,3,False
RS,Materials,Steel,KDJ,KDJ 金叉,None,0.0,0.5525,0.314,,0.314,0,637,0.0047,406.1,408.01,409.92,402.04,2026-07-31,3,False
SOLS,Materials,Specialty Chemicals,KDJ,KDJ 金叉,None,0.0,0.5525,0.314,,0.314,0,637,0.0047,60.17,60.45,60.74,59.57,2026-07-31,3,False
IBM,Information Technology,Information Technology Services,RSI,RSI 加速上升,None,0.0,0.5525,0.3139,0.3139,0.3693,137,10688,0.0105,223.65,226.0,228.35,221.41,2026-07-31,3,False
IONS,Health Care,Biotechnology,RSI,RSI 維持超賣,None,0.0,0.385,0.3138,,0.3138,0,956,0.0016,51.77,51.85,51.94,51.25,2026-07-31,3,False
SPOT,Communication Services,Internet Content & Information,RSI,RSI 動能加速（強勢區）,None,0.0,0.51,0.3135,,0.3135,0,772,0.0011,524.01,524.59,525.16,518.77,2026-07-29,3,False
TME,Communication Services,Internet Content & Information,RSI,RSI 動能加速（強勢區）,None,0.0,0.51,0.3135,,0.3135,0,772,0.0011,9.71,9.72,9.73,9.61,2026-07-29,3,False
GIS,Consumer Staples,Packaged Foods,KDJ,KDJ 金叉,None,0.0,0.5525,0.3125,0.3125,0.2503,16,779,0.0079,37.92,38.22,38.52,37.54,2026-07-29,3,False
MKC,Consumer Staples,Packaged Foods,KDJ,KDJ 金叉,None,0.0,0.5525,0.3125,0.3125,0.2503,16,779,-0.0022,51.99,51.88,51.76,51.47,2026-07-29,3,False
BALL,Consumer Discretionary,Packaging & Containers,RSI,RSI 加速上升,None,0.0,0.5525,0.3117,,0.3117,0,6796,0.004,65.31,65.57,65.83,64.66,2026-07-30,3,False
BURL,Consumer Discretionary,Apparel Retail,RSI,RSI 加速上升,None,0.0,0.5525,0.3117,,0.3117,0,6796,0.004,368.48,369.95,371.43,364.8,2026-07-31,3,False
CART,Consumer Discretionary,Internet Retail,RSI,RSI 加速上升,None,0.0,0.5525,0.3117,,0.3117,0,6796,0.004,44.6,44.78,44.96,44.15,2026-07-31,3,False
DKNG,Consumer Discretionary,Gambling,RSI,RSI 加速上升,None,0.0,0.5525,0.3117,,0.3117,0,6796,0.004,23.48,23.57,23.67,23.25,2026-07-31,3,False
FLUT,Consumer Discretionary,Gambling,RSI,RSI 加速上升,None,0.0,0.5525,0.3117,,0.3117,0,6796,0.004,104.47,104.89,105.31,103.43,2026-07-31,3,False
HMC,Consumer Discretionary,Auto Manufacturers,RSI,RSI 加速上升,None,0.0,0.5525,0.3117,,0.3117,0,6796,0.004,30.11,30.23,30.35,29.81,2026-07-31,3,False
HTHT,Consumer Discretionary,Lodging,RSI,RSI 加速上升,None,0.0,0.5525,0.3117,,0.3117,0,6796,0.004,42.69,42.86,43.03,42.26,2026-07-31,3,False
IP,Consumer Discretionary,Packaging & Containers,RSI,RSI 加速上升,None,0.0,0.5525,0.3117,,0.3117,0,6796,0.004,43.15,43.32,43.5,42.72,2026-07-30,3,False
JD,Consumer Discretionary,Internet Retail,RSI,RSI 加速上升,None,0.0,0.5525,0.3117,,0.3117,0,6796,0.004,33.01,33.14,33.27,32.68,2026-07-31,3,False
ONON,Consumer Discretionary,Footwear & Accessories,RSI,RSI 加速上升,None,0.0,0.5525,0.3117,,0.3117,0,6796,0.004,37.1,37.25,37.4,36.73,2026-07-30,3,False
PDD,Consumer Discretionary,Internet Retail,RSI,RSI 加速上升,None,0.0,0.5525,0.3117,,0.3117,0,6796,0.004,88.56,88.91,89.27,87.67,2026-07-31,3,False
PKG,Consumer Discretionary,Packaging & Containers,RSI,RSI 加速上升,None,0.0,0.5525,0.3117,,0.3117,0,6796,0.004,248.63,249.62,250.62,246.14,2026-07-30,3,False
SE,Consumer Discretionary,Internet Retail,RSI,RSI 加速上升,None,0.0,0.5525,0.3117,,0.3117,0,6796,0.004,106.74,107.17,107.59,105.67,2026-07-31,3,False
SW,Consumer Discretionary,Packaging & Containers,RSI,RSI 加速上升,None,0.0,0.5525,0.3117,,0.3117,0,6796,0.004,47.52,47.71,47.9,47.04,2026-07-30,3,False
TM,Consumer Discretionary,Auto Manufacturers,RSI,RSI 加速上升,None,0.0,0.5525,0.3117,,0.3117,0,6796,0.004,188.99,189.75,190.5,187.1,2026-07-31,3,False
TXRH,Consumer Discretionary,Restaurants,RSI,RSI 加速上升,None,0.0,0.5525,0.3117,,0.3117,0,6796,0.004,205.44,206.26,207.08,203.39,2026-07-31,3,False
VIK,Consumer Discretionary,Travel Services,RSI,RSI 加速上升,None,0.0,0.5525,0.3117,,0.3117,0,6796,0.004,104.45,104.87,105.29,103.41,2026-07-30,3,False
W,Consumer Discretionary,Internet Retail,RSI,RSI 加速上升,None,0.0,0.5525,0.3117,,0.3117,0,6796,0.004,89.78,90.14,90.5,88.88,2026-07-30,3,False
AEP,Utilities,Utilities - Regulated Electric,BB,價格在 BB 中軌上方,None,0.0,0.425,0.3117,0.3117,0.246,308,9864,0.0062,129.4,130.2,131.0,128.11,2026-07-29,3,False
FWONA,Communication Services,Entertainment,RSI,RSI 加速上升,None,0.0,0.5525,0.3116,,0.3116,0,3322,0.0033,91.99,92.29,92.6,91.07,2026-07-30,3,False
FWONK,Communication Services,Entertainment,RSI,RSI 加速上升,None,0.0,0.5525,0.3116,,0.3116,0,3322,0.0033,100.0,100.33,100.66,99.0,2026-07-30,3,False
PINS,Communication Services,Internet Content & Information,RSI,RSI 加速上升,None,0.0,0.5525,0.3116,,0.3116,0,3322,0.0033,24.01,24.09,24.17,23.77,2026-07-31,3,False
RCI,Communication Services,Telecom Services,RSI,RSI 加速上升,None,0.0,0.5525,0.3116,,0.3116,0,3322,0.0033,33.85,33.96,34.07,33.51,2026-07-31,3,False
VOD,Communication Services,Telecom Services,RSI,RSI 加速上升,None,0.0,0.5525,0.3116,,0.3116,0,3322,0.0033,16.14,16.19,16.25,15.98,2026-07-30,3,False
LMT,Industrials,Aerospace & Defense,BB,BB 中軌向上（上升趨勢）,None,0.0,0.51,0.3116,0.3116,0.2929,215,17460,0.0073,582.74,586.99,591.25,576.91,2026-07-31,3,False
GILD,Health Care,Drug Manufacturers - General,BB,BB 中軌向上（上升趨勢）,None,0.0,0.51,0.3105,0.3105,0.2705,219,10885,0.005,130.21,130.86,131.51,128.91,2026-07-31,3,False
FFIV,Information Technology,Software - Infrastructure,RSI,RSI 維持強勢 (50-70),None,0.0,0.51,0.3094,0.3094,0.3645,265,16764,0.0067,402.57,405.27,407.96,398.54,2026-07-31,3,False
TGT,Consumer Staples,Discount Stores,BB,BB 中軌向上（上升趨勢）,None,0.0,0.51,0.3094,0.3094,0.2466,181,6128,0.0009,144.49,144.62,144.75,143.05,2026-07-31,3,False
ABEV,Consumer Staples,Beverages - Brewers,RSI,RSI 維持強勢 (50-70),None,0.0,0.51,0.3092,,0.3092,0,262,0.0027,3.11,3.12,3.13,3.08,2026-07-31,3,True
BUD,Consumer Staples,Beverages - Brewers,RSI,RSI 維持強勢 (50-70),None,0.0,0.51,0.3092,,0.3092,0,262,0.0027,84.87,85.1,85.33,84.02,2026-07-29,3,True
CCEP,Consumer Staples,Beverages - Non-Alcoholic,RSI,RSI 維持強勢 (50-70),None,0.0,0.51,0.3092,,0.3092,0,262,0.0027,111.1,111.4,111.7,109.99,2026-07-29,3,True
HRL,Consumer Staples,Packaged Foods,RSI,RSI 維持強勢 (50-70),None,0.0,0.51,0.3092,,0.3092,0,262,0.0027,25.01,25.08,25.15,24.76,2026-07-31,3,True
MDLZ,Consumer Staples,Confectioners,RSI,RSI 維持強勢 (50-70),None,0.0,0.51,0.3092,,0.3092,0,262,0.0027,64.99,65.17,65.34,64.34,2026-07-29,3,True
UL,Consumer Staples,Household & Personal Products,RSI,RSI 維持強勢 (50-70),None,0.0,0.51,0.3092,,0.3092,0,262,0.0027,66.0,66.18,66.36,65.34,2026-07-29,3,True
TDY,Information Technology,Scientific & Technical Instruments,BB,價格在 BB 中軌上方,None,0.0,0.425,0.3092,0.3092,0.3573,262,20206,0.0067,655.57,659.96,664.35,649.01,2026-07-31,3,False
DG,Consumer Staples,Discount Stores,BB,BB 中軌向上（上升趨勢）,None,0.0,0.51,0.3091,0.3091,0.2466,165,6128,-0.0063,127.05,126.25,125.45,125.78,2026-07-31,3,False
BNY,Financials,Banks - Diversified,RSI,RSI 上穿 50 中性線,None,0.0,0.4675,0.3091,,0.3091,0,1899,0.0046,156.08,156.8,157.52,154.52,2026-07-30,3,False
CG,Financials,Asset Management,RSI,RSI 上穿 50 中性線,None,0.0,0.4675,0.3091,,0.3091,0,1899,0.0046,45.36,45.57,45.78,44.91,2026-07-30,3,False
EWBC,Financials,Banks - Regional,RSI,RSI 上穿 50 中性線,None,0.0,0.4675,0.3091,,0.3091,0,1899,0.0046,130.91,131.51,132.11,129.6,2026-07-30,3,False
HBANL,Financials,Banks - Regional,RSI,RSI 上穿 50 中性線,None,0.0,0.4675,0.3091,,0.3091,0,1899,0.0046,25.05,25.17,25.28,24.8,2026-07-30,3,False
HBANM,Financials,Banks - Regional,RSI,RSI 上穿 50 中性線,None,0.0,0.4675,0.3091,,0.3091,0,1899,0.0046,20.87,20.97,21.06,20.66,2026-07-30,3,False
IX,Financials,Financial Conglomerates,RSI,RSI 上穿 50 中性線,None,0.0,0.4675,0.3091,,0.3091,0,1899,0.0046,40.4,40.59,40.77,40.0,2026-07-30,3,False
SAN,Financials,Banks - Diversified,RSI,RSI 上穿 50 中性線,None,0.0,0.4675,0.3091,,0.3091,0,1899,0.0046,14.11,14.17,14.24,13.97,2026-07-30,3,False
SMFG,Financials,Banks - Diversified,RSI,RSI 上穿 50 中性線,None,0.0,0.4675,0.3091,,0.3091,0,1899,0.0046,25.78,25.9,26.02,25.52,2026-07-30,3,False
EDU,Consumer Staples,Education & Training Services,RSI,RSI 加速上升,None,0.0,0.5525,0.309,,0.309,0,288,-0.0012,58.89,58.82,58.75,58.3,2026-07-31,3,True
JBS,Consumer Staples,Packaged Foods,RSI,RSI 加速上升,None,0.0,0.5525,0.309,,0.309,0,288,-0.0012,14.23,14.21,14.2,14.09,2026-07-29,3,True
INIO,Industrials,Specialty Industrial Machinery,RSI,RSI 超賣區域 (30),None,0.0,0.5249999999999999,0.3086,,0.3086,0,337,0.006,21.77,21.9,22.03,21.55,2026-07-29,3,False
POWL,Industrials,Electrical Equipment & Parts,RSI,RSI 超賣區域 (30),None,0.0,0.5249999999999999,0.3086,,0.3086,0,337,0.006,186.39,187.51,188.63,184.53,2026-07-29,3,False
SPCX,Industrials,Aerospace & Defense,RSI,RSI 超賣區域 (30),None,0.0,0.5249999999999999,0.3086,,0.3086,0,337,0.006,108.37,109.02,109.67,107.29,2026-07-31,3,False
STRL,Industrials,Engineering & Construction,RSI,RSI 超賣區域 (30),None,0.0,0.5249999999999999,0.3086,,0.3086,0,337,0.006,494.24,497.21,500.17,489.3,2026-07-29,3,False
NDAQ,Financials,Financial Data & Stock Exchanges,RSI,RSI 維持強勢 (50-70),None,0.0,0.51,0.3086,0.3086,0.2842,269,19108,0.0049,94.19,94.65,95.11,93.25,2026-07-31,3,False
CCZ,Communication Services,Cable & Satellite,RSI,RSI 維持強勢 (50-70),None,0.0,0.51,0.3082,,0.3082,0,5205,0.0026,65.99,66.16,66.33,65.33,2026-07-31,3,False
CHT,Communication Services,Telecom Services,RSI,RSI 維持強勢 (50-70),None,0.0,0.51,0.3082,,0.3082,0,5205,0.0026,43.13,43.24,43.35,42.7,2026-07-29,3,False
EG,Financials,Insurance - Reinsurance,RSI,RSI 加速上升,None,0.0,0.5525,0.3072,0.3072,0.3014,153,11488,0.0013,393.89,394.4,394.91,389.95,2026-07-29,3,False
CAH,Health Care,Medical Distribution,RSI,RSI 上穿 50 中性線,None,0.0,0.4675,0.3056,0.3056,0.3144,36,1323,0.0062,230.03,231.46,232.88,227.73,2026-07-31,3,False
KVUE,Consumer Staples,Household & Personal Products,RSI,RSI 維持強勢 (50-70),None,0.0,0.51,0.305,0.305,0.2452,200,7574,0.004,19.24,19.32,19.39,19.05,2026-07-31,3,False
GFI,Materials,Gold,RSI,RSI 加速上升,None,0.0,0.5525,0.3048,,0.3048,0,3639,0.0024,33.53,33.61,33.69,33.19,2026-07-30,3,False
JHX,Materials,Building Materials,RSI,RSI 加速上升,None,0.0,0.5525,0.3048,,0.3048,0,3639,0.0024,26.19,26.25,26.32,25.93,2026-07-29,3,False
NTR,Materials,Agricultural Inputs,RSI,RSI 加速上升,None,0.0,0.5525,0.3048,,0.3048,0,3639,0.0024,70.72,70.89,71.06,70.01,2026-07-30,3,False
AAL,Industrials,Airlines,RSI,RSI 上穿 50 中性線,None,0.0,0.4675,0.304,,0.304,0,1816,0.0018,15.43,15.46,15.49,15.28,2026-07-30,3,False
ATI,Industrials,Metal Fabrication,RSI,RSI 上穿 50 中性線,None,0.0,0.4675,0.304,,0.304,0,1816,0.0018,187.44,187.78,188.11,185.57,2026-07-31,3,False
CSL,Industrials,Building Products & Equipment,RSI,RSI 上穿 50 中性線,None,0.0,0.4675,0.304,,0.304,0,1816,0.0018,369.88,370.55,371.21,366.18,2026-07-30,3,False
DRS,Industrials,Aerospace & Defense,RSI,RSI 上穿 50 中性線,None,0.0,0.4675,0.304,,0.304,0,1816,0.0018,46.05,46.13,46.22,45.59,2026-07-31,3,False
ESLT,Industrials,Aerospace & Defense,RSI,RSI 上穿 50 中性線,None,0.0,0.4675,0.304,,0.304,0,1816,0.0018,785.96,787.37,788.79,778.1,2026-07-30,3,False
ITT,Industrials,Specialty Industrial Machinery,RSI,RSI 上穿 50 中性線,None,0.0,0.4675,0.304,,0.304,0,1816,0.0018,195.98,196.33,196.69,194.02,2026-07-31,3,False
LTM,Industrials,Airlines,RSI,RSI 上穿 50 中性線,None,0.0,0.4675,0.304,,0.304,0,1816,0.0018,53.94,54.04,54.13,53.4,2026-07-30,3,False
OC,Industrials,Building Products & Equipment,RSI,RSI 上穿 50 中性線,None,0.0,0.4675,0.304,,0.304,0,1816,0.0018,138.82,139.07,139.32,137.43,2026-07-30,3,False
SYM,Industrials,Specialty Industrial Machinery,RSI,RSI 上穿 50 中性線,None,0.0,0.4675,0.304,,0.304,0,1816,0.0018,42.94,43.02,43.09,42.51,2026-07-30,3,False
CINF,Financials,Insurance - Property & Casualty,RSI,RSI 維持強勢 (50-70),None,0.0,0.51,0.3039,0.3039,0.2842,306,19108,0.0032,181.33,181.91,182.49,179.52,2026-07-29,3,False
EGP,Real Estate,REIT - Industrial,BB,BB 中軌向上（上升趨勢）,None,0.0,0.51,0.3037,,0.3037,0,270,0.0047,208.45,209.43,210.41,206.37,2026-07-29,3,True
TEM,Health Care,Health Information Services,KDJ,KDJ 超賣區金叉,None,0.0,0.5599999999999999,0.3027,,0.3027,0,370,0.0035,44.29,44.45,44.6,43.85,2026-07-30,3,False
PLD,Real Estate,REIT - Industrial,BB,價格在 BB 中軌上方,None,0.0,0.425,0.3026,0.3026,0.248,228,8032,0.0074,146.19,147.27,148.35,144.73,2026-07-30,3,False
RGLD,Materials,Gold,RSI,RSI 維持強勢 (50-70),Morning Star,0.8,1.0,0.3025,,0.3025,0,119,0.0084,203.04,204.75,206.45,201.01,2026-07-30,3,False
TFC,Financials,Banks - Regional,BB,價格在 BB 中軌上方,None,0.0,0.425,0.3022,0.3022,0.2847,278,21689,0.003,51.84,52.0,52.15,51.32,2026-07-31,3,False
QNT,Information Technology,Software - Application,KDJ,KDJ 超賣區金叉,None,0.0,0.5599999999999999,0.3016,,0.3016,0,368,-0.0,51.55,51.55,51.55,51.03,2026-07-30,3,False
BAM,Financials,Asset Management,RSI,RSI 加速上升,None,0.0,0.5525,0.3014,,0.3014,0,11488,0.0041,48.4,48.6,48.8,47.92,2026-07-31,3,False
BN,Financials,Asset Management,RSI,RSI 加速上升,None,0.0,0.5525,0.3014,,0.3014,0,11488,0.0041,42.53,42.7,42.88,42.1,2026-07-31,3,False
BNT,Financials,Insurance - Diversified,RSI,RSI 加速上升,None,0.0,0.5525,0.3014,,0.3014,0,11488,0.0041,43.19,43.37,43.54,42.76,2026-07-31,3,False
CIB,Financials,Banks - Regional,RSI,RSI 加速上升,None,0.0,0.5525,0.3014,,0.3014,0,11488,0.0041,92.52,92.9,93.28,91.59,2026-07-31,3,False
CNA,Financials,Insurance - Property & Casualty,RSI,RSI 加速上升,None,0.0,0.5525,0.3014,,0.3014,0,11488,0.0041,55.16,55.39,55.61,54.61,2026-07-29,3,False
CRBG,Financials,Asset Management,RSI,RSI 加速上升,None,0.0,0.5525,0.3014,,0.3014,0,11488,0.0041,31.96,32.09,32.22,31.64,2026-07-30,3,False
DB,Financials,Banks - Regional,RSI,RSI 加速上升,None,0.0,0.5525,0.3014,,0.3014,0,11488,0.0041,36.7,36.85,37.0,36.33,2026-07-31,3,False
FCNCA,Financials,Banks - Regional,RSI,RSI 加速上升,None,0.0,0.5525,0.3014,,0.3014,0,11488,0.0041,2171.8899,2180.79,2189.7,2150.17,2026-07-29,3,False
FNF,Financials,Insurance - Specialty,RSI,RSI 加速上升,None,0.0,0.5525,0.3014,,0.3014,0,11488,0.0041,52.06,52.27,52.49,51.54,2026-07-30,3,False
HSBC,Financials,Banks - Diversified,RSI,RSI 加速上升,None,0.0,0.5525,0.3014,,0.3014,0,11488,0.0041,107.09,107.53,107.97,106.02,2026-07-30,3,False
IBN,Financials,Banks - Regional,RSI,RSI 加速上升,None,0.0,0.5525,0.3014,,0.3014,0,11488,0.0041,30.26,30.38,30.51,29.96,2026-07-30,3,False
KLAR,Financials,Credit Services,RSI,RSI 加速上升,None,0.0,0.5525,0.3014,,0.3014,0,11488,0.0041,18.94,19.02,19.1,18.75,2026-07-31,3,False
ORI,Financials,Insurance - Property & Casualty,RSI,RSI 加速上升,None,0.0,0.5525,0.3014,,0.3014,0,11488,0.0041,43.38,43.56,43.74,42.95,2026-07-30,3,False
PNFP,Financials,Banks - Regional,RSI,RSI 加速上升,None,0.0,0.5525,0.3014,,0.3014,0,11488,0.0041,104.84,105.27,105.7,103.79,2026-07-30,3,False
RKT,Financials,Mortgage Finance,RSI,RSI 加速上升,None,0.0,0.5525,0.3014,,0.3014,0,11488,0.0041,13.26,13.31,13.37,13.13,2026-07-30,3,False
RNR,Financials,Insurance - Reinsurance,RSI,RSI 加速上升,None,0.0,0.5525,0.3014,,0.3014,0,11488,0.0041,332.61,333.97,335.34,329.28,2026-07-29,3,False
SEIC,Financials,Asset Management,RSI,RSI 加速上升,None,0.0,0.5525,0.3014,,0.3014,0,11488,0.0041,102.98,103.4,103.82,101.95,2026-07-31,3,False
TRU,Financials,Financial Data & Stock Exchanges,RSI,RSI 加速上升,None,0.0,0.5525,0.3014,,0.3014,0,11488,0.0041,80.26,80.59,80.92,79.46,2026-07-30,3,False
UMBF,Financials,Banks - Regional,RSI,RSI 加速上升,None,0.0,0.5525,0.3014,,0.3014,0,11488,0.0041,145.73,146.33,146.92,144.27,2026-07-31,3,False
WBS,Financials,Banks - Regional,RSI,RSI 加速上升,None,0.0,0.5525,0.3014,,0.3014,0,11488,0.0041,77.3,77.62,77.93,76.53,2026-07-30,3,False
AMX,Communication Services,Telecom Services,BB,價格在 BB 中軌上方,None,0.0,0.425,0.3007,,0.3007,0,6080,0.0027,25.32,25.39,25.46,25.07,2026-07-30,3,False
CSX,Industrials,Railroads,BB,價格在 BB 中軌上方,None,0.0,0.425,0.3006,0.3006,0.295,336,22337,0.0054,50.4,50.67,50.94,49.9,2026-07-31,3,False
BEP,Utilities,Utilities - Renewable,KDJ,KDJ 金叉,None,0.0,0.5525,0.3001,,0.3001,0,713,0.0052,32.66,32.83,33.0,32.33,2026-07-30,3,False
KEP,Utilities,Utilities - Regulated Electric,KDJ,KDJ 金叉,None,0.0,0.5525,0.3001,,0.3001,0,713,0.0052,12.11,12.17,12.24,11.99,2026-07-30,3,False
NWS,Communication Services,Entertainment,MACD,MACD 金叉 (多頭區),None,0.0,0.68,0.3,0.3,0.3214,10,140,-0.0059,32.64,32.45,32.25,32.31,2026-07-29,3,False
AVB,Real Estate,REIT - Residential,KDJ,KDJ 金叉,None,0.0,0.5525,0.3,0.3,0.2818,20,550,0.0011,192.45,192.66,192.87,190.53,2026-07-29,3,False
DINO,Energy,Oil & Gas Refining & Marketing,BB,價格在 BB 中軌上方,None,0.0,0.425,0.2998,,0.2998,0,5768,-0.0016,91.47,91.32,91.18,90.56,2026-07-31,3,False
AS,Consumer Discretionary,Leisure,RSI,RSI 維持強勢 (50-70),None,0.0,0.51,0.2995,,0.2995,0,10441,0.0032,35.51,35.62,35.74,35.15,2026-07-31,3,False
CASY,Consumer Discretionary,Specialty Retail,RSI,RSI 維持強勢 (50-70),None,0.0,0.51,0.2995,,0.2995,0,10441,0.0032,871.0,873.79,876.57,862.29,2026-07-31,3,False
CCK,Consumer Discretionary,Packaging & Containers,RSI,RSI 維持強勢 (50-70),None,0.0,0.51,0.2995,,0.2995,0,10441,0.0032,117.85,118.23,118.6,116.67,2026-07-31,3,False
PAG,Consumer Discretionary,Auto & Truck Dealerships,RSI,RSI 維持強勢 (50-70),None,0.0,0.51,0.2995,,0.2995,0,10441,0.0032,217.31,218.01,218.7,215.14,2026-07-31,3,False
UNP,Industrials,Railroads,BB,價格在 BB 中軌上方,None,0.0,0.425,0.2992,0.2992,0.295,254,22337,0.0066,292.19,294.12,296.05,289.27,2026-07-29,3,False
WMT,Consumer Staples,Discount Stores,BB,價格在 BB 中軌上方,None,0.0,0.425,0.2991,0.2991,0.2432,341,8891,0.0054,114.22,114.84,115.45,113.08,2026-07-29,3,False
DLR,Real Estate,REIT - Specialty,RSI,RSI 維持強勢 (50-70),None,0.0,0.51,0.299,0.299,0.2509,301,7011,0.0013,188.52,188.77,189.01,186.63,2026-07-31,3,False
AIT,Industrials,Industrial Distribution,RSI,RSI 維持強勢 (50-70),None,0.0,0.51,0.2986,,0.2986,0,19157,0.0036,345.21,346.45,347.7,341.76,2026-07-31,3,False
ARMK,Industrials,Specialty Business Services,RSI,RSI 維持強勢 (50-70),None,0.0,0.51,0.2986,,0.2986,0,19157,0.0036,56.97,57.18,57.38,56.4,2026-07-31,3,False
CNI,Industrials,Railroads,RSI,RSI 維持強勢 (50-70),None,0.0,0.51,0.2986,,0.2986,0,19157,0.0036,127.21,127.67,128.13,125.94,2026-07-31,3,False
CP,Industrials,Railroads,RSI,RSI 維持強勢 (50-70),None,0.0,0.51,0.2986,,0.2986,0,19157,0.0036,91.29,91.62,91.95,90.38,2026-07-29,3,False
DCI,Industrials,Specialty Industrial Machinery,RSI,RSI 維持強勢 (50-70),None,0.0,0.51,0.2986,,0.2986,0,19157,0.0036,94.24,94.58,94.92,93.3,2026-07-31,3,False
GGG,Industrials,Specialty Industrial Machinery,RSI,RSI 維持強勢 (50-70),None,0.0,0.51,0.2986,,0.2986,0,19157,0.0036,79.38,79.67,79.95,78.59,2026-07-31,3,False
GPN,Industrials,Specialty Business Services,RSI,RSI 維持強勢 (50-70),None,0.0,0.51,0.2986,,0.2986,0,19157,0.0036,84.08,84.38,84.69,83.24,2026-07-31,3,False
HEI,Industrials,Aerospace & Defense,RSI,RSI 維持強勢 (50-70),None,0.0,0.51,0.2986,,0.2986,0,19157,0.0036,356.36,357.64,358.93,352.8,2026-07-31,3,False
RBA,Industrials,Specialty Business Services,RSI,RSI 維持強勢 (50-70),None,0.0,0.51,0.2986,,0.2986,0,19157,0.0036,115.2,115.61,116.03,114.05,2026-07-29,3,False
RELX,Industrials,Specialty Business Services,RSI,RSI 維持強勢 (50-70),None,0.0,0.51,0.2986,,0.2986,0,19157,0.0036,35.42,35.55,35.68,35.07,2026-07-31,3,False
ULS,Industrials,Specialty Business Services,RSI,RSI 維持強勢 (50-70),None,0.0,0.51,0.2986,,0.2986,0,19157,0.0036,91.64,91.97,92.3,90.72,2026-07-31,3,False
FPS,Industrials,Electrical Equipment & Parts,RSI,RSI 維持超賣,None,0.0,0.385,0.2983,,0.2983,0,848,0.0072,29.25,29.46,29.67,28.96,2026-07-29,3,False
PAC,Industrials,Airports & Air Services,RSI,RSI 加速上升,None,0.0,0.5525,0.2981,,0.2981,0,11545,0.003,219.58,220.24,220.9,217.38,2026-07-30,3,False
POOL,Industrials,Industrial Distribution,RSI,RSI 加速上升,None,0.0,0.5525,0.2981,,0.2981,0,11545,0.003,190.68,191.25,191.82,188.77,2026-07-30,3,False
RYAAY,Industrials,Airlines,RSI,RSI 加速上升,None,0.0,0.5525,0.2981,,0.2981,0,11545,0.003,58.51,58.69,58.86,57.92,2026-07-31,3,False
PCAR,Industrials,Farm & Heavy Construction Machinery,BB,價格在 BB 中軌上方,None,0.0,0.425,0.2978,0.2978,0.295,272,22337,0.0025,132.68,133.01,133.34,131.35,2026-07-31,3,False
DKS,Consumer Discretionary,Specialty Retail,BB,BB 跌破下軌 (超賣),None,0.0,0.45499999999999996,0.2974,,0.2974,0,733,0.0008,195.91,196.07,196.22,193.95,2026-07-31,3,False
SGI,Consumer Discretionary,"Furnishings, Fixtures & Appliances",BB,BB 跌破下軌 (超賣),None,0.0,0.45499999999999996,0.2974,,0.2974,0,733,0.0008,65.33,65.38,65.43,64.68,2026-07-31,3,False
DOW,Materials,Chemicals,RSI,RSI 上穿 50 中性線,None,0.0,0.4675,0.2973,0.2973,0.3294,37,595,-0.007,30.29,30.08,29.87,29.99,2026-07-31,3,False
TRMB,Information Technology,Scientific & Technical Instruments,RSI,RSI 加速上升,None,0.0,0.5525,0.2971,0.2971,0.3693,138,10688,-0.0007,56.58,56.54,56.5,56.01,2026-07-31,3,False
DOV,Industrials,Specialty Industrial Machinery,KDJ,KDJ 金叉,None,0.0,0.5525,0.2963,0.2963,0.3223,27,2110,0.0011,204.06,204.28,204.51,202.02,2026-07-30,3,False
AGNCM,Real Estate,REIT - Mortgage,KDJ,KDJ 金叉,Consolidation Breakout,0.85,1.0,0.2958,,0.2958,0,71,0.0071,25.04,25.22,25.4,24.79,2026-07-31,3,False
MLI,Industrials,Metal Fabrication,BB,價格在 BB 中軌上方,None,0.0,0.425,0.295,,0.295,0,22337,0.0034,66.41,66.64,66.86,65.75,2026-07-31,3,False
SUNB,Industrials,Rental & Leasing Services,BB,價格在 BB 中軌上方,None,0.0,0.425,0.295,,0.295,0,22337,0.0034,73.41,73.66,73.91,72.68,2026-07-29,3,False
SKM,Communication Services,Telecom Services,BB,BB 中軌向上（上升趨勢）,None,0.0,0.51,0.2943,,0.2943,0,4771,0.0017,29.64,29.69,29.74,29.34,2026-07-29,3,False
RTX,Industrials,Aerospace & Defense,RSI,RSI 加速上升,None,0.0,0.5525,0.2941,0.2941,0.2981,153,11545,0.0045,215.25,216.22,217.19,213.1,2026-07-29,3,False
TDG,Industrials,Aerospace & Defense,RSI,RSI 加速上升,None,0.0,0.5525,0.2937,0.2937,0.2981,143,11545,0.0045,1249.91,1255.53,1261.16,1237.41,2026-07-30,3,False
CET,Financials,Asset Management,MACD,MACD 突破 0 軸,Consolidation Breakout,0.79,1.0,0.2935,,0.2935,0,92,0.0067,53.44,53.8,54.16,52.91,2026-07-31,3,False
ECL,Materials,Specialty Chemicals,RSI,RSI 加速上升,None,0.0,0.5525,0.293,0.293,0.3048,157,3639,0.0065,277.63,279.43,281.24,274.85,2026-07-31,3,False
RJF,Financials,Asset Management,BB,價格在 BB 中軌上方,None,0.0,0.425,0.2929,0.2929,0.2847,297,21689,0.0054,175.98,176.93,177.88,174.22,2026-07-31,3,False
DHR,Health Care,Diagnostics & Research,RSI,RSI 加速上升,None,0.0,0.5525,0.2917,0.2917,0.2803,120,8492,0.002,196.49,196.88,197.28,194.53,2026-07-29,3,False
OXY,Energy,Oil & Gas E&P,RSI,RSI 動能加速（強勢區）,None,0.0,0.51,0.2903,0.2903,0.3265,31,873,-0.0036,57.07,56.86,56.66,56.5,2026-07-31,3,False
COR,Health Care,Medical Distribution,RSI,RSI 加速上升,None,0.0,0.5525,0.2898,0.2898,0.2803,176,8492,0.0022,318.61,319.31,320.01,315.42,2026-07-29,3,False
PHM,Consumer Discretionary,Residential Construction,RSI,RSI 加速上升,None,0.0,0.5525,0.2895,0.2895,0.3117,152,6796,0.006,132.31,133.1,133.9,130.99,2026-07-29,3,False
AKAM,Information Technology,Software - Infrastructure,BB,價格在 BB 中軌上方,None,0.0,0.425,0.2892,0.2892,0.3573,249,20206,-0.0001,113.75,113.74,113.73,112.61,2026-07-30,3,False
PYPL,Financials,Credit Services,BB,價格在 BB 中軌上方,None,0.0,0.425,0.2888,0.2888,0.2847,232,21689,-0.0086,57.21,56.72,56.23,56.64,2026-07-31,3,False
ABBV,Health Care,Drug Manufacturers - General,BB,BB 中軌向上（上升趨勢）,None,0.0,0.51,0.2876,0.2876,0.2705,226,10885,0.006,250.94,252.45,253.95,248.43,2026-07-31,3,False
AJG,Financials,Insurance Brokers,RSI,RSI 維持強勢 (50-70),None,0.0,0.51,0.2872,0.2872,0.2842,282,19108,0.0011,249.42,249.69,249.97,246.93,2026-07-31,3,False
ADSK,Information Technology,Software - Application,RSI,RSI 加速上升,None,0.0,0.5525,0.2868,0.2868,0.3693,129,10688,-0.004,234.97,234.03,233.09,232.62,2026-07-30,3,False
BBY,Consumer Discretionary,Specialty Retail,RSI,RSI 維持強勢 (50-70),None,0.0,0.51,0.2865,0.2865,0.2995,178,10441,-0.0045,86.26,85.87,85.48,85.4,2026-07-31,3,False
RPM,Materials,Specialty Chemicals,RSI,RSI 維持強勢 (50-70),None,0.0,0.51,0.286,,0.286,0,5721,0.0013,107.07,107.21,107.35,106.0,2026-07-31,3,False
AMRZ,Materials,Building Materials,BB,價格在 BB 中軌上方,None,0.0,0.425,0.2859,,0.2859,0,6697,0.0007,49.6,49.63,49.67,49.1,2026-07-30,3,False
PAAS,Materials,Gold,BB,價格在 BB 中軌上方,None,0.0,0.425,0.2859,,0.2859,0,6697,0.0007,44.03,44.06,44.09,43.59,2026-07-30,3,False
CME,Financials,Financial Data & Stock Exchanges,BB,BB 中軌向上（上升趨勢）,None,0.0,0.51,0.2857,0.2857,0.2681,224,16575,0.0013,267.79,268.14,268.49,265.11,2026-07-31,3,False
KDP,Consumer Staples,Beverages - Non-Alcoholic,MACD,MACD 金叉 (空頭區),None,0.0,0.42,0.2857,0.2857,0.241,14,473,-0.0023,31.57,31.5,31.42,31.25,2026-07-30,3,False
ALC,Health Care,Medical Instruments & Supplies,KDJ,KDJ 金叉,None,0.0,0.5525,0.2852,,0.2852,0,1536,0.0022,69.65,69.8,69.96,68.95,2026-07-29,3,False
ELAN,Health Care,Drug Manufacturers - Specialty & Generic,KDJ,KDJ 金叉,None,0.0,0.5525,0.2852,,0.2852,0,1536,0.0022,26.39,26.45,26.51,26.13,2026-07-29,3,False
GMAB,Health Care,Biotechnology,KDJ,KDJ 金叉,None,0.0,0.5525,0.2852,,0.2852,0,1536,0.0022,28.87,28.93,29.0,28.58,2026-07-31,3,False
RVMD,Health Care,Biotechnology,KDJ,KDJ 金叉,None,0.0,0.5525,0.2852,,0.2852,0,1536,0.0022,192.17,192.59,193.02,190.25,2026-07-30,3,False
MNST,Consumer Staples,Beverages - Non-Alcoholic,RSI,RSI 維持強勢 (50-70),None,0.0,0.51,0.2852,0.2852,0.2452,263,7574,0.0036,96.38,96.73,97.07,95.42,2026-07-31,3,False
AFG,Financials,Insurance - Property & Casualty,BB,價格在 BB 中軌上方,None,0.0,0.425,0.2847,,0.2847,0,21689,0.0031,141.72,142.16,142.6,140.3,2026-07-31,3,False
ALLY,Financials,Credit Services,BB,價格在 BB 中軌上方,None,0.0,0.425,0.2847,,0.2847,0,21689,0.0031,43.18,43.31,43.45,42.75,2026-07-30,3,False
ARCC,Financials,Asset Management,BB,價格在 BB 中軌上方,None,0.0,0.425,0.2847,,0.2847,0,21689,0.0031,18.83,18.89,18.95,18.64,2026-07-30,3,False
BBDO,Financials,Banks - Regional,BB,價格在 BB 中軌上方,None,0.0,0.425,0.2847,,0.2847,0,21689,0.0031,3.23,3.24,3.25,3.2,2026-07-30,3,False
FHN,Financials,Banks - Regional,BB,價格在 BB 中軌上方,None,0.0,0.425,0.2847,,0.2847,0,21689,0.0031,25.64,25.72,25.8,25.38,2026-07-31,3,False
JEF,Financials,Capital Markets,BB,價格在 BB 中軌上方,None,0.0,0.425,0.2847,,0.2847,0,21689,0.0031,55.09,55.26,55.43,54.54,2026-07-30,3,False
MFC,Financials,Insurance - Life,BB,價格在 BB 中軌上方,None,0.0,0.425,0.2847,,0.2847,0,21689,0.0031,44.44,44.58,44.72,44.0,2026-07-31,3,False
NU,Financials,Banks - Regional,BB,價格在 BB 中軌上方,None,0.0,0.425,0.2847,,0.2847,0,21689,0.0031,14.33,14.37,14.42,14.19,2026-07-31,3,False
RGA,Financials,Insurance - Reinsurance,BB,價格在 BB 中軌上方,None,0.0,0.425,0.2847,,0.2847,0,21689,0.0031,236.85,237.58,238.32,234.48,2026-07-31,3,False
RIOT,Financials,Capital Markets,BB,價格在 BB 中軌上方,None,0.0,0.425,0.2847,,0.2847,0,21689,0.0031,22.12,22.19,22.26,21.9,2026-07-30,3,False
SF,Financials,Capital Markets,BB,價格在 BB 中軌上方,None,0.0,0.425,0.2847,,0.2847,0,21689,0.0031,82.91,83.17,83.42,82.08,2026-07-31,3,False
WTFC,Financials,Banks - Regional,BB,價格在 BB 中軌上方,None,0.0,0.425,0.2847,,0.2847,0,21689,0.0031,159.54,160.03,160.53,157.94,2026-07-31,3,False
PM,Consumer Staples,Tobacco,RSI,RSI 維持強勢 (50-70),None,0.0,0.51,0.284,0.284,0.2452,250,7574,0.002,190.82,191.2,191.58,188.91,2026-07-31,3,False
CR,Industrials,Specialty Industrial Machinery,BB,BB 跌破下軌 (超賣),None,0.0,0.45499999999999996,0.2838,,0.2838,0,1258,0.0043,206.73,207.62,208.51,204.66,2026-07-29,3,False
CRS,Industrials,Metal Fabrication,BB,BB 跌破下軌 (超賣),None,0.0,0.45499999999999996,0.2838,,0.2838,0,1258,0.0043,503.71,505.88,508.04,498.67,2026-07-30,3,False
FDXF,Industrials,Integrated Freight & Logistics,BB,BB 跌破下軌 (超賣),None,0.0,0.45499999999999996,0.2838,,0.2838,0,1258,0.0043,137.55,138.14,138.73,136.17,2026-07-30,3,False
IFF,Materials,Specialty Chemicals,RSI,RSI 維持強勢 (50-70),None,0.0,0.51,0.2828,0.2828,0.286,244,5721,-0.0019,79.22,79.07,78.92,78.43,2026-07-31,3,False
MSI,Information Technology,Communication Equipment,BB,BB 中軌向上（上升趨勢）,None,0.0,0.51,0.2821,0.2821,0.3639,234,16781,0.0045,435.75,437.71,439.67,431.39,2026-07-31,3,False
AGNCZ,Real Estate,REIT - Mortgage,KDJ,KDJ 金叉,None,0.0,0.5525,0.2818,,0.2818,0,550,0.0003,25.3,25.31,25.32,25.05,2026-07-29,3,False
AMH,Real Estate,REIT - Residential,KDJ,KDJ 金叉,None,0.0,0.5525,0.2818,,0.2818,0,550,0.0003,33.42,33.43,33.44,33.09,2026-07-31,3,False
BEKE,Real Estate,Real Estate Services,KDJ,KDJ 金叉,None,0.0,0.5525,0.2818,,0.2818,0,550,0.0003,16.99,17.0,17.0,16.82,2026-07-30,3,False
BPYPN,Real Estate,Real Estate Services,KDJ,KDJ 金叉,None,0.0,0.5525,0.2818,,0.2818,0,550,0.0003,13.94,13.94,13.95,13.8,2026-07-31,3,False
ALLE,Industrials,Security & Protection Services,RSI,RSI 維持強勢 (50-70),None,0.0,0.51,0.2814,0.2814,0.2986,199,19157,0.0036,157.4,157.97,158.53,155.83,2026-07-31,3,False
DE,Industrials,Farm & Heavy Construction Machinery,BB,價格在 BB 中軌上方,None,0.0,0.425,0.2812,0.2812,0.295,224,22337,0.0017,610.95,611.99,613.03,604.84,2026-07-29,3,False
COO,Health Care,Medical Instruments & Supplies,RSI,RSI 加速上升,None,0.0,0.5525,0.2808,0.2808,0.2803,146,8492,-0.0015,72.32,72.21,72.1,71.6,2026-07-31,3,False
ARGX,Health Care,Biotechnology,BB,價格在 BB 中軌上方,None,0.0,0.425,0.2804,,0.2804,0,14417,0.0008,872.58,873.28,873.98,863.85,2026-07-30,3,False
ARWR,Health Care,Biotechnology,BB,價格在 BB 中軌上方,None,0.0,0.425,0.2804,,0.2804,0,14417,0.0008,84.65,84.72,84.79,83.8,2026-07-31,3,False
ASND,Health Care,Biotechnology,BB,價格在 BB 中軌上方,None,0.0,0.425,0.2804,,0.2804,0,14417,0.0008,251.07,251.27,251.47,248.56,2026-07-30,3,False
AZN,Health Care,Drug Manufacturers - General,BB,價格在 BB 中軌上方,None,0.0,0.425,0.2804,,0.2804,0,14417,0.0008,171.34,171.48,171.61,169.63,2026-07-30,3,False
BBIO,Health Care,Biotechnology,BB,價格在 BB 中軌上方,None,0.0,0.425,0.2804,,0.2804,0,14417,0.0008,83.54,83.61,83.67,82.7,2026-07-29,3,False
BMRN,Health Care,Biotechnology,BB,價格在 BB 中軌上方,None,0.0,0.425,0.2804,,0.2804,0,14417,0.0008,60.02,60.07,60.12,59.42,2026-07-31,3,False
BRKRP,Health Care,Medical Devices,BB,價格在 BB 中軌上方,None,0.0,0.425,0.2804,,0.2804,0,14417,0.0008,466.9,467.27,467.65,462.23,2026-07-31,3,False
EHC,Health Care,Medical Care Facilities,BB,價格在 BB 中軌上方,None,0.0,0.425,0.2804,,0.2804,0,14417,0.0008,113.8,113.89,113.98,112.66,2026-07-29,3,False
EXEL,Health Care,Biotechnology,BB,價格在 BB 中軌上方,None,0.0,0.425,0.2804,,0.2804,0,14417,0.0008,55.97,56.01,56.06,55.41,2026-07-30,3,False
FMS,Health Care,Medical Care Facilities,BB,價格在 BB 中軌上方,None,0.0,0.425,0.2804,,0.2804,0,14417,0.0008,25.7,25.72,25.74,25.44,2026-07-30,3,False
GMED,Health Care,Medical Devices,BB,價格在 BB 中軌上方,None,0.0,0.425,0.2804,,0.2804,0,14417,0.0008,78.79,78.85,78.92,78.0,2026-07-31,3,False
GSK,Health Care,Drug Manufacturers - General,BB,價格在 BB 中軌上方,None,0.0,0.425,0.2804,,0.2804,0,14417,0.0008,53.22,53.26,53.31,52.69,2026-07-29,3,False
JAZZ,Health Care,Biotechnology,BB,價格在 BB 中軌上方,None,0.0,0.425,0.2804,,0.2804,0,14417,0.0008,252.86,253.06,253.26,250.33,2026-07-31,3,False
KRYS,Health Care,Biotechnology,BB,價格在 BB 中軌上方,None,0.0,0.425,0.2804,,0.2804,0,14417,0.0008,366.85,367.14,367.44,363.18,2026-07-30,3,False
MEDP,Health Care,Diagnostics & Research,BB,價格在 BB 中軌上方,None,0.0,0.425,0.2804,,0.2804,0,14417,0.0008,577.11,577.57,578.03,571.34,2026-07-31,3,False
NVS,Health Care,Drug Manufacturers - General,BB,價格在 BB 中軌上方,None,0.0,0.425,0.2804,,0.2804,0,14417,0.0008,156.15,156.27,156.4,154.59,2026-07-31,3,False
ONC,Health Care,Biotechnology,BB,價格在 BB 中軌上方,None,0.0,0.425,0.2804,,0.2804,0,14417,0.0008,316.01,316.26,316.52,312.85,2026-07-31,3,False
RPRX,Health Care,Biotechnology,BB,價格在 BB 中軌上方,None,0.0,0.425,0.2804,,0.2804,0,14417,0.0008,58.43,58.48,58.52,57.85,2026-07-31,3,False
SNN,Health Care,Medical Devices,BB,價格在 BB 中軌上方,None,0.0,0.425,0.2804,,0.2804,0,14417,0.0008,31.56,31.59,31.61,31.24,2026-07-31,3,False
SNY,Health Care,Drug Manufacturers - General,BB,價格在 BB 中軌上方,None,0.0,0.425,0.2804,,0.2804,0,14417,0.0008,44.85,44.89,44.92,44.4,2026-07-29,3,False
THC,Health Care,Medical Care Facilities,BB,價格在 BB 中軌上方,None,0.0,0.425,0.2804,,0.2804,0,14417,0.0008,254.78,254.98,255.19,252.23,2026-07-31,3,False
CRSP,Health Care,Biotechnology,RSI,RSI 加速上升,None,0.0,0.5525,0.2803,,0.2803,0,8492,-0.0001,47.99,47.99,47.98,47.51,2026-07-31,3,False
PHG,Health Care,Medical Devices,RSI,RSI 加速上升,None,0.0,0.5525,0.2803,,0.2803,0,8492,-0.0001,26.44,26.44,26.43,26.18,2026-07-30,3,False
RDY,Health Care,Drug Manufacturers - Specialty & Generic,RSI,RSI 加速上升,None,0.0,0.5525,0.2803,,0.2803,0,8492,-0.0001,11.76,11.76,11.76,11.64,2026-07-29,3,False
SWK,Industrials,Tools & Accessories,RSI,RSI 動能加速（強勢區）,None,0.0,0.51,0.2794,,0.2794,0,315,0.0005,95.55,95.6,95.65,94.59,2026-07-30,3,True
CNC,Health Care,Healthcare Plans,BB,BB 跌破下軌 (超賣),None,0.0,0.45499999999999996,0.2778,0.2778,0.2752,18,974,0.0089,60.84,61.38,61.92,60.23,2026-07-30,3,False
ROST,Consumer Discretionary,Apparel Retail,BB,價格在 BB 中軌上方,None,0.0,0.425,0.2765,0.2765,0.2984,311,12430,0.0058,251.07,252.53,253.98,248.56,2026-07-31,3,False
LHX,Industrials,Aerospace & Defense,BB,BB 中軌向上（上升趨勢）,None,0.0,0.51,0.2763,0.2763,0.2929,228,17460,0.0039,297.53,298.69,299.85,294.55,2026-07-29,3,False
NOC,Industrials,Aerospace & Defense,BB,價格在 BB 中軌上方,None,0.0,0.425,0.276,0.276,0.295,250,22337,0.0053,542.48,545.36,548.23,537.06,2026-07-31,3,False
SCHW,Financials,Capital Markets,RSI,RSI 維持強勢 (50-70),None,0.0,0.51,0.2757,0.2757,0.2842,272,19108,0.0013,105.24,105.38,105.51,104.19,2026-07-31,3,False
PNR,Industrials,Specialty Industrial Machinery,RSI,RSI 加速上升,None,0.0,0.5525,0.2756,0.2756,0.2981,156,11545,0.0015,65.44,65.54,65.64,64.79,2026-07-31,3,False
MO,Consumer Staples,Tobacco,RSI,RSI 維持強勢 (50-70),None,0.0,0.51,0.2753,0.2753,0.2452,247,7574,0.0017,74.92,75.05,75.17,74.17,2026-07-29,3,False
VRTX,Health Care,Biotechnology,RSI,RSI 加速上升,None,0.0,0.5525,0.275,0.275,0.2803,120,8492,0.0035,483.33,485.02,486.71,478.5,2026-07-29,3,False
PSA,Real Estate,REIT - Industrial,RSI,RSI 加速上升,None,0.0,0.5525,0.2698,0.2698,0.2327,126,4401,-0.0004,329.44,329.31,329.18,326.15,2026-07-29,3,False
EW,Health Care,Medical Devices,RSI,RSI 上穿 50 中性線,None,0.0,0.4675,0.2692,0.2692,0.3144,26,1323,0.0067,86.92,87.5,88.08,86.05,2026-07-30,3,False
CI,Health Care,Healthcare Plans,RSI,RSI 維持強勢 (50-70),None,0.0,0.51,0.269,0.269,0.2772,171,12123,0.0004,296.47,296.59,296.71,293.51,2026-07-29,3,False
SYY,Consumer Staples,Food Distribution,BB,BB 中軌向上（上升趨勢）,None,0.0,0.51,0.269,0.269,0.2466,171,6128,0.0069,85.24,85.83,86.42,84.39,2026-07-31,3,False
BRO,Financials,Insurance Brokers,RSI,RSI 維持強勢 (50-70),None,0.0,0.51,0.2686,0.2686,0.2842,242,19108,0.0031,70.4,70.62,70.84,69.7,2026-07-31,3,False
KHC,Consumer Staples,Packaged Foods,BB,價格在 BB 中軌上方,None,0.0,0.425,0.2682,0.2682,0.2432,179,8891,-0.0012,25.85,25.82,25.79,25.59,2026-07-31,3,False
PS,Financials,Asset Management,BB,BB 中軌向上（上升趨勢）,None,0.0,0.51,0.2681,,0.2681,0,16575,0.0026,33.28,33.37,33.45,32.95,2026-07-31,3,False
RMD,Health Care,Medical Instruments & Supplies,RSI,RSI 維持強勢 (50-70),None,0.0,0.51,0.268,0.268,0.2772,194,12123,-0.0031,210.98,210.33,209.67,208.87,2026-07-31,3,False
KIM,Real Estate,REIT - Retail,BB,BB 中軌向上（上升趨勢）,None,0.0,0.51,0.2674,0.2674,0.2647,187,5713,0.0031,25.51,25.59,25.67,25.25,2026-07-30,3,False
EXPD,Industrials,Integrated Freight & Logistics,BB,BB 中軌向上（上升趨勢）,None,0.0,0.51,0.2673,0.2673,0.2929,202,17460,0.003,167.89,168.39,168.9,166.21,2026-07-31,3,False
ORLY,Consumer Discretionary,Auto Parts,RSI,RSI 加速上升,None,0.0,0.5525,0.2672,0.2672,0.3117,131,6796,0.0011,90.63,90.73,90.83,89.72,2026-07-29,3,False
LOW,Consumer Discretionary,Home Improvement Retail,RSI,RSI 維持強勢 (50-70),None,0.0,0.51,0.267,0.267,0.2995,206,10441,0.0003,215.68,215.74,215.81,213.52,2026-07-29,3,False
USB,Financials,Banks - Regional,RSI,RSI 維持強勢 (50-70),None,0.0,0.51,0.2664,0.2664,0.2842,214,19108,0.0019,63.01,63.13,63.25,62.38,2026-07-31,3,False
MDT,Health Care,Medical Devices,RSI,RSI 加速上升,None,0.0,0.5525,0.2653,0.2653,0.2803,147,8492,0.0022,85.71,85.9,86.09,84.85,2026-07-30,3,False
AGNC,Real Estate,REIT - Mortgage,BB,BB 中軌向上（上升趨勢）,None,0.0,0.51,0.2647,,0.2647,0,5713,0.0025,10.66,10.69,10.71,10.55,2026-07-31,3,False
BPYPP,Real Estate,Real Estate Services,BB,BB 中軌向上（上升趨勢）,None,0.0,0.51,0.2647,,0.2647,0,5713,0.0025,16.0,16.04,16.08,15.84,2026-07-31,3,False
ELS,Real Estate,REIT - Residential,BB,BB 中軌向上（上升趨勢）,None,0.0,0.51,0.2647,,0.2647,0,5713,0.0025,65.53,65.69,65.86,64.87,2026-07-30,3,False
OHI,Real Estate,REIT - Healthcare Facilities,BB,BB 中軌向上（上升趨勢）,None,0.0,0.51,0.2647,,0.2647,0,5713,0.0025,50.63,50.76,50.88,50.12,2026-07-31,3,False
SUI,Real Estate,REIT - Residential,BB,BB 中軌向上（上升趨勢）,None,0.0,0.51,0.2647,,0.2647,0,5713,0.0025,123.48,123.79,124.1,122.25,2026-07-31,3,False
WPC,Real Estate,REIT - Diversified,BB,BB 中軌向上（上升趨勢）,None,0.0,0.51,0.2647,,0.2647,0,5713,0.0025,73.6,73.78,73.97,72.86,2026-07-31,3,False
AZO,Consumer Discretionary,Auto Parts,BB,價格在 BB 中軌上方,None,0.0,0.425,0.2647,0.2647,0.2984,238,12430,-0.0002,3006.5701,3005.97,3005.37,2976.5,2026-07-30,3,False
SJM,Consumer Staples,Packaged Foods,BB,BB 中軌向上（上升趨勢）,None,0.0,0.51,0.2645,0.2645,0.2466,121,6128,0.006,119.26,119.98,120.69,118.07,2026-07-31,3,False
AMGN,Health Care,Drug Manufacturers - General,RSI,RSI 維持強勢 (50-70),None,0.0,0.51,0.2639,0.2639,0.2772,216,12123,0.0032,385.16,386.39,387.63,381.31,2026-07-31,3,False
JNJ,Health Care,Drug Manufacturers - General,RSI,RSI 加速上升,None,0.0,0.5525,0.2638,0.2638,0.2803,163,8492,0.0063,265.53,267.2,268.88,262.87,2026-07-29,3,False
VRSN,Information Technology,Software - Infrastructure,BB,BB 中軌向上（上升趨勢）,None,0.0,0.51,0.2636,0.2636,0.3639,239,16781,-0.0001,290.02,289.99,289.96,287.12,2026-07-31,3,False
ON,Information Technology,Semiconductors,BB,BB 跌破下軌 (超賣),None,0.0,0.45499999999999996,0.2632,0.2632,0.3447,19,1001,-0.0294,78.86,76.54,74.22,78.07,2026-07-29,3,False
T,Communication Services,Telecom Services,BB,BB 中軌向上（上升趨勢）,None,0.0,0.51,0.2597,0.2597,0.2943,231,4771,-0.0014,23.25,23.22,23.18,23.02,2026-07-31,3,False
CPRT,Industrials,Specialty Business Services,RSI,RSI 維持強勢 (50-70),None,0.0,0.51,0.2593,0.2593,0.2986,189,19157,-0.0016,29.12,29.07,29.03,28.83,2026-07-31,3,False
PGR,Financials,Insurance - Property & Casualty,BB,價格在 BB 中軌上方,None,0.0,0.425,0.2593,0.2593,0.2847,297,21689,0.0037,219.99,220.8,221.62,217.79,2026-07-29,3,False
DGX,Health Care,Diagnostics & Research,RSI,RSI 加速上升,None,0.0,0.5525,0.259,0.259,0.2803,139,8492,0.0023,235.22,235.76,236.3,232.87,2026-07-29,3,False
ICE,Financials,Financial Data & Stock Exchanges,RSI,RSI 維持強勢 (50-70),None,0.0,0.51,0.258,0.258,0.2842,283,19108,0.005,152.48,153.24,154.0,150.96,2026-07-31,3,False
PRU,Financials,Insurance - Life,RSI,RSI 加速上升,None,0.0,0.5525,0.2579,0.2579,0.3014,159,11488,-0.0002,122.77,122.75,122.72,121.54,2026-07-30,3,False
ITW,Industrials,Specialty Industrial Machinery,RSI,RSI 加速上升,None,0.0,0.5525,0.2576,0.2576,0.2981,132,11545,0.0023,292.45,293.12,293.8,289.53,2026-07-29,3,False
BIP,Utilities,Utilities - Diversified,RSI,RSI 加速上升,None,0.0,0.5525,0.2565,,0.2565,0,4905,0.0041,42.62,42.79,42.97,42.19,2026-07-29,3,False
FMX,Consumer Staples,Beverages - Brewers,RSI,RSI 上穿 50 中性線,None,0.0,0.4675,0.2565,,0.2565,0,928,0.0005,127.99,128.05,128.12,126.71,2026-07-31,3,False
CL,Consumer Staples,Household & Personal Products,RSI,RSI 加速上升,None,0.0,0.5525,0.2564,0.2564,0.2439,156,5343,0.0014,93.49,93.62,93.75,92.56,2026-07-29,3,False
EXC,Utilities,Utilities - Regulated Electric,BB,價格在 BB 中軌上方,None,0.0,0.425,0.2561,0.2561,0.246,285,9864,0.0047,47.03,47.25,47.47,46.56,2026-07-29,3,False
XOM,Energy,Oil & Gas Integrated,BB,BB 中軌向上（上升趨勢）,None,0.0,0.51,0.256,0.256,0.2962,207,4484,-0.0043,155.44,154.77,154.1,153.89,2026-07-31,3,False
CPB,Consumer Staples,Packaged Foods,MACD,MACD 金叉 (多頭區),None,0.0,0.68,0.2554,,0.2554,0,184,-0.0001,22.96,22.96,22.96,22.73,2026-07-29,3,False
HON,Industrials,Conglomerates,BB,BB 中軌向上（上升趨勢）,None,0.0,0.51,0.2552,0.2552,0.2929,192,17460,-0.0004,243.05,242.95,242.86,240.62,2026-07-31,3,False
TSN,Consumer Staples,Farm Products,BB,BB 中軌向上（上升趨勢）,None,0.0,0.51,0.2524,0.2524,0.2466,210,6128,-0.0002,60.65,60.64,60.63,60.04,2026-07-30,3,False
EMA,Utilities,Utilities - Regulated Electric,RSI,RSI 上穿 50 中性線,None,0.0,0.4675,0.2521,,0.2521,0,932,0.0052,53.587,53.87,54.14,53.05,2026-07-30,3,False
BPYPO,Real Estate,Real Estate Services,RSI,RSI 維持強勢 (50-70),None,0.0,0.51,0.2509,,0.2509,0,7011,0.0007,15.22,15.23,15.24,15.07,2026-07-30,3,False
GLPI,Real Estate,REIT - Specialty,RSI,RSI 維持強勢 (50-70),None,0.0,0.51,0.2509,,0.2509,0,7011,0.0007,46.01,46.04,46.07,45.55,2026-07-29,3,False
FDS,Financials,Financial Data & Stock Exchanges,RSI,RSI 加速上升,None,0.0,0.5525,0.25,0.25,0.3014,164,11488,-0.0045,263.03,261.85,260.66,260.4,2026-07-30,3,False
AEE,Utilities,Utilities - Regulated Electric,BB,BB 中軌向上（上升趨勢）,None,0.0,0.51,0.25,0.25,0.3562,12,365,0.0081,109.61,110.5,111.39,108.51,2026-07-31,3,True
AXIA,Utilities,Utilities - Renewable,BB,BB 中軌向上（上升趨勢）,None,0.0,0.51,0.249,,0.249,0,7232,0.0028,10.47,10.5,10.53,10.37,2026-07-31,3,False
WTRG,Utilities,Utilities - Regulated Water,BB,BB 中軌向上（上升趨勢）,None,0.0,0.51,0.249,,0.249,0,7232,0.0028,39.85,39.96,40.07,39.45,2026-07-31,3,False
PFE,Health Care,Drug Manufacturers - General,RSI,RSI 加速上升,None,0.0,0.5525,0.2483,0.2483,0.2803,145,8492,-0.0032,25.01,24.93,24.85,24.76,2026-07-31,3,False
SOMN,Utilities,Utilities - Regulated Electric,RSI,RSI 維持強勢 (50-70),None,0.0,0.51,0.2471,,0.2471,0,8831,0.0029,50.21,50.36,50.5,49.71,2026-07-29,3,False
FAST,Industrials,Industrial Distribution,RSI,RSI 加速上升,None,0.0,0.5525,0.2466,0.2466,0.2981,146,11545,-0.001,47.78,47.73,47.68,47.3,2026-07-29,3,False
BJ,Consumer Staples,Discount Stores,BB,BB 中軌向上（上升趨勢）,None,0.0,0.51,0.2466,,0.2466,0,6128,-0.0003,97.78,97.75,97.72,96.8,2026-07-31,3,False
DEO,Consumer Staples,Beverages - Wineries & Distilleries,BB,BB 中軌向上（上升趨勢）,None,0.0,0.51,0.2466,,0.2466,0,6128,-0.0003,88.06,88.03,88.01,87.18,2026-07-31,3,False
MICC,Consumer Staples,Packaged Foods,BB,BB 中軌向上（上升趨勢）,None,0.0,0.51,0.2466,,0.2466,0,6128,-0.0003,18.61,18.6,18.6,18.42,2026-07-31,3,False
PFGC,Consumer Staples,Food Distribution,BB,BB 中軌向上（上升趨勢）,None,0.0,0.51,0.2466,,0.2466,0,6128,-0.0003,114.39,114.36,114.32,113.25,2026-07-31,3,False
BTI,Consumer Staples,Tobacco,RSI,RSI 維持強勢 (50-70),None,0.0,0.51,0.2452,,0.2452,0,7574,-0.0002,61.69,61.68,61.67,61.07,2026-07-30,3,False
COKE,Consumer Staples,Beverages - Non-Alcoholic,RSI,RSI 維持強勢 (50-70),None,0.0,0.51,0.2452,,0.2452,0,7574,-0.0002,187.9,187.86,187.82,186.02,2026-07-31,3,False
USFD,Consumer Staples,Food Distribution,RSI,RSI 維持強勢 (50-70),None,0.0,0.51,0.2452,,0.2452,0,7574,-0.0002,100.59,100.57,100.55,99.58,2026-07-31,3,False
D,Utilities,Utilities - Regulated Electric,BB,BB 中軌向上（上升趨勢）,None,0.0,0.51,0.2449,0.2449,0.249,196,7232,0.0034,69.73,69.97,70.2,69.03,2026-07-30,3,False
AIG,Financials,Insurance - Diversified,RSI,RSI 維持強勢 (50-70),None,0.0,0.51,0.2437,0.2437,0.2842,279,19108,-0.0001,78.58,78.57,78.56,77.79,2026-07-31,3,False
SYK,Health Care,Medical Devices,RSI,RSI 加速上升,None,0.0,0.5525,0.2434,0.2434,0.2803,152,8492,-0.0002,348.04,347.97,347.9,344.56,2026-07-30,3,False
PG,Consumer Staples,Household & Personal Products,BB,BB 跌破下軌 (超賣),None,0.0,0.45499999999999996,0.2424,0.2424,0.2667,33,705,0.0083,143.96,145.15,146.35,142.52,2026-07-30,3,False
ZTS,Health Care,Drug Manufacturers - Specialty & Generic,BB,價格在 BB 中軌上方,None,0.0,0.425,0.2417,0.2417,0.2804,211,14417,-0.0048,77.29,76.92,76.55,76.52,2026-07-31,3,False
ACN,Information Technology,Information Technology Services,RSI,RSI 加速上升,None,0.0,0.5525,0.24,0.24,0.3693,150,10688,-0.0042,163.29,162.6,161.92,161.66,2026-07-30,3,False
HIG,Financials,Insurance - Diversified,BB,價格在 BB 中軌上方,None,0.0,0.425,0.2386,0.2386,0.2847,352,21689,0.0002,141.91,141.94,141.97,140.49,2026-07-31,3,False
MCK,Health Care,Medical Distribution,BB,BB 中軌向上（上升趨勢）,None,0.0,0.51,0.2377,0.2377,0.2705,265,10885,0.0036,856.19,859.27,862.35,847.63,2026-07-31,3,False
MAA,Real Estate,REIT - Residential,RSI,RSI 維持強勢 (50-70),None,0.0,0.51,0.237,0.237,0.2509,211,7011,0.0016,137.38,137.6,137.82,136.01,2026-07-29,3,False
ABT,Health Care,Medical Devices,BB,價格在 BB 中軌上方,None,0.0,0.425,0.2353,0.2353,0.2804,221,14417,-0.0011,105.7,105.58,105.47,104.64,2026-07-31,3,False
KO,Consumer Staples,Beverages - Non-Alcoholic,BB,BB 中軌向上（上升趨勢）,None,0.0,0.51,0.2346,0.2346,0.2466,179,6128,0.0053,87.59,88.05,88.52,86.71,2026-07-31,3,False
DUK,Utilities,Utilities - Regulated Electric,RSI,RSI 維持強勢 (50-70),None,0.0,0.51,0.2345,0.2345,0.2471,290,8831,0.0013,129.08,129.25,129.42,127.79,2026-07-29,3,False
SO,Utilities,Utilities - Regulated Electric,RSI,RSI 維持強勢 (50-70),None,0.0,0.51,0.2335,0.2335,0.2471,257,8831,0.0035,96.05,96.39,96.72,95.09,2026-07-29,3,False
TRV,Financials,Insurance - Property & Casualty,RSI,RSI 維持強勢 (50-70),None,0.0,0.51,0.2326,0.2326,0.2842,288,19108,0.0007,374.36,374.62,374.88,370.62,2026-07-31,3,False
ISRG,Health Care,Medical Instruments & Supplies,RSI,RSI 加速上升,None,0.0,0.5525,0.2313,0.2313,0.2803,134,8492,-0.0043,353.33,351.81,350.29,349.8,2026-07-31,3,False
AME,Industrials,Specialty Industrial Machinery,BB,BB 中軌向上（上升趨勢）,None,0.0,0.51,0.2308,0.2308,0.2929,234,17460,0.0045,241.71,242.8,243.89,239.29,2026-07-31,3,False
ROP,Information Technology,Software - Application,RSI,RSI 加速上升,None,0.0,0.5525,0.2297,0.2297,0.3693,148,10688,-0.0037,389.25,387.81,386.37,385.36,2026-07-30,3,False
VLTO,Industrials,Pollution & Treatment Controls,BB,價格在 BB 中軌上方,None,0.0,0.425,0.2292,0.2292,0.295,253,22337,0.0002,94.17,94.19,94.21,93.23,2026-07-31,3,False
UPS,Industrials,Integrated Freight & Logistics,BB,BB 中軌向上（上升趨勢）,None,0.0,0.51,0.2283,0.2283,0.2929,184,17460,-0.006,104.56,103.93,103.31,103.51,2026-07-29,3,False
HBAN,Financials,Banks - Regional,BB,BB 跌破下軌 (超賣),None,0.0,0.45499999999999996,0.2273,0.2273,0.3485,22,1277,-0.0082,16.84,16.7,16.56,16.67,2026-07-29,3,False
TJX,Consumer Discretionary,Apparel Retail,RSI,RSI 維持強勢 (50-70),None,0.0,0.51,0.2269,0.2269,0.2995,335,10441,0.0027,157.34,157.76,158.19,155.77,2026-07-31,3,False
CTAS,Industrials,Specialty Business Services,RSI,RSI 加速上升,None,0.0,0.5525,0.2252,0.2252,0.2981,151,11545,0.0035,216.53,217.29,218.05,214.36,2026-07-29,3,False
CLX,Consumer Staples,Household & Personal Products,BB,價格在 BB 中軌上方,None,0.0,0.425,0.2245,0.2245,0.2432,196,8891,-0.0034,96.73,96.4,96.07,95.76,2026-07-30,3,False
STE,Health Care,Medical Devices,BB,價格在 BB 中軌上方,None,0.0,0.425,0.2235,0.2235,0.2804,170,14417,0.0018,228.4,228.81,229.22,226.12,2026-07-31,3,False
XYL,Industrials,Specialty Industrial Machinery,BB,價格在 BB 中軌上方,None,0.0,0.425,0.2203,0.2203,0.295,295,22337,0.0025,116.97,117.26,117.55,115.8,2026-07-31,3,False
OTIS,Industrials,Specialty Industrial Machinery,RSI,RSI 加速上升,None,0.0,0.5525,0.2201,0.2201,0.2981,159,11545,-0.0005,73.36,73.32,73.29,72.63,2026-07-29,3,False
CB,Financials,Insurance - Property & Casualty,RSI,RSI 加速上升,None,0.0,0.5525,0.2183,0.2183,0.3014,142,11488,0.004,361.9,363.35,364.8,358.28,2026-07-29,3,False
NDSN,Industrials,Specialty Industrial Machinery,BB,價格在 BB 中軌上方,None,0.0,0.425,0.2164,0.2164,0.295,268,22337,-0.0002,297.78,297.72,297.66,294.8,2026-07-31,3,False
SPGI,Financials,Financial Data & Stock Exchanges,RSI,RSI 維持強勢 (50-70),None,0.0,0.51,0.2158,0.2158,0.2842,278,19108,0.0011,411.93,412.38,412.84,407.81,2026-07-31,3,False
ZBH,Health Care,Medical Devices,RSI,RSI 維持強勢 (50-70),None,0.0,0.51,0.2156,0.2156,0.2772,167,12123,-0.0047,93.93,93.49,93.05,92.99,2026-07-31,3,False
AFL,Financials,Insurance - Life,BB,價格在 BB 中軌上方,None,0.0,0.425,0.2149,0.2149,0.2847,363,21689,0.0016,127.48,127.68,127.89,126.21,2026-07-31,3,False
CSGP,Real Estate,Real Estate Services,RSI,RSI 加速上升,Support,0.8,1.0,0.2143,,,0,0,0.0049,29.83,29.98,30.12,29.53,2026-07-29,3,True
VICI,Real Estate,REIT - Diversified,RSI,RSI 維持強勢 (50-70),None,0.0,0.51,0.2126,0.2126,0.2509,207,7011,0.0012,27.13,27.16,27.2,26.86,2026-07-29,3,False
LYB,Materials,Specialty Chemicals,RSI,RSI 上穿 50 中性線,None,0.0,0.4675,0.2121,0.2121,0.3294,33,595,0.0009,60.49,60.54,60.6,59.89,2026-07-29,3,False
DPZ,Consumer Discretionary,Restaurants,RSI,RSI 維持強勢 (50-70),None,0.0,0.51,0.2114,0.2114,0.2995,175,10441,-0.0007,347.44,347.2,346.95,343.97,2026-07-31,3,False
L,Financials,Insurance - Property & Casualty,RSI,RSI 加速上升,None,0.0,0.5525,0.2105,0.2105,0.3014,152,11488,0.0029,118.94,119.28,119.63,117.75,2026-07-29,3,False
WRB,Financials,Insurance - Property & Casualty,RSI,RSI 維持強勢 (50-70),None,0.0,0.51,0.2083,0.2083,0.2842,288,19108,0.0013,72.54,72.63,72.73,71.81,2026-07-31,3,False
ALL,Financials,Insurance - Property & Casualty,RSI,RSI 維持強勢 (50-70),None,0.0,0.51,0.208,0.208,0.2842,226,19108,-0.0006,264.08,263.92,263.76,261.44,2026-07-31,3,False
KR,Consumer Staples,Grocery Stores,RSI,RSI 加速上升,None,0.0,0.5525,0.2069,0.2069,0.2439,145,5343,0.0,57.86,57.86,57.86,57.28,2026-07-30,3,False
WST,Health Care,Medical Instruments & Supplies,BB,價格在 BB 中軌上方,None,0.0,0.425,0.2047,0.2047,0.2804,254,14417,-0.0029,340.96,339.97,338.98,337.55,2026-07-31,3,False
VZ,Communication Services,Telecom Services,BB,價格在 BB 中軌上方,None,0.0,0.425,0.2046,0.2046,0.3007,259,6080,0.0019,46.81,46.9,46.99,46.34,2026-07-31,3,False
O,Real Estate,REIT - Retail,RSI,RSI 維持強勢 (50-70),None,0.0,0.51,0.2041,0.2041,0.2509,245,7011,0.0004,64.159,64.18,64.21,63.52,2026-07-30,3,False
GPC,Consumer Discretionary,Auto Parts,RSI,RSI 加速上升,None,0.0,0.5525,0.2038,0.2038,0.3117,157,6796,-0.0061,129.98,129.19,128.39,128.68,2026-07-29,3,False
MRK,Health Care,Drug Manufacturers - General,RSI,RSI 維持強勢 (50-70),None,0.0,0.51,0.2017,0.2017,0.2772,233,12123,-0.0043,130.2,129.64,129.08,128.9,2026-07-31,3,False
CNP,Utilities,Utilities - Regulated Electric,BB,BB 跌破下軌 (超賣),None,0.0,0.45499999999999996,0.2,0.2,0.4104,5,441,0.0102,42.15,42.58,43.01,41.73,2026-07-30,3,False
BDX,Health Care,Medical Instruments & Supplies,BB,BB 中軌向上（上升趨勢）,None,0.0,0.51,0.1948,0.1948,0.2705,154,10885,-0.0017,165.62,165.34,165.06,163.96,2026-07-31,3,False
SNA,Industrials,Tools & Accessories,BB,BB 中軌向上（上升趨勢）,None,0.0,0.51,0.1944,0.1944,0.2929,216,17460,0.0,410.41,410.41,410.41,406.31,2026-07-31,3,False
NVR,Consumer Discretionary,Residential Construction,RSI,RSI 加速上升,None,0.0,0.5525,0.1938,0.1938,0.3117,129,6796,-0.0052,6288.6802,6255.98,6223.28,6225.79,2026-07-30,3,False
MCD,Consumer Discretionary,Restaurants,BB,價格在 BB 中軌上方,None,0.0,0.425,0.1894,0.1894,0.2984,264,12430,0.0029,271.52,272.31,273.09,268.8,2026-07-29,3,False
REG,Real Estate,REIT - Retail,BB,價格在 BB 中軌上方,None,0.0,0.425,0.186,0.186,0.248,301,8032,-0.0007,81.11,81.05,81.0,80.3,2026-07-29,3,False
CHD,Consumer Staples,Household & Personal Products,RSI,RSI 維持強勢 (50-70),None,0.0,0.51,0.1818,0.1818,0.3092,11,262,-0.0049,97.68,97.2,96.72,96.7,2026-07-30,3,True
GD,Industrials,Aerospace & Defense,RSI,RSI 維持強勢 (50-70),None,0.0,0.51,0.1812,0.1812,0.2986,320,19157,0.0031,383.42,384.61,385.8,379.59,2026-07-31,3,False
SPG,Real Estate,REIT - Retail,RSI,RSI 維持強勢 (50-70),None,0.0,0.51,0.1805,0.1805,0.2509,277,7011,-0.0007,229.37,229.21,229.05,227.08,2026-07-31,3,False
YUM,Consumer Discretionary,Restaurants,BB,價格在 BB 中軌上方,None,0.0,0.425,0.1789,0.1789,0.2984,218,12430,-0.0015,153.28,153.05,152.82,151.75,2026-07-31,3,False
INVH,Real Estate,REIT - Residential,RSI,RSI 維持強勢 (50-70),None,0.0,0.51,0.1699,0.1699,0.2509,206,7011,-0.0046,30.11,29.97,29.83,29.81,2026-07-29,3,False
PEP,Consumer Staples,Beverages - Non-Alcoholic,RSI,RSI 加速上升,None,0.0,0.5525,0.1691,0.1691,0.2439,136,5343,0.0006,139.56,139.64,139.73,138.16,2026-07-31,3,False
DTE,Utilities,Utilities - Regulated Electric,BB,BB 跌破下軌 (超賣),None,0.0,0.45499999999999996,0.1667,0.1667,0.4104,12,441,-0.0011,141.7,141.54,141.39,140.28,2026-07-30,3,False
WEC,Utilities,Utilities - Regulated Electric,BB,BB 跌破下軌 (超賣),None,0.0,0.45499999999999996,0.1538,0.1538,0.4104,13,441,-0.0055,109.42,108.82,108.22,108.33,2026-07-31,3,False
