symbol,sector,subsector,indicator,signal,pattern,pattern_conf,confidence,win_rate,win_rate_stock,win_rate_sector,stock_n,sector_n,avg_return,price,tp1_price,tp2_price,sl_price,date,tier,volume_confirmed
BKR,Energy,Oil & Gas Equipment & Services,BB,BB 中軌向上（上升趨勢）,Morning Star,0.8,1.0,0.5571,,0.5571,0,70,0.0272,62.11,63.8,65.49,61.49,2026-08-27,1,False
XOM,Energy,Oil & Gas Integrated,BB,BB 中軌向上（上升趨勢）,Morning Star,0.8,1.0,0.5571,,0.5571,0,70,0.0272,156.71,160.97,165.24,155.14,2026-08-28,1,False
ASND,Health Care,Biotechnology,RSI,RSI 上穿 50 中性線,Bullish Engulfing,0.75,1.0,0.5,,0.5,0,6,-0.0138,263.04,259.41,255.78,260.41,2026-08-31,1,True
PODD,Health Care,Medical Devices,BB,價格在 BB 中軌上方,None,0.0,0.425,0.8462,0.8462,0.365,13,715,0.0601,148.66,157.59,166.53,147.17,2026-08-31,2,True
VEEV,Health Care,Health Information Services,BB,BB 中軌向上（上升趨勢）,None,0.0,0.51,0.75,0.75,0.3402,12,579,0.0243,276.69,283.41,290.14,273.92,2026-08-28,2,True
SNDK,Information Technology,Computer Hardware,BB,BB 中軌向上（上升趨勢）,None,0.0,0.51,0.7407,0.7407,0.4238,27,1083,0.0588,1566.7,1658.82,1750.94,1551.03,2026-08-31,2,True
CBOE,Financials,Financial Data & Stock Exchanges,RSI,RSI 維持強勢 (50-70),None,0.0,0.51,0.7273,0.7273,0.3448,11,609,0.0371,300.2,311.34,322.47,297.2,2026-08-31,2,True
LHX,Industrials,Aerospace & Defense,RSI,RSI 加速上升,None,0.0,0.5525,0.7143,0.7143,0.3379,7,651,0.0382,266.25,276.42,286.59,263.59,2026-08-31,2,True
CNC,Health Care,Healthcare Plans,BB,BB 中軌向上（上升趨勢）,None,0.0,0.51,0.7,0.7,0.3402,10,579,0.035,64.34,66.59,68.84,63.7,2026-08-31,2,True
NEM,Materials,Gold,BB,BB 中軌向上（上升趨勢）,None,0.0,0.51,0.6875,0.6875,0.3886,16,229,0.0357,126.06,130.56,135.06,124.8,2026-08-31,2,True
PSX,Energy,Oil & Gas Refining & Marketing,BB,BB 中軌向上（上升趨勢）,None,0.0,0.51,0.6667,0.6667,0.386,12,171,0.0221,246.58,252.03,257.48,244.11,2026-08-31,2,True
APD,Materials,Specialty Chemicals,BB,價格在 BB 中軌上方,None,0.0,0.425,0.6667,0.6667,0.354,6,274,0.0076,309.46,311.81,314.16,306.37,2026-08-31,2,True
CME,Financials,Financial Data & Stock Exchanges,BB,BB 中軌向上（上升趨勢）,None,0.0,0.51,0.6364,0.6364,0.3103,11,754,0.0175,285.5,290.5,295.49,282.64,2026-08-31,2,True
KMI,Energy,Oil & Gas Midstream,KDJ,KDJ 金叉,None,0.0,0.5525,0.6296,,0.6296,0,27,0.0284,32.24,33.16,34.07,31.92,2026-08-31,2,True
SLB,Energy,Oil & Gas Equipment & Services,KDJ,KDJ 金叉,None,0.0,0.5525,0.6296,,0.6296,0,27,0.0284,57.33,58.96,60.59,56.76,2026-08-28,2,True
CRWD,Information Technology,Software - Infrastructure,BB,BB 中軌向上（上升趨勢）,None,0.0,0.51,0.6087,0.6087,0.4238,23,1083,0.0567,231.0,244.1,257.2,228.69,2026-08-31,2,True
ERIE,Financials,Insurance Brokers,RSI,RSI 維持強勢 (50-70),None,0.0,0.51,0.5714,0.5714,0.3448,7,609,0.0498,255.56,268.29,281.01,253.0,2026-08-31,2,True
FOX,Communication Services,Entertainment,RSI,RSI 維持強勢 (50-70),None,0.0,0.51,0.5714,0.5714,0.4128,7,235,0.017,60.22,61.24,62.27,59.62,2026-08-31,2,True
RCL,Consumer Discretionary,Travel Services,BB,BB 跌破下軌 (超賣),None,0.0,0.45499999999999996,0.5556,0.5556,0.3556,9,239,0.0106,268.74,271.59,274.44,266.05,2026-08-31,2,True
SNPS,Information Technology,Software - Infrastructure,BB,BB 中軌向上（上升趨勢）,None,0.0,0.51,0.5455,0.5455,0.4238,11,1083,0.0246,464.89,476.33,487.76,460.24,2026-08-27,2,True
MDT,Health Care,Medical Devices,BB,價格在 BB 中軌上方,None,0.0,0.425,0.5455,0.5455,0.365,11,715,0.0158,90.65,92.08,93.51,89.74,2026-08-31,2,True
FFIV,Information Technology,Software - Infrastructure,RSI,RSI 維持強勢 (50-70),None,0.0,0.51,0.5294,0.5294,0.4471,17,747,0.0225,407.13,416.29,425.45,403.06,2026-08-31,2,True
BG,Consumer Staples,Farm Products,RSI,RSI 維持強勢 (50-70),None,0.0,0.51,0.5,0.5,0.3092,6,262,0.0226,116.21,118.84,121.46,115.05,2026-08-31,2,True
DPZ,Consumer Discretionary,Restaurants,RSI,RSI 維持強勢 (50-70),None,0.0,0.51,0.5,0.5,0.3861,6,360,0.0166,342.06,347.74,353.42,338.64,2026-08-31,2,True
HAL,Energy,Oil & Gas Equipment & Services,RSI,RSI 維持強勢 (50-70),None,0.0,0.51,0.5,0.5,0.411,12,146,0.002,36.85,36.92,37.0,36.48,2026-08-31,2,True
WMB,Energy,Oil & Gas Midstream,BB,BB 中軌向上（上升趨勢）,None,0.0,0.51,0.5,0.5,0.386,10,171,0.0099,75.05,75.79,76.54,74.3,2026-08-31,2,True
AON,Financials,Insurance Brokers,BB,BB 跌破下軌 (超賣),None,0.0,0.45499999999999996,0.5,0.5,0.4057,8,424,0.0267,321.52,330.1,338.69,318.3,2026-08-31,2,True
SRE,Utilities,Utilities - Diversified,BB,BB 跌破下軌 (超賣),None,0.0,0.45499999999999996,0.5,0.5,0.4097,6,144,0.0428,81.7,85.2,88.69,80.88,2026-08-31,2,True
SOLS,Materials,Specialty Chemicals,MACD,MACD 金叉 (空頭區),None,0.0,0.42,0.5,,0.5,0,8,0.0266,63.53,65.22,66.91,62.89,2026-08-28,2,True
L,Financials,Insurance - Property & Casualty,RSI,RSI 超賣區域 (30),None,0.0,0.5249999999999999,0.4831,,0.4831,0,118,0.0179,108.29,110.23,112.17,107.21,2026-08-31,2,True
HPE,Information Technology,Communication Equipment,BB,BB 中軌向上（上升趨勢）,None,0.0,0.51,0.4706,0.4706,0.4238,17,1083,0.002,52.24,52.34,52.45,51.72,2026-08-31,2,True
NOW,Information Technology,Software - Application,KDJ,KDJ 金叉,None,0.0,0.5525,0.4606,,0.4606,0,165,0.01,138.43,139.81,141.2,137.05,2026-08-27,2,True
NVDA,Information Technology,Semiconductors,KDJ,KDJ 金叉,None,0.0,0.5525,0.4606,,0.4606,0,165,0.01,227.98,230.26,232.54,225.7,2026-08-27,2,True
OKTA,Information Technology,Software - Infrastructure,KDJ,KDJ 金叉,None,0.0,0.5525,0.4606,,0.4606,0,165,0.01,172.91,174.64,176.37,171.18,2026-08-27,2,True
RBRK,Information Technology,Software - Infrastructure,KDJ,KDJ 金叉,None,0.0,0.5525,0.4606,,0.4606,0,165,0.01,107.02,108.09,109.16,105.95,2026-08-27,2,True
SWKS,Information Technology,Semiconductors,KDJ,KDJ 金叉,None,0.0,0.5525,0.4606,,0.4606,0,165,0.01,67.01,67.68,68.35,66.34,2026-08-31,2,True
WIT,Information Technology,Information Technology Services,KDJ,KDJ 金叉,None,0.0,0.5525,0.4606,,0.4606,0,165,0.01,1.85,1.87,1.89,1.83,2026-08-31,2,True
EIX,Utilities,Utilities - Regulated Electric,RSI,RSI 超賣區域 (30),None,0.0,0.5249999999999999,0.4545,,0.4545,0,33,0.0084,53.98,54.43,54.89,53.44,2026-08-31,2,True
PCG,Utilities,Utilities - Regulated Electric,RSI,RSI 超賣區域 (30),None,0.0,0.5249999999999999,0.4545,,0.4545,0,33,0.0084,13.27,13.38,13.49,13.14,2026-08-31,2,True
ULTA,Consumer Discretionary,Specialty Retail,MACD,MACD 金叉 (多頭區),None,0.0,0.68,0.4524,,0.4524,0,42,0.0084,540.1,544.64,549.17,534.7,2026-08-27,2,True
ADSK,Information Technology,Software - Application,MACD,MACD 金叉 (多頭區),None,0.0,0.68,0.45,,0.45,0,100,0.0204,270.58,276.1,281.62,267.87,2026-08-27,2,True
MCD,Consumer Discretionary,Restaurants,BB,BB 跌破下軌 (超賣),Support,0.9,1.0,1.0,,1.0,0,5,0.1314,260.06,294.23,328.4,257.46,2026-08-27,3,False
FDS,Financials,Financial Data & Stock Exchanges,KDJ,KDJ 金叉,Support,0.7,1.0,0.8,,,0,0,0.0149,304.47,309.01,313.54,301.43,2026-08-27,3,False
CARR,Industrials,Building Products & Equipment,RSI,RSI 超賣區域 (30),None,0.0,0.5249999999999999,0.8,0.8,0.3086,5,337,0.0278,58.22,59.84,61.46,57.64,2026-08-31,3,False
IRM,Real Estate,REIT - Specialty,BB,BB 跌破下軌 (超賣),None,0.0,0.45499999999999996,0.8,0.8,0.3864,5,132,0.0479,115.35,120.88,126.4,114.2,2026-08-31,3,True
MMM,Industrials,Conglomerates,BB,BB 跌破下軌 (超賣),None,0.0,0.45499999999999996,0.75,0.75,0.2838,8,1258,0.0414,171.83,178.94,186.06,170.11,2026-08-31,3,False
PLTR,Information Technology,Software - Infrastructure,MACD,MACD 金叉 (多頭區),None,0.0,0.68,0.6667,0.6667,0.3651,6,504,0.0276,185.93,191.06,196.19,184.07,2026-08-27,3,False
MU,Information Technology,Semiconductors,KDJ,KDJ 金叉,None,0.0,0.5525,0.6552,0.6552,0.3918,29,1955,0.0307,958.73,988.16,1017.6,949.14,2026-08-31,3,False
CINF,Financials,Insurance - Property & Casualty,MACD,MACD 金叉 (空頭區),None,0.0,0.42,0.6364,0.6364,0.3214,11,865,0.0123,172.52,174.64,176.76,170.79,2026-08-27,3,False
STX,Information Technology,Computer Hardware,KDJ,KDJ 金叉,None,0.0,0.5525,0.6296,0.6296,0.3918,27,1955,0.0397,828.38,861.27,894.15,820.1,2026-08-31,3,False
COR,Health Care,Medical Distribution,BB,BB 中軌向上（上升趨勢）,Bullish Engulfing,0.75,1.0,0.625,0.625,0.3577,8,260,0.0247,323.6,331.59,339.59,320.36,2026-08-31,3,False
TXN,Information Technology,Semiconductors,KDJ,KDJ 金叉,None,0.0,0.5525,0.6154,0.6154,0.3918,13,1955,0.0201,260.91,266.15,271.4,258.3,2026-08-31,3,False
FTNT,Information Technology,Software - Infrastructure,MACD,MACD 突破 0 軸,None,0.0,0.595,0.6,0.6,0.4064,5,529,0.0203,172.78,176.29,179.79,171.05,2026-08-27,3,False
WDC,Information Technology,Computer Hardware,KDJ,KDJ 金叉,None,0.0,0.5525,0.5897,0.5897,0.3918,39,1955,0.0333,459.45,474.75,490.05,454.86,2026-08-28,3,False
NEE,Utilities,Utilities - Regulated Electric,BB,BB 跌破下軌 (超賣),None,0.0,0.45499999999999996,0.5789,0.5789,0.4104,19,441,0.0186,81.84,83.36,84.88,81.02,2026-08-28,3,False
INTC,Information Technology,Semiconductors,KDJ,KDJ 金叉,None,0.0,0.5525,0.5769,0.5769,0.3918,26,1955,0.0365,89.47,92.74,96.0,88.58,2026-08-28,3,False
FIX,Industrials,Engineering & Construction,BB,BB 跌破下軌 (超賣),None,0.0,0.45499999999999996,0.5714,0.5714,0.2838,7,1258,0.0313,1518.73,1566.27,1613.8,1503.54,2026-08-28,3,False
FICO,Information Technology,Software - Application,KDJ,KDJ 金叉,None,0.0,0.5525,0.5625,0.5625,0.3918,32,1955,0.0213,1157.0601,1181.71,1206.35,1145.49,2026-08-27,3,False
LITE,Information Technology,Communication Equipment,RSI,RSI 維持強勢 (50-70),None,0.0,0.51,0.5625,0.5625,0.3645,240,16764,0.0391,914.76,950.53,986.29,905.61,2026-08-31,3,False
PANW,Information Technology,Software - Infrastructure,KDJ,KDJ 金叉,None,0.0,0.5525,0.56,0.56,0.3918,25,1955,0.0213,382.85,391.0,399.16,379.02,2026-08-27,3,False
DDOG,Information Technology,Software - Application,KDJ,KDJ 金叉,None,0.0,0.5525,0.5556,0.5556,0.3918,27,1955,0.0258,242.93,249.2,255.47,240.5,2026-08-27,3,False
VRT,Industrials,Electrical Equipment & Parts,BB,BB 中軌向上（上升趨勢）,None,0.0,0.51,0.5435,0.5435,0.2929,414,17460,0.0239,258.72,264.9,271.09,256.13,2026-08-31,3,False
TER,Information Technology,Semiconductor Equipment & Materials,BB,BB 中軌向上（上升趨勢）,None,0.0,0.51,0.5277,0.5277,0.3639,307,16781,0.0256,349.83,358.79,367.74,346.33,2026-08-31,3,False
DELL,Information Technology,Computer Hardware,KDJ,KDJ 金叉,None,0.0,0.5525,0.5263,0.5263,0.3918,38,1955,0.0391,472.26,490.73,509.19,467.54,2026-08-27,3,False
FCX,Materials,Copper,RSI,RSI 加速上升,None,0.0,0.5525,0.5217,0.5217,0.3048,138,3639,0.0144,78.42,79.55,80.68,77.64,2026-08-27,3,False
HOOD,Financials,Capital Markets,BB,BB 中軌向上（上升趨勢）,None,0.0,0.51,0.5123,0.5123,0.2681,324,16575,0.0235,104.81,107.27,109.74,103.76,2026-08-31,3,False
CEG,Utilities,Utilities - Independent Power Producers,RSI,RSI 加速上升,None,0.0,0.5525,0.5093,0.5093,0.2565,161,4905,0.0227,282.41,288.82,295.23,279.59,2026-08-27,3,False
COHR,Information Technology,Scientific & Technical Instruments,BB,BB 中軌向上（上升趨勢）,None,0.0,0.51,0.5012,0.5012,0.3639,401,16781,0.0237,277.83,284.41,291.0,275.05,2026-08-31,3,False
SEIC,Financials,Asset Management,RSI,RSI 加速上升,Support,0.9,1.0,0.5,,0.5,0,6,0.002,111.3,111.52,111.75,110.19,2026-08-27,3,False
V,Financials,Credit Services,RSI,RSI 加速上升,Support,0.7,1.0,0.5,,0.5,0,6,0.002,379.66,380.42,381.18,375.86,2026-08-27,3,False
NLY,Real Estate,REIT - Mortgage,RSI,RSI 上穿 50 中性線,Support,0.8,0.9900000000000001,0.5,,,0,0,0.02,23.06,23.52,23.98,22.83,2026-08-27,3,False
LUV,Industrials,Airlines,RSI,RSI 超賣區域 (30),None,0.0,0.5249999999999999,0.5,0.5,0.3086,6,337,0.0043,38.53,38.7,38.86,38.14,2026-08-31,3,False
CVNA,Consumer Discretionary,Auto & Truck Dealerships,RSI,RSI 維持強勢 (50-70),None,0.0,0.51,0.5,0.5,0.2995,304,10441,0.0413,73.46,76.49,79.53,72.73,2026-08-31,3,False
DLR,Real Estate,REIT - Specialty,BB,BB 跌破下軌 (超賣),None,0.0,0.45499999999999996,0.5,0.5,0.25,18,564,0.0196,185.47,189.11,192.74,183.62,2026-08-28,3,False
PRU,Financials,Insurance - Life,BB,BB 跌破下軌 (超賣),None,0.0,0.45499999999999996,0.5,0.5,0.3485,24,1277,0.0152,117.6,119.39,121.18,116.42,2026-08-31,3,False
WYNN,Consumer Discretionary,Resorts & Casinos,BB,BB 跌破下軌 (超賣),None,0.0,0.45499999999999996,0.5,0.5,0.2974,14,733,0.0191,93.61,95.4,97.19,92.67,2026-08-27,3,False
HRL,Consumer Staples,Packaged Foods,RSI,RSI 維持超賣,None,0.0,0.385,0.5,0.5,0.2366,14,744,0.0118,21.85,22.11,22.37,21.63,2026-08-31,3,False
CIEN,Information Technology,Communication Equipment,BB,BB 中軌向上（上升趨勢）,None,0.0,0.51,0.4955,0.4955,0.3639,335,16781,0.021,382.8,390.84,398.88,378.97,2026-08-31,3,False
FANG,Energy,Oil & Gas E&P,RSI,RSI 上穿 50 中性線,None,0.0,0.4675,0.4828,0.4828,0.361,29,579,0.0161,200.52,203.75,206.98,198.51,2026-08-27,3,False
WFC,Financials,Banks - Diversified,KDJ,KDJ 金叉,None,0.0,0.5525,0.4783,0.4783,0.3142,23,1932,0.0141,86.69,87.91,89.13,85.82,2026-08-28,3,False
SYF,Financials,Credit Services,RSI,RSI 加速上升,None,0.0,0.5525,0.4749,0.4749,0.3014,179,11488,0.0133,79.93,80.99,82.06,79.13,2026-08-27,3,False
META,Communication Services,Internet Content & Information,RSI,RSI 加速上升,None,0.0,0.5525,0.471,0.471,0.3116,155,3322,0.0106,572.34,578.41,584.47,566.62,2026-08-31,3,False
WST,Health Care,Medical Instruments & Supplies,BB,BB 跌破下軌 (超賣),None,0.0,0.45499999999999996,0.4667,0.4667,0.2752,15,974,0.0443,337.47,352.42,367.37,334.1,2026-08-28,3,False
AMZN,Consumer Discretionary,Internet Retail,KDJ,KDJ 金叉,None,0.0,0.5525,0.4615,0.4615,0.3183,26,1244,0.0099,266.43,269.07,271.71,263.77,2026-08-28,3,False
D,Utilities,Utilities - Regulated Electric,BB,BB 跌破下軌 (超賣),None,0.0,0.45499999999999996,0.4615,0.4615,0.4104,13,441,0.031,65.55,67.58,69.61,64.89,2026-08-28,3,False
WAB,Industrials,Railroads,BB,BB 跌破下軌 (超賣),None,0.0,0.45499999999999996,0.4615,0.4615,0.2838,13,1258,0.0219,285.93,292.19,298.45,283.07,2026-08-31,3,False
BAX,Health Care,Medical Instruments & Supplies,KDJ,KDJ 金叉,None,0.0,0.5525,0.4545,0.4545,0.2852,22,1536,0.0099,26.13,26.39,26.65,25.87,2026-08-28,3,False
KHC,Consumer Staples,Packaged Foods,RSI,RSI 上穿 50 中性線,None,0.0,0.4675,0.4545,0.4545,0.2565,22,928,0.0064,25.7,25.86,26.03,25.44,2026-08-28,3,False
RL,Consumer Discretionary,Apparel Manufacturing,BB,BB 跌破下軌 (超賣),None,0.0,0.45499999999999996,0.4545,0.4545,0.2974,11,733,0.0114,351.9,355.91,359.92,348.38,2026-08-27,3,False
TTD,Communication Services,Advertising Agencies,MACD,MACD 金叉 (空頭區),None,0.0,0.42,0.4545,0.4545,0.3254,11,252,-0.0007,13.42,13.41,13.4,13.29,2026-08-27,3,False
IBKR,Financials,Capital Markets,RSI,RSI 加速上升,None,0.0,0.5525,0.4504,0.4504,0.3014,131,11488,0.0104,97.29,98.3,99.31,96.32,2026-08-31,3,False
FOXA,Communication Services,Entertainment,RSI,RSI 動能加速（強勢區）,None,0.0,0.51,0.4483,0.4483,0.3135,29,772,0.0029,68.42,68.62,68.82,67.74,2026-08-28,3,False
RBLX,Communication Services,Electronic Gaming & Multimedia,RSI,RSI 加速上升,None,0.0,0.5525,0.4481,,0.4481,0,241,0.0027,41.29,41.4,41.51,40.88,2026-08-31,3,True
EME,Industrials,Engineering & Construction,BB,BB 中軌向上（上升趨勢）,None,0.0,0.51,0.4475,0.4475,0.2929,257,17460,0.014,775.04,785.89,796.74,767.29,2026-08-27,3,False
IOT,Information Technology,Software - Infrastructure,RSI,RSI 維持強勢 (50-70),None,0.0,0.51,0.4471,,0.4471,0,747,0.0161,40.85,41.51,42.17,40.44,2026-08-31,3,True
MRVL,Information Technology,Semiconductors,RSI,RSI 維持強勢 (50-70),None,0.0,0.51,0.4471,,0.4471,0,747,0.0161,241.45,245.34,249.22,239.04,2026-08-27,3,True
STRC,Information Technology,Software - Application,RSI,RSI 維持強勢 (50-70),None,0.0,0.51,0.4471,,0.4471,0,747,0.0161,97.1,98.66,100.23,96.13,2026-08-31,3,True
TYL,Information Technology,Software - Application,RSI,RSI 維持強勢 (50-70),None,0.0,0.51,0.4471,,0.4471,0,747,0.0161,372.22,378.21,384.21,368.5,2026-08-31,3,True
HBANP,Financials,Banks - Regional,RSI,RSI 維持強勢 (50-70),Bullish Engulfing,0.75,1.0,0.4444,,0.4444,0,9,0.0214,16.52,16.87,17.23,16.35,2026-08-31,3,True
WDAY,Information Technology,Software - Application,BB,BB 中軌向上（上升趨勢）,Bullish Engulfing,0.75,1.0,0.4444,,0.4444,0,9,0.0051,193.57,194.56,195.54,191.63,2026-08-27,3,True
CCI,Real Estate,REIT - Specialty,KDJ,KDJ 金叉,None,0.0,0.5525,0.4444,0.4444,0.2818,9,550,-0.0032,76.14,75.9,75.65,75.38,2026-08-31,3,False
APH,Information Technology,Electronic Components,RSI,RSI 加速上升,None,0.0,0.5525,0.4437,0.4437,0.3693,151,10688,0.0135,161.38,163.56,165.74,159.77,2026-08-27,3,False
AVB,Real Estate,REIT - Residential,KDJ,KDJ 金叉,None,0.0,0.5525,0.4412,,0.4412,0,34,0.011,68.14,68.89,69.64,67.46,2026-08-24,3,True
KKR,Financials,Asset Management,RSI,RSI 維持強勢 (50-70),None,0.0,0.51,0.4388,0.4388,0.2842,278,19108,0.0087,109.72,110.67,111.63,108.62,2026-08-31,3,False
ANET,Information Technology,Computer Hardware,RSI,RSI 加速上升,None,0.0,0.5525,0.4387,0.4387,0.3693,155,10688,0.0133,201.09,203.76,206.44,199.08,2026-08-27,3,False
VLO,Energy,Oil & Gas Refining & Marketing,KDJ,KDJ 金叉,None,0.0,0.5525,0.4375,0.4375,0.3614,32,498,0.0127,352.36,356.83,361.31,348.84,2026-08-28,3,False
APA,Energy,Oil & Gas E&P,RSI,RSI 動能加速（強勢區）,None,0.0,0.51,0.4375,0.4375,0.3265,48,873,-0.0008,42.38,42.35,42.31,41.96,2026-08-27,3,False
BP,Energy,Oil & Gas Integrated,RSI,RSI 上穿 50 中性線,None,0.0,0.4675,0.4375,,0.4375,0,32,0.0076,42.87,43.2,43.52,42.44,2026-08-31,3,True
EXE,Energy,Oil & Gas E&P,RSI,RSI 動能加速（強勢區）,None,0.0,0.51,0.4359,0.4359,0.3265,39,873,0.0076,98.0,98.74,99.49,97.02,2026-08-27,3,False
WAT,Health Care,Diagnostics & Research,RSI,RSI 動能加速（強勢區）,None,0.0,0.51,0.4348,0.4348,0.2606,23,1869,0.0135,421.26,426.95,432.63,417.05,2026-08-27,3,False
LRCX,Information Technology,Semiconductor Equipment & Materials,RSI,RSI 上穿 50 中性線,None,0.0,0.4675,0.4333,0.4333,0.3785,30,1593,0.032,318.58,328.77,338.97,315.39,2026-08-27,3,False
MSTR,Information Technology,Software - Application,BB,價格在 BB 中軌上方,None,0.0,0.425,0.4327,,0.4327,0,1188,0.0141,137.4,139.34,141.27,136.03,2026-08-27,3,True
CDNS,Information Technology,Software - Application,RSI,RSI 加速上升,None,0.0,0.5525,0.4324,0.4324,0.3693,111,10688,0.0139,338.78,343.49,348.2,335.39,2026-08-31,3,False
CRH,Materials,Building Materials,RSI,RSI 加速上升,None,0.0,0.5525,0.4324,0.4324,0.3048,111,3639,0.0147,95.58,96.99,98.39,94.62,2026-08-27,3,False
COIN,Financials,Financial Data & Stock Exchanges,BB,價格在 BB 中軌上方,None,0.0,0.425,0.4311,0.4311,0.2847,283,21689,0.0187,188.12,191.64,195.16,186.24,2026-08-31,3,False
INTU,Information Technology,Software - Application,RSI,RSI 動能加速（強勢區）,Bullish Engulfing,0.75,1.0,0.431,,0.431,0,58,0.0145,358.06,363.25,368.44,354.48,2026-08-28,3,False
TTWO,Communication Services,Electronic Gaming & Multimedia,KDJ,KDJ 金叉,None,0.0,0.5525,0.431,,0.431,0,58,0.0021,235.39,235.88,236.38,233.04,2026-08-28,3,True
TSLA,Consumer Discretionary,Auto Manufacturers,RSI,RSI 動能加速（強勢區）,Consolidation Breakout,0.85,1.0,0.4286,,0.4286,0,35,-0.006,367.95,365.74,363.53,364.27,2026-08-31,3,True
RJF,Financials,Asset Management,RSI,RSI 加速上升,None,0.0,0.5525,0.4286,0.4286,0.318,7,588,0.0044,179.36,180.15,180.94,177.57,2026-08-28,3,True
CF,Materials,Agricultural Inputs,RSI,RSI 動能加速（強勢區）,None,0.0,0.51,0.4286,0.4286,0.2962,28,942,0.0051,130.03,130.69,131.36,128.73,2026-08-31,3,False
GM,Consumer Discretionary,Auto Manufacturers,RSI,RSI 維持強勢 (50-70),None,0.0,0.51,0.4286,0.4286,0.3861,7,360,0.0106,86.32,87.23,88.15,85.46,2026-08-31,3,True
GWW,Industrials,Industrial Distribution,BB,價格在 BB 中軌上方,None,0.0,0.425,0.4286,0.4286,0.3497,14,1018,0.0179,1309.49,1332.93,1356.37,1296.4,2026-08-31,3,True
TSCO,Consumer Discretionary,Specialty Retail,BB,BB 中軌向上（上升趨勢）,Bullish Engulfing,0.75,1.0,0.4279,,0.4279,0,208,0.015,34.9,35.42,35.95,34.55,2026-08-31,3,False
CG,Financials,Asset Management,RSI,RSI 維持強勢 (50-70),Morning Star,0.8,1.0,0.4278,,0.4278,0,367,0.0116,49.24,49.81,50.38,48.75,2026-08-27,3,False
CW,Industrials,Aerospace & Defense,RSI,RSI 維持超賣,None,0.0,0.385,0.4252,,0.4252,0,127,0.01,582.53,588.36,594.18,576.7,2026-08-31,3,True
IESC,Industrials,Engineering & Construction,RSI,RSI 維持超賣,None,0.0,0.385,0.4252,,0.4252,0,127,0.01,303.0,306.03,309.06,299.97,2026-08-31,3,True
IONQ,Information Technology,Computer Hardware,BB,BB 中軌向上（上升趨勢）,None,0.0,0.51,0.4238,,0.4238,0,1083,0.0134,39.31,39.84,40.36,38.92,2026-08-31,3,True
ALB,Materials,Specialty Chemicals,RSI,RSI 維持強勢 (50-70),None,0.0,0.51,0.4194,0.4194,0.286,248,5721,0.0076,134.97,136.0,137.02,133.62,2026-08-31,3,False
BX,Financials,Asset Management,KDJ,KDJ 金叉,None,0.0,0.5525,0.4167,0.4167,0.3142,24,1932,0.0046,143.64,144.3,144.96,142.2,2026-08-27,3,False
DINO,Energy,Oil & Gas Refining & Marketing,RSI,RSI 維持強勢 (50-70),None,0.0,0.51,0.411,,0.411,0,146,0.0074,101.61,102.36,103.11,100.59,2026-08-31,3,True
SOMN,Utilities,Utilities - Regulated Electric,BB,BB 跌破下軌 (超賣),None,0.0,0.45499999999999996,0.4104,,0.4104,0,441,0.0122,47.76,48.34,48.93,47.28,2026-08-28,3,False
ABNB,Consumer Discretionary,Travel Services,RSI,RSI 動能加速（強勢區）,None,0.0,0.51,0.4091,0.4091,0.3027,22,1665,0.0219,189.43,193.58,197.73,187.54,2026-08-28,3,False
FSLR,Information Technology,Solar,BB,BB 中軌向上（上升趨勢）,None,0.0,0.51,0.4079,0.4079,0.3639,228,16781,0.0019,210.1,210.5,210.9,208.0,2026-08-27,3,False
CHKP,Information Technology,Software - Infrastructure,MACD,MACD 突破 0 軸,None,0.0,0.595,0.4064,,0.4064,0,529,0.0085,133.23,134.36,135.49,131.9,2026-08-27,3,False
FISV,Information Technology,Financial Technology,MACD,MACD 突破 0 軸,None,0.0,0.595,0.4064,,0.4064,0,529,0.0085,53.18,53.63,54.08,52.65,2026-08-28,3,False
SMTC,Information Technology,Semiconductors,MACD,MACD 突破 0 軸,None,0.0,0.595,0.4064,,0.4064,0,529,0.0085,142.43,143.64,144.85,141.01,2026-08-27,3,False
TSM,Information Technology,Semiconductors,MACD,MACD 突破 0 軸,None,0.0,0.595,0.4064,,0.4064,0,529,0.0085,427.3,430.93,434.56,423.03,2026-08-27,3,False
STLD,Materials,Steel,RSI,RSI 加速上升,None,0.0,0.5525,0.4059,0.4059,0.3048,101,3639,0.0085,234.665,236.66,238.65,232.32,2026-08-28,3,False
LLY,Health Care,Drug Manufacturers - General,BB,BB 中軌向上（上升趨勢）,None,0.0,0.51,0.4058,0.4058,0.2705,207,10885,0.0078,1176.1,1185.27,1194.45,1164.34,2026-08-27,3,False
HDB,Financials,Banks - Regional,BB,BB 跌破下軌 (超賣),None,0.0,0.45499999999999996,0.4057,,0.4057,0,424,0.0104,22.46,22.69,22.93,22.24,2026-08-27,3,True
NUE,Materials,Steel,RSI,RSI 加速上升,None,0.0,0.5525,0.4048,0.4048,0.3048,126,3639,0.0133,250.5,253.83,257.16,248.0,2026-08-28,3,False
IVZ,Financials,Asset Management,RSI,RSI 維持強勢 (50-70),None,0.0,0.51,0.404,0.404,0.2842,198,19108,0.0093,32.78,33.08,33.39,32.45,2026-08-31,3,False
FLUT,Consumer Discretionary,Gambling,BB,價格在 BB 中軌上方,None,0.0,0.425,0.4026,,0.4026,0,529,0.0119,100.18,101.37,102.56,99.18,2026-08-31,3,True
MS,Financials,Capital Markets,RSI,RSI 加速上升,None,0.0,0.5525,0.4025,0.4025,0.3014,159,11488,0.0109,214.86,217.2,219.54,212.71,2026-08-27,3,False
KEYS,Information Technology,Scientific & Technical Instruments,KDJ,KDJ 金叉,None,0.0,0.5525,0.4,0.4,0.3918,25,1955,0.0165,322.7,328.02,333.35,319.47,2026-08-31,3,False
LULU,Consumer Discretionary,Apparel Retail,KDJ,KDJ 金叉,None,0.0,0.5525,0.4,0.4,0.3183,25,1244,0.0,120.81,120.81,120.81,119.6,2026-08-28,3,False
AAPL,Information Technology,Consumer Electronics,RSI,RSI 動能加速（強勢區）,None,0.0,0.51,0.4,0.4,0.366,35,2885,0.0064,319.7,321.75,323.79,316.5,2026-08-28,3,False
CSGP,Real Estate,Real Estate Services,BB,BB 中軌向上（上升趨勢）,None,0.0,0.51,0.4,0.4,0.3037,5,270,-0.0049,32.07,31.91,31.76,31.75,2026-08-31,3,True
WSM,Consumer Discretionary,Specialty Retail,RSI,RSI 維持強勢 (50-70),None,0.0,0.51,0.4,0.4,0.2995,250,10441,0.0065,238.4,239.95,241.5,236.02,2026-08-27,3,False
BAC,Financials,Banks - Diversified,RSI,RSI 上穿 50 中性線,None,0.0,0.4675,0.4,0.4,0.3091,20,1899,0.007,62.32,62.76,63.19,61.7,2026-08-28,3,False
INVH,Real Estate,REIT - Residential,BB,BB 跌破下軌 (超賣),None,0.0,0.45499999999999996,0.4,0.4,0.3864,5,132,0.0134,29.23,29.62,30.01,28.94,2026-08-27,3,True
HUM,Health Care,Healthcare Plans,BB,價格在 BB 中軌上方,None,0.0,0.425,0.4,0.4,0.2804,275,14417,0.0092,383.23,386.76,390.28,379.4,2026-08-31,3,False
ON,Information Technology,Semiconductors,MACD,MACD 金叉 (空頭區),None,0.0,0.42,0.4,0.4,0.3767,15,754,0.0006,74.8,74.84,74.89,74.05,2026-08-27,3,False
GLW,Information Technology,Electronic Components,BB,BB 中軌向上（上升趨勢）,None,0.0,0.51,0.3994,0.3994,0.3639,328,16781,0.0159,148.73,151.09,153.46,147.24,2026-08-31,3,False
C,Financials,Banks - Diversified,RSI,RSI 加速上升,None,0.0,0.5525,0.3989,0.3989,0.3014,188,11488,0.0114,132.68,134.19,135.71,131.35,2026-08-27,3,False
EL,Consumer Staples,Household & Personal Products,RSI,RSI 加速上升,None,0.0,0.5525,0.3957,0.3957,0.2439,187,5343,0.0015,106.21,106.37,106.53,105.15,2026-08-27,3,False
BPYPP,Real Estate,Real Estate Services,BB,BB 中軌向上（上升趨勢）,Bullish Engulfing,0.75,1.0,0.3942,,0.3942,0,104,0.012,16.37,16.57,16.76,16.21,2026-08-28,3,False
SOLV,Health Care,Medical Instruments & Supplies,RSI,RSI 維持強勢 (50-70),None,0.0,0.51,0.3937,0.3937,0.2772,127,12123,0.0149,91.06,92.42,93.77,90.15,2026-08-31,3,False
AVY,Consumer Discretionary,Packaging & Containers,BB,BB 中軌向上（上升趨勢）,None,0.0,0.51,0.3934,,0.3934,0,427,0.0097,174.11,175.8,177.49,172.37,2026-08-31,3,True
DXCM,Health Care,Medical Devices,BB,價格在 BB 中軌上方,None,0.0,0.425,0.3924,0.3924,0.2804,237,14417,0.0073,91.06,91.72,92.39,90.15,2026-08-31,3,False
ARE,Real Estate,REIT - Office,BB,價格在 BB 中軌上方,None,0.0,0.425,0.3923,0.3923,0.248,209,8032,0.0054,51.29,51.57,51.84,50.78,2026-08-31,3,False
ALAB,Information Technology,Semiconductors,KDJ,KDJ 金叉,None,0.0,0.5525,0.3918,,0.3918,0,1955,0.0107,304.09,307.34,310.6,301.05,2026-08-27,3,False
ARM,Information Technology,Semiconductors,KDJ,KDJ 金叉,None,0.0,0.5525,0.3918,,0.3918,0,1955,0.0107,255.21,257.94,260.67,252.66,2026-08-27,3,False
ARW,Information Technology,Electronics & Computer Distribution,KDJ,KDJ 金叉,None,0.0,0.5525,0.3918,,0.3918,0,1955,0.0107,208.96,211.2,213.43,206.87,2026-08-27,3,False
ASX,Information Technology,Semiconductors,KDJ,KDJ 金叉,None,0.0,0.5525,0.3918,,0.3918,0,1955,0.0107,38.9,39.32,39.73,38.51,2026-08-27,3,False
CRDO,Information Technology,Semiconductors,KDJ,KDJ 金叉,None,0.0,0.5525,0.3918,,0.3918,0,1955,0.0107,232.75,235.24,237.73,230.42,2026-08-28,3,False
DOCN,Information Technology,Software - Infrastructure,KDJ,KDJ 金叉,None,0.0,0.5525,0.3918,,0.3918,0,1955,0.0107,121.68,122.98,124.28,120.46,2026-08-27,3,False
FIS,Information Technology,Information Technology Services,KDJ,KDJ 金叉,None,0.0,0.5525,0.3918,,0.3918,0,1955,0.0107,41.44,41.88,42.33,41.03,2026-08-28,3,False
FLEX,Information Technology,Electronic Components,KDJ,KDJ 金叉,None,0.0,0.5525,0.3918,,0.3918,0,1955,0.0107,115.3,116.53,117.77,114.15,2026-08-27,3,False
FROG,Information Technology,Software - Application,KDJ,KDJ 金叉,None,0.0,0.5525,0.3918,,0.3918,0,1955,0.0107,104.03,105.14,106.26,102.99,2026-08-27,3,False
INFY,Information Technology,Information Technology Services,KDJ,KDJ 金叉,None,0.0,0.5525,0.3918,,0.3918,0,1955,0.0107,11.9,12.03,12.15,11.78,2026-08-27,3,False
LDOS,Information Technology,Information Technology Services,KDJ,KDJ 金叉,None,0.0,0.5525,0.3918,,0.3918,0,1955,0.0107,140.21,141.71,143.21,138.81,2026-08-31,3,False
LFUS,Information Technology,Electronic Components,KDJ,KDJ 金叉,None,0.0,0.5525,0.3918,,0.3918,0,1955,0.0107,412.18,416.59,421.0,408.06,2026-08-31,3,False
LSCC,Information Technology,Semiconductors,KDJ,KDJ 金叉,None,0.0,0.5525,0.3918,,0.3918,0,1955,0.0107,120.47,121.76,123.05,119.27,2026-08-27,3,False
MCHPP,Information Technology,Semiconductors,KDJ,KDJ 金叉,None,0.0,0.5525,0.3918,,0.3918,0,1955,0.0107,66.12,66.83,67.53,65.46,2026-08-27,3,False
MDB,Information Technology,Software - Infrastructure,KDJ,KDJ 金叉,None,0.0,0.5525,0.3918,,0.3918,0,1955,0.0107,440.58,445.29,450.01,436.17,2026-08-27,3,False
NET,Information Technology,Software - Infrastructure,KDJ,KDJ 金叉,None,0.0,0.5525,0.3918,,0.3918,0,1955,0.0107,308.23,311.53,314.83,305.15,2026-08-27,3,False
NOK,Information Technology,Communication Equipment,KDJ,KDJ 金叉,None,0.0,0.5525,0.3918,,0.3918,0,1955,0.0107,10.59,10.7,10.82,10.48,2026-08-27,3,False
SANM,Information Technology,Electronic Components,KDJ,KDJ 金叉,None,0.0,0.5525,0.3918,,0.3918,0,1955,0.0107,203.35,205.53,207.7,201.32,2026-08-27,3,False
SMCIP,Information Technology,Computer Hardware,KDJ,KDJ 金叉,None,0.0,0.5525,0.3918,,0.3918,0,1955,0.0107,64.83,65.52,66.22,64.18,2026-08-27,3,False
SNOW,Information Technology,Software - Application,KDJ,KDJ 金叉,None,0.0,0.5525,0.3918,,0.3918,0,1955,0.0107,329.11,332.63,336.15,325.82,2026-08-27,3,False
TEAM,Information Technology,Software - Application,KDJ,KDJ 金叉,None,0.0,0.5525,0.3918,,0.3918,0,1955,0.0107,185.62,187.61,189.59,183.76,2026-08-27,3,False
TWLO,Information Technology,Software - Infrastructure,KDJ,KDJ 金叉,None,0.0,0.5525,0.3918,,0.3918,0,1955,0.0107,241.34,243.92,246.5,238.93,2026-08-27,3,False
ZS,Information Technology,Software - Infrastructure,KDJ,KDJ 金叉,None,0.0,0.5525,0.3918,,0.3918,0,1955,0.0107,187.3,189.3,191.31,185.43,2026-08-27,3,False
TECH,Health Care,Biotechnology,BB,價格在 BB 中軌上方,None,0.0,0.425,0.3897,0.3897,0.2804,195,14417,-0.0003,72.35,72.33,72.31,71.63,2026-08-28,3,False
DKS,Consumer Discretionary,Specialty Retail,RSI,RSI 維持超賣,None,0.0,0.385,0.3894,,0.3894,0,565,0.0066,135.1,135.99,136.88,133.75,2026-08-31,3,False
TJX,Consumer Discretionary,Apparel Retail,RSI,RSI 維持超賣,None,0.0,0.385,0.3894,,0.3894,0,565,0.0066,135.12,136.01,136.9,133.77,2026-08-28,3,False
JHX,Materials,Building Materials,BB,BB 中軌向上（上升趨勢）,None,0.0,0.51,0.3886,,0.3886,0,229,0.0091,29.71,29.98,30.25,29.41,2026-08-31,3,True
BCE,Communication Services,Telecom Services,RSI,RSI 維持強勢 (50-70),Bullish Engulfing,0.75,1.0,0.3884,,0.3884,0,121,0.0056,23.59,23.72,23.85,23.35,2026-08-31,3,False
VTRS,Health Care,Drug Manufacturers - Specialty & Generic,BB,價格在 BB 中軌上方,None,0.0,0.425,0.3882,0.3882,0.2804,255,14417,0.0103,16.51,16.68,16.85,16.34,2026-08-31,3,False
PSA,Real Estate,REIT - Industrial,BB,BB 跌破下軌 (超賣),None,0.0,0.45499999999999996,0.3864,,0.3864,0,132,0.0114,306.99,310.49,313.99,303.92,2026-08-31,3,True
SPG,Real Estate,REIT - Retail,BB,BB 跌破下軌 (超賣),None,0.0,0.45499999999999996,0.3864,,0.3864,0,132,0.0114,212.32,214.74,217.16,210.2,2026-08-31,3,True
MRNA,Health Care,Biotechnology,BB,BB 中軌向上（上升趨勢）,None,0.0,0.51,0.3861,0.3861,0.2705,202,10885,0.0003,140.34,140.38,140.42,138.94,2026-08-31,3,False
CVX,Energy,Oil & Gas Integrated,BB,BB 中軌向上（上升趨勢）,None,0.0,0.51,0.386,,0.386,0,171,0.0019,206.14,206.53,206.92,204.08,2026-08-31,3,True
WRB,Financials,Insurance - Property & Casualty,KDJ,KDJ 超賣區金叉,None,0.0,0.5599999999999999,0.3846,0.3846,0.299,13,612,0.007,68.34,68.82,69.3,67.66,2026-08-27,3,False
APO,Financials,Asset Management,KDJ,KDJ 金叉,None,0.0,0.5525,0.3846,0.3846,0.3142,26,1932,0.021,135.04,137.88,140.71,133.69,2026-08-28,3,False
CNP,Utilities,Utilities - Regulated Electric,MACD,MACD 金叉 (空頭區),None,0.0,0.42,0.3846,,0.3846,0,13,0.0212,39.6,40.44,41.28,39.2,2026-08-31,3,True
HWM,Industrials,Aerospace & Defense,RSI,RSI 超賣區域 (30),None,0.0,0.5249999999999999,0.3818,,0.3818,0,110,0.0044,244.95,246.03,247.11,242.5,2026-08-31,3,True
NTR,Materials,Agricultural Inputs,BB,BB 中軌向上（上升趨勢）,Morning Star,0.8,1.0,0.3805,,0.3805,0,113,0.0148,75.53,76.65,77.77,74.77,2026-08-31,3,False
TRGP,Energy,Oil & Gas Midstream,BB,BB 中軌向上（上升趨勢）,None,0.0,0.51,0.3801,0.3801,0.2962,292,4484,0.0065,293.65,295.56,297.47,290.71,2026-08-31,3,False
IBM,Information Technology,Information Technology Services,RSI,RSI 維持強勢 (50-70),None,0.0,0.51,0.3798,0.3798,0.3645,208,16764,0.0127,235.59,238.58,241.57,233.23,2026-08-28,3,False
ORCL,Information Technology,Software - Infrastructure,RSI,RSI 加速上升,None,0.0,0.5525,0.3793,0.3793,0.3693,145,10688,0.005,149.12,149.87,150.61,147.63,2026-08-31,3,False
TEL,Information Technology,Electronic Components,KDJ,KDJ 金叉,None,0.0,0.5525,0.3793,0.3793,0.3918,29,1955,0.0112,202.66,204.93,207.2,200.63,2026-08-28,3,False
FDX,Industrials,Integrated Freight & Logistics,RSI,RSI 維持強勢 (50-70),None,0.0,0.51,0.3788,0.3788,0.2986,198,19157,0.0028,327.4,328.32,329.23,324.13,2026-08-31,3,False
ENTG,Information Technology,Semiconductor Equipment & Materials,RSI,RSI 上穿 50 中性線,None,0.0,0.4675,0.3785,,0.3785,0,1593,0.0087,145.31,146.57,147.84,143.86,2026-08-27,3,False
UMC,Information Technology,Semiconductors,RSI,RSI 上穿 50 中性線,None,0.0,0.4675,0.3785,,0.3785,0,1593,0.0087,19.79,19.96,20.13,19.59,2026-08-28,3,False
ZM,Information Technology,Software - Application,RSI,RSI 上穿 50 中性線,None,0.0,0.4675,0.3785,,0.3785,0,1593,0.0087,100.27,101.14,102.01,99.27,2026-08-27,3,False
JPM,Financials,Banks - Diversified,RSI,RSI 動能加速（強勢區）,None,0.0,0.51,0.3778,0.3778,0.279,45,3129,0.011,357.62,361.55,365.49,354.04,2026-08-28,3,False
AMKR,Information Technology,Semiconductor Equipment & Materials,MACD,MACD 金叉 (空頭區),None,0.0,0.42,0.3767,,0.3767,0,754,0.0102,51.74,52.27,52.8,51.22,2026-08-27,3,False
CIFR,Information Technology,Information Technology Services,MACD,MACD 金叉 (空頭區),None,0.0,0.42,0.3767,,0.3767,0,754,0.0102,16.77,16.94,17.11,16.6,2026-08-27,3,False
GRAB,Information Technology,Software - Application,MACD,MACD 金叉 (空頭區),None,0.0,0.42,0.3767,,0.3767,0,754,0.0102,3.59,3.63,3.66,3.55,2026-08-27,3,False
SNX,Information Technology,Electronics & Computer Distribution,MACD,MACD 金叉 (空頭區),None,0.0,0.42,0.3767,,0.3767,0,754,0.0102,260.13,262.78,265.44,257.53,2026-08-27,3,False
TTMI,Information Technology,Electronic Components,MACD,MACD 金叉 (空頭區),None,0.0,0.42,0.3767,,0.3767,0,754,0.0102,124.73,126.0,127.27,123.48,2026-08-27,3,False
GIB,Information Technology,Information Technology Services,BB,BB 中軌向上（上升趨勢）,Bullish Engulfing,0.75,1.0,0.3757,,0.3757,0,338,0.0116,74.77,75.64,76.5,74.02,2026-08-28,3,False
QCOM,Information Technology,Semiconductors,BB,BB 中軌向上（上升趨勢）,None,0.0,0.51,0.3757,0.3757,0.3639,189,16781,0.0193,170.48,173.77,177.06,168.78,2026-08-31,3,False
ADM,Consumer Staples,Farm Products,MACD,MACD 金叉 (多頭區),None,0.0,0.68,0.375,0.375,0.2554,8,184,0.0068,81.29,81.84,82.4,80.48,2026-08-31,3,False
CTVA,Materials,Agricultural Inputs,MACD,MACD 突破 0 軸,None,0.0,0.595,0.375,0.375,0.2326,8,215,0.0047,83.9,84.29,84.69,83.06,2026-08-28,3,False
NTRS,Financials,Asset Management,KDJ,KDJ 金叉,None,0.0,0.5525,0.375,0.375,0.3142,24,1932,0.0118,186.79,188.99,191.2,184.92,2026-08-28,3,False
KLAR,Financials,Credit Services,RSI,RSI 超賣區域 (30),None,0.0,0.5249999999999999,0.375,,0.375,0,256,0.0031,14.01,14.05,14.1,13.87,2026-08-27,3,False
CRM,Information Technology,Software - Application,RSI,RSI 動能加速（強勢區）,None,0.0,0.51,0.375,0.375,0.4171,8,374,0.0118,252.05,255.02,258.0,249.53,2026-08-27,3,True
EG,Financials,Insurance - Reinsurance,BB,價格在 BB 中軌上方,None,0.0,0.425,0.375,0.375,0.3239,8,852,-0.0005,374.65,374.46,374.28,370.9,2026-08-31,3,True
CVS,Health Care,Healthcare Plans,MACD,MACD 金叉 (空頭區),None,0.0,0.42,0.375,0.375,0.2741,16,686,0.013,93.91,95.13,96.35,92.97,2026-08-31,3,False
AVGO,Information Technology,Semiconductors,KDJ,KDJ 金叉,Morning Star,0.8,1.0,0.374,,0.374,0,123,0.0122,371.54,376.07,380.61,367.82,2026-08-27,3,False
NFLX,Communication Services,Entertainment,RSI,RSI 維持強勢 (50-70),None,0.0,0.51,0.3708,0.3708,0.3082,267,5205,0.0076,81.05,81.67,82.28,80.24,2026-08-31,3,False
MLM,Materials,Building Materials,KDJ,KDJ 金叉,None,0.0,0.5525,0.3704,0.3704,0.314,27,637,0.0146,531.05,538.8,546.56,525.74,2026-08-28,3,False
BEN,Financials,Asset Management,BB,BB 中軌向上（上升趨勢）,None,0.0,0.51,0.3704,0.3704,0.2681,135,16575,0.0094,34.15,34.47,34.79,33.81,2026-08-31,3,False
TM,Consumer Discretionary,Auto Manufacturers,MACD,MACD 金叉 (多頭區),None,0.0,0.68,0.37,,0.37,0,273,0.0063,196.54,197.78,199.02,194.57,2026-08-31,3,False
eBay,Consumer Discretionary,Internet Retail,MACD,MACD 金叉 (多頭區),None,0.0,0.68,0.37,,0.37,0,273,0.0063,111.75,112.45,113.16,110.63,2026-06-30,3,False
ETN,Industrials,Specialty Industrial Machinery,BB,BB 中軌向上（上升趨勢）,None,0.0,0.51,0.3695,0.3695,0.2929,203,17460,0.0111,401.88,406.34,410.8,397.86,2026-08-31,3,False
BMNP,Information Technology,Blockchain,RSI,RSI 加速上升,None,0.0,0.5525,0.3693,,0.3693,0,10688,0.0074,96.69,97.41,98.12,95.72,2026-08-28,3,False
CGNX,Information Technology,Scientific & Technical Instruments,RSI,RSI 加速上升,None,0.0,0.5525,0.3693,,0.3693,0,10688,0.0074,60.96,61.41,61.86,60.35,2026-08-31,3,False
CLS,Information Technology,Electronic Components,RSI,RSI 加速上升,None,0.0,0.5525,0.3693,,0.3693,0,10688,0.0074,317.38,319.73,322.08,314.21,2026-08-27,3,False
DT,Information Technology,Software - Application,RSI,RSI 加速上升,None,0.0,0.5525,0.3693,,0.3693,0,10688,0.0074,54.59,54.99,55.4,54.04,2026-08-31,3,False
GWRE,Information Technology,Software - Application,RSI,RSI 加速上升,None,0.0,0.5525,0.3693,,0.3693,0,10688,0.0074,205.85,207.37,208.9,203.79,2026-08-28,3,False
LOGI,Information Technology,Computer Hardware,RSI,RSI 加速上升,None,0.0,0.5525,0.3693,,0.3693,0,10688,0.0074,98.02,98.75,99.47,97.04,2026-08-27,3,False
MTSI,Information Technology,Semiconductors,RSI,RSI 加速上升,None,0.0,0.5525,0.3693,,0.3693,0,10688,0.0074,277.15,279.2,281.25,274.38,2026-08-27,3,False
NXT,Information Technology,Solar,RSI,RSI 加速上升,None,0.0,0.5525,0.3693,,0.3693,0,10688,0.0074,89.58,90.24,90.91,88.68,2026-08-27,3,False
SONY,Information Technology,Consumer Electronics,RSI,RSI 加速上升,None,0.0,0.5525,0.3693,,0.3693,0,10688,0.0074,24.85,25.03,25.22,24.6,2026-08-28,3,False
STM,Information Technology,Semiconductors,RSI,RSI 加速上升,None,0.0,0.5525,0.3693,,0.3693,0,10688,0.0074,51.34,51.72,52.1,50.83,2026-08-27,3,False
STRF,Information Technology,Software - Application,RSI,RSI 加速上升,None,0.0,0.5525,0.3693,,0.3693,0,10688,0.0074,102.58,103.34,104.1,101.55,2026-08-27,3,False
STRK,Information Technology,Software - Application,RSI,RSI 加速上升,None,0.0,0.5525,0.3693,,0.3693,0,10688,0.0074,73.75,74.3,74.84,73.01,2026-08-27,3,False
UI,Information Technology,Communication Equipment,RSI,RSI 加速上升,None,0.0,0.5525,0.3693,,0.3693,0,10688,0.0074,590.02,594.39,598.75,584.12,2026-08-31,3,False
WSE,Information Technology,Information Technology Services,RSI,RSI 加速上升,None,0.0,0.5525,0.3693,,0.3693,0,10688,0.0074,13.12,13.22,13.31,12.99,2026-08-27,3,False
XYZ,Information Technology,Software - Infrastructure,RSI,RSI 加速上升,None,0.0,0.5525,0.3693,,0.3693,0,10688,0.0074,84.85,85.48,86.11,84.0,2026-08-27,3,False
EPAM,Information Technology,Information Technology Services,RSI,RSI 動能加速（強勢區）,None,0.0,0.51,0.366,,0.366,0,2885,0.0091,112.77,113.8,114.82,111.64,2026-08-27,3,False
NTNX,Information Technology,Software - Infrastructure,RSI,RSI 動能加速（強勢區）,None,0.0,0.51,0.366,,0.366,0,2885,0.0091,69.84,70.48,71.11,69.14,2026-08-27,3,False
SAP,Information Technology,Software - Application,RSI,RSI 動能加速（強勢區）,None,0.0,0.51,0.366,,0.366,0,2885,0.0091,221.17,223.18,225.2,218.96,2026-08-27,3,False
SHOP,Information Technology,Software - Application,RSI,RSI 動能加速（強勢區）,None,0.0,0.51,0.366,,0.366,0,2885,0.0091,154.33,155.73,157.14,152.79,2026-08-27,3,False
UBER,Information Technology,Software - Application,RSI,RSI 動能加速（強勢區）,None,0.0,0.51,0.366,,0.366,0,2885,0.0091,78.82,79.54,80.25,78.03,2026-08-28,3,False
ADBE,Information Technology,Software - Application,MACD,MACD 金叉 (多頭區),None,0.0,0.68,0.3651,,0.3651,0,504,0.0103,289.15,292.13,295.11,286.26,2026-08-27,3,False
MOH,Health Care,Healthcare Plans,BB,價格在 BB 中軌上方,None,0.0,0.425,0.365,,0.365,0,715,0.0016,200.0,200.32,200.64,198.0,2026-08-28,3,True
ADP,Information Technology,Software - Application,RSI,RSI 維持強勢 (50-70),None,0.0,0.51,0.3645,,0.3645,0,16764,0.0088,286.16,288.68,291.2,283.3,2026-08-31,3,False
BR,Information Technology,Information Technology Services,RSI,RSI 維持強勢 (50-70),None,0.0,0.51,0.3645,,0.3645,0,16764,0.0088,182.38,183.98,185.59,180.56,2026-08-31,3,False
CACI,Information Technology,Information Technology Services,RSI,RSI 維持強勢 (50-70),None,0.0,0.51,0.3645,,0.3645,0,16764,0.0088,623.01,628.49,633.97,616.78,2026-08-31,3,False
CPAY,Information Technology,Software - Infrastructure,RSI,RSI 維持強勢 (50-70),None,0.0,0.51,0.3645,,0.3645,0,16764,0.0088,404.3,407.86,411.42,400.26,2026-08-31,3,False
GRMN,Information Technology,Scientific & Technical Instruments,RSI,RSI 維持強勢 (50-70),None,0.0,0.51,0.3645,,0.3645,0,16764,0.0088,289.87,292.42,294.97,286.97,2026-08-27,3,False
JKHY,Information Technology,Information Technology Services,RSI,RSI 維持強勢 (50-70),None,0.0,0.51,0.3645,,0.3645,0,16764,0.0088,167.91,169.39,170.87,166.23,2026-08-31,3,False
KSPI,Information Technology,Software - Infrastructure,RSI,RSI 維持強勢 (50-70),None,0.0,0.51,0.3645,,0.3645,0,16764,0.0088,105.14,106.07,106.99,104.09,2026-08-31,3,False
P,Information Technology,Computer Hardware,RSI,RSI 維持強勢 (50-70),None,0.0,0.51,0.3645,,0.3645,0,16764,0.0088,99.24,100.11,100.99,98.25,2026-08-27,3,False
PAYX,Information Technology,Software - Application,RSI,RSI 維持強勢 (50-70),None,0.0,0.51,0.3645,,0.3645,0,16764,0.0088,127.04,128.16,129.28,125.77,2026-08-28,3,False
SSNC,Information Technology,Software - Application,RSI,RSI 維持強勢 (50-70),None,0.0,0.51,0.3645,,0.3645,0,16764,0.0088,82.97,83.7,84.43,82.14,2026-08-31,3,False
STRD,Information Technology,Software - Application,RSI,RSI 維持強勢 (50-70),None,0.0,0.51,0.3645,,0.3645,0,16764,0.0088,72.5,73.14,73.78,71.78,2026-08-31,3,False
TOST,Information Technology,Software - Infrastructure,RSI,RSI 維持強勢 (50-70),None,0.0,0.51,0.3645,,0.3645,0,16764,0.0088,35.15,35.46,35.77,34.8,2026-08-28,3,False
U,Information Technology,Software - Application,RSI,RSI 維持強勢 (50-70),None,0.0,0.51,0.3645,,0.3645,0,16764,0.0088,42.1,42.47,42.84,41.68,2026-08-31,3,False
AAOI,Information Technology,Communication Equipment,BB,BB 中軌向上（上升趨勢）,None,0.0,0.51,0.3639,,0.3639,0,16781,0.009,107.69,108.66,109.63,106.61,2026-08-31,3,False
APLD,Information Technology,Information Technology Services,BB,BB 中軌向上（上升趨勢）,None,0.0,0.51,0.3639,,0.3639,0,16781,0.009,25.34,25.57,25.8,25.09,2026-08-28,3,False
ASML,Information Technology,Semiconductor Equipment & Materials,BB,BB 中軌向上（上升趨勢）,None,0.0,0.51,0.3639,,0.3639,0,16781,0.009,1696.01,1711.27,1726.54,1679.05,2026-08-31,3,False
ASTS,Information Technology,Communication Equipment,BB,BB 中軌向上（上升趨勢）,None,0.0,0.51,0.3639,,0.3639,0,16781,0.009,59.1,59.63,60.16,58.51,2026-08-31,3,False
CRWV,Information Technology,Software - Infrastructure,BB,BB 中軌向上（上升趨勢）,None,0.0,0.51,0.3639,,0.3639,0,16781,0.009,84.89,85.65,86.42,84.04,2026-08-31,3,False
ERIC,Information Technology,Communication Equipment,BB,BB 中軌向上（上升趨勢）,None,0.0,0.51,0.3639,,0.3639,0,16781,0.009,10.09,10.18,10.27,9.99,2026-08-31,3,False
FORM,Information Technology,Semiconductor Equipment & Materials,BB,BB 中軌向上（上升趨勢）,None,0.0,0.51,0.3639,,0.3639,0,16781,0.009,100.61,101.52,102.42,99.6,2026-08-31,3,False
ONTO,Information Technology,Semiconductor Equipment & Materials,BB,BB 中軌向上（上升趨勢）,None,0.0,0.51,0.3639,,0.3639,0,16781,0.009,267.21,269.61,272.02,264.54,2026-08-31,3,False
QNT,Information Technology,Software - Application,BB,BB 中軌向上（上升趨勢）,None,0.0,0.51,0.3639,,0.3639,0,16781,0.009,49.92,50.37,50.82,49.42,2026-08-28,3,False
SIMO,Information Technology,Semiconductors,BB,BB 中軌向上（上升趨勢）,None,0.0,0.51,0.3639,,0.3639,0,16781,0.009,246.84,249.06,251.28,244.37,2026-08-31,3,False
SITM,Information Technology,Semiconductors,BB,BB 中軌向上（上升趨勢）,None,0.0,0.51,0.3639,,0.3639,0,16781,0.009,565.42,570.51,575.6,559.77,2026-08-31,3,False
TSEM,Information Technology,Semiconductors,BB,BB 中軌向上（上升趨勢）,None,0.0,0.51,0.3639,,0.3639,0,16781,0.009,208.01,209.88,211.75,205.93,2026-08-28,3,False
VIAV,Information Technology,Communication Equipment,BB,BB 中軌向上（上升趨勢）,None,0.0,0.51,0.3639,,0.3639,0,16781,0.009,36.29,36.62,36.94,35.93,2026-08-31,3,False
J,Industrials,Engineering & Construction,BB,BB 中軌向上（上升趨勢）,None,0.0,0.51,0.3636,0.3636,0.3333,11,936,0.003,149.05,149.5,149.94,147.56,2026-08-31,3,True
TPL,Energy,Oil & Gas E&P,BB,價格在 BB 中軌上方,None,0.0,0.425,0.3636,0.3636,0.2998,275,5768,0.003,374.34,375.46,376.59,370.6,2026-08-31,3,False
TMUS,Communication Services,Telecom Services,MACD,MACD 金叉 (空頭區),None,0.0,0.42,0.3636,0.3636,0.3254,11,252,0.0043,181.37,182.15,182.93,179.56,2026-08-28,3,False
SMCI,Information Technology,Computer Hardware,BB,BB 中軌向上（上升趨勢）,None,0.0,0.51,0.3624,0.3624,0.3639,287,16781,-0.0146,37.28,36.74,36.19,36.91,2026-08-31,3,False
DLTR,Consumer Staples,Discount Stores,BB,BB 中軌向上（上升趨勢）,None,0.0,0.51,0.3622,0.3622,0.2466,185,6128,-0.0005,128.26,128.2,128.13,126.98,2026-08-28,3,False
ESI,Materials,Specialty Chemicals,RSI,RSI 加速上升,None,0.0,0.5525,0.3616,,0.3616,0,177,0.0,35.54,35.54,35.54,35.18,2026-08-31,3,True
AM,Energy,Oil & Gas Midstream,KDJ,KDJ 金叉,None,0.0,0.5525,0.3614,,0.3614,0,498,0.0061,22.53,22.67,22.8,22.3,2026-08-27,3,False
CQP,Energy,Oil & Gas Midstream,KDJ,KDJ 金叉,None,0.0,0.5525,0.3614,,0.3614,0,498,0.0061,68.91,69.33,69.75,68.22,2026-08-28,3,False
ENB,Energy,Oil & Gas Midstream,KDJ,KDJ 金叉,None,0.0,0.5525,0.3614,,0.3614,0,498,0.0061,50.2,50.51,50.81,49.7,2026-08-28,3,False
ET,Energy,Oil & Gas Midstream,KDJ,KDJ 金叉,None,0.0,0.5525,0.3614,,0.3614,0,498,0.0061,21.51,21.64,21.77,21.29,2026-08-31,3,False
FTI,Energy,Oil & Gas Equipment & Services,KDJ,KDJ 金叉,None,0.0,0.5525,0.3614,,0.3614,0,498,0.0061,78.15,78.63,79.1,77.37,2026-08-31,3,False
PBR,Energy,Oil & Gas Integrated,KDJ,KDJ 金叉,None,0.0,0.5525,0.3614,,0.3614,0,498,0.0061,18.25,18.36,18.47,18.07,2026-08-27,3,False
TRP,Energy,Oil & Gas Midstream,KDJ,KDJ 金叉,None,0.0,0.5525,0.3614,,0.3614,0,498,0.0061,62.53,62.91,63.29,61.9,2026-08-31,3,False
VG,Energy,Oil & Gas Midstream,KDJ,KDJ 金叉,None,0.0,0.5525,0.3614,,0.3614,0,498,0.0061,14.64,14.73,14.82,14.49,2026-08-31,3,False
YPF,Energy,Oil & Gas Integrated,KDJ,KDJ 金叉,None,0.0,0.5525,0.3614,,0.3614,0,498,0.0061,51.58,51.89,52.21,51.06,2026-08-31,3,False
E,Energy,Oil & Gas Integrated,RSI,RSI 上穿 50 中性線,None,0.0,0.4675,0.361,,0.361,0,579,0.0056,54.8,55.11,55.41,54.25,2026-08-31,3,False
PBA,Energy,Oil & Gas Midstream,RSI,RSI 上穿 50 中性線,None,0.0,0.4675,0.361,,0.361,0,579,0.0056,48.7,48.97,49.25,48.21,2026-08-31,3,False
TS,Energy,Oil & Gas Equipment & Services,RSI,RSI 上穿 50 中性線,None,0.0,0.4675,0.361,,0.361,0,579,0.0056,55.87,56.18,56.5,55.31,2026-08-31,3,False
TTE,Energy,Oil & Gas Integrated,RSI,RSI 上穿 50 中性線,None,0.0,0.4675,0.361,,0.361,0,579,0.0056,88.31,88.8,89.3,87.43,2026-08-31,3,False
GFL,Industrials,Waste Management,KDJ,KDJ 金叉,None,0.0,0.5525,0.3609,,0.3609,0,133,0.01,42.83,43.26,43.69,42.4,2026-08-28,3,True
XPO,Industrials,Trucking,KDJ,KDJ 金叉,None,0.0,0.5525,0.3609,,0.3609,0,133,0.01,193.99,195.93,197.87,192.05,2026-08-31,3,True
MEDP,Health Care,Diagnostics & Research,RSI,RSI 維持強勢 (50-70),None,0.0,0.51,0.3606,,0.3606,0,502,0.0017,593.99,595.0,596.01,588.05,2026-08-31,3,True
CDW,Information Technology,Information Technology Services,RSI,RSI 維持強勢 (50-70),None,0.0,0.51,0.3591,0.3591,0.3645,181,16764,0.0017,151.58,151.84,152.1,150.06,2026-08-31,3,False
MOS,Materials,Agricultural Inputs,RSI,RSI 動能加速（強勢區）,None,0.0,0.51,0.359,0.359,0.2962,39,942,-0.0019,24.12,24.07,24.03,23.88,2026-08-31,3,False
CNH,Industrials,Farm & Heavy Construction Machinery,RSI,RSI 維持強勢 (50-70),None,0.0,0.51,0.3579,,0.3579,0,746,0.0057,11.83,11.9,11.96,11.71,2026-08-31,3,True
UNP,Industrials,Railroads,RSI,RSI 維持強勢 (50-70),None,0.0,0.51,0.3579,,0.3579,0,746,0.0057,300.67,302.38,304.1,297.66,2026-08-31,3,True
BDX,Health Care,Medical Instruments & Supplies,BB,BB 中軌向上（上升趨勢）,Bullish Engulfing,0.75,1.0,0.3577,,0.3577,0,260,0.0085,189.52,191.13,192.74,187.62,2026-08-28,3,False
BMY,Health Care,Drug Manufacturers - General,BB,BB 中軌向上（上升趨勢）,Bullish Engulfing,0.75,1.0,0.3577,,0.3577,0,260,0.0085,66.81,67.38,67.95,66.14,2026-08-31,3,False
GS,Financials,Capital Markets,RSI,RSI 加速上升,None,0.0,0.5525,0.3575,0.3575,0.3014,179,11488,0.0094,1040.87,1050.65,1060.44,1030.46,2026-08-27,3,False
GOOGL,Communication Services,Internet Content & Information,KDJ,KDJ 金叉,None,0.0,0.5525,0.3571,0.3571,0.3345,28,550,0.0074,346.59,349.15,351.72,343.12,2026-08-28,3,False
SO,Utilities,Utilities - Regulated Electric,BB,BB 跌破下軌 (超賣),None,0.0,0.45499999999999996,0.3571,0.3571,0.4104,14,441,0.013,88.25,89.4,90.54,87.37,2026-08-28,3,False
AES,Utilities,Utilities - Diversified,BB,價格在 BB 中軌上方,None,0.0,0.425,0.3568,0.3568,0.246,213,9864,0.0076,14.73,14.84,14.95,14.58,2026-08-28,3,False
GDDY,Information Technology,Software - Infrastructure,RSI,RSI 維持強勢 (50-70),None,0.0,0.51,0.3558,0.3558,0.3645,208,16764,0.0026,97.88,98.13,98.39,96.9,2026-08-31,3,False
DTM,Energy,Oil & Gas Midstream,MACD,MACD 金叉 (空頭區),None,0.0,0.42,0.3557,,0.3557,0,253,0.0057,129.53,130.27,131.01,128.23,2026-08-28,3,False
BURL,Consumer Discretionary,Apparel Retail,BB,BB 跌破下軌 (超賣),None,0.0,0.45499999999999996,0.3556,,0.3556,0,239,0.0004,259.76,259.86,259.97,257.16,2026-08-31,3,True
CASY,Consumer Discretionary,Specialty Retail,BB,BB 跌破下軌 (超賣),None,0.0,0.45499999999999996,0.3556,,0.3556,0,239,0.0004,763.38,763.69,763.99,755.75,2026-08-27,3,True
NIO,Consumer Discretionary,Auto Manufacturers,BB,BB 跌破下軌 (超賣),None,0.0,0.45499999999999996,0.3556,,0.3556,0,239,0.0004,4.23,4.23,4.23,4.19,2026-08-31,3,True
EXPE,Consumer Discretionary,Travel Services,BB,價格在 BB 中軌上方,None,0.0,0.425,0.3544,0.3544,0.2984,285,12430,0.0007,329.44,329.67,329.9,326.15,2026-08-28,3,False
MPC,Energy,Oil & Gas Refining & Marketing,BB,BB 中軌向上（上升趨勢）,None,0.0,0.51,0.3534,0.3534,0.2962,232,4484,0.0072,373.32,376.01,378.7,369.59,2026-08-31,3,False
PFG,Financials,Asset Management,RSI,RSI 加速上升,None,0.0,0.5525,0.3533,0.3533,0.3014,150,11488,0.0059,112.17,112.83,113.49,111.05,2026-08-27,3,False
AIT,Industrials,Industrial Distribution,BB,BB 跌破下軌 (超賣),None,0.0,0.45499999999999996,0.3532,,0.3532,0,436,0.0052,322.22,323.9,325.57,319.0,2026-08-28,3,True
ALLE,Industrials,Security & Protection Services,BB,BB 跌破下軌 (超賣),None,0.0,0.45499999999999996,0.3532,,0.3532,0,436,0.0052,155.25,156.06,156.86,153.7,2026-08-31,3,True
AOS,Industrials,Specialty Industrial Machinery,BB,BB 跌破下軌 (超賣),None,0.0,0.45499999999999996,0.3532,,0.3532,0,436,0.0052,59.13,59.44,59.74,58.54,2026-08-31,3,True
DOV,Industrials,Specialty Industrial Machinery,BB,BB 跌破下軌 (超賣),None,0.0,0.45499999999999996,0.3532,,0.3532,0,436,0.0052,194.23,195.24,196.25,192.29,2026-08-31,3,True
GD,Industrials,Aerospace & Defense,BB,BB 跌破下軌 (超賣),None,0.0,0.45499999999999996,0.3532,,0.3532,0,436,0.0052,371.35,373.28,375.21,367.64,2026-08-31,3,True
GGG,Industrials,Specialty Industrial Machinery,BB,BB 跌破下軌 (超賣),None,0.0,0.45499999999999996,0.3532,,0.3532,0,436,0.0052,77.43,77.83,78.24,76.66,2026-08-31,3,True
CRL,Health Care,Diagnostics & Research,RSI,RSI 維持強勢 (50-70),None,0.0,0.51,0.3527,0.3527,0.2772,224,12123,-0.0055,288.24,286.65,285.07,285.36,2026-08-31,3,False
JAZZ,Health Care,Biotechnology,RSI,RSI 上穿 50 中性線,Bullish Engulfing,0.75,0.9735000000000001,0.3519,,0.3519,0,54,0.0013,250.68,251.01,251.33,248.17,2026-08-31,3,False
CBRE,Real Estate,Real Estate Services,BB,BB 中軌向上（上升趨勢）,None,0.0,0.51,0.3508,0.3508,0.2647,248,5713,0.0069,150.82,151.86,152.9,149.31,2026-08-28,3,False
IREN,Financials,Capital Markets,BB,BB 跌破下軌 (超賣),None,0.0,0.45499999999999996,0.3485,,0.3485,0,1277,0.0043,35.45,35.6,35.75,35.1,2026-08-28,3,False
WBD,Communication Services,Entertainment,BB,BB 中軌向上（上升趨勢）,None,0.0,0.51,0.345,0.345,0.2943,171,4771,-0.001,28.53,28.5,28.47,28.24,2026-08-31,3,False
MGM,Consumer Discretionary,Resorts & Casinos,RSI,RSI 超賣區域 (30),None,0.0,0.5249999999999999,0.3448,,0.3448,0,203,0.0038,41.36,41.52,41.67,40.95,2026-08-31,3,False
ONON,Consumer Discretionary,Footwear & Accessories,RSI,RSI 超賣區域 (30),None,0.0,0.5249999999999999,0.3448,,0.3448,0,203,0.0038,28.5,28.61,28.72,28.21,2026-08-31,3,False
AFRM,Financials,Credit Services,RSI,RSI 維持強勢 (50-70),None,0.0,0.51,0.3448,,0.3448,0,609,0.0048,77.76,78.13,78.51,76.98,2026-08-28,3,True
BNY,Financials,Banks - Diversified,RSI,RSI 維持強勢 (50-70),None,0.0,0.51,0.3448,,0.3448,0,609,0.0048,161.28,162.05,162.83,159.67,2026-08-31,3,True
BPYPM,Financials,Asset Management,RSI,RSI 維持強勢 (50-70),None,0.0,0.51,0.3448,,0.3448,0,609,0.0048,17.0,17.08,17.16,16.83,2026-08-31,3,True
CIB,Financials,Banks - Regional,RSI,RSI 維持強勢 (50-70),None,0.0,0.51,0.3448,,0.3448,0,609,0.0048,96.12,96.58,97.04,95.16,2026-08-31,3,True
WBS,Financials,Banks - Regional,RSI,RSI 維持強勢 (50-70),None,0.0,0.51,0.3448,,0.3448,0,609,0.0048,77.97,78.34,78.72,77.19,2026-08-18,3,True
NVMI,Information Technology,Semiconductor Equipment & Materials,BB,BB 跌破下軌 (超賣),None,0.0,0.45499999999999996,0.3447,,0.3447,0,1001,0.0043,349.06,350.56,352.06,345.57,2026-08-28,3,False
BIIB,Health Care,Drug Manufacturers - General,RSI,RSI 維持強勢 (50-70),None,0.0,0.51,0.3444,0.3444,0.2772,151,12123,0.0031,216.65,217.32,217.99,214.48,2026-08-31,3,False
UHS,Health Care,Medical Care Facilities,RSI,RSI 維持強勢 (50-70),None,0.0,0.51,0.3424,0.3424,0.2772,184,12123,0.0014,170.33,170.57,170.81,168.63,2026-08-31,3,False
GOOG,Communication Services,Internet Content & Information,BB,BB 中軌向上（上升趨勢）,None,0.0,0.51,0.3415,0.3415,0.2943,246,4771,0.0062,337.71,339.8,341.9,334.33,2026-08-27,3,False
EFX,Industrials,Consulting Services,BB,價格在 BB 中軌上方,None,0.0,0.425,0.3415,0.3415,0.295,205,22337,-0.0018,189.16,188.82,188.48,187.27,2026-08-31,3,False
ZBRA,Information Technology,Communication Equipment,RSI,RSI 維持強勢 (50-70),None,0.0,0.51,0.3412,0.3412,0.3645,211,16764,0.0047,353.55,355.21,356.87,350.01,2026-08-31,3,False
WELL,Real Estate,REIT - Healthcare Facilities,BB,價格在 BB 中軌上方,None,0.0,0.425,0.3409,0.3409,0.248,399,8032,0.0038,238.07,238.97,239.88,235.69,2026-08-28,3,False
GEN,Information Technology,Software - Infrastructure,BB,BB 中軌向上（上升趨勢）,None,0.0,0.51,0.3408,0.3408,0.3639,179,16781,0.006,31.0,31.19,31.37,30.69,2026-08-31,3,False
VST,Utilities,Utilities - Independent Power Producers,KDJ,KDJ 金叉,None,0.0,0.5525,0.3404,0.3404,0.3001,47,713,0.0038,137.37,137.89,138.41,136.0,2026-08-31,3,False
ROIV,Health Care,Biotechnology,BB,BB 中軌向上（上升趨勢）,None,0.0,0.51,0.3402,,0.3402,0,579,0.0005,34.64,34.66,34.67,34.29,2026-08-31,3,True
STT,Financials,Asset Management,RSI,RSI 加速上升,None,0.0,0.5525,0.3393,0.3393,0.3014,168,11488,0.009,193.33,195.07,196.81,191.4,2026-08-28,3,False
DASH,Consumer Discretionary,Internet Retail,RSI,RSI 維持強勢 (50-70),None,0.0,0.51,0.3377,0.3377,0.2995,231,10441,0.001,231.74,231.97,232.2,229.42,2026-08-31,3,False
RIVN,Consumer Discretionary,Auto Manufacturers,MACD,MACD 突破 0 軸,None,0.0,0.595,0.3351,,0.3351,0,376,0.0114,16.8,16.99,17.18,16.63,2026-08-27,3,False
ECHO,Communication Services,Telecom Services,KDJ,KDJ 金叉,None,0.0,0.5525,0.3345,,0.3345,0,550,0.0065,86.44,87.0,87.56,85.58,2026-08-31,3,False
RDDT,Communication Services,Internet Content & Information,KDJ,KDJ 金叉,None,0.0,0.5525,0.3345,,0.3345,0,550,0.0065,153.0,153.99,154.99,151.47,2026-08-28,3,False
VOD,Communication Services,Telecom Services,KDJ,KDJ 金叉,None,0.0,0.5525,0.3345,,0.3345,0,550,0.0065,16.04,16.14,16.25,15.88,2026-08-28,3,False
DG,Consumer Staples,Discount Stores,MACD,MACD 金叉 (多頭區),None,0.0,0.68,0.3333,,0.3333,0,21,0.0024,126.75,127.05,127.36,125.48,2026-08-31,3,True
IEX,Industrials,Specialty Industrial Machinery,KDJ,KDJ 金叉,None,0.0,0.5525,0.3333,0.3333,0.3223,24,2110,0.0039,233.98,234.89,235.81,231.64,2026-08-27,3,False
ATI,Industrials,Metal Fabrication,BB,BB 中軌向上（上升趨勢）,None,0.0,0.51,0.3333,,0.3333,0,936,0.0044,204.2,205.1,206.0,202.16,2026-08-31,3,True
CAG,Consumer Staples,Packaged Foods,BB,BB 中軌向上（上升趨勢）,None,0.0,0.51,0.3333,0.3333,0.2466,114,6128,0.0085,16.02,16.16,16.29,15.86,2026-08-31,3,False
NVT,Industrials,Electrical Equipment & Parts,BB,BB 中軌向上（上升趨勢）,None,0.0,0.51,0.3333,,0.3333,0,936,0.0044,150.75,151.41,152.08,149.24,2026-08-31,3,True
TRMB,Information Technology,Scientific & Technical Instruments,RSI,RSI 維持強勢 (50-70),None,0.0,0.51,0.3333,0.3333,0.4471,9,747,-0.0007,59.94,59.9,59.86,59.34,2026-08-31,3,True
MNST,Consumer Staples,Beverages - Non-Alcoholic,RSI,RSI 維持超賣,None,0.0,0.385,0.3333,0.3333,0.2366,9,744,-0.0022,45.92,45.82,45.72,45.46,2026-08-31,3,False
CHTR,Communication Services,Telecom Services,RSI,RSI 維持強勢 (50-70),None,0.0,0.51,0.3315,0.3315,0.3082,178,5205,-0.0055,152.44,151.6,150.76,150.92,2026-08-31,3,False
HSIC,Health Care,Medical Distribution,BB,價格在 BB 中軌上方,None,0.0,0.425,0.3314,0.3314,0.2804,169,14417,-0.0009,89.8,89.72,89.64,88.9,2026-08-31,3,False
ARES,Financials,Asset Management,RSI,RSI 維持強勢 (50-70),None,0.0,0.51,0.3313,0.3313,0.2842,329,19108,0.0049,143.17,143.87,144.57,141.74,2026-08-31,3,False
PSKY,Communication Services,Entertainment,RSI,RSI 加速上升,None,0.0,0.5525,0.3309,0.3309,0.3116,139,3322,0.0011,10.91,10.92,10.93,10.8,2026-08-31,3,False
AAON,Industrials,Building Products & Equipment,MACD,MACD 金叉 (空頭區),None,0.0,0.42,0.3303,,0.3303,0,875,0.0053,78.15,78.56,78.98,77.37,2026-08-27,3,False
POWL,Industrials,Electrical Equipment & Parts,MACD,MACD 金叉 (空頭區),None,0.0,0.42,0.3303,,0.3303,0,875,0.0053,192.55,193.57,194.59,190.62,2026-08-27,3,False
RBA,Industrials,Specialty Business Services,MACD,MACD 金叉 (空頭區),None,0.0,0.42,0.3303,,0.3303,0,875,0.0053,85.89,86.35,86.8,85.03,2026-08-27,3,False
SAIA,Industrials,Trucking,MACD,MACD 金叉 (空頭區),None,0.0,0.42,0.3303,,0.3303,0,875,0.0053,353.08,354.95,356.82,349.55,2026-08-27,3,False
VMI,Industrials,Conglomerates,MACD,MACD 金叉 (空頭區),None,0.0,0.42,0.3303,,0.3303,0,875,0.0053,480.53,483.08,485.62,475.72,2026-08-27,3,False
HBANM,Financials,Banks - Regional,MACD,MACD 突破 0 軸,None,0.0,0.595,0.3301,,0.3301,0,618,0.0061,20.825,20.95,21.08,20.62,2026-08-31,3,False
SMFG,Financials,Banks - Diversified,MACD,MACD 突破 0 軸,None,0.0,0.595,0.3301,,0.3301,0,618,0.0061,25.92,26.08,26.24,25.66,2026-08-28,3,False
DIS,Communication Services,Entertainment,RSI,RSI 維持強勢 (50-70),None,0.0,0.51,0.3297,0.3297,0.3082,182,5205,0.0094,107.55,108.56,109.57,106.47,2026-08-31,3,False
BRO,Financials,Insurance Brokers,RSI,RSI 維持強勢 (50-70),Support,0.7,1.0,0.3276,,0.3276,0,58,0.0022,71.39,71.55,71.7,70.68,2026-08-27,3,False
HSBC,Financials,Banks - Diversified,RSI,RSI 維持強勢 (50-70),Support,0.8,1.0,0.3276,,0.3276,0,58,0.0022,102.85,103.08,103.3,101.82,2026-08-27,3,False
MA,Financials,Credit Services,RSI,RSI 維持強勢 (50-70),Support,0.9,1.0,0.3276,,0.3276,0,58,0.0022,591.73,593.03,594.33,585.81,2026-08-27,3,False
MRSH,Financials,Insurance Brokers,RSI,RSI 維持強勢 (50-70),Support,0.9,1.0,0.3276,,0.3276,0,58,0.0022,190.0,190.42,190.84,188.1,2026-08-27,3,False
PGR,Financials,Insurance - Property & Casualty,RSI,RSI 維持強勢 (50-70),Support,0.9,1.0,0.3276,,0.3276,0,58,0.0022,217.65,218.13,218.61,215.47,2026-08-27,3,False
RGA,Financials,Insurance - Reinsurance,RSI,RSI 維持強勢 (50-70),Support,0.9,1.0,0.3276,,0.3276,0,58,0.0022,246.02,246.56,247.1,243.56,2026-08-27,3,False
SAN,Financials,Banks - Diversified,RSI,RSI 維持強勢 (50-70),Support,0.7,1.0,0.3276,,0.3276,0,58,0.0022,14.55,14.58,14.61,14.4,2026-08-27,3,False
DVA,Health Care,Medical Care Facilities,RSI,RSI 加速上升,None,0.0,0.5525,0.3269,0.3269,0.2803,156,8492,0.0082,180.68,182.16,183.64,178.87,2026-08-28,3,False
CNQ,Energy,Oil & Gas E&P,RSI,RSI 動能加速（強勢區）,None,0.0,0.51,0.3265,,0.3265,0,873,0.0005,50.07,50.1,50.12,49.57,2026-08-31,3,False
CVE,Energy,Oil & Gas Integrated,RSI,RSI 動能加速（強勢區）,None,0.0,0.51,0.3265,,0.3265,0,873,0.0005,32.15,32.17,32.18,31.83,2026-08-31,3,False
EQNR,Energy,Oil & Gas Integrated,RSI,RSI 動能加速（強勢區）,None,0.0,0.51,0.3265,,0.3265,0,873,0.0005,42.8,42.82,42.84,42.37,2026-08-31,3,False
LNG,Energy,Oil & Gas Midstream,RSI,RSI 動能加速（強勢區）,None,0.0,0.51,0.3265,,0.3265,0,873,0.0005,291.69,291.84,291.98,288.77,2026-08-31,3,False
OVV,Energy,Oil & Gas E&P,RSI,RSI 動能加速（強勢區）,None,0.0,0.51,0.3265,,0.3265,0,873,0.0005,65.65,65.68,65.72,64.99,2026-08-31,3,False
PR,Energy,Oil & Gas E&P,RSI,RSI 動能加速（強勢區）,None,0.0,0.51,0.3265,,0.3265,0,873,0.0005,23.29,23.3,23.31,23.06,2026-08-31,3,False
SU,Energy,Oil & Gas Integrated,RSI,RSI 動能加速（強勢區）,None,0.0,0.51,0.3265,,0.3265,0,873,0.0005,66.82,66.85,66.89,66.15,2026-08-31,3,False
SUN,Energy,Oil & Gas Refining & Marketing,RSI,RSI 動能加速（強勢區）,None,0.0,0.51,0.3265,,0.3265,0,873,0.0005,76.04,76.08,76.12,75.28,2026-08-31,3,False
TMO,Health Care,Diagnostics & Research,RSI,RSI 維持強勢 (50-70),None,0.0,0.51,0.3265,0.3265,0.2772,196,12123,0.0039,617.1,619.51,621.91,610.93,2026-08-31,3,False
VNOM,Energy,Oil & Gas Midstream,RSI,RSI 動能加速（強勢區）,None,0.0,0.51,0.3265,,0.3265,0,873,0.0005,44.79,44.81,44.83,44.34,2026-08-31,3,False
WDS,Energy,Oil & Gas E&P,RSI,RSI 動能加速（強勢區）,None,0.0,0.51,0.3265,,0.3265,0,873,0.0005,23.29,23.3,23.31,23.06,2026-08-27,3,False
WES,Energy,Oil & Gas Midstream,RSI,RSI 動能加速（強勢區）,None,0.0,0.51,0.3265,,0.3265,0,873,0.0005,48.3,48.32,48.35,47.82,2026-08-28,3,False
BPYPN,Real Estate,Real Estate Services,BB,價格在 BB 中軌上方,Consolidation Breakout,0.85,1.0,0.3261,,0.3261,0,46,0.0094,14.09,14.22,14.35,13.95,2026-08-31,3,True
BPYPO,Real Estate,Real Estate Services,BB,價格在 BB 中軌上方,Consolidation Breakout,0.85,1.0,0.3261,,0.3261,0,46,0.0094,15.435,15.58,15.73,15.28,2026-08-31,3,True
BEKE,Real Estate,Real Estate Services,RSI,RSI 維持強勢 (50-70),None,0.0,0.51,0.3261,,0.3261,0,230,0.0069,18.32,18.45,18.57,18.14,2026-08-28,3,True
AXON,Industrials,Aerospace & Defense,RSI,RSI 維持強勢 (50-70),None,0.0,0.51,0.3255,0.3255,0.2986,212,19157,-0.0009,600.73,600.19,599.65,594.72,2026-08-28,3,False
BIDU,Communication Services,Internet Content & Information,MACD,MACD 金叉 (空頭區),None,0.0,0.42,0.3254,,0.3254,0,252,0.0044,95.28,95.7,96.12,94.33,2026-08-31,3,False
TIGO,Communication Services,Telecom Services,MACD,MACD 金叉 (空頭區),None,0.0,0.42,0.3254,,0.3254,0,252,0.0044,93.76,94.17,94.59,92.82,2026-08-31,3,False
RVTY,Health Care,Diagnostics & Research,BB,價格在 BB 中軌上方,None,0.0,0.425,0.3247,0.3247,0.2804,194,14417,-0.0022,128.67,128.39,128.1,127.38,2026-08-31,3,False
GSAT,Communication Services,Telecom Services,RSI,RSI 上穿 50 中性線,None,0.0,0.4675,0.3243,,0.3243,0,518,0.004,82.05,82.38,82.71,81.23,2026-08-27,3,False
A,Health Care,Diagnostics & Research,RSI,RSI 維持強勢 (50-70),None,0.0,0.51,0.3237,0.3237,0.2772,207,12123,0.0002,153.56,153.59,153.62,152.02,2026-08-31,3,False
SGI,Consumer Discretionary,"Furnishings, Fixtures & Appliances",MACD,MACD 金叉 (空頭區),None,0.0,0.42,0.3233,,0.3233,0,529,0.0066,64.37,64.79,65.22,63.73,2026-08-28,3,False
CCJ,Energy,Uranium,RSI,RSI 加速上升,None,0.0,0.5525,0.3227,,0.3227,0,3306,0.0024,106.33,106.59,106.84,105.27,2026-08-27,3,False
EPD,Energy,Oil & Gas Midstream,RSI,RSI 加速上升,None,0.0,0.5525,0.3227,,0.3227,0,3306,0.0024,39.02,39.11,39.21,38.63,2026-08-28,3,False
MPLX,Energy,Oil & Gas Midstream,RSI,RSI 加速上升,None,0.0,0.5525,0.3227,,0.3227,0,3306,0.0024,59.51,59.65,59.8,58.91,2026-08-27,3,False
PAA,Energy,Oil & Gas Midstream,RSI,RSI 加速上升,None,0.0,0.5525,0.3227,,0.3227,0,3306,0.0024,25.51,25.57,25.63,25.25,2026-08-27,3,False
BWXT,Industrials,Aerospace & Defense,KDJ,KDJ 金叉,None,0.0,0.5525,0.3223,,0.3223,0,2110,0.0051,155.85,156.64,157.44,154.29,2026-08-27,3,False
CR,Industrials,Specialty Industrial Machinery,KDJ,KDJ 金叉,None,0.0,0.5525,0.3223,,0.3223,0,2110,0.0051,208.98,210.05,211.11,206.89,2026-08-27,3,False
FDXF,Industrials,Integrated Freight & Logistics,KDJ,KDJ 金叉,None,0.0,0.5525,0.3223,,0.3223,0,2110,0.0051,133.45,134.13,134.81,132.12,2026-08-28,3,False
POOL,Industrials,Industrial Distribution,KDJ,KDJ 金叉,None,0.0,0.5525,0.3223,,0.3223,0,2110,0.0051,188.07,189.03,189.99,186.19,2026-08-28,3,False
SPCX,Industrials,Aerospace & Defense,KDJ,KDJ 金叉,None,0.0,0.5525,0.3223,,0.3223,0,2110,0.0051,141.5,142.22,142.94,140.09,2026-08-28,3,False
SPXC,Industrials,Building Products & Equipment,KDJ,KDJ 金叉,None,0.0,0.5525,0.3223,,0.3223,0,2110,0.0051,205.28,206.33,207.37,203.23,2026-08-27,3,False
TRI,Industrials,Specialty Business Services,KDJ,KDJ 金叉,None,0.0,0.5525,0.3223,,0.3223,0,2110,0.0051,106.225,106.77,107.31,105.16,2026-08-28,3,False
WCC,Industrials,Industrial Distribution,KDJ,KDJ 金叉,None,0.0,0.5525,0.3223,,0.3223,0,2110,0.0051,350.66,352.45,354.24,347.15,2026-08-27,3,False
GL,Financials,Insurance - Life,RSI,RSI 加速上升,None,0.0,0.5525,0.3221,0.3221,0.3014,149,11488,0.0145,172.79,175.3,177.8,171.06,2026-08-28,3,False
UBS,Financials,Banks - Diversified,RSI,RSI 動能加速（強勢區）,Consolidation Breakout,0.85,1.0,0.3218,,0.3218,0,87,0.0041,55.72,55.95,56.18,55.16,2026-08-31,3,True
EVR,Financials,Capital Markets,MACD,MACD 金叉 (空頭區),None,0.0,0.42,0.3214,,0.3214,0,865,0.0073,290.11,292.23,294.35,287.21,2026-08-28,3,False
MKL,Financials,Insurance - Property & Casualty,MACD,MACD 金叉 (空頭區),None,0.0,0.42,0.3214,,0.3214,0,865,0.0073,1818.6899,1831.97,1845.24,1800.5,2026-08-28,3,False
HCA,Health Care,Medical Care Facilities,RSI,RSI 維持強勢 (50-70),None,0.0,0.51,0.321,0.321,0.2772,271,12123,0.0051,414.45,416.56,418.68,410.31,2026-08-31,3,False
REGN,Health Care,Biotechnology,BB,價格在 BB 中軌上方,None,0.0,0.425,0.3207,0.3207,0.2804,290,14417,0.0008,807.71,808.36,809.0,799.63,2026-08-27,3,False
PINS,Communication Services,Internet Content & Information,BB,BB 跌破下軌 (超賣),None,0.0,0.45499999999999996,0.3194,,0.3194,0,144,0.0009,21.71,21.73,21.75,21.49,2026-08-31,3,True
LEN,Consumer Discretionary,Residential Construction,BB,BB 中軌向上（上升趨勢）,None,0.0,0.51,0.3191,0.3191,0.2908,141,9757,-0.0026,86.33,86.11,85.88,85.47,2026-08-28,3,False
EQT,Energy,Oil & Gas E&P,RSI,RSI 維持強勢 (50-70),None,0.0,0.51,0.3186,0.3186,0.2963,204,4891,-0.001,54.18,54.13,54.07,53.64,2026-08-31,3,False
JD,Consumer Discretionary,Internet Retail,KDJ,KDJ 金叉,None,0.0,0.5525,0.3183,,0.3183,0,1244,0.0033,28.74,28.83,28.93,28.45,2026-08-28,3,False
IX,Financials,Financial Conglomerates,RSI,RSI 加速上升,None,0.0,0.5525,0.318,,0.318,0,588,0.002,38.92,39.0,39.08,38.53,2026-08-27,3,True
HAS,Consumer Discretionary,Leisure,BB,價格在 BB 中軌上方,None,0.0,0.425,0.318,0.318,0.2984,305,12430,0.0053,94.23,94.73,95.23,93.29,2026-08-28,3,False
CYTK,Health Care,Biotechnology,BB,BB 跌破下軌 (超賣),None,0.0,0.45499999999999996,0.3173,,0.3173,0,375,-0.0037,70.91,70.65,70.39,70.2,2026-08-31,3,True
MDGL,Health Care,Biotechnology,MACD,MACD 突破 0 軸,None,0.0,0.595,0.3171,,0.3171,0,432,0.0028,543.69,545.21,546.73,538.25,2026-08-27,3,False
ALNY,Health Care,Biotechnology,RSI,RSI 上穿 50 中性線,None,0.0,0.4675,0.3144,,0.3144,0,1323,0.003,240.69,241.41,242.13,238.28,2026-08-31,3,False
BRKRP,Health Care,Medical Devices,RSI,RSI 上穿 50 中性線,None,0.0,0.4675,0.3144,,0.3144,0,1323,0.003,437.4,438.71,440.02,433.03,2026-08-27,3,False
INSM,Health Care,Biotechnology,RSI,RSI 上穿 50 中性線,None,0.0,0.4675,0.3144,,0.3144,0,1323,0.003,121.82,122.19,122.55,120.6,2026-08-31,3,False
UTHR,Health Care,Drug Manufacturers - Specialty & Generic,RSI,RSI 上穿 50 中性線,None,0.0,0.4675,0.3144,,0.3144,0,1323,0.003,527.91,529.49,531.08,522.63,2026-08-27,3,False
DVN,Energy,Oil & Gas E&P,RSI,RSI 動能加速（強勢區）,None,0.0,0.51,0.3143,0.3143,0.3265,35,873,-0.0081,48.51,48.12,47.72,48.02,2026-08-31,3,False
ALLY,Financials,Credit Services,KDJ,KDJ 金叉,None,0.0,0.5525,0.3142,,0.3142,0,1932,0.0041,42.21,42.38,42.56,41.79,2026-08-31,3,False
BAM,Financials,Asset Management,KDJ,KDJ 金叉,None,0.0,0.5525,0.3142,,0.3142,0,1932,0.0041,52.12,52.33,52.55,51.6,2026-08-28,3,False
CRBG,Financials,Asset Management,KDJ,KDJ 金叉,None,0.0,0.5525,0.3142,,0.3142,0,1932,0.0041,32.63,32.76,32.9,32.3,2026-08-27,3,False
EQH,Financials,Asset Management,KDJ,KDJ 金叉,None,0.0,0.5525,0.3142,,0.3142,0,1932,0.0041,50.15,50.36,50.56,49.65,2026-08-27,3,False
FCNCA,Financials,Banks - Regional,KDJ,KDJ 金叉,None,0.0,0.5525,0.3142,,0.3142,0,1932,0.0041,2194.0701,2203.07,2212.06,2172.13,2026-08-28,3,False
FNF,Financials,Insurance - Specialty,KDJ,KDJ 金叉,None,0.0,0.5525,0.3142,,0.3142,0,1932,0.0041,47.55,47.74,47.94,47.07,2026-08-28,3,False
LPLA,Financials,Capital Markets,KDJ,KDJ 金叉,None,0.0,0.5525,0.3142,,0.3142,0,1932,0.0041,361.22,362.7,364.18,357.61,2026-08-27,3,False
MFG,Financials,Banks - Regional,KDJ,KDJ 金叉,None,0.0,0.5525,0.3142,,0.3142,0,1932,0.0041,10.44,10.48,10.53,10.34,2026-08-27,3,False
OWL,Financials,Asset Management,KDJ,KDJ 金叉,None,0.0,0.5525,0.3142,,0.3142,0,1932,0.0041,12.02,12.07,12.12,11.9,2026-08-27,3,False
SF,Financials,Capital Markets,KDJ,KDJ 金叉,None,0.0,0.5525,0.3142,,0.3142,0,1932,0.0041,81.29,81.62,81.96,80.48,2026-08-28,3,False
SPY,Financials,Asset Management,KDJ,KDJ 金叉,None,0.0,0.5525,0.3142,,0.3142,0,1932,0.0041,771.1,774.26,777.42,763.39,2026-08-27,3,False
TD,Financials,Banks - Diversified,KDJ,KDJ 金叉,None,0.0,0.5525,0.3142,,0.3142,0,1932,0.0041,121.09,121.59,122.08,119.88,2026-08-27,3,False
TPG,Financials,Asset Management,KDJ,KDJ 金叉,None,0.0,0.5525,0.3142,,0.3142,0,1932,0.0041,53.94,54.16,54.38,53.4,2026-08-27,3,False
TW,Financials,Capital Markets,KDJ,KDJ 金叉,None,0.0,0.5525,0.3142,,0.3142,0,1932,0.0041,108.87,109.32,109.76,107.78,2026-08-28,3,False
BDRX,Health Care,Biotechnology,RSI,RSI 維持超賣,None,0.0,0.385,0.3138,,0.3138,0,956,0.0016,0.812,0.81,0.81,0.8,2026-08-31,3,False
CHT,Communication Services,Telecom Services,RSI,RSI 動能加速（強勢區）,None,0.0,0.51,0.3135,,0.3135,0,772,0.0011,43.21,43.26,43.31,42.78,2026-08-31,3,False
SPOT,Communication Services,Internet Content & Information,RSI,RSI 動能加速（強勢區）,None,0.0,0.51,0.3135,,0.3135,0,772,0.0011,547.51,548.11,548.71,542.03,2026-08-28,3,False
PYPL,Financials,Credit Services,RSI,RSI 維持強勢 (50-70),None,0.0,0.51,0.3128,0.3128,0.2842,211,19108,-0.0065,61.47,61.07,60.67,60.86,2026-08-27,3,False
CART,Consumer Discretionary,Internet Retail,RSI,RSI 維持強勢 (50-70),Support,0.8,1.0,0.3125,,0.3125,0,32,-0.0041,50.48,50.27,50.07,49.98,2026-08-27,3,False
CMG,Consumer Discretionary,Restaurants,RSI,RSI 維持強勢 (50-70),Support,0.9,1.0,0.3125,,0.3125,0,32,-0.0041,37.22,37.07,36.91,36.85,2026-08-27,3,False
MELI,Consumer Discretionary,Internet Retail,RSI,RSI 維持強勢 (50-70),Support,0.7,1.0,0.3125,,0.3125,0,32,-0.0041,1930.75,1922.83,1914.92,1911.44,2026-08-27,3,False
RACE,Consumer Discretionary,Auto Manufacturers,RSI,RSI 維持強勢 (50-70),Support,0.8,1.0,0.3125,,0.3125,0,32,-0.0041,414.04,412.34,410.64,409.9,2026-08-27,3,False
USB,Financials,Banks - Regional,RSI,RSI 加速上升,None,0.0,0.5525,0.3125,0.3125,0.3014,144,11488,0.0044,62.4,62.67,62.95,61.78,2026-08-27,3,False
BROS,Consumer Discretionary,Restaurants,RSI,RSI 加速上升,None,0.0,0.5525,0.3117,,0.3117,0,6796,0.004,50.71,50.91,51.12,50.2,2026-08-27,3,False
IHG,Consumer Discretionary,Lodging,RSI,RSI 加速上升,None,0.0,0.5525,0.3117,,0.3117,0,6796,0.004,163.02,163.67,164.32,161.39,2026-08-27,3,False
SN,Consumer Discretionary,"Furnishings, Fixtures & Appliances",RSI,RSI 加速上升,None,0.0,0.5525,0.3117,,0.3117,0,6796,0.004,192.49,193.26,194.03,190.57,2026-08-31,3,False
STLA,Consumer Discretionary,Auto Manufacturers,RSI,RSI 加速上升,None,0.0,0.5525,0.3117,,0.3117,0,6796,0.004,5.49,5.51,5.53,5.44,2026-08-31,3,False
NTES,Communication Services,Electronic Gaming & Multimedia,RSI,RSI 加速上升,None,0.0,0.5525,0.3116,,0.3116,0,3322,0.0033,122.69,123.09,123.5,121.46,2026-08-27,3,False
NYT,Communication Services,Publishing,RSI,RSI 加速上升,None,0.0,0.5525,0.3116,,0.3116,0,3322,0.0033,68.16,68.38,68.61,67.48,2026-08-28,3,False
TIMB,Communication Services,Telecom Services,RSI,RSI 加速上升,None,0.0,0.5525,0.3116,,0.3116,0,3322,0.0033,17.77,17.83,17.89,17.59,2026-08-27,3,False
VIV,Communication Services,Telecom Services,RSI,RSI 加速上升,None,0.0,0.5525,0.3116,,0.3116,0,3322,0.0033,11.54,11.58,11.62,11.42,2026-08-31,3,False
WMG,Communication Services,Entertainment,RSI,RSI 加速上升,None,0.0,0.5525,0.3116,,0.3116,0,3322,0.0033,28.19,28.28,28.38,27.91,2026-08-27,3,False
SWK,Industrials,Tools & Accessories,BB,BB 中軌向上（上升趨勢）,None,0.0,0.51,0.311,0.311,0.2929,164,17460,-0.003,96.37,96.08,95.79,95.41,2026-08-31,3,False
GILD,Health Care,Drug Manufacturers - General,BB,BB 中軌向上（上升趨勢）,None,0.0,0.51,0.3105,0.3105,0.2705,219,10885,0.005,146.34,147.07,147.8,144.88,2026-08-31,3,False
DD,Materials,Specialty Chemicals,KDJ,KDJ 金叉,None,0.0,0.5525,0.3103,0.3103,0.314,29,637,0.0105,138.8,140.26,141.71,137.41,2026-08-27,3,False
TGT,Consumer Staples,Discount Stores,BB,BB 中軌向上（上升趨勢）,None,0.0,0.51,0.3094,0.3094,0.2466,181,6128,0.0009,160.88,161.02,161.17,159.27,2026-08-31,3,False
AEG,Financials,Insurance - Diversified,RSI,RSI 上穿 50 中性線,None,0.0,0.4675,0.3091,,0.3091,0,1899,0.0046,9.19,9.23,9.27,9.1,2026-08-28,3,False
AFG,Financials,Insurance - Property & Casualty,RSI,RSI 上穿 50 中性線,None,0.0,0.4675,0.3091,,0.3091,0,1899,0.0046,143.62,144.28,144.94,142.18,2026-08-28,3,False
NU,Financials,Banks - Regional,RSI,RSI 上穿 50 中性線,None,0.0,0.4675,0.3091,,0.3091,0,1899,0.0046,14.55,14.62,14.68,14.4,2026-08-31,3,False
RIOT,Financials,Capital Markets,RSI,RSI 上穿 50 中性線,None,0.0,0.4675,0.3091,,0.3091,0,1899,0.0046,20.88,20.98,21.07,20.67,2026-08-27,3,False
RKT,Financials,Mortgage Finance,RSI,RSI 上穿 50 中性線,None,0.0,0.4675,0.3091,,0.3091,0,1899,0.0046,14.24,14.31,14.37,14.1,2026-08-27,3,False
BUD,Consumer Staples,Beverages - Brewers,RSI,RSI 加速上升,None,0.0,0.5525,0.309,,0.309,0,288,-0.0012,79.1,79.01,78.91,78.31,2026-08-27,3,True
CMI,Industrials,Specialty Industrial Machinery,RSI,RSI 超賣區域 (30),None,0.0,0.5249999999999999,0.3086,,0.3086,0,337,0.006,564.85,568.24,571.63,559.2,2026-08-28,3,False
DRS,Industrials,Aerospace & Defense,RSI,RSI 超賣區域 (30),None,0.0,0.5249999999999999,0.3086,,0.3086,0,337,0.006,38.54,38.77,39.0,38.15,2026-08-28,3,False
FER,Industrials,Engineering & Construction,RSI,RSI 超賣區域 (30),None,0.0,0.5249999999999999,0.3086,,0.3086,0,337,0.006,58.77,59.12,59.48,58.18,2026-08-27,3,False
LII,Industrials,Building Products & Equipment,RSI,RSI 超賣區域 (30),None,0.0,0.5249999999999999,0.3086,,0.3086,0,337,0.006,382.64,384.94,387.23,378.81,2026-08-31,3,False
RBC,Industrials,Tools & Accessories,RSI,RSI 超賣區域 (30),None,0.0,0.5249999999999999,0.3086,,0.3086,0,337,0.006,494.26,497.23,500.19,489.32,2026-08-31,3,False
RRX,Industrials,Specialty Industrial Machinery,RSI,RSI 超賣區域 (30),None,0.0,0.5249999999999999,0.3086,,0.3086,0,337,0.006,157.43,158.37,159.32,155.86,2026-08-28,3,False
NDAQ,Financials,Financial Data & Stock Exchanges,RSI,RSI 維持強勢 (50-70),None,0.0,0.51,0.3086,0.3086,0.2842,269,19108,0.0049,98.61,99.09,99.58,97.62,2026-08-31,3,False
CCZ,Communication Services,Cable & Satellite,RSI,RSI 維持強勢 (50-70),None,0.0,0.51,0.3082,,0.3082,0,5205,0.0026,66.45,66.62,66.8,65.79,2026-08-27,3,False
FWONA,Communication Services,Entertainment,RSI,RSI 維持強勢 (50-70),None,0.0,0.51,0.3082,,0.3082,0,5205,0.0026,93.42,93.66,93.91,92.49,2026-08-28,3,False
FWONK,Communication Services,Entertainment,RSI,RSI 維持強勢 (50-70),None,0.0,0.51,0.3082,,0.3082,0,5205,0.0026,101.8,102.06,102.33,100.78,2026-08-28,3,False
RCI,Communication Services,Telecom Services,RSI,RSI 維持強勢 (50-70),None,0.0,0.51,0.3082,,0.3082,0,5205,0.0026,36.89,36.99,37.08,36.52,2026-08-31,3,False
ROKU,Communication Services,Entertainment,RSI,RSI 維持強勢 (50-70),None,0.0,0.51,0.3082,,0.3082,0,5205,0.0026,156.93,157.34,157.75,155.36,2026-08-31,3,False
SKM,Communication Services,Telecom Services,RSI,RSI 維持強勢 (50-70),None,0.0,0.51,0.3082,,0.3082,0,5205,0.0026,38.39,38.49,38.59,38.01,2026-08-31,3,False
CCK,Consumer Discretionary,Packaging & Containers,RSI,RSI 上穿 50 中性線,None,0.0,0.4675,0.3072,,0.3072,0,1123,0.0037,118.44,118.88,119.32,117.26,2026-08-28,3,False
CPNG,Consumer Discretionary,Internet Retail,RSI,RSI 上穿 50 中性線,None,0.0,0.4675,0.3072,,0.3072,0,1123,0.0037,16.52,16.58,16.64,16.35,2026-08-28,3,False
DKNG,Consumer Discretionary,Gambling,RSI,RSI 上穿 50 中性線,None,0.0,0.4675,0.3072,,0.3072,0,1123,0.0037,25.26,25.35,25.45,25.01,2026-08-28,3,False
ISRG,Health Care,Medical Instruments & Supplies,BB,BB 中軌向上（上升趨勢）,None,0.0,0.51,0.306,0.306,0.2705,183,10885,0.007,376.86,379.5,382.14,373.09,2026-08-31,3,False
KVUE,Consumer Staples,Household & Personal Products,RSI,RSI 維持強勢 (50-70),None,0.0,0.51,0.305,0.305,0.2452,200,7574,0.004,19.17,19.25,19.32,18.98,2026-08-28,3,False
CX,Materials,Building Materials,RSI,RSI 加速上升,None,0.0,0.5525,0.3048,,0.3048,0,3639,0.0024,10.93,10.96,10.98,10.82,2026-08-27,3,False
MT,Materials,Steel,RSI,RSI 加速上升,None,0.0,0.5525,0.3048,,0.3048,0,3639,0.0024,74.39,74.57,74.75,73.65,2026-08-28,3,False
PKX,Materials,Steel,RSI,RSI 加速上升,None,0.0,0.5525,0.3048,,0.3048,0,3639,0.0024,60.25,60.39,60.54,59.65,2026-08-28,3,False
RS,Materials,Steel,RSI,RSI 加速上升,None,0.0,0.5525,0.3048,,0.3048,0,3639,0.0024,391.69,392.63,393.57,387.77,2026-08-27,3,False
SCCO,Materials,Copper,RSI,RSI 加速上升,None,0.0,0.5525,0.3048,,0.3048,0,3639,0.0024,216.28,216.8,217.32,214.12,2026-08-27,3,False
TECK,Materials,Other Industrial Metals & Mining,RSI,RSI 加速上升,None,0.0,0.5525,0.3048,,0.3048,0,3639,0.0024,70.54,70.71,70.88,69.83,2026-08-27,3,False
VALE,Materials,Other Industrial Metals & Mining,RSI,RSI 加速上升,None,0.0,0.5525,0.3048,,0.3048,0,3639,0.0024,15.31,15.35,15.38,15.16,2026-08-27,3,False
DRI,Consumer Discretionary,Restaurants,RSI,RSI 上穿 50 中性線,None,0.0,0.4675,0.3043,0.3043,0.3072,23,1123,0.0037,215.63,216.43,217.23,213.47,2026-08-28,3,False
CLH,Industrials,Waste Management,RSI,RSI 上穿 50 中性線,None,0.0,0.4675,0.304,,0.304,0,1816,0.0018,315.25,315.82,316.38,312.1,2026-08-31,3,False
JLL,Real Estate,Real Estate Services,BB,BB 中軌向上（上升趨勢）,None,0.0,0.51,0.3037,,0.3037,0,270,0.0047,365.87,367.59,369.31,362.21,2026-08-31,3,True
HMC,Consumer Discretionary,Auto Manufacturers,RSI,RSI 動能加速（強勢區）,None,0.0,0.51,0.3027,,0.3027,0,1665,0.0035,31.86,31.97,32.08,31.54,2026-08-28,3,False
PLD,Real Estate,REIT - Industrial,BB,價格在 BB 中軌上方,None,0.0,0.425,0.3026,0.3026,0.248,228,8032,0.0074,141.85,142.9,143.95,140.43,2026-08-27,3,False
JBHT,Industrials,Integrated Freight & Logistics,RSI,RSI 加速上升,None,0.0,0.5525,0.3022,0.3022,0.2981,182,11545,-0.0,265.47,265.47,265.47,262.82,2026-08-31,3,False
EMR,Industrials,Specialty Industrial Machinery,RSI,RSI 維持強勢 (50-70),None,0.0,0.51,0.3019,0.3019,0.2986,212,19157,0.0048,155.18,155.92,156.67,153.63,2026-08-28,3,False
BBD,Financials,Banks - Regional,RSI,RSI 加速上升,None,0.0,0.5525,0.3014,,0.3014,0,11488,0.0041,3.28,3.29,3.31,3.25,2026-08-31,3,False
BNS,Financials,Banks - Diversified,RSI,RSI 加速上升,None,0.0,0.5525,0.3014,,0.3014,0,11488,0.0041,91.66,92.04,92.41,90.74,2026-08-31,3,False
BSBR,Financials,Banks - Regional,RSI,RSI 加速上升,None,0.0,0.5525,0.3014,,0.3014,0,11488,0.0041,5.73,5.75,5.78,5.67,2026-08-27,3,False
CRCL,Financials,Capital Markets,RSI,RSI 加速上升,None,0.0,0.5525,0.3014,,0.3014,0,11488,0.0041,94.24,94.63,95.01,93.3,2026-08-27,3,False
DB,Financials,Banks - Regional,RSI,RSI 加速上升,None,0.0,0.5525,0.3014,,0.3014,0,11488,0.0041,40.06,40.22,40.39,39.66,2026-08-31,3,False
GLXY,Financials,Capital Markets,RSI,RSI 加速上升,None,0.0,0.5525,0.3014,,0.3014,0,11488,0.0041,25.29,25.39,25.5,25.04,2026-08-27,3,False
HBANZ,Financials,Banks - Regional,RSI,RSI 加速上升,None,0.0,0.5525,0.3014,,0.3014,0,11488,0.0041,19.17,19.25,19.33,18.98,2026-08-28,3,False
IBN,Financials,Banks - Regional,RSI,RSI 加速上升,None,0.0,0.5525,0.3014,,0.3014,0,11488,0.0041,30.36,30.48,30.61,30.06,2026-08-31,3,False
ITUB,Financials,Banks - Regional,RSI,RSI 加速上升,None,0.0,0.5525,0.3014,,0.3014,0,11488,0.0041,7.53,7.56,7.59,7.45,2026-08-27,3,False
JEF,Financials,Capital Markets,RSI,RSI 加速上升,None,0.0,0.5525,0.3014,,0.3014,0,11488,0.0041,52.64,52.86,53.07,52.11,2026-08-31,3,False
KB,Financials,Banks - Regional,RSI,RSI 加速上升,None,0.0,0.5525,0.3014,,0.3014,0,11488,0.0041,124.79,125.3,125.81,123.54,2026-08-31,3,False
MFC,Financials,Insurance - Life,RSI,RSI 加速上升,None,0.0,0.5525,0.3014,,0.3014,0,11488,0.0041,43.15,43.33,43.5,42.72,2026-08-27,3,False
MUFG,Financials,Banks - Diversified,RSI,RSI 加速上升,None,0.0,0.5525,0.3014,,0.3014,0,11488,0.0041,22.75,22.84,22.94,22.52,2026-08-31,3,False
NMR,Financials,Capital Markets,RSI,RSI 加速上升,None,0.0,0.5525,0.3014,,0.3014,0,11488,0.0041,10.18,10.22,10.26,10.08,2026-08-31,3,False
ORI,Financials,Insurance - Property & Casualty,RSI,RSI 加速上升,None,0.0,0.5525,0.3014,,0.3014,0,11488,0.0041,42.07,42.24,42.41,41.65,2026-08-28,3,False
RNR,Financials,Insurance - Reinsurance,RSI,RSI 加速上升,None,0.0,0.5525,0.3014,,0.3014,0,11488,0.0041,330.74,332.1,333.45,327.43,2026-08-28,3,False
SHG,Financials,Banks - Regional,RSI,RSI 加速上升,None,0.0,0.5525,0.3014,,0.3014,0,11488,0.0041,79.17,79.49,79.82,78.38,2026-08-31,3,False
SLF,Financials,Insurance - Diversified,RSI,RSI 加速上升,None,0.0,0.5525,0.3014,,0.3014,0,11488,0.0041,78.61,78.93,79.25,77.82,2026-08-27,3,False
SNEX,Financials,Capital Markets,RSI,RSI 加速上升,None,0.0,0.5525,0.3014,,0.3014,0,11488,0.0041,68.35,68.63,68.91,67.67,2026-08-27,3,False
SOFI,Financials,Credit Services,RSI,RSI 加速上升,None,0.0,0.5525,0.3014,,0.3014,0,11488,0.0041,19.18,19.26,19.34,18.99,2026-08-27,3,False
UNM,Financials,Insurance - Life,RSI,RSI 加速上升,None,0.0,0.5525,0.3014,,0.3014,0,11488,0.0041,93.22,93.6,93.98,92.29,2026-08-31,3,False
VLYPN,Financials,Banks - Regional,RSI,RSI 加速上升,None,0.0,0.5525,0.3014,,0.3014,0,11488,0.0041,25.995,26.1,26.21,25.74,2026-08-28,3,False
VLYPO,Financials,Banks - Regional,RSI,RSI 加速上升,None,0.0,0.5525,0.3014,,0.3014,0,11488,0.0041,25.0,25.1,25.2,24.75,2026-08-27,3,False
WF,Financials,Banks - Regional,RSI,RSI 加速上升,None,0.0,0.5525,0.3014,,0.3014,0,11488,0.0041,73.14,73.44,73.74,72.41,2026-08-31,3,False
TU,Communication Services,Telecom Services,BB,價格在 BB 中軌上方,None,0.0,0.425,0.3007,,0.3007,0,6080,0.0027,9.76,9.79,9.81,9.66,2026-08-27,3,False
CSX,Industrials,Railroads,BB,價格在 BB 中軌上方,None,0.0,0.425,0.3006,0.3006,0.295,336,22337,0.0054,51.28,51.56,51.83,50.77,2026-08-28,3,False
BIP,Utilities,Utilities - Diversified,KDJ,KDJ 金叉,None,0.0,0.5525,0.3001,,0.3001,0,713,0.0052,38.88,39.08,39.28,38.49,2026-08-27,3,False
ENLT,Utilities,Utilities - Renewable,KDJ,KDJ 金叉,None,0.0,0.5525,0.3001,,0.3001,0,713,0.0052,80.57,80.99,81.41,79.76,2026-08-27,3,False
WTRG,Utilities,Utilities - Regulated Water,KDJ,KDJ 金叉,None,0.0,0.5525,0.3001,,0.3001,0,713,0.0052,41.17,41.38,41.6,40.76,2026-08-31,3,False
UNH,Health Care,Healthcare Plans,MACD,MACD 金叉 (空頭區),None,0.0,0.42,0.3,0.3,0.2741,10,686,0.0263,395.05,405.44,415.83,391.1,2026-08-27,3,False
AR,Energy,Oil & Gas E&P,BB,價格在 BB 中軌上方,None,0.0,0.425,0.2998,,0.2998,0,5768,-0.0016,38.48,38.42,38.36,38.1,2026-08-31,3,False
IMO,Energy,Oil & Gas Integrated,BB,價格在 BB 中軌上方,None,0.0,0.425,0.2998,,0.2998,0,5768,-0.0016,132.22,132.01,131.8,130.9,2026-08-27,3,False
SHEL,Energy,Oil & Gas Integrated,BB,價格在 BB 中軌上方,None,0.0,0.425,0.2998,,0.2998,0,5768,-0.0016,91.45,91.3,91.16,90.54,2026-08-31,3,False
AMCR,Consumer Discretionary,Packaging & Containers,RSI,RSI 維持強勢 (50-70),None,0.0,0.51,0.2995,,0.2995,0,10441,0.0032,46.67,46.82,46.97,46.2,2026-08-28,3,False
BALL,Consumer Discretionary,Packaging & Containers,RSI,RSI 維持強勢 (50-70),None,0.0,0.51,0.2995,,0.2995,0,10441,0.0032,63.77,63.97,64.18,63.13,2026-08-28,3,False
FIVE,Consumer Discretionary,Specialty Retail,RSI,RSI 維持強勢 (50-70),None,0.0,0.51,0.2995,,0.2995,0,10441,0.0032,246.84,247.63,248.42,244.37,2026-08-31,3,False
HTHT,Consumer Discretionary,Lodging,RSI,RSI 維持強勢 (50-70),None,0.0,0.51,0.2995,,0.2995,0,10441,0.0032,47.32,47.47,47.62,46.85,2026-08-31,3,False
PAG,Consumer Discretionary,Auto & Truck Dealerships,RSI,RSI 維持強勢 (50-70),None,0.0,0.51,0.2995,,0.2995,0,10441,0.0032,216.59,217.28,217.98,214.42,2026-08-31,3,False
QSR,Consumer Discretionary,Restaurants,RSI,RSI 維持強勢 (50-70),None,0.0,0.51,0.2995,,0.2995,0,10441,0.0032,77.88,78.13,78.38,77.1,2026-08-31,3,False
SCI,Consumer Discretionary,Personal Services,RSI,RSI 維持強勢 (50-70),None,0.0,0.51,0.2995,,0.2995,0,10441,0.0032,83.36,83.63,83.89,82.53,2026-08-28,3,False
SE,Consumer Discretionary,Internet Retail,RSI,RSI 維持強勢 (50-70),None,0.0,0.51,0.2995,,0.2995,0,10441,0.0032,119.36,119.74,120.12,118.17,2026-08-28,3,False
SW,Consumer Discretionary,Packaging & Containers,RSI,RSI 維持強勢 (50-70),None,0.0,0.51,0.2995,,0.2995,0,10441,0.0032,48.29,48.44,48.6,47.81,2026-08-28,3,False
W,Consumer Discretionary,Internet Retail,RSI,RSI 維持強勢 (50-70),None,0.0,0.51,0.2995,,0.2995,0,10441,0.0032,103.76,104.09,104.42,102.72,2026-08-28,3,False
BN,Financials,Asset Management,KDJ,KDJ 超賣區金叉,None,0.0,0.5599999999999999,0.299,,0.299,0,612,-0.0,41.22,41.22,41.22,40.81,2026-08-31,3,False
WTFC,Financials,Banks - Regional,KDJ,KDJ 超賣區金叉,None,0.0,0.5599999999999999,0.299,,0.299,0,612,-0.0,152.95,152.95,152.95,151.42,2026-08-28,3,False
ARMK,Industrials,Specialty Business Services,RSI,RSI 維持強勢 (50-70),None,0.0,0.51,0.2986,,0.2986,0,19157,0.0036,58.88,59.09,59.3,58.29,2026-08-27,3,False
ARXS,Industrials,Aerospace & Defense,RSI,RSI 維持強勢 (50-70),None,0.0,0.51,0.2986,,0.2986,0,19157,0.0036,54.01,54.2,54.4,53.47,2026-08-27,3,False
CP,Industrials,Railroads,RSI,RSI 維持強勢 (50-70),None,0.0,0.51,0.2986,,0.2986,0,19157,0.0036,94.12,94.46,94.8,93.18,2026-08-28,3,False
EMBJ,Industrials,Aerospace & Defense,RSI,RSI 維持強勢 (50-70),None,0.0,0.51,0.2986,,0.2986,0,19157,0.0036,72.54,72.8,73.06,71.81,2026-08-28,3,False
GPN,Industrials,Specialty Business Services,RSI,RSI 維持強勢 (50-70),None,0.0,0.51,0.2986,,0.2986,0,19157,0.0036,91.05,91.38,91.71,90.14,2026-08-31,3,False
ITT,Industrials,Specialty Industrial Machinery,RSI,RSI 維持強勢 (50-70),None,0.0,0.51,0.2986,,0.2986,0,19157,0.0036,207.95,208.7,209.45,205.87,2026-08-27,3,False
LECO,Industrials,Tools & Accessories,RSI,RSI 維持強勢 (50-70),None,0.0,0.51,0.2986,,0.2986,0,19157,0.0036,281.23,282.24,283.25,278.42,2026-08-31,3,False
MLI,Industrials,Metal Fabrication,RSI,RSI 維持強勢 (50-70),None,0.0,0.51,0.2986,,0.2986,0,19157,0.0036,62.41,62.63,62.86,61.79,2026-08-31,3,False
RELX,Industrials,Specialty Business Services,RSI,RSI 維持強勢 (50-70),None,0.0,0.51,0.2986,,0.2986,0,19157,0.0036,36.43,36.56,36.69,36.07,2026-08-31,3,False
WTS,Industrials,Specialty Industrial Machinery,RSI,RSI 維持強勢 (50-70),None,0.0,0.51,0.2986,,0.2986,0,19157,0.0036,365.75,367.07,368.38,362.09,2026-08-31,3,False
DY,Industrials,Engineering & Construction,RSI,RSI 維持超賣,None,0.0,0.385,0.2983,,0.2983,0,848,0.0072,291.21,293.31,295.4,288.3,2026-08-31,3,False
BE,Industrials,Electrical Equipment & Parts,RSI,RSI 加速上升,None,0.0,0.5525,0.2981,,0.2981,0,11545,0.003,217.83,218.48,219.14,215.65,2026-08-27,3,False
MAIR,Industrials,Building Products & Equipment,RSI,RSI 加速上升,None,0.0,0.5525,0.2981,,0.2981,0,11545,0.003,26.4,26.48,26.56,26.14,2026-08-31,3,False
PAC,Industrials,Airports & Air Services,RSI,RSI 加速上升,None,0.0,0.5525,0.2981,,0.2981,0,11545,0.003,214.85,215.49,216.14,212.7,2026-08-27,3,False
QXO,Industrials,Industrial Distribution,RSI,RSI 加速上升,None,0.0,0.5525,0.2981,,0.2981,0,11545,0.003,13.86,13.9,13.94,13.72,2026-08-27,3,False
R,Industrials,Rental & Leasing Services,RSI,RSI 加速上升,None,0.0,0.5525,0.2981,,0.2981,0,11545,0.003,248.09,248.83,249.58,245.61,2026-08-27,3,False
RYAAY,Industrials,Airlines,RSI,RSI 加速上升,None,0.0,0.5525,0.2981,,0.2981,0,11545,0.003,55.45,55.62,55.78,54.9,2026-08-27,3,False
ULS,Industrials,Specialty Business Services,RSI,RSI 加速上升,None,0.0,0.5525,0.2981,,0.2981,0,11545,0.003,75.55,75.78,76.0,74.79,2026-08-27,3,False
INCY,Health Care,Biotechnology,BB,BB 中軌向上（上升趨勢）,None,0.0,0.51,0.2976,0.2976,0.2705,168,10885,0.0007,123.22,123.31,123.39,121.99,2026-08-31,3,False
H,Consumer Discretionary,Lodging,BB,BB 跌破下軌 (超賣),None,0.0,0.45499999999999996,0.2974,,0.2974,0,733,0.0008,166.97,167.1,167.24,165.3,2026-08-31,3,False
IP,Consumer Discretionary,Packaging & Containers,BB,BB 跌破下軌 (超賣),None,0.0,0.45499999999999996,0.2974,,0.2974,0,733,0.0008,37.93,37.96,37.99,37.55,2026-08-31,3,False
MOD,Consumer Discretionary,Auto Parts,BB,BB 跌破下軌 (超賣),None,0.0,0.45499999999999996,0.2974,,0.2974,0,733,0.0008,177.63,177.77,177.91,175.85,2026-08-28,3,False
PKG,Consumer Discretionary,Packaging & Containers,BB,BB 跌破下軌 (超賣),None,0.0,0.45499999999999996,0.2974,,0.2974,0,733,0.0008,233.94,234.13,234.31,231.6,2026-08-31,3,False
TXRH,Consumer Discretionary,Restaurants,BB,BB 跌破下軌 (超賣),None,0.0,0.45499999999999996,0.2974,,0.2974,0,733,0.0008,195.6,195.76,195.91,193.64,2026-08-31,3,False
YUMC,Consumer Discretionary,Restaurants,BB,BB 跌破下軌 (超賣),None,0.0,0.45499999999999996,0.2974,,0.2974,0,733,0.0008,44.61,44.65,44.68,44.16,2026-08-31,3,False
MTD,Health Care,Diagnostics & Research,KDJ,KDJ 金叉,None,0.0,0.5525,0.2963,0.2963,0.2852,27,1536,0.0074,1407.4301,1417.85,1428.26,1393.36,2026-08-27,3,False
EC,Energy,Oil & Gas Integrated,BB,BB 中軌向上（上升趨勢）,None,0.0,0.51,0.2962,,0.2962,0,4484,-0.0018,16.5,16.47,16.44,16.34,2026-08-28,3,False
PAAS,Materials,Gold,RSI,RSI 動能加速（強勢區）,None,0.0,0.51,0.2962,,0.2962,0,942,-0.0012,54.89,54.82,54.76,54.34,2026-08-27,3,False
SQM,Materials,Specialty Chemicals,RSI,RSI 動能加速（強勢區）,None,0.0,0.51,0.2962,,0.2962,0,942,-0.0012,80.43,80.33,80.24,79.63,2026-08-27,3,False
NBIS,Communication Services,Internet Content & Information,BB,BB 中軌向上（上升趨勢）,None,0.0,0.51,0.2943,,0.2943,0,4771,0.0017,206.32,206.67,207.02,204.26,2026-08-31,3,False
TLK,Communication Services,Telecom Services,BB,BB 中軌向上（上升趨勢）,None,0.0,0.51,0.2943,,0.2943,0,4771,0.0017,14.58,14.6,14.63,14.43,2026-08-28,3,False
ES,Utilities,Utilities - Regulated Electric,RSI,RSI 加速上升,None,0.0,0.5525,0.293,0.293,0.2565,157,4905,0.0005,70.84,70.88,70.91,70.13,2026-08-28,3,False
APG,Industrials,Engineering & Construction,BB,BB 中軌向上（上升趨勢）,None,0.0,0.51,0.2929,,0.2929,0,17460,0.0036,39.25,39.39,39.53,38.86,2026-08-31,3,False
CSL,Industrials,Building Products & Equipment,BB,BB 中軌向上（上升趨勢）,None,0.0,0.51,0.2929,,0.2929,0,17460,0.0036,356.53,357.81,359.1,352.96,2026-08-28,3,False
FERG,Industrials,Industrial Distribution,BB,BB 中軌向上（上升趨勢）,None,0.0,0.51,0.2929,,0.2929,0,17460,0.0036,233.26,234.1,234.94,230.93,2026-08-27,3,False
OC,Industrials,Building Products & Equipment,BB,BB 中軌向上（上升趨勢）,None,0.0,0.51,0.2929,,0.2929,0,17460,0.0036,138.15,138.65,139.14,136.77,2026-08-31,3,False
RKLB,Industrials,Aerospace & Defense,BB,BB 中軌向上（上升趨勢）,None,0.0,0.51,0.2929,,0.2929,0,17460,0.0036,64.39,64.62,64.85,63.75,2026-08-28,3,False
COP,Energy,Oil & Gas E&P,RSI,RSI 動能加速（強勢區）,None,0.0,0.51,0.2927,0.2927,0.3265,41,873,-0.0103,132.49,131.13,129.76,131.17,2026-08-31,3,False
CMCSA,Communication Services,Telecom Services,RSI,RSI 動能加速（強勢區）,None,0.0,0.51,0.2917,0.2917,0.3135,24,772,0.0025,27.06,27.13,27.2,26.79,2026-08-28,3,False
BKNG,Consumer Discretionary,Travel Services,RSI,RSI 上穿 50 中性線,None,0.0,0.4675,0.2917,0.2917,0.3072,24,1123,-0.0106,205.63,203.45,201.27,203.57,2026-08-28,3,False
BABA,Consumer Discretionary,Internet Retail,BB,BB 中軌向上（上升趨勢）,None,0.0,0.51,0.2908,,0.2908,0,9757,0.002,116.31,116.54,116.78,115.15,2026-08-27,3,False
BWA,Consumer Discretionary,Auto Parts,BB,BB 中軌向上（上升趨勢）,None,0.0,0.51,0.2908,,0.2908,0,9757,0.002,64.8,64.93,65.06,64.15,2026-08-27,3,False
BLK,Financials,Asset Management,BB,價格在 BB 中軌上方,None,0.0,0.425,0.2904,0.2904,0.2847,272,21689,0.0037,1155.61,1159.89,1164.16,1144.05,2026-08-31,3,False
OXY,Energy,Oil & Gas E&P,RSI,RSI 動能加速（強勢區）,None,0.0,0.51,0.2903,0.2903,0.3265,31,873,-0.0036,60.18,59.96,59.75,59.58,2026-08-31,3,False
CAH,Health Care,Medical Distribution,RSI,RSI 維持強勢 (50-70),None,0.0,0.51,0.2898,0.2898,0.2772,314,12123,0.0079,234.62,236.47,238.33,232.27,2026-08-31,3,False
HLT,Consumer Discretionary,Lodging,BB,價格在 BB 中軌上方,None,0.0,0.425,0.2892,0.2892,0.2984,332,12430,0.0053,325.68,327.41,329.13,322.42,2026-08-27,3,False
AJG,Financials,Insurance Brokers,RSI,RSI 維持強勢 (50-70),None,0.0,0.51,0.2872,0.2872,0.2842,282,19108,0.0011,262.15,262.44,262.73,259.53,2026-08-31,3,False
AA,Materials,Aluminum,RSI,RSI 維持強勢 (50-70),None,0.0,0.51,0.286,,0.286,0,5721,0.0013,49.95,50.01,50.08,49.45,2026-08-31,3,False
AEM,Materials,Gold,RSI,RSI 維持強勢 (50-70),None,0.0,0.51,0.286,,0.286,0,5721,0.0013,203.11,203.37,203.64,201.08,2026-08-31,3,False
AGI,Materials,Gold,RSI,RSI 維持強勢 (50-70),None,0.0,0.51,0.286,,0.286,0,5721,0.0013,36.61,36.66,36.71,36.24,2026-08-31,3,False
AU,Materials,Gold,RSI,RSI 維持強勢 (50-70),None,0.0,0.51,0.286,,0.286,0,5721,0.0013,112.32,112.47,112.61,111.2,2026-08-31,3,False
B,Materials,Gold,RSI,RSI 維持強勢 (50-70),None,0.0,0.51,0.286,,0.286,0,5721,0.0013,44.83,44.89,44.95,44.38,2026-08-31,3,False
BHP,Materials,Other Industrial Metals & Mining,RSI,RSI 維持強勢 (50-70),None,0.0,0.51,0.286,,0.286,0,5721,0.0013,93.92,94.04,94.16,92.98,2026-08-31,3,False
CDE,Materials,Gold,RSI,RSI 維持強勢 (50-70),None,0.0,0.51,0.286,,0.286,0,5721,0.0013,20.78,20.81,20.83,20.57,2026-08-31,3,False
FNV,Materials,Gold,RSI,RSI 維持強勢 (50-70),None,0.0,0.51,0.286,,0.286,0,5721,0.0013,263.15,263.49,263.83,260.52,2026-08-31,3,False
GFI,Materials,Gold,RSI,RSI 維持強勢 (50-70),None,0.0,0.51,0.286,,0.286,0,5721,0.0013,46.37,46.43,46.49,45.91,2026-08-31,3,False
HL,Materials,Other Precious Metals & Mining,RSI,RSI 維持強勢 (50-70),None,0.0,0.51,0.286,,0.286,0,5721,0.0013,19.87,19.9,19.92,19.67,2026-08-31,3,False
KGC,Materials,Gold,RSI,RSI 維持強勢 (50-70),None,0.0,0.51,0.286,,0.286,0,5721,0.0013,30.68,30.72,30.76,30.37,2026-08-31,3,False
RGLD,Materials,Gold,RSI,RSI 維持強勢 (50-70),None,0.0,0.51,0.286,,0.286,0,5721,0.0013,261.47,261.81,262.15,258.86,2026-08-31,3,False
RIO,Materials,Other Industrial Metals & Mining,RSI,RSI 維持強勢 (50-70),None,0.0,0.51,0.286,,0.286,0,5721,0.0013,102.5,102.63,102.77,101.47,2026-08-31,3,False
WPM,Materials,Gold,RSI,RSI 維持強勢 (50-70),None,0.0,0.51,0.286,,0.286,0,5721,0.0013,150.83,151.03,151.22,149.32,2026-08-31,3,False
PTC,Information Technology,Software - Application,KDJ,KDJ 金叉,None,0.0,0.5525,0.2857,0.2857,0.3918,35,1955,-0.0045,158.95,158.23,157.52,157.36,2026-08-27,3,False
MSFT,Information Technology,Software - Infrastructure,BB,BB 中軌向上（上升趨勢）,None,0.0,0.51,0.2857,0.2857,0.3639,217,16781,0.003,507.29,508.81,510.33,502.22,2026-08-31,3,False
MAR,Consumer Discretionary,Lodging,BB,BB 跌破下軌 (超賣),None,0.0,0.45499999999999996,0.2857,0.2857,0.2974,14,733,0.0037,341.76,343.02,344.29,338.34,2026-08-31,3,False
DGX,Health Care,Diagnostics & Research,BB,價格在 BB 中軌上方,None,0.0,0.425,0.2857,0.2857,0.365,21,715,-0.0029,240.3,239.6,238.91,237.9,2026-08-31,3,True
HPQ,Information Technology,Computer Hardware,BB,價格在 BB 中軌上方,None,0.0,0.425,0.2857,0.2857,0.3573,273,20206,-0.0001,30.02,30.02,30.01,29.72,2026-08-31,3,False
KO,Consumer Staples,Beverages - Non-Alcoholic,BB,價格在 BB 中軌上方,None,0.0,0.425,0.2857,0.2857,0.287,7,345,0.0086,88.67,89.43,90.2,87.78,2026-08-31,3,True
BTSGU,Health Care,Health Information Services,KDJ,KDJ 金叉,None,0.0,0.5525,0.2852,,0.2852,0,1536,0.0022,202.19,202.63,203.08,200.17,2026-08-27,3,False
EHC,Health Care,Medical Care Facilities,KDJ,KDJ 金叉,None,0.0,0.5525,0.2852,,0.2852,0,1536,0.0022,120.85,121.12,121.38,119.64,2026-08-28,3,False
RVMD,Health Care,Biotechnology,KDJ,KDJ 金叉,None,0.0,0.5525,0.2852,,0.2852,0,1536,0.0022,221.15,221.64,222.12,218.94,2026-08-27,3,False
ARCC,Financials,Asset Management,BB,價格在 BB 中軌上方,None,0.0,0.425,0.2847,,0.2847,0,21689,0.0031,20.07,20.13,20.19,19.87,2026-08-31,3,False
BBVA,Financials,Banks - Diversified,BB,價格在 BB 中軌上方,None,0.0,0.425,0.2847,,0.2847,0,21689,0.0031,28.96,29.05,29.14,28.67,2026-08-31,3,False
BCH,Financials,Banks - Regional,BB,價格在 BB 中軌上方,None,0.0,0.425,0.2847,,0.2847,0,21689,0.0031,41.63,41.76,41.89,41.21,2026-08-28,3,False
BSAC,Financials,Banks - Regional,BB,價格在 BB 中軌上方,None,0.0,0.425,0.2847,,0.2847,0,21689,0.0031,35.14,35.25,35.36,34.79,2026-08-28,3,False
FUTU,Financials,Capital Markets,BB,價格在 BB 中軌上方,None,0.0,0.425,0.2847,,0.2847,0,21689,0.0031,122.14,122.52,122.9,120.92,2026-08-31,3,False
HBANL,Financials,Banks - Regional,BB,價格在 BB 中軌上方,None,0.0,0.425,0.2847,,0.2847,0,21689,0.0031,25.25,25.33,25.41,25.0,2026-08-28,3,False
ING,Financials,Banks - Diversified,BB,價格在 BB 中軌上方,None,0.0,0.425,0.2847,,0.2847,0,21689,0.0031,35.32,35.43,35.54,34.97,2026-08-31,3,False
PS,Financials,Asset Management,BB,價格在 BB 中軌上方,None,0.0,0.425,0.2847,,0.2847,0,21689,0.0031,42.92,43.05,43.19,42.49,2026-08-31,3,False
RYAN,Financials,Insurance - Specialty,BB,價格在 BB 中軌上方,None,0.0,0.425,0.2847,,0.2847,0,21689,0.0031,43.87,44.01,44.14,43.43,2026-08-28,3,False
SLMBP,Financials,Credit Services,BB,價格在 BB 中軌上方,None,0.0,0.425,0.2847,,0.2847,0,21689,0.0031,75.0,75.23,75.47,74.25,2026-08-28,3,False
TRU,Financials,Financial Data & Stock Exchanges,BB,價格在 BB 中軌上方,None,0.0,0.425,0.2847,,0.2847,0,21689,0.0031,84.91,85.17,85.44,84.06,2026-08-31,3,False
VLYPP,Financials,Banks - Regional,BB,價格在 BB 中軌上方,None,0.0,0.425,0.2847,,0.2847,0,21689,0.0031,25.2,25.28,25.36,24.95,2026-08-28,3,False
CLX,Consumer Staples,Household & Personal Products,BB,BB 中軌向上（上升趨勢）,None,0.0,0.51,0.2846,,0.2846,0,246,0.0004,97.68,97.72,97.76,96.7,2026-08-31,3,True
CET,Financials,Asset Management,RSI,RSI 維持強勢 (50-70),None,0.0,0.51,0.2842,,0.2842,0,19108,0.003,54.38,54.54,54.71,53.84,2026-08-31,3,False
ZION,Financials,Banks - Regional,RSI,RSI 維持強勢 (50-70),None,0.0,0.51,0.2842,,0.2842,0,19108,0.003,67.78,67.98,68.19,67.1,2026-08-28,3,False
CHRW,Industrials,Integrated Freight & Logistics,BB,價格在 BB 中軌上方,None,0.0,0.425,0.2842,0.2842,0.295,285,22337,-0.0001,149.66,149.65,149.63,148.16,2026-08-31,3,False
PM,Consumer Staples,Tobacco,RSI,RSI 維持強勢 (50-70),None,0.0,0.51,0.284,0.284,0.2452,250,7574,0.002,191.89,192.27,192.66,189.97,2026-08-28,3,False
AGX,Industrials,Engineering & Construction,BB,BB 跌破下軌 (超賣),None,0.0,0.45499999999999996,0.2838,,0.2838,0,1258,0.0043,417.74,419.54,421.33,413.56,2026-08-28,3,False
HEI,Industrials,Aerospace & Defense,BB,BB 跌破下軌 (超賣),None,0.0,0.45499999999999996,0.2838,,0.2838,0,1258,0.0043,331.15,332.57,334.0,327.84,2026-08-31,3,False
XEL,Utilities,Utilities - Regulated Electric,RSI,RSI 維持強勢 (50-70),None,0.0,0.51,0.2833,0.2833,0.2471,233,8831,0.0051,76.45,76.84,77.23,75.69,2026-08-28,3,False
IFF,Materials,Specialty Chemicals,RSI,RSI 維持強勢 (50-70),None,0.0,0.51,0.2828,0.2828,0.286,244,5721,-0.0019,86.33,86.17,86.0,85.47,2026-08-31,3,False
MSI,Information Technology,Communication Equipment,BB,BB 中軌向上（上升趨勢）,None,0.0,0.51,0.2821,0.2821,0.3639,234,16781,0.0045,485.3,487.48,489.67,480.45,2026-08-31,3,False
NTAP,Information Technology,Software - Infrastructure,RSI,RSI 維持強勢 (50-70),None,0.0,0.51,0.2821,0.2821,0.3645,234,16764,0.0035,190.64,191.31,191.97,188.73,2026-08-27,3,False
AGNCO,Real Estate,REIT - Mortgage,KDJ,KDJ 金叉,None,0.0,0.5525,0.2818,,0.2818,0,550,0.0003,25.67,25.68,25.69,25.41,2026-08-28,3,False
DE,Industrials,Farm & Heavy Construction Machinery,BB,價格在 BB 中軌上方,None,0.0,0.425,0.2812,0.2812,0.295,224,22337,0.0017,630.33,631.4,632.47,624.03,2026-08-28,3,False
BXP,Real Estate,REIT - Office,RSI,RSI 維持強勢 (50-70),None,0.0,0.51,0.2806,0.2806,0.2509,196,7011,-0.0002,69.32,69.31,69.29,68.63,2026-08-28,3,False
ARGX,Health Care,Biotechnology,BB,價格在 BB 中軌上方,None,0.0,0.425,0.2804,,0.2804,0,14417,0.0008,1031.66,1032.49,1033.31,1021.34,2026-08-31,3,False
ARWR,Health Care,Biotechnology,BB,價格在 BB 中軌上方,None,0.0,0.425,0.2804,,0.2804,0,14417,0.0008,88.59,88.66,88.73,87.7,2026-08-27,3,False
AZN,Health Care,Drug Manufacturers - General,BB,價格在 BB 中軌上方,None,0.0,0.425,0.2804,,0.2804,0,14417,0.0008,162.13,162.26,162.39,160.51,2026-08-31,3,False
BNTX,Health Care,Biotechnology,BB,價格在 BB 中軌上方,None,0.0,0.425,0.2804,,0.2804,0,14417,0.0008,101.61,101.69,101.77,100.59,2026-08-31,3,False
BTSG,Health Care,Health Information Services,BB,價格在 BB 中軌上方,None,0.0,0.425,0.2804,,0.2804,0,14417,0.0008,60.9,60.95,61.0,60.29,2026-08-27,3,False
CRSP,Health Care,Biotechnology,BB,價格在 BB 中軌上方,None,0.0,0.425,0.2804,,0.2804,0,14417,0.0008,56.98,57.03,57.07,56.41,2026-08-31,3,False
ELAN,Health Care,Drug Manufacturers - Specialty & Generic,BB,價格在 BB 中軌上方,None,0.0,0.425,0.2804,,0.2804,0,14417,0.0008,23.92,23.94,23.96,23.68,2026-08-31,3,False
EXEL,Health Care,Biotechnology,BB,價格在 BB 中軌上方,None,0.0,0.425,0.2804,,0.2804,0,14417,0.0008,54.64,54.68,54.73,54.09,2026-08-31,3,False
GH,Health Care,Diagnostics & Research,BB,價格在 BB 中軌上方,None,0.0,0.425,0.2804,,0.2804,0,14417,0.0008,168.52,168.65,168.79,166.83,2026-08-27,3,False
GMAB,Health Care,Biotechnology,BB,價格在 BB 中軌上方,None,0.0,0.425,0.2804,,0.2804,0,14417,0.0008,33.16,33.19,33.21,32.83,2026-08-31,3,False
HLN,Health Care,Drug Manufacturers - Specialty & Generic,BB,價格在 BB 中軌上方,None,0.0,0.425,0.2804,,0.2804,0,14417,0.0008,10.03,10.04,10.05,9.93,2026-08-31,3,False
ICLR,Health Care,Diagnostics & Research,BB,價格在 BB 中軌上方,None,0.0,0.425,0.2804,,0.2804,0,14417,0.0008,170.02,170.16,170.29,168.32,2026-08-28,3,False
ILMN,Health Care,Diagnostics & Research,BB,價格在 BB 中軌上方,None,0.0,0.425,0.2804,,0.2804,0,14417,0.0008,213.63,213.8,213.97,211.49,2026-08-31,3,False
IONS,Health Care,Biotechnology,BB,價格在 BB 中軌上方,None,0.0,0.425,0.2804,,0.2804,0,14417,0.0008,60.36,60.41,60.46,59.76,2026-08-31,3,False
KRYS,Health Care,Biotechnology,BB,價格在 BB 中軌上方,None,0.0,0.425,0.2804,,0.2804,0,14417,0.0008,359.36,359.65,359.93,355.77,2026-08-31,3,False
NTRA,Health Care,Diagnostics & Research,BB,價格在 BB 中軌上方,None,0.0,0.425,0.2804,,0.2804,0,14417,0.0008,321.96,322.22,322.48,318.74,2026-08-31,3,False
ONC,Health Care,Biotechnology,BB,價格在 BB 中軌上方,None,0.0,0.425,0.2804,,0.2804,0,14417,0.0008,359.58,359.87,360.16,355.98,2026-08-31,3,False
RPRX,Health Care,Biotechnology,BB,價格在 BB 中軌上方,None,0.0,0.425,0.2804,,0.2804,0,14417,0.0008,61.41,61.46,61.51,60.8,2026-08-31,3,False
SMMT,Health Care,Biotechnology,BB,價格在 BB 中軌上方,None,0.0,0.425,0.2804,,0.2804,0,14417,0.0008,13.73,13.74,13.75,13.59,2026-08-28,3,False
SNY,Health Care,Drug Manufacturers - General,BB,價格在 BB 中軌上方,None,0.0,0.425,0.2804,,0.2804,0,14417,0.0008,44.82,44.86,44.89,44.37,2026-08-28,3,False
TEM,Health Care,Health Information Services,BB,價格在 BB 中軌上方,None,0.0,0.425,0.2804,,0.2804,0,14417,0.0008,63.05,63.1,63.15,62.42,2026-08-31,3,False
TEVA,Health Care,Drug Manufacturers - Specialty & Generic,BB,價格在 BB 中軌上方,None,0.0,0.425,0.2804,,0.2804,0,14417,0.0008,36.44,36.47,36.5,36.08,2026-08-28,3,False
THC,Health Care,Medical Care Facilities,BB,價格在 BB 中軌上方,None,0.0,0.425,0.2804,,0.2804,0,14417,0.0008,266.8,267.01,267.23,264.13,2026-08-28,3,False
MDLN,Health Care,Medical Instruments & Supplies,RSI,RSI 加速上升,None,0.0,0.5525,0.2803,,0.2803,0,8492,-0.0001,35.28,35.28,35.27,34.93,2026-08-28,3,False
NBIX,Health Care,Drug Manufacturers - Specialty & Generic,RSI,RSI 加速上升,None,0.0,0.5525,0.2803,,0.2803,0,8492,-0.0001,155.92,155.9,155.89,154.36,2026-08-27,3,False
COF,Financials,Credit Services,RSI,RSI 維持強勢 (50-70),None,0.0,0.51,0.2802,0.2802,0.2842,207,19108,-0.0028,215.67,215.07,214.46,213.51,2026-08-28,3,False
ALC,Health Care,Medical Instruments & Supplies,RSI,RSI 維持強勢 (50-70),None,0.0,0.51,0.2772,,0.2772,0,12123,0.0009,72.06,72.12,72.19,71.34,2026-08-31,3,False
BMRN,Health Care,Biotechnology,RSI,RSI 維持強勢 (50-70),None,0.0,0.51,0.2772,,0.2772,0,12123,0.0009,65.23,65.29,65.35,64.58,2026-08-31,3,False
IT,Information Technology,Information Technology Services,KDJ,KDJ 金叉,None,0.0,0.5525,0.2759,0.2759,0.3918,29,1955,-0.0025,198.39,197.89,197.4,196.41,2026-08-28,3,False
NI,Utilities,Utilities - Regulated Gas,RSI,RSI 超賣區域 (30),None,0.0,0.5249999999999999,0.2759,,0.2759,0,116,-0.003,40.57,40.45,40.33,40.16,2026-08-28,3,False
KR,Consumer Staples,Grocery Stores,RSI,RSI 上穿 50 中性線,None,0.0,0.4675,0.2759,0.2759,0.2565,29,928,0.0071,57.72,58.13,58.54,57.14,2026-08-28,3,False
SCHW,Financials,Capital Markets,RSI,RSI 維持強勢 (50-70),None,0.0,0.51,0.2757,0.2757,0.2842,272,19108,0.0013,109.82,109.96,110.11,108.72,2026-08-31,3,False
MO,Consumer Staples,Tobacco,RSI,RSI 維持強勢 (50-70),None,0.0,0.51,0.2753,0.2753,0.2452,247,7574,0.0017,68.48,68.6,68.71,67.8,2026-08-31,3,False
AXSM,Health Care,Biotechnology,BB,BB 跌破下軌 (超賣),None,0.0,0.45499999999999996,0.2752,,0.2752,0,974,-0.0017,198.52,198.18,197.85,196.53,2026-08-31,3,False
BBIO,Health Care,Biotechnology,BB,BB 跌破下軌 (超賣),None,0.0,0.45499999999999996,0.2752,,0.2752,0,974,-0.0017,76.59,76.46,76.33,75.82,2026-08-31,3,False
FMS,Health Care,Medical Care Facilities,BB,BB 跌破下軌 (超賣),None,0.0,0.45499999999999996,0.2752,,0.2752,0,974,-0.0017,22.74,22.7,22.66,22.51,2026-08-31,3,False
PEN,Health Care,Medical Devices,BB,BB 跌破下軌 (超賣),None,0.0,0.45499999999999996,0.2752,,0.2752,0,974,-0.0017,321.0,320.45,319.91,317.79,2026-08-27,3,False
IQV,Health Care,Diagnostics & Research,BB,BB 中軌向上（上升趨勢）,None,0.0,0.51,0.2743,0.2743,0.2705,175,10885,-0.0054,261.19,259.78,258.37,258.58,2026-08-31,3,False
NWSA,Communication Services,Entertainment,RSI,RSI 維持強勢 (50-70),None,0.0,0.51,0.2742,0.2742,0.3082,248,5205,0.0028,30.71,30.8,30.88,30.4,2026-08-31,3,False
EBAY,Consumer Discretionary,Internet Retail,BB,價格在 BB 中軌上方,None,0.0,0.425,0.273,0.273,0.2984,304,12430,-0.0004,105.62,105.58,105.54,104.56,2026-08-28,3,False
MCHP,Information Technology,Semiconductors,KDJ,KDJ 金叉,None,0.0,0.5525,0.2727,0.2727,0.3918,22,1955,-0.0062,75.49,75.02,74.55,74.74,2026-08-27,3,False
VZ,Communication Services,Telecom Services,RSI,RSI 動能加速（強勢區）,None,0.0,0.51,0.2727,0.2727,0.3135,33,772,0.0033,50.1,50.27,50.43,49.6,2026-08-28,3,False
SYY,Consumer Staples,Food Distribution,BB,BB 跌破下軌 (超賣),None,0.0,0.45499999999999996,0.2727,0.2727,0.2667,11,705,0.0045,81.08,81.44,81.81,80.27,2026-08-31,3,False
ELV,Health Care,Healthcare Plans,BB,價格在 BB 中軌上方,None,0.0,0.425,0.272,0.272,0.2804,250,14417,0.0034,399.11,400.47,401.82,395.12,2026-08-27,3,False
GMED,Health Care,Medical Devices,BB,BB 中軌向上（上升趨勢）,None,0.0,0.51,0.2705,,0.2705,0,10885,0.0002,81.37,81.39,81.4,80.56,2026-08-31,3,False
PHG,Health Care,Medical Devices,BB,BB 中軌向上（上升趨勢）,None,0.0,0.51,0.2705,,0.2705,0,10885,0.0002,26.57,26.58,26.58,26.3,2026-08-31,3,False
RDY,Health Care,Drug Manufacturers - Specialty & Generic,BB,BB 中軌向上（上升趨勢）,None,0.0,0.51,0.2705,,0.2705,0,10885,0.0002,12.13,12.13,12.13,12.01,2026-08-31,3,False
DOW,Materials,Chemicals,BB,BB 中軌向上（上升趨勢）,None,0.0,0.51,0.2704,0.2704,0.2853,196,5036,-0.0046,30.51,30.37,30.23,30.2,2026-08-28,3,False
VTR,Real Estate,REIT - Healthcare Facilities,RSI,RSI 維持強勢 (50-70),None,0.0,0.51,0.2698,0.2698,0.2509,252,7011,0.0029,92.89,93.16,93.43,91.96,2026-08-27,3,False
ALGN,Health Care,Medical Instruments & Supplies,KDJ,KDJ 超賣區金叉,Bullish Engulfing,0.75,1.0,0.2692,,0.2692,0,26,0.004,159.79,160.43,161.07,158.19,2026-08-31,3,True
NWG,Financials,Banks - Regional,BB,BB 中軌向上（上升趨勢）,None,0.0,0.51,0.2681,,0.2681,0,16575,0.0026,18.38,18.43,18.48,18.2,2026-08-28,3,False
RMD,Health Care,Medical Instruments & Supplies,RSI,RSI 維持強勢 (50-70),None,0.0,0.51,0.268,0.268,0.2772,194,12123,-0.0031,240.1,239.36,238.61,237.7,2026-08-31,3,False
EXPD,Industrials,Integrated Freight & Logistics,BB,BB 中軌向上（上升趨勢）,None,0.0,0.51,0.2673,0.2673,0.2929,202,17460,0.003,189.65,190.22,190.79,187.75,2026-08-31,3,False
OKE,Energy,Oil & Gas Midstream,KDJ,KDJ 金叉,None,0.0,0.5525,0.2667,0.2667,0.3614,15,498,0.0066,96.01,96.64,97.28,95.05,2026-08-31,3,False
EOG,Energy,Oil & Gas E&P,RSI,RSI 上穿 50 中性線,None,0.0,0.4675,0.2667,0.2667,0.361,30,579,-0.0016,144.96,144.73,144.5,143.51,2026-08-31,3,False
CPT,Real Estate,REIT - Residential,BB,BB 跌破下軌 (超賣),None,0.0,0.45499999999999996,0.2667,0.2667,0.25,15,564,0.0092,105.79,106.76,107.74,104.73,2026-08-27,3,False
O,Real Estate,REIT - Retail,BB,BB 跌破下軌 (超賣),None,0.0,0.45499999999999996,0.2667,0.2667,0.25,15,564,-0.0041,61.28,61.03,60.78,60.67,2026-08-31,3,False
DTE,Utilities,Utilities - Regulated Electric,RSI,RSI 加速上升,None,0.0,0.5525,0.2652,0.2652,0.2565,132,4905,0.0054,135.86,136.59,137.33,134.5,2026-08-28,3,False
KDP,Consumer Staples,Beverages - Non-Alcoholic,RSI,RSI 維持強勢 (50-70),None,0.0,0.51,0.265,0.265,0.2452,234,7574,-0.0003,31.86,31.85,31.84,31.54,2026-08-31,3,False
AMH,Real Estate,REIT - Residential,BB,BB 中軌向上（上升趨勢）,None,0.0,0.51,0.2647,,0.2647,0,5713,0.0025,33.44,33.52,33.61,33.11,2026-08-27,3,False
SJM,Consumer Staples,Packaged Foods,BB,BB 中軌向上（上升趨勢）,None,0.0,0.51,0.2645,0.2645,0.2466,121,6128,0.006,131.16,131.95,132.73,129.85,2026-08-31,3,False
AMGN,Health Care,Drug Manufacturers - General,RSI,RSI 維持強勢 (50-70),None,0.0,0.51,0.2639,0.2639,0.2772,216,12123,0.0032,429.88,431.26,432.63,425.58,2026-08-31,3,False
VRSN,Information Technology,Software - Infrastructure,BB,BB 中軌向上（上升趨勢）,None,0.0,0.51,0.2636,0.2636,0.3639,239,16781,-0.0001,291.93,291.9,291.87,289.01,2026-08-28,3,False
TKO,Communication Services,Entertainment,BB,BB 中軌向上（上升趨勢）,None,0.0,0.51,0.2634,0.2634,0.2943,224,4771,-0.0016,184.64,184.34,184.05,182.79,2026-08-28,3,False
DOC,Real Estate,REIT - Healthcare Facilities,BB,價格在 BB 中軌上方,None,0.0,0.425,0.2629,0.2629,0.248,251,8032,-0.0001,21.22,21.22,21.22,21.01,2026-08-27,3,False
SHW,Materials,Specialty Chemicals,BB,BB 中軌向上（上升趨勢）,None,0.0,0.51,0.2624,0.2624,0.2853,141,5036,0.005,345.21,346.94,348.66,341.76,2026-08-27,3,False
SBAC,Real Estate,REIT - Specialty,BB,BB 中軌向上（上升趨勢）,None,0.0,0.51,0.2614,0.2614,0.2647,88,5713,-0.0012,189.66,189.43,189.2,187.76,2026-08-31,3,False
NSC,Industrials,Railroads,BB,價格在 BB 中軌上方,None,0.0,0.425,0.2612,0.2612,0.295,245,22337,0.0038,342.79,344.09,345.4,339.36,2026-08-31,3,False
VRTX,Health Care,Biotechnology,RSI,RSI 維持強勢 (50-70),None,0.0,0.51,0.2611,0.2611,0.2772,226,12123,-0.0021,544.52,543.38,542.23,539.07,2026-08-31,3,False
ABBV,Health Care,Drug Manufacturers - General,BB,價格在 BB 中軌上方,None,0.0,0.425,0.2601,0.2601,0.2804,296,14417,0.0026,256.42,257.09,257.75,253.86,2026-08-31,3,False
T,Communication Services,Telecom Services,BB,BB 中軌向上（上升趨勢）,None,0.0,0.51,0.2597,0.2597,0.2943,231,4771,-0.0014,25.89,25.85,25.82,25.63,2026-08-31,3,False
CPRT,Industrials,Specialty Business Services,RSI,RSI 維持強勢 (50-70),None,0.0,0.51,0.2593,0.2593,0.2986,189,19157,-0.0016,32.99,32.94,32.88,32.66,2026-08-31,3,False
ICE,Financials,Financial Data & Stock Exchanges,RSI,RSI 維持強勢 (50-70),None,0.0,0.51,0.258,0.258,0.2842,283,19108,0.005,160.7,161.5,162.31,159.09,2026-08-31,3,False
KEP,Utilities,Utilities - Regulated Electric,RSI,RSI 加速上升,None,0.0,0.5525,0.2565,,0.2565,0,4905,0.0041,11.6,11.65,11.7,11.48,2026-08-31,3,False
SBS,Utilities,Utilities - Regulated Water,RSI,RSI 加速上升,None,0.0,0.5525,0.2565,,0.2565,0,4905,0.0041,4.86,4.88,4.9,4.81,2026-08-31,3,False
CL,Consumer Staples,Household & Personal Products,RSI,RSI 加速上升,None,0.0,0.5525,0.2564,0.2564,0.2439,156,5343,0.0014,90.96,91.09,91.21,90.05,2026-08-27,3,False
CI,Health Care,Healthcare Plans,BB,價格在 BB 中軌上方,None,0.0,0.425,0.2563,0.2563,0.2804,199,14417,0.0002,278.88,278.94,278.99,276.09,2026-08-28,3,False
OMC,Communication Services,Advertising Agencies,BB,BB 中軌向上（上升趨勢）,None,0.0,0.51,0.2557,0.2557,0.2943,176,4771,0.0014,87.53,87.65,87.78,86.65,2026-08-31,3,False
MET,Financials,Insurance - Life,RSI,RSI 加速上升,None,0.0,0.5525,0.2553,0.2553,0.3014,141,11488,0.0035,96.51,96.85,97.19,95.54,2026-08-28,3,False
EQIX,Real Estate,REIT - Specialty,BB,BB 中軌向上（上升趨勢）,None,0.0,0.51,0.2547,0.2547,0.2647,212,5713,-0.0008,1046.72,1045.88,1045.05,1036.25,2026-08-31,3,False
CTSH,Information Technology,Information Technology Services,BB,價格在 BB 中軌上方,None,0.0,0.425,0.2536,0.2536,0.3573,209,20206,0.0011,64.58,64.65,64.72,63.93,2026-08-31,3,False
CSCO,Information Technology,Communication Equipment,RSI,RSI 加速上升,None,0.0,0.5525,0.2528,0.2528,0.3693,178,10688,-0.0018,112.15,111.95,111.75,111.03,2026-08-27,3,False
MCO,Financials,Financial Data & Stock Exchanges,BB,價格在 BB 中軌上方,None,0.0,0.425,0.2519,0.2519,0.2847,266,21689,-0.0003,504.64,504.49,504.34,499.59,2026-08-31,3,False
ETR,Utilities,Utilities - Regulated Electric,RSI,RSI 加速上升,None,0.0,0.5525,0.2516,0.2516,0.2565,155,4905,0.0017,105.75,105.93,106.11,104.69,2026-08-28,3,False
AGNC,Real Estate,REIT - Mortgage,RSI,RSI 維持強勢 (50-70),None,0.0,0.51,0.2509,,0.2509,0,7011,0.0007,10.8196,10.83,10.83,10.71,2026-08-27,3,False
AGNCL,Real Estate,REIT - Mortgage,RSI,RSI 維持強勢 (50-70),None,0.0,0.51,0.2509,,0.2509,0,7011,0.0007,25.392,25.41,25.43,25.14,2026-08-28,3,False
AGNCM,Real Estate,REIT - Mortgage,RSI,RSI 維持強勢 (50-70),None,0.0,0.51,0.2509,,0.2509,0,7011,0.0007,25.16,25.18,25.2,24.91,2026-08-28,3,False
AGNCN,Real Estate,REIT - Mortgage,RSI,RSI 維持強勢 (50-70),None,0.0,0.51,0.2509,,0.2509,0,7011,0.0007,25.88,25.9,25.92,25.62,2026-08-28,3,False
AGNCP,Real Estate,REIT - Mortgage,RSI,RSI 維持強勢 (50-70),None,0.0,0.51,0.2509,,0.2509,0,7011,0.0007,25.43,25.45,25.47,25.18,2026-08-28,3,False
AGNCZ,Real Estate,REIT - Mortgage,RSI,RSI 維持強勢 (50-70),None,0.0,0.51,0.2509,,0.2509,0,7011,0.0007,25.6199,25.64,25.66,25.36,2026-08-28,3,False
SUI,Real Estate,REIT - Residential,RSI,RSI 維持強勢 (50-70),None,0.0,0.51,0.2509,,0.2509,0,7011,0.0007,122.92,123.01,123.09,121.69,2026-08-28,3,False
VRSK,Industrials,Consulting Services,RSI,RSI 上穿 50 中性線,None,0.0,0.4675,0.25,0.25,0.304,24,1816,-0.002,191.02,190.64,190.26,189.11,2026-08-27,3,False
FAST,Industrials,Industrial Distribution,BB,BB 跌破下軌 (超賣),None,0.0,0.45499999999999996,0.25,0.25,0.2838,16,1258,0.008,49.31,49.7,50.1,48.82,2026-08-31,3,False
LINE,Real Estate,REIT - Industrial,BB,BB 跌破下軌 (超賣),None,0.0,0.45499999999999996,0.25,,0.25,0,564,-0.0003,39.32,39.31,39.3,38.93,2026-08-28,3,False
URI,Industrials,Rental & Leasing Services,BB,BB 跌破下軌 (超賣),None,0.0,0.45499999999999996,0.25,0.25,0.2838,16,1258,-0.0101,1037.51,1027.03,1016.55,1027.13,2026-08-27,3,False
WM,Industrials,Waste Management,BB,BB 跌破下軌 (超賣),None,0.0,0.45499999999999996,0.25,0.25,0.2838,20,1258,0.0027,217.76,218.35,218.94,215.58,2026-08-27,3,False
PPG,Materials,Specialty Chemicals,MACD,MACD 金叉 (空頭區),None,0.0,0.42,0.25,0.25,0.3816,16,304,-0.0043,114.22,113.73,113.24,113.08,2026-08-28,3,False
NWS,Communication Services,Entertainment,RSI,RSI 維持強勢 (50-70),None,0.0,0.51,0.2471,0.2471,0.3082,259,5205,0.0029,34.41,34.51,34.61,34.07,2026-08-31,3,False
COKE,Consumer Staples,Beverages - Non-Alcoholic,BB,BB 中軌向上（上升趨勢）,None,0.0,0.51,0.2466,,0.2466,0,6128,-0.0003,195.57,195.51,195.45,193.61,2026-08-31,3,False
CPB,Consumer Staples,Packaged Foods,BB,BB 中軌向上（上升趨勢）,None,0.0,0.51,0.2466,,0.2466,0,6128,-0.0003,23.68,23.67,23.67,23.44,2026-08-31,3,False
DEO,Consumer Staples,Beverages - Wineries & Distilleries,BB,BB 中軌向上（上升趨勢）,None,0.0,0.51,0.2466,,0.2466,0,6128,-0.0003,91.85,91.82,91.79,90.93,2026-08-31,3,False
EDU,Consumer Staples,Education & Training Services,BB,BB 中軌向上（上升趨勢）,None,0.0,0.51,0.2466,,0.2466,0,6128,-0.0003,58.83,58.81,58.79,58.24,2026-08-28,3,False
MICC,Consumer Staples,Packaged Foods,BB,BB 中軌向上（上升趨勢）,None,0.0,0.51,0.2466,,0.2466,0,6128,-0.0003,20.42,20.41,20.41,20.22,2026-08-31,3,False
USFD,Consumer Staples,Food Distribution,BB,BB 中軌向上（上升趨勢）,None,0.0,0.51,0.2466,,0.2466,0,6128,-0.0003,104.84,104.81,104.78,103.79,2026-08-31,3,False
EW,Health Care,Medical Devices,RSI,RSI 維持強勢 (50-70),None,0.0,0.51,0.2463,0.2463,0.2772,203,12123,-0.0015,90.75,90.61,90.48,89.84,2026-08-31,3,False
CCEP,Consumer Staples,Beverages - Non-Alcoholic,RSI,RSI 動能加速（強勢區）,None,0.0,0.51,0.2456,,0.2456,0,1148,-0.0018,109.1,108.9,108.71,108.01,2026-08-28,3,False
JBS,Consumer Staples,Packaged Foods,RSI,RSI 維持強勢 (50-70),None,0.0,0.51,0.2452,,0.2452,0,7574,-0.0002,13.59,13.59,13.58,13.45,2026-08-28,3,False
UL,Consumer Staples,Household & Personal Products,RSI,RSI 維持強勢 (50-70),None,0.0,0.51,0.2452,,0.2452,0,7574,-0.0002,64.85,64.84,64.82,64.2,2026-08-31,3,False
PH,Industrials,Specialty Industrial Machinery,BB,BB 中軌向上（上升趨勢）,None,0.0,0.51,0.2448,0.2448,0.2929,290,17460,0.0024,979.44,981.79,984.14,969.65,2026-08-31,3,False
AIZ,Financials,Insurance - Property & Casualty,RSI,RSI 維持強勢 (50-70),None,0.0,0.51,0.2447,0.2447,0.2842,282,19108,0.0016,281.86,282.31,282.76,279.04,2026-08-31,3,False
JNJ,Health Care,Drug Manufacturers - General,RSI,RSI 維持強勢 (50-70),None,0.0,0.51,0.2436,0.2436,0.2772,234,12123,0.0055,265.85,267.31,268.77,263.19,2026-08-31,3,False
CRS,Industrials,Metal Fabrication,KDJ,KDJ 超賣區金叉,None,0.0,0.5599999999999999,0.2433,,0.2433,0,563,0.0001,490.58,490.63,490.68,485.67,2026-08-27,3,False
IR,Industrials,Specialty Industrial Machinery,KDJ,KDJ 超賣區金叉,None,0.0,0.5599999999999999,0.2433,,0.2433,0,563,0.0001,78.58,78.59,78.6,77.79,2026-08-28,3,False
ROK,Industrials,Specialty Industrial Machinery,KDJ,KDJ 超賣區金叉,None,0.0,0.5599999999999999,0.2433,,0.2433,0,563,0.0001,430.86,430.9,430.95,426.55,2026-08-28,3,False
TXT,Industrials,Aerospace & Defense,KDJ,KDJ 超賣區金叉,None,0.0,0.5599999999999999,0.2433,,0.2433,0,563,0.0001,83.04,83.05,83.06,82.21,2026-08-28,3,False
ZTO,Industrials,Integrated Freight & Logistics,KDJ,KDJ 超賣區金叉,None,0.0,0.5599999999999999,0.2433,,0.2433,0,563,0.0001,21.17,21.17,21.17,20.96,2026-08-31,3,False
FMX,Consumer Staples,Beverages - Brewers,BB,價格在 BB 中軌上方,None,0.0,0.425,0.2432,,0.2432,0,8891,-0.0001,120.41,120.4,120.39,119.21,2026-08-31,3,False
AMT,Real Estate,REIT - Specialty,RSI,RSI 維持強勢 (50-70),None,0.0,0.51,0.2419,0.2419,0.2509,186,7011,-0.0,175.7,175.7,175.7,173.94,2026-08-31,3,False
ZTS,Health Care,Drug Manufacturers - Specialty & Generic,BB,價格在 BB 中軌上方,None,0.0,0.425,0.2417,0.2417,0.2804,211,14417,-0.0048,77.1,76.73,76.36,76.33,2026-08-31,3,False
IDXX,Health Care,Diagnostics & Research,KDJ,KDJ 金叉,None,0.0,0.5525,0.24,0.24,0.2852,25,1536,0.0085,554.99,559.71,564.42,549.44,2026-08-28,3,False
UPS,Industrials,Integrated Freight & Logistics,RSI,RSI 維持強勢 (50-70),None,0.0,0.51,0.239,0.239,0.2986,205,19157,-0.0081,105.68,104.82,103.97,104.62,2026-08-27,3,False
AMP,Financials,Asset Management,RSI,RSI 維持強勢 (50-70),None,0.0,0.51,0.2387,0.2387,0.2842,243,19108,0.0008,553.11,553.55,553.99,547.58,2026-08-31,3,False
LH,Health Care,Diagnostics & Research,BB,價格在 BB 中軌上方,None,0.0,0.425,0.2387,0.2387,0.2804,222,14417,0.0,332.66,332.66,332.66,329.33,2026-08-31,3,False
GIS,Consumer Staples,Packaged Foods,BB,價格在 BB 中軌上方,Support,0.9,0.9570000000000001,0.2381,,0.2381,0,21,-0.0071,40.44,40.15,39.87,40.04,2026-08-27,3,False
ACN,Information Technology,Information Technology Services,KDJ,KDJ 金叉,None,0.0,0.5525,0.2381,0.2381,0.3918,21,1955,-0.0049,187.38,186.46,185.54,185.51,2026-08-27,3,False
ECL,Materials,Specialty Chemicals,BB,價格在 BB 中軌上方,None,0.0,0.425,0.238,0.238,0.2859,332,6697,0.003,286.75,287.61,288.47,283.88,2026-08-28,3,False
MCK,Health Care,Medical Distribution,BB,BB 中軌向上（上升趨勢）,None,0.0,0.51,0.2377,0.2377,0.2705,265,10885,0.0036,885.32,888.51,891.69,876.47,2026-08-31,3,False
ABT,Health Care,Medical Devices,BB,價格在 BB 中軌上方,None,0.0,0.425,0.2353,0.2353,0.2804,221,14417,-0.0011,112.47,112.35,112.22,111.35,2026-08-28,3,False
PEP,Consumer Staples,Beverages - Non-Alcoholic,RSI,RSI 上穿 50 中性線,None,0.0,0.4675,0.2333,0.2333,0.2565,30,928,-0.002,141.07,140.79,140.51,139.66,2026-08-28,3,False
GEHC,Health Care,Medical Devices,BB,價格在 BB 中軌上方,None,0.0,0.425,0.233,0.233,0.2804,206,14417,-0.0058,72.48,72.06,71.64,71.76,2026-08-27,3,False
SPGI,Financials,Financial Data & Stock Exchanges,BB,價格在 BB 中軌上方,None,0.0,0.425,0.2327,0.2327,0.2847,318,21689,0.0017,435.84,436.58,437.32,431.48,2026-08-31,3,False
TRV,Financials,Insurance - Property & Casualty,RSI,RSI 維持強勢 (50-70),None,0.0,0.51,0.2326,0.2326,0.2842,288,19108,0.0007,369.9,370.16,370.42,366.2,2026-08-28,3,False
AWK,Utilities,Utilities - Regulated Water,RSI,RSI 維持強勢 (50-70),None,0.0,0.51,0.2312,0.2312,0.2471,199,8831,0.0008,138.23,138.34,138.45,136.85,2026-08-31,3,False
SYK,Health Care,Medical Devices,KDJ,KDJ 金叉,None,0.0,0.5525,0.2308,0.2308,0.2852,26,1536,-0.0004,330.69,330.56,330.43,327.38,2026-08-28,3,False
LNT,Utilities,Utilities - Regulated Electric,MACD,MACD 金叉 (空頭區),None,0.0,0.42,0.2308,0.2308,0.2494,13,409,0.0054,67.98,68.35,68.71,67.3,2026-08-31,3,False
ROP,Information Technology,Software - Application,RSI,RSI 加速上升,None,0.0,0.5525,0.2297,0.2297,0.3693,148,10688,-0.0037,426.2,424.62,423.05,421.94,2026-08-28,3,False
MKC,Consumer Staples,Packaged Foods,BB,BB 中軌向上（上升趨勢）,None,0.0,0.51,0.2292,0.2292,0.2466,192,6128,-0.0033,54.22,54.04,53.86,53.68,2026-08-31,3,False
VLTO,Industrials,Pollution & Treatment Controls,BB,價格在 BB 中軌上方,None,0.0,0.425,0.2292,0.2292,0.295,253,22337,0.0002,98.56,98.58,98.6,97.57,2026-08-28,3,False
RSG,Industrials,Waste Management,RSI,RSI 維持強勢 (50-70),Support,0.9,1.0,0.2281,,0.2281,0,57,-0.0022,219.27,218.79,218.31,217.08,2026-08-27,3,False
HSY,Consumer Staples,Confectioners,BB,BB 中軌向上（上升趨勢）,None,0.0,0.51,0.2273,0.2273,0.2466,132,6128,-0.0082,179.05,177.58,176.11,177.26,2026-08-28,3,False
GNRC,Industrials,Specialty Industrial Machinery,BB,BB 跌破下軌 (超賣),None,0.0,0.45499999999999996,0.2273,0.2273,0.2838,22,1258,-0.012,185.38,183.16,180.93,183.53,2026-08-31,3,False
DHR,Health Care,Diagnostics & Research,BB,價格在 BB 中軌上方,None,0.0,0.425,0.2267,0.2267,0.2804,247,14417,-0.002,213.56,213.13,212.71,211.42,2026-08-31,3,False
MSCI,Financials,Financial Data & Stock Exchanges,BB,價格在 BB 中軌上方,None,0.0,0.425,0.226,0.226,0.2847,208,21689,-0.0005,570.64,570.35,570.07,564.93,2026-08-31,3,False
AME,Industrials,Specialty Industrial Machinery,KDJ,KDJ 金叉,None,0.0,0.5525,0.2258,0.2258,0.3223,31,2110,-0.0029,243.67,242.96,242.26,241.23,2026-08-27,3,False
CTAS,Industrials,Specialty Business Services,RSI,RSI 維持強勢 (50-70),None,0.0,0.51,0.2236,0.2236,0.2986,322,19157,0.0044,201.79,202.68,203.57,199.77,2026-08-31,3,False
EA,Communication Services,Electronic Gaming & Multimedia,BB,價格在 BB 中軌上方,None,0.0,0.425,0.2231,0.2231,0.3007,242,6080,0.0014,209.7,209.99,210.29,207.6,2026-08-07,3,False
PCAR,Industrials,Farm & Heavy Construction Machinery,BB,BB 跌破下軌 (超賣),None,0.0,0.45499999999999996,0.2222,0.2222,0.2838,18,1258,-0.0065,124.13,123.32,122.52,122.89,2026-08-31,3,False
PFE,Health Care,Drug Manufacturers - General,RSI,RSI 維持強勢 (50-70),None,0.0,0.51,0.2174,0.2174,0.2772,184,12123,-0.0036,28.46,28.36,28.26,28.18,2026-08-31,3,False
NDSN,Industrials,Specialty Industrial Machinery,BB,價格在 BB 中軌上方,None,0.0,0.425,0.2164,0.2164,0.295,268,22337,-0.0002,321.72,321.66,321.59,318.5,2026-08-31,3,False
CHD,Consumer Staples,Household & Personal Products,RSI,RSI 加速上升,None,0.0,0.5525,0.216,0.216,0.2439,162,5343,-0.001,101.26,101.16,101.06,100.25,2026-08-28,3,False
ZBH,Health Care,Medical Devices,RSI,RSI 維持強勢 (50-70),None,0.0,0.51,0.2156,0.2156,0.2772,167,12123,-0.0047,100.04,99.57,99.1,99.04,2026-08-31,3,False
HON,Industrials,Conglomerates,RSI,RSI 維持強勢 (50-70),None,0.0,0.51,0.2152,0.2152,0.2986,223,19157,-0.0036,220.39,219.6,218.8,218.19,2026-08-27,3,False
TAP,Consumer Staples,Beverages - Brewers,BB,BB 跌破下軌 (超賣),None,0.0,0.45499999999999996,0.2118,,0.2118,0,203,-0.0091,39.76,39.4,39.04,39.36,2026-08-31,3,True
EXR,Real Estate,REIT - Industrial,BB,BB 跌破下軌 (超賣),None,0.0,0.45499999999999996,0.2105,0.2105,0.25,19,564,-0.0085,141.1,139.9,138.7,139.69,2026-08-31,3,False
COO,Health Care,Medical Instruments & Supplies,BB,BB 中軌向上（上升趨勢）,None,0.0,0.51,0.2102,0.2102,0.2705,157,10885,-0.0092,70.96,70.31,69.65,70.25,2026-08-27,3,False
ALL,Financials,Insurance - Property & Casualty,RSI,RSI 維持強勢 (50-70),None,0.0,0.51,0.208,0.208,0.2842,226,19108,-0.0006,257.8,257.65,257.49,255.22,2026-08-31,3,False
STE,Health Care,Medical Devices,RSI,RSI 維持強勢 (50-70),None,0.0,0.51,0.205,0.205,0.2772,161,12123,0.0005,232.64,232.76,232.87,230.31,2026-08-31,3,False
MRK,Health Care,Drug Manufacturers - General,RSI,RSI 維持強勢 (50-70),None,0.0,0.51,0.2017,0.2017,0.2772,233,12123,-0.0043,147.76,147.12,146.49,146.28,2026-08-31,3,False
LYB,Materials,Specialty Chemicals,BB,BB 中軌向上（上升趨勢）,None,0.0,0.51,0.2011,0.2011,0.2853,179,5036,-0.0074,65.08,64.6,64.12,64.43,2026-08-31,3,False
PNR,Industrials,Specialty Industrial Machinery,KDJ,KDJ 超賣區金叉,None,0.0,0.5599999999999999,0.2,0.2,0.2433,10,563,-0.006,61.67,61.3,60.93,61.05,2026-08-28,3,False
GPC,Consumer Discretionary,Auto Parts,BB,價格在 BB 中軌上方,None,0.0,0.425,0.2,0.2,0.2984,245,12430,-0.0088,135.67,134.48,133.28,134.31,2026-08-31,3,False
KMB,Consumer Staples,Household & Personal Products,RSI,RSI 維持強勢 (50-70),None,0.0,0.51,0.1981,0.1981,0.2452,212,7574,-0.0029,109.55,109.23,108.91,108.45,2026-08-28,3,False
NVR,Consumer Discretionary,Residential Construction,RSI,RSI 維持強勢 (50-70),None,0.0,0.51,0.198,0.198,0.2995,202,10441,-0.0034,6396.27,6374.52,6352.78,6332.31,2026-08-28,3,False
PEG,Utilities,Utilities - Regulated Electric,RSI,RSI 加速上升,None,0.0,0.5525,0.1974,0.1974,0.2565,152,4905,-0.0026,73.19,73.0,72.81,72.46,2026-08-28,3,False
SBUX,Consumer Discretionary,Restaurants,BB,價格在 BB 中軌上方,None,0.0,0.425,0.1957,0.1957,0.2984,235,12430,-0.0009,107.85,107.75,107.66,106.77,2026-08-28,3,False
AKAM,Information Technology,Software - Infrastructure,KDJ,KDJ 金叉,None,0.0,0.5525,0.1923,0.1923,0.3918,26,1955,-0.0039,108.62,108.2,107.77,107.53,2026-08-31,3,False
YUM,Consumer Discretionary,Restaurants,BB,價格在 BB 中軌上方,None,0.0,0.425,0.1789,0.1789,0.2984,218,12430,-0.0015,153.31,153.08,152.85,151.78,2026-08-31,3,False
LIN,Materials,Specialty Chemicals,BB,價格在 BB 中軌上方,None,0.0,0.425,0.1748,0.1748,0.2859,286,6697,0.0023,489.58,490.71,491.83,484.68,2026-08-31,3,False
BSX,Health Care,Medical Devices,BB,BB 中軌向上（上升趨勢）,Morning Star,0.8,1.0,0.1667,0.1667,0.4901,6,253,-0.0012,48.3,48.24,48.18,47.82,2026-08-31,3,False
HII,Industrials,Aerospace & Defense,KDJ,KDJ 超賣區金叉,None,0.0,0.5599999999999999,0.1667,0.1667,0.2433,6,563,-0.0176,295.91,290.7,285.49,292.95,2026-08-27,3,False
MAA,Real Estate,REIT - Residential,BB,BB 跌破下軌 (超賣),None,0.0,0.45499999999999996,0.1667,0.1667,0.25,18,564,-0.0052,128.79,128.12,127.45,127.5,2026-08-27,3,False
WTW,Financials,Insurance Brokers,BB,價格在 BB 中軌上方,None,0.0,0.425,0.1646,0.1646,0.2847,316,21689,-0.0024,343.75,342.93,342.1,340.31,2026-08-28,3,False
LOW,Consumer Discretionary,Home Improvement Retail,BB,BB 跌破下軌 (超賣),None,0.0,0.45499999999999996,0.16,0.16,0.2974,25,733,0.0003,204.7,204.76,204.82,202.65,2026-08-31,3,False
TROW,Financials,Asset Management,MACD,MACD 金叉 (空頭區),None,0.0,0.42,0.1538,0.1538,0.3214,13,865,-0.0134,112.36,110.85,109.35,111.24,2026-08-27,3,False
ED,Utilities,Utilities - Regulated Electric,RSI,RSI 加速上升,None,0.0,0.5525,0.1522,0.1522,0.2565,138,4905,0.0033,107.49,107.84,108.2,106.42,2026-08-28,3,False
HIG,Financials,Insurance - Diversified,RSI,RSI 加速上升,None,0.0,0.5525,0.15,0.15,0.3014,140,11488,-0.0011,138.55,138.4,138.25,137.16,2026-08-28,3,False
STZ,Consumer Staples,Beverages - Brewers,BB,BB 中軌向上（上升趨勢）,None,0.0,0.51,0.1462,0.1462,0.2466,171,6128,-0.0084,130.69,129.59,128.49,129.38,2026-08-28,3,False
PG,Consumer Staples,Household & Personal Products,KDJ,KDJ 金叉,None,0.0,0.5525,0.1429,0.1429,0.2503,21,779,-0.0023,145.12,144.79,144.45,143.67,2026-08-31,3,False
SNA,Industrials,Tools & Accessories,RSI,RSI 加速上升,None,0.0,0.5525,0.1418,0.1418,0.2981,141,11545,-0.003,395.84,394.65,393.46,391.88,2026-08-27,3,False
TSN,Consumer Staples,Farm Products,BB,BB 跌破下軌 (超賣),None,0.0,0.45499999999999996,0.1333,0.1333,0.2667,15,705,-0.0105,55.35,54.77,54.19,54.8,2026-08-27,3,False
AZO,Consumer Discretionary,Auto Parts,BB,BB 跌破下軌 (超賣),None,0.0,0.45499999999999996,0.125,0.125,0.2974,8,733,0.0012,2932.3301,2935.85,2939.37,2903.01,2026-08-27,3,False
ODFL,Industrials,Trucking,KDJ,KDJ 超賣區金叉,None,0.0,0.5599999999999999,0.0,0.0,0.2433,6,563,-0.0098,199.96,198.0,196.04,197.96,2026-08-31,3,False
LVS,Consumer Discretionary,Resorts & Casinos,BB,BB 跌破下軌 (超賣),None,0.0,0.45499999999999996,0.0,0.0,0.3556,9,239,-0.028,43.81,42.58,41.36,43.37,2026-08-31,3,True
