symbol,sector,subsector,indicator,signal,pattern,pattern_conf,confidence,win_rate,win_rate_stock,win_rate_sector,stock_n,sector_n,avg_return,price,tp1_price,tp2_price,sl_price,date,tier,volume_confirmed
BIDU,Communication Services,Internet Content & Information,BB,BB 跌破下軌 (超賣),Support,0.7,1.0,0.6667,,0.6667,0,6,0.0327,90.87,93.84,96.81,89.96,2026-08-18,1,True
PLTR,Information Technology,Software - Infrastructure,BB,BB 中軌向上（上升趨勢）,Morning Star,0.8,1.0,0.6,0.6,0.4841,15,471,0.0444,175.19,182.97,190.75,173.44,2026-08-19,1,False
SYY,Consumer Staples,Food Distribution,RSI,RSI 上穿 50 中性線,Morning Star,0.8,0.9900000000000001,0.5625,,0.5625,0,32,0.0236,83.06,85.02,86.98,82.23,2026-08-20,1,False
EL,Consumer Staples,Household & Personal Products,BB,BB 中軌向上（上升趨勢）,Morning Star,0.8,1.0,0.5505,,0.5505,0,109,0.0238,98.01,100.34,102.68,97.03,2026-08-19,1,True
USFD,Consumer Staples,Food Distribution,BB,BB 中軌向上（上升趨勢）,Morning Star,0.8,1.0,0.5505,,0.5505,0,109,0.0238,108.46,111.04,113.62,107.38,2026-08-20,1,False
NOC,Industrials,Aerospace & Defense,RSI,RSI 維持強勢 (50-70),None,0.0,0.51,0.7,0.7,0.3579,10,746,0.0459,563.86,589.74,615.62,558.22,2026-08-20,2,True
APD,Materials,Specialty Chemicals,BB,價格在 BB 中軌上方,None,0.0,0.425,0.6667,0.6667,0.354,6,274,0.0076,300.33,302.61,304.9,297.33,2026-08-20,2,True
DOW,Materials,Chemicals,BB,價格在 BB 中軌上方,None,0.0,0.425,0.6667,0.6667,0.354,12,274,0.0564,32.9,34.76,36.61,32.57,2026-08-20,2,True
PGR,Financials,Insurance - Property & Casualty,BB,價格在 BB 中軌上方,None,0.0,0.425,0.6667,0.6667,0.3239,6,852,0.0271,220.34,226.31,232.28,218.14,2026-08-20,2,True
COIN,Financials,Financial Data & Stock Exchanges,RSI,RSI 動能加速（強勢區）,None,0.0,0.51,0.6429,0.6429,0.3211,14,246,0.0718,172.35,184.72,197.1,170.63,2026-08-20,2,True
PBR,Energy,Oil & Gas Integrated,MACD,MACD 金叉 (多頭區),None,0.0,0.68,0.6154,,0.6154,0,13,0.0423,19.01,19.81,20.62,18.82,2026-08-20,2,True
TRGP,Energy,Oil & Gas Midstream,RSI,RSI 維持強勢 (50-70),None,0.0,0.51,0.6,0.6,0.411,10,146,0.0329,302.25,312.19,322.14,299.23,2026-08-20,2,True
CBOE,Financials,Financial Data & Stock Exchanges,BB,BB 中軌向上（上升趨勢）,None,0.0,0.51,0.5625,0.5625,0.3103,16,754,0.0088,280.75,283.22,285.69,277.94,2026-08-19,2,True
A,Health Care,Diagnostics & Research,RSI,RSI 動能加速（強勢區）,None,0.0,0.51,0.5,0.5,0.3778,6,225,0.008,155.41,156.65,157.9,153.86,2026-08-19,2,True
NUE,Materials,Steel,BB,BB 中軌向上（上升趨勢）,None,0.0,0.51,0.5,0.5,0.3886,6,229,0.0122,248.74,251.77,254.81,246.25,2026-08-19,2,True
DVN,Energy,Oil & Gas E&P,BB,價格在 BB 中軌上方,None,0.0,0.425,0.5,0.5,0.3547,6,203,0.014,47.83,48.5,49.17,47.35,2026-08-18,2,True
KLAR,Financials,Credit Services,RSI,RSI 維持超賣,None,0.0,0.385,0.4853,,0.4853,0,136,0.0158,14.0,14.22,14.44,13.86,2026-08-20,2,True
STLD,Materials,Steel,RSI,RSI 超賣區域 (30),None,0.0,0.5249999999999999,0.4722,,0.4722,0,36,0.0062,219.0,220.36,221.72,216.81,2026-08-20,2,True
HBANP,Financials,Banks - Regional,MACD,MACD 金叉 (空頭區),None,0.0,0.42,0.4667,,0.4667,0,30,0.003,16.42,16.47,16.52,16.26,2026-08-19,2,True
KEYS,Information Technology,Scientific & Technical Instruments,BB,價格在 BB 中軌上方,None,0.0,0.425,0.4615,0.4615,0.4327,13,1188,0.0237,341.0,349.08,357.16,337.59,2026-08-18,2,True
MSI,Information Technology,Communication Equipment,KDJ,KDJ 金叉,None,0.0,0.5525,0.4606,,0.4606,0,165,0.01,480.84,485.65,490.46,476.03,2026-08-19,2,True
MSTR,Information Technology,Software - Application,KDJ,KDJ 金叉,None,0.0,0.5525,0.4606,,0.4606,0,165,0.01,104.25,105.29,106.34,103.21,2026-08-19,2,True
STRF,Information Technology,Software - Application,KDJ,KDJ 金叉,None,0.0,0.5525,0.4606,,0.4606,0,165,0.01,96.9,97.87,98.84,95.93,2026-08-19,2,True
ILMN,Health Care,Diagnostics & Research,MACD,MACD 金叉 (多頭區),None,0.0,0.68,0.451,,0.451,0,51,0.0047,213.24,214.24,215.24,211.11,2026-08-20,2,True
PAC,Industrials,Airports & Air Services,BB,BB 跌破下軌 (超賣),Support,0.8,1.0,1.0,,1.0,0,8,0.07,204.63,218.95,233.28,202.58,2026-08-18,3,False
STLA,Consumer Discretionary,Auto Manufacturers,BB,BB 跌破下軌 (超賣),Support,0.7,0.99,1.0,,1.0,0,5,0.1314,5.05,5.71,6.38,5.0,2026-08-18,3,False
ROL,Consumer Discretionary,Personal Services,RSI,RSI 維持超賣,Support,0.7,0.87,1.0,,1.0,0,7,0.0602,36.32,38.51,40.69,35.96,2026-08-18,3,False
DVA,Health Care,Medical Care Facilities,RSI,RSI 維持超賣,None,0.0,0.385,0.8,0.8,0.3138,5,956,0.0445,175.24,183.04,190.84,173.49,2026-08-20,3,False
CVNA,Consumer Discretionary,Auto & Truck Dealerships,RSI,RSI 上穿 50 中性線,None,0.0,0.4675,0.6667,0.6667,0.3072,24,1123,0.0719,70.44,75.5,80.57,69.74,2026-08-19,3,False
SNDK,Information Technology,Computer Hardware,BB,價格在 BB 中軌上方,None,0.0,0.425,0.6578,0.6578,0.3573,187,20206,0.0925,1600.62,1748.68,1896.73,1584.61,2026-08-20,3,False
CEG,Utilities,Utilities - Independent Power Producers,RSI,RSI 上穿 50 中性線,None,0.0,0.4675,0.619,0.619,0.2521,21,932,0.035,274.17,283.77,293.36,271.43,2026-08-19,3,False
WDC,Information Technology,Computer Hardware,RSI,RSI 加速上升,None,0.0,0.5525,0.6024,0.6024,0.3693,166,10688,0.0324,496.16,512.24,528.31,491.2,2026-08-18,3,False
FCX,Materials,Copper,BB,BB 中軌向上（上升趨勢）,Morning Star,0.8,1.0,0.6,0.6,0.3805,5,113,0.0403,71.22,74.09,76.96,70.51,2026-08-20,3,False
NOW,Information Technology,Software - Application,RSI,RSI 維持強勢 (50-70),Morning Star,0.8,1.0,0.6,0.6,0.4207,5,454,0.0308,127.2,131.12,135.04,125.93,2026-08-19,3,False
PCG,Utilities,Utilities - Regulated Electric,RSI,RSI 加速上升,None,0.0,0.5525,0.6,0.6,0.3147,5,251,0.0191,17.96,18.3,18.65,17.78,2026-08-20,3,True
LOW,Consumer Discretionary,Home Improvement Retail,BB,價格在 BB 中軌上方,None,0.0,0.425,0.6,0.6,0.4026,5,529,0.0196,217.34,221.6,225.86,215.17,2026-08-20,3,True
HUM,Health Care,Healthcare Plans,RSI,RSI 上穿 50 中性線,None,0.0,0.4675,0.5882,0.5882,0.3144,17,1323,0.0348,380.73,393.98,407.23,376.92,2026-08-20,3,False
VALE,Materials,Other Industrial Metals & Mining,KDJ,KDJ 超賣區金叉,Bullish Engulfing,0.75,1.0,0.5714,,0.5714,0,7,0.0221,13.9,14.21,14.51,13.76,2026-08-19,3,False
CMG,Consumer Discretionary,Restaurants,MACD,MACD 突破 0 軸,None,0.0,0.595,0.5714,0.5714,0.3351,7,376,0.0123,35.29,35.72,36.16,34.94,2026-08-20,3,False
LITE,Information Technology,Communication Equipment,RSI,RSI 上穿 50 中性線,None,0.0,0.4675,0.5714,0.5714,0.3785,21,1593,0.0398,879.28,914.28,949.27,870.49,2026-08-20,3,False
ALGN,Health Care,Medical Instruments & Supplies,BB,BB 跌破下軌 (超賣),None,0.0,0.45499999999999996,0.5714,0.5714,0.2752,14,974,0.0342,158.94,164.38,169.81,157.35,2026-08-20,3,False
VTR,Real Estate,REIT - Healthcare Facilities,RSI,RSI 上穿 50 中性線,None,0.0,0.4675,0.5652,0.5652,0.2311,23,818,0.0157,92.68,94.14,95.59,91.75,2026-08-20,3,False
Q,Information Technology,Semiconductor Equipment & Materials,BB,BB 中軌向上（上升趨勢）,None,0.0,0.51,0.561,0.561,0.3639,82,16781,0.0317,133.58,137.81,142.05,132.24,2026-08-18,3,False
EQT,Energy,Oil & Gas E&P,BB,BB 中軌向上（上升趨勢）,Morning Star,0.8,1.0,0.5556,0.5556,0.5571,9,70,0.0232,53.89,55.14,56.39,53.35,2026-08-20,3,False
DDOG,Information Technology,Software - Application,KDJ,KDJ 金叉,None,0.0,0.5525,0.5556,0.5556,0.3918,27,1955,0.0258,246.0,252.35,258.69,243.54,2026-08-18,3,False
TKO,Communication Services,Entertainment,KDJ,KDJ 金叉,None,0.0,0.5525,0.5556,0.5556,0.3345,18,550,0.0167,201.69,205.06,208.43,199.67,2026-08-19,3,False
ARE,Real Estate,REIT - Office,MACD,MACD 金叉 (空頭區),None,0.0,0.42,0.5455,0.5455,0.2026,11,380,0.0228,52.94,54.15,55.35,52.41,2026-08-20,3,False
STX,Information Technology,Computer Hardware,RSI,RSI 加速上升,None,0.0,0.5525,0.5298,0.5298,0.3693,168,10688,0.0293,903.68,930.16,956.64,894.64,2026-08-18,3,False
TER,Information Technology,Semiconductor Equipment & Materials,BB,BB 中軌向上（上升趨勢）,None,0.0,0.51,0.5277,0.5277,0.3639,307,16781,0.0256,383.15,392.96,402.77,379.32,2026-08-20,3,False
MET,Financials,Insurance - Life,BB,BB 跌破下軌 (超賣),None,0.0,0.45499999999999996,0.5263,0.5263,0.3485,19,1277,0.0216,93.46,95.48,97.5,92.53,2026-08-20,3,False
BA,Industrials,Aerospace & Defense,BB,BB 中軌向上（上升趨勢）,None,0.0,0.51,0.52,0.52,0.2929,150,17460,0.0116,215.1,217.6,220.09,212.95,2026-08-20,3,False
COHR,Information Technology,Scientific & Technical Instruments,BB,BB 中軌向上（上升趨勢）,None,0.0,0.51,0.5012,0.5012,0.3639,401,16781,0.0237,290.03,296.9,303.78,287.13,2026-08-20,3,False
ACN,Information Technology,Information Technology Services,MACD,MACD 金叉 (多頭區),Morning Star,0.8,1.0,0.5,,0.5,0,12,-0.0069,183.17,181.91,180.64,181.34,2026-08-19,3,False
AXON,Industrials,Aerospace & Defense,RSI,RSI 維持強勢 (50-70),Bullish Engulfing,0.75,1.0,0.5,0.5,0.3881,10,335,-0.0447,619.85,592.14,564.44,613.65,2026-08-18,3,False
HBANZ,Financials,Banks - Regional,RSI,RSI 超賣區域 (30),Support,0.8,1.0,0.5,,,0,0,0.02,19.23,19.61,20.0,19.04,2026-08-18,3,False
MU,Information Technology,Semiconductors,BB,BB 中軌向上（上升趨勢）,Bullish Engulfing,0.75,1.0,0.5,0.5,0.3757,6,338,0.0438,974.33,1017.01,1059.68,964.59,2026-08-20,3,False
JBHT,Industrials,Integrated Freight & Logistics,BB,價格在 BB 中軌上方,Bullish Engulfing,0.75,0.9075,0.5,0.5,0.3799,8,329,0.0616,274.47,291.38,308.28,271.73,2026-08-20,3,False
NSC,Industrials,Railroads,MACD,MACD 金叉 (多頭區),None,0.0,0.68,0.5,0.5,0.2674,6,531,0.0183,346.62,352.96,359.31,343.15,2026-08-20,3,False
MGM,Consumer Discretionary,Resorts & Casinos,KDJ,KDJ 金叉,None,0.0,0.5525,0.5,0.5,0.3183,18,1244,0.0272,43.17,44.34,45.52,42.74,2026-08-20,3,False
LUV,Industrials,Airlines,RSI,RSI 超賣區域 (30),None,0.0,0.5249999999999999,0.5,0.5,0.3086,6,337,0.0043,39.89,40.06,40.23,39.49,2026-08-20,3,False
USB,Financials,Banks - Regional,BB,BB 跌破下軌 (超賣),None,0.0,0.45499999999999996,0.5,0.5,0.3485,20,1277,0.0088,61.78,62.32,62.87,61.16,2026-08-20,3,False
CTVA,Materials,Agricultural Inputs,MACD,MACD 金叉 (空頭區),None,0.0,0.42,0.5,0.5,0.3816,12,304,0.0113,79.46,80.36,81.26,78.67,2026-08-20,3,False
F,Consumer Discretionary,Auto Manufacturers,MACD,MACD 金叉 (空頭區),None,0.0,0.42,0.5,0.5,0.3233,12,529,0.0235,14.5,14.84,15.18,14.36,2026-08-19,3,False
CIEN,Information Technology,Communication Equipment,BB,BB 中軌向上（上升趨勢）,None,0.0,0.51,0.4955,0.4955,0.3639,335,16781,0.021,392.48,400.72,408.96,388.56,2026-08-20,3,False
ALC,Health Care,Medical Instruments & Supplies,BB,BB 中軌向上（上升趨勢）,Morning Star,0.8,1.0,0.4901,,0.4901,0,253,0.0226,74.26,75.94,77.62,73.52,2026-08-19,3,False
BAX,Health Care,Medical Instruments & Supplies,BB,BB 中軌向上（上升趨勢）,Morning Star,0.8,1.0,0.4901,,0.4901,0,253,0.0226,26.64,27.24,27.84,26.37,2026-08-19,3,False
STE,Health Care,Medical Devices,BB,BB 中軌向上（上升趨勢）,Morning Star,0.8,1.0,0.4901,,0.4901,0,253,0.0226,236.91,242.26,247.62,234.54,2026-08-19,3,False
CPAY,Information Technology,Software - Infrastructure,BB,BB 中軌向上（上升趨勢）,Morning Star,0.8,1.0,0.4841,,0.4841,0,471,0.0267,412.0,423.0,434.0,407.88,2026-08-20,3,False
GEN,Information Technology,Software - Infrastructure,BB,BB 中軌向上（上升趨勢）,Morning Star,0.8,1.0,0.4841,,0.4841,0,471,0.0267,28.175,28.93,29.68,27.89,2026-08-20,3,False
UBER,Information Technology,Software - Application,BB,BB 中軌向上（上升趨勢）,Morning Star,0.8,1.0,0.4841,,0.4841,0,471,0.0267,78.04,80.12,82.21,77.26,2026-08-19,3,False
AIZ,Financials,Insurance - Property & Casualty,KDJ,KDJ 金叉,None,0.0,0.5525,0.4815,0.4815,0.3142,27,1932,0.0124,282.0,285.5,288.99,279.18,2026-08-20,3,False
IFF,Materials,Specialty Chemicals,RSI,RSI 上穿 50 中性線,None,0.0,0.4675,0.4815,0.4815,0.3294,27,595,0.014,83.33,84.5,85.66,82.5,2026-08-19,3,False
DELL,Information Technology,Computer Hardware,RSI,RSI 維持強勢 (50-70),None,0.0,0.51,0.4775,0.4775,0.3645,333,16764,0.0252,468.65,480.46,492.27,463.96,2026-08-18,3,False
HOOD,Financials,Capital Markets,BB,價格在 BB 中軌上方,None,0.0,0.425,0.4732,0.4732,0.2847,336,21689,0.0167,95.1,96.69,98.28,94.15,2026-08-20,3,False
AGNCL,Real Estate,REIT - Mortgage,RSI,RSI 維持強勢 (50-70),Morning Star,0.8,1.0,0.4677,,0.4677,0,124,0.0167,25.15,25.57,25.99,24.9,2026-08-20,3,False
AFL,Financials,Insurance - Life,BB,BB 跌破下軌 (超賣),None,0.0,0.45499999999999996,0.4667,0.4667,0.3485,15,1277,0.0072,116.51,117.35,118.19,115.34,2026-08-19,3,False
BROS,Consumer Discretionary,Restaurants,RSI,RSI 維持超賣,Bullish Engulfing,0.75,0.885,0.4651,,0.4651,0,43,0.0154,48.44,49.19,49.93,47.96,2026-08-18,3,False
HWM,Industrials,Aerospace & Defense,RSI,RSI 加速上升,None,0.0,0.5525,0.4636,0.4636,0.2981,151,11545,0.0234,292.65,299.5,306.35,289.72,2026-08-18,3,False
BX,Financials,Asset Management,RSI,RSI 動能加速（強勢區）,None,0.0,0.51,0.4615,0.4615,0.279,39,3129,0.0044,145.09,145.73,146.37,143.64,2026-08-19,3,False
KKR,Financials,Asset Management,RSI,RSI 動能加速（強勢區）,None,0.0,0.51,0.4615,0.4615,0.279,52,3129,0.0115,110.46,111.73,113.0,109.36,2026-08-19,3,False
AAPL,Information Technology,Consumer Electronics,RSI,RSI 上穿 50 中性線,None,0.0,0.4675,0.4615,0.4615,0.3785,26,1593,0.0084,316.83,319.49,322.15,313.66,2026-08-19,3,False
BABA,Consumer Discretionary,Internet Retail,BB,BB 中軌向上（上升趨勢）,Morning Star,0.8,1.0,0.4599,,0.4599,0,237,0.0144,128.9,130.76,132.61,127.61,2026-08-19,3,False
GM,Consumer Discretionary,Auto Manufacturers,BB,BB 中軌向上（上升趨勢）,Morning Star,0.8,1.0,0.4599,,0.4599,0,237,0.0144,86.15,87.39,88.63,85.29,2026-08-20,3,False
SCI,Consumer Discretionary,Personal Services,BB,BB 中軌向上（上升趨勢）,Morning Star,0.8,1.0,0.4599,,0.4599,0,237,0.0144,83.37,84.57,85.77,82.54,2026-08-20,3,False
CRWD,Information Technology,Software - Infrastructure,RSI,RSI 維持強勢 (50-70),None,0.0,0.51,0.4578,0.4578,0.3645,249,16764,0.0167,201.63,205.0,208.36,199.61,2026-08-19,3,False
HUT,Financials,Capital Markets,KDJ,KDJ 超賣區金叉,Morning Star,0.8,1.0,0.4565,,0.4565,0,46,0.0117,82.08,83.04,84.0,81.26,2026-08-19,3,False
BBD,Financials,Banks - Regional,RSI,RSI 維持超賣,None,0.0,0.385,0.4547,,0.4547,0,508,0.0093,2.98,3.01,3.04,2.95,2026-08-20,3,False
ITUB,Financials,Banks - Regional,RSI,RSI 維持超賣,None,0.0,0.385,0.4547,,0.4547,0,508,0.0093,7.27,7.34,7.41,7.2,2026-08-18,3,False
HLT,Consumer Discretionary,Lodging,MACD,MACD 突破 0 軸,None,0.0,0.595,0.4545,0.4545,0.3351,11,376,0.0167,329.61,335.11,340.62,326.31,2026-08-20,3,False
BEN,Financials,Asset Management,KDJ,KDJ 金叉,None,0.0,0.5525,0.4545,0.4545,0.3142,11,1932,0.0132,33.98,34.43,34.88,33.64,2026-08-19,3,False
KHC,Consumer Staples,Packaged Foods,RSI,RSI 上穿 50 中性線,None,0.0,0.4675,0.4545,0.4545,0.2565,22,928,0.0064,25.68,25.84,26.01,25.42,2026-08-19,3,False
EQR,Real Estate,REIT - Residential,BB,BB 跌破下軌 (超賣),None,0.0,0.45499999999999996,0.4545,0.4545,0.25,22,564,0.0116,63.66,64.4,65.14,63.02,2026-08-17,3,False
AEP,Utilities,Utilities - Regulated Electric,MACD,MACD 金叉 (空頭區),None,0.0,0.42,0.4545,0.4545,0.2494,11,409,0.0111,125.7,127.1,128.49,124.44,2026-08-20,3,False
RCL,Consumer Discretionary,Travel Services,BB,BB 跌破下軌 (超賣),None,0.0,0.45499999999999996,0.45,0.45,0.2974,20,733,0.0102,287.62,290.55,293.49,284.74,2026-08-20,3,False
NTES,Communication Services,Electronic Gaming & Multimedia,RSI,RSI 加速上升,None,0.0,0.5525,0.4481,,0.4481,0,241,0.0027,127.25,127.59,127.94,125.98,2026-08-19,3,True
TIMB,Communication Services,Telecom Services,RSI,RSI 加速上升,None,0.0,0.5525,0.4481,,0.4481,0,241,0.0027,17.47,17.52,17.56,17.3,2026-08-20,3,True
NEM,Materials,Gold,RSI,RSI 維持強勢 (50-70),None,0.0,0.51,0.4479,0.4479,0.286,288,5721,0.009,115.98,117.02,118.07,114.82,2026-08-18,3,False
EME,Industrials,Engineering & Construction,BB,BB 中軌向上（上升趨勢）,None,0.0,0.51,0.4475,0.4475,0.2929,257,17460,0.014,787.39,798.41,809.44,779.52,2026-08-20,3,False
CBRS,Information Technology,Semiconductors,RSI,RSI 維持強勢 (50-70),None,0.0,0.51,0.4471,,0.4471,0,747,0.0161,220.01,223.55,227.09,217.81,2026-08-18,3,True
JKHY,Information Technology,Information Technology Services,RSI,RSI 維持強勢 (50-70),None,0.0,0.51,0.4471,,0.4471,0,747,0.0161,153.12,155.59,158.05,151.59,2026-08-18,3,True
MRVL,Information Technology,Semiconductors,RSI,RSI 維持強勢 (50-70),None,0.0,0.51,0.4471,,0.4471,0,747,0.0161,237.27,241.09,244.91,234.9,2026-08-19,3,True
SMTC,Information Technology,Semiconductors,RSI,RSI 維持強勢 (50-70),None,0.0,0.51,0.4471,,0.4471,0,747,0.0161,135.23,137.41,139.58,133.88,2026-08-18,3,True
UI,Information Technology,Communication Equipment,RSI,RSI 維持強勢 (50-70),None,0.0,0.51,0.4471,,0.4471,0,747,0.0161,573.87,583.11,592.35,568.13,2026-08-20,3,True
VICR,Information Technology,Electronic Components,RSI,RSI 維持強勢 (50-70),None,0.0,0.51,0.4471,,0.4471,0,747,0.0161,242.41,246.31,250.22,239.99,2026-08-18,3,True
MELI,Consumer Discretionary,Internet Retail,BB,價格在 BB 中軌上方,Morning Star,0.8,0.924,0.4444,,0.4444,0,261,0.0103,1908.65,1928.31,1947.97,1889.56,2026-08-19,3,False
CCI,Real Estate,REIT - Specialty,KDJ,KDJ 金叉,None,0.0,0.5525,0.4444,0.4444,0.2818,9,550,-0.0032,75.39,75.15,74.91,74.64,2026-08-20,3,False
ROST,Consumer Discretionary,Apparel Retail,BB,BB 中軌向上（上升趨勢）,None,0.0,0.51,0.4444,0.4444,0.3934,18,427,0.0149,236.38,239.9,243.42,234.02,2026-08-18,3,True
CNC,Health Care,Healthcare Plans,RSI,RSI 上穿 50 中性線,None,0.0,0.4675,0.4444,0.4444,0.3144,18,1323,0.0071,65.22,65.68,66.15,64.57,2026-08-18,3,False
KLAC,Information Technology,Semiconductor Equipment & Materials,RSI,RSI 維持強勢 (50-70),None,0.0,0.51,0.4427,0.4427,0.3645,314,16764,0.0104,194.79,196.82,198.84,192.84,2026-08-18,3,False
SYF,Financials,Credit Services,RSI,RSI 維持強勢 (50-70),None,0.0,0.51,0.4416,0.4416,0.2842,274,19108,0.0133,79.62,80.68,81.74,78.82,2026-08-19,3,False
FIX,Industrials,Engineering & Construction,BB,價格在 BB 中軌上方,None,0.0,0.425,0.4407,0.4407,0.295,413,22337,0.0149,1739.08,1764.99,1790.9,1721.69,2026-08-18,3,False
FER,Industrials,Engineering & Construction,BB,價格在 BB 中軌上方,Morning Star,0.8,0.924,0.4387,,0.4387,0,424,0.015,64.64,65.61,66.58,63.99,2026-08-19,3,False
APA,Energy,Oil & Gas E&P,BB,BB 中軌向上（上升趨勢）,None,0.0,0.51,0.4367,0.4367,0.2962,229,4484,0.0055,44.39,44.63,44.88,43.95,2026-08-20,3,False
EXE,Energy,Oil & Gas E&P,RSI,RSI 動能加速（強勢區）,None,0.0,0.51,0.4359,0.4359,0.3265,39,873,0.0076,95.45,96.18,96.9,94.5,2026-08-18,3,False
WAT,Health Care,Diagnostics & Research,RSI,RSI 動能加速（強勢區）,None,0.0,0.51,0.4348,0.4348,0.2606,23,1869,0.0135,415.84,421.45,427.07,411.68,2026-08-19,3,False
ANET,Information Technology,Computer Hardware,RSI,RSI 維持強勢 (50-70),None,0.0,0.51,0.434,0.434,0.3645,288,16764,0.009,186.45,188.13,189.81,184.59,2026-08-19,3,False
DECK,Consumer Discretionary,Footwear & Accessories,RSI,RSI 加速上升,None,0.0,0.5525,0.4336,0.4336,0.3117,113,6796,0.0083,91.57,92.33,93.09,90.65,2026-08-19,3,False
MOS,Materials,Agricultural Inputs,RSI,RSI 上穿 50 中性線,None,0.0,0.4675,0.4318,,0.4318,0,44,0.0104,23.35,23.59,23.84,23.12,2026-08-20,3,True
STRC,Information Technology,Software - Application,RSI,RSI 動能加速（強勢區）,Bullish Engulfing,0.75,1.0,0.431,,0.431,0,58,0.0145,95.31,96.69,98.07,94.36,2026-08-19,3,False
LRCX,Information Technology,Semiconductor Equipment & Materials,BB,BB 中軌向上（上升趨勢）,None,0.0,0.51,0.4308,0.4308,0.3639,318,16781,0.0173,310.53,315.9,321.27,307.42,2026-08-20,3,False
CCZ,Communication Services,Cable & Satellite,RSI,RSI 上穿 50 中性線,Consolidation Breakout,0.85,1.0,0.4286,,0.4286,0,7,-0.0335,66.45,64.22,62.0,65.79,2026-08-19,3,True
MRSH,Financials,Insurance Brokers,RSI,RSI 維持強勢 (50-70),Morning Star,0.8,1.0,0.4286,0.4286,0.4278,7,367,0.0097,189.2,191.04,192.87,187.31,2026-08-19,3,False
JNJ,Health Care,Drug Manufacturers - General,MACD,MACD 金叉 (多頭區),None,0.0,0.68,0.4286,0.4286,0.2557,7,305,0.0099,271.11,273.79,276.48,268.4,2026-08-18,3,False
FICO,Information Technology,Software - Application,RSI,RSI 加速上升,None,0.0,0.5525,0.4286,0.4286,0.3693,154,10688,0.0027,1149.75,1152.85,1155.96,1138.25,2026-08-20,3,False
CF,Materials,Agricultural Inputs,RSI,RSI 動能加速（強勢區）,None,0.0,0.51,0.4286,0.4286,0.2962,28,942,0.0051,125.7,126.34,126.98,124.44,2026-08-20,3,False
TEM,Health Care,Health Information Services,RSI,RSI 上穿 50 中性線,None,0.0,0.4675,0.4286,,0.4286,0,119,0.0062,61.25,61.63,62.01,60.64,2026-08-19,3,True
BPYPM,Financials,Asset Management,RSI,RSI 維持強勢 (50-70),Morning Star,0.8,1.0,0.4278,,0.4278,0,367,0.0116,16.505,16.7,16.89,16.34,2026-08-20,3,False
BRO,Financials,Insurance Brokers,RSI,RSI 維持強勢 (50-70),Morning Star,0.8,1.0,0.4278,,0.4278,0,367,0.0116,71.49,72.32,73.15,70.78,2026-08-19,3,False
APH,Information Technology,Electronic Components,BB,BB 中軌向上（上升趨勢）,None,0.0,0.51,0.4261,0.4261,0.3639,291,16781,0.011,153.11,154.79,156.48,151.58,2026-08-20,3,False
FN,Information Technology,Electronic Components,BB,BB 中軌向上（上升趨勢）,None,0.0,0.51,0.4238,,0.4238,0,1083,0.0134,482.59,489.06,495.52,477.76,2026-08-18,3,True
BXP,Real Estate,REIT - Office,KDJ,KDJ 金叉,Morning Star,0.8,1.0,0.4231,,0.4231,0,52,0.0133,67.78,68.68,69.58,67.1,2026-08-20,3,False
WSM,Consumer Discretionary,Specialty Retail,BB,價格在 BB 中軌上方,None,0.0,0.425,0.4211,0.4211,0.2984,304,12430,0.0111,242.31,245.0,247.69,239.89,2026-08-19,3,False
RS,Materials,Steel,BB,BB 跌破下軌 (超賣),None,0.0,0.45499999999999996,0.4202,,0.4202,0,119,0.0066,380.31,382.82,385.33,376.51,2026-08-20,3,True
JBL,Information Technology,Electronic Components,BB,BB 中軌向上（上升趨勢）,None,0.0,0.51,0.4199,0.4199,0.3639,231,16781,0.0068,316.65,318.8,320.96,313.48,2026-08-20,3,False
NFLX,Communication Services,Entertainment,KDJ,KDJ 金叉,None,0.0,0.5525,0.4194,0.4194,0.3345,31,550,0.0183,80.22,81.69,83.16,79.42,2026-08-19,3,False
ALB,Materials,Specialty Chemicals,RSI,RSI 維持強勢 (50-70),None,0.0,0.51,0.4194,0.4194,0.286,248,5721,0.0076,134.19,135.21,136.23,132.85,2026-08-20,3,False
GE,Industrials,Aerospace & Defense,BB,BB 中軌向上（上升趨勢）,None,0.0,0.51,0.4167,0.4167,0.3333,12,936,0.0051,344.64,346.4,348.16,341.19,2026-08-20,3,True
CX,Materials,Building Materials,RSI,RSI 超賣區域 (30),None,0.0,0.5249999999999999,0.416,,0.416,0,125,0.011,10.66,10.78,10.89,10.55,2026-08-18,3,False
LYV,Communication Services,Entertainment,BB,價格在 BB 中軌上方,None,0.0,0.425,0.415,0.415,0.3007,200,6080,0.0035,184.19,184.83,185.48,182.35,2026-08-19,3,False
UNP,Industrials,Railroads,RSI,RSI 動能加速（強勢區）,None,0.0,0.51,0.4138,0.4138,0.2891,29,3037,0.0152,301.8,306.39,310.97,298.78,2026-08-19,3,False
DEO,Consumer Staples,Beverages - Wineries & Distilleries,RSI,RSI 維持強勢 (50-70),Bullish Engulfing,0.75,1.0,0.4118,,0.4118,0,136,0.0122,92.9,94.03,95.17,91.97,2026-08-19,3,False
PR,Energy,Oil & Gas E&P,RSI,RSI 維持強勢 (50-70),None,0.0,0.51,0.411,,0.411,0,146,0.0074,23.02,23.19,23.36,22.79,2026-08-19,3,True
LLY,Health Care,Drug Manufacturers - General,RSI,RSI 加速上升,None,0.0,0.5525,0.4109,0.4109,0.2803,129,8492,0.0107,1280.34,1294.04,1307.74,1267.54,2026-08-19,3,False
LVS,Consumer Discretionary,Resorts & Casinos,RSI,RSI 維持強勢 (50-70),None,0.0,0.51,0.4104,0.4104,0.2995,173,10441,0.0113,46.58,47.11,47.63,46.11,2026-08-19,3,False
KEP,Utilities,Utilities - Regulated Electric,BB,BB 跌破下軌 (超賣),None,0.0,0.45499999999999996,0.4104,,0.4104,0,441,0.0122,11.28,11.42,11.56,11.17,2026-08-18,3,False
BNTX,Health Care,Biotechnology,KDJ,KDJ 金叉,None,0.0,0.5525,0.408,,0.408,0,125,0.0055,113.12,113.74,114.36,111.99,2026-08-19,3,True
CRSP,Health Care,Biotechnology,KDJ,KDJ 金叉,None,0.0,0.5525,0.408,,0.408,0,125,0.0055,59.81,60.14,60.47,59.21,2026-08-19,3,True
FSLR,Information Technology,Solar,BB,BB 中軌向上（上升趨勢）,None,0.0,0.51,0.4079,0.4079,0.3639,228,16781,0.0019,214.06,214.47,214.87,211.92,2026-08-20,3,False
GDDY,Information Technology,Software - Infrastructure,RSI,RSI 動能加速（強勢區）,None,0.0,0.51,0.4074,0.4074,0.366,27,2885,0.0074,95.8,96.51,97.22,94.84,2026-08-18,3,False
HII,Industrials,Aerospace & Defense,RSI,RSI 維持強勢 (50-70),None,0.0,0.51,0.4065,0.4065,0.2986,278,19157,0.0131,311.76,315.84,319.93,308.64,2026-08-19,3,False
BMO,Financials,Banks - Diversified,BB,BB 跌破下軌 (超賣),None,0.0,0.45499999999999996,0.4057,,0.4057,0,424,0.0104,172.9,174.7,176.5,171.17,2026-08-20,3,True
IX,Financials,Financial Conglomerates,BB,BB 跌破下軌 (超賣),None,0.0,0.45499999999999996,0.4057,,0.4057,0,424,0.0104,37.54,37.93,38.32,37.16,2026-08-20,3,True
MFC,Financials,Insurance - Life,BB,BB 跌破下軌 (超賣),None,0.0,0.45499999999999996,0.4057,,0.4057,0,424,0.0104,42.47,42.91,43.35,42.05,2026-08-20,3,True
AVGO,Information Technology,Semiconductors,BB,BB 中軌向上（上升趨勢）,None,0.0,0.51,0.4056,0.4056,0.3639,323,16781,0.0099,380.0,383.76,387.52,376.2,2026-08-18,3,False
IVZ,Financials,Asset Management,RSI,RSI 維持強勢 (50-70),None,0.0,0.51,0.404,0.404,0.2842,198,19108,0.0093,31.36,31.65,31.94,31.05,2026-08-20,3,False
QSR,Consumer Discretionary,Restaurants,BB,價格在 BB 中軌上方,None,0.0,0.425,0.4026,,0.4026,0,529,0.0119,79.55,80.5,81.44,78.75,2026-08-20,3,True
MAR,Consumer Discretionary,Lodging,RSI,RSI 加速上升,None,0.0,0.5525,0.4012,0.4012,0.3117,162,6796,0.0079,359.95,362.79,365.64,356.35,2026-08-19,3,False
BBY,Consumer Discretionary,Specialty Retail,MACD,MACD 金叉 (多頭區),None,0.0,0.68,0.4,0.4,0.37,5,273,0.0069,89.21,89.83,90.44,88.32,2026-08-19,3,False
LH,Health Care,Diagnostics & Research,MACD,MACD 金叉 (多頭區),None,0.0,0.68,0.4,0.4,0.2557,5,305,0.0065,332.81,334.97,337.14,329.48,2026-08-20,3,False
ESS,Real Estate,REIT - Residential,KDJ,KDJ 金叉,None,0.0,0.5525,0.4,0.4,0.2818,15,550,0.002,287.36,287.93,288.51,284.49,2026-08-19,3,False
TMO,Health Care,Diagnostics & Research,KDJ,KDJ 金叉,None,0.0,0.5525,0.4,0.4,0.2852,25,1536,0.0083,627.55,632.76,637.97,621.27,2026-08-20,3,False
NDSN,Industrials,Specialty Industrial Machinery,RSI,RSI 動能加速（強勢區）,None,0.0,0.51,0.4,0.4,0.2794,5,315,0.0063,334.7,336.81,338.92,331.35,2026-08-20,3,True
CCL,Consumer Discretionary,Travel Services,BB,BB 跌破下軌 (超賣),None,0.0,0.45499999999999996,0.4,0.4,0.2974,20,733,0.0164,25.37,25.79,26.2,25.12,2026-08-20,3,False
CMI,Industrials,Specialty Industrial Machinery,BB,BB 跌破下軌 (超賣),None,0.0,0.45499999999999996,0.4,0.4,0.2838,15,1258,0.0202,593.24,605.22,617.21,587.31,2026-08-20,3,False
GLW,Information Technology,Electronic Components,BB,BB 中軌向上（上升趨勢）,None,0.0,0.51,0.3994,0.3994,0.3639,328,16781,0.0159,151.45,153.86,156.27,149.94,2026-08-20,3,False
IRM,Real Estate,REIT - Specialty,RSI,RSI 維持強勢 (50-70),None,0.0,0.51,0.3991,0.3991,0.2509,233,7011,0.012,126.67,128.19,129.71,125.4,2026-08-18,3,False
BLDR,Industrials,Building Products & Equipment,BB,價格在 BB 中軌上方,None,0.0,0.425,0.3983,0.3983,0.295,231,22337,-0.0025,72.55,72.37,72.19,71.82,2026-08-19,3,False
SOLV,Health Care,Medical Instruments & Supplies,RSI,RSI 維持強勢 (50-70),None,0.0,0.51,0.3937,0.3937,0.2772,127,12123,0.0149,88.61,89.93,91.25,87.72,2026-08-20,3,False
AUR,Consumer Discretionary,Auto Parts,BB,BB 中軌向上（上升趨勢）,None,0.0,0.51,0.3934,,0.3934,0,427,0.0097,6.15,6.21,6.27,6.09,2026-08-18,3,True
VIK,Consumer Discretionary,Travel Services,BB,BB 中軌向上（上升趨勢）,None,0.0,0.51,0.3934,,0.3934,0,427,0.0097,98.29,99.24,100.2,97.31,2026-08-18,3,True
PHM,Consumer Discretionary,Residential Construction,RSI,RSI 上穿 50 中性線,None,0.0,0.4675,0.3929,0.3929,0.3072,28,1123,0.0186,130.68,133.11,135.54,129.37,2026-08-19,3,False
UAL,Industrials,Airlines,BB,BB 跌破下軌 (超賣),None,0.0,0.45499999999999996,0.3929,0.3929,0.2838,28,1258,0.0135,111.71,113.22,114.73,110.59,2026-08-20,3,False
DXCM,Health Care,Medical Devices,BB,價格在 BB 中軌上方,None,0.0,0.425,0.3924,0.3924,0.2804,237,14417,0.0073,90.22,90.88,91.54,89.32,2026-08-20,3,False
ADP,Information Technology,Software - Application,KDJ,KDJ 金叉,None,0.0,0.5525,0.3918,,0.3918,0,1955,0.0107,279.21,282.2,285.19,276.42,2026-08-20,3,False
BR,Information Technology,Information Technology Services,KDJ,KDJ 金叉,None,0.0,0.5525,0.3918,,0.3918,0,1955,0.0107,176.03,177.91,179.8,174.27,2026-08-19,3,False
EPAM,Information Technology,Information Technology Services,KDJ,KDJ 金叉,None,0.0,0.5525,0.3918,,0.3918,0,1955,0.0107,100.25,101.32,102.4,99.25,2026-08-18,3,False
SSNC,Information Technology,Software - Application,KDJ,KDJ 金叉,None,0.0,0.5525,0.3918,,0.3918,0,1955,0.0107,82.28,83.16,84.04,81.46,2026-08-19,3,False
TOST,Information Technology,Software - Infrastructure,KDJ,KDJ 金叉,None,0.0,0.5525,0.3918,,0.3918,0,1955,0.0107,35.32,35.7,36.08,34.97,2026-08-20,3,False
XYZ,Information Technology,Software - Infrastructure,KDJ,KDJ 金叉,None,0.0,0.5525,0.3918,,0.3918,0,1955,0.0107,80.93,81.8,82.66,80.12,2026-08-19,3,False
CHT,Communication Services,Telecom Services,MACD,MACD 突破 0 軸,Consolidation Breakout,0.85,1.0,0.3913,,0.3913,0,23,0.0075,43.36,43.69,44.01,42.93,2026-08-20,3,False
FDS,Financials,Financial Data & Stock Exchanges,KDJ,KDJ 金叉,None,0.0,0.5525,0.3913,0.3913,0.3142,23,1932,0.0013,298.1,298.49,298.88,295.12,2026-08-19,3,False
WELL,Real Estate,REIT - Healthcare Facilities,RSI,RSI 加速上升,None,0.0,0.5525,0.3913,0.3913,0.2327,161,4401,0.0059,235.73,237.12,238.51,233.37,2026-08-19,3,False
CNH,Industrials,Farm & Heavy Construction Machinery,RSI,RSI 上穿 50 中性線,None,0.0,0.4675,0.3898,,0.3898,0,118,0.0111,10.95,11.07,11.19,10.84,2026-08-20,3,True
DE,Industrials,Farm & Heavy Construction Machinery,RSI,RSI 上穿 50 中性線,None,0.0,0.4675,0.3898,,0.3898,0,118,0.0111,620.94,627.83,634.72,614.73,2026-08-20,3,True
TECH,Health Care,Biotechnology,BB,價格在 BB 中軌上方,None,0.0,0.425,0.3897,0.3897,0.2804,195,14417,-0.0003,72.48,72.46,72.44,71.76,2026-08-19,3,False
NVDA,Information Technology,Semiconductors,BB,價格在 BB 中軌上方,None,0.0,0.425,0.3889,0.3889,0.3573,342,20206,0.0044,216.85,217.8,218.76,214.68,2026-08-20,3,False
AEM,Materials,Gold,BB,BB 中軌向上（上升趨勢）,None,0.0,0.51,0.3886,,0.3886,0,229,0.0091,212.04,213.97,215.9,209.92,2026-08-20,3,True
AU,Materials,Gold,BB,BB 中軌向上（上升趨勢）,None,0.0,0.51,0.3886,,0.3886,0,229,0.0091,115.14,116.19,117.24,113.99,2026-08-20,3,True
B,Materials,Gold,BB,BB 中軌向上（上升趨勢）,None,0.0,0.51,0.3886,,0.3886,0,229,0.0091,45.13,45.54,45.95,44.68,2026-08-19,3,True
KGC,Materials,Gold,BB,BB 中軌向上（上升趨勢）,None,0.0,0.51,0.3886,,0.3886,0,229,0.0091,29.9,30.17,30.44,29.6,2026-08-19,3,True
MT,Materials,Steel,BB,BB 中軌向上（上升趨勢）,None,0.0,0.51,0.3886,,0.3886,0,229,0.0091,71.11,71.76,72.4,70.4,2026-08-20,3,True
FWONK,Communication Services,Entertainment,RSI,RSI 維持強勢 (50-70),Bullish Engulfing,0.75,1.0,0.3884,,0.3884,0,121,0.0056,104.84,105.43,106.01,103.79,2026-08-19,3,False
OMC,Communication Services,Advertising Agencies,RSI,RSI 維持強勢 (50-70),Bullish Engulfing,0.75,1.0,0.3884,,0.3884,0,121,0.0056,87.43,87.92,88.41,86.56,2026-08-19,3,False
BG,Consumer Staples,Farm Products,RSI,RSI 動能加速（強勢區）,None,0.0,0.51,0.3871,0.3871,0.2456,31,1148,-0.0006,116.57,116.5,116.43,115.4,2026-08-20,3,False
PM,Consumer Staples,Tobacco,RSI,RSI 上穿 50 中性線,None,0.0,0.4675,0.3871,0.3871,0.2565,31,928,0.0023,189.93,190.37,190.8,188.03,2026-08-19,3,False
WMB,Energy,Oil & Gas Midstream,RSI,RSI 加速上升,None,0.0,0.5525,0.3865,0.3865,0.3227,163,3306,0.0084,75.13,75.76,76.39,74.38,2026-08-18,3,False
MRNA,Health Care,Biotechnology,RSI,RSI 維持強勢 (50-70),None,0.0,0.51,0.3858,0.3858,0.2772,197,12123,-0.0019,62.96,62.84,62.72,62.33,2026-08-18,3,False
WRB,Financials,Insurance - Property & Casualty,KDJ,KDJ 超賣區金叉,None,0.0,0.5599999999999999,0.3846,0.3846,0.299,13,612,0.007,70.17,70.66,71.15,69.47,2026-08-18,3,False
AJG,Financials,Insurance Brokers,KDJ,KDJ 金叉,None,0.0,0.5525,0.3846,0.3846,0.3142,26,1932,0.0024,257.45,258.07,258.69,254.88,2026-08-19,3,False
MAIR,Industrials,Building Products & Equipment,RSI,RSI 超賣區域 (30),None,0.0,0.5249999999999999,0.3818,,0.3818,0,110,0.0044,26.25,26.37,26.48,25.99,2026-08-20,3,True
RBC,Industrials,Tools & Accessories,RSI,RSI 超賣區域 (30),None,0.0,0.5249999999999999,0.3818,,0.3818,0,110,0.0044,520.54,522.83,525.12,515.33,2026-08-19,3,True
UPS,Industrials,Integrated Freight & Logistics,KDJ,KDJ 金叉,None,0.0,0.5525,0.381,0.381,0.3223,21,2110,0.0075,102.86,103.63,104.4,101.83,2026-08-19,3,False
CFG,Financials,Banks - Regional,RSI,RSI 維持強勢 (50-70),None,0.0,0.51,0.381,0.381,0.2842,273,19108,0.0109,73.46,74.26,75.06,72.73,2026-08-18,3,False
CVS,Health Care,Healthcare Plans,RSI,RSI 加速上升,None,0.0,0.5525,0.3806,0.3806,0.2803,155,8492,0.0092,94.91,95.78,96.66,93.96,2026-08-18,3,False
BHP,Materials,Other Industrial Metals & Mining,BB,BB 中軌向上（上升趨勢）,Morning Star,0.8,1.0,0.3805,,0.3805,0,113,0.0148,89.09,90.41,91.73,88.2,2026-08-18,3,False
IBM,Information Technology,Information Technology Services,RSI,RSI 維持強勢 (50-70),None,0.0,0.51,0.3798,0.3798,0.3645,208,16764,0.0127,237.16,240.17,243.18,234.79,2026-08-19,3,False
URI,Industrials,Rental & Leasing Services,RSI,RSI 維持強勢 (50-70),None,0.0,0.51,0.3792,0.3792,0.2986,240,19157,0.0121,1117.04,1130.56,1144.07,1105.87,2026-08-19,3,False
FDX,Industrials,Integrated Freight & Logistics,RSI,RSI 維持強勢 (50-70),None,0.0,0.51,0.3788,0.3788,0.2986,198,19157,0.0028,326.04,326.95,327.87,322.78,2026-08-20,3,False
AAOI,Information Technology,Communication Equipment,RSI,RSI 上穿 50 中性線,None,0.0,0.4675,0.3785,,0.3785,0,1593,0.0087,129.1,130.22,131.35,127.81,2026-08-20,3,False
CHKP,Information Technology,Software - Infrastructure,RSI,RSI 上穿 50 中性線,None,0.0,0.4675,0.3785,,0.3785,0,1593,0.0087,130.31,131.44,132.58,129.01,2026-08-18,3,False
INFY,Information Technology,Information Technology Services,RSI,RSI 上穿 50 中性線,None,0.0,0.4675,0.3785,,0.3785,0,1593,0.0087,12.03,12.13,12.24,11.91,2026-08-19,3,False
HCA,Health Care,Medical Care Facilities,RSI,RSI 動能加速（強勢區）,None,0.0,0.51,0.3784,0.3784,0.2606,37,1869,0.0102,411.73,415.93,420.13,407.61,2026-08-18,3,False
WST,Health Care,Medical Instruments & Supplies,RSI,RSI 維持強勢 (50-70),Morning Star,0.8,1.0,0.3781,,0.3781,0,283,0.0127,352.79,357.27,361.75,349.26,2026-08-19,3,False
MRK,Health Care,Drug Manufacturers - General,RSI,RSI 動能加速（強勢區）,None,0.0,0.51,0.3778,,0.3778,0,225,0.0031,152.2,152.67,153.14,150.68,2026-08-19,3,True
C,Financials,Banks - Diversified,RSI,RSI 維持強勢 (50-70),None,0.0,0.51,0.3774,0.3774,0.2842,310,19108,0.0076,137.65,138.7,139.74,136.27,2026-08-18,3,False
WAB,Industrials,Railroads,RSI,RSI 維持強勢 (50-70),None,0.0,0.51,0.3759,0.3759,0.2986,266,19157,0.0062,292.31,294.12,295.93,289.39,2026-08-20,3,False
APLD,Information Technology,Information Technology Services,BB,BB 中軌向上（上升趨勢）,Bullish Engulfing,0.75,1.0,0.3757,,0.3757,0,338,0.0116,28.65,28.98,29.31,28.36,2026-08-20,3,False
MPWR,Information Technology,Semiconductors,BB,BB 中軌向上（上升趨勢）,None,0.0,0.51,0.3754,0.3754,0.3639,293,16781,0.0064,1333.1801,1341.71,1350.24,1319.85,2026-08-18,3,False
ADM,Consumer Staples,Farm Products,MACD,MACD 金叉 (多頭區),None,0.0,0.68,0.375,0.375,0.2554,8,184,0.0068,80.76,81.31,81.86,79.95,2026-08-19,3,False
DASH,Consumer Discretionary,Internet Retail,KDJ,KDJ 金叉,None,0.0,0.5525,0.375,0.375,0.3183,24,1244,0.0038,220.22,221.06,221.89,218.02,2026-08-19,3,False
LULU,Consumer Discretionary,Apparel Retail,BB,BB 中軌向上（上升趨勢）,None,0.0,0.51,0.375,0.375,0.2908,152,9757,0.0064,115.69,116.43,117.17,114.53,2026-08-20,3,False
CTAS,Industrials,Specialty Business Services,RSI,RSI 上穿 50 中性線,None,0.0,0.4675,0.375,0.375,0.304,16,1816,0.013,199.45,202.04,204.64,197.46,2026-08-18,3,False
IBKR,Financials,Capital Markets,BB,價格在 BB 中軌上方,None,0.0,0.425,0.375,0.375,0.2847,304,21689,0.0101,90.54,91.45,92.37,89.63,2026-08-19,3,False
TSN,Consumer Staples,Farm Products,MACD,MACD 金叉 (空頭區),None,0.0,0.42,0.375,0.375,0.241,8,473,0.0005,58.55,58.58,58.61,57.96,2026-08-19,3,False
DLTR,Consumer Staples,Discount Stores,RSI,RSI 維持強勢 (50-70),None,0.0,0.51,0.3736,0.3736,0.2452,182,7574,-0.0013,128.45,128.28,128.12,127.17,2026-08-20,3,False
PWR,Industrials,Engineering & Construction,RSI,RSI 維持強勢 (50-70),None,0.0,0.51,0.3709,0.3709,0.2986,275,19157,0.0062,677.41,681.61,685.81,670.64,2026-08-19,3,False
CRM,Information Technology,Software - Application,KDJ,KDJ 金叉,None,0.0,0.5525,0.3704,0.3704,0.3918,27,1955,0.0105,205.43,207.59,209.74,203.38,2026-08-20,3,False
AVY,Consumer Discretionary,Packaging & Containers,MACD,MACD 金叉 (多頭區),None,0.0,0.68,0.37,,0.37,0,273,0.0063,183.16,184.31,185.47,181.33,2026-08-19,3,False
W,Consumer Discretionary,Internet Retail,MACD,MACD 金叉 (多頭區),None,0.0,0.68,0.37,,0.37,0,273,0.0063,107.8,108.48,109.16,106.72,2026-08-19,3,False
eBay,Consumer Discretionary,Internet Retail,MACD,MACD 金叉 (多頭區),None,0.0,0.68,0.37,,0.37,0,273,0.0063,111.75,112.45,113.16,110.63,2026-06-30,3,False
CIB,Financials,Banks - Regional,BB,BB 中軌向上（上升趨勢）,Bullish Engulfing,0.75,1.0,0.3697,,0.3697,0,330,0.0108,97.65,98.7,99.76,96.67,2026-08-18,3,False
ETN,Industrials,Specialty Industrial Machinery,BB,BB 中軌向上（上升趨勢）,None,0.0,0.51,0.3695,0.3695,0.2929,203,17460,0.0111,415.29,419.9,424.51,411.14,2026-08-20,3,False
BMNP,Information Technology,Blockchain,RSI,RSI 加速上升,None,0.0,0.5525,0.3693,,0.3693,0,10688,0.0074,91.4,92.08,92.75,90.49,2026-08-19,3,False
NOK,Information Technology,Communication Equipment,RSI,RSI 加速上升,None,0.0,0.5525,0.3693,,0.3693,0,10688,0.0074,10.39,10.47,10.54,10.29,2026-08-18,3,False
SIMO,Information Technology,Semiconductors,RSI,RSI 加速上升,None,0.0,0.5525,0.3693,,0.3693,0,10688,0.0074,251.72,253.58,255.45,249.2,2026-08-18,3,False
SMCIP,Information Technology,Computer Hardware,RSI,RSI 加速上升,None,0.0,0.5525,0.3693,,0.3693,0,10688,0.0074,63.31,63.78,64.25,62.68,2026-08-18,3,False
NTRS,Financials,Asset Management,BB,價格在 BB 中軌上方,None,0.0,0.425,0.3691,0.3691,0.2847,298,21689,0.0117,185.4,187.57,189.74,183.55,2026-08-19,3,False
TPL,Energy,Oil & Gas E&P,RSI,RSI 加速上升,None,0.0,0.5525,0.3688,0.3688,0.3227,160,3306,0.0054,373.18,375.2,377.21,369.45,2026-08-19,3,False
PANW,Information Technology,Software - Infrastructure,RSI,RSI 維持強勢 (50-70),None,0.0,0.51,0.3688,0.3688,0.3645,263,16764,0.0062,359.76,361.99,364.22,356.16,2026-08-19,3,False
EFX,Industrials,Consulting Services,RSI,RSI 加速上升,None,0.0,0.5525,0.3667,0.3667,0.2981,150,11545,0.0005,192.1,192.2,192.29,190.18,2026-08-19,3,False
DT,Information Technology,Software - Application,RSI,RSI 動能加速（強勢區）,None,0.0,0.51,0.366,,0.366,0,2885,0.0091,49.26,49.71,50.16,48.77,2026-08-18,3,False
GIB,Information Technology,Information Technology Services,RSI,RSI 動能加速（強勢區）,None,0.0,0.51,0.366,,0.366,0,2885,0.0091,74.93,75.61,76.29,74.18,2026-08-19,3,False
GWRE,Information Technology,Software - Application,RSI,RSI 動能加速（強勢區）,None,0.0,0.51,0.366,,0.366,0,2885,0.0091,177.76,179.38,181.0,175.98,2026-08-18,3,False
KSPI,Information Technology,Software - Infrastructure,RSI,RSI 動能加速（強勢區）,None,0.0,0.51,0.366,,0.366,0,2885,0.0091,101.48,102.4,103.33,100.47,2026-08-19,3,False
PAYX,Information Technology,Software - Application,RSI,RSI 動能加速（強勢區）,None,0.0,0.51,0.366,,0.366,0,2885,0.0091,122.5,123.61,124.73,121.28,2026-08-19,3,False
STRD,Information Technology,Software - Application,RSI,RSI 動能加速（強勢區）,None,0.0,0.51,0.366,,0.366,0,2885,0.0091,70.8,71.44,72.09,70.09,2026-08-20,3,False
STRK,Information Technology,Software - Application,RSI,RSI 動能加速（強勢區）,None,0.0,0.51,0.366,,0.366,0,2885,0.0091,69.71,70.34,70.98,69.01,2026-08-20,3,False
GMAB,Health Care,Biotechnology,BB,價格在 BB 中軌上方,None,0.0,0.425,0.365,,0.365,0,715,0.0016,33.41,33.46,33.52,33.08,2026-08-20,3,True
ARW,Information Technology,Electronics & Computer Distribution,RSI,RSI 維持強勢 (50-70),None,0.0,0.51,0.3645,,0.3645,0,16764,0.0088,213.51,215.39,217.27,211.37,2026-08-18,3,False
ASML,Information Technology,Semiconductor Equipment & Materials,RSI,RSI 維持強勢 (50-70),None,0.0,0.51,0.3645,,0.3645,0,16764,0.0088,1750.3101,1765.71,1781.12,1732.81,2026-08-20,3,False
CACI,Information Technology,Information Technology Services,RSI,RSI 維持強勢 (50-70),None,0.0,0.51,0.3645,,0.3645,0,16764,0.0088,646.35,652.04,657.73,639.89,2026-08-20,3,False
CRDO,Information Technology,Semiconductors,RSI,RSI 維持強勢 (50-70),None,0.0,0.51,0.3645,,0.3645,0,16764,0.0088,245.97,248.13,250.3,243.51,2026-08-18,3,False
CRWV,Information Technology,Software - Infrastructure,RSI,RSI 維持強勢 (50-70),None,0.0,0.51,0.3645,,0.3645,0,16764,0.0088,90.87,91.67,92.47,89.96,2026-08-19,3,False
ENTG,Information Technology,Semiconductor Equipment & Materials,RSI,RSI 維持強勢 (50-70),None,0.0,0.51,0.3645,,0.3645,0,16764,0.0088,150.27,151.59,152.91,148.77,2026-08-18,3,False
FORM,Information Technology,Semiconductor Equipment & Materials,RSI,RSI 維持強勢 (50-70),None,0.0,0.51,0.3645,,0.3645,0,16764,0.0088,124.34,125.43,126.53,123.1,2026-08-18,3,False
FROG,Information Technology,Software - Application,RSI,RSI 維持強勢 (50-70),None,0.0,0.51,0.3645,,0.3645,0,16764,0.0088,89.72,90.51,91.3,88.82,2026-08-20,3,False
GRMN,Information Technology,Scientific & Technical Instruments,RSI,RSI 維持強勢 (50-70),None,0.0,0.51,0.3645,,0.3645,0,16764,0.0088,293.09,295.67,298.25,290.16,2026-08-20,3,False
IONQ,Information Technology,Computer Hardware,RSI,RSI 維持強勢 (50-70),None,0.0,0.51,0.3645,,0.3645,0,16764,0.0088,43.36,43.74,44.12,42.93,2026-08-19,3,False
IOT,Information Technology,Software - Infrastructure,RSI,RSI 維持強勢 (50-70),None,0.0,0.51,0.3645,,0.3645,0,16764,0.0088,38.98,39.32,39.67,38.59,2026-08-20,3,False
LDOS,Information Technology,Information Technology Services,RSI,RSI 維持強勢 (50-70),None,0.0,0.51,0.3645,,0.3645,0,16764,0.0088,141.37,142.61,143.86,139.96,2026-08-20,3,False
MDB,Information Technology,Software - Infrastructure,RSI,RSI 維持強勢 (50-70),None,0.0,0.51,0.3645,,0.3645,0,16764,0.0088,420.37,424.07,427.77,416.17,2026-08-20,3,False
NET,Information Technology,Software - Infrastructure,RSI,RSI 維持強勢 (50-70),None,0.0,0.51,0.3645,,0.3645,0,16764,0.0088,291.88,294.45,297.02,288.96,2026-08-19,3,False
NTNX,Information Technology,Software - Infrastructure,RSI,RSI 維持強勢 (50-70),None,0.0,0.51,0.3645,,0.3645,0,16764,0.0088,66.33,66.91,67.5,65.67,2026-08-20,3,False
OKTA,Information Technology,Software - Infrastructure,RSI,RSI 維持強勢 (50-70),None,0.0,0.51,0.3645,,0.3645,0,16764,0.0088,143.92,145.19,146.45,142.48,2026-08-18,3,False
ONTO,Information Technology,Semiconductor Equipment & Materials,RSI,RSI 維持強勢 (50-70),None,0.0,0.51,0.3645,,0.3645,0,16764,0.0088,315.42,318.2,320.97,312.27,2026-08-18,3,False
P,Information Technology,Computer Hardware,RSI,RSI 維持強勢 (50-70),None,0.0,0.51,0.3645,,0.3645,0,16764,0.0088,109.98,110.95,111.92,108.88,2026-08-20,3,False
RBRK,Information Technology,Software - Infrastructure,RSI,RSI 維持強勢 (50-70),None,0.0,0.51,0.3645,,0.3645,0,16764,0.0088,97.52,98.38,99.24,96.54,2026-08-20,3,False
SHOP,Information Technology,Software - Application,RSI,RSI 維持強勢 (50-70),None,0.0,0.51,0.3645,,0.3645,0,16764,0.0088,147.18,148.48,149.77,145.71,2026-08-20,3,False
SITM,Information Technology,Semiconductors,RSI,RSI 維持強勢 (50-70),None,0.0,0.51,0.3645,,0.3645,0,16764,0.0088,680.06,686.04,692.03,673.26,2026-08-18,3,False
SNOW,Information Technology,Software - Application,RSI,RSI 維持強勢 (50-70),None,0.0,0.51,0.3645,,0.3645,0,16764,0.0088,321.29,324.12,326.94,318.08,2026-08-20,3,False
SNX,Information Technology,Electronics & Computer Distribution,RSI,RSI 維持強勢 (50-70),None,0.0,0.51,0.3645,,0.3645,0,16764,0.0088,259.8,262.09,264.37,257.2,2026-08-18,3,False
SONY,Information Technology,Consumer Electronics,RSI,RSI 維持強勢 (50-70),None,0.0,0.51,0.3645,,0.3645,0,16764,0.0088,23.58,23.79,24.0,23.34,2026-08-20,3,False
TWLO,Information Technology,Software - Infrastructure,RSI,RSI 維持強勢 (50-70),None,0.0,0.51,0.3645,,0.3645,0,16764,0.0088,219.89,221.83,223.76,217.69,2026-08-20,3,False
VIAV,Information Technology,Communication Equipment,RSI,RSI 維持強勢 (50-70),None,0.0,0.51,0.3645,,0.3645,0,16764,0.0088,41.37,41.73,42.1,40.96,2026-08-18,3,False
WSE,Information Technology,Information Technology Services,RSI,RSI 維持強勢 (50-70),None,0.0,0.51,0.3645,,0.3645,0,16764,0.0088,12.52,12.63,12.74,12.39,2026-08-20,3,False
ZM,Information Technology,Software - Application,RSI,RSI 維持強勢 (50-70),None,0.0,0.51,0.3645,,0.3645,0,16764,0.0088,106.3,107.24,108.17,105.24,2026-08-20,3,False
ZS,Information Technology,Software - Infrastructure,RSI,RSI 維持強勢 (50-70),None,0.0,0.51,0.3645,,0.3645,0,16764,0.0088,174.95,176.49,178.03,173.2,2026-08-20,3,False
FANG,Energy,Oil & Gas E&P,RSI,RSI 加速上升,None,0.0,0.5525,0.3642,0.3642,0.3227,162,3306,0.0023,211.02,211.51,211.99,208.91,2026-08-20,3,False
ASTS,Information Technology,Communication Equipment,BB,BB 中軌向上（上升趨勢）,None,0.0,0.51,0.3639,,0.3639,0,16781,0.009,65.06,65.65,66.23,64.41,2026-08-20,3,False
CLS,Information Technology,Electronic Components,BB,BB 中軌向上（上升趨勢）,None,0.0,0.51,0.3639,,0.3639,0,16781,0.009,301.36,304.07,306.78,298.35,2026-08-19,3,False
DOCN,Information Technology,Software - Infrastructure,BB,BB 中軌向上（上升趨勢）,None,0.0,0.51,0.3639,,0.3639,0,16781,0.009,125.25,126.38,127.5,124.0,2026-08-18,3,False
ERIC,Information Technology,Communication Equipment,BB,BB 中軌向上（上升趨勢）,None,0.0,0.51,0.3639,,0.3639,0,16781,0.009,10.11,10.2,10.29,10.01,2026-08-20,3,False
FISV,Information Technology,Financial Technology,BB,BB 中軌向上（上升趨勢）,None,0.0,0.51,0.3639,,0.3639,0,16781,0.009,51.38,51.84,52.3,50.87,2026-08-20,3,False
GRAB,Information Technology,Software - Application,BB,BB 中軌向上（上升趨勢）,None,0.0,0.51,0.3639,,0.3639,0,16781,0.009,3.51,3.54,3.57,3.47,2026-08-20,3,False
LFUS,Information Technology,Electronic Components,BB,BB 中軌向上（上升趨勢）,None,0.0,0.51,0.3639,,0.3639,0,16781,0.009,411.97,415.68,419.39,407.85,2026-08-20,3,False
MTSI,Information Technology,Semiconductors,BB,BB 中軌向上（上升趨勢）,None,0.0,0.51,0.3639,,0.3639,0,16781,0.009,266.18,268.58,270.97,263.52,2026-08-20,3,False
QNT,Information Technology,Software - Application,BB,BB 中軌向上（上升趨勢）,None,0.0,0.51,0.3639,,0.3639,0,16781,0.009,54.9,55.39,55.89,54.35,2026-08-20,3,False
SAP,Information Technology,Software - Application,BB,BB 中軌向上（上升趨勢）,None,0.0,0.51,0.3639,,0.3639,0,16781,0.009,217.09,219.04,221.0,214.92,2026-08-20,3,False
TEAM,Information Technology,Software - Application,BB,BB 中軌向上（上升趨勢）,None,0.0,0.51,0.3639,,0.3639,0,16781,0.009,174.91,176.48,178.06,173.16,2026-08-20,3,False
TSEM,Information Technology,Semiconductors,BB,BB 中軌向上（上升趨勢）,None,0.0,0.51,0.3639,,0.3639,0,16781,0.009,226.46,228.5,230.54,224.2,2026-08-19,3,False
TSM,Information Technology,Semiconductors,BB,BB 中軌向上（上升趨勢）,None,0.0,0.51,0.3639,,0.3639,0,16781,0.009,412.09,415.8,419.51,407.97,2026-08-19,3,False
U,Information Technology,Software - Application,BB,BB 中軌向上（上升趨勢）,None,0.0,0.51,0.3639,,0.3639,0,16781,0.009,46.54,46.96,47.38,46.07,2026-08-20,3,False
WIT,Information Technology,Information Technology Services,BB,BB 中軌向上（上升趨勢）,None,0.0,0.51,0.3639,,0.3639,0,16781,0.009,1.91,1.93,1.94,1.89,2026-08-20,3,False
HSY,Consumer Staples,Confectioners,RSI,RSI 動能加速（強勢區）,None,0.0,0.51,0.3636,0.3636,0.2456,22,1148,0.0051,188.79,189.75,190.72,186.9,2026-08-19,3,False
SMCI,Information Technology,Computer Hardware,BB,BB 中軌向上（上升趨勢）,None,0.0,0.51,0.3624,0.3624,0.3639,287,16781,-0.0146,36.5,35.97,35.43,36.13,2026-08-20,3,False
FOX,Communication Services,Entertainment,RSI,RSI 加速上升,None,0.0,0.5525,0.3618,0.3618,0.3116,152,3322,0.0088,60.39,60.92,61.45,59.79,2026-08-19,3,False
AR,Energy,Oil & Gas E&P,KDJ,KDJ 金叉,None,0.0,0.5525,0.3614,,0.3614,0,498,0.0061,37.66,37.89,38.12,37.28,2026-08-20,3,False
TS,Energy,Oil & Gas Equipment & Services,KDJ,KDJ 金叉,None,0.0,0.5525,0.3614,,0.3614,0,498,0.0061,53.09,53.41,53.74,52.56,2026-08-19,3,False
HBANM,Financials,Banks - Regional,KDJ,KDJ 金叉,None,0.0,0.5525,0.3611,,0.3611,0,108,0.0084,20.31,20.48,20.65,20.11,2026-08-19,3,True
PBA,Energy,Oil & Gas Midstream,RSI,RSI 上穿 50 中性線,None,0.0,0.4675,0.361,,0.361,0,579,0.0056,49.17,49.45,49.72,48.68,2026-08-20,3,False
MPC,Energy,Oil & Gas Refining & Marketing,RSI,RSI 加速上升,None,0.0,0.5525,0.3608,0.3608,0.3227,158,3306,0.0075,365.21,367.95,370.69,361.56,2026-08-18,3,False
AS,Consumer Discretionary,Leisure,KDJ,KDJ 金叉,None,0.0,0.5525,0.3596,,0.3596,0,89,-0.0041,34.02,33.88,33.74,33.68,2026-08-19,3,True
FOXA,Communication Services,Entertainment,RSI,RSI 加速上升,None,0.0,0.5525,0.3592,0.3592,0.3116,142,3322,0.0049,67.96,68.29,68.63,67.28,2026-08-19,3,False
DKS,Consumer Discretionary,Specialty Retail,RSI,RSI 超賣區域 (30),None,0.0,0.5249999999999999,0.3582,,0.3582,0,67,-0.0017,179.34,179.04,178.73,177.55,2026-08-20,3,True
TJX,Consumer Discretionary,Apparel Retail,RSI,RSI 超賣區域 (30),None,0.0,0.5249999999999999,0.3582,,0.3582,0,67,-0.0017,140.69,140.45,140.21,139.28,2026-08-20,3,True
ABNB,Consumer Discretionary,Travel Services,BB,價格在 BB 中軌上方,None,0.0,0.425,0.3581,0.3581,0.2984,215,12430,0.0059,185.0,186.09,187.18,183.15,2026-08-20,3,False
VEEV,Health Care,Health Information Services,RSI,RSI 動能加速（強勢區）,None,0.0,0.51,0.3571,0.3571,0.2606,14,1869,-0.0086,251.0,248.84,246.68,248.49,2026-08-19,3,False
PNC,Financials,Banks - Regional,RSI,RSI 維持強勢 (50-70),None,0.0,0.51,0.3569,0.3569,0.2842,269,19108,0.0095,254.28,256.7,259.11,251.74,2026-08-18,3,False
AES,Utilities,Utilities - Diversified,BB,價格在 BB 中軌上方,None,0.0,0.425,0.3568,0.3568,0.246,213,9864,0.0076,14.7,14.81,14.92,14.55,2026-08-19,3,False
ZBRA,Information Technology,Communication Equipment,BB,價格在 BB 中軌上方,None,0.0,0.425,0.3568,0.3568,0.3573,227,20206,0.0048,360.52,362.25,363.98,356.91,2026-08-20,3,False
APO,Financials,Asset Management,BB,BB 中軌向上（上升趨勢）,None,0.0,0.51,0.3558,0.3558,0.2681,267,16575,0.0095,133.63,134.9,136.17,132.29,2026-08-19,3,False
J,Industrials,Engineering & Construction,RSI,RSI 動能加速（強勢區）,None,0.0,0.51,0.3556,0.3556,0.2891,45,3037,-0.0042,147.37,146.75,146.13,145.9,2026-08-19,3,False
TOL,Consumer Discretionary,Residential Construction,BB,BB 跌破下軌 (超賣),None,0.0,0.45499999999999996,0.3556,,0.3556,0,239,0.0004,142.86,142.92,142.97,141.43,2026-08-18,3,True
INTC,Information Technology,Semiconductors,BB,BB 中軌向上（上升趨勢）,None,0.0,0.51,0.3554,0.3554,0.3639,242,16781,0.005,96.69,97.17,97.66,95.72,2026-08-18,3,False
INTU,Information Technology,Software - Application,KDJ,KDJ 金叉,None,0.0,0.5525,0.3548,0.3548,0.3918,31,1955,-0.0048,362.47,360.73,358.99,358.85,2026-08-19,3,False
IQV,Health Care,Diagnostics & Research,KDJ,KDJ 金叉,None,0.0,0.5525,0.3548,0.3548,0.2852,31,1536,0.005,249.28,250.53,251.77,246.79,2026-08-19,3,False
BAC,Financials,Banks - Diversified,RSI,RSI 維持強勢 (50-70),None,0.0,0.51,0.3548,0.3548,0.2842,279,19108,0.0078,63.17,63.66,64.16,62.54,2026-08-19,3,False
EXPE,Consumer Discretionary,Travel Services,BB,價格在 BB 中軌上方,None,0.0,0.425,0.3544,0.3544,0.2984,285,12430,0.0007,324.17,324.4,324.62,320.93,2026-08-20,3,False
ULTA,Consumer Discretionary,Specialty Retail,BB,BB 中軌向上（上升趨勢）,None,0.0,0.51,0.3532,0.3532,0.2908,201,9757,0.0091,515.14,519.83,524.52,509.99,2026-08-20,3,False
RYAAY,Industrials,Airlines,BB,BB 跌破下軌 (超賣),None,0.0,0.45499999999999996,0.3532,,0.3532,0,436,0.0052,54.51,54.79,55.08,53.96,2026-08-20,3,True
NWSA,Communication Services,Entertainment,RSI,RSI 動能加速（強勢區）,None,0.0,0.51,0.3529,0.3529,0.3135,34,772,0.0063,29.39,29.58,29.76,29.1,2026-08-18,3,False
KEY,Financials,Banks - Regional,BB,BB 跌破下軌 (超賣),None,0.0,0.45499999999999996,0.3529,0.3529,0.3485,17,1277,0.0065,21.85,21.99,22.13,21.63,2026-08-20,3,False
AMGN,Health Care,Drug Manufacturers - General,RSI,RSI 動能加速（強勢區）,None,0.0,0.51,0.3514,0.3514,0.2606,37,1869,0.0034,442.36,443.86,445.37,437.94,2026-08-19,3,False
HBAN,Financials,Banks - Regional,RSI,RSI 維持強勢 (50-70),None,0.0,0.51,0.3512,0.3512,0.2842,168,19108,0.0079,17.66,17.8,17.94,17.48,2026-08-18,3,False
CBRE,Real Estate,Real Estate Services,BB,BB 中軌向上（上升趨勢）,None,0.0,0.51,0.3508,0.3508,0.2647,248,5713,0.0069,151.79,152.84,153.88,150.27,2026-08-20,3,False
NKE,Consumer Discretionary,Footwear & Accessories,KDJ,KDJ 金叉,None,0.0,0.5525,0.35,0.35,0.3183,20,1244,0.0105,41.05,41.48,41.91,40.64,2026-08-19,3,False
VTRS,Health Care,Drug Manufacturers - Specialty & Generic,KDJ,KDJ 金叉,None,0.0,0.5525,0.35,0.35,0.2852,20,1536,0.0197,16.25,16.57,16.89,16.09,2026-08-19,3,False
CAG,Consumer Staples,Packaged Foods,RSI,RSI 動能加速（強勢區）,None,0.0,0.51,0.35,0.35,0.2456,20,1148,0.0114,16.22,16.4,16.59,16.06,2026-08-19,3,False
TSLA,Consumer Discretionary,Auto Manufacturers,BB,價格在 BB 中軌上方,None,0.0,0.425,0.3498,0.3498,0.2984,283,12430,0.0041,345.13,346.55,347.96,341.68,2026-08-20,3,False
HAL,Energy,Oil & Gas Equipment & Services,RSI,RSI 動能加速（強勢區）,None,0.0,0.51,0.3488,0.3488,0.3265,43,873,0.0082,35.69,35.98,36.28,35.33,2026-08-20,3,False
AEG,Financials,Insurance - Diversified,BB,BB 跌破下軌 (超賣),None,0.0,0.45499999999999996,0.3485,,0.3485,0,1277,0.0043,9.01,9.05,9.09,8.92,2026-08-20,3,False
BAP,Financials,Banks - Regional,BB,BB 跌破下軌 (超賣),None,0.0,0.45499999999999996,0.3485,,0.3485,0,1277,0.0043,368.44,370.02,371.61,364.76,2026-08-18,3,False
BPOP,Financials,Banks - Regional,BB,BB 跌破下軌 (超賣),None,0.0,0.45499999999999996,0.3485,,0.3485,0,1277,0.0043,168.22,168.94,169.67,166.54,2026-08-20,3,False
FHN,Financials,Banks - Regional,BB,BB 跌破下軌 (超賣),None,0.0,0.45499999999999996,0.3485,,0.3485,0,1277,0.0043,24.68,24.79,24.89,24.43,2026-08-20,3,False
JEF,Financials,Capital Markets,BB,BB 跌破下軌 (超賣),None,0.0,0.45499999999999996,0.3485,,0.3485,0,1277,0.0043,51.78,52.0,52.23,51.26,2026-08-20,3,False
MUFG,Financials,Banks - Diversified,BB,BB 跌破下軌 (超賣),None,0.0,0.45499999999999996,0.3485,,0.3485,0,1277,0.0043,21.56,21.65,21.75,21.34,2026-08-19,3,False
SF,Financials,Capital Markets,BB,BB 跌破下軌 (超賣),None,0.0,0.45499999999999996,0.3485,,0.3485,0,1277,0.0043,79.88,80.22,80.57,79.08,2026-08-20,3,False
SLF,Financials,Insurance - Diversified,BB,BB 跌破下軌 (超賣),None,0.0,0.45499999999999996,0.3485,,0.3485,0,1277,0.0043,78.26,78.6,78.93,77.48,2026-08-20,3,False
SMFG,Financials,Banks - Diversified,BB,BB 跌破下軌 (超賣),None,0.0,0.45499999999999996,0.3485,,0.3485,0,1277,0.0043,24.57,24.68,24.78,24.32,2026-08-19,3,False
WTFC,Financials,Banks - Regional,BB,BB 跌破下軌 (超賣),None,0.0,0.45499999999999996,0.3485,,0.3485,0,1277,0.0043,152.61,153.27,153.92,151.08,2026-08-20,3,False
NRG,Utilities,Utilities - Independent Power Producers,KDJ,KDJ 金叉,None,0.0,0.5525,0.3462,0.3462,0.3001,26,713,-0.0031,120.58,120.21,119.83,119.37,2026-08-19,3,False
BIIB,Health Care,Drug Manufacturers - General,RSI,RSI 動能加速（強勢區）,None,0.0,0.51,0.3462,0.3462,0.2606,26,1869,0.0081,221.56,223.35,225.15,219.34,2026-08-19,3,False
ERIE,Financials,Insurance Brokers,RSI,RSI 動能加速（強勢區）,None,0.0,0.51,0.3462,0.3462,0.279,26,3129,0.0122,267.38,270.64,273.9,264.71,2026-08-19,3,False
MS,Financials,Capital Markets,RSI,RSI 維持強勢 (50-70),None,0.0,0.51,0.3456,0.3456,0.2842,272,19108,0.0074,217.55,219.16,220.77,215.37,2026-08-18,3,False
WBD,Communication Services,Entertainment,BB,BB 中軌向上（上升趨勢）,None,0.0,0.51,0.345,0.345,0.2943,171,4771,-0.001,28.23,28.2,28.17,27.95,2026-08-20,3,False
CRCL,Financials,Capital Markets,RSI,RSI 維持強勢 (50-70),None,0.0,0.51,0.3448,,0.3448,0,609,0.0048,83.66,84.06,84.46,82.82,2026-08-20,3,True
DB,Financials,Banks - Regional,RSI,RSI 維持強勢 (50-70),None,0.0,0.51,0.3448,,0.3448,0,609,0.0048,38.03,38.21,38.4,37.65,2026-08-19,3,True
FUTU,Financials,Capital Markets,RSI,RSI 維持強勢 (50-70),None,0.0,0.51,0.3448,,0.3448,0,609,0.0048,112.73,113.27,113.81,111.6,2026-08-20,3,True
SAN,Financials,Banks - Diversified,RSI,RSI 維持強勢 (50-70),None,0.0,0.51,0.3448,,0.3448,0,609,0.0048,14.24,14.31,14.38,14.1,2026-08-18,3,True
WBS,Financials,Banks - Regional,RSI,RSI 維持強勢 (50-70),None,0.0,0.51,0.3448,,0.3448,0,609,0.0048,77.57,77.94,78.31,76.79,2026-08-19,3,True
VLO,Energy,Oil & Gas Refining & Marketing,BB,價格在 BB 中軌上方,None,0.0,0.425,0.3448,0.3448,0.2998,232,5768,0.0031,341.51,342.57,343.63,338.09,2026-08-20,3,False
ALGM,Information Technology,Semiconductors,BB,BB 跌破下軌 (超賣),None,0.0,0.45499999999999996,0.3447,,0.3447,0,1001,0.0043,37.19,37.35,37.51,36.82,2026-08-20,3,False
CDNS,Information Technology,Software - Application,BB,BB 跌破下軌 (超賣),None,0.0,0.45499999999999996,0.3447,,0.3447,0,1001,0.0043,316.52,317.88,319.24,313.35,2026-08-18,3,False
LOGI,Information Technology,Computer Hardware,BB,BB 跌破下軌 (超賣),None,0.0,0.45499999999999996,0.3447,,0.3447,0,1001,0.0043,95.34,95.75,96.16,94.39,2026-08-20,3,False
ACGL,Financials,Insurance - Diversified,RSI,RSI 上穿 50 中性線,None,0.0,0.4675,0.3438,0.3438,0.3091,32,1899,0.0041,99.31,99.72,100.12,98.32,2026-08-20,3,False
KDP,Consumer Staples,Beverages - Non-Alcoholic,RSI,RSI 上穿 50 中性線,None,0.0,0.4675,0.3429,0.3429,0.2565,35,928,0.0036,30.79,30.9,31.01,30.48,2026-08-18,3,False
UHS,Health Care,Medical Care Facilities,RSI,RSI 維持強勢 (50-70),None,0.0,0.51,0.3424,0.3424,0.2772,184,12123,0.0014,172.87,173.11,173.35,171.14,2026-08-20,3,False
ORCL,Information Technology,Software - Infrastructure,BB,價格在 BB 中軌上方,None,0.0,0.425,0.3424,0.3424,0.3573,295,20206,0.0053,142.07,142.82,143.58,140.65,2026-08-20,3,False
PNR,Industrials,Specialty Industrial Machinery,BB,BB 中軌向上（上升趨勢）,None,0.0,0.51,0.335,0.335,0.2929,197,17460,0.0051,63.78,64.11,64.43,63.14,2026-08-20,3,False
COST,Consumer Staples,Discount Stores,RSI,RSI 維持強勢 (50-70),None,0.0,0.51,0.3347,0.3347,0.2452,251,7574,0.0061,956.99,962.83,968.67,947.42,2026-08-19,3,False
SNPS,Information Technology,Software - Infrastructure,BB,價格在 BB 中軌上方,None,0.0,0.425,0.3347,0.3347,0.3573,239,20206,0.0005,401.24,401.44,401.64,397.23,2026-08-19,3,False
PINS,Communication Services,Internet Content & Information,KDJ,KDJ 金叉,None,0.0,0.5525,0.3345,,0.3345,0,550,0.0065,23.39,23.54,23.69,23.16,2026-08-19,3,False
AZO,Consumer Discretionary,Auto Parts,RSI,RSI 上穿 50 中性線,Morning Star,0.8,1.0,0.3333,,0.3333,0,6,-0.0163,3073.2,3023.11,2973.01,3042.47,2026-08-18,3,True
YUM,Consumer Discretionary,Restaurants,RSI,RSI 上穿 50 中性線,Morning Star,0.8,1.0,0.3333,,0.3333,0,6,-0.0163,152.33,149.85,147.36,150.81,2026-08-20,3,True
ABT,Health Care,Medical Devices,MACD,MACD 金叉 (多頭區),None,0.0,0.68,0.3333,0.3333,0.2557,6,305,0.0091,114.43,115.47,116.51,113.29,2026-08-19,3,False
DHI,Consumer Discretionary,Residential Construction,RSI,RSI 加速上升,None,0.0,0.5525,0.3333,0.3333,0.3117,135,6796,0.0027,151.86,152.27,152.68,150.34,2026-08-19,3,False
WM,Industrials,Waste Management,KDJ,KDJ 金叉,None,0.0,0.5525,0.3333,0.3333,0.3223,24,2110,0.0082,224.92,226.76,228.61,222.67,2026-08-20,3,False
AOS,Industrials,Specialty Industrial Machinery,BB,BB 中軌向上（上升趨勢）,None,0.0,0.51,0.3333,0.3333,0.2929,138,17460,0.0049,62.43,62.74,63.04,61.81,2026-08-20,3,False
DIS,Communication Services,Entertainment,RSI,RSI 動能加速（強勢區）,None,0.0,0.51,0.3333,0.3333,0.3135,27,772,0.0013,106.93,107.07,107.21,105.86,2026-08-19,3,False
JPM,Financials,Banks - Diversified,RSI,RSI 維持強勢 (50-70),None,0.0,0.51,0.3333,0.3333,0.2842,282,19108,0.005,357.26,359.05,360.83,353.69,2026-08-19,3,False
DG,Consumer Staples,Discount Stores,RSI,RSI 上穿 50 中性線,None,0.0,0.4675,0.3333,0.3333,0.2565,24,928,0.0012,122.31,122.46,122.6,121.09,2026-08-19,3,False
GL,Financials,Insurance - Life,BB,BB 跌破下軌 (超賣),None,0.0,0.45499999999999996,0.3333,0.3333,0.3485,9,1277,-0.0255,170.49,166.14,161.8,168.79,2026-08-20,3,False
MSCI,Financials,Financial Data & Stock Exchanges,MACD,MACD 金叉 (空頭區),None,0.0,0.42,0.3333,0.3333,0.3214,9,865,0.0068,565.27,569.11,572.96,559.62,2026-08-19,3,False
MNST,Consumer Staples,Beverages - Non-Alcoholic,RSI,RSI 維持超賣,None,0.0,0.385,0.3333,0.3333,0.2366,9,744,-0.0022,47.49,47.39,47.28,47.02,2026-08-20,3,False
CHTR,Communication Services,Telecom Services,RSI,RSI 維持強勢 (50-70),None,0.0,0.51,0.3315,0.3315,0.3082,178,5205,-0.0055,147.76,146.95,146.13,146.28,2026-08-20,3,False
SLMBP,Financials,Credit Services,RSI,RSI 維持強勢 (50-70),Bullish Engulfing,0.75,1.0,0.3314,,0.3314,0,353,0.0074,74.98,75.53,76.09,74.23,2026-08-19,3,False
HSIC,Health Care,Medical Distribution,BB,價格在 BB 中軌上方,None,0.0,0.425,0.3314,0.3314,0.2804,169,14417,-0.0009,88.46,88.38,88.3,87.58,2026-08-20,3,False
ARES,Financials,Asset Management,RSI,RSI 維持強勢 (50-70),None,0.0,0.51,0.3313,0.3313,0.2842,329,19108,0.0049,140.23,140.92,141.6,138.83,2026-08-20,3,False
PSKY,Communication Services,Entertainment,RSI,RSI 加速上升,None,0.0,0.5525,0.3309,0.3309,0.3116,139,3322,0.0011,10.6,10.61,10.62,10.49,2026-08-19,3,False
FITB,Financials,Banks - Regional,RSI,RSI 維持強勢 (50-70),None,0.0,0.51,0.3309,0.3309,0.2842,269,19108,0.0067,57.29,57.67,58.06,56.72,2026-08-18,3,False
WSO,Industrials,Industrial Distribution,MACD,MACD 金叉 (空頭區),None,0.0,0.42,0.3303,,0.3303,0,875,0.0053,313.65,315.31,316.97,310.51,2026-08-18,3,False
VLYPO,Financials,Banks - Regional,MACD,MACD 突破 0 軸,None,0.0,0.595,0.3301,,0.3301,0,618,0.0061,24.86,25.01,25.16,24.61,2026-08-20,3,False
TIGO,Communication Services,Telecom Services,BB,BB 跌破下軌 (超賣),None,0.0,0.45499999999999996,0.33,,0.33,0,397,0.0048,87.19,87.61,88.03,86.32,2026-08-18,3,False
PAAS,Materials,Gold,RSI,RSI 上穿 50 中性線,None,0.0,0.4675,0.3294,,0.3294,0,595,0.0031,50.3,50.46,50.61,49.8,2026-08-19,3,False
RPM,Materials,Specialty Chemicals,RSI,RSI 上穿 50 中性線,None,0.0,0.4675,0.3294,,0.3294,0,595,0.0031,111.66,112.01,112.35,110.54,2026-08-19,3,False
DAL,Industrials,Airlines,BB,BB 中軌向上（上升趨勢）,None,0.0,0.51,0.3289,0.3289,0.2929,298,17460,0.0067,83.29,83.85,84.41,82.46,2026-08-19,3,False
TPG,Financials,Asset Management,RSI,RSI 維持強勢 (50-70),Support,0.9,1.0,0.3276,,0.3276,0,58,0.0022,52.02,52.13,52.25,51.5,2026-08-18,3,False
UBS,Financials,Banks - Diversified,RSI,RSI 維持強勢 (50-70),Support,0.8,1.0,0.3276,,0.3276,0,58,0.0022,52.97,53.09,53.2,52.44,2026-08-18,3,False
QCOM,Information Technology,Semiconductors,BB,價格在 BB 中軌上方,None,0.0,0.425,0.3268,0.3268,0.3573,257,20206,0.0105,161.91,163.61,165.31,160.29,2026-08-19,3,False
AM,Energy,Oil & Gas Midstream,RSI,RSI 動能加速（強勢區）,None,0.0,0.51,0.3265,,0.3265,0,873,0.0005,22.69,22.7,22.71,22.46,2026-08-18,3,False
BP,Energy,Oil & Gas Integrated,RSI,RSI 動能加速（強勢區）,None,0.0,0.51,0.3265,,0.3265,0,873,0.0005,45.14,45.16,45.19,44.69,2026-08-20,3,False
CCJ,Energy,Uranium,RSI,RSI 動能加速（強勢區）,None,0.0,0.51,0.3265,,0.3265,0,873,0.0005,97.98,98.03,98.08,97.0,2026-08-19,3,False
E,Energy,Oil & Gas Integrated,RSI,RSI 動能加速（強勢區）,None,0.0,0.51,0.3265,,0.3265,0,873,0.0005,57.35,57.38,57.41,56.78,2026-08-20,3,False
EPD,Energy,Oil & Gas Midstream,RSI,RSI 動能加速（強勢區）,None,0.0,0.51,0.3265,,0.3265,0,873,0.0005,38.43,38.45,38.47,38.05,2026-08-20,3,False
ET,Energy,Oil & Gas Midstream,RSI,RSI 動能加速（強勢區）,None,0.0,0.51,0.3265,,0.3265,0,873,0.0005,21.42,21.43,21.44,21.21,2026-08-18,3,False
LNG,Energy,Oil & Gas Midstream,RSI,RSI 動能加速（強勢區）,None,0.0,0.51,0.3265,,0.3265,0,873,0.0005,279.17,279.31,279.45,276.38,2026-08-20,3,False
PAA,Energy,Oil & Gas Midstream,RSI,RSI 動能加速（強勢區）,None,0.0,0.51,0.3265,,0.3265,0,873,0.0005,24.19,24.2,24.21,23.95,2026-08-18,3,False
SUN,Energy,Oil & Gas Refining & Marketing,RSI,RSI 動能加速（強勢區）,None,0.0,0.51,0.3265,,0.3265,0,873,0.0005,77.08,77.12,77.16,76.31,2026-08-18,3,False
VG,Energy,Oil & Gas Midstream,RSI,RSI 動能加速（強勢區）,None,0.0,0.51,0.3265,,0.3265,0,873,0.0005,14.29,14.3,14.3,14.15,2026-08-20,3,False
VNOM,Energy,Oil & Gas Midstream,RSI,RSI 動能加速（強勢區）,None,0.0,0.51,0.3265,,0.3265,0,873,0.0005,45.03,45.05,45.08,44.58,2026-08-20,3,False
WDS,Energy,Oil & Gas E&P,RSI,RSI 動能加速（強勢區）,None,0.0,0.51,0.3265,,0.3265,0,873,0.0005,23.89,23.9,23.91,23.65,2026-08-19,3,False
WES,Energy,Oil & Gas Midstream,RSI,RSI 動能加速（強勢區）,None,0.0,0.51,0.3265,,0.3265,0,873,0.0005,49.8,49.82,49.85,49.3,2026-08-18,3,False
BPYPO,Real Estate,Real Estate Services,RSI,RSI 維持強勢 (50-70),None,0.0,0.51,0.3261,,0.3261,0,230,0.0069,15.36,15.47,15.57,15.21,2026-08-18,3,True
RBLX,Communication Services,Electronic Gaming & Multimedia,MACD,MACD 金叉 (空頭區),None,0.0,0.42,0.3254,,0.3254,0,252,0.0044,37.67,37.84,38.0,37.29,2026-08-18,3,False
WMG,Communication Services,Entertainment,MACD,MACD 金叉 (空頭區),None,0.0,0.42,0.3254,,0.3254,0,252,0.0044,26.3,26.42,26.53,26.04,2026-08-18,3,False
CRL,Health Care,Diagnostics & Research,BB,價格在 BB 中軌上方,None,0.0,0.425,0.325,0.325,0.2804,280,14417,-0.0049,291.45,290.02,288.59,288.54,2026-08-20,3,False
PFG,Financials,Asset Management,RSI,RSI 維持強勢 (50-70),None,0.0,0.51,0.3247,0.3247,0.2842,271,19108,0.0036,113.14,113.55,113.95,112.01,2026-08-18,3,False
RVTY,Health Care,Diagnostics & Research,BB,價格在 BB 中軌上方,None,0.0,0.425,0.3247,0.3247,0.2804,194,14417,-0.0022,119.45,119.19,118.92,118.26,2026-08-19,3,False
TLK,Communication Services,Telecom Services,RSI,RSI 上穿 50 中性線,None,0.0,0.4675,0.3243,,0.3243,0,518,0.004,14.74,14.8,14.86,14.59,2026-08-19,3,False
GNRC,Industrials,Specialty Industrial Machinery,BB,價格在 BB 中軌上方,None,0.0,0.425,0.324,0.324,0.295,250,22337,-0.0083,210.81,209.06,207.31,208.7,2026-08-19,3,False
WYNN,Consumer Discretionary,Resorts & Casinos,RSI,RSI 維持強勢 (50-70),None,0.0,0.51,0.3239,0.3239,0.2995,176,10441,0.0085,99.6,100.45,101.29,98.6,2026-08-20,3,False
HBANL,Financials,Banks - Regional,BB,價格在 BB 中軌上方,None,0.0,0.425,0.3239,,0.3239,0,852,0.0045,25.09,25.2,25.32,24.84,2026-08-18,3,True
TMUS,Communication Services,Telecom Services,RSI,RSI 加速上升,None,0.0,0.5525,0.3237,0.3237,0.3116,139,3322,0.0054,182.36,183.34,184.33,180.54,2026-08-19,3,False
CPNG,Consumer Discretionary,Internet Retail,MACD,MACD 金叉 (空頭區),None,0.0,0.42,0.3233,,0.3233,0,529,0.0066,16.66,16.77,16.88,16.49,2026-08-19,3,False
FLUT,Consumer Discretionary,Gambling,MACD,MACD 金叉 (空頭區),None,0.0,0.42,0.3233,,0.3233,0,529,0.0066,99.57,100.23,100.88,98.57,2026-08-20,3,False
LI,Consumer Discretionary,Auto Manufacturers,MACD,MACD 金叉 (空頭區),None,0.0,0.42,0.3233,,0.3233,0,529,0.0066,12.92,13.01,13.09,12.79,2026-08-20,3,False
NIO,Consumer Discretionary,Auto Manufacturers,MACD,MACD 金叉 (空頭區),None,0.0,0.42,0.3233,,0.3233,0,529,0.0066,4.58,4.61,4.64,4.53,2026-08-19,3,False
SGI,Consumer Discretionary,"Furnishings, Fixtures & Appliances",MACD,MACD 金叉 (空頭區),None,0.0,0.42,0.3233,,0.3233,0,529,0.0066,66.02,66.46,66.89,65.36,2026-08-19,3,False
CNQ,Energy,Oil & Gas E&P,RSI,RSI 加速上升,None,0.0,0.5525,0.3227,,0.3227,0,3306,0.0024,49.5,49.62,49.74,49.01,2026-08-19,3,False
CVE,Energy,Oil & Gas Integrated,RSI,RSI 加速上升,None,0.0,0.5525,0.3227,,0.3227,0,3306,0.0024,32.48,32.56,32.64,32.16,2026-08-20,3,False
DINO,Energy,Oil & Gas Refining & Marketing,RSI,RSI 加速上升,None,0.0,0.5525,0.3227,,0.3227,0,3306,0.0024,94.62,94.85,95.07,93.67,2026-08-19,3,False
EC,Energy,Oil & Gas Integrated,RSI,RSI 加速上升,None,0.0,0.5525,0.3227,,0.3227,0,3306,0.0024,17.89,17.93,17.98,17.71,2026-08-19,3,False
ENB,Energy,Oil & Gas Midstream,RSI,RSI 加速上升,None,0.0,0.5525,0.3227,,0.3227,0,3306,0.0024,50.99,51.11,51.23,50.48,2026-08-20,3,False
IMO,Energy,Oil & Gas Integrated,RSI,RSI 加速上升,None,0.0,0.5525,0.3227,,0.3227,0,3306,0.0024,136.86,137.19,137.52,135.49,2026-08-20,3,False
OVV,Energy,Oil & Gas E&P,RSI,RSI 加速上升,None,0.0,0.5525,0.3227,,0.3227,0,3306,0.0024,66.7,66.86,67.02,66.03,2026-08-20,3,False
SHEL,Energy,Oil & Gas Integrated,RSI,RSI 加速上升,None,0.0,0.5525,0.3227,,0.3227,0,3306,0.0024,93.65,93.87,94.1,92.71,2026-08-20,3,False
SU,Energy,Oil & Gas Integrated,RSI,RSI 加速上升,None,0.0,0.5525,0.3227,,0.3227,0,3306,0.0024,67.94,68.1,68.27,67.26,2026-08-20,3,False
TRP,Energy,Oil & Gas Midstream,RSI,RSI 加速上升,None,0.0,0.5525,0.3227,,0.3227,0,3306,0.0024,63.03,63.18,63.33,62.4,2026-08-20,3,False
TTE,Energy,Oil & Gas Integrated,RSI,RSI 加速上升,None,0.0,0.5525,0.3227,,0.3227,0,3306,0.0024,90.9,91.12,91.34,89.99,2026-08-20,3,False
TGT,Consumer Staples,Discount Stores,RSI,RSI 動能加速（強勢區）,Bullish Engulfing,0.75,1.0,0.3226,,0.3226,0,31,0.0105,159.0,160.67,162.34,157.41,2026-08-19,3,True
VRTX,Health Care,Biotechnology,KDJ,KDJ 金叉,None,0.0,0.5525,0.3226,0.3226,0.2852,31,1536,-0.0033,552.06,550.24,548.42,546.54,2026-08-19,3,False
EMBJ,Industrials,Aerospace & Defense,KDJ,KDJ 金叉,None,0.0,0.5525,0.3223,,0.3223,0,2110,0.0051,77.08,77.47,77.87,76.31,2026-08-18,3,False
GPN,Industrials,Specialty Business Services,KDJ,KDJ 金叉,None,0.0,0.5525,0.3223,,0.3223,0,2110,0.0051,91.74,92.21,92.68,90.82,2026-08-19,3,False
RELX,Industrials,Specialty Business Services,KDJ,KDJ 金叉,None,0.0,0.5525,0.3223,,0.3223,0,2110,0.0051,35.1,35.28,35.46,34.75,2026-08-19,3,False
SYM,Industrials,Specialty Industrial Machinery,KDJ,KDJ 金叉,None,0.0,0.5525,0.3223,,0.3223,0,2110,0.0051,42.02,42.23,42.45,41.6,2026-08-19,3,False
TRI,Industrials,Specialty Business Services,KDJ,KDJ 金叉,None,0.0,0.5525,0.3223,,0.3223,0,2110,0.0051,104.95,105.49,106.02,103.9,2026-08-19,3,False
WMS,Industrials,Building Products & Equipment,KDJ,KDJ 金叉,None,0.0,0.5525,0.3223,,0.3223,0,2110,0.0051,146.41,147.16,147.9,144.95,2026-08-19,3,False
ZTO,Industrials,Integrated Freight & Logistics,KDJ,KDJ 金叉,None,0.0,0.5525,0.3223,,0.3223,0,2110,0.0051,23.13,23.25,23.37,22.9,2026-08-18,3,False
BTI,Consumer Staples,Tobacco,KDJ,KDJ 金叉,Morning Star,0.8,1.0,0.322,,0.322,0,59,0.0045,56.7,56.96,57.21,56.13,2026-08-20,3,False
VLYPP,Financials,Banks - Regional,RSI,RSI 動能加速（強勢區）,Consolidation Breakout,0.85,1.0,0.3218,,0.3218,0,87,0.0041,25.15,25.25,25.36,24.9,2026-08-20,3,True
SWKS,Information Technology,Semiconductors,RSI,RSI 維持強勢 (50-70),None,0.0,0.51,0.3218,0.3218,0.3645,174,16764,-0.0005,67.94,67.91,67.87,67.26,2026-08-20,3,False
IT,Information Technology,Information Technology Services,RSI,RSI 動能加速（強勢區）,None,0.0,0.51,0.3214,0.3214,0.366,28,2885,0.0013,192.82,193.07,193.32,190.89,2026-08-19,3,False
HDB,Financials,Banks - Regional,MACD,MACD 金叉 (空頭區),None,0.0,0.42,0.3214,,0.3214,0,865,0.0073,23.34,23.51,23.68,23.11,2026-08-20,3,False
RIOT,Financials,Capital Markets,MACD,MACD 金叉 (空頭區),None,0.0,0.42,0.3214,,0.3214,0,865,0.0073,20.98,21.13,21.29,20.77,2026-08-20,3,False
REGN,Health Care,Biotechnology,BB,價格在 BB 中軌上方,None,0.0,0.425,0.3207,0.3207,0.2804,290,14417,0.0008,826.64,827.3,827.96,818.37,2026-08-20,3,False
MMM,Industrials,Conglomerates,BB,BB 中軌向上（上升趨勢）,None,0.0,0.51,0.3206,0.3206,0.2929,209,17460,0.0049,178.09,178.96,179.84,176.31,2026-08-20,3,False
RF,Financials,Banks - Regional,RSI,RSI 維持強勢 (50-70),None,0.0,0.51,0.3206,0.3206,0.2842,209,19108,0.0091,31.7,31.99,32.28,31.38,2026-08-18,3,False
LEN,Consumer Discretionary,Residential Construction,BB,BB 中軌向上（上升趨勢）,None,0.0,0.51,0.3191,0.3191,0.2908,141,9757,-0.0026,85.42,85.2,84.98,84.57,2026-08-20,3,False
AMCR,Consumer Discretionary,Packaging & Containers,KDJ,KDJ 金叉,None,0.0,0.5525,0.3183,,0.3183,0,1244,0.0033,47.45,47.61,47.76,46.98,2026-08-19,3,False
BALL,Consumer Discretionary,Packaging & Containers,KDJ,KDJ 金叉,None,0.0,0.5525,0.3183,,0.3183,0,1244,0.0033,62.62,62.83,63.03,61.99,2026-08-19,3,False
CART,Consumer Discretionary,Internet Retail,KDJ,KDJ 金叉,None,0.0,0.5525,0.3183,,0.3183,0,1244,0.0033,50.67,50.84,51.0,50.16,2026-08-19,3,False
IP,Consumer Discretionary,Packaging & Containers,KDJ,KDJ 金叉,None,0.0,0.5525,0.3183,,0.3183,0,1244,0.0033,41.06,41.2,41.33,40.65,2026-08-19,3,False
PDD,Consumer Discretionary,Internet Retail,KDJ,KDJ 金叉,None,0.0,0.5525,0.3183,,0.3183,0,1244,0.0033,90.2,90.5,90.8,89.3,2026-08-19,3,False
RIVN,Consumer Discretionary,Auto Manufacturers,KDJ,KDJ 金叉,None,0.0,0.5525,0.3183,,0.3183,0,1244,0.0033,15.73,15.78,15.83,15.57,2026-08-19,3,False
TCOM,Consumer Discretionary,Travel Services,KDJ,KDJ 金叉,None,0.0,0.5525,0.3183,,0.3183,0,1244,0.0033,46.51,46.66,46.82,46.04,2026-08-19,3,False
TM,Consumer Discretionary,Auto Manufacturers,KDJ,KDJ 金叉,None,0.0,0.5525,0.3183,,0.3183,0,1244,0.0033,192.24,192.87,193.51,190.32,2026-08-20,3,False
EQIX,Real Estate,REIT - Specialty,RSI,RSI 加速上升,None,0.0,0.5525,0.3182,0.3182,0.2327,132,4401,0.0054,1079.9299,1085.76,1091.59,1069.13,2026-08-18,3,False
SWK,Industrials,Tools & Accessories,BB,價格在 BB 中軌上方,None,0.0,0.425,0.3182,0.3182,0.295,198,22337,-0.0023,99.8,99.57,99.34,98.8,2026-08-19,3,False
PUK,Financials,Insurance - Life,RSI,RSI 加速上升,None,0.0,0.5525,0.318,,0.318,0,588,0.002,28.08,28.14,28.19,27.8,2026-08-18,3,True
HAS,Consumer Discretionary,Leisure,BB,價格在 BB 中軌上方,None,0.0,0.425,0.318,0.318,0.2984,305,12430,0.0053,93.56,94.06,94.55,92.62,2026-08-20,3,False
MDGL,Health Care,Biotechnology,MACD,MACD 突破 0 軸,None,0.0,0.595,0.3171,,0.3171,0,432,0.0028,540.16,541.67,543.18,534.76,2026-08-19,3,False
NVS,Health Care,Drug Manufacturers - General,MACD,MACD 突破 0 軸,None,0.0,0.595,0.3171,,0.3171,0,432,0.0028,160.31,160.76,161.21,158.71,2026-08-19,3,False
STT,Financials,Asset Management,RSI,RSI 維持強勢 (50-70),None,0.0,0.51,0.316,0.316,0.2842,288,19108,0.0038,185.81,186.52,187.22,183.95,2026-08-19,3,False
WFC,Financials,Banks - Diversified,BB,BB 跌破下軌 (超賣),None,0.0,0.45499999999999996,0.3158,0.3158,0.3485,19,1277,0.0015,83.7,83.83,83.95,82.86,2026-08-20,3,False
MTB,Financials,Banks - Regional,RSI,RSI 維持強勢 (50-70),None,0.0,0.51,0.3149,0.3149,0.2842,289,19108,0.0091,251.5,253.79,256.08,248.98,2026-08-18,3,False
ASND,Health Care,Biotechnology,RSI,RSI 上穿 50 中性線,None,0.0,0.4675,0.3144,,0.3144,0,1323,0.003,259.62,260.4,261.18,257.02,2026-08-19,3,False
AZN,Health Care,Drug Manufacturers - General,RSI,RSI 上穿 50 中性線,None,0.0,0.4675,0.3144,,0.3144,0,1323,0.003,164.95,165.44,165.94,163.3,2026-08-19,3,False
BBIO,Health Care,Biotechnology,RSI,RSI 上穿 50 中性線,None,0.0,0.4675,0.3144,,0.3144,0,1323,0.003,82.98,83.23,83.48,82.15,2026-08-18,3,False
BRKRP,Health Care,Medical Devices,RSI,RSI 上穿 50 中性線,None,0.0,0.4675,0.3144,,0.3144,0,1323,0.003,434.2,435.5,436.81,429.86,2026-08-19,3,False
ELAN,Health Care,Drug Manufacturers - Specialty & Generic,RSI,RSI 上穿 50 中性線,None,0.0,0.4675,0.3144,,0.3144,0,1323,0.003,24.5,24.57,24.65,24.25,2026-08-19,3,False
EXEL,Health Care,Biotechnology,RSI,RSI 上穿 50 中性線,None,0.0,0.4675,0.3144,,0.3144,0,1323,0.003,54.39,54.55,54.72,53.85,2026-08-19,3,False
GSK,Health Care,Drug Manufacturers - General,RSI,RSI 上穿 50 中性線,None,0.0,0.4675,0.3144,,0.3144,0,1323,0.003,52.88,53.04,53.2,52.35,2026-08-19,3,False
HLN,Health Care,Drug Manufacturers - Specialty & Generic,RSI,RSI 上穿 50 中性線,None,0.0,0.4675,0.3144,,0.3144,0,1323,0.003,9.87,9.9,9.93,9.77,2026-08-19,3,False
JAZZ,Health Care,Biotechnology,RSI,RSI 上穿 50 中性線,None,0.0,0.4675,0.3144,,0.3144,0,1323,0.003,253.07,253.83,254.59,250.54,2026-08-18,3,False
KRYS,Health Care,Biotechnology,RSI,RSI 上穿 50 中性線,None,0.0,0.4675,0.3144,,0.3144,0,1323,0.003,343.34,344.37,345.4,339.91,2026-08-19,3,False
UTHR,Health Care,Drug Manufacturers - Specialty & Generic,RSI,RSI 上穿 50 中性線,None,0.0,0.4675,0.3144,,0.3144,0,1323,0.003,529.14,530.73,532.31,523.85,2026-08-19,3,False
BBDO,Financials,Banks - Regional,KDJ,KDJ 金叉,None,0.0,0.5525,0.3142,,0.3142,0,1932,0.0041,3.02,3.03,3.04,2.99,2026-08-20,3,False
BCH,Financials,Banks - Regional,KDJ,KDJ 金叉,None,0.0,0.5525,0.3142,,0.3142,0,1932,0.0041,41.09,41.26,41.43,40.68,2026-08-18,3,False
BSAC,Financials,Banks - Regional,KDJ,KDJ 金叉,None,0.0,0.5525,0.3142,,0.3142,0,1932,0.0041,34.57,34.71,34.85,34.22,2026-08-20,3,False
IBN,Financials,Banks - Regional,KDJ,KDJ 金叉,None,0.0,0.5525,0.3142,,0.3142,0,1932,0.0041,29.67,29.79,29.91,29.37,2026-08-20,3,False
RNR,Financials,Insurance - Reinsurance,KDJ,KDJ 金叉,None,0.0,0.5525,0.3142,,0.3142,0,1932,0.0041,322.15,323.47,324.79,318.93,2026-08-20,3,False
RYAN,Financials,Insurance - Specialty,KDJ,KDJ 金叉,None,0.0,0.5525,0.3142,,0.3142,0,1932,0.0041,42.21,42.38,42.56,41.79,2026-08-19,3,False
SEIC,Financials,Asset Management,KDJ,KDJ 金叉,None,0.0,0.5525,0.3142,,0.3142,0,1932,0.0041,106.92,107.36,107.8,105.85,2026-08-18,3,False
SNEX,Financials,Capital Markets,KDJ,KDJ 金叉,None,0.0,0.5525,0.3142,,0.3142,0,1932,0.0041,66.4,66.67,66.94,65.74,2026-08-18,3,False
TRU,Financials,Financial Data & Stock Exchanges,KDJ,KDJ 金叉,None,0.0,0.5525,0.3142,,0.3142,0,1932,0.0041,83.54,83.88,84.23,82.7,2026-08-19,3,False
WULF,Financials,Capital Markets,KDJ,KDJ 金叉,None,0.0,0.5525,0.3142,,0.3142,0,1932,0.0041,16.45,16.52,16.58,16.29,2026-08-20,3,False
FNV,Materials,Gold,KDJ,KDJ 金叉,None,0.0,0.5525,0.314,,0.314,0,637,0.0047,251.07,252.25,253.43,248.56,2026-08-19,3,False
RIO,Materials,Other Industrial Metals & Mining,KDJ,KDJ 金叉,None,0.0,0.5525,0.314,,0.314,0,637,0.0047,100.44,100.91,101.38,99.44,2026-08-19,3,False
SCCO,Materials,Copper,KDJ,KDJ 金叉,None,0.0,0.5525,0.314,,0.314,0,637,0.0047,198.73,199.66,200.6,196.74,2026-08-20,3,False
TECK,Materials,Other Industrial Metals & Mining,KDJ,KDJ 金叉,None,0.0,0.5525,0.314,,0.314,0,637,0.0047,66.16,66.47,66.78,65.5,2026-08-20,3,False
BDRX,Health Care,Biotechnology,RSI,RSI 維持超賣,None,0.0,0.385,0.3138,,0.3138,0,956,0.0016,1.26,1.26,1.26,1.25,2026-08-20,3,False
BCE,Communication Services,Telecom Services,RSI,RSI 動能加速（強勢區）,None,0.0,0.51,0.3135,,0.3135,0,772,0.0011,23.7,23.73,23.75,23.46,2026-08-19,3,False
FWONA,Communication Services,Entertainment,RSI,RSI 動能加速（強勢區）,None,0.0,0.51,0.3135,,0.3135,0,772,0.0011,96.0,96.11,96.21,95.04,2026-08-19,3,False
RCI,Communication Services,Telecom Services,RSI,RSI 動能加速（強勢區）,None,0.0,0.51,0.3135,,0.3135,0,772,0.0011,36.53,36.57,36.61,36.16,2026-08-19,3,False
SPOT,Communication Services,Internet Content & Information,RSI,RSI 動能加速（強勢區）,None,0.0,0.51,0.3135,,0.3135,0,772,0.0011,533.37,533.96,534.54,528.04,2026-08-19,3,False
PYPL,Financials,Credit Services,RSI,RSI 維持強勢 (50-70),None,0.0,0.51,0.3128,0.3128,0.2842,211,19108,-0.0065,60.43,60.04,59.64,59.83,2026-08-18,3,False
SE,Consumer Discretionary,Internet Retail,RSI,RSI 維持強勢 (50-70),Support,0.9,1.0,0.3125,,0.3125,0,32,-0.0041,116.26,115.78,115.31,115.1,2026-08-18,3,False
TROW,Financials,Asset Management,KDJ,KDJ 金叉,None,0.0,0.5525,0.3125,0.3125,0.3142,16,1932,0.0055,112.23,112.85,113.46,111.11,2026-08-19,3,False
TSCO,Consumer Discretionary,Specialty Retail,RSI,RSI 動能加速（強勢區）,None,0.0,0.51,0.3125,0.3125,0.3027,32,1665,-0.004,35.44,35.3,35.16,35.09,2026-08-19,3,False
NCLH,Consumer Discretionary,Travel Services,BB,BB 跌破下軌 (超賣),None,0.0,0.45499999999999996,0.3125,0.3125,0.2974,16,733,-0.0174,16.75,16.46,16.17,16.58,2026-08-20,3,False
CASY,Consumer Discretionary,Specialty Retail,RSI,RSI 加速上升,None,0.0,0.5525,0.3117,,0.3117,0,6796,0.004,855.0,858.42,861.84,846.45,2026-08-18,3,False
H,Consumer Discretionary,Lodging,RSI,RSI 加速上升,None,0.0,0.5525,0.3117,,0.3117,0,6796,0.004,183.01,183.74,184.47,181.18,2026-08-19,3,False
HMC,Consumer Discretionary,Auto Manufacturers,RSI,RSI 加速上升,None,0.0,0.5525,0.3117,,0.3117,0,6796,0.004,32.6,32.73,32.86,32.27,2026-08-20,3,False
HTHT,Consumer Discretionary,Lodging,RSI,RSI 加速上升,None,0.0,0.5525,0.3117,,0.3117,0,6796,0.004,49.54,49.74,49.94,49.04,2026-08-20,3,False
IHG,Consumer Discretionary,Lodging,RSI,RSI 加速上升,None,0.0,0.5525,0.3117,,0.3117,0,6796,0.004,159.38,160.02,160.66,157.79,2026-08-18,3,False
RACE,Consumer Discretionary,Auto Manufacturers,RSI,RSI 加速上升,None,0.0,0.5525,0.3117,,0.3117,0,6796,0.004,425.18,426.88,428.58,420.93,2026-08-19,3,False
NBIS,Communication Services,Internet Content & Information,RSI,RSI 加速上升,None,0.0,0.5525,0.3116,,0.3116,0,3322,0.0033,248.43,249.25,250.07,245.95,2026-08-18,3,False
NYT,Communication Services,Publishing,RSI,RSI 加速上升,None,0.0,0.5525,0.3116,,0.3116,0,3322,0.0033,65.3,65.52,65.73,64.65,2026-08-20,3,False
ROKU,Communication Services,Entertainment,RSI,RSI 加速上升,None,0.0,0.5525,0.3116,,0.3116,0,3322,0.0033,157.78,158.3,158.82,156.2,2026-08-18,3,False
SKM,Communication Services,Telecom Services,RSI,RSI 加速上升,None,0.0,0.5525,0.3116,,0.3116,0,3322,0.0033,38.74,38.87,39.0,38.35,2026-08-19,3,False
TME,Communication Services,Internet Content & Information,RSI,RSI 加速上升,None,0.0,0.5525,0.3116,,0.3116,0,3322,0.0033,9.02,9.05,9.08,8.93,2026-08-19,3,False
TU,Communication Services,Telecom Services,RSI,RSI 加速上升,None,0.0,0.5525,0.3116,,0.3116,0,3322,0.0033,10.02,10.05,10.09,9.92,2026-08-20,3,False
LMT,Industrials,Aerospace & Defense,BB,BB 中軌向上（上升趨勢）,None,0.0,0.51,0.3116,0.3116,0.2929,215,17460,0.0073,571.48,575.65,579.82,565.77,2026-08-20,3,False
KMI,Energy,Oil & Gas Midstream,RSI,RSI 動能加速（強勢區）,None,0.0,0.51,0.3111,0.3111,0.3265,45,873,0.0107,32.87,33.22,33.57,32.54,2026-08-18,3,False
GILD,Health Care,Drug Manufacturers - General,BB,BB 中軌向上（上升趨勢）,None,0.0,0.51,0.3105,0.3105,0.2705,219,10885,0.005,143.44,144.16,144.87,142.01,2026-08-20,3,False
CPB,Consumer Staples,Packaged Foods,RSI,RSI 維持強勢 (50-70),None,0.0,0.51,0.3092,,0.3092,0,262,0.0027,23.77,23.83,23.9,23.53,2026-08-20,3,True
AFRM,Financials,Credit Services,RSI,RSI 上穿 50 中性線,None,0.0,0.4675,0.3091,,0.3091,0,1899,0.0046,77.33,77.69,78.04,76.56,2026-08-19,3,False
GLXY,Financials,Capital Markets,RSI,RSI 上穿 50 中性線,None,0.0,0.4675,0.3091,,0.3091,0,1899,0.0046,23.47,23.58,23.69,23.24,2026-08-20,3,False
RKT,Financials,Mortgage Finance,RSI,RSI 上穿 50 中性線,None,0.0,0.4675,0.3091,,0.3091,0,1899,0.0046,14.63,14.7,14.76,14.48,2026-08-19,3,False
SOFI,Financials,Credit Services,RSI,RSI 上穿 50 中性線,None,0.0,0.4675,0.3091,,0.3091,0,1899,0.0046,18.42,18.5,18.59,18.24,2026-08-19,3,False
VLYPN,Financials,Banks - Regional,RSI,RSI 上穿 50 中性線,None,0.0,0.4675,0.3091,,0.3091,0,1899,0.0046,25.71,25.83,25.95,25.45,2026-08-20,3,False
ULS,Industrials,Specialty Business Services,RSI,RSI 超賣區域 (30),None,0.0,0.5249999999999999,0.3086,,0.3086,0,337,0.006,75.26,75.71,76.16,74.51,2026-08-20,3,False
NDAQ,Financials,Financial Data & Stock Exchanges,RSI,RSI 維持強勢 (50-70),None,0.0,0.51,0.3086,0.3086,0.2842,269,19108,0.0049,97.55,98.03,98.51,96.57,2026-08-20,3,False
GSAT,Communication Services,Telecom Services,RSI,RSI 維持強勢 (50-70),None,0.0,0.51,0.3082,,0.3082,0,5205,0.0026,82.0,82.21,82.43,81.18,2026-08-20,3,False
VOD,Communication Services,Telecom Services,RSI,RSI 維持強勢 (50-70),None,0.0,0.51,0.3082,,0.3082,0,5205,0.0026,16.01,16.05,16.09,15.85,2026-08-20,3,False
MCO,Financials,Financial Data & Stock Exchanges,RSI,RSI 加速上升,None,0.0,0.5525,0.3077,0.3077,0.3014,143,11488,0.0067,498.77,502.11,505.45,493.78,2026-08-20,3,False
WMT,Consumer Staples,Discount Stores,BB,價格在 BB 中軌上方,None,0.0,0.425,0.3077,0.3077,0.287,13,345,0.007,114.3,115.1,115.9,113.16,2026-08-19,3,True
CCK,Consumer Discretionary,Packaging & Containers,RSI,RSI 上穿 50 中性線,None,0.0,0.4675,0.3072,,0.3072,0,1123,0.0037,116.86,117.29,117.72,115.69,2026-08-18,3,False
DKNG,Consumer Discretionary,Gambling,RSI,RSI 上穿 50 中性線,None,0.0,0.4675,0.3072,,0.3072,0,1123,0.0037,25.31,25.4,25.5,25.06,2026-08-19,3,False
ISRG,Health Care,Medical Instruments & Supplies,BB,BB 中軌向上（上升趨勢）,None,0.0,0.51,0.306,0.306,0.2705,183,10885,0.007,374.48,377.1,379.72,370.74,2026-08-20,3,False
KVUE,Consumer Staples,Household & Personal Products,RSI,RSI 維持強勢 (50-70),None,0.0,0.51,0.305,0.305,0.2452,200,7574,0.004,19.13,19.21,19.28,18.94,2026-08-19,3,False
AGI,Materials,Gold,RSI,RSI 加速上升,None,0.0,0.5525,0.3048,,0.3048,0,3639,0.0024,36.69,36.78,36.87,36.32,2026-08-20,3,False
CDE,Materials,Gold,RSI,RSI 加速上升,None,0.0,0.5525,0.3048,,0.3048,0,3639,0.0024,21.11,21.16,21.21,20.9,2026-08-20,3,False
GFI,Materials,Gold,RSI,RSI 加速上升,None,0.0,0.5525,0.3048,,0.3048,0,3639,0.0024,45.45,45.56,45.67,45.0,2026-08-20,3,False
HL,Materials,Other Precious Metals & Mining,RSI,RSI 加速上升,None,0.0,0.5525,0.3048,,0.3048,0,3639,0.0024,20.82,20.87,20.92,20.61,2026-08-20,3,False
NTR,Materials,Agricultural Inputs,RSI,RSI 加速上升,None,0.0,0.5525,0.3048,,0.3048,0,3639,0.0024,73.12,73.3,73.47,72.39,2026-08-20,3,False
RGLD,Materials,Gold,RSI,RSI 加速上升,None,0.0,0.5525,0.3048,,0.3048,0,3639,0.0024,252.36,252.97,253.57,249.84,2026-08-20,3,False
SQM,Materials,Specialty Chemicals,RSI,RSI 加速上升,None,0.0,0.5525,0.3048,,0.3048,0,3639,0.0024,75.38,75.56,75.74,74.63,2026-08-19,3,False
WPM,Materials,Gold,RSI,RSI 加速上升,None,0.0,0.5525,0.3048,,0.3048,0,3639,0.0024,150.25,150.61,150.97,148.75,2026-08-20,3,False
HST,Real Estate,REIT - Hotel & Motel,KDJ,KDJ 金叉,None,0.0,0.5525,0.3043,0.3043,0.2818,23,550,0.004,22.92,23.01,23.1,22.69,2026-08-18,3,False
ECL,Materials,Specialty Chemicals,RSI,RSI 上穿 50 中性線,None,0.0,0.4675,0.3043,0.3043,0.3294,23,595,0.0068,280.0,281.9,283.81,277.2,2026-08-18,3,False
CSL,Industrials,Building Products & Equipment,RSI,RSI 上穿 50 中性線,None,0.0,0.4675,0.304,,0.304,0,1816,0.0018,365.63,366.29,366.95,361.97,2026-08-19,3,False
WCN,Industrials,Waste Management,RSI,RSI 上穿 50 中性線,None,0.0,0.4675,0.304,,0.304,0,1816,0.0018,168.75,169.05,169.36,167.06,2026-08-19,3,False
SLB,Energy,Oil & Gas Equipment & Services,BB,價格在 BB 中軌上方,None,0.0,0.425,0.3028,0.3028,0.2998,218,5768,-0.0018,53.55,53.45,53.36,53.01,2026-08-20,3,False
FMS,Health Care,Medical Care Facilities,KDJ,KDJ 超賣區金叉,None,0.0,0.5599999999999999,0.3027,,0.3027,0,370,0.0035,23.84,23.92,24.01,23.6,2026-08-19,3,False
PKG,Consumer Discretionary,Packaging & Containers,RSI,RSI 動能加速（強勢區）,None,0.0,0.51,0.3027,,0.3027,0,1665,0.0035,252.91,253.8,254.68,250.38,2026-08-19,3,False
SW,Consumer Discretionary,Packaging & Containers,RSI,RSI 動能加速（強勢區）,None,0.0,0.51,0.3027,,0.3027,0,1665,0.0035,48.71,48.88,49.05,48.22,2026-08-19,3,False
TFC,Financials,Banks - Regional,BB,價格在 BB 中軌上方,None,0.0,0.425,0.3022,0.3022,0.2847,278,21689,0.003,52.41,52.57,52.72,51.89,2026-08-18,3,False
EMR,Industrials,Specialty Industrial Machinery,RSI,RSI 維持強勢 (50-70),None,0.0,0.51,0.3019,0.3019,0.2986,212,19157,0.0048,154.72,155.46,156.21,153.17,2026-08-20,3,False
NU,Financials,Banks - Regional,RSI,RSI 加速上升,None,0.0,0.5525,0.3014,,0.3014,0,11488,0.0041,14.61,14.67,14.73,14.46,2026-08-19,3,False
PODD,Health Care,Medical Devices,RSI,RSI 加速上升,None,0.0,0.5525,0.3014,0.3014,0.2803,146,8492,-0.0075,151.51,150.37,149.24,149.99,2026-08-19,3,False
COP,Energy,Oil & Gas E&P,RSI,RSI 加速上升,None,0.0,0.5525,0.3011,0.3011,0.3227,176,3306,-0.0002,134.89,134.86,134.84,133.54,2026-08-20,3,False
VIV,Communication Services,Telecom Services,RSI,RSI 超賣區域 (30),None,0.0,0.5249999999999999,0.3011,,0.3011,0,93,0.0054,11.23,11.29,11.35,11.12,2026-08-20,3,False
ECHO,Communication Services,Telecom Services,BB,價格在 BB 中軌上方,None,0.0,0.425,0.3007,,0.3007,0,6080,0.0027,90.0,90.24,90.49,89.1,2026-08-18,3,False
CSX,Industrials,Railroads,BB,價格在 BB 中軌上方,None,0.0,0.425,0.3006,0.3006,0.295,336,22337,0.0054,50.97,51.25,51.52,50.46,2026-08-20,3,False
BIP,Utilities,Utilities - Diversified,KDJ,KDJ 金叉,None,0.0,0.5525,0.3001,,0.3001,0,713,0.0052,39.42,39.62,39.83,39.03,2026-08-19,3,False
NWS,Communication Services,Entertainment,MACD,MACD 金叉 (多頭區),None,0.0,0.68,0.3,0.3,0.3214,10,140,-0.0059,33.49,33.29,33.09,33.16,2026-08-18,3,False
BKR,Energy,Oil & Gas Equipment & Services,RSI,RSI 維持強勢 (50-70),None,0.0,0.51,0.3,0.3,0.2963,250,4891,-0.002,62.78,62.65,62.53,62.15,2026-08-20,3,False
INCY,Health Care,Biotechnology,RSI,RSI 動能加速（強勢區）,None,0.0,0.51,0.3,0.3,0.2606,30,1869,0.0016,128.47,128.68,128.88,127.19,2026-08-19,3,False
CQP,Energy,Oil & Gas Midstream,BB,價格在 BB 中軌上方,None,0.0,0.425,0.2998,,0.2998,0,5768,-0.0016,68.67,68.56,68.45,67.98,2026-08-20,3,False
EQNR,Energy,Oil & Gas Integrated,BB,價格在 BB 中軌上方,None,0.0,0.425,0.2998,,0.2998,0,5768,-0.0016,42.03,41.96,41.9,41.61,2026-08-19,3,False
FTI,Energy,Oil & Gas Equipment & Services,BB,價格在 BB 中軌上方,None,0.0,0.425,0.2998,,0.2998,0,5768,-0.0016,77.62,77.5,77.37,76.84,2026-08-20,3,False
MPLX,Energy,Oil & Gas Midstream,BB,價格在 BB 中軌上方,None,0.0,0.425,0.2998,,0.2998,0,5768,-0.0016,58.69,58.6,58.5,58.1,2026-08-19,3,False
YPF,Energy,Oil & Gas Integrated,BB,價格在 BB 中軌上方,None,0.0,0.425,0.2998,,0.2998,0,5768,-0.0016,50.92,50.84,50.76,50.41,2026-08-20,3,False
BWA,Consumer Discretionary,Auto Parts,RSI,RSI 維持強勢 (50-70),None,0.0,0.51,0.2995,,0.2995,0,10441,0.0032,67.95,68.17,68.38,67.27,2026-08-18,3,False
FIVE,Consumer Discretionary,Specialty Retail,RSI,RSI 維持強勢 (50-70),None,0.0,0.51,0.2995,,0.2995,0,10441,0.0032,236.31,237.07,237.82,233.95,2026-08-20,3,False
MGA,Consumer Discretionary,Auto Parts,RSI,RSI 維持強勢 (50-70),None,0.0,0.51,0.2995,,0.2995,0,10441,0.0032,70.39,70.62,70.84,69.69,2026-08-20,3,False
PAG,Consumer Discretionary,Auto & Truck Dealerships,RSI,RSI 維持強勢 (50-70),None,0.0,0.51,0.2995,,0.2995,0,10441,0.0032,216.55,217.24,217.94,214.38,2026-08-20,3,False
SN,Consumer Discretionary,"Furnishings, Fixtures & Appliances",RSI,RSI 維持強勢 (50-70),None,0.0,0.51,0.2995,,0.2995,0,10441,0.0032,179.98,180.56,181.13,178.18,2026-08-20,3,False
TXRH,Consumer Discretionary,Restaurants,RSI,RSI 維持強勢 (50-70),None,0.0,0.51,0.2995,,0.2995,0,10441,0.0032,202.93,203.58,204.23,200.9,2026-08-19,3,False
YUMC,Consumer Discretionary,Restaurants,RSI,RSI 維持強勢 (50-70),None,0.0,0.51,0.2995,,0.2995,0,10441,0.0032,47.58,47.73,47.88,47.1,2026-08-19,3,False
MKL,Financials,Insurance - Property & Casualty,KDJ,KDJ 超賣區金叉,None,0.0,0.5599999999999999,0.299,,0.299,0,612,-0.0,1815.09,1815.09,1815.09,1796.94,2026-08-18,3,False
DLR,Real Estate,REIT - Specialty,RSI,RSI 維持強勢 (50-70),None,0.0,0.51,0.299,0.299,0.2509,301,7011,0.0013,194.3,194.55,194.81,192.36,2026-08-20,3,False
AER,Industrials,Rental & Leasing Services,RSI,RSI 維持強勢 (50-70),None,0.0,0.51,0.2986,,0.2986,0,19157,0.0036,149.62,150.16,150.7,148.12,2026-08-18,3,False
AIT,Industrials,Industrial Distribution,RSI,RSI 維持強勢 (50-70),None,0.0,0.51,0.2986,,0.2986,0,19157,0.0036,346.19,347.44,348.68,342.73,2026-08-19,3,False
APG,Industrials,Engineering & Construction,RSI,RSI 維持強勢 (50-70),None,0.0,0.51,0.2986,,0.2986,0,19157,0.0036,41.93,42.08,42.23,41.51,2026-08-20,3,False
ARMK,Industrials,Specialty Business Services,RSI,RSI 維持強勢 (50-70),None,0.0,0.51,0.2986,,0.2986,0,19157,0.0036,59.37,59.58,59.8,58.78,2026-08-20,3,False
ARXS,Industrials,Aerospace & Defense,RSI,RSI 維持強勢 (50-70),None,0.0,0.51,0.2986,,0.2986,0,19157,0.0036,53.7,53.89,54.09,53.16,2026-08-20,3,False
ATI,Industrials,Metal Fabrication,RSI,RSI 維持強勢 (50-70),None,0.0,0.51,0.2986,,0.2986,0,19157,0.0036,209.22,209.97,210.73,207.13,2026-08-20,3,False
AYI,Industrials,Electrical Equipment & Parts,RSI,RSI 維持強勢 (50-70),None,0.0,0.51,0.2986,,0.2986,0,19157,0.0036,348.83,350.09,351.34,345.34,2026-08-19,3,False
CLH,Industrials,Waste Management,RSI,RSI 維持強勢 (50-70),None,0.0,0.51,0.2986,,0.2986,0,19157,0.0036,321.95,323.11,324.27,318.73,2026-08-20,3,False
CNI,Industrials,Railroads,RSI,RSI 維持強勢 (50-70),None,0.0,0.51,0.2986,,0.2986,0,19157,0.0036,128.23,128.69,129.15,126.95,2026-08-20,3,False
CP,Industrials,Railroads,RSI,RSI 維持強勢 (50-70),None,0.0,0.51,0.2986,,0.2986,0,19157,0.0036,94.83,95.17,95.51,93.88,2026-08-20,3,False
FERG,Industrials,Industrial Distribution,RSI,RSI 維持強勢 (50-70),None,0.0,0.51,0.2986,,0.2986,0,19157,0.0036,243.19,244.07,244.94,240.76,2026-08-19,3,False
GFL,Industrials,Waste Management,RSI,RSI 維持強勢 (50-70),None,0.0,0.51,0.2986,,0.2986,0,19157,0.0036,41.17,41.32,41.47,40.76,2026-08-20,3,False
GGG,Industrials,Specialty Industrial Machinery,RSI,RSI 維持強勢 (50-70),None,0.0,0.51,0.2986,,0.2986,0,19157,0.0036,81.71,82.0,82.3,80.89,2026-08-20,3,False
HEI,Industrials,Aerospace & Defense,RSI,RSI 維持強勢 (50-70),None,0.0,0.51,0.2986,,0.2986,0,19157,0.0036,363.42,364.73,366.04,359.79,2026-08-19,3,False
IESC,Industrials,Engineering & Construction,RSI,RSI 維持強勢 (50-70),None,0.0,0.51,0.2986,,0.2986,0,19157,0.0036,738.79,741.45,744.11,731.4,2026-08-18,3,False
ITT,Industrials,Specialty Industrial Machinery,RSI,RSI 維持強勢 (50-70),None,0.0,0.51,0.2986,,0.2986,0,19157,0.0036,208.15,208.9,209.65,206.07,2026-08-20,3,False
LECO,Industrials,Tools & Accessories,RSI,RSI 維持強勢 (50-70),None,0.0,0.51,0.2986,,0.2986,0,19157,0.0036,276.88,277.88,278.87,274.11,2026-08-20,3,False
MLI,Industrials,Metal Fabrication,RSI,RSI 維持強勢 (50-70),None,0.0,0.51,0.2986,,0.2986,0,19157,0.0036,61.96,62.18,62.41,61.34,2026-08-20,3,False
NVT,Industrials,Electrical Equipment & Parts,RSI,RSI 維持強勢 (50-70),None,0.0,0.51,0.2986,,0.2986,0,19157,0.0036,164.63,165.22,165.82,162.98,2026-08-18,3,False
OC,Industrials,Building Products & Equipment,RSI,RSI 維持強勢 (50-70),None,0.0,0.51,0.2986,,0.2986,0,19157,0.0036,151.23,151.77,152.32,149.72,2026-08-19,3,False
RKLB,Industrials,Aerospace & Defense,RSI,RSI 維持強勢 (50-70),None,0.0,0.51,0.2986,,0.2986,0,19157,0.0036,79.16,79.44,79.73,78.37,2026-08-18,3,False
SPCX,Industrials,Aerospace & Defense,RSI,RSI 維持強勢 (50-70),None,0.0,0.51,0.2986,,0.2986,0,19157,0.0036,139.65,140.15,140.66,138.25,2026-08-19,3,False
SUNB,Industrials,Rental & Leasing Services,RSI,RSI 維持強勢 (50-70),None,0.0,0.51,0.2986,,0.2986,0,19157,0.0036,79.83,80.12,80.4,79.03,2026-08-19,3,False
WTS,Industrials,Specialty Industrial Machinery,RSI,RSI 維持強勢 (50-70),None,0.0,0.51,0.2986,,0.2986,0,19157,0.0036,369.9,371.23,372.56,366.2,2026-08-20,3,False
RBA,Industrials,Specialty Business Services,RSI,RSI 維持超賣,None,0.0,0.385,0.2983,,0.2983,0,848,0.0072,85.76,86.38,86.99,84.9,2026-08-18,3,False
ESLT,Industrials,Aerospace & Defense,RSI,RSI 加速上升,None,0.0,0.5525,0.2981,,0.2981,0,11545,0.003,795.71,798.1,800.48,787.75,2026-08-18,3,False
KNX,Industrials,Trucking,RSI,RSI 加速上升,None,0.0,0.5525,0.2981,,0.2981,0,11545,0.003,70.72,70.93,71.14,70.01,2026-08-18,3,False
SAIA,Industrials,Trucking,RSI,RSI 加速上升,None,0.0,0.5525,0.2981,,0.2981,0,11545,0.003,368.92,370.03,371.13,365.23,2026-08-18,3,False
TRMB,Information Technology,Scientific & Technical Instruments,RSI,RSI 加速上升,None,0.0,0.5525,0.2971,0.2971,0.3693,138,10688,-0.0007,59.68,59.64,59.6,59.08,2026-08-20,3,False
EXR,Real Estate,REIT - Industrial,RSI,RSI 維持強勢 (50-70),None,0.0,0.51,0.2971,0.2971,0.2509,175,7011,0.0033,147.91,148.4,148.89,146.43,2026-08-19,3,False
JHX,Materials,Building Materials,RSI,RSI 動能加速（強勢區）,None,0.0,0.51,0.2962,,0.2962,0,942,-0.0012,30.2,30.16,30.13,29.9,2026-08-19,3,False
TDY,Information Technology,Scientific & Technical Instruments,BB,BB 中軌向上（上升趨勢）,None,0.0,0.51,0.2951,0.2951,0.3639,183,16781,0.008,633.95,639.02,644.09,627.61,2026-08-20,3,False
AEIS,Industrials,Electrical Equipment & Parts,BB,價格在 BB 中軌上方,None,0.0,0.425,0.295,,0.295,0,22337,0.0034,314.43,315.5,316.57,311.29,2026-08-18,3,False
DY,Industrials,Engineering & Construction,BB,價格在 BB 中軌上方,None,0.0,0.425,0.295,,0.295,0,22337,0.0034,414.7,416.11,417.52,410.55,2026-08-18,3,False
POOL,Industrials,Industrial Distribution,BB,價格在 BB 中軌上方,None,0.0,0.425,0.295,,0.295,0,22337,0.0034,195.99,196.66,197.32,194.03,2026-08-19,3,False
AXP,Financials,Credit Services,BB,價格在 BB 中軌上方,None,0.0,0.425,0.2947,0.2947,0.2847,285,21689,0.0033,339.9,341.02,342.14,336.5,2026-08-19,3,False
CDW,Information Technology,Information Technology Services,BB,BB 中軌向上（上升趨勢）,None,0.0,0.51,0.2941,0.2941,0.3639,136,16781,-0.0002,133.54,133.51,133.49,132.2,2026-08-20,3,False
ES,Utilities,Utilities - Regulated Electric,RSI,RSI 加速上升,None,0.0,0.5525,0.293,0.293,0.2565,157,4905,0.0005,72.22,72.26,72.29,71.5,2026-08-18,3,False
BE,Industrials,Electrical Equipment & Parts,BB,BB 中軌向上（上升趨勢）,None,0.0,0.51,0.2929,,0.2929,0,17460,0.0036,206.63,207.37,208.12,204.56,2026-08-19,3,False
DCI,Industrials,Specialty Industrial Machinery,BB,BB 中軌向上（上升趨勢）,None,0.0,0.51,0.2929,,0.2929,0,17460,0.0036,92.44,92.77,93.11,91.52,2026-08-20,3,False
FTAI,Industrials,Aerospace & Defense,BB,BB 中軌向上（上升趨勢）,None,0.0,0.51,0.2929,,0.2929,0,17460,0.0036,210.91,211.67,212.43,208.8,2026-08-19,3,False
WCC,Industrials,Industrial Distribution,BB,BB 中軌向上（上升趨勢）,None,0.0,0.51,0.2929,,0.2929,0,17460,0.0036,338.09,339.31,340.52,334.71,2026-08-20,3,False
RJF,Financials,Asset Management,BB,價格在 BB 中軌上方,None,0.0,0.425,0.2929,0.2929,0.2847,297,21689,0.0054,177.93,178.89,179.85,176.15,2026-08-19,3,False
EIX,Utilities,Utilities - Regulated Electric,BB,價格在 BB 中軌上方,None,0.0,0.425,0.2925,0.2925,0.246,294,9864,0.003,74.66,74.88,75.11,73.91,2026-08-20,3,False
DHR,Health Care,Diagnostics & Research,RSI,RSI 加速上升,None,0.0,0.5525,0.2917,0.2917,0.2803,120,8492,0.002,215.91,216.34,216.77,213.75,2026-08-20,3,False
CMCSA,Communication Services,Telecom Services,RSI,RSI 動能加速（強勢區）,None,0.0,0.51,0.2917,0.2917,0.3135,24,772,0.0025,26.2,26.27,26.33,25.94,2026-08-18,3,False
ELV,Health Care,Healthcare Plans,RSI,RSI 上穿 50 中性線,None,0.0,0.4675,0.2917,0.2917,0.3144,24,1323,-0.0002,398.27,398.19,398.11,394.29,2026-08-18,3,False
PCAR,Industrials,Farm & Heavy Construction Machinery,BB,BB 中軌向上（上升趨勢）,None,0.0,0.51,0.2913,0.2913,0.2929,206,17460,0.0013,127.47,127.64,127.8,126.2,2026-08-19,3,False
BLK,Financials,Asset Management,BB,價格在 BB 中軌上方,None,0.0,0.425,0.2904,0.2904,0.2847,272,21689,0.0037,1139.8199,1144.04,1148.25,1128.42,2026-08-20,3,False
ADBE,Information Technology,Software - Application,BB,BB 中軌向上（上升趨勢）,None,0.0,0.51,0.2903,0.2903,0.3639,186,16781,-0.0083,272.22,269.96,267.7,269.5,2026-08-20,3,False
CTSH,Information Technology,Information Technology Services,RSI,RSI 動能加速（強勢區）,None,0.0,0.51,0.2903,0.2903,0.366,31,2885,-0.0009,60.93,60.88,60.82,60.32,2026-08-19,3,False
OXY,Energy,Oil & Gas E&P,RSI,RSI 動能加速（強勢區）,None,0.0,0.51,0.2903,0.2903,0.3265,31,873,-0.0036,61.52,61.3,61.08,60.9,2026-08-20,3,False
CAH,Health Care,Medical Distribution,RSI,RSI 維持強勢 (50-70),None,0.0,0.51,0.2898,0.2898,0.2772,314,12123,0.0079,234.85,236.71,238.56,232.5,2026-08-19,3,False
MDLZ,Consumer Staples,Confectioners,RSI,RSI 維持強勢 (50-70),None,0.0,0.51,0.2892,0.2892,0.2452,204,7574,0.0031,64.14,64.34,64.54,63.5,2026-08-20,3,False
RTX,Industrials,Aerospace & Defense,RSI,RSI 動能加速（強勢區）,None,0.0,0.51,0.2885,0.2885,0.2891,52,3037,0.0098,225.49,227.7,229.91,223.24,2026-08-18,3,False
HPE,Information Technology,Communication Equipment,BB,BB 中軌向上（上升趨勢）,None,0.0,0.51,0.288,0.288,0.3639,184,16781,0.0094,52.89,53.39,53.88,52.36,2026-08-20,3,False
BMY,Health Care,Drug Manufacturers - General,RSI,RSI 維持強勢 (50-70),None,0.0,0.51,0.2879,0.2879,0.2772,198,12123,-0.0008,65.47,65.42,65.37,64.82,2026-08-20,3,False
BKNG,Consumer Discretionary,Travel Services,RSI,RSI 維持強勢 (50-70),None,0.0,0.51,0.2874,0.2874,0.2995,261,10441,0.0048,209.87,210.88,211.88,207.77,2026-08-20,3,False
WDAY,Information Technology,Software - Application,RSI,RSI 維持強勢 (50-70),None,0.0,0.51,0.2868,0.2868,0.3645,136,16764,-0.0047,197.32,196.39,195.47,195.35,2026-08-20,3,False
HUBB,Industrials,Electrical Equipment & Parts,BB,BB 中軌向上（上升趨勢）,None,0.0,0.51,0.2863,0.2863,0.2929,227,17460,0.002,475.64,476.59,477.54,470.88,2026-08-19,3,False
AA,Materials,Aluminum,RSI,RSI 維持強勢 (50-70),None,0.0,0.51,0.286,,0.286,0,5721,0.0013,50.55,50.62,50.68,50.04,2026-08-20,3,False
PKX,Materials,Steel,RSI,RSI 維持強勢 (50-70),None,0.0,0.51,0.286,,0.286,0,5721,0.0013,57.28,57.35,57.43,56.71,2026-08-20,3,False
TTD,Communication Services,Advertising Agencies,KDJ,KDJ 金叉,Bullish Engulfing,0.75,1.0,0.2857,,0.2857,0,35,0.0016,13.54,13.56,13.58,13.4,2026-08-19,3,False
CME,Financials,Financial Data & Stock Exchanges,BB,BB 中軌向上（上升趨勢）,None,0.0,0.51,0.2857,0.2857,0.2681,224,16575,0.0013,270.87,271.22,271.57,268.16,2026-08-20,3,False
MSFT,Information Technology,Software - Infrastructure,BB,BB 中軌向上（上升趨勢）,None,0.0,0.51,0.2857,0.2857,0.3639,217,16781,0.003,481.15,482.59,484.04,476.34,2026-08-20,3,False
TRV,Financials,Insurance - Property & Casualty,RSI,RSI 上穿 50 中性線,None,0.0,0.4675,0.2857,0.2857,0.3091,21,1899,0.0033,367.93,369.14,370.36,364.25,2026-08-18,3,False
META,Communication Services,Internet Content & Information,BB,BB 跌破下軌 (超賣),None,0.0,0.45499999999999996,0.2857,0.2857,0.33,7,397,0.0202,543.67,554.65,565.63,538.23,2026-08-18,3,False
AMZN,Consumer Discretionary,Internet Retail,BB,價格在 BB 中軌上方,None,0.0,0.425,0.2857,0.2857,0.2984,280,12430,0.0024,260.11,260.73,261.36,257.51,2026-08-20,3,False
HPQ,Information Technology,Computer Hardware,BB,價格在 BB 中軌上方,None,0.0,0.425,0.2857,0.2857,0.3573,273,20206,-0.0001,29.47,29.47,29.46,29.18,2026-08-20,3,False
ESI,Materials,Specialty Chemicals,BB,BB 中軌向上（上升趨勢）,None,0.0,0.51,0.2853,,0.2853,0,5036,0.0007,37.29,37.32,37.34,36.92,2026-08-18,3,False
SOLS,Materials,Specialty Chemicals,BB,BB 中軌向上（上升趨勢）,None,0.0,0.51,0.2853,,0.2853,0,5036,0.0007,57.34,57.38,57.42,56.77,2026-08-19,3,False
ARWR,Health Care,Biotechnology,KDJ,KDJ 金叉,None,0.0,0.5525,0.2852,,0.2852,0,1536,0.0022,89.41,89.61,89.8,88.52,2026-08-19,3,False
BMRN,Health Care,Biotechnology,KDJ,KDJ 金叉,None,0.0,0.5525,0.2852,,0.2852,0,1536,0.0022,69.33,69.48,69.64,68.64,2026-08-19,3,False
CYTK,Health Care,Biotechnology,KDJ,KDJ 金叉,None,0.0,0.5525,0.2852,,0.2852,0,1536,0.0022,76.1,76.27,76.43,75.34,2026-08-18,3,False
GH,Health Care,Diagnostics & Research,KDJ,KDJ 金叉,None,0.0,0.5525,0.2852,,0.2852,0,1536,0.0022,167.88,168.25,168.62,166.2,2026-08-20,3,False
GMED,Health Care,Medical Devices,KDJ,KDJ 金叉,None,0.0,0.5525,0.2852,,0.2852,0,1536,0.0022,86.44,86.63,86.82,85.58,2026-08-18,3,False
MEDP,Health Care,Diagnostics & Research,KDJ,KDJ 金叉,None,0.0,0.5525,0.2852,,0.2852,0,1536,0.0022,608.27,609.61,610.95,602.19,2026-08-19,3,False
NVO,Health Care,Drug Manufacturers - General,KDJ,KDJ 金叉,None,0.0,0.5525,0.2852,,0.2852,0,1536,0.0022,46.48,46.58,46.68,46.02,2026-08-19,3,False
PHG,Health Care,Medical Devices,KDJ,KDJ 金叉,None,0.0,0.5525,0.2852,,0.2852,0,1536,0.0022,27.62,27.68,27.74,27.34,2026-08-19,3,False
SNN,Health Care,Medical Devices,KDJ,KDJ 金叉,None,0.0,0.5525,0.2852,,0.2852,0,1536,0.0022,30.19,30.26,30.32,29.89,2026-08-18,3,False
IEX,Industrials,Specialty Industrial Machinery,BB,價格在 BB 中軌上方,None,0.0,0.425,0.2852,0.2852,0.295,277,22337,0.0019,233.75,234.19,234.64,231.41,2026-08-20,3,False
AFG,Financials,Insurance - Property & Casualty,BB,價格在 BB 中軌上方,None,0.0,0.425,0.2847,,0.2847,0,21689,0.0031,145.59,146.04,146.49,144.13,2026-08-18,3,False
ARCC,Financials,Asset Management,BB,價格在 BB 中軌上方,None,0.0,0.425,0.2847,,0.2847,0,21689,0.0031,19.78,19.84,19.9,19.58,2026-08-20,3,False
BAM,Financials,Asset Management,BB,價格在 BB 中軌上方,None,0.0,0.425,0.2847,,0.2847,0,21689,0.0031,51.52,51.68,51.84,51.0,2026-08-20,3,False
BBVA,Financials,Banks - Diversified,BB,價格在 BB 中軌上方,None,0.0,0.425,0.2847,,0.2847,0,21689,0.0031,28.63,28.72,28.81,28.34,2026-08-20,3,False
BNS,Financials,Banks - Diversified,BB,價格在 BB 中軌上方,None,0.0,0.425,0.2847,,0.2847,0,21689,0.0031,90.13,90.41,90.69,89.23,2026-08-18,3,False
BNY,Financials,Banks - Diversified,BB,價格在 BB 中軌上方,None,0.0,0.425,0.2847,,0.2847,0,21689,0.0031,159.76,160.26,160.75,158.16,2026-08-19,3,False
BSBR,Financials,Banks - Regional,BB,價格在 BB 中軌上方,None,0.0,0.425,0.2847,,0.2847,0,21689,0.0031,5.57,5.59,5.6,5.51,2026-08-19,3,False
CET,Financials,Asset Management,BB,價格在 BB 中軌上方,None,0.0,0.425,0.2847,,0.2847,0,21689,0.0031,54.7,54.87,55.04,54.15,2026-08-19,3,False
CG,Financials,Asset Management,BB,價格在 BB 中軌上方,None,0.0,0.425,0.2847,,0.2847,0,21689,0.0031,47.99,48.14,48.29,47.51,2026-08-20,3,False
CM,Financials,Banks - Diversified,BB,價格在 BB 中軌上方,None,0.0,0.425,0.2847,,0.2847,0,21689,0.0031,121.64,122.02,122.39,120.42,2026-08-18,3,False
CRBG,Financials,Asset Management,BB,價格在 BB 中軌上方,None,0.0,0.425,0.2847,,0.2847,0,21689,0.0031,33.12,33.22,33.33,32.79,2026-08-18,3,False
EQH,Financials,Asset Management,BB,價格在 BB 中軌上方,None,0.0,0.425,0.2847,,0.2847,0,21689,0.0031,50.84,51.0,51.16,50.33,2026-08-18,3,False
EWBC,Financials,Banks - Regional,BB,價格在 BB 中軌上方,None,0.0,0.425,0.2847,,0.2847,0,21689,0.0031,135.07,135.49,135.91,133.72,2026-08-18,3,False
ING,Financials,Banks - Diversified,BB,價格在 BB 中軌上方,None,0.0,0.425,0.2847,,0.2847,0,21689,0.0031,34.69,34.8,34.91,34.34,2026-08-19,3,False
IREN,Financials,Capital Markets,BB,價格在 BB 中軌上方,None,0.0,0.425,0.2847,,0.2847,0,21689,0.0031,42.6,42.73,42.86,42.17,2026-08-20,3,False
LPLA,Financials,Capital Markets,BB,價格在 BB 中軌上方,None,0.0,0.425,0.2847,,0.2847,0,21689,0.0031,359.23,360.34,361.46,355.64,2026-08-19,3,False
MFG,Financials,Banks - Regional,BB,價格在 BB 中軌上方,None,0.0,0.425,0.2847,,0.2847,0,21689,0.0031,10.65,10.68,10.72,10.54,2026-08-18,3,False
NWG,Financials,Banks - Regional,BB,價格在 BB 中軌上方,None,0.0,0.425,0.2847,,0.2847,0,21689,0.0031,18.74,18.8,18.86,18.55,2026-08-18,3,False
OWL,Financials,Asset Management,BB,價格在 BB 中軌上方,None,0.0,0.425,0.2847,,0.2847,0,21689,0.0031,11.4,11.44,11.47,11.29,2026-08-20,3,False
PS,Financials,Asset Management,BB,價格在 BB 中軌上方,None,0.0,0.425,0.2847,,0.2847,0,21689,0.0031,40.23,40.35,40.48,39.83,2026-08-20,3,False
RGA,Financials,Insurance - Reinsurance,BB,價格在 BB 中軌上方,None,0.0,0.425,0.2847,,0.2847,0,21689,0.0031,242.55,243.3,244.05,240.12,2026-08-20,3,False
RY,Financials,Banks - Diversified,BB,價格在 BB 中軌上方,None,0.0,0.425,0.2847,,0.2847,0,21689,0.0031,212.99,213.65,214.31,210.86,2026-08-18,3,False
SHG,Financials,Banks - Regional,BB,價格在 BB 中軌上方,None,0.0,0.425,0.2847,,0.2847,0,21689,0.0031,73.56,73.79,74.02,72.82,2026-08-19,3,False
SPY,Financials,Asset Management,BB,價格在 BB 中軌上方,None,0.0,0.425,0.2847,,0.2847,0,21689,0.0031,762.6,764.96,767.33,754.97,2026-08-20,3,False
TD,Financials,Banks - Diversified,BB,價格在 BB 中軌上方,None,0.0,0.425,0.2847,,0.2847,0,21689,0.0031,121.97,122.35,122.73,120.75,2026-08-18,3,False
TW,Financials,Capital Markets,BB,價格在 BB 中軌上方,None,0.0,0.425,0.2847,,0.2847,0,21689,0.0031,106.1,106.43,106.76,105.04,2026-08-20,3,False
UMBF,Financials,Banks - Regional,BB,價格在 BB 中軌上方,None,0.0,0.425,0.2847,,0.2847,0,21689,0.0031,149.98,150.44,150.91,148.48,2026-08-18,3,False
UNM,Financials,Insurance - Life,BB,價格在 BB 中軌上方,None,0.0,0.425,0.2847,,0.2847,0,21689,0.0031,89.77,90.05,90.33,88.87,2026-08-18,3,False
WF,Financials,Banks - Regional,BB,價格在 BB 中軌上方,None,0.0,0.425,0.2847,,0.2847,0,21689,0.0031,70.57,70.79,71.01,69.86,2026-08-19,3,False
ZION,Financials,Banks - Regional,BB,價格在 BB 中軌上方,None,0.0,0.425,0.2847,,0.2847,0,21689,0.0031,70.93,71.15,71.37,70.22,2026-08-18,3,False
FCNCA,Financials,Banks - Regional,RSI,RSI 維持強勢 (50-70),None,0.0,0.51,0.2842,,0.2842,0,19108,0.003,2207.6699,2214.29,2220.92,2185.59,2026-08-18,3,False
HSBC,Financials,Banks - Diversified,RSI,RSI 維持強勢 (50-70),None,0.0,0.51,0.2842,,0.2842,0,19108,0.003,102.33,102.64,102.94,101.31,2026-08-20,3,False
PNFP,Financials,Banks - Regional,RSI,RSI 維持強勢 (50-70),None,0.0,0.51,0.2842,,0.2842,0,19108,0.003,104.53,104.84,105.16,103.48,2026-08-18,3,False
BWXT,Industrials,Aerospace & Defense,BB,BB 跌破下軌 (超賣),None,0.0,0.45499999999999996,0.2838,,0.2838,0,1258,0.0043,156.44,157.11,157.79,154.88,2026-08-20,3,False
CW,Industrials,Aerospace & Defense,BB,BB 跌破下軌 (超賣),None,0.0,0.45499999999999996,0.2838,,0.2838,0,1258,0.0043,648.28,651.07,653.86,641.8,2026-08-20,3,False
DRS,Industrials,Aerospace & Defense,BB,BB 跌破下軌 (超賣),None,0.0,0.45499999999999996,0.2838,,0.2838,0,1258,0.0043,41.0,41.18,41.35,40.59,2026-08-20,3,False
R,Industrials,Rental & Leasing Services,BB,BB 跌破下軌 (超賣),None,0.0,0.45499999999999996,0.2838,,0.2838,0,1258,0.0043,247.85,248.92,249.98,245.37,2026-08-20,3,False
XEL,Utilities,Utilities - Regulated Electric,RSI,RSI 維持強勢 (50-70),None,0.0,0.51,0.2833,0.2833,0.2471,233,8831,0.0051,78.71,79.11,79.51,77.92,2026-08-20,3,False
COF,Financials,Credit Services,BB,價格在 BB 中軌上方,None,0.0,0.425,0.2832,0.2832,0.2847,226,21689,-0.0004,220.73,220.64,220.55,218.52,2026-08-19,3,False
PSX,Energy,Oil & Gas Refining & Marketing,RSI,RSI 加速上升,None,0.0,0.5525,0.2821,0.2821,0.3227,156,3306,0.0032,242.29,243.07,243.84,239.87,2026-08-19,3,False
NTAP,Information Technology,Software - Infrastructure,RSI,RSI 維持強勢 (50-70),None,0.0,0.51,0.2821,0.2821,0.3645,234,16764,0.0035,192.81,193.48,194.16,190.88,2026-08-20,3,False
AMH,Real Estate,REIT - Residential,KDJ,KDJ 金叉,None,0.0,0.5525,0.2818,,0.2818,0,550,0.0003,34.37,34.38,34.39,34.03,2026-08-20,3,False
GLPI,Real Estate,REIT - Specialty,KDJ,KDJ 金叉,None,0.0,0.5525,0.2818,,0.2818,0,550,0.0003,42.9,42.91,42.93,42.47,2026-08-19,3,False
LINE,Real Estate,REIT - Industrial,KDJ,KDJ 金叉,None,0.0,0.5525,0.2818,,0.2818,0,550,0.0003,41.77,41.78,41.8,41.35,2026-08-19,3,False
ABBV,Health Care,Drug Manufacturers - General,RSI,RSI 加速上升,None,0.0,0.5525,0.2815,0.2815,0.2803,135,8492,0.0032,265.97,266.82,267.67,263.31,2026-08-19,3,False
ALLE,Industrials,Security & Protection Services,RSI,RSI 維持強勢 (50-70),None,0.0,0.51,0.2814,0.2814,0.2986,199,19157,0.0036,161.72,162.3,162.88,160.1,2026-08-20,3,False
ALNY,Health Care,Biotechnology,BB,價格在 BB 中軌上方,None,0.0,0.425,0.2804,,0.2804,0,14417,0.0008,242.61,242.8,243.0,240.18,2026-08-19,3,False
ARGX,Health Care,Biotechnology,BB,價格在 BB 中軌上方,None,0.0,0.425,0.2804,,0.2804,0,14417,0.0008,1038.12,1038.95,1039.78,1027.74,2026-08-20,3,False
EHC,Health Care,Medical Care Facilities,BB,價格在 BB 中軌上方,None,0.0,0.425,0.2804,,0.2804,0,14417,0.0008,120.91,121.01,121.1,119.7,2026-08-20,3,False
ICLR,Health Care,Diagnostics & Research,BB,價格在 BB 中軌上方,None,0.0,0.425,0.2804,,0.2804,0,14417,0.0008,174.265,174.4,174.54,172.52,2026-08-20,3,False
INSM,Health Care,Biotechnology,BB,價格在 BB 中軌上方,None,0.0,0.425,0.2804,,0.2804,0,14417,0.0008,125.08,125.18,125.28,123.83,2026-08-20,3,False
IONS,Health Care,Biotechnology,BB,價格在 BB 中軌上方,None,0.0,0.425,0.2804,,0.2804,0,14417,0.0008,58.76,58.81,58.85,58.17,2026-08-20,3,False
MOH,Health Care,Healthcare Plans,BB,價格在 BB 中軌上方,None,0.0,0.425,0.2804,,0.2804,0,14417,0.0008,201.17,201.33,201.49,199.16,2026-08-19,3,False
NTRA,Health Care,Diagnostics & Research,BB,價格在 BB 中軌上方,None,0.0,0.425,0.2804,,0.2804,0,14417,0.0008,324.84,325.1,325.36,321.59,2026-08-20,3,False
ONC,Health Care,Biotechnology,BB,價格在 BB 中軌上方,None,0.0,0.425,0.2804,,0.2804,0,14417,0.0008,369.16,369.46,369.75,365.47,2026-08-20,3,False
PEN,Health Care,Medical Devices,BB,價格在 BB 中軌上方,None,0.0,0.425,0.2804,,0.2804,0,14417,0.0008,323.76,324.02,324.28,320.52,2026-08-20,3,False
RDY,Health Care,Drug Manufacturers - Specialty & Generic,BB,價格在 BB 中軌上方,None,0.0,0.425,0.2804,,0.2804,0,14417,0.0008,12.11,12.12,12.13,11.99,2026-08-20,3,False
ROIV,Health Care,Biotechnology,BB,價格在 BB 中軌上方,None,0.0,0.425,0.2804,,0.2804,0,14417,0.0008,36.84,36.87,36.9,36.47,2026-08-20,3,False
RPRX,Health Care,Biotechnology,BB,價格在 BB 中軌上方,None,0.0,0.425,0.2804,,0.2804,0,14417,0.0008,60.58,60.63,60.68,59.97,2026-08-20,3,False
RVMD,Health Care,Biotechnology,BB,價格在 BB 中軌上方,None,0.0,0.425,0.2804,,0.2804,0,14417,0.0008,211.735,211.9,212.07,209.62,2026-08-20,3,False
SNY,Health Care,Drug Manufacturers - General,BB,價格在 BB 中軌上方,None,0.0,0.425,0.2804,,0.2804,0,14417,0.0008,45.15,45.19,45.22,44.7,2026-08-20,3,False
TEVA,Health Care,Drug Manufacturers - Specialty & Generic,BB,價格在 BB 中軌上方,None,0.0,0.425,0.2804,,0.2804,0,14417,0.0008,36.81,36.84,36.87,36.44,2026-08-20,3,False
THC,Health Care,Medical Care Facilities,BB,價格在 BB 中軌上方,None,0.0,0.425,0.2804,,0.2804,0,14417,0.0008,272.6,272.82,273.04,269.87,2026-08-20,3,False
BTSGU,Health Care,Health Information Services,RSI,RSI 加速上升,None,0.0,0.5525,0.2803,,0.2803,0,8492,-0.0001,196.51,196.49,196.47,194.54,2026-08-18,3,False
MTD,Health Care,Diagnostics & Research,BB,價格在 BB 中軌上方,None,0.0,0.425,0.2802,0.2802,0.2804,207,14417,0.0022,1425.09,1428.23,1431.36,1410.84,2026-08-19,3,False
PEP,Consumer Staples,Beverages - Non-Alcoholic,RSI,RSI 動能加速（強勢區）,None,0.0,0.51,0.28,0.28,0.2456,25,1148,0.0066,142.58,143.52,144.46,141.15,2026-08-19,3,False
PH,Industrials,Specialty Industrial Machinery,RSI,RSI 維持強勢 (50-70),None,0.0,0.51,0.2781,0.2781,0.2986,302,19157,0.0029,1023.25,1026.22,1029.18,1013.02,2026-08-19,3,False
DGX,Health Care,Diagnostics & Research,KDJ,KDJ 金叉,None,0.0,0.5525,0.2778,0.2778,0.2852,18,1536,0.011,241.76,244.42,247.08,239.34,2026-08-19,3,False
SHW,Materials,Specialty Chemicals,BB,價格在 BB 中軌上方,None,0.0,0.425,0.2764,0.2764,0.2859,199,6697,0.0039,353.59,354.97,356.35,350.05,2026-08-19,3,False
ROP,Information Technology,Software - Application,KDJ,KDJ 金叉,None,0.0,0.5525,0.2759,0.2759,0.3918,29,1955,-0.001,407.32,406.91,406.51,403.25,2026-08-19,3,False
NI,Utilities,Utilities - Regulated Gas,RSI,RSI 超賣區域 (30),None,0.0,0.5249999999999999,0.2759,,0.2759,0,116,-0.003,41.63,41.51,41.38,41.21,2026-08-19,3,False
SCHW,Financials,Capital Markets,RSI,RSI 維持強勢 (50-70),None,0.0,0.51,0.2757,0.2757,0.2842,272,19108,0.0013,109.79,109.93,110.08,108.69,2026-08-20,3,False
DD,Materials,Specialty Chemicals,BB,BB 中軌向上（上升趨勢）,None,0.0,0.51,0.2742,0.2742,0.2853,248,5036,0.0042,138.46,139.04,139.62,137.08,2026-08-20,3,False
AXSM,Health Care,Biotechnology,MACD,MACD 金叉 (空頭區),None,0.0,0.42,0.2741,,0.2741,0,686,-0.0003,218.2,218.13,218.07,216.02,2026-08-19,3,False
COR,Health Care,Medical Distribution,BB,價格在 BB 中軌上方,None,0.0,0.425,0.2738,0.2738,0.2804,347,14417,0.0038,317.1,318.3,319.51,313.93,2026-08-19,3,False
MA,Financials,Credit Services,RSI,RSI 加速上升,None,0.0,0.5525,0.2733,0.2733,0.3014,161,11488,0.0011,573.72,574.35,574.98,567.98,2026-08-19,3,False
VZ,Communication Services,Telecom Services,RSI,RSI 動能加速（強勢區）,None,0.0,0.51,0.2727,0.2727,0.3135,33,772,0.0033,49.36,49.52,49.69,48.87,2026-08-19,3,False
XYL,Industrials,Specialty Industrial Machinery,BB,BB 跌破下軌 (超賣),None,0.0,0.45499999999999996,0.2727,0.2727,0.2838,22,1258,0.0099,113.44,114.56,115.69,112.31,2026-08-20,3,False
HD,Consumer Discretionary,Home Improvement Retail,RSI,RSI 上穿 50 中性線,None,0.0,0.4675,0.2692,0.2692,0.3072,26,1123,-0.0045,344.3,342.75,341.2,340.86,2026-08-19,3,False
SBS,Utilities,Utilities - Regulated Water,RSI,RSI 維持超賣,None,0.0,0.385,0.2692,,0.2692,0,260,0.0024,4.46,4.47,4.48,4.42,2026-08-20,3,False
CVX,Energy,Oil & Gas Integrated,BB,價格在 BB 中軌上方,None,0.0,0.425,0.2687,0.2687,0.2998,320,5768,-0.0012,205.77,205.52,205.28,203.71,2026-08-20,3,False
LYG,Financials,Banks - Regional,BB,BB 中軌向上（上升趨勢）,None,0.0,0.51,0.2681,,0.2681,0,16575,0.0026,6.06,6.08,6.09,6.0,2026-08-18,3,False
ORI,Financials,Insurance - Property & Casualty,BB,BB 中軌向上（上升趨勢）,None,0.0,0.51,0.2681,,0.2681,0,16575,0.0026,42.37,42.48,42.59,41.95,2026-08-18,3,False
RMD,Health Care,Medical Instruments & Supplies,RSI,RSI 維持強勢 (50-70),None,0.0,0.51,0.268,0.268,0.2772,194,12123,-0.0031,228.44,227.73,227.02,226.16,2026-08-20,3,False
EOG,Energy,Oil & Gas E&P,RSI,RSI 加速上升,None,0.0,0.5525,0.2679,0.2679,0.3227,168,3306,-0.0019,152.19,151.9,151.61,150.67,2026-08-20,3,False
DOC,Real Estate,REIT - Healthcare Facilities,RSI,RSI 加速上升,None,0.0,0.5525,0.2675,0.2675,0.2327,157,4401,-0.0022,21.2,21.15,21.11,20.99,2026-08-20,3,False
EXPD,Industrials,Integrated Freight & Logistics,BB,BB 中軌向上（上升趨勢）,None,0.0,0.51,0.2673,0.2673,0.2929,202,17460,0.003,186.4,186.96,187.52,184.54,2026-08-20,3,False
CSCO,Information Technology,Communication Equipment,BB,BB 中軌向上（上升趨勢）,None,0.0,0.51,0.2662,0.2662,0.3639,278,16781,0.0045,111.61,112.11,112.61,110.49,2026-08-18,3,False
OKE,Energy,Oil & Gas Midstream,RSI,RSI 維持強勢 (50-70),None,0.0,0.51,0.2658,0.2658,0.2963,237,4891,-0.0041,94.6,94.21,93.82,93.65,2026-08-20,3,False
TEL,Information Technology,Electronic Components,BB,BB 中軌向上（上升趨勢）,None,0.0,0.51,0.2657,0.2657,0.3639,207,16781,0.0005,200.54,200.64,200.74,198.53,2026-08-20,3,False
DTE,Utilities,Utilities - Regulated Electric,RSI,RSI 加速上升,None,0.0,0.5525,0.2652,0.2652,0.2565,132,4905,0.0054,140.21,140.97,141.72,138.81,2026-08-18,3,False
COO,Health Care,Medical Instruments & Supplies,BB,價格在 BB 中軌上方,None,0.0,0.425,0.2648,0.2648,0.2804,219,14417,-0.0043,76.16,75.83,75.51,75.4,2026-08-20,3,False
BEKE,Real Estate,Real Estate Services,BB,BB 中軌向上（上升趨勢）,None,0.0,0.51,0.2647,,0.2647,0,5713,0.0025,16.99,17.03,17.07,16.82,2026-08-20,3,False
BPYPP,Real Estate,Real Estate Services,BB,BB 中軌向上（上升趨勢）,None,0.0,0.51,0.2647,,0.2647,0,5713,0.0025,16.37,16.41,16.45,16.21,2026-08-19,3,False
JLL,Real Estate,Real Estate Services,BB,BB 中軌向上（上升趨勢）,None,0.0,0.51,0.2647,,0.2647,0,5713,0.0025,384.3,385.26,386.22,380.46,2026-08-20,3,False
NLY,Real Estate,REIT - Mortgage,BB,BB 中軌向上（上升趨勢）,None,0.0,0.51,0.2647,,0.2647,0,5713,0.0025,23.29,23.35,23.41,23.06,2026-08-20,3,False
SJM,Consumer Staples,Packaged Foods,BB,BB 中軌向上（上升趨勢）,None,0.0,0.51,0.2645,0.2645,0.2466,121,6128,0.006,123.05,123.79,124.53,121.82,2026-08-20,3,False
VRSN,Information Technology,Software - Infrastructure,BB,BB 中軌向上（上升趨勢）,None,0.0,0.51,0.2636,0.2636,0.3639,239,16781,-0.0001,276.9,276.87,276.84,274.13,2026-08-20,3,False
T,Communication Services,Telecom Services,RSI,RSI 加速上升,None,0.0,0.5525,0.2625,0.2625,0.3116,160,3322,-0.0002,25.12,25.11,25.11,24.87,2026-08-19,3,False
TTWO,Communication Services,Electronic Gaming & Multimedia,RSI,RSI 上穿 50 中性線,None,0.0,0.4675,0.2609,0.2609,0.3243,23,518,0.0001,242.4,242.42,242.45,239.98,2026-08-18,3,False
CPRT,Industrials,Specialty Business Services,RSI,RSI 維持強勢 (50-70),None,0.0,0.51,0.2593,0.2593,0.2986,189,19157,-0.0016,31.51,31.46,31.41,31.19,2026-08-18,3,False
ICE,Financials,Financial Data & Stock Exchanges,RSI,RSI 維持強勢 (50-70),None,0.0,0.51,0.258,0.258,0.2842,283,19108,0.005,157.24,158.03,158.81,155.67,2026-08-19,3,False
V,Financials,Credit Services,BB,BB 中軌向上（上升趨勢）,None,0.0,0.51,0.2571,0.2571,0.2681,210,16575,0.0013,365.73,366.21,366.68,362.07,2026-08-20,3,False
SRE,Utilities,Utilities - Diversified,RSI,RSI 加速上升,None,0.0,0.5525,0.2569,0.2569,0.2565,144,4905,-0.0054,87.38,86.91,86.44,86.51,2026-08-20,3,False
EMA,Utilities,Utilities - Regulated Electric,RSI,RSI 加速上升,None,0.0,0.5525,0.2565,,0.2565,0,4905,0.0041,51.78,51.99,52.2,51.26,2026-08-20,3,False
FTS,Utilities,Utilities - Regulated Electric,RSI,RSI 加速上升,None,0.0,0.5525,0.2565,,0.2565,0,4905,0.0041,56.23,56.46,56.69,55.67,2026-08-19,3,False
NGG,Utilities,Utilities - Regulated Electric,RSI,RSI 加速上升,None,0.0,0.5525,0.2565,,0.2565,0,4905,0.0041,82.15,82.49,82.82,81.33,2026-08-18,3,False
OGE,Utilities,Utilities - Regulated Electric,RSI,RSI 加速上升,None,0.0,0.5525,0.2565,,0.2565,0,4905,0.0041,47.06,47.25,47.45,46.59,2026-08-18,3,False
CCEP,Consumer Staples,Beverages - Non-Alcoholic,RSI,RSI 上穿 50 中性線,None,0.0,0.4675,0.2565,,0.2565,0,928,0.0005,107.5,107.55,107.61,106.42,2026-08-18,3,False
UL,Consumer Staples,Household & Personal Products,RSI,RSI 上穿 50 中性線,None,0.0,0.4675,0.2565,,0.2565,0,928,0.0005,63.18,63.21,63.24,62.55,2026-08-19,3,False
AMP,Financials,Asset Management,BB,價格在 BB 中軌上方,None,0.0,0.425,0.2564,0.2564,0.2847,273,21689,0.0017,559.78,560.73,561.68,554.18,2026-08-19,3,False
XOM,Energy,Oil & Gas Integrated,BB,BB 中軌向上（上升趨勢）,None,0.0,0.51,0.256,0.256,0.2962,207,4484,-0.0043,166.15,165.44,164.72,164.49,2026-08-20,3,False
KO,Consumer Staples,Beverages - Non-Alcoholic,MACD,MACD 金叉 (多頭區),None,0.0,0.68,0.2554,,0.2554,0,184,-0.0001,90.35,90.34,90.33,89.45,2026-08-19,3,False
MICC,Consumer Staples,Packaged Foods,MACD,MACD 金叉 (多頭區),None,0.0,0.68,0.2554,,0.2554,0,184,-0.0001,19.74,19.74,19.74,19.54,2026-08-20,3,False
HON,Industrials,Conglomerates,BB,BB 中軌向上（上升趨勢）,None,0.0,0.51,0.2552,0.2552,0.2929,192,17460,-0.0004,227.71,227.62,227.53,225.43,2026-08-18,3,False
JCI,Industrials,Building Products & Equipment,BB,價格在 BB 中軌上方,None,0.0,0.425,0.2537,0.2537,0.295,335,22337,0.0004,149.68,149.74,149.8,148.18,2026-08-18,3,False
BEP,Utilities,Utilities - Renewable,RSI,RSI 上穿 50 中性線,None,0.0,0.4675,0.2521,,0.2521,0,932,0.0052,33.52,33.69,33.87,33.18,2026-08-19,3,False
ETR,Utilities,Utilities - Regulated Electric,RSI,RSI 加速上升,None,0.0,0.5525,0.2516,0.2516,0.2565,155,4905,0.0017,108.08,108.26,108.45,107.0,2026-08-18,3,False
AGNC,Real Estate,REIT - Mortgage,RSI,RSI 維持強勢 (50-70),None,0.0,0.51,0.2509,,0.2509,0,7011,0.0007,10.92,10.93,10.94,10.81,2026-08-20,3,False
AGNCM,Real Estate,REIT - Mortgage,RSI,RSI 維持強勢 (50-70),None,0.0,0.51,0.2509,,0.2509,0,7011,0.0007,25.219,25.24,25.25,24.97,2026-08-19,3,False
AGNCN,Real Estate,REIT - Mortgage,RSI,RSI 維持強勢 (50-70),None,0.0,0.51,0.2509,,0.2509,0,7011,0.0007,25.95,25.97,25.99,25.69,2026-08-19,3,False
AGNCO,Real Estate,REIT - Mortgage,RSI,RSI 維持強勢 (50-70),None,0.0,0.51,0.2509,,0.2509,0,7011,0.0007,25.652,25.67,25.69,25.4,2026-08-19,3,False
AGNCP,Real Estate,REIT - Mortgage,RSI,RSI 維持強勢 (50-70),None,0.0,0.51,0.2509,,0.2509,0,7011,0.0007,25.38,25.4,25.42,25.13,2026-08-19,3,False
AGNCZ,Real Estate,REIT - Mortgage,RSI,RSI 維持強勢 (50-70),None,0.0,0.51,0.2509,,0.2509,0,7011,0.0007,25.53,25.55,25.57,25.27,2026-08-19,3,False
BPYPN,Real Estate,Real Estate Services,RSI,RSI 維持強勢 (50-70),None,0.0,0.51,0.2509,,0.2509,0,7011,0.0007,14.0,14.01,14.02,13.86,2026-08-20,3,False
ELS,Real Estate,REIT - Residential,RSI,RSI 維持強勢 (50-70),None,0.0,0.51,0.2509,,0.2509,0,7011,0.0007,65.44,65.49,65.53,64.79,2026-08-20,3,False
SUI,Real Estate,REIT - Residential,RSI,RSI 維持強勢 (50-70),None,0.0,0.51,0.2509,,0.2509,0,7011,0.0007,122.29,122.38,122.46,121.07,2026-08-20,3,False
EDU,Consumer Staples,Education & Training Services,KDJ,KDJ 金叉,None,0.0,0.5525,0.2503,,0.2503,0,779,-0.0014,56.88,56.8,56.72,56.31,2026-08-19,3,False
JBS,Consumer Staples,Packaged Foods,KDJ,KDJ 金叉,None,0.0,0.5525,0.2503,,0.2503,0,779,-0.0014,13.66,13.64,13.62,13.52,2026-08-18,3,False
CSGP,Real Estate,Real Estate Services,KDJ,KDJ 金叉,None,0.0,0.5525,0.25,0.25,0.2818,24,550,-0.0157,33.73,33.2,32.67,33.39,2026-08-19,3,False
WY,Real Estate,REIT - Specialty,RSI,RSI 動能加速（強勢區）,None,0.0,0.51,0.25,0.25,0.2452,20,1093,-0.0007,24.62,24.6,24.59,24.37,2026-08-19,3,False
WEC,Utilities,Utilities - Regulated Electric,RSI,RSI 上穿 50 中性線,None,0.0,0.4675,0.25,0.25,0.2521,24,932,0.0031,111.05,111.39,111.74,109.94,2026-08-18,3,False
SOMN,Utilities,Utilities - Regulated Electric,MACD,MACD 金叉 (空頭區),None,0.0,0.42,0.2494,,0.2494,0,409,0.0045,49.09,49.31,49.53,48.6,2026-08-19,3,False
BEPC,Utilities,Utilities - Renewable,BB,BB 中軌向上（上升趨勢）,None,0.0,0.51,0.249,,0.249,0,7232,0.0028,34.06,34.16,34.25,33.72,2026-08-19,3,False
WTRG,Utilities,Utilities - Regulated Water,BB,BB 中軌向上（上升趨勢）,None,0.0,0.51,0.249,,0.249,0,7232,0.0028,40.41,40.52,40.64,40.01,2026-08-20,3,False
FRT,Real Estate,REIT - Retail,RSI,RSI 加速上升,None,0.0,0.5525,0.2483,0.2483,0.2327,145,4401,-0.0002,117.48,117.46,117.43,116.31,2026-08-18,3,False
PFE,Health Care,Drug Manufacturers - General,RSI,RSI 加速上升,None,0.0,0.5525,0.2483,0.2483,0.2803,145,8492,-0.0032,28.24,28.15,28.06,27.96,2026-08-19,3,False
PRU,Financials,Insurance - Life,BB,價格在 BB 中軌上方,None,0.0,0.425,0.2481,0.2481,0.2847,266,21689,-0.0042,124.54,124.02,123.49,123.29,2026-08-18,3,False
MKC,Consumer Staples,Packaged Foods,RSI,RSI 加速上升,None,0.0,0.5525,0.2471,0.2471,0.2439,170,5343,-0.0015,56.48,56.4,56.31,55.92,2026-08-19,3,False
TDG,Industrials,Aerospace & Defense,BB,BB 中軌向上（上升趨勢）,None,0.0,0.51,0.2468,0.2468,0.2929,231,17460,-0.0002,1222.91,1222.67,1222.42,1210.68,2026-08-19,3,False
COKE,Consumer Staples,Beverages - Non-Alcoholic,BB,BB 中軌向上（上升趨勢）,None,0.0,0.51,0.2466,,0.2466,0,6128,-0.0003,187.6,187.54,187.49,185.72,2026-08-20,3,False
EW,Health Care,Medical Devices,BB,價格在 BB 中軌上方,None,0.0,0.425,0.2466,0.2466,0.2804,219,14417,-0.0003,89.83,89.8,89.78,88.93,2026-08-20,3,False
DRI,Consumer Discretionary,Restaurants,BB,BB 中軌向上（上升趨勢）,None,0.0,0.51,0.2459,0.2459,0.2908,183,9757,-0.0023,217.95,217.45,216.95,215.77,2026-08-20,3,False
FMX,Consumer Staples,Beverages - Brewers,RSI,RSI 加速上升,None,0.0,0.5525,0.2439,,0.2439,0,5343,-0.0002,118.71,118.69,118.66,117.52,2026-08-20,3,False
LII,Industrials,Building Products & Equipment,KDJ,KDJ 超賣區金叉,None,0.0,0.5599999999999999,0.2433,,0.2433,0,563,0.0001,419.34,419.38,419.42,415.15,2026-08-19,3,False
RRX,Industrials,Specialty Industrial Machinery,KDJ,KDJ 超賣區金叉,None,0.0,0.5599999999999999,0.2433,,0.2433,0,563,0.0001,171.88,171.9,171.91,170.16,2026-08-18,3,False
EBAY,Consumer Discretionary,Internet Retail,KDJ,KDJ 金叉,None,0.0,0.5525,0.2432,0.2432,0.3183,37,1244,-0.0012,104.61,104.48,104.36,103.56,2026-08-20,3,False
MDT,Health Care,Medical Devices,BB,價格在 BB 中軌上方,None,0.0,0.425,0.2425,0.2425,0.2804,268,14417,0.0012,92.3,92.41,92.52,91.38,2026-08-20,3,False
ADSK,Information Technology,Software - Application,RSI,RSI 維持強勢 (50-70),None,0.0,0.51,0.2424,0.2424,0.3645,198,16764,-0.0043,251.02,249.94,248.86,248.51,2026-08-20,3,False
AMT,Real Estate,REIT - Specialty,RSI,RSI 維持強勢 (50-70),None,0.0,0.51,0.2419,0.2419,0.2509,186,7011,-0.0,175.72,175.72,175.72,173.96,2026-08-20,3,False
ZTS,Health Care,Drug Manufacturers - Specialty & Generic,BB,價格在 BB 中軌上方,None,0.0,0.425,0.2417,0.2417,0.2804,211,14417,-0.0048,76.68,76.31,75.94,75.91,2026-08-19,3,False
MO,Consumer Staples,Tobacco,RSI,RSI 加速上升,None,0.0,0.5525,0.2414,0.2414,0.2439,174,5343,0.0035,66.94,67.17,67.41,66.27,2026-08-20,3,False
VLTO,Industrials,Pollution & Treatment Controls,RSI,RSI 動能加速（強勢區）,None,0.0,0.51,0.2414,0.2414,0.2891,29,3037,0.0091,100.1,101.01,101.92,99.1,2026-08-19,3,False
GIS,Consumer Staples,Packaged Foods,BB,價格在 BB 中軌上方,Support,0.8,0.924,0.2381,,0.2381,0,21,-0.0071,38.08,37.81,37.54,37.7,2026-08-18,3,False
MCK,Health Care,Medical Distribution,BB,BB 中軌向上（上升趨勢）,None,0.0,0.51,0.2377,0.2377,0.2705,265,10885,0.0036,838.75,841.77,844.79,830.36,2026-08-20,3,False
LAMR,Real Estate,REIT - Specialty,KDJ,KDJ 超賣區金叉,None,0.0,0.5599999999999999,0.2366,,0.2366,0,448,-0.0002,153.98,153.95,153.92,152.44,2026-08-19,3,False
PTC,Information Technology,Software - Application,BB,BB 中軌向上（上升趨勢）,None,0.0,0.51,0.2353,0.2353,0.3639,153,16781,-0.001,153.52,153.37,153.21,151.98,2026-08-20,3,False
PSA,Real Estate,REIT - Industrial,BB,BB 中軌向上（上升趨勢）,None,0.0,0.51,0.2345,0.2345,0.2647,145,5713,-0.0032,322.74,321.71,320.67,319.51,2026-08-20,3,False
APP,Communication Services,Advertising Agencies,KDJ,KDJ 超賣區金叉,None,0.0,0.5599999999999999,0.2339,,0.2339,0,171,-0.0015,308.77,308.31,307.84,305.68,2026-08-20,3,False
GEHC,Health Care,Medical Devices,BB,價格在 BB 中軌上方,None,0.0,0.425,0.233,0.233,0.2804,206,14417,-0.0058,74.06,73.63,73.2,73.32,2026-08-20,3,False
OHI,Real Estate,REIT - Healthcare Facilities,RSI,RSI 加速上升,None,0.0,0.5525,0.2327,,0.2327,0,4401,-0.0006,46.75,46.72,46.69,46.28,2026-08-20,3,False
WPC,Real Estate,REIT - Diversified,RSI,RSI 加速上升,None,0.0,0.5525,0.2327,,0.2327,0,4401,-0.0006,71.95,71.91,71.86,71.23,2026-08-19,3,False
SPGI,Financials,Financial Data & Stock Exchanges,BB,價格在 BB 中軌上方,None,0.0,0.425,0.2327,0.2327,0.2847,318,21689,0.0017,432.16,432.89,433.63,427.84,2026-08-20,3,False
AWK,Utilities,Utilities - Regulated Water,RSI,RSI 維持強勢 (50-70),None,0.0,0.51,0.2312,0.2312,0.2471,199,8831,0.0008,137.21,137.32,137.43,135.84,2026-08-20,3,False
AME,Industrials,Specialty Industrial Machinery,BB,BB 中軌向上（上升趨勢）,None,0.0,0.51,0.2308,0.2308,0.2929,234,17460,0.0045,239.08,240.16,241.23,236.69,2026-08-20,3,False
NVR,Consumer Discretionary,Residential Construction,MACD,MACD 金叉 (空頭區),None,0.0,0.42,0.2308,0.2308,0.3233,13,529,-0.0071,6418.8599,6373.29,6327.71,6354.67,2026-08-19,3,False
BSX,Health Care,Medical Devices,RSI,RSI 維持強勢 (50-70),None,0.0,0.51,0.2292,0.2292,0.2772,240,12123,0.0011,49.37,49.42,49.48,48.88,2026-08-20,3,False
CLX,Consumer Staples,Household & Personal Products,RSI,RSI 動能加速（強勢區）,None,0.0,0.51,0.2273,0.2273,0.2456,22,1148,-0.0051,107.9,107.35,106.8,106.82,2026-08-19,3,False
STZ,Consumer Staples,Beverages - Brewers,BB,價格在 BB 中軌上方,None,0.0,0.425,0.2273,0.2273,0.2432,242,8891,-0.0015,134.14,133.94,133.74,132.8,2026-08-20,3,False
BDX,Health Care,Medical Instruments & Supplies,RSI,RSI 維持強勢 (50-70),Support,0.9,1.0,0.225,,0.225,0,40,-0.0085,180.77,179.23,177.7,178.96,2026-08-18,3,False
FAST,Industrials,Industrial Distribution,RSI,RSI 維持強勢 (50-70),None,0.0,0.51,0.2249,0.2249,0.2986,249,19157,0.0002,50.66,50.67,50.68,50.15,2026-08-20,3,False
ORLY,Consumer Discretionary,Auto Parts,BB,價格在 BB 中軌上方,None,0.0,0.425,0.2237,0.2237,0.2984,304,12430,-0.0004,91.2,91.16,91.13,90.29,2026-08-19,3,False
EA,Communication Services,Electronic Gaming & Multimedia,BB,價格在 BB 中軌上方,None,0.0,0.425,0.2231,0.2231,0.3007,242,6080,0.0014,209.7,209.99,210.29,207.6,2026-08-07,3,False
KIM,Real Estate,REIT - Retail,RSI,RSI 加速上升,None,0.0,0.5525,0.2195,0.2195,0.2327,123,4401,-0.0021,24.22,24.17,24.12,23.98,2026-08-18,3,False
SBAC,Real Estate,REIT - Specialty,BB,價格在 BB 中軌上方,None,0.0,0.425,0.2189,0.2189,0.248,169,8032,-0.0064,182.43,181.26,180.09,180.61,2026-08-19,3,False
GPC,Consumer Discretionary,Auto Parts,RSI,RSI 動能加速（強勢區）,None,0.0,0.51,0.2188,0.2188,0.3027,32,1665,-0.0114,134.54,133.01,131.47,133.19,2026-08-19,3,False
VRSK,Industrials,Consulting Services,RSI,RSI 加速上升,None,0.0,0.5525,0.2179,0.2179,0.2981,156,11545,-0.0014,186.45,186.19,185.93,184.59,2026-08-19,3,False
ZBH,Health Care,Medical Devices,RSI,RSI 維持強勢 (50-70),None,0.0,0.51,0.2156,0.2156,0.2772,167,12123,-0.0047,98.97,98.5,98.04,97.98,2026-08-20,3,False
ED,Utilities,Utilities - Regulated Electric,MACD,MACD 金叉 (空頭區),None,0.0,0.42,0.2143,0.2143,0.2494,14,409,0.0047,108.31,108.82,109.33,107.23,2026-08-20,3,False
ITW,Industrials,Specialty Industrial Machinery,BB,BB 中軌向上（上升趨勢）,None,0.0,0.51,0.2131,0.2131,0.2929,183,17460,0.0016,282.74,283.19,283.64,279.91,2026-08-20,3,False
VICI,Real Estate,REIT - Diversified,RSI,RSI 維持強勢 (50-70),None,0.0,0.51,0.2126,0.2126,0.2509,207,7011,0.0012,26.57,26.6,26.63,26.3,2026-08-20,3,False
NEE,Utilities,Utilities - Regulated Electric,MACD,MACD 金叉 (空頭區),None,0.0,0.42,0.2105,0.2105,0.2494,19,409,-0.0059,85.91,85.4,84.9,85.05,2026-08-19,3,False
ABEV,Consumer Staples,Beverages - Brewers,KDJ,KDJ 超賣區金叉,None,0.0,0.5599999999999999,0.2091,,0.2091,0,483,-0.002,2.81,2.8,2.8,2.78,2026-08-19,3,False
CNP,Utilities,Utilities - Regulated Electric,RSI,RSI 加速上升,None,0.0,0.5525,0.2086,0.2086,0.2565,139,4905,0.0045,40.54,40.72,40.9,40.13,2026-08-18,3,False
ALL,Financials,Insurance - Property & Casualty,RSI,RSI 維持強勢 (50-70),None,0.0,0.51,0.208,0.208,0.2842,226,19108,-0.0006,259.74,259.58,259.43,257.14,2026-08-19,3,False
RSG,Industrials,Waste Management,RSI,RSI 維持強勢 (50-70),None,0.0,0.51,0.2077,0.2077,0.2986,260,19157,0.0022,219.5,219.98,220.47,217.31,2026-08-20,3,False
AON,Financials,Insurance Brokers,KDJ,KDJ 金叉,None,0.0,0.5525,0.2069,0.2069,0.3142,29,1932,0.003,351.93,352.99,354.04,348.41,2026-08-20,3,False
AEE,Utilities,Utilities - Regulated Electric,RSI,RSI 維持強勢 (50-70),None,0.0,0.51,0.2058,0.2058,0.2471,311,8831,-0.0002,109.28,109.26,109.24,108.19,2026-08-19,3,False
O,Real Estate,REIT - Retail,RSI,RSI 維持強勢 (50-70),None,0.0,0.51,0.2041,0.2041,0.2509,245,7011,0.0004,63.17,63.2,63.22,62.54,2026-08-20,3,False
LNT,Utilities,Utilities - Regulated Electric,RSI,RSI 加速上升,None,0.0,0.5525,0.2025,0.2025,0.2565,158,4905,0.0008,69.98,70.04,70.09,69.28,2026-08-18,3,False
LYB,Materials,Specialty Chemicals,BB,BB 中軌向上（上升趨勢）,None,0.0,0.51,0.2011,0.2011,0.2853,179,5036,-0.0074,68.1,67.6,67.09,67.42,2026-08-20,3,False
TYL,Information Technology,Software - Application,RSI,RSI 加速上升,None,0.0,0.5525,0.2,0.2,0.3693,115,10688,-0.0028,348.14,347.17,346.19,344.66,2026-08-20,3,False
FFIV,Information Technology,Software - Infrastructure,BB,BB 跌破下軌 (超賣),None,0.0,0.45499999999999996,0.2,0.2,0.3447,15,1001,-0.0003,377.79,377.68,377.56,374.01,2026-08-20,3,False
DPZ,Consumer Discretionary,Restaurants,BB,BB 中軌向上（上升趨勢）,None,0.0,0.51,0.1986,0.1986,0.2908,141,9757,-0.0044,334.37,332.9,331.43,331.03,2026-08-20,3,False
KMB,Consumer Staples,Household & Personal Products,RSI,RSI 維持強勢 (50-70),None,0.0,0.51,0.1981,0.1981,0.2452,212,7574,-0.0029,109.88,109.56,109.24,108.78,2026-08-19,3,False
SO,Utilities,Utilities - Regulated Electric,RSI,RSI 加速上升,None,0.0,0.5525,0.1957,0.1957,0.2565,138,4905,0.0005,92.07,92.12,92.16,91.15,2026-08-18,3,False
SBUX,Consumer Discretionary,Restaurants,BB,價格在 BB 中軌上方,None,0.0,0.425,0.1957,0.1957,0.2984,235,12430,-0.0009,106.01,105.91,105.82,104.95,2026-08-18,3,False
CMS,Utilities,Utilities - Regulated Electric,RSI,RSI 加速上升,None,0.0,0.5525,0.1955,0.1955,0.2565,133,4905,0.0025,70.61,70.79,70.96,69.9,2026-08-19,3,False
EVRG,Utilities,Utilities - Regulated Electric,RSI,RSI 加速上升,None,0.0,0.5525,0.1818,0.1818,0.2565,165,4905,-0.0004,83.58,83.55,83.51,82.74,2026-08-19,3,False
TAP,Consumer Staples,Beverages - Brewers,KDJ,KDJ 金叉,None,0.0,0.5525,0.1818,0.1818,0.2503,22,779,-0.0063,42.49,42.22,41.95,42.07,2026-08-19,3,False
UDR,Real Estate,REIT - Residential,KDJ,KDJ 金叉,None,0.0,0.5525,0.1818,0.1818,0.2818,11,550,-0.0049,37.51,37.33,37.14,37.13,2026-08-19,3,False
WTW,Financials,Insurance Brokers,KDJ,KDJ 金叉,None,0.0,0.5525,0.1818,0.1818,0.3142,33,1932,-0.0034,341.15,339.99,338.83,337.74,2026-08-20,3,False
GD,Industrials,Aerospace & Defense,RSI,RSI 維持強勢 (50-70),None,0.0,0.51,0.1812,0.1812,0.2986,320,19157,0.0031,386.07,387.27,388.46,382.21,2026-08-20,3,False
HRL,Consumer Staples,Packaged Foods,KDJ,KDJ 金叉,None,0.0,0.5525,0.1765,0.1765,0.2503,17,779,-0.0108,24.34,24.08,23.81,24.1,2026-08-18,3,False
LIN,Materials,Specialty Chemicals,RSI,RSI 加速上升,None,0.0,0.5525,0.1748,0.1748,0.3048,143,3639,0.0005,481.29,481.53,481.77,476.48,2026-08-20,3,False
INVH,Real Estate,REIT - Residential,RSI,RSI 維持強勢 (50-70),None,0.0,0.51,0.1699,0.1699,0.2509,206,7011,-0.0046,30.27,30.13,29.99,29.97,2026-08-20,3,False
DUK,Utilities,Utilities - Regulated Electric,RSI,RSI 加速上升,None,0.0,0.5525,0.1689,0.1689,0.2565,148,4905,0.001,123.99,124.11,124.24,122.75,2026-08-18,3,False
SYK,Health Care,Medical Devices,BB,價格在 BB 中軌上方,None,0.0,0.425,0.1679,0.1679,0.2804,280,14417,-0.0052,339.98,338.21,336.44,336.58,2026-08-19,3,False
SPG,Real Estate,REIT - Retail,RSI,RSI 加速上升,None,0.0,0.5525,0.1652,0.1652,0.2327,115,4401,0.0009,223.18,223.38,223.58,220.95,2026-08-19,3,False
PPL,Utilities,Utilities - Regulated Electric,BB,價格在 BB 中軌上方,None,0.0,0.425,0.1648,0.1648,0.246,273,9864,0.0012,35.62,35.66,35.71,35.26,2026-08-18,3,False
CHD,Consumer Staples,Household & Personal Products,BB,BB 中軌向上（上升趨勢）,None,0.0,0.51,0.1562,0.1562,0.2466,160,6128,-0.0032,99.01,98.69,98.38,98.02,2026-08-19,3,False
REG,Real Estate,REIT - Retail,RSI,RSI 加速上升,Bullish Engulfing,0.75,1.0,0.1429,,0.1429,0,14,-0.0075,76.4,75.83,75.25,75.64,2026-08-19,3,False
CRH,Materials,Building Materials,BB,BB 跌破下軌 (超賣),None,0.0,0.45499999999999996,0.0833,0.0833,0.2333,24,403,-0.01,93.25,92.32,91.39,92.32,2026-08-18,3,False
CHRW,Industrials,Integrated Freight & Logistics,MACD,MACD 金叉 (空頭區),None,0.0,0.42,0.0769,0.0769,0.3303,13,875,-0.013,143.83,141.96,140.09,142.39,2026-08-20,3,False
KR,Consumer Staples,Grocery Stores,MACD,MACD 金叉 (空頭區),None,0.0,0.42,0.0,0.0,0.241,7,473,-0.0075,56.34,55.92,55.49,55.78,2026-08-18,3,False
