symbol,sector,subsector,indicator,signal,pattern,pattern_conf,confidence,win_rate,win_rate_stock,win_rate_sector,stock_n,sector_n,avg_return,price,tp1_price,tp2_price,sl_price,date,tier,volume_confirmed
SNPS,Information Technology,Software - Infrastructure,RSI,RSI 上穿 50 中性線,Morning Star,0.8,1.0,0.8571,,0.8571,0,7,0.0517,408.79,429.92,451.06,404.7,2026-08-25,1,True
PPLC,Utilities,Utilities - Regulated Electric,BB,BB 跌破下軌 (超賣),Morning Star,0.8,1.0,0.7308,,0.7308,0,26,0.0246,46.13,47.26,48.4,45.67,2026-08-21,1,False
WMT,Consumer Staples,Discount Stores,BB,BB 跌破下軌 (超賣),Morning Star,0.8,1.0,0.6667,,0.6667,0,9,0.0298,103.7,106.79,109.88,102.66,2026-08-21,1,True
SOLV,Health Care,Medical Instruments & Supplies,RSI,RSI 加速上升,Consolidation Breakout,0.74,1.0,0.5882,0.5882,0.2275,17,822,0.0283,91.61,94.2,96.8,90.69,2026-08-25,1,False
CCI,Real Estate,REIT - Specialty,RSI,RSI 上穿 50 中性線,Morning Star,0.8,0.9900000000000001,0.5833,,0.5833,0,24,0.0272,76.4,78.48,80.56,75.64,2026-08-24,1,False
SBAC,Real Estate,REIT - Specialty,RSI,RSI 上穿 50 中性線,Morning Star,0.8,0.9900000000000001,0.5833,,0.5833,0,24,0.0272,182.59,187.56,192.52,180.76,2026-08-21,1,False
EXE,Energy,Oil & Gas E&P,BB,價格在 BB 中軌上方,None,0.0,0.425,0.75,0.75,0.3547,12,203,0.0258,96.09,98.57,101.05,95.13,2026-08-21,2,True
FOX,Communication Services,Entertainment,BB,價格在 BB 中軌上方,Morning Star,0.8,0.924,0.7,0.7,0.3805,10,113,0.0202,61.59,62.83,64.08,60.97,2026-08-24,2,False
EL,Consumer Staples,Household & Personal Products,BB,價格在 BB 中軌上方,None,0.0,0.425,0.7,0.7,0.287,10,345,0.017,101.94,103.67,105.41,100.92,2026-08-21,2,True
COIN,Financials,Financial Data & Stock Exchanges,RSI,RSI 動能加速（強勢區）,None,0.0,0.51,0.6429,0.6429,0.3211,14,246,0.0718,186.49,199.88,213.27,184.63,2026-08-21,2,True
FDS,Financials,Financial Data & Stock Exchanges,RSI,RSI 維持強勢 (50-70),None,0.0,0.51,0.6364,0.6364,0.3448,11,609,0.0179,296.08,301.38,306.68,293.12,2026-08-25,2,True
WSM,Consumer Discretionary,Specialty Retail,BB,BB 中軌向上（上升趨勢）,None,0.0,0.51,0.5,0.5,0.3934,8,427,0.0582,234.74,248.4,262.06,232.39,2026-08-25,2,True
JAZZ,Health Care,Biotechnology,MACD,MACD 金叉 (多頭區),None,0.0,0.68,0.451,,0.451,0,51,0.0047,260.23,261.45,262.68,257.63,2026-08-25,2,True
AMT,Real Estate,REIT - Specialty,RSI,RSI 維持強勢 (50-70),Morning Star,0.8,1.0,1.0,1.0,0.4677,5,124,0.0528,178.39,187.81,197.23,176.61,2026-08-24,3,False
DTM,Energy,Oil & Gas Midstream,BB,BB 跌破下軌 (超賣),Bullish Engulfing,0.75,1.0,1.0,,1.0,0,9,0.0547,125.74,132.62,139.5,124.48,2026-08-24,3,False
FDX,Industrials,Integrated Freight & Logistics,RSI,RSI 維持強勢 (50-70),Bullish Engulfing,0.75,1.0,1.0,1.0,0.3881,7,335,0.0657,334.05,356.0,377.94,330.71,2026-08-24,3,False
SO,Utilities,Utilities - Regulated Electric,BB,BB 跌破下軌 (超賣),Support,0.8,1.0,1.0,,1.0,0,5,0.0506,88.94,93.44,97.94,88.05,2026-08-21,3,False
SOMN,Utilities,Utilities - Regulated Electric,BB,BB 跌破下軌 (超賣),Support,0.9,1.0,1.0,,1.0,0,5,0.0506,48.05,50.48,52.91,47.57,2026-08-21,3,False
PPL,Utilities,Utilities - Regulated Electric,BB,BB 跌破下軌 (超賣),Support,0.7,0.99,1.0,,1.0,0,5,0.0506,34.38,36.12,37.86,34.04,2026-08-21,3,False
SLB,Energy,Oil & Gas Equipment & Services,BB,BB 中軌向上（上升趨勢）,Morning Star,0.8,1.0,0.8333,0.8333,0.5571,6,70,0.0405,54.0,56.19,58.37,53.46,2026-08-24,3,False
KMB,Consumer Staples,Household & Personal Products,KDJ,KDJ 金叉,Support,0.9,1.0,0.8,,,0,0,0.0149,109.31,110.94,112.57,108.22,2026-08-21,3,False
CARR,Industrials,Building Products & Equipment,RSI,RSI 超賣區域 (30),None,0.0,0.5249999999999999,0.8,0.8,0.3086,5,337,0.0278,58.52,60.15,61.77,57.93,2026-08-25,3,False
CRH,Materials,Building Materials,MACD,MACD 金叉 (空頭區),None,0.0,0.42,0.8,0.8,0.3816,10,304,0.0226,96.2,98.37,100.55,95.24,2026-08-25,3,False
DVA,Health Care,Medical Care Facilities,RSI,RSI 維持超賣,None,0.0,0.385,0.8,0.8,0.3138,5,956,0.0445,176.5,184.35,192.21,174.73,2026-08-24,3,False
ANET,Information Technology,Computer Hardware,RSI,RSI 上穿 50 中性線,None,0.0,0.4675,0.7059,0.7059,0.3785,17,1593,0.042,188.65,196.57,204.5,186.76,2026-08-21,3,False
LII,Industrials,Building Products & Equipment,BB,BB 跌破下軌 (超賣),None,0.0,0.45499999999999996,0.6667,0.6667,0.2838,9,1258,0.057,389.06,411.24,433.41,385.17,2026-08-25,3,False
SNDK,Information Technology,Computer Hardware,BB,價格在 BB 中軌上方,None,0.0,0.425,0.6578,0.6578,0.3573,187,20206,0.0925,1480.77,1617.74,1754.71,1465.96,2026-08-25,3,False
DELL,Information Technology,Computer Hardware,RSI,RSI 上穿 50 中性線,None,0.0,0.4675,0.6538,0.6538,0.3785,26,1593,0.0336,451.5,466.67,481.84,446.99,2026-08-25,3,False
CDNS,Information Technology,Software - Application,MACD,MACD 金叉 (空頭區),None,0.0,0.42,0.6364,0.6364,0.3767,11,754,0.0325,331.9,342.69,353.47,328.58,2026-08-25,3,False
SYK,Health Care,Medical Devices,BB,BB 中軌向上（上升趨勢）,Bullish Engulfing,0.75,1.0,0.6,0.6,0.3577,5,260,0.0422,327.81,341.64,355.48,324.53,2026-08-24,3,False
J,Industrials,Engineering & Construction,MACD,MACD 金叉 (多頭區),None,0.0,0.68,0.6,0.6,0.2674,5,531,0.0072,150.08,151.16,152.24,148.58,2026-08-21,3,False
HUM,Health Care,Healthcare Plans,RSI,RSI 上穿 50 中性線,None,0.0,0.4675,0.5882,0.5882,0.3144,17,1323,0.0348,386.61,400.06,413.52,382.74,2026-08-24,3,False
RVTY,Health Care,Diagnostics & Research,RSI,RSI 維持強勢 (50-70),Consolidation Breakout,0.73,1.0,0.5714,0.5714,0.2427,7,791,0.0168,124.84,126.94,129.03,123.59,2026-08-25,3,False
GS,Financials,Capital Markets,MACD,MACD 金叉 (空頭區),None,0.0,0.42,0.5714,0.5714,0.3214,7,865,0.0286,1058.88,1089.16,1119.45,1048.29,2026-08-25,3,False
CDW,Information Technology,Information Technology Services,KDJ,KDJ 金叉,None,0.0,0.5525,0.5625,0.5625,0.3918,16,1955,0.0168,142.09,144.48,146.86,140.67,2026-08-25,3,False
TJX,Consumer Discretionary,Apparel Retail,BB,BB 跌破下軌 (超賣),None,0.0,0.45499999999999996,0.5556,0.5556,0.2974,9,733,0.0243,140.53,143.94,147.36,139.12,2026-08-21,3,False
CVNA,Consumer Discretionary,Auto & Truck Dealerships,RSI,RSI 動能加速（強勢區）,None,0.0,0.51,0.537,0.537,0.3027,54,1665,0.0396,75.77,78.77,81.77,75.01,2026-08-25,3,False
PNW,Utilities,Utilities - Regulated Electric,BB,BB 跌破下軌 (超賣),None,0.0,0.45499999999999996,0.5333,0.5333,0.4104,15,441,0.0189,97.36,99.2,101.04,96.39,2026-08-21,3,False
TER,Information Technology,Semiconductor Equipment & Materials,BB,BB 中軌向上（上升趨勢）,None,0.0,0.51,0.5277,0.5277,0.3639,307,16781,0.0256,366.43,375.81,385.19,362.77,2026-08-25,3,False
AME,Industrials,Specialty Industrial Machinery,BB,BB 中軌向上（上升趨勢）,Morning Star,0.8,1.0,0.5233,,0.5233,0,407,0.0228,239.55,245.01,250.47,237.15,2026-08-21,3,False
LECO,Industrials,Tools & Accessories,BB,BB 中軌向上（上升趨勢）,Morning Star,0.8,1.0,0.5233,,0.5233,0,407,0.0228,281.82,288.25,294.67,279.0,2026-08-21,3,False
WCC,Industrials,Industrial Distribution,BB,BB 中軌向上（上升趨勢）,Morning Star,0.8,1.0,0.5233,,0.5233,0,407,0.0228,349.14,357.1,365.06,345.65,2026-08-21,3,False
FCX,Materials,Copper,RSI,RSI 加速上升,None,0.0,0.5525,0.5217,0.5217,0.3048,138,3639,0.0144,79.91,81.06,82.21,79.11,2026-08-25,3,False
MFC,Financials,Insurance - Life,BB,BB 跌破下軌 (超賣),Morning Star,0.8,1.0,0.5208,,0.5208,0,48,0.0248,42.51,43.56,44.62,42.08,2026-08-21,3,False
TFC,Financials,Banks - Regional,BB,BB 跌破下軌 (超賣),Morning Star,0.8,1.0,0.5208,,0.5208,0,48,0.0248,50.42,51.67,52.92,49.92,2026-08-21,3,False
BA,Industrials,Aerospace & Defense,BB,BB 中軌向上（上升趨勢）,None,0.0,0.51,0.52,0.52,0.2929,150,17460,0.0116,210.46,212.9,215.34,208.36,2026-08-24,3,False
HOOD,Financials,Capital Markets,BB,BB 中軌向上（上升趨勢）,None,0.0,0.51,0.5123,0.5123,0.2681,324,16575,0.0235,112.09,114.72,117.36,110.97,2026-08-25,3,False
CEG,Utilities,Utilities - Independent Power Producers,RSI,RSI 加速上升,None,0.0,0.5525,0.5093,0.5093,0.2565,161,4905,0.0227,278.42,284.74,291.06,275.64,2026-08-25,3,False
BMY,Health Care,Drug Manufacturers - General,MACD,MACD 金叉 (多頭區),Support,0.8,1.0,0.5,,,0,0,0.02,67.01,68.35,69.69,66.34,2026-08-21,3,False
CHRW,Industrials,Integrated Freight & Logistics,RSI,RSI 超賣區域 (30),Support,0.8,1.0,0.5,,,0,0,0.02,141.63,144.46,147.3,140.21,2026-08-21,3,False
KLAR,Financials,Credit Services,RSI,RSI 超賣區域 (30),Bullish Engulfing,0.75,1.0,0.5,,0.5,0,8,0.0341,14.11,14.59,15.07,13.97,2026-08-24,3,False
LITE,Information Technology,Communication Equipment,MACD,MACD 金叉 (多頭區),Morning Star,0.8,1.0,0.5,,0.5,0,12,-0.0069,885.565,879.45,873.34,876.71,2026-08-25,3,False
DHI,Consumer Discretionary,Residential Construction,BB,價格在 BB 中軌上方,Morning Star,0.8,0.924,0.5,0.5,0.4444,6,261,0.0326,150.8,155.72,160.63,149.29,2026-08-25,3,False
ARE,Real Estate,REIT - Office,MACD,MACD 突破 0 軸,None,0.0,0.595,0.5,0.5,0.2217,8,230,0.0196,53.49,54.54,55.59,52.96,2026-08-21,3,False
DE,Industrials,Farm & Heavy Construction Machinery,MACD,MACD 突破 0 軸,None,0.0,0.595,0.5,0.5,0.2912,6,570,-0.0021,647.47,646.11,644.75,641.0,2026-08-21,3,False
IBKR,Financials,Capital Markets,MACD,MACD 突破 0 軸,None,0.0,0.595,0.5,0.5,0.3301,6,618,0.0116,93.87,94.96,96.05,92.93,2026-08-21,3,False
SYF,Financials,Credit Services,KDJ,KDJ 金叉,None,0.0,0.5525,0.5,0.5,0.3142,30,1932,0.0135,80.77,81.86,82.95,79.96,2026-08-25,3,False
PANW,Information Technology,Software - Infrastructure,RSI,RSI 上穿 50 中性線,None,0.0,0.4675,0.5,0.5,0.3785,26,1593,0.0178,357.87,364.24,370.61,354.29,2026-08-21,3,False
PLD,Real Estate,REIT - Industrial,RSI,RSI 上穿 50 中性線,None,0.0,0.4675,0.5,0.5,0.2311,18,818,0.0177,143.36,145.9,148.43,141.93,2026-08-24,3,False
RTX,Industrials,Aerospace & Defense,BB,BB 跌破下軌 (超賣),None,0.0,0.45499999999999996,0.5,0.5,0.2838,12,1258,0.0102,209.22,211.35,213.49,207.13,2026-08-24,3,False
TXN,Information Technology,Semiconductors,BB,BB 跌破下軌 (超賣),None,0.0,0.45499999999999996,0.5,0.5,0.3447,10,1001,0.0078,258.94,260.96,262.98,256.35,2026-08-24,3,False
CIEN,Information Technology,Communication Equipment,BB,BB 中軌向上（上升趨勢）,None,0.0,0.51,0.4955,0.4955,0.3639,335,16781,0.021,395.79,404.1,412.41,391.83,2026-08-21,3,False
ARWR,Health Care,Biotechnology,BB,BB 中軌向上（上升趨勢）,Morning Star,0.8,1.0,0.4901,,0.4901,0,253,0.0226,86.73,88.69,90.65,85.86,2026-08-24,3,False
CAH,Health Care,Medical Distribution,BB,BB 中軌向上（上升趨勢）,Morning Star,0.8,1.0,0.4901,,0.4901,0,253,0.0226,232.37,237.62,242.87,230.05,2026-08-24,3,False
KEYS,Information Technology,Scientific & Technical Instruments,BB,BB 中軌向上（上升趨勢）,Morning Star,0.8,1.0,0.4841,,0.4841,0,471,0.0267,316.13,324.57,333.01,312.97,2026-08-21,3,False
AIG,Financials,Insurance - Diversified,RSI,RSI 上穿 50 中性線,None,0.0,0.4675,0.4815,0.4815,0.3091,27,1899,0.0157,77.38,78.59,79.81,76.61,2026-08-24,3,False
META,Communication Services,Internet Content & Information,RSI,RSI 加速上升,None,0.0,0.5525,0.471,0.471,0.3116,155,3322,0.0106,570.05,576.09,582.14,564.35,2026-08-25,3,False
TPR,Consumer Discretionary,Luxury Goods,KDJ,KDJ 金叉,None,0.0,0.5525,0.4688,0.4688,0.3183,32,1244,0.0163,130.12,132.24,134.36,128.82,2026-08-25,3,False
PLTR,Information Technology,Software - Infrastructure,RSI,RSI 維持強勢 (50-70),None,0.0,0.51,0.4644,0.4644,0.3645,295,16764,0.0159,172.73,175.48,178.22,171.0,2026-08-25,3,False
AMZN,Consumer Discretionary,Internet Retail,KDJ,KDJ 金叉,None,0.0,0.5525,0.4615,0.4615,0.3183,26,1244,0.0099,261.06,263.64,266.23,258.45,2026-08-25,3,False
TXRH,Consumer Discretionary,Restaurants,BB,BB 中軌向上（上升趨勢）,Morning Star,0.8,1.0,0.4599,,0.4599,0,237,0.0144,204.48,207.42,210.37,202.44,2026-08-21,3,False
BAX,Health Care,Medical Instruments & Supplies,KDJ,KDJ 金叉,None,0.0,0.5525,0.4545,0.4545,0.2852,22,1536,0.0099,26.49,26.75,27.01,26.23,2026-08-24,3,False
DPZ,Consumer Discretionary,Restaurants,RSI,RSI 上穿 50 中性線,None,0.0,0.4675,0.4545,0.4545,0.3072,11,1123,0.0179,341.85,347.97,354.09,338.43,2026-08-21,3,False
MU,Information Technology,Semiconductors,BB,價格在 BB 中軌上方,None,0.0,0.425,0.4511,0.4511,0.3573,368,20206,0.0229,932.97,954.34,975.7,923.64,2026-08-25,3,False
EME,Industrials,Engineering & Construction,BB,BB 中軌向上（上升趨勢）,None,0.0,0.51,0.4475,0.4475,0.2929,257,17460,0.014,739.87,750.23,760.59,732.47,2026-08-25,3,False
INTU,Information Technology,Software - Application,RSI,RSI 維持強勢 (50-70),None,0.0,0.51,0.4471,,0.4471,0,747,0.0161,357.46,363.22,368.97,353.89,2026-08-25,3,True
MSTR,Information Technology,Software - Application,RSI,RSI 維持強勢 (50-70),None,0.0,0.51,0.4471,,0.4471,0,747,0.0161,122.63,124.6,126.58,121.4,2026-08-24,3,True
STRF,Information Technology,Software - Application,RSI,RSI 維持強勢 (50-70),None,0.0,0.51,0.4471,,0.4471,0,747,0.0161,99.57,101.17,102.78,98.57,2026-08-21,3,True
STRK,Information Technology,Software - Application,RSI,RSI 維持強勢 (50-70),None,0.0,0.51,0.4471,,0.4471,0,747,0.0161,72.26,73.42,74.59,71.54,2026-08-21,3,True
ZM,Information Technology,Software - Application,RSI,RSI 維持強勢 (50-70),None,0.0,0.51,0.4471,,0.4471,0,747,0.0161,100.92,102.54,104.17,99.91,2026-08-25,3,True
MET,Financials,Insurance - Life,RSI,RSI 維持強勢 (50-70),Morning Star,0.8,1.0,0.4444,0.4444,0.4278,9,367,0.0067,96.21,96.85,97.5,95.25,2026-08-24,3,False
SBUX,Consumer Discretionary,Restaurants,BB,價格在 BB 中軌上方,Morning Star,0.8,0.924,0.4444,,0.4444,0,261,0.0103,107.08,108.18,109.29,106.01,2026-08-21,3,False
CNC,Health Care,Healthcare Plans,RSI,RSI 上穿 50 中性線,None,0.0,0.4675,0.4444,0.4444,0.3144,18,1323,0.0071,65.02,65.48,65.94,64.37,2026-08-21,3,False
AVB,Real Estate,REIT - Residential,KDJ,KDJ 金叉,None,0.0,0.5525,0.4412,,0.4412,0,34,0.011,68.14,68.89,69.64,67.46,2026-08-24,3,True
BEKE,Real Estate,Real Estate Services,KDJ,KDJ 金叉,None,0.0,0.5525,0.4412,,0.4412,0,34,0.011,17.75,17.95,18.14,17.57,2026-08-21,3,True
KKR,Financials,Asset Management,RSI,RSI 維持強勢 (50-70),None,0.0,0.51,0.4388,0.4388,0.2842,278,19108,0.0087,107.58,108.52,109.45,106.5,2026-08-25,3,False
KNX,Industrials,Trucking,BB,價格在 BB 中軌上方,Morning Star,0.8,0.924,0.4387,,0.4387,0,424,0.015,71.6,72.67,73.75,70.88,2026-08-21,3,False
GEN,Information Technology,Software - Infrastructure,KDJ,KDJ 金叉,None,0.0,0.5525,0.4375,0.4375,0.3918,16,1955,0.0205,28.93,29.52,30.12,28.64,2026-08-21,3,False
APA,Energy,Oil & Gas E&P,BB,BB 中軌向上（上升趨勢）,None,0.0,0.51,0.4367,0.4367,0.2962,229,4484,0.0055,41.35,41.58,41.8,40.94,2026-08-25,3,False
NEM,Materials,Gold,BB,BB 中軌向上（上升趨勢）,None,0.0,0.51,0.4367,0.4367,0.2853,316,5036,0.0083,135.14,136.26,137.38,133.79,2026-08-25,3,False
WAT,Health Care,Diagnostics & Research,RSI,RSI 動能加速（強勢區）,None,0.0,0.51,0.4348,0.4348,0.2606,23,1869,0.0135,410.7,416.24,421.79,406.59,2026-08-21,3,False
DECK,Consumer Discretionary,Footwear & Accessories,RSI,RSI 加速上升,None,0.0,0.5525,0.4336,0.4336,0.3117,113,6796,0.0083,92.08,92.84,93.61,91.16,2026-08-24,3,False
STRD,Information Technology,Software - Application,BB,價格在 BB 中軌上方,None,0.0,0.425,0.4327,,0.4327,0,1188,0.0141,72.69,73.71,74.74,71.96,2026-08-24,3,True
LYV,Communication Services,Entertainment,RSI,RSI 加速上升,None,0.0,0.5525,0.4314,0.4314,0.3116,102,3322,0.0056,186.77,187.82,188.86,184.9,2026-08-25,3,False
FROG,Information Technology,Software - Application,RSI,RSI 動能加速（強勢區）,Bullish Engulfing,0.75,1.0,0.431,,0.431,0,58,0.0145,92.13,93.47,94.8,91.21,2026-08-21,3,False
XYZ,Information Technology,Software - Infrastructure,RSI,RSI 動能加速（強勢區）,Bullish Engulfing,0.75,1.0,0.431,,0.431,0,58,0.0145,82.16,83.35,84.54,81.34,2026-08-21,3,False
LRCX,Information Technology,Semiconductor Equipment & Materials,BB,BB 中軌向上（上升趨勢）,None,0.0,0.51,0.4308,0.4308,0.3639,318,16781,0.0173,314.66,320.1,325.55,311.51,2026-08-25,3,False
BXP,Real Estate,REIT - Office,MACD,MACD 金叉 (多頭區),None,0.0,0.68,0.4286,0.4286,0.2486,7,173,0.0281,72.13,74.16,76.18,71.41,2026-08-25,3,False
FICO,Information Technology,Software - Application,RSI,RSI 加速上升,None,0.0,0.5525,0.4286,0.4286,0.3693,154,10688,0.0027,1137.14,1140.21,1143.28,1125.77,2026-08-25,3,False
CF,Materials,Agricultural Inputs,RSI,RSI 動能加速（強勢區）,None,0.0,0.51,0.4286,0.4286,0.2962,28,942,0.0051,129.6,130.26,130.92,128.3,2026-08-21,3,False
BNY,Financials,Banks - Diversified,RSI,RSI 維持強勢 (50-70),Morning Star,0.8,1.0,0.4278,,0.4278,0,367,0.0116,162.14,164.02,165.9,160.52,2026-08-24,3,False
IVZ,Financials,Asset Management,RSI,RSI 維持強勢 (50-70),Morning Star,0.8,1.0,0.4278,,0.4278,0,367,0.0116,32.45,32.83,33.2,32.13,2026-08-24,3,False
PRU,Financials,Insurance - Life,RSI,RSI 維持強勢 (50-70),Morning Star,0.8,1.0,0.4278,,0.4278,0,367,0.0116,121.27,122.68,124.08,120.06,2026-08-24,3,False
UNM,Financials,Insurance - Life,RSI,RSI 維持強勢 (50-70),Morning Star,0.8,1.0,0.4278,,0.4278,0,367,0.0116,89.49,90.53,91.57,88.6,2026-08-24,3,False
APH,Information Technology,Electronic Components,BB,BB 中軌向上（上升趨勢）,None,0.0,0.51,0.4261,0.4261,0.3639,291,16781,0.011,158.78,160.53,162.27,157.19,2026-08-25,3,False
BWXT,Industrials,Aerospace & Defense,RSI,RSI 維持超賣,None,0.0,0.385,0.4252,,0.4252,0,127,0.01,149.73,151.23,152.72,148.23,2026-08-25,3,True
CRWD,Information Technology,Software - Infrastructure,BB,BB 中軌向上（上升趨勢）,None,0.0,0.51,0.4248,0.4248,0.3639,306,16781,0.0137,185.38,187.92,190.46,183.53,2026-08-25,3,False
UI,Information Technology,Communication Equipment,BB,BB 中軌向上（上升趨勢）,None,0.0,0.51,0.4238,,0.4238,0,1083,0.0134,553.11,560.52,567.93,547.58,2026-08-24,3,True
BNS,Financials,Banks - Diversified,KDJ,KDJ 金叉,Consolidation Breakout,0.85,1.0,0.4211,,0.4211,0,19,0.0158,93.1,94.57,96.04,92.17,2026-08-25,3,True
PEG,Utilities,Utilities - Regulated Electric,BB,BB 跌破下軌 (超賣),None,0.0,0.45499999999999996,0.4211,0.4211,0.4104,19,441,0.0135,72.61,73.59,74.57,71.88,2026-08-21,3,False
JBL,Information Technology,Electronic Components,BB,BB 中軌向上（上升趨勢）,None,0.0,0.51,0.4199,0.4199,0.3639,231,16781,0.0068,313.21,315.34,317.47,310.08,2026-08-21,3,False
ALB,Materials,Specialty Chemicals,RSI,RSI 維持強勢 (50-70),None,0.0,0.51,0.4194,0.4194,0.286,248,5721,0.0076,133.18,134.19,135.2,131.85,2026-08-25,3,False
NFLX,Communication Services,Entertainment,RSI,RSI 加速上升,None,0.0,0.5525,0.4179,0.4179,0.3116,134,3322,0.0146,80.01,81.18,82.35,79.21,2026-08-24,3,False
WELL,Real Estate,REIT - Healthcare Facilities,MACD,MACD 金叉 (多頭區),None,0.0,0.68,0.4167,0.4167,0.2486,12,173,-0.0021,239.22,238.72,238.22,236.83,2026-08-21,3,False
UNP,Industrials,Railroads,RSI,RSI 動能加速（強勢區）,None,0.0,0.51,0.4138,0.4138,0.2891,29,3037,0.0152,308.05,312.73,317.41,304.97,2026-08-21,3,False
CVE,Energy,Oil & Gas Integrated,RSI,RSI 維持強勢 (50-70),None,0.0,0.51,0.411,,0.411,0,146,0.0074,30.76,30.99,31.22,30.45,2026-08-25,3,True
EQNR,Energy,Oil & Gas Integrated,RSI,RSI 維持強勢 (50-70),None,0.0,0.51,0.411,,0.411,0,146,0.0074,41.21,41.51,41.82,40.8,2026-08-25,3,True
RCL,Consumer Discretionary,Travel Services,BB,BB 中軌向上（上升趨勢）,None,0.0,0.51,0.411,0.411,0.2908,309,9757,0.0116,292.0,295.39,298.77,289.08,2026-08-21,3,False
TTE,Energy,Oil & Gas Integrated,RSI,RSI 維持強勢 (50-70),None,0.0,0.51,0.411,,0.411,0,146,0.0074,88.8,89.46,90.11,87.91,2026-08-25,3,True
LLY,Health Care,Drug Manufacturers - General,RSI,RSI 加速上升,None,0.0,0.5525,0.4109,0.4109,0.2803,129,8492,0.0107,1246.9301,1260.27,1273.61,1234.46,2026-08-24,3,False
LVS,Consumer Discretionary,Resorts & Casinos,RSI,RSI 維持強勢 (50-70),None,0.0,0.51,0.4104,0.4104,0.2995,173,10441,0.0113,47.27,47.8,48.34,46.8,2026-08-25,3,False
NWS,Communication Services,Entertainment,RSI,RSI 維持強勢 (50-70),Consolidation Breakout,0.74,1.0,0.4091,0.4091,0.2124,22,386,0.0085,35.15,35.45,35.75,34.8,2026-08-25,3,False
VRSN,Information Technology,Software - Infrastructure,RSI,RSI 上穿 50 中性線,None,0.0,0.4675,0.4091,0.4091,0.3785,22,1593,0.0118,281.8,285.13,288.45,278.98,2026-08-21,3,False
VTRS,Health Care,Drug Manufacturers - Specialty & Generic,RSI,RSI 上穿 50 中性線,None,0.0,0.4675,0.4091,0.4091,0.3144,22,1323,0.0021,16.72,16.76,16.79,16.55,2026-08-25,3,False
UTHR,Health Care,Drug Manufacturers - Specialty & Generic,KDJ,KDJ 金叉,None,0.0,0.5525,0.408,,0.408,0,125,0.0055,518.53,521.38,524.23,513.34,2026-08-25,3,True
FSLR,Information Technology,Solar,BB,BB 中軌向上（上升趨勢）,None,0.0,0.51,0.4079,0.4079,0.3639,228,16781,0.0019,206.82,207.21,207.61,204.75,2026-08-25,3,False
MCO,Financials,Financial Data & Stock Exchanges,RSI,RSI 維持強勢 (50-70),Consolidation Breakout,0.75,1.0,0.4074,0.4074,0.2725,27,1479,0.0038,513.11,515.06,517.01,507.98,2026-08-25,3,False
AXP,Financials,Credit Services,KDJ,KDJ 金叉,None,0.0,0.5525,0.4074,0.4074,0.3142,27,1932,0.0071,337.33,339.73,342.12,333.96,2026-08-24,3,False
WAB,Industrials,Railroads,KDJ,KDJ 金叉,None,0.0,0.5525,0.4074,0.4074,0.3223,27,2110,0.0033,297.62,298.6,299.58,294.64,2026-08-24,3,False
GDDY,Information Technology,Software - Infrastructure,RSI,RSI 動能加速（強勢區）,None,0.0,0.51,0.4074,0.4074,0.366,27,2885,0.0074,100.52,101.26,102.01,99.51,2026-08-24,3,False
GWW,Industrials,Industrial Distribution,KDJ,KDJ 金叉,None,0.0,0.5525,0.4062,0.4062,0.3223,32,2110,0.005,1321.9,1328.51,1335.12,1308.68,2026-08-24,3,False
PNC,Financials,Banks - Regional,BB,BB 跌破下軌 (超賣),None,0.0,0.45499999999999996,0.4057,,0.4057,0,424,0.0104,243.13,245.66,248.19,240.7,2026-08-21,3,True
SF,Financials,Capital Markets,BB,BB 跌破下軌 (超賣),None,0.0,0.45499999999999996,0.4057,,0.4057,0,424,0.0104,79.58,80.41,81.24,78.78,2026-08-25,3,True
FIVE,Consumer Discretionary,Specialty Retail,BB,價格在 BB 中軌上方,None,0.0,0.425,0.4026,,0.4026,0,529,0.0119,262.72,265.85,268.97,260.09,2026-08-24,3,True
EMBJ,Industrials,Aerospace & Defense,BB,BB 中軌向上（上升趨勢）,Bullish Engulfing,0.75,1.0,0.4012,,0.4012,0,324,0.0121,76.26,77.18,78.11,75.5,2026-08-24,3,False
AWK,Utilities,Utilities - Regulated Water,MACD,MACD 金叉 (多頭區),None,0.0,0.68,0.4,0.4,0.1867,5,225,0.008,139.91,141.03,142.15,138.51,2026-08-24,3,False
LULU,Consumer Discretionary,Apparel Retail,KDJ,KDJ 金叉,None,0.0,0.5525,0.4,0.4,0.3183,25,1244,0.0,121.07,121.07,121.07,119.86,2026-08-21,3,False
BAC,Financials,Banks - Diversified,RSI,RSI 上穿 50 中性線,None,0.0,0.4675,0.4,0.4,0.3091,20,1899,0.007,62.33,62.77,63.2,61.71,2026-08-24,3,False
CMI,Industrials,Specialty Industrial Machinery,BB,BB 跌破下軌 (超賣),None,0.0,0.45499999999999996,0.4,0.4,0.2838,15,1258,0.0202,572.67,584.24,595.81,566.94,2026-08-25,3,False
GLW,Information Technology,Electronic Components,BB,BB 中軌向上（上升趨勢）,None,0.0,0.51,0.3994,0.3994,0.3639,328,16781,0.0159,147.16,149.5,151.84,145.69,2026-08-25,3,False
BX,Financials,Asset Management,BB,價格在 BB 中軌上方,None,0.0,0.425,0.3992,0.3992,0.2847,258,21689,0.0081,143.41,144.57,145.73,141.98,2026-08-25,3,False
PSA,Real Estate,REIT - Industrial,BB,BB 中軌向上（上升趨勢）,Bullish Engulfing,0.75,1.0,0.3942,,0.3942,0,104,0.012,324.97,328.87,332.77,321.72,2026-08-24,3,False
BABA,Consumer Discretionary,Internet Retail,BB,BB 中軌向上（上升趨勢）,None,0.0,0.51,0.3934,,0.3934,0,427,0.0097,118.47,119.62,120.77,117.29,2026-08-24,3,True
MGA,Consumer Discretionary,Auto Parts,BB,BB 中軌向上（上升趨勢）,None,0.0,0.51,0.3934,,0.3934,0,427,0.0097,67.8,68.46,69.12,67.12,2026-08-24,3,True
PHM,Consumer Discretionary,Residential Construction,RSI,RSI 上穿 50 中性線,None,0.0,0.4675,0.3929,0.3929,0.3072,28,1123,0.0186,129.0,131.4,133.8,127.71,2026-08-21,3,False
DXCM,Health Care,Medical Devices,BB,價格在 BB 中軌上方,None,0.0,0.425,0.3924,0.3924,0.2804,237,14417,0.0073,89.16,89.81,90.46,88.27,2026-08-25,3,False
CIFR,Information Technology,Information Technology Services,KDJ,KDJ 金叉,None,0.0,0.5525,0.3918,,0.3918,0,1955,0.0107,16.31,16.48,16.66,16.15,2026-08-25,3,False
DT,Information Technology,Software - Application,KDJ,KDJ 金叉,None,0.0,0.5525,0.3918,,0.3918,0,1955,0.0107,50.07,50.61,51.14,49.57,2026-08-25,3,False
FTV,Information Technology,Scientific & Technical Instruments,KDJ,KDJ 金叉,None,0.0,0.5525,0.3918,,0.3918,0,1955,0.0107,60.46,61.11,61.75,59.86,2026-08-24,3,False
GIB,Information Technology,Information Technology Services,KDJ,KDJ 金叉,None,0.0,0.5525,0.3918,,0.3918,0,1955,0.0107,74.98,75.78,76.58,74.23,2026-08-21,3,False
GRAB,Information Technology,Software - Application,KDJ,KDJ 金叉,None,0.0,0.5525,0.3918,,0.3918,0,1955,0.0107,3.58,3.62,3.66,3.54,2026-08-25,3,False
INFY,Information Technology,Information Technology Services,KDJ,KDJ 金叉,None,0.0,0.5525,0.3918,,0.3918,0,1955,0.0107,12.03,12.16,12.29,11.91,2026-08-25,3,False
LOGI,Information Technology,Computer Hardware,KDJ,KDJ 金叉,None,0.0,0.5525,0.3918,,0.3918,0,1955,0.0107,98.65,99.71,100.76,97.66,2026-08-25,3,False
PAYX,Information Technology,Software - Application,KDJ,KDJ 金叉,None,0.0,0.5525,0.3918,,0.3918,0,1955,0.0107,124.48,125.81,127.14,123.24,2026-08-21,3,False
SHOP,Information Technology,Software - Application,KDJ,KDJ 金叉,None,0.0,0.5525,0.3918,,0.3918,0,1955,0.0107,153.88,155.53,157.17,152.34,2026-08-25,3,False
SIMO,Information Technology,Semiconductors,KDJ,KDJ 金叉,None,0.0,0.5525,0.3918,,0.3918,0,1955,0.0107,258.36,261.12,263.89,255.78,2026-08-21,3,False
SONY,Information Technology,Consumer Electronics,KDJ,KDJ 金叉,None,0.0,0.5525,0.3918,,0.3918,0,1955,0.0107,24.26,24.52,24.78,24.02,2026-08-24,3,False
UBER,Information Technology,Software - Application,KDJ,KDJ 金叉,None,0.0,0.5525,0.3918,,0.3918,0,1955,0.0107,78.8,79.64,80.49,78.01,2026-08-21,3,False
UMC,Information Technology,Semiconductors,KDJ,KDJ 金叉,None,0.0,0.5525,0.3918,,0.3918,0,1955,0.0107,19.05,19.25,19.46,18.86,2026-08-24,3,False
WSE,Information Technology,Information Technology Services,KDJ,KDJ 金叉,None,0.0,0.5525,0.3918,,0.3918,0,1955,0.0107,13.1,13.24,13.38,12.97,2026-08-24,3,False
COF,Financials,Credit Services,RSI,RSI 上穿 50 中性線,None,0.0,0.4675,0.3913,0.3913,0.3091,23,1899,-0.0034,217.91,217.17,216.43,215.73,2026-08-21,3,False
MRNA,Health Care,Biotechnology,RSI,RSI 加速上升,None,0.0,0.5525,0.3911,0.3911,0.2803,179,8492,-0.0013,138.89,138.71,138.53,137.5,2026-08-24,3,False
TECH,Health Care,Biotechnology,BB,價格在 BB 中軌上方,None,0.0,0.425,0.3897,0.3897,0.2804,195,14417,-0.0003,72.39,72.37,72.35,71.67,2026-08-24,3,False
STE,Health Care,Medical Devices,KDJ,KDJ 金叉,None,0.0,0.5525,0.3889,0.3889,0.2852,18,1536,0.0035,237.87,238.7,239.54,235.49,2026-08-24,3,False
NVDA,Information Technology,Semiconductors,BB,價格在 BB 中軌上方,None,0.0,0.425,0.3889,0.3889,0.3573,342,20206,0.0044,214.72,215.66,216.61,212.57,2026-08-21,3,False
AU,Materials,Gold,BB,BB 中軌向上（上升趨勢）,None,0.0,0.51,0.3886,,0.3886,0,229,0.0091,121.22,122.32,123.43,120.01,2026-08-21,3,True
PAAS,Materials,Gold,BB,BB 中軌向上（上升趨勢）,None,0.0,0.51,0.3886,,0.3886,0,229,0.0091,52.886,53.37,53.85,52.36,2026-08-21,3,True
RPM,Materials,Specialty Chemicals,BB,BB 中軌向上（上升趨勢）,None,0.0,0.51,0.3886,,0.3886,0,229,0.0091,108.63,109.62,110.61,107.54,2026-08-21,3,True
SQM,Materials,Specialty Chemicals,BB,BB 中軌向上（上升趨勢）,None,0.0,0.51,0.3886,,0.3886,0,229,0.0091,81.96,82.71,83.45,81.14,2026-08-21,3,True
OMC,Communication Services,Advertising Agencies,RSI,RSI 維持強勢 (50-70),Bullish Engulfing,0.75,1.0,0.3884,,0.3884,0,121,0.0056,87.54,88.03,88.52,86.66,2026-08-21,3,False
VOD,Communication Services,Telecom Services,RSI,RSI 維持強勢 (50-70),Bullish Engulfing,0.75,1.0,0.3884,,0.3884,0,121,0.0056,15.98,16.07,16.16,15.82,2026-08-24,3,False
DVN,Energy,Oil & Gas E&P,RSI,RSI 加速上升,None,0.0,0.5525,0.3864,0.3864,0.3227,132,3306,0.005,49.1,49.35,49.59,48.61,2026-08-21,3,False
WRB,Financials,Insurance - Property & Casualty,KDJ,KDJ 超賣區金叉,None,0.0,0.5599999999999999,0.3846,0.3846,0.299,13,612,0.007,69.7,70.19,70.68,69.0,2026-08-24,3,False
MS,Financials,Capital Markets,KDJ,KDJ 金叉,None,0.0,0.5525,0.3846,0.3846,0.3142,26,1932,0.0118,216.77,219.33,221.89,214.6,2026-08-25,3,False
UNH,Health Care,Healthcare Plans,KDJ,KDJ 金叉,None,0.0,0.5525,0.3846,0.3846,0.2852,26,1536,0.0124,398.76,403.7,408.65,394.77,2026-08-24,3,False
SMCI,Information Technology,Computer Hardware,RSI,RSI 動能加速（強勢區）,None,0.0,0.51,0.3846,0.3846,0.366,39,2885,-0.0113,38.46,38.03,37.59,38.08,2026-08-25,3,False
TPL,Energy,Oil & Gas E&P,RSI,RSI 上穿 50 中性線,None,0.0,0.4675,0.3846,0.3846,0.361,26,579,0.0093,383.64,387.21,390.78,379.8,2026-08-21,3,False
CW,Industrials,Aerospace & Defense,RSI,RSI 超賣區域 (30),None,0.0,0.5249999999999999,0.3818,,0.3818,0,110,0.0044,614.97,617.68,620.38,608.82,2026-08-24,3,True
CX,Materials,Building Materials,MACD,MACD 金叉 (空頭區),None,0.0,0.42,0.3816,,0.3816,0,304,0.0078,11.0,11.09,11.17,10.89,2026-08-25,3,False
VALE,Materials,Other Industrial Metals & Mining,MACD,MACD 金叉 (空頭區),None,0.0,0.42,0.3816,,0.3816,0,304,0.0078,14.59,14.7,14.82,14.44,2026-08-21,3,False
TRGP,Energy,Oil & Gas Midstream,BB,BB 中軌向上（上升趨勢）,None,0.0,0.51,0.3801,0.3801,0.2962,292,4484,0.0065,286.91,288.77,290.64,284.04,2026-08-25,3,False
ARW,Information Technology,Electronics & Computer Distribution,RSI,RSI 上穿 50 中性線,None,0.0,0.4675,0.3785,,0.3785,0,1593,0.0087,210.85,212.68,214.52,208.74,2026-08-21,3,False
ASTS,Information Technology,Communication Equipment,RSI,RSI 上穿 50 中性線,None,0.0,0.4675,0.3785,,0.3785,0,1593,0.0087,68.65,69.25,69.84,67.96,2026-08-21,3,False
FISV,Information Technology,Financial Technology,RSI,RSI 上穿 50 中性線,None,0.0,0.4675,0.3785,,0.3785,0,1593,0.0087,52.96,53.42,53.88,52.43,2026-08-24,3,False
IONQ,Information Technology,Computer Hardware,RSI,RSI 上穿 50 中性線,None,0.0,0.4675,0.3785,,0.3785,0,1593,0.0087,44.86,45.25,45.64,44.41,2026-08-21,3,False
NET,Information Technology,Software - Infrastructure,RSI,RSI 上穿 50 中性線,None,0.0,0.4675,0.3785,,0.3785,0,1593,0.0087,293.14,295.69,298.24,290.21,2026-08-21,3,False
NOK,Information Technology,Communication Equipment,RSI,RSI 上穿 50 中性線,None,0.0,0.4675,0.3785,,0.3785,0,1593,0.0087,10.35,10.44,10.53,10.25,2026-08-25,3,False
TSM,Information Technology,Semiconductors,RSI,RSI 上穿 50 中性線,None,0.0,0.4675,0.3785,,0.3785,0,1593,0.0087,418.95,422.59,426.24,414.76,2026-08-21,3,False
HCA,Health Care,Medical Care Facilities,RSI,RSI 動能加速（強勢區）,None,0.0,0.51,0.3784,0.3784,0.2606,37,1869,0.0102,429.19,433.57,437.95,424.9,2026-08-21,3,False
CCL,Consumer Discretionary,Travel Services,KDJ,KDJ 超賣區金叉,None,0.0,0.5599999999999999,0.3775,,0.3775,0,302,0.0037,26.14,26.24,26.33,25.88,2026-08-25,3,False
HII,Industrials,Aerospace & Defense,BB,BB 中軌向上（上升趨勢）,None,0.0,0.51,0.3763,0.3763,0.2929,279,17460,0.0095,291.15,293.92,296.68,288.24,2026-08-25,3,False
RBRK,Information Technology,Software - Infrastructure,BB,BB 中軌向上（上升趨勢）,Bullish Engulfing,0.75,1.0,0.3757,,0.3757,0,338,0.0116,100.09,101.25,102.41,99.09,2026-08-21,3,False
AJG,Financials,Insurance Brokers,MACD,MACD 金叉 (多頭區),None,0.0,0.68,0.375,0.375,0.2747,8,517,0.0131,271.99,275.55,279.12,269.27,2026-08-24,3,False
VTR,Real Estate,REIT - Healthcare Facilities,MACD,MACD 突破 0 軸,None,0.0,0.595,0.375,0.375,0.2217,8,230,0.0174,93.83,95.46,97.1,92.89,2026-08-25,3,False
NCLH,Consumer Discretionary,Travel Services,KDJ,KDJ 超賣區金叉,None,0.0,0.5599999999999999,0.375,0.375,0.3775,8,302,-0.0102,17.22,17.04,16.87,17.05,2026-08-24,3,False
BLK,Financials,Asset Management,KDJ,KDJ 金叉,None,0.0,0.5525,0.375,0.375,0.3142,16,1932,0.006,1176.64,1183.7,1190.76,1164.87,2026-08-25,3,False
HAS,Consumer Discretionary,Leisure,KDJ,KDJ 金叉,None,0.0,0.5525,0.375,0.375,0.3183,32,1244,0.0034,96.74,97.07,97.4,95.77,2026-08-25,3,False
SJM,Consumer Staples,Packaged Foods,RSI,RSI 加速上升,None,0.0,0.5525,0.375,0.375,0.309,8,288,0.0113,125.45,126.87,128.29,124.2,2026-08-25,3,True
HBANZ,Financials,Banks - Regional,RSI,RSI 超賣區域 (30),None,0.0,0.5249999999999999,0.375,,0.375,0,256,0.0031,19.13,19.19,19.25,18.94,2026-08-21,3,False
AES,Utilities,Utilities - Diversified,RSI,RSI 維持強勢 (50-70),None,0.0,0.51,0.375,0.375,0.3263,8,331,0.0361,14.77,15.3,15.84,14.62,2026-08-21,3,True
UHS,Health Care,Medical Care Facilities,RSI,RSI 動能加速（強勢區）,None,0.0,0.51,0.375,0.375,0.2606,24,1869,0.0077,177.26,178.62,179.99,175.49,2026-08-21,3,False
ORCL,Information Technology,Software - Infrastructure,RSI,RSI 上穿 50 中性線,None,0.0,0.4675,0.375,0.375,0.3785,24,1593,0.0094,144.76,146.12,147.48,143.31,2026-08-25,3,False
PH,Industrials,Specialty Industrial Machinery,RSI,RSI 上穿 50 中性線,None,0.0,0.4675,0.375,0.375,0.304,16,1816,0.0114,1014.24,1025.8,1037.36,1004.1,2026-08-24,3,False
UPS,Industrials,Integrated Freight & Logistics,MACD,MACD 金叉 (空頭區),None,0.0,0.42,0.375,0.375,0.3303,8,875,0.0078,105.14,105.96,106.78,104.09,2026-08-25,3,False
TSLA,Consumer Discretionary,Auto Manufacturers,BB,BB 中軌向上（上升趨勢）,None,0.0,0.51,0.3745,0.3745,0.2908,243,9757,0.0082,350.25,353.12,355.99,346.75,2026-08-25,3,False
BKNG,Consumer Discretionary,Travel Services,RSI,RSI 加速上升,None,0.0,0.5525,0.3742,0.3742,0.3117,155,6796,0.0066,213.36,214.77,216.18,211.23,2026-08-24,3,False
DLTR,Consumer Staples,Discount Stores,RSI,RSI 維持強勢 (50-70),None,0.0,0.51,0.3736,0.3736,0.2452,182,7574,-0.0013,134.48,134.31,134.13,133.14,2026-08-25,3,False
NOW,Information Technology,Software - Application,BB,價格在 BB 中軌上方,None,0.0,0.425,0.371,0.371,0.3573,221,20206,0.0031,127.0,127.39,127.79,125.73,2026-08-25,3,False
MLM,Materials,Building Materials,KDJ,KDJ 金叉,None,0.0,0.5525,0.3704,0.3704,0.314,27,637,0.0146,533.11,540.89,548.68,527.78,2026-08-24,3,False
BEN,Financials,Asset Management,BB,BB 中軌向上（上升趨勢）,None,0.0,0.51,0.3704,0.3704,0.2681,135,16575,0.0094,35.03,35.36,35.69,34.68,2026-08-25,3,False
RDY,Health Care,Drug Manufacturers - Specialty & Generic,BB,價格在 BB 中軌上方,Morning Star,0.8,0.924,0.3701,,0.3701,0,281,0.011,12.18,12.31,12.45,12.06,2026-08-21,3,False
BALL,Consumer Discretionary,Packaging & Containers,MACD,MACD 金叉 (多頭區),None,0.0,0.68,0.37,,0.37,0,273,0.0063,64.08,64.48,64.89,63.44,2026-08-25,3,False
MELI,Consumer Discretionary,Internet Retail,MACD,MACD 金叉 (多頭區),None,0.0,0.68,0.37,,0.37,0,273,0.0063,1922.73,1934.84,1946.96,1903.5,2026-08-21,3,False
TM,Consumer Discretionary,Auto Manufacturers,MACD,MACD 金叉 (多頭區),None,0.0,0.68,0.37,,0.37,0,273,0.0063,197.35,198.59,199.84,195.38,2026-08-21,3,False
TSCO,Consumer Discretionary,Specialty Retail,MACD,MACD 金叉 (多頭區),None,0.0,0.68,0.37,,0.37,0,273,0.0063,35.92,36.15,36.37,35.56,2026-08-24,3,False
eBay,Consumer Discretionary,Internet Retail,MACD,MACD 金叉 (多頭區),None,0.0,0.68,0.37,,0.37,0,273,0.0063,111.75,112.45,113.16,110.63,2026-06-30,3,False
SHG,Financials,Banks - Regional,BB,BB 中軌向上（上升趨勢）,Bullish Engulfing,0.75,1.0,0.3697,,0.3697,0,330,0.0108,75.04,75.85,76.66,74.29,2026-08-24,3,False
ETN,Industrials,Specialty Industrial Machinery,BB,BB 中軌向上（上升趨勢）,None,0.0,0.51,0.3695,0.3695,0.2929,203,17460,0.0111,409.2,413.74,418.28,405.11,2026-08-25,3,False
ADP,Information Technology,Software - Application,RSI,RSI 加速上升,None,0.0,0.5525,0.3693,,0.3693,0,10688,0.0074,282.78,284.87,286.97,279.95,2026-08-25,3,False
BMNP,Information Technology,Blockchain,RSI,RSI 加速上升,None,0.0,0.5525,0.3693,,0.3693,0,10688,0.0074,93.932,94.63,95.32,92.99,2026-08-24,3,False
BR,Information Technology,Information Technology Services,RSI,RSI 加速上升,None,0.0,0.5525,0.3693,,0.3693,0,10688,0.0074,184.82,186.19,187.56,182.97,2026-08-25,3,False
EPAM,Information Technology,Information Technology Services,RSI,RSI 加速上升,None,0.0,0.5525,0.3693,,0.3693,0,10688,0.0074,111.85,112.68,113.51,110.73,2026-08-25,3,False
GWRE,Information Technology,Software - Application,RSI,RSI 加速上升,None,0.0,0.5525,0.3693,,0.3693,0,10688,0.0074,191.89,193.31,194.73,189.97,2026-08-24,3,False
JKHY,Information Technology,Information Technology Services,RSI,RSI 加速上升,None,0.0,0.5525,0.3693,,0.3693,0,10688,0.0074,170.51,171.77,173.03,168.8,2026-08-24,3,False
KSPI,Information Technology,Software - Infrastructure,RSI,RSI 加速上升,None,0.0,0.5525,0.3693,,0.3693,0,10688,0.0074,108.75,109.55,110.36,107.66,2026-08-25,3,False
MRVL,Information Technology,Semiconductors,RSI,RSI 加速上升,None,0.0,0.5525,0.3693,,0.3693,0,10688,0.0074,240.38,242.16,243.94,237.98,2026-08-25,3,False
SAP,Information Technology,Software - Application,RSI,RSI 加速上升,None,0.0,0.5525,0.3693,,0.3693,0,10688,0.0074,218.66,220.28,221.9,216.47,2026-08-24,3,False
SSNC,Information Technology,Software - Application,RSI,RSI 加速上升,None,0.0,0.5525,0.3693,,0.3693,0,10688,0.0074,83.54,84.16,84.78,82.7,2026-08-24,3,False
STRC,Information Technology,Software - Application,RSI,RSI 加速上升,None,0.0,0.5525,0.3693,,0.3693,0,10688,0.0074,97.15,97.87,98.59,96.18,2026-08-25,3,False
TOST,Information Technology,Software - Infrastructure,RSI,RSI 加速上升,None,0.0,0.5525,0.3693,,0.3693,0,10688,0.0074,36.8,37.07,37.34,36.43,2026-08-25,3,False
NTRS,Financials,Asset Management,BB,價格在 BB 中軌上方,None,0.0,0.425,0.3691,0.3691,0.2847,298,21689,0.0117,186.82,189.01,191.19,184.95,2026-08-25,3,False
NWSA,Communication Services,Entertainment,RSI,RSI 維持強勢 (50-70),Consolidation Breakout,0.74,1.0,0.3684,0.3684,0.2124,19,386,0.0056,30.92,31.09,31.27,30.61,2026-08-25,3,False
NUE,Materials,Steel,BB,BB 中軌向上（上升趨勢）,None,0.0,0.51,0.3676,0.3676,0.2853,185,5036,0.0059,244.64,246.08,247.53,242.19,2026-08-24,3,False
EFX,Industrials,Consulting Services,RSI,RSI 加速上升,None,0.0,0.5525,0.3667,0.3667,0.2981,150,11545,0.0005,191.89,191.99,192.08,189.97,2026-08-25,3,False
TEM,Health Care,Health Information Services,RSI,RSI 加速上升,None,0.0,0.5525,0.3667,,0.3667,0,559,0.0015,66.17,66.27,66.37,65.51,2026-08-24,3,True
CMG,Consumer Discretionary,Restaurants,RSI,RSI 動能加速（強勢區）,None,0.0,0.51,0.3667,0.3667,0.3027,30,1665,0.012,38.02,38.48,38.93,37.64,2026-08-24,3,False
IOT,Information Technology,Software - Infrastructure,RSI,RSI 動能加速（強勢區）,None,0.0,0.51,0.366,,0.366,0,2885,0.0091,39.94,40.3,40.67,39.54,2026-08-21,3,False
SMCIP,Information Technology,Computer Hardware,RSI,RSI 動能加速（強勢區）,None,0.0,0.51,0.366,,0.366,0,2885,0.0091,64.65,65.24,65.83,64.0,2026-08-25,3,False
SNOW,Information Technology,Software - Application,RSI,RSI 動能加速（強勢區）,None,0.0,0.51,0.366,,0.366,0,2885,0.0091,332.78,335.81,338.84,329.45,2026-08-21,3,False
KEP,Utilities,Utilities - Regulated Electric,KDJ,KDJ 金叉,Morning Star,0.8,1.0,0.3654,,0.3654,0,52,0.0081,11.8,11.9,11.99,11.68,2026-08-25,3,False
ADBE,Information Technology,Software - Application,MACD,MACD 金叉 (多頭區),None,0.0,0.68,0.3651,,0.3651,0,504,0.0103,275.3,278.14,280.97,272.55,2026-08-21,3,False
TRMB,Information Technology,Scientific & Technical Instruments,MACD,MACD 金叉 (多頭區),None,0.0,0.68,0.3651,,0.3651,0,504,0.0103,60.25,60.87,61.49,59.65,2026-08-21,3,False
ASML,Information Technology,Semiconductor Equipment & Materials,RSI,RSI 維持強勢 (50-70),None,0.0,0.51,0.3645,,0.3645,0,16764,0.0088,1763.76,1779.28,1794.8,1746.12,2026-08-21,3,False
CACI,Information Technology,Information Technology Services,RSI,RSI 維持強勢 (50-70),None,0.0,0.51,0.3645,,0.3645,0,16764,0.0088,612.1,617.49,622.87,605.98,2026-08-25,3,False
CHKP,Information Technology,Software - Infrastructure,RSI,RSI 維持強勢 (50-70),None,0.0,0.51,0.3645,,0.3645,0,16764,0.0088,130.5,131.65,132.8,129.19,2026-08-24,3,False
CPAY,Information Technology,Software - Infrastructure,RSI,RSI 維持強勢 (50-70),None,0.0,0.51,0.3645,,0.3645,0,16764,0.0088,412.37,416.0,419.63,408.25,2026-08-25,3,False
GRMN,Information Technology,Scientific & Technical Instruments,RSI,RSI 維持強勢 (50-70),None,0.0,0.51,0.3645,,0.3645,0,16764,0.0088,288.45,290.99,293.53,285.57,2026-08-25,3,False
LDOS,Information Technology,Information Technology Services,RSI,RSI 維持強勢 (50-70),None,0.0,0.51,0.3645,,0.3645,0,16764,0.0088,134.54,135.72,136.91,133.19,2026-08-25,3,False
MDB,Information Technology,Software - Infrastructure,RSI,RSI 維持強勢 (50-70),None,0.0,0.51,0.3645,,0.3645,0,16764,0.0088,404.92,408.48,412.05,400.87,2026-08-25,3,False
NTNX,Information Technology,Software - Infrastructure,RSI,RSI 維持強勢 (50-70),None,0.0,0.51,0.3645,,0.3645,0,16764,0.0088,66.44,67.02,67.61,65.78,2026-08-25,3,False
P,Information Technology,Computer Hardware,RSI,RSI 維持強勢 (50-70),None,0.0,0.51,0.3645,,0.3645,0,16764,0.0088,102.81,103.71,104.62,101.78,2026-08-25,3,False
TWLO,Information Technology,Software - Infrastructure,RSI,RSI 維持強勢 (50-70),None,0.0,0.51,0.3645,,0.3645,0,16764,0.0088,223.97,225.94,227.91,221.73,2026-08-25,3,False
U,Information Technology,Software - Application,RSI,RSI 維持強勢 (50-70),None,0.0,0.51,0.3645,,0.3645,0,16764,0.0088,44.99,45.39,45.78,44.54,2026-08-25,3,False
ZS,Information Technology,Software - Infrastructure,RSI,RSI 維持強勢 (50-70),None,0.0,0.51,0.3645,,0.3645,0,16764,0.0088,168.42,169.9,171.38,166.74,2026-08-25,3,False
FANG,Energy,Oil & Gas E&P,RSI,RSI 加速上升,None,0.0,0.5525,0.3642,0.3642,0.3227,162,3306,0.0023,210.72,211.2,211.69,208.61,2026-08-21,3,False
AAOI,Information Technology,Communication Equipment,BB,BB 中軌向上（上升趨勢）,None,0.0,0.51,0.3639,,0.3639,0,16781,0.009,113.15,114.17,115.19,112.02,2026-08-25,3,False
CBRS,Information Technology,Semiconductors,BB,BB 中軌向上（上升趨勢）,None,0.0,0.51,0.3639,,0.3639,0,16781,0.009,196.13,197.9,199.66,194.17,2026-08-21,3,False
CRDO,Information Technology,Semiconductors,BB,BB 中軌向上（上升趨勢）,None,0.0,0.51,0.3639,,0.3639,0,16781,0.009,226.51,228.55,230.59,224.24,2026-08-25,3,False
CRWV,Information Technology,Software - Infrastructure,BB,BB 中軌向上（上升趨勢）,None,0.0,0.51,0.3639,,0.3639,0,16781,0.009,88.04,88.83,89.62,87.16,2026-08-25,3,False
ENTG,Information Technology,Semiconductor Equipment & Materials,BB,BB 中軌向上（上升趨勢）,None,0.0,0.51,0.3639,,0.3639,0,16781,0.009,138.87,140.12,141.37,137.48,2026-08-25,3,False
ERIC,Information Technology,Communication Equipment,BB,BB 中軌向上（上升趨勢）,None,0.0,0.51,0.3639,,0.3639,0,16781,0.009,10.16,10.25,10.34,10.06,2026-08-24,3,False
FORM,Information Technology,Semiconductor Equipment & Materials,BB,BB 中軌向上（上升趨勢）,None,0.0,0.51,0.3639,,0.3639,0,16781,0.009,107.72,108.69,109.66,106.64,2026-08-25,3,False
LFUS,Information Technology,Electronic Components,BB,BB 中軌向上（上升趨勢）,None,0.0,0.51,0.3639,,0.3639,0,16781,0.009,412.26,415.97,419.68,408.14,2026-08-21,3,False
MTSI,Information Technology,Semiconductors,BB,BB 中軌向上（上升趨勢）,None,0.0,0.51,0.3639,,0.3639,0,16781,0.009,266.61,269.01,271.41,263.94,2026-08-21,3,False
ONTO,Information Technology,Semiconductor Equipment & Materials,BB,BB 中軌向上（上升趨勢）,None,0.0,0.51,0.3639,,0.3639,0,16781,0.009,291.62,294.24,296.87,288.7,2026-08-25,3,False
QNT,Information Technology,Software - Application,BB,BB 中軌向上（上升趨勢）,None,0.0,0.51,0.3639,,0.3639,0,16781,0.009,53.89,54.38,54.86,53.35,2026-08-25,3,False
SITM,Information Technology,Semiconductors,BB,BB 中軌向上（上升趨勢）,None,0.0,0.51,0.3639,,0.3639,0,16781,0.009,594.1,599.45,604.79,588.16,2026-08-25,3,False
SNX,Information Technology,Electronics & Computer Distribution,BB,BB 中軌向上（上升趨勢）,None,0.0,0.51,0.3639,,0.3639,0,16781,0.009,250.14,252.39,254.64,247.64,2026-08-21,3,False
TEAM,Information Technology,Software - Application,BB,BB 中軌向上（上升趨勢）,None,0.0,0.51,0.3639,,0.3639,0,16781,0.009,166.49,167.99,169.49,164.83,2026-08-25,3,False
WIT,Information Technology,Information Technology Services,BB,BB 中軌向上（上升趨勢）,None,0.0,0.51,0.3639,,0.3639,0,16781,0.009,1.88,1.9,1.91,1.86,2026-08-25,3,False
CBOE,Financials,Financial Data & Stock Exchanges,MACD,MACD 金叉 (多頭區),None,0.0,0.68,0.3636,0.3636,0.2747,11,517,0.02,308.09,314.25,320.41,305.01,2026-08-24,3,False
HSY,Consumer Staples,Confectioners,RSI,RSI 動能加速（強勢區）,None,0.0,0.51,0.3636,0.3636,0.2456,22,1148,0.0051,189.94,190.91,191.88,188.04,2026-08-24,3,False
ODFL,Industrials,Trucking,BB,BB 跌破下軌 (超賣),None,0.0,0.45499999999999996,0.3636,0.3636,0.2838,11,1258,0.0074,198.34,199.81,201.28,196.36,2026-08-25,3,False
GE,Industrials,Aerospace & Defense,BB,BB 中軌向上（上升趨勢）,None,0.0,0.51,0.3634,0.3634,0.2929,322,17460,0.0071,348.37,350.84,353.32,344.89,2026-08-21,3,False
CCJ,Energy,Uranium,KDJ,KDJ 金叉,None,0.0,0.5525,0.3614,,0.3614,0,498,0.0061,102.51,103.14,103.76,101.48,2026-08-21,3,False
PS,Financials,Asset Management,KDJ,KDJ 金叉,None,0.0,0.5525,0.3611,,0.3611,0,108,0.0084,42.65,43.01,43.37,42.22,2026-08-25,3,True
SLF,Financials,Insurance - Diversified,KDJ,KDJ 金叉,None,0.0,0.5525,0.3611,,0.3611,0,108,0.0084,79.98,80.65,81.32,79.18,2026-08-25,3,True
BJ,Consumer Staples,Discount Stores,RSI,RSI 上穿 50 中性線,None,0.0,0.4675,0.3611,,0.3611,0,72,0.0129,96.42,97.66,98.91,95.46,2026-08-21,3,True
EPD,Energy,Oil & Gas Midstream,RSI,RSI 上穿 50 中性線,None,0.0,0.4675,0.361,,0.361,0,579,0.0056,38.36,38.57,38.79,37.98,2026-08-24,3,False
VIK,Consumer Discretionary,Travel Services,KDJ,KDJ 金叉,None,0.0,0.5525,0.3596,,0.3596,0,89,-0.0041,92.23,91.85,91.47,91.31,2026-08-25,3,True
MOS,Materials,Agricultural Inputs,RSI,RSI 動能加速（強勢區）,None,0.0,0.51,0.359,0.359,0.2962,39,942,-0.0019,24.41,24.36,24.32,24.17,2026-08-21,3,False
BURL,Consumer Discretionary,Apparel Retail,RSI,RSI 超賣區域 (30),None,0.0,0.5249999999999999,0.3582,,0.3582,0,67,-0.0017,315.27,314.73,314.2,312.12,2026-08-25,3,True
DKS,Consumer Discretionary,Specialty Retail,RSI,RSI 超賣區域 (30),None,0.0,0.5249999999999999,0.3582,,0.3582,0,67,-0.0017,124.31,124.1,123.89,123.07,2026-08-25,3,True
ABNB,Consumer Discretionary,Travel Services,BB,價格在 BB 中軌上方,None,0.0,0.425,0.3581,0.3581,0.2984,215,12430,0.0059,190.5,191.62,192.75,188.59,2026-08-25,3,False
MLI,Industrials,Metal Fabrication,RSI,RSI 維持強勢 (50-70),None,0.0,0.51,0.3579,,0.3579,0,746,0.0057,61.51,61.86,62.21,60.89,2026-08-25,3,True
ASX,Information Technology,Semiconductors,BB,價格在 BB 中軌上方,None,0.0,0.425,0.3573,,0.3573,0,20206,0.0074,37.08,37.35,37.63,36.71,2026-08-25,3,False
GOOGL,Communication Services,Internet Content & Information,KDJ,KDJ 金叉,None,0.0,0.5525,0.3571,0.3571,0.3345,28,550,0.0074,344.82,347.37,349.92,341.37,2026-08-21,3,False
ZBRA,Information Technology,Communication Equipment,BB,價格在 BB 中軌上方,None,0.0,0.425,0.3568,0.3568,0.3573,227,20206,0.0048,360.52,362.25,363.98,356.91,2026-08-25,3,False
APO,Financials,Asset Management,BB,BB 中軌向上（上升趨勢）,None,0.0,0.51,0.3558,0.3558,0.2681,267,16575,0.0095,133.18,134.45,135.71,131.85,2026-08-25,3,False
TS,Energy,Oil & Gas Equipment & Services,MACD,MACD 金叉 (空頭區),None,0.0,0.42,0.3557,,0.3557,0,253,0.0057,54.6,54.91,55.22,54.05,2026-08-25,3,False
EXPE,Consumer Discretionary,Travel Services,BB,價格在 BB 中軌上方,None,0.0,0.425,0.3544,0.3544,0.2984,285,12430,0.0007,337.97,338.21,338.44,334.59,2026-08-25,3,False
SNEX,Financials,Capital Markets,RSI,RSI 加速上升,Morning Star,0.8,1.0,0.3535,,0.3535,0,99,0.0057,68.47,68.86,69.25,67.79,2026-08-21,3,False
MPC,Energy,Oil & Gas Refining & Marketing,BB,BB 中軌向上（上升趨勢）,None,0.0,0.51,0.3534,0.3534,0.2962,232,4484,0.0072,354.88,357.44,359.99,351.33,2026-08-25,3,False
ULTA,Consumer Discretionary,Specialty Retail,BB,BB 中軌向上（上升趨勢）,None,0.0,0.51,0.3532,0.3532,0.2908,201,9757,0.0091,537.22,542.11,547.0,531.85,2026-08-25,3,False
DY,Industrials,Engineering & Construction,BB,BB 跌破下軌 (超賣),None,0.0,0.45499999999999996,0.3532,,0.3532,0,436,0.0052,351.8,353.63,355.46,348.28,2026-08-25,3,True
MAIR,Industrials,Building Products & Equipment,KDJ,KDJ 超賣區金叉,None,0.0,0.5599999999999999,0.3529,,0.3529,0,51,0.0077,27.99,28.21,28.42,27.71,2026-08-25,3,True
MAA,Real Estate,REIT - Residential,KDJ,KDJ 金叉,None,0.0,0.5525,0.3529,0.3529,0.2818,17,550,0.0109,133.16,134.61,136.06,131.83,2026-08-24,3,False
CBRE,Real Estate,Real Estate Services,BB,BB 中軌向上（上升趨勢）,None,0.0,0.51,0.3508,0.3508,0.2647,248,5713,0.0069,151.74,152.79,153.83,150.22,2026-08-25,3,False
PCAR,Industrials,Farm & Heavy Construction Machinery,KDJ,KDJ 金叉,None,0.0,0.5525,0.35,0.35,0.3223,20,2110,0.0087,131.03,132.17,133.31,129.72,2026-08-21,3,False
AEG,Financials,Insurance - Diversified,BB,BB 跌破下軌 (超賣),None,0.0,0.45499999999999996,0.3485,,0.3485,0,1277,0.0043,8.99,9.03,9.07,8.9,2026-08-21,3,False
FHN,Financials,Banks - Regional,BB,BB 跌破下軌 (超賣),None,0.0,0.45499999999999996,0.3485,,0.3485,0,1277,0.0043,24.63,24.74,24.84,24.38,2026-08-21,3,False
WTFC,Financials,Banks - Regional,BB,BB 跌破下軌 (超賣),None,0.0,0.45499999999999996,0.3485,,0.3485,0,1277,0.0043,152.67,153.33,153.98,151.14,2026-08-21,3,False
APLD,Information Technology,Information Technology Services,MACD,MACD 金叉 (空頭區),Morning Star,0.8,0.96,0.3478,,0.3478,0,23,0.0195,28.85,29.41,29.98,28.56,2026-08-25,3,False
IBM,Information Technology,Information Technology Services,BB,價格在 BB 中軌上方,None,0.0,0.425,0.3477,0.3477,0.3573,256,20206,0.0083,234.19,236.13,238.08,231.85,2026-08-25,3,False
WBD,Communication Services,Entertainment,BB,BB 中軌向上（上升趨勢）,None,0.0,0.51,0.345,0.345,0.2943,171,4771,-0.001,28.7,28.67,28.64,28.41,2026-08-24,3,False
ONON,Consumer Discretionary,Footwear & Accessories,RSI,RSI 超賣區域 (30),None,0.0,0.5249999999999999,0.3448,,0.3448,0,203,0.0038,28.83,28.94,29.05,28.54,2026-08-25,3,False
CRCL,Financials,Capital Markets,RSI,RSI 維持強勢 (50-70),None,0.0,0.51,0.3448,,0.3448,0,609,0.0048,87.98,88.4,88.82,87.1,2026-08-21,3,True
FUTU,Financials,Capital Markets,RSI,RSI 維持強勢 (50-70),None,0.0,0.51,0.3448,,0.3448,0,609,0.0048,125.63,126.23,126.84,124.37,2026-08-25,3,True
IBN,Financials,Banks - Regional,RSI,RSI 維持強勢 (50-70),None,0.0,0.51,0.3448,,0.3448,0,609,0.0048,30.39,30.54,30.68,30.09,2026-08-25,3,True
VLYPO,Financials,Banks - Regional,RSI,RSI 維持強勢 (50-70),None,0.0,0.51,0.3448,,0.3448,0,609,0.0048,25.02,25.14,25.26,24.77,2026-08-25,3,True
WBS,Financials,Banks - Regional,RSI,RSI 維持強勢 (50-70),None,0.0,0.51,0.3448,,0.3448,0,609,0.0048,77.97,78.34,78.72,77.19,2026-08-18,3,True
VLO,Energy,Oil & Gas Refining & Marketing,BB,價格在 BB 中軌上方,None,0.0,0.425,0.3448,0.3448,0.2998,232,5768,0.0031,340.41,341.47,342.52,337.01,2026-08-25,3,False
ALGM,Information Technology,Semiconductors,BB,BB 跌破下軌 (超賣),None,0.0,0.45499999999999996,0.3447,,0.3447,0,1001,0.0043,35.63,35.78,35.94,35.27,2026-08-24,3,False
BIIB,Health Care,Drug Manufacturers - General,RSI,RSI 維持強勢 (50-70),None,0.0,0.51,0.3444,0.3444,0.2772,151,12123,0.0031,220.77,221.45,222.14,218.56,2026-08-25,3,False
GOOG,Communication Services,Internet Content & Information,BB,BB 中軌向上（上升趨勢）,None,0.0,0.51,0.3415,0.3415,0.2943,246,4771,0.0062,343.34,345.47,347.6,339.91,2026-08-25,3,False
DASH,Consumer Discretionary,Internet Retail,RSI,RSI 維持強勢 (50-70),None,0.0,0.51,0.3377,0.3377,0.2995,231,10441,0.001,223.49,223.71,223.94,221.26,2026-08-21,3,False
JBHT,Industrials,Integrated Freight & Logistics,BB,價格在 BB 中軌上方,None,0.0,0.425,0.3372,0.3372,0.295,258,22337,0.0044,275.45,276.66,277.87,272.7,2026-08-21,3,False
MAR,Consumer Discretionary,Lodging,BB,價格在 BB 中軌上方,None,0.0,0.425,0.3366,0.3366,0.2984,303,12430,0.0056,360.2,362.22,364.23,356.6,2026-08-24,3,False
CTSH,Information Technology,Information Technology Services,RSI,RSI 加速上升,None,0.0,0.5525,0.3359,0.3359,0.3693,131,10688,0.0029,63.06,63.24,63.43,62.43,2026-08-25,3,False
CASY,Consumer Discretionary,Specialty Retail,MACD,MACD 突破 0 軸,None,0.0,0.595,0.3351,,0.3351,0,376,0.0114,854.21,863.95,873.69,845.67,2026-08-24,3,False
IHG,Consumer Discretionary,Lodging,MACD,MACD 突破 0 軸,None,0.0,0.595,0.3351,,0.3351,0,376,0.0114,163.75,165.62,167.48,162.11,2026-08-25,3,False
PNR,Industrials,Specialty Industrial Machinery,BB,BB 中軌向上（上升趨勢）,None,0.0,0.51,0.335,0.335,0.2929,197,17460,0.0051,63.31,63.63,63.96,62.68,2026-08-24,3,False
COST,Consumer Staples,Discount Stores,RSI,RSI 維持強勢 (50-70),None,0.0,0.51,0.3347,0.3347,0.2452,251,7574,0.0061,960.01,965.87,971.72,950.41,2026-08-25,3,False
APP,Communication Services,Advertising Agencies,KDJ,KDJ 金叉,None,0.0,0.5525,0.3345,,0.3345,0,550,0.0065,310.54,312.56,314.58,307.43,2026-08-25,3,False
NTES,Communication Services,Electronic Gaming & Multimedia,KDJ,KDJ 金叉,None,0.0,0.5525,0.3345,,0.3345,0,550,0.0065,128.17,129.0,129.84,126.89,2026-08-21,3,False
RDDT,Communication Services,Internet Content & Information,KDJ,KDJ 金叉,None,0.0,0.5525,0.3345,,0.3345,0,550,0.0065,162.45,163.51,164.56,160.83,2026-08-25,3,False
TIGO,Communication Services,Telecom Services,KDJ,KDJ 金叉,None,0.0,0.5525,0.3345,,0.3345,0,550,0.0065,93.68,94.29,94.9,92.74,2026-08-21,3,False
TLK,Communication Services,Telecom Services,KDJ,KDJ 金叉,None,0.0,0.5525,0.3345,,0.3345,0,550,0.0065,14.99,15.09,15.18,14.84,2026-08-21,3,False
TME,Communication Services,Internet Content & Information,KDJ,KDJ 金叉,None,0.0,0.5525,0.3345,,0.3345,0,550,0.0065,8.8,8.86,8.91,8.71,2026-08-21,3,False
EXPD,Industrials,Integrated Freight & Logistics,BB,BB 中軌向上（上升趨勢）,Consolidation Breakout,0.73,1.0,0.3333,0.3333,0.2371,27,2117,0.0062,189.05,190.22,191.39,187.16,2026-08-25,3,False
TAP,Consumer Staples,Beverages - Brewers,MACD,MACD 金叉 (多頭區),None,0.0,0.68,0.3333,0.3333,0.2554,6,184,0.0007,42.99,43.02,43.05,42.56,2026-08-24,3,False
YUM,Consumer Discretionary,Restaurants,MACD,MACD 金叉 (多頭區),None,0.0,0.68,0.3333,0.3333,0.37,6,273,0.0019,157.35,157.65,157.95,155.78,2026-08-24,3,False
CCZ,Communication Services,Cable & Satellite,MACD,MACD 突破 0 軸,None,0.0,0.595,0.3333,,0.3333,0,165,0.0084,66.45,67.01,67.57,65.79,2026-08-24,3,False
TMUS,Communication Services,Telecom Services,MACD,MACD 突破 0 軸,None,0.0,0.595,0.3333,,0.3333,0,165,0.0084,183.04,184.58,186.12,181.21,2026-08-21,3,False
CINF,Financials,Insurance - Property & Casualty,KDJ,KDJ 金叉,None,0.0,0.5525,0.3333,0.3333,0.3142,30,1932,0.0046,171.21,172.0,172.79,169.5,2026-08-24,3,False
CRL,Health Care,Diagnostics & Research,RSI,RSI 加速上升,None,0.0,0.5525,0.3333,0.3333,0.2803,174,8492,-0.007,297.64,295.56,293.47,294.66,2026-08-25,3,False
GPC,Consumer Discretionary,Auto Parts,KDJ,KDJ 金叉,None,0.0,0.5525,0.3333,0.3333,0.3183,21,1244,-0.0037,135.69,135.19,134.69,134.33,2026-08-24,3,False
KIM,Real Estate,REIT - Retail,KDJ,KDJ 金叉,None,0.0,0.5525,0.3333,0.3333,0.2818,15,550,0.0056,24.22,24.36,24.49,23.98,2026-08-24,3,False
PCG,Utilities,Utilities - Regulated Electric,KDJ,KDJ 金叉,None,0.0,0.5525,0.3333,0.3333,0.3001,18,713,0.0047,18.11,18.2,18.28,17.93,2026-08-24,3,False
VRSK,Industrials,Consulting Services,RSI,RSI 加速上升,None,0.0,0.5525,0.3333,0.3333,0.3379,6,651,0.003,188.49,189.06,189.62,186.61,2026-08-25,3,True
AOS,Industrials,Specialty Industrial Machinery,BB,BB 中軌向上（上升趨勢）,None,0.0,0.51,0.3333,0.3333,0.2929,138,17460,0.0049,62.15,62.45,62.76,61.53,2026-08-25,3,False
CAG,Consumer Staples,Packaged Foods,BB,BB 中軌向上（上升趨勢）,None,0.0,0.51,0.3333,0.3333,0.2466,114,6128,0.0085,16.27,16.41,16.55,16.11,2026-08-25,3,False
DIS,Communication Services,Entertainment,RSI,RSI 動能加速（強勢區）,None,0.0,0.51,0.3333,0.3333,0.3135,27,772,0.0013,110.61,110.75,110.9,109.5,2026-08-24,3,False
JPM,Financials,Banks - Diversified,RSI,RSI 維持強勢 (50-70),None,0.0,0.51,0.3333,0.3333,0.2842,282,19108,0.005,356.69,358.47,360.26,353.12,2026-08-25,3,False
MRK,Health Care,Drug Manufacturers - General,BB,BB 中軌向上（上升趨勢）,None,0.0,0.51,0.3333,0.3333,0.3402,12,579,0.0073,152.55,153.66,154.78,151.02,2026-08-21,3,True
DG,Consumer Staples,Discount Stores,RSI,RSI 上穿 50 中性線,None,0.0,0.4675,0.3333,0.3333,0.2565,24,928,0.0012,123.41,123.56,123.71,122.18,2026-08-21,3,False
ROST,Consumer Discretionary,Apparel Retail,RSI,RSI 上穿 50 中性線,None,0.0,0.4675,0.3333,0.3333,0.3072,12,1123,0.0073,241.52,243.28,245.05,239.1,2026-08-24,3,False
TKO,Communication Services,Entertainment,BB,價格在 BB 中軌上方,None,0.0,0.425,0.3333,0.3333,0.3007,258,6080,0.0028,193.41,193.95,194.49,191.48,2026-08-25,3,False
BDRX,Health Care,Biotechnology,RSI,RSI 維持超賣,None,0.0,0.385,0.3333,,0.3333,0,141,-0.0008,1.18,1.18,1.18,1.17,2026-08-25,3,True
MNST,Consumer Staples,Beverages - Non-Alcoholic,RSI,RSI 維持超賣,None,0.0,0.385,0.3333,0.3333,0.2366,9,744,-0.0022,48.73,48.62,48.52,48.24,2026-08-25,3,False
CHTR,Communication Services,Telecom Services,RSI,RSI 維持強勢 (50-70),None,0.0,0.51,0.3315,0.3315,0.3082,178,5205,-0.0055,155.14,154.29,153.43,153.59,2026-08-25,3,False
HSIC,Health Care,Medical Distribution,BB,價格在 BB 中軌上方,None,0.0,0.425,0.3314,0.3314,0.2804,169,14417,-0.0009,89.65,89.57,89.49,88.75,2026-08-25,3,False
ARES,Financials,Asset Management,RSI,RSI 維持強勢 (50-70),None,0.0,0.51,0.3313,0.3313,0.2842,329,19108,0.0049,142.76,143.46,144.16,141.33,2026-08-25,3,False
VEEV,Health Care,Health Information Services,RSI,RSI 維持強勢 (50-70),None,0.0,0.51,0.3311,0.3311,0.2772,148,12123,-0.0013,246.78,246.46,246.14,244.31,2026-08-25,3,False
MSCI,Financials,Financial Data & Stock Exchanges,RSI,RSI 加速上升,None,0.0,0.5525,0.3305,0.3305,0.3014,118,11488,0.0064,571.36,575.02,578.67,565.65,2026-08-24,3,False
BE,Industrials,Electrical Equipment & Parts,MACD,MACD 金叉 (空頭區),None,0.0,0.42,0.3303,,0.3303,0,875,0.0053,217.45,218.6,219.75,215.28,2026-08-25,3,False
LTM,Industrials,Airlines,MACD,MACD 金叉 (空頭區),None,0.0,0.42,0.3303,,0.3303,0,875,0.0053,54.7,54.99,55.28,54.15,2026-08-25,3,False
PAC,Industrials,Airports & Air Services,MACD,MACD 金叉 (空頭區),None,0.0,0.42,0.3303,,0.3303,0,875,0.0053,212.18,213.3,214.43,210.06,2026-08-21,3,False
PWR,Industrials,Engineering & Construction,BB,BB 中軌向上（上升趨勢）,None,0.0,0.51,0.3297,0.3297,0.2929,273,17460,0.0054,603.78,607.04,610.3,597.74,2026-08-25,3,False
AA,Materials,Aluminum,RSI,RSI 上穿 50 中性線,None,0.0,0.4675,0.3294,,0.3294,0,595,0.0031,51.28,51.44,51.6,50.77,2026-08-25,3,False
UBS,Financials,Banks - Diversified,RSI,RSI 維持強勢 (50-70),Support,0.8,1.0,0.3276,,0.3276,0,58,0.0022,53.29,53.41,53.52,52.76,2026-08-21,3,False
QCOM,Information Technology,Semiconductors,BB,價格在 BB 中軌上方,None,0.0,0.425,0.3268,0.3268,0.3573,257,20206,0.0105,160.56,162.25,163.93,158.95,2026-08-25,3,False
LEN,Consumer Discretionary,Residential Construction,RSI,RSI 加速上升,None,0.0,0.5525,0.3265,0.3265,0.3117,147,6796,0.0031,87.68,87.95,88.22,86.8,2026-08-25,3,False
DINO,Energy,Oil & Gas Refining & Marketing,RSI,RSI 動能加速（強勢區）,None,0.0,0.51,0.3265,,0.3265,0,873,0.0005,97.32,97.37,97.42,96.35,2026-08-21,3,False
PAA,Energy,Oil & Gas Midstream,RSI,RSI 動能加速（強勢區）,None,0.0,0.51,0.3265,,0.3265,0,873,0.0005,24.96,24.97,24.98,24.71,2026-08-24,3,False
BPYPN,Real Estate,Real Estate Services,RSI,RSI 維持強勢 (50-70),None,0.0,0.51,0.3261,,0.3261,0,230,0.0069,13.98,14.08,14.17,13.84,2026-08-25,3,True
BPYPO,Real Estate,Real Estate Services,RSI,RSI 維持強勢 (50-70),None,0.0,0.51,0.3261,,0.3261,0,230,0.0069,15.41,15.52,15.62,15.26,2026-08-25,3,True
AXON,Industrials,Aerospace & Defense,RSI,RSI 維持強勢 (50-70),None,0.0,0.51,0.3255,0.3255,0.2986,212,19157,-0.0009,613.26,612.71,612.16,607.13,2026-08-25,3,False
URI,Industrials,Rental & Leasing Services,BB,BB 中軌向上（上升趨勢）,None,0.0,0.51,0.3255,0.3255,0.2929,212,17460,0.0057,1098.51,1104.77,1111.03,1087.52,2026-08-21,3,False
NYT,Communication Services,Publishing,MACD,MACD 金叉 (空頭區),None,0.0,0.42,0.3254,,0.3254,0,252,0.0044,67.49,67.79,68.08,66.82,2026-08-24,3,False
TIMB,Communication Services,Telecom Services,MACD,MACD 金叉 (空頭區),None,0.0,0.42,0.3254,,0.3254,0,252,0.0044,17.84,17.92,18.0,17.66,2026-08-21,3,False
VIV,Communication Services,Telecom Services,MACD,MACD 金叉 (空頭區),None,0.0,0.42,0.3254,,0.3254,0,252,0.0044,11.65,11.7,11.75,11.53,2026-08-25,3,False
HLT,Consumer Discretionary,Lodging,RSI,RSI 維持強勢 (50-70),None,0.0,0.51,0.3247,0.3247,0.2995,308,10441,0.0057,329.31,331.19,333.06,326.02,2026-08-25,3,False
NBIS,Communication Services,Internet Content & Information,RSI,RSI 上穿 50 中性線,None,0.0,0.4675,0.3243,,0.3243,0,518,0.004,221.97,222.86,223.75,219.75,2026-08-25,3,False
PINS,Communication Services,Internet Content & Information,RSI,RSI 上穿 50 中性線,None,0.0,0.4675,0.3243,,0.3243,0,518,0.004,23.4,23.49,23.59,23.17,2026-08-21,3,False
WYNN,Consumer Discretionary,Resorts & Casinos,RSI,RSI 維持強勢 (50-70),None,0.0,0.51,0.3239,0.3239,0.2995,176,10441,0.0085,98.74,99.58,100.42,97.75,2026-08-25,3,False
HDB,Financials,Banks - Regional,BB,價格在 BB 中軌上方,None,0.0,0.425,0.3239,,0.3239,0,852,0.0045,23.63,23.74,23.84,23.39,2026-08-25,3,True
A,Health Care,Diagnostics & Research,RSI,RSI 維持強勢 (50-70),None,0.0,0.51,0.3237,0.3237,0.2772,207,12123,0.0002,154.77,154.8,154.83,153.22,2026-08-25,3,False
RIVN,Consumer Discretionary,Auto Manufacturers,MACD,MACD 金叉 (空頭區),None,0.0,0.42,0.3233,,0.3233,0,529,0.0066,16.97,17.08,17.19,16.8,2026-08-21,3,False
STLA,Consumer Discretionary,Auto Manufacturers,MACD,MACD 金叉 (空頭區),None,0.0,0.42,0.3233,,0.3233,0,529,0.0066,5.41,5.45,5.48,5.36,2026-08-21,3,False
NKE,Consumer Discretionary,Footwear & Accessories,RSI,RSI 加速上升,None,0.0,0.5525,0.3228,0.3228,0.3117,158,6796,-0.0048,40.75,40.55,40.36,40.34,2026-08-24,3,False
BP,Energy,Oil & Gas Integrated,RSI,RSI 加速上升,None,0.0,0.5525,0.3227,,0.3227,0,3306,0.0024,44.76,44.87,44.97,44.31,2026-08-21,3,False
CNQ,Energy,Oil & Gas E&P,RSI,RSI 加速上升,None,0.0,0.5525,0.3227,,0.3227,0,3306,0.0024,51.4,51.52,51.65,50.89,2026-08-21,3,False
IMO,Energy,Oil & Gas Integrated,RSI,RSI 加速上升,None,0.0,0.5525,0.3227,,0.3227,0,3306,0.0024,138.05,138.38,138.71,136.67,2026-08-21,3,False
LNG,Energy,Oil & Gas Midstream,RSI,RSI 加速上升,None,0.0,0.5525,0.3227,,0.3227,0,3306,0.0024,280.79,281.46,282.14,277.98,2026-08-24,3,False
OVV,Energy,Oil & Gas E&P,RSI,RSI 加速上升,None,0.0,0.5525,0.3227,,0.3227,0,3306,0.0024,66.82,66.98,67.14,66.15,2026-08-21,3,False
PBR,Energy,Oil & Gas Integrated,RSI,RSI 加速上升,None,0.0,0.5525,0.3227,,0.3227,0,3306,0.0024,18.6043,18.65,18.69,18.42,2026-08-21,3,False
PR,Energy,Oil & Gas E&P,RSI,RSI 加速上升,None,0.0,0.5525,0.3227,,0.3227,0,3306,0.0024,23.69,23.75,23.8,23.45,2026-08-24,3,False
SHEL,Energy,Oil & Gas Integrated,RSI,RSI 加速上升,None,0.0,0.5525,0.3227,,0.3227,0,3306,0.0024,93.33,93.55,93.78,92.4,2026-08-21,3,False
SU,Energy,Oil & Gas Integrated,RSI,RSI 加速上升,None,0.0,0.5525,0.3227,,0.3227,0,3306,0.0024,68.42,68.58,68.75,67.74,2026-08-21,3,False
VNOM,Energy,Oil & Gas Midstream,RSI,RSI 加速上升,None,0.0,0.5525,0.3227,,0.3227,0,3306,0.0024,44.71,44.82,44.92,44.26,2026-08-24,3,False
WDS,Energy,Oil & Gas E&P,RSI,RSI 加速上升,None,0.0,0.5525,0.3227,,0.3227,0,3306,0.0024,24.33,24.39,24.45,24.09,2026-08-21,3,False
GM,Consumer Discretionary,Auto Manufacturers,RSI,RSI 動能加速（強勢區）,None,0.0,0.51,0.3226,0.3226,0.3027,31,1665,-0.0134,87.93,86.75,85.57,87.05,2026-08-21,3,False
AER,Industrials,Rental & Leasing Services,KDJ,KDJ 金叉,None,0.0,0.5525,0.3223,,0.3223,0,2110,0.0051,147.44,148.19,148.94,145.97,2026-08-25,3,False
GFL,Industrials,Waste Management,KDJ,KDJ 金叉,None,0.0,0.5525,0.3223,,0.3223,0,2110,0.0051,41.5,41.71,41.92,41.09,2026-08-24,3,False
RYAAY,Industrials,Airlines,KDJ,KDJ 金叉,None,0.0,0.5525,0.3223,,0.3223,0,2110,0.0051,56.59,56.88,57.17,56.02,2026-08-24,3,False
SWKS,Information Technology,Semiconductors,RSI,RSI 維持強勢 (50-70),None,0.0,0.51,0.3218,0.3218,0.3645,174,16764,-0.0005,66.86,66.83,66.79,66.19,2026-08-24,3,False
IT,Information Technology,Information Technology Services,RSI,RSI 動能加速（強勢區）,None,0.0,0.51,0.3214,0.3214,0.366,28,2885,0.0013,202.78,203.04,203.31,200.75,2026-08-24,3,False
BBDO,Financials,Banks - Regional,MACD,MACD 金叉 (空頭區),None,0.0,0.42,0.3214,,0.3214,0,865,0.0073,3.19,3.21,3.24,3.16,2026-08-25,3,False
HBANM,Financials,Banks - Regional,MACD,MACD 金叉 (空頭區),None,0.0,0.42,0.3214,,0.3214,0,865,0.0073,20.5,20.65,20.8,20.29,2026-08-25,3,False
PUK,Financials,Insurance - Life,MACD,MACD 金叉 (空頭區),None,0.0,0.42,0.3214,,0.3214,0,865,0.0073,28.43,28.64,28.85,28.15,2026-08-25,3,False
REGN,Health Care,Biotechnology,BB,價格在 BB 中軌上方,None,0.0,0.425,0.3207,0.3207,0.2804,290,14417,0.0008,833.56,834.23,834.89,825.22,2026-08-25,3,False
MMM,Industrials,Conglomerates,BB,BB 中軌向上（上升趨勢）,None,0.0,0.51,0.3206,0.3206,0.2929,209,17460,0.0049,179.37,180.25,181.13,177.58,2026-08-25,3,False
MSFT,Information Technology,Software - Infrastructure,KDJ,KDJ 金叉,None,0.0,0.5525,0.32,0.32,0.3918,25,1955,0.0095,491.71,496.38,501.05,486.79,2026-08-25,3,False
DRI,Consumer Discretionary,Restaurants,RSI,RSI 動能加速（強勢區）,None,0.0,0.51,0.32,0.32,0.3027,25,1665,0.001,225.56,225.79,226.01,223.3,2026-08-24,3,False
CRM,Information Technology,Software - Application,RSI,RSI 加速上升,None,0.0,0.5525,0.3195,0.3195,0.3693,169,10688,-0.0026,209.06,208.52,207.97,206.97,2026-08-24,3,False
DOC,Real Estate,REIT - Healthcare Facilities,RSI,RSI 維持強勢 (50-70),None,0.0,0.51,0.3188,0.3188,0.2509,207,7011,0.004,21.66,21.75,21.83,21.44,2026-08-25,3,False
EQT,Energy,Oil & Gas E&P,RSI,RSI 維持強勢 (50-70),None,0.0,0.51,0.3186,0.3186,0.2963,204,4891,-0.001,54.0,53.95,53.89,53.46,2026-08-25,3,False
CART,Consumer Discretionary,Internet Retail,KDJ,KDJ 金叉,None,0.0,0.5525,0.3183,,0.3183,0,1244,0.0033,51.78,51.95,52.12,51.26,2026-08-24,3,False
CCK,Consumer Discretionary,Packaging & Containers,KDJ,KDJ 金叉,None,0.0,0.5525,0.3183,,0.3183,0,1244,0.0033,119.47,119.86,120.26,118.28,2026-08-21,3,False
DKNG,Consumer Discretionary,Gambling,KDJ,KDJ 金叉,None,0.0,0.5525,0.3183,,0.3183,0,1244,0.0033,25.97,26.06,26.14,25.71,2026-08-24,3,False
JD,Consumer Discretionary,Internet Retail,KDJ,KDJ 金叉,None,0.0,0.5525,0.3183,,0.3183,0,1244,0.0033,29.36,29.46,29.55,29.07,2026-08-25,3,False
NIO,Consumer Discretionary,Auto Manufacturers,KDJ,KDJ 金叉,None,0.0,0.5525,0.3183,,0.3183,0,1244,0.0033,4.45,4.46,4.48,4.41,2026-08-25,3,False
PAG,Consumer Discretionary,Auto & Truck Dealerships,KDJ,KDJ 金叉,None,0.0,0.5525,0.3183,,0.3183,0,1244,0.0033,218.07,218.79,219.51,215.89,2026-08-24,3,False
SE,Consumer Discretionary,Internet Retail,KDJ,KDJ 金叉,None,0.0,0.5525,0.3183,,0.3183,0,1244,0.0033,123.18,123.59,123.99,121.95,2026-08-25,3,False
SW,Consumer Discretionary,Packaging & Containers,KDJ,KDJ 金叉,None,0.0,0.5525,0.3183,,0.3183,0,1244,0.0033,49.43,49.59,49.76,48.94,2026-08-25,3,False
TOL,Consumer Discretionary,Residential Construction,KDJ,KDJ 金叉,None,0.0,0.5525,0.3183,,0.3183,0,1244,0.0033,147.09,147.58,148.06,145.62,2026-08-21,3,False
W,Consumer Discretionary,Internet Retail,KDJ,KDJ 金叉,None,0.0,0.5525,0.3183,,0.3183,0,1244,0.0033,104.53,104.87,105.22,103.48,2026-08-25,3,False
AZO,Consumer Discretionary,Auto Parts,KDJ,KDJ 金叉,None,0.0,0.5525,0.3182,0.3182,0.3183,22,1244,0.0145,3027.3401,3071.24,3115.13,2997.07,2026-08-25,3,False
SWK,Industrials,Tools & Accessories,BB,價格在 BB 中軌上方,None,0.0,0.425,0.3182,0.3182,0.295,198,22337,-0.0023,100.02,99.79,99.56,99.02,2026-08-21,3,False
GSK,Health Care,Drug Manufacturers - General,MACD,MACD 突破 0 軸,None,0.0,0.595,0.3171,,0.3171,0,432,0.0028,52.07,52.22,52.36,51.55,2026-08-25,3,False
IONS,Health Care,Biotechnology,MACD,MACD 突破 0 軸,None,0.0,0.595,0.3171,,0.3171,0,432,0.0028,63.57,63.75,63.93,62.93,2026-08-25,3,False
KRYS,Health Care,Biotechnology,MACD,MACD 突破 0 軸,None,0.0,0.595,0.3171,,0.3171,0,432,0.0028,356.19,357.19,358.18,352.63,2026-08-25,3,False
STT,Financials,Asset Management,RSI,RSI 維持強勢 (50-70),None,0.0,0.51,0.316,0.316,0.2842,288,19108,0.0038,192.95,193.68,194.42,191.02,2026-08-25,3,False
STZ,Consumer Staples,Beverages - Brewers,RSI,RSI 動能加速（強勢區）,None,0.0,0.51,0.3158,0.3158,0.2456,19,1148,-0.0011,137.6,137.45,137.3,136.22,2026-08-24,3,False
HAL,Energy,Oil & Gas Equipment & Services,BB,BB 中軌向上（上升趨勢）,None,0.0,0.51,0.3147,0.3147,0.2962,251,4484,-0.0017,33.8,33.74,33.69,33.46,2026-08-25,3,False
DOW,Materials,Chemicals,RSI,RSI 加速上升,None,0.0,0.5525,0.3145,0.3145,0.3048,159,3639,-0.0053,32.35,32.18,32.01,32.03,2026-08-21,3,False
ELAN,Health Care,Drug Manufacturers - Specialty & Generic,RSI,RSI 上穿 50 中性線,None,0.0,0.4675,0.3144,,0.3144,0,1323,0.003,24.42,24.49,24.57,24.18,2026-08-24,3,False
NVO,Health Care,Drug Manufacturers - General,RSI,RSI 上穿 50 中性線,None,0.0,0.4675,0.3144,,0.3144,0,1323,0.003,48.66,48.81,48.95,48.17,2026-08-25,3,False
AFRM,Financials,Credit Services,KDJ,KDJ 金叉,None,0.0,0.5525,0.3142,,0.3142,0,1932,0.0041,77.03,77.35,77.66,76.26,2026-08-21,3,False
ARCC,Financials,Asset Management,KDJ,KDJ 金叉,None,0.0,0.5525,0.3142,,0.3142,0,1932,0.0041,20.05,20.13,20.21,19.85,2026-08-24,3,False
BAP,Financials,Banks - Regional,KDJ,KDJ 金叉,None,0.0,0.5525,0.3142,,0.3142,0,1932,0.0041,378.97,380.52,382.08,375.18,2026-08-21,3,False
BBVA,Financials,Banks - Diversified,KDJ,KDJ 金叉,None,0.0,0.5525,0.3142,,0.3142,0,1932,0.0041,29.21,29.33,29.45,28.92,2026-08-24,3,False
BCS,Financials,Banks - Diversified,KDJ,KDJ 金叉,None,0.0,0.5525,0.3142,,0.3142,0,1932,0.0041,27.23,27.34,27.45,26.96,2026-08-25,3,False
BSBR,Financials,Banks - Regional,KDJ,KDJ 金叉,None,0.0,0.5525,0.3142,,0.3142,0,1932,0.0041,5.74,5.76,5.79,5.68,2026-08-21,3,False
CET,Financials,Asset Management,KDJ,KDJ 金叉,None,0.0,0.5525,0.3142,,0.3142,0,1932,0.0041,55.29,55.52,55.74,54.74,2026-08-25,3,False
CG,Financials,Asset Management,KDJ,KDJ 金叉,None,0.0,0.5525,0.3142,,0.3142,0,1932,0.0041,49.14,49.34,49.54,48.65,2026-08-24,3,False
HSBC,Financials,Banks - Diversified,KDJ,KDJ 金叉,None,0.0,0.5525,0.3142,,0.3142,0,1932,0.0041,104.15,104.58,105.0,103.11,2026-08-21,3,False
IX,Financials,Financial Conglomerates,KDJ,KDJ 金叉,None,0.0,0.5525,0.3142,,0.3142,0,1932,0.0041,39.11,39.27,39.43,38.72,2026-08-24,3,False
KB,Financials,Banks - Regional,KDJ,KDJ 金叉,None,0.0,0.5525,0.3142,,0.3142,0,1932,0.0041,117.96,118.44,118.93,116.78,2026-08-21,3,False
LYG,Financials,Banks - Regional,KDJ,KDJ 金叉,None,0.0,0.5525,0.3142,,0.3142,0,1932,0.0041,6.08,6.1,6.13,6.02,2026-08-25,3,False
MKL,Financials,Insurance - Property & Casualty,KDJ,KDJ 金叉,None,0.0,0.5525,0.3142,,0.3142,0,1932,0.0041,1817.3,1824.75,1832.2,1799.13,2026-08-24,3,False
NMR,Financials,Capital Markets,KDJ,KDJ 金叉,None,0.0,0.5525,0.3142,,0.3142,0,1932,0.0041,9.76,9.8,9.84,9.66,2026-08-24,3,False
NU,Financials,Banks - Regional,KDJ,KDJ 金叉,None,0.0,0.5525,0.3142,,0.3142,0,1932,0.0041,14.58,14.64,14.7,14.43,2026-08-21,3,False
NWG,Financials,Banks - Regional,KDJ,KDJ 金叉,None,0.0,0.5525,0.3142,,0.3142,0,1932,0.0041,18.87,18.95,19.02,18.68,2026-08-25,3,False
ORI,Financials,Insurance - Property & Casualty,KDJ,KDJ 金叉,None,0.0,0.5525,0.3142,,0.3142,0,1932,0.0041,42.11,42.28,42.46,41.69,2026-08-25,3,False
SAN,Financials,Banks - Diversified,KDJ,KDJ 金叉,None,0.0,0.5525,0.3142,,0.3142,0,1932,0.0041,14.72,14.78,14.84,14.57,2026-08-24,3,False
SOFI,Financials,Credit Services,KDJ,KDJ 金叉,None,0.0,0.5525,0.3142,,0.3142,0,1932,0.0041,19.0,19.08,19.16,18.81,2026-08-25,3,False
TW,Financials,Capital Markets,KDJ,KDJ 金叉,None,0.0,0.5525,0.3142,,0.3142,0,1932,0.0041,107.04,107.48,107.92,105.97,2026-08-21,3,False
WF,Financials,Banks - Regional,KDJ,KDJ 金叉,None,0.0,0.5525,0.3142,,0.3142,0,1932,0.0041,69.51,69.79,70.08,68.81,2026-08-24,3,False
WULF,Financials,Capital Markets,KDJ,KDJ 金叉,None,0.0,0.5525,0.3142,,0.3142,0,1932,0.0041,16.32,16.39,16.45,16.16,2026-08-25,3,False
AMRZ,Materials,Building Materials,KDJ,KDJ 金叉,None,0.0,0.5525,0.314,,0.314,0,637,0.0047,45.68,45.89,46.11,45.22,2026-08-21,3,False
MT,Materials,Steel,KDJ,KDJ 金叉,None,0.0,0.5525,0.314,,0.314,0,637,0.0047,73.62,73.97,74.31,72.88,2026-08-25,3,False
PKX,Materials,Steel,KDJ,KDJ 金叉,None,0.0,0.5525,0.314,,0.314,0,637,0.0047,59.42,59.7,59.98,58.83,2026-08-25,3,False
FWONA,Communication Services,Entertainment,RSI,RSI 動能加速（強勢區）,None,0.0,0.51,0.3135,,0.3135,0,772,0.0011,98.18,98.29,98.4,97.2,2026-08-24,3,False
FWONK,Communication Services,Entertainment,RSI,RSI 動能加速（強勢區）,None,0.0,0.51,0.3135,,0.3135,0,772,0.0011,106.66,106.78,106.89,105.59,2026-08-24,3,False
SKM,Communication Services,Telecom Services,RSI,RSI 動能加速（強勢區）,None,0.0,0.51,0.3135,,0.3135,0,772,0.0011,40.29,40.33,40.38,39.89,2026-08-21,3,False
WMG,Communication Services,Entertainment,RSI,RSI 動能加速（強勢區）,None,0.0,0.51,0.3135,,0.3135,0,772,0.0011,27.76,27.79,27.82,27.48,2026-08-24,3,False
PYPL,Financials,Credit Services,RSI,RSI 維持強勢 (50-70),None,0.0,0.51,0.3128,0.3128,0.2842,211,19108,-0.0065,61.68,61.28,60.88,61.06,2026-08-24,3,False
MKC,Consumer Staples,Packaged Foods,KDJ,KDJ 金叉,None,0.0,0.5525,0.3125,0.3125,0.2503,16,779,-0.0022,56.2,56.08,55.95,55.64,2026-08-24,3,False
VMC,Materials,Building Materials,KDJ,KDJ 金叉,None,0.0,0.5525,0.3125,0.3125,0.314,32,637,0.0099,274.09,276.8,279.52,271.35,2026-08-25,3,False
HIG,Financials,Insurance - Diversified,RSI,RSI 上穿 50 中性線,None,0.0,0.4675,0.3125,0.3125,0.3091,32,1899,0.0056,138.98,139.76,140.54,137.59,2026-08-24,3,False
GD,Industrials,Aerospace & Defense,BB,BB 跌破下軌 (超賣),None,0.0,0.45499999999999996,0.3125,0.3125,0.2838,16,1258,0.0183,376.58,383.47,390.36,372.81,2026-08-25,3,False
PGR,Financials,Insurance - Property & Casualty,BB,BB 中軌向上（上升趨勢）,None,0.0,0.51,0.3119,0.3119,0.2681,202,16575,0.0077,222.09,223.8,225.51,219.87,2026-08-25,3,False
AMCR,Consumer Discretionary,Packaging & Containers,RSI,RSI 加速上升,None,0.0,0.5525,0.3117,,0.3117,0,6796,0.004,47.91,48.1,48.29,47.43,2026-08-24,3,False
BROS,Consumer Discretionary,Restaurants,RSI,RSI 加速上升,None,0.0,0.5525,0.3117,,0.3117,0,6796,0.004,51.08,51.28,51.49,50.57,2026-08-25,3,False
CPNG,Consumer Discretionary,Internet Retail,RSI,RSI 加速上升,None,0.0,0.5525,0.3117,,0.3117,0,6796,0.004,16.69,16.76,16.82,16.52,2026-08-25,3,False
FLUT,Consumer Discretionary,Gambling,RSI,RSI 加速上升,None,0.0,0.5525,0.3117,,0.3117,0,6796,0.004,102.06,102.47,102.88,101.04,2026-08-25,3,False
HMC,Consumer Discretionary,Auto Manufacturers,RSI,RSI 加速上升,None,0.0,0.5525,0.3117,,0.3117,0,6796,0.004,33.37,33.5,33.64,33.04,2026-08-21,3,False
HTHT,Consumer Discretionary,Lodging,RSI,RSI 加速上升,None,0.0,0.5525,0.3117,,0.3117,0,6796,0.004,49.47,49.67,49.87,48.98,2026-08-25,3,False
LI,Consumer Discretionary,Auto Manufacturers,RSI,RSI 加速上升,None,0.0,0.5525,0.3117,,0.3117,0,6796,0.004,13.05,13.1,13.15,12.92,2026-08-21,3,False
PDD,Consumer Discretionary,Internet Retail,RSI,RSI 加速上升,None,0.0,0.5525,0.3117,,0.3117,0,6796,0.004,88.38,88.73,89.09,87.5,2026-08-21,3,False
QSR,Consumer Discretionary,Restaurants,RSI,RSI 加速上升,None,0.0,0.5525,0.3117,,0.3117,0,6796,0.004,81.57,81.9,82.22,80.75,2026-08-24,3,False
RACE,Consumer Discretionary,Auto Manufacturers,RSI,RSI 加速上升,None,0.0,0.5525,0.3117,,0.3117,0,6796,0.004,436.54,438.29,440.03,432.17,2026-08-21,3,False
ROL,Consumer Discretionary,Personal Services,RSI,RSI 加速上升,None,0.0,0.5525,0.3117,,0.3117,0,6796,0.004,36.36,36.51,36.65,36.0,2026-08-25,3,False
SCI,Consumer Discretionary,Personal Services,RSI,RSI 加速上升,None,0.0,0.5525,0.3117,,0.3117,0,6796,0.004,84.45,84.79,85.13,83.61,2026-08-25,3,False
TCOM,Consumer Discretionary,Travel Services,RSI,RSI 加速上升,None,0.0,0.5525,0.3117,,0.3117,0,6796,0.004,45.98,46.16,46.35,45.52,2026-08-25,3,False
BIDU,Communication Services,Internet Content & Information,RSI,RSI 加速上升,None,0.0,0.5525,0.3116,,0.3116,0,3322,0.0033,93.43,93.74,94.05,92.5,2026-08-25,3,False
CHT,Communication Services,Telecom Services,RSI,RSI 加速上升,None,0.0,0.5525,0.3116,,0.3116,0,3322,0.0033,43.17,43.31,43.45,42.74,2026-08-24,3,False
RBLX,Communication Services,Electronic Gaming & Multimedia,RSI,RSI 加速上升,None,0.0,0.5525,0.3116,,0.3116,0,3322,0.0033,39.12,39.25,39.38,38.73,2026-08-25,3,False
SPOT,Communication Services,Internet Content & Information,RSI,RSI 加速上升,None,0.0,0.5525,0.3116,,0.3116,0,3322,0.0033,537.84,539.61,541.39,532.46,2026-08-24,3,False
LMT,Industrials,Aerospace & Defense,BB,BB 中軌向上（上升趨勢）,None,0.0,0.51,0.3116,0.3116,0.2929,215,17460,0.0073,564.14,568.26,572.38,558.5,2026-08-24,3,False
F,Consumer Discretionary,Auto Manufacturers,RSI,RSI 維持強勢 (50-70),None,0.0,0.51,0.3109,0.3109,0.2995,238,10441,-0.003,14.41,14.37,14.32,14.27,2026-08-21,3,False
CDE,Materials,Gold,BB,BB 中軌向上（上升趨勢）,Cup & Handle,0.85,1.0,0.3108,,0.3108,0,2027,0.0013,20.97,21.0,21.02,20.76,2026-08-21,3,False
HL,Materials,Other Precious Metals & Mining,BB,BB 中軌向上（上升趨勢）,Cup & Handle,0.81,1.0,0.3108,,0.3108,0,2027,0.0013,20.72,20.75,20.77,20.51,2026-08-21,3,False
GILD,Health Care,Drug Manufacturers - General,BB,BB 中軌向上（上升趨勢）,None,0.0,0.51,0.3105,0.3105,0.2705,219,10885,0.005,146.74,147.47,148.21,145.27,2026-08-24,3,False
MCK,Health Care,Medical Distribution,RSI,RSI 上穿 50 中性線,None,0.0,0.4675,0.3103,0.3103,0.3144,29,1323,0.0094,858.9,866.97,875.05,850.31,2026-08-21,3,False
TGT,Consumer Staples,Discount Stores,BB,BB 中軌向上（上升趨勢）,None,0.0,0.51,0.3094,0.3094,0.2466,181,6128,0.0009,163.47,163.62,163.76,161.84,2026-08-25,3,False
IREN,Financials,Capital Markets,RSI,RSI 上穿 50 中性線,None,0.0,0.4675,0.3091,,0.3091,0,1899,0.0046,42.21,42.4,42.6,41.79,2026-08-25,3,False
MFG,Financials,Banks - Regional,RSI,RSI 上穿 50 中性線,None,0.0,0.4675,0.3091,,0.3091,0,1899,0.0046,10.41,10.46,10.51,10.31,2026-08-25,3,False
MUFG,Financials,Banks - Diversified,RSI,RSI 上穿 50 中性線,None,0.0,0.4675,0.3091,,0.3091,0,1899,0.0046,22.23,22.33,22.43,22.01,2026-08-25,3,False
RIOT,Financials,Capital Markets,RSI,RSI 上穿 50 中性線,None,0.0,0.4675,0.3091,,0.3091,0,1899,0.0046,21.3,21.4,21.5,21.09,2026-08-25,3,False
RKT,Financials,Mortgage Finance,RSI,RSI 上穿 50 中性線,None,0.0,0.4675,0.3091,,0.3091,0,1899,0.0046,14.09,14.15,14.22,13.95,2026-08-24,3,False
DRS,Industrials,Aerospace & Defense,RSI,RSI 超賣區域 (30),None,0.0,0.5249999999999999,0.3086,,0.3086,0,337,0.006,39.01,39.24,39.48,38.62,2026-08-24,3,False
IESC,Industrials,Engineering & Construction,RSI,RSI 超賣區域 (30),None,0.0,0.5249999999999999,0.3086,,0.3086,0,337,0.006,324.12,326.06,328.01,320.88,2026-08-24,3,False
RBA,Industrials,Specialty Business Services,RSI,RSI 超賣區域 (30),None,0.0,0.5249999999999999,0.3086,,0.3086,0,337,0.006,83.74,84.24,84.74,82.9,2026-08-24,3,False
NDAQ,Financials,Financial Data & Stock Exchanges,RSI,RSI 維持強勢 (50-70),None,0.0,0.51,0.3086,0.3086,0.2842,269,19108,0.0049,98.73,99.21,99.7,97.74,2026-08-25,3,False
BCE,Communication Services,Telecom Services,RSI,RSI 維持強勢 (50-70),None,0.0,0.51,0.3082,,0.3082,0,5205,0.0026,23.59,23.65,23.71,23.35,2026-08-25,3,False
GSAT,Communication Services,Telecom Services,RSI,RSI 維持強勢 (50-70),None,0.0,0.51,0.3082,,0.3082,0,5205,0.0026,82.03,82.24,82.46,81.21,2026-08-25,3,False
RCI,Communication Services,Telecom Services,RSI,RSI 維持強勢 (50-70),None,0.0,0.51,0.3082,,0.3082,0,5205,0.0026,36.39,36.48,36.58,36.03,2026-08-24,3,False
TMO,Health Care,Diagnostics & Research,BB,價格在 BB 中軌上方,None,0.0,0.425,0.308,0.308,0.2804,237,14417,0.0033,628.15,630.22,632.3,621.87,2026-08-25,3,False
EG,Financials,Insurance - Reinsurance,RSI,RSI 加速上升,None,0.0,0.5525,0.3072,0.3072,0.3014,153,11488,0.0013,375.39,375.88,376.37,371.64,2026-08-25,3,False
BWA,Consumer Discretionary,Auto Parts,RSI,RSI 上穿 50 中性線,None,0.0,0.4675,0.3072,,0.3072,0,1123,0.0037,67.78,68.03,68.28,67.1,2026-08-21,3,False
ISRG,Health Care,Medical Instruments & Supplies,BB,BB 中軌向上（上升趨勢）,None,0.0,0.51,0.306,0.306,0.2705,183,10885,0.007,371.84,374.44,377.05,368.12,2026-08-25,3,False
KVUE,Consumer Staples,Household & Personal Products,RSI,RSI 維持強勢 (50-70),None,0.0,0.51,0.305,0.305,0.2452,200,7574,0.004,19.33,19.41,19.48,19.14,2026-08-25,3,False
AEM,Materials,Gold,RSI,RSI 加速上升,None,0.0,0.5525,0.3048,,0.3048,0,3639,0.0024,224.11,224.65,225.19,221.87,2026-08-25,3,False
AGI,Materials,Gold,RSI,RSI 加速上升,None,0.0,0.5525,0.3048,,0.3048,0,3639,0.0024,39.02,39.11,39.21,38.63,2026-08-25,3,False
B,Materials,Gold,RSI,RSI 加速上升,None,0.0,0.5525,0.3048,,0.3048,0,3639,0.0024,48.87,48.99,49.1,48.38,2026-08-25,3,False
BHP,Materials,Other Industrial Metals & Mining,RSI,RSI 加速上升,None,0.0,0.5525,0.3048,,0.3048,0,3639,0.0024,97.13,97.36,97.6,96.16,2026-08-24,3,False
FNV,Materials,Gold,RSI,RSI 加速上升,None,0.0,0.5525,0.3048,,0.3048,0,3639,0.0024,271.77,272.42,273.07,269.05,2026-08-25,3,False
GFI,Materials,Gold,RSI,RSI 加速上升,None,0.0,0.5525,0.3048,,0.3048,0,3639,0.0024,48.87,48.99,49.1,48.38,2026-08-25,3,False
KGC,Materials,Gold,RSI,RSI 加速上升,None,0.0,0.5525,0.3048,,0.3048,0,3639,0.0024,33.48,33.56,33.64,33.15,2026-08-25,3,False
NTR,Materials,Agricultural Inputs,RSI,RSI 加速上升,None,0.0,0.5525,0.3048,,0.3048,0,3639,0.0024,74.29,74.47,74.65,73.55,2026-08-24,3,False
RGLD,Materials,Gold,RSI,RSI 加速上升,None,0.0,0.5525,0.3048,,0.3048,0,3639,0.0024,267.76,268.4,269.05,265.08,2026-08-25,3,False
RIO,Materials,Other Industrial Metals & Mining,RSI,RSI 加速上升,None,0.0,0.5525,0.3048,,0.3048,0,3639,0.0024,104.8,105.05,105.3,103.75,2026-08-24,3,False
SCCO,Materials,Copper,RSI,RSI 加速上升,None,0.0,0.5525,0.3048,,0.3048,0,3639,0.0024,219.7,220.23,220.75,217.5,2026-08-25,3,False
TECK,Materials,Other Industrial Metals & Mining,RSI,RSI 加速上升,None,0.0,0.5525,0.3048,,0.3048,0,3639,0.0024,71.62,71.79,71.96,70.9,2026-08-25,3,False
WPM,Materials,Gold,RSI,RSI 加速上升,None,0.0,0.5525,0.3048,,0.3048,0,3639,0.0024,163.72,164.11,164.51,162.08,2026-08-25,3,False
FTNT,Information Technology,Software - Infrastructure,KDJ,KDJ 金叉,None,0.0,0.5525,0.3043,0.3043,0.3918,23,1955,-0.0076,153.66,152.49,151.32,152.12,2026-08-25,3,False
ATI,Industrials,Metal Fabrication,RSI,RSI 上穿 50 中性線,None,0.0,0.4675,0.304,,0.304,0,1816,0.0018,209.81,210.19,210.57,207.71,2026-08-24,3,False
CSL,Industrials,Building Products & Equipment,RSI,RSI 上穿 50 中性線,None,0.0,0.4675,0.304,,0.304,0,1816,0.0018,363.27,363.92,364.58,359.64,2026-08-25,3,False
FERG,Industrials,Industrial Distribution,RSI,RSI 上穿 50 中性線,None,0.0,0.4675,0.304,,0.304,0,1816,0.0018,242.24,242.68,243.11,239.82,2026-08-21,3,False
OC,Industrials,Building Products & Equipment,RSI,RSI 上穿 50 中性線,None,0.0,0.4675,0.304,,0.304,0,1816,0.0018,148.06,148.33,148.59,146.58,2026-08-21,3,False
SPCX,Industrials,Aerospace & Defense,RSI,RSI 上穿 50 中性線,None,0.0,0.4675,0.304,,0.304,0,1816,0.0018,136.97,137.22,137.46,135.6,2026-08-21,3,False
PSKY,Communication Services,Entertainment,BB,BB 中軌向上（上升趨勢）,None,0.0,0.51,0.303,0.303,0.2943,165,4771,-0.0014,10.67,10.66,10.64,10.56,2026-08-25,3,False
FMS,Health Care,Medical Care Facilities,KDJ,KDJ 超賣區金叉,None,0.0,0.5599999999999999,0.3027,,0.3027,0,370,0.0035,23.53,23.61,23.69,23.29,2026-08-24,3,False
IP,Consumer Discretionary,Packaging & Containers,RSI,RSI 動能加速（強勢區）,None,0.0,0.51,0.3027,,0.3027,0,1665,0.0035,41.49,41.64,41.78,41.08,2026-08-21,3,False
PKG,Consumer Discretionary,Packaging & Containers,RSI,RSI 動能加速（強勢區）,None,0.0,0.51,0.3027,,0.3027,0,1665,0.0035,252.79,253.67,254.56,250.26,2026-08-21,3,False
EMR,Industrials,Specialty Industrial Machinery,RSI,RSI 維持強勢 (50-70),None,0.0,0.51,0.3019,0.3019,0.2986,212,19157,0.0048,154.96,155.7,156.45,153.41,2026-08-25,3,False
FOXA,Communication Services,Entertainment,BB,價格在 BB 中軌上方,None,0.0,0.425,0.3017,0.3017,0.3007,295,6080,0.0013,70.33,70.42,70.51,69.63,2026-08-25,3,False
BBD,Financials,Banks - Regional,RSI,RSI 加速上升,None,0.0,0.5525,0.3014,,0.3014,0,11488,0.0041,3.25,3.26,3.28,3.22,2026-08-25,3,False
BCH,Financials,Banks - Regional,RSI,RSI 加速上升,None,0.0,0.5525,0.3014,,0.3014,0,11488,0.0041,42.65,42.82,43.0,42.22,2026-08-25,3,False
BPYPM,Financials,Asset Management,RSI,RSI 加速上升,None,0.0,0.5525,0.3014,,0.3014,0,11488,0.0041,16.51,16.58,16.65,16.34,2026-08-24,3,False
BSAC,Financials,Banks - Regional,RSI,RSI 加速上升,None,0.0,0.5525,0.3014,,0.3014,0,11488,0.0041,36.1,36.25,36.4,35.74,2026-08-24,3,False
CIB,Financials,Banks - Regional,RSI,RSI 加速上升,None,0.0,0.5525,0.3014,,0.3014,0,11488,0.0041,101.82,102.24,102.65,100.8,2026-08-24,3,False
GLXY,Financials,Capital Markets,RSI,RSI 加速上升,None,0.0,0.5525,0.3014,,0.3014,0,11488,0.0041,24.79,24.89,24.99,24.54,2026-08-25,3,False
HBANL,Financials,Banks - Regional,RSI,RSI 加速上升,None,0.0,0.5525,0.3014,,0.3014,0,11488,0.0041,25.43,25.53,25.64,25.18,2026-08-24,3,False
HBANP,Financials,Banks - Regional,RSI,RSI 加速上升,None,0.0,0.5525,0.3014,,0.3014,0,11488,0.0041,16.54,16.61,16.68,16.37,2026-08-25,3,False
HUT,Financials,Capital Markets,RSI,RSI 加速上升,None,0.0,0.5525,0.3014,,0.3014,0,11488,0.0041,85.5,85.85,86.2,84.64,2026-08-25,3,False
ITUB,Financials,Banks - Regional,RSI,RSI 加速上升,None,0.0,0.5525,0.3014,,0.3014,0,11488,0.0041,7.66,7.69,7.72,7.58,2026-08-25,3,False
PODD,Health Care,Medical Devices,RSI,RSI 加速上升,None,0.0,0.5525,0.3014,0.3014,0.2803,146,8492,-0.0075,145.42,144.33,143.24,143.97,2026-08-24,3,False
RNR,Financials,Insurance - Reinsurance,RSI,RSI 加速上升,None,0.0,0.5525,0.3014,,0.3014,0,11488,0.0041,329.2,330.55,331.9,325.91,2026-08-25,3,False
RYAN,Financials,Insurance - Specialty,RSI,RSI 加速上升,None,0.0,0.5525,0.3014,,0.3014,0,11488,0.0041,43.93,44.11,44.29,43.49,2026-08-25,3,False
SEIC,Financials,Asset Management,RSI,RSI 加速上升,None,0.0,0.5525,0.3014,,0.3014,0,11488,0.0041,110.98,111.44,111.89,109.87,2026-08-25,3,False
TRU,Financials,Financial Data & Stock Exchanges,RSI,RSI 加速上升,None,0.0,0.5525,0.3014,,0.3014,0,11488,0.0041,85.01,85.36,85.71,84.16,2026-08-25,3,False
VLYPN,Financials,Banks - Regional,RSI,RSI 加速上升,None,0.0,0.5525,0.3014,,0.3014,0,11488,0.0041,25.93,26.04,26.14,25.67,2026-08-24,3,False
COP,Energy,Oil & Gas E&P,RSI,RSI 加速上升,None,0.0,0.5525,0.3011,0.3011,0.3227,176,3306,-0.0002,134.87,134.84,134.82,133.52,2026-08-21,3,False
BG,Consumer Staples,Farm Products,BB,價格在 BB 中軌上方,None,0.0,0.425,0.3007,0.3007,0.2432,276,8891,0.0003,111.71,111.74,111.78,110.59,2026-08-25,3,False
ROKU,Communication Services,Entertainment,BB,價格在 BB 中軌上方,None,0.0,0.425,0.3007,,0.3007,0,6080,0.0027,158.18,158.61,159.03,156.6,2026-08-24,3,False
CSX,Industrials,Railroads,BB,價格在 BB 中軌上方,None,0.0,0.425,0.3006,0.3006,0.295,336,22337,0.0054,51.51,51.79,52.07,50.99,2026-08-25,3,False
WTRG,Utilities,Utilities - Regulated Water,KDJ,KDJ 金叉,None,0.0,0.5525,0.3001,,0.3001,0,713,0.0052,41.34,41.55,41.77,40.93,2026-08-24,3,False
CPT,Real Estate,REIT - Residential,KDJ,KDJ 金叉,None,0.0,0.5525,0.3,0.3,0.2818,20,550,0.0037,109.15,109.55,109.96,108.06,2026-08-24,3,False
PM,Consumer Staples,Tobacco,RSI,RSI 加速上升,None,0.0,0.5525,0.3,0.3,0.2439,160,5343,0.0027,193.92,194.44,194.97,191.98,2026-08-25,3,False
BKR,Energy,Oil & Gas Equipment & Services,RSI,RSI 維持強勢 (50-70),None,0.0,0.51,0.3,0.3,0.2963,250,4891,-0.002,61.82,61.7,61.57,61.2,2026-08-25,3,False
LIN,Materials,Specialty Chemicals,MACD,MACD 金叉 (空頭區),None,0.0,0.42,0.3,0.3,0.3816,10,304,0.0065,487.57,490.74,493.91,482.69,2026-08-21,3,False
AM,Energy,Oil & Gas Midstream,BB,價格在 BB 中軌上方,None,0.0,0.425,0.2998,,0.2998,0,5768,-0.0016,22.14,22.1,22.07,21.92,2026-08-24,3,False
AR,Energy,Oil & Gas E&P,BB,價格在 BB 中軌上方,None,0.0,0.425,0.2998,,0.2998,0,5768,-0.0016,37.95,37.89,37.83,37.57,2026-08-25,3,False
CQP,Energy,Oil & Gas Midstream,BB,價格在 BB 中軌上方,None,0.0,0.425,0.2998,,0.2998,0,5768,-0.0016,67.95,67.84,67.73,67.27,2026-08-25,3,False
E,Energy,Oil & Gas Integrated,BB,價格在 BB 中軌上方,None,0.0,0.425,0.2998,,0.2998,0,5768,-0.0016,55.22,55.13,55.04,54.67,2026-08-24,3,False
EC,Energy,Oil & Gas Integrated,BB,價格在 BB 中軌上方,None,0.0,0.425,0.2998,,0.2998,0,5768,-0.0016,17.33,17.3,17.27,17.16,2026-08-24,3,False
ET,Energy,Oil & Gas Midstream,BB,價格在 BB 中軌上方,None,0.0,0.425,0.2998,,0.2998,0,5768,-0.0016,21.02,20.99,20.95,20.81,2026-08-25,3,False
FTI,Energy,Oil & Gas Equipment & Services,BB,價格在 BB 中軌上方,None,0.0,0.425,0.2998,,0.2998,0,5768,-0.0016,75.2,75.08,74.96,74.45,2026-08-25,3,False
SUN,Energy,Oil & Gas Refining & Marketing,BB,價格在 BB 中軌上方,None,0.0,0.425,0.2998,,0.2998,0,5768,-0.0016,76.11,75.99,75.87,75.35,2026-08-24,3,False
VG,Energy,Oil & Gas Midstream,BB,價格在 BB 中軌上方,None,0.0,0.425,0.2998,,0.2998,0,5768,-0.0016,14.07,14.05,14.02,13.93,2026-08-25,3,False
WES,Energy,Oil & Gas Midstream,BB,價格在 BB 中軌上方,None,0.0,0.425,0.2998,,0.2998,0,5768,-0.0016,47.94,47.86,47.79,47.46,2026-08-25,3,False
YPF,Energy,Oil & Gas Integrated,BB,價格在 BB 中軌上方,None,0.0,0.425,0.2998,,0.2998,0,5768,-0.0016,51.28,51.2,51.12,50.77,2026-08-24,3,False
AVY,Consumer Discretionary,Packaging & Containers,RSI,RSI 維持強勢 (50-70),None,0.0,0.51,0.2995,,0.2995,0,10441,0.0032,179.95,180.53,181.1,178.15,2026-08-25,3,False
SN,Consumer Discretionary,"Furnishings, Fixtures & Appliances",RSI,RSI 維持強勢 (50-70),None,0.0,0.51,0.2995,,0.2995,0,10441,0.0032,183.8,184.39,184.98,181.96,2026-08-25,3,False
YUMC,Consumer Discretionary,Restaurants,RSI,RSI 維持強勢 (50-70),None,0.0,0.51,0.2995,,0.2995,0,10441,0.0032,48.57,48.73,48.88,48.08,2026-08-25,3,False
CNA,Financials,Insurance - Property & Casualty,KDJ,KDJ 超賣區金叉,None,0.0,0.5599999999999999,0.299,,0.299,0,612,-0.0,49.65,49.65,49.65,49.15,2026-08-24,3,False
GL,Financials,Insurance - Life,KDJ,KDJ 超賣區金叉,None,0.0,0.5599999999999999,0.299,,0.299,0,612,-0.0,172.24,172.24,172.24,170.52,2026-08-25,3,False
L,Financials,Insurance - Property & Casualty,KDJ,KDJ 超賣區金叉,None,0.0,0.5599999999999999,0.299,,0.299,0,612,-0.0,111.45,111.45,111.45,110.34,2026-08-24,3,False
DLR,Real Estate,REIT - Specialty,RSI,RSI 維持強勢 (50-70),None,0.0,0.51,0.299,0.299,0.2509,301,7011,0.0013,192.32,192.57,192.82,190.4,2026-08-25,3,False
PSX,Energy,Oil & Gas Refining & Marketing,RSI,RSI 維持強勢 (50-70),None,0.0,0.51,0.2987,0.2987,0.2963,231,4891,0.0022,236.9,237.42,237.94,234.53,2026-08-25,3,False
ARMK,Industrials,Specialty Business Services,RSI,RSI 維持強勢 (50-70),None,0.0,0.51,0.2986,,0.2986,0,19157,0.0036,59.08,59.29,59.51,58.49,2026-08-25,3,False
ARXS,Industrials,Aerospace & Defense,RSI,RSI 維持強勢 (50-70),None,0.0,0.51,0.2986,,0.2986,0,19157,0.0036,52.98,53.17,53.36,52.45,2026-08-25,3,False
CLH,Industrials,Waste Management,RSI,RSI 維持強勢 (50-70),None,0.0,0.51,0.2986,,0.2986,0,19157,0.0036,313.74,314.87,316.0,310.6,2026-08-24,3,False
CNH,Industrials,Farm & Heavy Construction Machinery,RSI,RSI 維持強勢 (50-70),None,0.0,0.51,0.2986,,0.2986,0,19157,0.0036,11.56,11.6,11.64,11.44,2026-08-25,3,False
CNI,Industrials,Railroads,RSI,RSI 維持強勢 (50-70),None,0.0,0.51,0.2986,,0.2986,0,19157,0.0036,127.12,127.58,128.04,125.85,2026-08-25,3,False
CP,Industrials,Railroads,RSI,RSI 維持強勢 (50-70),None,0.0,0.51,0.2986,,0.2986,0,19157,0.0036,94.34,94.68,95.02,93.4,2026-08-25,3,False
GGG,Industrials,Specialty Industrial Machinery,RSI,RSI 維持強勢 (50-70),None,0.0,0.51,0.2986,,0.2986,0,19157,0.0036,80.64,80.93,81.22,79.83,2026-08-21,3,False
GPN,Industrials,Specialty Business Services,RSI,RSI 維持強勢 (50-70),None,0.0,0.51,0.2986,,0.2986,0,19157,0.0036,93.82,94.16,94.5,92.88,2026-08-25,3,False
ITT,Industrials,Specialty Industrial Machinery,RSI,RSI 維持強勢 (50-70),None,0.0,0.51,0.2986,,0.2986,0,19157,0.0036,208.1,208.85,209.6,206.02,2026-08-21,3,False
RELX,Industrials,Specialty Business Services,RSI,RSI 維持強勢 (50-70),None,0.0,0.51,0.2986,,0.2986,0,19157,0.0036,35.88,36.01,36.14,35.52,2026-08-25,3,False
TRI,Industrials,Specialty Business Services,RSI,RSI 維持強勢 (50-70),None,0.0,0.51,0.2986,,0.2986,0,19157,0.0036,104.38,104.76,105.13,103.34,2026-08-25,3,False
WCN,Industrials,Waste Management,RSI,RSI 維持強勢 (50-70),None,0.0,0.51,0.2986,,0.2986,0,19157,0.0036,168.97,169.58,170.19,167.28,2026-08-24,3,False
WTS,Industrials,Specialty Industrial Machinery,RSI,RSI 維持強勢 (50-70),None,0.0,0.51,0.2986,,0.2986,0,19157,0.0036,371.54,372.88,374.22,367.82,2026-08-25,3,False
H,Consumer Discretionary,Lodging,BB,價格在 BB 中軌上方,None,0.0,0.425,0.2984,,0.2984,0,12430,0.0031,180.09,180.65,181.21,178.29,2026-08-24,3,False
XPEV,Consumer Discretionary,Auto Manufacturers,BB,價格在 BB 中軌上方,None,0.0,0.425,0.2984,,0.2984,0,12430,0.0031,12.19,12.23,12.27,12.07,2026-08-21,3,False
RBC,Industrials,Tools & Accessories,RSI,RSI 維持超賣,None,0.0,0.385,0.2983,,0.2983,0,848,0.0072,496.01,499.58,503.15,491.05,2026-08-25,3,False
ULS,Industrials,Specialty Business Services,RSI,RSI 維持超賣,None,0.0,0.385,0.2983,,0.2983,0,848,0.0072,73.99,74.52,75.06,73.25,2026-08-25,3,False
QXO,Industrials,Industrial Distribution,RSI,RSI 加速上升,None,0.0,0.5525,0.2981,,0.2981,0,11545,0.003,13.85,13.89,13.93,13.71,2026-08-25,3,False
INCY,Health Care,Biotechnology,BB,BB 中軌向上（上升趨勢）,None,0.0,0.51,0.2976,0.2976,0.2705,168,10885,0.0007,129.72,129.81,129.9,128.42,2026-08-25,3,False
AUR,Consumer Discretionary,Auto Parts,BB,BB 跌破下軌 (超賣),None,0.0,0.45499999999999996,0.2974,,0.2974,0,733,0.0008,5.69,5.69,5.7,5.63,2026-08-24,3,False
DOV,Industrials,Specialty Industrial Machinery,KDJ,KDJ 金叉,None,0.0,0.5525,0.2963,0.2963,0.3223,27,2110,0.0011,202.06,202.28,202.5,200.04,2026-08-25,3,False
MPLX,Energy,Oil & Gas Midstream,RSI,RSI 維持強勢 (50-70),None,0.0,0.51,0.2963,,0.2963,0,4891,-0.0026,58.36,58.21,58.06,57.78,2026-08-25,3,False
TFII,Industrials,Trucking,BB,價格在 BB 中軌上方,None,0.0,0.425,0.295,,0.295,0,22337,0.0034,141.35,141.83,142.31,139.94,2026-08-21,3,False
ECL,Materials,Specialty Chemicals,RSI,RSI 維持強勢 (50-70),Consolidation Breakout,0.77,1.0,0.2941,0.2941,0.2521,34,361,0.0047,289.54,290.9,292.26,286.64,2026-08-25,3,False
VZ,Communication Services,Telecom Services,BB,價格在 BB 中軌上方,Consolidation Breakout,0.75,0.9899999999999999,0.2941,0.2941,0.2248,34,654,-0.0045,50.25,50.02,49.8,49.75,2026-08-25,3,False
AMX,Communication Services,Telecom Services,MACD,MACD 金叉 (空頭區),None,0.0,0.42,0.2941,,0.2941,0,17,-0.0134,23.8,23.48,23.16,23.56,2026-08-24,3,True
AMGN,Health Care,Drug Manufacturers - General,RSI,RSI 加速上升,None,0.0,0.5525,0.2929,0.2929,0.2803,140,8492,0.0064,443.84,446.68,449.52,439.4,2026-08-24,3,False
APG,Industrials,Engineering & Construction,BB,BB 中軌向上（上升趨勢）,None,0.0,0.51,0.2929,,0.2929,0,17460,0.0036,40.38,40.53,40.67,39.98,2026-08-25,3,False
AYI,Industrials,Electrical Equipment & Parts,BB,BB 中軌向上（上升趨勢）,None,0.0,0.51,0.2929,,0.2929,0,17460,0.0036,339.95,341.17,342.4,336.55,2026-08-25,3,False
DCI,Industrials,Specialty Industrial Machinery,BB,BB 中軌向上（上升趨勢）,None,0.0,0.51,0.2929,,0.2929,0,17460,0.0036,93.25,93.59,93.92,92.32,2026-08-21,3,False
HEI,Industrials,Aerospace & Defense,BB,BB 中軌向上（上升趨勢）,None,0.0,0.51,0.2929,,0.2929,0,17460,0.0036,352.67,353.94,355.21,349.14,2026-08-24,3,False
NVT,Industrials,Electrical Equipment & Parts,BB,BB 中軌向上（上升趨勢）,None,0.0,0.51,0.2929,,0.2929,0,17460,0.0036,151.98,152.53,153.07,150.46,2026-08-21,3,False
RKLB,Industrials,Aerospace & Defense,BB,BB 中軌向上（上升趨勢）,None,0.0,0.51,0.2929,,0.2929,0,17460,0.0036,66.91,67.15,67.39,66.24,2026-08-25,3,False
SUNB,Industrials,Rental & Leasing Services,BB,BB 中軌向上（上升趨勢）,None,0.0,0.51,0.2929,,0.2929,0,17460,0.0036,75.69,75.96,76.23,74.93,2026-08-25,3,False
WMS,Industrials,Building Products & Equipment,BB,BB 中軌向上（上升趨勢）,None,0.0,0.51,0.2929,,0.2929,0,17460,0.0036,143.73,144.25,144.76,142.29,2026-08-21,3,False
EIX,Utilities,Utilities - Regulated Electric,BB,價格在 BB 中軌上方,None,0.0,0.425,0.2925,0.2925,0.246,294,9864,0.003,74.78,75.0,75.23,74.03,2026-08-25,3,False
EQIX,Real Estate,REIT - Specialty,RSI,RSI 上穿 50 中性線,Bullish Engulfing,0.75,0.9735000000000001,0.2917,,0.2917,0,24,-0.0055,1073.4399,1067.54,1061.63,1062.71,2026-08-25,3,False
DHR,Health Care,Diagnostics & Research,RSI,RSI 加速上升,None,0.0,0.5525,0.2917,0.2917,0.2803,120,8492,0.002,215.97,216.4,216.83,213.81,2026-08-25,3,False
ELV,Health Care,Healthcare Plans,RSI,RSI 加速上升,None,0.0,0.5525,0.2908,0.2908,0.2803,141,8492,-0.0014,402.63,402.07,401.5,398.6,2026-08-24,3,False
COR,Health Care,Medical Distribution,RSI,RSI 加速上升,None,0.0,0.5525,0.2898,0.2898,0.2803,176,8492,0.0022,328.06,328.78,329.5,324.78,2026-08-25,3,False
MDLZ,Consumer Staples,Confectioners,RSI,RSI 維持強勢 (50-70),None,0.0,0.51,0.2892,0.2892,0.2452,204,7574,0.0031,62.99,63.19,63.38,62.36,2026-08-25,3,False
RJF,Financials,Asset Management,BB,BB 中軌向上（上升趨勢）,None,0.0,0.51,0.2888,0.2888,0.2681,232,16575,0.0065,174.71,175.85,176.98,172.96,2026-08-25,3,False
HPE,Information Technology,Communication Equipment,BB,BB 中軌向上（上升趨勢）,None,0.0,0.51,0.288,0.288,0.3639,184,16781,0.0094,53.44,53.94,54.44,52.91,2026-08-25,3,False
ABBV,Health Care,Drug Manufacturers - General,BB,BB 中軌向上（上升趨勢）,None,0.0,0.51,0.2876,0.2876,0.2705,226,10885,0.006,265.79,267.38,268.98,263.13,2026-08-25,3,False
PFG,Financials,Asset Management,BB,BB 中軌向上（上升趨勢）,None,0.0,0.51,0.2874,0.2874,0.2681,261,16575,-0.0004,111.89,111.85,111.8,110.77,2026-08-24,3,False
ADSK,Information Technology,Software - Application,RSI,RSI 加速上升,None,0.0,0.5525,0.2868,0.2868,0.3693,129,10688,-0.004,254.42,253.4,252.38,251.88,2026-08-24,3,False
WDAY,Information Technology,Software - Application,RSI,RSI 維持強勢 (50-70),None,0.0,0.51,0.2868,0.2868,0.3645,136,16764,-0.0047,194.42,193.51,192.59,192.48,2026-08-25,3,False
BBY,Consumer Discretionary,Specialty Retail,RSI,RSI 維持強勢 (50-70),None,0.0,0.51,0.2865,0.2865,0.2995,178,10441,-0.0045,85.29,84.91,84.52,84.44,2026-08-25,3,False
JHX,Materials,Building Materials,RSI,RSI 維持強勢 (50-70),None,0.0,0.51,0.286,,0.286,0,5721,0.0013,30.34,30.38,30.42,30.04,2026-08-25,3,False
AFL,Financials,Insurance - Life,KDJ,KDJ 超賣區金叉,None,0.0,0.5599999999999999,0.2857,0.2857,0.299,14,612,0.0087,118.2,119.23,120.26,117.02,2026-08-24,3,False
OXY,Energy,Oil & Gas E&P,RSI,RSI 加速上升,None,0.0,0.5525,0.2857,0.2857,0.3227,154,3306,-0.0042,61.3,61.04,60.79,60.69,2026-08-21,3,False
PTC,Information Technology,Software - Application,KDJ,KDJ 金叉,None,0.0,0.5525,0.2857,0.2857,0.3918,35,1955,-0.0045,154.68,153.98,153.29,153.13,2026-08-21,3,False
SPG,Real Estate,REIT - Retail,KDJ,KDJ 金叉,None,0.0,0.5525,0.2857,0.2857,0.2818,14,550,0.0101,220.73,222.96,225.19,218.52,2026-08-24,3,False
CME,Financials,Financial Data & Stock Exchanges,BB,BB 中軌向上（上升趨勢）,None,0.0,0.51,0.2857,0.2857,0.2681,224,16575,0.0013,277.32,277.68,278.04,274.55,2026-08-25,3,False
TRV,Financials,Insurance - Property & Casualty,RSI,RSI 上穿 50 中性線,None,0.0,0.4675,0.2857,0.2857,0.3091,21,1899,0.0033,370.55,371.77,373.0,366.84,2026-08-24,3,False
HPQ,Information Technology,Computer Hardware,BB,價格在 BB 中軌上方,None,0.0,0.425,0.2857,0.2857,0.3573,273,20206,-0.0001,29.52,29.52,29.51,29.22,2026-08-25,3,False
RS,Materials,Steel,BB,BB 中軌向上（上升趨勢）,None,0.0,0.51,0.2853,,0.2853,0,5036,0.0007,387.89,388.16,388.43,384.01,2026-08-21,3,False
BTSG,Health Care,Health Information Services,KDJ,KDJ 金叉,None,0.0,0.5525,0.2852,,0.2852,0,1536,0.0022,59.49,59.62,59.75,58.9,2026-08-24,3,False
SNN,Health Care,Medical Devices,KDJ,KDJ 金叉,None,0.0,0.5525,0.2852,,0.2852,0,1536,0.0022,29.62,29.69,29.75,29.32,2026-08-24,3,False
IEX,Industrials,Specialty Industrial Machinery,BB,價格在 BB 中軌上方,None,0.0,0.425,0.2852,0.2852,0.295,277,22337,0.0019,234.39,234.84,235.28,232.05,2026-08-21,3,False
AFG,Financials,Insurance - Property & Casualty,BB,價格在 BB 中軌上方,None,0.0,0.425,0.2847,,0.2847,0,21689,0.0031,144.44,144.89,145.34,143.0,2026-08-24,3,False
BAM,Financials,Asset Management,BB,價格在 BB 中軌上方,None,0.0,0.425,0.2847,,0.2847,0,21689,0.0031,52.5,52.66,52.83,51.98,2026-08-25,3,False
DB,Financials,Banks - Regional,BB,價格在 BB 中軌上方,None,0.0,0.425,0.2847,,0.2847,0,21689,0.0031,38.42,38.54,38.66,38.04,2026-08-24,3,False
ING,Financials,Banks - Diversified,BB,價格在 BB 中軌上方,None,0.0,0.425,0.2847,,0.2847,0,21689,0.0031,35.3,35.41,35.52,34.95,2026-08-25,3,False
LPLA,Financials,Capital Markets,BB,價格在 BB 中軌上方,None,0.0,0.425,0.2847,,0.2847,0,21689,0.0031,361.88,363.0,364.12,358.26,2026-08-25,3,False
OWL,Financials,Asset Management,BB,價格在 BB 中軌上方,None,0.0,0.425,0.2847,,0.2847,0,21689,0.0031,11.79,11.83,11.86,11.67,2026-08-25,3,False
RGA,Financials,Insurance - Reinsurance,BB,價格在 BB 中軌上方,None,0.0,0.425,0.2847,,0.2847,0,21689,0.0031,244.46,245.22,245.98,242.02,2026-08-25,3,False
SLMBP,Financials,Credit Services,BB,價格在 BB 中軌上方,None,0.0,0.425,0.2847,,0.2847,0,21689,0.0031,74.99,75.22,75.45,74.24,2026-08-24,3,False
SPY,Financials,Asset Management,BB,價格在 BB 中軌上方,None,0.0,0.425,0.2847,,0.2847,0,21689,0.0031,765.91,768.28,770.66,758.25,2026-08-25,3,False
TPG,Financials,Asset Management,BB,價格在 BB 中軌上方,None,0.0,0.425,0.2847,,0.2847,0,21689,0.0031,52.88,53.04,53.21,52.35,2026-08-25,3,False
VLYPP,Financials,Banks - Regional,BB,價格在 BB 中軌上方,None,0.0,0.425,0.2847,,0.2847,0,21689,0.0031,25.14,25.22,25.3,24.89,2026-08-24,3,False
IDXX,Health Care,Diagnostics & Research,RSI,RSI 加速上升,None,0.0,0.5525,0.2846,0.2846,0.2803,123,8492,-0.0002,559.51,559.4,559.29,553.91,2026-08-24,3,False
ZION,Financials,Banks - Regional,RSI,RSI 維持強勢 (50-70),None,0.0,0.51,0.2842,,0.2842,0,19108,0.003,67.87,68.07,68.28,67.19,2026-08-24,3,False
AAON,Industrials,Building Products & Equipment,BB,BB 跌破下軌 (超賣),None,0.0,0.45499999999999996,0.2838,,0.2838,0,1258,0.0043,76.1,76.43,76.75,75.34,2026-08-24,3,False
AGX,Industrials,Engineering & Construction,BB,BB 跌破下軌 (超賣),None,0.0,0.45499999999999996,0.2838,,0.2838,0,1258,0.0043,450.46,452.4,454.33,445.96,2026-08-25,3,False
CRS,Industrials,Metal Fabrication,BB,BB 跌破下軌 (超賣),None,0.0,0.45499999999999996,0.2838,,0.2838,0,1258,0.0043,476.9,478.95,481.0,472.13,2026-08-24,3,False
FDXF,Industrials,Integrated Freight & Logistics,BB,BB 跌破下軌 (超賣),None,0.0,0.45499999999999996,0.2838,,0.2838,0,1258,0.0043,128.75,129.3,129.86,127.46,2026-08-25,3,False
R,Industrials,Rental & Leasing Services,BB,BB 跌破下軌 (超賣),None,0.0,0.45499999999999996,0.2838,,0.2838,0,1258,0.0043,244.93,245.98,247.04,242.48,2026-08-24,3,False
ZTO,Industrials,Integrated Freight & Logistics,BB,BB 跌破下軌 (超賣),None,0.0,0.45499999999999996,0.2838,,0.2838,0,1258,0.0043,21.37,21.46,21.55,21.16,2026-08-21,3,False
XEL,Utilities,Utilities - Regulated Electric,RSI,RSI 維持強勢 (50-70),None,0.0,0.51,0.2833,0.2833,0.2471,233,8831,0.0051,77.19,77.58,77.98,76.42,2026-08-25,3,False
IFF,Materials,Specialty Chemicals,RSI,RSI 維持強勢 (50-70),None,0.0,0.51,0.2828,0.2828,0.286,244,5721,-0.0019,87.16,86.99,86.83,86.29,2026-08-25,3,False
EXEL,Health Care,Biotechnology,MACD,MACD 突破 0 軸,Consolidation Breakout,0.73,1.0,0.2821,,0.2821,0,78,0.0042,56.72,56.96,57.2,56.15,2026-08-25,3,False
MSI,Information Technology,Communication Equipment,BB,BB 中軌向上（上升趨勢）,None,0.0,0.51,0.2821,0.2821,0.3639,234,16781,0.0045,485.39,487.57,489.76,480.54,2026-08-25,3,False
NTAP,Information Technology,Software - Infrastructure,RSI,RSI 維持強勢 (50-70),None,0.0,0.51,0.2821,0.2821,0.3645,234,16764,0.0035,187.43,188.09,188.74,185.56,2026-08-25,3,False
EGP,Real Estate,REIT - Industrial,KDJ,KDJ 金叉,None,0.0,0.5525,0.2818,,0.2818,0,550,0.0003,202.78,202.84,202.9,200.75,2026-08-25,3,False
LAMR,Real Estate,REIT - Specialty,KDJ,KDJ 金叉,None,0.0,0.5525,0.2818,,0.2818,0,550,0.0003,152.68,152.73,152.77,151.15,2026-08-24,3,False
ACGL,Financials,Insurance - Diversified,BB,價格在 BB 中軌上方,None,0.0,0.425,0.2817,0.2817,0.2847,252,21689,0.0007,100.56,100.63,100.7,99.55,2026-08-25,3,False
ALLE,Industrials,Security & Protection Services,RSI,RSI 維持強勢 (50-70),None,0.0,0.51,0.2814,0.2814,0.2986,199,19157,0.0036,160.37,160.95,161.52,158.77,2026-08-25,3,False
ERIE,Financials,Insurance Brokers,BB,BB 中軌向上（上升趨勢）,None,0.0,0.51,0.2806,0.2806,0.2681,196,16575,0.002,257.98,258.5,259.01,255.4,2026-08-25,3,False
ALC,Health Care,Medical Instruments & Supplies,BB,價格在 BB 中軌上方,None,0.0,0.425,0.2804,,0.2804,0,14417,0.0008,73.37,73.43,73.49,72.64,2026-08-25,3,False
ALNY,Health Care,Biotechnology,BB,價格在 BB 中軌上方,None,0.0,0.425,0.2804,,0.2804,0,14417,0.0008,240.08,240.27,240.46,237.68,2026-08-25,3,False
ARGX,Health Care,Biotechnology,BB,價格在 BB 中軌上方,None,0.0,0.425,0.2804,,0.2804,0,14417,0.0008,1019.49,1020.31,1021.12,1009.3,2026-08-25,3,False
ASND,Health Care,Biotechnology,BB,價格在 BB 中軌上方,None,0.0,0.425,0.2804,,0.2804,0,14417,0.0008,252.99,253.19,253.39,250.46,2026-08-25,3,False
AZN,Health Care,Drug Manufacturers - General,BB,價格在 BB 中軌上方,None,0.0,0.425,0.2804,,0.2804,0,14417,0.0008,169.66,169.8,169.93,167.96,2026-08-25,3,False
BMRN,Health Care,Biotechnology,BB,價格在 BB 中軌上方,None,0.0,0.425,0.2804,,0.2804,0,14417,0.0008,66.12,66.17,66.23,65.46,2026-08-25,3,False
BNTX,Health Care,Biotechnology,BB,價格在 BB 中軌上方,None,0.0,0.425,0.2804,,0.2804,0,14417,0.0008,114.05,114.14,114.23,112.91,2026-08-25,3,False
BRKRP,Health Care,Medical Devices,BB,價格在 BB 中軌上方,None,0.0,0.425,0.2804,,0.2804,0,14417,0.0008,439.4,439.75,440.1,435.01,2026-08-21,3,False
CRSP,Health Care,Biotechnology,BB,價格在 BB 中軌上方,None,0.0,0.425,0.2804,,0.2804,0,14417,0.0008,60.9,60.95,61.0,60.29,2026-08-25,3,False
CYTK,Health Care,Biotechnology,BB,價格在 BB 中軌上方,None,0.0,0.425,0.2804,,0.2804,0,14417,0.0008,77.46,77.52,77.58,76.69,2026-08-25,3,False
EHC,Health Care,Medical Care Facilities,BB,價格在 BB 中軌上方,None,0.0,0.425,0.2804,,0.2804,0,14417,0.0008,120.14,120.24,120.33,118.94,2026-08-25,3,False
GH,Health Care,Diagnostics & Research,BB,價格在 BB 中軌上方,None,0.0,0.425,0.2804,,0.2804,0,14417,0.0008,164.92,165.05,165.18,163.27,2026-08-25,3,False
GMAB,Health Care,Biotechnology,BB,價格在 BB 中軌上方,None,0.0,0.425,0.2804,,0.2804,0,14417,0.0008,34.36,34.39,34.41,34.02,2026-08-25,3,False
GMED,Health Care,Medical Devices,BB,價格在 BB 中軌上方,None,0.0,0.425,0.2804,,0.2804,0,14417,0.0008,84.08,84.15,84.21,83.24,2026-08-24,3,False
HLN,Health Care,Drug Manufacturers - Specialty & Generic,BB,價格在 BB 中軌上方,None,0.0,0.425,0.2804,,0.2804,0,14417,0.0008,10.18,10.19,10.2,10.08,2026-08-25,3,False
ICLR,Health Care,Diagnostics & Research,BB,價格在 BB 中軌上方,None,0.0,0.425,0.2804,,0.2804,0,14417,0.0008,168.91,169.05,169.18,167.22,2026-08-25,3,False
ILMN,Health Care,Diagnostics & Research,BB,價格在 BB 中軌上方,None,0.0,0.425,0.2804,,0.2804,0,14417,0.0008,224.99,225.17,225.35,222.74,2026-08-25,3,False
INSM,Health Care,Biotechnology,BB,價格在 BB 中軌上方,None,0.0,0.425,0.2804,,0.2804,0,14417,0.0008,123.89,123.99,124.09,122.65,2026-08-25,3,False
MEDP,Health Care,Diagnostics & Research,BB,價格在 BB 中軌上方,None,0.0,0.425,0.2804,,0.2804,0,14417,0.0008,614.06,614.55,615.04,607.92,2026-08-25,3,False
MOH,Health Care,Healthcare Plans,BB,價格在 BB 中軌上方,None,0.0,0.425,0.2804,,0.2804,0,14417,0.0008,199.63,199.79,199.95,197.63,2026-08-25,3,False
NTRA,Health Care,Diagnostics & Research,BB,價格在 BB 中軌上方,None,0.0,0.425,0.2804,,0.2804,0,14417,0.0008,336.71,336.98,337.25,333.34,2026-08-25,3,False
NVS,Health Care,Drug Manufacturers - General,BB,價格在 BB 中軌上方,None,0.0,0.425,0.2804,,0.2804,0,14417,0.0008,159.98,160.11,160.24,158.38,2026-08-25,3,False
ONC,Health Care,Biotechnology,BB,價格在 BB 中軌上方,None,0.0,0.425,0.2804,,0.2804,0,14417,0.0008,376.37,376.67,376.97,372.61,2026-08-25,3,False
PEN,Health Care,Medical Devices,BB,價格在 BB 中軌上方,None,0.0,0.425,0.2804,,0.2804,0,14417,0.0008,325.18,325.44,325.7,321.93,2026-08-21,3,False
PHG,Health Care,Medical Devices,BB,價格在 BB 中軌上方,None,0.0,0.425,0.2804,,0.2804,0,14417,0.0008,27.43,27.45,27.47,27.16,2026-08-25,3,False
ROIV,Health Care,Biotechnology,BB,價格在 BB 中軌上方,None,0.0,0.425,0.2804,,0.2804,0,14417,0.0008,36.47,36.5,36.53,36.11,2026-08-25,3,False
RPRX,Health Care,Biotechnology,BB,價格在 BB 中軌上方,None,0.0,0.425,0.2804,,0.2804,0,14417,0.0008,62.07,62.12,62.17,61.45,2026-08-25,3,False
RVMD,Health Care,Biotechnology,BB,價格在 BB 中軌上方,None,0.0,0.425,0.2804,,0.2804,0,14417,0.0008,211.38,211.55,211.72,209.27,2026-08-25,3,False
SNY,Health Care,Drug Manufacturers - General,BB,價格在 BB 中軌上方,None,0.0,0.425,0.2804,,0.2804,0,14417,0.0008,45.69,45.73,45.76,45.23,2026-08-24,3,False
TEVA,Health Care,Drug Manufacturers - Specialty & Generic,BB,價格在 BB 中軌上方,None,0.0,0.425,0.2804,,0.2804,0,14417,0.0008,36.93,36.96,36.99,36.56,2026-08-24,3,False
THC,Health Care,Medical Care Facilities,BB,價格在 BB 中軌上方,None,0.0,0.425,0.2804,,0.2804,0,14417,0.0008,271.88,272.1,272.32,269.16,2026-08-25,3,False
MDLN,Health Care,Medical Instruments & Supplies,RSI,RSI 加速上升,None,0.0,0.5525,0.2803,,0.2803,0,8492,-0.0001,35.64,35.64,35.63,35.28,2026-08-25,3,False
SMMT,Health Care,Biotechnology,RSI,RSI 加速上升,None,0.0,0.5525,0.2803,,0.2803,0,8492,-0.0001,13.36,13.36,13.36,13.23,2026-08-25,3,False
PEP,Consumer Staples,Beverages - Non-Alcoholic,RSI,RSI 動能加速（強勢區）,None,0.0,0.51,0.28,0.28,0.2456,25,1148,0.0066,143.48,144.43,145.37,142.05,2026-08-21,3,False
SYY,Consumer Staples,Food Distribution,KDJ,KDJ 金叉,None,0.0,0.5525,0.2778,0.2778,0.2503,18,779,0.0061,84.1,84.61,85.13,83.26,2026-08-21,3,False
CNP,Utilities,Utilities - Regulated Electric,RSI,RSI 超賣區域 (30),None,0.0,0.5249999999999999,0.2759,,0.2759,0,116,-0.003,38.93,38.81,38.7,38.54,2026-08-25,3,False
KR,Consumer Staples,Grocery Stores,RSI,RSI 上穿 50 中性線,None,0.0,0.4675,0.2759,0.2759,0.2565,29,928,0.0071,57.9,58.31,58.72,57.32,2026-08-21,3,False
SCHW,Financials,Capital Markets,RSI,RSI 維持強勢 (50-70),None,0.0,0.51,0.2757,0.2757,0.2842,272,19108,0.0013,112.27,112.42,112.56,111.15,2026-08-25,3,False
MO,Consumer Staples,Tobacco,RSI,RSI 維持強勢 (50-70),None,0.0,0.51,0.2753,0.2753,0.2452,247,7574,0.0017,68.07,68.19,68.3,67.39,2026-08-25,3,False
VRTX,Health Care,Biotechnology,RSI,RSI 加速上升,None,0.0,0.5525,0.275,0.275,0.2803,120,8492,0.0035,547.59,549.51,551.42,542.11,2026-08-24,3,False
BRO,Financials,Insurance Brokers,MACD,MACD 金叉 (多頭區),None,0.0,0.68,0.2747,,0.2747,0,517,0.0018,74.62,74.75,74.89,73.87,2026-08-24,3,False
MA,Financials,Credit Services,MACD,MACD 金叉 (多頭區),None,0.0,0.68,0.2747,,0.2747,0,517,0.0018,599.86,600.94,602.02,593.86,2026-08-24,3,False
IQV,Health Care,Diagnostics & Research,BB,BB 中軌向上（上升趨勢）,None,0.0,0.51,0.2743,0.2743,0.2705,175,10885,-0.0054,259.42,258.02,256.62,256.83,2026-08-25,3,False
CI,Health Care,Healthcare Plans,MACD,MACD 金叉 (空頭區),None,0.0,0.42,0.2741,,0.2741,0,686,-0.0003,280.45,280.37,280.28,277.65,2026-08-24,3,False
CVS,Health Care,Healthcare Plans,KDJ,KDJ 金叉,None,0.0,0.5525,0.2727,0.2727,0.2852,22,1536,0.0042,94.11,94.51,94.9,93.17,2026-08-24,3,False
KDP,Consumer Staples,Beverages - Non-Alcoholic,RSI,RSI 加速上升,None,0.0,0.5525,0.2727,0.2727,0.2439,154,5343,0.0044,31.84,31.98,32.12,31.52,2026-08-25,3,False
CB,Financials,Insurance - Property & Casualty,KDJ,KDJ 金叉,None,0.0,0.5525,0.2692,0.2692,0.3142,26,1932,0.0005,345.83,346.0,346.18,342.37,2026-08-24,3,False
NI,Utilities,Utilities - Regulated Gas,RSI,RSI 維持超賣,None,0.0,0.385,0.2692,,0.2692,0,260,0.0024,40.65,40.75,40.85,40.24,2026-08-25,3,False
CVX,Energy,Oil & Gas Integrated,BB,價格在 BB 中軌上方,None,0.0,0.425,0.2687,0.2687,0.2998,320,5768,-0.0012,199.89,199.65,199.41,197.89,2026-08-25,3,False
KHC,Consumer Staples,Packaged Foods,BB,價格在 BB 中軌上方,None,0.0,0.425,0.2682,0.2682,0.2432,179,8891,-0.0012,25.67,25.64,25.61,25.41,2026-08-24,3,False
CRBG,Financials,Asset Management,BB,BB 中軌向上（上升趨勢）,None,0.0,0.51,0.2681,,0.2681,0,16575,0.0026,31.96,32.04,32.13,31.64,2026-08-24,3,False
EQH,Financials,Asset Management,BB,BB 中軌向上（上升趨勢）,None,0.0,0.51,0.2681,,0.2681,0,16575,0.0026,49.03,49.16,49.28,48.54,2026-08-24,3,False
FCNCA,Financials,Banks - Regional,BB,BB 中軌向上（上升趨勢）,None,0.0,0.51,0.2681,,0.2681,0,16575,0.0026,2183.05,2188.73,2194.4,2161.22,2026-08-24,3,False
PNFP,Financials,Banks - Regional,BB,BB 中軌向上（上升趨勢）,None,0.0,0.51,0.2681,,0.2681,0,16575,0.0026,101.34,101.6,101.87,100.33,2026-08-24,3,False
UMBF,Financials,Banks - Regional,BB,BB 中軌向上（上升趨勢）,None,0.0,0.51,0.2681,,0.2681,0,16575,0.0026,143.57,143.94,144.32,142.13,2026-08-25,3,False
RMD,Health Care,Medical Instruments & Supplies,RSI,RSI 維持強勢 (50-70),None,0.0,0.51,0.268,0.268,0.2772,194,12123,-0.0031,236.59,235.86,235.12,234.22,2026-08-25,3,False
EOG,Energy,Oil & Gas E&P,RSI,RSI 加速上升,None,0.0,0.5525,0.2679,0.2679,0.3227,168,3306,-0.0019,153.05,152.76,152.47,151.52,2026-08-21,3,False
MTD,Health Care,Diagnostics & Research,RSI,RSI 維持強勢 (50-70),None,0.0,0.51,0.2678,0.2678,0.2772,183,12123,-0.0001,1402.25,1402.11,1401.97,1388.23,2026-08-25,3,False
LOW,Consumer Discretionary,Home Improvement Retail,RSI,RSI 維持強勢 (50-70),None,0.0,0.51,0.267,0.267,0.2995,206,10441,0.0003,216.98,217.05,217.11,214.81,2026-08-24,3,False
OKE,Energy,Oil & Gas Midstream,RSI,RSI 維持強勢 (50-70),None,0.0,0.51,0.2658,0.2658,0.2963,237,4891,-0.0041,93.02,92.64,92.26,92.09,2026-08-24,3,False
COO,Health Care,Medical Instruments & Supplies,BB,價格在 BB 中軌上方,None,0.0,0.425,0.2648,0.2648,0.2804,219,14417,-0.0043,75.8,75.47,75.15,75.04,2026-08-24,3,False
AGNC,Real Estate,REIT - Mortgage,BB,BB 中軌向上（上升趨勢）,None,0.0,0.51,0.2647,,0.2647,0,5713,0.0025,10.91,10.94,10.96,10.8,2026-08-25,3,False
AMH,Real Estate,REIT - Residential,BB,BB 中軌向上（上升趨勢）,None,0.0,0.51,0.2647,,0.2647,0,5713,0.0025,34.56,34.65,34.73,34.21,2026-08-25,3,False
BPYPP,Real Estate,Real Estate Services,BB,BB 中軌向上（上升趨勢）,None,0.0,0.51,0.2647,,0.2647,0,5713,0.0025,16.36,16.4,16.44,16.2,2026-08-25,3,False
JLL,Real Estate,Real Estate Services,BB,BB 中軌向上（上升趨勢）,None,0.0,0.51,0.2647,,0.2647,0,5713,0.0025,387.21,388.18,389.15,383.34,2026-08-24,3,False
NLY,Real Estate,REIT - Mortgage,BB,BB 中軌向上（上升趨勢）,None,0.0,0.51,0.2647,,0.2647,0,5713,0.0025,23.1,23.16,23.22,22.87,2026-08-25,3,False
JNJ,Health Care,Drug Manufacturers - General,RSI,RSI 加速上升,None,0.0,0.5525,0.2638,0.2638,0.2803,163,8492,0.0063,271.7,273.41,275.12,268.98,2026-08-24,3,False
DD,Materials,Specialty Chemicals,RSI,RSI 維持強勢 (50-70),None,0.0,0.51,0.2633,0.2633,0.286,281,5721,0.0048,136.04,136.69,137.35,134.68,2026-08-25,3,False
ALL,Financials,Insurance - Property & Casualty,RSI,RSI 上穿 50 中性線,None,0.0,0.4675,0.2632,0.2632,0.3091,19,1899,0.0045,260.19,261.36,262.53,257.59,2026-08-24,3,False
ON,Information Technology,Semiconductors,BB,BB 跌破下軌 (超賣),None,0.0,0.45499999999999996,0.2632,0.2632,0.3447,19,1001,-0.0294,71.93,69.82,67.7,71.21,2026-08-24,3,False
T,Communication Services,Telecom Services,RSI,RSI 加速上升,None,0.0,0.5525,0.2625,0.2625,0.3116,160,3322,-0.0002,25.69,25.68,25.68,25.43,2026-08-24,3,False
SHW,Materials,Specialty Chemicals,BB,BB 中軌向上（上升趨勢）,None,0.0,0.51,0.2624,0.2624,0.2853,141,5036,0.005,350.45,352.2,353.95,346.95,2026-08-25,3,False
NSC,Industrials,Railroads,BB,價格在 BB 中軌上方,None,0.0,0.425,0.2612,0.2612,0.295,245,22337,0.0038,351.24,352.57,353.91,347.73,2026-08-25,3,False
CPRT,Industrials,Specialty Business Services,RSI,RSI 維持強勢 (50-70),None,0.0,0.51,0.2593,0.2593,0.2986,189,19157,-0.0016,33.33,33.28,33.22,33.0,2026-08-25,3,False
DGX,Health Care,Diagnostics & Research,RSI,RSI 加速上升,None,0.0,0.5525,0.259,0.259,0.2803,139,8492,0.0023,244.51,245.07,245.63,242.06,2026-08-25,3,False
V,Financials,Credit Services,BB,BB 中軌向上（上升趨勢）,None,0.0,0.51,0.2571,0.2571,0.2681,210,16575,0.0013,382.41,382.91,383.4,378.59,2026-08-24,3,False
NOC,Industrials,Aerospace & Defense,BB,BB 中軌向上（上升趨勢）,None,0.0,0.51,0.257,0.257,0.2929,179,17460,0.0036,542.52,544.47,546.43,537.09,2026-08-25,3,False
SBS,Utilities,Utilities - Regulated Water,RSI,RSI 加速上升,None,0.0,0.5525,0.2565,,0.2565,0,4905,0.0041,4.8,4.82,4.84,4.75,2026-08-25,3,False
ABEV,Consumer Staples,Beverages - Brewers,RSI,RSI 上穿 50 中性線,None,0.0,0.4675,0.2565,,0.2565,0,928,0.0005,2.93,2.93,2.93,2.9,2026-08-25,3,False
FMX,Consumer Staples,Beverages - Brewers,RSI,RSI 上穿 50 中性線,None,0.0,0.4675,0.2565,,0.2565,0,928,0.0005,123.71,123.77,123.83,122.47,2026-08-25,3,False
CL,Consumer Staples,Household & Personal Products,RSI,RSI 加速上升,None,0.0,0.5525,0.2564,0.2564,0.2439,156,5343,0.0014,92.55,92.68,92.81,91.62,2026-08-24,3,False
AMP,Financials,Asset Management,BB,價格在 BB 中軌上方,None,0.0,0.425,0.2564,0.2564,0.2847,273,21689,0.0017,560.26,561.21,562.16,554.66,2026-08-25,3,False
XOM,Energy,Oil & Gas Integrated,BB,BB 中軌向上（上升趨勢）,None,0.0,0.51,0.256,0.256,0.2962,207,4484,-0.0043,160.64,159.95,159.26,159.03,2026-08-25,3,False
APD,Materials,Specialty Chemicals,BB,BB 中軌向上（上升趨勢）,None,0.0,0.51,0.2556,0.2556,0.2853,180,5036,-0.0037,303.85,302.73,301.6,300.81,2026-08-25,3,False
CCEP,Consumer Staples,Beverages - Non-Alcoholic,MACD,MACD 金叉 (多頭區),None,0.0,0.68,0.2554,,0.2554,0,184,-0.0001,109.85,109.84,109.83,108.75,2026-08-25,3,False
COKE,Consumer Staples,Beverages - Non-Alcoholic,MACD,MACD 金叉 (多頭區),None,0.0,0.68,0.2554,,0.2554,0,184,-0.0001,192.6,192.58,192.56,190.67,2026-08-24,3,False
JBS,Consumer Staples,Packaged Foods,MACD,MACD 金叉 (多頭區),None,0.0,0.68,0.2554,,0.2554,0,184,-0.0001,14.05,14.05,14.05,13.91,2026-08-25,3,False
UL,Consumer Staples,Household & Personal Products,MACD,MACD 金叉 (多頭區),None,0.0,0.68,0.2554,,0.2554,0,184,-0.0001,65.32,65.31,65.31,64.67,2026-08-24,3,False
TROW,Financials,Asset Management,RSI,RSI 加速上升,None,0.0,0.5525,0.2534,0.2534,0.3014,146,11488,0.0017,112.87,113.06,113.25,111.74,2026-08-25,3,False
NGG,Utilities,Utilities - Regulated Electric,RSI,RSI 上穿 50 中性線,None,0.0,0.4675,0.2521,,0.2521,0,932,0.0052,81.17,81.59,82.01,80.36,2026-08-25,3,False
AGNCL,Real Estate,REIT - Mortgage,RSI,RSI 維持強勢 (50-70),None,0.0,0.51,0.2509,,0.2509,0,7011,0.0007,25.09,25.11,25.13,24.84,2026-08-24,3,False
AGNCM,Real Estate,REIT - Mortgage,RSI,RSI 維持強勢 (50-70),None,0.0,0.51,0.2509,,0.2509,0,7011,0.0007,25.27,25.29,25.31,25.02,2026-08-24,3,False
AGNCN,Real Estate,REIT - Mortgage,RSI,RSI 維持強勢 (50-70),None,0.0,0.51,0.2509,,0.2509,0,7011,0.0007,25.86,25.88,25.9,25.6,2026-08-24,3,False
AGNCO,Real Estate,REIT - Mortgage,RSI,RSI 維持強勢 (50-70),None,0.0,0.51,0.2509,,0.2509,0,7011,0.0007,25.66,25.68,25.7,25.4,2026-08-24,3,False
AGNCP,Real Estate,REIT - Mortgage,RSI,RSI 維持強勢 (50-70),None,0.0,0.51,0.2509,,0.2509,0,7011,0.0007,25.45,25.47,25.49,25.2,2026-08-24,3,False
AGNCZ,Real Estate,REIT - Mortgage,RSI,RSI 維持強勢 (50-70),None,0.0,0.51,0.2509,,0.2509,0,7011,0.0007,25.59,25.61,25.63,25.33,2026-08-24,3,False
ELS,Real Estate,REIT - Residential,RSI,RSI 維持強勢 (50-70),None,0.0,0.51,0.2509,,0.2509,0,7011,0.0007,65.35,65.4,65.44,64.7,2026-08-25,3,False
GLPI,Real Estate,REIT - Specialty,RSI,RSI 維持強勢 (50-70),None,0.0,0.51,0.2509,,0.2509,0,7011,0.0007,43.93,43.96,43.99,43.49,2026-08-24,3,False
SUI,Real Estate,REIT - Residential,RSI,RSI 維持強勢 (50-70),None,0.0,0.51,0.2509,,0.2509,0,7011,0.0007,125.94,126.03,126.12,124.68,2026-08-25,3,False
BUD,Consumer Staples,Beverages - Brewers,KDJ,KDJ 金叉,None,0.0,0.5525,0.2503,,0.2503,0,779,-0.0014,78.92,78.81,78.7,78.13,2026-08-21,3,False
DEO,Consumer Staples,Beverages - Wineries & Distilleries,KDJ,KDJ 金叉,None,0.0,0.5525,0.2503,,0.2503,0,779,-0.0014,94.62,94.49,94.36,93.67,2026-08-21,3,False
MICC,Consumer Staples,Packaged Foods,KDJ,KDJ 金叉,None,0.0,0.5525,0.2503,,0.2503,0,779,-0.0014,19.96,19.93,19.9,19.76,2026-08-21,3,False
PFGC,Consumer Staples,Food Distribution,KDJ,KDJ 金叉,None,0.0,0.5525,0.2503,,0.2503,0,779,-0.0014,105.78,105.63,105.48,104.72,2026-08-24,3,False
NVR,Consumer Discretionary,Residential Construction,KDJ,KDJ 金叉,None,0.0,0.5525,0.25,0.25,0.3183,28,1244,0.001,6397.5898,6403.99,6410.38,6333.61,2026-08-24,3,False
HWM,Industrials,Aerospace & Defense,BB,BB 跌破下軌 (超賣),None,0.0,0.45499999999999996,0.25,0.25,0.2838,8,1258,-0.0028,264.04,263.3,262.56,261.4,2026-08-25,3,False
BEP,Utilities,Utilities - Renewable,BB,BB 中軌向上（上升趨勢）,None,0.0,0.51,0.249,,0.249,0,7232,0.0028,32.77,32.86,32.95,32.44,2026-08-21,3,False
INVH,Real Estate,REIT - Residential,MACD,MACD 金叉 (多頭區),None,0.0,0.68,0.2486,,0.2486,0,173,0.0009,30.46,30.49,30.51,30.16,2026-08-24,3,False
PFE,Health Care,Drug Manufacturers - General,RSI,RSI 加速上升,None,0.0,0.5525,0.2483,0.2483,0.2803,145,8492,-0.0032,28.07,27.98,27.89,27.79,2026-08-21,3,False
CPB,Consumer Staples,Packaged Foods,BB,BB 中軌向上（上升趨勢）,None,0.0,0.51,0.2466,,0.2466,0,6128,-0.0003,23.47,23.46,23.46,23.24,2026-08-25,3,False
EDU,Consumer Staples,Education & Training Services,BB,BB 中軌向上（上升趨勢）,None,0.0,0.51,0.2466,,0.2466,0,6128,-0.0003,57.07,57.05,57.04,56.5,2026-08-25,3,False
USFD,Consumer Staples,Food Distribution,BB,BB 中軌向上（上升趨勢）,None,0.0,0.51,0.2466,,0.2466,0,6128,-0.0003,108.89,108.86,108.82,107.8,2026-08-25,3,False
EW,Health Care,Medical Devices,BB,價格在 BB 中軌上方,None,0.0,0.425,0.2466,0.2466,0.2804,219,14417,-0.0003,90.87,90.84,90.82,89.96,2026-08-25,3,False
ADM,Consumer Staples,Farm Products,RSI,RSI 維持強勢 (50-70),None,0.0,0.51,0.2455,0.2455,0.2452,224,7574,-0.0043,80.3,79.95,79.61,79.5,2026-08-21,3,False
EBAY,Consumer Discretionary,Internet Retail,RSI,RSI 加速上升,None,0.0,0.5525,0.2448,0.2448,0.3117,143,6796,-0.0034,106.0,105.64,105.28,104.94,2026-08-25,3,False
AIZ,Financials,Insurance - Property & Casualty,RSI,RSI 維持強勢 (50-70),None,0.0,0.51,0.2447,0.2447,0.2842,282,19108,0.0016,285.15,285.61,286.06,282.3,2026-08-25,3,False
BTI,Consumer Staples,Tobacco,RSI,RSI 加速上升,None,0.0,0.5525,0.2439,,0.2439,0,5343,-0.0002,56.71,56.7,56.69,56.14,2026-08-24,3,False
AAL,Industrials,Airlines,KDJ,KDJ 超賣區金叉,None,0.0,0.5599999999999999,0.2433,,0.2433,0,563,0.0001,13.95,13.95,13.95,13.81,2026-08-25,3,False
UAL,Industrials,Airlines,KDJ,KDJ 超賣區金叉,None,0.0,0.5599999999999999,0.2433,,0.2433,0,563,0.0001,117.41,117.42,117.43,116.24,2026-08-25,3,False
MDT,Health Care,Medical Devices,BB,價格在 BB 中軌上方,None,0.0,0.425,0.2425,0.2425,0.2804,268,14417,0.0012,91.14,91.25,91.36,90.23,2026-08-25,3,False
ZTS,Health Care,Drug Manufacturers - Specialty & Generic,BB,價格在 BB 中軌上方,None,0.0,0.425,0.2417,0.2417,0.2804,211,14417,-0.0048,77.29,76.92,76.55,76.52,2026-08-25,3,False
ACN,Information Technology,Information Technology Services,RSI,RSI 加速上升,None,0.0,0.5525,0.24,0.24,0.3693,150,10688,-0.0042,186.93,186.14,185.36,185.06,2026-08-25,3,False
CHD,Consumer Staples,Household & Personal Products,KDJ,KDJ 金叉,None,0.0,0.5525,0.24,0.24,0.2503,25,779,-0.003,102.53,102.22,101.91,101.5,2026-08-24,3,False
CMCSA,Communication Services,Telecom Services,RSI,RSI 維持強勢 (50-70),None,0.0,0.51,0.2389,0.2389,0.3082,180,5205,-0.003,27.1,27.02,26.94,26.83,2026-08-25,3,False
LH,Health Care,Diagnostics & Research,BB,價格在 BB 中軌上方,None,0.0,0.425,0.2387,0.2387,0.2804,222,14417,0.0,337.68,337.68,337.68,334.3,2026-08-25,3,False
SPGI,Financials,Financial Data & Stock Exchanges,RSI,RSI 加速上升,None,0.0,0.5525,0.236,0.236,0.3014,161,11488,0.0044,435.42,437.34,439.25,431.07,2026-08-24,3,False
AEE,Utilities,Utilities - Regulated Electric,BB,BB 跌破下軌 (超賣),None,0.0,0.45499999999999996,0.2353,0.2353,0.4104,17,441,0.0039,106.13,106.54,106.96,105.07,2026-08-21,3,False
ABT,Health Care,Medical Devices,BB,價格在 BB 中軌上方,None,0.0,0.425,0.2353,0.2353,0.2804,221,14417,-0.0011,116.13,116.0,115.87,114.97,2026-08-25,3,False
ICE,Financials,Financial Data & Stock Exchanges,BB,價格在 BB 中軌上方,None,0.0,0.425,0.2353,0.2353,0.2847,306,21689,0.0043,161.78,162.48,163.17,160.16,2026-08-25,3,False
KO,Consumer Staples,Beverages - Non-Alcoholic,BB,BB 中軌向上（上升趨勢）,None,0.0,0.51,0.2346,0.2346,0.2466,179,6128,0.0053,91.64,92.13,92.61,90.72,2026-08-25,3,False
TSN,Consumer Staples,Farm Products,RSI,RSI 維持強勢 (50-70),None,0.0,0.51,0.2345,0.2345,0.2452,226,7574,-0.0021,58.48,58.36,58.23,57.9,2026-08-21,3,False
CSGP,Real Estate,Real Estate Services,RSI,RSI 維持強勢 (50-70),None,0.0,0.51,0.2343,0.2343,0.2509,175,7011,-0.0075,32.81,32.56,32.32,32.48,2026-08-25,3,False
GEHC,Health Care,Medical Devices,BB,價格在 BB 中軌上方,None,0.0,0.425,0.233,0.233,0.2804,206,14417,-0.0058,73.91,73.48,73.05,73.17,2026-08-25,3,False
OHI,Real Estate,REIT - Healthcare Facilities,RSI,RSI 加速上升,None,0.0,0.5525,0.2327,,0.2327,0,4401,-0.0006,46.95,46.92,46.89,46.48,2026-08-25,3,False
WPC,Real Estate,REIT - Diversified,RSI,RSI 加速上升,None,0.0,0.5525,0.2327,,0.2327,0,4401,-0.0006,71.78,71.74,71.69,71.06,2026-08-25,3,False
NDSN,Industrials,Specialty Industrial Machinery,RSI,RSI 加速上升,None,0.0,0.5525,0.2313,0.2313,0.2981,134,11545,0.0014,333.58,334.05,334.51,330.24,2026-08-25,3,False
CTVA,Materials,Agricultural Inputs,BB,價格在 BB 中軌上方,None,0.0,0.425,0.2311,0.2311,0.2859,238,6697,-0.0041,83.05,82.71,82.37,82.22,2026-08-25,3,False
ROP,Information Technology,Software - Application,RSI,RSI 加速上升,None,0.0,0.5525,0.2297,0.2297,0.3693,148,10688,-0.0037,413.37,411.84,410.31,409.24,2026-08-25,3,False
BSX,Health Care,Medical Devices,RSI,RSI 維持強勢 (50-70),None,0.0,0.51,0.2292,0.2292,0.2772,240,12123,0.0011,49.86,49.91,49.97,49.36,2026-08-25,3,False
VLTO,Industrials,Pollution & Treatment Controls,BB,價格在 BB 中軌上方,None,0.0,0.425,0.2292,0.2292,0.295,253,22337,0.0002,98.77,98.79,98.81,97.78,2026-08-25,3,False
CTAS,Industrials,Specialty Business Services,RSI,RSI 加速上升,None,0.0,0.5525,0.2252,0.2252,0.2981,151,11545,0.0035,204.76,205.48,206.19,202.71,2026-08-25,3,False
ESS,Real Estate,REIT - Residential,RSI,RSI 維持強勢 (50-70),None,0.0,0.51,0.2249,0.2249,0.2509,249,7011,-0.0004,292.0,291.88,291.77,289.08,2026-08-25,3,False
FAST,Industrials,Industrial Distribution,RSI,RSI 維持強勢 (50-70),None,0.0,0.51,0.2249,0.2249,0.2986,249,19157,0.0002,50.31,50.32,50.33,49.81,2026-08-25,3,False
HST,Real Estate,REIT - Hotel & Motel,RSI,RSI 加速上升,None,0.0,0.5525,0.2246,0.2246,0.2327,138,4401,-0.0034,23.19,23.11,23.03,22.96,2026-08-24,3,False
CLX,Consumer Staples,Household & Personal Products,BB,價格在 BB 中軌上方,None,0.0,0.425,0.2245,0.2245,0.2432,196,8891,-0.0034,104.93,104.57,104.22,103.88,2026-08-25,3,False
EA,Communication Services,Electronic Gaming & Multimedia,BB,價格在 BB 中軌上方,None,0.0,0.425,0.2231,0.2231,0.3007,242,6080,0.0014,209.7,209.99,210.29,207.6,2026-08-07,3,False
WM,Industrials,Waste Management,RSI,RSI 加速上升,None,0.0,0.5525,0.223,0.223,0.2981,148,11545,-0.0032,226.46,225.74,225.01,224.2,2026-08-24,3,False
PPG,Materials,Specialty Chemicals,KDJ,KDJ 金叉,None,0.0,0.5525,0.2222,0.2222,0.314,18,637,-0.008,113.23,112.32,111.42,112.1,2026-08-24,3,False
OTIS,Industrials,Specialty Industrial Machinery,RSI,RSI 加速上升,None,0.0,0.5525,0.2201,0.2201,0.2981,159,11545,-0.0005,71.46,71.42,71.39,70.75,2026-08-25,3,False
WY,Real Estate,REIT - Specialty,BB,BB 中軌向上（上升趨勢）,None,0.0,0.51,0.22,0.22,0.2647,150,5713,0.0028,24.43,24.5,24.57,24.19,2026-08-25,3,False
JCI,Industrials,Building Products & Equipment,BB,BB 中軌向上（上升趨勢）,None,0.0,0.51,0.2169,0.2169,0.2929,272,17460,-0.0031,143.05,142.61,142.16,141.62,2026-08-21,3,False
ZBH,Health Care,Medical Devices,RSI,RSI 維持強勢 (50-70),None,0.0,0.51,0.2156,0.2156,0.2772,167,12123,-0.0047,100.24,99.77,99.3,99.24,2026-08-25,3,False
UDR,Real Estate,REIT - Residential,MACD,MACD 金叉 (空頭區),None,0.0,0.42,0.2143,0.2143,0.2026,14,380,-0.0045,38.39,38.22,38.04,38.01,2026-08-24,3,False
HD,Consumer Discretionary,Home Improvement Retail,BB,BB 中軌向上（上升趨勢）,None,0.0,0.51,0.2132,0.2132,0.2908,197,9757,-0.0003,335.61,335.51,335.41,332.25,2026-08-21,3,False
ITW,Industrials,Specialty Industrial Machinery,BB,BB 中軌向上（上升趨勢）,None,0.0,0.51,0.2131,0.2131,0.2929,183,17460,0.0016,282.29,282.74,283.19,279.47,2026-08-21,3,False
MRSH,Financials,Insurance Brokers,RSI,RSI 動能加速（強勢區）,None,0.0,0.51,0.2128,0.2128,0.279,47,3129,0.0004,194.67,194.75,194.83,192.72,2026-08-24,3,False
VICI,Real Estate,REIT - Diversified,RSI,RSI 維持強勢 (50-70),None,0.0,0.51,0.2126,0.2126,0.2509,207,7011,0.0012,26.78,26.81,26.84,26.51,2026-08-24,3,False
ORLY,Consumer Discretionary,Auto Parts,RSI,RSI 維持強勢 (50-70),None,0.0,0.51,0.2102,0.2102,0.2995,295,10441,0.0001,90.32,90.33,90.34,89.42,2026-08-25,3,False
TTWO,Communication Services,Electronic Gaming & Multimedia,BB,BB 中軌向上（上升趨勢）,None,0.0,0.51,0.2091,0.2091,0.2943,220,4771,-0.0025,239.62,239.02,238.42,237.22,2026-08-21,3,False
WST,Health Care,Medical Instruments & Supplies,BB,BB 中軌向上（上升趨勢）,None,0.0,0.51,0.2086,0.2086,0.2705,187,10885,-0.0036,348.48,347.23,345.97,345.0,2026-08-25,3,False
RSG,Industrials,Waste Management,RSI,RSI 維持強勢 (50-70),None,0.0,0.51,0.2077,0.2077,0.2986,260,19157,0.0022,220.96,221.45,221.93,218.75,2026-08-25,3,False
MCD,Consumer Discretionary,Restaurants,KDJ,KDJ 金叉,None,0.0,0.5525,0.2069,0.2069,0.3183,29,1244,-0.0017,272.54,272.08,271.61,269.81,2026-08-24,3,False
GIS,Consumer Staples,Packaged Foods,BB,BB 中軌向上（上升趨勢）,None,0.0,0.51,0.2043,0.2043,0.2466,93,6128,-0.0045,39.78,39.6,39.42,39.38,2026-08-25,3,False
O,Real Estate,REIT - Retail,RSI,RSI 維持強勢 (50-70),None,0.0,0.51,0.2041,0.2041,0.2509,245,7011,0.0004,63.17,63.2,63.22,62.54,2026-08-24,3,False
LYB,Materials,Specialty Chemicals,BB,BB 中軌向上（上升趨勢）,None,0.0,0.51,0.2011,0.2011,0.2853,179,5036,-0.0074,62.55,62.09,61.62,61.92,2026-08-25,3,False
TYL,Information Technology,Software - Application,RSI,RSI 加速上升,None,0.0,0.5525,0.2,0.2,0.3693,115,10688,-0.0028,355.79,354.79,353.8,352.23,2026-08-24,3,False
HON,Industrials,Conglomerates,BB,BB 跌破下軌 (超賣),None,0.0,0.45499999999999996,0.2,0.2,0.2838,10,1258,0.0054,215.9,217.07,218.23,213.74,2026-08-21,3,False
TXT,Industrials,Aerospace & Defense,BB,BB 跌破下軌 (超賣),None,0.0,0.45499999999999996,0.2,0.2,0.2838,5,1258,-0.0107,81.8,80.92,80.05,80.98,2026-08-25,3,False
BDX,Health Care,Medical Instruments & Supplies,BB,BB 中軌向上（上升趨勢）,None,0.0,0.51,0.1948,0.1948,0.2705,154,10885,-0.0017,189.78,189.46,189.13,187.88,2026-08-25,3,False
SNA,Industrials,Tools & Accessories,KDJ,KDJ 超賣區金叉,None,0.0,0.5599999999999999,0.1875,0.1875,0.2433,16,563,0.0004,394.49,394.65,394.81,390.55,2026-08-24,3,False
PG,Consumer Staples,Household & Personal Products,MACD,MACD 金叉 (空頭區),None,0.0,0.42,0.1875,0.1875,0.241,16,473,0.0015,146.6,146.82,147.04,145.13,2026-08-24,3,False
AON,Financials,Insurance Brokers,BB,價格在 BB 中軌上方,None,0.0,0.425,0.1869,0.1869,0.2847,289,21689,-0.0042,359.1,357.59,356.08,355.51,2026-08-24,3,False
HRL,Consumer Staples,Packaged Foods,KDJ,KDJ 金叉,None,0.0,0.5525,0.1765,0.1765,0.2503,17,779,-0.0108,24.09,23.83,23.57,23.85,2026-08-24,3,False
WTW,Financials,Insurance Brokers,BB,價格在 BB 中軌上方,None,0.0,0.425,0.1646,0.1646,0.2847,316,21689,-0.0024,346.82,345.99,345.16,343.35,2026-08-25,3,False
REG,Real Estate,REIT - Retail,RSI,RSI 加速上升,None,0.0,0.5525,0.1429,0.1429,0.2327,140,4401,-0.0038,76.72,76.43,76.14,75.95,2026-08-25,3,False
FITB,Financials,Banks - Regional,BB,BB 跌破下軌 (超賣),None,0.0,0.45499999999999996,0.1304,0.1304,0.3485,23,1277,-0.0121,54.82,54.16,53.49,54.27,2026-08-21,3,False
MTB,Financials,Banks - Regional,BB,BB 跌破下軌 (超賣),None,0.0,0.45499999999999996,0.1304,0.1304,0.3485,23,1277,-0.0124,240.34,237.36,234.38,237.94,2026-08-21,3,False
EXC,Utilities,Utilities - Regulated Electric,BB,BB 跌破下軌 (超賣),None,0.0,0.45499999999999996,0.125,0.125,0.4104,16,441,-0.0092,43.78,43.38,42.97,43.34,2026-08-21,3,False
DAL,Industrials,Airlines,KDJ,KDJ 超賣區金叉,None,0.0,0.5599999999999999,0.1,0.1,0.2433,10,563,-0.0086,83.62,82.9,82.18,82.78,2026-08-25,3,False
LUV,Industrials,Airlines,KDJ,KDJ 超賣區金叉,None,0.0,0.5599999999999999,0.0,0.0,0.2433,6,563,-0.0231,40.71,39.77,38.83,40.3,2026-08-24,3,False
