symbol,sector,subsector,indicator,signal,pattern,pattern_conf,confidence,win_rate,win_rate_stock,win_rate_sector,stock_n,sector_n,avg_return,price,tp1_price,tp2_price,sl_price,date,tier,volume_confirmed
ERIE,Financials,Insurance Brokers,BB,BB 中軌向上（上升趨勢）,Cup & Handle,0.82,1.0,0.8125,0.8125,0.3016,16,4616,0.0349,255.83,264.76,273.69,253.27,2026-08-13,1,False
ITUB,Financials,Banks - Regional,BB,BB 跌破下軌 (超賣),Bullish Engulfing,0.75,1.0,0.7059,,0.7059,0,34,0.0562,7.34,7.75,8.17,7.27,2026-08-13,1,False
CSCO,Information Technology,Communication Equipment,BB,BB 中軌向上（上升趨勢）,Bullish Engulfing,0.75,1.0,0.6154,0.6154,0.3757,13,338,0.0269,112.9,115.94,118.97,111.77,2026-08-17,1,False
DVN,Energy,Oil & Gas E&P,RSI,RSI 加速上升,Consolidation Breakout,0.85,1.0,0.6154,0.6154,0.2708,13,336,0.0288,47.57,48.94,50.31,47.09,2026-08-17,1,False
COHR,Information Technology,Scientific & Technical Instruments,RSI,RSI 維持強勢 (50-70),Morning Star,0.8,1.0,0.6111,,0.6111,0,18,0.0331,327.23,338.06,348.89,323.96,2026-08-13,1,True
BPYPO,Real Estate,Real Estate Services,RSI,RSI 上穿 50 中性線,Morning Star,0.8,0.9900000000000001,0.5833,,0.5833,0,24,0.0272,15.39,15.81,16.23,15.24,2026-08-14,1,False
BXP,Real Estate,REIT - Office,RSI,RSI 上穿 50 中性線,Morning Star,0.8,0.9900000000000001,0.5833,,0.5833,0,24,0.0272,69.18,71.06,72.94,68.49,2026-08-13,1,False
ELS,Real Estate,REIT - Residential,RSI,RSI 上穿 50 中性線,Morning Star,0.8,0.9900000000000001,0.5833,,0.5833,0,24,0.0272,65.01,66.78,68.55,64.36,2026-08-13,1,False
COP,Energy,Oil & Gas E&P,BB,BB 中軌向上（上升趨勢）,Consolidation Breakout,0.74,1.0,0.5625,0.5625,0.2961,16,385,0.0146,127.56,129.42,131.28,126.28,2026-08-17,1,False
DG,Consumer Staples,Discount Stores,RSI,RSI 上穿 50 中性線,Morning Star,0.8,0.9900000000000001,0.5625,,0.5625,0,32,0.0236,123.28,126.19,129.1,122.05,2026-08-14,1,False
TSN,Consumer Staples,Farm Products,RSI,RSI 上穿 50 中性線,Morning Star,0.8,0.9900000000000001,0.5625,,0.5625,0,32,0.0236,58.17,59.54,60.92,57.59,2026-08-14,1,False
JBS,Consumer Staples,Packaged Foods,BB,BB 中軌向上（上升趨勢）,Morning Star,0.8,1.0,0.5505,,0.5505,0,109,0.0238,13.32,13.64,13.95,13.19,2026-08-13,1,False
HTHT,Consumer Discretionary,Lodging,RSI,RSI 上穿 50 中性線,Consolidation Breakout,0.85,1.0,0.5,,0.5,0,6,0.0174,46.61,47.42,48.23,46.14,2026-08-17,1,True
PS,Financials,Asset Management,RSI,RSI 加速上升,Support,0.8,1.0,0.5,,0.5,0,6,0.002,41.4,41.48,41.57,40.99,2026-08-13,1,True
TPR,Consumer Discretionary,Luxury Goods,BB,BB 中軌向上（上升趨勢）,None,0.0,0.51,0.6667,0.6667,0.3934,9,427,0.0277,128.39,131.95,135.5,127.11,2026-08-13,2,True
GE,Industrials,Aerospace & Defense,RSI,RSI 維持強勢 (50-70),None,0.0,0.51,0.5455,0.5455,0.3579,11,746,0.0217,369.43,377.45,385.46,365.74,2026-08-17,2,True
GH,Health Care,Diagnostics & Research,BB,價格在 BB 中軌上方,Bullish Engulfing,0.75,1.0,0.4667,,0.4667,0,15,0.0041,161.67,162.33,163.0,160.05,2026-08-17,2,True
SBS,Utilities,Utilities - Regulated Water,RSI,RSI 超賣區域 (30),None,0.0,0.5249999999999999,0.4545,,0.4545,0,33,0.0084,4.68,4.72,4.76,4.63,2026-08-13,2,True
ARGX,Health Care,Biotechnology,MACD,MACD 金叉 (多頭區),None,0.0,0.68,0.451,,0.451,0,51,0.0047,987.84,992.48,997.13,977.96,2026-08-17,2,True
NI,Utilities,Utilities - Regulated Gas,RSI,RSI 維持超賣,Bullish Engulfing,0.75,0.885,0.8889,,0.8889,0,9,0.0391,42.08,43.73,45.37,41.66,2026-08-13,3,False
WAB,Industrials,Railroads,KDJ,KDJ 金叉,Support,0.9,1.0,0.8,,,0,0,0.0149,297.98,302.42,306.86,295.0,2026-08-13,3,False
DVA,Health Care,Medical Care Facilities,RSI,RSI 維持超賣,None,0.0,0.385,0.8,0.8,0.3138,5,956,0.0445,176.7,184.56,192.43,174.93,2026-08-17,3,False
STX,Information Technology,Computer Hardware,MACD,MACD 突破 0 軸,None,0.0,0.595,0.7143,0.7143,0.4064,7,529,0.0607,973.44,1032.53,1091.62,963.71,2026-08-14,3,False
SNDK,Information Technology,Computer Hardware,RSI,RSI 動能加速（強勢區）,None,0.0,0.51,0.7059,0.7059,0.366,34,2885,0.1227,1786.85,2006.1,2225.34,1768.98,2026-08-17,3,False
WDC,Information Technology,Computer Hardware,RSI,RSI 上穿 50 中性線,None,0.0,0.4675,0.7,0.7,0.3785,20,1593,0.0721,508.8,545.48,582.17,503.71,2026-08-14,3,False
HWM,Industrials,Aerospace & Defense,BB,BB 中軌向上（上升趨勢）,Morning Star,0.8,1.0,0.6667,0.6667,0.5233,6,407,0.0198,289.18,294.91,300.63,286.29,2026-08-14,3,False
META,Communication Services,Internet Content & Information,MACD,MACD 金叉 (空頭區),None,0.0,0.42,0.6364,0.6364,0.3254,11,252,0.0265,594.97,610.74,626.5,589.02,2026-08-13,3,False
COR,Health Care,Medical Distribution,BB,BB 中軌向上（上升趨勢）,Bullish Engulfing,0.75,1.0,0.625,0.625,0.3577,8,260,0.0247,313.82,321.57,329.32,310.68,2026-08-14,3,False
FCX,Materials,Copper,BB,BB 中軌向上（上升趨勢）,Morning Star,0.8,1.0,0.6,0.6,0.3805,5,113,0.0403,68.38,71.14,73.89,67.7,2026-08-17,3,False
GEV,Industrials,Specialty Industrial Machinery,MACD,MACD 突破 0 軸,None,0.0,0.595,0.6,0.6,0.2912,5,570,0.022,1079.0,1102.74,1126.48,1068.21,2026-08-17,3,False
HLT,Consumer Discretionary,Lodging,RSI,RSI 上穿 50 中性線,None,0.0,0.4675,0.5833,0.5833,0.3072,24,1123,0.0141,327.21,331.82,336.44,323.94,2026-08-14,3,False
CCL,Consumer Discretionary,Travel Services,RSI,RSI 上穿 50 中性線,None,0.0,0.4675,0.5789,0.5789,0.3072,19,1123,0.028,28.42,29.22,30.01,28.14,2026-08-13,3,False
VRT,Industrials,Electrical Equipment & Parts,RSI,RSI 維持強勢 (50-70),None,0.0,0.51,0.5753,0.5753,0.2986,365,19157,0.0264,292.43,300.15,307.87,289.51,2026-08-17,3,False
CX,Materials,Building Materials,KDJ,KDJ 超賣區金叉,Bullish Engulfing,0.75,1.0,0.5714,,0.5714,0,7,0.0221,11.11,11.36,11.6,11.0,2026-08-17,3,False
HAL,Energy,Oil & Gas Equipment & Services,RSI,RSI 維持強勢 (50-70),Consolidation Breakout,0.74,1.0,0.5714,0.5714,0.251,7,255,0.0042,34.73,34.88,35.02,34.38,2026-08-17,3,False
GS,Financials,Capital Markets,MACD,MACD 金叉 (空頭區),None,0.0,0.42,0.5714,0.5714,0.3214,7,865,0.0286,1051.3101,1081.38,1111.45,1040.8,2026-08-17,3,False
Q,Information Technology,Semiconductor Equipment & Materials,RSI,RSI 維持強勢 (50-70),None,0.0,0.51,0.5667,0.5667,0.3645,90,16764,0.0315,140.76,145.19,149.63,139.35,2026-08-17,3,False
AMAT,Information Technology,Semiconductor Equipment & Materials,RSI,RSI 上穿 50 中性線,None,0.0,0.4675,0.5652,0.5652,0.3785,23,1593,0.0388,535.31,556.08,576.85,529.96,2026-08-17,3,False
CDW,Information Technology,Information Technology Services,KDJ,KDJ 金叉,None,0.0,0.5525,0.5625,0.5625,0.3918,16,1955,0.0168,135.3,137.57,139.85,133.95,2026-08-17,3,False
LITE,Information Technology,Communication Equipment,RSI,RSI 維持強勢 (50-70),None,0.0,0.51,0.5625,0.5625,0.3645,240,16764,0.0391,968.9,1006.78,1044.67,959.21,2026-08-17,3,False
INTC,Information Technology,Semiconductors,RSI,RSI 上穿 50 中性線,None,0.0,0.4675,0.5556,0.5556,0.3785,18,1593,0.0314,104.56,107.84,111.13,103.51,2026-08-13,3,False
SQM,Materials,Specialty Chemicals,MACD,MACD 突破 0 軸,Morning Star,0.8,1.0,0.5455,,,0,0,0.0313,74.32,76.65,78.97,73.58,2026-08-14,3,False
VST,Utilities,Utilities - Independent Power Producers,MACD,MACD 金叉 (空頭區),None,0.0,0.42,0.5455,0.5455,0.2494,11,409,0.0343,146.11,151.12,156.13,144.65,2026-08-17,3,False
MU,Information Technology,Semiconductors,RSI,RSI 動能加速（強勢區）,None,0.0,0.51,0.5441,0.5441,0.366,68,2885,0.029,1011.75,1041.09,1070.43,1001.63,2026-08-17,3,False
SOLV,Health Care,Medical Instruments & Supplies,KDJ,KDJ 金叉,None,0.0,0.5525,0.5333,0.5333,0.2852,15,1536,0.0148,88.59,89.9,91.21,87.7,2026-08-14,3,False
CVNA,Consumer Discretionary,Auto & Truck Dealerships,RSI,RSI 加速上升,None,0.0,0.5525,0.5281,0.5281,0.3117,178,6796,0.0471,75.59,79.15,82.71,74.83,2026-08-14,3,False
TER,Information Technology,Semiconductor Equipment & Materials,BB,BB 中軌向上（上升趨勢）,None,0.0,0.51,0.5277,0.5277,0.3639,307,16781,0.0256,443.14,454.48,465.83,438.71,2026-08-17,3,False
CAT,Industrials,Farm & Heavy Construction Machinery,RSI,RSI 上穿 50 中性線,None,0.0,0.4675,0.5263,0.5263,0.304,19,1816,0.0228,881.65,901.75,921.85,872.83,2026-08-17,3,False
GNRC,Industrials,Specialty Industrial Machinery,RSI,RSI 上穿 50 中性線,None,0.0,0.4675,0.5238,0.5238,0.304,21,1816,0.019,219.3,223.47,227.63,217.11,2026-08-14,3,False
BA,Industrials,Aerospace & Defense,BB,BB 中軌向上（上升趨勢）,None,0.0,0.51,0.52,0.52,0.2929,150,17460,0.0116,225.95,228.57,231.19,223.69,2026-08-17,3,False
FIX,Industrials,Engineering & Construction,KDJ,KDJ 金叉,None,0.0,0.5525,0.5116,0.5116,0.3223,43,2110,0.0183,1774.0601,1806.53,1838.99,1756.32,2026-08-14,3,False
CEG,Utilities,Utilities - Independent Power Producers,RSI,RSI 加速上升,None,0.0,0.5525,0.5093,0.5093,0.2565,161,4905,0.0227,282.5,288.91,295.33,279.68,2026-08-14,3,False
IQV,Health Care,Diagnostics & Research,RSI,RSI 維持強勢 (50-70),Bullish Engulfing,0.75,1.0,0.5,0.5,0.3286,6,280,0.0164,241.24,245.2,249.15,238.83,2026-08-17,3,False
PSX,Energy,Oil & Gas Refining & Marketing,BB,BB 中軌向上（上升趨勢）,Consolidation Breakout,0.72,1.0,0.5,0.5,0.2961,14,385,0.006,240.55,241.99,243.44,238.14,2026-08-17,3,False
AKAM,Information Technology,Software - Infrastructure,MACD,MACD 突破 0 軸,None,0.0,0.595,0.5,0.5,0.4064,6,529,0.0487,125.29,131.39,137.49,124.04,2026-08-13,3,False
IBKR,Financials,Capital Markets,MACD,MACD 突破 0 軸,None,0.0,0.595,0.5,0.5,0.3301,6,618,0.0116,94.33,95.42,96.52,93.39,2026-08-17,3,False
CIEN,Information Technology,Communication Equipment,RSI,RSI 加速上升,None,0.0,0.5525,0.5,0.5,0.3693,162,10688,0.026,445.18,456.75,468.33,440.73,2026-08-17,3,False
HPQ,Information Technology,Computer Hardware,KDJ,KDJ 金叉,None,0.0,0.5525,0.5,0.5,0.3918,18,1955,0.0095,31.3,31.6,31.89,30.99,2026-08-13,3,False
MGM,Consumer Discretionary,Resorts & Casinos,KDJ,KDJ 金叉,None,0.0,0.5525,0.5,0.5,0.3183,18,1244,0.0272,44.1,45.3,46.5,43.66,2026-08-14,3,False
TRGP,Energy,Oil & Gas Midstream,RSI,RSI 上穿 50 中性線,None,0.0,0.4675,0.5,0.5,0.361,26,579,0.0084,275.79,278.11,280.42,273.03,2026-08-14,3,False
EME,Industrials,Engineering & Construction,RSI,RSI 動能加速（強勢區）,None,0.0,0.51,0.4884,0.4884,0.2891,43,3037,0.0164,862.54,876.69,890.83,853.91,2026-08-17,3,False
AMD,Information Technology,Semiconductors,RSI,RSI 維持強勢 (50-70),None,0.0,0.51,0.4798,0.4798,0.3645,198,16764,0.0209,506.0,516.58,527.15,500.94,2026-08-17,3,False
NCLH,Consumer Discretionary,Travel Services,KDJ,KDJ 金叉,None,0.0,0.5525,0.4783,0.4783,0.3183,23,1244,0.0146,19.55,19.84,20.12,19.35,2026-08-13,3,False
DELL,Information Technology,Computer Hardware,RSI,RSI 維持強勢 (50-70),None,0.0,0.51,0.4775,0.4775,0.3645,333,16764,0.0252,479.81,491.9,503.99,475.01,2026-08-17,3,False
SYF,Financials,Credit Services,RSI,RSI 加速上升,None,0.0,0.5525,0.4749,0.4749,0.3014,179,11488,0.0133,80.75,81.82,82.9,79.94,2026-08-17,3,False
PM,Consumer Staples,Tobacco,KDJ,KDJ 金叉,None,0.0,0.5525,0.4737,0.4737,0.2503,19,779,0.0131,188.91,191.38,193.86,187.02,2026-08-13,3,False
HOOD,Financials,Capital Markets,BB,價格在 BB 中軌上方,None,0.0,0.425,0.4732,0.4732,0.2847,336,21689,0.0167,96.25,97.86,99.46,95.29,2026-08-17,3,False
BJ,Consumer Staples,Discount Stores,RSI,RSI 上穿 50 中性線,Bullish Engulfing,0.75,0.9735000000000001,0.4667,,0.4667,0,30,0.0138,94.43,95.73,97.04,93.49,2026-08-17,3,False
RF,Financials,Banks - Regional,KDJ,KDJ 金叉,None,0.0,0.5525,0.4667,0.4667,0.3142,15,1932,0.0187,31.9,32.5,33.09,31.58,2026-08-14,3,False
NRG,Utilities,Utilities - Independent Power Producers,RSI,RSI 加速上升,None,0.0,0.5525,0.4655,0.4655,0.2565,116,4905,0.0194,122.37,124.74,127.12,121.15,2026-08-17,3,False
PLTR,Information Technology,Software - Infrastructure,RSI,RSI 維持強勢 (50-70),None,0.0,0.51,0.4644,0.4644,0.3645,295,16764,0.0159,172.55,175.29,178.04,170.82,2026-08-17,3,False
RCL,Consumer Discretionary,Travel Services,RSI,RSI 維持強勢 (50-70),None,0.0,0.51,0.4618,0.4618,0.2995,262,10441,0.0148,309.88,314.47,319.05,306.78,2026-08-13,3,False
KKR,Financials,Asset Management,RSI,RSI 動能加速（強勢區）,None,0.0,0.51,0.4615,0.4615,0.279,52,3129,0.0115,115.3,116.63,117.95,114.15,2026-08-13,3,False
CRWD,Information Technology,Software - Infrastructure,RSI,RSI 維持強勢 (50-70),None,0.0,0.51,0.4578,0.4578,0.3645,249,16764,0.0167,213.9,217.47,221.04,211.76,2026-08-17,3,False
JBL,Information Technology,Electronic Components,RSI,RSI 加速上升,None,0.0,0.5525,0.4566,0.4566,0.3693,173,10688,0.0157,369.89,375.7,381.5,366.19,2026-08-17,3,False
STLD,Materials,Steel,RSI,RSI 維持強勢 (50-70),None,0.0,0.51,0.456,0.456,0.286,182,5721,0.0141,258.16,261.8,265.44,255.58,2026-08-17,3,False
COIN,Financials,Financial Data & Stock Exchanges,RSI,RSI 加速上升,None,0.0,0.5525,0.4551,0.4551,0.3014,178,11488,0.0117,153.9,155.7,157.5,152.36,2026-08-13,3,False
BBD,Financials,Banks - Regional,RSI,RSI 維持超賣,None,0.0,0.385,0.4547,,0.4547,0,508,0.0093,3.09,3.12,3.15,3.06,2026-08-17,3,False
KHC,Consumer Staples,Packaged Foods,RSI,RSI 上穿 50 中性線,None,0.0,0.4675,0.4545,0.4545,0.2565,22,928,0.0064,25.38,25.54,25.7,25.13,2026-08-13,3,False
TDG,Industrials,Aerospace & Defense,MACD,MACD 金叉 (空頭區),None,0.0,0.42,0.4545,0.4545,0.3303,11,875,0.0143,1256.9,1274.87,1292.85,1244.33,2026-08-14,3,False
EQR,Real Estate,REIT - Residential,KDJ,KDJ 金叉,None,0.0,0.5525,0.45,0.45,0.2818,20,550,0.0117,65.97,66.74,67.51,65.31,2026-08-13,3,False
FOXA,Communication Services,Entertainment,RSI,RSI 動能加速（強勢區）,None,0.0,0.51,0.4483,0.4483,0.3135,29,772,0.0029,69.04,69.24,69.44,68.35,2026-08-14,3,False
RDDT,Communication Services,Internet Content & Information,RSI,RSI 加速上升,None,0.0,0.5525,0.4481,,0.4481,0,241,0.0027,178.09,178.57,179.05,176.31,2026-08-14,3,True
WELL,Real Estate,REIT - Healthcare Facilities,RSI,RSI 上穿 50 中性線,None,0.0,0.4675,0.4474,0.4474,0.2311,38,818,0.011,234.44,237.02,239.6,232.1,2026-08-13,3,False
CBRS,Information Technology,Semiconductors,RSI,RSI 維持強勢 (50-70),None,0.0,0.51,0.4471,,0.4471,0,747,0.0161,251.98,256.04,260.09,249.46,2026-08-17,3,True
FN,Information Technology,Electronic Components,RSI,RSI 維持強勢 (50-70),None,0.0,0.51,0.4471,,0.4471,0,747,0.0161,598.58,608.22,617.85,592.59,2026-08-17,3,True
SMTC,Information Technology,Semiconductors,RSI,RSI 維持強勢 (50-70),None,0.0,0.51,0.4471,,0.4471,0,747,0.0161,154.22,156.7,159.19,152.68,2026-08-17,3,True
UI,Information Technology,Communication Equipment,RSI,RSI 維持強勢 (50-70),None,0.0,0.51,0.4471,,0.4471,0,747,0.0161,583.67,593.07,602.46,577.83,2026-08-17,3,True
DDOG,Information Technology,Software - Application,RSI,RSI 加速上升,None,0.0,0.5525,0.4467,0.4467,0.3693,150,10688,0.0121,255.46,258.55,261.64,252.91,2026-08-14,3,False
CSX,Industrials,Railroads,RSI,RSI 維持強勢 (50-70),Morning Star,0.8,1.0,0.4444,0.4444,0.4725,9,436,0.0107,50.58,51.12,51.66,50.07,2026-08-17,3,False
LRCX,Information Technology,Semiconductor Equipment & Materials,MACD,MACD 突破 0 軸,None,0.0,0.595,0.4444,0.4444,0.4064,9,529,0.001,343.84,344.18,344.53,340.4,2026-08-17,3,False
AES,Utilities,Utilities - Diversified,KDJ,KDJ 金叉,None,0.0,0.5525,0.4444,0.4444,0.3001,9,713,0.0266,14.76,15.15,15.55,14.61,2026-08-17,3,False
CCI,Real Estate,REIT - Specialty,KDJ,KDJ 金叉,None,0.0,0.5525,0.4444,0.4444,0.2818,9,550,-0.0032,75.73,75.49,75.25,74.97,2026-08-13,3,False
KEY,Financials,Banks - Regional,MACD,MACD 金叉 (空頭區),None,0.0,0.42,0.4444,0.4444,0.3214,9,865,0.0232,22.99,23.52,24.06,22.76,2026-08-13,3,False
KLAC,Information Technology,Semiconductor Equipment & Materials,RSI,RSI 維持強勢 (50-70),None,0.0,0.51,0.4427,0.4427,0.3645,314,16764,0.0104,205.76,207.9,210.04,203.7,2026-08-17,3,False
AVB,Real Estate,REIT - Residential,KDJ,KDJ 金叉,None,0.0,0.5525,0.4412,,0.4412,0,34,0.011,184.06,186.08,188.11,182.22,2026-08-14,3,True
GEN,Information Technology,Software - Infrastructure,KDJ,KDJ 金叉,None,0.0,0.5525,0.4375,0.4375,0.3918,16,1955,0.0205,29.57,30.18,30.78,29.27,2026-08-13,3,False
APA,Energy,Oil & Gas E&P,BB,BB 中軌向上（上升趨勢）,None,0.0,0.51,0.4367,0.4367,0.2962,229,4484,0.0055,40.47,40.69,40.92,40.07,2026-08-14,3,False
NEM,Materials,Gold,BB,BB 中軌向上（上升趨勢）,None,0.0,0.51,0.4367,0.4367,0.2853,316,5036,0.0083,120.33,121.33,122.33,119.13,2026-08-17,3,False
HBAN,Financials,Banks - Regional,RSI,RSI 加速上升,None,0.0,0.5525,0.4365,0.4365,0.3014,126,11488,0.0137,17.95,18.2,18.44,17.77,2026-08-17,3,False
ENB,Energy,Oil & Gas Midstream,RSI,RSI 維持超賣,None,0.0,0.385,0.4348,,0.4348,0,23,0.0146,50.594,51.33,52.07,50.09,2026-08-13,3,True
ANET,Information Technology,Computer Hardware,RSI,RSI 維持強勢 (50-70),None,0.0,0.51,0.434,0.434,0.3645,288,16764,0.009,201.8,203.62,205.43,199.78,2026-08-17,3,False
LYV,Communication Services,Entertainment,RSI,RSI 加速上升,None,0.0,0.5525,0.4314,0.4314,0.3116,102,3322,0.0056,188.46,189.52,190.57,186.58,2026-08-14,3,False
MRNA,Health Care,Biotechnology,MACD,MACD 突破 0 軸,None,0.0,0.595,0.4286,0.4286,0.3171,7,432,-0.0058,63.32,62.95,62.59,62.69,2026-08-14,3,False
FICO,Information Technology,Software - Application,RSI,RSI 加速上升,None,0.0,0.5525,0.4286,0.4286,0.3693,154,10688,0.0027,1085.78,1088.71,1091.64,1074.92,2026-08-14,3,False
AUR,Consumer Discretionary,Auto Parts,BB,BB 中軌向上（上升趨勢）,Bullish Engulfing,0.75,1.0,0.4279,,0.4279,0,208,0.015,6.99,7.09,7.2,6.92,2026-08-14,3,False
IVZ,Financials,Asset Management,RSI,RSI 維持強勢 (50-70),Morning Star,0.8,1.0,0.4278,,0.4278,0,367,0.0116,32.145,32.52,32.89,31.82,2026-08-13,3,False
KLAR,Financials,Credit Services,RSI,RSI 維持強勢 (50-70),Morning Star,0.8,1.0,0.4278,,0.4278,0,367,0.0116,20.68,20.92,21.16,20.47,2026-08-13,3,False
MFC,Financials,Insurance - Life,RSI,RSI 維持強勢 (50-70),Morning Star,0.8,1.0,0.4278,,0.4278,0,367,0.0116,44.46,44.98,45.49,44.02,2026-08-14,3,False
APH,Information Technology,Electronic Components,BB,BB 中軌向上（上升趨勢）,None,0.0,0.51,0.4261,0.4261,0.3639,291,16781,0.011,170.87,172.75,174.63,169.16,2026-08-17,3,False
RBA,Industrials,Specialty Business Services,RSI,RSI 維持超賣,None,0.0,0.385,0.4252,,0.4252,0,127,0.01,84.26,85.1,85.95,83.42,2026-08-14,3,True
SNPS,Information Technology,Software - Infrastructure,RSI,RSI 動能加速（強勢區）,None,0.0,0.51,0.4242,0.4242,0.366,33,2885,0.0011,421.5,421.96,422.43,417.28,2026-08-14,3,False
UDR,Real Estate,REIT - Residential,KDJ,KDJ 金叉,Morning Star,0.8,1.0,0.4231,,0.4231,0,52,0.0133,37.94,38.44,38.95,37.56,2026-08-13,3,False
CASY,Consumer Discretionary,Specialty Retail,RSI,RSI 維持強勢 (50-70),Bullish Engulfing,0.75,1.0,0.4221,,0.4221,0,199,0.0146,870.01,882.71,895.41,861.31,2026-08-17,3,False
WSM,Consumer Discretionary,Specialty Retail,BB,價格在 BB 中軌上方,None,0.0,0.425,0.4211,0.4211,0.2984,304,12430,0.0111,240.42,243.09,245.76,238.02,2026-08-17,3,False
ERIC,Information Technology,Communication Equipment,RSI,RSI 維持強勢 (50-70),Morning Star,0.8,1.0,0.4207,,0.4207,0,454,0.0197,10.27,10.47,10.67,10.17,2026-08-14,3,False
LSCC,Information Technology,Semiconductors,RSI,RSI 維持強勢 (50-70),Morning Star,0.8,1.0,0.4207,,0.4207,0,454,0.0197,130.46,133.03,135.6,129.16,2026-08-14,3,False
TTMI,Information Technology,Electronic Components,RSI,RSI 維持強勢 (50-70),Morning Star,0.8,1.0,0.4207,,0.4207,0,454,0.0197,140.0,142.76,145.52,138.6,2026-08-14,3,False
NFLX,Communication Services,Entertainment,KDJ,KDJ 金叉,None,0.0,0.5525,0.4194,0.4194,0.3345,31,550,0.0183,78.24,79.67,81.1,77.46,2026-08-13,3,False
ALB,Materials,Specialty Chemicals,RSI,RSI 維持強勢 (50-70),None,0.0,0.51,0.4194,0.4194,0.286,248,5721,0.0076,133.99,135.01,136.03,132.65,2026-08-17,3,False
MPWR,Information Technology,Semiconductors,RSI,RSI 維持強勢 (50-70),None,0.0,0.51,0.4184,0.4184,0.3645,294,16764,0.0085,1415.99,1428.03,1440.06,1401.83,2026-08-17,3,False
TRMB,Information Technology,Scientific & Technical Instruments,RSI,RSI 動能加速（強勢區）,None,0.0,0.51,0.4171,,0.4171,0,374,0.014,57.54,58.35,59.15,56.96,2026-08-13,3,True
WDAY,Information Technology,Software - Application,RSI,RSI 動能加速（強勢區）,None,0.0,0.51,0.4171,,0.4171,0,374,0.014,206.45,209.34,212.23,204.39,2026-08-13,3,True
AZO,Consumer Discretionary,Auto Parts,BB,價格在 BB 中軌上方,None,0.0,0.425,0.4167,0.4167,0.4026,12,529,0.0157,3040.3701,3088.1,3135.84,3009.97,2026-08-13,3,True
UNP,Industrials,Railroads,RSI,RSI 動能加速（強勢區）,None,0.0,0.51,0.4138,0.4138,0.2891,29,3037,0.0152,299.9,304.46,309.02,296.9,2026-08-17,3,False
AM,Energy,Oil & Gas Midstream,RSI,RSI 維持強勢 (50-70),None,0.0,0.51,0.411,,0.411,0,146,0.0074,22.15,22.31,22.48,21.93,2026-08-17,3,True
TLK,Communication Services,Telecom Services,RSI,RSI 上穿 50 中性線,Morning Star,0.8,0.9900000000000001,0.4091,,0.4091,0,22,0.0152,14.69,14.91,15.14,14.54,2026-08-13,3,False
CPRT,Industrials,Specialty Business Services,RSI,RSI 上穿 50 中性線,None,0.0,0.4675,0.4091,0.4091,0.304,22,1816,0.0047,29.39,29.53,29.67,29.1,2026-08-13,3,False
GLW,Information Technology,Electronic Components,RSI,RSI 上穿 50 中性線,None,0.0,0.4675,0.4091,0.4091,0.3785,22,1593,0.0117,165.99,167.93,169.87,164.33,2026-08-14,3,False
FSLR,Information Technology,Solar,BB,BB 中軌向上（上升趨勢）,None,0.0,0.51,0.4079,0.4079,0.3639,228,16781,0.0019,217.85,218.26,218.68,215.67,2026-08-17,3,False
GDDY,Information Technology,Software - Infrastructure,RSI,RSI 動能加速（強勢區）,None,0.0,0.51,0.4074,0.4074,0.366,27,2885,0.0074,100.5,101.24,101.99,99.5,2026-08-13,3,False
HII,Industrials,Aerospace & Defense,RSI,RSI 維持強勢 (50-70),None,0.0,0.51,0.4065,0.4065,0.2986,278,19157,0.0131,318.34,322.51,326.68,315.16,2026-08-17,3,False
CGNX,Information Technology,Scientific & Technical Instruments,MACD,MACD 突破 0 軸,None,0.0,0.595,0.4064,,0.4064,0,529,0.0085,66.6,67.17,67.73,65.93,2026-08-17,3,False
IONQ,Information Technology,Computer Hardware,MACD,MACD 突破 0 軸,None,0.0,0.595,0.4064,,0.4064,0,529,0.0085,46.26,46.65,47.05,45.8,2026-08-14,3,False
MRVL,Information Technology,Semiconductors,MACD,MACD 突破 0 軸,None,0.0,0.595,0.4064,,0.4064,0,529,0.0085,234.33,236.32,238.31,231.99,2026-08-17,3,False
MTSI,Information Technology,Semiconductors,MACD,MACD 突破 0 軸,None,0.0,0.595,0.4064,,0.4064,0,529,0.0085,327.53,330.31,333.1,324.25,2026-08-17,3,False
QNT,Information Technology,Software - Application,MACD,MACD 突破 0 軸,None,0.0,0.595,0.4064,,0.4064,0,529,0.0085,68.5,69.08,69.66,67.81,2026-08-13,3,False
TSM,Information Technology,Semiconductors,MACD,MACD 突破 0 軸,None,0.0,0.595,0.4064,,0.4064,0,529,0.0085,430.49,434.15,437.81,426.19,2026-08-13,3,False
VIAV,Information Technology,Communication Equipment,MACD,MACD 突破 0 軸,None,0.0,0.595,0.4064,,0.4064,0,529,0.0085,46.26,46.65,47.05,45.8,2026-08-17,3,False
RL,Consumer Discretionary,Apparel Manufacturing,RSI,RSI 維持強勢 (50-70),None,0.0,0.51,0.4064,0.4064,0.2995,283,10441,0.0107,388.92,393.08,397.24,385.03,2026-08-14,3,False
HRL,Consumer Staples,Packaged Foods,KDJ,KDJ 金叉,Bullish Engulfing,0.75,1.0,0.4062,,0.4062,0,32,0.0156,24.44,24.82,25.2,24.2,2026-08-13,3,False
LLY,Health Care,Drug Manufacturers - General,BB,BB 中軌向上（上升趨勢）,None,0.0,0.51,0.4058,0.4058,0.2705,207,10885,0.0078,1183.16,1192.39,1201.62,1171.33,2026-08-17,3,False
AVGO,Information Technology,Semiconductors,BB,BB 中軌向上（上升趨勢）,None,0.0,0.51,0.4056,0.4056,0.3639,323,16781,0.0099,392.43,396.32,400.2,388.51,2026-08-17,3,False
CFG,Financials,Banks - Regional,RSI,RSI 加速上升,None,0.0,0.5525,0.4049,0.4049,0.3014,163,11488,0.0121,74.31,75.21,76.11,73.57,2026-08-17,3,False
EQT,Energy,Oil & Gas E&P,RSI,RSI 加速上升,None,0.0,0.5525,0.4048,0.4048,0.3227,126,3306,0.0092,54.42,54.92,55.42,53.88,2026-08-14,3,False
DAL,Industrials,Airlines,RSI,RSI 動能加速（強勢區）,None,0.0,0.51,0.4048,0.4048,0.2891,42,3037,0.008,91.31,92.04,92.77,90.4,2026-08-13,3,False
IRM,Real Estate,REIT - Specialty,RSI,RSI 動能加速（強勢區）,None,0.0,0.51,0.4048,0.4048,0.2452,42,1093,0.0121,129.43,131.0,132.56,128.14,2026-08-14,3,False
MS,Financials,Capital Markets,RSI,RSI 加速上升,None,0.0,0.5525,0.4025,0.4025,0.3014,159,11488,0.0109,218.38,220.76,223.14,216.2,2026-08-13,3,False
ODFL,Industrials,Trucking,RSI,RSI 加速上升,None,0.0,0.5525,0.4024,0.4024,0.2981,164,11545,0.0065,215.73,217.13,218.53,213.57,2026-08-13,3,False
RELX,Industrials,Specialty Business Services,BB,BB 中軌向上（上升趨勢）,Bullish Engulfing,0.75,1.0,0.4012,,0.4012,0,324,0.0121,34.67,35.09,35.51,34.32,2026-08-13,3,False
MAR,Consumer Discretionary,Lodging,RSI,RSI 加速上升,None,0.0,0.5525,0.4012,0.4012,0.3117,162,6796,0.0079,356.57,359.39,362.2,353.0,2026-08-17,3,False
ESS,Real Estate,REIT - Residential,KDJ,KDJ 金叉,None,0.0,0.5525,0.4,0.4,0.2818,15,550,0.002,287.39,287.96,288.54,284.52,2026-08-13,3,False
MCO,Financials,Financial Data & Stock Exchanges,KDJ,KDJ 金叉,None,0.0,0.5525,0.4,0.4,0.3142,25,1932,0.0087,487.39,491.63,495.87,482.52,2026-08-13,3,False
HUM,Health Care,Healthcare Plans,BB,價格在 BB 中軌上方,None,0.0,0.425,0.4,0.4,0.2804,275,14417,0.0092,384.31,387.85,391.38,380.47,2026-08-17,3,False
BX,Financials,Asset Management,BB,價格在 BB 中軌上方,None,0.0,0.425,0.3992,0.3992,0.2847,258,21689,0.0081,140.57,141.71,142.85,139.16,2026-08-17,3,False
KEYS,Information Technology,Scientific & Technical Instruments,RSI,RSI 維持強勢 (50-70),None,0.0,0.51,0.399,0.399,0.3645,198,16764,0.0164,361.15,367.07,373.0,357.54,2026-08-17,3,False
C,Financials,Banks - Diversified,RSI,RSI 加速上升,None,0.0,0.5525,0.3989,0.3989,0.3014,188,11488,0.0114,138.51,140.09,141.67,137.12,2026-08-17,3,False
PANW,Information Technology,Software - Infrastructure,RSI,RSI 加速上升,None,0.0,0.5525,0.3988,0.3988,0.3693,168,10688,0.0075,396.0,398.97,401.94,392.04,2026-08-13,3,False
BLDR,Industrials,Building Products & Equipment,BB,價格在 BB 中軌上方,None,0.0,0.425,0.3983,0.3983,0.295,231,22337,-0.0025,72.51,72.33,72.15,71.78,2026-08-14,3,False
COF,Financials,Credit Services,RSI,RSI 加速上升,None,0.0,0.5525,0.3968,0.3968,0.3014,126,11488,0.0071,227.34,228.95,230.57,225.07,2026-08-14,3,False
TTD,Communication Services,Advertising Agencies,RSI,RSI 加速上升,None,0.0,0.5525,0.3947,0.3947,0.3116,190,3322,-0.0015,14.14,14.12,14.1,14.0,2026-08-14,3,False
FOX,Communication Services,Entertainment,RSI,RSI 動能加速（強勢區）,None,0.0,0.51,0.3939,0.3939,0.3135,33,772,-0.0003,61.41,61.39,61.37,60.8,2026-08-14,3,False
JD,Consumer Discretionary,Internet Retail,BB,BB 中軌向上（上升趨勢）,None,0.0,0.51,0.3934,,0.3934,0,427,0.0097,29.3,29.58,29.87,29.01,2026-08-13,3,True
DXCM,Health Care,Medical Devices,BB,價格在 BB 中軌上方,None,0.0,0.425,0.3924,0.3924,0.2804,237,14417,0.0073,88.76,89.41,90.06,87.87,2026-08-17,3,False
ADP,Information Technology,Software - Application,KDJ,KDJ 金叉,None,0.0,0.5525,0.3918,,0.3918,0,1955,0.0107,276.23,279.19,282.14,273.47,2026-08-13,3,False
ARW,Information Technology,Electronics & Computer Distribution,KDJ,KDJ 金叉,None,0.0,0.5525,0.3918,,0.3918,0,1955,0.0107,220.36,222.72,225.08,218.16,2026-08-17,3,False
CIFR,Information Technology,Information Technology Services,KDJ,KDJ 金叉,None,0.0,0.5525,0.3918,,0.3918,0,1955,0.0107,18.5,18.7,18.9,18.32,2026-08-17,3,False
CLS,Information Technology,Electronic Components,KDJ,KDJ 金叉,None,0.0,0.5525,0.3918,,0.3918,0,1955,0.0107,347.63,351.35,355.07,344.15,2026-08-13,3,False
FIS,Information Technology,Information Technology Services,KDJ,KDJ 金叉,None,0.0,0.5525,0.3918,,0.3918,0,1955,0.0107,44.13,44.6,45.07,43.69,2026-08-13,3,False
FISV,Information Technology,Financial Technology,KDJ,KDJ 金叉,None,0.0,0.5525,0.3918,,0.3918,0,1955,0.0107,55.5,56.09,56.69,54.95,2026-08-13,3,False
FROG,Information Technology,Software - Application,KDJ,KDJ 金叉,None,0.0,0.5525,0.3918,,0.3918,0,1955,0.0107,95.15,96.17,97.19,94.2,2026-08-13,3,False
MKSI,Information Technology,Scientific & Technical Instruments,KDJ,KDJ 金叉,None,0.0,0.5525,0.3918,,0.3918,0,1955,0.0107,310.73,314.05,317.38,307.62,2026-08-14,3,False
OKTA,Information Technology,Software - Infrastructure,KDJ,KDJ 金叉,None,0.0,0.5525,0.3918,,0.3918,0,1955,0.0107,154.95,156.61,158.27,153.4,2026-08-13,3,False
SIMO,Information Technology,Semiconductors,KDJ,KDJ 金叉,None,0.0,0.5525,0.3918,,0.3918,0,1955,0.0107,268.9,271.78,274.65,266.21,2026-08-14,3,False
SNX,Information Technology,Electronics & Computer Distribution,KDJ,KDJ 金叉,None,0.0,0.5525,0.3918,,0.3918,0,1955,0.0107,263.88,266.7,269.53,261.24,2026-08-17,3,False
SSNC,Information Technology,Software - Application,KDJ,KDJ 金叉,None,0.0,0.5525,0.3918,,0.3918,0,1955,0.0107,82.04,82.92,83.8,81.22,2026-08-13,3,False
STM,Information Technology,Semiconductors,KDJ,KDJ 金叉,None,0.0,0.5525,0.3918,,0.3918,0,1955,0.0107,55.79,56.39,56.98,55.23,2026-08-17,3,False
UMC,Information Technology,Semiconductors,KDJ,KDJ 金叉,None,0.0,0.5525,0.3918,,0.3918,0,1955,0.0107,19.53,19.74,19.95,19.33,2026-08-17,3,False
XYZ,Information Technology,Software - Infrastructure,KDJ,KDJ 金叉,None,0.0,0.5525,0.3918,,0.3918,0,1955,0.0107,82.88,83.77,84.65,82.05,2026-08-14,3,False
FDXF,Industrials,Integrated Freight & Logistics,RSI,RSI 上穿 50 中性線,None,0.0,0.4675,0.3898,,0.3898,0,118,0.0111,151.99,153.68,155.36,150.47,2026-08-13,3,True
WMS,Industrials,Building Products & Equipment,RSI,RSI 上穿 50 中性線,None,0.0,0.4675,0.3898,,0.3898,0,118,0.0111,149.23,150.89,152.54,147.74,2026-08-13,3,True
TECH,Health Care,Biotechnology,BB,價格在 BB 中軌上方,None,0.0,0.425,0.3897,0.3897,0.2804,195,14417,-0.0003,72.4,72.38,72.36,71.68,2026-08-14,3,False
BROS,Consumer Discretionary,Restaurants,RSI,RSI 維持超賣,None,0.0,0.385,0.3894,,0.3894,0,565,0.0066,51.13,51.47,51.8,50.62,2026-08-13,3,False
ROL,Consumer Discretionary,Personal Services,RSI,RSI 維持超賣,None,0.0,0.385,0.3894,,0.3894,0,565,0.0066,36.02,36.26,36.5,35.66,2026-08-17,3,False
NVDA,Information Technology,Semiconductors,BB,價格在 BB 中軌上方,None,0.0,0.425,0.3889,0.3889,0.3573,342,20206,0.0044,225.01,226.0,226.99,222.76,2026-08-17,3,False
ECL,Materials,Specialty Chemicals,BB,BB 中軌向上（上升趨勢）,None,0.0,0.51,0.3886,,0.3886,0,229,0.0091,275.84,278.35,280.86,273.08,2026-08-17,3,True
VOD,Communication Services,Telecom Services,RSI,RSI 維持強勢 (50-70),Bullish Engulfing,0.75,1.0,0.3884,,0.3884,0,121,0.0056,16.22,16.31,16.4,16.06,2026-08-13,3,False
CR,Industrials,Specialty Industrial Machinery,RSI,RSI 維持強勢 (50-70),Bullish Engulfing,0.75,1.0,0.3881,,0.3881,0,335,0.009,218.59,220.56,222.52,216.4,2026-08-17,3,False
HPE,Information Technology,Communication Equipment,RSI,RSI 加速上升,None,0.0,0.5525,0.3879,0.3879,0.3693,116,10688,0.0216,58.71,59.98,61.25,58.12,2026-08-14,3,False
WMB,Energy,Oil & Gas Midstream,RSI,RSI 加速上升,None,0.0,0.5525,0.3865,0.3865,0.3227,163,3306,0.0084,75.2,75.83,76.46,74.45,2026-08-14,3,False
CNC,Health Care,Healthcare Plans,RSI,RSI 維持強勢 (50-70),None,0.0,0.51,0.386,0.386,0.2772,215,12123,0.007,67.47,67.94,68.41,66.8,2026-08-14,3,False
UAL,Industrials,Airlines,BB,價格在 BB 中軌上方,None,0.0,0.425,0.3856,0.3856,0.295,306,22337,0.0068,125.34,126.19,127.04,124.09,2026-08-14,3,False
F,Consumer Discretionary,Auto Manufacturers,KDJ,KDJ 超賣區金叉,None,0.0,0.5599999999999999,0.3846,0.3846,0.3775,13,302,0.0075,13.89,13.99,14.1,13.75,2026-08-13,3,False
WRB,Financials,Insurance - Property & Casualty,KDJ,KDJ 金叉,None,0.0,0.5525,0.3846,0.3846,0.3142,26,1932,0.0135,70.51,71.46,72.41,69.8,2026-08-14,3,False
JBHT,Industrials,Integrated Freight & Logistics,MACD,MACD 金叉 (空頭區),None,0.0,0.42,0.3846,0.3846,0.3303,13,875,0.0013,282.32,282.69,283.05,279.5,2026-08-13,3,False
NUE,Materials,Steel,RSI,RSI 維持強勢 (50-70),None,0.0,0.51,0.3827,0.3827,0.286,162,5721,0.0078,272.68,274.81,276.93,269.95,2026-08-17,3,False
ADI,Information Technology,Semiconductors,RSI,RSI 維持強勢 (50-70),None,0.0,0.51,0.3816,0.3816,0.3645,228,16764,0.0088,390.28,393.71,397.15,386.38,2026-08-17,3,False
UPS,Industrials,Integrated Freight & Logistics,KDJ,KDJ 金叉,None,0.0,0.5525,0.381,0.381,0.3223,21,2110,0.0075,105.54,106.33,107.12,104.48,2026-08-13,3,False
FNV,Materials,Gold,BB,BB 中軌向上（上升趨勢）,Morning Star,0.8,1.0,0.3805,,0.3805,0,113,0.0148,238.56,242.09,245.62,236.17,2026-08-17,3,False
KGC,Materials,Gold,BB,BB 中軌向上（上升趨勢）,Morning Star,0.8,1.0,0.3805,,0.3805,0,113,0.0148,27.72,28.13,28.54,27.44,2026-08-17,3,False
BAP,Financials,Banks - Regional,RSI,RSI 上穿 50 中性線,None,0.0,0.4675,0.3805,,0.3805,0,113,0.0028,386.36,387.44,388.52,382.5,2026-08-14,3,True
VLYPN,Financials,Banks - Regional,RSI,RSI 上穿 50 中性線,None,0.0,0.4675,0.3805,,0.3805,0,113,0.0028,25.7,25.77,25.84,25.44,2026-08-17,3,True
VMI,Industrials,Conglomerates,BB,價格在 BB 中軌上方,Bullish Engulfing,0.75,0.9075,0.3799,,0.3799,0,329,0.01,495.25,500.2,505.16,490.3,2026-08-14,3,False
IBM,Information Technology,Information Technology Services,RSI,RSI 維持強勢 (50-70),None,0.0,0.51,0.3798,0.3798,0.3645,208,16764,0.0127,237.14,240.15,243.16,234.77,2026-08-13,3,False
ORCL,Information Technology,Software - Infrastructure,RSI,RSI 加速上升,None,0.0,0.5525,0.3793,0.3793,0.3693,145,10688,0.005,156.22,157.0,157.78,154.66,2026-08-13,3,False
URI,Industrials,Rental & Leasing Services,RSI,RSI 維持強勢 (50-70),None,0.0,0.51,0.3792,0.3792,0.2986,240,19157,0.0121,1164.8199,1178.91,1193.01,1153.17,2026-08-17,3,False
FDX,Industrials,Integrated Freight & Logistics,RSI,RSI 維持強勢 (50-70),None,0.0,0.51,0.3788,0.3788,0.2986,198,19157,0.0028,331.49,332.42,333.35,328.18,2026-08-17,3,False
AMKR,Information Technology,Semiconductor Equipment & Materials,RSI,RSI 上穿 50 中性線,None,0.0,0.4675,0.3785,,0.3785,0,1593,0.0087,58.99,59.5,60.02,58.4,2026-08-14,3,False
ARM,Information Technology,Semiconductors,RSI,RSI 上穿 50 中性線,None,0.0,0.4675,0.3785,,0.3785,0,1593,0.0087,278.65,281.07,283.5,275.86,2026-08-13,3,False
CHKP,Information Technology,Software - Infrastructure,RSI,RSI 上穿 50 中性線,None,0.0,0.4675,0.3785,,0.3785,0,1593,0.0087,134.23,135.4,136.57,132.89,2026-08-13,3,False
FLEX,Information Technology,Electronic Components,RSI,RSI 上穿 50 中性線,None,0.0,0.4675,0.3785,,0.3785,0,1593,0.0087,126.16,127.26,128.36,124.9,2026-08-14,3,False
LOGI,Information Technology,Computer Hardware,RSI,RSI 上穿 50 中性線,None,0.0,0.4675,0.3785,,0.3785,0,1593,0.0087,104.53,105.44,106.35,103.48,2026-08-13,3,False
NXT,Information Technology,Solar,RSI,RSI 上穿 50 中性線,None,0.0,0.4675,0.3785,,0.3785,0,1593,0.0087,104.55,105.46,106.37,103.5,2026-08-13,3,False
VICR,Information Technology,Electronic Components,RSI,RSI 上穿 50 中性線,None,0.0,0.4675,0.3785,,0.3785,0,1593,0.0087,234.74,236.78,238.82,232.39,2026-08-14,3,False
BKR,Energy,Oil & Gas Equipment & Services,RSI,RSI 動能加速（強勢區）,None,0.0,0.51,0.3778,0.3778,0.3265,45,873,-0.0001,64.82,64.81,64.81,64.17,2026-08-14,3,False
ON,Information Technology,Semiconductors,BB,價格在 BB 中軌上方,None,0.0,0.425,0.3756,0.3756,0.3573,213,20206,0.0029,83.38,83.62,83.86,82.55,2026-08-17,3,False
ELV,Health Care,Healthcare Plans,MACD,MACD 突破 0 軸,None,0.0,0.595,0.375,0.375,0.3171,8,432,0.0041,398.22,399.85,401.49,394.24,2026-08-13,3,False
CMG,Consumer Discretionary,Restaurants,KDJ,KDJ 金叉,None,0.0,0.5525,0.375,0.375,0.3183,24,1244,0.0128,33.76,34.19,34.62,33.42,2026-08-17,3,False
LULU,Consumer Discretionary,Apparel Retail,BB,BB 中軌向上（上升趨勢）,None,0.0,0.51,0.375,0.375,0.2908,152,9757,0.0064,115.74,116.48,117.22,114.58,2026-08-17,3,False
ETR,Utilities,Utilities - Regulated Electric,MACD,MACD 金叉 (空頭區),None,0.0,0.42,0.375,0.375,0.2494,16,409,0.0097,108.52,109.57,110.63,107.43,2026-08-17,3,False
DLTR,Consumer Staples,Discount Stores,RSI,RSI 維持強勢 (50-70),None,0.0,0.51,0.3736,0.3736,0.2452,182,7574,-0.0013,129.54,129.37,129.2,128.24,2026-08-17,3,False
NTRS,Financials,Asset Management,RSI,RSI 加速上升,None,0.0,0.5525,0.3734,0.3734,0.3014,158,11488,0.0119,191.41,193.69,195.97,189.5,2026-08-14,3,False
PWR,Industrials,Engineering & Construction,RSI,RSI 加速上升,None,0.0,0.5525,0.3732,0.3732,0.2981,142,11545,0.0094,722.31,729.1,735.89,715.09,2026-08-17,3,False
NOW,Information Technology,Software - Application,BB,價格在 BB 中軌上方,None,0.0,0.425,0.371,0.371,0.3573,221,20206,0.0031,117.7,118.06,118.43,116.52,2026-08-17,3,False
EQNR,Energy,Oil & Gas Integrated,MACD,MACD 金叉 (多頭區),Consolidation Breakout,0.74,1.0,0.3704,,0.3704,0,27,0.0062,41.82,42.08,42.34,41.4,2026-08-17,3,False
SHEL,Energy,Oil & Gas Integrated,MACD,MACD 金叉 (多頭區),Consolidation Breakout,0.76,1.0,0.3704,,0.3704,0,27,0.0062,91.62,92.19,92.76,90.7,2026-08-17,3,False
WDS,Energy,Oil & Gas E&P,MACD,MACD 金叉 (多頭區),Consolidation Breakout,0.76,1.0,0.3704,,0.3704,0,27,0.0062,23.61,23.76,23.9,23.37,2026-08-17,3,False
BEN,Financials,Asset Management,BB,BB 中軌向上（上升趨勢）,None,0.0,0.51,0.3704,0.3704,0.2681,135,16575,0.0094,34.19,34.51,34.83,33.85,2026-08-17,3,False
MGA,Consumer Discretionary,Auto Parts,MACD,MACD 金叉 (多頭區),None,0.0,0.68,0.37,,0.37,0,273,0.0063,71.29,71.74,72.19,70.58,2026-08-17,3,False
QSR,Consumer Discretionary,Restaurants,MACD,MACD 金叉 (多頭區),None,0.0,0.68,0.37,,0.37,0,273,0.0063,76.59,77.07,77.56,75.82,2026-08-13,3,False
eBay,Consumer Discretionary,Internet Retail,MACD,MACD 金叉 (多頭區),None,0.0,0.68,0.37,,0.37,0,273,0.0063,111.75,112.45,113.16,110.63,2026-06-30,3,False
ETN,Industrials,Specialty Industrial Machinery,BB,BB 中軌向上（上升趨勢）,None,0.0,0.51,0.3695,0.3695,0.2929,203,17460,0.0111,455.4,460.45,465.51,450.85,2026-08-17,3,False
AAOI,Information Technology,Communication Equipment,RSI,RSI 加速上升,None,0.0,0.5525,0.3693,,0.3693,0,10688,0.0074,154.89,156.04,157.18,153.34,2026-08-17,3,False
ASML,Information Technology,Semiconductor Equipment & Materials,RSI,RSI 加速上升,None,0.0,0.5525,0.3693,,0.3693,0,10688,0.0074,1883.12,1897.06,1910.99,1864.29,2026-08-17,3,False
BMNP,Information Technology,Blockchain,RSI,RSI 加速上升,None,0.0,0.5525,0.3693,,0.3693,0,10688,0.0074,90.8,91.47,92.14,89.89,2026-08-17,3,False
CPAY,Information Technology,Software - Infrastructure,RSI,RSI 加速上升,None,0.0,0.5525,0.3693,,0.3693,0,10688,0.0074,417.6,420.69,423.78,413.42,2026-08-14,3,False
CRDO,Information Technology,Semiconductors,RSI,RSI 加速上升,None,0.0,0.5525,0.3693,,0.3693,0,10688,0.0074,282.82,284.91,287.01,279.99,2026-08-17,3,False
CRWV,Information Technology,Software - Infrastructure,RSI,RSI 加速上升,None,0.0,0.5525,0.3693,,0.3693,0,10688,0.0074,106.0,106.78,107.57,104.94,2026-08-17,3,False
DOCN,Information Technology,Software - Infrastructure,RSI,RSI 加速上升,None,0.0,0.5525,0.3693,,0.3693,0,10688,0.0074,132.29,133.27,134.25,130.97,2026-08-13,3,False
ENTG,Information Technology,Semiconductor Equipment & Materials,RSI,RSI 加速上升,None,0.0,0.5525,0.3693,,0.3693,0,10688,0.0074,163.09,164.3,165.5,161.46,2026-08-17,3,False
EPAM,Information Technology,Information Technology Services,RSI,RSI 加速上升,None,0.0,0.5525,0.3693,,0.3693,0,10688,0.0074,101.55,102.3,103.05,100.53,2026-08-13,3,False
FORM,Information Technology,Semiconductor Equipment & Materials,RSI,RSI 加速上升,None,0.0,0.5525,0.3693,,0.3693,0,10688,0.0074,138.16,139.18,140.2,136.78,2026-08-17,3,False
GFS,Information Technology,Semiconductors,RSI,RSI 加速上升,None,0.0,0.5525,0.3693,,0.3693,0,10688,0.0074,53.44,53.84,54.23,52.91,2026-08-17,3,False
GWRE,Information Technology,Software - Application,RSI,RSI 加速上升,None,0.0,0.5525,0.3693,,0.3693,0,10688,0.0074,182.62,183.97,185.32,180.79,2026-08-13,3,False
KSPI,Information Technology,Software - Infrastructure,RSI,RSI 加速上升,None,0.0,0.5525,0.3693,,0.3693,0,10688,0.0074,99.05,99.78,100.52,98.06,2026-08-17,3,False
MCHPP,Information Technology,Semiconductors,RSI,RSI 加速上升,None,0.0,0.5525,0.3693,,0.3693,0,10688,0.0074,67.1,67.6,68.09,66.43,2026-08-13,3,False
MDB,Information Technology,Software - Infrastructure,RSI,RSI 加速上升,None,0.0,0.5525,0.3693,,0.3693,0,10688,0.0074,460.33,463.74,467.14,455.73,2026-08-14,3,False
NET,Information Technology,Software - Infrastructure,RSI,RSI 加速上升,None,0.0,0.5525,0.3693,,0.3693,0,10688,0.0074,330.83,333.28,335.73,327.52,2026-08-13,3,False
NOK,Information Technology,Communication Equipment,RSI,RSI 加速上升,None,0.0,0.5525,0.3693,,0.3693,0,10688,0.0074,10.78,10.86,10.94,10.67,2026-08-17,3,False
NTNX,Information Technology,Software - Infrastructure,RSI,RSI 加速上升,None,0.0,0.5525,0.3693,,0.3693,0,10688,0.0074,67.95,68.45,68.96,67.27,2026-08-13,3,False
NVMI,Information Technology,Semiconductor Equipment & Materials,RSI,RSI 加速上升,None,0.0,0.5525,0.3693,,0.3693,0,10688,0.0074,420.79,423.9,427.02,416.58,2026-08-17,3,False
ONTO,Information Technology,Semiconductor Equipment & Materials,RSI,RSI 加速上升,None,0.0,0.5525,0.3693,,0.3693,0,10688,0.0074,351.16,353.76,356.36,347.65,2026-08-17,3,False
P,Information Technology,Computer Hardware,RSI,RSI 加速上升,None,0.0,0.5525,0.3693,,0.3693,0,10688,0.0074,116.99,117.86,118.72,115.82,2026-08-17,3,False
PAYX,Information Technology,Software - Application,RSI,RSI 加速上升,None,0.0,0.5525,0.3693,,0.3693,0,10688,0.0074,125.4,126.33,127.26,124.15,2026-08-13,3,False
RBRK,Information Technology,Software - Infrastructure,RSI,RSI 加速上升,None,0.0,0.5525,0.3693,,0.3693,0,10688,0.0074,105.09,105.87,106.65,104.04,2026-08-13,3,False
SANM,Information Technology,Electronic Components,RSI,RSI 加速上升,None,0.0,0.5525,0.3693,,0.3693,0,10688,0.0074,217.03,218.64,220.24,214.86,2026-08-17,3,False
SMCIP,Information Technology,Computer Hardware,RSI,RSI 加速上升,None,0.0,0.5525,0.3693,,0.3693,0,10688,0.0074,64.56,65.04,65.52,63.91,2026-08-17,3,False
STRD,Information Technology,Software - Application,RSI,RSI 加速上升,None,0.0,0.5525,0.3693,,0.3693,0,10688,0.0074,68.67,69.18,69.69,67.98,2026-08-13,3,False
TEAM,Information Technology,Software - Application,RSI,RSI 加速上升,None,0.0,0.5525,0.3693,,0.3693,0,10688,0.0074,165.98,167.21,168.44,164.32,2026-08-13,3,False
TSEM,Information Technology,Semiconductors,RSI,RSI 加速上升,None,0.0,0.5525,0.3693,,0.3693,0,10688,0.0074,252.95,254.82,256.69,250.42,2026-08-13,3,False
TWLO,Information Technology,Software - Infrastructure,RSI,RSI 加速上升,None,0.0,0.5525,0.3693,,0.3693,0,10688,0.0074,249.42,251.27,253.11,246.93,2026-08-13,3,False
U,Information Technology,Software - Application,RSI,RSI 加速上升,None,0.0,0.5525,0.3693,,0.3693,0,10688,0.0074,45.79,46.13,46.47,45.33,2026-08-13,3,False
WSE,Information Technology,Information Technology Services,RSI,RSI 加速上升,None,0.0,0.5525,0.3693,,0.3693,0,10688,0.0074,13.09,13.19,13.28,12.96,2026-08-14,3,False
ZS,Information Technology,Software - Infrastructure,RSI,RSI 加速上升,None,0.0,0.5525,0.3693,,0.3693,0,10688,0.0074,188.18,189.57,190.97,186.3,2026-08-13,3,False
TPL,Energy,Oil & Gas E&P,RSI,RSI 加速上升,None,0.0,0.5525,0.3688,0.3688,0.3227,160,3306,0.0054,360.79,362.74,364.69,357.18,2026-08-17,3,False
EVRG,Utilities,Utilities - Regulated Electric,RSI,RSI 加速上升,Bullish Engulfing,0.75,1.0,0.3684,,0.3684,0,19,0.0036,84.03,84.33,84.64,83.19,2026-08-14,3,False
NGG,Utilities,Utilities - Regulated Electric,RSI,RSI 加速上升,Bullish Engulfing,0.75,1.0,0.3684,,0.3684,0,19,0.0036,81.2,81.49,81.78,80.39,2026-08-13,3,False
OGE,Utilities,Utilities - Regulated Electric,RSI,RSI 加速上升,Bullish Engulfing,0.75,1.0,0.3684,,0.3684,0,19,0.0036,47.5,47.67,47.84,47.02,2026-08-14,3,False
PNW,Utilities,Utilities - Regulated Electric,RSI,RSI 加速上升,Bullish Engulfing,0.75,1.0,0.3684,,0.3684,0,19,0.0036,101.48,101.85,102.21,100.47,2026-08-14,3,False
FANG,Energy,Oil & Gas E&P,RSI,RSI 動能加速（強勢區）,None,0.0,0.51,0.3684,0.3684,0.3265,38,873,-0.003,206.29,205.67,205.05,204.23,2026-08-17,3,False
EFX,Industrials,Consulting Services,RSI,RSI 加速上升,None,0.0,0.5525,0.3667,0.3667,0.2981,150,11545,0.0005,185.58,185.67,185.77,183.72,2026-08-13,3,False
GMAB,Health Care,Biotechnology,RSI,RSI 加速上升,None,0.0,0.5525,0.3667,,0.3667,0,559,0.0015,31.34,31.39,31.43,31.03,2026-08-13,3,True
GRAB,Information Technology,Software - Application,RSI,RSI 動能加速（強勢區）,None,0.0,0.51,0.366,,0.366,0,2885,0.0091,3.7,3.73,3.77,3.66,2026-08-13,3,False
IOT,Information Technology,Software - Infrastructure,RSI,RSI 動能加速（強勢區）,None,0.0,0.51,0.366,,0.366,0,2885,0.0091,41.14,41.51,41.89,40.73,2026-08-13,3,False
JKHY,Information Technology,Information Technology Services,RSI,RSI 動能加速（強勢區）,None,0.0,0.51,0.366,,0.366,0,2885,0.0091,155.86,157.28,158.7,154.3,2026-08-13,3,False
LFUS,Information Technology,Electronic Components,RSI,RSI 動能加速（強勢區）,None,0.0,0.51,0.366,,0.366,0,2885,0.0091,471.81,476.1,480.4,467.09,2026-08-17,3,False
SHOP,Information Technology,Software - Application,RSI,RSI 動能加速（強勢區）,None,0.0,0.51,0.366,,0.366,0,2885,0.0091,158.53,159.97,161.42,156.94,2026-08-13,3,False
SITM,Information Technology,Semiconductors,RSI,RSI 動能加速（強勢區）,None,0.0,0.51,0.366,,0.366,0,2885,0.0091,749.44,756.26,763.08,741.95,2026-08-17,3,False
SONY,Information Technology,Consumer Electronics,RSI,RSI 動能加速（強勢區）,None,0.0,0.51,0.366,,0.366,0,2885,0.0091,24.29,24.51,24.73,24.05,2026-08-14,3,False
STRK,Information Technology,Software - Application,RSI,RSI 動能加速（強勢區）,None,0.0,0.51,0.366,,0.366,0,2885,0.0091,68.6,69.22,69.85,67.91,2026-08-14,3,False
TOST,Information Technology,Software - Infrastructure,RSI,RSI 動能加速（強勢區）,None,0.0,0.51,0.366,,0.366,0,2885,0.0091,35.22,35.54,35.86,34.87,2026-08-13,3,False
BLK,Financials,Asset Management,RSI,RSI 動能加速（強勢區）,None,0.0,0.51,0.3659,0.3659,0.279,41,3129,0.0023,1182.84,1185.56,1188.28,1171.01,2026-08-13,3,False
SMMT,Health Care,Biotechnology,BB,價格在 BB 中軌上方,None,0.0,0.425,0.365,,0.365,0,715,0.0016,14.0,14.02,14.04,13.86,2026-08-13,3,True
APLD,Information Technology,Information Technology Services,RSI,RSI 維持強勢 (50-70),None,0.0,0.51,0.3645,,0.3645,0,16764,0.0088,31.18,31.45,31.73,30.87,2026-08-17,3,False
ASTS,Information Technology,Communication Equipment,RSI,RSI 維持強勢 (50-70),None,0.0,0.51,0.3645,,0.3645,0,16764,0.0088,71.14,71.77,72.39,70.43,2026-08-17,3,False
ASX,Information Technology,Semiconductors,RSI,RSI 維持強勢 (50-70),None,0.0,0.51,0.3645,,0.3645,0,16764,0.0088,39.91,40.26,40.61,39.51,2026-08-17,3,False
BR,Information Technology,Information Technology Services,RSI,RSI 維持強勢 (50-70),None,0.0,0.51,0.3645,,0.3645,0,16764,0.0088,167.84,169.32,170.79,166.16,2026-08-17,3,False
DT,Information Technology,Software - Application,RSI,RSI 維持強勢 (50-70),None,0.0,0.51,0.3645,,0.3645,0,16764,0.0088,47.61,48.03,48.45,47.13,2026-08-17,3,False
FTV,Information Technology,Scientific & Technical Instruments,RSI,RSI 維持強勢 (50-70),None,0.0,0.51,0.3645,,0.3645,0,16764,0.0088,61.62,62.16,62.7,61.0,2026-08-14,3,False
GIB,Information Technology,Information Technology Services,RSI,RSI 維持強勢 (50-70),None,0.0,0.51,0.3645,,0.3645,0,16764,0.0088,72.47,73.11,73.75,71.75,2026-08-17,3,False
INFY,Information Technology,Information Technology Services,RSI,RSI 維持強勢 (50-70),None,0.0,0.51,0.3645,,0.3645,0,16764,0.0088,12.09,12.2,12.3,11.97,2026-08-14,3,False
STRC,Information Technology,Software - Application,RSI,RSI 維持強勢 (50-70),None,0.0,0.51,0.3645,,0.3645,0,16764,0.0088,94.36,95.19,96.02,93.42,2026-08-17,3,False
STRF,Information Technology,Software - Application,RSI,RSI 維持強勢 (50-70),None,0.0,0.51,0.3645,,0.3645,0,16764,0.0088,96.03,96.88,97.72,95.07,2026-08-17,3,False
UBER,Information Technology,Software - Application,RSI,RSI 維持強勢 (50-70),None,0.0,0.51,0.3645,,0.3645,0,16764,0.0088,74.99,75.65,76.31,74.24,2026-08-17,3,False
ZM,Information Technology,Software - Application,RSI,RSI 維持強勢 (50-70),None,0.0,0.51,0.3645,,0.3645,0,16764,0.0088,105.56,106.49,107.42,104.5,2026-08-17,3,False
CACI,Information Technology,Information Technology Services,BB,BB 中軌向上（上升趨勢）,None,0.0,0.51,0.3639,,0.3639,0,16781,0.009,649.34,655.18,661.03,642.85,2026-08-17,3,False
GRMN,Information Technology,Scientific & Technical Instruments,BB,BB 中軌向上（上升趨勢）,None,0.0,0.51,0.3639,,0.3639,0,16781,0.009,307.5,310.27,313.04,304.43,2026-08-17,3,False
LDOS,Information Technology,Information Technology Services,BB,BB 中軌向上（上升趨勢）,None,0.0,0.51,0.3639,,0.3639,0,16781,0.009,142.25,143.53,144.81,140.83,2026-08-17,3,False
SAP,Information Technology,Software - Application,BB,BB 中軌向上（上升趨勢）,None,0.0,0.51,0.3639,,0.3639,0,16781,0.009,207.84,209.71,211.58,205.76,2026-08-17,3,False
SNOW,Information Technology,Software - Application,BB,BB 中軌向上（上升趨勢）,None,0.0,0.51,0.3639,,0.3639,0,16781,0.009,330.11,333.08,336.05,326.81,2026-08-17,3,False
WIT,Information Technology,Information Technology Services,BB,BB 中軌向上（上升趨勢）,None,0.0,0.51,0.3639,,0.3639,0,16781,0.009,1.91,1.93,1.94,1.89,2026-08-17,3,False
TMUS,Communication Services,Telecom Services,MACD,MACD 金叉 (空頭區),None,0.0,0.42,0.3636,0.3636,0.3254,11,252,0.0043,183.38,184.17,184.96,181.55,2026-08-13,3,False
SMCI,Information Technology,Computer Hardware,BB,BB 中軌向上（上升趨勢）,None,0.0,0.51,0.3624,0.3624,0.3639,287,16781,-0.0146,38.28,37.72,37.16,37.9,2026-08-17,3,False
SLB,Energy,Oil & Gas Equipment & Services,RSI,RSI 加速上升,None,0.0,0.5525,0.3615,0.3615,0.3227,130,3306,0.0037,53.77,53.97,54.17,53.23,2026-08-14,3,False
BP,Energy,Oil & Gas Integrated,KDJ,KDJ 金叉,None,0.0,0.5525,0.3614,,0.3614,0,498,0.0061,42.31,42.57,42.83,41.89,2026-08-13,3,False
PAA,Energy,Oil & Gas Midstream,KDJ,KDJ 金叉,None,0.0,0.5525,0.3614,,0.3614,0,498,0.0061,23.45,23.59,23.74,23.22,2026-08-13,3,False
PBR,Energy,Oil & Gas Integrated,KDJ,KDJ 金叉,None,0.0,0.5525,0.3614,,0.3614,0,498,0.0061,18.25,18.36,18.47,18.07,2026-08-17,3,False
YPF,Energy,Oil & Gas Integrated,KDJ,KDJ 金叉,None,0.0,0.5525,0.3614,,0.3614,0,498,0.0061,50.05,50.36,50.66,49.55,2026-08-14,3,False
VNOM,Energy,Oil & Gas Midstream,RSI,RSI 上穿 50 中性線,None,0.0,0.4675,0.361,,0.361,0,579,0.0056,43.05,43.29,43.53,42.62,2026-08-17,3,False
MPC,Energy,Oil & Gas Refining & Marketing,RSI,RSI 加速上升,None,0.0,0.5525,0.3608,0.3608,0.3227,158,3306,0.0075,358.18,360.87,363.55,354.6,2026-08-17,3,False
TKO,Communication Services,Entertainment,RSI,RSI 加速上升,None,0.0,0.5525,0.3607,0.3607,0.3116,122,3322,0.0015,201.28,201.58,201.88,199.27,2026-08-14,3,False
ABNB,Consumer Discretionary,Travel Services,BB,價格在 BB 中軌上方,None,0.0,0.425,0.3581,0.3581,0.2984,215,12430,0.0059,179.29,180.35,181.41,177.5,2026-08-17,3,False
AIT,Industrials,Industrial Distribution,RSI,RSI 維持強勢 (50-70),None,0.0,0.51,0.3579,,0.3579,0,746,0.0057,357.11,359.15,361.18,353.54,2026-08-13,3,True
SUNB,Industrials,Rental & Leasing Services,RSI,RSI 維持強勢 (50-70),None,0.0,0.51,0.3579,,0.3579,0,746,0.0057,81.23,81.69,82.16,80.42,2026-08-13,3,True
BMY,Health Care,Drug Manufacturers - General,BB,BB 中軌向上（上升趨勢）,Bullish Engulfing,0.75,1.0,0.3577,,0.3577,0,260,0.0085,64.63,65.18,65.73,63.98,2026-08-17,3,False
IONS,Health Care,Biotechnology,BB,BB 中軌向上（上升趨勢）,Bullish Engulfing,0.75,1.0,0.3577,,0.3577,0,260,0.0085,57.24,57.73,58.21,56.67,2026-08-14,3,False
MEDP,Health Care,Diagnostics & Research,BB,BB 中軌向上（上升趨勢）,Bullish Engulfing,0.75,1.0,0.3577,,0.3577,0,260,0.0085,597.12,602.2,607.27,591.15,2026-08-17,3,False
ALAB,Information Technology,Semiconductors,BB,價格在 BB 中軌上方,None,0.0,0.425,0.3573,,0.3573,0,20206,0.0074,320.17,322.54,324.91,316.97,2026-08-17,3,False
ALGM,Information Technology,Semiconductors,BB,價格在 BB 中軌上方,None,0.0,0.425,0.3573,,0.3573,0,20206,0.0074,44.25,44.58,44.9,43.81,2026-08-17,3,False
MSTR,Information Technology,Software - Application,BB,價格在 BB 中軌上方,None,0.0,0.425,0.3573,,0.3573,0,20206,0.0074,97.68,98.4,99.13,96.7,2026-08-17,3,False
RMBS,Information Technology,Semiconductors,BB,價格在 BB 中軌上方,None,0.0,0.425,0.3573,,0.3573,0,20206,0.0074,100.61,101.35,102.1,99.6,2026-08-17,3,False
AAPL,Information Technology,Consumer Electronics,KDJ,KDJ 金叉,None,0.0,0.5525,0.3571,0.3571,0.3918,28,1955,0.0003,305.93,306.02,306.11,302.87,2026-08-14,3,False
KMI,Energy,Oil & Gas Midstream,RSI,RSI 上穿 50 中性線,None,0.0,0.4675,0.3571,0.3571,0.361,28,579,0.0068,32.08,32.3,32.52,31.76,2026-08-13,3,False
PNC,Financials,Banks - Regional,RSI,RSI 維持強勢 (50-70),None,0.0,0.51,0.3569,0.3569,0.2842,269,19108,0.0095,254.55,256.97,259.39,252.0,2026-08-17,3,False
ZBRA,Information Technology,Communication Equipment,BB,價格在 BB 中軌上方,None,0.0,0.425,0.3568,0.3568,0.3573,227,20206,0.0048,371.26,373.04,374.82,367.55,2026-08-17,3,False
FITB,Financials,Banks - Regional,RSI,RSI 加速上升,None,0.0,0.5525,0.3567,0.3567,0.3014,171,11488,0.0094,58.06,58.61,59.15,57.48,2026-08-14,3,False
APO,Financials,Asset Management,BB,BB 中軌向上（上升趨勢）,None,0.0,0.51,0.3558,0.3558,0.2681,267,16575,0.0095,134.54,135.82,137.1,133.19,2026-08-17,3,False
BAX,Health Care,Medical Instruments & Supplies,RSI,RSI 維持強勢 (50-70),None,0.0,0.51,0.3558,0.3558,0.2772,163,12123,0.0042,25.91,26.02,26.13,25.65,2026-08-17,3,False
DTM,Energy,Oil & Gas Midstream,MACD,MACD 金叉 (空頭區),None,0.0,0.42,0.3557,,0.3557,0,253,0.0057,136.9,137.68,138.46,135.53,2026-08-14,3,False
BAC,Financials,Banks - Diversified,RSI,RSI 維持強勢 (50-70),None,0.0,0.51,0.3548,0.3548,0.2842,279,19108,0.0078,63.89,64.39,64.89,63.25,2026-08-17,3,False
EXPE,Consumer Discretionary,Travel Services,BB,價格在 BB 中軌上方,None,0.0,0.425,0.3544,0.3544,0.2984,285,12430,0.0007,318.5,318.72,318.95,315.31,2026-08-17,3,False
AXON,Industrials,Aerospace & Defense,RSI,RSI 加速上升,None,0.0,0.5525,0.3537,0.3537,0.2981,164,11545,0.0038,615.59,617.93,620.27,609.43,2026-08-13,3,False
ULTA,Consumer Discretionary,Specialty Retail,BB,BB 中軌向上（上升趨勢）,None,0.0,0.51,0.3532,0.3532,0.2908,201,9757,0.0091,493.33,497.82,502.31,488.4,2026-08-17,3,False
MAA,Real Estate,REIT - Residential,KDJ,KDJ 金叉,None,0.0,0.5525,0.3529,0.3529,0.2818,17,550,0.0109,134.2,135.66,137.13,132.86,2026-08-13,3,False
VTR,Real Estate,REIT - Healthcare Facilities,KDJ,KDJ 金叉,None,0.0,0.5525,0.3529,0.3529,0.2818,17,550,0.0042,90.29,90.67,91.05,89.39,2026-08-13,3,False
EL,Consumer Staples,Household & Personal Products,BB,價格在 BB 中軌上方,None,0.0,0.425,0.3525,0.3525,0.2432,278,8891,-0.0015,86.1,85.97,85.84,85.24,2026-08-14,3,False
CAH,Health Care,Medical Distribution,RSI,RSI 上穿 50 中性線,Bullish Engulfing,0.75,0.9735000000000001,0.3519,,0.3519,0,54,0.0013,235.17,235.48,235.78,232.82,2026-08-14,3,False
INTU,Information Technology,Software - Application,RSI,RSI 動能加速（強勢區）,None,0.0,0.51,0.3514,0.3514,0.366,37,2885,-0.0018,358.29,357.65,357.0,354.71,2026-08-13,3,False
CBRE,Real Estate,Real Estate Services,BB,BB 中軌向上（上升趨勢）,None,0.0,0.51,0.3508,0.3508,0.2647,248,5713,0.0069,147.96,148.98,150.0,146.48,2026-08-17,3,False
CAG,Consumer Staples,Packaged Foods,RSI,RSI 動能加速（強勢區）,None,0.0,0.51,0.35,0.35,0.2456,20,1148,0.0114,15.39,15.57,15.74,15.24,2026-08-13,3,False
FTNT,Information Technology,Software - Infrastructure,RSI,RSI 動能加速（強勢區）,None,0.0,0.51,0.35,0.35,0.366,20,2885,-0.0037,165.44,164.83,164.22,163.79,2026-08-13,3,False
TSLA,Consumer Discretionary,Auto Manufacturers,BB,價格在 BB 中軌上方,None,0.0,0.425,0.3498,0.3498,0.2984,283,12430,0.0041,339.3,340.69,342.08,335.91,2026-08-17,3,False
BWXT,Industrials,Aerospace & Defense,BB,價格在 BB 中軌上方,None,0.0,0.425,0.3497,,0.3497,0,1018,0.0042,171.54,172.26,172.98,169.82,2026-08-17,3,True
CF,Materials,Agricultural Inputs,RSI,RSI 加速上升,None,0.0,0.5525,0.3488,0.3488,0.3048,129,3639,0.0008,118.3,118.39,118.49,117.12,2026-08-14,3,False
HAS,Consumer Discretionary,Leisure,RSI,RSI 加速上升,None,0.0,0.5525,0.3485,0.3485,0.3117,132,6796,0.0006,96.7,96.76,96.82,95.73,2026-08-13,3,False
WBD,Communication Services,Entertainment,BB,BB 中軌向上（上升趨勢）,None,0.0,0.51,0.345,0.345,0.2943,171,4771,-0.001,27.93,27.9,27.87,27.65,2026-08-17,3,False
BSBR,Financials,Banks - Regional,RSI,RSI 維持強勢 (50-70),None,0.0,0.51,0.3448,,0.3448,0,609,0.0048,5.77,5.8,5.83,5.71,2026-08-13,3,True
IX,Financials,Financial Conglomerates,RSI,RSI 維持強勢 (50-70),None,0.0,0.51,0.3448,,0.3448,0,609,0.0048,40.43,40.62,40.82,40.03,2026-08-13,3,True
WBS,Financials,Banks - Regional,RSI,RSI 維持強勢 (50-70),None,0.0,0.51,0.3448,,0.3448,0,609,0.0048,79.0,79.38,79.76,78.21,2026-08-14,3,True
VLO,Energy,Oil & Gas Refining & Marketing,BB,價格在 BB 中軌上方,None,0.0,0.425,0.3448,0.3448,0.2998,232,5768,0.0031,347.19,348.27,349.34,343.72,2026-08-17,3,False
BIIB,Health Care,Drug Manufacturers - General,RSI,RSI 維持強勢 (50-70),None,0.0,0.51,0.3444,0.3444,0.2772,151,12123,0.0031,209.15,209.8,210.45,207.06,2026-08-17,3,False
ACGL,Financials,Insurance - Diversified,RSI,RSI 上穿 50 中性線,None,0.0,0.4675,0.3438,0.3438,0.3091,32,1899,0.0041,98.71,99.11,99.52,97.72,2026-08-14,3,False
KDP,Consumer Staples,Beverages - Non-Alcoholic,RSI,RSI 上穿 50 中性線,None,0.0,0.4675,0.3429,0.3429,0.2565,35,928,0.0036,31.12,31.23,31.34,30.81,2026-08-13,3,False
UHS,Health Care,Medical Care Facilities,RSI,RSI 維持強勢 (50-70),None,0.0,0.51,0.3424,0.3424,0.2772,184,12123,0.0014,170.53,170.77,171.01,168.82,2026-08-17,3,False
EMR,Industrials,Specialty Industrial Machinery,RSI,RSI 加速上升,None,0.0,0.5525,0.3409,0.3409,0.2981,132,11545,0.0065,163.655,164.72,165.78,162.02,2026-08-13,3,False
TT,Industrials,Building Products & Equipment,RSI,RSI 維持強勢 (50-70),None,0.0,0.51,0.34,0.34,0.2986,250,19157,0.0086,475.32,479.41,483.5,470.57,2026-08-17,3,False
ARES,Financials,Asset Management,RSI,RSI 加速上升,None,0.0,0.5525,0.3394,0.3394,0.3014,165,11488,0.0081,149.45,150.66,151.87,147.96,2026-08-13,3,False
STT,Financials,Asset Management,RSI,RSI 加速上升,None,0.0,0.5525,0.3393,0.3393,0.3014,168,11488,0.009,193.04,194.78,196.51,191.11,2026-08-17,3,False
DASH,Consumer Discretionary,Internet Retail,RSI,RSI 維持強勢 (50-70),None,0.0,0.51,0.3377,0.3377,0.2995,231,10441,0.001,212.72,212.93,213.15,210.59,2026-08-17,3,False
WAT,Health Care,Diagnostics & Research,RSI,RSI 維持強勢 (50-70),None,0.0,0.51,0.3373,0.3373,0.2772,169,12123,0.0031,407.74,409.0,410.27,403.66,2026-08-17,3,False
CBOE,Financials,Financial Data & Stock Exchanges,RSI,RSI 維持強勢 (50-70),None,0.0,0.51,0.3371,0.3371,0.2842,267,19108,0.0055,295.0,296.62,298.24,292.05,2026-08-17,3,False
DKNG,Consumer Discretionary,Gambling,MACD,MACD 突破 0 軸,None,0.0,0.595,0.3351,,0.3351,0,376,0.0114,26.14,26.44,26.74,25.88,2026-08-14,3,False
COST,Consumer Staples,Discount Stores,RSI,RSI 維持強勢 (50-70),None,0.0,0.51,0.3347,0.3347,0.2452,251,7574,0.0061,953.5,959.32,965.13,943.97,2026-08-17,3,False
TU,Communication Services,Telecom Services,KDJ,KDJ 金叉,None,0.0,0.5525,0.3345,,0.3345,0,550,0.0065,9.68,9.74,9.81,9.58,2026-08-13,3,False
WMG,Communication Services,Entertainment,KDJ,KDJ 金叉,None,0.0,0.5525,0.3345,,0.3345,0,550,0.0065,25.65,25.82,25.98,25.39,2026-08-14,3,False
NXPI,Information Technology,Semiconductors,MACD,MACD 金叉 (空頭區),Bullish Engulfing,0.75,0.945,0.3333,,0.3333,0,15,0.0061,231.91,233.32,234.74,229.59,2026-08-13,3,False
NBIS,Communication Services,Internet Content & Information,MACD,MACD 突破 0 軸,None,0.0,0.595,0.3333,,0.3333,0,165,0.0084,255.04,257.18,259.32,252.49,2026-08-13,3,False
DHI,Consumer Discretionary,Residential Construction,RSI,RSI 加速上升,None,0.0,0.5525,0.3333,0.3333,0.3117,135,6796,0.0027,149.88,150.28,150.69,148.38,2026-08-13,3,False
MCHP,Information Technology,Semiconductors,RSI,RSI 加速上升,None,0.0,0.5525,0.3333,0.3333,0.3693,117,10688,0.01,77.69,78.47,79.24,76.91,2026-08-13,3,False
TFC,Financials,Banks - Regional,KDJ,KDJ 金叉,None,0.0,0.5525,0.3333,0.3333,0.3142,18,1932,0.0103,52.47,53.01,53.55,51.95,2026-08-13,3,False
AOS,Industrials,Specialty Industrial Machinery,BB,BB 中軌向上（上升趨勢）,None,0.0,0.51,0.3333,0.3333,0.2929,138,17460,0.0049,61.4,61.7,62.0,60.79,2026-08-17,3,False
DIS,Communication Services,Entertainment,RSI,RSI 動能加速（強勢區）,None,0.0,0.51,0.3333,0.3333,0.3135,27,772,0.0013,106.85,106.99,107.13,105.78,2026-08-14,3,False
DOW,Materials,Chemicals,RSI,RSI 動能加速（強勢區）,None,0.0,0.51,0.3333,0.3333,0.2962,33,942,-0.0087,31.07,30.8,30.53,30.76,2026-08-14,3,False
JPM,Financials,Banks - Diversified,RSI,RSI 維持強勢 (50-70),None,0.0,0.51,0.3333,0.3333,0.2842,282,19108,0.005,360.96,362.76,364.57,357.35,2026-08-17,3,False
DTE,Utilities,Utilities - Regulated Electric,MACD,MACD 金叉 (空頭區),None,0.0,0.42,0.3333,0.3333,0.2494,12,409,0.0007,141.15,141.25,141.35,139.74,2026-08-17,3,False
MSCI,Financials,Financial Data & Stock Exchanges,MACD,MACD 金叉 (空頭區),None,0.0,0.42,0.3333,0.3333,0.3214,9,865,0.0068,569.13,573.0,576.87,563.44,2026-08-14,3,False
MNST,Consumer Staples,Beverages - Non-Alcoholic,RSI,RSI 維持超賣,None,0.0,0.385,0.3333,0.3333,0.2366,9,744,-0.0022,45.52,45.42,45.32,45.06,2026-08-17,3,False
BNTX,Health Care,Biotechnology,BB,價格在 BB 中軌上方,Bullish Engulfing,0.75,0.9075,0.332,,0.332,0,259,0.0039,93.09,93.45,93.82,92.16,2026-08-14,3,False
TXN,Information Technology,Semiconductors,BB,價格在 BB 中軌上方,None,0.0,0.425,0.3319,0.3319,0.3573,229,20206,0.0037,282.91,283.96,285.0,280.08,2026-08-17,3,False
CHTR,Communication Services,Telecom Services,RSI,RSI 維持強勢 (50-70),None,0.0,0.51,0.3315,0.3315,0.3082,178,5205,-0.0055,154.27,153.42,152.57,152.73,2026-08-14,3,False
BCH,Financials,Banks - Regional,RSI,RSI 維持強勢 (50-70),Bullish Engulfing,0.75,1.0,0.3314,,0.3314,0,353,0.0074,41.09,41.39,41.7,40.68,2026-08-17,3,False
NU,Financials,Banks - Regional,RSI,RSI 維持強勢 (50-70),Bullish Engulfing,0.75,1.0,0.3314,,0.3314,0,353,0.0074,13.93,14.03,14.14,13.79,2026-08-13,3,False
HSIC,Health Care,Medical Distribution,BB,價格在 BB 中軌上方,None,0.0,0.425,0.3314,0.3314,0.2804,169,14417,-0.0009,89.52,89.44,89.36,88.62,2026-08-17,3,False
VEEV,Health Care,Health Information Services,RSI,RSI 維持強勢 (50-70),None,0.0,0.51,0.3311,0.3311,0.2772,148,12123,-0.0013,238.34,238.03,237.72,235.96,2026-08-17,3,False
PSKY,Communication Services,Entertainment,RSI,RSI 加速上升,None,0.0,0.5525,0.3309,0.3309,0.3116,139,3322,0.0011,10.28,10.29,10.3,10.18,2026-08-17,3,False
AAON,Industrials,Building Products & Equipment,MACD,MACD 金叉 (空頭區),None,0.0,0.42,0.3303,,0.3303,0,875,0.0053,87.8,88.27,88.73,86.92,2026-08-14,3,False
KNX,Industrials,Trucking,MACD,MACD 金叉 (空頭區),None,0.0,0.42,0.3303,,0.3303,0,875,0.0053,73.3,73.69,74.08,72.57,2026-08-13,3,False
MTZ,Industrials,Engineering & Construction,MACD,MACD 金叉 (空頭區),None,0.0,0.42,0.3303,,0.3303,0,875,0.0053,286.11,287.63,289.14,283.25,2026-08-13,3,False
R,Industrials,Rental & Leasing Services,MACD,MACD 金叉 (空頭區),None,0.0,0.42,0.3303,,0.3303,0,875,0.0053,264.7,266.1,267.51,262.05,2026-08-17,3,False
RBC,Industrials,Tools & Accessories,MACD,MACD 金叉 (空頭區),None,0.0,0.42,0.3303,,0.3303,0,875,0.0053,557.62,560.58,563.53,552.04,2026-08-17,3,False
SAIA,Industrials,Trucking,MACD,MACD 金叉 (空頭區),None,0.0,0.42,0.3303,,0.3303,0,875,0.0053,380.22,382.24,384.25,376.42,2026-08-13,3,False
SYM,Industrials,Specialty Industrial Machinery,MACD,MACD 金叉 (空頭區),None,0.0,0.42,0.3303,,0.3303,0,875,0.0053,42.35,42.57,42.8,41.93,2026-08-17,3,False
CRCL,Financials,Capital Markets,MACD,MACD 突破 0 軸,None,0.0,0.595,0.3301,,0.3301,0,618,0.0061,75.38,75.84,76.3,74.63,2026-08-13,3,False
IREN,Financials,Capital Markets,MACD,MACD 突破 0 軸,None,0.0,0.595,0.3301,,0.3301,0,618,0.0061,44.9,45.17,45.45,44.45,2026-08-17,3,False
RKT,Financials,Mortgage Finance,MACD,MACD 突破 0 軸,None,0.0,0.595,0.3301,,0.3301,0,618,0.0061,15.04,15.13,15.22,14.89,2026-08-13,3,False
CCZ,Communication Services,Cable & Satellite,BB,BB 跌破下軌 (超賣),None,0.0,0.45499999999999996,0.33,,0.33,0,397,0.0048,62.2,62.5,62.8,61.58,2026-08-12,3,False
ESI,Materials,Specialty Chemicals,RSI,RSI 上穿 50 中性線,None,0.0,0.4675,0.3294,,0.3294,0,595,0.0031,39.01,39.13,39.25,38.62,2026-08-13,3,False
RIO,Materials,Other Industrial Metals & Mining,RSI,RSI 上穿 50 中性線,None,0.0,0.4675,0.3294,,0.3294,0,595,0.0031,97.21,97.51,97.81,96.24,2026-08-17,3,False
SCCO,Materials,Copper,RSI,RSI 上穿 50 中性線,None,0.0,0.4675,0.3294,,0.3294,0,595,0.0031,192.04,192.64,193.23,190.12,2026-08-17,3,False
PLD,Real Estate,REIT - Industrial,RSI,RSI 加速上升,None,0.0,0.5525,0.3284,0.3284,0.2327,134,4401,0.0045,141.21,141.85,142.48,139.8,2026-08-13,3,False
HSY,Consumer Staples,Confectioners,RSI,RSI 維持強勢 (50-70),None,0.0,0.51,0.3275,0.3275,0.2452,171,7574,0.0009,181.06,181.22,181.39,179.25,2026-08-17,3,False
QCOM,Information Technology,Semiconductors,BB,價格在 BB 中軌上方,None,0.0,0.425,0.3268,0.3268,0.3573,257,20206,0.0105,165.79,167.53,169.27,164.13,2026-08-14,3,False
CQP,Energy,Oil & Gas Midstream,RSI,RSI 動能加速（強勢區）,None,0.0,0.51,0.3265,,0.3265,0,873,0.0005,69.05,69.08,69.12,68.36,2026-08-14,3,False
DINO,Energy,Oil & Gas Refining & Marketing,RSI,RSI 動能加速（強勢區）,None,0.0,0.51,0.3265,,0.3265,0,873,0.0005,91.87,91.92,91.96,90.95,2026-08-13,3,False
EPD,Energy,Oil & Gas Midstream,RSI,RSI 動能加速（強勢區）,None,0.0,0.51,0.3265,,0.3265,0,873,0.0005,38.9,38.92,38.94,38.51,2026-08-14,3,False
ET,Energy,Oil & Gas Midstream,RSI,RSI 動能加速（強勢區）,None,0.0,0.51,0.3265,,0.3265,0,873,0.0005,21.05,21.06,21.07,20.84,2026-08-14,3,False
FTI,Energy,Oil & Gas Equipment & Services,RSI,RSI 動能加速（強勢區）,None,0.0,0.51,0.3265,,0.3265,0,873,0.0005,78.61,78.65,78.69,77.82,2026-08-14,3,False
IMO,Energy,Oil & Gas Integrated,RSI,RSI 動能加速（強勢區）,None,0.0,0.51,0.3265,,0.3265,0,873,0.0005,132.35,132.42,132.48,131.03,2026-08-13,3,False
LNG,Energy,Oil & Gas Midstream,RSI,RSI 動能加速（強勢區）,None,0.0,0.51,0.3265,,0.3265,0,873,0.0005,271.64,271.78,271.91,268.92,2026-08-14,3,False
MPLX,Energy,Oil & Gas Midstream,RSI,RSI 動能加速（強勢區）,None,0.0,0.51,0.3265,,0.3265,0,873,0.0005,59.48,59.51,59.54,58.89,2026-08-14,3,False
PR,Energy,Oil & Gas E&P,RSI,RSI 動能加速（強勢區）,None,0.0,0.51,0.3265,,0.3265,0,873,0.0005,21.5,21.51,21.52,21.29,2026-08-14,3,False
SU,Energy,Oil & Gas Integrated,RSI,RSI 動能加速（強勢區）,None,0.0,0.51,0.3265,,0.3265,0,873,0.0005,65.43,65.46,65.5,64.78,2026-08-13,3,False
TMO,Health Care,Diagnostics & Research,RSI,RSI 維持強勢 (50-70),None,0.0,0.51,0.3265,0.3265,0.2772,196,12123,0.0039,585.51,587.79,590.08,579.65,2026-08-17,3,False
TTE,Energy,Oil & Gas Integrated,RSI,RSI 動能加速（強勢區）,None,0.0,0.51,0.3265,,0.3265,0,873,0.0005,88.33,88.37,88.42,87.45,2026-08-14,3,False
WES,Energy,Oil & Gas Midstream,RSI,RSI 動能加速（強勢區）,None,0.0,0.51,0.3265,,0.3265,0,873,0.0005,48.92,48.94,48.97,48.43,2026-08-14,3,False
AGNCM,Real Estate,REIT - Mortgage,BB,價格在 BB 中軌上方,Consolidation Breakout,0.85,1.0,0.3261,,0.3261,0,46,0.0094,25.135,25.37,25.61,24.88,2026-08-17,3,True
BPYPN,Real Estate,Real Estate Services,BB,價格在 BB 中軌上方,Consolidation Breakout,0.85,1.0,0.3261,,0.3261,0,46,0.0094,13.96,14.09,14.22,13.82,2026-08-17,3,True
AGNCL,Real Estate,REIT - Mortgage,RSI,RSI 維持強勢 (50-70),None,0.0,0.51,0.3261,,0.3261,0,230,0.0069,24.91,25.08,25.25,24.66,2026-08-17,3,True
AGNCZ,Real Estate,REIT - Mortgage,RSI,RSI 維持強勢 (50-70),None,0.0,0.51,0.3261,,0.3261,0,230,0.0069,25.54,25.72,25.89,25.28,2026-08-13,3,True
CRL,Health Care,Diagnostics & Research,BB,價格在 BB 中軌上方,None,0.0,0.425,0.325,0.325,0.2804,280,14417,-0.0049,286.64,285.24,283.83,283.77,2026-08-17,3,False
PFG,Financials,Asset Management,RSI,RSI 維持強勢 (50-70),None,0.0,0.51,0.3247,0.3247,0.2842,271,19108,0.0036,112.97,113.38,113.78,111.84,2026-08-17,3,False
RVTY,Health Care,Diagnostics & Research,BB,價格在 BB 中軌上方,None,0.0,0.425,0.3247,0.3247,0.2804,194,14417,-0.0022,116.17,115.91,115.66,115.01,2026-08-17,3,False
ECHO,Communication Services,Telecom Services,RSI,RSI 上穿 50 中性線,None,0.0,0.4675,0.3243,,0.3243,0,518,0.004,92.51,92.88,93.25,91.58,2026-08-17,3,False
PINS,Communication Services,Internet Content & Information,RSI,RSI 上穿 50 中性線,None,0.0,0.4675,0.3243,,0.3243,0,518,0.004,23.32,23.41,23.51,23.09,2026-08-13,3,False
TEL,Information Technology,Electronic Components,RSI,RSI 維持強勢 (50-70),None,0.0,0.51,0.3241,0.3241,0.3645,253,16764,0.0051,217.38,218.49,219.6,215.21,2026-08-17,3,False
WYNN,Consumer Discretionary,Resorts & Casinos,RSI,RSI 維持強勢 (50-70),None,0.0,0.51,0.3239,0.3239,0.2995,176,10441,0.0085,102.79,103.66,104.54,101.76,2026-08-17,3,False
TPG,Financials,Asset Management,BB,價格在 BB 中軌上方,None,0.0,0.425,0.3239,,0.3239,0,852,0.0045,54.62,54.87,55.11,54.07,2026-08-13,3,True
A,Health Care,Diagnostics & Research,RSI,RSI 維持強勢 (50-70),None,0.0,0.51,0.3237,0.3237,0.2772,207,12123,0.0002,148.45,148.48,148.51,146.97,2026-08-17,3,False
H,Consumer Discretionary,Lodging,MACD,MACD 金叉 (空頭區),None,0.0,0.42,0.3233,,0.3233,0,529,0.0066,180.98,182.17,183.37,179.17,2026-08-14,3,False
XPEV,Consumer Discretionary,Auto Manufacturers,MACD,MACD 金叉 (空頭區),None,0.0,0.42,0.3233,,0.3233,0,529,0.0066,12.2,12.28,12.36,12.08,2026-08-17,3,False
ALGN,Health Care,Medical Instruments & Supplies,RSI,RSI 維持強勢 (50-70),None,0.0,0.51,0.3231,0.3231,0.2772,229,12123,-0.0029,181.31,180.78,180.26,179.5,2026-08-14,3,False
AR,Energy,Oil & Gas E&P,RSI,RSI 加速上升,None,0.0,0.5525,0.3227,,0.3227,0,3306,0.0024,37.37,37.46,37.55,37.0,2026-08-14,3,False
CCJ,Energy,Uranium,RSI,RSI 加速上升,None,0.0,0.5525,0.3227,,0.3227,0,3306,0.0024,97.75,97.98,98.22,96.77,2026-08-13,3,False
CNQ,Energy,Oil & Gas E&P,RSI,RSI 加速上升,None,0.0,0.5525,0.3227,,0.3227,0,3306,0.0024,47.97,48.09,48.2,47.49,2026-08-14,3,False
CVE,Energy,Oil & Gas Integrated,RSI,RSI 加速上升,None,0.0,0.5525,0.3227,,0.3227,0,3306,0.0024,31.01,31.08,31.16,30.7,2026-08-14,3,False
OVV,Energy,Oil & Gas E&P,RSI,RSI 加速上升,None,0.0,0.5525,0.3227,,0.3227,0,3306,0.0024,63.02,63.17,63.32,62.39,2026-08-14,3,False
PBA,Energy,Oil & Gas Midstream,RSI,RSI 加速上升,None,0.0,0.5525,0.3227,,0.3227,0,3306,0.0024,49.33,49.45,49.57,48.84,2026-08-14,3,False
SUN,Energy,Oil & Gas Refining & Marketing,RSI,RSI 加速上升,None,0.0,0.5525,0.3227,,0.3227,0,3306,0.0024,74.96,75.14,75.32,74.21,2026-08-17,3,False
TRP,Energy,Oil & Gas Midstream,RSI,RSI 加速上升,None,0.0,0.5525,0.3227,,0.3227,0,3306,0.0024,64.02,64.17,64.33,63.38,2026-08-14,3,False
TS,Energy,Oil & Gas Equipment & Services,RSI,RSI 加速上升,None,0.0,0.5525,0.3227,,0.3227,0,3306,0.0024,53.58,53.71,53.84,53.04,2026-08-14,3,False
AEIS,Industrials,Electrical Equipment & Parts,KDJ,KDJ 金叉,None,0.0,0.5525,0.3223,,0.3223,0,2110,0.0051,348.63,350.41,352.19,345.14,2026-08-17,3,False
DRS,Industrials,Aerospace & Defense,KDJ,KDJ 金叉,None,0.0,0.5525,0.3223,,0.3223,0,2110,0.0051,45.53,45.76,45.99,45.07,2026-08-14,3,False
DY,Industrials,Engineering & Construction,KDJ,KDJ 金叉,None,0.0,0.5525,0.3223,,0.3223,0,2110,0.0051,419.07,421.21,423.34,414.88,2026-08-14,3,False
GFL,Industrials,Waste Management,KDJ,KDJ 金叉,None,0.0,0.5525,0.3223,,0.3223,0,2110,0.0051,41.9,42.11,42.33,41.48,2026-08-14,3,False
GPN,Industrials,Specialty Business Services,KDJ,KDJ 金叉,None,0.0,0.5525,0.3223,,0.3223,0,2110,0.0051,94.83,95.31,95.8,93.88,2026-08-13,3,False
SPXC,Industrials,Building Products & Equipment,KDJ,KDJ 金叉,None,0.0,0.5525,0.3223,,0.3223,0,2110,0.0051,217.63,218.74,219.85,215.45,2026-08-17,3,False
WWD,Industrials,Aerospace & Defense,KDJ,KDJ 金叉,None,0.0,0.5525,0.3223,,0.3223,0,2110,0.0051,370.56,372.45,374.34,366.85,2026-08-14,3,False
SWKS,Information Technology,Semiconductors,RSI,RSI 維持強勢 (50-70),None,0.0,0.51,0.3218,0.3218,0.3645,174,16764,-0.0005,67.73,67.7,67.66,67.05,2026-08-17,3,False
GM,Consumer Discretionary,Auto Manufacturers,RSI,RSI 維持強勢 (50-70),None,0.0,0.51,0.3217,0.3217,0.2995,230,10441,0.0003,86.77,86.8,86.82,85.9,2026-08-14,3,False
SPOT,Communication Services,Internet Content & Information,MACD,MACD 金叉 (多頭區),None,0.0,0.68,0.3214,,0.3214,0,140,0.0096,512.82,517.74,522.67,507.69,2026-08-14,3,False
WULF,Financials,Capital Markets,MACD,MACD 金叉 (空頭區),None,0.0,0.42,0.3214,,0.3214,0,865,0.0073,17.38,17.51,17.63,17.21,2026-08-14,3,False
BG,Consumer Staples,Farm Products,RSI,RSI 加速上升,None,0.0,0.5525,0.321,0.321,0.2439,162,5343,0.0012,113.69,113.83,113.96,112.55,2026-08-14,3,False
HCA,Health Care,Medical Care Facilities,RSI,RSI 維持強勢 (50-70),None,0.0,0.51,0.321,0.321,0.2772,271,12123,0.0051,404.98,407.05,409.11,400.93,2026-08-17,3,False
VRTX,Health Care,Biotechnology,RSI,RSI 動能加速（強勢區）,Bullish Engulfing,0.75,1.0,0.3208,,0.3208,0,53,0.0034,515.55,517.3,519.06,510.39,2026-08-17,3,False
REGN,Health Care,Biotechnology,BB,價格在 BB 中軌上方,None,0.0,0.425,0.3207,0.3207,0.2804,290,14417,0.0008,805.93,806.57,807.22,797.87,2026-08-17,3,False
NTAP,Information Technology,Software - Infrastructure,RSI,RSI 加速上升,None,0.0,0.5525,0.3206,0.3206,0.3693,131,10688,0.0047,207.08,208.05,209.03,205.01,2026-08-14,3,False
MMM,Industrials,Conglomerates,BB,BB 中軌向上（上升趨勢）,None,0.0,0.51,0.3206,0.3206,0.2929,209,17460,0.0049,180.21,181.09,181.98,178.41,2026-08-17,3,False
AEE,Utilities,Utilities - Regulated Electric,RSI,RSI 維持強勢 (50-70),Bullish Engulfing,0.75,1.0,0.3196,,0.3196,0,97,0.01,109.74,110.84,111.93,108.64,2026-08-14,3,False
CRM,Information Technology,Software - Application,RSI,RSI 加速上升,None,0.0,0.5525,0.3195,0.3195,0.3693,169,10688,-0.0026,201.37,200.85,200.32,199.36,2026-08-13,3,False
LEN,Consumer Discretionary,Residential Construction,BB,BB 中軌向上（上升趨勢）,None,0.0,0.51,0.3191,0.3191,0.2908,141,9757,-0.0026,86.54,86.31,86.09,85.67,2026-08-17,3,False
HMC,Consumer Discretionary,Auto Manufacturers,KDJ,KDJ 金叉,None,0.0,0.5525,0.3183,,0.3183,0,1244,0.0033,31.58,31.68,31.79,31.26,2026-08-14,3,False
PAG,Consumer Discretionary,Auto & Truck Dealerships,KDJ,KDJ 金叉,None,0.0,0.5525,0.3183,,0.3183,0,1244,0.0033,217.23,217.95,218.66,215.06,2026-08-13,3,False
SCI,Consumer Discretionary,Personal Services,KDJ,KDJ 金叉,None,0.0,0.5525,0.3183,,0.3183,0,1244,0.0033,84.23,84.51,84.79,83.39,2026-08-14,3,False
SGI,Consumer Discretionary,"Furnishings, Fixtures & Appliances",KDJ,KDJ 金叉,None,0.0,0.5525,0.3183,,0.3183,0,1244,0.0033,66.34,66.56,66.78,65.68,2026-08-13,3,False
TM,Consumer Discretionary,Auto Manufacturers,KDJ,KDJ 金叉,None,0.0,0.5525,0.3183,,0.3183,0,1244,0.0033,188.71,189.33,189.96,186.82,2026-08-13,3,False
EQIX,Real Estate,REIT - Specialty,RSI,RSI 加速上升,None,0.0,0.5525,0.3182,0.3182,0.2327,132,4401,0.0054,1097.61,1103.54,1109.46,1086.63,2026-08-17,3,False
SWK,Industrials,Tools & Accessories,BB,價格在 BB 中軌上方,None,0.0,0.425,0.3182,0.3182,0.295,198,22337,-0.0023,99.59,99.36,99.13,98.59,2026-08-17,3,False
EXE,Energy,Oil & Gas E&P,RSI,RSI 維持強勢 (50-70),None,0.0,0.51,0.318,0.318,0.2963,217,4891,0.0004,94.175,94.21,94.25,93.23,2026-08-17,3,False
SNY,Health Care,Drug Manufacturers - General,MACD,MACD 突破 0 軸,None,0.0,0.595,0.3171,,0.3171,0,432,0.0028,43.78,43.9,44.03,43.34,2026-08-13,3,False
PEP,Consumer Staples,Beverages - Non-Alcoholic,KDJ,KDJ 金叉,None,0.0,0.5525,0.3158,0.3158,0.2503,19,779,0.0068,140.62,141.58,142.53,139.21,2026-08-13,3,False
STZ,Consumer Staples,Beverages - Brewers,RSI,RSI 動能加速（強勢區）,None,0.0,0.51,0.3158,0.3158,0.2456,19,1148,-0.0011,139.18,139.03,138.87,137.79,2026-08-14,3,False
LHX,Industrials,Aerospace & Defense,RSI,RSI 上穿 50 中性線,None,0.0,0.4675,0.3158,0.3158,0.304,19,1816,0.009,291.82,294.45,297.07,288.9,2026-08-14,3,False
MTB,Financials,Banks - Regional,RSI,RSI 維持強勢 (50-70),None,0.0,0.51,0.3149,0.3149,0.2842,289,19108,0.0091,252.86,255.16,257.46,250.33,2026-08-17,3,False
ICLR,Health Care,Diagnostics & Research,RSI,RSI 上穿 50 中性線,None,0.0,0.4675,0.3144,,0.3144,0,1323,0.003,169.45,169.96,170.47,167.76,2026-08-17,3,False
MDGL,Health Care,Biotechnology,RSI,RSI 上穿 50 中性線,None,0.0,0.4675,0.3144,,0.3144,0,1323,0.003,524.87,526.44,528.02,519.62,2026-08-17,3,False
AFG,Financials,Insurance - Property & Casualty,KDJ,KDJ 金叉,None,0.0,0.5525,0.3142,,0.3142,0,1932,0.0041,145.68,146.28,146.87,144.22,2026-08-13,3,False
AFRM,Financials,Credit Services,KDJ,KDJ 金叉,None,0.0,0.5525,0.3142,,0.3142,0,1932,0.0041,78.32,78.64,78.96,77.54,2026-08-13,3,False
BPOP,Financials,Banks - Regional,KDJ,KDJ 金叉,None,0.0,0.5525,0.3142,,0.3142,0,1932,0.0041,177.03,177.76,178.48,175.26,2026-08-13,3,False
CG,Financials,Asset Management,KDJ,KDJ 金叉,None,0.0,0.5525,0.3142,,0.3142,0,1932,0.0041,51.41,51.62,51.83,50.9,2026-08-13,3,False
EVR,Financials,Capital Markets,KDJ,KDJ 金叉,None,0.0,0.5525,0.3142,,0.3142,0,1932,0.0041,312.43,313.71,314.99,309.31,2026-08-13,3,False
FHN,Financials,Banks - Regional,KDJ,KDJ 金叉,None,0.0,0.5525,0.3142,,0.3142,0,1932,0.0041,26.02,26.13,26.23,25.76,2026-08-13,3,False
FNF,Financials,Insurance - Specialty,KDJ,KDJ 金叉,None,0.0,0.5525,0.3142,,0.3142,0,1932,0.0041,49.47,49.67,49.88,48.98,2026-08-14,3,False
FUTU,Financials,Capital Markets,KDJ,KDJ 金叉,None,0.0,0.5525,0.3142,,0.3142,0,1932,0.0041,109.5,109.95,110.4,108.41,2026-08-17,3,False
HBANL,Financials,Banks - Regional,KDJ,KDJ 金叉,None,0.0,0.5525,0.3142,,0.3142,0,1932,0.0041,25.193,25.3,25.4,24.94,2026-08-13,3,False
HBANP,Financials,Banks - Regional,KDJ,KDJ 金叉,None,0.0,0.5525,0.3142,,0.3142,0,1932,0.0041,16.155,16.22,16.29,15.99,2026-08-14,3,False
HSBC,Financials,Banks - Diversified,KDJ,KDJ 金叉,None,0.0,0.5525,0.3142,,0.3142,0,1932,0.0041,103.8,104.23,104.65,102.76,2026-08-17,3,False
LYG,Financials,Banks - Regional,KDJ,KDJ 金叉,None,0.0,0.5525,0.3142,,0.3142,0,1932,0.0041,6.21,6.24,6.26,6.15,2026-08-14,3,False
PNFP,Financials,Banks - Regional,KDJ,KDJ 金叉,None,0.0,0.5525,0.3142,,0.3142,0,1932,0.0041,108.01,108.45,108.9,106.93,2026-08-14,3,False
PUK,Financials,Insurance - Life,KDJ,KDJ 金叉,None,0.0,0.5525,0.3142,,0.3142,0,1932,0.0041,28.19,28.31,28.42,27.91,2026-08-17,3,False
RNR,Financials,Insurance - Reinsurance,KDJ,KDJ 金叉,None,0.0,0.5525,0.3142,,0.3142,0,1932,0.0041,323.36,324.69,326.01,320.13,2026-08-14,3,False
SEIC,Financials,Asset Management,KDJ,KDJ 金叉,None,0.0,0.5525,0.3142,,0.3142,0,1932,0.0041,106.39,106.83,107.26,105.33,2026-08-13,3,False
SHG,Financials,Banks - Regional,KDJ,KDJ 金叉,None,0.0,0.5525,0.3142,,0.3142,0,1932,0.0041,75.92,76.23,76.54,75.16,2026-08-17,3,False
TRU,Financials,Financial Data & Stock Exchanges,KDJ,KDJ 金叉,None,0.0,0.5525,0.3142,,0.3142,0,1932,0.0041,81.13,81.46,81.8,80.32,2026-08-13,3,False
SOLS,Materials,Specialty Chemicals,KDJ,KDJ 金叉,None,0.0,0.5525,0.314,,0.314,0,637,0.0047,62.55,62.84,63.14,61.92,2026-08-17,3,False
GSAT,Communication Services,Telecom Services,RSI,RSI 動能加速（強勢區）,None,0.0,0.51,0.3135,,0.3135,0,772,0.0011,83.03,83.12,83.21,82.2,2026-08-17,3,False
RCI,Communication Services,Telecom Services,RSI,RSI 動能加速（強勢區）,None,0.0,0.51,0.3135,,0.3135,0,772,0.0011,36.4,36.44,36.48,36.04,2026-08-13,3,False
SKM,Communication Services,Telecom Services,RSI,RSI 動能加速（強勢區）,None,0.0,0.51,0.3135,,0.3135,0,772,0.0011,39.96,40.0,40.05,39.56,2026-08-17,3,False
PYPL,Financials,Credit Services,RSI,RSI 維持強勢 (50-70),None,0.0,0.51,0.3128,0.3128,0.2842,211,19108,-0.0065,60.47,60.08,59.68,59.87,2026-08-17,3,False
VG,Energy,Oil & Gas Midstream,MACD,MACD 金叉 (多頭區),None,0.0,0.68,0.3125,,0.3125,0,144,-0.0041,13.99,13.93,13.88,13.85,2026-08-14,3,False
USB,Financials,Banks - Regional,RSI,RSI 加速上升,None,0.0,0.5525,0.3125,0.3125,0.3014,144,11488,0.0044,65.42,65.71,66.0,64.77,2026-08-14,3,False
CART,Consumer Discretionary,Internet Retail,RSI,RSI 加速上升,None,0.0,0.5525,0.3117,,0.3117,0,6796,0.004,50.08,50.28,50.48,49.58,2026-08-13,3,False
DKS,Consumer Discretionary,Specialty Retail,RSI,RSI 加速上升,None,0.0,0.5525,0.3117,,0.3117,0,6796,0.004,202.26,203.07,203.88,200.24,2026-08-13,3,False
FLUT,Consumer Discretionary,Gambling,RSI,RSI 加速上升,None,0.0,0.5525,0.3117,,0.3117,0,6796,0.004,96.39,96.78,97.16,95.43,2026-08-17,3,False
IHG,Consumer Discretionary,Lodging,RSI,RSI 加速上升,None,0.0,0.5525,0.3117,,0.3117,0,6796,0.004,160.25,160.89,161.53,158.65,2026-08-17,3,False
MOD,Consumer Discretionary,Auto Parts,RSI,RSI 加速上升,None,0.0,0.5525,0.3117,,0.3117,0,6796,0.004,216.75,217.62,218.48,214.58,2026-08-17,3,False
SW,Consumer Discretionary,Packaging & Containers,RSI,RSI 加速上升,None,0.0,0.5525,0.3117,,0.3117,0,6796,0.004,49.568,49.77,49.96,49.07,2026-08-13,3,False
BCE,Communication Services,Telecom Services,RSI,RSI 加速上升,None,0.0,0.5525,0.3116,,0.3116,0,3322,0.0033,23.35,23.43,23.5,23.12,2026-08-17,3,False
FWONA,Communication Services,Entertainment,RSI,RSI 加速上升,None,0.0,0.5525,0.3116,,0.3116,0,3322,0.0033,94.7,95.01,95.33,93.75,2026-08-13,3,False
FWONK,Communication Services,Entertainment,RSI,RSI 加速上升,None,0.0,0.5525,0.3116,,0.3116,0,3322,0.0033,103.69,104.03,104.37,102.65,2026-08-13,3,False
NYT,Communication Services,Publishing,RSI,RSI 加速上升,None,0.0,0.5525,0.3116,,0.3116,0,3322,0.0033,64.79,65.0,65.22,64.14,2026-08-14,3,False
RBLX,Communication Services,Electronic Gaming & Multimedia,RSI,RSI 加速上升,None,0.0,0.5525,0.3116,,0.3116,0,3322,0.0033,37.93,38.06,38.18,37.55,2026-08-17,3,False
LMT,Industrials,Aerospace & Defense,BB,BB 中軌向上（上升趨勢）,None,0.0,0.51,0.3116,0.3116,0.2929,215,17460,0.0073,593.74,598.07,602.41,587.8,2026-08-17,3,False
GILD,Health Care,Drug Manufacturers - General,BB,BB 中軌向上（上升趨勢）,None,0.0,0.51,0.3105,0.3105,0.2705,219,10885,0.005,138.36,139.05,139.74,136.98,2026-08-14,3,False
VIV,Communication Services,Telecom Services,RSI,RSI 維持超賣,None,0.0,0.385,0.3095,,0.3095,0,42,0.0097,11.34,11.45,11.56,11.23,2026-08-13,3,True
FFIV,Information Technology,Software - Infrastructure,RSI,RSI 維持強勢 (50-70),None,0.0,0.51,0.3094,0.3094,0.3645,265,16764,0.0067,416.0,418.79,421.57,411.84,2026-08-13,3,False
TGT,Consumer Staples,Discount Stores,BB,BB 中軌向上（上升趨勢）,None,0.0,0.51,0.3094,0.3094,0.2466,181,6128,0.0009,151.01,151.15,151.28,149.5,2026-08-17,3,False
TDY,Information Technology,Scientific & Technical Instruments,BB,價格在 BB 中軌上方,None,0.0,0.425,0.3092,0.3092,0.3573,262,20206,0.0067,677.27,681.81,686.35,670.5,2026-08-17,3,False
BSAC,Financials,Banks - Regional,RSI,RSI 上穿 50 中性線,None,0.0,0.4675,0.3091,,0.3091,0,1899,0.0046,34.28,34.44,34.6,33.94,2026-08-13,3,False
IBN,Financials,Banks - Regional,RSI,RSI 上穿 50 中性線,None,0.0,0.4675,0.3091,,0.3091,0,1899,0.0046,29.74,29.88,30.01,29.44,2026-08-14,3,False
JEF,Financials,Capital Markets,RSI,RSI 上穿 50 中性線,None,0.0,0.4675,0.3091,,0.3091,0,1899,0.0046,55.86,56.12,56.37,55.3,2026-08-13,3,False
SLF,Financials,Insurance - Diversified,RSI,RSI 上穿 50 中性線,None,0.0,0.4675,0.3091,,0.3091,0,1899,0.0046,81.37,81.74,82.12,80.56,2026-08-14,3,False
VLYPO,Financials,Banks - Regional,RSI,RSI 上穿 50 中性線,None,0.0,0.4675,0.3091,,0.3091,0,1899,0.0046,24.845,24.96,25.07,24.6,2026-08-17,3,False
PAC,Industrials,Airports & Air Services,RSI,RSI 超賣區域 (30),None,0.0,0.5249999999999999,0.3086,,0.3086,0,337,0.006,205.69,206.92,208.16,203.63,2026-08-17,3,False
NDAQ,Financials,Financial Data & Stock Exchanges,RSI,RSI 維持強勢 (50-70),None,0.0,0.51,0.3086,0.3086,0.2842,269,19108,0.0049,96.68,97.15,97.63,95.71,2026-08-17,3,False
REG,Real Estate,REIT - Retail,KDJ,KDJ 超賣區金叉,None,0.0,0.5599999999999999,0.3077,0.3077,0.2366,13,448,0.0009,76.86,76.93,77.0,76.09,2026-08-13,3,False
HUBB,Industrials,Electrical Equipment & Parts,BB,價格在 BB 中軌上方,None,0.0,0.425,0.3077,0.3077,0.295,286,22337,0.0031,504.3,505.86,507.43,499.26,2026-08-17,3,False
BURL,Consumer Discretionary,Apparel Retail,RSI,RSI 上穿 50 中性線,None,0.0,0.4675,0.3072,,0.3072,0,1123,0.0037,355.32,356.63,357.95,351.77,2026-08-13,3,False
MELI,Consumer Discretionary,Internet Retail,RSI,RSI 上穿 50 中性線,None,0.0,0.4675,0.3072,,0.3072,0,1123,0.0037,1844.58,1851.4,1858.23,1826.13,2026-08-14,3,False
NEE,Utilities,Utilities - Regulated Electric,RSI,RSI 加速上升,None,0.0,0.5525,0.3061,0.3061,0.2565,147,4905,0.0038,86.22,86.55,86.88,85.36,2026-08-17,3,False
ISRG,Health Care,Medical Instruments & Supplies,BB,BB 中軌向上（上升趨勢）,None,0.0,0.51,0.306,0.306,0.2705,183,10885,0.007,390.33,393.06,395.79,386.43,2026-08-17,3,False
KVUE,Consumer Staples,Household & Personal Products,RSI,RSI 維持強勢 (50-70),None,0.0,0.51,0.305,0.305,0.2452,200,7574,0.004,19.2,19.28,19.35,19.01,2026-08-14,3,False
CDE,Materials,Gold,RSI,RSI 加速上升,None,0.0,0.5525,0.3048,,0.3048,0,3639,0.0024,18.45,18.49,18.54,18.27,2026-08-13,3,False
HL,Materials,Other Precious Metals & Mining,RSI,RSI 加速上升,None,0.0,0.5525,0.3048,,0.3048,0,3639,0.0024,18.37,18.41,18.46,18.19,2026-08-14,3,False
JHX,Materials,Building Materials,RSI,RSI 加速上升,None,0.0,0.5525,0.3048,,0.3048,0,3639,0.0024,30.89,30.96,31.04,30.58,2026-08-13,3,False
NTR,Materials,Agricultural Inputs,RSI,RSI 加速上升,None,0.0,0.5525,0.3048,,0.3048,0,3639,0.0024,68.29,68.45,68.62,67.61,2026-08-17,3,False
BBY,Consumer Discretionary,Specialty Retail,RSI,RSI 上穿 50 中性線,None,0.0,0.4675,0.3043,0.3043,0.3072,23,1123,0.0072,85.35,85.96,86.58,84.5,2026-08-13,3,False
FTAI,Industrials,Aerospace & Defense,RSI,RSI 上穿 50 中性線,None,0.0,0.4675,0.304,,0.304,0,1816,0.0018,227.43,227.84,228.25,225.16,2026-08-17,3,False
POOL,Industrials,Industrial Distribution,RSI,RSI 上穿 50 中性線,None,0.0,0.4675,0.304,,0.304,0,1816,0.0018,200.57,200.93,201.29,198.56,2026-08-13,3,False
BAM,Financials,Asset Management,BB,價格在 BB 中軌上方,Cup & Handle,0.81,1.0,0.3027,,0.3027,0,5239,0.0046,55.86,56.12,56.37,55.3,2026-08-13,3,False
NBIX,Health Care,Drug Manufacturers - Specialty & Generic,KDJ,KDJ 超賣區金叉,None,0.0,0.5599999999999999,0.3027,,0.3027,0,370,0.0035,154.49,155.03,155.57,152.95,2026-08-17,3,False
BWA,Consumer Discretionary,Auto Parts,RSI,RSI 動能加速（強勢區）,None,0.0,0.51,0.3027,,0.3027,0,1665,0.0035,69.9,70.14,70.39,69.2,2026-08-17,3,False
VIK,Consumer Discretionary,Travel Services,RSI,RSI 動能加速（強勢區）,None,0.0,0.51,0.3027,,0.3027,0,1665,0.0035,106.11,106.48,106.85,105.05,2026-08-13,3,False
GWW,Industrials,Industrial Distribution,RSI,RSI 加速上升,None,0.0,0.5525,0.3022,0.3022,0.2981,139,11545,0.0047,1317.6801,1323.87,1330.07,1304.5,2026-08-17,3,False
BMO,Financials,Banks - Diversified,RSI,RSI 加速上升,None,0.0,0.5525,0.3014,,0.3014,0,11488,0.0041,185.81,186.57,187.33,183.95,2026-08-14,3,False
BN,Financials,Asset Management,RSI,RSI 加速上升,None,0.0,0.5525,0.3014,,0.3014,0,11488,0.0041,45.11,45.29,45.48,44.66,2026-08-13,3,False
BNS,Financials,Banks - Diversified,RSI,RSI 加速上升,None,0.0,0.5525,0.3014,,0.3014,0,11488,0.0041,91.35,91.72,92.1,90.44,2026-08-17,3,False
BNY,Financials,Banks - Diversified,RSI,RSI 加速上升,None,0.0,0.5525,0.3014,,0.3014,0,11488,0.0041,164.27,164.94,165.62,162.63,2026-08-17,3,False
CIB,Financials,Banks - Regional,RSI,RSI 加速上升,None,0.0,0.5525,0.3014,,0.3014,0,11488,0.0041,96.37,96.77,97.16,95.41,2026-08-14,3,False
CM,Financials,Banks - Diversified,RSI,RSI 加速上升,None,0.0,0.5525,0.3014,,0.3014,0,11488,0.0041,123.45,123.96,124.46,122.22,2026-08-17,3,False
EWBC,Financials,Banks - Regional,RSI,RSI 加速上升,None,0.0,0.5525,0.3014,,0.3014,0,11488,0.0041,135.52,136.08,136.63,134.16,2026-08-17,3,False
FCNCA,Financials,Banks - Regional,RSI,RSI 加速上升,None,0.0,0.5525,0.3014,,0.3014,0,11488,0.0041,2291.3301,2300.72,2310.12,2268.42,2026-08-14,3,False
GLXY,Financials,Capital Markets,RSI,RSI 加速上升,None,0.0,0.5525,0.3014,,0.3014,0,11488,0.0041,21.87,21.96,22.05,21.65,2026-08-17,3,False
HBANM,Financials,Banks - Regional,RSI,RSI 加速上升,None,0.0,0.5525,0.3014,,0.3014,0,11488,0.0041,20.59,20.67,20.76,20.38,2026-08-14,3,False
MFG,Financials,Banks - Regional,RSI,RSI 加速上升,None,0.0,0.5525,0.3014,,0.3014,0,11488,0.0041,10.83,10.87,10.92,10.72,2026-08-17,3,False
MUFG,Financials,Banks - Diversified,RSI,RSI 加速上升,None,0.0,0.5525,0.3014,,0.3014,0,11488,0.0041,23.03,23.12,23.22,22.8,2026-08-17,3,False
OWL,Financials,Asset Management,RSI,RSI 加速上升,None,0.0,0.5525,0.3014,,0.3014,0,11488,0.0041,12.66,12.71,12.76,12.53,2026-08-13,3,False
PODD,Health Care,Medical Devices,RSI,RSI 加速上升,None,0.0,0.5525,0.3014,0.3014,0.2803,146,8492,-0.0075,146.44,145.34,144.24,144.98,2026-08-13,3,False
RGA,Financials,Insurance - Reinsurance,RSI,RSI 加速上升,None,0.0,0.5525,0.3014,,0.3014,0,11488,0.0041,250.38,251.41,252.43,247.88,2026-08-13,3,False
RY,Financials,Banks - Diversified,RSI,RSI 加速上升,None,0.0,0.5525,0.3014,,0.3014,0,11488,0.0041,216.19,217.08,217.96,214.03,2026-08-17,3,False
SF,Financials,Capital Markets,RSI,RSI 加速上升,None,0.0,0.5525,0.3014,,0.3014,0,11488,0.0041,85.62,85.97,86.32,84.76,2026-08-14,3,False
SMFG,Financials,Banks - Diversified,RSI,RSI 加速上升,None,0.0,0.5525,0.3014,,0.3014,0,11488,0.0041,26.24,26.35,26.46,25.98,2026-08-17,3,False
SNEX,Financials,Capital Markets,RSI,RSI 加速上升,None,0.0,0.5525,0.3014,,0.3014,0,11488,0.0041,68.41,68.69,68.97,67.73,2026-08-17,3,False
TD,Financials,Banks - Diversified,RSI,RSI 加速上升,None,0.0,0.5525,0.3014,,0.3014,0,11488,0.0041,124.34,124.85,125.36,123.1,2026-08-17,3,False
TW,Financials,Capital Markets,RSI,RSI 加速上升,None,0.0,0.5525,0.3014,,0.3014,0,11488,0.0041,106.29,106.73,107.16,105.23,2026-08-14,3,False
UMBF,Financials,Banks - Regional,RSI,RSI 加速上升,None,0.0,0.5525,0.3014,,0.3014,0,11488,0.0041,151.95,152.57,153.2,150.43,2026-08-17,3,False
UNM,Financials,Insurance - Life,RSI,RSI 加速上升,None,0.0,0.5525,0.3014,,0.3014,0,11488,0.0041,93.33,93.71,94.1,92.4,2026-08-14,3,False
VLYPP,Financials,Banks - Regional,RSI,RSI 加速上升,None,0.0,0.5525,0.3014,,0.3014,0,11488,0.0041,25.07,25.17,25.28,24.82,2026-08-13,3,False
CHT,Communication Services,Telecom Services,BB,價格在 BB 中軌上方,None,0.0,0.425,0.3007,,0.3007,0,6080,0.0027,42.58,42.69,42.81,42.15,2026-08-14,3,False
ROKU,Communication Services,Entertainment,BB,價格在 BB 中軌上方,None,0.0,0.425,0.3007,,0.3007,0,6080,0.0027,157.68,158.11,158.53,156.1,2026-08-14,3,False
BIP,Utilities,Utilities - Diversified,KDJ,KDJ 金叉,None,0.0,0.5525,0.3001,,0.3001,0,713,0.0052,40.01,40.22,40.43,39.61,2026-08-13,3,False
ENLT,Utilities,Utilities - Renewable,KDJ,KDJ 金叉,None,0.0,0.5525,0.3001,,0.3001,0,713,0.0052,86.0,86.45,86.89,85.14,2026-08-13,3,False
CPT,Real Estate,REIT - Residential,KDJ,KDJ 金叉,None,0.0,0.5525,0.3,0.3,0.2818,20,550,0.0037,110.47,110.88,111.29,109.37,2026-08-13,3,False
ROK,Industrials,Specialty Industrial Machinery,RSI,RSI 加速上升,None,0.0,0.5525,0.3,0.3,0.2981,130,11545,0.0009,444.6,445.0,445.4,440.15,2026-08-17,3,False
INCY,Health Care,Biotechnology,RSI,RSI 動能加速（強勢區）,None,0.0,0.51,0.3,0.3,0.2606,30,1869,0.0016,123.5,123.7,123.9,122.27,2026-08-17,3,False
E,Energy,Oil & Gas Integrated,BB,價格在 BB 中軌上方,None,0.0,0.425,0.2998,,0.2998,0,5768,-0.0016,55.28,55.19,55.1,54.73,2026-08-14,3,False
EC,Energy,Oil & Gas Integrated,BB,價格在 BB 中軌上方,None,0.0,0.425,0.2998,,0.2998,0,5768,-0.0016,17.17,17.14,17.12,17.0,2026-08-14,3,False
AMCR,Consumer Discretionary,Packaging & Containers,RSI,RSI 維持強勢 (50-70),None,0.0,0.51,0.2995,,0.2995,0,10441,0.0032,45.53,45.68,45.82,45.07,2026-08-17,3,False
AVY,Consumer Discretionary,Packaging & Containers,RSI,RSI 維持強勢 (50-70),None,0.0,0.51,0.2995,,0.2995,0,10441,0.0032,176.62,177.19,177.75,174.85,2026-08-17,3,False
BABA,Consumer Discretionary,Internet Retail,RSI,RSI 維持強勢 (50-70),None,0.0,0.51,0.2995,,0.2995,0,10441,0.0032,124.71,125.11,125.51,123.46,2026-08-17,3,False
CCK,Consumer Discretionary,Packaging & Containers,RSI,RSI 維持強勢 (50-70),None,0.0,0.51,0.2995,,0.2995,0,10441,0.0032,119.02,119.4,119.78,117.83,2026-08-14,3,False
FIVE,Consumer Discretionary,Specialty Retail,RSI,RSI 維持強勢 (50-70),None,0.0,0.51,0.2995,,0.2995,0,10441,0.0032,238.56,239.32,240.09,236.17,2026-08-17,3,False
IP,Consumer Discretionary,Packaging & Containers,RSI,RSI 維持強勢 (50-70),None,0.0,0.51,0.2995,,0.2995,0,10441,0.0032,40.26,40.39,40.52,39.86,2026-08-17,3,False
PKG,Consumer Discretionary,Packaging & Containers,RSI,RSI 維持強勢 (50-70),None,0.0,0.51,0.2995,,0.2995,0,10441,0.0032,252.97,253.78,254.59,250.44,2026-08-17,3,False
RACE,Consumer Discretionary,Auto Manufacturers,RSI,RSI 維持強勢 (50-70),None,0.0,0.51,0.2995,,0.2995,0,10441,0.0032,417.1,418.43,419.77,412.93,2026-08-17,3,False
SE,Consumer Discretionary,Internet Retail,RSI,RSI 維持強勢 (50-70),None,0.0,0.51,0.2995,,0.2995,0,10441,0.0032,119.45,119.83,120.21,118.26,2026-08-17,3,False
SN,Consumer Discretionary,"Furnishings, Fixtures & Appliances",RSI,RSI 維持強勢 (50-70),None,0.0,0.51,0.2995,,0.2995,0,10441,0.0032,183.62,184.21,184.8,181.78,2026-08-17,3,False
TXRH,Consumer Discretionary,Restaurants,RSI,RSI 維持強勢 (50-70),None,0.0,0.51,0.2995,,0.2995,0,10441,0.0032,204.4,205.05,205.71,202.36,2026-08-17,3,False
W,Consumer Discretionary,Internet Retail,RSI,RSI 維持強勢 (50-70),None,0.0,0.51,0.2995,,0.2995,0,10441,0.0032,103.08,103.41,103.74,102.05,2026-08-17,3,False
YUMC,Consumer Discretionary,Restaurants,RSI,RSI 維持強勢 (50-70),None,0.0,0.51,0.2995,,0.2995,0,10441,0.0032,47.14,47.29,47.44,46.67,2026-08-17,3,False
WMT,Consumer Staples,Discount Stores,BB,價格在 BB 中軌上方,None,0.0,0.425,0.2991,0.2991,0.2432,341,8891,0.0054,114.33,114.95,115.56,113.19,2026-08-17,3,False
HUT,Financials,Capital Markets,KDJ,KDJ 超賣區金叉,None,0.0,0.5599999999999999,0.299,,0.299,0,612,-0.0,88.04,88.04,88.04,87.16,2026-08-17,3,False
MKL,Financials,Insurance - Property & Casualty,KDJ,KDJ 超賣區金叉,None,0.0,0.5599999999999999,0.299,,0.299,0,612,-0.0,1847.24,1847.24,1847.24,1828.77,2026-08-14,3,False
DLR,Real Estate,REIT - Specialty,RSI,RSI 維持強勢 (50-70),None,0.0,0.51,0.299,0.299,0.2509,301,7011,0.0013,197.91,198.17,198.42,195.93,2026-08-17,3,False
AER,Industrials,Rental & Leasing Services,RSI,RSI 維持強勢 (50-70),None,0.0,0.51,0.2986,,0.2986,0,19157,0.0036,150.45,150.99,151.53,148.95,2026-08-17,3,False
APG,Industrials,Engineering & Construction,RSI,RSI 維持強勢 (50-70),None,0.0,0.51,0.2986,,0.2986,0,19157,0.0036,44.72,44.88,45.04,44.27,2026-08-17,3,False
ARMK,Industrials,Specialty Business Services,RSI,RSI 維持強勢 (50-70),None,0.0,0.51,0.2986,,0.2986,0,19157,0.0036,61.8,62.02,62.24,61.18,2026-08-17,3,False
ARXS,Industrials,Aerospace & Defense,RSI,RSI 維持強勢 (50-70),None,0.0,0.51,0.2986,,0.2986,0,19157,0.0036,57.6,57.81,58.01,57.02,2026-08-17,3,False
ATI,Industrials,Metal Fabrication,RSI,RSI 維持強勢 (50-70),None,0.0,0.51,0.2986,,0.2986,0,19157,0.0036,231.78,232.61,233.45,229.46,2026-08-17,3,False
AYI,Industrials,Electrical Equipment & Parts,RSI,RSI 維持強勢 (50-70),None,0.0,0.51,0.2986,,0.2986,0,19157,0.0036,360.4,361.7,362.99,356.8,2026-08-17,3,False
BE,Industrials,Electrical Equipment & Parts,RSI,RSI 維持強勢 (50-70),None,0.0,0.51,0.2986,,0.2986,0,19157,0.0036,232.16,233.0,233.83,229.84,2026-08-17,3,False
CLH,Industrials,Waste Management,RSI,RSI 維持強勢 (50-70),None,0.0,0.51,0.2986,,0.2986,0,19157,0.0036,326.05,327.22,328.4,322.79,2026-08-17,3,False
CNI,Industrials,Railroads,RSI,RSI 維持強勢 (50-70),None,0.0,0.51,0.2986,,0.2986,0,19157,0.0036,126.59,127.05,127.5,125.32,2026-08-17,3,False
CP,Industrials,Railroads,RSI,RSI 維持強勢 (50-70),None,0.0,0.51,0.2986,,0.2986,0,19157,0.0036,93.92,94.26,94.6,92.98,2026-08-17,3,False
CSL,Industrials,Building Products & Equipment,RSI,RSI 維持強勢 (50-70),None,0.0,0.51,0.2986,,0.2986,0,19157,0.0036,370.04,371.37,372.7,366.34,2026-08-14,3,False
DCI,Industrials,Specialty Industrial Machinery,RSI,RSI 維持強勢 (50-70),None,0.0,0.51,0.2986,,0.2986,0,19157,0.0036,94.68,95.02,95.36,93.73,2026-08-17,3,False
EMBJ,Industrials,Aerospace & Defense,RSI,RSI 維持強勢 (50-70),None,0.0,0.51,0.2986,,0.2986,0,19157,0.0036,75.38,75.65,75.92,74.63,2026-08-14,3,False
FERG,Industrials,Industrial Distribution,RSI,RSI 維持強勢 (50-70),None,0.0,0.51,0.2986,,0.2986,0,19157,0.0036,244.98,245.86,246.74,242.53,2026-08-17,3,False
GGG,Industrials,Specialty Industrial Machinery,RSI,RSI 維持強勢 (50-70),None,0.0,0.51,0.2986,,0.2986,0,19157,0.0036,81.55,81.84,82.14,80.73,2026-08-17,3,False
HEI,Industrials,Aerospace & Defense,RSI,RSI 維持強勢 (50-70),None,0.0,0.51,0.2986,,0.2986,0,19157,0.0036,371.28,372.62,373.95,367.57,2026-08-17,3,False
IESC,Industrials,Engineering & Construction,RSI,RSI 維持強勢 (50-70),None,0.0,0.51,0.2986,,0.2986,0,19157,0.0036,793.96,796.82,799.68,786.02,2026-08-17,3,False
ITT,Industrials,Specialty Industrial Machinery,RSI,RSI 維持強勢 (50-70),None,0.0,0.51,0.2986,,0.2986,0,19157,0.0036,216.7,217.48,218.26,214.53,2026-08-13,3,False
LECO,Industrials,Tools & Accessories,RSI,RSI 維持強勢 (50-70),None,0.0,0.51,0.2986,,0.2986,0,19157,0.0036,286.02,287.05,288.08,283.16,2026-08-17,3,False
MLI,Industrials,Metal Fabrication,RSI,RSI 維持強勢 (50-70),None,0.0,0.51,0.2986,,0.2986,0,19157,0.0036,65.9,66.14,66.37,65.24,2026-08-14,3,False
NVT,Industrials,Electrical Equipment & Parts,RSI,RSI 維持強勢 (50-70),None,0.0,0.51,0.2986,,0.2986,0,19157,0.0036,177.21,177.85,178.49,175.44,2026-08-17,3,False
OC,Industrials,Building Products & Equipment,RSI,RSI 維持強勢 (50-70),None,0.0,0.51,0.2986,,0.2986,0,19157,0.0036,153.81,154.36,154.92,152.27,2026-08-17,3,False
RKLB,Industrials,Aerospace & Defense,RSI,RSI 維持強勢 (50-70),None,0.0,0.51,0.2986,,0.2986,0,19157,0.0036,82.08,82.38,82.67,81.26,2026-08-17,3,False
SPCX,Industrials,Aerospace & Defense,RSI,RSI 維持強勢 (50-70),None,0.0,0.51,0.2986,,0.2986,0,19157,0.0036,146.23,146.76,147.28,144.77,2026-08-17,3,False
TFII,Industrials,Trucking,RSI,RSI 維持強勢 (50-70),None,0.0,0.51,0.2986,,0.2986,0,19157,0.0036,145.61,146.13,146.66,144.15,2026-08-17,3,False
TRI,Industrials,Specialty Business Services,RSI,RSI 維持強勢 (50-70),None,0.0,0.51,0.2986,,0.2986,0,19157,0.0036,99.06,99.42,99.77,98.07,2026-08-17,3,False
WCC,Industrials,Industrial Distribution,RSI,RSI 維持強勢 (50-70),None,0.0,0.51,0.2986,,0.2986,0,19157,0.0036,372.96,374.3,375.65,369.23,2026-08-17,3,False
WTS,Industrials,Specialty Industrial Machinery,RSI,RSI 維持強勢 (50-70),None,0.0,0.51,0.2986,,0.2986,0,19157,0.0036,385.18,386.57,387.95,381.33,2026-08-17,3,False
XPO,Industrials,Trucking,RSI,RSI 維持強勢 (50-70),None,0.0,0.51,0.2986,,0.2986,0,19157,0.0036,210.99,211.75,212.51,208.88,2026-08-17,3,False
CPNG,Consumer Discretionary,Internet Retail,BB,價格在 BB 中軌上方,None,0.0,0.425,0.2984,,0.2984,0,12430,0.0031,16.12,16.17,16.22,15.96,2026-08-14,3,False
INIO,Industrials,Specialty Industrial Machinery,RSI,RSI 加速上升,None,0.0,0.5525,0.2981,,0.2981,0,11545,0.003,27.58,27.66,27.75,27.3,2026-08-13,3,False
POWL,Industrials,Electrical Equipment & Parts,RSI,RSI 加速上升,None,0.0,0.5525,0.2981,,0.2981,0,11545,0.003,218.73,219.39,220.04,216.54,2026-08-17,3,False
STRL,Industrials,Engineering & Construction,RSI,RSI 加速上升,None,0.0,0.5525,0.2981,,0.2981,0,11545,0.003,603.89,605.7,607.51,597.85,2026-08-17,3,False
TIMB,Communication Services,Telecom Services,RSI,RSI 維持超賣,None,0.0,0.385,0.2977,,0.2977,0,262,-0.0011,17.59,17.57,17.55,17.41,2026-08-17,3,False
STLA,Consumer Discretionary,Auto Manufacturers,BB,BB 跌破下軌 (超賣),None,0.0,0.45499999999999996,0.2974,,0.2974,0,733,0.0008,5.12,5.12,5.13,5.07,2026-08-17,3,False
EXR,Real Estate,REIT - Industrial,RSI,RSI 維持強勢 (50-70),None,0.0,0.51,0.2971,0.2971,0.2509,175,7011,0.0033,147.9,148.39,148.88,146.42,2026-08-14,3,False
GL,Financials,Insurance - Life,RSI,RSI 上穿 50 中性線,None,0.0,0.4675,0.2963,0.2963,0.3091,27,1899,0.0138,180.67,183.16,185.66,178.86,2026-08-13,3,False
BHP,Materials,Other Industrial Metals & Mining,RSI,RSI 動能加速（強勢區）,None,0.0,0.51,0.2962,,0.2962,0,942,-0.0012,88.37,88.26,88.16,87.49,2026-08-17,3,False
GFI,Materials,Gold,RSI,RSI 動能加速（強勢區）,None,0.0,0.51,0.2962,,0.2962,0,942,-0.0012,41.5,41.45,41.4,41.09,2026-08-17,3,False
PKX,Materials,Steel,RSI,RSI 動能加速（強勢區）,None,0.0,0.51,0.2962,,0.2962,0,942,-0.0012,58.6,58.53,58.46,58.01,2026-08-14,3,False
RGLD,Materials,Gold,RSI,RSI 動能加速（強勢區）,None,0.0,0.51,0.2962,,0.2962,0,942,-0.0012,236.62,236.34,236.05,234.25,2026-08-17,3,False
TECK,Materials,Other Industrial Metals & Mining,RSI,RSI 動能加速（強勢區）,None,0.0,0.51,0.2962,,0.2962,0,942,-0.0012,64.84,64.76,64.68,64.19,2026-08-17,3,False
AGX,Industrials,Engineering & Construction,BB,價格在 BB 中軌上方,None,0.0,0.425,0.295,,0.295,0,22337,0.0034,589.27,591.27,593.28,583.38,2026-08-17,3,False
FPS,Industrials,Electrical Equipment & Parts,BB,價格在 BB 中軌上方,None,0.0,0.425,0.295,,0.295,0,22337,0.0034,38.83,38.96,39.09,38.44,2026-08-17,3,False
QXO,Industrials,Industrial Distribution,BB,價格在 BB 中軌上方,None,0.0,0.425,0.295,,0.295,0,22337,0.0034,14.51,14.56,14.61,14.36,2026-08-14,3,False
AXP,Financials,Credit Services,BB,價格在 BB 中軌上方,None,0.0,0.425,0.2947,0.2947,0.2847,285,21689,0.0033,342.48,343.61,344.74,339.06,2026-08-14,3,False
PCG,Utilities,Utilities - Regulated Electric,RSI,RSI 加速上升,None,0.0,0.5525,0.2929,0.2929,0.2565,140,4905,0.0082,17.5,17.64,17.79,17.32,2026-08-17,3,False
ESLT,Industrials,Aerospace & Defense,BB,BB 中軌向上（上升趨勢）,None,0.0,0.51,0.2929,,0.2929,0,17460,0.0036,782.84,785.66,788.48,775.01,2026-08-17,3,False
FER,Industrials,Engineering & Construction,BB,BB 中軌向上（上升趨勢）,None,0.0,0.51,0.2929,,0.2929,0,17460,0.0036,64.13,64.36,64.59,63.49,2026-08-14,3,False
RJF,Financials,Asset Management,BB,價格在 BB 中軌上方,None,0.0,0.425,0.2929,0.2929,0.2847,297,21689,0.0054,179.48,180.45,181.42,177.69,2026-08-17,3,False
EG,Financials,Insurance - Reinsurance,KDJ,KDJ 金叉,None,0.0,0.5525,0.2917,0.2917,0.3142,24,1932,-0.0106,370.11,366.19,362.26,366.41,2026-08-14,3,False
CMCSA,Communication Services,Telecom Services,RSI,RSI 動能加速（強勢區）,None,0.0,0.51,0.2917,0.2917,0.3135,24,772,0.0025,26.18,26.25,26.31,25.92,2026-08-13,3,False
PCAR,Industrials,Farm & Heavy Construction Machinery,BB,BB 中軌向上（上升趨勢）,None,0.0,0.51,0.2913,0.2913,0.2929,206,17460,0.0013,130.84,131.01,131.18,129.53,2026-08-17,3,False
PDD,Consumer Discretionary,Internet Retail,BB,BB 中軌向上（上升趨勢）,None,0.0,0.51,0.2908,,0.2908,0,9757,0.002,86.94,87.11,87.29,86.07,2026-08-17,3,False
TCOM,Consumer Discretionary,Travel Services,BB,BB 中軌向上（上升趨勢）,None,0.0,0.51,0.2908,,0.2908,0,9757,0.002,44.85,44.94,45.03,44.4,2026-08-17,3,False
ADBE,Information Technology,Software - Application,BB,BB 中軌向上（上升趨勢）,None,0.0,0.51,0.2903,0.2903,0.3639,186,16781,-0.0083,254.04,251.93,249.82,251.5,2026-08-17,3,False
MDLZ,Consumer Staples,Confectioners,RSI,RSI 維持強勢 (50-70),None,0.0,0.51,0.2892,0.2892,0.2452,204,7574,0.0031,62.18,62.37,62.57,61.56,2026-08-17,3,False
RTX,Industrials,Aerospace & Defense,RSI,RSI 動能加速（強勢區）,None,0.0,0.51,0.2885,0.2885,0.2891,52,3037,0.0098,222.97,225.16,227.34,220.74,2026-08-14,3,False
BKNG,Consumer Discretionary,Travel Services,RSI,RSI 維持強勢 (50-70),None,0.0,0.51,0.2874,0.2874,0.2995,261,10441,0.0048,204.76,205.74,206.73,202.71,2026-08-17,3,False
PHM,Consumer Discretionary,Residential Construction,RSI,RSI 維持強勢 (50-70),None,0.0,0.51,0.2874,0.2874,0.2995,247,10441,0.0003,130.18,130.22,130.26,128.88,2026-08-14,3,False
AJG,Financials,Insurance Brokers,RSI,RSI 維持強勢 (50-70),None,0.0,0.51,0.2872,0.2872,0.2842,282,19108,0.0011,247.97,248.24,248.52,245.49,2026-08-17,3,False
AA,Materials,Aluminum,RSI,RSI 維持強勢 (50-70),None,0.0,0.51,0.286,,0.286,0,5721,0.0013,51.71,51.78,51.84,51.19,2026-08-17,3,False
AEM,Materials,Gold,RSI,RSI 維持強勢 (50-70),None,0.0,0.51,0.286,,0.286,0,5721,0.0013,188.78,189.03,189.27,186.89,2026-08-17,3,False
AGI,Materials,Gold,RSI,RSI 維持強勢 (50-70),None,0.0,0.51,0.286,,0.286,0,5721,0.0013,33.99,34.03,34.08,33.65,2026-08-17,3,False
AU,Materials,Gold,RSI,RSI 維持強勢 (50-70),None,0.0,0.51,0.286,,0.286,0,5721,0.0013,99.6,99.73,99.86,98.6,2026-08-17,3,False
B,Materials,Gold,RSI,RSI 維持強勢 (50-70),None,0.0,0.51,0.286,,0.286,0,5721,0.0013,42.52,42.58,42.63,42.09,2026-08-17,3,False
MT,Materials,Steel,RSI,RSI 維持強勢 (50-70),None,0.0,0.51,0.286,,0.286,0,5721,0.0013,73.8,73.9,73.99,73.06,2026-08-17,3,False
PAAS,Materials,Gold,RSI,RSI 維持強勢 (50-70),None,0.0,0.51,0.286,,0.286,0,5721,0.0013,48.11,48.17,48.24,47.63,2026-08-17,3,False
RPM,Materials,Specialty Chemicals,RSI,RSI 維持強勢 (50-70),None,0.0,0.51,0.286,,0.286,0,5721,0.0013,112.23,112.38,112.52,111.11,2026-08-17,3,False
RS,Materials,Steel,RSI,RSI 維持強勢 (50-70),None,0.0,0.51,0.286,,0.286,0,5721,0.0013,428.02,428.58,429.13,423.74,2026-08-17,3,False
WPM,Materials,Gold,RSI,RSI 維持強勢 (50-70),None,0.0,0.51,0.286,,0.286,0,5721,0.0013,134.21,134.38,134.56,132.87,2026-08-14,3,False
OXY,Energy,Oil & Gas E&P,RSI,RSI 加速上升,None,0.0,0.5525,0.2857,0.2857,0.3227,154,3306,-0.0042,58.36,58.11,57.87,57.78,2026-08-14,3,False
SPG,Real Estate,REIT - Retail,KDJ,KDJ 金叉,None,0.0,0.5525,0.2857,0.2857,0.2818,14,550,0.0101,221.67,223.91,226.15,219.45,2026-08-17,3,False
CME,Financials,Financial Data & Stock Exchanges,BB,BB 中軌向上（上升趨勢）,None,0.0,0.51,0.2857,0.2857,0.2681,224,16575,0.0013,267.88,268.23,268.58,265.2,2026-08-17,3,False
MSFT,Information Technology,Software - Infrastructure,BB,BB 中軌向上（上升趨勢）,None,0.0,0.51,0.2857,0.2857,0.3639,217,16781,0.003,480.35,481.79,483.23,475.55,2026-08-17,3,False
AMZN,Consumer Discretionary,Internet Retail,BB,價格在 BB 中軌上方,None,0.0,0.425,0.2857,0.2857,0.2984,280,12430,0.0024,261.31,261.94,262.56,258.7,2026-08-17,3,False
BTSG,Health Care,Health Information Services,KDJ,KDJ 金叉,None,0.0,0.5525,0.2852,,0.2852,0,1536,0.0022,60.23,60.36,60.5,59.63,2026-08-13,3,False
BTSGU,Health Care,Health Information Services,KDJ,KDJ 金叉,None,0.0,0.5525,0.2852,,0.2852,0,1536,0.0022,201.07,201.51,201.95,199.06,2026-08-13,3,False
ELAN,Health Care,Drug Manufacturers - Specialty & Generic,KDJ,KDJ 金叉,None,0.0,0.5525,0.2852,,0.2852,0,1536,0.0022,23.61,23.66,23.71,23.37,2026-08-17,3,False
GSK,Health Care,Drug Manufacturers - General,KDJ,KDJ 金叉,None,0.0,0.5525,0.2852,,0.2852,0,1536,0.0022,50.28,50.39,50.5,49.78,2026-08-17,3,False
MDLN,Health Care,Medical Instruments & Supplies,KDJ,KDJ 金叉,None,0.0,0.5525,0.2852,,0.2852,0,1536,0.0022,34.88,34.96,35.03,34.53,2026-08-17,3,False
NTRA,Health Care,Diagnostics & Research,KDJ,KDJ 金叉,None,0.0,0.5525,0.2852,,0.2852,0,1536,0.0022,314.18,314.87,315.56,311.04,2026-08-17,3,False
IEX,Industrials,Specialty Industrial Machinery,BB,價格在 BB 中軌上方,None,0.0,0.425,0.2852,0.2852,0.295,277,22337,0.0019,240.39,240.85,241.3,237.99,2026-08-17,3,False
AEG,Financials,Insurance - Diversified,BB,價格在 BB 中軌上方,None,0.0,0.425,0.2847,,0.2847,0,21689,0.0031,9.44,9.47,9.5,9.35,2026-08-17,3,False
ALLY,Financials,Credit Services,BB,價格在 BB 中軌上方,None,0.0,0.425,0.2847,,0.2847,0,21689,0.0031,44.91,45.05,45.19,44.46,2026-08-14,3,False
ARCC,Financials,Asset Management,BB,價格在 BB 中軌上方,None,0.0,0.425,0.2847,,0.2847,0,21689,0.0031,19.64,19.7,19.76,19.44,2026-08-17,3,False
BBVA,Financials,Banks - Diversified,BB,價格在 BB 中軌上方,None,0.0,0.425,0.2847,,0.2847,0,21689,0.0031,28.7,28.79,28.88,28.41,2026-08-14,3,False
BCS,Financials,Banks - Diversified,BB,價格在 BB 中軌上方,None,0.0,0.425,0.2847,,0.2847,0,21689,0.0031,27.8,27.89,27.97,27.52,2026-08-17,3,False
BNT,Financials,Insurance - Diversified,BB,價格在 BB 中軌上方,None,0.0,0.425,0.2847,,0.2847,0,21689,0.0031,43.83,43.97,44.1,43.39,2026-08-14,3,False
BPYPM,Financials,Asset Management,BB,價格在 BB 中軌上方,None,0.0,0.425,0.2847,,0.2847,0,21689,0.0031,16.109,16.16,16.21,15.95,2026-08-17,3,False
CET,Financials,Asset Management,BB,價格在 BB 中軌上方,None,0.0,0.425,0.2847,,0.2847,0,21689,0.0031,54.9,55.07,55.24,54.35,2026-08-17,3,False
CRBG,Financials,Asset Management,BB,價格在 BB 中軌上方,None,0.0,0.425,0.2847,,0.2847,0,21689,0.0031,33.18,33.28,33.39,32.85,2026-08-17,3,False
DB,Financials,Banks - Regional,BB,價格在 BB 中軌上方,None,0.0,0.425,0.2847,,0.2847,0,21689,0.0031,38.12,38.24,38.36,37.74,2026-08-17,3,False
EQH,Financials,Asset Management,BB,價格在 BB 中軌上方,None,0.0,0.425,0.2847,,0.2847,0,21689,0.0031,51.13,51.29,51.45,50.62,2026-08-17,3,False
ING,Financials,Banks - Diversified,BB,價格在 BB 中軌上方,None,0.0,0.425,0.2847,,0.2847,0,21689,0.0031,35.63,35.74,35.85,35.27,2026-08-17,3,False
KB,Financials,Banks - Regional,BB,價格在 BB 中軌上方,None,0.0,0.425,0.2847,,0.2847,0,21689,0.0031,120.31,120.68,121.06,119.11,2026-08-17,3,False
LPLA,Financials,Capital Markets,BB,價格在 BB 中軌上方,None,0.0,0.425,0.2847,,0.2847,0,21689,0.0031,368.2,369.34,370.48,364.52,2026-08-17,3,False
NMR,Financials,Capital Markets,BB,價格在 BB 中軌上方,None,0.0,0.425,0.2847,,0.2847,0,21689,0.0031,9.81,9.84,9.87,9.71,2026-08-17,3,False
NWG,Financials,Banks - Regional,BB,價格在 BB 中軌上方,None,0.0,0.425,0.2847,,0.2847,0,21689,0.0031,19.04,19.1,19.16,18.85,2026-08-17,3,False
SAN,Financials,Banks - Diversified,BB,價格在 BB 中軌上方,None,0.0,0.425,0.2847,,0.2847,0,21689,0.0031,14.59,14.64,14.68,14.44,2026-08-17,3,False
SLMBP,Financials,Credit Services,BB,價格在 BB 中軌上方,None,0.0,0.425,0.2847,,0.2847,0,21689,0.0031,74.9,75.13,75.36,74.15,2026-08-13,3,False
SOFI,Financials,Credit Services,BB,價格在 BB 中軌上方,None,0.0,0.425,0.2847,,0.2847,0,21689,0.0031,18.31,18.37,18.42,18.13,2026-08-17,3,False
SPY,Financials,Asset Management,BB,價格在 BB 中軌上方,None,0.0,0.425,0.2847,,0.2847,0,21689,0.0031,772.67,775.07,777.46,764.94,2026-08-17,3,False
UBS,Financials,Banks - Diversified,BB,價格在 BB 中軌上方,None,0.0,0.425,0.2847,,0.2847,0,21689,0.0031,53.44,53.61,53.77,52.91,2026-08-17,3,False
WF,Financials,Banks - Regional,BB,價格在 BB 中軌上方,None,0.0,0.425,0.2847,,0.2847,0,21689,0.0031,71.48,71.7,71.92,70.77,2026-08-17,3,False
WTFC,Financials,Banks - Regional,BB,價格在 BB 中軌上方,None,0.0,0.425,0.2847,,0.2847,0,21689,0.0031,160.96,161.46,161.96,159.35,2026-08-17,3,False
ZION,Financials,Banks - Regional,BB,價格在 BB 中軌上方,None,0.0,0.425,0.2847,,0.2847,0,21689,0.0031,71.58,71.8,72.02,70.86,2026-08-17,3,False
ORI,Financials,Insurance - Property & Casualty,RSI,RSI 維持強勢 (50-70),None,0.0,0.51,0.2842,,0.2842,0,19108,0.003,42.51,42.64,42.77,42.08,2026-08-17,3,False
RYAN,Financials,Insurance - Specialty,RSI,RSI 維持強勢 (50-70),None,0.0,0.51,0.2842,,0.2842,0,19108,0.003,42.82,42.95,43.08,42.39,2026-08-13,3,False
ZTO,Industrials,Integrated Freight & Logistics,BB,BB 跌破下軌 (超賣),None,0.0,0.45499999999999996,0.2838,,0.2838,0,1258,0.0043,22.9,23.0,23.1,22.67,2026-08-14,3,False
XEL,Utilities,Utilities - Regulated Electric,RSI,RSI 維持強勢 (50-70),None,0.0,0.51,0.2833,0.2833,0.2471,233,8831,0.0051,79.21,79.61,80.02,78.42,2026-08-17,3,False
IFF,Materials,Specialty Chemicals,RSI,RSI 維持強勢 (50-70),None,0.0,0.51,0.2828,0.2828,0.286,244,5721,-0.0019,81.83,81.67,81.52,81.01,2026-08-17,3,False
ICE,Financials,Financial Data & Stock Exchanges,RSI,RSI 動能加速（強勢區）,None,0.0,0.51,0.2826,0.2826,0.279,46,3129,0.0064,155.24,156.23,157.23,153.69,2026-08-13,3,False
MSI,Information Technology,Communication Equipment,BB,BB 中軌向上（上升趨勢）,None,0.0,0.51,0.2821,0.2821,0.3639,234,16781,0.0045,457.08,459.14,461.19,452.51,2026-08-17,3,False
WFC,Financials,Banks - Diversified,RSI,RSI 維持強勢 (50-70),None,0.0,0.51,0.2819,0.2819,0.2842,259,19108,-0.0017,87.54,87.39,87.24,86.66,2026-08-17,3,False
GLPI,Real Estate,REIT - Specialty,KDJ,KDJ 金叉,None,0.0,0.5525,0.2818,,0.2818,0,550,0.0003,43.65,43.66,43.68,43.21,2026-08-13,3,False
JLL,Real Estate,Real Estate Services,KDJ,KDJ 金叉,None,0.0,0.5525,0.2818,,0.2818,0,550,0.0003,375.0,375.11,375.22,371.25,2026-08-14,3,False
SUI,Real Estate,REIT - Residential,KDJ,KDJ 金叉,None,0.0,0.5525,0.2818,,0.2818,0,550,0.0003,123.29,123.33,123.36,122.06,2026-08-14,3,False
WPC,Real Estate,REIT - Diversified,KDJ,KDJ 金叉,None,0.0,0.5525,0.2818,,0.2818,0,550,0.0003,71.49,71.51,71.53,70.78,2026-08-13,3,False
ALLE,Industrials,Security & Protection Services,RSI,RSI 維持強勢 (50-70),None,0.0,0.51,0.2814,0.2814,0.2986,199,19157,0.0036,162.1,162.68,163.27,160.48,2026-08-17,3,False
DE,Industrials,Farm & Heavy Construction Machinery,BB,價格在 BB 中軌上方,None,0.0,0.425,0.2812,0.2812,0.295,224,22337,0.0017,612.38,613.42,614.46,606.26,2026-08-13,3,False
COO,Health Care,Medical Instruments & Supplies,RSI,RSI 加速上升,None,0.0,0.5525,0.2808,0.2808,0.2803,146,8492,-0.0015,76.6,76.49,76.37,75.83,2026-08-13,3,False
ALC,Health Care,Medical Instruments & Supplies,BB,價格在 BB 中軌上方,None,0.0,0.425,0.2804,,0.2804,0,14417,0.0008,72.49,72.55,72.61,71.77,2026-08-17,3,False
ARWR,Health Care,Biotechnology,BB,價格在 BB 中軌上方,None,0.0,0.425,0.2804,,0.2804,0,14417,0.0008,88.7,88.77,88.84,87.81,2026-08-17,3,False
BMRN,Health Care,Biotechnology,BB,價格在 BB 中軌上方,None,0.0,0.425,0.2804,,0.2804,0,14417,0.0008,66.64,66.69,66.75,65.97,2026-08-17,3,False
CRSP,Health Care,Biotechnology,BB,價格在 BB 中軌上方,None,0.0,0.425,0.2804,,0.2804,0,14417,0.0008,54.28,54.32,54.37,53.74,2026-08-17,3,False
EHC,Health Care,Medical Care Facilities,BB,價格在 BB 中軌上方,None,0.0,0.425,0.2804,,0.2804,0,14417,0.0008,121.99,122.09,122.19,120.77,2026-08-17,3,False
GMED,Health Care,Medical Devices,BB,價格在 BB 中軌上方,None,0.0,0.425,0.2804,,0.2804,0,14417,0.0008,85.12,85.19,85.26,84.27,2026-08-17,3,False
INSM,Health Care,Biotechnology,BB,價格在 BB 中軌上方,None,0.0,0.425,0.2804,,0.2804,0,14417,0.0008,128.32,128.42,128.53,127.04,2026-08-17,3,False
MOH,Health Care,Healthcare Plans,BB,價格在 BB 中軌上方,None,0.0,0.425,0.2804,,0.2804,0,14417,0.0008,203.06,203.22,203.38,201.03,2026-08-17,3,False
ONC,Health Care,Biotechnology,BB,價格在 BB 中軌上方,None,0.0,0.425,0.2804,,0.2804,0,14417,0.0008,362.51,362.8,363.09,358.88,2026-08-17,3,False
PEN,Health Care,Medical Devices,BB,價格在 BB 中軌上方,None,0.0,0.425,0.2804,,0.2804,0,14417,0.0008,327.02,327.28,327.54,323.75,2026-08-14,3,False
PHG,Health Care,Medical Devices,BB,價格在 BB 中軌上方,None,0.0,0.425,0.2804,,0.2804,0,14417,0.0008,26.82,26.84,26.86,26.55,2026-08-17,3,False
RDY,Health Care,Drug Manufacturers - Specialty & Generic,BB,價格在 BB 中軌上方,None,0.0,0.425,0.2804,,0.2804,0,14417,0.0008,12.11,12.12,12.13,11.99,2026-08-17,3,False
ROIV,Health Care,Biotechnology,BB,價格在 BB 中軌上方,None,0.0,0.425,0.2804,,0.2804,0,14417,0.0008,36.24,36.27,36.3,35.88,2026-08-17,3,False
RPRX,Health Care,Biotechnology,BB,價格在 BB 中軌上方,None,0.0,0.425,0.2804,,0.2804,0,14417,0.0008,59.45,59.5,59.55,58.86,2026-08-17,3,False
RVMD,Health Care,Biotechnology,BB,價格在 BB 中軌上方,None,0.0,0.425,0.2804,,0.2804,0,14417,0.0008,212.0,212.17,212.34,209.88,2026-08-17,3,False
TEM,Health Care,Health Information Services,BB,價格在 BB 中軌上方,None,0.0,0.425,0.2804,,0.2804,0,14417,0.0008,51.64,51.68,51.72,51.12,2026-08-17,3,False
TEVA,Health Care,Drug Manufacturers - Specialty & Generic,BB,價格在 BB 中軌上方,None,0.0,0.425,0.2804,,0.2804,0,14417,0.0008,36.46,36.49,36.52,36.1,2026-08-17,3,False
THC,Health Care,Medical Care Facilities,BB,價格在 BB 中軌上方,None,0.0,0.425,0.2804,,0.2804,0,14417,0.0008,264.56,264.77,264.98,261.91,2026-08-17,3,False
BDRX,Health Care,Biotechnology,RSI,RSI 加速上升,None,0.0,0.5525,0.2803,,0.2803,0,8492,-0.0001,1.56,1.56,1.56,1.54,2026-08-13,3,False
BRKRP,Health Care,Medical Devices,RSI,RSI 加速上升,None,0.0,0.5525,0.2803,,0.2803,0,8492,-0.0001,425.41,425.37,425.32,421.16,2026-08-14,3,False
MTD,Health Care,Diagnostics & Research,BB,價格在 BB 中軌上方,None,0.0,0.425,0.2802,0.2802,0.2804,207,14417,0.0022,1417.42,1420.54,1423.66,1403.25,2026-08-17,3,False
CVS,Health Care,Healthcare Plans,KDJ,KDJ 金叉,Bullish Engulfing,0.75,1.0,0.2785,,0.2785,0,79,-0.0024,97.16,96.93,96.69,96.19,2026-08-14,3,False
PH,Industrials,Specialty Industrial Machinery,RSI,RSI 維持強勢 (50-70),None,0.0,0.51,0.2781,0.2781,0.2986,302,19157,0.0029,1053.76,1056.82,1059.87,1043.22,2026-08-17,3,False
ILMN,Health Care,Diagnostics & Research,RSI,RSI 維持強勢 (50-70),None,0.0,0.51,0.2772,,0.2772,0,12123,0.0009,193.135,193.31,193.48,191.2,2026-08-17,3,False
IR,Industrials,Specialty Industrial Machinery,RSI,RSI 維持強勢 (50-70),None,0.0,0.51,0.2767,0.2767,0.2986,206,19157,-0.0012,84.28,84.18,84.08,83.44,2026-08-13,3,False
SPGI,Financials,Financial Data & Stock Exchanges,RSI,RSI 動能加速（強勢區）,None,0.0,0.51,0.2766,0.2766,0.279,47,3129,0.0008,422.67,423.01,423.35,418.44,2026-08-13,3,False
SHW,Materials,Specialty Chemicals,BB,價格在 BB 中軌上方,None,0.0,0.425,0.2764,0.2764,0.2859,199,6697,0.0039,349.97,351.33,352.7,346.47,2026-08-17,3,False
NOC,Industrials,Aerospace & Defense,BB,價格在 BB 中軌上方,None,0.0,0.425,0.276,0.276,0.295,250,22337,0.0053,570.2,573.22,576.24,564.5,2026-08-17,3,False
PSA,Real Estate,REIT - Industrial,RSI,RSI 動能加速（強勢區）,None,0.0,0.51,0.2759,0.2759,0.2452,29,1093,-0.0005,328.72,328.56,328.39,325.43,2026-08-13,3,False
CYTK,Health Care,Biotechnology,BB,BB 跌破下軌 (超賣),None,0.0,0.45499999999999996,0.2752,,0.2752,0,974,-0.0017,73.45,73.33,73.2,72.72,2026-08-13,3,False
UTHR,Health Care,Drug Manufacturers - Specialty & Generic,BB,BB 跌破下軌 (超賣),None,0.0,0.45499999999999996,0.2752,,0.2752,0,974,-0.0017,499.73,498.88,498.03,494.73,2026-08-14,3,False
DD,Materials,Specialty Chemicals,BB,BB 中軌向上（上升趨勢）,None,0.0,0.51,0.2742,0.2742,0.2853,248,5036,0.0042,143.07,143.67,144.27,141.64,2026-08-17,3,False
NWSA,Communication Services,Entertainment,RSI,RSI 維持強勢 (50-70),None,0.0,0.51,0.2742,0.2742,0.3082,248,5205,0.0028,28.7,28.78,28.86,28.41,2026-08-17,3,False
ALNY,Health Care,Biotechnology,MACD,MACD 金叉 (空頭區),None,0.0,0.42,0.2741,,0.2741,0,686,-0.0003,228.65,228.58,228.51,226.36,2026-08-14,3,False
VZ,Communication Services,Telecom Services,RSI,RSI 動能加速（強勢區）,None,0.0,0.51,0.2727,0.2727,0.3135,33,772,0.0033,48.22,48.38,48.54,47.74,2026-08-13,3,False
JCI,Industrials,Building Products & Equipment,RSI,RSI 動能加速（強勢區）,None,0.0,0.51,0.2708,0.2708,0.2891,48,3037,-0.0003,153.64,153.59,153.55,152.1,2026-08-14,3,False
ADM,Consumer Staples,Farm Products,RSI,RSI 加速上升,None,0.0,0.5525,0.2706,0.2706,0.2439,170,5343,-0.0034,80.45,80.18,79.9,79.65,2026-08-14,3,False
JAZZ,Health Care,Biotechnology,BB,BB 中軌向上（上升趨勢）,None,0.0,0.51,0.2705,,0.2705,0,10885,0.0002,248.36,248.41,248.46,245.88,2026-08-17,3,False
IDXX,Health Care,Diagnostics & Research,BB,BB 中軌向上（上升趨勢）,None,0.0,0.51,0.2698,0.2698,0.2705,126,10885,0.0009,550.96,551.46,551.95,545.45,2026-08-14,3,False
SYY,Consumer Staples,Food Distribution,BB,BB 中軌向上（上升趨勢）,None,0.0,0.51,0.269,0.269,0.2466,171,6128,0.0069,81.85,82.41,82.98,81.03,2026-08-17,3,False
CVX,Energy,Oil & Gas Integrated,BB,價格在 BB 中軌上方,None,0.0,0.425,0.2687,0.2687,0.2998,320,5768,-0.0012,200.0,199.76,199.52,198.0,2026-08-14,3,False
BRO,Financials,Insurance Brokers,RSI,RSI 維持強勢 (50-70),None,0.0,0.51,0.2686,0.2686,0.2842,242,19108,0.0031,70.54,70.76,70.98,69.83,2026-08-14,3,False
RMD,Health Care,Medical Instruments & Supplies,RSI,RSI 維持強勢 (50-70),None,0.0,0.51,0.268,0.268,0.2772,194,12123,-0.0031,220.37,219.69,219.0,218.17,2026-08-17,3,False
EOG,Energy,Oil & Gas E&P,RSI,RSI 加速上升,None,0.0,0.5525,0.2679,0.2679,0.3227,168,3306,-0.0019,142.61,142.34,142.07,141.18,2026-08-14,3,False
EIX,Utilities,Utilities - Regulated Electric,RSI,RSI 加速上升,None,0.0,0.5525,0.2675,0.2675,0.2565,157,4905,0.0011,71.3,71.38,71.46,70.59,2026-08-17,3,False
EXPD,Industrials,Integrated Freight & Logistics,BB,BB 中軌向上（上升趨勢）,None,0.0,0.51,0.2673,0.2673,0.2929,202,17460,0.003,188.27,188.83,189.4,186.39,2026-08-17,3,False
IT,Information Technology,Information Technology Services,BB,價格在 BB 中軌上方,None,0.0,0.425,0.2672,0.2672,0.3573,262,20206,-0.0028,179.19,178.69,178.19,177.4,2026-08-17,3,False
LOW,Consumer Discretionary,Home Improvement Retail,RSI,RSI 維持強勢 (50-70),None,0.0,0.51,0.267,0.267,0.2995,206,10441,0.0003,215.81,215.87,215.94,213.65,2026-08-17,3,False
BUD,Consumer Staples,Beverages - Brewers,BB,BB 跌破下軌 (超賣),None,0.0,0.45499999999999996,0.2667,,0.2667,0,705,0.0039,77.2,77.5,77.8,76.43,2026-08-17,3,False
PFGC,Consumer Staples,Food Distribution,BB,BB 跌破下軌 (超賣),None,0.0,0.45499999999999996,0.2667,,0.2667,0,705,0.0039,104.68,105.09,105.5,103.63,2026-08-17,3,False
OKE,Energy,Oil & Gas Midstream,RSI,RSI 維持強勢 (50-70),None,0.0,0.51,0.2658,0.2658,0.2963,237,4891,-0.0041,95.32,94.93,94.54,94.37,2026-08-17,3,False
MDT,Health Care,Medical Devices,RSI,RSI 加速上升,None,0.0,0.5525,0.2653,0.2653,0.2803,147,8492,0.0022,91.27,91.47,91.67,90.36,2026-08-14,3,False
J,Industrials,Engineering & Construction,BB,價格在 BB 中軌上方,None,0.0,0.425,0.2648,0.2648,0.295,287,22337,0.0006,143.63,143.72,143.8,142.19,2026-08-17,3,False
BEKE,Real Estate,Real Estate Services,BB,BB 中軌向上（上升趨勢）,None,0.0,0.51,0.2647,,0.2647,0,5713,0.0025,17.01,17.05,17.1,16.84,2026-08-14,3,False
SJM,Consumer Staples,Packaged Foods,BB,BB 中軌向上（上升趨勢）,None,0.0,0.51,0.2645,0.2645,0.2466,121,6128,0.006,117.83,118.54,119.24,116.65,2026-08-17,3,False
AMGN,Health Care,Drug Manufacturers - General,RSI,RSI 維持強勢 (50-70),None,0.0,0.51,0.2639,0.2639,0.2772,216,12123,0.0032,419.38,420.72,422.06,415.19,2026-08-17,3,False
JNJ,Health Care,Drug Manufacturers - General,RSI,RSI 加速上升,None,0.0,0.5525,0.2638,0.2638,0.2803,163,8492,0.0063,262.08,263.73,265.38,259.46,2026-08-13,3,False
VRSN,Information Technology,Software - Infrastructure,BB,BB 中軌向上（上升趨勢）,None,0.0,0.51,0.2636,0.2636,0.3639,239,16781,-0.0001,272.77,272.74,272.72,270.04,2026-08-17,3,False
EXC,Utilities,Utilities - Regulated Electric,RSI,RSI 加速上升,None,0.0,0.5525,0.2632,0.2632,0.2565,133,4905,0.0045,45.57,45.78,45.98,45.11,2026-08-17,3,False
T,Communication Services,Telecom Services,RSI,RSI 加速上升,None,0.0,0.5525,0.2625,0.2625,0.3116,160,3322,-0.0002,24.89,24.89,24.88,24.64,2026-08-14,3,False
NSC,Industrials,Railroads,BB,價格在 BB 中軌上方,None,0.0,0.425,0.2612,0.2612,0.295,245,22337,0.0038,341.12,342.42,343.71,337.71,2026-08-17,3,False
TSCO,Consumer Discretionary,Specialty Retail,BB,BB 中軌向上（上升趨勢）,None,0.0,0.51,0.2606,0.2606,0.2908,142,9757,-0.0032,34.68,34.57,34.46,34.33,2026-08-17,3,False
OMC,Communication Services,Advertising Agencies,RSI,RSI 動能加速（強勢區）,None,0.0,0.51,0.2593,0.2593,0.3135,27,772,-0.0056,88.36,87.87,87.37,87.48,2026-08-13,3,False
ROST,Consumer Discretionary,Apparel Retail,RSI,RSI 維持強勢 (50-70),None,0.0,0.51,0.2589,0.2589,0.2995,282,10441,0.0056,245.36,246.73,248.11,242.91,2026-08-14,3,False
PNR,Industrials,Specialty Industrial Machinery,BB,價格在 BB 中軌上方,None,0.0,0.425,0.2587,0.2587,0.295,286,22337,-0.0014,66.16,66.07,65.97,65.5,2026-08-14,3,False
CTVA,Materials,Agricultural Inputs,KDJ,KDJ 金叉,None,0.0,0.5525,0.2581,0.2581,0.314,31,637,-0.0087,76.68,76.01,75.35,75.91,2026-08-14,3,False
PRU,Financials,Insurance - Life,RSI,RSI 加速上升,None,0.0,0.5525,0.2579,0.2579,0.3014,159,11488,-0.0002,125.13,125.1,125.08,123.88,2026-08-14,3,False
BSX,Health Care,Medical Devices,RSI,RSI 加速上升,None,0.0,0.5525,0.2576,0.2576,0.2803,132,8492,-0.0058,51.83,51.53,51.23,51.31,2026-08-14,3,False
SRE,Utilities,Utilities - Diversified,RSI,RSI 加速上升,None,0.0,0.5525,0.2569,0.2569,0.2565,144,4905,-0.0054,85.94,85.48,85.01,85.08,2026-08-17,3,False
BEP,Utilities,Utilities - Renewable,RSI,RSI 加速上升,None,0.0,0.5525,0.2565,,0.2565,0,4905,0.0041,34.44,34.58,34.72,34.1,2026-08-17,3,False
BEPC,Utilities,Utilities - Renewable,RSI,RSI 加速上升,None,0.0,0.5525,0.2565,,0.2565,0,4905,0.0041,35.1,35.24,35.39,34.75,2026-08-17,3,False
EMA,Utilities,Utilities - Regulated Electric,RSI,RSI 加速上升,None,0.0,0.5525,0.2565,,0.2565,0,4905,0.0041,51.16,51.37,51.58,50.65,2026-08-17,3,False
FTS,Utilities,Utilities - Regulated Electric,RSI,RSI 加速上升,None,0.0,0.5525,0.2565,,0.2565,0,4905,0.0041,56.44,56.67,56.9,55.88,2026-08-17,3,False
PPLC,Utilities,Utilities - Regulated Electric,RSI,RSI 加速上升,None,0.0,0.5525,0.2565,,0.2565,0,4905,0.0041,47.51,47.7,47.9,47.03,2026-08-17,3,False
SOMN,Utilities,Utilities - Regulated Electric,RSI,RSI 加速上升,None,0.0,0.5525,0.2565,,0.2565,0,4905,0.0041,49.14,49.34,49.54,48.65,2026-08-17,3,False
TLN,Utilities,Utilities - Independent Power Producers,RSI,RSI 加速上升,None,0.0,0.5525,0.2565,,0.2565,0,4905,0.0041,362.74,364.23,365.71,359.11,2026-08-14,3,False
EDU,Consumer Staples,Education & Training Services,RSI,RSI 上穿 50 中性線,None,0.0,0.4675,0.2565,,0.2565,0,928,0.0005,53.2,53.23,53.25,52.67,2026-08-17,3,False
UL,Consumer Staples,Household & Personal Products,RSI,RSI 上穿 50 中性線,None,0.0,0.4675,0.2565,,0.2565,0,928,0.0005,62.68,62.71,62.74,62.05,2026-08-13,3,False
AMP,Financials,Asset Management,BB,價格在 BB 中軌上方,None,0.0,0.425,0.2564,0.2564,0.2847,273,21689,0.0017,561.63,562.58,563.54,556.01,2026-08-17,3,False
XOM,Energy,Oil & Gas Integrated,BB,BB 中軌向上（上升趨勢）,None,0.0,0.51,0.256,0.256,0.2962,207,4484,-0.0043,161.46,160.77,160.07,159.85,2026-08-17,3,False
APD,Materials,Specialty Chemicals,BB,BB 中軌向上（上升趨勢）,None,0.0,0.51,0.2556,0.2556,0.2853,180,5036,-0.0037,300.86,299.75,298.63,297.85,2026-08-17,3,False
HON,Industrials,Conglomerates,BB,BB 中軌向上（上升趨勢）,None,0.0,0.51,0.2552,0.2552,0.2929,192,17460,-0.0004,229.45,229.36,229.27,227.16,2026-08-17,3,False
DGX,Health Care,Diagnostics & Research,RSI,RSI 維持強勢 (50-70),None,0.0,0.51,0.2551,0.2551,0.2772,243,12123,0.0038,235.52,236.41,237.31,233.16,2026-08-17,3,False
CTSH,Information Technology,Information Technology Services,BB,價格在 BB 中軌上方,None,0.0,0.425,0.2536,0.2536,0.3573,209,20206,0.0011,56.61,56.67,56.73,56.04,2026-08-17,3,False
SCHW,Financials,Capital Markets,BB,BB 中軌向上（上升趨勢）,None,0.0,0.51,0.2521,0.2521,0.2681,238,16575,0.0016,110.58,110.76,110.93,109.47,2026-08-17,3,False
EW,Health Care,Medical Devices,RSI,RSI 加速上升,None,0.0,0.5525,0.252,0.252,0.2803,127,8492,0.002,92.56,92.75,92.93,91.63,2026-08-13,3,False
AGNC,Real Estate,REIT - Mortgage,RSI,RSI 維持強勢 (50-70),None,0.0,0.51,0.2509,,0.2509,0,7011,0.0007,10.95,10.96,10.97,10.84,2026-08-17,3,False
AGNCN,Real Estate,REIT - Mortgage,RSI,RSI 維持強勢 (50-70),None,0.0,0.51,0.2509,,0.2509,0,7011,0.0007,25.98,26.0,26.02,25.72,2026-08-14,3,False
AGNCO,Real Estate,REIT - Mortgage,RSI,RSI 維持強勢 (50-70),None,0.0,0.51,0.2509,,0.2509,0,7011,0.0007,25.68,25.7,25.72,25.42,2026-08-14,3,False
AGNCP,Real Estate,REIT - Mortgage,RSI,RSI 維持強勢 (50-70),None,0.0,0.51,0.2509,,0.2509,0,7011,0.0007,25.31,25.33,25.35,25.06,2026-08-14,3,False
AMH,Real Estate,REIT - Residential,RSI,RSI 維持強勢 (50-70),None,0.0,0.51,0.2509,,0.2509,0,7011,0.0007,33.63,33.65,33.68,33.29,2026-08-17,3,False
BPYPP,Real Estate,Real Estate Services,RSI,RSI 維持強勢 (50-70),None,0.0,0.51,0.2509,,0.2509,0,7011,0.0007,16.17,16.18,16.19,16.01,2026-08-14,3,False
LINE,Real Estate,REIT - Industrial,RSI,RSI 維持強勢 (50-70),None,0.0,0.51,0.2509,,0.2509,0,7011,0.0007,43.03,43.06,43.09,42.6,2026-08-13,3,False
NLY,Real Estate,REIT - Mortgage,RSI,RSI 維持強勢 (50-70),None,0.0,0.51,0.2509,,0.2509,0,7011,0.0007,23.37,23.39,23.4,23.14,2026-08-17,3,False
CCEP,Consumer Staples,Beverages - Non-Alcoholic,KDJ,KDJ 金叉,None,0.0,0.5525,0.2503,,0.2503,0,779,-0.0014,107.48,107.33,107.18,106.41,2026-08-13,3,False
CPB,Consumer Staples,Packaged Foods,KDJ,KDJ 金叉,None,0.0,0.5525,0.2503,,0.2503,0,779,-0.0014,23.28,23.25,23.21,23.05,2026-08-13,3,False
KR,Consumer Staples,Grocery Stores,KDJ,KDJ 金叉,None,0.0,0.5525,0.25,0.25,0.2503,28,779,-0.0005,56.84,56.81,56.78,56.27,2026-08-13,3,False
LVS,Consumer Discretionary,Resorts & Casinos,KDJ,KDJ 金叉,None,0.0,0.5525,0.25,0.25,0.3183,20,1244,-0.0033,46.23,46.08,45.92,45.77,2026-08-14,3,False
MA,Financials,Credit Services,RSI,RSI 維持強勢 (50-70),None,0.0,0.51,0.25,0.25,0.2842,288,19108,0.0014,562.26,563.05,563.83,556.64,2026-08-17,3,False
MRK,Health Care,Drug Manufacturers - General,RSI,RSI 動能加速（強勢區）,None,0.0,0.51,0.25,0.25,0.2606,36,1869,-0.0015,135.55,135.35,135.14,134.19,2026-08-13,3,False
DOV,Industrials,Specialty Industrial Machinery,BB,價格在 BB 中軌上方,None,0.0,0.425,0.2492,0.2492,0.295,297,22337,0.0015,207.07,207.38,207.69,205.0,2026-08-14,3,False
KEP,Utilities,Utilities - Regulated Electric,BB,BB 中軌向上（上升趨勢）,None,0.0,0.51,0.249,,0.249,0,7232,0.0028,11.81,11.84,11.88,11.69,2026-08-17,3,False
WTRG,Utilities,Utilities - Regulated Water,BB,BB 中軌向上（上升趨勢）,None,0.0,0.51,0.249,,0.249,0,7232,0.0028,39.8,39.91,40.02,39.4,2026-08-17,3,False
CL,Consumer Staples,Household & Personal Products,RSI,RSI 維持強勢 (50-70),None,0.0,0.51,0.2489,0.2489,0.2452,225,7574,0.0019,92.93,93.11,93.28,92.0,2026-08-13,3,False
AMT,Real Estate,REIT - Specialty,MACD,MACD 金叉 (多頭區),None,0.0,0.68,0.2486,,0.2486,0,173,0.0009,174.19,174.35,174.5,172.45,2026-08-13,3,False
FRT,Real Estate,REIT - Retail,RSI,RSI 加速上升,None,0.0,0.5525,0.2483,0.2483,0.2327,145,4401,-0.0002,118.02,118.0,117.97,116.84,2026-08-17,3,False
MKC,Consumer Staples,Packaged Foods,RSI,RSI 加速上升,None,0.0,0.5525,0.2471,0.2471,0.2439,170,5343,-0.0015,54.67,54.59,54.51,54.12,2026-08-14,3,False
NWS,Communication Services,Entertainment,RSI,RSI 維持強勢 (50-70),None,0.0,0.51,0.2471,0.2471,0.3082,259,5205,0.0029,32.68,32.77,32.87,32.35,2026-08-17,3,False
COKE,Consumer Staples,Beverages - Non-Alcoholic,BB,BB 中軌向上（上升趨勢）,None,0.0,0.51,0.2466,,0.2466,0,6128,-0.0003,186.21,186.15,186.1,184.35,2026-08-17,3,False
DEO,Consumer Staples,Beverages - Wineries & Distilleries,BB,BB 中軌向上（上升趨勢）,None,0.0,0.51,0.2466,,0.2466,0,6128,-0.0003,91.82,91.79,91.76,90.9,2026-08-17,3,False
MICC,Consumer Staples,Packaged Foods,BB,BB 中軌向上（上升趨勢）,None,0.0,0.51,0.2466,,0.2466,0,6128,-0.0003,19.01,19.0,19.0,18.82,2026-08-17,3,False
USFD,Consumer Staples,Food Distribution,BB,BB 中軌向上（上升趨勢）,None,0.0,0.51,0.2466,,0.2466,0,6128,-0.0003,108.61,108.58,108.54,107.52,2026-08-17,3,False
DRI,Consumer Discretionary,Restaurants,BB,BB 中軌向上（上升趨勢）,None,0.0,0.51,0.2459,0.2459,0.2908,183,9757,-0.0023,225.5,224.98,224.46,223.25,2026-08-17,3,False
AIZ,Financials,Insurance - Property & Casualty,RSI,RSI 維持強勢 (50-70),None,0.0,0.51,0.2447,0.2447,0.2842,282,19108,0.0016,281.11,281.56,282.01,278.3,2026-08-17,3,False
MET,Financials,Insurance - Life,BB,價格在 BB 中軌上方,None,0.0,0.425,0.2446,0.2446,0.2847,278,21689,0.0015,96.68,96.83,96.97,95.71,2026-08-17,3,False
TTWO,Communication Services,Electronic Gaming & Multimedia,RSI,RSI 維持強勢 (50-70),None,0.0,0.51,0.2443,0.2443,0.3082,262,5205,0.0005,246.95,247.07,247.2,244.48,2026-08-14,3,False
ABBV,Health Care,Drug Manufacturers - General,RSI,RSI 維持強勢 (50-70),None,0.0,0.51,0.2424,0.2424,0.2772,231,12123,0.0004,250.33,250.43,250.53,247.83,2026-08-17,3,False
ADSK,Information Technology,Software - Application,RSI,RSI 維持強勢 (50-70),None,0.0,0.51,0.2424,0.2424,0.3645,198,16764,-0.0043,241.64,240.6,239.56,239.22,2026-08-17,3,False
ZTS,Health Care,Drug Manufacturers - Specialty & Generic,BB,價格在 BB 中軌上方,None,0.0,0.425,0.2417,0.2417,0.2804,211,14417,-0.0048,75.84,75.48,75.11,75.08,2026-08-13,3,False
APTV,Consumer Discretionary,Auto Parts,KDJ,KDJ 金叉,None,0.0,0.5525,0.24,0.24,0.3183,25,1244,-0.0037,49.17,48.99,48.81,48.68,2026-08-13,3,False
CSGP,Real Estate,Real Estate Services,RSI,RSI 動能加速（強勢區）,None,0.0,0.51,0.24,0.24,0.2452,25,1093,-0.0041,33.05,32.91,32.78,32.72,2026-08-13,3,False
LH,Health Care,Diagnostics & Research,BB,價格在 BB 中軌上方,None,0.0,0.425,0.2387,0.2387,0.2804,222,14417,0.0,323.34,323.34,323.34,320.11,2026-08-17,3,False
VMC,Materials,Building Materials,BB,價格在 BB 中軌上方,None,0.0,0.425,0.2379,0.2379,0.2859,269,6697,0.0047,282.0,283.33,284.65,279.18,2026-08-14,3,False
V,Financials,Credit Services,BB,價格在 BB 中軌上方,None,0.0,0.425,0.2378,0.2378,0.2847,307,21689,0.001,364.15,364.51,364.88,360.51,2026-08-14,3,False
MCK,Health Care,Medical Distribution,BB,BB 中軌向上（上升趨勢）,None,0.0,0.51,0.2377,0.2377,0.2705,265,10885,0.0036,859.92,863.02,866.11,851.32,2026-08-17,3,False
FDS,Financials,Financial Data & Stock Exchanges,BB,價格在 BB 中軌上方,None,0.0,0.425,0.2375,0.2375,0.2847,240,21689,-0.0048,276.76,275.43,274.1,273.99,2026-08-17,3,False
OHI,Real Estate,REIT - Healthcare Facilities,KDJ,KDJ 超賣區金叉,None,0.0,0.5599999999999999,0.2366,,0.2366,0,448,-0.0002,46.53,46.52,46.51,46.06,2026-08-14,3,False
ITW,Industrials,Specialty Industrial Machinery,BB,價格在 BB 中軌上方,None,0.0,0.425,0.2362,0.2362,0.295,271,22337,0.0019,290.81,291.36,291.92,287.9,2026-08-14,3,False
PTC,Information Technology,Software - Application,BB,BB 中軌向上（上升趨勢）,None,0.0,0.51,0.2353,0.2353,0.3639,153,16781,-0.001,145.98,145.83,145.69,144.52,2026-08-17,3,False
ABT,Health Care,Medical Devices,BB,價格在 BB 中軌上方,None,0.0,0.425,0.2353,0.2353,0.2804,221,14417,-0.0011,110.37,110.25,110.13,109.27,2026-08-17,3,False
WEC,Utilities,Utilities - Regulated Electric,BB,價格在 BB 中軌上方,None,0.0,0.425,0.2348,0.2348,0.246,264,9864,0.0012,110.49,110.62,110.76,109.39,2026-08-17,3,False
KO,Consumer Staples,Beverages - Non-Alcoholic,BB,BB 中軌向上（上升趨勢）,None,0.0,0.51,0.2346,0.2346,0.2466,179,6128,0.0053,86.98,87.44,87.9,86.11,2026-08-17,3,False
AMX,Communication Services,Telecom Services,KDJ,KDJ 超賣區金叉,None,0.0,0.5599999999999999,0.2339,,0.2339,0,171,-0.0015,23.45,23.41,23.38,23.22,2026-08-14,3,False
VALE,Materials,Other Industrial Metals & Mining,BB,BB 跌破下軌 (超賣),None,0.0,0.45499999999999996,0.2333,,0.2333,0,403,0.0008,13.63,13.64,13.65,13.49,2026-08-14,3,False
GEHC,Health Care,Medical Devices,BB,價格在 BB 中軌上方,None,0.0,0.425,0.233,0.233,0.2804,206,14417,-0.0058,72.37,71.95,71.53,71.65,2026-08-17,3,False
EGP,Real Estate,REIT - Industrial,RSI,RSI 加速上升,None,0.0,0.5525,0.2327,,0.2327,0,4401,-0.0006,203.55,203.43,203.31,201.51,2026-08-17,3,False
TRV,Financials,Insurance - Property & Casualty,RSI,RSI 維持強勢 (50-70),None,0.0,0.51,0.2326,0.2326,0.2842,288,19108,0.0007,370.36,370.62,370.88,366.66,2026-08-14,3,False
AWK,Utilities,Utilities - Regulated Water,RSI,RSI 維持強勢 (50-70),None,0.0,0.51,0.2312,0.2312,0.2471,199,8831,0.0008,134.35,134.46,134.56,133.01,2026-08-17,3,False
AME,Industrials,Specialty Industrial Machinery,BB,BB 中軌向上（上升趨勢）,None,0.0,0.51,0.2308,0.2308,0.2929,234,17460,0.0045,254.17,255.31,256.46,251.63,2026-08-17,3,False
LNT,Utilities,Utilities - Regulated Electric,MACD,MACD 金叉 (空頭區),None,0.0,0.42,0.2308,0.2308,0.2494,13,409,0.0054,70.35,70.73,71.11,69.65,2026-08-17,3,False
VLTO,Industrials,Pollution & Treatment Controls,BB,價格在 BB 中軌上方,None,0.0,0.425,0.2292,0.2292,0.295,253,22337,0.0002,96.75,96.77,96.79,95.78,2026-08-17,3,False
ROP,Information Technology,Software - Application,RSI,RSI 維持強勢 (50-70),Support,0.9,1.0,0.2281,,0.2281,0,57,-0.0136,397.5,392.09,386.69,393.52,2026-08-13,3,False
DHR,Health Care,Diagnostics & Research,BB,價格在 BB 中軌上方,None,0.0,0.425,0.2267,0.2267,0.2804,247,14417,-0.002,202.63,202.22,201.82,200.6,2026-08-17,3,False
HD,Consumer Discretionary,Home Improvement Retail,BB,價格在 BB 中軌上方,None,0.0,0.425,0.2266,0.2266,0.2984,256,12430,0.0015,341.7,342.21,342.73,338.28,2026-08-13,3,False
SBAC,Real Estate,REIT - Specialty,RSI,RSI 維持強勢 (50-70),None,0.0,0.51,0.2256,0.2256,0.2509,133,7011,-0.0044,185.2,184.39,183.57,183.35,2026-08-14,3,False
FAST,Industrials,Industrial Distribution,RSI,RSI 維持強勢 (50-70),None,0.0,0.51,0.2249,0.2249,0.2986,249,19157,0.0002,51.23,51.24,51.25,50.72,2026-08-17,3,False
CLX,Consumer Staples,Household & Personal Products,BB,價格在 BB 中軌上方,None,0.0,0.425,0.2245,0.2245,0.2432,196,8891,-0.0034,105.94,105.58,105.22,104.88,2026-08-17,3,False
ORLY,Consumer Discretionary,Auto Parts,BB,價格在 BB 中軌上方,None,0.0,0.425,0.2237,0.2237,0.2984,304,12430,-0.0004,91.05,91.01,90.98,90.14,2026-08-14,3,False
CTAS,Industrials,Specialty Business Services,RSI,RSI 維持強勢 (50-70),None,0.0,0.51,0.2236,0.2236,0.2986,322,19157,0.0044,199.52,200.4,201.28,197.52,2026-08-14,3,False
STE,Health Care,Medical Devices,BB,價格在 BB 中軌上方,None,0.0,0.425,0.2235,0.2235,0.2804,170,14417,0.0018,229.75,230.16,230.58,227.45,2026-08-17,3,False
EA,Communication Services,Electronic Gaming & Multimedia,BB,價格在 BB 中軌上方,None,0.0,0.425,0.2231,0.2231,0.3007,242,6080,0.0014,209.7,209.99,210.29,207.6,2026-08-07,3,False
AIG,Financials,Insurance - Diversified,BB,BB 跌破下軌 (超賣),None,0.0,0.45499999999999996,0.2222,0.2222,0.3485,18,1277,-0.0022,76.03,75.86,75.7,75.27,2026-08-13,3,False
PEG,Utilities,Utilities - Regulated Electric,MACD,MACD 金叉 (空頭區),None,0.0,0.42,0.2222,0.2222,0.2494,18,409,0.0016,75.61,75.73,75.85,74.85,2026-08-17,3,False
TXT,Industrials,Aerospace & Defense,MACD,MACD 金叉 (空頭區),None,0.0,0.42,0.2222,0.2222,0.3303,18,875,0.0021,89.0,89.19,89.37,88.11,2026-08-14,3,False
XYL,Industrials,Specialty Industrial Machinery,BB,價格在 BB 中軌上方,None,0.0,0.425,0.2203,0.2203,0.295,295,22337,0.0025,120.32,120.62,120.92,119.12,2026-08-13,3,False
WY,Real Estate,REIT - Specialty,BB,BB 中軌向上（上升趨勢）,None,0.0,0.51,0.22,0.22,0.2647,150,5713,0.0028,24.08,24.15,24.21,23.84,2026-08-17,3,False
KIM,Real Estate,REIT - Retail,RSI,RSI 加速上升,None,0.0,0.5525,0.2195,0.2195,0.2327,123,4401,-0.0021,24.36,24.31,24.26,24.12,2026-08-17,3,False
TJX,Consumer Discretionary,Apparel Retail,BB,BB 中軌向上（上升趨勢）,None,0.0,0.51,0.2193,0.2193,0.2908,269,9757,0.0038,153.81,154.39,154.98,152.27,2026-08-13,3,False
OTIS,Industrials,Specialty Industrial Machinery,BB,價格在 BB 中軌上方,None,0.0,0.425,0.2182,0.2182,0.295,275,22337,-0.0016,72.63,72.51,72.4,71.9,2026-08-14,3,False
PFE,Health Care,Drug Manufacturers - General,RSI,RSI 維持強勢 (50-70),None,0.0,0.51,0.2174,0.2174,0.2772,184,12123,-0.0036,26.87,26.77,26.68,26.6,2026-08-17,3,False
NDSN,Industrials,Specialty Industrial Machinery,BB,價格在 BB 中軌上方,None,0.0,0.425,0.2164,0.2164,0.295,268,22337,-0.0002,309.83,309.77,309.71,306.73,2026-08-17,3,False
ZBH,Health Care,Medical Devices,RSI,RSI 維持強勢 (50-70),None,0.0,0.51,0.2156,0.2156,0.2772,167,12123,-0.0047,98.2,97.74,97.28,97.22,2026-08-17,3,False
ACN,Information Technology,Information Technology Services,RSI,RSI 維持強勢 (50-70),None,0.0,0.51,0.2123,0.2123,0.3645,179,16764,-0.0055,169.98,169.05,168.11,168.28,2026-08-17,3,False
DPZ,Consumer Discretionary,Restaurants,RSI,RSI 維持強勢 (50-70),None,0.0,0.51,0.2114,0.2114,0.2995,175,10441,-0.0007,346.27,346.03,345.79,342.81,2026-08-14,3,False
TAP,Consumer Staples,Beverages - Brewers,RSI,RSI 動能加速（強勢區）,None,0.0,0.51,0.2105,0.2105,0.2456,19,1148,-0.0131,42.77,42.21,41.65,42.34,2026-08-14,3,False
PPL,Utilities,Utilities - Regulated Electric,RSI,RSI 加速上升,None,0.0,0.5525,0.2101,0.2101,0.2565,138,4905,0.0052,35.95,36.14,36.32,35.59,2026-08-17,3,False
BTI,Consumer Staples,Tobacco,KDJ,KDJ 超賣區金叉,None,0.0,0.5599999999999999,0.2091,,0.2091,0,483,-0.002,57.35,57.24,57.12,56.78,2026-08-13,3,False
CNP,Utilities,Utilities - Regulated Electric,RSI,RSI 加速上升,None,0.0,0.5525,0.2086,0.2086,0.2565,139,4905,0.0045,40.63,40.81,41.0,40.22,2026-08-17,3,False
WST,Health Care,Medical Instruments & Supplies,BB,BB 中軌向上（上升趨勢）,None,0.0,0.51,0.2086,0.2086,0.2705,187,10885,-0.0036,346.16,344.91,343.67,342.7,2026-08-13,3,False
ALL,Financials,Insurance - Property & Casualty,RSI,RSI 維持強勢 (50-70),None,0.0,0.51,0.208,0.208,0.2842,226,19108,-0.0006,258.1,257.95,257.79,255.52,2026-08-17,3,False
RSG,Industrials,Waste Management,RSI,RSI 維持強勢 (50-70),None,0.0,0.51,0.2077,0.2077,0.2986,260,19157,0.0022,215.26,215.73,216.21,213.11,2026-08-17,3,False
AON,Financials,Insurance Brokers,KDJ,KDJ 金叉,None,0.0,0.5525,0.2069,0.2069,0.3142,29,1932,0.003,357.08,358.15,359.22,353.51,2026-08-13,3,False
GIS,Consumer Staples,Packaged Foods,BB,BB 中軌向上（上升趨勢）,None,0.0,0.51,0.2043,0.2043,0.2466,93,6128,-0.0045,37.98,37.81,37.64,37.6,2026-08-17,3,False
MCD,Consumer Discretionary,Restaurants,RSI,RSI 維持強勢 (50-70),None,0.0,0.51,0.2026,0.2026,0.2995,227,10441,0.0035,272.83,273.78,274.74,270.1,2026-08-14,3,False
CHRW,Industrials,Integrated Freight & Logistics,RSI,RSI 加速上升,None,0.0,0.5525,0.2025,0.2025,0.2981,158,11545,-0.004,149.35,148.75,148.16,147.86,2026-08-13,3,False
LYB,Materials,Specialty Chemicals,BB,BB 中軌向上（上升趨勢）,None,0.0,0.51,0.2011,0.2011,0.2853,179,5036,-0.0074,64.73,64.25,63.77,64.08,2026-08-17,3,False
TYL,Information Technology,Software - Application,RSI,RSI 加速上升,None,0.0,0.5525,0.2,0.2,0.3693,115,10688,-0.0028,328.64,327.72,326.8,325.35,2026-08-14,3,False
VRSK,Industrials,Consulting Services,KDJ,KDJ 金叉,None,0.0,0.5525,0.2,0.2,0.3223,25,2110,-0.01,185.94,184.08,182.22,184.08,2026-08-13,3,False
NKE,Consumer Discretionary,Footwear & Accessories,BB,BB 跌破下軌 (超賣),None,0.0,0.45499999999999996,0.2,0.2,0.3556,5,239,-0.013,39.09,38.58,38.07,38.7,2026-08-17,3,True
GPC,Consumer Discretionary,Auto Parts,BB,價格在 BB 中軌上方,None,0.0,0.425,0.2,0.2,0.2984,245,12430,-0.0088,132.52,131.35,130.19,131.19,2026-08-17,3,False
KMB,Consumer Staples,Household & Personal Products,RSI,RSI 維持強勢 (50-70),None,0.0,0.51,0.1981,0.1981,0.2452,212,7574,-0.0029,110.39,110.07,109.75,109.29,2026-08-14,3,False
NVR,Consumer Discretionary,Residential Construction,RSI,RSI 維持強勢 (50-70),None,0.0,0.51,0.198,0.198,0.2995,202,10441,-0.0034,6375.0,6353.32,6331.65,6311.25,2026-08-13,3,False
SO,Utilities,Utilities - Regulated Electric,RSI,RSI 加速上升,None,0.0,0.5525,0.1957,0.1957,0.2565,138,4905,0.0005,92.29,92.34,92.38,91.37,2026-08-17,3,False
SBUX,Consumer Discretionary,Restaurants,BB,價格在 BB 中軌上方,None,0.0,0.425,0.1957,0.1957,0.2984,235,12430,-0.0009,107.92,107.82,107.73,106.84,2026-08-17,3,False
CMS,Utilities,Utilities - Regulated Electric,RSI,RSI 加速上升,None,0.0,0.5525,0.1955,0.1955,0.2565,133,4905,0.0025,71.4,71.58,71.76,70.69,2026-08-17,3,False
BDX,Health Care,Medical Instruments & Supplies,BB,BB 中軌向上（上升趨勢）,None,0.0,0.51,0.1948,0.1948,0.2705,154,10885,-0.0017,182.09,181.78,181.47,180.27,2026-08-17,3,False
VICI,Real Estate,REIT - Diversified,KDJ,KDJ 金叉,None,0.0,0.5525,0.1818,0.1818,0.2818,11,550,-0.0048,26.34,26.21,26.09,26.08,2026-08-13,3,False
FE,Utilities,Utilities - Regulated Electric,RSI,RSI 加速上升,None,0.0,0.5525,0.1812,0.1812,0.2565,149,4905,0.0031,47.42,47.57,47.71,46.95,2026-08-17,3,False
GD,Industrials,Aerospace & Defense,RSI,RSI 維持強勢 (50-70),None,0.0,0.51,0.1812,0.1812,0.2986,320,19157,0.0031,391.14,392.35,393.57,387.23,2026-08-17,3,False
YUM,Consumer Discretionary,Restaurants,BB,價格在 BB 中軌上方,None,0.0,0.425,0.1789,0.1789,0.2984,218,12430,-0.0015,150.85,150.62,150.4,149.34,2026-08-13,3,False
INVH,Real Estate,REIT - Residential,RSI,RSI 維持強勢 (50-70),None,0.0,0.51,0.1699,0.1699,0.2509,206,7011,-0.0046,30.29,30.15,30.01,29.99,2026-08-14,3,False
DUK,Utilities,Utilities - Regulated Electric,RSI,RSI 加速上升,None,0.0,0.5525,0.1689,0.1689,0.2565,148,4905,0.001,123.58,123.7,123.83,122.34,2026-08-17,3,False
SYK,Health Care,Medical Devices,BB,價格在 BB 中軌上方,None,0.0,0.425,0.1679,0.1679,0.2804,280,14417,-0.0052,339.21,337.45,335.68,335.82,2026-08-14,3,False
O,Real Estate,REIT - Retail,RSI,RSI 加速上升,None,0.0,0.5525,0.1646,0.1646,0.2327,164,4401,0.0002,62.4,62.41,62.42,61.78,2026-08-17,3,False
WTW,Financials,Insurance Brokers,BB,價格在 BB 中軌上方,None,0.0,0.425,0.1646,0.1646,0.2847,316,21689,-0.0024,326.06,325.28,324.49,322.8,2026-08-17,3,False
CHD,Consumer Staples,Household & Personal Products,BB,價格在 BB 中軌上方,None,0.0,0.425,0.1591,0.1591,0.2432,264,8891,-0.0028,101.3,101.02,100.73,100.29,2026-08-14,3,False
MRSH,Financials,Insurance Brokers,BB,價格在 BB 中軌上方,None,0.0,0.425,0.1582,0.1582,0.2847,297,21689,-0.0029,187.82,187.28,186.73,185.94,2026-08-14,3,False
ED,Utilities,Utilities - Regulated Electric,RSI,RSI 加速上升,None,0.0,0.5525,0.1522,0.1522,0.2565,138,4905,0.0033,108.99,109.35,109.71,107.9,2026-08-17,3,False
MOS,Materials,Agricultural Inputs,BB,BB 跌破下軌 (超賣),None,0.0,0.45499999999999996,0.1111,0.1111,0.2333,9,403,-0.0001,21.23,21.23,21.23,21.02,2026-08-17,3,False
D,Utilities,Utilities - Regulated Electric,RSI,RSI 加速上升,None,0.0,0.5525,0.1053,0.1053,0.2565,114,4905,-0.0054,68.77,68.4,68.03,68.08,2026-08-17,3,False
MO,Consumer Staples,Tobacco,KDJ,KDJ 超賣區金叉,None,0.0,0.5599999999999999,0.0526,0.0526,0.2091,19,483,-0.007,65.7,65.24,64.78,65.04,2026-08-14,3,False
