symbol,sector,subsector,indicator,signal,pattern,pattern_conf,confidence,win_rate,win_rate_stock,win_rate_sector,stock_n,sector_n,avg_return,price,tp1_price,tp2_price,sl_price,date,tier,volume_confirmed
DKS,Consumer Discretionary,Specialty Retail,BB,BB 跌破下軌 (超賣),Support,0.9,1.0,1.0,,1.0,0,6,0.0857,129.66,140.77,151.88,128.36,2026-08-26,1,True
CIEN,Information Technology,Communication Equipment,BB,BB 中軌向上（上升趨勢）,Morning Star,0.8,1.0,0.6842,0.6842,0.4841,19,471,0.0597,404.03,428.15,452.27,399.99,2026-08-26,1,False
P,Information Technology,Computer Hardware,RSI,RSI 維持強勢 (50-70),Morning Star,0.8,1.0,0.6111,,0.6111,0,18,0.0331,108.9,112.5,116.11,107.81,2026-08-26,1,True
BKR,Energy,Oil & Gas Equipment & Services,BB,BB 中軌向上（上升趨勢）,Morning Star,0.8,1.0,0.5571,,0.5571,0,70,0.0272,62.11,63.8,65.49,61.49,2026-08-27,1,False
VEEV,Health Care,Health Information Services,BB,BB 中軌向上（上升趨勢）,None,0.0,0.51,0.75,0.75,0.3402,12,579,0.0243,276.69,283.41,290.14,273.92,2026-08-28,2,True
SCHW,Financials,Capital Markets,RSI,RSI 動能加速（強勢區）,None,0.0,0.51,0.625,0.625,0.3211,8,246,0.0262,110.16,113.05,115.93,109.06,2026-08-28,2,True
WSM,Consumer Discretionary,Specialty Retail,RSI,RSI 維持強勢 (50-70),None,0.0,0.51,0.625,0.625,0.3861,8,360,0.105,237.43,262.36,287.29,235.06,2026-08-26,2,True
CRWD,Information Technology,Software - Infrastructure,BB,BB 中軌向上（上升趨勢）,None,0.0,0.51,0.6087,0.6087,0.4238,23,1083,0.0567,218.4,230.78,243.17,216.22,2026-08-28,2,True
DLTR,Consumer Staples,Discount Stores,RSI,RSI 維持強勢 (50-70),None,0.0,0.51,0.5556,0.5556,0.3092,9,262,0.0205,132.18,134.89,137.6,130.86,2026-08-26,2,True
SNPS,Information Technology,Software - Infrastructure,BB,BB 中軌向上（上升趨勢）,None,0.0,0.51,0.5455,0.5455,0.4238,11,1083,0.0246,464.89,476.33,487.76,460.24,2026-08-27,2,True
HPQ,Information Technology,Computer Hardware,RSI,RSI 維持強勢 (50-70),None,0.0,0.51,0.5,0.5,0.4471,6,747,0.005,30.52,30.67,30.83,30.21,2026-08-26,2,True
SOLS,Materials,Specialty Chemicals,MACD,MACD 金叉 (空頭區),None,0.0,0.42,0.5,,0.5,0,8,0.0266,63.53,65.22,66.91,62.89,2026-08-28,2,True
NOW,Information Technology,Software - Application,KDJ,KDJ 金叉,None,0.0,0.5525,0.4606,,0.4606,0,165,0.01,138.43,139.81,141.2,137.05,2026-08-27,2,True
NVDA,Information Technology,Semiconductors,KDJ,KDJ 金叉,None,0.0,0.5525,0.4606,,0.4606,0,165,0.01,227.98,230.26,232.54,225.7,2026-08-27,2,True
OKTA,Information Technology,Software - Infrastructure,KDJ,KDJ 金叉,None,0.0,0.5525,0.4606,,0.4606,0,165,0.01,172.91,174.64,176.37,171.18,2026-08-27,2,True
RBRK,Information Technology,Software - Infrastructure,KDJ,KDJ 金叉,None,0.0,0.5525,0.4606,,0.4606,0,165,0.01,107.02,108.09,109.16,105.95,2026-08-27,2,True
ULTA,Consumer Discretionary,Specialty Retail,MACD,MACD 金叉 (多頭區),None,0.0,0.68,0.4524,,0.4524,0,42,0.0084,540.1,544.64,549.17,534.7,2026-08-27,2,True
ADSK,Information Technology,Software - Application,MACD,MACD 金叉 (多頭區),None,0.0,0.68,0.45,,0.45,0,100,0.0204,270.58,276.1,281.62,267.87,2026-08-27,2,True
ENB,Energy,Oil & Gas Midstream,KDJ,KDJ 金叉,Support,0.9,1.0,0.8,,,0,0,0.0149,50.37,51.12,51.87,49.87,2026-08-26,3,False
ZBH,Health Care,Medical Devices,KDJ,KDJ 金叉,Support,0.9,1.0,0.8,,,0,0,0.0149,101.38,102.89,104.4,100.37,2026-08-26,3,False
MLM,Materials,Building Materials,MACD,MACD 金叉 (空頭區),None,0.0,0.42,0.7778,0.7778,0.3816,9,304,0.0288,532.18,547.51,562.83,526.86,2026-08-26,3,False
MMM,Industrials,Conglomerates,BB,BB 跌破下軌 (超賣),None,0.0,0.45499999999999996,0.75,0.75,0.2838,8,1258,0.0414,174.34,181.56,188.78,172.6,2026-08-28,3,False
PLTR,Information Technology,Software - Infrastructure,MACD,MACD 金叉 (多頭區),None,0.0,0.68,0.6667,0.6667,0.3651,6,504,0.0276,185.93,191.06,196.19,184.07,2026-08-27,3,False
TT,Industrials,Building Products & Equipment,KDJ,KDJ 金叉,None,0.0,0.5525,0.6667,0.6667,0.3223,15,2110,0.0317,463.4,478.09,492.78,458.77,2026-08-26,3,False
SNDK,Information Technology,Computer Hardware,BB,價格在 BB 中軌上方,None,0.0,0.425,0.6578,0.6578,0.3573,187,20206,0.0925,1484.98,1622.34,1759.7,1470.13,2026-08-28,3,False
CINF,Financials,Insurance - Property & Casualty,MACD,MACD 金叉 (空頭區),None,0.0,0.42,0.6364,0.6364,0.3214,11,865,0.0123,172.52,174.64,176.76,170.79,2026-08-27,3,False
META,Communication Services,Internet Content & Information,MACD,MACD 金叉 (空頭區),None,0.0,0.42,0.6364,0.6364,0.3254,11,252,0.0265,576.14,591.41,606.68,570.38,2026-08-26,3,False
TXN,Information Technology,Semiconductors,KDJ,KDJ 金叉,None,0.0,0.5525,0.6154,0.6154,0.3918,13,1955,0.0201,266.54,271.9,277.25,263.87,2026-08-27,3,False
FTNT,Information Technology,Software - Infrastructure,MACD,MACD 突破 0 軸,None,0.0,0.595,0.6,0.6,0.4064,5,529,0.0203,172.78,176.29,179.79,171.05,2026-08-27,3,False
APH,Information Technology,Electronic Components,KDJ,KDJ 金叉,None,0.0,0.5525,0.6,0.6,0.3918,30,1955,0.0138,161.34,163.57,165.79,159.73,2026-08-26,3,False
WDC,Information Technology,Computer Hardware,KDJ,KDJ 金叉,None,0.0,0.5525,0.5897,0.5897,0.3918,39,1955,0.0333,459.45,474.75,490.05,454.86,2026-08-28,3,False
NEE,Utilities,Utilities - Regulated Electric,BB,BB 跌破下軌 (超賣),None,0.0,0.45499999999999996,0.5789,0.5789,0.4104,19,441,0.0186,81.84,83.36,84.88,81.02,2026-08-28,3,False
INTC,Information Technology,Semiconductors,KDJ,KDJ 金叉,None,0.0,0.5525,0.5769,0.5769,0.3918,26,1955,0.0365,89.47,92.74,96.0,88.58,2026-08-28,3,False
CEG,Utilities,Utilities - Independent Power Producers,MACD,MACD 金叉 (多頭區),None,0.0,0.68,0.5714,0.5714,0.1867,7,225,0.0055,279.52,281.06,282.59,276.72,2026-08-26,3,False
CARR,Industrials,Building Products & Equipment,KDJ,KDJ 超賣區金叉,None,0.0,0.5599999999999999,0.5714,0.5714,0.2433,7,563,0.02,58.79,59.97,61.14,58.2,2026-08-28,3,False
COHR,Information Technology,Scientific & Technical Instruments,KDJ,KDJ 金叉,None,0.0,0.5525,0.5714,0.5714,0.3918,35,1955,0.0292,294.37,302.97,311.56,291.43,2026-08-26,3,False
FIX,Industrials,Engineering & Construction,BB,BB 跌破下軌 (超賣),None,0.0,0.45499999999999996,0.5714,0.5714,0.2838,7,1258,0.0313,1518.73,1566.27,1613.8,1503.54,2026-08-28,3,False
LITE,Information Technology,Communication Equipment,KDJ,KDJ 金叉,None,0.0,0.5525,0.5667,0.5667,0.3918,30,1955,0.0323,939.03,969.36,999.69,929.64,2026-08-26,3,False
FICO,Information Technology,Software - Application,KDJ,KDJ 金叉,None,0.0,0.5525,0.5625,0.5625,0.3918,32,1955,0.0213,1157.0601,1181.71,1206.35,1145.49,2026-08-27,3,False
PANW,Information Technology,Software - Infrastructure,KDJ,KDJ 金叉,None,0.0,0.5525,0.56,0.56,0.3918,25,1955,0.0213,382.85,391.0,399.16,379.02,2026-08-27,3,False
DDOG,Information Technology,Software - Application,KDJ,KDJ 金叉,None,0.0,0.5525,0.5556,0.5556,0.3918,27,1955,0.0258,242.93,249.2,255.47,240.5,2026-08-27,3,False
FFIV,Information Technology,Software - Infrastructure,RSI,RSI 維持強勢 (50-70),Morning Star,0.8,1.0,0.5455,0.5455,0.4207,11,454,0.0214,399.59,408.14,416.69,395.59,2026-08-26,3,False
NKE,Consumer Discretionary,Footwear & Accessories,BB,BB 跌破下軌 (超賣),Morning Star,0.8,1.0,0.5435,,0.5435,0,46,0.0257,38.59,39.58,40.57,38.2,2026-08-26,3,False
VRT,Industrials,Electrical Equipment & Parts,BB,BB 中軌向上（上升趨勢）,None,0.0,0.51,0.5435,0.5435,0.2929,414,17460,0.0239,257.08,263.22,269.37,254.51,2026-08-28,3,False
TER,Information Technology,Semiconductor Equipment & Materials,BB,BB 中軌向上（上升趨勢）,None,0.0,0.51,0.5277,0.5277,0.3639,307,16781,0.0256,354.97,364.06,373.14,351.42,2026-08-28,3,False
DELL,Information Technology,Computer Hardware,KDJ,KDJ 金叉,None,0.0,0.5525,0.5263,0.5263,0.3918,38,1955,0.0391,472.26,490.73,509.19,467.54,2026-08-27,3,False
HPE,Information Technology,Communication Equipment,KDJ,KDJ 金叉,None,0.0,0.5525,0.5263,0.5263,0.3918,19,1955,0.0231,54.41,55.67,56.92,53.87,2026-08-27,3,False
FCX,Materials,Copper,RSI,RSI 加速上升,None,0.0,0.5525,0.5217,0.5217,0.3048,138,3639,0.0144,78.42,79.55,80.68,77.64,2026-08-27,3,False
HOOD,Financials,Capital Markets,BB,BB 中軌向上（上升趨勢）,None,0.0,0.51,0.5123,0.5123,0.2681,324,16575,0.0235,104.26,106.71,109.16,103.22,2026-08-28,3,False
STX,Information Technology,Computer Hardware,BB,BB 中軌向上（上升趨勢）,None,0.0,0.51,0.5086,0.5086,0.3639,348,16781,0.0248,829.76,850.34,870.92,821.46,2026-08-28,3,False
EG,Financials,Insurance - Reinsurance,RSI,RSI 加速上升,Support,0.7,1.0,0.5,,0.5,0,6,0.002,379.78,380.54,381.3,375.98,2026-08-26,3,False
RVMD,Health Care,Biotechnology,MACD,MACD 金叉 (多頭區),Support,0.9,1.0,0.5,,,0,0,0.02,215.44,219.75,224.06,213.29,2026-08-26,3,True
ANET,Information Technology,Computer Hardware,KDJ,KDJ 金叉,None,0.0,0.5525,0.5,0.5,0.3918,24,1955,0.0201,202.25,206.32,210.38,200.23,2026-08-26,3,False
SOLV,Health Care,Medical Instruments & Supplies,RSI,RSI 加速上升,None,0.0,0.5525,0.5,0.5,0.2803,74,8492,0.0161,91.53,93.0,94.48,90.61,2026-08-26,3,False
CVNA,Consumer Discretionary,Auto & Truck Dealerships,RSI,RSI 維持強勢 (50-70),None,0.0,0.51,0.5,0.5,0.2995,304,10441,0.0413,74.04,77.1,80.16,73.3,2026-08-28,3,False
DLR,Real Estate,REIT - Specialty,BB,BB 跌破下軌 (超賣),None,0.0,0.45499999999999996,0.5,0.5,0.25,18,564,0.0196,185.47,189.11,192.74,183.62,2026-08-28,3,False
WYNN,Consumer Discretionary,Resorts & Casinos,BB,BB 跌破下軌 (超賣),None,0.0,0.45499999999999996,0.5,0.5,0.2974,14,733,0.0191,93.61,95.4,97.19,92.67,2026-08-27,3,False
LII,Industrials,Building Products & Equipment,MACD,MACD 金叉 (空頭區),None,0.0,0.42,0.5,0.5,0.3303,14,875,0.0115,393.72,398.25,402.78,389.78,2026-08-26,3,False
NTAP,Information Technology,Software - Infrastructure,BB,BB 中軌向上（上升趨勢）,Morning Star,0.8,1.0,0.4841,,0.4841,0,471,0.0267,193.85,199.03,204.2,191.91,2026-08-26,3,False
FANG,Energy,Oil & Gas E&P,RSI,RSI 上穿 50 中性線,None,0.0,0.4675,0.4828,0.4828,0.361,29,579,0.0161,200.52,203.75,206.98,198.51,2026-08-27,3,False
WFC,Financials,Banks - Diversified,KDJ,KDJ 金叉,None,0.0,0.5525,0.4783,0.4783,0.3142,23,1932,0.0141,86.69,87.91,89.13,85.82,2026-08-28,3,False
SYF,Financials,Credit Services,RSI,RSI 加速上升,None,0.0,0.5525,0.4749,0.4749,0.3014,179,11488,0.0133,79.93,80.99,82.06,79.13,2026-08-27,3,False
WST,Health Care,Medical Instruments & Supplies,BB,BB 跌破下軌 (超賣),None,0.0,0.45499999999999996,0.4667,0.4667,0.2752,15,974,0.0443,337.47,352.42,367.37,334.1,2026-08-28,3,False
AMZN,Consumer Discretionary,Internet Retail,KDJ,KDJ 金叉,None,0.0,0.5525,0.4615,0.4615,0.3183,26,1244,0.0099,266.43,269.07,271.71,263.77,2026-08-28,3,False
AAPL,Information Technology,Consumer Electronics,RSI,RSI 上穿 50 中性線,None,0.0,0.4675,0.4615,0.4615,0.3785,26,1593,0.0084,313.45,316.08,318.72,310.32,2026-08-26,3,False
CI,Health Care,Healthcare Plans,RSI,RSI 上穿 50 中性線,None,0.0,0.4675,0.4615,0.4615,0.3144,13,1323,0.017,280.87,285.64,290.42,278.06,2026-08-26,3,False
D,Utilities,Utilities - Regulated Electric,BB,BB 跌破下軌 (超賣),None,0.0,0.45499999999999996,0.4615,0.4615,0.4104,13,441,0.031,65.55,67.58,69.61,64.89,2026-08-28,3,False
COIN,Financials,Financial Data & Stock Exchanges,RSI,RSI 加速上升,None,0.0,0.5525,0.4551,0.4551,0.3014,178,11488,0.0117,181.78,183.91,186.03,179.96,2026-08-26,3,False
MPLX,Energy,Oil & Gas Midstream,RSI,RSI 動能加速（強勢區）,Bullish Engulfing,0.75,1.0,0.4545,,0.4545,0,11,0.0222,59.32,60.64,61.95,58.73,2026-08-26,3,False
VLO,Energy,Oil & Gas Refining & Marketing,RSI,RSI 動能加速（強勢區）,Bullish Engulfing,0.75,1.0,0.4545,,0.4545,0,11,0.0222,348.03,355.76,363.48,344.55,2026-08-26,3,False
BAX,Health Care,Medical Instruments & Supplies,KDJ,KDJ 金叉,None,0.0,0.5525,0.4545,0.4545,0.2852,22,1536,0.0099,26.13,26.39,26.65,25.87,2026-08-28,3,False
DPZ,Consumer Discretionary,Restaurants,RSI,RSI 上穿 50 中性線,None,0.0,0.4675,0.4545,0.4545,0.3072,11,1123,0.0179,350.0,356.26,362.53,346.5,2026-08-28,3,False
KHC,Consumer Staples,Packaged Foods,RSI,RSI 上穿 50 中性線,None,0.0,0.4675,0.4545,0.4545,0.2565,22,928,0.0064,25.7,25.86,26.03,25.44,2026-08-28,3,False
RL,Consumer Discretionary,Apparel Manufacturing,BB,BB 跌破下軌 (超賣),None,0.0,0.45499999999999996,0.4545,0.4545,0.2974,11,733,0.0114,351.9,355.91,359.92,348.38,2026-08-27,3,False
TTD,Communication Services,Advertising Agencies,MACD,MACD 金叉 (空頭區),None,0.0,0.42,0.4545,0.4545,0.3254,11,252,-0.0007,13.42,13.41,13.4,13.29,2026-08-27,3,False
MU,Information Technology,Semiconductors,BB,價格在 BB 中軌上方,None,0.0,0.425,0.4511,0.4511,0.3573,368,20206,0.0229,932.86,954.22,975.58,923.53,2026-08-28,3,False
IBKR,Financials,Capital Markets,RSI,RSI 加速上升,None,0.0,0.5525,0.4504,0.4504,0.3014,131,11488,0.0104,96.55,97.55,98.56,95.58,2026-08-27,3,False
FOXA,Communication Services,Entertainment,RSI,RSI 動能加速（強勢區）,None,0.0,0.51,0.4483,0.4483,0.3135,29,772,0.0029,68.42,68.62,68.82,67.74,2026-08-28,3,False
NEM,Materials,Gold,RSI,RSI 維持強勢 (50-70),None,0.0,0.51,0.4479,0.4479,0.286,288,5721,0.009,127.98,129.13,130.28,126.7,2026-08-28,3,False
EME,Industrials,Engineering & Construction,BB,BB 中軌向上（上升趨勢）,None,0.0,0.51,0.4475,0.4475,0.2929,257,17460,0.014,775.04,785.89,796.74,767.29,2026-08-27,3,False
WIT,Information Technology,Information Technology Services,BB,BB 跌破下軌 (超賣),None,0.0,0.45499999999999996,0.4474,,0.4474,0,456,0.012,1.8,1.82,1.84,1.78,2026-08-27,3,True
MRVL,Information Technology,Semiconductors,RSI,RSI 維持強勢 (50-70),None,0.0,0.51,0.4471,,0.4471,0,747,0.0161,241.45,245.34,249.22,239.04,2026-08-27,3,True
UMC,Information Technology,Semiconductors,RSI,RSI 維持強勢 (50-70),None,0.0,0.51,0.4471,,0.4471,0,747,0.0161,19.79,20.11,20.43,19.59,2026-08-28,3,True
WDAY,Information Technology,Software - Application,BB,BB 中軌向上（上升趨勢）,Bullish Engulfing,0.75,1.0,0.4444,,0.4444,0,9,0.0051,204.72,205.76,206.81,202.67,2026-08-28,3,True
WMB,Energy,Oil & Gas Midstream,MACD,MACD 金叉 (空頭區),None,0.0,0.42,0.4444,0.4444,0.3557,9,253,0.0156,74.41,75.57,76.73,73.67,2026-08-26,3,False
AVB,Real Estate,REIT - Residential,KDJ,KDJ 金叉,None,0.0,0.5525,0.4412,,0.4412,0,34,0.011,68.14,68.89,69.64,67.46,2026-08-24,3,True
ORCL,Information Technology,Software - Infrastructure,KDJ,KDJ 金叉,None,0.0,0.5525,0.4412,0.4412,0.3918,34,1955,0.0148,148.87,151.07,153.28,147.38,2026-08-26,3,False
KKR,Financials,Asset Management,RSI,RSI 維持強勢 (50-70),None,0.0,0.51,0.4388,0.4388,0.2842,278,19108,0.0087,108.68,109.63,110.57,107.59,2026-08-28,3,False
AM,Energy,Oil & Gas Midstream,RSI,RSI 維持強勢 (50-70),Bullish Engulfing,0.75,1.0,0.4386,,0.4386,0,57,0.014,22.59,22.91,23.22,22.36,2026-08-26,3,False
FTI,Energy,Oil & Gas Equipment & Services,RSI,RSI 維持強勢 (50-70),Bullish Engulfing,0.75,1.0,0.4386,,0.4386,0,57,0.014,75.7,76.76,77.82,74.94,2026-08-26,3,False
HAL,Energy,Oil & Gas Equipment & Services,RSI,RSI 維持強勢 (50-70),Bullish Engulfing,0.75,1.0,0.4386,,0.4386,0,57,0.014,34.44,34.92,35.4,34.1,2026-08-26,3,False
OKE,Energy,Oil & Gas Midstream,RSI,RSI 維持強勢 (50-70),Bullish Engulfing,0.75,1.0,0.4386,,0.4386,0,57,0.014,94.9,96.23,97.56,93.95,2026-08-26,3,False
APA,Energy,Oil & Gas E&P,RSI,RSI 動能加速（強勢區）,None,0.0,0.51,0.4375,0.4375,0.3265,48,873,-0.0008,42.38,42.35,42.31,41.96,2026-08-27,3,False
EXE,Energy,Oil & Gas E&P,RSI,RSI 動能加速（強勢區）,None,0.0,0.51,0.4359,0.4359,0.3265,39,873,0.0076,98.0,98.74,99.49,97.02,2026-08-27,3,False
WAT,Health Care,Diagnostics & Research,RSI,RSI 動能加速（強勢區）,None,0.0,0.51,0.4348,0.4348,0.2606,23,1869,0.0135,421.26,426.95,432.63,417.05,2026-08-27,3,False
LRCX,Information Technology,Semiconductor Equipment & Materials,RSI,RSI 上穿 50 中性線,None,0.0,0.4675,0.4333,0.4333,0.3785,30,1593,0.032,318.58,328.77,338.97,315.39,2026-08-27,3,False
MSTR,Information Technology,Software - Application,BB,價格在 BB 中軌上方,None,0.0,0.425,0.4327,,0.4327,0,1188,0.0141,137.4,139.34,141.27,136.03,2026-08-27,3,True
CDNS,Information Technology,Software - Application,RSI,RSI 加速上升,None,0.0,0.5525,0.4324,0.4324,0.3693,111,10688,0.0139,340.39,345.12,349.85,336.99,2026-08-28,3,False
CRH,Materials,Building Materials,RSI,RSI 加速上升,None,0.0,0.5525,0.4324,0.4324,0.3048,111,3639,0.0147,95.58,96.99,98.39,94.62,2026-08-27,3,False
DT,Information Technology,Software - Application,RSI,RSI 動能加速（強勢區）,Bullish Engulfing,0.75,1.0,0.431,,0.431,0,58,0.0145,51.6,52.35,53.1,51.08,2026-08-26,3,False
FROG,Information Technology,Software - Application,RSI,RSI 動能加速（強勢區）,Bullish Engulfing,0.75,1.0,0.431,,0.431,0,58,0.0145,92.8,94.15,95.49,91.87,2026-08-26,3,False
INTU,Information Technology,Software - Application,RSI,RSI 動能加速（強勢區）,Bullish Engulfing,0.75,1.0,0.431,,0.431,0,58,0.0145,358.06,363.25,368.44,354.48,2026-08-28,3,False
TTWO,Communication Services,Electronic Gaming & Multimedia,KDJ,KDJ 金叉,None,0.0,0.5525,0.431,,0.431,0,58,0.0021,235.39,235.88,236.38,233.04,2026-08-28,3,True
GIS,Consumer Staples,Packaged Foods,BB,BB 中軌向上（上升趨勢）,Consolidation Breakout,0.72,1.0,0.4286,0.4286,0.2105,7,779,0.0082,41.55,41.89,42.23,41.13,2026-08-28,3,False
RJF,Financials,Asset Management,RSI,RSI 加速上升,None,0.0,0.5525,0.4286,0.4286,0.318,7,588,0.0044,179.36,180.15,180.94,177.57,2026-08-28,3,True
GM,Consumer Discretionary,Auto Manufacturers,RSI,RSI 維持強勢 (50-70),None,0.0,0.51,0.4286,0.4286,0.3861,7,360,0.0106,86.18,87.09,88.01,85.32,2026-08-27,3,True
APO,Financials,Asset Management,RSI,RSI 維持強勢 (50-70),Morning Star,0.8,1.0,0.4278,,0.4278,0,367,0.0116,133.67,135.22,136.77,132.33,2026-08-26,3,False
CG,Financials,Asset Management,RSI,RSI 維持強勢 (50-70),Morning Star,0.8,1.0,0.4278,,0.4278,0,367,0.0116,49.24,49.81,50.38,48.75,2026-08-27,3,False
SPY,Financials,Asset Management,RSI,RSI 維持強勢 (50-70),Morning Star,0.8,1.0,0.4278,,0.4278,0,367,0.0116,766.08,774.97,783.85,758.42,2026-08-26,3,False
DRS,Industrials,Aerospace & Defense,RSI,RSI 維持超賣,None,0.0,0.385,0.4252,,0.4252,0,127,0.01,38.6,38.99,39.37,38.21,2026-08-26,3,True
DY,Industrials,Engineering & Construction,RSI,RSI 維持超賣,None,0.0,0.385,0.4252,,0.4252,0,127,0.01,294.34,297.28,300.23,291.4,2026-08-28,3,True
SLB,Energy,Oil & Gas Equipment & Services,KDJ,KDJ 金叉,Consolidation Breakout,0.85,1.0,0.4242,,0.4242,0,33,0.0143,57.33,58.15,58.97,56.76,2026-08-28,3,True
ERIC,Information Technology,Communication Equipment,BB,BB 中軌向上（上升趨勢）,None,0.0,0.51,0.4238,,0.4238,0,1083,0.0134,10.06,10.19,10.33,9.96,2026-08-26,3,True
TYL,Information Technology,Software - Application,BB,BB 中軌向上（上升趨勢）,None,0.0,0.51,0.4238,,0.4238,0,1083,0.0134,369.88,374.84,379.79,366.18,2026-08-27,3,True
ZM,Information Technology,Software - Application,BB,BB 中軌向上（上升趨勢）,None,0.0,0.51,0.4238,,0.4238,0,1083,0.0134,93.83,95.09,96.34,92.89,2026-08-26,3,True
BBY,Consumer Discretionary,Specialty Retail,RSI,RSI 維持強勢 (50-70),Bullish Engulfing,0.75,1.0,0.4221,,0.4221,0,199,0.0146,87.44,88.72,89.99,86.57,2026-08-26,3,True
IP,Consumer Discretionary,Packaging & Containers,RSI,RSI 維持強勢 (50-70),Bullish Engulfing,0.75,1.0,0.4221,,0.4221,0,199,0.0146,41.39,41.99,42.6,40.98,2026-08-26,3,False
NXPI,Information Technology,Semiconductors,KDJ,KDJ 金叉,None,0.0,0.5525,0.4211,0.4211,0.3918,19,1955,-0.0002,223.15,223.11,223.06,220.92,2026-08-26,3,False
ALB,Materials,Specialty Chemicals,RSI,RSI 維持強勢 (50-70),None,0.0,0.51,0.4194,0.4194,0.286,248,5721,0.0076,137.36,138.4,139.45,135.99,2026-08-28,3,False
BX,Financials,Asset Management,KDJ,KDJ 金叉,None,0.0,0.5525,0.4167,0.4167,0.3142,24,1932,0.0046,143.64,144.3,144.96,142.2,2026-08-27,3,False
HLT,Consumer Discretionary,Lodging,KDJ,KDJ 金叉,None,0.0,0.5525,0.4167,0.4167,0.3183,36,1244,0.0045,332.56,334.06,335.55,329.23,2026-08-26,3,False
IEX,Industrials,Specialty Industrial Machinery,RSI,RSI 上穿 50 中性線,None,0.0,0.4675,0.4167,0.4167,0.304,24,1816,0.0114,234.89,237.57,240.25,232.54,2026-08-26,3,False
CNC,Health Care,Healthcare Plans,KDJ,KDJ 金叉,None,0.0,0.5525,0.4118,0.4118,0.2852,34,1536,0.0082,65.47,66.01,66.54,64.82,2026-08-26,3,False
SOMN,Utilities,Utilities - Regulated Electric,BB,BB 跌破下軌 (超賣),None,0.0,0.45499999999999996,0.4104,,0.4104,0,441,0.0122,47.76,48.34,48.93,47.28,2026-08-28,3,False
ABNB,Consumer Discretionary,Travel Services,RSI,RSI 動能加速（強勢區）,None,0.0,0.51,0.4091,0.4091,0.3027,22,1665,0.0219,189.43,193.58,197.73,187.54,2026-08-28,3,False
FSLR,Information Technology,Solar,BB,BB 中軌向上（上升趨勢）,None,0.0,0.51,0.4079,0.4079,0.3639,228,16781,0.0019,210.1,210.5,210.9,208.0,2026-08-27,3,False
CHKP,Information Technology,Software - Infrastructure,MACD,MACD 突破 0 軸,None,0.0,0.595,0.4064,,0.4064,0,529,0.0085,133.23,134.36,135.49,131.9,2026-08-27,3,False
FISV,Information Technology,Financial Technology,MACD,MACD 突破 0 軸,None,0.0,0.595,0.4064,,0.4064,0,529,0.0085,53.18,53.63,54.08,52.65,2026-08-28,3,False
SMTC,Information Technology,Semiconductors,MACD,MACD 突破 0 軸,None,0.0,0.595,0.4064,,0.4064,0,529,0.0085,142.43,143.64,144.85,141.01,2026-08-27,3,False
TSM,Information Technology,Semiconductors,MACD,MACD 突破 0 軸,None,0.0,0.595,0.4064,,0.4064,0,529,0.0085,427.3,430.93,434.56,423.03,2026-08-27,3,False
GWW,Industrials,Industrial Distribution,KDJ,KDJ 金叉,None,0.0,0.5525,0.4062,0.4062,0.3223,32,2110,0.005,1335.39,1342.07,1348.74,1322.04,2026-08-26,3,False
STLD,Materials,Steel,RSI,RSI 加速上升,None,0.0,0.5525,0.4059,0.4059,0.3048,101,3639,0.0085,234.665,236.66,238.65,232.32,2026-08-28,3,False
LLY,Health Care,Drug Manufacturers - General,BB,BB 中軌向上（上升趨勢）,None,0.0,0.51,0.4058,0.4058,0.2705,207,10885,0.0078,1176.1,1185.27,1194.45,1164.34,2026-08-27,3,False
HDB,Financials,Banks - Regional,BB,BB 跌破下軌 (超賣),None,0.0,0.45499999999999996,0.4057,,0.4057,0,424,0.0104,22.46,22.69,22.93,22.24,2026-08-27,3,True
IREN,Financials,Capital Markets,BB,BB 跌破下軌 (超賣),None,0.0,0.45499999999999996,0.4057,,0.4057,0,424,0.0104,35.45,35.82,36.19,35.1,2026-08-28,3,True
EQT,Energy,Oil & Gas E&P,RSI,RSI 加速上升,None,0.0,0.5525,0.4048,0.4048,0.3227,126,3306,0.0092,54.79,55.29,55.8,54.24,2026-08-26,3,False
NUE,Materials,Steel,RSI,RSI 加速上升,None,0.0,0.5525,0.4048,0.4048,0.3048,126,3639,0.0133,250.5,253.83,257.16,248.0,2026-08-28,3,False
IVZ,Financials,Asset Management,RSI,RSI 維持強勢 (50-70),None,0.0,0.51,0.404,0.404,0.2842,198,19108,0.0093,32.86,33.17,33.47,32.53,2026-08-28,3,False
DKNG,Consumer Discretionary,Gambling,BB,價格在 BB 中軌上方,None,0.0,0.425,0.4026,,0.4026,0,529,0.0119,25.26,25.56,25.86,25.01,2026-08-28,3,True
RIVN,Consumer Discretionary,Auto Manufacturers,BB,價格在 BB 中軌上方,None,0.0,0.425,0.4026,,0.4026,0,529,0.0119,16.07,16.26,16.45,15.91,2026-08-28,3,True
MS,Financials,Capital Markets,RSI,RSI 加速上升,None,0.0,0.5525,0.4025,0.4025,0.3014,159,11488,0.0109,214.86,217.2,219.54,212.71,2026-08-27,3,False
ARXS,Industrials,Aerospace & Defense,BB,BB 中軌向上（上升趨勢）,Bullish Engulfing,0.75,1.0,0.4012,,0.4012,0,324,0.0121,53.83,54.48,55.13,53.29,2026-08-26,3,False
RMD,Health Care,Medical Instruments & Supplies,RSI,RSI 動能加速（強勢區）,Consolidation Breakout,0.72,1.0,0.4,0.4,0.2144,5,513,-0.0009,240.33,240.11,239.9,237.93,2026-08-28,3,False
LULU,Consumer Discretionary,Apparel Retail,KDJ,KDJ 金叉,None,0.0,0.5525,0.4,0.4,0.3183,25,1244,0.0,120.81,120.81,120.81,119.6,2026-08-28,3,False
BAC,Financials,Banks - Diversified,RSI,RSI 上穿 50 中性線,None,0.0,0.4675,0.4,0.4,0.3091,20,1899,0.007,62.32,62.76,63.19,61.7,2026-08-28,3,False
INVH,Real Estate,REIT - Residential,BB,BB 跌破下軌 (超賣),None,0.0,0.45499999999999996,0.4,0.4,0.3864,5,132,0.0134,29.23,29.62,30.01,28.94,2026-08-27,3,True
HUM,Health Care,Healthcare Plans,BB,價格在 BB 中軌上方,None,0.0,0.425,0.4,0.4,0.2804,275,14417,0.0092,385.54,389.09,392.63,381.68,2026-08-28,3,False
ON,Information Technology,Semiconductors,MACD,MACD 金叉 (空頭區),None,0.0,0.42,0.4,0.4,0.3767,15,754,0.0006,74.8,74.84,74.89,74.05,2026-08-27,3,False
GLW,Information Technology,Electronic Components,BB,BB 中軌向上（上升趨勢）,None,0.0,0.51,0.3994,0.3994,0.3639,328,16781,0.0159,148.98,151.35,153.72,147.49,2026-08-28,3,False
C,Financials,Banks - Diversified,RSI,RSI 加速上升,None,0.0,0.5525,0.3989,0.3989,0.3014,188,11488,0.0114,132.68,134.19,135.71,131.35,2026-08-27,3,False
LYV,Communication Services,Entertainment,RSI,RSI 維持強勢 (50-70),None,0.0,0.51,0.3975,0.3975,0.3082,161,5205,0.0017,182.64,182.95,183.26,180.81,2026-08-26,3,False
WAB,Industrials,Railroads,RSI,RSI 動能加速（強勢區）,None,0.0,0.51,0.3958,0.3958,0.2891,48,3037,0.0051,300.54,302.07,303.61,297.53,2026-08-26,3,False
EL,Consumer Staples,Household & Personal Products,RSI,RSI 加速上升,None,0.0,0.5525,0.3957,0.3957,0.2439,187,5343,0.0015,106.21,106.37,106.53,105.15,2026-08-27,3,False
BPYPP,Real Estate,Real Estate Services,BB,BB 中軌向上（上升趨勢）,Bullish Engulfing,0.75,1.0,0.3942,,0.3942,0,104,0.012,16.355,16.55,16.75,16.19,2026-08-27,3,False
YUMC,Consumer Discretionary,Restaurants,BB,BB 中軌向上（上升趨勢）,None,0.0,0.51,0.3934,,0.3934,0,427,0.0097,46.89,47.34,47.8,46.42,2026-08-26,3,True
DXCM,Health Care,Medical Devices,BB,價格在 BB 中軌上方,None,0.0,0.425,0.3924,0.3924,0.2804,237,14417,0.0073,90.82,91.48,92.15,89.91,2026-08-28,3,False
ARE,Real Estate,REIT - Office,BB,價格在 BB 中軌上方,None,0.0,0.425,0.3923,0.3923,0.248,209,8032,0.0054,51.57,51.85,52.13,51.05,2026-08-28,3,False
ALAB,Information Technology,Semiconductors,KDJ,KDJ 金叉,None,0.0,0.5525,0.3918,,0.3918,0,1955,0.0107,304.09,307.34,310.6,301.05,2026-08-27,3,False
ARM,Information Technology,Semiconductors,KDJ,KDJ 金叉,None,0.0,0.5525,0.3918,,0.3918,0,1955,0.0107,255.21,257.94,260.67,252.66,2026-08-27,3,False
ARW,Information Technology,Electronics & Computer Distribution,KDJ,KDJ 金叉,None,0.0,0.5525,0.3918,,0.3918,0,1955,0.0107,208.96,211.2,213.43,206.87,2026-08-27,3,False
ASX,Information Technology,Semiconductors,KDJ,KDJ 金叉,None,0.0,0.5525,0.3918,,0.3918,0,1955,0.0107,38.9,39.32,39.73,38.51,2026-08-27,3,False
CLS,Information Technology,Electronic Components,KDJ,KDJ 金叉,None,0.0,0.5525,0.3918,,0.3918,0,1955,0.0107,307.32,310.61,313.9,304.25,2026-08-26,3,False
CRDO,Information Technology,Semiconductors,KDJ,KDJ 金叉,None,0.0,0.5525,0.3918,,0.3918,0,1955,0.0107,232.75,235.24,237.73,230.42,2026-08-28,3,False
DOCN,Information Technology,Software - Infrastructure,KDJ,KDJ 金叉,None,0.0,0.5525,0.3918,,0.3918,0,1955,0.0107,121.68,122.98,124.28,120.46,2026-08-27,3,False
FIS,Information Technology,Information Technology Services,KDJ,KDJ 金叉,None,0.0,0.5525,0.3918,,0.3918,0,1955,0.0107,41.44,41.88,42.33,41.03,2026-08-28,3,False
FLEX,Information Technology,Electronic Components,KDJ,KDJ 金叉,None,0.0,0.5525,0.3918,,0.3918,0,1955,0.0107,115.3,116.53,117.77,114.15,2026-08-27,3,False
FTV,Information Technology,Scientific & Technical Instruments,KDJ,KDJ 金叉,None,0.0,0.5525,0.3918,,0.3918,0,1955,0.0107,60.25,60.89,61.54,59.65,2026-08-26,3,False
GIB,Information Technology,Information Technology Services,KDJ,KDJ 金叉,None,0.0,0.5525,0.3918,,0.3918,0,1955,0.0107,74.77,75.57,76.37,74.02,2026-08-28,3,False
INFY,Information Technology,Information Technology Services,KDJ,KDJ 金叉,None,0.0,0.5525,0.3918,,0.3918,0,1955,0.0107,11.9,12.03,12.15,11.78,2026-08-27,3,False
IOT,Information Technology,Software - Infrastructure,KDJ,KDJ 金叉,None,0.0,0.5525,0.3918,,0.3918,0,1955,0.0107,41.87,42.32,42.77,41.45,2026-08-27,3,False
LFUS,Information Technology,Electronic Components,KDJ,KDJ 金叉,None,0.0,0.5525,0.3918,,0.3918,0,1955,0.0107,421.28,425.79,430.3,417.07,2026-08-27,3,False
LSCC,Information Technology,Semiconductors,KDJ,KDJ 金叉,None,0.0,0.5525,0.3918,,0.3918,0,1955,0.0107,120.47,121.76,123.05,119.27,2026-08-27,3,False
MCHPP,Information Technology,Semiconductors,KDJ,KDJ 金叉,None,0.0,0.5525,0.3918,,0.3918,0,1955,0.0107,66.12,66.83,67.53,65.46,2026-08-27,3,False
MDB,Information Technology,Software - Infrastructure,KDJ,KDJ 金叉,None,0.0,0.5525,0.3918,,0.3918,0,1955,0.0107,440.58,445.29,450.01,436.17,2026-08-27,3,False
NET,Information Technology,Software - Infrastructure,KDJ,KDJ 金叉,None,0.0,0.5525,0.3918,,0.3918,0,1955,0.0107,308.23,311.53,314.83,305.15,2026-08-27,3,False
NOK,Information Technology,Communication Equipment,KDJ,KDJ 金叉,None,0.0,0.5525,0.3918,,0.3918,0,1955,0.0107,10.59,10.7,10.82,10.48,2026-08-27,3,False
SANM,Information Technology,Electronic Components,KDJ,KDJ 金叉,None,0.0,0.5525,0.3918,,0.3918,0,1955,0.0107,203.35,205.53,207.7,201.32,2026-08-27,3,False
SMCIP,Information Technology,Computer Hardware,KDJ,KDJ 金叉,None,0.0,0.5525,0.3918,,0.3918,0,1955,0.0107,64.83,65.52,66.22,64.18,2026-08-27,3,False
SNOW,Information Technology,Software - Application,KDJ,KDJ 金叉,None,0.0,0.5525,0.3918,,0.3918,0,1955,0.0107,329.11,332.63,336.15,325.82,2026-08-27,3,False
SNX,Information Technology,Electronics & Computer Distribution,KDJ,KDJ 金叉,None,0.0,0.5525,0.3918,,0.3918,0,1955,0.0107,255.17,257.9,260.63,252.62,2026-08-26,3,False
TEAM,Information Technology,Software - Application,KDJ,KDJ 金叉,None,0.0,0.5525,0.3918,,0.3918,0,1955,0.0107,185.62,187.61,189.59,183.76,2026-08-27,3,False
TTMI,Information Technology,Electronic Components,KDJ,KDJ 金叉,None,0.0,0.5525,0.3918,,0.3918,0,1955,0.0107,121.7,123.0,124.3,120.48,2026-08-26,3,False
TWLO,Information Technology,Software - Infrastructure,KDJ,KDJ 金叉,None,0.0,0.5525,0.3918,,0.3918,0,1955,0.0107,241.34,243.92,246.5,238.93,2026-08-27,3,False
UI,Information Technology,Communication Equipment,KDJ,KDJ 金叉,None,0.0,0.5525,0.3918,,0.3918,0,1955,0.0107,596.8,603.19,609.57,590.83,2026-08-26,3,False
ZS,Information Technology,Software - Infrastructure,KDJ,KDJ 金叉,None,0.0,0.5525,0.3918,,0.3918,0,1955,0.0107,187.3,189.3,191.31,185.43,2026-08-27,3,False
FDS,Financials,Financial Data & Stock Exchanges,KDJ,KDJ 金叉,None,0.0,0.5525,0.3913,0.3913,0.3142,23,1932,0.0013,304.47,304.87,305.26,301.43,2026-08-27,3,False
WELL,Real Estate,REIT - Healthcare Facilities,RSI,RSI 加速上升,None,0.0,0.5525,0.3913,0.3913,0.2327,161,4401,0.0059,241.56,242.99,244.41,239.14,2026-08-26,3,False
DCI,Industrials,Specialty Industrial Machinery,RSI,RSI 上穿 50 中性線,None,0.0,0.4675,0.3898,,0.3898,0,118,0.0111,95.24,96.3,97.35,94.29,2026-08-26,3,True
TECH,Health Care,Biotechnology,BB,價格在 BB 中軌上方,None,0.0,0.425,0.3897,0.3897,0.2804,195,14417,-0.0003,72.47,72.45,72.43,71.75,2026-08-27,3,False
TJX,Consumer Discretionary,Apparel Retail,RSI,RSI 維持超賣,None,0.0,0.385,0.3894,,0.3894,0,565,0.0066,135.12,136.01,136.9,133.77,2026-08-28,3,False
VTRS,Health Care,Drug Manufacturers - Specialty & Generic,BB,價格在 BB 中軌上方,None,0.0,0.425,0.3882,0.3882,0.2804,255,14417,0.0103,16.89,17.06,17.24,16.72,2026-08-27,3,False
CNI,Industrials,Railroads,RSI,RSI 維持強勢 (50-70),Bullish Engulfing,0.75,1.0,0.3881,,0.3881,0,335,0.009,127.54,128.69,129.84,126.26,2026-08-26,3,False
MRNA,Health Care,Biotechnology,BB,BB 中軌向上（上升趨勢）,None,0.0,0.51,0.3861,0.3861,0.2705,202,10885,0.0003,137.99,138.03,138.07,136.61,2026-08-28,3,False
WRB,Financials,Insurance - Property & Casualty,KDJ,KDJ 超賣區金叉,None,0.0,0.5599999999999999,0.3846,0.3846,0.299,13,612,0.007,68.34,68.82,69.3,67.66,2026-08-27,3,False
ESS,Real Estate,REIT - Residential,RSI,RSI 維持強勢 (50-70),None,0.0,0.51,0.3846,0.3846,0.3261,13,230,0.008,288.17,290.48,292.78,285.29,2026-08-26,3,True
CVS,Health Care,Healthcare Plans,RSI,RSI 加速上升,None,0.0,0.5525,0.3806,0.3806,0.2803,155,8492,0.0092,94.32,95.19,96.06,93.38,2026-08-26,3,False
AEG,Financials,Insurance - Diversified,RSI,RSI 上穿 50 中性線,None,0.0,0.4675,0.3805,,0.3805,0,113,0.0028,9.19,9.22,9.24,9.1,2026-08-28,3,True
TRGP,Energy,Oil & Gas Midstream,BB,BB 中軌向上（上升趨勢）,None,0.0,0.51,0.3801,0.3801,0.2962,292,4484,0.0065,287.82,289.69,291.56,284.94,2026-08-28,3,False
IBM,Information Technology,Information Technology Services,RSI,RSI 維持強勢 (50-70),None,0.0,0.51,0.3798,0.3798,0.3645,208,16764,0.0127,235.59,238.58,241.57,233.23,2026-08-28,3,False
TEL,Information Technology,Electronic Components,KDJ,KDJ 金叉,None,0.0,0.5525,0.3793,0.3793,0.3918,29,1955,0.0112,202.66,204.93,207.2,200.63,2026-08-28,3,False
FDX,Industrials,Integrated Freight & Logistics,RSI,RSI 維持強勢 (50-70),None,0.0,0.51,0.3788,0.3788,0.2986,198,19157,0.0028,330.88,331.81,332.73,327.57,2026-08-28,3,False
ENTG,Information Technology,Semiconductor Equipment & Materials,RSI,RSI 上穿 50 中性線,None,0.0,0.4675,0.3785,,0.3785,0,1593,0.0087,145.31,146.57,147.84,143.86,2026-08-27,3,False
IONQ,Information Technology,Computer Hardware,RSI,RSI 上穿 50 中性線,None,0.0,0.4675,0.3785,,0.3785,0,1593,0.0087,42.46,42.83,43.2,42.04,2026-08-27,3,False
SIMO,Information Technology,Semiconductors,RSI,RSI 上穿 50 中性線,None,0.0,0.4675,0.3785,,0.3785,0,1593,0.0087,263.11,265.4,267.69,260.48,2026-08-26,3,False
JPM,Financials,Banks - Diversified,RSI,RSI 動能加速（強勢區）,None,0.0,0.51,0.3778,0.3778,0.279,45,3129,0.011,357.62,361.55,365.49,354.04,2026-08-28,3,False
AMKR,Information Technology,Semiconductor Equipment & Materials,MACD,MACD 金叉 (空頭區),None,0.0,0.42,0.3767,,0.3767,0,754,0.0102,51.74,52.27,52.8,51.22,2026-08-27,3,False
CIFR,Information Technology,Information Technology Services,MACD,MACD 金叉 (空頭區),None,0.0,0.42,0.3767,,0.3767,0,754,0.0102,16.77,16.94,17.11,16.6,2026-08-27,3,False
GRAB,Information Technology,Software - Application,MACD,MACD 金叉 (空頭區),None,0.0,0.42,0.3767,,0.3767,0,754,0.0102,3.59,3.63,3.66,3.55,2026-08-27,3,False
HII,Industrials,Aerospace & Defense,BB,BB 中軌向上（上升趨勢）,None,0.0,0.51,0.3763,0.3763,0.2929,279,17460,0.0095,295.0241,297.83,300.63,292.07,2026-08-26,3,False
WWD,Industrials,Aerospace & Defense,KDJ,KDJ 金叉,Morning Star,0.8,1.0,0.3759,,0.3759,0,133,0.009,345.91,349.02,352.14,342.45,2026-08-26,3,False
QCOM,Information Technology,Semiconductors,BB,BB 中軌向上（上升趨勢）,None,0.0,0.51,0.3757,0.3757,0.3639,189,16781,0.0193,164.19,167.36,170.53,162.55,2026-08-28,3,False
CTVA,Materials,Agricultural Inputs,MACD,MACD 突破 0 軸,None,0.0,0.595,0.375,0.375,0.2326,8,215,0.0047,83.9,84.29,84.69,83.06,2026-08-28,3,False
NTRS,Financials,Asset Management,KDJ,KDJ 金叉,None,0.0,0.5525,0.375,0.375,0.3142,24,1932,0.0118,186.79,188.99,191.2,184.92,2026-08-28,3,False
SJM,Consumer Staples,Packaged Foods,RSI,RSI 加速上升,None,0.0,0.5525,0.375,0.375,0.309,8,288,0.0113,130.9,132.38,133.86,129.59,2026-08-26,3,True
KLAR,Financials,Credit Services,RSI,RSI 超賣區域 (30),None,0.0,0.5249999999999999,0.375,,0.375,0,256,0.0031,14.01,14.05,14.1,13.87,2026-08-27,3,False
CRM,Information Technology,Software - Application,RSI,RSI 動能加速（強勢區）,None,0.0,0.51,0.375,0.375,0.4171,8,374,0.0118,252.05,255.02,258.0,249.53,2026-08-27,3,True
UHS,Health Care,Medical Care Facilities,RSI,RSI 動能加速（強勢區）,None,0.0,0.51,0.375,0.375,0.2606,24,1869,0.0077,178.69,180.07,181.44,176.9,2026-08-26,3,False
UPS,Industrials,Integrated Freight & Logistics,RSI,RSI 上穿 50 中性線,None,0.0,0.4675,0.375,0.375,0.304,24,1816,0.0018,105.65,105.84,106.03,104.59,2026-08-26,3,False
MGM,Consumer Discretionary,Resorts & Casinos,MACD,MACD 金叉 (空頭區),None,0.0,0.42,0.375,0.375,0.3233,8,529,0.0322,43.46,44.86,46.26,43.03,2026-08-26,3,False
SGI,Consumer Discretionary,"Furnishings, Fixtures & Appliances",MACD,MACD 金叉 (空頭區),None,0.0,0.42,0.375,,0.375,0,40,0.0051,64.37,64.7,65.03,63.73,2026-08-28,3,True
TSLA,Consumer Discretionary,Auto Manufacturers,BB,BB 中軌向上（上升趨勢）,None,0.0,0.51,0.3745,0.3745,0.2908,243,9757,0.0082,348.75,351.61,354.47,345.26,2026-08-28,3,False
CF,Materials,Agricultural Inputs,RSI,RSI 維持強勢 (50-70),None,0.0,0.51,0.3742,0.3742,0.286,155,5721,0.0005,125.79,125.85,125.92,124.53,2026-08-28,3,False
AVGO,Information Technology,Semiconductors,KDJ,KDJ 金叉,Morning Star,0.8,1.0,0.374,,0.374,0,123,0.0122,371.54,376.07,380.61,367.82,2026-08-27,3,False
CGNX,Information Technology,Scientific & Technical Instruments,KDJ,KDJ 金叉,Morning Star,0.8,1.0,0.374,,0.374,0,123,0.0122,61.72,62.47,63.23,61.1,2026-08-26,3,False
NFLX,Communication Services,Entertainment,RSI,RSI 維持強勢 (50-70),None,0.0,0.51,0.3708,0.3708,0.3082,267,5205,0.0076,81.72,82.34,82.96,80.9,2026-08-28,3,False
BEN,Financials,Asset Management,BB,BB 中軌向上（上升趨勢）,None,0.0,0.51,0.3704,0.3704,0.2681,135,16575,0.0094,34.65,34.98,35.3,34.3,2026-08-28,3,False
SBUX,Consumer Discretionary,Restaurants,MACD,MACD 金叉 (多頭區),None,0.0,0.68,0.37,,0.37,0,273,0.0063,108.49,109.17,109.86,107.41,2026-08-26,3,False
eBay,Consumer Discretionary,Internet Retail,MACD,MACD 金叉 (多頭區),None,0.0,0.68,0.37,,0.37,0,273,0.0063,111.75,112.45,113.16,110.63,2026-06-30,3,False
ERIE,Financials,Insurance Brokers,BB,BB 中軌向上（上升趨勢）,Bullish Engulfing,0.75,1.0,0.3697,,0.3697,0,330,0.0108,259.44,262.24,265.04,256.85,2026-08-27,3,False
ETN,Industrials,Specialty Industrial Machinery,BB,BB 中軌向上（上升趨勢）,None,0.0,0.51,0.3695,0.3695,0.2929,203,17460,0.0111,402.78,407.25,411.72,398.75,2026-08-28,3,False
BMNP,Information Technology,Blockchain,RSI,RSI 加速上升,None,0.0,0.5525,0.3693,,0.3693,0,10688,0.0074,96.71,97.43,98.14,95.74,2026-08-27,3,False
GWRE,Information Technology,Software - Application,RSI,RSI 加速上升,None,0.0,0.5525,0.3693,,0.3693,0,10688,0.0074,205.85,207.37,208.9,203.79,2026-08-28,3,False
JKHY,Information Technology,Information Technology Services,RSI,RSI 加速上升,None,0.0,0.5525,0.3693,,0.3693,0,10688,0.0074,172.39,173.67,174.94,170.67,2026-08-26,3,False
LOGI,Information Technology,Computer Hardware,RSI,RSI 加速上升,None,0.0,0.5525,0.3693,,0.3693,0,10688,0.0074,98.02,98.75,99.47,97.04,2026-08-27,3,False
MTSI,Information Technology,Semiconductors,RSI,RSI 加速上升,None,0.0,0.5525,0.3693,,0.3693,0,10688,0.0074,277.15,279.2,281.25,274.38,2026-08-27,3,False
NXT,Information Technology,Solar,RSI,RSI 加速上升,None,0.0,0.5525,0.3693,,0.3693,0,10688,0.0074,89.58,90.24,90.91,88.68,2026-08-27,3,False
SONY,Information Technology,Consumer Electronics,RSI,RSI 加速上升,None,0.0,0.5525,0.3693,,0.3693,0,10688,0.0074,24.85,25.03,25.22,24.6,2026-08-28,3,False
STM,Information Technology,Semiconductors,RSI,RSI 加速上升,None,0.0,0.5525,0.3693,,0.3693,0,10688,0.0074,51.34,51.72,52.1,50.83,2026-08-27,3,False
STRC,Information Technology,Software - Application,RSI,RSI 加速上升,None,0.0,0.5525,0.3693,,0.3693,0,10688,0.0074,98.0,98.73,99.45,97.02,2026-08-27,3,False
STRD,Information Technology,Software - Application,RSI,RSI 加速上升,None,0.0,0.5525,0.3693,,0.3693,0,10688,0.0074,73.03,73.57,74.11,72.3,2026-08-26,3,False
STRF,Information Technology,Software - Application,RSI,RSI 加速上升,None,0.0,0.5525,0.3693,,0.3693,0,10688,0.0074,102.58,103.34,104.1,101.55,2026-08-27,3,False
STRK,Information Technology,Software - Application,RSI,RSI 加速上升,None,0.0,0.5525,0.3693,,0.3693,0,10688,0.0074,73.75,74.3,74.84,73.01,2026-08-27,3,False
TOST,Information Technology,Software - Infrastructure,RSI,RSI 加速上升,None,0.0,0.5525,0.3693,,0.3693,0,10688,0.0074,36.97,37.24,37.52,36.6,2026-08-26,3,False
WSE,Information Technology,Information Technology Services,RSI,RSI 加速上升,None,0.0,0.5525,0.3693,,0.3693,0,10688,0.0074,13.12,13.22,13.31,12.99,2026-08-27,3,False
XYZ,Information Technology,Software - Infrastructure,RSI,RSI 加速上升,None,0.0,0.5525,0.3693,,0.3693,0,10688,0.0074,84.85,85.48,86.11,84.0,2026-08-27,3,False
EPAM,Information Technology,Information Technology Services,RSI,RSI 動能加速（強勢區）,None,0.0,0.51,0.366,,0.366,0,2885,0.0091,112.77,113.8,114.82,111.64,2026-08-27,3,False
LDOS,Information Technology,Information Technology Services,RSI,RSI 動能加速（強勢區）,None,0.0,0.51,0.366,,0.366,0,2885,0.0091,137.43,138.68,139.93,136.06,2026-08-26,3,False
NTNX,Information Technology,Software - Infrastructure,RSI,RSI 動能加速（強勢區）,None,0.0,0.51,0.366,,0.366,0,2885,0.0091,69.84,70.48,71.11,69.14,2026-08-27,3,False
SAP,Information Technology,Software - Application,RSI,RSI 動能加速（強勢區）,None,0.0,0.51,0.366,,0.366,0,2885,0.0091,221.17,223.18,225.2,218.96,2026-08-27,3,False
SHOP,Information Technology,Software - Application,RSI,RSI 動能加速（強勢區）,None,0.0,0.51,0.366,,0.366,0,2885,0.0091,154.33,155.73,157.14,152.79,2026-08-27,3,False
UBER,Information Technology,Software - Application,RSI,RSI 動能加速（強勢區）,None,0.0,0.51,0.366,,0.366,0,2885,0.0091,78.82,79.54,80.25,78.03,2026-08-28,3,False
ADBE,Information Technology,Software - Application,MACD,MACD 金叉 (多頭區),None,0.0,0.68,0.3651,,0.3651,0,504,0.0103,289.15,292.13,295.11,286.26,2026-08-27,3,False
GEN,Information Technology,Software - Infrastructure,MACD,MACD 金叉 (多頭區),None,0.0,0.68,0.3651,,0.3651,0,504,0.0103,29.64,29.95,30.25,29.34,2026-08-26,3,False
BNTX,Health Care,Biotechnology,BB,價格在 BB 中軌上方,None,0.0,0.425,0.365,,0.365,0,715,0.0016,102.075,102.24,102.4,101.05,2026-08-28,3,True
MOH,Health Care,Healthcare Plans,BB,價格在 BB 中軌上方,None,0.0,0.425,0.365,,0.365,0,715,0.0016,200.0,200.32,200.64,198.0,2026-08-28,3,True
ADP,Information Technology,Software - Application,RSI,RSI 維持強勢 (50-70),None,0.0,0.51,0.3645,,0.3645,0,16764,0.0088,284.68,287.19,289.69,281.83,2026-08-27,3,False
BR,Information Technology,Information Technology Services,RSI,RSI 維持強勢 (50-70),None,0.0,0.51,0.3645,,0.3645,0,16764,0.0088,183.64,185.26,186.87,181.8,2026-08-28,3,False
CACI,Information Technology,Information Technology Services,RSI,RSI 維持強勢 (50-70),None,0.0,0.51,0.3645,,0.3645,0,16764,0.0088,628.2,633.73,639.26,621.92,2026-08-28,3,False
CPAY,Information Technology,Software - Infrastructure,RSI,RSI 維持強勢 (50-70),None,0.0,0.51,0.3645,,0.3645,0,16764,0.0088,407.88,411.47,415.06,403.8,2026-08-28,3,False
GRMN,Information Technology,Scientific & Technical Instruments,RSI,RSI 維持強勢 (50-70),None,0.0,0.51,0.3645,,0.3645,0,16764,0.0088,289.87,292.42,294.97,286.97,2026-08-27,3,False
KSPI,Information Technology,Software - Infrastructure,RSI,RSI 維持強勢 (50-70),None,0.0,0.51,0.3645,,0.3645,0,16764,0.0088,106.29,107.23,108.16,105.23,2026-08-28,3,False
PAYX,Information Technology,Software - Application,RSI,RSI 維持強勢 (50-70),None,0.0,0.51,0.3645,,0.3645,0,16764,0.0088,127.04,128.16,129.28,125.77,2026-08-28,3,False
SSNC,Information Technology,Software - Application,RSI,RSI 維持強勢 (50-70),None,0.0,0.51,0.3645,,0.3645,0,16764,0.0088,83.42,84.15,84.89,82.59,2026-08-28,3,False
U,Information Technology,Software - Application,RSI,RSI 維持強勢 (50-70),None,0.0,0.51,0.3645,,0.3645,0,16764,0.0088,43.31,43.69,44.07,42.88,2026-08-28,3,False
AAOI,Information Technology,Communication Equipment,BB,BB 中軌向上（上升趨勢）,None,0.0,0.51,0.3639,,0.3639,0,16781,0.009,106.23,107.19,108.14,105.17,2026-08-28,3,False
APLD,Information Technology,Information Technology Services,BB,BB 中軌向上（上升趨勢）,None,0.0,0.51,0.3639,,0.3639,0,16781,0.009,25.34,25.57,25.8,25.09,2026-08-28,3,False
ASML,Information Technology,Semiconductor Equipment & Materials,BB,BB 中軌向上（上升趨勢）,None,0.0,0.51,0.3639,,0.3639,0,16781,0.009,1696.16,1711.43,1726.69,1679.2,2026-08-28,3,False
ASTS,Information Technology,Communication Equipment,BB,BB 中軌向上（上升趨勢）,None,0.0,0.51,0.3639,,0.3639,0,16781,0.009,58.05,58.57,59.09,57.47,2026-08-28,3,False
CRWV,Information Technology,Software - Infrastructure,BB,BB 中軌向上（上升趨勢）,None,0.0,0.51,0.3639,,0.3639,0,16781,0.009,84.23,84.99,85.75,83.39,2026-08-28,3,False
FORM,Information Technology,Semiconductor Equipment & Materials,BB,BB 中軌向上（上升趨勢）,None,0.0,0.51,0.3639,,0.3639,0,16781,0.009,101.695,102.61,103.53,100.68,2026-08-28,3,False
ONTO,Information Technology,Semiconductor Equipment & Materials,BB,BB 中軌向上（上升趨勢）,None,0.0,0.51,0.3639,,0.3639,0,16781,0.009,270.79,273.23,275.66,268.08,2026-08-28,3,False
QNT,Information Technology,Software - Application,BB,BB 中軌向上（上升趨勢）,None,0.0,0.51,0.3639,,0.3639,0,16781,0.009,49.92,50.37,50.82,49.42,2026-08-28,3,False
SITM,Information Technology,Semiconductors,BB,BB 中軌向上（上升趨勢）,None,0.0,0.51,0.3639,,0.3639,0,16781,0.009,557.86,562.88,567.9,552.28,2026-08-28,3,False
TSEM,Information Technology,Semiconductors,BB,BB 中軌向上（上升趨勢）,None,0.0,0.51,0.3639,,0.3639,0,16781,0.009,208.01,209.88,211.75,205.93,2026-08-28,3,False
VIAV,Information Technology,Communication Equipment,BB,BB 中軌向上（上升趨勢）,None,0.0,0.51,0.3639,,0.3639,0,16781,0.009,36.54,36.87,37.2,36.17,2026-08-28,3,False
TPL,Energy,Oil & Gas E&P,BB,價格在 BB 中軌上方,None,0.0,0.425,0.3636,0.3636,0.2998,275,5768,0.003,369.71,370.82,371.93,366.01,2026-08-27,3,False
TMUS,Communication Services,Telecom Services,MACD,MACD 金叉 (空頭區),None,0.0,0.42,0.3636,0.3636,0.3254,11,252,0.0043,181.37,182.15,182.93,179.56,2026-08-28,3,False
SMCI,Information Technology,Computer Hardware,BB,BB 中軌向上（上升趨勢）,None,0.0,0.51,0.3624,0.3624,0.3639,287,16781,-0.0146,37.08,36.54,36.0,36.71,2026-08-28,3,False
CQP,Energy,Oil & Gas Midstream,KDJ,KDJ 金叉,None,0.0,0.5525,0.3614,,0.3614,0,498,0.0061,68.91,69.33,69.75,68.22,2026-08-28,3,False
DTM,Energy,Oil & Gas Midstream,KDJ,KDJ 金叉,None,0.0,0.5525,0.3614,,0.3614,0,498,0.0061,132.54,133.35,134.16,131.21,2026-08-26,3,False
EPD,Energy,Oil & Gas Midstream,KDJ,KDJ 金叉,None,0.0,0.5525,0.3614,,0.3614,0,498,0.0061,39.14,39.38,39.62,38.75,2026-08-26,3,False
PBR,Energy,Oil & Gas Integrated,KDJ,KDJ 金叉,None,0.0,0.5525,0.3614,,0.3614,0,498,0.0061,18.25,18.36,18.47,18.07,2026-08-27,3,False
TRP,Energy,Oil & Gas Midstream,KDJ,KDJ 金叉,None,0.0,0.5525,0.3614,,0.3614,0,498,0.0061,62.86,63.24,63.63,62.23,2026-08-26,3,False
VG,Energy,Oil & Gas Midstream,KDJ,KDJ 金叉,None,0.0,0.5525,0.3614,,0.3614,0,498,0.0061,14.48,14.57,14.66,14.34,2026-08-27,3,False
GFL,Industrials,Waste Management,KDJ,KDJ 金叉,None,0.0,0.5525,0.3609,,0.3609,0,133,0.01,42.83,43.26,43.69,42.4,2026-08-28,3,True
CDW,Information Technology,Information Technology Services,RSI,RSI 維持強勢 (50-70),None,0.0,0.51,0.3591,0.3591,0.3645,181,16764,0.0017,147.69,147.94,148.19,146.21,2026-08-28,3,False
BDX,Health Care,Medical Instruments & Supplies,BB,BB 中軌向上（上升趨勢）,Bullish Engulfing,0.75,1.0,0.3577,,0.3577,0,260,0.0085,189.52,191.13,192.74,187.62,2026-08-28,3,False
GS,Financials,Capital Markets,RSI,RSI 加速上升,None,0.0,0.5525,0.3575,0.3575,0.3014,179,11488,0.0094,1040.87,1050.65,1060.44,1030.46,2026-08-27,3,False
GOOGL,Communication Services,Internet Content & Information,KDJ,KDJ 金叉,None,0.0,0.5525,0.3571,0.3571,0.3345,28,550,0.0074,346.59,349.15,351.72,343.12,2026-08-28,3,False
KMI,Energy,Oil & Gas Midstream,RSI,RSI 上穿 50 中性線,None,0.0,0.4675,0.3571,0.3571,0.361,28,579,0.0068,32.02,32.24,32.46,31.7,2026-08-26,3,False
SO,Utilities,Utilities - Regulated Electric,BB,BB 跌破下軌 (超賣),None,0.0,0.45499999999999996,0.3571,0.3571,0.4104,14,441,0.013,88.25,89.4,90.54,87.37,2026-08-28,3,False
AES,Utilities,Utilities - Diversified,BB,價格在 BB 中軌上方,None,0.0,0.425,0.3568,0.3568,0.246,213,9864,0.0076,14.75,14.86,14.97,14.6,2026-08-27,3,False
ZBRA,Information Technology,Communication Equipment,BB,價格在 BB 中軌上方,None,0.0,0.425,0.3568,0.3568,0.3573,227,20206,0.0048,359.84,361.57,363.29,356.24,2026-08-26,3,False
GDDY,Information Technology,Software - Infrastructure,RSI,RSI 維持強勢 (50-70),None,0.0,0.51,0.3558,0.3558,0.3645,208,16764,0.0026,97.7,97.95,98.21,96.72,2026-08-28,3,False
BURL,Consumer Discretionary,Apparel Retail,BB,BB 跌破下軌 (超賣),None,0.0,0.45499999999999996,0.3556,,0.3556,0,239,0.0004,272.95,273.06,273.17,270.22,2026-08-28,3,True
CASY,Consumer Discretionary,Specialty Retail,BB,BB 跌破下軌 (超賣),None,0.0,0.45499999999999996,0.3556,,0.3556,0,239,0.0004,763.38,763.69,763.99,755.75,2026-08-27,3,True
EXPE,Consumer Discretionary,Travel Services,BB,價格在 BB 中軌上方,None,0.0,0.425,0.3544,0.3544,0.2984,285,12430,0.0007,329.44,329.67,329.9,326.15,2026-08-28,3,False
MPC,Energy,Oil & Gas Refining & Marketing,BB,BB 中軌向上（上升趨勢）,None,0.0,0.51,0.3534,0.3534,0.2962,232,4484,0.0072,368.83,371.49,374.14,365.14,2026-08-28,3,False
PFG,Financials,Asset Management,RSI,RSI 加速上升,None,0.0,0.5525,0.3533,0.3533,0.3014,150,11488,0.0059,112.17,112.83,113.49,111.05,2026-08-27,3,False
AIT,Industrials,Industrial Distribution,BB,BB 跌破下軌 (超賣),None,0.0,0.45499999999999996,0.3532,,0.3532,0,436,0.0052,322.22,323.9,325.57,319.0,2026-08-28,3,True
CRL,Health Care,Diagnostics & Research,RSI,RSI 維持強勢 (50-70),None,0.0,0.51,0.3527,0.3527,0.2772,224,12123,-0.0055,291.5,289.9,288.29,288.58,2026-08-28,3,False
MDGL,Health Care,Biotechnology,RSI,RSI 上穿 50 中性線,Bullish Engulfing,0.75,0.9735000000000001,0.3519,,0.3519,0,54,0.0013,538.88,539.58,540.28,533.49,2026-08-26,3,False
CBRE,Real Estate,Real Estate Services,BB,BB 中軌向上（上升趨勢）,None,0.0,0.51,0.3508,0.3508,0.2647,248,5713,0.0069,150.82,151.86,152.9,149.31,2026-08-28,3,False
HAS,Consumer Discretionary,Leisure,RSI,RSI 加速上升,None,0.0,0.5525,0.3485,0.3485,0.3117,132,6796,0.0006,96.29,96.35,96.41,95.33,2026-08-26,3,False
WBD,Communication Services,Entertainment,BB,BB 中軌向上（上升趨勢）,None,0.0,0.51,0.345,0.345,0.2943,171,4771,-0.001,28.77,28.74,28.71,28.48,2026-08-28,3,False
AFRM,Financials,Credit Services,RSI,RSI 維持強勢 (50-70),None,0.0,0.51,0.3448,,0.3448,0,609,0.0048,77.76,78.13,78.51,76.98,2026-08-28,3,True
BNS,Financials,Banks - Diversified,RSI,RSI 維持強勢 (50-70),None,0.0,0.51,0.3448,,0.3448,0,609,0.0048,93.59,94.04,94.49,92.65,2026-08-26,3,True
WBS,Financials,Banks - Regional,RSI,RSI 維持強勢 (50-70),None,0.0,0.51,0.3448,,0.3448,0,609,0.0048,77.97,78.34,78.72,77.19,2026-08-18,3,True
HON,Industrials,Conglomerates,RSI,RSI 上穿 50 中性線,None,0.0,0.4675,0.3448,0.3448,0.304,29,1816,0.0011,220.67,220.91,221.16,218.46,2026-08-26,3,False
NVMI,Information Technology,Semiconductor Equipment & Materials,BB,BB 跌破下軌 (超賣),None,0.0,0.45499999999999996,0.3447,,0.3447,0,1001,0.0043,349.06,350.56,352.06,345.57,2026-08-28,3,False
BIIB,Health Care,Drug Manufacturers - General,RSI,RSI 維持強勢 (50-70),None,0.0,0.51,0.3444,0.3444,0.2772,151,12123,0.0031,218.5,219.18,219.85,216.31,2026-08-28,3,False
GOOG,Communication Services,Internet Content & Information,BB,BB 中軌向上（上升趨勢）,None,0.0,0.51,0.3415,0.3415,0.2943,246,4771,0.0062,337.71,339.8,341.9,334.33,2026-08-27,3,False
EFX,Industrials,Consulting Services,BB,價格在 BB 中軌上方,None,0.0,0.425,0.3415,0.3415,0.295,205,22337,-0.0018,194.35,194.0,193.65,192.41,2026-08-28,3,False
VST,Utilities,Utilities - Independent Power Producers,KDJ,KDJ 金叉,None,0.0,0.5525,0.3404,0.3404,0.3001,47,713,0.0038,139.81,140.34,140.87,138.41,2026-08-27,3,False
DE,Industrials,Farm & Heavy Construction Machinery,RSI,RSI 加速上升,None,0.0,0.5525,0.3393,0.3393,0.2981,112,11545,0.0046,634.54,637.46,640.38,628.19,2026-08-26,3,False
STT,Financials,Asset Management,RSI,RSI 加速上升,None,0.0,0.5525,0.3393,0.3393,0.3014,168,11488,0.009,193.33,195.07,196.81,191.4,2026-08-28,3,False
LTM,Industrials,Airlines,RSI,RSI 加速上升,None,0.0,0.5525,0.3379,,0.3379,0,651,0.0035,52.5,52.68,52.87,51.98,2026-08-26,3,True
DASH,Consumer Discretionary,Internet Retail,RSI,RSI 維持強勢 (50-70),None,0.0,0.51,0.3377,0.3377,0.2995,231,10441,0.001,231.89,232.12,232.35,229.57,2026-08-27,3,False
CBOE,Financials,Financial Data & Stock Exchanges,RSI,RSI 維持強勢 (50-70),None,0.0,0.51,0.3371,0.3371,0.2842,267,19108,0.0055,310.45,312.16,313.86,307.35,2026-08-28,3,False
MAR,Consumer Discretionary,Lodging,BB,價格在 BB 中軌上方,None,0.0,0.425,0.3366,0.3366,0.2984,303,12430,0.0056,358.67,360.68,362.69,355.08,2026-08-26,3,False
COST,Consumer Staples,Discount Stores,RSI,RSI 維持強勢 (50-70),None,0.0,0.51,0.3347,0.3347,0.2452,251,7574,0.0061,956.12,961.95,967.78,946.56,2026-08-26,3,False
RDDT,Communication Services,Internet Content & Information,KDJ,KDJ 金叉,None,0.0,0.5525,0.3345,,0.3345,0,550,0.0065,153.0,153.99,154.99,151.47,2026-08-28,3,False
VOD,Communication Services,Telecom Services,KDJ,KDJ 金叉,None,0.0,0.5525,0.3345,,0.3345,0,550,0.0065,16.04,16.14,16.25,15.88,2026-08-28,3,False
NRG,Utilities,Utilities - Independent Power Producers,KDJ,KDJ 超賣區金叉,Morning Star,0.8,1.0,0.3333,,0.3333,0,6,0.005,116.14,116.72,117.3,114.98,2026-08-26,3,False
RMBS,Information Technology,Semiconductors,MACD,MACD 金叉 (空頭區),Bullish Engulfing,0.75,0.945,0.3333,,0.3333,0,15,0.0061,90.03,90.58,91.13,89.13,2026-08-26,3,False
MCK,Health Care,Medical Distribution,MACD,MACD 金叉 (多頭區),None,0.0,0.68,0.3333,0.3333,0.2557,15,305,0.0132,896.65,908.49,920.32,887.68,2026-08-26,3,False
VRSN,Information Technology,Software - Infrastructure,MACD,MACD 金叉 (多頭區),None,0.0,0.68,0.3333,0.3333,0.3651,12,504,0.0079,292.99,295.3,297.62,290.06,2026-08-26,3,False
ADM,Consumer Staples,Farm Products,MACD,MACD 突破 0 軸,None,0.0,0.595,0.3333,0.3333,0.2408,12,299,-0.0099,81.54,80.73,79.93,80.72,2026-08-28,3,False
WMG,Communication Services,Entertainment,MACD,MACD 突破 0 軸,None,0.0,0.595,0.3333,,0.3333,0,165,0.0084,27.93,28.16,28.4,27.65,2026-08-26,3,False
CMG,Consumer Discretionary,Restaurants,RSI,RSI 加速上升,None,0.0,0.5525,0.3333,0.3333,0.3117,159,6796,0.0027,37.34,37.44,37.54,36.97,2026-08-26,3,False
GE,Industrials,Aerospace & Defense,KDJ,KDJ 金叉,None,0.0,0.5525,0.3333,0.3333,0.3223,42,2110,0.0061,354.39,356.55,358.71,350.85,2026-08-26,3,False
CAG,Consumer Staples,Packaged Foods,BB,BB 中軌向上（上升趨勢）,None,0.0,0.51,0.3333,0.3333,0.2466,114,6128,0.0085,16.09,16.23,16.36,15.93,2026-08-28,3,False
DD,Materials,Specialty Chemicals,RSI,RSI 動能加速（強勢區）,None,0.0,0.51,0.3333,0.3333,0.2962,45,942,0.0061,137.98,138.82,139.66,136.6,2026-08-26,3,False
MNST,Consumer Staples,Beverages - Non-Alcoholic,RSI,RSI 維持超賣,None,0.0,0.385,0.3333,0.3333,0.2366,9,744,-0.0022,46.86,46.76,46.65,46.39,2026-08-28,3,False
CHTR,Communication Services,Telecom Services,RSI,RSI 維持強勢 (50-70),None,0.0,0.51,0.3315,0.3315,0.3082,178,5205,-0.0055,153.62,152.78,151.93,152.08,2026-08-28,3,False
KEYS,Information Technology,Scientific & Technical Instruments,BB,BB 中軌向上（上升趨勢）,None,0.0,0.51,0.3314,0.3314,0.3639,175,16781,0.0055,325.82,327.61,329.4,322.56,2026-08-27,3,False
HSIC,Health Care,Medical Distribution,BB,價格在 BB 中軌上方,None,0.0,0.425,0.3314,0.3314,0.2804,169,14417,-0.0009,89.52,89.44,89.36,88.62,2026-08-28,3,False
ARES,Financials,Asset Management,RSI,RSI 維持強勢 (50-70),None,0.0,0.51,0.3313,0.3313,0.2842,329,19108,0.0049,142.53,143.23,143.93,141.1,2026-08-28,3,False
PSKY,Communication Services,Entertainment,RSI,RSI 加速上升,None,0.0,0.5525,0.3309,0.3309,0.3116,139,3322,0.0011,10.88,10.89,10.9,10.77,2026-08-28,3,False
AAON,Industrials,Building Products & Equipment,MACD,MACD 金叉 (空頭區),None,0.0,0.42,0.3303,,0.3303,0,875,0.0053,78.15,78.56,78.98,77.37,2026-08-27,3,False
POWL,Industrials,Electrical Equipment & Parts,MACD,MACD 金叉 (空頭區),None,0.0,0.42,0.3303,,0.3303,0,875,0.0053,192.55,193.57,194.59,190.62,2026-08-27,3,False
RBA,Industrials,Specialty Business Services,MACD,MACD 金叉 (空頭區),None,0.0,0.42,0.3303,,0.3303,0,875,0.0053,85.89,86.35,86.8,85.03,2026-08-27,3,False
SAIA,Industrials,Trucking,MACD,MACD 金叉 (空頭區),None,0.0,0.42,0.3303,,0.3303,0,875,0.0053,353.08,354.95,356.82,349.55,2026-08-27,3,False
ULS,Industrials,Specialty Business Services,MACD,MACD 金叉 (空頭區),None,0.0,0.42,0.3303,,0.3303,0,875,0.0053,75.05,75.45,75.85,74.3,2026-08-26,3,False
VMI,Industrials,Conglomerates,MACD,MACD 金叉 (空頭區),None,0.0,0.42,0.3303,,0.3303,0,875,0.0053,480.53,483.08,485.62,475.72,2026-08-27,3,False
GLXY,Financials,Capital Markets,MACD,MACD 突破 0 軸,None,0.0,0.595,0.3301,,0.3301,0,618,0.0061,24.64,24.79,24.94,24.39,2026-08-26,3,False
ORI,Financials,Insurance - Property & Casualty,MACD,MACD 突破 0 軸,None,0.0,0.595,0.3301,,0.3301,0,618,0.0061,42.45,42.71,42.97,42.03,2026-08-26,3,False
SMFG,Financials,Banks - Diversified,MACD,MACD 突破 0 軸,None,0.0,0.595,0.3301,,0.3301,0,618,0.0061,25.92,26.08,26.24,25.66,2026-08-28,3,False
DIS,Communication Services,Entertainment,RSI,RSI 維持強勢 (50-70),None,0.0,0.51,0.3297,0.3297,0.3082,182,5205,0.0094,108.1,109.12,110.13,107.02,2026-08-28,3,False
PWR,Industrials,Engineering & Construction,BB,BB 中軌向上（上升趨勢）,None,0.0,0.51,0.3297,0.3297,0.2929,273,17460,0.0054,616.73,620.06,623.39,610.56,2026-08-26,3,False
HSY,Consumer Staples,Confectioners,RSI,RSI 維持強勢 (50-70),None,0.0,0.51,0.3275,0.3275,0.2452,171,7574,0.0009,185.35,185.52,185.68,183.5,2026-08-26,3,False
DVA,Health Care,Medical Care Facilities,RSI,RSI 加速上升,None,0.0,0.5525,0.3269,0.3269,0.2803,156,8492,0.0082,180.68,182.16,183.64,178.87,2026-08-28,3,False
DINO,Energy,Oil & Gas Refining & Marketing,RSI,RSI 動能加速（強勢區）,None,0.0,0.51,0.3265,,0.3265,0,873,0.0005,99.71,99.76,99.81,98.71,2026-08-28,3,False
PAA,Energy,Oil & Gas Midstream,RSI,RSI 動能加速（強勢區）,None,0.0,0.51,0.3265,,0.3265,0,873,0.0005,25.63,25.64,25.66,25.37,2026-08-26,3,False
PR,Energy,Oil & Gas E&P,RSI,RSI 動能加速（強勢區）,None,0.0,0.51,0.3265,,0.3265,0,873,0.0005,23.18,23.19,23.2,22.95,2026-08-27,3,False
TMO,Health Care,Diagnostics & Research,RSI,RSI 維持強勢 (50-70),None,0.0,0.51,0.3265,0.3265,0.2772,196,12123,0.0039,622.18,624.61,627.03,615.96,2026-08-28,3,False
WDS,Energy,Oil & Gas E&P,RSI,RSI 動能加速（強勢區）,None,0.0,0.51,0.3265,,0.3265,0,873,0.0005,23.29,23.3,23.31,23.06,2026-08-27,3,False
WES,Energy,Oil & Gas Midstream,RSI,RSI 動能加速（強勢區）,None,0.0,0.51,0.3265,,0.3265,0,873,0.0005,48.3,48.32,48.35,47.82,2026-08-28,3,False
AGNCM,Real Estate,REIT - Mortgage,RSI,RSI 維持強勢 (50-70),None,0.0,0.51,0.3261,,0.3261,0,230,0.0069,25.16,25.33,25.51,24.91,2026-08-28,3,True
BEKE,Real Estate,Real Estate Services,RSI,RSI 維持強勢 (50-70),None,0.0,0.51,0.3261,,0.3261,0,230,0.0069,18.32,18.45,18.57,18.14,2026-08-28,3,True
BPYPN,Real Estate,Real Estate Services,RSI,RSI 維持強勢 (50-70),None,0.0,0.51,0.3261,,0.3261,0,230,0.0069,13.995,14.09,14.19,13.86,2026-08-26,3,True
BPYPO,Real Estate,Real Estate Services,RSI,RSI 維持強勢 (50-70),None,0.0,0.51,0.3261,,0.3261,0,230,0.0069,15.4,15.51,15.61,15.25,2026-08-26,3,True
AXON,Industrials,Aerospace & Defense,RSI,RSI 維持強勢 (50-70),None,0.0,0.51,0.3255,0.3255,0.2986,212,19157,-0.0009,600.73,600.19,599.65,594.72,2026-08-28,3,False
TIGO,Communication Services,Telecom Services,MACD,MACD 金叉 (空頭區),None,0.0,0.42,0.3254,,0.3254,0,252,0.0044,96.16,96.58,97.01,95.2,2026-08-26,3,False
RVTY,Health Care,Diagnostics & Research,BB,價格在 BB 中軌上方,None,0.0,0.425,0.3247,0.3247,0.2804,194,14417,-0.0022,128.8,128.52,128.23,127.51,2026-08-28,3,False
MOS,Materials,Agricultural Inputs,BB,價格在 BB 中軌上方,None,0.0,0.425,0.3246,0.3246,0.2859,268,6697,-0.0035,23.6,23.52,23.43,23.36,2026-08-28,3,False
GSAT,Communication Services,Telecom Services,RSI,RSI 上穿 50 中性線,None,0.0,0.4675,0.3243,,0.3243,0,518,0.004,82.05,82.38,82.71,81.23,2026-08-27,3,False
A,Health Care,Diagnostics & Research,RSI,RSI 維持強勢 (50-70),None,0.0,0.51,0.3237,0.3237,0.2772,207,12123,0.0002,153.84,153.87,153.9,152.3,2026-08-28,3,False
BROS,Consumer Discretionary,Restaurants,MACD,MACD 金叉 (空頭區),None,0.0,0.42,0.3233,,0.3233,0,529,0.0066,51.23,51.57,51.91,50.72,2026-08-26,3,False
XPEV,Consumer Discretionary,Auto Manufacturers,MACD,MACD 金叉 (空頭區),None,0.0,0.42,0.3233,,0.3233,0,529,0.0066,11.71,11.79,11.86,11.59,2026-08-26,3,False
CCJ,Energy,Uranium,RSI,RSI 加速上升,None,0.0,0.5525,0.3227,,0.3227,0,3306,0.0024,106.33,106.59,106.84,105.27,2026-08-27,3,False
TS,Energy,Oil & Gas Equipment & Services,RSI,RSI 加速上升,None,0.0,0.5525,0.3227,,0.3227,0,3306,0.0024,53.97,54.1,54.23,53.43,2026-08-28,3,False
ATI,Industrials,Metal Fabrication,KDJ,KDJ 金叉,None,0.0,0.5525,0.3223,,0.3223,0,2110,0.0051,214.52,215.61,216.71,212.37,2026-08-27,3,False
BWXT,Industrials,Aerospace & Defense,KDJ,KDJ 金叉,None,0.0,0.5525,0.3223,,0.3223,0,2110,0.0051,155.85,156.64,157.44,154.29,2026-08-27,3,False
CR,Industrials,Specialty Industrial Machinery,KDJ,KDJ 金叉,None,0.0,0.5525,0.3223,,0.3223,0,2110,0.0051,208.98,210.05,211.11,206.89,2026-08-27,3,False
CSL,Industrials,Building Products & Equipment,KDJ,KDJ 金叉,None,0.0,0.5525,0.3223,,0.3223,0,2110,0.0051,365.72,367.59,369.45,362.06,2026-08-26,3,False
FDXF,Industrials,Integrated Freight & Logistics,KDJ,KDJ 金叉,None,0.0,0.5525,0.3223,,0.3223,0,2110,0.0051,133.45,134.13,134.81,132.12,2026-08-28,3,False
LECO,Industrials,Tools & Accessories,KDJ,KDJ 金叉,None,0.0,0.5525,0.3223,,0.3223,0,2110,0.0051,290.12,291.6,293.08,287.22,2026-08-26,3,False
MLI,Industrials,Metal Fabrication,KDJ,KDJ 金叉,None,0.0,0.5525,0.3223,,0.3223,0,2110,0.0051,64.08,64.41,64.73,63.44,2026-08-26,3,False
POOL,Industrials,Industrial Distribution,KDJ,KDJ 金叉,None,0.0,0.5525,0.3223,,0.3223,0,2110,0.0051,188.07,189.03,189.99,186.19,2026-08-28,3,False
QXO,Industrials,Industrial Distribution,KDJ,KDJ 金叉,None,0.0,0.5525,0.3223,,0.3223,0,2110,0.0051,14.02,14.09,14.16,13.88,2026-08-26,3,False
SPCX,Industrials,Aerospace & Defense,KDJ,KDJ 金叉,None,0.0,0.5525,0.3223,,0.3223,0,2110,0.0051,141.5,142.22,142.94,140.09,2026-08-28,3,False
SPXC,Industrials,Building Products & Equipment,KDJ,KDJ 金叉,None,0.0,0.5525,0.3223,,0.3223,0,2110,0.0051,205.28,206.33,207.37,203.23,2026-08-27,3,False
TRI,Industrials,Specialty Business Services,KDJ,KDJ 金叉,None,0.0,0.5525,0.3223,,0.3223,0,2110,0.0051,106.225,106.77,107.31,105.16,2026-08-28,3,False
WCC,Industrials,Industrial Distribution,KDJ,KDJ 金叉,None,0.0,0.5525,0.3223,,0.3223,0,2110,0.0051,350.66,352.45,354.24,347.15,2026-08-27,3,False
WSO,Industrials,Industrial Distribution,KDJ,KDJ 金叉,None,0.0,0.5525,0.3223,,0.3223,0,2110,0.0051,314.39,315.99,317.6,311.25,2026-08-26,3,False
WTS,Industrials,Specialty Industrial Machinery,KDJ,KDJ 金叉,None,0.0,0.5525,0.3223,,0.3223,0,2110,0.0051,378.14,380.07,382.0,374.36,2026-08-26,3,False
GL,Financials,Insurance - Life,RSI,RSI 加速上升,None,0.0,0.5525,0.3221,0.3221,0.3014,149,11488,0.0145,172.79,175.3,177.8,171.06,2026-08-28,3,False
CME,Financials,Financial Data & Stock Exchanges,RSI,RSI 動能加速（強勢區）,Consolidation Breakout,0.85,1.0,0.3218,,0.3218,0,87,0.0041,285.8,286.97,288.14,282.94,2026-08-28,3,True
SWKS,Information Technology,Semiconductors,RSI,RSI 維持強勢 (50-70),None,0.0,0.51,0.3218,0.3218,0.3645,174,16764,-0.0005,67.36,67.33,67.29,66.69,2026-08-27,3,False
BBD,Financials,Banks - Regional,MACD,MACD 金叉 (空頭區),None,0.0,0.42,0.3214,,0.3214,0,865,0.0073,3.26,3.28,3.31,3.23,2026-08-26,3,False
EVR,Financials,Capital Markets,MACD,MACD 金叉 (空頭區),None,0.0,0.42,0.3214,,0.3214,0,865,0.0073,290.11,292.23,294.35,287.21,2026-08-28,3,False
HUT,Financials,Capital Markets,MACD,MACD 金叉 (空頭區),None,0.0,0.42,0.3214,,0.3214,0,865,0.0073,85.0,85.62,86.24,84.15,2026-08-26,3,False
ITUB,Financials,Banks - Regional,MACD,MACD 金叉 (空頭區),None,0.0,0.42,0.3214,,0.3214,0,865,0.0073,7.61,7.67,7.72,7.53,2026-08-26,3,False
MKL,Financials,Insurance - Property & Casualty,MACD,MACD 金叉 (空頭區),None,0.0,0.42,0.3214,,0.3214,0,865,0.0073,1818.6899,1831.97,1845.24,1800.5,2026-08-28,3,False
BG,Consumer Staples,Farm Products,RSI,RSI 加速上升,None,0.0,0.5525,0.321,0.321,0.2439,162,5343,0.0012,115.48,115.62,115.76,114.33,2026-08-28,3,False
HCA,Health Care,Medical Care Facilities,RSI,RSI 維持強勢 (50-70),None,0.0,0.51,0.321,0.321,0.2772,271,12123,0.0051,417.82,419.95,422.08,413.64,2026-08-28,3,False
REGN,Health Care,Biotechnology,BB,價格在 BB 中軌上方,None,0.0,0.425,0.3207,0.3207,0.2804,290,14417,0.0008,807.71,808.36,809.0,799.63,2026-08-27,3,False
TDG,Industrials,Aerospace & Defense,KDJ,KDJ 金叉,None,0.0,0.5525,0.32,0.32,0.3223,25,2110,0.0029,1207.0601,1210.56,1214.06,1194.99,2026-08-26,3,False
LEN,Consumer Discretionary,Residential Construction,BB,BB 中軌向上（上升趨勢）,None,0.0,0.51,0.3191,0.3191,0.2908,141,9757,-0.0026,86.33,86.11,85.88,85.47,2026-08-28,3,False
DOC,Real Estate,REIT - Healthcare Facilities,RSI,RSI 維持強勢 (50-70),None,0.0,0.51,0.3188,0.3188,0.2509,207,7011,0.004,21.58,21.67,21.75,21.36,2026-08-26,3,False
JD,Consumer Discretionary,Internet Retail,KDJ,KDJ 金叉,None,0.0,0.5525,0.3183,,0.3183,0,1244,0.0033,28.74,28.83,28.93,28.45,2026-08-28,3,False
SN,Consumer Discretionary,"Furnishings, Fixtures & Appliances",KDJ,KDJ 金叉,None,0.0,0.5525,0.3183,,0.3183,0,1244,0.0033,188.55,189.17,189.79,186.66,2026-08-26,3,False
TXRH,Consumer Discretionary,Restaurants,KDJ,KDJ 金叉,None,0.0,0.5525,0.3183,,0.3183,0,1244,0.0033,203.88,204.55,205.23,201.84,2026-08-26,3,False
HBANZ,Financials,Banks - Regional,RSI,RSI 加速上升,None,0.0,0.5525,0.318,,0.318,0,588,0.002,19.17,19.21,19.25,18.98,2026-08-28,3,True
IX,Financials,Financial Conglomerates,RSI,RSI 加速上升,None,0.0,0.5525,0.318,,0.318,0,588,0.002,38.92,39.0,39.08,38.53,2026-08-27,3,True
CYTK,Health Care,Biotechnology,BB,BB 跌破下軌 (超賣),None,0.0,0.45499999999999996,0.3173,,0.3173,0,375,-0.0037,72.09,71.82,71.56,71.37,2026-08-28,3,True
SBS,Utilities,Utilities - Regulated Water,RSI,RSI 加速上升,None,0.0,0.5525,0.3147,,0.3147,0,251,0.0085,4.87,4.91,4.95,4.82,2026-08-28,3,True
BRKRP,Health Care,Medical Devices,RSI,RSI 上穿 50 中性線,None,0.0,0.4675,0.3144,,0.3144,0,1323,0.003,437.4,438.71,440.02,433.03,2026-08-27,3,False
JAZZ,Health Care,Biotechnology,RSI,RSI 上穿 50 中性線,None,0.0,0.4675,0.3144,,0.3144,0,1323,0.003,251.1,251.85,252.61,248.59,2026-08-27,3,False
SMMT,Health Care,Biotechnology,RSI,RSI 上穿 50 中性線,None,0.0,0.4675,0.3144,,0.3144,0,1323,0.003,14.23,14.27,14.32,14.09,2026-08-26,3,False
UTHR,Health Care,Drug Manufacturers - Specialty & Generic,RSI,RSI 上穿 50 中性線,None,0.0,0.4675,0.3144,,0.3144,0,1323,0.003,527.91,529.49,531.08,522.63,2026-08-27,3,False
BAM,Financials,Asset Management,KDJ,KDJ 金叉,None,0.0,0.5525,0.3142,,0.3142,0,1932,0.0041,52.12,52.33,52.55,51.6,2026-08-28,3,False
BPYPM,Financials,Asset Management,KDJ,KDJ 金叉,None,0.0,0.5525,0.3142,,0.3142,0,1932,0.0041,16.87,16.94,17.01,16.7,2026-08-27,3,False
CRBG,Financials,Asset Management,KDJ,KDJ 金叉,None,0.0,0.5525,0.3142,,0.3142,0,1932,0.0041,32.63,32.76,32.9,32.3,2026-08-27,3,False
EQH,Financials,Asset Management,KDJ,KDJ 金叉,None,0.0,0.5525,0.3142,,0.3142,0,1932,0.0041,50.15,50.36,50.56,49.65,2026-08-27,3,False
FCNCA,Financials,Banks - Regional,KDJ,KDJ 金叉,None,0.0,0.5525,0.3142,,0.3142,0,1932,0.0041,2194.0701,2203.07,2212.06,2172.13,2026-08-28,3,False
FNF,Financials,Insurance - Specialty,KDJ,KDJ 金叉,None,0.0,0.5525,0.3142,,0.3142,0,1932,0.0041,47.55,47.74,47.94,47.07,2026-08-28,3,False
HSBC,Financials,Banks - Diversified,KDJ,KDJ 金叉,None,0.0,0.5525,0.3142,,0.3142,0,1932,0.0041,103.53,103.95,104.38,102.49,2026-08-28,3,False
ING,Financials,Banks - Diversified,KDJ,KDJ 金叉,None,0.0,0.5525,0.3142,,0.3142,0,1932,0.0041,35.57,35.72,35.86,35.21,2026-08-26,3,False
JEF,Financials,Capital Markets,KDJ,KDJ 金叉,None,0.0,0.5525,0.3142,,0.3142,0,1932,0.0041,53.13,53.35,53.57,52.6,2026-08-26,3,False
LPLA,Financials,Capital Markets,KDJ,KDJ 金叉,None,0.0,0.5525,0.3142,,0.3142,0,1932,0.0041,361.22,362.7,364.18,357.61,2026-08-27,3,False
MFG,Financials,Banks - Regional,KDJ,KDJ 金叉,None,0.0,0.5525,0.3142,,0.3142,0,1932,0.0041,10.44,10.48,10.53,10.34,2026-08-27,3,False
MUFG,Financials,Banks - Diversified,KDJ,KDJ 金叉,None,0.0,0.5525,0.3142,,0.3142,0,1932,0.0041,22.44,22.53,22.62,22.22,2026-08-26,3,False
OWL,Financials,Asset Management,KDJ,KDJ 金叉,None,0.0,0.5525,0.3142,,0.3142,0,1932,0.0041,12.02,12.07,12.12,11.9,2026-08-27,3,False
RGA,Financials,Insurance - Reinsurance,KDJ,KDJ 金叉,None,0.0,0.5525,0.3142,,0.3142,0,1932,0.0041,246.55,247.56,248.57,244.08,2026-08-26,3,False
SF,Financials,Capital Markets,KDJ,KDJ 金叉,None,0.0,0.5525,0.3142,,0.3142,0,1932,0.0041,81.29,81.62,81.96,80.48,2026-08-28,3,False
TD,Financials,Banks - Diversified,KDJ,KDJ 金叉,None,0.0,0.5525,0.3142,,0.3142,0,1932,0.0041,121.09,121.59,122.08,119.88,2026-08-27,3,False
TPG,Financials,Asset Management,KDJ,KDJ 金叉,None,0.0,0.5525,0.3142,,0.3142,0,1932,0.0041,53.94,54.16,54.38,53.4,2026-08-27,3,False
TW,Financials,Capital Markets,KDJ,KDJ 金叉,None,0.0,0.5525,0.3142,,0.3142,0,1932,0.0041,108.87,109.32,109.76,107.78,2026-08-28,3,False
UNM,Financials,Insurance - Life,KDJ,KDJ 金叉,None,0.0,0.5525,0.3142,,0.3142,0,1932,0.0041,91.51,91.89,92.26,90.59,2026-08-26,3,False
ESI,Materials,Specialty Chemicals,KDJ,KDJ 金叉,None,0.0,0.5525,0.314,,0.314,0,637,0.0047,36.52,36.69,36.86,36.15,2026-08-27,3,False
BDRX,Health Care,Biotechnology,RSI,RSI 維持超賣,None,0.0,0.385,0.3138,,0.3138,0,956,0.0016,0.8681,0.87,0.87,0.86,2026-08-28,3,False
SPOT,Communication Services,Internet Content & Information,RSI,RSI 動能加速（強勢區）,None,0.0,0.51,0.3135,,0.3135,0,772,0.0011,547.51,548.11,548.71,542.03,2026-08-28,3,False
PYPL,Financials,Credit Services,RSI,RSI 維持強勢 (50-70),None,0.0,0.51,0.3128,0.3128,0.2842,211,19108,-0.0065,61.47,61.07,60.67,60.86,2026-08-27,3,False
TM,Consumer Discretionary,Auto Manufacturers,RSI,RSI 維持強勢 (50-70),Support,0.7,1.0,0.3125,,0.3125,0,32,-0.0041,191.84,191.05,190.27,189.92,2026-08-26,3,False
USB,Financials,Banks - Regional,RSI,RSI 加速上升,None,0.0,0.5525,0.3125,0.3125,0.3014,144,11488,0.0044,62.4,62.67,62.95,61.78,2026-08-27,3,False
HIG,Financials,Insurance - Diversified,RSI,RSI 上穿 50 中性線,None,0.0,0.4675,0.3125,0.3125,0.3091,32,1899,0.0056,139.86,140.64,141.43,138.46,2026-08-26,3,False
PGR,Financials,Insurance - Property & Casualty,BB,BB 中軌向上（上升趨勢）,None,0.0,0.51,0.3119,0.3119,0.2681,202,16575,0.0077,218.64,220.32,222.01,216.45,2026-08-28,3,False
BALL,Consumer Discretionary,Packaging & Containers,RSI,RSI 加速上升,None,0.0,0.5525,0.3117,,0.3117,0,6796,0.004,64.05,64.31,64.56,63.41,2026-08-26,3,False
IHG,Consumer Discretionary,Lodging,RSI,RSI 加速上升,None,0.0,0.5525,0.3117,,0.3117,0,6796,0.004,163.02,163.67,164.32,161.39,2026-08-27,3,False
ROL,Consumer Discretionary,Personal Services,RSI,RSI 加速上升,None,0.0,0.5525,0.3117,,0.3117,0,6796,0.004,36.7,36.85,36.99,36.33,2026-08-26,3,False
SCI,Consumer Discretionary,Personal Services,RSI,RSI 加速上升,None,0.0,0.5525,0.3117,,0.3117,0,6796,0.004,85.38,85.72,86.06,84.53,2026-08-26,3,False
BIDU,Communication Services,Internet Content & Information,RSI,RSI 加速上升,None,0.0,0.5525,0.3116,,0.3116,0,3322,0.0033,97.12,97.44,97.76,96.15,2026-08-28,3,False
CCZ,Communication Services,Cable & Satellite,RSI,RSI 加速上升,None,0.0,0.5525,0.3116,,0.3116,0,3322,0.0033,66.45,66.67,66.89,65.79,2026-08-25,3,False
NTES,Communication Services,Electronic Gaming & Multimedia,RSI,RSI 加速上升,None,0.0,0.5525,0.3116,,0.3116,0,3322,0.0033,122.69,123.09,123.5,121.46,2026-08-27,3,False
NYT,Communication Services,Publishing,RSI,RSI 加速上升,None,0.0,0.5525,0.3116,,0.3116,0,3322,0.0033,68.16,68.38,68.61,67.48,2026-08-28,3,False
TIMB,Communication Services,Telecom Services,RSI,RSI 加速上升,None,0.0,0.5525,0.3116,,0.3116,0,3322,0.0033,17.77,17.83,17.89,17.59,2026-08-27,3,False
VIV,Communication Services,Telecom Services,RSI,RSI 加速上升,None,0.0,0.5525,0.3116,,0.3116,0,3322,0.0033,11.33,11.37,11.4,11.22,2026-08-27,3,False
SWK,Industrials,Tools & Accessories,BB,BB 中軌向上（上升趨勢）,None,0.0,0.51,0.311,0.311,0.2929,164,17460,-0.003,97.8,97.51,97.21,96.82,2026-08-28,3,False
UNP,Industrials,Railroads,RSI,RSI 加速上升,None,0.0,0.5525,0.3108,0.3108,0.2981,148,11545,0.0081,310.62,313.14,315.65,307.51,2026-08-26,3,False
MAIR,Industrials,Building Products & Equipment,RSI,RSI 加速上升,Morning Star,0.8,1.0,0.3106,,0.3106,0,132,0.0051,28.51,28.66,28.8,28.22,2026-08-26,3,False
GILD,Health Care,Drug Manufacturers - General,BB,BB 中軌向上（上升趨勢）,None,0.0,0.51,0.3105,0.3105,0.2705,219,10885,0.005,145.68,146.41,147.14,144.22,2026-08-28,3,False
TGT,Consumer Staples,Discount Stores,BB,BB 中軌向上（上升趨勢）,None,0.0,0.51,0.3094,0.3094,0.2466,181,6128,0.0009,163.18,163.33,163.47,161.55,2026-08-28,3,False
AFG,Financials,Insurance - Property & Casualty,RSI,RSI 上穿 50 中性線,None,0.0,0.4675,0.3091,,0.3091,0,1899,0.0046,143.62,144.28,144.94,142.18,2026-08-28,3,False
HBANM,Financials,Banks - Regional,RSI,RSI 上穿 50 中性線,None,0.0,0.4675,0.3091,,0.3091,0,1899,0.0046,20.93,21.03,21.12,20.72,2026-08-26,3,False
MFC,Financials,Insurance - Life,RSI,RSI 上穿 50 中性線,None,0.0,0.4675,0.3091,,0.3091,0,1899,0.0046,43.23,43.43,43.63,42.8,2026-08-26,3,False
RIOT,Financials,Capital Markets,RSI,RSI 上穿 50 中性線,None,0.0,0.4675,0.3091,,0.3091,0,1899,0.0046,20.88,20.98,21.07,20.67,2026-08-27,3,False
RKT,Financials,Mortgage Finance,RSI,RSI 上穿 50 中性線,None,0.0,0.4675,0.3091,,0.3091,0,1899,0.0046,14.24,14.31,14.37,14.1,2026-08-27,3,False
ZION,Financials,Banks - Regional,RSI,RSI 上穿 50 中性線,None,0.0,0.4675,0.3091,,0.3091,0,1899,0.0046,68.32,68.63,68.95,67.64,2026-08-26,3,False
BUD,Consumer Staples,Beverages - Brewers,RSI,RSI 加速上升,None,0.0,0.5525,0.309,,0.309,0,288,-0.0012,80.13,80.03,79.94,79.33,2026-08-28,3,True
CMI,Industrials,Specialty Industrial Machinery,RSI,RSI 超賣區域 (30),None,0.0,0.5249999999999999,0.3086,,0.3086,0,337,0.006,564.85,568.24,571.63,559.2,2026-08-28,3,False
CW,Industrials,Aerospace & Defense,RSI,RSI 超賣區域 (30),None,0.0,0.5249999999999999,0.3086,,0.3086,0,337,0.006,605.49,609.12,612.76,599.44,2026-08-27,3,False
FER,Industrials,Engineering & Construction,RSI,RSI 超賣區域 (30),None,0.0,0.5249999999999999,0.3086,,0.3086,0,337,0.006,58.77,59.12,59.48,58.18,2026-08-27,3,False
RRX,Industrials,Specialty Industrial Machinery,RSI,RSI 超賣區域 (30),None,0.0,0.5249999999999999,0.3086,,0.3086,0,337,0.006,157.43,158.37,159.32,155.86,2026-08-28,3,False
NDAQ,Financials,Financial Data & Stock Exchanges,RSI,RSI 維持強勢 (50-70),None,0.0,0.51,0.3086,0.3086,0.2842,269,19108,0.0049,99.31,99.8,100.28,98.32,2026-08-28,3,False
BCE,Communication Services,Telecom Services,RSI,RSI 維持強勢 (50-70),None,0.0,0.51,0.3082,,0.3082,0,5205,0.0026,23.46,23.52,23.58,23.23,2026-08-28,3,False
CHT,Communication Services,Telecom Services,RSI,RSI 維持強勢 (50-70),None,0.0,0.51,0.3082,,0.3082,0,5205,0.0026,42.99,43.1,43.21,42.56,2026-08-28,3,False
FWONA,Communication Services,Entertainment,RSI,RSI 維持強勢 (50-70),None,0.0,0.51,0.3082,,0.3082,0,5205,0.0026,93.42,93.66,93.91,92.49,2026-08-28,3,False
FWONK,Communication Services,Entertainment,RSI,RSI 維持強勢 (50-70),None,0.0,0.51,0.3082,,0.3082,0,5205,0.0026,101.8,102.06,102.33,100.78,2026-08-28,3,False
PINS,Communication Services,Internet Content & Information,RSI,RSI 維持強勢 (50-70),None,0.0,0.51,0.3082,,0.3082,0,5205,0.0026,23.31,23.37,23.43,23.08,2026-08-26,3,False
RCI,Communication Services,Telecom Services,RSI,RSI 維持強勢 (50-70),None,0.0,0.51,0.3082,,0.3082,0,5205,0.0026,36.59,36.69,36.78,36.22,2026-08-28,3,False
ROKU,Communication Services,Entertainment,RSI,RSI 維持強勢 (50-70),None,0.0,0.51,0.3082,,0.3082,0,5205,0.0026,157.675,158.08,158.49,156.1,2026-08-28,3,False
SKM,Communication Services,Telecom Services,RSI,RSI 維持強勢 (50-70),None,0.0,0.51,0.3082,,0.3082,0,5205,0.0026,39.34,39.44,39.54,38.95,2026-08-28,3,False
ITW,Industrials,Specialty Industrial Machinery,KDJ,KDJ 金叉,None,0.0,0.5525,0.3077,0.3077,0.3223,13,2110,0.0076,285.51,287.68,289.85,282.65,2026-08-26,3,False
MCO,Financials,Financial Data & Stock Exchanges,RSI,RSI 加速上升,None,0.0,0.5525,0.3077,0.3077,0.3014,143,11488,0.0067,514.55,518.0,521.44,509.4,2026-08-26,3,False
DG,Consumer Staples,Discount Stores,RSI,RSI 動能加速（強勢區）,None,0.0,0.51,0.3077,,0.3077,0,104,-0.0034,125.89,125.46,125.03,124.63,2026-08-27,3,True
DVN,Energy,Oil & Gas E&P,BB,價格在 BB 中軌上方,None,0.0,0.425,0.3077,0.3077,0.2998,195,5768,-0.0114,47.35,46.81,46.27,46.88,2026-08-28,3,False
CCK,Consumer Discretionary,Packaging & Containers,RSI,RSI 上穿 50 中性線,None,0.0,0.4675,0.3072,,0.3072,0,1123,0.0037,118.44,118.88,119.32,117.26,2026-08-28,3,False
CPNG,Consumer Discretionary,Internet Retail,RSI,RSI 上穿 50 中性線,None,0.0,0.4675,0.3072,,0.3072,0,1123,0.0037,16.52,16.58,16.64,16.35,2026-08-28,3,False
FLUT,Consumer Discretionary,Gambling,RSI,RSI 上穿 50 中性線,None,0.0,0.4675,0.3072,,0.3072,0,1123,0.0037,101.78,102.16,102.53,100.76,2026-08-28,3,False
ISRG,Health Care,Medical Instruments & Supplies,BB,BB 中軌向上（上升趨勢）,None,0.0,0.51,0.306,0.306,0.2705,183,10885,0.007,372.6,375.21,377.82,368.87,2026-08-28,3,False
KVUE,Consumer Staples,Household & Personal Products,RSI,RSI 維持強勢 (50-70),None,0.0,0.51,0.305,0.305,0.2452,200,7574,0.004,19.17,19.25,19.32,18.98,2026-08-28,3,False
CX,Materials,Building Materials,RSI,RSI 加速上升,None,0.0,0.5525,0.3048,,0.3048,0,3639,0.0024,10.93,10.96,10.98,10.82,2026-08-27,3,False
MT,Materials,Steel,RSI,RSI 加速上升,None,0.0,0.5525,0.3048,,0.3048,0,3639,0.0024,74.39,74.57,74.75,73.65,2026-08-28,3,False
PKX,Materials,Steel,RSI,RSI 加速上升,None,0.0,0.5525,0.3048,,0.3048,0,3639,0.0024,60.25,60.39,60.54,59.65,2026-08-28,3,False
RS,Materials,Steel,RSI,RSI 加速上升,None,0.0,0.5525,0.3048,,0.3048,0,3639,0.0024,391.69,392.63,393.57,387.77,2026-08-27,3,False
SCCO,Materials,Copper,RSI,RSI 加速上升,None,0.0,0.5525,0.3048,,0.3048,0,3639,0.0024,216.28,216.8,217.32,214.12,2026-08-27,3,False
TECK,Materials,Other Industrial Metals & Mining,RSI,RSI 加速上升,None,0.0,0.5525,0.3048,,0.3048,0,3639,0.0024,70.54,70.71,70.88,69.83,2026-08-27,3,False
VALE,Materials,Other Industrial Metals & Mining,RSI,RSI 加速上升,None,0.0,0.5525,0.3048,,0.3048,0,3639,0.0024,15.31,15.35,15.38,15.16,2026-08-27,3,False
DRI,Consumer Discretionary,Restaurants,RSI,RSI 上穿 50 中性線,None,0.0,0.4675,0.3043,0.3043,0.3072,23,1123,0.0037,215.63,216.43,217.23,213.47,2026-08-28,3,False
AER,Industrials,Rental & Leasing Services,RSI,RSI 上穿 50 中性線,None,0.0,0.4675,0.304,,0.304,0,1816,0.0018,149.83,150.1,150.37,148.33,2026-08-26,3,False
CLH,Industrials,Waste Management,RSI,RSI 上穿 50 中性線,None,0.0,0.4675,0.304,,0.304,0,1816,0.0018,313.67,314.23,314.8,310.53,2026-08-26,3,False
ITT,Industrials,Specialty Industrial Machinery,RSI,RSI 上穿 50 中性線,None,0.0,0.4675,0.304,,0.304,0,1816,0.0018,210.4,210.78,211.16,208.3,2026-08-26,3,False
WCN,Industrials,Waste Management,RSI,RSI 上穿 50 中性線,None,0.0,0.4675,0.304,,0.304,0,1816,0.0018,167.15,167.45,167.75,165.48,2026-08-26,3,False
HMC,Consumer Discretionary,Auto Manufacturers,RSI,RSI 動能加速（強勢區）,None,0.0,0.51,0.3027,,0.3027,0,1665,0.0035,31.86,31.97,32.08,31.54,2026-08-28,3,False
MELI,Consumer Discretionary,Internet Retail,RSI,RSI 動能加速（強勢區）,None,0.0,0.51,0.3027,,0.3027,0,1665,0.0035,1966.25,1973.13,1980.01,1946.59,2026-08-28,3,False
RACE,Consumer Discretionary,Auto Manufacturers,RSI,RSI 動能加速（強勢區）,None,0.0,0.51,0.3027,,0.3027,0,1665,0.0035,420.54,422.01,423.48,416.33,2026-08-28,3,False
PLD,Real Estate,REIT - Industrial,BB,價格在 BB 中軌上方,None,0.0,0.425,0.3026,0.3026,0.248,228,8032,0.0074,141.85,142.9,143.95,140.43,2026-08-27,3,False
EMR,Industrials,Specialty Industrial Machinery,RSI,RSI 維持強勢 (50-70),None,0.0,0.51,0.3019,0.3019,0.2986,212,19157,0.0048,155.18,155.92,156.67,153.63,2026-08-28,3,False
BAP,Financials,Banks - Regional,RSI,RSI 加速上升,None,0.0,0.5525,0.3014,,0.3014,0,11488,0.0041,382.55,384.12,385.69,378.72,2026-08-26,3,False
BBDO,Financials,Banks - Regional,RSI,RSI 加速上升,None,0.0,0.5525,0.3014,,0.3014,0,11488,0.0041,3.13,3.14,3.16,3.1,2026-08-26,3,False
BNY,Financials,Banks - Diversified,RSI,RSI 加速上升,None,0.0,0.5525,0.3014,,0.3014,0,11488,0.0041,162.5,163.17,163.83,160.88,2026-08-28,3,False
BSBR,Financials,Banks - Regional,RSI,RSI 加速上升,None,0.0,0.5525,0.3014,,0.3014,0,11488,0.0041,5.73,5.75,5.78,5.67,2026-08-27,3,False
CRCL,Financials,Capital Markets,RSI,RSI 加速上升,None,0.0,0.5525,0.3014,,0.3014,0,11488,0.0041,94.24,94.63,95.01,93.3,2026-08-27,3,False
DB,Financials,Banks - Regional,RSI,RSI 加速上升,None,0.0,0.5525,0.3014,,0.3014,0,11488,0.0041,40.36,40.53,40.69,39.96,2026-08-28,3,False
FUTU,Financials,Capital Markets,RSI,RSI 加速上升,None,0.0,0.5525,0.3014,,0.3014,0,11488,0.0041,127.34,127.86,128.38,126.07,2026-08-26,3,False
IBN,Financials,Banks - Regional,RSI,RSI 加速上升,None,0.0,0.5525,0.3014,,0.3014,0,11488,0.0041,30.15,30.27,30.4,29.85,2026-08-26,3,False
KB,Financials,Banks - Regional,RSI,RSI 加速上升,None,0.0,0.5525,0.3014,,0.3014,0,11488,0.0041,124.16,124.67,125.18,122.92,2026-08-28,3,False
LYG,Financials,Banks - Regional,RSI,RSI 加速上升,None,0.0,0.5525,0.3014,,0.3014,0,11488,0.0041,6.04,6.06,6.09,5.98,2026-08-26,3,False
NMR,Financials,Capital Markets,RSI,RSI 加速上升,None,0.0,0.5525,0.3014,,0.3014,0,11488,0.0041,10.3,10.34,10.38,10.2,2026-08-28,3,False
NU,Financials,Banks - Regional,RSI,RSI 加速上升,None,0.0,0.5525,0.3014,,0.3014,0,11488,0.0041,14.88,14.94,15.0,14.73,2026-08-27,3,False
RNR,Financials,Insurance - Reinsurance,RSI,RSI 加速上升,None,0.0,0.5525,0.3014,,0.3014,0,11488,0.0041,330.74,332.1,333.45,327.43,2026-08-28,3,False
SAN,Financials,Banks - Diversified,RSI,RSI 加速上升,None,0.0,0.5525,0.3014,,0.3014,0,11488,0.0041,14.7,14.76,14.82,14.55,2026-08-26,3,False
SEIC,Financials,Asset Management,RSI,RSI 加速上升,None,0.0,0.5525,0.3014,,0.3014,0,11488,0.0041,111.3,111.76,112.21,110.19,2026-08-27,3,False
SHG,Financials,Banks - Regional,RSI,RSI 加速上升,None,0.0,0.5525,0.3014,,0.3014,0,11488,0.0041,79.15,79.47,79.8,78.36,2026-08-28,3,False
SLF,Financials,Insurance - Diversified,RSI,RSI 加速上升,None,0.0,0.5525,0.3014,,0.3014,0,11488,0.0041,78.61,78.93,79.25,77.82,2026-08-27,3,False
SNEX,Financials,Capital Markets,RSI,RSI 加速上升,None,0.0,0.5525,0.3014,,0.3014,0,11488,0.0041,68.35,68.63,68.91,67.67,2026-08-27,3,False
SOFI,Financials,Credit Services,RSI,RSI 加速上升,None,0.0,0.5525,0.3014,,0.3014,0,11488,0.0041,19.18,19.26,19.34,18.99,2026-08-27,3,False
UBS,Financials,Banks - Diversified,RSI,RSI 加速上升,None,0.0,0.5525,0.3014,,0.3014,0,11488,0.0041,54.36,54.58,54.81,53.82,2026-08-27,3,False
VLYPN,Financials,Banks - Regional,RSI,RSI 加速上升,None,0.0,0.5525,0.3014,,0.3014,0,11488,0.0041,26.084,26.19,26.3,25.82,2026-08-27,3,False
VLYPO,Financials,Banks - Regional,RSI,RSI 加速上升,None,0.0,0.5525,0.3014,,0.3014,0,11488,0.0041,25.0,25.1,25.2,24.75,2026-08-27,3,False
WF,Financials,Banks - Regional,RSI,RSI 加速上升,None,0.0,0.5525,0.3014,,0.3014,0,11488,0.0041,73.33,73.63,73.93,72.6,2026-08-28,3,False
RBLX,Communication Services,Electronic Gaming & Multimedia,BB,價格在 BB 中軌上方,None,0.0,0.425,0.3007,,0.3007,0,6080,0.0027,38.53,38.63,38.74,38.14,2026-08-28,3,False
TU,Communication Services,Telecom Services,BB,價格在 BB 中軌上方,None,0.0,0.425,0.3007,,0.3007,0,6080,0.0027,9.76,9.79,9.81,9.66,2026-08-27,3,False
CSX,Industrials,Railroads,BB,價格在 BB 中軌上方,None,0.0,0.425,0.3006,0.3006,0.295,336,22337,0.0054,51.28,51.56,51.83,50.77,2026-08-28,3,False
BIP,Utilities,Utilities - Diversified,KDJ,KDJ 金叉,None,0.0,0.5525,0.3001,,0.3001,0,713,0.0052,38.88,39.08,39.28,38.49,2026-08-27,3,False
ENLT,Utilities,Utilities - Renewable,KDJ,KDJ 金叉,None,0.0,0.5525,0.3001,,0.3001,0,713,0.0052,80.57,80.99,81.41,79.76,2026-08-27,3,False
CSCO,Information Technology,Communication Equipment,KDJ,KDJ 金叉,None,0.0,0.5525,0.3,0.3,0.3918,30,1955,0.0041,112.36,112.82,113.28,111.24,2026-08-26,3,False
CVX,Energy,Oil & Gas Integrated,RSI,RSI 動能加速（強勢區）,None,0.0,0.51,0.3,0.3,0.3265,40,873,0.0003,201.86,201.92,201.98,199.84,2026-08-28,3,False
PRU,Financials,Insurance - Life,RSI,RSI 上穿 50 中性線,None,0.0,0.4675,0.3,0.3,0.3091,30,1899,-0.0017,120.37,120.17,119.96,119.17,2026-08-27,3,False
UNH,Health Care,Healthcare Plans,MACD,MACD 金叉 (空頭區),None,0.0,0.42,0.3,0.3,0.2741,10,686,0.0263,395.05,405.44,415.83,391.1,2026-08-27,3,False
AR,Energy,Oil & Gas E&P,BB,價格在 BB 中軌上方,None,0.0,0.425,0.2998,,0.2998,0,5768,-0.0016,38.45,38.39,38.33,38.07,2026-08-28,3,False
CNQ,Energy,Oil & Gas E&P,BB,價格在 BB 中軌上方,None,0.0,0.425,0.2998,,0.2998,0,5768,-0.0016,48.99,48.91,48.83,48.5,2026-08-28,3,False
CVE,Energy,Oil & Gas Integrated,BB,價格在 BB 中軌上方,None,0.0,0.425,0.2998,,0.2998,0,5768,-0.0016,31.58,31.53,31.48,31.26,2026-08-28,3,False
EQNR,Energy,Oil & Gas Integrated,BB,價格在 BB 中軌上方,None,0.0,0.425,0.2998,,0.2998,0,5768,-0.0016,41.39,41.32,41.26,40.98,2026-08-28,3,False
ET,Energy,Oil & Gas Midstream,BB,價格在 BB 中軌上方,None,0.0,0.425,0.2998,,0.2998,0,5768,-0.0016,21.31,21.28,21.24,21.1,2026-08-28,3,False
IMO,Energy,Oil & Gas Integrated,BB,價格在 BB 中軌上方,None,0.0,0.425,0.2998,,0.2998,0,5768,-0.0016,132.22,132.01,131.8,130.9,2026-08-27,3,False
LNG,Energy,Oil & Gas Midstream,BB,價格在 BB 中軌上方,None,0.0,0.425,0.2998,,0.2998,0,5768,-0.0016,282.33,281.88,281.43,279.51,2026-08-28,3,False
OVV,Energy,Oil & Gas E&P,BB,價格在 BB 中軌上方,None,0.0,0.425,0.2998,,0.2998,0,5768,-0.0016,64.59,64.49,64.38,63.94,2026-08-28,3,False
PBA,Energy,Oil & Gas Midstream,BB,價格在 BB 中軌上方,None,0.0,0.425,0.2998,,0.2998,0,5768,-0.0016,48.64,48.56,48.48,48.15,2026-08-26,3,False
SHEL,Energy,Oil & Gas Integrated,BB,價格在 BB 中軌上方,None,0.0,0.425,0.2998,,0.2998,0,5768,-0.0016,90.91,90.76,90.62,90.0,2026-08-28,3,False
SU,Energy,Oil & Gas Integrated,BB,價格在 BB 中軌上方,None,0.0,0.425,0.2998,,0.2998,0,5768,-0.0016,65.43,65.33,65.22,64.78,2026-08-28,3,False
SUN,Energy,Oil & Gas Refining & Marketing,BB,價格在 BB 中軌上方,None,0.0,0.425,0.2998,,0.2998,0,5768,-0.0016,74.65,74.53,74.41,73.9,2026-08-28,3,False
VNOM,Energy,Oil & Gas Midstream,BB,價格在 BB 中軌上方,None,0.0,0.425,0.2998,,0.2998,0,5768,-0.0016,44.18,44.11,44.04,43.74,2026-08-28,3,False
YPF,Energy,Oil & Gas Integrated,BB,價格在 BB 中軌上方,None,0.0,0.425,0.2998,,0.2998,0,5768,-0.0016,50.48,50.4,50.32,49.98,2026-08-27,3,False
AMCR,Consumer Discretionary,Packaging & Containers,RSI,RSI 維持強勢 (50-70),None,0.0,0.51,0.2995,,0.2995,0,10441,0.0032,46.67,46.82,46.97,46.2,2026-08-28,3,False
AVY,Consumer Discretionary,Packaging & Containers,RSI,RSI 維持強勢 (50-70),None,0.0,0.51,0.2995,,0.2995,0,10441,0.0032,177.75,178.32,178.89,175.97,2026-08-28,3,False
CART,Consumer Discretionary,Internet Retail,RSI,RSI 維持強勢 (50-70),None,0.0,0.51,0.2995,,0.2995,0,10441,0.0032,50.54,50.7,50.86,50.03,2026-08-28,3,False
FIVE,Consumer Discretionary,Specialty Retail,RSI,RSI 維持強勢 (50-70),None,0.0,0.51,0.2995,,0.2995,0,10441,0.0032,241.89,242.66,243.44,239.47,2026-08-28,3,False
HTHT,Consumer Discretionary,Lodging,RSI,RSI 維持強勢 (50-70),None,0.0,0.51,0.2995,,0.2995,0,10441,0.0032,47.82,47.97,48.13,47.34,2026-08-28,3,False
PAG,Consumer Discretionary,Auto & Truck Dealerships,RSI,RSI 維持強勢 (50-70),None,0.0,0.51,0.2995,,0.2995,0,10441,0.0032,217.01,217.7,218.4,214.84,2026-08-28,3,False
QSR,Consumer Discretionary,Restaurants,RSI,RSI 維持強勢 (50-70),None,0.0,0.51,0.2995,,0.2995,0,10441,0.0032,78.26,78.51,78.76,77.48,2026-08-28,3,False
SE,Consumer Discretionary,Internet Retail,RSI,RSI 維持強勢 (50-70),None,0.0,0.51,0.2995,,0.2995,0,10441,0.0032,119.36,119.74,120.12,118.17,2026-08-28,3,False
SW,Consumer Discretionary,Packaging & Containers,RSI,RSI 維持強勢 (50-70),None,0.0,0.51,0.2995,,0.2995,0,10441,0.0032,48.29,48.44,48.6,47.81,2026-08-28,3,False
W,Consumer Discretionary,Internet Retail,RSI,RSI 維持強勢 (50-70),None,0.0,0.51,0.2995,,0.2995,0,10441,0.0032,103.76,104.09,104.42,102.72,2026-08-28,3,False
WTFC,Financials,Banks - Regional,KDJ,KDJ 超賣區金叉,None,0.0,0.5599999999999999,0.299,,0.299,0,612,-0.0,152.95,152.95,152.95,151.42,2026-08-28,3,False
PSX,Energy,Oil & Gas Refining & Marketing,RSI,RSI 維持強勢 (50-70),None,0.0,0.51,0.2987,0.2987,0.2963,231,4891,0.0022,239.81,240.34,240.87,237.41,2026-08-27,3,False
ARMK,Industrials,Specialty Business Services,RSI,RSI 維持強勢 (50-70),None,0.0,0.51,0.2986,,0.2986,0,19157,0.0036,58.88,59.09,59.3,58.29,2026-08-27,3,False
CNH,Industrials,Farm & Heavy Construction Machinery,RSI,RSI 維持強勢 (50-70),None,0.0,0.51,0.2986,,0.2986,0,19157,0.0036,11.68,11.72,11.76,11.56,2026-08-28,3,False
CP,Industrials,Railroads,RSI,RSI 維持強勢 (50-70),None,0.0,0.51,0.2986,,0.2986,0,19157,0.0036,94.12,94.46,94.8,93.18,2026-08-28,3,False
EMBJ,Industrials,Aerospace & Defense,RSI,RSI 維持強勢 (50-70),None,0.0,0.51,0.2986,,0.2986,0,19157,0.0036,72.54,72.8,73.06,71.81,2026-08-28,3,False
GPN,Industrials,Specialty Business Services,RSI,RSI 維持強勢 (50-70),None,0.0,0.51,0.2986,,0.2986,0,19157,0.0036,91.82,92.15,92.48,90.9,2026-08-28,3,False
RELX,Industrials,Specialty Business Services,RSI,RSI 維持強勢 (50-70),None,0.0,0.51,0.2986,,0.2986,0,19157,0.0036,36.54,36.67,36.8,36.17,2026-08-28,3,False
STLA,Consumer Discretionary,Auto Manufacturers,BB,價格在 BB 中軌上方,None,0.0,0.425,0.2984,,0.2984,0,12430,0.0031,5.42,5.44,5.45,5.37,2026-08-28,3,False
IESC,Industrials,Engineering & Construction,RSI,RSI 維持超賣,None,0.0,0.385,0.2983,,0.2983,0,848,0.0072,309.8,312.03,314.26,306.7,2026-08-28,3,False
BE,Industrials,Electrical Equipment & Parts,RSI,RSI 加速上升,None,0.0,0.5525,0.2981,,0.2981,0,11545,0.003,217.83,218.48,219.14,215.65,2026-08-27,3,False
PAC,Industrials,Airports & Air Services,RSI,RSI 加速上升,None,0.0,0.5525,0.2981,,0.2981,0,11545,0.003,214.85,215.49,216.14,212.7,2026-08-27,3,False
R,Industrials,Rental & Leasing Services,RSI,RSI 加速上升,None,0.0,0.5525,0.2981,,0.2981,0,11545,0.003,248.09,248.83,249.58,245.61,2026-08-27,3,False
RBC,Industrials,Tools & Accessories,RSI,RSI 加速上升,None,0.0,0.5525,0.2981,,0.2981,0,11545,0.003,500.62,502.12,503.62,495.61,2026-08-28,3,False
RYAAY,Industrials,Airlines,RSI,RSI 加速上升,None,0.0,0.5525,0.2981,,0.2981,0,11545,0.003,55.45,55.62,55.78,54.9,2026-08-27,3,False
FOX,Communication Services,Entertainment,BB,價格在 BB 中軌上方,None,0.0,0.425,0.2979,0.2979,0.3007,292,6080,0.0024,61.32,61.47,61.61,60.71,2026-08-28,3,False
INCY,Health Care,Biotechnology,BB,BB 中軌向上（上升趨勢）,None,0.0,0.51,0.2976,0.2976,0.2705,168,10885,0.0007,124.37,124.46,124.54,123.13,2026-08-28,3,False
MOD,Consumer Discretionary,Auto Parts,BB,BB 跌破下軌 (超賣),None,0.0,0.45499999999999996,0.2974,,0.2974,0,733,0.0008,177.63,177.77,177.91,175.85,2026-08-28,3,False
PKG,Consumer Discretionary,Packaging & Containers,BB,BB 跌破下軌 (超賣),None,0.0,0.45499999999999996,0.2974,,0.2974,0,733,0.0008,240.39,240.58,240.77,237.99,2026-08-28,3,False
AMD,Information Technology,Semiconductors,KDJ,KDJ 金叉,None,0.0,0.5525,0.2963,0.2963,0.3918,27,1955,-0.0108,480.93,475.74,470.54,476.12,2026-08-26,3,False
MTD,Health Care,Diagnostics & Research,KDJ,KDJ 金叉,None,0.0,0.5525,0.2963,0.2963,0.2852,27,1536,0.0074,1407.4301,1417.85,1428.26,1393.36,2026-08-27,3,False
TTE,Energy,Oil & Gas Integrated,RSI,RSI 維持強勢 (50-70),None,0.0,0.51,0.2963,,0.2963,0,4891,-0.0026,87.13,86.9,86.68,86.26,2026-08-26,3,False
E,Energy,Oil & Gas Integrated,BB,BB 中軌向上（上升趨勢）,None,0.0,0.51,0.2962,,0.2962,0,4484,-0.0018,53.22,53.12,53.03,52.69,2026-08-27,3,False
EC,Energy,Oil & Gas Integrated,BB,BB 中軌向上（上升趨勢）,None,0.0,0.51,0.2962,,0.2962,0,4484,-0.0018,16.5,16.47,16.44,16.34,2026-08-28,3,False
PAAS,Materials,Gold,RSI,RSI 動能加速（強勢區）,None,0.0,0.51,0.2962,,0.2962,0,942,-0.0012,54.89,54.82,54.76,54.34,2026-08-27,3,False
SQM,Materials,Specialty Chemicals,RSI,RSI 動能加速（強勢區）,None,0.0,0.51,0.2962,,0.2962,0,942,-0.0012,80.43,80.33,80.24,79.63,2026-08-27,3,False
AGNCO,Real Estate,REIT - Mortgage,KDJ,KDJ 金叉,Consolidation Breakout,0.8,1.0,0.2958,,0.2958,0,71,0.0071,25.67,25.85,26.03,25.41,2026-08-28,3,False
NBIS,Communication Services,Internet Content & Information,BB,BB 中軌向上（上升趨勢）,None,0.0,0.51,0.2943,,0.2943,0,4771,0.0017,209.18,209.54,209.89,207.09,2026-08-28,3,False
TLK,Communication Services,Telecom Services,BB,BB 中軌向上（上升趨勢）,None,0.0,0.51,0.2943,,0.2943,0,4771,0.0017,14.58,14.6,14.63,14.43,2026-08-28,3,False
ES,Utilities,Utilities - Regulated Electric,RSI,RSI 加速上升,None,0.0,0.5525,0.293,0.293,0.2565,157,4905,0.0005,70.84,70.88,70.91,70.13,2026-08-28,3,False
PCG,Utilities,Utilities - Regulated Electric,RSI,RSI 加速上升,None,0.0,0.5525,0.2929,0.2929,0.2565,140,4905,0.0082,18.22,18.37,18.52,18.04,2026-08-26,3,False
APG,Industrials,Engineering & Construction,BB,BB 中軌向上（上升趨勢）,None,0.0,0.51,0.2929,,0.2929,0,17460,0.0036,39.69,39.83,39.98,39.29,2026-08-28,3,False
FERG,Industrials,Industrial Distribution,BB,BB 中軌向上（上升趨勢）,None,0.0,0.51,0.2929,,0.2929,0,17460,0.0036,233.26,234.1,234.94,230.93,2026-08-27,3,False
NVT,Industrials,Electrical Equipment & Parts,BB,BB 中軌向上（上升趨勢）,None,0.0,0.51,0.2929,,0.2929,0,17460,0.0036,148.48,149.01,149.55,147.0,2026-08-28,3,False
OC,Industrials,Building Products & Equipment,BB,BB 中軌向上（上升趨勢）,None,0.0,0.51,0.2929,,0.2929,0,17460,0.0036,143.13,143.65,144.16,141.7,2026-08-28,3,False
RKLB,Industrials,Aerospace & Defense,BB,BB 中軌向上（上升趨勢）,None,0.0,0.51,0.2929,,0.2929,0,17460,0.0036,64.39,64.62,64.85,63.75,2026-08-28,3,False
EIX,Utilities,Utilities - Regulated Electric,BB,價格在 BB 中軌上方,None,0.0,0.425,0.2925,0.2925,0.246,294,9864,0.003,73.68,73.9,74.12,72.94,2026-08-27,3,False
CMCSA,Communication Services,Telecom Services,RSI,RSI 動能加速（強勢區）,None,0.0,0.51,0.2917,0.2917,0.3135,24,772,0.0025,27.06,27.13,27.2,26.79,2026-08-28,3,False
BKNG,Consumer Discretionary,Travel Services,RSI,RSI 上穿 50 中性線,None,0.0,0.4675,0.2917,0.2917,0.3072,24,1123,-0.0106,205.63,203.45,201.27,203.57,2026-08-28,3,False
COP,Energy,Oil & Gas E&P,BB,價格在 BB 中軌上方,None,0.0,0.425,0.2911,0.2911,0.2998,292,5768,-0.0078,130.35,129.33,128.32,129.05,2026-08-28,3,False
BABA,Consumer Discretionary,Internet Retail,BB,BB 中軌向上（上升趨勢）,None,0.0,0.51,0.2908,,0.2908,0,9757,0.002,116.31,116.54,116.78,115.15,2026-08-27,3,False
BWA,Consumer Discretionary,Auto Parts,BB,BB 中軌向上（上升趨勢）,None,0.0,0.51,0.2908,,0.2908,0,9757,0.002,64.8,64.93,65.06,64.15,2026-08-27,3,False
PDD,Consumer Discretionary,Internet Retail,BB,BB 中軌向上（上升趨勢）,None,0.0,0.51,0.2908,,0.2908,0,9757,0.002,86.74,86.91,87.09,85.87,2026-08-26,3,False
TCOM,Consumer Discretionary,Travel Services,BB,BB 中軌向上（上升趨勢）,None,0.0,0.51,0.2908,,0.2908,0,9757,0.002,45.14,45.23,45.32,44.69,2026-08-26,3,False
BLK,Financials,Asset Management,BB,價格在 BB 中軌上方,None,0.0,0.425,0.2904,0.2904,0.2847,272,21689,0.0037,1164.48,1168.79,1173.1,1152.84,2026-08-28,3,False
CTSH,Information Technology,Information Technology Services,RSI,RSI 動能加速（強勢區）,None,0.0,0.51,0.2903,0.2903,0.366,31,2885,-0.0009,63.76,63.7,63.65,63.12,2026-08-27,3,False
COR,Health Care,Medical Distribution,RSI,RSI 加速上升,None,0.0,0.5525,0.2898,0.2898,0.2803,176,8492,0.0022,327.79,328.51,329.23,324.51,2026-08-26,3,False
CAH,Health Care,Medical Distribution,RSI,RSI 維持強勢 (50-70),None,0.0,0.51,0.2898,0.2898,0.2772,314,12123,0.0079,234.55,236.4,238.26,232.2,2026-08-28,3,False
MDLZ,Consumer Staples,Confectioners,RSI,RSI 維持強勢 (50-70),None,0.0,0.51,0.2892,0.2892,0.2452,204,7574,0.0031,63.01,63.21,63.4,62.38,2026-08-26,3,False
BMY,Health Care,Drug Manufacturers - General,RSI,RSI 維持強勢 (50-70),None,0.0,0.51,0.2879,0.2879,0.2772,198,12123,-0.0008,66.58,66.53,66.47,65.91,2026-08-28,3,False
PHM,Consumer Discretionary,Residential Construction,RSI,RSI 維持強勢 (50-70),None,0.0,0.51,0.2874,0.2874,0.2995,247,10441,0.0003,130.03,130.07,130.11,128.73,2026-08-26,3,False
AJG,Financials,Insurance Brokers,RSI,RSI 維持強勢 (50-70),None,0.0,0.51,0.2872,0.2872,0.2842,282,19108,0.0011,267.56,267.85,268.15,264.88,2026-08-28,3,False
CCI,Real Estate,REIT - Specialty,BB,價格在 BB 中軌上方,None,0.0,0.425,0.2865,0.2865,0.248,192,8032,0.0017,76.14,76.27,76.4,75.38,2026-08-28,3,False
AA,Materials,Aluminum,RSI,RSI 維持強勢 (50-70),None,0.0,0.51,0.286,,0.286,0,5721,0.0013,50.32,50.39,50.45,49.82,2026-08-28,3,False
AEM,Materials,Gold,RSI,RSI 維持強勢 (50-70),None,0.0,0.51,0.286,,0.286,0,5721,0.0013,206.25,206.52,206.79,204.19,2026-08-28,3,False
AGI,Materials,Gold,RSI,RSI 維持強勢 (50-70),None,0.0,0.51,0.286,,0.286,0,5721,0.0013,36.75,36.8,36.85,36.38,2026-08-28,3,False
AU,Materials,Gold,RSI,RSI 維持強勢 (50-70),None,0.0,0.51,0.286,,0.286,0,5721,0.0013,113.19,113.34,113.48,112.06,2026-08-28,3,False
B,Materials,Gold,RSI,RSI 維持強勢 (50-70),None,0.0,0.51,0.286,,0.286,0,5721,0.0013,45.65,45.71,45.77,45.19,2026-08-28,3,False
BHP,Materials,Other Industrial Metals & Mining,RSI,RSI 維持強勢 (50-70),None,0.0,0.51,0.286,,0.286,0,5721,0.0013,95.15,95.27,95.4,94.2,2026-08-28,3,False
CDE,Materials,Gold,RSI,RSI 維持強勢 (50-70),None,0.0,0.51,0.286,,0.286,0,5721,0.0013,21.13,21.16,21.18,20.92,2026-08-28,3,False
FNV,Materials,Gold,RSI,RSI 維持強勢 (50-70),None,0.0,0.51,0.286,,0.286,0,5721,0.0013,266.16,266.51,266.85,263.5,2026-08-28,3,False
GFI,Materials,Gold,RSI,RSI 維持強勢 (50-70),None,0.0,0.51,0.286,,0.286,0,5721,0.0013,45.96,46.02,46.08,45.5,2026-08-28,3,False
HL,Materials,Other Precious Metals & Mining,RSI,RSI 維持強勢 (50-70),None,0.0,0.51,0.286,,0.286,0,5721,0.0013,20.38,20.41,20.43,20.18,2026-08-28,3,False
JHX,Materials,Building Materials,RSI,RSI 維持強勢 (50-70),None,0.0,0.51,0.286,,0.286,0,5721,0.0013,29.93,29.97,30.01,29.63,2026-08-28,3,False
KGC,Materials,Gold,RSI,RSI 維持強勢 (50-70),None,0.0,0.51,0.286,,0.286,0,5721,0.0013,31.27,31.31,31.35,30.96,2026-08-28,3,False
NTR,Materials,Agricultural Inputs,RSI,RSI 維持強勢 (50-70),None,0.0,0.51,0.286,,0.286,0,5721,0.0013,73.51,73.61,73.7,72.77,2026-08-28,3,False
RIO,Materials,Other Industrial Metals & Mining,RSI,RSI 維持強勢 (50-70),None,0.0,0.51,0.286,,0.286,0,5721,0.0013,103.3,103.43,103.57,102.27,2026-08-28,3,False
WPM,Materials,Gold,RSI,RSI 維持強勢 (50-70),None,0.0,0.51,0.286,,0.286,0,5721,0.0013,153.33,153.53,153.73,151.8,2026-08-28,3,False
RGLD,Materials,Gold,BB,價格在 BB 中軌上方,None,0.0,0.425,0.2859,,0.2859,0,6697,0.0007,262.85,263.03,263.22,260.22,2026-08-28,3,False
CHD,Consumer Staples,Household & Personal Products,MACD,MACD 金叉 (多頭區),None,0.0,0.68,0.2857,0.2857,0.2554,7,184,0.0085,102.86,103.73,104.61,101.83,2026-08-26,3,False
AFL,Financials,Insurance - Life,KDJ,KDJ 超賣區金叉,None,0.0,0.5599999999999999,0.2857,0.2857,0.299,14,612,0.0087,117.45,118.47,119.49,116.28,2026-08-26,3,False
PTC,Information Technology,Software - Application,KDJ,KDJ 金叉,None,0.0,0.5525,0.2857,0.2857,0.3918,35,1955,-0.0045,158.95,158.23,157.52,157.36,2026-08-27,3,False
MSFT,Information Technology,Software - Infrastructure,BB,BB 中軌向上（上升趨勢）,None,0.0,0.51,0.2857,0.2857,0.3639,217,16781,0.003,513.53,515.07,516.61,508.39,2026-08-28,3,False
TRMB,Information Technology,Scientific & Technical Instruments,BB,價格在 BB 中軌上方,None,0.0,0.425,0.2857,0.2857,0.3573,245,20206,0.0018,61.01,61.12,61.23,60.4,2026-08-28,3,False
BTSG,Health Care,Health Information Services,KDJ,KDJ 金叉,None,0.0,0.5525,0.2852,,0.2852,0,1536,0.0022,61.35,61.48,61.62,60.74,2026-08-26,3,False
BTSGU,Health Care,Health Information Services,KDJ,KDJ 金叉,None,0.0,0.5525,0.2852,,0.2852,0,1536,0.0022,202.19,202.63,203.08,200.17,2026-08-27,3,False
EHC,Health Care,Medical Care Facilities,KDJ,KDJ 金叉,None,0.0,0.5525,0.2852,,0.2852,0,1536,0.0022,120.85,121.12,121.38,119.64,2026-08-28,3,False
ROIV,Health Care,Biotechnology,KDJ,KDJ 金叉,None,0.0,0.5525,0.2852,,0.2852,0,1536,0.0022,37.58,37.66,37.75,37.2,2026-08-27,3,False
ARCC,Financials,Asset Management,BB,價格在 BB 中軌上方,None,0.0,0.425,0.2847,,0.2847,0,21689,0.0031,19.95,20.01,20.07,19.75,2026-08-28,3,False
BBVA,Financials,Banks - Diversified,BB,價格在 BB 中軌上方,None,0.0,0.425,0.2847,,0.2847,0,21689,0.0031,29.0,29.09,29.18,28.71,2026-08-28,3,False
BCH,Financials,Banks - Regional,BB,價格在 BB 中軌上方,None,0.0,0.425,0.2847,,0.2847,0,21689,0.0031,41.63,41.76,41.89,41.21,2026-08-28,3,False
BSAC,Financials,Banks - Regional,BB,價格在 BB 中軌上方,None,0.0,0.425,0.2847,,0.2847,0,21689,0.0031,35.14,35.25,35.36,34.79,2026-08-28,3,False
CET,Financials,Asset Management,BB,價格在 BB 中軌上方,None,0.0,0.425,0.2847,,0.2847,0,21689,0.0031,54.91,55.08,55.25,54.36,2026-08-26,3,False
CIB,Financials,Banks - Regional,BB,價格在 BB 中軌上方,None,0.0,0.425,0.2847,,0.2847,0,21689,0.0031,97.24,97.54,97.84,96.27,2026-08-28,3,False
HBANL,Financials,Banks - Regional,BB,價格在 BB 中軌上方,None,0.0,0.425,0.2847,,0.2847,0,21689,0.0031,25.25,25.33,25.41,25.0,2026-08-28,3,False
HBANP,Financials,Banks - Regional,BB,價格在 BB 中軌上方,None,0.0,0.425,0.2847,,0.2847,0,21689,0.0031,16.53,16.58,16.63,16.36,2026-08-27,3,False
PS,Financials,Asset Management,BB,價格在 BB 中軌上方,None,0.0,0.425,0.2847,,0.2847,0,21689,0.0031,42.17,42.3,42.43,41.75,2026-08-28,3,False
RYAN,Financials,Insurance - Specialty,BB,價格在 BB 中軌上方,None,0.0,0.425,0.2847,,0.2847,0,21689,0.0031,43.87,44.01,44.14,43.43,2026-08-28,3,False
SLMBP,Financials,Credit Services,BB,價格在 BB 中軌上方,None,0.0,0.425,0.2847,,0.2847,0,21689,0.0031,75.23,75.46,75.7,74.48,2026-08-27,3,False
TRU,Financials,Financial Data & Stock Exchanges,BB,價格在 BB 中軌上方,None,0.0,0.425,0.2847,,0.2847,0,21689,0.0031,85.67,85.94,86.2,84.81,2026-08-28,3,False
VLYPP,Financials,Banks - Regional,BB,價格在 BB 中軌上方,None,0.0,0.425,0.2847,,0.2847,0,21689,0.0031,25.18,25.26,25.34,24.93,2026-08-27,3,False
NWG,Financials,Banks - Regional,RSI,RSI 維持強勢 (50-70),None,0.0,0.51,0.2842,,0.2842,0,19108,0.003,18.75,18.81,18.86,18.56,2026-08-26,3,False
CHRW,Industrials,Integrated Freight & Logistics,BB,價格在 BB 中軌上方,None,0.0,0.425,0.2842,0.2842,0.295,285,22337,-0.0001,150.39,150.37,150.36,148.89,2026-08-28,3,False
PM,Consumer Staples,Tobacco,RSI,RSI 維持強勢 (50-70),None,0.0,0.51,0.284,0.284,0.2452,250,7574,0.002,191.89,192.27,192.66,189.97,2026-08-28,3,False
AGX,Industrials,Engineering & Construction,BB,BB 跌破下軌 (超賣),None,0.0,0.45499999999999996,0.2838,,0.2838,0,1258,0.0043,417.74,419.54,421.33,413.56,2026-08-28,3,False
HEI,Industrials,Aerospace & Defense,BB,BB 跌破下軌 (超賣),None,0.0,0.45499999999999996,0.2838,,0.2838,0,1258,0.0043,336.53,337.98,339.42,333.16,2026-08-28,3,False
XEL,Utilities,Utilities - Regulated Electric,RSI,RSI 維持強勢 (50-70),None,0.0,0.51,0.2833,0.2833,0.2471,233,8831,0.0051,76.45,76.84,77.23,75.69,2026-08-28,3,False
IFF,Materials,Specialty Chemicals,RSI,RSI 維持強勢 (50-70),None,0.0,0.51,0.2828,0.2828,0.286,244,5721,-0.0019,87.95,87.78,87.62,87.07,2026-08-28,3,False
MSI,Information Technology,Communication Equipment,BB,BB 中軌向上（上升趨勢）,None,0.0,0.51,0.2821,0.2821,0.3639,234,16781,0.0045,486.0,488.19,490.37,481.14,2026-08-28,3,False
ACGL,Financials,Insurance - Diversified,BB,價格在 BB 中軌上方,None,0.0,0.425,0.2817,0.2817,0.2847,252,21689,0.0007,100.72,100.79,100.86,99.71,2026-08-26,3,False
ALLE,Industrials,Security & Protection Services,RSI,RSI 維持強勢 (50-70),None,0.0,0.51,0.2814,0.2814,0.2986,199,19157,0.0036,159.72,160.29,160.87,158.12,2026-08-27,3,False
BXP,Real Estate,REIT - Office,RSI,RSI 維持強勢 (50-70),None,0.0,0.51,0.2806,0.2806,0.2509,196,7011,-0.0002,69.32,69.31,69.29,68.63,2026-08-28,3,False
ALC,Health Care,Medical Instruments & Supplies,BB,價格在 BB 中軌上方,None,0.0,0.425,0.2804,,0.2804,0,14417,0.0008,72.67,72.73,72.79,71.94,2026-08-26,3,False
ALNY,Health Care,Biotechnology,BB,價格在 BB 中軌上方,None,0.0,0.425,0.2804,,0.2804,0,14417,0.0008,237.1,237.29,237.48,234.73,2026-08-28,3,False
ARGX,Health Care,Biotechnology,BB,價格在 BB 中軌上方,None,0.0,0.425,0.2804,,0.2804,0,14417,0.0008,1023.21,1024.03,1024.85,1012.98,2026-08-28,3,False
ARWR,Health Care,Biotechnology,BB,價格在 BB 中軌上方,None,0.0,0.425,0.2804,,0.2804,0,14417,0.0008,88.59,88.66,88.73,87.7,2026-08-27,3,False
AZN,Health Care,Drug Manufacturers - General,BB,價格在 BB 中軌上方,None,0.0,0.425,0.2804,,0.2804,0,14417,0.0008,162.7,162.83,162.96,161.07,2026-08-28,3,False
BMRN,Health Care,Biotechnology,BB,價格在 BB 中軌上方,None,0.0,0.425,0.2804,,0.2804,0,14417,0.0008,65.61,65.66,65.71,64.95,2026-08-26,3,False
CRSP,Health Care,Biotechnology,BB,價格在 BB 中軌上方,None,0.0,0.425,0.2804,,0.2804,0,14417,0.0008,57.72,57.77,57.81,57.14,2026-08-28,3,False
ELAN,Health Care,Drug Manufacturers - Specialty & Generic,BB,價格在 BB 中軌上方,None,0.0,0.425,0.2804,,0.2804,0,14417,0.0008,24.11,24.13,24.15,23.87,2026-08-28,3,False
EXEL,Health Care,Biotechnology,BB,價格在 BB 中軌上方,None,0.0,0.425,0.2804,,0.2804,0,14417,0.0008,54.45,54.49,54.54,53.91,2026-08-28,3,False
GH,Health Care,Diagnostics & Research,BB,價格在 BB 中軌上方,None,0.0,0.425,0.2804,,0.2804,0,14417,0.0008,168.52,168.65,168.79,166.83,2026-08-27,3,False
GMAB,Health Care,Biotechnology,BB,價格在 BB 中軌上方,None,0.0,0.425,0.2804,,0.2804,0,14417,0.0008,33.23,33.26,33.28,32.9,2026-08-28,3,False
GSK,Health Care,Drug Manufacturers - General,BB,價格在 BB 中軌上方,None,0.0,0.425,0.2804,,0.2804,0,14417,0.0008,51.43,51.47,51.51,50.92,2026-08-26,3,False
HLN,Health Care,Drug Manufacturers - Specialty & Generic,BB,價格在 BB 中軌上方,None,0.0,0.425,0.2804,,0.2804,0,14417,0.0008,10.11,10.12,10.13,10.01,2026-08-28,3,False
ICLR,Health Care,Diagnostics & Research,BB,價格在 BB 中軌上方,None,0.0,0.425,0.2804,,0.2804,0,14417,0.0008,170.02,170.16,170.29,168.32,2026-08-28,3,False
ILMN,Health Care,Diagnostics & Research,BB,價格在 BB 中軌上方,None,0.0,0.425,0.2804,,0.2804,0,14417,0.0008,215.59,215.76,215.93,213.43,2026-08-28,3,False
INSM,Health Care,Biotechnology,BB,價格在 BB 中軌上方,None,0.0,0.425,0.2804,,0.2804,0,14417,0.0008,124.39,124.49,124.59,123.15,2026-08-26,3,False
IONS,Health Care,Biotechnology,BB,價格在 BB 中軌上方,None,0.0,0.425,0.2804,,0.2804,0,14417,0.0008,61.05,61.1,61.15,60.44,2026-08-28,3,False
KRYS,Health Care,Biotechnology,BB,價格在 BB 中軌上方,None,0.0,0.425,0.2804,,0.2804,0,14417,0.0008,351.46,351.74,352.02,347.95,2026-08-28,3,False
MEDP,Health Care,Diagnostics & Research,BB,價格在 BB 中軌上方,None,0.0,0.425,0.2804,,0.2804,0,14417,0.0008,600.65,601.13,601.61,594.64,2026-08-28,3,False
NTRA,Health Care,Diagnostics & Research,BB,價格在 BB 中軌上方,None,0.0,0.425,0.2804,,0.2804,0,14417,0.0008,326.26,326.52,326.78,323.0,2026-08-28,3,False
NVO,Health Care,Drug Manufacturers - General,BB,價格在 BB 中軌上方,None,0.0,0.425,0.2804,,0.2804,0,14417,0.0008,47.19,47.23,47.27,46.72,2026-08-26,3,False
NVS,Health Care,Drug Manufacturers - General,BB,價格在 BB 中軌上方,None,0.0,0.425,0.2804,,0.2804,0,14417,0.0008,157.54,157.67,157.79,155.96,2026-08-26,3,False
ONC,Health Care,Biotechnology,BB,價格在 BB 中軌上方,None,0.0,0.425,0.2804,,0.2804,0,14417,0.0008,366.73,367.02,367.32,363.06,2026-08-28,3,False
PHG,Health Care,Medical Devices,BB,價格在 BB 中軌上方,None,0.0,0.425,0.2804,,0.2804,0,14417,0.0008,26.99,27.01,27.03,26.72,2026-08-26,3,False
RDY,Health Care,Drug Manufacturers - Specialty & Generic,BB,價格在 BB 中軌上方,None,0.0,0.425,0.2804,,0.2804,0,14417,0.0008,12.22,12.23,12.24,12.1,2026-08-26,3,False
RPRX,Health Care,Biotechnology,BB,價格在 BB 中軌上方,None,0.0,0.425,0.2804,,0.2804,0,14417,0.0008,60.85,60.9,60.95,60.24,2026-08-28,3,False
SNY,Health Care,Drug Manufacturers - General,BB,價格在 BB 中軌上方,None,0.0,0.425,0.2804,,0.2804,0,14417,0.0008,44.82,44.86,44.89,44.37,2026-08-28,3,False
TEM,Health Care,Health Information Services,BB,價格在 BB 中軌上方,None,0.0,0.425,0.2804,,0.2804,0,14417,0.0008,64.04,64.09,64.14,63.4,2026-08-28,3,False
TEVA,Health Care,Drug Manufacturers - Specialty & Generic,BB,價格在 BB 中軌上方,None,0.0,0.425,0.2804,,0.2804,0,14417,0.0008,36.44,36.47,36.5,36.08,2026-08-28,3,False
THC,Health Care,Medical Care Facilities,BB,價格在 BB 中軌上方,None,0.0,0.425,0.2804,,0.2804,0,14417,0.0008,266.8,267.01,267.23,264.13,2026-08-28,3,False
MDLN,Health Care,Medical Instruments & Supplies,RSI,RSI 加速上升,None,0.0,0.5525,0.2803,,0.2803,0,8492,-0.0001,35.28,35.28,35.27,34.93,2026-08-28,3,False
NBIX,Health Care,Drug Manufacturers - Specialty & Generic,RSI,RSI 加速上升,None,0.0,0.5525,0.2803,,0.2803,0,8492,-0.0001,155.92,155.9,155.89,154.36,2026-08-27,3,False
COF,Financials,Credit Services,RSI,RSI 維持強勢 (50-70),None,0.0,0.51,0.2802,0.2802,0.2842,207,19108,-0.0028,215.67,215.07,214.46,213.51,2026-08-28,3,False
PH,Industrials,Specialty Industrial Machinery,RSI,RSI 維持強勢 (50-70),None,0.0,0.51,0.2781,0.2781,0.2986,302,19157,0.0029,1039.49,1042.5,1045.52,1029.1,2026-08-26,3,False
PNW,Utilities,Utilities - Regulated Electric,KDJ,KDJ 金叉,None,0.0,0.5525,0.2778,0.2778,0.3001,18,713,-0.0037,98.69,98.32,97.96,97.7,2026-08-26,3,False
IT,Information Technology,Information Technology Services,KDJ,KDJ 金叉,None,0.0,0.5525,0.2759,0.2759,0.3918,29,1955,-0.0025,198.39,197.89,197.4,196.41,2026-08-28,3,False
NI,Utilities,Utilities - Regulated Gas,RSI,RSI 超賣區域 (30),None,0.0,0.5249999999999999,0.2759,,0.2759,0,116,-0.003,40.57,40.45,40.33,40.16,2026-08-28,3,False
KR,Consumer Staples,Grocery Stores,RSI,RSI 上穿 50 中性線,None,0.0,0.4675,0.2759,0.2759,0.2565,29,928,0.0071,57.72,58.13,58.54,57.14,2026-08-28,3,False
AOS,Industrials,Specialty Industrial Machinery,RSI,RSI 維持強勢 (50-70),None,0.0,0.51,0.2755,0.2755,0.2986,196,19157,-0.0003,61.95,61.93,61.91,61.33,2026-08-27,3,False
MO,Consumer Staples,Tobacco,RSI,RSI 維持強勢 (50-70),None,0.0,0.51,0.2753,0.2753,0.2452,247,7574,0.0017,68.65,68.77,68.88,67.96,2026-08-28,3,False
AXSM,Health Care,Biotechnology,BB,BB 跌破下軌 (超賣),None,0.0,0.45499999999999996,0.2752,,0.2752,0,974,-0.0017,199.02,198.68,198.34,197.03,2026-08-28,3,False
BBIO,Health Care,Biotechnology,BB,BB 跌破下軌 (超賣),None,0.0,0.45499999999999996,0.2752,,0.2752,0,974,-0.0017,76.6,76.47,76.34,75.83,2026-08-28,3,False
PEN,Health Care,Medical Devices,BB,BB 跌破下軌 (超賣),None,0.0,0.45499999999999996,0.2752,,0.2752,0,974,-0.0017,321.0,320.45,319.91,317.79,2026-08-27,3,False
XOM,Energy,Oil & Gas Integrated,RSI,RSI 上穿 50 中性線,None,0.0,0.4675,0.275,0.275,0.361,40,579,-0.0005,156.71,156.63,156.55,155.14,2026-08-28,3,False
IQV,Health Care,Diagnostics & Research,BB,BB 中軌向上（上升趨勢）,None,0.0,0.51,0.2743,0.2743,0.2705,175,10885,-0.0054,261.75,260.34,258.92,259.13,2026-08-28,3,False
NWSA,Communication Services,Entertainment,RSI,RSI 維持強勢 (50-70),None,0.0,0.51,0.2742,0.2742,0.3082,248,5205,0.0028,30.97,31.06,31.14,30.66,2026-08-28,3,False
MA,Financials,Credit Services,RSI,RSI 加速上升,None,0.0,0.5525,0.2733,0.2733,0.3014,161,11488,0.0011,598.47,599.13,599.79,592.49,2026-08-26,3,False
EBAY,Consumer Discretionary,Internet Retail,BB,價格在 BB 中軌上方,None,0.0,0.425,0.273,0.273,0.2984,304,12430,-0.0004,105.62,105.58,105.54,104.56,2026-08-28,3,False
SPGI,Financials,Financial Data & Stock Exchanges,BB,BB 中軌向上（上升趨勢）,Consolidation Breakout,0.75,1.0,0.2727,0.2727,0.2496,44,1951,0.0021,442.89,443.82,444.75,438.46,2026-08-28,3,False
KDP,Consumer Staples,Beverages - Non-Alcoholic,RSI,RSI 加速上升,None,0.0,0.5525,0.2727,0.2727,0.2439,154,5343,0.0044,32.21,32.35,32.49,31.89,2026-08-26,3,False
MCHP,Information Technology,Semiconductors,KDJ,KDJ 金叉,None,0.0,0.5525,0.2727,0.2727,0.3918,22,1955,-0.0062,75.49,75.02,74.55,74.74,2026-08-27,3,False
VZ,Communication Services,Telecom Services,RSI,RSI 動能加速（強勢區）,None,0.0,0.51,0.2727,0.2727,0.3135,33,772,0.0033,50.1,50.27,50.43,49.6,2026-08-28,3,False
OTIS,Industrials,Specialty Industrial Machinery,RSI,RSI 上穿 50 中性線,None,0.0,0.4675,0.2727,0.2727,0.304,33,1816,-0.0059,72.36,71.93,71.51,71.64,2026-08-26,3,False
PODD,Health Care,Medical Devices,MACD,MACD 金叉 (空頭區),None,0.0,0.42,0.2727,0.2727,0.2741,11,686,-0.0187,145.13,142.42,139.7,143.68,2026-08-28,3,False
ELV,Health Care,Healthcare Plans,BB,價格在 BB 中軌上方,None,0.0,0.425,0.272,0.272,0.2804,250,14417,0.0034,399.11,400.47,401.82,395.12,2026-08-27,3,False
DOV,Industrials,Specialty Industrial Machinery,RSI,RSI 加速上升,None,0.0,0.5525,0.2714,0.2714,0.2981,140,11545,0.0036,201.82,202.55,203.27,199.8,2026-08-27,3,False
GNRC,Industrials,Specialty Industrial Machinery,BB,BB 中軌向上（上升趨勢）,None,0.0,0.51,0.2706,0.2706,0.2929,218,17460,-0.0139,206.62,203.75,200.88,204.55,2026-08-26,3,False
GMED,Health Care,Medical Devices,BB,BB 中軌向上（上升趨勢）,None,0.0,0.51,0.2705,,0.2705,0,10885,0.0002,82.97,82.99,83.0,82.14,2026-08-28,3,False
DOW,Materials,Chemicals,BB,BB 中軌向上（上升趨勢）,None,0.0,0.51,0.2704,0.2704,0.2853,196,5036,-0.0046,30.51,30.37,30.23,30.2,2026-08-28,3,False
VTR,Real Estate,REIT - Healthcare Facilities,RSI,RSI 維持強勢 (50-70),None,0.0,0.51,0.2698,0.2698,0.2509,252,7011,0.0029,92.89,93.16,93.43,91.96,2026-08-27,3,False
BRO,Financials,Insurance Brokers,RSI,RSI 維持強勢 (50-70),None,0.0,0.51,0.2686,0.2686,0.2842,242,19108,0.0031,73.31,73.54,73.76,72.58,2026-08-28,3,False
DHI,Consumer Discretionary,Residential Construction,BB,價格在 BB 中軌上方,None,0.0,0.425,0.2685,0.2685,0.2984,216,12430,-0.0027,149.25,148.85,148.44,147.76,2026-08-26,3,False
EXPD,Industrials,Integrated Freight & Logistics,BB,BB 中軌向上（上升趨勢）,None,0.0,0.51,0.2673,0.2673,0.2929,202,17460,0.003,190.97,191.54,192.12,189.06,2026-08-28,3,False
CPT,Real Estate,REIT - Residential,BB,BB 跌破下軌 (超賣),None,0.0,0.45499999999999996,0.2667,0.2667,0.25,15,564,0.0092,105.79,106.76,107.74,104.73,2026-08-27,3,False
DTE,Utilities,Utilities - Regulated Electric,RSI,RSI 加速上升,None,0.0,0.5525,0.2652,0.2652,0.2565,132,4905,0.0054,135.86,136.59,137.33,134.5,2026-08-28,3,False
J,Industrials,Engineering & Construction,BB,價格在 BB 中軌上方,None,0.0,0.425,0.2648,0.2648,0.295,287,22337,0.0006,151.98,152.07,152.16,150.46,2026-08-28,3,False
AGNC,Real Estate,REIT - Mortgage,BB,BB 中軌向上（上升趨勢）,None,0.0,0.51,0.2647,,0.2647,0,5713,0.0025,10.81,10.84,10.86,10.7,2026-08-26,3,False
AMH,Real Estate,REIT - Residential,BB,BB 中軌向上（上升趨勢）,None,0.0,0.51,0.2647,,0.2647,0,5713,0.0025,33.44,33.52,33.61,33.11,2026-08-27,3,False
JLL,Real Estate,Real Estate Services,BB,BB 中軌向上（上升趨勢）,None,0.0,0.51,0.2647,,0.2647,0,5713,0.0025,378.01,378.96,379.9,374.23,2026-08-28,3,False
AMGN,Health Care,Drug Manufacturers - General,RSI,RSI 維持強勢 (50-70),None,0.0,0.51,0.2639,0.2639,0.2772,216,12123,0.0032,432.42,433.8,435.19,428.1,2026-08-28,3,False
TKO,Communication Services,Entertainment,BB,BB 中軌向上（上升趨勢）,None,0.0,0.51,0.2634,0.2634,0.2943,224,4771,-0.0016,184.64,184.34,184.05,182.79,2026-08-28,3,False
T,Communication Services,Telecom Services,RSI,RSI 加速上升,None,0.0,0.5525,0.2625,0.2625,0.3116,160,3322,-0.0002,25.87,25.86,25.86,25.61,2026-08-26,3,False
SHW,Materials,Specialty Chemicals,BB,BB 中軌向上（上升趨勢）,None,0.0,0.51,0.2624,0.2624,0.2853,141,5036,0.005,345.21,346.94,348.66,341.76,2026-08-27,3,False
SBAC,Real Estate,REIT - Specialty,BB,BB 中軌向上（上升趨勢）,None,0.0,0.51,0.2614,0.2614,0.2647,88,5713,-0.0012,186.96,186.74,186.51,185.09,2026-08-27,3,False
NSC,Industrials,Railroads,BB,價格在 BB 中軌上方,None,0.0,0.425,0.2612,0.2612,0.295,245,22337,0.0038,348.68,350.0,351.33,345.19,2026-08-28,3,False
VRTX,Health Care,Biotechnology,RSI,RSI 維持強勢 (50-70),None,0.0,0.51,0.2611,0.2611,0.2772,226,12123,-0.0021,541.69,540.55,539.41,536.27,2026-08-28,3,False
ED,Utilities,Utilities - Regulated Electric,KDJ,KDJ 金叉,None,0.0,0.5525,0.2609,0.2609,0.3001,23,713,0.0077,108.05,108.88,109.71,106.97,2026-08-26,3,False
TSCO,Consumer Discretionary,Specialty Retail,BB,BB 中軌向上（上升趨勢）,None,0.0,0.51,0.2606,0.2606,0.2908,142,9757,-0.0032,34.72,34.61,34.5,34.37,2026-08-28,3,False
ABBV,Health Care,Drug Manufacturers - General,BB,價格在 BB 中軌上方,None,0.0,0.425,0.2601,0.2601,0.2804,296,14417,0.0026,255.48,256.14,256.81,252.93,2026-08-28,3,False
CPRT,Industrials,Specialty Business Services,RSI,RSI 維持強勢 (50-70),None,0.0,0.51,0.2593,0.2593,0.2986,189,19157,-0.0016,32.99,32.94,32.88,32.66,2026-08-28,3,False
V,Financials,Credit Services,BB,BB 中軌向上（上升趨勢）,None,0.0,0.51,0.2571,0.2571,0.2681,210,16575,0.0013,381.6,382.1,382.59,377.78,2026-08-28,3,False
SRE,Utilities,Utilities - Diversified,RSI,RSI 加速上升,None,0.0,0.5525,0.2569,0.2569,0.2565,144,4905,-0.0054,84.31,83.85,83.4,83.47,2026-08-28,3,False
KEP,Utilities,Utilities - Regulated Electric,RSI,RSI 加速上升,None,0.0,0.5525,0.2565,,0.2565,0,4905,0.0041,11.68,11.73,11.78,11.56,2026-08-28,3,False
CL,Consumer Staples,Household & Personal Products,RSI,RSI 加速上升,None,0.0,0.5525,0.2564,0.2564,0.2439,156,5343,0.0014,90.96,91.09,91.21,90.05,2026-08-27,3,False
AMP,Financials,Asset Management,BB,價格在 BB 中軌上方,None,0.0,0.425,0.2564,0.2564,0.2847,273,21689,0.0017,560.28,561.23,562.18,554.68,2026-08-26,3,False
OMC,Communication Services,Advertising Agencies,BB,BB 中軌向上（上升趨勢）,None,0.0,0.51,0.2557,0.2557,0.2943,176,4771,0.0014,88.28,88.4,88.53,87.4,2026-08-28,3,False
APD,Materials,Specialty Chemicals,BB,BB 中軌向上（上升趨勢）,None,0.0,0.51,0.2556,0.2556,0.2853,180,5036,-0.0037,308.09,306.95,305.81,305.01,2026-08-28,3,False
EDU,Consumer Staples,Education & Training Services,MACD,MACD 金叉 (多頭區),None,0.0,0.68,0.2554,,0.2554,0,184,-0.0001,57.72,57.71,57.71,57.14,2026-08-26,3,False
MET,Financials,Insurance - Life,RSI,RSI 加速上升,None,0.0,0.5525,0.2553,0.2553,0.3014,141,11488,0.0035,96.51,96.85,97.19,95.54,2026-08-28,3,False
DGX,Health Care,Diagnostics & Research,RSI,RSI 維持強勢 (50-70),None,0.0,0.51,0.2551,0.2551,0.2772,243,12123,0.0038,242.76,243.68,244.6,240.33,2026-08-28,3,False
ETR,Utilities,Utilities - Regulated Electric,BB,價格在 BB 中軌上方,None,0.0,0.425,0.2548,0.2548,0.246,361,9864,0.0037,107.23,107.63,108.02,106.16,2026-08-26,3,False
EQIX,Real Estate,REIT - Specialty,BB,BB 中軌向上（上升趨勢）,None,0.0,0.51,0.2547,0.2547,0.2647,212,5713,-0.0008,1044.41,1043.57,1042.74,1033.97,2026-08-28,3,False
AGNCL,Real Estate,REIT - Mortgage,RSI,RSI 維持強勢 (50-70),None,0.0,0.51,0.2509,,0.2509,0,7011,0.0007,25.32,25.34,25.36,25.07,2026-08-27,3,False
AGNCN,Real Estate,REIT - Mortgage,RSI,RSI 維持強勢 (50-70),None,0.0,0.51,0.2509,,0.2509,0,7011,0.0007,25.93,25.95,25.97,25.67,2026-08-27,3,False
AGNCP,Real Estate,REIT - Mortgage,RSI,RSI 維持強勢 (50-70),None,0.0,0.51,0.2509,,0.2509,0,7011,0.0007,25.45,25.47,25.49,25.2,2026-08-27,3,False
AGNCZ,Real Estate,REIT - Mortgage,RSI,RSI 維持強勢 (50-70),None,0.0,0.51,0.2509,,0.2509,0,7011,0.0007,25.64,25.66,25.68,25.38,2026-08-27,3,False
NLY,Real Estate,REIT - Mortgage,RSI,RSI 維持強勢 (50-70),None,0.0,0.51,0.2509,,0.2509,0,7011,0.0007,23.04,23.06,23.07,22.81,2026-08-28,3,False
SUI,Real Estate,REIT - Residential,RSI,RSI 維持強勢 (50-70),None,0.0,0.51,0.2509,,0.2509,0,7011,0.0007,122.92,123.01,123.09,121.69,2026-08-28,3,False
VRSK,Industrials,Consulting Services,RSI,RSI 上穿 50 中性線,None,0.0,0.4675,0.25,0.25,0.304,24,1816,-0.002,191.02,190.64,190.26,189.11,2026-08-27,3,False
LINE,Real Estate,REIT - Industrial,BB,BB 跌破下軌 (超賣),None,0.0,0.45499999999999996,0.25,,0.25,0,564,-0.0003,39.32,39.31,39.3,38.93,2026-08-28,3,False
URI,Industrials,Rental & Leasing Services,BB,BB 跌破下軌 (超賣),None,0.0,0.45499999999999996,0.25,0.25,0.2838,16,1258,-0.0101,1037.51,1027.03,1016.55,1027.13,2026-08-27,3,False
WM,Industrials,Waste Management,BB,BB 跌破下軌 (超賣),None,0.0,0.45499999999999996,0.25,0.25,0.2838,20,1258,0.0027,217.76,218.35,218.94,215.58,2026-08-27,3,False
PPG,Materials,Specialty Chemicals,MACD,MACD 金叉 (空頭區),None,0.0,0.42,0.25,0.25,0.3816,16,304,-0.0043,114.22,113.73,113.24,113.08,2026-08-28,3,False
EOG,Energy,Oil & Gas E&P,BB,價格在 BB 中軌上方,None,0.0,0.425,0.2479,0.2479,0.2998,234,5768,-0.0091,144.84,143.52,142.2,143.39,2026-08-26,3,False
NWS,Communication Services,Entertainment,RSI,RSI 維持強勢 (50-70),None,0.0,0.51,0.2471,0.2471,0.3082,259,5205,0.0029,34.85,34.95,35.05,34.5,2026-08-28,3,False
WTRG,Utilities,Utilities - Regulated Water,RSI,RSI 維持強勢 (50-70),None,0.0,0.51,0.2471,,0.2471,0,8831,0.0029,41.1,41.22,41.34,40.69,2026-08-28,3,False
COKE,Consumer Staples,Beverages - Non-Alcoholic,BB,BB 中軌向上（上升趨勢）,None,0.0,0.51,0.2466,,0.2466,0,6128,-0.0003,198.49,198.43,198.37,196.51,2026-08-28,3,False
CPB,Consumer Staples,Packaged Foods,BB,BB 中軌向上（上升趨勢）,None,0.0,0.51,0.2466,,0.2466,0,6128,-0.0003,23.39,23.38,23.38,23.16,2026-08-28,3,False
DEO,Consumer Staples,Beverages - Wineries & Distilleries,BB,BB 中軌向上（上升趨勢）,None,0.0,0.51,0.2466,,0.2466,0,6128,-0.0003,92.99,92.96,92.93,92.06,2026-08-28,3,False
JBS,Consumer Staples,Packaged Foods,BB,BB 中軌向上（上升趨勢）,None,0.0,0.51,0.2466,,0.2466,0,6128,-0.0003,13.75,13.75,13.74,13.61,2026-08-26,3,False
MICC,Consumer Staples,Packaged Foods,BB,BB 中軌向上（上升趨勢）,None,0.0,0.51,0.2466,,0.2466,0,6128,-0.0003,20.18,20.17,20.17,19.98,2026-08-28,3,False
UL,Consumer Staples,Household & Personal Products,BB,BB 中軌向上（上升趨勢）,None,0.0,0.51,0.2466,,0.2466,0,6128,-0.0003,64.96,64.94,64.92,64.31,2026-08-26,3,False
USFD,Consumer Staples,Food Distribution,BB,BB 中軌向上（上升趨勢）,None,0.0,0.51,0.2466,,0.2466,0,6128,-0.0003,107.27,107.24,107.21,106.2,2026-08-28,3,False
EW,Health Care,Medical Devices,BB,價格在 BB 中軌上方,None,0.0,0.425,0.2466,0.2466,0.2804,219,14417,-0.0003,90.78,90.75,90.73,89.87,2026-08-26,3,False
CCEP,Consumer Staples,Beverages - Non-Alcoholic,RSI,RSI 動能加速（強勢區）,None,0.0,0.51,0.2456,,0.2456,0,1148,-0.0018,109.1,108.9,108.71,108.01,2026-08-28,3,False
FMX,Consumer Staples,Beverages - Brewers,RSI,RSI 維持強勢 (50-70),None,0.0,0.51,0.2452,,0.2452,0,7574,-0.0002,122.91,122.89,122.86,121.68,2026-08-26,3,False
AIZ,Financials,Insurance - Property & Casualty,RSI,RSI 維持強勢 (50-70),None,0.0,0.51,0.2447,0.2447,0.2842,282,19108,0.0016,285.65,286.11,286.56,282.79,2026-08-28,3,False
ABEV,Consumer Staples,Beverages - Brewers,RSI,RSI 加速上升,None,0.0,0.5525,0.2439,,0.2439,0,5343,-0.0002,2.9,2.9,2.9,2.87,2026-08-26,3,False
BTI,Consumer Staples,Tobacco,RSI,RSI 加速上升,None,0.0,0.5525,0.2439,,0.2439,0,5343,-0.0002,57.44,57.43,57.42,56.87,2026-08-26,3,False
JNJ,Health Care,Drug Manufacturers - General,RSI,RSI 維持強勢 (50-70),None,0.0,0.51,0.2436,0.2436,0.2772,234,12123,0.0055,268.04,269.51,270.99,265.36,2026-08-28,3,False
CRS,Industrials,Metal Fabrication,KDJ,KDJ 超賣區金叉,None,0.0,0.5599999999999999,0.2433,,0.2433,0,563,0.0001,490.58,490.63,490.68,485.67,2026-08-27,3,False
IR,Industrials,Specialty Industrial Machinery,KDJ,KDJ 超賣區金叉,None,0.0,0.5599999999999999,0.2433,,0.2433,0,563,0.0001,78.58,78.59,78.6,77.79,2026-08-28,3,False
ROK,Industrials,Specialty Industrial Machinery,KDJ,KDJ 超賣區金叉,None,0.0,0.5599999999999999,0.2433,,0.2433,0,563,0.0001,430.86,430.9,430.95,426.55,2026-08-28,3,False
TXT,Industrials,Aerospace & Defense,KDJ,KDJ 超賣區金叉,None,0.0,0.5599999999999999,0.2433,,0.2433,0,563,0.0001,83.04,83.05,83.06,82.21,2026-08-28,3,False
MDT,Health Care,Medical Devices,BB,價格在 BB 中軌上方,None,0.0,0.425,0.2425,0.2425,0.2804,268,14417,0.0012,91.23,91.34,91.45,90.32,2026-08-28,3,False
AMT,Real Estate,REIT - Specialty,RSI,RSI 維持強勢 (50-70),None,0.0,0.51,0.2419,0.2419,0.2509,186,7011,-0.0,176.23,176.23,176.23,174.47,2026-08-28,3,False
ZTS,Health Care,Drug Manufacturers - Specialty & Generic,BB,價格在 BB 中軌上方,None,0.0,0.425,0.2417,0.2417,0.2804,211,14417,-0.0048,77.34,76.97,76.6,76.57,2026-08-28,3,False
IDXX,Health Care,Diagnostics & Research,KDJ,KDJ 金叉,None,0.0,0.5525,0.24,0.24,0.2852,25,1536,0.0085,554.99,559.71,564.42,549.44,2026-08-28,3,False
CSGP,Real Estate,Real Estate Services,RSI,RSI 動能加速（強勢區）,None,0.0,0.51,0.24,0.24,0.2452,25,1093,-0.0041,32.22,32.09,31.96,31.9,2026-08-28,3,False
LH,Health Care,Diagnostics & Research,BB,價格在 BB 中軌上方,None,0.0,0.425,0.2387,0.2387,0.2804,222,14417,0.0,335.11,335.11,335.11,331.76,2026-08-28,3,False
ACN,Information Technology,Information Technology Services,KDJ,KDJ 金叉,None,0.0,0.5525,0.2381,0.2381,0.3918,21,1955,-0.0049,187.38,186.46,185.54,185.51,2026-08-27,3,False
ECL,Materials,Specialty Chemicals,BB,價格在 BB 中軌上方,None,0.0,0.425,0.238,0.238,0.2859,332,6697,0.003,286.75,287.61,288.47,283.88,2026-08-28,3,False
OXY,Energy,Oil & Gas E&P,BB,價格在 BB 中軌上方,None,0.0,0.425,0.2367,0.2367,0.2998,207,5768,-0.0109,59.1,58.46,57.81,58.51,2026-08-28,3,False
SYY,Consumer Staples,Food Distribution,RSI,RSI 維持強勢 (50-70),None,0.0,0.51,0.2353,0.2353,0.2452,221,7574,0.0047,83.27,83.66,84.05,82.44,2026-08-26,3,False
ABT,Health Care,Medical Devices,BB,價格在 BB 中軌上方,None,0.0,0.425,0.2353,0.2353,0.2804,221,14417,-0.0011,112.47,112.35,112.22,111.35,2026-08-28,3,False
ICE,Financials,Financial Data & Stock Exchanges,BB,價格在 BB 中軌上方,None,0.0,0.425,0.2353,0.2353,0.2847,306,21689,0.0043,162.33,163.03,163.73,160.71,2026-08-28,3,False
KO,Consumer Staples,Beverages - Non-Alcoholic,BB,BB 中軌向上（上升趨勢）,None,0.0,0.51,0.2346,0.2346,0.2466,179,6128,0.0053,89.66,90.14,90.61,88.76,2026-08-28,3,False
PEP,Consumer Staples,Beverages - Non-Alcoholic,RSI,RSI 上穿 50 中性線,None,0.0,0.4675,0.2333,0.2333,0.2565,30,928,-0.002,141.07,140.79,140.51,139.66,2026-08-28,3,False
GEHC,Health Care,Medical Devices,BB,價格在 BB 中軌上方,None,0.0,0.425,0.233,0.233,0.2804,206,14417,-0.0058,72.48,72.06,71.64,71.76,2026-08-27,3,False
TRV,Financials,Insurance - Property & Casualty,RSI,RSI 維持強勢 (50-70),None,0.0,0.51,0.2326,0.2326,0.2842,288,19108,0.0007,369.9,370.16,370.42,366.2,2026-08-28,3,False
NDSN,Industrials,Specialty Industrial Machinery,RSI,RSI 加速上升,None,0.0,0.5525,0.2313,0.2313,0.2981,134,11545,0.0014,334.58,335.05,335.52,331.23,2026-08-26,3,False
AWK,Utilities,Utilities - Regulated Water,RSI,RSI 維持強勢 (50-70),None,0.0,0.51,0.2312,0.2312,0.2471,199,8831,0.0008,138.3,138.41,138.52,136.92,2026-08-28,3,False
SYK,Health Care,Medical Devices,KDJ,KDJ 金叉,None,0.0,0.5525,0.2308,0.2308,0.2852,26,1536,-0.0004,330.69,330.56,330.43,327.38,2026-08-28,3,False
LNT,Utilities,Utilities - Regulated Electric,MACD,MACD 金叉 (空頭區),None,0.0,0.42,0.2308,0.2308,0.2494,13,409,0.0054,68.92,69.29,69.66,68.23,2026-08-26,3,False
MKC,Consumer Staples,Packaged Foods,BB,BB 中軌向上（上升趨勢）,None,0.0,0.51,0.2292,0.2292,0.2466,192,6128,-0.0033,55.33,55.15,54.96,54.78,2026-08-28,3,False
VLTO,Industrials,Pollution & Treatment Controls,BB,價格在 BB 中軌上方,None,0.0,0.425,0.2292,0.2292,0.295,253,22337,0.0002,98.56,98.58,98.6,97.57,2026-08-28,3,False
ROP,Information Technology,Software - Application,RSI,RSI 維持強勢 (50-70),Support,0.9,1.0,0.2281,,0.2281,0,57,-0.0136,413.28,407.66,402.04,409.15,2026-08-26,3,False
STZ,Consumer Staples,Beverages - Brewers,BB,價格在 BB 中軌上方,None,0.0,0.425,0.2273,0.2273,0.2432,242,8891,-0.0015,134.45,134.25,134.05,133.11,2026-08-26,3,False
DHR,Health Care,Diagnostics & Research,BB,價格在 BB 中軌上方,None,0.0,0.425,0.2267,0.2267,0.2804,247,14417,-0.002,216.07,215.64,215.21,213.91,2026-08-28,3,False
MSCI,Financials,Financial Data & Stock Exchanges,BB,價格在 BB 中軌上方,None,0.0,0.425,0.226,0.226,0.2847,208,21689,-0.0005,570.76,570.47,570.19,565.05,2026-08-28,3,False
AME,Industrials,Specialty Industrial Machinery,KDJ,KDJ 金叉,None,0.0,0.5525,0.2258,0.2258,0.3223,31,2110,-0.0029,243.67,242.96,242.26,241.23,2026-08-27,3,False
FAST,Industrials,Industrial Distribution,RSI,RSI 維持強勢 (50-70),None,0.0,0.51,0.2249,0.2249,0.2986,249,19157,0.0002,51.14,51.15,51.16,50.63,2026-08-27,3,False
CTAS,Industrials,Specialty Business Services,RSI,RSI 維持強勢 (50-70),None,0.0,0.51,0.2236,0.2236,0.2986,322,19157,0.0044,204.18,205.08,205.98,202.14,2026-08-28,3,False
STE,Health Care,Medical Devices,BB,價格在 BB 中軌上方,None,0.0,0.425,0.2235,0.2235,0.2804,170,14417,0.0018,236.77,237.2,237.62,234.4,2026-08-26,3,False
CLX,Consumer Staples,Household & Personal Products,BB,BB 中軌向上（上升趨勢）,None,0.0,0.51,0.2232,0.2232,0.2466,112,6128,0.0012,102.53,102.65,102.78,101.5,2026-08-28,3,False
EA,Communication Services,Electronic Gaming & Multimedia,BB,價格在 BB 中軌上方,None,0.0,0.425,0.2231,0.2231,0.3007,242,6080,0.0014,209.7,209.99,210.29,207.6,2026-08-07,3,False
PCAR,Industrials,Farm & Heavy Construction Machinery,BB,BB 跌破下軌 (超賣),None,0.0,0.45499999999999996,0.2222,0.2222,0.2838,18,1258,-0.0065,125.34,124.53,123.71,124.09,2026-08-28,3,False
PFE,Health Care,Drug Manufacturers - General,RSI,RSI 維持強勢 (50-70),None,0.0,0.51,0.2174,0.2174,0.2772,184,12123,-0.0036,27.96,27.86,27.76,27.68,2026-08-28,3,False
MRSH,Financials,Insurance Brokers,RSI,RSI 動能加速（強勢區）,None,0.0,0.51,0.2128,0.2128,0.279,47,3129,0.0004,192.64,192.72,192.79,190.71,2026-08-28,3,False
LYB,Materials,Specialty Chemicals,RSI,RSI 上穿 50 中性線,None,0.0,0.4675,0.2121,0.2121,0.3294,33,595,0.0009,62.62,62.68,62.73,61.99,2026-08-26,3,False
FE,Utilities,Utilities - Regulated Electric,KDJ,KDJ 金叉,None,0.0,0.5525,0.2105,0.2105,0.3001,19,713,0.0002,46.73,46.74,46.75,46.26,2026-08-26,3,False
EXR,Real Estate,REIT - Industrial,BB,BB 跌破下軌 (超賣),None,0.0,0.45499999999999996,0.2105,0.2105,0.25,19,564,-0.0085,142.79,141.58,140.36,141.36,2026-08-27,3,False
COO,Health Care,Medical Instruments & Supplies,BB,BB 中軌向上（上升趨勢）,None,0.0,0.51,0.2102,0.2102,0.2705,157,10885,-0.0092,70.96,70.31,69.65,70.25,2026-08-27,3,False
CNP,Utilities,Utilities - Regulated Electric,RSI,RSI 加速上升,None,0.0,0.5525,0.2086,0.2086,0.2565,139,4905,0.0045,39.24,39.42,39.59,38.85,2026-08-28,3,False
MCD,Consumer Discretionary,Restaurants,BB,BB 跌破下軌 (超賣),None,0.0,0.45499999999999996,0.2083,0.2083,0.2974,24,733,-0.0001,260.06,260.03,260.01,257.46,2026-08-27,3,False
ALL,Financials,Insurance - Property & Casualty,RSI,RSI 維持強勢 (50-70),None,0.0,0.51,0.208,0.208,0.2842,226,19108,-0.0006,260.58,260.42,260.27,257.97,2026-08-28,3,False
RSG,Industrials,Waste Management,RSI,RSI 維持強勢 (50-70),None,0.0,0.51,0.2077,0.2077,0.2986,260,19157,0.0022,222.11,222.6,223.09,219.89,2026-08-28,3,False
WY,Real Estate,REIT - Specialty,RSI,RSI 維持強勢 (50-70),None,0.0,0.51,0.2071,0.2071,0.2509,169,7011,-0.0033,24.08,24.0,23.92,23.84,2026-08-26,3,False
HRL,Consumer Staples,Packaged Foods,RSI,RSI 維持超賣,None,0.0,0.385,0.2051,,0.2051,0,78,-0.0194,21.57,21.15,20.73,21.35,2026-08-28,3,True
YUM,Consumer Discretionary,Restaurants,RSI,RSI 加速上升,None,0.0,0.5525,0.2047,0.2047,0.3117,127,6796,-0.0001,154.41,154.39,154.38,152.87,2026-08-26,3,False
GPC,Consumer Discretionary,Auto Parts,RSI,RSI 加速上升,None,0.0,0.5525,0.2038,0.2038,0.3117,157,6796,-0.0061,139.49,138.64,137.79,138.1,2026-08-26,3,False
MRK,Health Care,Drug Manufacturers - General,RSI,RSI 維持強勢 (50-70),None,0.0,0.51,0.2017,0.2017,0.2772,233,12123,-0.0043,148.35,147.71,147.07,146.87,2026-08-28,3,False
PNR,Industrials,Specialty Industrial Machinery,KDJ,KDJ 超賣區金叉,None,0.0,0.5599999999999999,0.2,0.2,0.2433,10,563,-0.006,61.67,61.3,60.93,61.05,2026-08-28,3,False
ATO,Utilities,Utilities - Regulated Gas,KDJ,KDJ 金叉,None,0.0,0.5525,0.2,0.2,0.3001,20,713,0.0011,169.46,169.65,169.83,167.77,2026-08-26,3,False
KMB,Consumer Staples,Household & Personal Products,RSI,RSI 維持強勢 (50-70),None,0.0,0.51,0.1981,0.1981,0.2452,212,7574,-0.0029,109.55,109.23,108.91,108.45,2026-08-28,3,False
NVR,Consumer Discretionary,Residential Construction,RSI,RSI 維持強勢 (50-70),None,0.0,0.51,0.198,0.198,0.2995,202,10441,-0.0034,6396.27,6374.52,6352.78,6332.31,2026-08-28,3,False
PEG,Utilities,Utilities - Regulated Electric,RSI,RSI 加速上升,None,0.0,0.5525,0.1974,0.1974,0.2565,152,4905,-0.0026,73.19,73.0,72.81,72.46,2026-08-28,3,False
BSX,Health Care,Medical Devices,BB,BB 中軌向上（上升趨勢）,None,0.0,0.51,0.1929,0.1929,0.2705,197,10885,0.0028,46.84,46.97,47.1,46.37,2026-08-28,3,False
AON,Financials,Insurance Brokers,BB,價格在 BB 中軌上方,None,0.0,0.425,0.1869,0.1869,0.2847,289,21689,-0.0042,355.4,353.91,352.41,351.85,2026-08-28,3,False
UDR,Real Estate,REIT - Residential,BB,價格在 BB 中軌上方,None,0.0,0.425,0.1857,0.1857,0.248,237,8032,-0.0007,37.93,37.9,37.88,37.55,2026-08-26,3,False
LIN,Materials,Specialty Chemicals,RSI,RSI 加速上升,None,0.0,0.5525,0.1748,0.1748,0.3048,143,3639,0.0005,490.33,490.58,490.82,485.43,2026-08-26,3,False
MAA,Real Estate,REIT - Residential,BB,BB 跌破下軌 (超賣),None,0.0,0.45499999999999996,0.1667,0.1667,0.25,18,564,-0.0052,128.79,128.12,127.45,127.5,2026-08-27,3,False
WTW,Financials,Insurance Brokers,BB,價格在 BB 中軌上方,None,0.0,0.425,0.1646,0.1646,0.2847,316,21689,-0.0024,343.75,342.93,342.1,340.31,2026-08-28,3,False
LOW,Consumer Discretionary,Home Improvement Retail,BB,BB 跌破下軌 (超賣),None,0.0,0.45499999999999996,0.16,0.16,0.2974,25,733,0.0003,206.74,206.8,206.86,204.67,2026-08-27,3,False
TROW,Financials,Asset Management,MACD,MACD 金叉 (空頭區),None,0.0,0.42,0.1538,0.1538,0.3214,13,865,-0.0134,112.36,110.85,109.35,111.24,2026-08-27,3,False
SNA,Industrials,Tools & Accessories,RSI,RSI 加速上升,None,0.0,0.5525,0.1418,0.1418,0.2981,141,11545,-0.003,395.84,394.65,393.46,391.88,2026-08-27,3,False
TSN,Consumer Staples,Farm Products,BB,BB 跌破下軌 (超賣),None,0.0,0.45499999999999996,0.1333,0.1333,0.2667,15,705,-0.0105,55.35,54.77,54.19,54.8,2026-08-27,3,False
AZO,Consumer Discretionary,Auto Parts,BB,BB 跌破下軌 (超賣),None,0.0,0.45499999999999996,0.125,0.125,0.2974,8,733,0.0012,2932.3301,2935.85,2939.37,2903.01,2026-08-27,3,False
PSA,Real Estate,REIT - Industrial,BB,BB 跌破下軌 (超賣),None,0.0,0.45499999999999996,0.0588,0.0588,0.25,17,564,-0.006,313.51,311.63,309.75,310.37,2026-08-28,3,False
LVS,Consumer Discretionary,Resorts & Casinos,BB,BB 跌破下軌 (超賣),None,0.0,0.45499999999999996,0.0,0.0,0.3556,9,239,-0.028,44.24,43.0,41.76,43.8,2026-08-27,3,True
WEC,Utilities,Utilities - Regulated Electric,MACD,MACD 金叉 (空頭區),None,0.0,0.42,0.0,0.0,0.2494,11,409,-0.0073,107.52,106.74,105.95,106.44,2026-08-26,3,False
