symbol,sector,subsector,indicator,signal,pattern,pattern_conf,confidence,win_rate,win_rate_stock,win_rate_sector,stock_n,sector_n,avg_return,price,tp1_price,tp2_price,sl_price,date,tier,volume_confirmed
FICO,Information Technology,Software - Application,BB,BB 跌破下軌 (超賣),Support,0.7,1.0,0.7857,,0.7857,0,14,0.0772,932.26,1004.23,1076.2,922.94,2026-09-04,1,True
ZS,Information Technology,Software - Infrastructure,BB,BB 跌破下軌 (超賣),Bullish Engulfing,0.75,1.0,0.6863,,0.6863,0,51,0.0442,161.94,169.1,176.26,160.32,2026-09-08,1,False
BURL,Consumer Discretionary,Apparel Retail,RSI,RSI 維持超賣,Morning Star,0.8,0.9,0.6207,,0.6207,0,29,0.0302,265.33,273.34,281.36,262.68,2026-09-04,1,False
TGT,Consumer Staples,Discount Stores,BB,BB 中軌向上（上升趨勢）,Morning Star,0.8,1.0,0.5505,,0.5505,0,109,0.0238,164.44,168.35,172.27,162.8,2026-09-04,1,False
TSN,Consumer Staples,Farm Products,RSI,RSI 維持超賣,Support,0.7,1.0,0.5,,0.5,0,6,0.0233,51.42,52.62,53.82,50.91,2026-09-04,1,True
AMD,Information Technology,Semiconductors,RSI,RSI 維持強勢 (50-70),None,0.0,0.51,0.7778,0.7778,0.4471,9,747,0.0879,505.74,550.19,594.65,500.68,2026-09-08,2,True
ETR,Utilities,Utilities - Regulated Electric,BB,價格在 BB 中軌上方,None,0.0,0.425,0.7692,0.7692,0.3287,13,432,0.0346,108.53,112.29,116.04,107.44,2026-09-08,2,True
META,Communication Services,Internet Content & Information,BB,BB 中軌向上（上升趨勢）,None,0.0,0.51,0.6667,0.6667,0.3881,12,268,0.0364,653.69,677.48,701.28,647.15,2026-09-09,2,True
COO,Health Care,Medical Instruments & Supplies,BB,BB 跌破下軌 (超賣),None,0.0,0.45499999999999996,0.6667,0.6667,0.3173,6,375,0.0132,63.48,64.32,65.16,62.85,2026-09-09,2,True
EXPE,Consumer Discretionary,Travel Services,BB,BB 跌破下軌 (超賣),None,0.0,0.45499999999999996,0.625,0.625,0.3556,8,239,0.0351,272.6,282.17,291.74,269.87,2026-09-09,2,True
AAPL,Information Technology,Consumer Electronics,BB,價格在 BB 中軌上方,None,0.0,0.425,0.6,0.6,0.4327,10,1188,0.0268,315.34,323.79,332.24,312.19,2026-09-09,2,True
T,Communication Services,Telecom Services,BB,BB 中軌向上（上升趨勢）,None,0.0,0.51,0.5714,0.5714,0.3881,7,268,0.0165,25.15,25.56,25.98,24.9,2026-09-09,2,True
UDR,Real Estate,REIT - Residential,BB,BB 跌破下軌 (超賣),None,0.0,0.45499999999999996,0.5556,0.5556,0.3864,9,132,0.0047,35.4,35.57,35.73,35.05,2026-09-09,2,True
FSLR,Information Technology,Solar,RSI,RSI 加速上升,None,0.0,0.5525,0.5455,0.5455,0.4113,11,851,0.0102,203.1,205.17,207.24,201.07,2026-09-09,2,True
SNPS,Information Technology,Software - Infrastructure,BB,BB 中軌向上（上升趨勢）,None,0.0,0.51,0.5455,0.5455,0.4238,11,1083,0.0246,393.84,403.53,413.22,389.9,2026-09-04,2,True
BG,Consumer Staples,Farm Products,RSI,RSI 維持強勢 (50-70),None,0.0,0.51,0.5,0.5,0.3092,6,262,0.0226,123.89,126.69,129.49,122.65,2026-09-08,2,True
TSLA,Consumer Discretionary,Auto Manufacturers,BB,BB 中軌向上（上升趨勢）,None,0.0,0.51,0.5,0.5,0.3934,12,427,0.0511,354.08,372.17,390.27,350.54,2026-09-04,2,True
ACGL,Financials,Insurance - Diversified,BB,BB 跌破下軌 (超賣),None,0.0,0.45499999999999996,0.5,0.5,0.4057,6,424,0.0161,95.71,97.25,98.79,94.75,2026-09-08,2,True
ADSK,Information Technology,Software - Application,BB,BB 跌破下軌 (超賣),None,0.0,0.45499999999999996,0.5,0.5,0.4474,12,456,0.011,217.9,220.3,222.69,215.72,2026-09-04,2,True
AON,Financials,Insurance Brokers,BB,BB 跌破下軌 (超賣),None,0.0,0.45499999999999996,0.5,0.5,0.4057,8,424,0.0267,304.69,312.83,320.96,301.64,2026-09-09,2,True
CMCSA,Communication Services,Telecom Services,BB,BB 跌破下軌 (超賣),None,0.0,0.45499999999999996,0.5,0.5,0.3194,10,144,0.0213,24.59,25.11,25.64,24.34,2026-09-09,2,True
LYV,Communication Services,Entertainment,BB,BB 跌破下軌 (超賣),None,0.0,0.45499999999999996,0.5,0.5,0.3194,6,144,0.0103,169.99,171.74,173.49,168.29,2026-09-09,2,True
SBAC,Real Estate,REIT - Specialty,BB,價格在 BB 中軌上方,None,0.0,0.425,0.5,0.5,0.3248,6,311,0.0267,186.74,191.73,196.71,184.87,2026-09-09,2,True
BN,Financials,Asset Management,RSI,RSI 超賣區域 (30),None,0.0,0.5249999999999999,0.4831,,0.4831,0,118,0.0179,38.52,39.21,39.9,38.13,2026-09-09,2,True
BNT,Financials,Insurance - Diversified,RSI,RSI 超賣區域 (30),None,0.0,0.5249999999999999,0.4831,,0.4831,0,118,0.0179,39.3,40.0,40.71,38.91,2026-09-08,2,True
HCA,Health Care,Medical Care Facilities,RSI,RSI 維持強勢 (50-70),None,0.0,0.51,0.4667,0.4667,0.3606,15,502,0.0184,421.83,429.59,437.35,417.61,2026-09-09,2,True
NET,Information Technology,Software - Infrastructure,KDJ,KDJ 金叉,None,0.0,0.5525,0.4606,,0.4606,0,165,0.01,314.18,317.32,320.46,311.04,2026-09-09,2,True
NOK,Information Technology,Communication Equipment,KDJ,KDJ 金叉,None,0.0,0.5525,0.4606,,0.4606,0,165,0.01,10.65,10.76,10.86,10.54,2026-09-08,2,True
UNH,Health Care,Healthcare Plans,BB,價格在 BB 中軌上方,None,0.0,0.425,0.4545,0.4545,0.365,11,715,0.0221,400.84,409.7,418.56,396.83,2026-09-08,2,True
ROIV,Health Care,Biotechnology,MACD,MACD 金叉 (多頭區),None,0.0,0.68,0.451,,0.451,0,51,0.0047,41.48,41.67,41.87,41.07,2026-09-08,2,True
SWKS,Information Technology,Semiconductors,BB,BB 中軌向上（上升趨勢）,Consolidation Breakout,0.72,1.0,0.8333,0.8333,0.2751,6,1265,0.0507,76.54,80.42,84.3,75.77,2026-09-09,3,False
CHRW,Industrials,Integrated Freight & Logistics,BB,價格在 BB 中軌上方,Morning Star,0.8,0.924,0.8,0.8,0.4387,5,424,0.0433,147.64,154.03,160.43,146.16,2026-09-04,3,False
EL,Consumer Staples,Household & Personal Products,BB,價格在 BB 中軌上方,Bullish Engulfing,0.75,0.9075,0.8,0.8,0.3836,5,146,0.0383,103.86,107.84,111.82,102.82,2026-09-04,3,False
COHR,Information Technology,Scientific & Technical Instruments,MACD,MACD 金叉 (空頭區),None,0.0,0.42,0.75,0.75,0.3767,8,754,0.0198,301.88,307.86,313.83,298.86,2026-09-08,3,False
C,Financials,Banks - Diversified,MACD,MACD 突破 0 軸,None,0.0,0.595,0.7143,0.7143,0.3301,7,618,0.0327,137.72,142.22,146.73,136.34,2026-09-04,3,False
ISRG,Health Care,Medical Instruments & Supplies,BB,BB 跌破下軌 (超賣),None,0.0,0.45499999999999996,0.7143,0.7143,0.2752,7,974,0.0214,350.16,357.65,365.15,346.66,2026-09-08,3,False
SNDK,Information Technology,Computer Hardware,RSI,RSI 動能加速（強勢區）,None,0.0,0.51,0.7059,0.7059,0.366,34,2885,0.1227,1740.0,1953.5,2167.0,1722.6,2026-09-04,3,False
WDC,Information Technology,Computer Hardware,RSI,RSI 上穿 50 中性線,None,0.0,0.4675,0.7,0.7,0.3785,20,1593,0.0721,477.3,511.71,546.13,472.53,2026-09-08,3,False
NRG,Utilities,Utilities - Independent Power Producers,RSI,RSI 維持強勢 (50-70),Bullish Engulfing,0.75,1.0,0.6667,0.6667,0.3196,6,97,0.0399,119.02,123.77,128.52,117.83,2026-09-04,3,False
SPG,Real Estate,REIT - Retail,RSI,RSI 超賣區域 (30),Bullish Engulfing,0.75,1.0,0.641,,,0,0,0.0374,207.2159,214.97,222.72,205.14,2026-09-04,3,False
STX,Information Technology,Computer Hardware,RSI,RSI 上穿 50 中性線,None,0.0,0.4675,0.6316,0.6316,0.3785,19,1593,0.0455,849.28,887.92,926.56,840.79,2026-09-04,3,False
ALB,Materials,Specialty Chemicals,BB,BB 中軌向上（上升趨勢）,Bullish Engulfing,0.75,1.0,0.6,0.6,0.4242,5,99,0.0339,129.57,133.96,138.35,128.27,2026-09-08,3,False
PH,Industrials,Specialty Industrial Machinery,KDJ,KDJ 超賣區金叉,None,0.0,0.5599999999999999,0.6,0.6,0.2433,5,563,0.0315,962.59,992.91,1023.23,952.96,2026-09-04,3,False
APH,Information Technology,Electronic Components,KDJ,KDJ 金叉,None,0.0,0.5525,0.6,0.6,0.3918,30,1955,0.0138,81.34,82.46,83.58,80.53,2026-09-09,3,False
MTD,Health Care,Diagnostics & Research,RSI,RSI 超賣區域 (30),None,0.0,0.5249999999999999,0.6,0.6,0.2827,5,336,0.0311,1290.36,1330.49,1370.62,1277.46,2026-09-09,3,False
GEV,Industrials,Specialty Industrial Machinery,MACD,MACD 金叉 (空頭區),None,0.0,0.42,0.6,0.6,0.3303,5,875,0.008,971.31,979.08,986.85,961.6,2026-09-08,3,False
GLW,Information Technology,Electronic Components,MACD,MACD 金叉 (空頭區),None,0.0,0.42,0.6,0.6,0.3767,10,754,0.0281,154.3,158.64,162.97,152.76,2026-09-04,3,False
KLAC,Information Technology,Semiconductor Equipment & Materials,RSI,RSI 上穿 50 中性線,None,0.0,0.4675,0.5862,0.5862,0.3785,29,1593,0.0274,185.6,190.69,195.77,183.74,2026-09-04,3,False
VRT,Industrials,Electrical Equipment & Parts,RSI,RSI 維持強勢 (50-70),None,0.0,0.51,0.5753,0.5753,0.2986,365,19157,0.0264,290.83,298.51,306.19,287.92,2026-09-08,3,False
LITE,Information Technology,Communication Equipment,RSI,RSI 上穿 50 中性線,None,0.0,0.4675,0.5714,0.5714,0.3785,21,1593,0.0398,881.255,916.33,951.4,872.44,2026-09-04,3,False
MSCI,Financials,Financial Data & Stock Exchanges,BB,BB 跌破下軌 (超賣),None,0.0,0.45499999999999996,0.5714,0.5714,0.3485,7,1277,0.0286,551.39,567.16,582.93,545.88,2026-09-08,3,False
SWK,Industrials,Tools & Accessories,BB,BB 跌破下軌 (超賣),None,0.0,0.45499999999999996,0.5714,0.5714,0.2838,14,1258,0.0414,91.68,95.48,99.27,90.76,2026-09-09,3,False
GS,Financials,Capital Markets,MACD,MACD 金叉 (空頭區),None,0.0,0.42,0.5714,0.5714,0.3214,7,865,0.0286,1038.61,1068.31,1098.02,1028.22,2026-09-04,3,False
CHTR,Communication Services,Telecom Services,BB,BB 跌破下軌 (超賣),None,0.0,0.45499999999999996,0.5625,0.5625,0.33,16,397,0.0169,133.89,136.15,138.42,132.55,2026-09-09,3,False
DDOG,Information Technology,Software - Application,KDJ,KDJ 金叉,None,0.0,0.5525,0.5556,0.5556,0.3918,27,1955,0.0258,225.27,231.08,236.89,223.02,2026-09-09,3,False
NEM,Materials,Gold,KDJ,KDJ 金叉,None,0.0,0.5525,0.5556,0.5556,0.314,36,637,0.0215,128.71,131.48,134.24,127.42,2026-09-09,3,False
INTC,Information Technology,Semiconductors,RSI,RSI 上穿 50 中性線,None,0.0,0.4675,0.5556,0.5556,0.3785,18,1593,0.0314,95.8,98.81,101.82,94.84,2026-09-04,3,False
INTU,Information Technology,Software - Application,BB,BB 跌破下軌 (超賣),None,0.0,0.45499999999999996,0.5556,0.5556,0.3447,9,1001,0.0411,313.94,326.84,339.75,310.8,2026-09-09,3,False
GD,Industrials,Aerospace & Defense,RSI,RSI 維持超賣,None,0.0,0.385,0.5556,0.5556,0.2983,9,848,0.0349,352.67,364.98,377.29,349.14,2026-09-09,3,False
MU,Information Technology,Semiconductors,RSI,RSI 動能加速（強勢區）,None,0.0,0.51,0.5441,0.5441,0.366,68,2885,0.029,1016.59,1046.07,1075.55,1006.42,2026-09-04,3,False
TRGP,Energy,Oil & Gas Midstream,KDJ,KDJ 金叉,None,0.0,0.5525,0.5417,0.5417,0.3614,24,498,0.0268,294.29,302.18,310.06,291.35,2026-09-08,3,False
CPRT,Industrials,Specialty Business Services,BB,BB 中軌向上（上升趨勢）,Morning Star,0.8,1.0,0.5233,,0.5233,0,407,0.0228,33.72,34.49,35.26,33.38,2026-09-04,3,False
EXPD,Industrials,Integrated Freight & Logistics,BB,BB 中軌向上（上升趨勢）,Morning Star,0.8,1.0,0.5233,,0.5233,0,407,0.0228,188.8,193.1,197.41,186.91,2026-09-04,3,False
FCX,Materials,Copper,RSI,RSI 加速上升,None,0.0,0.5525,0.5217,0.5217,0.3048,138,3639,0.0144,76.23,77.33,78.43,75.47,2026-09-09,3,False
LRCX,Information Technology,Semiconductor Equipment & Materials,KDJ,KDJ 金叉,None,0.0,0.5525,0.5161,0.5161,0.3918,31,1955,0.0344,307.65,318.23,328.82,304.57,2026-09-04,3,False
HOOD,Financials,Capital Markets,BB,BB 中軌向上（上升趨勢）,None,0.0,0.51,0.5123,0.5123,0.2681,324,16575,0.0235,115.28,117.99,120.7,114.13,2026-09-09,3,False
TER,Information Technology,Semiconductor Equipment & Materials,RSI,RSI 維持強勢 (50-70),None,0.0,0.51,0.5094,0.5094,0.3645,265,16764,0.0273,383.69,394.16,404.64,379.85,2026-09-09,3,False
CEG,Utilities,Utilities - Independent Power Producers,RSI,RSI 加速上升,None,0.0,0.5525,0.5093,0.5093,0.2565,161,4905,0.0227,299.05,305.84,312.63,296.06,2026-09-08,3,False
UHS,Health Care,Medical Care Facilities,RSI,RSI 維持強勢 (50-70),Morning Star,0.8,1.0,0.5,0.5,0.3781,6,283,0.0313,169.65,174.96,180.27,167.95,2026-09-04,3,False
RBC,Industrials,Tools & Accessories,RSI,RSI 維持超賣,Bullish Engulfing,0.75,0.885,0.5,,0.5,0,44,0.0219,488.54,499.24,509.94,483.65,2026-09-04,3,False
CPT,Real Estate,REIT - Residential,KDJ,KDJ 超賣區金叉,None,0.0,0.5599999999999999,0.5,0.5,0.2366,10,448,0.0092,105.69,106.66,107.63,104.63,2026-09-04,3,False
ANET,Information Technology,Computer Hardware,KDJ,KDJ 金叉,None,0.0,0.5525,0.5,0.5,0.3918,24,1955,0.0201,194.96,198.88,202.8,193.01,2026-09-08,3,False
CVNA,Consumer Discretionary,Auto & Truck Dealerships,RSI,RSI 維持強勢 (50-70),None,0.0,0.51,0.5,0.5,0.2995,304,10441,0.0413,73.41,76.44,79.47,72.68,2026-09-09,3,False
BLK,Financials,Asset Management,BB,BB 跌破下軌 (超賣),None,0.0,0.45499999999999996,0.5,0.5,0.3485,14,1277,0.02,1072.03,1093.47,1114.91,1061.31,2026-09-09,3,False
GEHC,Health Care,Medical Devices,BB,BB 跌破下軌 (超賣),None,0.0,0.45499999999999996,0.5,0.5,0.2752,16,974,0.0173,65.17,66.3,67.42,64.52,2026-09-09,3,False
GOOG,Communication Services,Internet Content & Information,BB,BB 跌破下軌 (超賣),None,0.0,0.45499999999999996,0.5,0.5,0.33,24,397,0.0242,328.38,336.33,344.27,325.1,2026-09-09,3,False
MAS,Industrials,Building Products & Equipment,BB,BB 跌破下軌 (超賣),None,0.0,0.45499999999999996,0.5,0.5,0.2838,10,1258,0.0141,69.38,70.36,71.34,68.69,2026-09-09,3,False
FIX,Industrials,Engineering & Construction,MACD,MACD 金叉 (空頭區),None,0.0,0.42,0.5,0.5,0.3303,6,875,0.0098,1648.47,1664.63,1680.78,1631.99,2026-09-08,3,False
ROK,Industrials,Specialty Industrial Machinery,MACD,MACD 金叉 (空頭區),None,0.0,0.42,0.5,0.5,0.3303,8,875,0.0059,433.81,436.37,438.93,429.47,2026-09-04,3,False
HRL,Consumer Staples,Packaged Foods,RSI,RSI 維持超賣,None,0.0,0.385,0.5,0.5,0.2366,14,744,0.0118,20.97,21.22,21.46,20.76,2026-09-09,3,False
FANG,Energy,Oil & Gas E&P,RSI,RSI 上穿 50 中性線,None,0.0,0.4675,0.4828,0.4828,0.361,29,579,0.0161,202.63,205.89,209.15,200.6,2026-09-09,3,False
HD,Consumer Discretionary,Home Improvement Retail,KDJ,KDJ 超賣區金叉,Morning Star,0.8,1.0,0.4815,,0.4815,0,27,0.0358,321.05,332.54,344.04,317.84,2026-09-04,3,False
APA,Energy,Oil & Gas E&P,KDJ,KDJ 金叉,None,0.0,0.5525,0.48,0.48,0.3614,25,498,0.0101,43.55,43.99,44.43,43.11,2026-09-08,3,False
BAX,Health Care,Medical Instruments & Supplies,RSI,RSI 上穿 50 中性線,None,0.0,0.4675,0.4783,0.4783,0.3144,23,1323,0.0071,25.83,26.01,26.2,25.57,2026-09-04,3,False
GOOGL,Communication Services,Internet Content & Information,BB,BB 跌破下軌 (超賣),None,0.0,0.45499999999999996,0.4783,0.4783,0.33,23,397,0.0184,330.65,336.73,342.82,327.34,2026-09-09,3,False
DELL,Information Technology,Computer Hardware,RSI,RSI 維持強勢 (50-70),None,0.0,0.51,0.4775,0.4775,0.3645,333,16764,0.0252,535.25,548.74,562.23,529.9,2026-09-09,3,False
VST,Utilities,Utilities - Independent Power Producers,RSI,RSI 加速上升,None,0.0,0.5525,0.4759,0.4759,0.2565,166,4905,0.019,151.1,153.97,156.84,149.59,2026-09-09,3,False
SYF,Financials,Credit Services,RSI,RSI 加速上升,None,0.0,0.5525,0.4749,0.4749,0.3014,179,11488,0.0133,79.92,80.98,82.05,79.12,2026-09-04,3,False
BA,Industrials,Aerospace & Defense,RSI,RSI 加速上升,None,0.0,0.5525,0.473,0.473,0.2981,148,11545,0.0097,210.73,212.77,214.82,208.62,2026-09-08,3,False
WTS,Industrials,Specialty Industrial Machinery,RSI,RSI 維持強勢 (50-70),Morning Star,0.8,1.0,0.4725,,0.4725,0,436,0.0182,363.13,369.74,376.35,359.5,2026-09-04,3,False
DPZ,Consumer Discretionary,Restaurants,BB,BB 跌破下軌 (超賣),None,0.0,0.45499999999999996,0.4667,0.4667,0.2974,15,733,0.0025,321.46,322.26,323.07,318.25,2026-09-09,3,False
DXCM,Health Care,Medical Devices,BB,BB 跌破下軌 (超賣),None,0.0,0.45499999999999996,0.4667,0.4667,0.2752,15,974,0.0133,83.88,85.0,86.11,83.04,2026-09-09,3,False
PLTR,Information Technology,Software - Infrastructure,RSI,RSI 維持強勢 (50-70),None,0.0,0.51,0.4644,0.4644,0.3645,295,16764,0.0159,169.53,172.23,174.92,167.83,2026-09-09,3,False
NXPI,Information Technology,Semiconductors,RSI,RSI 加速上升,None,0.0,0.5525,0.4622,0.4622,0.3693,119,10688,0.0209,227.84,232.6,237.36,225.56,2026-09-04,3,False
TFC,Financials,Banks - Regional,MACD,MACD 金叉 (空頭區),None,0.0,0.42,0.4615,0.4615,0.3214,13,865,0.0184,51.65,52.6,53.55,51.13,2026-09-04,3,False
CRWD,Information Technology,Software - Infrastructure,RSI,RSI 維持強勢 (50-70),None,0.0,0.51,0.4578,0.4578,0.3645,249,16764,0.0167,207.8,211.27,214.74,205.72,2026-09-09,3,False
JBL,Information Technology,Electronic Components,RSI,RSI 加速上升,None,0.0,0.5525,0.4566,0.4566,0.3693,173,10688,0.0157,311.37,316.26,321.15,308.26,2026-09-09,3,False
NCLH,Consumer Discretionary,Travel Services,RSI,RSI 維持超賣,None,0.0,0.385,0.4545,0.4545,0.3894,22,565,-0.0047,14.85,14.78,14.71,14.7,2026-09-09,3,False
WSM,Consumer Discretionary,Specialty Retail,RSI,RSI 加速上升,None,0.0,0.5525,0.4532,0.4532,0.3117,139,6796,0.0124,227.52,230.34,233.16,225.24,2026-09-09,3,False
IRM,Real Estate,REIT - Specialty,KDJ,KDJ 金叉,None,0.0,0.5525,0.45,0.45,0.2818,20,550,0.0175,116.86,118.91,120.95,115.69,2026-09-04,3,False
TKO,Communication Services,Entertainment,RSI,RSI 上穿 50 中性線,None,0.0,0.4675,0.45,0.45,0.3243,20,518,-0.0008,195.32,195.16,195.01,193.37,2026-09-08,3,False
WELL,Real Estate,REIT - Healthcare Facilities,RSI,RSI 上穿 50 中性線,None,0.0,0.4675,0.4474,0.4474,0.2311,38,818,0.011,237.25,239.86,242.47,234.88,2026-09-08,3,False
FISV,Information Technology,Financial Technology,BB,BB 跌破下軌 (超賣),None,0.0,0.45499999999999996,0.4474,,0.4474,0,456,0.012,48.65,49.23,49.82,48.16,2026-09-09,3,True
GIB,Information Technology,Information Technology Services,BB,BB 跌破下軌 (超賣),None,0.0,0.45499999999999996,0.4474,,0.4474,0,456,0.012,68.85,69.68,70.5,68.16,2026-09-09,3,True
GRAB,Information Technology,Software - Application,BB,BB 跌破下軌 (超賣),None,0.0,0.45499999999999996,0.4474,,0.4474,0,456,0.012,3.04,3.08,3.11,3.01,2026-09-09,3,True
GWRE,Information Technology,Software - Application,BB,BB 跌破下軌 (超賣),None,0.0,0.45499999999999996,0.4474,,0.4474,0,456,0.012,149.71,151.51,153.3,148.21,2026-09-08,3,True
SHOP,Information Technology,Software - Application,BB,BB 跌破下軌 (超賣),None,0.0,0.45499999999999996,0.4474,,0.4474,0,456,0.012,126.79,128.31,129.83,125.52,2026-09-09,3,True
UI,Information Technology,Communication Equipment,BB,BB 跌破下軌 (超賣),None,0.0,0.45499999999999996,0.4474,,0.4474,0,456,0.012,520.58,526.83,533.07,515.37,2026-09-09,3,True
WIT,Information Technology,Information Technology Services,BB,BB 跌破下軌 (超賣),None,0.0,0.45499999999999996,0.4474,,0.4474,0,456,0.012,1.73,1.75,1.77,1.71,2026-09-08,3,True
ALAB,Information Technology,Semiconductors,RSI,RSI 維持強勢 (50-70),None,0.0,0.51,0.4471,,0.4471,0,747,0.0161,310.4,315.4,320.39,307.3,2026-09-04,3,True
DOCN,Information Technology,Software - Infrastructure,RSI,RSI 維持強勢 (50-70),None,0.0,0.51,0.4471,,0.4471,0,747,0.0161,132.67,134.81,136.94,131.34,2026-09-09,3,True
IOT,Information Technology,Software - Infrastructure,RSI,RSI 維持強勢 (50-70),None,0.0,0.51,0.4471,,0.4471,0,747,0.0161,40.15,40.8,41.44,39.75,2026-09-08,3,True
MTSI,Information Technology,Semiconductors,RSI,RSI 維持強勢 (50-70),None,0.0,0.51,0.4471,,0.4471,0,747,0.0161,286.12,290.73,295.33,283.26,2026-09-09,3,True
VIAV,Information Technology,Communication Equipment,RSI,RSI 維持強勢 (50-70),None,0.0,0.51,0.4471,,0.4471,0,747,0.0161,38.75,39.37,40.0,38.36,2026-09-08,3,True
MS,Financials,Capital Markets,MACD,MACD 突破 0 軸,None,0.0,0.595,0.4444,0.4444,0.3301,9,618,0.0189,216.24,220.33,224.41,214.08,2026-09-08,3,False
MRSH,Financials,Insurance Brokers,BB,BB 跌破下軌 (超賣),None,0.0,0.45499999999999996,0.4444,0.4444,0.3485,18,1277,0.0133,176.84,179.19,181.54,175.07,2026-09-09,3,False
KEY,Financials,Banks - Regional,MACD,MACD 金叉 (空頭區),None,0.0,0.42,0.4444,0.4444,0.3214,9,865,0.0232,22.18,22.69,23.21,21.96,2026-09-04,3,False
AGNC,Real Estate,REIT - Mortgage,KDJ,KDJ 金叉,None,0.0,0.5525,0.4412,,0.4412,0,34,0.011,10.68,10.8,10.91,10.57,2026-09-08,3,True
AGNCM,Real Estate,REIT - Mortgage,KDJ,KDJ 金叉,None,0.0,0.5525,0.4412,,0.4412,0,34,0.011,25.33,25.61,25.89,25.08,2026-09-08,3,True
AVB,Real Estate,REIT - Residential,KDJ,KDJ 金叉,None,0.0,0.5525,0.4412,,0.4412,0,34,0.011,68.14,68.89,69.64,67.46,2026-08-24,3,True
MAR,Consumer Discretionary,Lodging,KDJ,KDJ 超賣區金叉,None,0.0,0.5599999999999999,0.44,,0.44,0,25,0.0087,331.52,334.4,337.29,328.2,2026-09-09,3,True
KKR,Financials,Asset Management,RSI,RSI 維持強勢 (50-70),None,0.0,0.51,0.4388,0.4388,0.2842,278,19108,0.0087,107.73,108.67,109.6,106.65,2026-09-04,3,False
BSX,Health Care,Medical Devices,BB,BB 跌破下軌 (超賣),None,0.0,0.45499999999999996,0.4375,0.4375,0.2752,16,974,0.0083,44.98,45.35,45.73,44.53,2026-09-08,3,False
HBAN,Financials,Banks - Regional,RSI,RSI 加速上升,None,0.0,0.5525,0.4365,0.4365,0.3014,126,11488,0.0137,16.63,16.86,17.09,16.46,2026-09-09,3,False
KEYS,Information Technology,Scientific & Technical Instruments,RSI,RSI 動能加速（強勢區）,None,0.0,0.51,0.4359,0.4359,0.366,39,2885,0.0237,333.42,341.32,349.22,330.09,2026-09-08,3,False
QCOM,Information Technology,Semiconductors,MACD,MACD 突破 0 軸,None,0.0,0.595,0.4355,,0.4355,0,62,0.0046,174.09,174.89,175.69,172.35,2026-09-08,3,True
COIN,Financials,Financial Data & Stock Exchanges,BB,價格在 BB 中軌上方,None,0.0,0.425,0.4311,0.4311,0.2847,283,21689,0.0187,174.72,177.99,181.25,172.97,2026-09-09,3,False
INVH,Real Estate,REIT - Residential,RSI,RSI 超賣區域 (30),None,0.0,0.5249999999999999,0.4286,0.4286,0.3012,7,166,0.0104,28.22,28.51,28.81,27.94,2026-09-08,3,False
CF,Materials,Agricultural Inputs,RSI,RSI 動能加速（強勢區）,None,0.0,0.51,0.4286,0.4286,0.2962,28,942,0.0051,138.11,138.81,139.52,136.73,2026-09-09,3,False
KMB,Consumer Staples,Household & Personal Products,BB,BB 跌破下軌 (超賣),None,0.0,0.45499999999999996,0.4286,0.4286,0.2118,7,203,-0.0108,98.7,97.63,96.57,97.71,2026-09-09,3,True
GPC,Consumer Discretionary,Auto Parts,BB,BB 中軌向上（上升趨勢）,Bullish Engulfing,0.75,1.0,0.4279,,0.4279,0,208,0.015,138.08,140.15,142.22,136.7,2026-09-04,3,False
HBANL,Financials,Banks - Regional,RSI,RSI 維持強勢 (50-70),Morning Star,0.8,1.0,0.4278,,0.4278,0,367,0.0116,25.28,25.57,25.87,25.03,2026-09-08,3,False
GNRC,Industrials,Specialty Industrial Machinery,RSI,RSI 加速上升,None,0.0,0.5525,0.4267,0.4267,0.2981,150,11545,0.0126,186.48,188.83,191.18,184.62,2026-09-09,3,False
FER,Industrials,Engineering & Construction,RSI,RSI 維持超賣,None,0.0,0.385,0.4252,,0.4252,0,127,0.01,57.99,58.57,59.15,57.41,2026-09-08,3,True
IESC,Industrials,Engineering & Construction,RSI,RSI 維持超賣,None,0.0,0.385,0.4252,,0.4252,0,127,0.01,322.57,325.8,329.02,319.34,2026-09-04,3,True
EQNR,Energy,Oil & Gas Integrated,KDJ,KDJ 金叉,Consolidation Breakout,0.85,1.0,0.4242,,0.4242,0,33,0.0143,45.23,45.88,46.52,44.78,2026-09-09,3,True
VNOM,Energy,Oil & Gas Midstream,KDJ,KDJ 金叉,Consolidation Breakout,0.75,1.0,0.4242,,0.4242,0,33,0.0143,45.27,45.92,46.56,44.82,2026-09-09,3,False
Q,Information Technology,Semiconductor Equipment & Materials,RSI,RSI 加速上升,None,0.0,0.5525,0.4242,0.4242,0.3693,33,10688,0.0166,125.47,127.55,129.64,124.22,2026-09-09,3,False
KSPI,Information Technology,Software - Infrastructure,BB,BB 中軌向上（上升趨勢）,None,0.0,0.51,0.4238,,0.4238,0,1083,0.0134,100.0,101.34,102.68,99.0,2026-09-09,3,True
UBER,Information Technology,Software - Application,BB,BB 中軌向上（上升趨勢）,None,0.0,0.51,0.4238,,0.4238,0,1083,0.0134,73.13,74.11,75.09,72.4,2026-09-08,3,True
WSE,Information Technology,Information Technology Services,BB,BB 中軌向上（上升趨勢）,None,0.0,0.51,0.4238,,0.4238,0,1083,0.0134,12.41,12.58,12.74,12.29,2026-09-08,3,True
W,Consumer Discretionary,Internet Retail,RSI,RSI 維持強勢 (50-70),Morning Star,0.8,1.0,0.4226,,0.4226,0,265,0.0097,99.43,100.39,101.36,98.44,2026-09-04,3,False
AMRZ,Materials,Building Materials,BB,BB 跌破下軌 (超賣),None,0.0,0.45499999999999996,0.4202,,0.4202,0,119,0.0066,41.95,42.23,42.5,41.53,2026-09-08,3,True
CRH,Materials,Building Materials,KDJ,KDJ 金叉,Bullish Engulfing,0.75,1.0,0.4167,,0.4167,0,24,0.0205,94.26,96.19,98.12,93.32,2026-09-04,3,False
LOW,Consumer Discretionary,Home Improvement Retail,KDJ,KDJ 超賣區金叉,None,0.0,0.5599999999999999,0.4167,0.4167,0.3775,12,302,0.0057,204.45,205.62,206.78,202.41,2026-09-04,3,False
ABNB,Consumer Discretionary,Travel Services,BB,BB 跌破下軌 (超賣),None,0.0,0.45499999999999996,0.4167,0.4167,0.2974,12,733,-0.0118,169.63,167.63,165.63,167.93,2026-09-09,3,False
DAL,Industrials,Airlines,RSI,RSI 加速上升,None,0.0,0.5525,0.4142,0.4142,0.2981,169,11545,0.0111,78.75,79.62,80.5,77.96,2026-09-09,3,False
RL,Consumer Discretionary,Apparel Manufacturing,RSI,RSI 加速上升,None,0.0,0.5525,0.4132,0.4132,0.3117,167,6796,0.0121,347.23,351.43,355.63,343.76,2026-09-08,3,False
BDX,Health Care,Medical Instruments & Supplies,BB,BB 跌破下軌 (超賣),None,0.0,0.45499999999999996,0.4118,0.4118,0.2752,17,974,0.0144,178.05,180.61,183.18,176.27,2026-09-08,3,False
IDXX,Health Care,Diagnostics & Research,BB,BB 跌破下軌 (超賣),None,0.0,0.45499999999999996,0.4118,0.4118,0.2752,17,974,0.0005,515.15,515.41,515.67,510.0,2026-09-09,3,False
PHM,Consumer Discretionary,Residential Construction,BB,BB 跌破下軌 (超賣),None,0.0,0.45499999999999996,0.4118,0.4118,0.2974,17,733,0.0094,120.07,121.2,122.33,118.87,2026-09-08,3,False
LUV,Industrials,Airlines,RSI,RSI 加速上升,None,0.0,0.5525,0.4113,0.4113,0.2981,141,11545,0.0075,38.68,38.97,39.26,38.29,2026-09-09,3,False
NVMI,Information Technology,Semiconductor Equipment & Materials,RSI,RSI 加速上升,None,0.0,0.5525,0.4113,,0.4113,0,851,0.0125,372.1,376.75,381.4,368.38,2026-09-04,3,True
CQP,Energy,Oil & Gas Midstream,RSI,RSI 維持強勢 (50-70),None,0.0,0.51,0.411,,0.411,0,146,0.0074,68.09,68.59,69.1,67.41,2026-09-08,3,True
LNG,Energy,Oil & Gas Midstream,RSI,RSI 維持強勢 (50-70),None,0.0,0.51,0.411,,0.411,0,146,0.0074,292.0,294.16,296.32,289.08,2026-09-04,3,True
YPF,Energy,Oil & Gas Integrated,RSI,RSI 維持強勢 (50-70),None,0.0,0.51,0.411,,0.411,0,146,0.0074,54.61,55.01,55.42,54.06,2026-09-09,3,True
BAC,Financials,Banks - Diversified,RSI,RSI 加速上升,None,0.0,0.5525,0.4104,0.4104,0.3014,173,11488,0.0121,62.67,63.43,64.19,62.04,2026-09-09,3,False
AMAT,Information Technology,Semiconductor Equipment & Materials,RSI,RSI 加速上升,None,0.0,0.5525,0.4099,0.4099,0.3693,161,10688,0.0129,468.85,474.9,480.95,464.16,2026-09-09,3,False
IBKR,Financials,Capital Markets,BB,BB 中軌向上（上升趨勢）,None,0.0,0.51,0.4098,0.4098,0.2681,266,16575,0.0137,90.28,91.52,92.75,89.38,2026-09-09,3,False
VRSN,Information Technology,Software - Infrastructure,RSI,RSI 上穿 50 中性線,None,0.0,0.4675,0.4091,0.4091,0.3785,22,1593,0.0118,286.94,290.33,293.71,284.07,2026-09-09,3,False
NVDA,Information Technology,Semiconductors,RSI,RSI 加速上升,None,0.0,0.5525,0.4088,0.4088,0.3693,159,10688,0.0041,230.36,231.3,232.25,228.06,2026-09-04,3,False
UAL,Industrials,Airlines,RSI,RSI 加速上升,None,0.0,0.5525,0.4079,0.4079,0.2981,152,11545,0.0049,107.12,107.64,108.17,106.05,2026-09-09,3,False
AXP,Financials,Credit Services,KDJ,KDJ 金叉,None,0.0,0.5525,0.4074,0.4074,0.3142,27,1932,0.0071,326.1,328.42,330.73,322.84,2026-09-08,3,False
DECK,Consumer Discretionary,Footwear & Accessories,KDJ,KDJ 金叉,None,0.0,0.5525,0.4074,0.4074,0.3183,27,1244,0.0144,85.81,87.05,88.28,84.95,2026-09-04,3,False
WAB,Industrials,Railroads,KDJ,KDJ 金叉,None,0.0,0.5525,0.4074,0.4074,0.3223,27,2110,0.0033,284.45,285.39,286.33,281.61,2026-09-08,3,False
ARW,Information Technology,Electronics & Computer Distribution,MACD,MACD 突破 0 軸,None,0.0,0.595,0.4064,,0.4064,0,529,0.0085,217.41,219.26,221.11,215.24,2026-09-08,3,False
ASX,Information Technology,Semiconductors,MACD,MACD 突破 0 軸,None,0.0,0.595,0.4064,,0.4064,0,529,0.0085,39.79,40.13,40.47,39.39,2026-09-08,3,False
CRWV,Information Technology,Software - Infrastructure,MACD,MACD 突破 0 軸,None,0.0,0.595,0.4064,,0.4064,0,529,0.0085,99.83,100.68,101.53,98.83,2026-09-08,3,False
MRVL,Information Technology,Semiconductors,MACD,MACD 突破 0 軸,None,0.0,0.595,0.4064,,0.4064,0,529,0.0085,235.01,237.01,239.01,232.66,2026-09-09,3,False
TSM,Information Technology,Semiconductors,MACD,MACD 突破 0 軸,None,0.0,0.595,0.4064,,0.4064,0,529,0.0085,428.91,432.56,436.2,424.62,2026-09-04,3,False
UMC,Information Technology,Semiconductors,MACD,MACD 突破 0 軸,None,0.0,0.595,0.4064,,0.4064,0,529,0.0085,20.77,20.95,21.12,20.56,2026-09-04,3,False
GWW,Industrials,Industrial Distribution,KDJ,KDJ 金叉,None,0.0,0.5525,0.4062,0.4062,0.3223,32,2110,0.005,1324.49,1331.11,1337.73,1311.25,2026-09-04,3,False
STLD,Materials,Steel,RSI,RSI 加速上升,None,0.0,0.5525,0.4059,0.4059,0.3048,101,3639,0.0085,240.69,242.74,244.78,238.28,2026-09-09,3,False
BAM,Financials,Asset Management,BB,BB 跌破下軌 (超賣),None,0.0,0.45499999999999996,0.4057,,0.4057,0,424,0.0104,47.72,48.22,48.71,47.24,2026-09-09,3,True
FNF,Financials,Insurance - Specialty,BB,BB 跌破下軌 (超賣),None,0.0,0.45499999999999996,0.4057,,0.4057,0,424,0.0104,44.48,44.94,45.41,44.04,2026-09-09,3,True
CFG,Financials,Banks - Regional,RSI,RSI 加速上升,None,0.0,0.5525,0.4049,0.4049,0.3014,163,11488,0.0121,69.37,70.21,71.05,68.68,2026-09-09,3,False
NUE,Materials,Steel,RSI,RSI 加速上升,None,0.0,0.5525,0.4048,0.4048,0.3048,126,3639,0.0133,256.4,259.81,263.22,253.84,2026-09-08,3,False
IVZ,Financials,Asset Management,RSI,RSI 維持強勢 (50-70),None,0.0,0.51,0.404,0.404,0.2842,198,19108,0.0093,32.09,32.39,32.69,31.77,2026-09-09,3,False
WFC,Financials,Banks - Diversified,RSI,RSI 加速上升,None,0.0,0.5525,0.4013,0.4013,0.3014,157,11488,0.0083,89.67,90.41,91.16,88.77,2026-09-09,3,False
BBY,Consumer Discretionary,Specialty Retail,MACD,MACD 金叉 (多頭區),None,0.0,0.68,0.4,0.4,0.37,5,273,0.0069,90.27,90.89,91.52,89.37,2026-09-04,3,False
FRT,Real Estate,REIT - Retail,RSI,RSI 加速上升,None,0.0,0.5525,0.4,0.4,0.3264,5,193,0.0023,117.25,117.52,117.79,116.08,2026-09-08,3,True
LII,Industrials,Building Products & Equipment,RSI,RSI 加速上升,None,0.0,0.5525,0.4,0.4,0.2981,140,11545,0.0074,375.78,378.56,381.34,372.02,2026-09-09,3,False
FDX,Industrials,Integrated Freight & Logistics,BB,BB 跌破下軌 (超賣),None,0.0,0.45499999999999996,0.4,0.4,0.2838,10,1258,0.0095,309.19,312.13,315.06,306.1,2026-09-09,3,False
HUM,Health Care,Healthcare Plans,BB,價格在 BB 中軌上方,None,0.0,0.425,0.4,0.4,0.2804,275,14417,0.0092,400.02,403.7,407.38,396.02,2026-09-09,3,False
COF,Financials,Credit Services,RSI,RSI 加速上升,None,0.0,0.5525,0.3968,0.3968,0.3014,126,11488,0.0071,219.6,221.16,222.72,217.4,2026-09-04,3,False
TTD,Communication Services,Advertising Agencies,RSI,RSI 加速上升,None,0.0,0.5525,0.3947,0.3947,0.3116,190,3322,-0.0015,14.43,14.41,14.39,14.29,2026-09-04,3,False
SOLV,Health Care,Medical Instruments & Supplies,RSI,RSI 維持強勢 (50-70),None,0.0,0.51,0.3937,0.3937,0.2772,127,12123,0.0149,90.03,91.37,92.71,89.13,2026-09-09,3,False
CART,Consumer Discretionary,Internet Retail,BB,BB 中軌向上（上升趨勢）,None,0.0,0.51,0.3934,,0.3934,0,427,0.0097,46.64,47.09,47.54,46.17,2026-09-09,3,True
EME,Industrials,Engineering & Construction,RSI,RSI 加速上升,None,0.0,0.5525,0.3931,0.3931,0.2981,145,11545,0.0035,754.29,756.93,759.57,746.75,2026-09-09,3,False
ARE,Real Estate,REIT - Office,BB,價格在 BB 中軌上方,None,0.0,0.425,0.3923,0.3923,0.248,209,8032,0.0054,52.65,52.93,53.22,52.12,2026-09-04,3,False
AAOI,Information Technology,Communication Equipment,KDJ,KDJ 金叉,None,0.0,0.5525,0.3918,,0.3918,0,1955,0.0107,105.53,106.66,107.79,104.47,2026-09-04,3,False
SIMO,Information Technology,Semiconductors,KDJ,KDJ 金叉,None,0.0,0.5525,0.3918,,0.3918,0,1955,0.0107,256.21,258.95,261.69,253.65,2026-09-04,3,False
U,Information Technology,Software - Application,KDJ,KDJ 金叉,None,0.0,0.5525,0.3918,,0.3918,0,1955,0.0107,42.75,43.21,43.66,42.32,2026-09-08,3,False
ZM,Information Technology,Software - Application,KDJ,KDJ 金叉,None,0.0,0.5525,0.3918,,0.3918,0,1955,0.0107,101.33,102.41,103.5,100.32,2026-09-04,3,False
TIMB,Communication Services,Telecom Services,RSI,RSI 加速上升,Consolidation Breakout,0.85,1.0,0.3902,,0.3902,0,41,0.0069,18.96,19.09,19.22,18.77,2026-09-09,3,True
TECH,Health Care,Biotechnology,BB,價格在 BB 中軌上方,None,0.0,0.425,0.3897,0.3897,0.2804,195,14417,-0.0003,72.31,72.29,72.27,71.59,2026-09-08,3,False
DKS,Consumer Discretionary,Specialty Retail,RSI,RSI 維持超賣,None,0.0,0.385,0.3894,,0.3894,0,565,0.0066,133.36,134.24,135.12,132.03,2026-09-09,3,False
MGM,Consumer Discretionary,Resorts & Casinos,RSI,RSI 維持超賣,None,0.0,0.385,0.3894,,0.3894,0,565,0.0066,40.66,40.93,41.2,40.25,2026-09-09,3,False
NIO,Consumer Discretionary,Auto Manufacturers,RSI,RSI 維持超賣,None,0.0,0.385,0.3894,,0.3894,0,565,0.0066,3.7,3.72,3.75,3.66,2026-09-09,3,False
ONON,Consumer Discretionary,Footwear & Accessories,RSI,RSI 維持超賣,None,0.0,0.385,0.3894,,0.3894,0,565,0.0066,26.84,27.02,27.19,26.57,2026-09-09,3,False
RCL,Consumer Discretionary,Travel Services,RSI,RSI 維持超賣,None,0.0,0.385,0.3894,,0.3894,0,565,0.0066,259.76,261.47,263.19,257.16,2026-09-09,3,False
TJX,Consumer Discretionary,Apparel Retail,RSI,RSI 維持超賣,None,0.0,0.385,0.3894,,0.3894,0,565,0.0066,126.12,126.95,127.78,124.86,2026-09-09,3,False
TXRH,Consumer Discretionary,Restaurants,RSI,RSI 維持超賣,None,0.0,0.385,0.3894,,0.3894,0,565,0.0066,179.27,180.45,181.64,177.48,2026-09-09,3,False
FNV,Materials,Gold,BB,BB 中軌向上（上升趨勢）,None,0.0,0.51,0.3886,,0.3886,0,229,0.0091,265.43,267.85,270.26,262.78,2026-09-09,3,True
SCCO,Materials,Copper,BB,BB 中軌向上（上升趨勢）,None,0.0,0.51,0.3886,,0.3886,0,229,0.0091,209.26,211.16,213.07,207.17,2026-09-09,3,True
VALE,Materials,Other Industrial Metals & Mining,BB,BB 中軌向上（上升趨勢）,None,0.0,0.51,0.3886,,0.3886,0,229,0.0091,15.44,15.58,15.72,15.29,2026-09-09,3,True
CMI,Industrials,Specialty Industrial Machinery,RSI,RSI 加速上升,None,0.0,0.5525,0.3885,0.3885,0.2981,139,11545,0.012,554.76,561.42,568.07,549.21,2026-09-09,3,False
VTRS,Health Care,Drug Manufacturers - Specialty & Generic,BB,價格在 BB 中軌上方,None,0.0,0.425,0.3882,0.3882,0.2804,255,14417,0.0103,16.5,16.67,16.84,16.34,2026-09-09,3,False
NYT,Communication Services,Publishing,BB,BB 中軌向上（上升趨勢）,None,0.0,0.51,0.3881,,0.3881,0,268,0.0017,66.6,66.71,66.83,65.93,2026-09-09,3,True
ROKU,Communication Services,Entertainment,BB,BB 中軌向上（上升趨勢）,None,0.0,0.51,0.3881,,0.3881,0,268,0.0017,152.9,153.16,153.42,151.37,2026-09-09,3,True
HPE,Information Technology,Communication Equipment,RSI,RSI 加速上升,None,0.0,0.5525,0.3879,0.3879,0.3693,116,10688,0.0216,58.9,60.17,61.44,58.31,2026-09-09,3,False
TT,Industrials,Building Products & Equipment,RSI,RSI 加速上升,None,0.0,0.5525,0.3876,0.3876,0.2981,129,11545,0.0101,444.17,448.66,453.14,439.73,2026-09-09,3,False
MRNA,Health Care,Biotechnology,BB,BB 中軌向上（上升趨勢）,None,0.0,0.51,0.3861,0.3861,0.2705,202,10885,0.0003,135.61,135.65,135.69,134.25,2026-09-09,3,False
CNC,Health Care,Healthcare Plans,RSI,RSI 維持強勢 (50-70),None,0.0,0.51,0.386,0.386,0.2772,215,12123,0.007,67.04,67.51,67.98,66.37,2026-09-04,3,False
IMO,Energy,Oil & Gas Integrated,BB,BB 中軌向上（上升趨勢）,None,0.0,0.51,0.386,,0.386,0,171,0.0019,128.62,128.86,129.11,127.33,2026-09-04,3,True
MPLX,Energy,Oil & Gas Midstream,RSI,RSI 維持強勢 (50-70),Morning Star,0.8,1.0,0.3846,,0.3846,0,91,0.0111,59.67,60.33,60.99,59.07,2026-09-04,3,False
SMCI,Information Technology,Computer Hardware,RSI,RSI 動能加速（強勢區）,None,0.0,0.51,0.3846,0.3846,0.366,39,2885,-0.0113,39.59,39.14,38.7,39.19,2026-09-04,3,False
TPL,Energy,Oil & Gas E&P,RSI,RSI 上穿 50 中性線,None,0.0,0.4675,0.3846,0.3846,0.361,26,579,0.0093,381.9,385.45,389.0,378.08,2026-09-08,3,False
JBHT,Industrials,Integrated Freight & Logistics,MACD,MACD 金叉 (空頭區),None,0.0,0.42,0.3846,0.3846,0.3303,13,875,0.0013,273.77,274.13,274.48,271.03,2026-09-04,3,False
CAT,Industrials,Farm & Heavy Construction Machinery,RSI,RSI 加速上升,None,0.0,0.5525,0.3827,0.3827,0.2981,162,11545,0.0133,815.56,826.41,837.25,807.4,2026-09-09,3,False
HWM,Industrials,Aerospace & Defense,RSI,RSI 超賣區域 (30),None,0.0,0.5249999999999999,0.3818,,0.3818,0,110,0.0044,231.53,232.55,233.57,229.21,2026-09-08,3,True
ESI,Materials,Specialty Chemicals,MACD,MACD 金叉 (空頭區),None,0.0,0.42,0.3816,,0.3816,0,304,0.0078,36.01,36.29,36.57,35.65,2026-09-04,3,False
RS,Materials,Steel,MACD,MACD 金叉 (空頭區),None,0.0,0.42,0.3816,,0.3816,0,304,0.0078,398.31,401.42,404.52,394.33,2026-09-08,3,False
CVS,Health Care,Healthcare Plans,RSI,RSI 加速上升,None,0.0,0.5525,0.3806,0.3806,0.2803,155,8492,0.0092,96.07,96.95,97.84,95.11,2026-09-08,3,False
RF,Financials,Banks - Regional,RSI,RSI 加速上升,None,0.0,0.5525,0.3806,0.3806,0.3014,155,11488,0.0067,29.89,30.09,30.29,29.59,2026-09-09,3,False
RGLD,Materials,Gold,BB,BB 中軌向上（上升趨勢）,Morning Star,0.8,1.0,0.3805,,0.3805,0,113,0.0148,262.11,265.99,269.87,259.49,2026-09-04,3,False
TECK,Materials,Other Industrial Metals & Mining,BB,BB 中軌向上（上升趨勢）,Morning Star,0.8,1.0,0.3805,,0.3805,0,113,0.0148,69.1,70.12,71.15,68.41,2026-09-04,3,False
BEN,Financials,Asset Management,RSI,RSI 上穿 50 中性線,None,0.0,0.4675,0.3805,,0.3805,0,113,0.0028,34.73,34.83,34.92,34.38,2026-09-04,3,True
WRB,Financials,Insurance - Property & Casualty,RSI,RSI 上穿 50 中性線,None,0.0,0.4675,0.3805,,0.3805,0,113,0.0028,69.77,69.97,70.16,69.07,2026-09-08,3,True
MTB,Financials,Banks - Regional,RSI,RSI 加速上升,None,0.0,0.5525,0.3804,0.3804,0.3014,163,11488,0.0125,238.0,240.97,243.95,235.62,2026-09-09,3,False
IBM,Information Technology,Information Technology Services,RSI,RSI 維持強勢 (50-70),None,0.0,0.51,0.3798,0.3798,0.3645,208,16764,0.0127,239.94,242.99,246.03,237.54,2026-09-09,3,False
ORCL,Information Technology,Software - Infrastructure,RSI,RSI 加速上升,None,0.0,0.5525,0.3793,0.3793,0.3693,145,10688,0.005,161.63,162.44,163.25,160.01,2026-09-09,3,False
APLD,Information Technology,Information Technology Services,RSI,RSI 上穿 50 中性線,None,0.0,0.4675,0.3785,,0.3785,0,1593,0.0087,28.31,28.56,28.8,28.03,2026-09-08,3,False
ARM,Information Technology,Semiconductors,RSI,RSI 上穿 50 中性線,None,0.0,0.4675,0.3785,,0.3785,0,1593,0.0087,261.53,263.81,266.08,258.91,2026-09-08,3,False
ASML,Information Technology,Semiconductor Equipment & Materials,RSI,RSI 上穿 50 中性線,None,0.0,0.4675,0.3785,,0.3785,0,1593,0.0087,1764.85,1780.2,1795.56,1747.2,2026-09-08,3,False
ASTS,Information Technology,Communication Equipment,RSI,RSI 上穿 50 中性線,None,0.0,0.4675,0.3785,,0.3785,0,1593,0.0087,66.12,66.7,67.27,65.46,2026-09-08,3,False
CBRS,Information Technology,Semiconductors,RSI,RSI 上穿 50 中性線,None,0.0,0.4675,0.3785,,0.3785,0,1593,0.0087,210.05,211.88,213.7,207.95,2026-09-04,3,False
CGNX,Information Technology,Scientific & Technical Instruments,RSI,RSI 上穿 50 中性線,None,0.0,0.4675,0.3785,,0.3785,0,1593,0.0087,62.25,62.79,63.33,61.63,2026-09-04,3,False
CIFR,Information Technology,Information Technology Services,RSI,RSI 上穿 50 中性線,None,0.0,0.4675,0.3785,,0.3785,0,1593,0.0087,17.74,17.89,18.05,17.56,2026-09-04,3,False
CLS,Information Technology,Electronic Components,RSI,RSI 上穿 50 中性線,None,0.0,0.4675,0.3785,,0.3785,0,1593,0.0087,329.97,332.84,335.71,326.67,2026-09-08,3,False
ENTG,Information Technology,Semiconductor Equipment & Materials,RSI,RSI 上穿 50 中性線,None,0.0,0.4675,0.3785,,0.3785,0,1593,0.0087,141.09,142.32,143.54,139.68,2026-09-08,3,False
FORM,Information Technology,Semiconductor Equipment & Materials,RSI,RSI 上穿 50 中性線,None,0.0,0.4675,0.3785,,0.3785,0,1593,0.0087,114.18,115.17,116.17,113.04,2026-09-09,3,False
SANM,Information Technology,Electronic Components,RSI,RSI 上穿 50 中性線,None,0.0,0.4675,0.3785,,0.3785,0,1593,0.0087,205.41,207.2,208.98,203.36,2026-09-08,3,False
SITM,Information Technology,Semiconductors,RSI,RSI 上穿 50 中性線,None,0.0,0.4675,0.3785,,0.3785,0,1593,0.0087,612.09,617.42,622.74,605.97,2026-09-04,3,False
TTMI,Information Technology,Electronic Components,RSI,RSI 上穿 50 中性線,None,0.0,0.4675,0.3785,,0.3785,0,1593,0.0087,125.6,126.69,127.79,124.34,2026-09-04,3,False
INSM,Health Care,Biotechnology,RSI,RSI 動能加速（強勢區）,None,0.0,0.51,0.3778,,0.3778,0,225,0.0031,128.8,129.2,129.6,127.51,2026-09-09,3,True
BABA,Consumer Discretionary,Internet Retail,KDJ,KDJ 超賣區金叉,None,0.0,0.5599999999999999,0.3775,,0.3775,0,302,0.0037,113.24,113.66,114.08,112.11,2026-09-04,3,False
ALGM,Information Technology,Semiconductors,MACD,MACD 金叉 (空頭區),None,0.0,0.42,0.3767,,0.3767,0,754,0.0102,36.61,36.98,37.36,36.24,2026-09-04,3,False
AMKR,Information Technology,Semiconductor Equipment & Materials,MACD,MACD 金叉 (空頭區),None,0.0,0.42,0.3767,,0.3767,0,754,0.0102,47.77,48.26,48.74,47.29,2026-09-04,3,False
FLEX,Information Technology,Electronic Components,MACD,MACD 金叉 (空頭區),None,0.0,0.42,0.3767,,0.3767,0,754,0.0102,114.31,115.48,116.64,113.17,2026-09-08,3,False
LFUS,Information Technology,Electronic Components,MACD,MACD 金叉 (空頭區),None,0.0,0.42,0.3767,,0.3767,0,754,0.0102,422.95,427.26,431.58,418.72,2026-09-08,3,False
LSCC,Information Technology,Semiconductors,MACD,MACD 金叉 (空頭區),None,0.0,0.42,0.3767,,0.3767,0,754,0.0102,117.49,118.69,119.89,116.32,2026-09-08,3,False
MKSI,Information Technology,Scientific & Technical Instruments,MACD,MACD 金叉 (空頭區),None,0.0,0.42,0.3767,,0.3767,0,754,0.0102,265.5,268.21,270.92,262.84,2026-09-08,3,False
NXT,Information Technology,Solar,MACD,MACD 金叉 (空頭區),None,0.0,0.42,0.3767,,0.3767,0,754,0.0102,85.45,86.32,87.19,84.6,2026-09-08,3,False
RMBS,Information Technology,Semiconductors,MACD,MACD 金叉 (空頭區),None,0.0,0.42,0.3767,,0.3767,0,754,0.0102,86.89,87.78,88.66,86.02,2026-09-08,3,False
TSEM,Information Technology,Semiconductors,MACD,MACD 金叉 (空頭區),None,0.0,0.42,0.3767,,0.3767,0,754,0.0102,216.57,218.78,220.99,214.4,2026-09-09,3,False
VICR,Information Technology,Electronic Components,MACD,MACD 金叉 (空頭區),None,0.0,0.42,0.3767,,0.3767,0,754,0.0102,193.32,195.29,197.26,191.39,2026-09-08,3,False
WAT,Health Care,Diagnostics & Research,RSI,RSI 上穿 50 中性線,None,0.0,0.4675,0.375,0.375,0.3144,24,1323,0.0136,404.81,410.32,415.82,400.76,2026-09-09,3,False
JCI,Industrials,Building Products & Equipment,MACD,MACD 金叉 (空頭區),None,0.0,0.42,0.375,0.375,0.3303,8,875,0.0119,144.92,146.64,148.37,143.47,2026-09-09,3,False
GDDY,Information Technology,Software - Infrastructure,BB,BB 中軌向上（上升趨勢）,None,0.0,0.51,0.3739,0.3739,0.3639,222,16781,0.0049,93.6,94.06,94.52,92.66,2026-09-09,3,False
DLTR,Consumer Staples,Discount Stores,RSI,RSI 維持強勢 (50-70),None,0.0,0.51,0.3736,0.3736,0.2452,182,7574,-0.0013,131.42,131.25,131.08,130.11,2026-09-04,3,False
NTRS,Financials,Asset Management,RSI,RSI 加速上升,None,0.0,0.5525,0.3734,0.3734,0.3014,158,11488,0.0119,184.69,186.89,189.09,182.84,2026-09-09,3,False
PWR,Industrials,Engineering & Construction,RSI,RSI 加速上升,None,0.0,0.5525,0.3732,0.3732,0.2981,142,11545,0.0094,626.98,632.87,638.77,620.71,2026-09-09,3,False
NOW,Information Technology,Software - Application,BB,價格在 BB 中軌上方,None,0.0,0.425,0.371,0.371,0.3573,221,20206,0.0031,134.21,134.63,135.04,132.87,2026-09-08,3,False
SU,Energy,Oil & Gas Integrated,MACD,MACD 金叉 (多頭區),Consolidation Breakout,0.75,1.0,0.3704,,0.3704,0,27,0.0062,69.02,69.45,69.88,68.33,2026-09-09,3,False
SUN,Energy,Oil & Gas Refining & Marketing,MACD,MACD 金叉 (多頭區),Consolidation Breakout,0.77,1.0,0.3704,,0.3704,0,27,0.0062,77.79,78.27,78.75,77.01,2026-09-09,3,False
MLM,Materials,Building Materials,KDJ,KDJ 金叉,None,0.0,0.5525,0.3704,0.3704,0.314,27,637,0.0146,514.77,522.29,529.8,509.62,2026-09-04,3,False
QSR,Consumer Discretionary,Restaurants,MACD,MACD 金叉 (多頭區),None,0.0,0.68,0.37,,0.37,0,273,0.0063,80.17,80.68,81.18,79.37,2026-09-04,3,False
eBay,Consumer Discretionary,Internet Retail,MACD,MACD 金叉 (多頭區),None,0.0,0.68,0.37,,0.37,0,273,0.0063,111.75,112.45,113.16,110.63,2026-06-30,3,False
PS,Financials,Asset Management,BB,BB 中軌向上（上升趨勢）,Bullish Engulfing,0.75,1.0,0.3697,,0.3697,0,330,0.0108,39.08,39.5,39.92,38.69,2026-09-04,3,False
FN,Information Technology,Electronic Components,RSI,RSI 加速上升,None,0.0,0.5525,0.3693,,0.3693,0,10688,0.0074,418.27,421.37,424.46,414.09,2026-09-09,3,False
GFS,Information Technology,Semiconductors,RSI,RSI 加速上升,None,0.0,0.5525,0.3693,,0.3693,0,10688,0.0074,45.95,46.29,46.63,45.49,2026-09-09,3,False
LOGI,Information Technology,Computer Hardware,RSI,RSI 加速上升,None,0.0,0.5525,0.3693,,0.3693,0,10688,0.0074,102.05,102.81,103.56,101.03,2026-09-04,3,False
ONTO,Information Technology,Semiconductor Equipment & Materials,RSI,RSI 加速上升,None,0.0,0.5525,0.3693,,0.3693,0,10688,0.0074,278.4,280.46,282.52,275.62,2026-09-09,3,False
P,Information Technology,Computer Hardware,RSI,RSI 加速上升,None,0.0,0.5525,0.3693,,0.3693,0,10688,0.0074,101.14,101.89,102.64,100.13,2026-09-08,3,False
SMCIP,Information Technology,Computer Hardware,RSI,RSI 加速上升,None,0.0,0.5525,0.3693,,0.3693,0,10688,0.0074,67.54,68.04,68.54,66.86,2026-09-08,3,False
SMTC,Information Technology,Semiconductors,RSI,RSI 加速上升,None,0.0,0.5525,0.3693,,0.3693,0,10688,0.0074,163.94,165.15,166.37,162.3,2026-09-09,3,False
SNX,Information Technology,Electronics & Computer Distribution,RSI,RSI 加速上升,None,0.0,0.5525,0.3693,,0.3693,0,10688,0.0074,258.23,260.14,262.05,255.65,2026-09-09,3,False
STM,Information Technology,Semiconductors,RSI,RSI 加速上升,None,0.0,0.5525,0.3693,,0.3693,0,10688,0.0074,51.55,51.93,52.31,51.03,2026-09-09,3,False
STRD,Information Technology,Software - Application,RSI,RSI 加速上升,None,0.0,0.5525,0.3693,,0.3693,0,10688,0.0074,75.53,76.09,76.65,74.77,2026-09-08,3,False
STRF,Information Technology,Software - Application,RSI,RSI 加速上升,None,0.0,0.5525,0.3693,,0.3693,0,10688,0.0074,104.3,105.07,105.84,103.26,2026-09-04,3,False
STRK,Information Technology,Software - Application,RSI,RSI 加速上升,None,0.0,0.5525,0.3693,,0.3693,0,10688,0.0074,78.15,78.73,79.31,77.37,2026-09-08,3,False
PODD,Health Care,Medical Devices,BB,BB 中軌向上（上升趨勢）,None,0.0,0.51,0.3684,0.3684,0.2705,152,10885,0.0087,137.92,139.12,140.32,136.54,2026-09-09,3,False
CLX,Consumer Staples,Household & Personal Products,RSI,RSI 維持超賣,None,0.0,0.385,0.3667,0.3667,0.2366,30,744,0.0043,89.62,90.01,90.39,88.72,2026-09-09,3,False
CHKP,Information Technology,Software - Infrastructure,RSI,RSI 動能加速（強勢區）,None,0.0,0.51,0.366,,0.366,0,2885,0.0091,135.06,136.29,137.52,133.71,2026-09-09,3,False
COKE,Consumer Staples,Beverages - Non-Alcoholic,BB,BB 中軌向上（上升趨勢）,Bullish Engulfing,0.75,1.0,0.3659,,0.3659,0,123,0.013,189.02,191.48,193.93,187.13,2026-09-09,3,False
ADP,Information Technology,Software - Application,RSI,RSI 維持強勢 (50-70),None,0.0,0.51,0.3645,,0.3645,0,16764,0.0088,277.62,280.06,282.51,274.84,2026-09-04,3,False
BR,Information Technology,Information Technology Services,RSI,RSI 維持強勢 (50-70),None,0.0,0.51,0.3645,,0.3645,0,16764,0.0088,172.88,174.4,175.92,171.15,2026-09-04,3,False
CACI,Information Technology,Information Technology Services,RSI,RSI 維持強勢 (50-70),None,0.0,0.51,0.3645,,0.3645,0,16764,0.0088,625.31,630.81,636.32,619.06,2026-09-08,3,False
CPAY,Information Technology,Software - Infrastructure,RSI,RSI 維持強勢 (50-70),None,0.0,0.51,0.3645,,0.3645,0,16764,0.0088,406.09,409.66,413.24,402.03,2026-09-09,3,False
DT,Information Technology,Software - Application,RSI,RSI 維持強勢 (50-70),None,0.0,0.51,0.3645,,0.3645,0,16764,0.0088,50.6,51.05,51.49,50.09,2026-09-09,3,False
EPAM,Information Technology,Information Technology Services,RSI,RSI 維持強勢 (50-70),None,0.0,0.51,0.3645,,0.3645,0,16764,0.0088,114.68,115.69,116.7,113.53,2026-09-09,3,False
FIS,Information Technology,Information Technology Services,RSI,RSI 維持強勢 (50-70),None,0.0,0.51,0.3645,,0.3645,0,16764,0.0088,41.89,42.26,42.63,41.47,2026-09-04,3,False
JKHY,Information Technology,Information Technology Services,RSI,RSI 維持強勢 (50-70),None,0.0,0.51,0.3645,,0.3645,0,16764,0.0088,165.64,167.1,168.56,163.98,2026-09-04,3,False
MSTR,Information Technology,Software - Application,RSI,RSI 維持強勢 (50-70),None,0.0,0.51,0.3645,,0.3645,0,16764,0.0088,132.7,133.87,135.04,131.37,2026-09-09,3,False
NTNX,Information Technology,Software - Infrastructure,RSI,RSI 維持強勢 (50-70),None,0.0,0.51,0.3645,,0.3645,0,16764,0.0088,66.94,67.53,68.12,66.27,2026-09-09,3,False
OKTA,Information Technology,Software - Infrastructure,RSI,RSI 維持強勢 (50-70),None,0.0,0.51,0.3645,,0.3645,0,16764,0.0088,172.74,174.26,175.78,171.01,2026-09-09,3,False
PAYX,Information Technology,Software - Application,RSI,RSI 維持強勢 (50-70),None,0.0,0.51,0.3645,,0.3645,0,16764,0.0088,121.71,122.78,123.85,120.49,2026-09-04,3,False
RBRK,Information Technology,Software - Infrastructure,RSI,RSI 維持強勢 (50-70),None,0.0,0.51,0.3645,,0.3645,0,16764,0.0088,93.67,94.49,95.32,92.73,2026-09-04,3,False
SAP,Information Technology,Software - Application,RSI,RSI 維持強勢 (50-70),None,0.0,0.51,0.3645,,0.3645,0,16764,0.0088,209.14,210.98,212.82,207.05,2026-09-09,3,False
SNOW,Information Technology,Software - Application,RSI,RSI 維持強勢 (50-70),None,0.0,0.51,0.3645,,0.3645,0,16764,0.0088,331.48,334.4,337.31,328.17,2026-09-09,3,False
SONY,Information Technology,Consumer Electronics,RSI,RSI 維持強勢 (50-70),None,0.0,0.51,0.3645,,0.3645,0,16764,0.0088,24.56,24.78,24.99,24.31,2026-09-04,3,False
SSNC,Information Technology,Software - Application,RSI,RSI 維持強勢 (50-70),None,0.0,0.51,0.3645,,0.3645,0,16764,0.0088,80.45,81.16,81.87,79.65,2026-09-08,3,False
STRC,Information Technology,Software - Application,RSI,RSI 維持強勢 (50-70),None,0.0,0.51,0.3645,,0.3645,0,16764,0.0088,98.04,98.9,99.77,97.06,2026-09-08,3,False
TEAM,Information Technology,Software - Application,RSI,RSI 維持強勢 (50-70),None,0.0,0.51,0.3645,,0.3645,0,16764,0.0088,177.74,179.3,180.87,175.96,2026-09-09,3,False
TWLO,Information Technology,Software - Infrastructure,RSI,RSI 維持強勢 (50-70),None,0.0,0.51,0.3645,,0.3645,0,16764,0.0088,227.19,229.19,231.19,224.92,2026-09-09,3,False
XYZ,Information Technology,Software - Infrastructure,RSI,RSI 維持強勢 (50-70),None,0.0,0.51,0.3645,,0.3645,0,16764,0.0088,82.76,83.49,84.22,81.93,2026-09-04,3,False
BMNP,Information Technology,Blockchain,BB,BB 中軌向上（上升趨勢）,None,0.0,0.51,0.3639,,0.3639,0,16781,0.009,97.9,98.78,99.66,96.92,2026-09-09,3,False
FROG,Information Technology,Software - Application,BB,BB 中軌向上（上升趨勢）,None,0.0,0.51,0.3639,,0.3639,0,16781,0.009,87.32,88.11,88.89,86.45,2026-09-09,3,False
LDOS,Information Technology,Information Technology Services,BB,BB 中軌向上（上升趨勢）,None,0.0,0.51,0.3639,,0.3639,0,16781,0.009,133.05,134.25,135.44,131.72,2026-09-04,3,False
MDB,Information Technology,Software - Infrastructure,BB,BB 中軌向上（上升趨勢）,None,0.0,0.51,0.3639,,0.3639,0,16781,0.009,368.74,372.06,375.38,365.05,2026-09-04,3,False
VLO,Energy,Oil & Gas Refining & Marketing,RSI,RSI 加速上升,Consolidation Breakout,0.85,1.0,0.3636,0.3636,0.2708,11,336,-0.0138,388.95,383.58,378.21,385.06,2026-09-09,3,False
KMI,Energy,Oil & Gas Midstream,KDJ,KDJ 金叉,None,0.0,0.5525,0.3636,0.3636,0.3614,22,498,0.0135,31.98,32.41,32.84,31.66,2026-09-08,3,False
CDNS,Information Technology,Software - Application,RSI,RSI 維持超賣,None,0.0,0.385,0.3636,0.3636,0.3605,11,663,0.0025,284.6,285.31,286.02,281.75,2026-09-09,3,False
CNQ,Energy,Oil & Gas E&P,KDJ,KDJ 金叉,None,0.0,0.5525,0.3614,,0.3614,0,498,0.0061,51.35,51.66,51.98,50.84,2026-09-09,3,False
ET,Energy,Oil & Gas Midstream,KDJ,KDJ 金叉,None,0.0,0.5525,0.3614,,0.3614,0,498,0.0061,21.5,21.63,21.76,21.29,2026-09-04,3,False
PR,Energy,Oil & Gas E&P,KDJ,KDJ 金叉,None,0.0,0.5525,0.3614,,0.3614,0,498,0.0061,23.65,23.79,23.94,23.41,2026-09-08,3,False
VG,Energy,Oil & Gas Midstream,KDJ,KDJ 金叉,None,0.0,0.5525,0.3614,,0.3614,0,498,0.0061,15.29,15.38,15.48,15.14,2026-09-09,3,False
HBANP,Financials,Banks - Regional,KDJ,KDJ 金叉,None,0.0,0.5525,0.3611,,0.3611,0,108,0.0084,16.36,16.5,16.63,16.2,2026-09-10,3,True
E,Energy,Oil & Gas Integrated,RSI,RSI 上穿 50 中性線,None,0.0,0.4675,0.361,,0.361,0,579,0.0056,54.94,55.25,55.56,54.39,2026-09-08,3,False
PBA,Energy,Oil & Gas Midstream,RSI,RSI 上穿 50 中性線,None,0.0,0.4675,0.361,,0.361,0,579,0.0056,49.16,49.44,49.71,48.67,2026-09-08,3,False
WDS,Energy,Oil & Gas E&P,RSI,RSI 上穿 50 中性線,None,0.0,0.4675,0.361,,0.361,0,579,0.0056,23.48,23.61,23.74,23.25,2026-09-08,3,False
CNI,Industrials,Railroads,KDJ,KDJ 金叉,None,0.0,0.5525,0.3609,,0.3609,0,133,0.01,122.707,123.93,125.16,121.48,2026-09-04,3,True
MPC,Energy,Oil & Gas Refining & Marketing,RSI,RSI 加速上升,None,0.0,0.5525,0.3608,0.3608,0.3227,158,3306,0.0075,397.77,400.75,403.74,393.79,2026-09-08,3,False
ON,Information Technology,Semiconductors,RSI,RSI 加速上升,None,0.0,0.5525,0.3607,0.3607,0.3693,122,10688,-0.002,74.38,74.23,74.08,73.64,2026-09-04,3,False
AZO,Consumer Discretionary,Auto Parts,KDJ,KDJ 金叉,None,0.0,0.5525,0.3596,,0.3596,0,89,-0.0041,2983.29,2971.06,2958.83,2953.46,2026-09-04,3,True
NFLX,Communication Services,Entertainment,BB,BB 中軌向上（上升趨勢）,None,0.0,0.51,0.3593,0.3593,0.2943,270,4771,0.007,76.03,76.56,77.09,75.27,2026-09-09,3,False
CDW,Information Technology,Information Technology Services,RSI,RSI 維持強勢 (50-70),None,0.0,0.51,0.3591,0.3591,0.3645,181,16764,0.0017,144.48,144.73,144.97,143.04,2026-09-08,3,False
ADM,Consumer Staples,Farm Products,RSI,RSI 動能加速（強勢區）,None,0.0,0.51,0.359,0.359,0.2456,39,1148,-0.0011,86.55,86.45,86.36,85.68,2026-09-09,3,False
MOS,Materials,Agricultural Inputs,RSI,RSI 動能加速（強勢區）,None,0.0,0.51,0.359,0.359,0.2962,39,942,-0.0019,26.53,26.48,26.43,26.26,2026-09-08,3,False
BKNG,Consumer Discretionary,Travel Services,RSI,RSI 超賣區域 (30),None,0.0,0.5249999999999999,0.3582,,0.3582,0,67,-0.0017,173.43,173.14,172.84,171.7,2026-09-09,3,True
CASY,Consumer Discretionary,Specialty Retail,RSI,RSI 超賣區域 (30),None,0.0,0.5249999999999999,0.3582,,0.3582,0,67,-0.0017,629.03,627.96,626.89,622.74,2026-09-09,3,True
ARXS,Industrials,Aerospace & Defense,RSI,RSI 維持強勢 (50-70),None,0.0,0.51,0.3579,,0.3579,0,746,0.0057,53.19,53.49,53.8,52.66,2026-09-08,3,True
ADBE,Information Technology,Software - Application,BB,BB 中軌向上（上升趨勢）,None,0.0,0.51,0.3571,0.3571,0.4238,14,1083,-0.0235,266.51,260.25,253.98,263.84,2026-09-04,3,True
AES,Utilities,Utilities - Diversified,BB,價格在 BB 中軌上方,None,0.0,0.425,0.3568,0.3568,0.246,213,9864,0.0076,14.83,14.94,15.06,14.68,2026-09-08,3,False
FITB,Financials,Banks - Regional,RSI,RSI 加速上升,None,0.0,0.5525,0.3567,0.3567,0.3014,171,11488,0.0094,54.19,54.7,55.21,53.65,2026-09-09,3,False
WTRG,Utilities,Utilities - Regulated Water,BB,BB 中軌向上（上升趨勢）,None,0.0,0.51,0.3562,,0.3562,0,365,0.0089,41.7,42.07,42.44,41.28,2026-09-04,3,True
APO,Financials,Asset Management,BB,BB 中軌向上（上升趨勢）,None,0.0,0.51,0.3558,0.3558,0.2681,267,16575,0.0095,131.81,133.06,134.31,130.49,2026-09-08,3,False
CCK,Consumer Discretionary,Packaging & Containers,BB,BB 跌破下軌 (超賣),None,0.0,0.45499999999999996,0.3556,,0.3556,0,239,0.0004,111.79,111.83,111.88,110.67,2026-09-09,3,True
CPNG,Consumer Discretionary,Internet Retail,BB,BB 跌破下軌 (超賣),None,0.0,0.45499999999999996,0.3556,,0.3556,0,239,0.0004,14.76,14.77,14.77,14.61,2026-09-09,3,True
F,Consumer Discretionary,Auto Manufacturers,BB,BB 跌破下軌 (超賣),None,0.0,0.45499999999999996,0.3556,,0.3556,0,239,0.0004,13.45,13.46,13.46,13.32,2026-09-09,3,True
LEN,Consumer Discretionary,Residential Construction,BB,BB 跌破下軌 (超賣),None,0.0,0.45499999999999996,0.3556,,0.3556,0,239,0.0004,80.37,80.4,80.43,79.57,2026-09-08,3,True
TCOM,Consumer Discretionary,Travel Services,BB,BB 跌破下軌 (超賣),None,0.0,0.45499999999999996,0.3556,,0.3556,0,239,0.0004,39.19,39.21,39.22,38.8,2026-09-09,3,True
PFG,Financials,Asset Management,RSI,RSI 加速上升,None,0.0,0.5525,0.3533,0.3533,0.3014,150,11488,0.0059,114.02,114.69,115.37,112.88,2026-09-09,3,False
LMT,Industrials,Aerospace & Defense,KDJ,KDJ 超賣區金叉,None,0.0,0.5599999999999999,0.3529,,0.3529,0,51,0.0077,536.15,540.28,544.41,530.79,2026-09-08,3,True
XYL,Industrials,Specialty Industrial Machinery,KDJ,KDJ 超賣區金叉,None,0.0,0.5599999999999999,0.3529,,0.3529,0,51,0.0077,108.81,109.65,110.49,107.72,2026-09-08,3,True
ARES,Financials,Asset Management,BB,BB 跌破下軌 (超賣),None,0.0,0.45499999999999996,0.3529,0.3529,0.3485,17,1277,0.0035,134.37,134.84,135.31,133.03,2026-09-09,3,False
CRL,Health Care,Diagnostics & Research,RSI,RSI 維持強勢 (50-70),None,0.0,0.51,0.3527,0.3527,0.2772,224,12123,-0.0055,278.35,276.82,275.29,275.57,2026-09-09,3,False
ADI,Information Technology,Semiconductors,RSI,RSI 加速上升,None,0.0,0.5525,0.35,0.35,0.3693,120,10688,0.007,365.07,367.63,370.18,361.42,2026-09-09,3,False
NKE,Consumer Discretionary,Footwear & Accessories,KDJ,KDJ 金叉,None,0.0,0.5525,0.35,0.35,0.3183,20,1244,0.0105,38.4,38.8,39.21,38.02,2026-09-04,3,False
PCAR,Industrials,Farm & Heavy Construction Machinery,KDJ,KDJ 金叉,None,0.0,0.5525,0.35,0.35,0.3223,20,2110,0.0087,124.7,125.78,126.87,123.45,2026-09-04,3,False
REG,Real Estate,REIT - Retail,KDJ,KDJ 金叉,None,0.0,0.5525,0.35,0.35,0.2818,20,550,0.0105,75.93,76.73,77.52,75.17,2026-09-08,3,False
DASH,Consumer Discretionary,Internet Retail,BB,BB 跌破下軌 (超賣),None,0.0,0.45499999999999996,0.35,0.35,0.2974,20,733,0.0085,197.245,198.92,200.6,195.27,2026-09-09,3,False
AFG,Financials,Insurance - Property & Casualty,BB,BB 跌破下軌 (超賣),None,0.0,0.45499999999999996,0.3485,,0.3485,0,1277,0.0043,140.88,141.49,142.09,139.47,2026-09-08,3,False
AFRM,Financials,Credit Services,BB,BB 跌破下軌 (超賣),None,0.0,0.45499999999999996,0.3485,,0.3485,0,1277,0.0043,68.15,68.44,68.74,67.47,2026-09-09,3,False
CG,Financials,Asset Management,BB,BB 跌破下軌 (超賣),None,0.0,0.45499999999999996,0.3485,,0.3485,0,1277,0.0043,44.11,44.3,44.49,43.67,2026-09-09,3,False
CNA,Financials,Insurance - Property & Casualty,BB,BB 跌破下軌 (超賣),None,0.0,0.45499999999999996,0.3485,,0.3485,0,1277,0.0043,47.39,47.59,47.8,46.92,2026-09-09,3,False
HDB,Financials,Banks - Regional,BB,BB 跌破下軌 (超賣),None,0.0,0.45499999999999996,0.3485,,0.3485,0,1277,0.0043,22.08,22.17,22.27,21.86,2026-09-09,3,False
IBN,Financials,Banks - Regional,BB,BB 跌破下軌 (超賣),None,0.0,0.45499999999999996,0.3485,,0.3485,0,1277,0.0043,29.02,29.14,29.27,28.73,2026-09-09,3,False
ORI,Financials,Insurance - Property & Casualty,BB,BB 跌破下軌 (超賣),None,0.0,0.45499999999999996,0.3485,,0.3485,0,1277,0.0043,40.77,40.95,41.12,40.36,2026-09-08,3,False
OWL,Financials,Asset Management,BB,BB 跌破下軌 (超賣),None,0.0,0.45499999999999996,0.3485,,0.3485,0,1277,0.0043,10.86,10.91,10.95,10.75,2026-09-09,3,False
RYAN,Financials,Insurance - Specialty,BB,BB 跌破下軌 (超賣),None,0.0,0.45499999999999996,0.3485,,0.3485,0,1277,0.0043,39.45,39.62,39.79,39.06,2026-09-09,3,False
TPG,Financials,Asset Management,BB,BB 跌破下軌 (超賣),None,0.0,0.45499999999999996,0.3485,,0.3485,0,1277,0.0043,48.91,49.12,49.33,48.42,2026-09-09,3,False
OMC,Communication Services,Advertising Agencies,BB,BB 跌破下軌 (超賣),None,0.0,0.45499999999999996,0.3478,0.3478,0.33,23,397,0.0117,78.3,79.22,80.13,77.52,2026-09-09,3,False
PNC,Financials,Banks - Regional,RSI,RSI 加速上升,None,0.0,0.5525,0.3476,0.3476,0.3014,164,11488,0.009,240.69,242.86,245.02,238.28,2026-09-09,3,False
AKAM,Information Technology,Software - Infrastructure,MACD,MACD 金叉 (空頭區),None,0.0,0.42,0.3469,,0.3469,0,49,0.0165,110.75,112.58,114.4,109.64,2026-09-09,3,True
XEL,Utilities,Utilities - Regulated Electric,RSI,RSI 上穿 50 中性線,None,0.0,0.4675,0.3462,0.3462,0.2521,26,932,0.0069,76.88,77.41,77.94,76.11,2026-09-08,3,False
HPQ,Information Technology,Computer Hardware,RSI,RSI 加速上升,None,0.0,0.5525,0.3455,0.3455,0.3693,165,10688,0.0062,32.3259,32.53,32.73,32.0,2026-09-04,3,False
WBD,Communication Services,Entertainment,BB,BB 中軌向上（上升趨勢）,None,0.0,0.51,0.345,0.345,0.2943,171,4771,-0.001,27.91,27.88,27.85,27.63,2026-09-09,3,False
H,Consumer Discretionary,Lodging,RSI,RSI 超賣區域 (30),None,0.0,0.5249999999999999,0.3448,,0.3448,0,203,0.0038,158.24,158.84,159.44,156.66,2026-09-09,3,False
ROL,Consumer Discretionary,Personal Services,RSI,RSI 超賣區域 (30),None,0.0,0.5249999999999999,0.3448,,0.3448,0,203,0.0038,34.54,34.67,34.8,34.19,2026-09-09,3,False
AMP,Financials,Asset Management,RSI,RSI 維持強勢 (50-70),None,0.0,0.51,0.3448,,0.3448,0,609,0.0048,551.88,554.53,557.18,546.36,2026-09-09,3,True
BNS,Financials,Banks - Diversified,RSI,RSI 維持強勢 (50-70),None,0.0,0.51,0.3448,,0.3448,0,609,0.0048,92.11,92.55,92.99,91.19,2026-09-09,3,True
BPOP,Financials,Banks - Regional,RSI,RSI 維持強勢 (50-70),None,0.0,0.51,0.3448,,0.3448,0,609,0.0048,171.32,172.14,172.96,169.61,2026-09-04,3,True
CIB,Financials,Banks - Regional,RSI,RSI 維持強勢 (50-70),None,0.0,0.51,0.3448,,0.3448,0,609,0.0048,98.948,99.42,99.9,97.96,2026-09-04,3,True
EQH,Financials,Asset Management,RSI,RSI 維持強勢 (50-70),None,0.0,0.51,0.3448,,0.3448,0,609,0.0048,52.09,52.34,52.59,51.57,2026-09-09,3,True
ITUB,Financials,Banks - Regional,RSI,RSI 維持強勢 (50-70),None,0.0,0.51,0.3448,,0.3448,0,609,0.0048,8.08,8.12,8.16,8.0,2026-09-09,3,True
SMFG,Financials,Banks - Diversified,RSI,RSI 維持強勢 (50-70),None,0.0,0.51,0.3448,,0.3448,0,609,0.0048,26.79,26.92,27.05,26.52,2026-09-08,3,True
WBS,Financials,Banks - Regional,RSI,RSI 維持強勢 (50-70),None,0.0,0.51,0.3448,,0.3448,0,609,0.0048,77.97,78.34,78.72,77.19,2026-08-18,3,True
IT,Information Technology,Information Technology Services,BB,BB 跌破下軌 (超賣),None,0.0,0.45499999999999996,0.3448,0.3448,0.3447,29,1001,0.0065,169.69,170.79,171.9,167.99,2026-09-09,3,False
INFY,Information Technology,Information Technology Services,BB,BB 跌破下軌 (超賣),None,0.0,0.45499999999999996,0.3447,,0.3447,0,1001,0.0043,10.93,10.98,11.02,10.82,2026-09-09,3,False
BIIB,Health Care,Drug Manufacturers - General,RSI,RSI 維持強勢 (50-70),None,0.0,0.51,0.3444,0.3444,0.2772,151,12123,0.0031,220.83,221.51,222.2,218.62,2026-09-04,3,False
TXN,Information Technology,Semiconductors,RSI,RSI 加速上升,None,0.0,0.5525,0.3417,0.3417,0.3693,120,10688,0.0107,261.59,264.39,267.19,258.97,2026-09-09,3,False
ZBRA,Information Technology,Communication Equipment,RSI,RSI 維持強勢 (50-70),None,0.0,0.51,0.3412,0.3412,0.3645,211,16764,0.0047,352.54,354.2,355.85,349.01,2026-09-08,3,False
EMR,Industrials,Specialty Industrial Machinery,RSI,RSI 加速上升,None,0.0,0.5525,0.3409,0.3409,0.2981,132,11545,0.0065,150.34,151.32,152.29,148.84,2026-09-09,3,False
GEN,Information Technology,Software - Infrastructure,BB,BB 中軌向上（上升趨勢）,None,0.0,0.51,0.3408,0.3408,0.3639,179,16781,0.006,29.76,29.94,30.12,29.46,2026-09-09,3,False
ULTA,Consumer Discretionary,Specialty Retail,RSI,RSI 維持強勢 (50-70),None,0.0,0.51,0.3407,0.3407,0.2995,182,10441,0.0084,541.86,546.41,550.96,536.44,2026-09-09,3,False
LH,Health Care,Diagnostics & Research,BB,BB 中軌向上（上升趨勢）,None,0.0,0.51,0.3402,,0.3402,0,579,0.0005,321.1,321.26,321.42,317.89,2026-09-09,3,True
ONC,Health Care,Biotechnology,BB,BB 中軌向上（上升趨勢）,None,0.0,0.51,0.3402,,0.3402,0,579,0.0005,351.0,351.18,351.35,347.49,2026-09-09,3,True
RPRX,Health Care,Biotechnology,BB,BB 中軌向上（上升趨勢）,None,0.0,0.51,0.3402,,0.3402,0,579,0.0005,60.59,60.62,60.65,59.98,2026-09-08,3,True
DE,Industrials,Farm & Heavy Construction Machinery,RSI,RSI 加速上升,None,0.0,0.5525,0.3393,0.3393,0.2981,112,11545,0.0046,693.53,696.72,699.91,686.59,2026-09-04,3,False
STT,Financials,Asset Management,RSI,RSI 加速上升,None,0.0,0.5525,0.3393,0.3393,0.3014,168,11488,0.009,191.89,193.62,195.34,189.97,2026-09-09,3,False
SUNB,Industrials,Rental & Leasing Services,RSI,RSI 加速上升,None,0.0,0.5525,0.3379,,0.3379,0,651,0.0035,73.42,73.68,73.93,72.69,2026-09-09,3,True
CBOE,Financials,Financial Data & Stock Exchanges,RSI,RSI 維持強勢 (50-70),None,0.0,0.51,0.3371,0.3371,0.2842,267,19108,0.0055,298.38,300.02,301.66,295.4,2026-09-04,3,False
SGI,Consumer Discretionary,"Furnishings, Fixtures & Appliances",MACD,MACD 突破 0 軸,None,0.0,0.595,0.3351,,0.3351,0,376,0.0114,69.56,70.35,71.15,68.86,2026-09-08,3,False
AMX,Communication Services,Telecom Services,KDJ,KDJ 金叉,None,0.0,0.5525,0.3345,,0.3345,0,550,0.0065,23.1,23.25,23.4,22.87,2026-09-09,3,False
NTES,Communication Services,Electronic Gaming & Multimedia,KDJ,KDJ 金叉,None,0.0,0.5525,0.3345,,0.3345,0,550,0.0065,119.45,120.23,121.0,118.26,2026-09-08,3,False
SKM,Communication Services,Telecom Services,KDJ,KDJ 金叉,None,0.0,0.5525,0.3345,,0.3345,0,550,0.0065,38.7,38.95,39.2,38.31,2026-09-04,3,False
NBIS,Communication Services,Internet Content & Information,MACD,MACD 突破 0 軸,None,0.0,0.595,0.3333,,0.3333,0,165,0.0084,243.88,245.93,247.98,241.44,2026-09-08,3,False
RBLX,Communication Services,Electronic Gaming & Multimedia,MACD,MACD 突破 0 軸,None,0.0,0.595,0.3333,,0.3333,0,165,0.0084,44.52,44.89,45.27,44.07,2026-09-09,3,False
DD,Materials,Specialty Chemicals,KDJ,KDJ 超賣區金叉,None,0.0,0.5599999999999999,0.3333,0.3333,0.3156,9,225,-0.0065,131.32,130.47,129.61,130.01,2026-09-08,3,False
DOV,Industrials,Specialty Industrial Machinery,RSI,RSI 加速上升,None,0.0,0.5525,0.3333,0.3333,0.3379,6,651,0.0242,194.74,199.45,204.17,192.79,2026-09-08,3,True
IEX,Industrials,Specialty Industrial Machinery,KDJ,KDJ 金叉,None,0.0,0.5525,0.3333,0.3333,0.3223,24,2110,0.0039,225.66,226.54,227.42,223.4,2026-09-08,3,False
TPR,Consumer Discretionary,Luxury Goods,RSI,RSI 超賣區域 (30),None,0.0,0.5249999999999999,0.3333,0.3333,0.3448,6,203,0.0048,117.58,118.14,118.71,116.4,2026-09-08,3,False
CAG,Consumer Staples,Packaged Foods,BB,BB 中軌向上（上升趨勢）,None,0.0,0.51,0.3333,0.3333,0.2466,114,6128,0.0085,15.11,15.24,15.37,14.96,2026-09-09,3,False
JPM,Financials,Banks - Diversified,RSI,RSI 維持強勢 (50-70),None,0.0,0.51,0.3333,0.3333,0.2842,282,19108,0.005,358.64,360.43,362.23,355.05,2026-09-04,3,False
BXP,Real Estate,REIT - Office,BB,BB 跌破下軌 (超賣),None,0.0,0.45499999999999996,0.3333,0.3333,0.25,21,564,0.0028,64.29,64.47,64.65,63.65,2026-09-09,3,False
HLT,Consumer Discretionary,Lodging,BB,BB 跌破下軌 (超賣),None,0.0,0.45499999999999996,0.3333,0.3333,0.2974,12,733,-0.0141,304.47,300.18,295.88,301.43,2026-09-08,3,False
NVR,Consumer Discretionary,Residential Construction,BB,BB 跌破下軌 (超賣),None,0.0,0.45499999999999996,0.3333,0.3333,0.2974,15,733,0.0062,6116.8599,6154.78,6192.71,6055.69,2026-09-08,3,False
SYK,Health Care,Medical Devices,BB,BB 跌破下軌 (超賣),None,0.0,0.45499999999999996,0.3333,0.3333,0.2752,18,974,0.0016,303.13,303.62,304.1,300.1,2026-09-04,3,False
MNST,Consumer Staples,Beverages - Non-Alcoholic,RSI,RSI 維持超賣,None,0.0,0.385,0.3333,0.3333,0.2366,9,744,-0.0022,42.84,42.75,42.65,42.41,2026-09-09,3,False
THC,Health Care,Medical Care Facilities,BB,價格在 BB 中軌上方,Bullish Engulfing,0.75,0.9075,0.332,,0.332,0,259,0.0039,269.08,270.13,271.18,266.39,2026-09-09,3,False
TDY,Information Technology,Scientific & Technical Instruments,RSI,RSI 超賣區域 (30),None,0.0,0.5249999999999999,0.3319,,0.3319,0,238,0.0012,595.23,595.94,596.66,589.28,2026-09-09,3,False
HSIC,Health Care,Medical Distribution,BB,價格在 BB 中軌上方,None,0.0,0.425,0.3314,0.3314,0.2804,169,14417,-0.0009,89.81,89.73,89.65,88.91,2026-09-04,3,False
VEEV,Health Care,Health Information Services,RSI,RSI 維持強勢 (50-70),None,0.0,0.51,0.3311,0.3311,0.2772,148,12123,-0.0013,260.8,260.46,260.12,258.19,2026-09-09,3,False
WMB,Energy,Oil & Gas Midstream,BB,價格在 BB 中軌上方,None,0.0,0.425,0.3305,0.3305,0.2998,348,5768,0.0061,75.15,75.61,76.07,74.4,2026-09-09,3,False
AEIS,Industrials,Electrical Equipment & Parts,MACD,MACD 金叉 (空頭區),None,0.0,0.42,0.3303,,0.3303,0,875,0.0053,285.52,287.03,288.55,282.66,2026-09-09,3,False
FPS,Industrials,Electrical Equipment & Parts,MACD,MACD 金叉 (空頭區),None,0.0,0.42,0.3303,,0.3303,0,875,0.0053,31.35,31.52,31.68,31.04,2026-09-04,3,False
INIO,Industrials,Specialty Industrial Machinery,MACD,MACD 金叉 (空頭區),None,0.0,0.42,0.3303,,0.3303,0,875,0.0053,21.82,21.94,22.05,21.6,2026-09-08,3,False
KNX,Industrials,Trucking,MACD,MACD 金叉 (空頭區),None,0.0,0.42,0.3303,,0.3303,0,875,0.0053,71.99,72.37,72.75,71.27,2026-09-04,3,False
LTM,Industrials,Airlines,MACD,MACD 金叉 (空頭區),None,0.0,0.42,0.3303,,0.3303,0,875,0.0053,52.47,52.75,53.03,51.95,2026-09-04,3,False
MTZ,Industrials,Engineering & Construction,MACD,MACD 金叉 (空頭區),None,0.0,0.42,0.3303,,0.3303,0,875,0.0053,237.19,238.45,239.7,234.82,2026-09-04,3,False
NVT,Industrials,Electrical Equipment & Parts,MACD,MACD 金叉 (空頭區),None,0.0,0.42,0.3303,,0.3303,0,875,0.0053,162.57,163.43,164.29,160.94,2026-09-08,3,False
POWL,Industrials,Electrical Equipment & Parts,MACD,MACD 金叉 (空頭區),None,0.0,0.42,0.3303,,0.3303,0,875,0.0053,182.49,183.46,184.42,180.67,2026-09-08,3,False
R,Industrials,Rental & Leasing Services,MACD,MACD 金叉 (空頭區),None,0.0,0.42,0.3303,,0.3303,0,875,0.0053,246.89,248.2,249.51,244.42,2026-09-08,3,False
STRL,Industrials,Engineering & Construction,MACD,MACD 金叉 (空頭區),None,0.0,0.42,0.3303,,0.3303,0,875,0.0053,486.49,489.07,491.65,481.63,2026-09-04,3,False
SYM,Industrials,Specialty Industrial Machinery,MACD,MACD 金叉 (空頭區),None,0.0,0.42,0.3303,,0.3303,0,875,0.0053,42.94,43.17,43.4,42.51,2026-09-04,3,False
VMI,Industrials,Conglomerates,MACD,MACD 金叉 (空頭區),None,0.0,0.42,0.3303,,0.3303,0,875,0.0053,481.46,484.01,486.56,476.65,2026-09-04,3,False
WCC,Industrials,Industrial Distribution,MACD,MACD 金叉 (空頭區),None,0.0,0.42,0.3303,,0.3303,0,875,0.0053,360.17,362.08,363.99,356.57,2026-09-08,3,False
ETN,Industrials,Specialty Industrial Machinery,RSI,RSI 維持強勢 (50-70),None,0.0,0.51,0.3302,0.3302,0.2986,215,19157,0.0043,422.13,423.95,425.76,417.91,2026-09-08,3,False
BBD,Financials,Banks - Regional,MACD,MACD 突破 0 軸,None,0.0,0.595,0.3301,,0.3301,0,618,0.0061,3.47,3.49,3.51,3.44,2026-09-04,3,False
IREN,Financials,Capital Markets,MACD,MACD 突破 0 軸,None,0.0,0.595,0.3301,,0.3301,0,618,0.0061,46.93,47.22,47.5,46.46,2026-09-08,3,False
JEF,Financials,Capital Markets,MACD,MACD 突破 0 軸,None,0.0,0.595,0.3301,,0.3301,0,618,0.0061,55.25,55.59,55.92,54.7,2026-09-09,3,False
RIOT,Financials,Capital Markets,MACD,MACD 突破 0 軸,None,0.0,0.595,0.3301,,0.3301,0,618,0.0061,22.07,22.2,22.34,21.85,2026-09-09,3,False
FWONA,Communication Services,Entertainment,BB,BB 跌破下軌 (超賣),None,0.0,0.45499999999999996,0.33,,0.33,0,397,0.0048,88.38,88.8,89.23,87.5,2026-09-04,3,False
FWONK,Communication Services,Entertainment,BB,BB 跌破下軌 (超賣),None,0.0,0.45499999999999996,0.33,,0.33,0,397,0.0048,95.5,95.96,96.42,94.55,2026-09-04,3,False
PINS,Communication Services,Internet Content & Information,BB,BB 跌破下軌 (超賣),None,0.0,0.45499999999999996,0.33,,0.33,0,397,0.0048,20.14,20.24,20.33,19.94,2026-09-08,3,False
TME,Communication Services,Internet Content & Information,BB,BB 跌破下軌 (超賣),None,0.0,0.45499999999999996,0.33,,0.33,0,397,0.0048,7.89,7.93,7.97,7.81,2026-09-09,3,False
DIS,Communication Services,Entertainment,RSI,RSI 維持強勢 (50-70),None,0.0,0.51,0.3297,0.3297,0.3082,182,5205,0.0094,105.31,106.3,107.29,104.26,2026-09-04,3,False
AA,Materials,Aluminum,RSI,RSI 上穿 50 中性線,None,0.0,0.4675,0.3294,,0.3294,0,595,0.0031,51.74,51.9,52.06,51.22,2026-09-08,3,False
BHP,Materials,Other Industrial Metals & Mining,RSI,RSI 上穿 50 中性線,None,0.0,0.4675,0.3294,,0.3294,0,595,0.0031,91.99,92.28,92.56,91.07,2026-09-08,3,False
EHC,Health Care,Medical Care Facilities,RSI,RSI 維持強勢 (50-70),Bullish Engulfing,0.75,1.0,0.3286,,0.3286,0,280,0.0029,121.52,121.87,122.22,120.3,2026-09-09,3,False
WF,Financials,Banks - Regional,RSI,RSI 維持強勢 (50-70),Support,0.7,1.0,0.3276,,0.3276,0,58,0.0022,74.86,75.02,75.19,74.11,2026-09-04,3,False
DVA,Health Care,Medical Care Facilities,RSI,RSI 加速上升,None,0.0,0.5525,0.3269,0.3269,0.2803,156,8492,0.0082,183.01,184.51,186.01,181.18,2026-09-09,3,False
BP,Energy,Oil & Gas Integrated,RSI,RSI 動能加速（強勢區）,None,0.0,0.51,0.3265,,0.3265,0,873,0.0005,44.88,44.9,44.92,44.43,2026-09-08,3,False
CVE,Energy,Oil & Gas Integrated,RSI,RSI 動能加速（強勢區）,None,0.0,0.51,0.3265,,0.3265,0,873,0.0005,33.19,33.21,33.22,32.86,2026-09-08,3,False
EC,Energy,Oil & Gas Integrated,RSI,RSI 動能加速（強勢區）,None,0.0,0.51,0.3265,,0.3265,0,873,0.0005,17.78,17.79,17.8,17.6,2026-09-08,3,False
EPD,Energy,Oil & Gas Midstream,RSI,RSI 動能加速（強勢區）,None,0.0,0.51,0.3265,,0.3265,0,873,0.0005,39.32,39.34,39.36,38.93,2026-09-09,3,False
PBR,Energy,Oil & Gas Integrated,RSI,RSI 動能加速（強勢區）,None,0.0,0.51,0.3265,,0.3265,0,873,0.0005,20.83,20.84,20.85,20.62,2026-09-08,3,False
SHEL,Energy,Oil & Gas Integrated,RSI,RSI 動能加速（強勢區）,None,0.0,0.51,0.3265,,0.3265,0,873,0.0005,95.32,95.37,95.42,94.37,2026-09-08,3,False
TMO,Health Care,Diagnostics & Research,RSI,RSI 維持強勢 (50-70),None,0.0,0.51,0.3265,0.3265,0.2772,196,12123,0.0039,605.69,608.05,610.41,599.63,2026-09-09,3,False
TTE,Energy,Oil & Gas Integrated,RSI,RSI 動能加速（強勢區）,None,0.0,0.51,0.3265,,0.3265,0,873,0.0005,91.64,91.69,91.73,90.72,2026-09-09,3,False
AEP,Utilities,Utilities - Regulated Electric,RSI,RSI 維持強勢 (50-70),None,0.0,0.51,0.3262,0.3262,0.2471,279,8831,0.0058,125.42,126.15,126.87,124.17,2026-09-08,3,False
AGNCP,Real Estate,REIT - Mortgage,BB,價格在 BB 中軌上方,Consolidation Breakout,0.85,1.0,0.3261,,0.3261,0,46,0.0094,25.45,25.69,25.93,25.2,2026-09-10,3,True
AGNCZ,Real Estate,REIT - Mortgage,RSI,RSI 維持強勢 (50-70),None,0.0,0.51,0.3261,,0.3261,0,230,0.0069,25.46,25.64,25.81,25.21,2026-09-09,3,True
URI,Industrials,Rental & Leasing Services,RSI,RSI 加速上升,None,0.0,0.5525,0.3259,0.3259,0.2981,135,11545,0.0129,1028.77,1042.04,1055.31,1018.48,2026-09-09,3,False
RVTY,Health Care,Diagnostics & Research,BB,價格在 BB 中軌上方,None,0.0,0.425,0.3247,0.3247,0.2804,194,14417,-0.0022,127.08,126.8,126.52,125.81,2026-09-08,3,False
TEL,Information Technology,Electronic Components,RSI,RSI 維持強勢 (50-70),None,0.0,0.51,0.3241,0.3241,0.3645,253,16764,0.0051,208.65,209.71,210.78,206.56,2026-09-04,3,False
BAP,Financials,Banks - Regional,BB,價格在 BB 中軌上方,None,0.0,0.425,0.3239,,0.3239,0,852,0.0045,377.24,378.94,380.64,373.47,2026-09-08,3,True
SNEX,Financials,Capital Markets,BB,價格在 BB 中軌上方,None,0.0,0.425,0.3239,,0.3239,0,852,0.0045,69.34,69.65,69.96,68.65,2026-09-09,3,True
A,Health Care,Diagnostics & Research,RSI,RSI 維持強勢 (50-70),None,0.0,0.51,0.3237,0.3237,0.2772,207,12123,0.0002,150.86,150.89,150.92,149.35,2026-09-04,3,False
AUR,Consumer Discretionary,Auto Parts,MACD,MACD 金叉 (空頭區),None,0.0,0.42,0.3233,,0.3233,0,529,0.0066,6.34,6.38,6.42,6.28,2026-09-04,3,False
BWA,Consumer Discretionary,Auto Parts,MACD,MACD 金叉 (空頭區),None,0.0,0.42,0.3233,,0.3233,0,529,0.0066,67.54,67.99,68.43,66.86,2026-09-04,3,False
LI,Consumer Discretionary,Auto Manufacturers,MACD,MACD 金叉 (空頭區),None,0.0,0.42,0.3233,,0.3233,0,529,0.0066,12.46,12.54,12.62,12.34,2026-09-08,3,False
RIVN,Consumer Discretionary,Auto Manufacturers,MACD,MACD 金叉 (空頭區),None,0.0,0.42,0.3233,,0.3233,0,529,0.0066,16.17,16.28,16.38,16.01,2026-09-08,3,False
CCJ,Energy,Uranium,RSI,RSI 加速上升,None,0.0,0.5525,0.3227,,0.3227,0,3306,0.0024,100.41,100.65,100.89,99.41,2026-09-09,3,False
DINO,Energy,Oil & Gas Refining & Marketing,RSI,RSI 加速上升,None,0.0,0.5525,0.3227,,0.3227,0,3306,0.0024,108.31,108.57,108.83,107.23,2026-09-08,3,False
FTI,Energy,Oil & Gas Equipment & Services,RSI,RSI 加速上升,None,0.0,0.5525,0.3227,,0.3227,0,3306,0.0024,79.84,80.03,80.22,79.04,2026-09-04,3,False
TRP,Energy,Oil & Gas Midstream,RSI,RSI 加速上升,None,0.0,0.5525,0.3227,,0.3227,0,3306,0.0024,63.45,63.6,63.75,62.82,2026-09-08,3,False
TS,Energy,Oil & Gas Equipment & Services,RSI,RSI 加速上升,None,0.0,0.5525,0.3227,,0.3227,0,3306,0.0024,56.45,56.59,56.72,55.89,2026-09-04,3,False
WES,Energy,Oil & Gas Midstream,RSI,RSI 加速上升,None,0.0,0.5525,0.3227,,0.3227,0,3306,0.0024,49.43,49.55,49.67,48.94,2026-09-08,3,False
ATI,Industrials,Metal Fabrication,KDJ,KDJ 金叉,None,0.0,0.5525,0.3223,,0.3223,0,2110,0.0051,210.65,211.72,212.8,208.54,2026-09-04,3,False
CP,Industrials,Railroads,KDJ,KDJ 金叉,None,0.0,0.5525,0.3223,,0.3223,0,2110,0.0051,91.6,92.07,92.53,90.68,2026-09-04,3,False
CSL,Industrials,Building Products & Equipment,KDJ,KDJ 金叉,None,0.0,0.5525,0.3223,,0.3223,0,2110,0.0051,352.14,353.94,355.73,348.62,2026-09-04,3,False
FDXF,Industrials,Integrated Freight & Logistics,KDJ,KDJ 金叉,None,0.0,0.5525,0.3223,,0.3223,0,2110,0.0051,129.45,130.11,130.77,128.16,2026-09-04,3,False
GPN,Industrials,Specialty Business Services,KDJ,KDJ 金叉,None,0.0,0.5525,0.3223,,0.3223,0,2110,0.0051,92.54,93.01,93.48,91.61,2026-09-04,3,False
MAIR,Industrials,Building Products & Equipment,KDJ,KDJ 金叉,None,0.0,0.5525,0.3223,,0.3223,0,2110,0.0051,26.14,26.27,26.41,25.88,2026-09-08,3,False
PAC,Industrials,Airports & Air Services,KDJ,KDJ 金叉,None,0.0,0.5525,0.3223,,0.3223,0,2110,0.0051,208.17,209.23,210.29,206.09,2026-09-04,3,False
SPXC,Industrials,Building Products & Equipment,KDJ,KDJ 金叉,None,0.0,0.5525,0.3223,,0.3223,0,2110,0.0051,196.37,197.37,198.37,194.41,2026-09-04,3,False
GM,Consumer Discretionary,Auto Manufacturers,RSI,RSI 維持強勢 (50-70),None,0.0,0.51,0.3217,0.3217,0.2995,230,10441,0.0003,85.79,85.82,85.84,84.93,2026-09-08,3,False
TLK,Communication Services,Telecom Services,MACD,MACD 金叉 (多頭區),None,0.0,0.68,0.3214,,0.3214,0,140,0.0096,15.08,15.22,15.37,14.93,2026-09-08,3,False
VOD,Communication Services,Telecom Services,MACD,MACD 金叉 (多頭區),None,0.0,0.68,0.3214,,0.3214,0,140,0.0096,16.9,17.06,17.22,16.73,2026-09-04,3,False
APTV,Consumer Discretionary,Auto Parts,RSI,RSI 加速上升,None,0.0,0.5525,0.3214,0.3214,0.3117,112,6796,0.0059,47.95,48.23,48.52,47.47,2026-09-04,3,False
ALLY,Financials,Credit Services,MACD,MACD 金叉 (空頭區),None,0.0,0.42,0.3214,,0.3214,0,865,0.0073,43.73,44.05,44.37,43.29,2026-09-04,3,False
BMO,Financials,Banks - Diversified,MACD,MACD 金叉 (空頭區),None,0.0,0.42,0.3214,,0.3214,0,865,0.0073,175.05,176.33,177.61,173.3,2026-09-08,3,False
FHN,Financials,Banks - Regional,MACD,MACD 金叉 (空頭區),None,0.0,0.42,0.3214,,0.3214,0,865,0.0073,24.94,25.12,25.3,24.69,2026-09-04,3,False
HBANZ,Financials,Banks - Regional,MACD,MACD 金叉 (空頭區),None,0.0,0.42,0.3214,,0.3214,0,865,0.0073,19.17,19.31,19.45,18.98,2026-09-09,3,False
KLAR,Financials,Credit Services,MACD,MACD 金叉 (空頭區),None,0.0,0.42,0.3214,,0.3214,0,865,0.0073,13.88,13.98,14.08,13.74,2026-09-09,3,False
RY,Financials,Banks - Diversified,MACD,MACD 金叉 (空頭區),None,0.0,0.42,0.3214,,0.3214,0,865,0.0073,210.59,212.13,213.66,208.48,2026-09-04,3,False
SLMBP,Financials,Credit Services,MACD,MACD 金叉 (空頭區),None,0.0,0.42,0.3214,,0.3214,0,865,0.0073,74.75,75.3,75.84,74.0,2026-09-10,3,False
WULF,Financials,Capital Markets,MACD,MACD 金叉 (空頭區),None,0.0,0.42,0.3214,,0.3214,0,865,0.0073,16.51,16.63,16.75,16.34,2026-09-04,3,False
REGN,Health Care,Biotechnology,BB,價格在 BB 中軌上方,None,0.0,0.425,0.3207,0.3207,0.2804,290,14417,0.0008,827.72,828.38,829.04,819.44,2026-09-04,3,False
NTAP,Information Technology,Software - Infrastructure,RSI,RSI 加速上升,None,0.0,0.5525,0.3206,0.3206,0.3693,131,10688,0.0047,189.13,190.02,190.91,187.24,2026-09-08,3,False
EQT,Energy,Oil & Gas E&P,RSI,RSI 維持強勢 (50-70),None,0.0,0.51,0.3186,0.3186,0.2963,204,4891,-0.001,54.63,54.58,54.52,54.08,2026-09-09,3,False
FIVE,Consumer Discretionary,Specialty Retail,KDJ,KDJ 金叉,None,0.0,0.5525,0.3183,,0.3183,0,1244,0.0033,254.07,254.91,255.75,251.53,2026-09-08,3,False
JD,Consumer Discretionary,Internet Retail,KDJ,KDJ 金叉,None,0.0,0.5525,0.3183,,0.3183,0,1244,0.0033,28.26,28.35,28.45,27.98,2026-09-04,3,False
VIK,Consumer Discretionary,Travel Services,KDJ,KDJ 金叉,None,0.0,0.5525,0.3183,,0.3183,0,1244,0.0033,88.08,88.37,88.66,87.2,2026-09-08,3,False
AOS,Industrials,Specialty Industrial Machinery,KDJ,KDJ 金叉,None,0.0,0.5525,0.3182,0.3182,0.3223,22,2110,-0.0002,60.48,60.47,60.46,59.88,2026-09-04,3,False
EQIX,Real Estate,REIT - Specialty,RSI,RSI 加速上升,None,0.0,0.5525,0.3182,0.3182,0.2327,132,4401,0.0054,1043.0601,1048.69,1054.33,1032.63,2026-09-09,3,False
SF,Financials,Capital Markets,RSI,RSI 加速上升,None,0.0,0.5525,0.318,,0.318,0,588,0.002,80.65,80.81,80.97,79.84,2026-09-09,3,True
EXE,Energy,Oil & Gas E&P,RSI,RSI 維持強勢 (50-70),None,0.0,0.51,0.318,0.318,0.2963,217,4891,0.0004,96.62,96.66,96.7,95.65,2026-09-09,3,False
CARR,Industrials,Building Products & Equipment,RSI,RSI 加速上升,None,0.0,0.5525,0.3176,0.3176,0.2981,148,11545,0.0041,57.95,58.19,58.43,57.37,2026-09-09,3,False
GMED,Health Care,Medical Devices,BB,BB 跌破下軌 (超賣),None,0.0,0.45499999999999996,0.3173,,0.3173,0,375,-0.0037,75.04,74.76,74.48,74.29,2026-09-08,3,True
HLN,Health Care,Drug Manufacturers - Specialty & Generic,BB,BB 跌破下軌 (超賣),None,0.0,0.45499999999999996,0.3173,,0.3173,0,375,-0.0037,9.23,9.2,9.16,9.14,2026-09-09,3,True
NVS,Health Care,Drug Manufacturers - General,BB,BB 跌破下軌 (超賣),None,0.0,0.45499999999999996,0.3173,,0.3173,0,375,-0.0037,137.7,137.19,136.68,136.32,2026-09-08,3,True
ZBH,Health Care,Medical Devices,BB,BB 跌破下軌 (超賣),None,0.0,0.45499999999999996,0.3173,,0.3173,0,375,-0.0037,94.22,93.87,93.52,93.28,2026-09-08,3,True
IQV,Health Care,Diagnostics & Research,RSI,RSI 維持強勢 (50-70),None,0.0,0.51,0.315,0.315,0.2772,200,12123,0.0008,256.98,257.19,257.39,254.41,2026-09-09,3,False
XOM,Energy,Oil & Gas Integrated,RSI,RSI 動能加速（強勢區）,None,0.0,0.51,0.3148,0.3148,0.3265,54,873,0.0002,164.23,164.26,164.3,162.59,2026-09-09,3,False
EMA,Utilities,Utilities - Regulated Electric,RSI,RSI 加速上升,None,0.0,0.5525,0.3147,,0.3147,0,251,0.0085,50.38,50.81,51.24,49.88,2026-09-09,3,True
HAL,Energy,Oil & Gas Equipment & Services,BB,BB 中軌向上（上升趨勢）,None,0.0,0.51,0.3147,0.3147,0.2962,251,4484,-0.0017,37.13,37.07,37.0,36.76,2026-09-09,3,False
BTSG,Health Care,Health Information Services,RSI,RSI 上穿 50 中性線,None,0.0,0.4675,0.3144,,0.3144,0,1323,0.003,62.56,62.75,62.94,61.93,2026-09-08,3,False
BTSGU,Health Care,Health Information Services,RSI,RSI 上穿 50 中性線,None,0.0,0.4675,0.3144,,0.3144,0,1323,0.003,206.97,207.59,208.21,204.9,2026-09-08,3,False
GH,Health Care,Diagnostics & Research,RSI,RSI 上穿 50 中性線,None,0.0,0.4675,0.3144,,0.3144,0,1323,0.003,162.78,163.27,163.76,161.15,2026-09-09,3,False
GLXY,Financials,Capital Markets,KDJ,KDJ 金叉,None,0.0,0.5525,0.3142,,0.3142,0,1932,0.0041,26.33,26.44,26.55,26.07,2026-09-04,3,False
VLYPN,Financials,Banks - Regional,KDJ,KDJ 金叉,None,0.0,0.5525,0.3142,,0.3142,0,1932,0.0041,26.01,26.12,26.22,25.75,2026-09-08,3,False
VLYPO,Financials,Banks - Regional,KDJ,KDJ 金叉,None,0.0,0.5525,0.3142,,0.3142,0,1932,0.0041,25.09,25.19,25.3,24.84,2026-09-08,3,False
AGI,Materials,Gold,KDJ,KDJ 金叉,None,0.0,0.5525,0.314,,0.314,0,637,0.0047,36.93,37.1,37.28,36.56,2026-09-09,3,False
GFI,Materials,Gold,KDJ,KDJ 金叉,None,0.0,0.5525,0.314,,0.314,0,637,0.0047,47.19,47.41,47.63,46.72,2026-09-08,3,False
HL,Materials,Other Precious Metals & Mining,KDJ,KDJ 金叉,None,0.0,0.5525,0.314,,0.314,0,637,0.0047,20.85,20.95,21.05,20.64,2026-09-09,3,False
WPM,Materials,Gold,KDJ,KDJ 金叉,None,0.0,0.5525,0.314,,0.314,0,637,0.0047,155.11,155.84,156.57,153.56,2026-09-08,3,False
BDRX,Health Care,Biotechnology,RSI,RSI 維持超賣,None,0.0,0.385,0.3138,,0.3138,0,956,0.0016,0.812,0.81,0.81,0.8,2026-09-09,3,False
CHT,Communication Services,Telecom Services,RSI,RSI 動能加速（強勢區）,None,0.0,0.51,0.3135,,0.3135,0,772,0.0011,44.23,44.28,44.33,43.79,2026-09-08,3,False
ECHO,Communication Services,Telecom Services,RSI,RSI 動能加速（強勢區）,None,0.0,0.51,0.3135,,0.3135,0,772,0.0011,93.42,93.52,93.63,92.49,2026-09-08,3,False
GSAT,Communication Services,Telecom Services,RSI,RSI 動能加速（強勢區）,None,0.0,0.51,0.3135,,0.3135,0,772,0.0011,82.34,82.43,82.52,81.52,2026-09-04,3,False
USB,Financials,Banks - Regional,RSI,RSI 加速上升,None,0.0,0.5525,0.3125,0.3125,0.3014,144,11488,0.0044,62.11,62.38,62.66,61.49,2026-09-09,3,False
APD,Materials,Specialty Chemicals,BB,BB 跌破下軌 (超賣),None,0.0,0.45499999999999996,0.3125,0.3125,0.2333,16,403,0.0123,295.24,298.87,302.5,292.29,2026-09-09,3,False
PGR,Financials,Insurance - Property & Casualty,BB,BB 中軌向上（上升趨勢）,None,0.0,0.51,0.3119,0.3119,0.2681,202,16575,0.0077,215.5,217.16,218.82,213.34,2026-09-09,3,False
MGA,Consumer Discretionary,Auto Parts,RSI,RSI 加速上升,None,0.0,0.5525,0.3117,,0.3117,0,6796,0.004,65.47,65.73,65.99,64.82,2026-09-09,3,False
MOD,Consumer Discretionary,Auto Parts,RSI,RSI 加速上升,None,0.0,0.5525,0.3117,,0.3117,0,6796,0.004,185.97,186.71,187.46,184.11,2026-09-09,3,False
PAG,Consumer Discretionary,Auto & Truck Dealerships,RSI,RSI 加速上升,None,0.0,0.5525,0.3117,,0.3117,0,6796,0.004,219.77,220.65,221.53,217.57,2026-09-04,3,False
BIDU,Communication Services,Internet Content & Information,RSI,RSI 加速上升,None,0.0,0.5525,0.3116,,0.3116,0,3322,0.0033,99.47,99.8,100.13,98.48,2026-09-04,3,False
VIV,Communication Services,Telecom Services,RSI,RSI 加速上升,None,0.0,0.5525,0.3116,,0.3116,0,3322,0.0033,11.79,11.83,11.87,11.67,2026-09-09,3,False
AGX,Industrials,Engineering & Construction,RSI,RSI 加速上升,Morning Star,0.8,1.0,0.3106,,0.3106,0,132,0.0051,436.78,439.01,441.24,432.41,2026-09-08,3,False
GILD,Health Care,Drug Manufacturers - General,BB,BB 中軌向上（上升趨勢）,None,0.0,0.51,0.3105,0.3105,0.2705,219,10885,0.005,145.65,146.38,147.11,144.19,2026-09-09,3,False
FFIV,Information Technology,Software - Infrastructure,KDJ,KDJ 金叉,None,0.0,0.5525,0.3103,0.3103,0.3918,29,1955,0.0039,404.63,406.21,407.79,400.58,2026-09-09,3,False
TRU,Financials,Financial Data & Stock Exchanges,BB,BB 中軌向上（上升趨勢）,None,0.0,0.51,0.3103,,0.3103,0,754,0.0043,77.65,77.98,78.32,76.87,2026-09-08,3,True
BLDR,Industrials,Building Products & Equipment,KDJ,KDJ 金叉,Bullish Engulfing,0.75,1.0,0.31,,0.31,0,100,0.0006,65.79,65.83,65.87,65.13,2026-09-04,3,False
XPO,Industrials,Trucking,KDJ,KDJ 金叉,Bullish Engulfing,0.75,1.0,0.31,,0.31,0,100,0.0006,193.1,193.22,193.33,191.17,2026-09-04,3,False
BUD,Consumer Staples,Beverages - Brewers,RSI,RSI 維持強勢 (50-70),None,0.0,0.51,0.3092,,0.3092,0,262,0.0027,80.35,80.57,80.78,79.55,2026-09-04,3,True
SYY,Consumer Staples,Food Distribution,KDJ,KDJ 金叉,None,0.0,0.5525,0.3091,,0.3091,0,55,-0.0084,81.57,80.88,80.2,80.75,2026-09-09,3,True
DG,Consumer Staples,Discount Stores,BB,BB 中軌向上（上升趨勢）,None,0.0,0.51,0.3091,0.3091,0.2466,165,6128,-0.0063,124.57,123.79,123.0,123.32,2026-09-09,3,False
HEI,Industrials,Aerospace & Defense,RSI,RSI 超賣區域 (30),None,0.0,0.5249999999999999,0.3086,,0.3086,0,337,0.006,316.1,318.0,319.89,312.94,2026-09-08,3,False
LHX,Industrials,Aerospace & Defense,RSI,RSI 超賣區域 (30),None,0.0,0.5249999999999999,0.3086,,0.3086,0,337,0.006,250.41,251.91,253.41,247.91,2026-09-09,3,False
MMM,Industrials,Conglomerates,RSI,RSI 超賣區域 (30),None,0.0,0.5249999999999999,0.3086,,0.3086,0,337,0.006,164.4,165.39,166.37,162.76,2026-09-09,3,False
RBA,Industrials,Specialty Business Services,RSI,RSI 超賣區域 (30),None,0.0,0.5249999999999999,0.3086,,0.3086,0,337,0.006,81.33,81.82,82.31,80.52,2026-09-09,3,False
TDG,Industrials,Aerospace & Defense,RSI,RSI 超賣區域 (30),None,0.0,0.5249999999999999,0.3086,,0.3086,0,337,0.006,1125.6801,1132.43,1139.19,1114.42,2026-09-09,3,False
NDAQ,Financials,Financial Data & Stock Exchanges,RSI,RSI 維持強勢 (50-70),None,0.0,0.51,0.3086,0.3086,0.2842,269,19108,0.0049,96.88,97.35,97.83,95.91,2026-09-04,3,False
BCE,Communication Services,Telecom Services,RSI,RSI 維持強勢 (50-70),None,0.0,0.51,0.3082,,0.3082,0,5205,0.0026,23.33,23.39,23.45,23.1,2026-09-09,3,False
CCZ,Communication Services,Cable & Satellite,RSI,RSI 維持強勢 (50-70),None,0.0,0.51,0.3082,,0.3082,0,5205,0.0026,66.45,66.62,66.8,65.79,2026-09-04,3,False
RCI,Communication Services,Telecom Services,RSI,RSI 維持強勢 (50-70),None,0.0,0.51,0.3082,,0.3082,0,5205,0.0026,36.44,36.53,36.63,36.08,2026-09-09,3,False
SPOT,Communication Services,Internet Content & Information,RSI,RSI 維持強勢 (50-70),None,0.0,0.51,0.3082,,0.3082,0,5205,0.0026,528.64,530.01,531.39,523.35,2026-09-08,3,False
TIGO,Communication Services,Telecom Services,RSI,RSI 維持強勢 (50-70),None,0.0,0.51,0.3082,,0.3082,0,5205,0.0026,95.97,96.22,96.47,95.01,2026-09-08,3,False
WMG,Communication Services,Entertainment,RSI,RSI 維持強勢 (50-70),None,0.0,0.51,0.3082,,0.3082,0,5205,0.0026,28.16,28.23,28.31,27.88,2026-09-09,3,False
KVUE,Consumer Staples,Household & Personal Products,BB,BB 跌破下軌 (超賣),None,0.0,0.45499999999999996,0.3077,0.3077,0.2667,13,705,-0.0028,17.75,17.7,17.65,17.57,2026-09-09,3,False
DVN,Energy,Oil & Gas E&P,BB,價格在 BB 中軌上方,None,0.0,0.425,0.3077,0.3077,0.2998,195,5768,-0.0114,48.98,48.42,47.86,48.49,2026-09-09,3,False
AVY,Consumer Discretionary,Packaging & Containers,RSI,RSI 上穿 50 中性線,None,0.0,0.4675,0.3072,,0.3072,0,1123,0.0037,175.06,175.71,176.36,173.31,2026-09-04,3,False
FLUT,Consumer Discretionary,Gambling,RSI,RSI 上穿 50 中性線,None,0.0,0.4675,0.3072,,0.3072,0,1123,0.0037,100.7,101.07,101.45,99.69,2026-09-08,3,False
NEE,Utilities,Utilities - Regulated Electric,RSI,RSI 加速上升,None,0.0,0.5525,0.3061,0.3061,0.2565,147,4905,0.0038,83.83,84.15,84.47,82.99,2026-09-08,3,False
FOXA,Communication Services,Entertainment,RSI,RSI 維持強勢 (50-70),None,0.0,0.51,0.3052,0.3052,0.3082,249,5205,0.0017,65.23,65.34,65.45,64.58,2026-09-08,3,False
CX,Materials,Building Materials,RSI,RSI 加速上升,None,0.0,0.5525,0.3048,,0.3048,0,3639,0.0024,10.85,10.88,10.9,10.74,2026-09-09,3,False
MT,Materials,Steel,RSI,RSI 加速上升,None,0.0,0.5525,0.3048,,0.3048,0,3639,0.0024,77.05,77.23,77.42,76.28,2026-09-09,3,False
NTR,Materials,Agricultural Inputs,RSI,RSI 加速上升,None,0.0,0.5525,0.3048,,0.3048,0,3639,0.0024,80.68,80.87,81.07,79.87,2026-09-08,3,False
PAAS,Materials,Gold,RSI,RSI 加速上升,None,0.0,0.5525,0.3048,,0.3048,0,3639,0.0024,52.9,53.03,53.15,52.37,2026-09-09,3,False
MO,Consumer Staples,Tobacco,BB,BB 中軌向上（上升趨勢）,None,0.0,0.51,0.3048,0.3048,0.2466,210,6128,0.0013,67.89,67.98,68.07,67.21,2026-09-09,3,False
CMG,Consumer Discretionary,Restaurants,BB,價格在 BB 中軌上方,None,0.0,0.425,0.3047,0.3047,0.2984,256,12430,0.0009,36.96,36.99,37.03,36.59,2026-09-08,3,False
HST,Real Estate,REIT - Hotel & Motel,KDJ,KDJ 金叉,None,0.0,0.5525,0.3043,0.3043,0.2818,23,550,0.004,22.05,22.14,22.23,21.83,2026-09-04,3,False
MDLZ,Consumer Staples,Confectioners,RSI,RSI 上穿 50 中性線,None,0.0,0.4675,0.3043,0.3043,0.2565,23,928,0.004,62.42,62.67,62.92,61.8,2026-09-09,3,False
TROW,Financials,Asset Management,BB,BB 跌破下軌 (超賣),None,0.0,0.45499999999999996,0.3043,0.3043,0.3485,23,1277,-0.0002,107.74,107.72,107.7,106.66,2026-09-09,3,False
LECO,Industrials,Tools & Accessories,RSI,RSI 上穿 50 中性線,None,0.0,0.4675,0.304,,0.304,0,1816,0.0018,276.44,276.94,277.44,273.68,2026-09-04,3,False
PSKY,Communication Services,Entertainment,BB,BB 中軌向上（上升趨勢）,None,0.0,0.51,0.303,0.303,0.2943,165,4771,-0.0014,10.22,10.21,10.19,10.12,2026-09-09,3,False
SLB,Energy,Oil & Gas Equipment & Services,BB,價格在 BB 中軌上方,None,0.0,0.425,0.3028,0.3028,0.2998,218,5768,-0.0018,57.05,56.95,56.84,56.48,2026-09-09,3,False
FMS,Health Care,Medical Care Facilities,KDJ,KDJ 超賣區金叉,None,0.0,0.5599999999999999,0.3027,,0.3027,0,370,0.0035,22.66,22.74,22.82,22.43,2026-09-04,3,False
CBRE,Real Estate,Real Estate Services,RSI,RSI 維持強勢 (50-70),None,0.0,0.51,0.3024,0.3024,0.2509,248,7011,0.0006,147.85,147.94,148.03,146.37,2026-09-04,3,False
CIEN,Information Technology,Communication Equipment,KDJ,KDJ 超賣區金叉,None,0.0,0.5599999999999999,0.3016,,0.3016,0,368,-0.0,338.0,338.0,338.0,334.62,2026-09-09,3,False
MPWR,Information Technology,Semiconductors,KDJ,KDJ 超賣區金叉,None,0.0,0.5599999999999999,0.3016,,0.3016,0,368,-0.0,1223.86,1223.86,1223.86,1211.62,2026-09-04,3,False
AEG,Financials,Insurance - Diversified,RSI,RSI 加速上升,None,0.0,0.5525,0.3014,,0.3014,0,11488,0.0041,9.12,9.16,9.19,9.03,2026-09-08,3,False
BBDO,Financials,Banks - Regional,RSI,RSI 加速上升,None,0.0,0.5525,0.3014,,0.3014,0,11488,0.0041,3.14,3.15,3.17,3.11,2026-09-09,3,False
BCH,Financials,Banks - Regional,RSI,RSI 加速上升,None,0.0,0.5525,0.3014,,0.3014,0,11488,0.0041,42.37,42.54,42.72,41.95,2026-09-08,3,False
BCS,Financials,Banks - Diversified,RSI,RSI 加速上升,None,0.0,0.5525,0.3014,,0.3014,0,11488,0.0041,26.44,26.55,26.66,26.18,2026-09-09,3,False
BPYPM,Financials,Asset Management,RSI,RSI 加速上升,None,0.0,0.5525,0.3014,,0.3014,0,11488,0.0041,17.08,17.15,17.22,16.91,2026-09-08,3,False
BSAC,Financials,Banks - Regional,RSI,RSI 加速上升,None,0.0,0.5525,0.3014,,0.3014,0,11488,0.0041,35.55,35.7,35.84,35.19,2026-09-08,3,False
BSBR,Financials,Banks - Regional,RSI,RSI 加速上升,None,0.0,0.5525,0.3014,,0.3014,0,11488,0.0041,5.95,5.97,6.0,5.89,2026-09-08,3,False
CET,Financials,Asset Management,RSI,RSI 加速上升,None,0.0,0.5525,0.3014,,0.3014,0,11488,0.0041,55.5,55.73,55.96,54.95,2026-09-10,3,False
CM,Financials,Banks - Diversified,RSI,RSI 加速上升,None,0.0,0.5525,0.3014,,0.3014,0,11488,0.0041,114.96,115.43,115.9,113.81,2026-09-09,3,False
CRBG,Financials,Asset Management,RSI,RSI 加速上升,None,0.0,0.5525,0.3014,,0.3014,0,11488,0.0041,33.82,33.96,34.1,33.48,2026-09-09,3,False
CRCL,Financials,Capital Markets,RSI,RSI 加速上升,None,0.0,0.5525,0.3014,,0.3014,0,11488,0.0041,102.05,102.47,102.89,101.03,2026-09-04,3,False
EVR,Financials,Capital Markets,RSI,RSI 加速上升,None,0.0,0.5525,0.3014,,0.3014,0,11488,0.0041,295.67,296.88,298.09,292.71,2026-09-08,3,False
EWBC,Financials,Banks - Regional,RSI,RSI 加速上升,None,0.0,0.5525,0.3014,,0.3014,0,11488,0.0041,128.28,128.81,129.33,127.0,2026-09-09,3,False
HSBC,Financials,Banks - Diversified,RSI,RSI 加速上升,None,0.0,0.5525,0.3014,,0.3014,0,11488,0.0041,106.26,106.7,107.13,105.2,2026-09-08,3,False
HUT,Financials,Capital Markets,RSI,RSI 加速上升,None,0.0,0.5525,0.3014,,0.3014,0,11488,0.0041,95.92,96.31,96.71,94.96,2026-09-09,3,False
ING,Financials,Banks - Diversified,RSI,RSI 加速上升,None,0.0,0.5525,0.3014,,0.3014,0,11488,0.0041,36.65,36.8,36.95,36.28,2026-09-09,3,False
IX,Financials,Financial Conglomerates,RSI,RSI 加速上升,None,0.0,0.5525,0.3014,,0.3014,0,11488,0.0041,39.94,40.1,40.27,39.54,2026-09-04,3,False
LYG,Financials,Banks - Regional,RSI,RSI 加速上升,None,0.0,0.5525,0.3014,,0.3014,0,11488,0.0041,6.0,6.02,6.05,5.94,2026-09-08,3,False
MFC,Financials,Insurance - Life,RSI,RSI 加速上升,None,0.0,0.5525,0.3014,,0.3014,0,11488,0.0041,42.94,43.12,43.29,42.51,2026-09-09,3,False
MFG,Financials,Banks - Regional,RSI,RSI 加速上升,None,0.0,0.5525,0.3014,,0.3014,0,11488,0.0041,11.14,11.19,11.23,11.03,2026-09-08,3,False
MUFG,Financials,Banks - Diversified,RSI,RSI 加速上升,None,0.0,0.5525,0.3014,,0.3014,0,11488,0.0041,24.09,24.19,24.29,23.85,2026-09-04,3,False
NMR,Financials,Capital Markets,RSI,RSI 加速上升,None,0.0,0.5525,0.3014,,0.3014,0,11488,0.0041,10.63,10.67,10.72,10.52,2026-09-08,3,False
NU,Financials,Banks - Regional,RSI,RSI 加速上升,None,0.0,0.5525,0.3014,,0.3014,0,11488,0.0041,15.33,15.39,15.46,15.18,2026-09-08,3,False
NWG,Financials,Banks - Regional,RSI,RSI 加速上升,None,0.0,0.5525,0.3014,,0.3014,0,11488,0.0041,18.67,18.75,18.82,18.48,2026-09-08,3,False
PNFP,Financials,Banks - Regional,RSI,RSI 加速上升,None,0.0,0.5525,0.3014,,0.3014,0,11488,0.0041,99.13,99.54,99.94,98.14,2026-09-09,3,False
RGA,Financials,Insurance - Reinsurance,RSI,RSI 加速上升,None,0.0,0.5525,0.3014,,0.3014,0,11488,0.0041,253.27,254.31,255.35,250.74,2026-09-04,3,False
SLF,Financials,Insurance - Diversified,RSI,RSI 加速上升,None,0.0,0.5525,0.3014,,0.3014,0,11488,0.0041,79.55,79.88,80.2,78.75,2026-09-08,3,False
UMBF,Financials,Banks - Regional,RSI,RSI 加速上升,None,0.0,0.5525,0.3014,,0.3014,0,11488,0.0041,141.22,141.8,142.38,139.81,2026-09-09,3,False
VLYPP,Financials,Banks - Regional,RSI,RSI 加速上升,None,0.0,0.5525,0.3014,,0.3014,0,11488,0.0041,25.25,25.35,25.46,25.0,2026-09-09,3,False
ELS,Real Estate,REIT - Residential,RSI,RSI 超賣區域 (30),None,0.0,0.5249999999999999,0.3012,,0.3012,0,166,0.0043,61.07,61.33,61.6,60.46,2026-09-09,3,False
EXR,Real Estate,REIT - Industrial,RSI,RSI 超賣區域 (30),None,0.0,0.5249999999999999,0.3012,,0.3012,0,166,0.0043,135.63,136.21,136.8,134.27,2026-09-09,3,False
PSA,Real Estate,REIT - Industrial,RSI,RSI 超賣區域 (30),None,0.0,0.5249999999999999,0.3012,,0.3012,0,166,0.0043,294.6,295.87,297.13,291.65,2026-09-09,3,False
TTWO,Communication Services,Electronic Gaming & Multimedia,RSI,RSI 超賣區域 (30),None,0.0,0.5249999999999999,0.3011,,0.3011,0,93,0.0054,211.14,212.28,213.42,209.03,2026-09-09,3,False
APP,Communication Services,Advertising Agencies,BB,價格在 BB 中軌上方,None,0.0,0.425,0.3007,,0.3007,0,6080,0.0027,312.01,312.85,313.69,308.89,2026-09-08,3,False
BIP,Utilities,Utilities - Diversified,KDJ,KDJ 金叉,None,0.0,0.5525,0.3001,,0.3001,0,713,0.0052,37.13,37.32,37.52,36.76,2026-09-04,3,False
CSCO,Information Technology,Communication Equipment,KDJ,KDJ 金叉,None,0.0,0.5525,0.3,0.3,0.3918,30,1955,0.0041,109.43,109.88,110.33,108.34,2026-09-09,3,False
EOG,Energy,Oil & Gas E&P,KDJ,KDJ 金叉,None,0.0,0.5525,0.3,0.3,0.3614,20,498,0.0001,147.01,147.02,147.04,145.54,2026-09-09,3,False
BKR,Energy,Oil & Gas Equipment & Services,RSI,RSI 維持強勢 (50-70),None,0.0,0.51,0.3,0.3,0.2963,250,4891,-0.002,63.64,63.51,63.39,63.0,2026-09-09,3,False
CVX,Energy,Oil & Gas Integrated,RSI,RSI 動能加速（強勢區）,None,0.0,0.51,0.3,0.3,0.3265,40,873,0.0003,213.81,213.87,213.94,211.67,2026-09-09,3,False
INCY,Health Care,Biotechnology,RSI,RSI 動能加速（強勢區）,None,0.0,0.51,0.3,0.3,0.2606,30,1869,0.0016,126.01,126.21,126.41,124.75,2026-09-09,3,False
AM,Energy,Oil & Gas Midstream,BB,價格在 BB 中軌上方,None,0.0,0.425,0.2998,,0.2998,0,5768,-0.0016,22.84,22.8,22.77,22.61,2026-09-09,3,False
AR,Energy,Oil & Gas E&P,BB,價格在 BB 中軌上方,None,0.0,0.425,0.2998,,0.2998,0,5768,-0.0016,39.12,39.06,38.99,38.73,2026-09-09,3,False
PAA,Energy,Oil & Gas Midstream,BB,價格在 BB 中軌上方,None,0.0,0.425,0.2998,,0.2998,0,5768,-0.0016,25.85,25.81,25.77,25.59,2026-09-09,3,False
HMC,Consumer Discretionary,Auto Manufacturers,RSI,RSI 維持強勢 (50-70),None,0.0,0.51,0.2995,,0.2995,0,10441,0.0032,32.67,32.77,32.88,32.34,2026-09-04,3,False
MELI,Consumer Discretionary,Internet Retail,RSI,RSI 維持強勢 (50-70),None,0.0,0.51,0.2995,,0.2995,0,10441,0.0032,1926.25,1932.41,1938.58,1906.99,2026-09-08,3,False
RACE,Consumer Discretionary,Auto Manufacturers,RSI,RSI 維持強勢 (50-70),None,0.0,0.51,0.2995,,0.2995,0,10441,0.0032,409.95,411.26,412.57,405.85,2026-09-04,3,False
STLA,Consumer Discretionary,Auto Manufacturers,RSI,RSI 維持強勢 (50-70),None,0.0,0.51,0.2995,,0.2995,0,10441,0.0032,5.56,5.58,5.6,5.5,2026-09-04,3,False
TM,Consumer Discretionary,Auto Manufacturers,RSI,RSI 維持強勢 (50-70),None,0.0,0.51,0.2995,,0.2995,0,10441,0.0032,197.11,197.74,198.37,195.14,2026-09-04,3,False
DLR,Real Estate,REIT - Specialty,RSI,RSI 維持強勢 (50-70),None,0.0,0.51,0.299,0.299,0.2509,301,7011,0.0013,189.5,189.75,189.99,187.6,2026-09-08,3,False
BE,Industrials,Electrical Equipment & Parts,RSI,RSI 維持強勢 (50-70),None,0.0,0.51,0.2986,,0.2986,0,19157,0.0036,269.28,270.25,271.22,266.59,2026-09-09,3,False
CLH,Industrials,Waste Management,RSI,RSI 維持強勢 (50-70),None,0.0,0.51,0.2986,,0.2986,0,19157,0.0036,315.7,316.84,317.97,312.54,2026-09-09,3,False
CNH,Industrials,Farm & Heavy Construction Machinery,RSI,RSI 維持強勢 (50-70),None,0.0,0.51,0.2986,,0.2986,0,19157,0.0036,13.9,13.95,14.0,13.76,2026-09-09,3,False
EMBJ,Industrials,Aerospace & Defense,RSI,RSI 維持強勢 (50-70),None,0.0,0.51,0.2986,,0.2986,0,19157,0.0036,74.33,74.6,74.87,73.59,2026-09-09,3,False
GFL,Industrials,Waste Management,RSI,RSI 維持強勢 (50-70),None,0.0,0.51,0.2986,,0.2986,0,19157,0.0036,42.0,42.15,42.3,41.58,2026-09-09,3,False
MLI,Industrials,Metal Fabrication,RSI,RSI 維持強勢 (50-70),None,0.0,0.51,0.2986,,0.2986,0,19157,0.0036,63.71,63.94,64.17,63.07,2026-09-09,3,False
RELX,Industrials,Specialty Business Services,RSI,RSI 維持強勢 (50-70),None,0.0,0.51,0.2986,,0.2986,0,19157,0.0036,35.51,35.64,35.77,35.15,2026-09-04,3,False
SPCX,Industrials,Aerospace & Defense,RSI,RSI 維持強勢 (50-70),None,0.0,0.51,0.2986,,0.2986,0,19157,0.0036,147.55,148.08,148.61,146.07,2026-09-09,3,False
TRI,Industrials,Specialty Business Services,RSI,RSI 維持強勢 (50-70),None,0.0,0.51,0.2986,,0.2986,0,19157,0.0036,105.68,106.06,106.44,104.62,2026-09-04,3,False
CRM,Information Technology,Software - Application,BB,價格在 BB 中軌上方,None,0.0,0.425,0.2986,0.2986,0.3573,288,20206,-0.0022,244.16,243.62,243.09,241.72,2026-09-09,3,False
CW,Industrials,Aerospace & Defense,RSI,RSI 維持超賣,None,0.0,0.385,0.2983,,0.2983,0,848,0.0072,565.34,569.41,573.48,559.69,2026-09-09,3,False
DRS,Industrials,Aerospace & Defense,RSI,RSI 維持超賣,None,0.0,0.385,0.2983,,0.2983,0,848,0.0072,36.06,36.32,36.58,35.7,2026-09-09,3,False
DY,Industrials,Engineering & Construction,RSI,RSI 維持超賣,None,0.0,0.385,0.2983,,0.2983,0,848,0.0072,290.49,292.58,294.67,287.59,2026-09-09,3,False
AAON,Industrials,Building Products & Equipment,RSI,RSI 加速上升,None,0.0,0.5525,0.2981,,0.2981,0,11545,0.003,79.4,79.64,79.88,78.61,2026-09-08,3,False
APG,Industrials,Engineering & Construction,RSI,RSI 加速上升,None,0.0,0.5525,0.2981,,0.2981,0,11545,0.003,40.2,40.32,40.44,39.8,2026-09-08,3,False
ARMK,Industrials,Specialty Business Services,RSI,RSI 加速上升,None,0.0,0.5525,0.2981,,0.2981,0,11545,0.003,57.58,57.75,57.93,57.0,2026-09-08,3,False
BWXT,Industrials,Aerospace & Defense,RSI,RSI 加速上升,None,0.0,0.5525,0.2981,,0.2981,0,11545,0.003,160.41,160.89,161.37,158.81,2026-09-08,3,False
CR,Industrials,Specialty Industrial Machinery,RSI,RSI 加速上升,None,0.0,0.5525,0.2981,,0.2981,0,11545,0.003,201.52,202.12,202.73,199.5,2026-09-09,3,False
ESLT,Industrials,Aerospace & Defense,RSI,RSI 加速上升,None,0.0,0.5525,0.2981,,0.2981,0,11545,0.003,708.51,710.64,712.76,701.42,2026-09-08,3,False
FERG,Industrials,Industrial Distribution,RSI,RSI 加速上升,None,0.0,0.5525,0.2981,,0.2981,0,11545,0.003,223.22,223.89,224.56,220.99,2026-09-09,3,False
FTAI,Industrials,Aerospace & Defense,RSI,RSI 加速上升,None,0.0,0.5525,0.2981,,0.2981,0,11545,0.003,196.69,197.28,197.87,194.72,2026-09-08,3,False
ITT,Industrials,Specialty Industrial Machinery,RSI,RSI 加速上升,None,0.0,0.5525,0.2981,,0.2981,0,11545,0.003,198.26,198.85,199.45,196.28,2026-09-09,3,False
RKLB,Industrials,Aerospace & Defense,RSI,RSI 加速上升,None,0.0,0.5525,0.2981,,0.2981,0,11545,0.003,65.87,66.07,66.27,65.21,2026-09-08,3,False
RRX,Industrials,Specialty Industrial Machinery,RSI,RSI 加速上升,None,0.0,0.5525,0.2981,,0.2981,0,11545,0.003,159.61,160.09,160.57,158.01,2026-09-09,3,False
SAIA,Industrials,Trucking,RSI,RSI 加速上升,None,0.0,0.5525,0.2981,,0.2981,0,11545,0.003,346.55,347.59,348.63,343.08,2026-09-09,3,False
TFII,Industrials,Trucking,RSI,RSI 加速上升,None,0.0,0.5525,0.2981,,0.2981,0,11545,0.003,132.0,132.4,132.79,130.68,2026-09-09,3,False
WSO,Industrials,Industrial Distribution,RSI,RSI 加速上升,None,0.0,0.5525,0.2981,,0.2981,0,11545,0.003,316.02,316.97,317.92,312.86,2026-09-08,3,False
AMCR,Consumer Discretionary,Packaging & Containers,BB,BB 跌破下軌 (超賣),None,0.0,0.45499999999999996,0.2974,,0.2974,0,733,0.0008,43.13,43.16,43.2,42.7,2026-09-09,3,False
BALL,Consumer Discretionary,Packaging & Containers,BB,BB 跌破下軌 (超賣),None,0.0,0.45499999999999996,0.2974,,0.2974,0,733,0.0008,60.29,60.34,60.39,59.69,2026-09-09,3,False
IHG,Consumer Discretionary,Lodging,BB,BB 跌破下軌 (超賣),None,0.0,0.45499999999999996,0.2974,,0.2974,0,733,0.0008,154.69,154.81,154.94,153.14,2026-09-08,3,False
IP,Consumer Discretionary,Packaging & Containers,BB,BB 跌破下軌 (超賣),None,0.0,0.45499999999999996,0.2974,,0.2974,0,733,0.0008,34.64,34.67,34.7,34.29,2026-09-09,3,False
PDD,Consumer Discretionary,Internet Retail,BB,BB 跌破下軌 (超賣),None,0.0,0.45499999999999996,0.2974,,0.2974,0,733,0.0008,78.61,78.67,78.74,77.82,2026-09-09,3,False
SCI,Consumer Discretionary,Personal Services,BB,BB 跌破下軌 (超賣),None,0.0,0.45499999999999996,0.2974,,0.2974,0,733,0.0008,79.69,79.75,79.82,78.89,2026-09-09,3,False
SW,Consumer Discretionary,Packaging & Containers,BB,BB 跌破下軌 (超賣),None,0.0,0.45499999999999996,0.2974,,0.2974,0,733,0.0008,42.2,42.23,42.27,41.78,2026-09-09,3,False
TOL,Consumer Discretionary,Residential Construction,BB,BB 跌破下軌 (超賣),None,0.0,0.45499999999999996,0.2974,,0.2974,0,733,0.0008,135.05,135.16,135.27,133.7,2026-09-09,3,False
XPEV,Consumer Discretionary,Auto Manufacturers,BB,BB 跌破下軌 (超賣),None,0.0,0.45499999999999996,0.2974,,0.2974,0,733,0.0008,10.57,10.58,10.59,10.46,2026-09-09,3,False
OVV,Energy,Oil & Gas E&P,RSI,RSI 維持強勢 (50-70),None,0.0,0.51,0.2963,,0.2963,0,4891,-0.0026,64.37,64.2,64.04,63.73,2026-09-09,3,False
JHX,Materials,Building Materials,RSI,RSI 動能加速（強勢區）,None,0.0,0.51,0.2962,,0.2962,0,942,-0.0012,30.39,30.35,30.32,30.09,2026-09-04,3,False
SOLS,Materials,Specialty Chemicals,RSI,RSI 動能加速（強勢區）,None,0.0,0.51,0.2962,,0.2962,0,942,-0.0012,63.73,63.65,63.58,63.09,2026-09-04,3,False
AGNCO,Real Estate,REIT - Mortgage,KDJ,KDJ 金叉,Consolidation Breakout,0.8,1.0,0.2958,,0.2958,0,71,0.0071,25.67,25.85,26.03,25.41,2026-09-10,3,False
ERIE,Financials,Insurance Brokers,BB,BB 跌破下軌 (超賣),None,0.0,0.45499999999999996,0.2941,0.2941,0.3485,34,1277,-0.0012,243.83,243.54,243.24,241.39,2026-09-09,3,False
ES,Utilities,Utilities - Regulated Electric,RSI,RSI 加速上升,None,0.0,0.5525,0.293,0.293,0.2565,157,4905,0.0005,71.49,71.53,71.56,70.78,2026-09-08,3,False
PCG,Utilities,Utilities - Regulated Electric,RSI,RSI 加速上升,None,0.0,0.5525,0.2929,0.2929,0.2565,140,4905,0.0082,14.19,14.31,14.42,14.05,2026-09-09,3,False
RJF,Financials,Asset Management,BB,價格在 BB 中軌上方,None,0.0,0.425,0.2929,0.2929,0.2847,297,21689,0.0054,178.29,179.25,180.22,176.51,2026-09-04,3,False
COP,Energy,Oil & Gas E&P,BB,價格在 BB 中軌上方,None,0.0,0.425,0.2911,0.2911,0.2998,292,5768,-0.0078,136.53,135.47,134.4,135.16,2026-09-09,3,False
ELV,Health Care,Healthcare Plans,RSI,RSI 加速上升,None,0.0,0.5525,0.2908,0.2908,0.2803,141,8492,-0.0014,407.5,406.93,406.36,403.43,2026-09-04,3,False
DKNG,Consumer Discretionary,Gambling,BB,BB 中軌向上（上升趨勢）,None,0.0,0.51,0.2908,,0.2908,0,9757,0.002,23.87,23.92,23.97,23.63,2026-09-08,3,False
HTHT,Consumer Discretionary,Lodging,BB,BB 中軌向上（上升趨勢）,None,0.0,0.51,0.2908,,0.2908,0,9757,0.002,43.98,44.07,44.16,43.54,2026-09-09,3,False
PYPL,Financials,Credit Services,RSI,RSI 加速上升,None,0.0,0.5525,0.2905,0.2905,0.3014,148,11488,-0.0038,52.17,51.97,51.77,51.65,2026-09-09,3,False
CAH,Health Care,Medical Distribution,RSI,RSI 維持強勢 (50-70),None,0.0,0.51,0.2898,0.2898,0.2772,314,12123,0.0079,240.0,241.9,243.79,237.6,2026-09-09,3,False
FOX,Communication Services,Entertainment,RSI,RSI 維持強勢 (50-70),None,0.0,0.51,0.2893,0.2893,0.3082,242,5205,0.0005,58.24,58.27,58.3,57.66,2026-09-08,3,False
BMY,Health Care,Drug Manufacturers - General,RSI,RSI 維持強勢 (50-70),None,0.0,0.51,0.2879,0.2879,0.2772,198,12123,-0.0008,66.82,66.77,66.71,66.15,2026-09-04,3,False
ABBV,Health Care,Drug Manufacturers - General,BB,BB 中軌向上（上升趨勢）,None,0.0,0.51,0.2876,0.2876,0.2705,226,10885,0.006,250.91,252.42,253.92,248.4,2026-09-09,3,False
AJG,Financials,Insurance Brokers,RSI,RSI 維持強勢 (50-70),None,0.0,0.51,0.2872,0.2872,0.2842,282,19108,0.0011,261.99,262.28,262.57,259.37,2026-09-04,3,False
CCI,Real Estate,REIT - Specialty,BB,BB 中軌向上（上升趨勢）,None,0.0,0.51,0.2868,0.2868,0.2647,129,5713,0.0045,75.18,75.52,75.86,74.43,2026-09-09,3,False
WDAY,Information Technology,Software - Application,RSI,RSI 維持強勢 (50-70),None,0.0,0.51,0.2868,0.2868,0.3645,136,16764,-0.0047,195.79,194.87,193.95,193.83,2026-09-04,3,False
AEM,Materials,Gold,RSI,RSI 維持強勢 (50-70),None,0.0,0.51,0.286,,0.286,0,5721,0.0013,202.57,202.83,203.1,200.54,2026-09-09,3,False
AU,Materials,Gold,RSI,RSI 維持強勢 (50-70),None,0.0,0.51,0.286,,0.286,0,5721,0.0013,108.53,108.67,108.81,107.44,2026-09-09,3,False
B,Materials,Gold,RSI,RSI 維持強勢 (50-70),None,0.0,0.51,0.286,,0.286,0,5721,0.0013,44.59,44.65,44.71,44.14,2026-09-09,3,False
CDE,Materials,Gold,RSI,RSI 維持強勢 (50-70),None,0.0,0.51,0.286,,0.286,0,5721,0.0013,21.0,21.03,21.05,20.79,2026-09-09,3,False
KGC,Materials,Gold,RSI,RSI 維持強勢 (50-70),None,0.0,0.51,0.286,,0.286,0,5721,0.0013,30.23,30.27,30.31,29.93,2026-09-09,3,False
PKX,Materials,Steel,RSI,RSI 維持強勢 (50-70),None,0.0,0.51,0.286,,0.286,0,5721,0.0013,62.47,62.55,62.63,61.85,2026-09-09,3,False
RIO,Materials,Other Industrial Metals & Mining,RSI,RSI 維持強勢 (50-70),None,0.0,0.51,0.286,,0.286,0,5721,0.0013,103.74,103.87,104.01,102.7,2026-09-09,3,False
CME,Financials,Financial Data & Stock Exchanges,BB,BB 中軌向上（上升趨勢）,None,0.0,0.51,0.2857,0.2857,0.2681,224,16575,0.0013,274.7,275.06,275.41,271.95,2026-09-09,3,False
CSGP,Real Estate,Real Estate Services,BB,BB 跌破下軌 (超賣),None,0.0,0.45499999999999996,0.2857,0.2857,0.25,21,564,-0.0036,29.58,29.47,29.37,29.28,2026-09-09,3,False
TRMB,Information Technology,Scientific & Technical Instruments,BB,價格在 BB 中軌上方,None,0.0,0.425,0.2857,0.2857,0.3573,245,20206,0.0018,59.47,59.58,59.68,58.88,2026-09-04,3,False
SQM,Materials,Specialty Chemicals,BB,BB 中軌向上（上升趨勢）,None,0.0,0.51,0.2853,,0.2853,0,5036,0.0007,75.46,75.51,75.57,74.71,2026-09-09,3,False
BBIO,Health Care,Biotechnology,KDJ,KDJ 金叉,None,0.0,0.5525,0.2852,,0.2852,0,1536,0.0022,76.08,76.25,76.41,75.32,2026-09-09,3,False
CYTK,Health Care,Biotechnology,KDJ,KDJ 金叉,None,0.0,0.5525,0.2852,,0.2852,0,1536,0.0022,75.35,75.52,75.68,74.6,2026-09-08,3,False
MDGL,Health Care,Biotechnology,KDJ,KDJ 金叉,None,0.0,0.5525,0.2852,,0.2852,0,1536,0.0022,546.66,547.86,549.07,541.19,2026-09-09,3,False
PEN,Health Care,Medical Devices,KDJ,KDJ 金叉,None,0.0,0.5525,0.2852,,0.2852,0,1536,0.0022,322.17,322.88,323.59,318.95,2026-09-04,3,False
SNN,Health Care,Medical Devices,KDJ,KDJ 金叉,None,0.0,0.5525,0.2852,,0.2852,0,1536,0.0022,28.87,28.93,29.0,28.58,2026-09-04,3,False
TEVA,Health Care,Drug Manufacturers - Specialty & Generic,KDJ,KDJ 金叉,None,0.0,0.5525,0.2852,,0.2852,0,1536,0.0022,36.85,36.93,37.01,36.48,2026-09-09,3,False
UTHR,Health Care,Drug Manufacturers - Specialty & Generic,KDJ,KDJ 金叉,None,0.0,0.5525,0.2852,,0.2852,0,1536,0.0022,506.82,507.94,509.05,501.75,2026-09-09,3,False
ARCC,Financials,Asset Management,BB,價格在 BB 中軌上方,None,0.0,0.425,0.2847,,0.2847,0,21689,0.0031,20.04,20.1,20.16,19.84,2026-09-04,3,False
BBVA,Financials,Banks - Diversified,BB,價格在 BB 中軌上方,None,0.0,0.425,0.2847,,0.2847,0,21689,0.0031,29.08,29.17,29.26,28.79,2026-09-09,3,False
BNY,Financials,Banks - Diversified,BB,價格在 BB 中軌上方,None,0.0,0.425,0.2847,,0.2847,0,21689,0.0031,162.51,163.01,163.52,160.88,2026-09-09,3,False
DB,Financials,Banks - Regional,BB,價格在 BB 中軌上方,None,0.0,0.425,0.2847,,0.2847,0,21689,0.0031,40.66,40.79,40.91,40.25,2026-09-09,3,False
FCNCA,Financials,Banks - Regional,BB,價格在 BB 中軌上方,None,0.0,0.425,0.2847,,0.2847,0,21689,0.0031,2208.49,2215.34,2222.18,2186.41,2026-09-04,3,False
FUTU,Financials,Capital Markets,BB,價格在 BB 中軌上方,None,0.0,0.425,0.2847,,0.2847,0,21689,0.0031,116.74,117.1,117.46,115.57,2026-09-09,3,False
HBANM,Financials,Banks - Regional,BB,價格在 BB 中軌上方,None,0.0,0.425,0.2847,,0.2847,0,21689,0.0031,20.6,20.66,20.73,20.39,2026-09-09,3,False
KB,Financials,Banks - Regional,BB,價格在 BB 中軌上方,None,0.0,0.425,0.2847,,0.2847,0,21689,0.0031,126.68,127.07,127.47,125.41,2026-09-09,3,False
MKL,Financials,Insurance - Property & Casualty,BB,價格在 BB 中軌上方,None,0.0,0.425,0.2847,,0.2847,0,21689,0.0031,1826.72,1832.38,1838.05,1808.45,2026-09-04,3,False
RNR,Financials,Insurance - Reinsurance,BB,價格在 BB 中軌上方,None,0.0,0.425,0.2847,,0.2847,0,21689,0.0031,330.38,331.4,332.43,327.08,2026-09-04,3,False
SAN,Financials,Banks - Diversified,BB,價格在 BB 中軌上方,None,0.0,0.425,0.2847,,0.2847,0,21689,0.0031,14.68,14.73,14.77,14.53,2026-09-09,3,False
SEIC,Financials,Asset Management,BB,價格在 BB 中軌上方,None,0.0,0.425,0.2847,,0.2847,0,21689,0.0031,110.39,110.73,111.07,109.29,2026-09-04,3,False
SHG,Financials,Banks - Regional,BB,價格在 BB 中軌上方,None,0.0,0.425,0.2847,,0.2847,0,21689,0.0031,81.71,81.96,82.22,80.89,2026-09-09,3,False
SPY,Financials,Asset Management,BB,價格在 BB 中軌上方,None,0.0,0.425,0.2847,,0.2847,0,21689,0.0031,770.19,772.58,774.97,762.49,2026-09-04,3,False
TD,Financials,Banks - Diversified,BB,價格在 BB 中軌上方,None,0.0,0.425,0.2847,,0.2847,0,21689,0.0031,121.63,122.01,122.38,120.41,2026-09-04,3,False
TW,Financials,Capital Markets,BB,價格在 BB 中軌上方,None,0.0,0.425,0.2847,,0.2847,0,21689,0.0031,106.2,106.53,106.86,105.14,2026-09-04,3,False
UBS,Financials,Banks - Diversified,BB,價格在 BB 中軌上方,None,0.0,0.425,0.2847,,0.2847,0,21689,0.0031,54.84,55.01,55.18,54.29,2026-09-09,3,False
UNM,Financials,Insurance - Life,BB,價格在 BB 中軌上方,None,0.0,0.425,0.2847,,0.2847,0,21689,0.0031,93.07,93.36,93.65,92.14,2026-09-09,3,False
ZION,Financials,Banks - Regional,BB,價格在 BB 中軌上方,None,0.0,0.425,0.2847,,0.2847,0,21689,0.0031,69.37,69.59,69.8,68.68,2026-09-04,3,False
LPLA,Financials,Capital Markets,RSI,RSI 維持強勢 (50-70),None,0.0,0.51,0.2842,,0.2842,0,19108,0.003,359.33,360.41,361.49,355.74,2026-09-04,3,False
RKT,Financials,Mortgage Finance,RSI,RSI 維持強勢 (50-70),None,0.0,0.51,0.2842,,0.2842,0,19108,0.003,14.06,14.1,14.14,13.92,2026-09-04,3,False
SOFI,Financials,Credit Services,RSI,RSI 維持強勢 (50-70),None,0.0,0.51,0.2842,,0.2842,0,19108,0.003,18.22,18.27,18.33,18.04,2026-09-04,3,False
WTFC,Financials,Banks - Regional,RSI,RSI 維持強勢 (50-70),None,0.0,0.51,0.2842,,0.2842,0,19108,0.003,154.12,154.58,155.04,152.58,2026-09-04,3,False
AER,Industrials,Rental & Leasing Services,BB,BB 跌破下軌 (超賣),None,0.0,0.45499999999999996,0.2838,,0.2838,0,1258,0.0043,141.0,141.61,142.21,139.59,2026-09-09,3,False
WCN,Industrials,Waste Management,BB,BB 跌破下軌 (超賣),None,0.0,0.45499999999999996,0.2838,,0.2838,0,1258,0.0043,161.25,161.94,162.64,159.64,2026-09-09,3,False
IFF,Materials,Specialty Chemicals,RSI,RSI 維持強勢 (50-70),None,0.0,0.51,0.2828,0.2828,0.286,244,5721,-0.0019,85.62,85.46,85.29,84.76,2026-09-08,3,False
PHG,Health Care,Medical Devices,RSI,RSI 超賣區域 (30),None,0.0,0.5249999999999999,0.2827,,0.2827,0,336,-0.0013,25.02,24.99,24.95,24.77,2026-09-09,3,False
PSX,Energy,Oil & Gas Refining & Marketing,RSI,RSI 加速上升,None,0.0,0.5525,0.2821,0.2821,0.3227,156,3306,0.0032,259.14,259.97,260.8,256.55,2026-09-08,3,False
MSI,Information Technology,Communication Equipment,BB,BB 中軌向上（上升趨勢）,None,0.0,0.51,0.2821,0.2821,0.3639,234,16781,0.0045,462.98,465.06,467.15,458.35,2026-09-08,3,False
AGNCL,Real Estate,REIT - Mortgage,KDJ,KDJ 金叉,None,0.0,0.5525,0.2818,,0.2818,0,550,0.0003,25.45,25.46,25.47,25.2,2026-09-04,3,False
EGP,Real Estate,REIT - Industrial,KDJ,KDJ 金叉,None,0.0,0.5525,0.2818,,0.2818,0,550,0.0003,198.62,198.68,198.74,196.63,2026-09-04,3,False
NLY,Real Estate,REIT - Mortgage,KDJ,KDJ 金叉,None,0.0,0.5525,0.2818,,0.2818,0,550,0.0003,22.81,22.82,22.82,22.58,2026-09-04,3,False
WPC,Real Estate,REIT - Diversified,KDJ,KDJ 金叉,None,0.0,0.5525,0.2818,,0.2818,0,550,0.0003,70.38,70.4,70.42,69.68,2026-09-04,3,False
STZ,Consumer Staples,Beverages - Brewers,BB,BB 跌破下軌 (超賣),None,0.0,0.45499999999999996,0.2812,0.2812,0.2667,32,705,0.0038,121.55,122.01,122.47,120.33,2026-09-09,3,False
ALNY,Health Care,Biotechnology,BB,價格在 BB 中軌上方,None,0.0,0.425,0.2804,,0.2804,0,14417,0.0008,258.0,258.21,258.41,255.42,2026-09-09,3,False
ARGX,Health Care,Biotechnology,BB,價格在 BB 中軌上方,None,0.0,0.425,0.2804,,0.2804,0,14417,0.0008,1007.07,1007.88,1008.68,997.0,2026-09-08,3,False
ASND,Health Care,Biotechnology,BB,價格在 BB 中軌上方,None,0.0,0.425,0.2804,,0.2804,0,14417,0.0008,260.81,261.02,261.23,258.2,2026-09-09,3,False
AXSM,Health Care,Biotechnology,BB,價格在 BB 中軌上方,None,0.0,0.425,0.2804,,0.2804,0,14417,0.0008,210.63,210.8,210.97,208.52,2026-09-09,3,False
AZN,Health Care,Drug Manufacturers - General,BB,價格在 BB 中軌上方,None,0.0,0.425,0.2804,,0.2804,0,14417,0.0008,162.7,162.83,162.96,161.07,2026-09-04,3,False
BNTX,Health Care,Biotechnology,BB,價格在 BB 中軌上方,None,0.0,0.425,0.2804,,0.2804,0,14417,0.0008,103.76,103.84,103.93,102.72,2026-09-04,3,False
BRKRP,Health Care,Medical Devices,BB,價格在 BB 中軌上方,None,0.0,0.425,0.2804,,0.2804,0,14417,0.0008,431.41,431.76,432.1,427.1,2026-09-08,3,False
ELAN,Health Care,Drug Manufacturers - Specialty & Generic,BB,價格在 BB 中軌上方,None,0.0,0.425,0.2804,,0.2804,0,14417,0.0008,23.97,23.99,24.01,23.73,2026-09-08,3,False
EXEL,Health Care,Biotechnology,BB,價格在 BB 中軌上方,None,0.0,0.425,0.2804,,0.2804,0,14417,0.0008,58.33,58.38,58.42,57.75,2026-09-09,3,False
GMAB,Health Care,Biotechnology,BB,價格在 BB 中軌上方,None,0.0,0.425,0.2804,,0.2804,0,14417,0.0008,33.53,33.56,33.58,33.19,2026-09-08,3,False
ILMN,Health Care,Diagnostics & Research,BB,價格在 BB 中軌上方,None,0.0,0.425,0.2804,,0.2804,0,14417,0.0008,211.06,211.23,211.4,208.95,2026-09-08,3,False
KRYS,Health Care,Biotechnology,BB,價格在 BB 中軌上方,None,0.0,0.425,0.2804,,0.2804,0,14417,0.0008,351.26,351.54,351.82,347.75,2026-09-08,3,False
MDLN,Health Care,Medical Instruments & Supplies,BB,價格在 BB 中軌上方,None,0.0,0.425,0.2804,,0.2804,0,14417,0.0008,36.59,36.62,36.65,36.22,2026-09-04,3,False
NBIX,Health Care,Drug Manufacturers - Specialty & Generic,BB,價格在 BB 中軌上方,None,0.0,0.425,0.2804,,0.2804,0,14417,0.0008,155.14,155.26,155.39,153.59,2026-09-09,3,False
NTRA,Health Care,Diagnostics & Research,BB,價格在 BB 中軌上方,None,0.0,0.425,0.2804,,0.2804,0,14417,0.0008,330.31,330.57,330.84,327.01,2026-09-09,3,False
NVO,Health Care,Drug Manufacturers - General,BB,價格在 BB 中軌上方,None,0.0,0.425,0.2804,,0.2804,0,14417,0.0008,46.6,46.64,46.67,46.13,2026-09-04,3,False
RVMD,Health Care,Biotechnology,BB,價格在 BB 中軌上方,None,0.0,0.425,0.2804,,0.2804,0,14417,0.0008,210.02,210.19,210.36,207.92,2026-09-04,3,False
SMMT,Health Care,Biotechnology,BB,價格在 BB 中軌上方,None,0.0,0.425,0.2804,,0.2804,0,14417,0.0008,17.54,17.55,17.57,17.36,2026-09-09,3,False
TEM,Health Care,Health Information Services,BB,價格在 BB 中軌上方,None,0.0,0.425,0.2804,,0.2804,0,14417,0.0008,64.29,64.34,64.39,63.65,2026-09-08,3,False
BMRN,Health Care,Biotechnology,RSI,RSI 加速上升,None,0.0,0.5525,0.2803,,0.2803,0,8492,-0.0001,66.53,66.52,66.52,65.86,2026-09-04,3,False
CHD,Consumer Staples,Household & Personal Products,BB,BB 跌破下軌 (超賣),None,0.0,0.45499999999999996,0.28,0.28,0.2667,25,705,0.0093,95.19,96.08,96.96,94.24,2026-09-09,3,False
AS,Consumer Discretionary,Leisure,KDJ,KDJ 超賣區金叉,Bullish Engulfing,0.75,1.0,0.2778,,0.2778,0,18,0.0072,29.53,29.74,29.96,29.23,2026-09-04,3,False
ARWR,Health Care,Biotechnology,RSI,RSI 維持強勢 (50-70),None,0.0,0.51,0.2772,,0.2772,0,12123,0.0009,86.34,86.42,86.5,85.48,2026-09-04,3,False
CRSP,Health Care,Biotechnology,RSI,RSI 維持強勢 (50-70),None,0.0,0.51,0.2772,,0.2772,0,12123,0.0009,55.79,55.84,55.89,55.23,2026-09-04,3,False
MEDP,Health Care,Diagnostics & Research,RSI,RSI 維持強勢 (50-70),None,0.0,0.51,0.2772,,0.2772,0,12123,0.0009,590.89,591.42,591.95,584.98,2026-09-08,3,False
SCHW,Financials,Capital Markets,RSI,RSI 維持強勢 (50-70),None,0.0,0.51,0.2757,0.2757,0.2842,272,19108,0.0013,109.29,109.43,109.57,108.2,2026-09-04,3,False
ALC,Health Care,Medical Instruments & Supplies,BB,BB 跌破下軌 (超賣),None,0.0,0.45499999999999996,0.2752,,0.2752,0,974,-0.0017,68.43,68.31,68.2,67.75,2026-09-09,3,False
GSK,Health Care,Drug Manufacturers - General,BB,BB 跌破下軌 (超賣),None,0.0,0.45499999999999996,0.2752,,0.2752,0,974,-0.0017,48.54,48.46,48.37,48.05,2026-09-08,3,False
RDY,Health Care,Drug Manufacturers - Specialty & Generic,BB,BB 跌破下軌 (超賣),None,0.0,0.45499999999999996,0.2752,,0.2752,0,974,-0.0017,11.88,11.86,11.84,11.76,2026-09-08,3,False
MET,Financials,Insurance - Life,MACD,MACD 金叉 (多頭區),None,0.0,0.68,0.2747,,0.2747,0,517,0.0018,97.62,97.8,97.97,96.64,2026-09-04,3,False
NWSA,Communication Services,Entertainment,RSI,RSI 維持強勢 (50-70),None,0.0,0.51,0.2742,0.2742,0.3082,248,5205,0.0028,29.72,29.8,29.89,29.42,2026-09-08,3,False
COR,Health Care,Medical Distribution,BB,價格在 BB 中軌上方,None,0.0,0.425,0.2738,0.2738,0.2804,347,14417,0.0038,323.32,324.55,325.78,320.09,2026-09-09,3,False
TMUS,Communication Services,Telecom Services,BB,價格在 BB 中軌上方,None,0.0,0.425,0.2706,0.2706,0.3007,255,6080,0.0038,181.69,182.38,183.07,179.87,2026-09-08,3,False
IONS,Health Care,Biotechnology,BB,BB 中軌向上（上升趨勢）,None,0.0,0.51,0.2705,,0.2705,0,10885,0.0002,56.02,56.03,56.04,55.46,2026-09-09,3,False
MOH,Health Care,Healthcare Plans,BB,BB 中軌向上（上升趨勢）,None,0.0,0.51,0.2705,,0.2705,0,10885,0.0002,196.3,196.34,196.38,194.34,2026-09-08,3,False
SNY,Health Care,Drug Manufacturers - General,BB,BB 中軌向上（上升趨勢）,None,0.0,0.51,0.2705,,0.2705,0,10885,0.0002,43.16,43.17,43.18,42.73,2026-09-08,3,False
AMZN,Consumer Discretionary,Internet Retail,RSI,RSI 維持強勢 (50-70),None,0.0,0.51,0.2692,0.2692,0.2995,260,10441,0.0013,258.51,258.85,259.18,255.92,2026-09-04,3,False
CI,Health Care,Healthcare Plans,RSI,RSI 維持強勢 (50-70),None,0.0,0.51,0.269,0.269,0.2772,171,12123,0.0004,280.96,281.07,281.18,278.15,2026-09-04,3,False
BRO,Financials,Insurance Brokers,RSI,RSI 維持強勢 (50-70),None,0.0,0.51,0.2686,0.2686,0.2842,242,19108,0.0031,71.42,71.64,71.86,70.71,2026-09-04,3,False
RMD,Health Care,Medical Instruments & Supplies,RSI,RSI 維持強勢 (50-70),None,0.0,0.51,0.268,0.268,0.2772,194,12123,-0.0031,228.35,227.64,226.93,226.07,2026-09-04,3,False
EIX,Utilities,Utilities - Regulated Electric,RSI,RSI 加速上升,None,0.0,0.5525,0.2675,0.2675,0.2565,157,4905,0.0011,59.33,59.4,59.46,58.74,2026-09-08,3,False
OKE,Energy,Oil & Gas Midstream,KDJ,KDJ 金叉,None,0.0,0.5525,0.2667,0.2667,0.3614,15,498,0.0066,97.51,98.15,98.8,96.53,2026-09-08,3,False
BX,Financials,Asset Management,BB,BB 跌破下軌 (超賣),None,0.0,0.45499999999999996,0.2667,0.2667,0.3485,15,1277,-0.0017,129.07,128.85,128.63,127.78,2026-09-09,3,False
CCEP,Consumer Staples,Beverages - Non-Alcoholic,BB,BB 跌破下軌 (超賣),None,0.0,0.45499999999999996,0.2667,,0.2667,0,705,0.0039,103.82,104.22,104.63,102.78,2026-09-09,3,False
DEO,Consumer Staples,Beverages - Wineries & Distilleries,BB,BB 跌破下軌 (超賣),None,0.0,0.45499999999999996,0.2667,,0.2667,0,705,0.0039,87.14,87.48,87.82,86.27,2026-09-08,3,False
JBS,Consumer Staples,Packaged Foods,BB,BB 跌破下軌 (超賣),None,0.0,0.45499999999999996,0.2667,,0.2667,0,705,0.0039,12.58,12.63,12.68,12.45,2026-09-09,3,False
O,Real Estate,REIT - Retail,BB,BB 跌破下軌 (超賣),None,0.0,0.45499999999999996,0.2667,0.2667,0.25,15,564,-0.0041,60.11,59.86,59.62,59.51,2026-09-09,3,False
MDT,Health Care,Medical Devices,RSI,RSI 加速上升,None,0.0,0.5525,0.2653,0.2653,0.2803,147,8492,0.0022,94.17,94.38,94.58,93.23,2026-09-04,3,False
DTE,Utilities,Utilities - Regulated Electric,RSI,RSI 加速上升,None,0.0,0.5525,0.2652,0.2652,0.2565,132,4905,0.0054,137.26,138.0,138.74,135.89,2026-09-08,3,False
KDP,Consumer Staples,Beverages - Non-Alcoholic,RSI,RSI 維持強勢 (50-70),None,0.0,0.51,0.265,0.265,0.2452,234,7574,-0.0003,32.08,32.07,32.06,31.76,2026-09-09,3,False
BEKE,Real Estate,Real Estate Services,BB,BB 中軌向上（上升趨勢）,None,0.0,0.51,0.2647,,0.2647,0,5713,0.0025,16.87,16.91,16.95,16.7,2026-09-09,3,False
J,Industrials,Engineering & Construction,RSI,RSI 維持強勢 (50-70),None,0.0,0.51,0.2647,0.2647,0.2986,238,19157,0.0003,146.23,146.27,146.32,144.77,2026-09-04,3,False
SJM,Consumer Staples,Packaged Foods,BB,BB 中軌向上（上升趨勢）,None,0.0,0.51,0.2645,0.2645,0.2466,121,6128,0.006,123.31,124.05,124.79,122.08,2026-09-09,3,False
AMGN,Health Care,Drug Manufacturers - General,RSI,RSI 維持強勢 (50-70),None,0.0,0.51,0.2639,0.2639,0.2772,216,12123,0.0032,437.23,438.63,440.03,432.86,2026-09-04,3,False
EXC,Utilities,Utilities - Regulated Electric,RSI,RSI 加速上升,None,0.0,0.5525,0.2632,0.2632,0.2565,133,4905,0.0045,43.7,43.9,44.09,43.26,2026-09-09,3,False
DCI,Industrials,Specialty Industrial Machinery,KDJ,KDJ 超賣區金叉,Morning Star,0.8,1.0,0.2619,,0.2619,0,42,0.0019,91.03,91.2,91.38,90.12,2026-09-04,3,False
HON,Industrials,Conglomerates,KDJ,KDJ 超賣區金叉,Morning Star,0.8,1.0,0.2619,,0.2619,0,42,0.0019,209.61,210.01,210.41,207.51,2026-09-04,3,False
PNR,Industrials,Specialty Industrial Machinery,KDJ,KDJ 超賣區金叉,Morning Star,0.8,1.0,0.2619,,0.2619,0,42,0.0019,60.21,60.32,60.44,59.61,2026-09-04,3,False
VRTX,Health Care,Biotechnology,RSI,RSI 維持強勢 (50-70),None,0.0,0.51,0.2611,0.2611,0.2772,226,12123,-0.0021,546.12,544.97,543.83,540.66,2026-09-04,3,False
TSCO,Consumer Discretionary,Specialty Retail,BB,BB 中軌向上（上升趨勢）,None,0.0,0.51,0.2606,0.2606,0.2908,142,9757,-0.0032,35.29,35.18,35.06,34.94,2026-09-08,3,False
OC,Industrials,Building Products & Equipment,KDJ,KDJ 超賣區金叉,Bullish Engulfing,0.75,1.0,0.2593,,0.2593,0,27,0.0088,138.72,139.94,141.16,137.33,2026-09-04,3,True
ICE,Financials,Financial Data & Stock Exchanges,RSI,RSI 維持強勢 (50-70),None,0.0,0.51,0.258,0.258,0.2842,283,19108,0.005,156.5,157.28,158.06,154.94,2026-09-09,3,False
PRU,Financials,Insurance - Life,RSI,RSI 加速上升,None,0.0,0.5525,0.2579,0.2579,0.3014,159,11488,-0.0002,119.38,119.36,119.33,118.19,2026-09-08,3,False
V,Financials,Credit Services,BB,BB 中軌向上（上升趨勢）,None,0.0,0.51,0.2571,0.2571,0.2681,210,16575,0.0013,367.39,367.87,368.35,363.72,2026-09-09,3,False
SRE,Utilities,Utilities - Diversified,RSI,RSI 加速上升,None,0.0,0.5525,0.2569,0.2569,0.2565,144,4905,-0.0054,85.47,85.01,84.55,84.62,2026-09-08,3,False
WMT,Consumer Staples,Discount Stores,RSI,RSI 加速上升,None,0.0,0.5525,0.2569,0.2569,0.2439,144,5343,0.0042,107.14,107.59,108.04,106.07,2026-09-04,3,False
BEP,Utilities,Utilities - Renewable,RSI,RSI 加速上升,None,0.0,0.5525,0.2565,,0.2565,0,4905,0.0041,32.13,32.26,32.39,31.81,2026-09-08,3,False
BEPC,Utilities,Utilities - Renewable,RSI,RSI 加速上升,None,0.0,0.5525,0.2565,,0.2565,0,4905,0.0041,32.56,32.69,32.83,32.23,2026-09-08,3,False
FTS,Utilities,Utilities - Regulated Electric,RSI,RSI 加速上升,None,0.0,0.5525,0.2565,,0.2565,0,4905,0.0041,55.57,55.8,56.03,55.01,2026-09-08,3,False
KEP,Utilities,Utilities - Regulated Electric,RSI,RSI 加速上升,None,0.0,0.5525,0.2565,,0.2565,0,4905,0.0041,12.21,12.26,12.31,12.09,2026-09-09,3,False
OGE,Utilities,Utilities - Regulated Electric,RSI,RSI 加速上升,None,0.0,0.5525,0.2565,,0.2565,0,4905,0.0041,46.92,47.11,47.3,46.45,2026-09-09,3,False
PPLC,Utilities,Utilities - Regulated Electric,RSI,RSI 加速上升,None,0.0,0.5525,0.2565,,0.2565,0,4905,0.0041,46.23,46.42,46.61,45.77,2026-09-09,3,False
SBS,Utilities,Utilities - Regulated Water,RSI,RSI 加速上升,None,0.0,0.5525,0.2565,,0.2565,0,4905,0.0041,5.18,5.2,5.22,5.13,2026-09-09,3,False
SOMN,Utilities,Utilities - Regulated Electric,RSI,RSI 加速上升,None,0.0,0.5525,0.2565,,0.2565,0,4905,0.0041,47.78,47.98,48.17,47.3,2026-09-09,3,False
TLN,Utilities,Utilities - Independent Power Producers,RSI,RSI 加速上升,None,0.0,0.5525,0.2565,,0.2565,0,4905,0.0041,319.67,320.98,322.29,316.47,2026-09-09,3,False
MSFT,Information Technology,Software - Infrastructure,RSI,RSI 維持強勢 (50-70),None,0.0,0.51,0.2561,0.2561,0.3645,246,16764,0.0015,491.65,492.39,493.12,486.73,2026-09-09,3,False
DGX,Health Care,Diagnostics & Research,RSI,RSI 維持強勢 (50-70),None,0.0,0.51,0.2551,0.2551,0.2772,243,12123,0.0038,237.14,238.04,238.94,234.77,2026-09-04,3,False
CTSH,Information Technology,Information Technology Services,BB,價格在 BB 中軌上方,None,0.0,0.425,0.2536,0.2536,0.3573,209,20206,0.0011,62.31,62.38,62.45,61.69,2026-09-04,3,False
PFGC,Consumer Staples,Food Distribution,RSI,RSI 超賣區域 (30),None,0.0,0.5249999999999999,0.251,,0.251,0,239,-0.0007,98.63,98.56,98.49,97.64,2026-09-04,3,False
AGNCN,Real Estate,REIT - Mortgage,RSI,RSI 維持強勢 (50-70),None,0.0,0.51,0.2509,,0.2509,0,7011,0.0007,25.84,25.86,25.88,25.58,2026-09-09,3,False
BPYPO,Real Estate,Real Estate Services,RSI,RSI 維持強勢 (50-70),None,0.0,0.51,0.2509,,0.2509,0,7011,0.0007,15.15,15.16,15.17,15.0,2026-09-09,3,False
BJ,Consumer Staples,Discount Stores,KDJ,KDJ 金叉,None,0.0,0.5525,0.2503,,0.2503,0,779,-0.0014,93.19,93.06,92.93,92.26,2026-09-04,3,False
EFX,Industrials,Consulting Services,BB,BB 中軌向上（上升趨勢）,None,0.0,0.51,0.25,0.25,0.3333,8,936,-0.0164,177.05,174.15,171.24,175.28,2026-09-04,3,True
MA,Financials,Credit Services,RSI,RSI 維持強勢 (50-70),None,0.0,0.51,0.25,0.25,0.2842,288,19108,0.0014,579.21,580.02,580.83,573.42,2026-09-04,3,False
AMH,Real Estate,REIT - Residential,BB,BB 跌破下軌 (超賣),None,0.0,0.45499999999999996,0.25,,0.25,0,564,-0.0003,32.3,32.29,32.28,31.98,2026-09-08,3,False
SBUX,Consumer Discretionary,Restaurants,BB,BB 跌破下軌 (超賣),None,0.0,0.45499999999999996,0.25,0.25,0.2974,28,733,-0.0093,100.04,99.11,98.18,99.04,2026-09-09,3,False
SUI,Real Estate,REIT - Residential,BB,BB 跌破下軌 (超賣),None,0.0,0.45499999999999996,0.25,,0.25,0,564,-0.0003,116.04,116.01,115.97,114.88,2026-09-09,3,False
ENLT,Utilities,Utilities - Renewable,MACD,MACD 金叉 (空頭區),None,0.0,0.42,0.2494,,0.2494,0,409,0.0045,77.51,77.86,78.21,76.73,2026-09-08,3,False
EG,Financials,Insurance - Reinsurance,BB,價格在 BB 中軌上方,None,0.0,0.425,0.249,0.249,0.2847,241,21689,-0.0034,378.8103,377.52,376.23,375.02,2026-09-04,3,False
OHI,Real Estate,REIT - Healthcare Facilities,BB,價格在 BB 中軌上方,None,0.0,0.425,0.248,,0.248,0,8032,0.0005,47.03,47.05,47.08,46.56,2026-09-08,3,False
NWS,Communication Services,Entertainment,RSI,RSI 維持強勢 (50-70),None,0.0,0.51,0.2471,0.2471,0.3082,259,5205,0.0029,33.7983,33.9,33.99,33.46,2026-09-04,3,False
EDU,Consumer Staples,Education & Training Services,BB,BB 中軌向上（上升趨勢）,None,0.0,0.51,0.2466,,0.2466,0,6128,-0.0003,55.49,55.47,55.46,54.94,2026-09-09,3,False
MICC,Consumer Staples,Packaged Foods,BB,BB 中軌向上（上升趨勢）,None,0.0,0.51,0.2466,,0.2466,0,6128,-0.0003,19.33,19.32,19.32,19.14,2026-09-08,3,False
DRI,Consumer Discretionary,Restaurants,BB,BB 中軌向上（上升趨勢）,None,0.0,0.51,0.2459,0.2459,0.2908,183,9757,-0.0023,212.92,212.43,211.94,210.79,2026-09-08,3,False
ABEV,Consumer Staples,Beverages - Brewers,RSI,RSI 維持強勢 (50-70),None,0.0,0.51,0.2452,,0.2452,0,7574,-0.0002,3.01,3.01,3.01,2.98,2026-09-09,3,False
UL,Consumer Staples,Household & Personal Products,RSI,RSI 維持強勢 (50-70),None,0.0,0.51,0.2452,,0.2452,0,7574,-0.0002,64.2,64.19,64.17,63.56,2026-09-04,3,False
AIZ,Financials,Insurance - Property & Casualty,RSI,RSI 維持強勢 (50-70),None,0.0,0.51,0.2447,0.2447,0.2842,282,19108,0.0016,285.74,286.2,286.65,282.88,2026-09-04,3,False
MCO,Financials,Financial Data & Stock Exchanges,BB,BB 中軌向上（上升趨勢）,None,0.0,0.51,0.2444,0.2444,0.2681,180,16575,0.0005,474.57,474.81,475.04,469.82,2026-09-09,3,False
JNJ,Health Care,Drug Manufacturers - General,RSI,RSI 維持強勢 (50-70),None,0.0,0.51,0.2436,0.2436,0.2772,234,12123,0.0055,267.08,268.55,270.02,264.41,2026-09-09,3,False
AAL,Industrials,Airlines,KDJ,KDJ 超賣區金叉,None,0.0,0.5599999999999999,0.2433,,0.2433,0,563,0.0001,12.94,12.94,12.94,12.81,2026-09-09,3,False
GE,Industrials,Aerospace & Defense,KDJ,KDJ 超賣區金叉,None,0.0,0.5599999999999999,0.2433,,0.2433,0,563,0.0001,337.12,337.15,337.19,333.75,2026-09-04,3,False
FMX,Consumer Staples,Beverages - Brewers,BB,價格在 BB 中軌上方,None,0.0,0.425,0.2432,,0.2432,0,8891,-0.0001,120.41,120.4,120.39,119.21,2026-09-04,3,False
AMT,Real Estate,REIT - Specialty,RSI,RSI 維持強勢 (50-70),None,0.0,0.51,0.2419,0.2419,0.2509,186,7011,-0.0,175.43,175.43,175.43,173.68,2026-09-09,3,False
HIG,Financials,Insurance - Diversified,BB,價格在 BB 中軌上方,None,0.0,0.425,0.2386,0.2386,0.2847,352,21689,0.0002,138.37,138.4,138.43,136.99,2026-09-04,3,False
MCK,Health Care,Medical Distribution,BB,BB 中軌向上（上升趨勢）,None,0.0,0.51,0.2377,0.2377,0.2705,265,10885,0.0036,891.68,894.89,898.1,882.76,2026-09-09,3,False
FDS,Financials,Financial Data & Stock Exchanges,BB,價格在 BB 中軌上方,None,0.0,0.425,0.2375,0.2375,0.2847,240,21689,-0.0048,301.96,300.51,299.06,298.94,2026-09-04,3,False
OXY,Energy,Oil & Gas E&P,BB,價格在 BB 中軌上方,None,0.0,0.425,0.2367,0.2367,0.2998,207,5768,-0.0109,61.3,60.63,59.96,60.69,2026-09-09,3,False
PNW,Utilities,Utilities - Regulated Electric,RSI,RSI 加速上升,None,0.0,0.5525,0.2338,0.2338,0.2565,154,4905,0.0009,98.04,98.13,98.22,97.06,2026-09-08,3,False
SPGI,Financials,Financial Data & Stock Exchanges,BB,價格在 BB 中軌上方,None,0.0,0.425,0.2327,0.2327,0.2847,318,21689,0.0017,443.51,444.26,445.02,439.07,2026-09-04,3,False
TRV,Financials,Insurance - Property & Casualty,RSI,RSI 維持強勢 (50-70),None,0.0,0.51,0.2326,0.2326,0.2842,288,19108,0.0007,369.35,369.61,369.87,365.66,2026-09-04,3,False
CNP,Utilities,Utilities - Regulated Electric,BB,價格在 BB 中軌上方,None,0.0,0.425,0.2315,0.2315,0.246,311,9864,0.0034,39.77,39.91,40.04,39.37,2026-09-09,3,False
AWK,Utilities,Utilities - Regulated Water,RSI,RSI 維持強勢 (50-70),None,0.0,0.51,0.2312,0.2312,0.2471,199,8831,0.0008,140.33,140.44,140.55,138.93,2026-09-09,3,False
CTVA,Materials,Agricultural Inputs,BB,價格在 BB 中軌上方,None,0.0,0.425,0.2311,0.2311,0.2859,238,6697,-0.0041,84.75,84.4,84.06,83.9,2026-09-09,3,False
MCHP,Information Technology,Semiconductors,MACD,MACD 金叉 (空頭區),None,0.0,0.42,0.2308,0.2308,0.3767,13,754,0.0233,74.17,75.9,77.63,73.43,2026-09-04,3,False
ABT,Health Care,Medical Devices,BB,BB 中軌向上（上升趨勢）,None,0.0,0.51,0.2303,0.2303,0.2705,152,10885,-0.0014,108.33,108.18,108.03,107.25,2026-09-04,3,False
MKC,Consumer Staples,Packaged Foods,BB,BB 中軌向上（上升趨勢）,None,0.0,0.51,0.2292,0.2292,0.2466,192,6128,-0.0033,52.08,51.91,51.74,51.56,2026-09-04,3,False
AME,Industrials,Specialty Industrial Machinery,RSI,RSI 加速上升,None,0.0,0.5525,0.2282,0.2282,0.2981,149,11545,0.0037,236.27,237.14,238.02,233.91,2026-09-09,3,False
EVRG,Utilities,Utilities - Regulated Electric,BB,價格在 BB 中軌上方,None,0.0,0.425,0.227,0.227,0.246,326,9864,0.0026,82.24,82.45,82.67,81.42,2026-09-08,3,False
EA,Communication Services,Electronic Gaming & Multimedia,BB,價格在 BB 中軌上方,None,0.0,0.425,0.2231,0.2231,0.3007,242,6080,0.0014,209.7,209.99,210.29,207.6,2026-08-07,3,False
ZTS,Health Care,Drug Manufacturers - Specialty & Generic,RSI,RSI 維持強勢 (50-70),None,0.0,0.51,0.2229,0.2229,0.2772,166,12123,-0.0026,75.81,75.61,75.42,75.05,2026-09-04,3,False
NOC,Industrials,Aerospace & Defense,KDJ,KDJ 超賣區金叉,None,0.0,0.5599999999999999,0.2222,0.2222,0.2433,9,563,0.0028,518.58,520.03,521.48,513.39,2026-09-08,3,False
PPG,Materials,Specialty Chemicals,KDJ,KDJ 金叉,None,0.0,0.5525,0.2222,0.2222,0.314,18,637,-0.008,112.53,111.63,110.73,111.4,2026-09-04,3,False
DHR,Health Care,Diagnostics & Research,RSI,RSI 維持強勢 (50-70),None,0.0,0.51,0.2222,0.2222,0.2772,234,12123,-0.0023,207.66,207.18,206.7,205.58,2026-09-04,3,False
ED,Utilities,Utilities - Regulated Electric,RSI,RSI 上穿 50 中性線,None,0.0,0.4675,0.2222,0.2222,0.2521,27,932,0.0062,108.27,108.94,109.61,107.19,2026-09-08,3,False
AIG,Financials,Insurance - Diversified,BB,BB 跌破下軌 (超賣),None,0.0,0.45499999999999996,0.2222,0.2222,0.3485,18,1277,-0.0022,74.68,74.52,74.35,73.93,2026-09-08,3,False
WTW,Financials,Insurance Brokers,BB,BB 跌破下軌 (超賣),None,0.0,0.45499999999999996,0.2222,0.2222,0.3485,18,1277,0.0101,313.72,316.89,320.06,310.58,2026-09-09,3,False
DUK,Utilities,Utilities - Regulated Electric,MACD,MACD 金叉 (空頭區),None,0.0,0.42,0.2222,0.2222,0.2494,18,409,-0.0003,121.24,121.2,121.17,120.03,2026-09-08,3,False
KIM,Real Estate,REIT - Retail,MACD,MACD 金叉 (空頭區),None,0.0,0.42,0.2222,0.2222,0.2026,9,380,0.0069,23.76,23.92,24.09,23.52,2026-09-08,3,False
KO,Consumer Staples,Beverages - Non-Alcoholic,RSI,RSI 維持強勢 (50-70),None,0.0,0.51,0.2179,0.2179,0.2452,257,7574,0.0032,88.36,88.64,88.93,87.48,2026-09-08,3,False
PFE,Health Care,Drug Manufacturers - General,RSI,RSI 維持強勢 (50-70),None,0.0,0.51,0.2174,0.2174,0.2772,184,12123,-0.0036,27.78,27.68,27.58,27.5,2026-09-09,3,False
NDSN,Industrials,Specialty Industrial Machinery,BB,BB 中軌向上（上升趨勢）,None,0.0,0.51,0.2161,0.2161,0.2929,199,17460,-0.0008,313.94,313.69,313.44,310.8,2026-09-09,3,False
ACN,Information Technology,Information Technology Services,RSI,RSI 維持強勢 (50-70),None,0.0,0.51,0.2123,0.2123,0.3645,179,16764,-0.0055,179.03,178.05,177.06,177.24,2026-09-08,3,False
BTI,Consumer Staples,Tobacco,BB,BB 跌破下軌 (超賣),None,0.0,0.45499999999999996,0.2118,,0.2118,0,203,-0.0091,54.33,53.84,53.34,53.79,2026-09-09,3,True
CPB,Consumer Staples,Packaged Foods,BB,BB 跌破下軌 (超賣),None,0.0,0.45499999999999996,0.2118,,0.2118,0,203,-0.0091,21.38,21.19,20.99,21.17,2026-09-04,3,True
USFD,Consumer Staples,Food Distribution,BB,BB 跌破下軌 (超賣),None,0.0,0.45499999999999996,0.2118,,0.2118,0,203,-0.0091,97.45,96.56,95.68,96.48,2026-09-09,3,True
PPL,Utilities,Utilities - Regulated Electric,RSI,RSI 加速上升,None,0.0,0.5525,0.2101,0.2101,0.2565,138,4905,0.0052,35.08,35.26,35.44,34.73,2026-09-08,3,False
ALL,Financials,Insurance - Property & Casualty,RSI,RSI 維持強勢 (50-70),None,0.0,0.51,0.208,0.208,0.2842,226,19108,-0.0006,259.57,259.41,259.26,256.97,2026-09-04,3,False
RSG,Industrials,Waste Management,RSI,RSI 維持強勢 (50-70),None,0.0,0.51,0.2077,0.2077,0.2986,260,19157,0.0022,222.47,222.96,223.45,220.25,2026-09-09,3,False
VZ,Communication Services,Telecom Services,BB,價格在 BB 中軌上方,None,0.0,0.425,0.2046,0.2046,0.3007,259,6080,0.0019,49.74,49.83,49.93,49.24,2026-09-09,3,False
NI,Utilities,Utilities - Regulated Gas,BB,價格在 BB 中軌上方,None,0.0,0.425,0.2044,0.2044,0.246,367,9864,0.0013,41.67,41.72,41.78,41.25,2026-09-09,3,False
GIS,Consumer Staples,Packaged Foods,BB,BB 中軌向上（上升趨勢）,None,0.0,0.51,0.2043,0.2043,0.2466,93,6128,-0.0045,37.09,36.92,36.76,36.72,2026-09-09,3,False
HUBB,Industrials,Electrical Equipment & Parts,RSI,RSI 加速上升,None,0.0,0.5525,0.203,0.203,0.2981,133,11545,-0.0063,454.97,452.1,449.24,450.42,2026-09-09,3,False
WEC,Utilities,Utilities - Regulated Electric,RSI,RSI 加速上升,None,0.0,0.5525,0.2028,0.2028,0.2565,143,4905,0.0032,107.06,107.4,107.75,105.99,2026-09-08,3,False
LAMR,Real Estate,REIT - Specialty,MACD,MACD 金叉 (空頭區),None,0.0,0.42,0.2026,,0.2026,0,380,-0.0032,150.76,150.28,149.8,149.25,2026-09-04,3,False
LNT,Utilities,Utilities - Regulated Electric,RSI,RSI 加速上升,None,0.0,0.5525,0.2025,0.2025,0.2565,158,4905,0.0008,68.61,68.66,68.72,67.92,2026-09-08,3,False
MRK,Health Care,Drug Manufacturers - General,RSI,RSI 維持強勢 (50-70),None,0.0,0.51,0.2017,0.2017,0.2772,233,12123,-0.0043,147.53,146.9,146.26,146.05,2026-09-09,3,False
LYB,Materials,Specialty Chemicals,BB,BB 中軌向上（上升趨勢）,None,0.0,0.51,0.2011,0.2011,0.2853,179,5036,-0.0074,64.51,64.03,63.56,63.86,2026-09-09,3,False
PTC,Information Technology,Software - Application,BB,BB 跌破下軌 (超賣),None,0.0,0.45499999999999996,0.2,0.2,0.4474,10,456,-0.0034,128.89,128.45,128.01,127.6,2026-09-09,3,True
STE,Health Care,Medical Devices,BB,BB 跌破下軌 (超賣),None,0.0,0.45499999999999996,0.2,0.2,0.2752,20,974,0.0078,215.09,216.77,218.45,212.94,2026-09-09,3,False
TAP,Consumer Staples,Beverages - Brewers,BB,BB 跌破下軌 (超賣),None,0.0,0.45499999999999996,0.2,0.2,0.2667,20,705,0.0003,38.48,38.49,38.5,38.1,2026-09-09,3,False
PEG,Utilities,Utilities - Regulated Electric,RSI,RSI 加速上升,None,0.0,0.5525,0.1974,0.1974,0.2565,152,4905,-0.0026,73.57,73.38,73.19,72.83,2026-09-08,3,False
FE,Utilities,Utilities - Regulated Electric,BB,價格在 BB 中軌上方,None,0.0,0.425,0.1969,0.1969,0.246,320,9864,0.0026,46.77,46.89,47.01,46.3,2026-09-04,3,False
SO,Utilities,Utilities - Regulated Electric,RSI,RSI 加速上升,None,0.0,0.5525,0.1957,0.1957,0.2565,138,4905,0.0005,88.34,88.38,88.43,87.46,2026-09-09,3,False
CMS,Utilities,Utilities - Regulated Electric,RSI,RSI 加速上升,None,0.0,0.5525,0.1955,0.1955,0.2565,133,4905,0.0025,68.79,68.96,69.13,68.1,2026-09-08,3,False
TYL,Information Technology,Software - Application,BB,BB 中軌向上（上升趨勢）,None,0.0,0.51,0.1911,0.1911,0.3639,157,16781,-0.0,342.68,342.68,342.68,339.25,2026-09-09,3,False
SNA,Industrials,Tools & Accessories,KDJ,KDJ 超賣區金叉,None,0.0,0.5599999999999999,0.1875,0.1875,0.2433,16,563,0.0004,383.0,383.15,383.31,379.17,2026-09-04,3,False
KR,Consumer Staples,Grocery Stores,BB,價格在 BB 中軌上方,None,0.0,0.425,0.1848,0.1848,0.2432,276,8891,-0.0021,58.59,58.47,58.34,58.0,2026-09-04,3,False
UPS,Industrials,Integrated Freight & Logistics,BB,BB 跌破下軌 (超賣),None,0.0,0.45499999999999996,0.1818,0.1818,0.2838,11,1258,-0.019,99.22,97.33,95.45,98.23,2026-09-09,3,False
EBAY,Consumer Discretionary,Internet Retail,BB,價格在 BB 中軌上方,None,0.0,0.425,0.1818,0.1818,0.4026,11,529,-0.0355,104.59,100.88,97.16,103.54,2026-09-08,3,True
PG,Consumer Staples,Household & Personal Products,MACD,MACD 突破 0 軸,None,0.0,0.595,0.1667,0.1667,0.2408,12,299,0.002,146.44,146.73,147.03,144.98,2026-09-04,3,False
FAST,Industrials,Industrial Distribution,KDJ,KDJ 金叉,None,0.0,0.5525,0.1667,0.1667,0.3223,24,2110,-0.0018,49.6,49.51,49.42,49.1,2026-09-04,3,False
CCL,Consumer Discretionary,Travel Services,RSI,RSI 超賣區域 (30),None,0.0,0.5249999999999999,0.1667,0.1667,0.3448,6,203,-0.0295,22.7,22.03,21.36,22.47,2026-09-09,3,False
LULU,Consumer Discretionary,Apparel Retail,BB,BB 跌破下軌 (超賣),None,0.0,0.45499999999999996,0.1667,0.1667,0.2974,18,733,-0.0131,99.72,98.41,97.11,98.72,2026-09-09,3,False
SHW,Materials,Specialty Chemicals,BB,BB 跌破下軌 (超賣),None,0.0,0.45499999999999996,0.1538,0.1538,0.2333,13,403,-0.004,320.64,319.36,318.07,317.43,2026-09-09,3,False
HAS,Consumer Discretionary,Leisure,BB,BB 跌破下軌 (超賣),None,0.0,0.45499999999999996,0.15,0.15,0.2974,20,733,-0.0169,88.97,87.47,85.96,88.08,2026-09-09,3,False
ROP,Information Technology,Software - Application,RSI,RSI 維持強勢 (50-70),None,0.0,0.51,0.1429,0.1429,0.3645,231,16764,-0.0041,407.28,405.61,403.94,403.21,2026-09-04,3,False
PLD,Real Estate,REIT - Industrial,BB,BB 跌破下軌 (超賣),None,0.0,0.45499999999999996,0.1429,0.1429,0.25,14,564,-0.0053,135.66,134.94,134.22,134.3,2026-09-09,3,False
YUM,Consumer Discretionary,Restaurants,RSI,RSI 維持強勢 (50-70),None,0.0,0.51,0.1311,0.1311,0.2995,206,10441,-0.0032,149.954,149.47,148.99,148.45,2026-09-04,3,False
VLTO,Industrials,Pollution & Treatment Controls,BB,BB 跌破下軌 (超賣),None,0.0,0.45499999999999996,0.125,0.125,0.2838,16,1258,-0.0026,94.72,94.47,94.23,93.77,2026-09-09,3,False
VMC,Materials,Building Materials,BB,BB 跌破下軌 (超賣),None,0.0,0.45499999999999996,0.125,0.125,0.2333,8,403,0.0109,249.89,252.61,255.34,247.39,2026-09-09,3,False
ODFL,Industrials,Trucking,RSI,RSI 維持超賣,None,0.0,0.385,0.125,0.125,0.2983,8,848,0.0067,181.96,183.18,184.4,180.14,2026-09-09,3,False
COST,Consumer Staples,Discount Stores,BB,BB 跌破下軌 (超賣),None,0.0,0.45499999999999996,0.1111,0.1111,0.2667,9,705,-0.01,902.6,893.57,884.55,893.57,2026-09-09,3,False
D,Utilities,Utilities - Regulated Electric,RSI,RSI 加速上升,None,0.0,0.5525,0.1053,0.1053,0.2565,114,4905,-0.0054,66.22,65.86,65.5,65.56,2026-09-08,3,False
LIN,Materials,Specialty Chemicals,BB,BB 跌破下軌 (超賣),None,0.0,0.45499999999999996,0.1053,0.1053,0.2333,19,403,-0.0054,466.65,464.13,461.61,461.98,2026-09-09,3,False
DHI,Consumer Discretionary,Residential Construction,BB,BB 跌破下軌 (超賣),None,0.0,0.45499999999999996,0.1,0.1,0.2974,20,733,-0.0096,138.49,137.16,135.83,137.11,2026-09-08,3,False
EW,Health Care,Medical Devices,BB,BB 跌破下軌 (超賣),None,0.0,0.45499999999999996,0.0909,0.0909,0.2752,22,974,-0.0217,86.18,84.31,82.44,85.32,2026-09-09,3,False
OTIS,Industrials,Specialty Industrial Machinery,BB,BB 跌破下軌 (超賣),None,0.0,0.45499999999999996,0.0909,0.0909,0.2838,22,1258,-0.0072,69.3,68.8,68.3,68.61,2026-09-09,3,False
