symbol,sector,subsector,indicator,signal,pattern,pattern_conf,confidence,win_rate,win_rate_stock,win_rate_sector,stock_n,sector_n,avg_return,price,tp1_price,tp2_price,sl_price,date,tier,volume_confirmed
NVS,Health Care,Drug Manufacturers - General,BB,BB 跌破下軌 (超賣),Support,0.9,1.0,1.0,,1.0,0,6,0.0828,137.7,149.1,160.5,136.32,2026-09-08,1,True
AAPL,Information Technology,Consumer Electronics,RSI,RSI 上穿 50 中性線,Morning Star,0.8,1.0,0.8571,,0.8571,0,7,0.0517,326.57,343.45,360.34,323.3,2026-09-10,1,True
ZS,Information Technology,Software - Infrastructure,BB,BB 跌破下軌 (超賣),Bullish Engulfing,0.75,1.0,0.6863,,0.6863,0,51,0.0442,161.94,169.1,176.26,160.32,2026-09-08,1,False
MDB,Information Technology,Software - Infrastructure,BB,BB 跌破下軌 (超賣),Morning Star,0.8,1.0,0.6508,,0.6508,0,63,0.0393,356.0,369.99,383.98,352.44,2026-09-08,1,False
FICO,Information Technology,Software - Application,BB,BB 跌破下軌 (超賣),None,0.0,0.45499999999999996,0.8333,0.8333,0.4474,6,456,0.0693,933.3,997.98,1062.66,923.97,2026-09-08,2,True
AMD,Information Technology,Semiconductors,RSI,RSI 維持強勢 (50-70),None,0.0,0.51,0.7778,0.7778,0.4471,9,747,0.0879,505.74,550.19,594.65,500.68,2026-09-08,2,True
ETR,Utilities,Utilities - Regulated Electric,BB,價格在 BB 中軌上方,None,0.0,0.425,0.7692,0.7692,0.3287,13,432,0.0346,108.53,112.29,116.04,107.44,2026-09-08,2,True
RL,Consumer Discretionary,Apparel Manufacturing,RSI,RSI 加速上升,None,0.0,0.5525,0.75,0.75,0.3983,8,359,0.0592,336.67,356.6,376.53,333.3,2026-09-10,2,True
ORCL,Information Technology,Software - Infrastructure,RSI,RSI 維持強勢 (50-70),None,0.0,0.51,0.75,0.75,0.4471,16,747,0.0833,152.94,165.68,178.42,151.41,2026-09-10,2,True
META,Communication Services,Internet Content & Information,BB,BB 中軌向上（上升趨勢）,None,0.0,0.51,0.6667,0.6667,0.3881,12,268,0.0364,653.69,677.48,701.28,647.15,2026-09-09,2,True
COO,Health Care,Medical Instruments & Supplies,BB,BB 跌破下軌 (超賣),None,0.0,0.45499999999999996,0.6667,0.6667,0.3173,6,375,0.0132,54.17,54.89,55.6,53.63,2026-09-10,2,True
EQNR,Energy,Oil & Gas Integrated,KDJ,KDJ 金叉,None,0.0,0.5525,0.6296,,0.6296,0,27,0.0284,45.23,46.51,47.8,44.78,2026-09-09,2,True
EXPE,Consumer Discretionary,Travel Services,BB,BB 跌破下軌 (超賣),None,0.0,0.45499999999999996,0.625,0.625,0.3556,8,239,0.0351,274.55,284.19,293.82,271.8,2026-09-08,2,True
BLDR,Industrials,Building Products & Equipment,BB,BB 跌破下軌 (超賣),None,0.0,0.45499999999999996,0.6,0.6,0.3532,10,436,0.0177,58.97,60.01,61.06,58.38,2026-09-10,2,True
UDR,Real Estate,REIT - Residential,BB,BB 跌破下軌 (超賣),None,0.0,0.45499999999999996,0.5556,0.5556,0.3864,9,132,0.0047,35.14,35.31,35.47,34.79,2026-09-10,2,True
FSLR,Information Technology,Solar,RSI,RSI 加速上升,None,0.0,0.5525,0.5455,0.5455,0.4113,11,851,0.0102,213.25,215.43,217.6,211.12,2026-09-08,2,True
GRAB,Information Technology,Software - Application,RSI,RSI 維持超賣,None,0.0,0.385,0.5215,,0.5215,0,163,0.0136,3.01,3.05,3.09,2.98,2026-09-10,2,True
WIT,Information Technology,Information Technology Services,RSI,RSI 維持超賣,None,0.0,0.385,0.5215,,0.5215,0,163,0.0136,1.67,1.69,1.72,1.65,2026-09-10,2,True
BG,Consumer Staples,Farm Products,RSI,RSI 維持強勢 (50-70),None,0.0,0.51,0.5,0.5,0.3092,6,262,0.0226,123.89,126.69,129.49,122.65,2026-09-08,2,True
TECH,Health Care,Biotechnology,RSI,RSI 維持強勢 (50-70),None,0.0,0.51,0.5,0.5,0.3606,8,502,0.011,72.08,72.87,73.67,71.36,2026-09-10,2,True
WBD,Communication Services,Entertainment,BB,BB 中軌向上（上升趨勢）,None,0.0,0.51,0.5,0.5,0.3881,14,268,0.0201,28.2,28.77,29.33,27.92,2026-09-10,2,True
ACGL,Financials,Insurance - Diversified,BB,BB 跌破下軌 (超賣),None,0.0,0.45499999999999996,0.5,0.5,0.4057,6,424,0.0161,95.71,97.25,98.79,94.75,2026-09-08,2,True
AON,Financials,Insurance Brokers,BB,BB 跌破下軌 (超賣),None,0.0,0.45499999999999996,0.5,0.5,0.4057,8,424,0.0267,304.69,312.83,320.96,301.64,2026-09-09,2,True
LYV,Communication Services,Entertainment,BB,BB 跌破下軌 (超賣),None,0.0,0.45499999999999996,0.5,0.5,0.3194,6,144,0.0103,170.45,172.21,173.96,168.75,2026-09-08,2,True
SBAC,Real Estate,REIT - Specialty,BB,價格在 BB 中軌上方,None,0.0,0.425,0.5,0.5,0.3248,6,311,0.0267,186.74,191.73,196.71,184.87,2026-09-09,2,True
BN,Financials,Asset Management,RSI,RSI 超賣區域 (30),None,0.0,0.5249999999999999,0.4831,,0.4831,0,118,0.0179,38.52,39.21,39.9,38.13,2026-09-09,2,True
BNT,Financials,Insurance - Diversified,RSI,RSI 超賣區域 (30),None,0.0,0.5249999999999999,0.4831,,0.4831,0,118,0.0179,39.3,40.0,40.71,38.91,2026-09-08,2,True
BKR,Energy,Oil & Gas Equipment & Services,BB,BB 跌破下軌 (超賣),None,0.0,0.45499999999999996,0.4815,,0.4815,0,81,0.0139,59.4,60.23,61.05,58.81,2026-09-10,2,True
ENB,Energy,Oil & Gas Midstream,BB,BB 跌破下軌 (超賣),None,0.0,0.45499999999999996,0.4815,,0.4815,0,81,0.0139,48.22,48.89,49.56,47.74,2026-09-10,2,True
TXRH,Consumer Discretionary,Restaurants,RSI,RSI 維持超賣,Bullish Engulfing,0.75,1.0,0.4651,,0.4651,0,43,0.0154,181.05,183.84,186.63,179.24,2026-09-10,2,True
NOK,Information Technology,Communication Equipment,KDJ,KDJ 金叉,None,0.0,0.5525,0.4606,,0.4606,0,165,0.01,10.65,10.76,10.86,10.54,2026-09-08,2,True
SMCIP,Information Technology,Computer Hardware,KDJ,KDJ 金叉,None,0.0,0.5525,0.4606,,0.4606,0,165,0.01,67.34,68.01,68.69,66.67,2026-09-11,2,True
UNH,Health Care,Healthcare Plans,BB,價格在 BB 中軌上方,None,0.0,0.425,0.4545,0.4545,0.365,11,715,0.0221,400.84,409.7,418.56,396.83,2026-09-08,2,True
ELV,Health Care,Healthcare Plans,MACD,MACD 金叉 (多頭區),None,0.0,0.68,0.451,,0.451,0,51,0.0047,416.54,418.5,420.46,412.37,2026-09-10,2,True
ROIV,Health Care,Biotechnology,MACD,MACD 金叉 (多頭區),None,0.0,0.68,0.451,,0.451,0,51,0.0047,41.48,41.67,41.87,41.07,2026-09-08,2,True
DIS,Communication Services,Entertainment,RSI,RSI 維持強勢 (50-70),Bullish Engulfing,0.75,1.0,1.0,1.0,0.3884,5,121,0.0407,105.82,110.13,114.43,104.76,2026-09-10,3,False
CCL,Consumer Discretionary,Travel Services,RSI,RSI 維持超賣,None,0.0,0.385,0.8333,0.8333,0.3894,6,565,0.0698,22.47,24.04,25.61,22.25,2026-09-10,3,False
U,Information Technology,Software - Application,KDJ,KDJ 金叉,Support,0.9,1.0,0.8,,,0,0,0.0149,42.75,43.39,44.02,42.32,2026-09-08,3,False
MTD,Health Care,Diagnostics & Research,RSI,RSI 維持超賣,None,0.0,0.385,0.7857,0.7857,0.3138,14,956,0.0442,1280.58,1337.18,1393.78,1267.77,2026-09-10,3,False
COHR,Information Technology,Scientific & Technical Instruments,MACD,MACD 金叉 (空頭區),None,0.0,0.42,0.75,0.75,0.3767,8,754,0.0198,301.88,307.86,313.83,298.86,2026-09-08,3,False
STX,Information Technology,Computer Hardware,MACD,MACD 突破 0 軸,None,0.0,0.595,0.7143,0.7143,0.4064,7,529,0.0607,862.33,914.67,967.02,853.71,2026-09-10,3,False
ISRG,Health Care,Medical Instruments & Supplies,BB,BB 跌破下軌 (超賣),None,0.0,0.45499999999999996,0.7143,0.7143,0.2752,7,974,0.0214,350.16,357.65,365.15,346.66,2026-09-08,3,False
WDC,Information Technology,Computer Hardware,RSI,RSI 上穿 50 中性線,None,0.0,0.4675,0.7,0.7,0.3785,20,1593,0.0721,477.3,511.71,546.13,472.53,2026-09-08,3,False
SNDK,Information Technology,Computer Hardware,BB,價格在 BB 中軌上方,None,0.0,0.425,0.6578,0.6578,0.3573,187,20206,0.0925,1692.59,1849.15,2005.72,1675.66,2026-09-10,3,False
TTWO,Communication Services,Electronic Gaming & Multimedia,RSI,RSI 超賣區域 (30),Bullish Engulfing,0.75,1.0,0.641,,,0,0,0.0374,211.14,219.04,226.93,209.03,2026-09-09,3,False
ALB,Materials,Specialty Chemicals,BB,BB 中軌向上（上升趨勢）,Bullish Engulfing,0.75,1.0,0.6,0.6,0.4242,5,99,0.0339,129.57,133.96,138.35,128.27,2026-09-08,3,False
APH,Information Technology,Electronic Components,KDJ,KDJ 金叉,None,0.0,0.5525,0.6,0.6,0.3918,30,1955,0.0138,81.34,82.46,83.58,80.53,2026-09-09,3,False
GEV,Industrials,Specialty Industrial Machinery,MACD,MACD 金叉 (空頭區),None,0.0,0.42,0.6,0.6,0.3303,5,875,0.008,971.31,979.08,986.85,961.6,2026-09-08,3,False
VRT,Industrials,Electrical Equipment & Parts,RSI,RSI 維持強勢 (50-70),None,0.0,0.51,0.5753,0.5753,0.2986,365,19157,0.0264,290.83,298.51,306.19,287.92,2026-09-08,3,False
MSCI,Financials,Financial Data & Stock Exchanges,BB,BB 跌破下軌 (超賣),None,0.0,0.45499999999999996,0.5714,0.5714,0.3485,7,1277,0.0286,547.6,563.26,578.92,542.12,2026-09-10,3,False
SWK,Industrials,Tools & Accessories,BB,BB 跌破下軌 (超賣),None,0.0,0.45499999999999996,0.5714,0.5714,0.2838,14,1258,0.0414,91.68,95.48,99.27,90.76,2026-09-09,3,False
LITE,Information Technology,Communication Equipment,KDJ,KDJ 金叉,None,0.0,0.5525,0.5667,0.5667,0.3918,30,1955,0.0323,978.535,1010.14,1041.75,968.75,2026-09-08,3,False
CHTR,Communication Services,Telecom Services,BB,BB 跌破下軌 (超賣),None,0.0,0.45499999999999996,0.5625,0.5625,0.33,16,397,0.0169,133.89,136.15,138.42,132.55,2026-09-09,3,False
KKR,Financials,Asset Management,BB,BB 跌破下軌 (超賣),None,0.0,0.45499999999999996,0.5625,0.5625,0.3485,16,1277,0.0251,100.87,103.4,105.93,99.86,2026-09-10,3,False
DDOG,Information Technology,Software - Application,KDJ,KDJ 金叉,None,0.0,0.5525,0.5556,0.5556,0.3918,27,1955,0.0258,225.27,231.08,236.89,223.02,2026-09-09,3,False
NEM,Materials,Gold,KDJ,KDJ 金叉,None,0.0,0.5525,0.5556,0.5556,0.314,36,637,0.0215,128.71,131.48,134.24,127.42,2026-09-09,3,False
BKNG,Consumer Discretionary,Travel Services,BB,BB 跌破下軌 (超賣),None,0.0,0.45499999999999996,0.5556,0.5556,0.2974,18,733,0.0133,174.33,176.65,178.97,172.59,2026-09-10,3,False
INTU,Information Technology,Software - Application,BB,BB 跌破下軌 (超賣),None,0.0,0.45499999999999996,0.5556,0.5556,0.3447,9,1001,0.0411,312.77,325.62,338.48,309.64,2026-09-10,3,False
GD,Industrials,Aerospace & Defense,RSI,RSI 維持超賣,None,0.0,0.385,0.5556,0.5556,0.2983,9,848,0.0349,354.25,366.61,378.98,350.71,2026-09-10,3,False
DASH,Consumer Discretionary,Internet Retail,BB,BB 跌破下軌 (超賣),Bullish Engulfing,0.75,1.0,0.5429,,0.5429,0,35,0.0233,197.245,201.84,206.44,195.27,2026-09-09,3,False
HAS,Consumer Discretionary,Leisure,BB,BB 跌破下軌 (超賣),Bullish Engulfing,0.75,1.0,0.5429,,0.5429,0,35,0.0233,88.97,91.04,93.12,88.08,2026-09-09,3,False
TRGP,Energy,Oil & Gas Midstream,KDJ,KDJ 金叉,None,0.0,0.5525,0.5417,0.5417,0.3614,24,498,0.0268,294.29,302.18,310.06,291.35,2026-09-08,3,False
FCX,Materials,Copper,RSI,RSI 加速上升,None,0.0,0.5525,0.5217,0.5217,0.3048,138,3639,0.0144,76.23,77.33,78.43,75.47,2026-09-09,3,False
HOOD,Financials,Capital Markets,BB,BB 中軌向上（上升趨勢）,None,0.0,0.51,0.5123,0.5123,0.2681,324,16575,0.0235,113.33,115.99,118.66,112.2,2026-09-10,3,False
TER,Information Technology,Semiconductor Equipment & Materials,RSI,RSI 維持強勢 (50-70),None,0.0,0.51,0.5094,0.5094,0.3645,265,16764,0.0273,370.19,380.3,390.4,366.49,2026-09-10,3,False
CEG,Utilities,Utilities - Independent Power Producers,RSI,RSI 加速上升,None,0.0,0.5525,0.5093,0.5093,0.2565,161,4905,0.0227,299.05,305.84,312.63,296.06,2026-09-08,3,False
IQV,Health Care,Diagnostics & Research,RSI,RSI 維持強勢 (50-70),Bullish Engulfing,0.75,1.0,0.5,0.5,0.3286,6,280,0.0164,257.3,261.52,265.74,254.73,2026-09-10,3,False
WELL,Real Estate,REIT - Healthcare Facilities,RSI,RSI 上穿 50 中性線,Support,0.7,0.9570000000000001,0.5,,,0,0,0.02,237.25,242.0,246.74,234.88,2026-09-08,3,False
MNST,Consumer Staples,Beverages - Non-Alcoholic,RSI,RSI 維持超賣,Bullish Engulfing,0.75,0.885,0.5,,0.5,0,20,0.0066,43.09,43.37,43.66,42.66,2026-09-10,3,False
LMT,Industrials,Aerospace & Defense,KDJ,KDJ 超賣區金叉,None,0.0,0.5599999999999999,0.5,0.5,0.2433,6,563,0.0175,530.12,539.4,548.67,524.82,2026-09-10,3,False
ANET,Information Technology,Computer Hardware,KDJ,KDJ 金叉,None,0.0,0.5525,0.5,0.5,0.3918,24,1955,0.0201,194.96,198.88,202.8,193.01,2026-09-08,3,False
MU,Information Technology,Semiconductors,RSI,RSI 加速上升,None,0.0,0.5525,0.5,0.5,0.3693,178,10688,0.0227,1027.77,1051.1,1074.43,1017.49,2026-09-09,3,False
GEHC,Health Care,Medical Devices,RSI,RSI 超賣區域 (30),None,0.0,0.5249999999999999,0.5,0.5,0.2827,8,336,0.0338,64.24,66.41,68.58,63.6,2026-09-10,3,False
CVNA,Consumer Discretionary,Auto & Truck Dealerships,RSI,RSI 維持強勢 (50-70),None,0.0,0.51,0.5,0.5,0.2995,304,10441,0.0413,73.41,76.44,79.47,72.68,2026-09-09,3,False
BLK,Financials,Asset Management,BB,BB 跌破下軌 (超賣),None,0.0,0.45499999999999996,0.5,0.5,0.3485,14,1277,0.02,1062.4,1083.65,1104.9,1051.78,2026-09-10,3,False
F,Consumer Discretionary,Auto Manufacturers,BB,BB 跌破下軌 (超賣),None,0.0,0.45499999999999996,0.5,0.5,0.2974,12,733,-0.0106,13.45,13.31,13.16,13.32,2026-09-09,3,False
GOOG,Communication Services,Internet Content & Information,BB,BB 跌破下軌 (超賣),None,0.0,0.45499999999999996,0.5,0.5,0.33,24,397,0.0242,328.38,336.33,344.27,325.1,2026-09-09,3,False
MAS,Industrials,Building Products & Equipment,BB,BB 跌破下軌 (超賣),None,0.0,0.45499999999999996,0.5,0.5,0.2838,10,1258,0.0141,69.38,70.36,71.34,68.69,2026-09-09,3,False
CMI,Industrials,Specialty Industrial Machinery,MACD,MACD 金叉 (空頭區),None,0.0,0.42,0.5,0.5,0.3303,8,875,0.0179,550.03,559.88,569.72,544.53,2026-09-10,3,False
FIX,Industrials,Engineering & Construction,MACD,MACD 金叉 (空頭區),None,0.0,0.42,0.5,0.5,0.3303,6,875,0.0098,1648.47,1664.63,1680.78,1631.99,2026-09-08,3,False
HRL,Consumer Staples,Packaged Foods,RSI,RSI 維持超賣,None,0.0,0.385,0.5,0.5,0.2366,14,744,0.0118,20.84,21.09,21.33,20.63,2026-09-10,3,False
DT,Information Technology,Software - Application,BB,BB 中軌向上（上升趨勢）,Morning Star,0.8,1.0,0.4841,,0.4841,0,471,0.0267,51.42,52.79,54.17,50.91,2026-09-10,3,False
GIS,Consumer Staples,Packaged Foods,BB,BB 跌破下軌 (超賣),None,0.0,0.45499999999999996,0.4839,0.4839,0.2667,31,705,0.0166,35.96,36.56,37.15,35.6,2026-09-10,3,False
FANG,Energy,Oil & Gas E&P,RSI,RSI 上穿 50 中性線,None,0.0,0.4675,0.4828,0.4828,0.361,29,579,0.0161,202.63,205.89,209.15,200.6,2026-09-09,3,False
APA,Energy,Oil & Gas E&P,KDJ,KDJ 金叉,None,0.0,0.5525,0.48,0.48,0.3614,25,498,0.0101,43.55,43.99,44.43,43.11,2026-09-08,3,False
GOOGL,Communication Services,Internet Content & Information,BB,BB 跌破下軌 (超賣),None,0.0,0.45499999999999996,0.4783,0.4783,0.33,23,397,0.0184,330.65,336.73,342.82,327.34,2026-09-09,3,False
DELL,Information Technology,Computer Hardware,RSI,RSI 維持強勢 (50-70),None,0.0,0.51,0.4775,0.4775,0.3645,333,16764,0.0252,506.62,519.39,532.15,501.55,2026-09-10,3,False
SYF,Financials,Credit Services,BB,BB 跌破下軌 (超賣),None,0.0,0.45499999999999996,0.4762,0.4762,0.3485,21,1277,0.0098,75.44,76.18,76.92,74.69,2026-09-10,3,False
VST,Utilities,Utilities - Independent Power Producers,RSI,RSI 加速上升,None,0.0,0.5525,0.4759,0.4759,0.2565,166,4905,0.019,151.1,153.97,156.84,149.59,2026-09-09,3,False
DXCM,Health Care,Medical Devices,BB,BB 跌破下軌 (超賣),Bullish Engulfing,0.75,1.0,0.475,,0.475,0,40,0.0084,83.88,84.58,85.29,83.04,2026-09-09,3,False
EW,Health Care,Medical Devices,BB,BB 跌破下軌 (超賣),Bullish Engulfing,0.75,1.0,0.475,,0.475,0,40,0.0084,86.18,86.9,87.63,85.32,2026-09-09,3,False
PM,Consumer Staples,Tobacco,KDJ,KDJ 金叉,None,0.0,0.5525,0.4737,0.4737,0.2503,19,779,0.0131,189.77,192.26,194.74,187.87,2026-09-10,3,False
BA,Industrials,Aerospace & Defense,RSI,RSI 加速上升,None,0.0,0.5525,0.473,0.473,0.2981,148,11545,0.0097,210.73,212.77,214.82,208.62,2026-09-08,3,False
DPZ,Consumer Discretionary,Restaurants,BB,BB 跌破下軌 (超賣),None,0.0,0.45499999999999996,0.4667,0.4667,0.2974,15,733,0.0025,317.3,318.09,318.89,314.13,2026-09-10,3,False
NRG,Utilities,Utilities - Independent Power Producers,RSI,RSI 加速上升,None,0.0,0.5525,0.4655,0.4655,0.2565,116,4905,0.0194,115.37,117.61,119.85,114.22,2026-09-09,3,False
PLTR,Information Technology,Software - Infrastructure,RSI,RSI 維持強勢 (50-70),None,0.0,0.51,0.4644,0.4644,0.3645,295,16764,0.0159,169.53,172.23,174.92,167.83,2026-09-09,3,False
CI,Health Care,Healthcare Plans,RSI,RSI 上穿 50 中性線,None,0.0,0.4675,0.4615,0.4615,0.3144,13,1323,0.017,280.91,285.69,290.46,278.1,2026-09-10,3,False
ATO,Utilities,Utilities - Regulated Gas,BB,BB 跌破下軌 (超賣),None,0.0,0.45499999999999996,0.4615,0.4615,0.4104,13,441,0.0185,164.81,167.86,170.91,163.16,2026-09-10,3,False
CRWD,Information Technology,Software - Infrastructure,RSI,RSI 維持強勢 (50-70),None,0.0,0.51,0.4578,0.4578,0.3645,249,16764,0.0167,208.86,212.35,215.84,206.77,2026-09-10,3,False
JBL,Information Technology,Electronic Components,RSI,RSI 加速上升,None,0.0,0.5525,0.4566,0.4566,0.3693,173,10688,0.0157,311.37,316.26,321.15,308.26,2026-09-09,3,False
NCLH,Consumer Discretionary,Travel Services,RSI,RSI 維持超賣,None,0.0,0.385,0.4545,0.4545,0.3894,22,565,-0.0047,14.57,14.5,14.43,14.42,2026-09-10,3,False
WSM,Consumer Discretionary,Specialty Retail,RSI,RSI 加速上升,None,0.0,0.5525,0.4532,0.4532,0.3117,139,6796,0.0124,227.52,230.34,233.16,225.24,2026-09-09,3,False
TKO,Communication Services,Entertainment,RSI,RSI 上穿 50 中性線,None,0.0,0.4675,0.45,0.45,0.3243,20,518,-0.0008,195.32,195.16,195.01,193.37,2026-09-08,3,False
TIMB,Communication Services,Telecom Services,RSI,RSI 加速上升,None,0.0,0.5525,0.4481,,0.4481,0,241,0.0027,18.96,19.01,19.06,18.77,2026-09-09,3,True
GIB,Information Technology,Information Technology Services,BB,BB 跌破下軌 (超賣),None,0.0,0.45499999999999996,0.4474,,0.4474,0,456,0.012,68.85,69.68,70.5,68.16,2026-09-09,3,True
GWRE,Information Technology,Software - Application,BB,BB 跌破下軌 (超賣),None,0.0,0.45499999999999996,0.4474,,0.4474,0,456,0.012,149.71,151.51,153.3,148.21,2026-09-08,3,True
SHOP,Information Technology,Software - Application,BB,BB 跌破下軌 (超賣),None,0.0,0.45499999999999996,0.4474,,0.4474,0,456,0.012,126.6,128.12,129.64,125.33,2026-09-10,3,True
UI,Information Technology,Communication Equipment,BB,BB 跌破下軌 (超賣),None,0.0,0.45499999999999996,0.4474,,0.4474,0,456,0.012,520.58,526.83,533.07,515.37,2026-09-09,3,True
ARW,Information Technology,Electronics & Computer Distribution,RSI,RSI 維持強勢 (50-70),None,0.0,0.51,0.4471,,0.4471,0,747,0.0161,213.44,216.88,220.31,211.31,2026-09-10,3,True
DOCN,Information Technology,Software - Infrastructure,RSI,RSI 維持強勢 (50-70),None,0.0,0.51,0.4471,,0.4471,0,747,0.0161,126.69,128.73,130.77,125.42,2026-09-08,3,True
IOT,Information Technology,Software - Infrastructure,RSI,RSI 維持強勢 (50-70),None,0.0,0.51,0.4471,,0.4471,0,747,0.0161,40.15,40.8,41.44,39.75,2026-09-08,3,True
MTSI,Information Technology,Semiconductors,RSI,RSI 維持強勢 (50-70),None,0.0,0.51,0.4471,,0.4471,0,747,0.0161,286.12,290.73,295.33,283.26,2026-09-09,3,True
VIAV,Information Technology,Communication Equipment,RSI,RSI 維持強勢 (50-70),None,0.0,0.51,0.4471,,0.4471,0,747,0.0161,38.75,39.37,40.0,38.36,2026-09-08,3,True
BAP,Financials,Banks - Regional,RSI,RSI 維持強勢 (50-70),Bullish Engulfing,0.75,1.0,0.4444,,0.4444,0,9,0.0214,379.44,387.56,395.68,375.65,2026-09-10,3,True
SPG,Real Estate,REIT - Retail,KDJ,KDJ 超賣區金叉,Bullish Engulfing,0.75,1.0,0.4444,,0.4444,0,9,0.0115,209.63,212.04,214.45,207.53,2026-09-08,3,False
CNC,Health Care,Healthcare Plans,RSI,RSI 上穿 50 中性線,None,0.0,0.4675,0.4444,0.4444,0.3144,18,1323,0.0071,65.4,65.86,66.33,64.75,2026-09-10,3,False
MRSH,Financials,Insurance Brokers,BB,BB 跌破下軌 (超賣),None,0.0,0.45499999999999996,0.4444,0.4444,0.3485,18,1277,0.0133,177.29,179.65,182.01,175.52,2026-09-10,3,False
AKAM,Information Technology,Software - Infrastructure,MACD,MACD 金叉 (空頭區),None,0.0,0.42,0.4444,0.4444,0.3767,9,754,0.0164,110.75,112.57,114.38,109.64,2026-09-09,3,False
KLAC,Information Technology,Semiconductor Equipment & Materials,RSI,RSI 維持強勢 (50-70),None,0.0,0.51,0.4427,0.4427,0.3645,314,16764,0.0104,188.98,190.95,192.91,187.09,2026-09-08,3,False
AGNC,Real Estate,REIT - Mortgage,KDJ,KDJ 金叉,None,0.0,0.5525,0.4412,,0.4412,0,34,0.011,10.68,10.8,10.91,10.57,2026-09-08,3,True
AGNCM,Real Estate,REIT - Mortgage,KDJ,KDJ 金叉,None,0.0,0.5525,0.4412,,0.4412,0,34,0.011,25.33,25.61,25.89,25.08,2026-09-08,3,True
AVB,Real Estate,REIT - Residential,KDJ,KDJ 金叉,None,0.0,0.5525,0.4412,,0.4412,0,34,0.011,68.14,68.89,69.64,67.46,2026-08-24,3,True
CASY,Consumer Discretionary,Specialty Retail,KDJ,KDJ 超賣區金叉,None,0.0,0.5599999999999999,0.44,,0.44,0,25,0.0087,627.64,633.1,638.56,621.36,2026-09-10,3,True
TSN,Consumer Staples,Farm Products,KDJ,KDJ 金叉,None,0.0,0.5525,0.4375,0.4375,0.2503,16,779,0.01,52.46,52.98,53.51,51.94,2026-09-10,3,False
BSX,Health Care,Medical Devices,BB,BB 跌破下軌 (超賣),None,0.0,0.45499999999999996,0.4375,0.4375,0.2752,16,974,0.0083,43.1,43.46,43.82,42.67,2026-09-10,3,False
HBAN,Financials,Banks - Regional,RSI,RSI 加速上升,None,0.0,0.5525,0.4365,0.4365,0.3014,126,11488,0.0137,16.63,16.86,17.09,16.46,2026-09-09,3,False
KEYS,Information Technology,Scientific & Technical Instruments,RSI,RSI 動能加速（強勢區）,None,0.0,0.51,0.4359,0.4359,0.366,39,2885,0.0237,333.42,341.32,349.22,330.09,2026-09-08,3,False
QCOM,Information Technology,Semiconductors,MACD,MACD 突破 0 軸,None,0.0,0.595,0.4355,,0.4355,0,62,0.0046,174.09,174.89,175.69,172.35,2026-09-08,3,True
LRCX,Information Technology,Semiconductor Equipment & Materials,RSI,RSI 上穿 50 中性線,None,0.0,0.4675,0.4333,0.4333,0.3785,30,1593,0.032,320.42,330.67,340.93,317.22,2026-09-08,3,False
COIN,Financials,Financial Data & Stock Exchanges,BB,價格在 BB 中軌上方,None,0.0,0.425,0.4311,0.4311,0.2847,283,21689,0.0187,174.72,177.99,181.25,172.97,2026-09-09,3,False
INVH,Real Estate,REIT - Residential,RSI,RSI 超賣區域 (30),None,0.0,0.5249999999999999,0.4286,0.4286,0.3012,7,166,0.0104,28.22,28.51,28.81,27.94,2026-09-08,3,False
CF,Materials,Agricultural Inputs,RSI,RSI 動能加速（強勢區）,None,0.0,0.51,0.4286,0.4286,0.2962,28,942,0.0051,138.11,138.81,139.52,136.73,2026-09-09,3,False
ICLR,Health Care,Diagnostics & Research,RSI,RSI 上穿 50 中性線,None,0.0,0.4675,0.4286,,0.4286,0,119,0.0062,165.69,166.72,167.74,164.03,2026-09-10,3,True
KMB,Consumer Staples,Household & Personal Products,BB,BB 跌破下軌 (超賣),None,0.0,0.45499999999999996,0.4286,0.4286,0.2118,7,203,-0.0108,98.48,97.42,96.35,97.5,2026-09-10,3,True
KVUE,Consumer Staples,Household & Personal Products,BB,BB 跌破下軌 (超賣),None,0.0,0.45499999999999996,0.4286,0.4286,0.2118,7,203,0.0296,17.79,18.32,18.84,17.61,2026-09-10,3,True
MAA,Real Estate,REIT - Residential,BB,BB 跌破下軌 (超賣),None,0.0,0.45499999999999996,0.4286,0.4286,0.3864,7,132,0.0159,124.48,126.46,128.44,123.24,2026-09-10,3,True
GNRC,Industrials,Specialty Industrial Machinery,RSI,RSI 加速上升,None,0.0,0.5525,0.4267,0.4267,0.2981,150,11545,0.0126,186.48,188.83,191.18,184.62,2026-09-09,3,False
FER,Industrials,Engineering & Construction,RSI,RSI 維持超賣,None,0.0,0.385,0.4252,,0.4252,0,127,0.01,57.99,58.57,59.15,57.41,2026-09-08,3,True
IESC,Industrials,Engineering & Construction,RSI,RSI 維持超賣,None,0.0,0.385,0.4252,,0.4252,0,127,0.01,319.52,322.72,325.91,316.32,2026-09-10,3,True
Q,Information Technology,Semiconductor Equipment & Materials,RSI,RSI 加速上升,None,0.0,0.5525,0.4242,0.4242,0.3693,33,10688,0.0166,123.32,125.37,127.41,122.09,2026-09-10,3,False
KSPI,Information Technology,Software - Infrastructure,BB,BB 中軌向上（上升趨勢）,None,0.0,0.51,0.4238,,0.4238,0,1083,0.0134,97.15,98.45,99.75,96.18,2026-09-10,3,True
UBER,Information Technology,Software - Application,BB,BB 中軌向上（上升趨勢）,None,0.0,0.51,0.4238,,0.4238,0,1083,0.0134,73.13,74.11,75.09,72.4,2026-09-08,3,True
WSE,Information Technology,Information Technology Services,BB,BB 中軌向上（上升趨勢）,None,0.0,0.51,0.4238,,0.4238,0,1083,0.0134,12.41,12.58,12.74,12.29,2026-09-08,3,True
PSKY,Communication Services,Entertainment,RSI,RSI 上穿 50 中性線,None,0.0,0.4675,0.4231,0.4231,0.3243,26,518,0.0041,10.38,10.42,10.47,10.28,2026-09-10,3,False
NXPI,Information Technology,Semiconductors,KDJ,KDJ 金叉,None,0.0,0.5525,0.4211,0.4211,0.3918,19,1955,-0.0002,226.47,226.42,226.38,224.21,2026-09-10,3,False
AMRZ,Materials,Building Materials,BB,BB 跌破下軌 (超賣),None,0.0,0.45499999999999996,0.4202,,0.4202,0,119,0.0066,41.95,42.23,42.5,41.53,2026-09-08,3,True
FDS,Financials,Financial Data & Stock Exchanges,BB,BB 中軌向上（上升趨勢）,None,0.0,0.51,0.4167,0.4167,0.3103,12,754,0.0109,262.93,265.8,268.66,260.3,2026-09-10,3,True
INTC,Information Technology,Semiconductors,RSI,RSI 動能加速（強勢區）,None,0.0,0.51,0.4167,0.4167,0.366,36,2885,0.0079,104.47,105.3,106.12,103.43,2026-09-08,3,False
ABNB,Consumer Discretionary,Travel Services,BB,BB 跌破下軌 (超賣),None,0.0,0.45499999999999996,0.4167,0.4167,0.2974,12,733,-0.0118,167.65,165.67,163.69,165.97,2026-09-10,3,False
LIN,Materials,Specialty Chemicals,RSI,RSI 超賣區域 (30),None,0.0,0.5249999999999999,0.416,,0.416,0,125,0.011,461.62,466.7,471.78,457.0,2026-09-10,3,False
DAL,Industrials,Airlines,RSI,RSI 加速上升,None,0.0,0.5525,0.4142,0.4142,0.2981,169,11545,0.0111,78.75,79.62,80.5,77.96,2026-09-09,3,False
WMG,Communication Services,Entertainment,RSI,RSI 維持強勢 (50-70),None,0.0,0.51,0.4128,,0.4128,0,235,-0.0015,27.84,27.8,27.76,27.56,2026-09-10,3,True
BDX,Health Care,Medical Instruments & Supplies,BB,BB 跌破下軌 (超賣),None,0.0,0.45499999999999996,0.4118,0.4118,0.2752,17,974,0.0144,176.42,178.96,181.5,174.66,2026-09-10,3,False
FRT,Real Estate,REIT - Retail,BB,BB 跌破下軌 (超賣),None,0.0,0.45499999999999996,0.4118,0.4118,0.25,17,564,0.0093,114.84,115.91,116.98,113.69,2026-09-10,3,False
IDXX,Health Care,Diagnostics & Research,BB,BB 跌破下軌 (超賣),None,0.0,0.45499999999999996,0.4118,0.4118,0.2752,17,974,0.0005,506.53,506.78,507.04,501.46,2026-09-10,3,False
PHM,Consumer Discretionary,Residential Construction,BB,BB 跌破下軌 (超賣),None,0.0,0.45499999999999996,0.4118,0.4118,0.2974,17,733,0.0094,120.07,121.2,122.33,118.87,2026-09-08,3,False
LUV,Industrials,Airlines,RSI,RSI 加速上升,None,0.0,0.5525,0.4113,0.4113,0.2981,141,11545,0.0075,38.68,38.97,39.26,38.29,2026-09-09,3,False
SITM,Information Technology,Semiconductors,RSI,RSI 加速上升,None,0.0,0.5525,0.4113,,0.4113,0,851,0.0125,602.27,609.8,617.33,596.25,2026-09-10,3,True
CNQ,Energy,Oil & Gas E&P,RSI,RSI 維持強勢 (50-70),None,0.0,0.51,0.411,,0.411,0,146,0.0074,50.8,51.18,51.55,50.29,2026-09-10,3,True
CQP,Energy,Oil & Gas Midstream,RSI,RSI 維持強勢 (50-70),None,0.0,0.51,0.411,,0.411,0,146,0.0074,68.09,68.59,69.1,67.41,2026-09-08,3,True
YPF,Energy,Oil & Gas Integrated,RSI,RSI 維持強勢 (50-70),None,0.0,0.51,0.411,,0.411,0,146,0.0074,56.06,56.47,56.89,55.5,2026-09-10,3,True
BAC,Financials,Banks - Diversified,RSI,RSI 加速上升,None,0.0,0.5525,0.4104,0.4104,0.3014,173,11488,0.0121,62.67,63.43,64.19,62.04,2026-09-09,3,False
NGG,Utilities,Utilities - Regulated Electric,BB,BB 跌破下軌 (超賣),None,0.0,0.45499999999999996,0.4104,,0.4104,0,441,0.0122,76.38,77.31,78.24,75.62,2026-09-10,3,False
AMAT,Information Technology,Semiconductor Equipment & Materials,RSI,RSI 加速上升,None,0.0,0.5525,0.4099,0.4099,0.3693,161,10688,0.0129,454.01,459.87,465.72,449.47,2026-09-10,3,False
IBKR,Financials,Capital Markets,BB,BB 中軌向上（上升趨勢）,None,0.0,0.51,0.4098,0.4098,0.2681,266,16575,0.0137,89.42,90.65,91.87,88.53,2026-09-10,3,False
VRSN,Information Technology,Software - Infrastructure,RSI,RSI 上穿 50 中性線,None,0.0,0.4675,0.4091,0.4091,0.3785,22,1593,0.0118,286.94,290.33,293.71,284.07,2026-09-09,3,False
MOH,Health Care,Healthcare Plans,KDJ,KDJ 金叉,None,0.0,0.5525,0.408,,0.408,0,125,0.0055,200.28,201.38,202.48,198.28,2026-09-10,3,True
UAL,Industrials,Airlines,RSI,RSI 加速上升,None,0.0,0.5525,0.4079,0.4079,0.2981,152,11545,0.0049,107.12,107.64,108.17,106.05,2026-09-09,3,False
AXP,Financials,Credit Services,KDJ,KDJ 金叉,None,0.0,0.5525,0.4074,0.4074,0.3142,27,1932,0.0071,326.1,328.42,330.73,322.84,2026-09-08,3,False
WAB,Industrials,Railroads,KDJ,KDJ 金叉,None,0.0,0.5525,0.4074,0.4074,0.3223,27,2110,0.0033,284.45,285.39,286.33,281.61,2026-09-08,3,False
ASX,Information Technology,Semiconductors,MACD,MACD 突破 0 軸,None,0.0,0.595,0.4064,,0.4064,0,529,0.0085,39.79,40.13,40.47,39.39,2026-09-08,3,False
CRWV,Information Technology,Software - Infrastructure,MACD,MACD 突破 0 軸,None,0.0,0.595,0.4064,,0.4064,0,529,0.0085,99.83,100.68,101.53,98.83,2026-09-08,3,False
MRVL,Information Technology,Semiconductors,MACD,MACD 突破 0 軸,None,0.0,0.595,0.4064,,0.4064,0,529,0.0085,235.01,237.01,239.01,232.66,2026-09-09,3,False
SIMO,Information Technology,Semiconductors,MACD,MACD 突破 0 軸,None,0.0,0.595,0.4064,,0.4064,0,529,0.0085,265.25,267.5,269.76,262.6,2026-09-10,3,False
STLD,Materials,Steel,RSI,RSI 加速上升,None,0.0,0.5525,0.4059,0.4059,0.3048,101,3639,0.0085,240.69,242.74,244.78,238.28,2026-09-09,3,False
BAM,Financials,Asset Management,BB,BB 跌破下軌 (超賣),None,0.0,0.45499999999999996,0.4057,,0.4057,0,424,0.0104,47.72,48.22,48.71,47.24,2026-09-09,3,True
FNF,Financials,Insurance - Specialty,BB,BB 跌破下軌 (超賣),None,0.0,0.45499999999999996,0.4057,,0.4057,0,424,0.0104,44.48,44.94,45.41,44.04,2026-09-09,3,True
CFG,Financials,Banks - Regional,RSI,RSI 加速上升,None,0.0,0.5525,0.4049,0.4049,0.3014,163,11488,0.0121,69.37,70.21,71.05,68.68,2026-09-09,3,False
NUE,Materials,Steel,RSI,RSI 加速上升,None,0.0,0.5525,0.4048,0.4048,0.3048,126,3639,0.0133,256.4,259.81,263.22,253.84,2026-09-08,3,False
IVZ,Financials,Asset Management,RSI,RSI 維持強勢 (50-70),None,0.0,0.51,0.404,0.404,0.2842,198,19108,0.0093,31.93,32.23,32.52,31.61,2026-09-10,3,False
KEY,Financials,Banks - Regional,RSI,RSI 加速上升,None,0.0,0.5525,0.4029,0.4029,0.3014,139,11488,0.0114,21.73,21.98,22.23,21.51,2026-09-09,3,False
MS,Financials,Capital Markets,RSI,RSI 加速上升,None,0.0,0.5525,0.4025,0.4025,0.3014,159,11488,0.0109,215.35,217.7,220.04,213.2,2026-09-09,3,False
WFC,Financials,Banks - Diversified,RSI,RSI 加速上升,None,0.0,0.5525,0.4013,0.4013,0.3014,157,11488,0.0083,89.67,90.41,91.16,88.77,2026-09-09,3,False
LII,Industrials,Building Products & Equipment,RSI,RSI 加速上升,None,0.0,0.5525,0.4,0.4,0.2981,140,11545,0.0074,375.78,378.56,381.34,372.02,2026-09-09,3,False
GDDY,Information Technology,Software - Infrastructure,RSI,RSI 上穿 50 中性線,None,0.0,0.4675,0.4,0.4,0.3785,25,1593,-0.0006,96.37,96.31,96.25,95.41,2026-09-10,3,False
FDX,Industrials,Integrated Freight & Logistics,BB,BB 跌破下軌 (超賣),None,0.0,0.45499999999999996,0.4,0.4,0.2838,10,1258,0.0095,309.19,312.13,315.06,306.1,2026-09-09,3,False
HUM,Health Care,Healthcare Plans,BB,價格在 BB 中軌上方,None,0.0,0.425,0.4,0.4,0.2804,275,14417,0.0092,400.73,404.42,408.1,396.72,2026-09-10,3,False
C,Financials,Banks - Diversified,RSI,RSI 加速上升,None,0.0,0.5525,0.3989,0.3989,0.3014,188,11488,0.0114,138.5,140.08,141.66,137.12,2026-09-10,3,False
SOLV,Health Care,Medical Instruments & Supplies,RSI,RSI 維持強勢 (50-70),None,0.0,0.51,0.3937,0.3937,0.2772,127,12123,0.0149,90.03,91.37,92.71,89.13,2026-09-09,3,False
EME,Industrials,Engineering & Construction,RSI,RSI 加速上升,None,0.0,0.5525,0.3931,0.3931,0.2981,145,11545,0.0035,754.29,756.93,759.57,746.75,2026-09-09,3,False
CACI,Information Technology,Information Technology Services,KDJ,KDJ 金叉,None,0.0,0.5525,0.3918,,0.3918,0,1955,0.0107,624.01,630.69,637.36,617.77,2026-09-10,3,False
MCHPP,Information Technology,Semiconductors,KDJ,KDJ 金叉,None,0.0,0.5525,0.3918,,0.3918,0,1955,0.0107,63.64,64.32,65.0,63.0,2026-09-11,3,False
NET,Information Technology,Software - Infrastructure,KDJ,KDJ 金叉,None,0.0,0.5525,0.3918,,0.3918,0,1955,0.0107,314.18,317.54,320.9,311.04,2026-09-09,3,False
IRM,Real Estate,REIT - Specialty,RSI,RSI 加速上升,None,0.0,0.5525,0.3902,0.3902,0.2327,123,4401,0.0104,112.9,114.07,115.25,111.77,2026-09-10,3,False
VTRS,Health Care,Drug Manufacturers - Specialty & Generic,BB,BB 中軌向上（上升趨勢）,None,0.0,0.51,0.3899,0.3899,0.2705,218,10885,0.0123,16.38,16.58,16.78,16.22,2026-09-10,3,False
BURL,Consumer Discretionary,Apparel Retail,RSI,RSI 維持超賣,None,0.0,0.385,0.3894,,0.3894,0,565,0.0066,238.04,239.61,241.18,235.66,2026-09-10,3,False
DKS,Consumer Discretionary,Specialty Retail,RSI,RSI 維持超賣,None,0.0,0.385,0.3894,,0.3894,0,565,0.0066,133.14,134.02,134.9,131.81,2026-09-10,3,False
MGM,Consumer Discretionary,Resorts & Casinos,RSI,RSI 維持超賣,None,0.0,0.385,0.3894,,0.3894,0,565,0.0066,40.66,40.93,41.2,40.25,2026-09-09,3,False
NIO,Consumer Discretionary,Auto Manufacturers,RSI,RSI 維持超賣,None,0.0,0.385,0.3894,,0.3894,0,565,0.0066,3.58,3.6,3.63,3.54,2026-09-10,3,False
ONON,Consumer Discretionary,Footwear & Accessories,RSI,RSI 維持超賣,None,0.0,0.385,0.3894,,0.3894,0,565,0.0066,26.85,27.03,27.2,26.58,2026-09-10,3,False
RCL,Consumer Discretionary,Travel Services,RSI,RSI 維持超賣,None,0.0,0.385,0.3894,,0.3894,0,565,0.0066,259.01,260.72,262.43,256.42,2026-09-10,3,False
ROL,Consumer Discretionary,Personal Services,RSI,RSI 維持超賣,None,0.0,0.385,0.3894,,0.3894,0,565,0.0066,34.56,34.79,35.02,34.21,2026-09-10,3,False
TJX,Consumer Discretionary,Apparel Retail,RSI,RSI 維持超賣,None,0.0,0.385,0.3894,,0.3894,0,565,0.0066,126.42,127.25,128.09,125.16,2026-09-10,3,False
NVDA,Information Technology,Semiconductors,BB,價格在 BB 中軌上方,None,0.0,0.425,0.3889,0.3889,0.3573,342,20206,0.0044,223.42,224.4,225.39,221.19,2026-09-09,3,False
SCCO,Materials,Copper,BB,BB 中軌向上（上升趨勢）,None,0.0,0.51,0.3886,,0.3886,0,229,0.0091,209.26,211.16,213.07,207.17,2026-09-09,3,True
VALE,Materials,Other Industrial Metals & Mining,BB,BB 中軌向上（上升趨勢）,None,0.0,0.51,0.3886,,0.3886,0,229,0.0091,15.44,15.58,15.72,15.29,2026-09-09,3,True
ROKU,Communication Services,Entertainment,RSI,RSI 維持強勢 (50-70),Bullish Engulfing,0.75,1.0,0.3884,,0.3884,0,121,0.0056,154.12,154.98,155.85,152.58,2026-09-10,3,False
NYT,Communication Services,Publishing,BB,BB 中軌向上（上升趨勢）,None,0.0,0.51,0.3881,,0.3881,0,268,0.0017,66.6,66.71,66.83,65.93,2026-09-09,3,True
HPE,Information Technology,Communication Equipment,RSI,RSI 加速上升,None,0.0,0.5525,0.3879,0.3879,0.3693,116,10688,0.0216,55.22,56.41,57.61,54.67,2026-09-10,3,False
TT,Industrials,Building Products & Equipment,RSI,RSI 加速上升,None,0.0,0.5525,0.3876,0.3876,0.2981,129,11545,0.0101,444.17,448.66,453.14,439.73,2026-09-09,3,False
AMH,Real Estate,REIT - Residential,BB,BB 跌破下軌 (超賣),None,0.0,0.45499999999999996,0.3864,,0.3864,0,132,0.0114,31.56,31.92,32.28,31.24,2026-09-10,3,True
NLY,Real Estate,REIT - Mortgage,BB,BB 跌破下軌 (超賣),None,0.0,0.45499999999999996,0.3864,,0.3864,0,132,0.0114,22.0,22.25,22.5,21.78,2026-09-10,3,True
MRNA,Health Care,Biotechnology,BB,BB 中軌向上（上升趨勢）,None,0.0,0.51,0.3861,0.3861,0.2705,202,10885,0.0003,136.62,136.66,136.7,135.25,2026-09-10,3,False
PBR,Energy,Oil & Gas Integrated,BB,BB 中軌向上（上升趨勢）,None,0.0,0.51,0.386,,0.386,0,171,0.0019,21.38,21.42,21.46,21.17,2026-09-10,3,True
WES,Energy,Oil & Gas Midstream,BB,BB 中軌向上（上升趨勢）,None,0.0,0.51,0.386,,0.386,0,171,0.0019,48.19,48.28,48.37,47.71,2026-09-10,3,True
GLW,Information Technology,Electronic Components,BB,價格在 BB 中軌上方,None,0.0,0.425,0.385,0.385,0.3573,361,20206,0.0131,163.12,165.26,167.39,161.49,2026-09-10,3,False
TPL,Energy,Oil & Gas E&P,RSI,RSI 上穿 50 中性線,None,0.0,0.4675,0.3846,0.3846,0.361,26,579,0.0093,381.9,385.45,389.0,378.08,2026-09-08,3,False
CSCO,Information Technology,Communication Equipment,BB,BB 跌破下軌 (超賣),None,0.0,0.45499999999999996,0.3846,0.3846,0.3447,13,1001,0.0163,107.44,109.19,110.94,106.37,2026-09-10,3,False
CAT,Industrials,Farm & Heavy Construction Machinery,RSI,RSI 加速上升,None,0.0,0.5525,0.3827,0.3827,0.2981,162,11545,0.0133,815.56,826.41,837.25,807.4,2026-09-09,3,False
HWM,Industrials,Aerospace & Defense,RSI,RSI 超賣區域 (30),None,0.0,0.5249999999999999,0.3818,,0.3818,0,110,0.0044,231.53,232.55,233.57,229.21,2026-09-08,3,True
RS,Materials,Steel,MACD,MACD 金叉 (空頭區),None,0.0,0.42,0.3816,,0.3816,0,304,0.0078,398.31,401.42,404.52,394.33,2026-09-08,3,False
CHRW,Industrials,Integrated Freight & Logistics,BB,價格在 BB 中軌上方,None,0.0,0.425,0.381,0.381,0.3497,21,1018,0.0227,150.45,153.87,157.28,148.95,2026-09-09,3,True
CVS,Health Care,Healthcare Plans,RSI,RSI 加速上升,None,0.0,0.5525,0.3806,0.3806,0.2803,155,8492,0.0092,96.07,96.95,97.84,95.11,2026-09-08,3,False
RF,Financials,Banks - Regional,RSI,RSI 加速上升,None,0.0,0.5525,0.3806,0.3806,0.3014,155,11488,0.0067,29.89,30.09,30.29,29.59,2026-09-09,3,False
WRB,Financials,Insurance - Property & Casualty,RSI,RSI 上穿 50 中性線,None,0.0,0.4675,0.3805,,0.3805,0,113,0.0028,69.77,69.97,70.16,69.07,2026-09-08,3,True
MTB,Financials,Banks - Regional,RSI,RSI 加速上升,None,0.0,0.5525,0.3804,0.3804,0.3014,163,11488,0.0125,238.0,240.97,243.95,235.62,2026-09-09,3,False
IBM,Information Technology,Information Technology Services,RSI,RSI 維持強勢 (50-70),None,0.0,0.51,0.3798,0.3798,0.3645,208,16764,0.0127,239.94,242.99,246.03,237.54,2026-09-09,3,False
APLD,Information Technology,Information Technology Services,RSI,RSI 上穿 50 中性線,None,0.0,0.4675,0.3785,,0.3785,0,1593,0.0087,28.31,28.56,28.8,28.03,2026-09-08,3,False
ARM,Information Technology,Semiconductors,RSI,RSI 上穿 50 中性線,None,0.0,0.4675,0.3785,,0.3785,0,1593,0.0087,261.53,263.81,266.08,258.91,2026-09-08,3,False
ASML,Information Technology,Semiconductor Equipment & Materials,RSI,RSI 上穿 50 中性線,None,0.0,0.4675,0.3785,,0.3785,0,1593,0.0087,1764.85,1780.2,1795.56,1747.2,2026-09-08,3,False
ASTS,Information Technology,Communication Equipment,RSI,RSI 上穿 50 中性線,None,0.0,0.4675,0.3785,,0.3785,0,1593,0.0087,66.12,66.7,67.27,65.46,2026-09-08,3,False
CLS,Information Technology,Electronic Components,RSI,RSI 上穿 50 中性線,None,0.0,0.4675,0.3785,,0.3785,0,1593,0.0087,329.97,332.84,335.71,326.67,2026-09-08,3,False
ENTG,Information Technology,Semiconductor Equipment & Materials,RSI,RSI 上穿 50 中性線,None,0.0,0.4675,0.3785,,0.3785,0,1593,0.0087,141.09,142.32,143.54,139.68,2026-09-08,3,False
FORM,Information Technology,Semiconductor Equipment & Materials,RSI,RSI 上穿 50 中性線,None,0.0,0.4675,0.3785,,0.3785,0,1593,0.0087,114.18,115.17,116.17,113.04,2026-09-09,3,False
JKHY,Information Technology,Information Technology Services,RSI,RSI 上穿 50 中性線,None,0.0,0.4675,0.3785,,0.3785,0,1593,0.0087,161.42,162.82,164.23,159.81,2026-09-10,3,False
SANM,Information Technology,Electronic Components,RSI,RSI 上穿 50 中性線,None,0.0,0.4675,0.3785,,0.3785,0,1593,0.0087,205.41,207.2,208.98,203.36,2026-09-08,3,False
INSM,Health Care,Biotechnology,RSI,RSI 動能加速（強勢區）,None,0.0,0.51,0.3778,,0.3778,0,225,0.0031,128.8,129.2,129.6,127.51,2026-09-09,3,True
H,Consumer Discretionary,Lodging,KDJ,KDJ 超賣區金叉,None,0.0,0.5599999999999999,0.3775,,0.3775,0,302,0.0037,161.39,161.99,162.58,159.78,2026-09-10,3,False
HLT,Consumer Discretionary,Lodging,KDJ,KDJ 超賣區金叉,None,0.0,0.5599999999999999,0.3775,,0.3775,0,302,0.0037,306.24,307.37,308.51,303.18,2026-09-10,3,False
MAR,Consumer Discretionary,Lodging,KDJ,KDJ 超賣區金叉,None,0.0,0.5599999999999999,0.3775,,0.3775,0,302,0.0037,331.52,332.75,333.97,328.2,2026-09-09,3,False
TPR,Consumer Discretionary,Luxury Goods,KDJ,KDJ 超賣區金叉,None,0.0,0.5599999999999999,0.3775,,0.3775,0,302,0.0037,115.87,116.3,116.73,114.71,2026-09-10,3,False
CBRS,Information Technology,Semiconductors,MACD,MACD 金叉 (空頭區),None,0.0,0.42,0.3767,,0.3767,0,754,0.0102,199.77,201.81,203.85,197.77,2026-09-08,3,False
FLEX,Information Technology,Electronic Components,MACD,MACD 金叉 (空頭區),None,0.0,0.42,0.3767,,0.3767,0,754,0.0102,114.31,115.48,116.64,113.17,2026-09-08,3,False
LFUS,Information Technology,Electronic Components,MACD,MACD 金叉 (空頭區),None,0.0,0.42,0.3767,,0.3767,0,754,0.0102,422.95,427.26,431.58,418.72,2026-09-08,3,False
LSCC,Information Technology,Semiconductors,MACD,MACD 金叉 (空頭區),None,0.0,0.42,0.3767,,0.3767,0,754,0.0102,117.49,118.69,119.89,116.32,2026-09-08,3,False
MKSI,Information Technology,Scientific & Technical Instruments,MACD,MACD 金叉 (空頭區),None,0.0,0.42,0.3767,,0.3767,0,754,0.0102,265.5,268.21,270.92,262.84,2026-09-08,3,False
NXT,Information Technology,Solar,MACD,MACD 金叉 (空頭區),None,0.0,0.42,0.3767,,0.3767,0,754,0.0102,85.45,86.32,87.19,84.6,2026-09-08,3,False
RMBS,Information Technology,Semiconductors,MACD,MACD 金叉 (空頭區),None,0.0,0.42,0.3767,,0.3767,0,754,0.0102,86.89,87.78,88.66,86.02,2026-09-08,3,False
TSEM,Information Technology,Semiconductors,MACD,MACD 金叉 (空頭區),None,0.0,0.42,0.3767,,0.3767,0,754,0.0102,216.57,218.78,220.99,214.4,2026-09-09,3,False
VICR,Information Technology,Electronic Components,MACD,MACD 金叉 (空頭區),None,0.0,0.42,0.3767,,0.3767,0,754,0.0102,193.32,195.29,197.26,191.39,2026-09-08,3,False
UHS,Health Care,Medical Care Facilities,RSI,RSI 動能加速（強勢區）,None,0.0,0.51,0.375,0.375,0.2606,24,1869,0.0077,175.78,177.13,178.49,174.02,2026-09-09,3,False
WAT,Health Care,Diagnostics & Research,RSI,RSI 上穿 50 中性線,None,0.0,0.4675,0.375,0.375,0.3144,24,1323,0.0136,404.81,410.32,415.82,400.76,2026-09-09,3,False
TSCO,Consumer Discretionary,Specialty Retail,BB,BB 跌破下軌 (超賣),None,0.0,0.45499999999999996,0.375,0.375,0.2974,8,733,-0.0106,33.52,33.16,32.81,33.18,2026-09-10,3,False
JCI,Industrials,Building Products & Equipment,MACD,MACD 金叉 (空頭區),None,0.0,0.42,0.375,0.375,0.3303,8,875,0.0119,144.92,146.64,148.37,143.47,2026-09-09,3,False
TSLA,Consumer Discretionary,Auto Manufacturers,BB,BB 中軌向上（上升趨勢）,None,0.0,0.51,0.3745,0.3745,0.2908,243,9757,0.0082,363.56,366.54,369.52,359.92,2026-09-10,3,False
JBHT,Industrials,Integrated Freight & Logistics,RSI,RSI 維持強勢 (50-70),None,0.0,0.51,0.3744,0.3744,0.2986,203,19157,0.005,274.78,276.15,277.53,272.03,2026-09-08,3,False
NTRS,Financials,Asset Management,RSI,RSI 加速上升,None,0.0,0.5525,0.3734,0.3734,0.3014,158,11488,0.0119,187.19,189.42,191.65,185.32,2026-09-10,3,False
PWR,Industrials,Engineering & Construction,RSI,RSI 加速上升,None,0.0,0.5525,0.3732,0.3732,0.2981,142,11545,0.0094,626.98,632.87,638.77,620.71,2026-09-09,3,False
NOW,Information Technology,Software - Application,BB,價格在 BB 中軌上方,None,0.0,0.425,0.371,0.371,0.3573,221,20206,0.0031,134.21,134.63,135.04,132.87,2026-09-08,3,False
DVN,Energy,Oil & Gas E&P,MACD,MACD 金叉 (多頭區),Consolidation Breakout,0.85,1.0,0.3704,,0.3704,0,27,0.0062,50.02,50.33,50.64,49.52,2026-09-10,3,True
eBay,Consumer Discretionary,Internet Retail,MACD,MACD 金叉 (多頭區),None,0.0,0.68,0.37,,0.37,0,273,0.0063,111.75,112.45,113.16,110.63,2026-06-30,3,False
BNS,Financials,Banks - Diversified,BB,BB 中軌向上（上升趨勢）,Bullish Engulfing,0.75,1.0,0.3697,,0.3697,0,330,0.0108,92.84,93.84,94.85,91.91,2026-09-10,3,False
ALAB,Information Technology,Semiconductors,RSI,RSI 加速上升,None,0.0,0.5525,0.3693,,0.3693,0,10688,0.0074,300.54,302.76,304.99,297.53,2026-09-09,3,False
AMKR,Information Technology,Semiconductor Equipment & Materials,RSI,RSI 加速上升,None,0.0,0.5525,0.3693,,0.3693,0,10688,0.0074,51.35,51.73,52.11,50.84,2026-09-09,3,False
CIFR,Information Technology,Information Technology Services,RSI,RSI 加速上升,None,0.0,0.5525,0.3693,,0.3693,0,10688,0.0074,16.9,17.03,17.15,16.73,2026-09-09,3,False
FN,Information Technology,Electronic Components,RSI,RSI 加速上升,None,0.0,0.5525,0.3693,,0.3693,0,10688,0.0074,418.27,421.37,424.46,414.09,2026-09-09,3,False
GFS,Information Technology,Semiconductors,RSI,RSI 加速上升,None,0.0,0.5525,0.3693,,0.3693,0,10688,0.0074,45.96,46.3,46.64,45.5,2026-09-10,3,False
NVMI,Information Technology,Semiconductor Equipment & Materials,RSI,RSI 加速上升,None,0.0,0.5525,0.3693,,0.3693,0,10688,0.0074,366.03,368.74,371.45,362.37,2026-09-10,3,False
ONTO,Information Technology,Semiconductor Equipment & Materials,RSI,RSI 加速上升,None,0.0,0.5525,0.3693,,0.3693,0,10688,0.0074,268.92,270.91,272.9,266.23,2026-09-10,3,False
P,Information Technology,Computer Hardware,RSI,RSI 加速上升,None,0.0,0.5525,0.3693,,0.3693,0,10688,0.0074,101.14,101.89,102.64,100.13,2026-09-08,3,False
SMTC,Information Technology,Semiconductors,RSI,RSI 加速上升,None,0.0,0.5525,0.3693,,0.3693,0,10688,0.0074,159.13,160.31,161.49,157.54,2026-09-10,3,False
SNOW,Information Technology,Software - Application,RSI,RSI 加速上升,None,0.0,0.5525,0.3693,,0.3693,0,10688,0.0074,329.72,332.16,334.6,326.42,2026-09-10,3,False
SNX,Information Technology,Electronics & Computer Distribution,RSI,RSI 加速上升,None,0.0,0.5525,0.3693,,0.3693,0,10688,0.0074,258.23,260.14,262.05,255.65,2026-09-09,3,False
STM,Information Technology,Semiconductors,RSI,RSI 加速上升,None,0.0,0.5525,0.3693,,0.3693,0,10688,0.0074,51.55,51.93,52.31,51.03,2026-09-09,3,False
STRD,Information Technology,Software - Application,RSI,RSI 加速上升,None,0.0,0.5525,0.3693,,0.3693,0,10688,0.0074,75.53,76.09,76.65,74.77,2026-09-08,3,False
STRK,Information Technology,Software - Application,RSI,RSI 加速上升,None,0.0,0.5525,0.3693,,0.3693,0,10688,0.0074,78.15,78.73,79.31,77.37,2026-09-08,3,False
TSM,Information Technology,Semiconductors,RSI,RSI 加速上升,None,0.0,0.5525,0.3693,,0.3693,0,10688,0.0074,428.03,431.2,434.36,423.75,2026-09-10,3,False
TTMI,Information Technology,Electronic Components,RSI,RSI 加速上升,None,0.0,0.5525,0.3693,,0.3693,0,10688,0.0074,122.34,123.25,124.15,121.12,2026-09-10,3,False
UMC,Information Technology,Semiconductors,RSI,RSI 加速上升,None,0.0,0.5525,0.3693,,0.3693,0,10688,0.0074,22.12,22.28,22.45,21.9,2026-09-10,3,False
PODD,Health Care,Medical Devices,BB,BB 中軌向上（上升趨勢）,None,0.0,0.51,0.3684,0.3684,0.2705,152,10885,0.0087,137.92,139.12,140.32,136.54,2026-09-09,3,False
CLX,Consumer Staples,Household & Personal Products,RSI,RSI 維持超賣,None,0.0,0.385,0.3667,0.3667,0.2366,30,744,0.0043,88.77,89.15,89.53,87.88,2026-09-10,3,False
BEN,Financials,Asset Management,RSI,RSI 維持強勢 (50-70),None,0.0,0.51,0.3664,0.3664,0.2842,131,19108,0.0091,34.12,34.43,34.74,33.78,2026-09-09,3,False
CHKP,Information Technology,Software - Infrastructure,RSI,RSI 動能加速（強勢區）,None,0.0,0.51,0.366,,0.366,0,2885,0.0091,135.06,136.29,137.52,133.71,2026-09-09,3,False
COKE,Consumer Staples,Beverages - Non-Alcoholic,BB,BB 中軌向上（上升趨勢）,Bullish Engulfing,0.75,1.0,0.3659,,0.3659,0,123,0.013,189.02,191.48,193.93,187.13,2026-09-09,3,False
CGNX,Information Technology,Scientific & Technical Instruments,RSI,RSI 維持強勢 (50-70),None,0.0,0.51,0.3645,,0.3645,0,16764,0.0088,62.23,62.78,63.33,61.61,2026-09-08,3,False
CPAY,Information Technology,Software - Infrastructure,RSI,RSI 維持強勢 (50-70),None,0.0,0.51,0.3645,,0.3645,0,16764,0.0088,408.47,412.06,415.66,404.39,2026-09-10,3,False
EPAM,Information Technology,Information Technology Services,RSI,RSI 維持強勢 (50-70),None,0.0,0.51,0.3645,,0.3645,0,16764,0.0088,114.52,115.53,116.54,113.37,2026-09-10,3,False
MSTR,Information Technology,Software - Application,RSI,RSI 維持強勢 (50-70),None,0.0,0.51,0.3645,,0.3645,0,16764,0.0088,128.56,129.69,130.82,127.27,2026-09-10,3,False
NTNX,Information Technology,Software - Infrastructure,RSI,RSI 維持強勢 (50-70),None,0.0,0.51,0.3645,,0.3645,0,16764,0.0088,65.42,66.0,66.57,64.77,2026-09-10,3,False
OKTA,Information Technology,Software - Infrastructure,RSI,RSI 維持強勢 (50-70),None,0.0,0.51,0.3645,,0.3645,0,16764,0.0088,171.11,172.62,174.12,169.4,2026-09-10,3,False
SAP,Information Technology,Software - Application,RSI,RSI 維持強勢 (50-70),None,0.0,0.51,0.3645,,0.3645,0,16764,0.0088,209.14,210.98,212.82,207.05,2026-09-09,3,False
SSNC,Information Technology,Software - Application,RSI,RSI 維持強勢 (50-70),None,0.0,0.51,0.3645,,0.3645,0,16764,0.0088,80.45,81.16,81.87,79.65,2026-09-08,3,False
STRC,Information Technology,Software - Application,RSI,RSI 維持強勢 (50-70),None,0.0,0.51,0.3645,,0.3645,0,16764,0.0088,97.85,98.71,99.57,96.87,2026-09-09,3,False
TEAM,Information Technology,Software - Application,RSI,RSI 維持強勢 (50-70),None,0.0,0.51,0.3645,,0.3645,0,16764,0.0088,179.57,181.15,182.73,177.77,2026-09-10,3,False
TWLO,Information Technology,Software - Infrastructure,RSI,RSI 維持強勢 (50-70),None,0.0,0.51,0.3645,,0.3645,0,16764,0.0088,231.13,233.16,235.2,228.82,2026-09-10,3,False
ADP,Information Technology,Software - Application,BB,BB 中軌向上（上升趨勢）,None,0.0,0.51,0.3639,,0.3639,0,16781,0.009,267.96,270.37,272.78,265.28,2026-09-08,3,False
BMNP,Information Technology,Blockchain,BB,BB 中軌向上（上升趨勢）,None,0.0,0.51,0.3639,,0.3639,0,16781,0.009,97.75,98.63,99.51,96.77,2026-09-10,3,False
BR,Information Technology,Information Technology Services,BB,BB 中軌向上（上升趨勢）,None,0.0,0.51,0.3639,,0.3639,0,16781,0.009,168.1,169.61,171.13,166.42,2026-09-09,3,False
FROG,Information Technology,Software - Application,BB,BB 中軌向上（上升趨勢）,None,0.0,0.51,0.3639,,0.3639,0,16781,0.009,87.32,88.11,88.89,86.45,2026-09-09,3,False
PAYX,Information Technology,Software - Application,BB,BB 中軌向上（上升趨勢）,None,0.0,0.51,0.3639,,0.3639,0,16781,0.009,116.93,117.98,119.03,115.76,2026-09-08,3,False
RBRK,Information Technology,Software - Infrastructure,BB,BB 中軌向上（上升趨勢）,None,0.0,0.51,0.3639,,0.3639,0,16781,0.009,91.63,92.45,93.28,90.71,2026-09-08,3,False
SONY,Information Technology,Consumer Electronics,BB,BB 中軌向上（上升趨勢）,None,0.0,0.51,0.3639,,0.3639,0,16781,0.009,23.52,23.73,23.94,23.28,2026-09-10,3,False
STRF,Information Technology,Software - Application,BB,BB 中軌向上（上升趨勢）,None,0.0,0.51,0.3639,,0.3639,0,16781,0.009,103.85,104.78,105.72,102.81,2026-09-10,3,False
XYZ,Information Technology,Software - Infrastructure,BB,BB 中軌向上（上升趨勢）,None,0.0,0.51,0.3639,,0.3639,0,16781,0.009,79.07,79.78,80.49,78.28,2026-09-10,3,False
KMI,Energy,Oil & Gas Midstream,KDJ,KDJ 金叉,None,0.0,0.5525,0.3636,0.3636,0.3614,22,498,0.0135,31.98,32.41,32.84,31.66,2026-09-08,3,False
CDNS,Information Technology,Software - Application,RSI,RSI 維持超賣,None,0.0,0.385,0.3636,0.3636,0.3605,11,663,0.0025,284.95,285.66,286.37,282.1,2026-09-10,3,False
SMCI,Information Technology,Computer Hardware,BB,BB 中軌向上（上升趨勢）,None,0.0,0.51,0.3624,0.3624,0.3639,287,16781,-0.0146,37.38,36.83,36.29,37.01,2026-09-10,3,False
SWKS,Information Technology,Semiconductors,RSI,RSI 加速上升,None,0.0,0.5525,0.3618,0.3618,0.3693,152,10688,0.0061,76.54,77.01,77.47,75.77,2026-09-09,3,False
CX,Materials,Building Materials,RSI,RSI 加速上升,None,0.0,0.5525,0.3616,,0.3616,0,177,0.0,10.66,10.66,10.66,10.55,2026-09-10,3,True
IMO,Energy,Oil & Gas Integrated,KDJ,KDJ 金叉,None,0.0,0.5525,0.3614,,0.3614,0,498,0.0061,131.38,132.18,132.98,130.07,2026-09-08,3,False
PR,Energy,Oil & Gas E&P,KDJ,KDJ 金叉,None,0.0,0.5525,0.3614,,0.3614,0,498,0.0061,23.65,23.79,23.94,23.41,2026-09-08,3,False
SUN,Energy,Oil & Gas Refining & Marketing,KDJ,KDJ 金叉,None,0.0,0.5525,0.3614,,0.3614,0,498,0.0061,76.92,77.39,77.86,76.15,2026-09-08,3,False
VG,Energy,Oil & Gas Midstream,KDJ,KDJ 金叉,None,0.0,0.5525,0.3614,,0.3614,0,498,0.0061,15.29,15.38,15.48,15.14,2026-09-09,3,False
VNOM,Energy,Oil & Gas Midstream,KDJ,KDJ 金叉,None,0.0,0.5525,0.3614,,0.3614,0,498,0.0061,45.27,45.55,45.82,44.82,2026-09-09,3,False
HBANP,Financials,Banks - Regional,KDJ,KDJ 金叉,None,0.0,0.5525,0.3611,,0.3611,0,108,0.0084,16.36,16.5,16.63,16.2,2026-09-10,3,True
PS,Financials,Asset Management,KDJ,KDJ 金叉,None,0.0,0.5525,0.3611,,0.3611,0,108,0.0084,41.49,41.84,42.19,41.08,2026-09-08,3,True
SYY,Consumer Staples,Food Distribution,RSI,RSI 上穿 50 中性線,None,0.0,0.4675,0.3611,,0.3611,0,72,0.0129,82.31,83.37,84.43,81.49,2026-09-10,3,True
E,Energy,Oil & Gas Integrated,RSI,RSI 上穿 50 中性線,None,0.0,0.4675,0.361,,0.361,0,579,0.0056,54.94,55.25,55.56,54.39,2026-09-08,3,False
LNG,Energy,Oil & Gas Midstream,RSI,RSI 上穿 50 中性線,None,0.0,0.4675,0.361,,0.361,0,579,0.0056,277.84,279.4,280.95,275.06,2026-09-10,3,False
PBA,Energy,Oil & Gas Midstream,RSI,RSI 上穿 50 中性線,None,0.0,0.4675,0.361,,0.361,0,579,0.0056,49.16,49.44,49.71,48.67,2026-09-08,3,False
WDS,Energy,Oil & Gas E&P,RSI,RSI 上穿 50 中性線,None,0.0,0.4675,0.361,,0.361,0,579,0.0056,23.48,23.61,23.74,23.25,2026-09-08,3,False
MPC,Energy,Oil & Gas Refining & Marketing,RSI,RSI 加速上升,None,0.0,0.5525,0.3608,0.3608,0.3227,158,3306,0.0075,397.77,400.75,403.74,393.79,2026-09-08,3,False
TDY,Information Technology,Scientific & Technical Instruments,RSI,RSI 維持超賣,None,0.0,0.385,0.3605,,0.3605,0,663,0.0055,596.5,599.78,603.06,590.53,2026-09-10,3,False
PKG,Consumer Discretionary,Packaging & Containers,KDJ,KDJ 金叉,None,0.0,0.5525,0.3596,,0.3596,0,89,-0.0041,232.41,231.46,230.5,230.09,2026-09-10,3,True
NFLX,Communication Services,Entertainment,BB,BB 中軌向上（上升趨勢）,None,0.0,0.51,0.3593,0.3593,0.2943,270,4771,0.007,76.01,76.54,77.07,75.25,2026-09-10,3,False
CDW,Information Technology,Information Technology Services,RSI,RSI 維持強勢 (50-70),None,0.0,0.51,0.3591,0.3591,0.3645,181,16764,0.0017,144.48,144.73,144.97,143.04,2026-09-08,3,False
ADM,Consumer Staples,Farm Products,RSI,RSI 動能加速（強勢區）,None,0.0,0.51,0.359,0.359,0.2456,39,1148,-0.0011,86.55,86.45,86.36,85.68,2026-09-09,3,False
MOS,Materials,Agricultural Inputs,RSI,RSI 動能加速（強勢區）,None,0.0,0.51,0.359,0.359,0.2962,39,942,-0.0019,26.3073,26.26,26.21,26.04,2026-09-08,3,False
ARXS,Industrials,Aerospace & Defense,RSI,RSI 維持強勢 (50-70),None,0.0,0.51,0.3579,,0.3579,0,746,0.0057,53.19,53.49,53.8,52.66,2026-09-08,3,True
GS,Financials,Capital Markets,RSI,RSI 加速上升,None,0.0,0.5525,0.3575,0.3575,0.3014,179,11488,0.0094,1028.78,1038.45,1048.12,1018.49,2026-09-09,3,False
LOGI,Information Technology,Computer Hardware,BB,價格在 BB 中軌上方,None,0.0,0.425,0.3573,,0.3573,0,20206,0.0074,99.77,100.51,101.25,98.77,2026-09-10,3,False
TRV,Financials,Insurance - Property & Casualty,KDJ,KDJ 金叉,None,0.0,0.5525,0.3571,0.3571,0.3142,28,1932,0.0045,367.56,369.21,370.87,363.88,2026-09-10,3,False
AES,Utilities,Utilities - Diversified,BB,價格在 BB 中軌上方,None,0.0,0.425,0.3568,0.3568,0.246,213,9864,0.0076,14.82,14.93,15.05,14.67,2026-09-09,3,False
FITB,Financials,Banks - Regional,RSI,RSI 加速上升,None,0.0,0.5525,0.3567,0.3567,0.3014,171,11488,0.0094,54.19,54.7,55.21,53.65,2026-09-09,3,False
APP,Communication Services,Advertising Agencies,BB,價格在 BB 中軌上方,Bullish Engulfing,0.75,0.9075,0.3559,,0.3559,0,118,0.0006,314.49,314.68,314.87,311.35,2026-09-10,3,False
RDDT,Communication Services,Internet Content & Information,BB,價格在 BB 中軌上方,Bullish Engulfing,0.75,0.9075,0.3559,,0.3559,0,118,0.0006,155.34,155.43,155.53,153.79,2026-09-10,3,False
APO,Financials,Asset Management,BB,BB 中軌向上（上升趨勢）,None,0.0,0.51,0.3558,0.3558,0.2681,267,16575,0.0095,131.81,133.06,134.31,130.49,2026-09-08,3,False
CPNG,Consumer Discretionary,Internet Retail,BB,BB 跌破下軌 (超賣),None,0.0,0.45499999999999996,0.3556,,0.3556,0,239,0.0004,14.76,14.77,14.77,14.61,2026-09-09,3,True
LEN,Consumer Discretionary,Residential Construction,BB,BB 跌破下軌 (超賣),None,0.0,0.45499999999999996,0.3556,,0.3556,0,239,0.0004,77.9,77.93,77.96,77.12,2026-09-10,3,True
TCOM,Consumer Discretionary,Travel Services,BB,BB 跌破下軌 (超賣),None,0.0,0.45499999999999996,0.3556,,0.3556,0,239,0.0004,38.7,38.72,38.73,38.31,2026-09-10,3,True
PFG,Financials,Asset Management,RSI,RSI 加速上升,None,0.0,0.5525,0.3533,0.3533,0.3014,150,11488,0.0059,114.96,115.64,116.32,113.81,2026-09-10,3,False
LECO,Industrials,Tools & Accessories,BB,BB 跌破下軌 (超賣),None,0.0,0.45499999999999996,0.3532,,0.3532,0,436,0.0052,251.06,252.37,253.67,248.55,2026-09-10,3,True
XYL,Industrials,Specialty Industrial Machinery,KDJ,KDJ 超賣區金叉,None,0.0,0.5599999999999999,0.3529,,0.3529,0,51,0.0077,108.81,109.65,110.49,107.72,2026-09-08,3,True
ARES,Financials,Asset Management,BB,BB 跌破下軌 (超賣),None,0.0,0.45499999999999996,0.3529,0.3529,0.3485,17,1277,0.0035,130.63,131.09,131.54,129.32,2026-09-10,3,False
CRL,Health Care,Diagnostics & Research,RSI,RSI 維持強勢 (50-70),None,0.0,0.51,0.3527,0.3527,0.2772,224,12123,-0.0055,278.35,276.82,275.29,275.57,2026-09-09,3,False
EL,Consumer Staples,Household & Personal Products,BB,價格在 BB 中軌上方,None,0.0,0.425,0.3525,0.3525,0.2432,278,8891,-0.0015,98.77,98.62,98.47,97.78,2026-09-09,3,False
WST,Health Care,Medical Instruments & Supplies,RSI,RSI 上穿 50 中性線,Bullish Engulfing,0.75,0.9735000000000001,0.3519,,0.3519,0,54,0.0013,344.25,344.7,345.15,340.81,2026-09-10,3,False
ADI,Information Technology,Semiconductors,RSI,RSI 加速上升,None,0.0,0.5525,0.35,0.35,0.3693,120,10688,0.007,365.07,367.63,370.18,361.42,2026-09-09,3,False
PCAR,Industrials,Farm & Heavy Construction Machinery,KDJ,KDJ 金叉,None,0.0,0.5525,0.35,0.35,0.3223,20,2110,0.0087,122.57,123.64,124.7,121.34,2026-09-10,3,False
REG,Real Estate,REIT - Retail,KDJ,KDJ 金叉,None,0.0,0.5525,0.35,0.35,0.2818,20,550,0.0105,75.93,76.73,77.52,75.17,2026-09-08,3,False
AFG,Financials,Insurance - Property & Casualty,BB,BB 跌破下軌 (超賣),None,0.0,0.45499999999999996,0.3485,,0.3485,0,1277,0.0043,140.88,141.49,142.09,139.47,2026-09-08,3,False
AFRM,Financials,Credit Services,BB,BB 跌破下軌 (超賣),None,0.0,0.45499999999999996,0.3485,,0.3485,0,1277,0.0043,67.99,68.28,68.57,67.31,2026-09-10,3,False
CG,Financials,Asset Management,BB,BB 跌破下軌 (超賣),None,0.0,0.45499999999999996,0.3485,,0.3485,0,1277,0.0043,43.07,43.26,43.44,42.64,2026-09-10,3,False
CNA,Financials,Insurance - Property & Casualty,BB,BB 跌破下軌 (超賣),None,0.0,0.45499999999999996,0.3485,,0.3485,0,1277,0.0043,47.39,47.59,47.8,46.92,2026-09-09,3,False
HBANL,Financials,Banks - Regional,BB,BB 跌破下軌 (超賣),None,0.0,0.45499999999999996,0.3485,,0.3485,0,1277,0.0043,24.98,25.09,25.19,24.73,2026-09-10,3,False
HDB,Financials,Banks - Regional,BB,BB 跌破下軌 (超賣),None,0.0,0.45499999999999996,0.3485,,0.3485,0,1277,0.0043,21.84,21.93,22.03,21.62,2026-09-10,3,False
IBN,Financials,Banks - Regional,BB,BB 跌破下軌 (超賣),None,0.0,0.45499999999999996,0.3485,,0.3485,0,1277,0.0043,28.85,28.97,29.1,28.56,2026-09-10,3,False
ORI,Financials,Insurance - Property & Casualty,BB,BB 跌破下軌 (超賣),None,0.0,0.45499999999999996,0.3485,,0.3485,0,1277,0.0043,40.77,40.95,41.12,40.36,2026-09-08,3,False
OWL,Financials,Asset Management,BB,BB 跌破下軌 (超賣),None,0.0,0.45499999999999996,0.3485,,0.3485,0,1277,0.0043,10.43,10.47,10.52,10.33,2026-09-10,3,False
PUK,Financials,Insurance - Life,BB,BB 跌破下軌 (超賣),None,0.0,0.45499999999999996,0.3485,,0.3485,0,1277,0.0043,26.77,26.89,27.0,26.5,2026-09-10,3,False
RYAN,Financials,Insurance - Specialty,BB,BB 跌破下軌 (超賣),None,0.0,0.45499999999999996,0.3485,,0.3485,0,1277,0.0043,38.67,38.84,39.0,38.28,2026-09-10,3,False
TPG,Financials,Asset Management,BB,BB 跌破下軌 (超賣),None,0.0,0.45499999999999996,0.3485,,0.3485,0,1277,0.0043,46.93,47.13,47.33,46.46,2026-09-10,3,False
OMC,Communication Services,Advertising Agencies,BB,BB 跌破下軌 (超賣),None,0.0,0.45499999999999996,0.3478,0.3478,0.33,23,397,0.0117,78.3,79.22,80.13,77.52,2026-09-09,3,False
PNC,Financials,Banks - Regional,RSI,RSI 加速上升,None,0.0,0.5525,0.3476,0.3476,0.3014,164,11488,0.009,240.69,242.86,245.02,238.28,2026-09-09,3,False
XEL,Utilities,Utilities - Regulated Electric,RSI,RSI 上穿 50 中性線,None,0.0,0.4675,0.3462,0.3462,0.2521,26,932,0.0069,76.88,77.41,77.94,76.11,2026-09-08,3,False
BROS,Consumer Discretionary,Restaurants,RSI,RSI 超賣區域 (30),None,0.0,0.5249999999999999,0.3448,,0.3448,0,203,0.0038,43.44,43.61,43.77,43.01,2026-09-10,3,False
IP,Consumer Discretionary,Packaging & Containers,RSI,RSI 超賣區域 (30),None,0.0,0.5249999999999999,0.3448,,0.3448,0,203,0.0038,34.29,34.42,34.55,33.95,2026-09-10,3,False
AMP,Financials,Asset Management,RSI,RSI 維持強勢 (50-70),None,0.0,0.51,0.3448,,0.3448,0,609,0.0048,551.88,554.53,557.18,546.36,2026-09-09,3,True
ITUB,Financials,Banks - Regional,RSI,RSI 維持強勢 (50-70),None,0.0,0.51,0.3448,,0.3448,0,609,0.0048,8.3,8.34,8.38,8.22,2026-09-10,3,True
NMR,Financials,Capital Markets,RSI,RSI 維持強勢 (50-70),None,0.0,0.51,0.3448,,0.3448,0,609,0.0048,10.54,10.59,10.64,10.43,2026-09-10,3,True
SMFG,Financials,Banks - Diversified,RSI,RSI 維持強勢 (50-70),None,0.0,0.51,0.3448,,0.3448,0,609,0.0048,26.79,26.92,27.05,26.52,2026-09-08,3,True
WBS,Financials,Banks - Regional,RSI,RSI 維持強勢 (50-70),None,0.0,0.51,0.3448,,0.3448,0,609,0.0048,77.97,78.34,78.72,77.19,2026-08-18,3,True
IT,Information Technology,Information Technology Services,BB,BB 跌破下軌 (超賣),None,0.0,0.45499999999999996,0.3448,0.3448,0.3447,29,1001,0.0065,169.69,170.79,171.9,167.99,2026-09-09,3,False
VLO,Energy,Oil & Gas Refining & Marketing,BB,價格在 BB 中軌上方,None,0.0,0.425,0.3448,0.3448,0.2998,232,5768,0.0031,385.43,386.62,387.82,381.58,2026-09-10,3,False
FIS,Information Technology,Information Technology Services,BB,BB 跌破下軌 (超賣),None,0.0,0.45499999999999996,0.3447,,0.3447,0,1001,0.0043,38.07,38.23,38.4,37.69,2026-09-09,3,False
FISV,Information Technology,Financial Technology,BB,BB 跌破下軌 (超賣),None,0.0,0.45499999999999996,0.3447,,0.3447,0,1001,0.0043,48.93,49.14,49.35,48.44,2026-09-10,3,False
FTV,Information Technology,Scientific & Technical Instruments,BB,BB 跌破下軌 (超賣),None,0.0,0.45499999999999996,0.3447,,0.3447,0,1001,0.0043,54.51,54.74,54.98,53.96,2026-09-10,3,False
INFY,Information Technology,Information Technology Services,BB,BB 跌破下軌 (超賣),None,0.0,0.45499999999999996,0.3447,,0.3447,0,1001,0.0043,10.91,10.96,11.0,10.8,2026-09-10,3,False
LDOS,Information Technology,Information Technology Services,BB,BB 跌破下軌 (超賣),None,0.0,0.45499999999999996,0.3447,,0.3447,0,1001,0.0043,128.14,128.69,129.24,126.86,2026-09-09,3,False
TOST,Information Technology,Software - Infrastructure,BB,BB 跌破下軌 (超賣),None,0.0,0.45499999999999996,0.3447,,0.3447,0,1001,0.0043,31.94,32.08,32.21,31.62,2026-09-10,3,False
BIIB,Health Care,Drug Manufacturers - General,RSI,RSI 維持強勢 (50-70),None,0.0,0.51,0.3444,0.3444,0.2772,151,12123,0.0031,215.43,216.1,216.77,213.28,2026-09-10,3,False
TTD,Communication Services,Advertising Agencies,BB,價格在 BB 中軌上方,None,0.0,0.425,0.3434,0.3434,0.3007,265,6080,-0.0074,13.97,13.87,13.76,13.83,2026-09-10,3,False
ARE,Real Estate,REIT - Office,BB,BB 中軌向上（上升趨勢）,None,0.0,0.51,0.3427,0.3427,0.2647,143,5713,0.0027,49.56,49.69,49.83,49.06,2026-09-10,3,False
CAG,Consumer Staples,Packaged Foods,BB,BB 跌破下軌 (超賣),None,0.0,0.45499999999999996,0.3421,0.3421,0.2667,38,705,0.0017,14.7,14.72,14.75,14.55,2026-09-10,3,False
TXN,Information Technology,Semiconductors,RSI,RSI 加速上升,None,0.0,0.5525,0.3417,0.3417,0.3693,120,10688,0.0107,258.82,261.59,264.36,256.23,2026-09-10,3,False
ZBRA,Information Technology,Communication Equipment,RSI,RSI 維持強勢 (50-70),None,0.0,0.51,0.3412,0.3412,0.3645,211,16764,0.0047,352.54,354.2,355.85,349.01,2026-09-08,3,False
EMR,Industrials,Specialty Industrial Machinery,RSI,RSI 加速上升,None,0.0,0.5525,0.3409,0.3409,0.2981,132,11545,0.0065,150.34,151.32,152.29,148.84,2026-09-09,3,False
GEN,Information Technology,Software - Infrastructure,BB,BB 中軌向上（上升趨勢）,None,0.0,0.51,0.3408,0.3408,0.3639,179,16781,0.006,29.97,30.15,30.33,29.67,2026-09-10,3,False
ULTA,Consumer Discretionary,Specialty Retail,RSI,RSI 維持強勢 (50-70),None,0.0,0.51,0.3407,0.3407,0.2995,182,10441,0.0084,535.63,540.13,544.63,530.27,2026-09-10,3,False
LH,Health Care,Diagnostics & Research,BB,BB 中軌向上（上升趨勢）,None,0.0,0.51,0.3402,,0.3402,0,579,0.0005,321.1,321.26,321.42,317.89,2026-09-09,3,True
ONC,Health Care,Biotechnology,BB,BB 中軌向上（上升趨勢）,None,0.0,0.51,0.3402,,0.3402,0,579,0.0005,351.0,351.18,351.35,347.49,2026-09-09,3,True
RPRX,Health Care,Biotechnology,BB,BB 中軌向上（上升趨勢）,None,0.0,0.51,0.3402,,0.3402,0,579,0.0005,60.59,60.62,60.65,59.98,2026-09-08,3,True
STT,Financials,Asset Management,RSI,RSI 加速上升,None,0.0,0.5525,0.3393,0.3393,0.3014,168,11488,0.009,191.89,193.62,195.34,189.97,2026-09-09,3,False
SGI,Consumer Discretionary,"Furnishings, Fixtures & Appliances",MACD,MACD 突破 0 軸,None,0.0,0.595,0.3351,,0.3351,0,376,0.0114,69.56,70.35,71.15,68.86,2026-09-08,3,False
AMX,Communication Services,Telecom Services,KDJ,KDJ 金叉,None,0.0,0.5525,0.3345,,0.3345,0,550,0.0065,23.1,23.25,23.4,22.87,2026-09-09,3,False
NTES,Communication Services,Electronic Gaming & Multimedia,KDJ,KDJ 金叉,None,0.0,0.5525,0.3345,,0.3345,0,550,0.0065,119.45,120.23,121.0,118.26,2026-09-08,3,False
TIGO,Communication Services,Telecom Services,KDJ,KDJ 金叉,None,0.0,0.5525,0.3345,,0.3345,0,550,0.0065,96.47,97.1,97.72,95.51,2026-09-10,3,False
NBIS,Communication Services,Internet Content & Information,MACD,MACD 突破 0 軸,None,0.0,0.595,0.3333,,0.3333,0,165,0.0084,243.88,245.93,247.98,241.44,2026-09-08,3,False
RBLX,Communication Services,Electronic Gaming & Multimedia,MACD,MACD 突破 0 軸,None,0.0,0.595,0.3333,,0.3333,0,165,0.0084,44.52,44.89,45.27,44.07,2026-09-09,3,False
DD,Materials,Specialty Chemicals,KDJ,KDJ 超賣區金叉,None,0.0,0.5599999999999999,0.3333,0.3333,0.3156,9,225,-0.0065,131.32,130.47,129.61,130.01,2026-09-08,3,False
DOV,Industrials,Specialty Industrial Machinery,RSI,RSI 加速上升,None,0.0,0.5525,0.3333,0.3333,0.3379,6,651,0.0242,194.74,199.45,204.17,192.79,2026-09-08,3,True
IEX,Industrials,Specialty Industrial Machinery,KDJ,KDJ 金叉,None,0.0,0.5525,0.3333,0.3333,0.3223,24,2110,0.0039,225.66,226.54,227.42,223.4,2026-09-08,3,False
BXP,Real Estate,REIT - Office,BB,BB 跌破下軌 (超賣),None,0.0,0.45499999999999996,0.3333,0.3333,0.25,21,564,0.0028,63.72,63.9,64.08,63.08,2026-09-10,3,False
COF,Financials,Credit Services,BB,BB 跌破下軌 (超賣),None,0.0,0.45499999999999996,0.3333,0.3333,0.3485,15,1277,-0.0022,207.11,206.65,206.2,205.04,2026-09-10,3,False
NVR,Consumer Discretionary,Residential Construction,BB,BB 跌破下軌 (超賣),None,0.0,0.45499999999999996,0.3333,0.3333,0.2974,15,733,0.0062,6088.2798,6126.03,6163.77,6027.4,2026-09-10,3,False
SYK,Health Care,Medical Devices,BB,BB 跌破下軌 (超賣),None,0.0,0.45499999999999996,0.3333,0.3333,0.2752,18,974,0.0016,270.01,270.44,270.87,267.31,2026-09-10,3,False
HLN,Health Care,Drug Manufacturers - Specialty & Generic,RSI,RSI 維持超賣,None,0.0,0.385,0.3333,,0.3333,0,141,-0.0008,9.22,9.21,9.21,9.13,2026-09-10,3,True
THC,Health Care,Medical Care Facilities,BB,價格在 BB 中軌上方,Bullish Engulfing,0.75,0.9075,0.332,,0.332,0,259,0.0039,269.08,270.13,271.18,266.39,2026-09-09,3,False
HSIC,Health Care,Medical Distribution,RSI,RSI 維持強勢 (50-70),None,0.0,0.51,0.3312,0.3312,0.2772,154,12123,-0.0022,88.86,88.66,88.47,87.97,2026-09-08,3,False
VEEV,Health Care,Health Information Services,RSI,RSI 維持強勢 (50-70),None,0.0,0.51,0.3311,0.3311,0.2772,148,12123,-0.0013,260.98,260.64,260.3,258.37,2026-09-10,3,False
WMB,Energy,Oil & Gas Midstream,BB,價格在 BB 中軌上方,None,0.0,0.425,0.3305,0.3305,0.2998,348,5768,0.0061,75.15,75.61,76.07,74.4,2026-09-09,3,False
AEIS,Industrials,Electrical Equipment & Parts,MACD,MACD 金叉 (空頭區),None,0.0,0.42,0.3303,,0.3303,0,875,0.0053,285.52,287.03,288.55,282.66,2026-09-09,3,False
ESLT,Industrials,Aerospace & Defense,MACD,MACD 金叉 (空頭區),None,0.0,0.42,0.3303,,0.3303,0,875,0.0053,723.91,727.75,731.58,716.67,2026-09-10,3,False
INIO,Industrials,Specialty Industrial Machinery,MACD,MACD 金叉 (空頭區),None,0.0,0.42,0.3303,,0.3303,0,875,0.0053,21.82,21.94,22.05,21.6,2026-09-08,3,False
NVT,Industrials,Electrical Equipment & Parts,MACD,MACD 金叉 (空頭區),None,0.0,0.42,0.3303,,0.3303,0,875,0.0053,162.57,163.43,164.29,160.94,2026-09-08,3,False
POWL,Industrials,Electrical Equipment & Parts,MACD,MACD 金叉 (空頭區),None,0.0,0.42,0.3303,,0.3303,0,875,0.0053,182.49,183.46,184.42,180.67,2026-09-08,3,False
R,Industrials,Rental & Leasing Services,MACD,MACD 金叉 (空頭區),None,0.0,0.42,0.3303,,0.3303,0,875,0.0053,246.89,248.2,249.51,244.42,2026-09-08,3,False
RBC,Industrials,Tools & Accessories,MACD,MACD 金叉 (空頭區),None,0.0,0.42,0.3303,,0.3303,0,875,0.0053,486.04,488.62,491.19,481.18,2026-09-09,3,False
WCC,Industrials,Industrial Distribution,MACD,MACD 金叉 (空頭區),None,0.0,0.42,0.3303,,0.3303,0,875,0.0053,360.17,362.08,363.99,356.57,2026-09-08,3,False
ETN,Industrials,Specialty Industrial Machinery,RSI,RSI 維持強勢 (50-70),None,0.0,0.51,0.3302,0.3302,0.2986,215,19157,0.0043,422.13,423.95,425.76,417.91,2026-09-08,3,False
BBDO,Financials,Banks - Regional,MACD,MACD 突破 0 軸,None,0.0,0.595,0.3301,,0.3301,0,618,0.0061,3.19,3.21,3.23,3.16,2026-09-10,3,False
IREN,Financials,Capital Markets,MACD,MACD 突破 0 軸,None,0.0,0.595,0.3301,,0.3301,0,618,0.0061,46.93,47.22,47.5,46.46,2026-09-08,3,False
JEF,Financials,Capital Markets,MACD,MACD 突破 0 軸,None,0.0,0.595,0.3301,,0.3301,0,618,0.0061,55.25,55.59,55.92,54.7,2026-09-09,3,False
RIOT,Financials,Capital Markets,MACD,MACD 突破 0 軸,None,0.0,0.595,0.3301,,0.3301,0,618,0.0061,22.07,22.2,22.34,21.85,2026-09-09,3,False
PINS,Communication Services,Internet Content & Information,BB,BB 跌破下軌 (超賣),None,0.0,0.45499999999999996,0.33,,0.33,0,397,0.0048,20.14,20.24,20.33,19.94,2026-09-08,3,False
TME,Communication Services,Internet Content & Information,BB,BB 跌破下軌 (超賣),None,0.0,0.45499999999999996,0.33,,0.33,0,397,0.0048,7.89,7.93,7.97,7.81,2026-09-09,3,False
TU,Communication Services,Telecom Services,BB,BB 跌破下軌 (超賣),None,0.0,0.45499999999999996,0.33,,0.33,0,397,0.0048,9.09,9.13,9.18,9.0,2026-09-10,3,False
AA,Materials,Aluminum,RSI,RSI 上穿 50 中性線,None,0.0,0.4675,0.3294,,0.3294,0,595,0.0031,51.74,51.9,52.06,51.22,2026-09-08,3,False
BHP,Materials,Other Industrial Metals & Mining,RSI,RSI 上穿 50 中性線,None,0.0,0.4675,0.3294,,0.3294,0,595,0.0031,91.99,92.28,92.56,91.07,2026-09-08,3,False
EHC,Health Care,Medical Care Facilities,RSI,RSI 維持強勢 (50-70),Bullish Engulfing,0.75,1.0,0.3286,,0.3286,0,280,0.0029,121.52,121.87,122.22,120.3,2026-09-09,3,False
EXR,Real Estate,REIT - Industrial,RSI,RSI 維持超賣,None,0.0,0.385,0.3276,,0.3276,0,58,0.0076,136.45,137.49,138.52,135.09,2026-09-10,3,True
TFC,Financials,Banks - Regional,RSI,RSI 加速上升,None,0.0,0.5525,0.3272,0.3272,0.3014,162,11488,0.008,50.15,50.55,50.95,49.65,2026-09-09,3,False
DVA,Health Care,Medical Care Facilities,RSI,RSI 加速上升,None,0.0,0.5525,0.3269,0.3269,0.2803,156,8492,0.0082,181.33,182.82,184.3,179.52,2026-09-10,3,False
BP,Energy,Oil & Gas Integrated,RSI,RSI 動能加速（強勢區）,None,0.0,0.51,0.3265,,0.3265,0,873,0.0005,45.68,45.7,45.73,45.22,2026-09-09,3,False
CVE,Energy,Oil & Gas Integrated,RSI,RSI 動能加速（強勢區）,None,0.0,0.51,0.3265,,0.3265,0,873,0.0005,33.19,33.21,33.22,32.86,2026-09-08,3,False
EC,Energy,Oil & Gas Integrated,RSI,RSI 動能加速（強勢區）,None,0.0,0.51,0.3265,,0.3265,0,873,0.0005,17.78,17.79,17.8,17.6,2026-09-08,3,False
EPD,Energy,Oil & Gas Midstream,RSI,RSI 動能加速（強勢區）,None,0.0,0.51,0.3265,,0.3265,0,873,0.0005,39.32,39.34,39.36,38.93,2026-09-09,3,False
ET,Energy,Oil & Gas Midstream,RSI,RSI 動能加速（強勢區）,None,0.0,0.51,0.3265,,0.3265,0,873,0.0005,21.68,21.69,21.7,21.46,2026-09-09,3,False
SU,Energy,Oil & Gas Integrated,RSI,RSI 動能加速（強勢區）,None,0.0,0.51,0.3265,,0.3265,0,873,0.0005,69.02,69.05,69.09,68.33,2026-09-09,3,False
TMO,Health Care,Diagnostics & Research,RSI,RSI 維持強勢 (50-70),None,0.0,0.51,0.3265,0.3265,0.2772,196,12123,0.0039,603.18,605.53,607.88,597.15,2026-09-10,3,False
TTE,Energy,Oil & Gas Integrated,RSI,RSI 動能加速（強勢區）,None,0.0,0.51,0.3265,,0.3265,0,873,0.0005,91.64,91.69,91.73,90.72,2026-09-09,3,False
AEP,Utilities,Utilities - Regulated Electric,RSI,RSI 維持強勢 (50-70),None,0.0,0.51,0.3262,0.3262,0.2471,279,8831,0.0058,125.42,126.15,126.87,124.17,2026-09-08,3,False
URI,Industrials,Rental & Leasing Services,RSI,RSI 加速上升,None,0.0,0.5525,0.3259,0.3259,0.2981,135,11545,0.0129,989.08,1001.84,1014.6,979.19,2026-09-10,3,False
OHI,Real Estate,REIT - Healthcare Facilities,BB,價格在 BB 中軌上方,None,0.0,0.425,0.3248,,0.3248,0,311,0.0054,46.95,47.2,47.46,46.48,2026-09-10,3,True
RVTY,Health Care,Diagnostics & Research,BB,價格在 BB 中軌上方,None,0.0,0.425,0.3247,0.3247,0.2804,194,14417,-0.0022,127.08,126.8,126.52,125.81,2026-09-08,3,False
GSAT,Communication Services,Telecom Services,RSI,RSI 上穿 50 中性線,None,0.0,0.4675,0.3243,,0.3243,0,518,0.004,81.97,82.3,82.63,81.15,2026-09-10,3,False
VIV,Communication Services,Telecom Services,RSI,RSI 上穿 50 中性線,None,0.0,0.4675,0.3243,,0.3243,0,518,0.004,11.92,11.97,12.02,11.8,2026-09-10,3,False
LI,Consumer Discretionary,Auto Manufacturers,MACD,MACD 金叉 (空頭區),None,0.0,0.42,0.3233,,0.3233,0,529,0.0066,12.46,12.54,12.62,12.34,2026-09-08,3,False
RIVN,Consumer Discretionary,Auto Manufacturers,MACD,MACD 金叉 (空頭區),None,0.0,0.42,0.3233,,0.3233,0,529,0.0066,16.17,16.28,16.38,16.01,2026-09-08,3,False
CCJ,Energy,Uranium,RSI,RSI 加速上升,None,0.0,0.5525,0.3227,,0.3227,0,3306,0.0024,100.41,100.65,100.89,99.41,2026-09-09,3,False
DINO,Energy,Oil & Gas Refining & Marketing,RSI,RSI 加速上升,None,0.0,0.5525,0.3227,,0.3227,0,3306,0.0024,108.31,108.57,108.83,107.23,2026-09-08,3,False
MPLX,Energy,Oil & Gas Midstream,RSI,RSI 加速上升,None,0.0,0.5525,0.3227,,0.3227,0,3306,0.0024,60.23,60.37,60.52,59.63,2026-09-09,3,False
SHEL,Energy,Oil & Gas Integrated,RSI,RSI 加速上升,None,0.0,0.5525,0.3227,,0.3227,0,3306,0.0024,95.96,96.19,96.42,95.0,2026-09-10,3,False
TRP,Energy,Oil & Gas Midstream,RSI,RSI 加速上升,None,0.0,0.5525,0.3227,,0.3227,0,3306,0.0024,63.45,63.6,63.75,62.82,2026-09-08,3,False
MAIR,Industrials,Building Products & Equipment,KDJ,KDJ 金叉,None,0.0,0.5525,0.3223,,0.3223,0,2110,0.0051,26.14,26.27,26.41,25.88,2026-09-08,3,False
GM,Consumer Discretionary,Auto Manufacturers,RSI,RSI 維持強勢 (50-70),None,0.0,0.51,0.3217,0.3217,0.2995,230,10441,0.0003,86.12,86.15,86.17,85.26,2026-09-10,3,False
TLK,Communication Services,Telecom Services,MACD,MACD 金叉 (多頭區),None,0.0,0.68,0.3214,,0.3214,0,140,0.0096,15.08,15.22,15.37,14.93,2026-09-08,3,False
APTV,Consumer Discretionary,Auto Parts,RSI,RSI 加速上升,None,0.0,0.5525,0.3214,0.3214,0.3117,112,6796,0.0059,45.69,45.96,46.23,45.23,2026-09-10,3,False
BMO,Financials,Banks - Diversified,MACD,MACD 金叉 (空頭區),None,0.0,0.42,0.3214,,0.3214,0,865,0.0073,173.69,174.96,176.23,171.95,2026-09-10,3,False
HBANZ,Financials,Banks - Regional,MACD,MACD 金叉 (空頭區),None,0.0,0.42,0.3214,,0.3214,0,865,0.0073,19.17,19.31,19.45,18.98,2026-09-09,3,False
KLAR,Financials,Credit Services,MACD,MACD 金叉 (空頭區),None,0.0,0.42,0.3214,,0.3214,0,865,0.0073,14.26,14.36,14.47,14.12,2026-09-08,3,False
SLMBP,Financials,Credit Services,MACD,MACD 金叉 (空頭區),None,0.0,0.42,0.3214,,0.3214,0,865,0.0073,74.75,75.3,75.84,74.0,2026-09-10,3,False
HCA,Health Care,Medical Care Facilities,RSI,RSI 維持強勢 (50-70),None,0.0,0.51,0.321,0.321,0.2772,271,12123,0.0051,421.21,423.36,425.51,417.0,2026-09-10,3,False
NTAP,Information Technology,Software - Infrastructure,RSI,RSI 加速上升,None,0.0,0.5525,0.3206,0.3206,0.3693,131,10688,0.0047,189.13,190.02,190.91,187.24,2026-09-08,3,False
FWONA,Communication Services,Entertainment,BB,BB 跌破下軌 (超賣),None,0.0,0.45499999999999996,0.3194,,0.3194,0,144,0.0009,87.25,87.33,87.41,86.38,2026-09-08,3,True
EQT,Energy,Oil & Gas E&P,RSI,RSI 維持強勢 (50-70),None,0.0,0.51,0.3186,0.3186,0.2963,204,4891,-0.001,54.96,54.91,54.85,54.41,2026-09-10,3,False
FIVE,Consumer Discretionary,Specialty Retail,KDJ,KDJ 金叉,None,0.0,0.5525,0.3183,,0.3183,0,1244,0.0033,254.07,254.91,255.75,251.53,2026-09-08,3,False
VIK,Consumer Discretionary,Travel Services,KDJ,KDJ 金叉,None,0.0,0.5525,0.3183,,0.3183,0,1244,0.0033,88.08,88.37,88.66,87.2,2026-09-08,3,False
W,Consumer Discretionary,Internet Retail,KDJ,KDJ 金叉,None,0.0,0.5525,0.3183,,0.3183,0,1244,0.0033,99.97,100.3,100.63,98.97,2026-09-08,3,False
EQIX,Real Estate,REIT - Specialty,RSI,RSI 加速上升,None,0.0,0.5525,0.3182,0.3182,0.2327,132,4401,0.0054,1043.0601,1048.69,1054.33,1032.63,2026-09-09,3,False
EXE,Energy,Oil & Gas E&P,RSI,RSI 維持強勢 (50-70),None,0.0,0.51,0.318,0.318,0.2963,217,4891,0.0004,96.87,96.91,96.95,95.9,2026-09-10,3,False
CARR,Industrials,Building Products & Equipment,RSI,RSI 加速上升,None,0.0,0.5525,0.3176,0.3176,0.2981,148,11545,0.0041,57.95,58.19,58.43,57.37,2026-09-09,3,False
GMED,Health Care,Medical Devices,BB,BB 跌破下軌 (超賣),None,0.0,0.45499999999999996,0.3173,,0.3173,0,375,-0.0037,75.04,74.76,74.48,74.29,2026-09-08,3,True
ZBH,Health Care,Medical Devices,BB,BB 跌破下軌 (超賣),None,0.0,0.45499999999999996,0.3173,,0.3173,0,375,-0.0037,94.22,93.87,93.52,93.28,2026-09-08,3,True
XOM,Energy,Oil & Gas Integrated,RSI,RSI 動能加速（強勢區）,None,0.0,0.51,0.3148,0.3148,0.3265,54,873,0.0002,164.23,164.26,164.3,162.59,2026-09-09,3,False
HAL,Energy,Oil & Gas Equipment & Services,BB,BB 中軌向上（上升趨勢）,None,0.0,0.51,0.3147,0.3147,0.2962,251,4484,-0.0017,36.07,36.01,35.95,35.71,2026-09-10,3,False
BMRN,Health Care,Biotechnology,RSI,RSI 上穿 50 中性線,None,0.0,0.4675,0.3144,,0.3144,0,1323,0.003,65.51,65.71,65.9,64.85,2026-09-10,3,False
BTSG,Health Care,Health Information Services,RSI,RSI 上穿 50 中性線,None,0.0,0.4675,0.3144,,0.3144,0,1323,0.003,62.56,62.75,62.94,61.93,2026-09-08,3,False
GH,Health Care,Diagnostics & Research,RSI,RSI 上穿 50 中性線,None,0.0,0.4675,0.3144,,0.3144,0,1323,0.003,162.78,163.27,163.76,161.15,2026-09-09,3,False
BBD,Financials,Banks - Regional,KDJ,KDJ 金叉,None,0.0,0.5525,0.3142,,0.3142,0,1932,0.0041,3.58,3.59,3.61,3.54,2026-09-10,3,False
VLYPO,Financials,Banks - Regional,KDJ,KDJ 金叉,None,0.0,0.5525,0.3142,,0.3142,0,1932,0.0041,25.09,25.19,25.3,24.84,2026-09-08,3,False
AGI,Materials,Gold,KDJ,KDJ 金叉,None,0.0,0.5525,0.314,,0.314,0,637,0.0047,36.89,37.06,37.24,36.52,2026-09-09,3,False
GFI,Materials,Gold,KDJ,KDJ 金叉,None,0.0,0.5525,0.314,,0.314,0,637,0.0047,47.19,47.41,47.63,46.72,2026-09-08,3,False
HL,Materials,Other Precious Metals & Mining,KDJ,KDJ 金叉,None,0.0,0.5525,0.314,,0.314,0,637,0.0047,20.85,20.95,21.05,20.64,2026-09-09,3,False
TECK,Materials,Other Industrial Metals & Mining,KDJ,KDJ 金叉,None,0.0,0.5525,0.314,,0.314,0,637,0.0047,71.97,72.31,72.65,71.25,2026-09-08,3,False
WPM,Materials,Gold,KDJ,KDJ 金叉,None,0.0,0.5525,0.314,,0.314,0,637,0.0047,155.11,155.84,156.57,153.56,2026-09-08,3,False
BDRX,Health Care,Biotechnology,RSI,RSI 維持超賣,None,0.0,0.385,0.3138,,0.3138,0,956,0.0016,0.66,0.66,0.66,0.65,2026-09-10,3,False
PHG,Health Care,Medical Devices,RSI,RSI 維持超賣,None,0.0,0.385,0.3138,,0.3138,0,956,0.0016,24.6,24.64,24.68,24.35,2026-09-10,3,False
CHT,Communication Services,Telecom Services,RSI,RSI 動能加速（強勢區）,None,0.0,0.51,0.3135,,0.3135,0,772,0.0011,44.23,44.28,44.33,43.79,2026-09-08,3,False
ECHO,Communication Services,Telecom Services,RSI,RSI 動能加速（強勢區）,None,0.0,0.51,0.3135,,0.3135,0,772,0.0011,93.42,93.52,93.63,92.49,2026-09-08,3,False
VOD,Communication Services,Telecom Services,RSI,RSI 動能加速（強勢區）,None,0.0,0.51,0.3135,,0.3135,0,772,0.0011,17.31,17.33,17.35,17.14,2026-09-08,3,False
USB,Financials,Banks - Regional,RSI,RSI 加速上升,None,0.0,0.5525,0.3125,0.3125,0.3014,144,11488,0.0044,62.49,62.76,63.04,61.87,2026-09-08,3,False
APD,Materials,Specialty Chemicals,BB,BB 跌破下軌 (超賣),None,0.0,0.45499999999999996,0.3125,0.3125,0.2333,16,403,0.0123,293.65,297.26,300.87,290.71,2026-09-10,3,False
REGN,Health Care,Biotechnology,BB,BB 中軌向上（上升趨勢）,None,0.0,0.51,0.3122,0.3122,0.2705,221,10885,0.0048,793.26,797.07,800.88,785.33,2026-09-10,3,False
PGR,Financials,Insurance - Property & Casualty,BB,BB 中軌向上（上升趨勢）,None,0.0,0.51,0.3119,0.3119,0.2681,202,16575,0.0077,216.19,217.85,219.52,214.03,2026-09-10,3,False
AUR,Consumer Discretionary,Auto Parts,RSI,RSI 加速上升,None,0.0,0.5525,0.3117,,0.3117,0,6796,0.004,6.33,6.36,6.38,6.27,2026-09-10,3,False
BWA,Consumer Discretionary,Auto Parts,RSI,RSI 加速上升,None,0.0,0.5525,0.3117,,0.3117,0,6796,0.004,65.26,65.52,65.78,64.61,2026-09-09,3,False
MGA,Consumer Discretionary,Auto Parts,RSI,RSI 加速上升,None,0.0,0.5525,0.3117,,0.3117,0,6796,0.004,65.47,65.73,65.99,64.82,2026-09-09,3,False
MOD,Consumer Discretionary,Auto Parts,RSI,RSI 加速上升,None,0.0,0.5525,0.3117,,0.3117,0,6796,0.004,185.97,186.71,187.46,184.11,2026-09-09,3,False
BBIO,Health Care,Biotechnology,RSI,RSI 超賣區域 (30),None,0.0,0.5249999999999999,0.3109,,0.3109,0,119,-0.0026,72.5,72.31,72.12,71.78,2026-09-10,3,True
AGX,Industrials,Engineering & Construction,RSI,RSI 加速上升,Morning Star,0.8,1.0,0.3106,,0.3106,0,132,0.0051,436.78,439.01,441.24,432.41,2026-09-08,3,False
GILD,Health Care,Drug Manufacturers - General,BB,BB 中軌向上（上升趨勢）,None,0.0,0.51,0.3105,0.3105,0.2705,219,10885,0.005,144.81,145.53,146.26,143.36,2026-09-10,3,False
FFIV,Information Technology,Software - Infrastructure,KDJ,KDJ 金叉,None,0.0,0.5525,0.3103,0.3103,0.3918,29,1955,0.0039,404.63,406.21,407.79,400.58,2026-09-09,3,False
TRU,Financials,Financial Data & Stock Exchanges,BB,BB 中軌向上（上升趨勢）,None,0.0,0.51,0.3103,,0.3103,0,754,0.0043,77.65,77.98,78.32,76.87,2026-09-08,3,True
TGT,Consumer Staples,Discount Stores,BB,BB 中軌向上（上升趨勢）,None,0.0,0.51,0.3094,0.3094,0.2466,181,6128,0.0009,155.73,155.87,156.01,154.17,2026-09-10,3,False
DG,Consumer Staples,Discount Stores,BB,BB 中軌向上（上升趨勢）,None,0.0,0.51,0.3091,0.3091,0.2466,165,6128,-0.0063,122.99,122.22,121.44,121.76,2026-09-10,3,False
ARCC,Financials,Asset Management,RSI,RSI 上穿 50 中性線,None,0.0,0.4675,0.3091,,0.3091,0,1899,0.0046,19.68,19.77,19.86,19.48,2026-09-10,3,False
MFC,Financials,Insurance - Life,RSI,RSI 上穿 50 中性線,None,0.0,0.4675,0.3091,,0.3091,0,1899,0.0046,43.48,43.68,43.88,43.05,2026-09-10,3,False
RNR,Financials,Insurance - Reinsurance,RSI,RSI 上穿 50 中性線,None,0.0,0.4675,0.3091,,0.3091,0,1899,0.0046,326.53,328.03,329.53,323.26,2026-09-10,3,False
FTNT,Information Technology,Software - Infrastructure,BB,價格在 BB 中軌上方,None,0.0,0.425,0.3091,0.3091,0.3573,220,20206,0.0018,158.85,159.14,159.42,157.26,2026-09-10,3,False
HEI,Industrials,Aerospace & Defense,RSI,RSI 超賣區域 (30),None,0.0,0.5249999999999999,0.3086,,0.3086,0,337,0.006,316.1,318.0,319.89,312.94,2026-09-08,3,False
LHX,Industrials,Aerospace & Defense,RSI,RSI 超賣區域 (30),None,0.0,0.5249999999999999,0.3086,,0.3086,0,337,0.006,250.41,251.91,253.41,247.91,2026-09-09,3,False
MMM,Industrials,Conglomerates,RSI,RSI 超賣區域 (30),None,0.0,0.5249999999999999,0.3086,,0.3086,0,337,0.006,164.4,165.39,166.37,162.76,2026-09-09,3,False
RBA,Industrials,Specialty Business Services,RSI,RSI 超賣區域 (30),None,0.0,0.5249999999999999,0.3086,,0.3086,0,337,0.006,81.33,81.82,82.31,80.52,2026-09-09,3,False
SNA,Industrials,Tools & Accessories,RSI,RSI 超賣區域 (30),None,0.0,0.5249999999999999,0.3086,,0.3086,0,337,0.006,374.83,377.08,379.33,371.08,2026-09-10,3,False
TDG,Industrials,Aerospace & Defense,RSI,RSI 超賣區域 (30),None,0.0,0.5249999999999999,0.3086,,0.3086,0,337,0.006,1125.6801,1132.43,1139.19,1114.42,2026-09-09,3,False
ULS,Industrials,Specialty Business Services,RSI,RSI 超賣區域 (30),None,0.0,0.5249999999999999,0.3086,,0.3086,0,337,0.006,71.1,71.53,71.95,70.39,2026-09-10,3,False
BCE,Communication Services,Telecom Services,RSI,RSI 維持強勢 (50-70),None,0.0,0.51,0.3082,,0.3082,0,5205,0.0026,23.25,23.31,23.37,23.02,2026-09-10,3,False
RCI,Communication Services,Telecom Services,RSI,RSI 維持強勢 (50-70),None,0.0,0.51,0.3082,,0.3082,0,5205,0.0026,36.09,36.18,36.28,35.73,2026-09-10,3,False
SKM,Communication Services,Telecom Services,RSI,RSI 維持強勢 (50-70),None,0.0,0.51,0.3082,,0.3082,0,5205,0.0026,37.32,37.42,37.51,36.95,2026-09-09,3,False
SPOT,Communication Services,Internet Content & Information,RSI,RSI 維持強勢 (50-70),None,0.0,0.51,0.3082,,0.3082,0,5205,0.0026,528.64,530.01,531.39,523.35,2026-09-08,3,False
PTC,Information Technology,Software - Application,BB,BB 跌破下軌 (超賣),None,0.0,0.45499999999999996,0.3077,0.3077,0.3447,13,1001,-0.0031,128.72,128.32,127.92,127.43,2026-09-10,3,False
HUBB,Industrials,Electrical Equipment & Parts,MACD,MACD 金叉 (空頭區),None,0.0,0.42,0.3077,0.3077,0.3303,13,875,-0.0013,460.4,459.8,459.2,455.8,2026-09-11,3,False
FLUT,Consumer Discretionary,Gambling,RSI,RSI 上穿 50 中性線,None,0.0,0.4675,0.3072,,0.3072,0,1123,0.0037,100.7,101.07,101.45,99.69,2026-09-08,3,False
HMC,Consumer Discretionary,Auto Manufacturers,RSI,RSI 上穿 50 中性線,None,0.0,0.4675,0.3072,,0.3072,0,1123,0.0037,31.62,31.74,31.85,31.3,2026-09-10,3,False
TM,Consumer Discretionary,Auto Manufacturers,RSI,RSI 上穿 50 中性線,None,0.0,0.4675,0.3072,,0.3072,0,1123,0.0037,192.48,193.19,193.9,190.56,2026-09-10,3,False
NEE,Utilities,Utilities - Regulated Electric,RSI,RSI 加速上升,None,0.0,0.5525,0.3061,0.3061,0.2565,147,4905,0.0038,83.83,84.15,84.47,82.99,2026-09-08,3,False
FOXA,Communication Services,Entertainment,RSI,RSI 維持強勢 (50-70),None,0.0,0.51,0.3052,0.3052,0.3082,249,5205,0.0017,65.18,65.29,65.4,64.53,2026-09-10,3,False
ESI,Materials,Specialty Chemicals,RSI,RSI 加速上升,None,0.0,0.5525,0.3048,,0.3048,0,3639,0.0024,35.78,35.87,35.95,35.42,2026-09-09,3,False
MT,Materials,Steel,RSI,RSI 加速上升,None,0.0,0.5525,0.3048,,0.3048,0,3639,0.0024,77.05,77.23,77.42,76.28,2026-09-09,3,False
NTR,Materials,Agricultural Inputs,RSI,RSI 加速上升,None,0.0,0.5525,0.3048,,0.3048,0,3639,0.0024,80.68,80.87,81.07,79.87,2026-09-08,3,False
PAAS,Materials,Gold,RSI,RSI 加速上升,None,0.0,0.5525,0.3048,,0.3048,0,3639,0.0024,52.9,53.03,53.15,52.37,2026-09-09,3,False
MO,Consumer Staples,Tobacco,BB,BB 中軌向上（上升趨勢）,None,0.0,0.51,0.3048,0.3048,0.2466,210,6128,0.0013,68.79,68.88,68.97,68.1,2026-09-10,3,False
CMG,Consumer Discretionary,Restaurants,BB,價格在 BB 中軌上方,None,0.0,0.425,0.3047,0.3047,0.2984,256,12430,0.0009,36.96,36.99,37.03,36.59,2026-09-08,3,False
MDLZ,Consumer Staples,Confectioners,RSI,RSI 上穿 50 中性線,None,0.0,0.4675,0.3043,0.3043,0.2565,23,928,0.004,62.42,62.67,62.92,61.8,2026-09-09,3,False
TROW,Financials,Asset Management,BB,BB 跌破下軌 (超賣),None,0.0,0.45499999999999996,0.3043,0.3043,0.3485,23,1277,-0.0002,107.55,107.53,107.51,106.47,2026-09-10,3,False
SLB,Energy,Oil & Gas Equipment & Services,BB,價格在 BB 中軌上方,None,0.0,0.425,0.3028,0.3028,0.2998,218,5768,-0.0018,56.01,55.91,55.81,55.45,2026-09-10,3,False
PAG,Consumer Discretionary,Auto & Truck Dealerships,RSI,RSI 動能加速（強勢區）,None,0.0,0.51,0.3027,,0.3027,0,1665,0.0035,218.31,219.07,219.84,216.13,2026-09-09,3,False
CIEN,Information Technology,Communication Equipment,KDJ,KDJ 超賣區金叉,None,0.0,0.5599999999999999,0.3016,,0.3016,0,368,-0.0,338.0,338.0,338.0,334.62,2026-09-09,3,False
AEG,Financials,Insurance - Diversified,RSI,RSI 加速上升,None,0.0,0.5525,0.3014,,0.3014,0,11488,0.0041,9.12,9.16,9.19,9.03,2026-09-08,3,False
BCH,Financials,Banks - Regional,RSI,RSI 加速上升,None,0.0,0.5525,0.3014,,0.3014,0,11488,0.0041,42.37,42.54,42.72,41.95,2026-09-08,3,False
BCS,Financials,Banks - Diversified,RSI,RSI 加速上升,None,0.0,0.5525,0.3014,,0.3014,0,11488,0.0041,26.44,26.55,26.66,26.18,2026-09-09,3,False
BSAC,Financials,Banks - Regional,RSI,RSI 加速上升,None,0.0,0.5525,0.3014,,0.3014,0,11488,0.0041,35.55,35.7,35.84,35.19,2026-09-08,3,False
BSBR,Financials,Banks - Regional,RSI,RSI 加速上升,None,0.0,0.5525,0.3014,,0.3014,0,11488,0.0041,5.95,5.97,6.0,5.89,2026-09-08,3,False
CET,Financials,Asset Management,RSI,RSI 加速上升,None,0.0,0.5525,0.3014,,0.3014,0,11488,0.0041,55.5,55.73,55.96,54.95,2026-09-10,3,False
CIB,Financials,Banks - Regional,RSI,RSI 加速上升,None,0.0,0.5525,0.3014,,0.3014,0,11488,0.0041,100.04,100.45,100.86,99.04,2026-09-09,3,False
CM,Financials,Banks - Diversified,RSI,RSI 加速上升,None,0.0,0.5525,0.3014,,0.3014,0,11488,0.0041,114.96,115.43,115.9,113.81,2026-09-09,3,False
CRBG,Financials,Asset Management,RSI,RSI 加速上升,None,0.0,0.5525,0.3014,,0.3014,0,11488,0.0041,33.82,33.96,34.1,33.48,2026-09-09,3,False
EQH,Financials,Asset Management,RSI,RSI 加速上升,None,0.0,0.5525,0.3014,,0.3014,0,11488,0.0041,52.09,52.3,52.52,51.57,2026-09-09,3,False
EVR,Financials,Capital Markets,RSI,RSI 加速上升,None,0.0,0.5525,0.3014,,0.3014,0,11488,0.0041,295.67,296.88,298.09,292.71,2026-09-08,3,False
EWBC,Financials,Banks - Regional,RSI,RSI 加速上升,None,0.0,0.5525,0.3014,,0.3014,0,11488,0.0041,128.28,128.81,129.33,127.0,2026-09-09,3,False
FHN,Financials,Banks - Regional,RSI,RSI 加速上升,None,0.0,0.5525,0.3014,,0.3014,0,11488,0.0041,24.58,24.68,24.78,24.33,2026-09-09,3,False
GLXY,Financials,Capital Markets,RSI,RSI 加速上升,None,0.0,0.5525,0.3014,,0.3014,0,11488,0.0041,27.05,27.16,27.27,26.78,2026-09-08,3,False
HSBC,Financials,Banks - Diversified,RSI,RSI 加速上升,None,0.0,0.5525,0.3014,,0.3014,0,11488,0.0041,106.26,106.7,107.13,105.2,2026-09-08,3,False
HUT,Financials,Capital Markets,RSI,RSI 加速上升,None,0.0,0.5525,0.3014,,0.3014,0,11488,0.0041,90.6,90.97,91.34,89.69,2026-09-10,3,False
ING,Financials,Banks - Diversified,RSI,RSI 加速上升,None,0.0,0.5525,0.3014,,0.3014,0,11488,0.0041,36.65,36.8,36.95,36.28,2026-09-09,3,False
LYG,Financials,Banks - Regional,RSI,RSI 加速上升,None,0.0,0.5525,0.3014,,0.3014,0,11488,0.0041,6.0,6.02,6.05,5.94,2026-09-08,3,False
MFG,Financials,Banks - Regional,RSI,RSI 加速上升,None,0.0,0.5525,0.3014,,0.3014,0,11488,0.0041,11.14,11.19,11.23,11.03,2026-09-08,3,False
NU,Financials,Banks - Regional,RSI,RSI 加速上升,None,0.0,0.5525,0.3014,,0.3014,0,11488,0.0041,15.33,15.39,15.46,15.18,2026-09-08,3,False
NWG,Financials,Banks - Regional,RSI,RSI 加速上升,None,0.0,0.5525,0.3014,,0.3014,0,11488,0.0041,18.67,18.75,18.82,18.48,2026-09-08,3,False
PNFP,Financials,Banks - Regional,RSI,RSI 加速上升,None,0.0,0.5525,0.3014,,0.3014,0,11488,0.0041,99.13,99.54,99.94,98.14,2026-09-09,3,False
RY,Financials,Banks - Diversified,RSI,RSI 加速上升,None,0.0,0.5525,0.3014,,0.3014,0,11488,0.0041,206.81,207.66,208.51,204.74,2026-09-09,3,False
SF,Financials,Capital Markets,RSI,RSI 加速上升,None,0.0,0.5525,0.3014,,0.3014,0,11488,0.0041,80.65,80.98,81.31,79.84,2026-09-09,3,False
SLF,Financials,Insurance - Diversified,RSI,RSI 加速上升,None,0.0,0.5525,0.3014,,0.3014,0,11488,0.0041,79.55,79.88,80.2,78.75,2026-09-08,3,False
SNEX,Financials,Capital Markets,RSI,RSI 加速上升,None,0.0,0.5525,0.3014,,0.3014,0,11488,0.0041,69.77,70.06,70.34,69.07,2026-09-10,3,False
UMBF,Financials,Banks - Regional,RSI,RSI 加速上升,None,0.0,0.5525,0.3014,,0.3014,0,11488,0.0041,140.72,141.3,141.87,139.31,2026-09-09,3,False
VLYPN,Financials,Banks - Regional,RSI,RSI 加速上升,None,0.0,0.5525,0.3014,,0.3014,0,11488,0.0041,26.1,26.21,26.31,25.84,2026-09-11,3,False
VLYPP,Financials,Banks - Regional,RSI,RSI 加速上升,None,0.0,0.5525,0.3014,,0.3014,0,11488,0.0041,25.25,25.35,25.46,25.0,2026-09-09,3,False
WULF,Financials,Capital Markets,RSI,RSI 加速上升,None,0.0,0.5525,0.3014,,0.3014,0,11488,0.0041,17.13,17.2,17.27,16.96,2026-09-09,3,False
CPT,Real Estate,REIT - Residential,RSI,RSI 超賣區域 (30),None,0.0,0.5249999999999999,0.3012,,0.3012,0,166,0.0043,102.5,102.94,103.38,101.47,2026-09-10,3,False
ELS,Real Estate,REIT - Residential,RSI,RSI 超賣區域 (30),None,0.0,0.5249999999999999,0.3012,,0.3012,0,166,0.0043,61.07,61.33,61.6,60.46,2026-09-09,3,False
LINE,Real Estate,REIT - Industrial,RSI,RSI 超賣區域 (30),None,0.0,0.5249999999999999,0.3012,,0.3012,0,166,0.0043,37.39,37.55,37.71,37.02,2026-09-10,3,False
PSA,Real Estate,REIT - Industrial,RSI,RSI 超賣區域 (30),None,0.0,0.5249999999999999,0.3012,,0.3012,0,166,0.0043,294.6,295.87,297.13,291.65,2026-09-09,3,False
EOG,Energy,Oil & Gas E&P,KDJ,KDJ 金叉,None,0.0,0.5525,0.3,0.3,0.3614,20,498,0.0001,147.01,147.02,147.04,145.54,2026-09-09,3,False
ROK,Industrials,Specialty Industrial Machinery,RSI,RSI 加速上升,None,0.0,0.5525,0.3,0.3,0.2981,130,11545,0.0009,426.08,426.46,426.85,421.82,2026-09-09,3,False
CVX,Energy,Oil & Gas Integrated,RSI,RSI 動能加速（強勢區）,None,0.0,0.51,0.3,0.3,0.3265,40,873,0.0003,213.81,213.87,213.94,211.67,2026-09-09,3,False
INCY,Health Care,Biotechnology,RSI,RSI 動能加速（強勢區）,None,0.0,0.51,0.3,0.3,0.2606,30,1869,0.0016,126.01,126.21,126.41,124.75,2026-09-09,3,False
NDAQ,Financials,Financial Data & Stock Exchanges,BB,BB 跌破下軌 (超賣),None,0.0,0.45499999999999996,0.3,0.3,0.3485,10,1277,0.0042,92.01,92.4,92.78,91.09,2026-09-10,3,False
AM,Energy,Oil & Gas Midstream,BB,價格在 BB 中軌上方,None,0.0,0.425,0.2998,,0.2998,0,5768,-0.0016,22.84,22.8,22.77,22.61,2026-09-09,3,False
AR,Energy,Oil & Gas E&P,BB,價格在 BB 中軌上方,None,0.0,0.425,0.2998,,0.2998,0,5768,-0.0016,39.17,39.11,39.04,38.78,2026-09-10,3,False
FTI,Energy,Oil & Gas Equipment & Services,BB,價格在 BB 中軌上方,None,0.0,0.425,0.2998,,0.2998,0,5768,-0.0016,77.81,77.69,77.56,77.03,2026-09-09,3,False
PAA,Energy,Oil & Gas Midstream,BB,價格在 BB 中軌上方,None,0.0,0.425,0.2998,,0.2998,0,5768,-0.0016,25.72,25.68,25.64,25.46,2026-09-10,3,False
TS,Energy,Oil & Gas Equipment & Services,BB,價格在 BB 中軌上方,None,0.0,0.425,0.2998,,0.2998,0,5768,-0.0016,56.92,56.83,56.74,56.35,2026-09-10,3,False
CBOE,Financials,Financial Data & Stock Exchanges,BB,BB 中軌向上（上升趨勢）,None,0.0,0.51,0.2996,0.2996,0.2681,257,16575,0.0034,287.49,288.47,289.44,284.62,2026-09-10,3,False
MELI,Consumer Discretionary,Internet Retail,RSI,RSI 維持強勢 (50-70),None,0.0,0.51,0.2995,,0.2995,0,10441,0.0032,1926.25,1932.41,1938.58,1906.99,2026-09-08,3,False
QSR,Consumer Discretionary,Restaurants,RSI,RSI 維持強勢 (50-70),None,0.0,0.51,0.2995,,0.2995,0,10441,0.0032,78.27,78.52,78.77,77.49,2026-09-08,3,False
DLR,Real Estate,REIT - Specialty,RSI,RSI 維持強勢 (50-70),None,0.0,0.51,0.299,0.299,0.2509,301,7011,0.0013,189.5,189.75,189.99,187.6,2026-09-08,3,False
BE,Industrials,Electrical Equipment & Parts,RSI,RSI 維持強勢 (50-70),None,0.0,0.51,0.2986,,0.2986,0,19157,0.0036,258.49,259.42,260.35,255.91,2026-09-10,3,False
CLH,Industrials,Waste Management,RSI,RSI 維持強勢 (50-70),None,0.0,0.51,0.2986,,0.2986,0,19157,0.0036,320.94,322.1,323.25,317.73,2026-09-10,3,False
CNH,Industrials,Farm & Heavy Construction Machinery,RSI,RSI 維持強勢 (50-70),None,0.0,0.51,0.2986,,0.2986,0,19157,0.0036,13.5,13.55,13.6,13.37,2026-09-10,3,False
EMBJ,Industrials,Aerospace & Defense,RSI,RSI 維持強勢 (50-70),None,0.0,0.51,0.2986,,0.2986,0,19157,0.0036,74.75,75.02,75.29,74.0,2026-09-10,3,False
GFL,Industrials,Waste Management,RSI,RSI 維持強勢 (50-70),None,0.0,0.51,0.2986,,0.2986,0,19157,0.0036,41.63,41.78,41.93,41.21,2026-09-10,3,False
KNX,Industrials,Trucking,RSI,RSI 維持強勢 (50-70),None,0.0,0.51,0.2986,,0.2986,0,19157,0.0036,70.79,71.04,71.3,70.08,2026-09-08,3,False
LTM,Industrials,Airlines,RSI,RSI 維持強勢 (50-70),None,0.0,0.51,0.2986,,0.2986,0,19157,0.0036,52.45,52.64,52.83,51.93,2026-09-08,3,False
MLI,Industrials,Metal Fabrication,RSI,RSI 維持強勢 (50-70),None,0.0,0.51,0.2986,,0.2986,0,19157,0.0036,63.71,63.94,64.17,63.07,2026-09-09,3,False
SPCX,Industrials,Aerospace & Defense,RSI,RSI 維持強勢 (50-70),None,0.0,0.51,0.2986,,0.2986,0,19157,0.0036,148.18,148.71,149.25,146.7,2026-09-10,3,False
SYM,Industrials,Specialty Industrial Machinery,RSI,RSI 維持強勢 (50-70),None,0.0,0.51,0.2986,,0.2986,0,19157,0.0036,42.62,42.77,42.93,42.19,2026-09-09,3,False
WTS,Industrials,Specialty Industrial Machinery,RSI,RSI 維持強勢 (50-70),None,0.0,0.51,0.2986,,0.2986,0,19157,0.0036,360.98,362.28,363.58,357.37,2026-09-08,3,False
CRM,Information Technology,Software - Application,BB,價格在 BB 中軌上方,None,0.0,0.425,0.2986,0.2986,0.3573,288,20206,-0.0022,243.0,242.47,241.93,240.57,2026-09-10,3,False
STLA,Consumer Discretionary,Auto Manufacturers,BB,價格在 BB 中軌上方,None,0.0,0.425,0.2984,,0.2984,0,12430,0.0031,5.39,5.41,5.42,5.34,2026-09-08,3,False
CW,Industrials,Aerospace & Defense,RSI,RSI 維持超賣,None,0.0,0.385,0.2983,,0.2983,0,848,0.0072,559.74,563.77,567.8,554.14,2026-09-10,3,False
DRS,Industrials,Aerospace & Defense,RSI,RSI 維持超賣,None,0.0,0.385,0.2983,,0.2983,0,848,0.0072,36.31,36.57,36.83,35.95,2026-09-10,3,False
DY,Industrials,Engineering & Construction,RSI,RSI 維持超賣,None,0.0,0.385,0.2983,,0.2983,0,848,0.0072,290.49,292.58,294.67,287.59,2026-09-09,3,False
AAON,Industrials,Building Products & Equipment,RSI,RSI 加速上升,None,0.0,0.5525,0.2981,,0.2981,0,11545,0.003,79.4,79.64,79.88,78.61,2026-09-08,3,False
APG,Industrials,Engineering & Construction,RSI,RSI 加速上升,None,0.0,0.5525,0.2981,,0.2981,0,11545,0.003,40.2,40.32,40.44,39.8,2026-09-08,3,False
ARMK,Industrials,Specialty Business Services,RSI,RSI 加速上升,None,0.0,0.5525,0.2981,,0.2981,0,11545,0.003,57.58,57.75,57.93,57.0,2026-09-08,3,False
BWXT,Industrials,Aerospace & Defense,RSI,RSI 加速上升,None,0.0,0.5525,0.2981,,0.2981,0,11545,0.003,160.41,160.89,161.37,158.81,2026-09-08,3,False
CNI,Industrials,Railroads,RSI,RSI 加速上升,None,0.0,0.5525,0.2981,,0.2981,0,11545,0.003,121.84,122.21,122.57,120.62,2026-09-09,3,False
CP,Industrials,Railroads,RSI,RSI 加速上升,None,0.0,0.5525,0.2981,,0.2981,0,11545,0.003,90.07,90.34,90.61,89.17,2026-09-09,3,False
CR,Industrials,Specialty Industrial Machinery,RSI,RSI 加速上升,None,0.0,0.5525,0.2981,,0.2981,0,11545,0.003,201.52,202.12,202.73,199.5,2026-09-09,3,False
FERG,Industrials,Industrial Distribution,RSI,RSI 加速上升,None,0.0,0.5525,0.2981,,0.2981,0,11545,0.003,223.22,223.89,224.56,220.99,2026-09-09,3,False
FPS,Industrials,Electrical Equipment & Parts,RSI,RSI 加速上升,None,0.0,0.5525,0.2981,,0.2981,0,11545,0.003,30.99,31.08,31.18,30.68,2026-09-09,3,False
FTAI,Industrials,Aerospace & Defense,RSI,RSI 加速上升,None,0.0,0.5525,0.2981,,0.2981,0,11545,0.003,196.69,197.28,197.87,194.72,2026-09-08,3,False
ITT,Industrials,Specialty Industrial Machinery,RSI,RSI 加速上升,None,0.0,0.5525,0.2981,,0.2981,0,11545,0.003,198.26,198.85,199.45,196.28,2026-09-09,3,False
MTZ,Industrials,Engineering & Construction,RSI,RSI 加速上升,None,0.0,0.5525,0.2981,,0.2981,0,11545,0.003,240.68,241.4,242.12,238.27,2026-09-09,3,False
PAC,Industrials,Airports & Air Services,RSI,RSI 加速上升,None,0.0,0.5525,0.2981,,0.2981,0,11545,0.003,207.95,208.57,209.2,205.87,2026-09-09,3,False
RKLB,Industrials,Aerospace & Defense,RSI,RSI 加速上升,None,0.0,0.5525,0.2981,,0.2981,0,11545,0.003,65.87,66.07,66.27,65.21,2026-09-08,3,False
RRX,Industrials,Specialty Industrial Machinery,RSI,RSI 加速上升,None,0.0,0.5525,0.2981,,0.2981,0,11545,0.003,159.61,160.09,160.57,158.01,2026-09-09,3,False
SAIA,Industrials,Trucking,RSI,RSI 加速上升,None,0.0,0.5525,0.2981,,0.2981,0,11545,0.003,346.0,347.04,348.08,342.54,2026-09-10,3,False
STRL,Industrials,Engineering & Construction,RSI,RSI 加速上升,None,0.0,0.5525,0.2981,,0.2981,0,11545,0.003,484.86,486.31,487.77,480.01,2026-09-10,3,False
SUNB,Industrials,Rental & Leasing Services,RSI,RSI 加速上升,None,0.0,0.5525,0.2981,,0.2981,0,11545,0.003,73.18,73.4,73.62,72.45,2026-09-10,3,False
TFII,Industrials,Trucking,RSI,RSI 加速上升,None,0.0,0.5525,0.2981,,0.2981,0,11545,0.003,131.13,131.52,131.92,129.82,2026-09-10,3,False
VMI,Industrials,Conglomerates,RSI,RSI 加速上升,None,0.0,0.5525,0.2981,,0.2981,0,11545,0.003,477.03,478.46,479.89,472.26,2026-09-10,3,False
WSO,Industrials,Industrial Distribution,RSI,RSI 加速上升,None,0.0,0.5525,0.2981,,0.2981,0,11545,0.003,316.02,316.97,317.92,312.86,2026-09-08,3,False
AMCR,Consumer Discretionary,Packaging & Containers,BB,BB 跌破下軌 (超賣),None,0.0,0.45499999999999996,0.2974,,0.2974,0,733,0.0008,43.13,43.16,43.2,42.7,2026-09-09,3,False
BALL,Consumer Discretionary,Packaging & Containers,BB,BB 跌破下軌 (超賣),None,0.0,0.45499999999999996,0.2974,,0.2974,0,733,0.0008,59.74,59.79,59.84,59.14,2026-09-10,3,False
CART,Consumer Discretionary,Internet Retail,BB,BB 跌破下軌 (超賣),None,0.0,0.45499999999999996,0.2974,,0.2974,0,733,0.0008,46.64,46.68,46.71,46.17,2026-09-09,3,False
CCK,Consumer Discretionary,Packaging & Containers,BB,BB 跌破下軌 (超賣),None,0.0,0.45499999999999996,0.2974,,0.2974,0,733,0.0008,111.79,111.88,111.97,110.67,2026-09-09,3,False
IHG,Consumer Discretionary,Lodging,BB,BB 跌破下軌 (超賣),None,0.0,0.45499999999999996,0.2974,,0.2974,0,733,0.0008,152.77,152.89,153.01,151.24,2026-09-10,3,False
PDD,Consumer Discretionary,Internet Retail,BB,BB 跌破下軌 (超賣),None,0.0,0.45499999999999996,0.2974,,0.2974,0,733,0.0008,78.61,78.67,78.74,77.82,2026-09-09,3,False
SCI,Consumer Discretionary,Personal Services,BB,BB 跌破下軌 (超賣),None,0.0,0.45499999999999996,0.2974,,0.2974,0,733,0.0008,79.69,79.75,79.82,78.89,2026-09-09,3,False
SN,Consumer Discretionary,"Furnishings, Fixtures & Appliances",BB,BB 跌破下軌 (超賣),None,0.0,0.45499999999999996,0.2974,,0.2974,0,733,0.0008,162.58,162.71,162.84,160.95,2026-09-10,3,False
SW,Consumer Discretionary,Packaging & Containers,BB,BB 跌破下軌 (超賣),None,0.0,0.45499999999999996,0.2974,,0.2974,0,733,0.0008,42.21,42.24,42.28,41.79,2026-09-10,3,False
TOL,Consumer Discretionary,Residential Construction,BB,BB 跌破下軌 (超賣),None,0.0,0.45499999999999996,0.2974,,0.2974,0,733,0.0008,132.48,132.59,132.69,131.16,2026-09-10,3,False
XPEV,Consumer Discretionary,Auto Manufacturers,BB,BB 跌破下軌 (超賣),None,0.0,0.45499999999999996,0.2974,,0.2974,0,733,0.0008,10.34,10.35,10.36,10.24,2026-09-10,3,False
OVV,Energy,Oil & Gas E&P,RSI,RSI 維持強勢 (50-70),None,0.0,0.51,0.2963,,0.2963,0,4891,-0.0026,64.0,63.83,63.67,63.36,2026-09-10,3,False
AGNCP,Real Estate,REIT - Mortgage,KDJ,KDJ 金叉,Consolidation Breakout,0.79,1.0,0.2958,,0.2958,0,71,0.0071,25.43,25.61,25.79,25.18,2026-09-11,3,False
CCZ,Communication Services,Cable & Satellite,BB,BB 中軌向上（上升趨勢）,None,0.0,0.51,0.2943,,0.2943,0,4771,0.0017,64.67,64.78,64.89,64.02,2026-09-10,3,False
ERIE,Financials,Insurance Brokers,BB,BB 跌破下軌 (超賣),None,0.0,0.45499999999999996,0.2941,0.2941,0.3485,34,1277,-0.0012,240.4,240.11,239.82,238.0,2026-09-10,3,False
ES,Utilities,Utilities - Regulated Electric,RSI,RSI 加速上升,None,0.0,0.5525,0.293,0.293,0.2565,157,4905,0.0005,71.49,71.53,71.56,70.78,2026-09-08,3,False
PCG,Utilities,Utilities - Regulated Electric,RSI,RSI 加速上升,None,0.0,0.5525,0.2929,0.2929,0.2565,140,4905,0.0082,14.03,14.15,14.26,13.89,2026-09-10,3,False
GPN,Industrials,Specialty Business Services,BB,BB 中軌向上（上升趨勢）,None,0.0,0.51,0.2929,,0.2929,0,17460,0.0036,88.55,88.87,89.19,87.66,2026-09-10,3,False
TRI,Industrials,Specialty Business Services,BB,BB 中軌向上（上升趨勢）,None,0.0,0.51,0.2929,,0.2929,0,17460,0.0036,96.98,97.33,97.68,96.01,2026-09-09,3,False
COP,Energy,Oil & Gas E&P,BB,價格在 BB 中軌上方,None,0.0,0.425,0.2911,0.2911,0.2998,292,5768,-0.0078,137.04,135.97,134.9,135.67,2026-09-10,3,False
DKNG,Consumer Discretionary,Gambling,BB,BB 中軌向上（上升趨勢）,None,0.0,0.51,0.2908,,0.2908,0,9757,0.002,23.87,23.92,23.97,23.63,2026-09-08,3,False
HTHT,Consumer Discretionary,Lodging,BB,BB 中軌向上（上升趨勢）,None,0.0,0.51,0.2908,,0.2908,0,9757,0.002,43.01,43.1,43.18,42.58,2026-09-10,3,False
PYPL,Financials,Credit Services,RSI,RSI 加速上升,None,0.0,0.5525,0.2905,0.2905,0.3014,148,11488,-0.0038,53.18,52.98,52.78,52.65,2026-09-08,3,False
ADBE,Information Technology,Software - Application,BB,BB 中軌向上（上升趨勢）,None,0.0,0.51,0.2903,0.2903,0.3639,186,16781,-0.0083,257.26,255.12,252.99,254.69,2026-09-08,3,False
CAH,Health Care,Medical Distribution,RSI,RSI 維持強勢 (50-70),None,0.0,0.51,0.2898,0.2898,0.2772,314,12123,0.0079,240.0,241.9,243.79,237.6,2026-09-09,3,False
FOX,Communication Services,Entertainment,RSI,RSI 維持強勢 (50-70),None,0.0,0.51,0.2893,0.2893,0.3082,242,5205,0.0005,58.24,58.27,58.3,57.66,2026-09-08,3,False
ABBV,Health Care,Drug Manufacturers - General,BB,BB 中軌向上（上升趨勢）,None,0.0,0.51,0.2876,0.2876,0.2705,226,10885,0.006,255.0,256.53,258.06,252.45,2026-09-10,3,False
BUD,Consumer Staples,Beverages - Brewers,BB,價格在 BB 中軌上方,None,0.0,0.425,0.287,,0.287,0,345,-0.0002,79.73,79.71,79.7,78.93,2026-09-08,3,True
CCI,Real Estate,REIT - Specialty,BB,BB 中軌向上（上升趨勢）,None,0.0,0.51,0.2868,0.2868,0.2647,129,5713,0.0045,75.18,75.52,75.86,74.43,2026-09-09,3,False
BBY,Consumer Discretionary,Specialty Retail,RSI,RSI 維持強勢 (50-70),None,0.0,0.51,0.2865,0.2865,0.2995,178,10441,-0.0045,88.09,87.69,87.3,87.21,2026-09-10,3,False
AEM,Materials,Gold,RSI,RSI 維持強勢 (50-70),None,0.0,0.51,0.286,,0.286,0,5721,0.0013,196.68,196.94,197.19,194.71,2026-09-10,3,False
AU,Materials,Gold,RSI,RSI 維持強勢 (50-70),None,0.0,0.51,0.286,,0.286,0,5721,0.0013,108.53,108.67,108.81,107.44,2026-09-09,3,False
B,Materials,Gold,RSI,RSI 維持強勢 (50-70),None,0.0,0.51,0.286,,0.286,0,5721,0.0013,43.46,43.52,43.57,43.03,2026-09-10,3,False
CDE,Materials,Gold,RSI,RSI 維持強勢 (50-70),None,0.0,0.51,0.286,,0.286,0,5721,0.0013,20.34,20.37,20.39,20.14,2026-09-10,3,False
FNV,Materials,Gold,RSI,RSI 維持強勢 (50-70),None,0.0,0.51,0.286,,0.286,0,5721,0.0013,260.66,261.0,261.34,258.05,2026-09-10,3,False
JHX,Materials,Building Materials,RSI,RSI 維持強勢 (50-70),None,0.0,0.51,0.286,,0.286,0,5721,0.0013,29.86,29.9,29.94,29.56,2026-09-08,3,False
KGC,Materials,Gold,RSI,RSI 維持強勢 (50-70),None,0.0,0.51,0.286,,0.286,0,5721,0.0013,30.23,30.27,30.31,29.93,2026-09-09,3,False
PKX,Materials,Steel,RSI,RSI 維持強勢 (50-70),None,0.0,0.51,0.286,,0.286,0,5721,0.0013,61.6,61.68,61.76,60.98,2026-09-10,3,False
RGLD,Materials,Gold,RSI,RSI 維持強勢 (50-70),None,0.0,0.51,0.286,,0.286,0,5721,0.0013,253.98,254.31,254.64,251.44,2026-09-10,3,False
RIO,Materials,Other Industrial Metals & Mining,RSI,RSI 維持強勢 (50-70),None,0.0,0.51,0.286,,0.286,0,5721,0.0013,103.74,103.87,104.01,102.7,2026-09-09,3,False
SOLS,Materials,Specialty Chemicals,RSI,RSI 維持強勢 (50-70),None,0.0,0.51,0.286,,0.286,0,5721,0.0013,61.56,61.64,61.72,60.94,2026-09-10,3,False
DECK,Consumer Discretionary,Footwear & Accessories,RSI,RSI 超賣區域 (30),None,0.0,0.5249999999999999,0.2857,0.2857,0.3448,7,203,0.0005,80.23,80.27,80.31,79.43,2026-09-09,3,False
CME,Financials,Financial Data & Stock Exchanges,BB,BB 中軌向上（上升趨勢）,None,0.0,0.51,0.2857,0.2857,0.2681,224,16575,0.0013,274.07,274.43,274.78,271.33,2026-09-10,3,False
EXPD,Industrials,Integrated Freight & Logistics,RSI,RSI 動能加速（強勢區）,None,0.0,0.51,0.2857,0.2857,0.2891,35,3037,-0.0007,188.31,188.18,188.05,186.43,2026-09-09,3,False
MET,Financials,Insurance - Life,RSI,RSI 上穿 50 中性線,None,0.0,0.4675,0.2857,0.2857,0.3091,28,1899,0.0049,96.78,97.25,97.73,95.81,2026-09-10,3,False
CSGP,Real Estate,Real Estate Services,BB,BB 跌破下軌 (超賣),None,0.0,0.45499999999999996,0.2857,0.2857,0.25,21,564,-0.0036,29.49,29.38,29.28,29.2,2026-09-10,3,False
DHI,Consumer Discretionary,Residential Construction,BB,BB 跌破下軌 (超賣),None,0.0,0.45499999999999996,0.2857,0.2857,0.3556,7,239,-0.0115,135.57,134.01,132.45,134.21,2026-09-10,3,True
HPQ,Information Technology,Computer Hardware,BB,價格在 BB 中軌上方,None,0.0,0.425,0.2857,0.2857,0.3573,273,20206,-0.0001,32.73,32.73,32.72,32.4,2026-09-10,3,False
SQM,Materials,Specialty Chemicals,BB,BB 中軌向上（上升趨勢）,None,0.0,0.51,0.2853,,0.2853,0,5036,0.0007,72.49,72.54,72.59,71.77,2026-09-10,3,False
CYTK,Health Care,Biotechnology,KDJ,KDJ 金叉,None,0.0,0.5525,0.2852,,0.2852,0,1536,0.0022,75.35,75.52,75.68,74.6,2026-09-08,3,False
JAZZ,Health Care,Biotechnology,KDJ,KDJ 金叉,None,0.0,0.5525,0.2852,,0.2852,0,1536,0.0022,240.48,241.01,241.54,238.08,2026-09-10,3,False
MDGL,Health Care,Biotechnology,KDJ,KDJ 金叉,None,0.0,0.5525,0.2852,,0.2852,0,1536,0.0022,546.66,547.86,549.07,541.19,2026-09-09,3,False
TEVA,Health Care,Drug Manufacturers - Specialty & Generic,KDJ,KDJ 金叉,None,0.0,0.5525,0.2852,,0.2852,0,1536,0.0022,36.85,36.93,37.01,36.48,2026-09-09,3,False
UTHR,Health Care,Drug Manufacturers - Specialty & Generic,KDJ,KDJ 金叉,None,0.0,0.5525,0.2852,,0.2852,0,1536,0.0022,506.82,507.94,509.05,501.75,2026-09-09,3,False
BBVA,Financials,Banks - Diversified,BB,價格在 BB 中軌上方,None,0.0,0.425,0.2847,,0.2847,0,21689,0.0031,29.08,29.17,29.26,28.79,2026-09-09,3,False
BNY,Financials,Banks - Diversified,BB,價格在 BB 中軌上方,None,0.0,0.425,0.2847,,0.2847,0,21689,0.0031,162.59,163.09,163.6,160.96,2026-09-10,3,False
BPYPM,Financials,Asset Management,BB,價格在 BB 中軌上方,None,0.0,0.425,0.2847,,0.2847,0,21689,0.0031,17.0235,17.08,17.13,16.85,2026-09-11,3,False
CRCL,Financials,Capital Markets,BB,價格在 BB 中軌上方,None,0.0,0.425,0.2847,,0.2847,0,21689,0.0031,90.32,90.6,90.88,89.42,2026-09-10,3,False
DB,Financials,Banks - Regional,BB,價格在 BB 中軌上方,None,0.0,0.425,0.2847,,0.2847,0,21689,0.0031,40.35,40.48,40.6,39.95,2026-09-10,3,False
FUTU,Financials,Capital Markets,BB,價格在 BB 中軌上方,None,0.0,0.425,0.2847,,0.2847,0,21689,0.0031,116.74,117.1,117.46,115.57,2026-09-09,3,False
HBANM,Financials,Banks - Regional,BB,價格在 BB 中軌上方,None,0.0,0.425,0.2847,,0.2847,0,21689,0.0031,20.6,20.66,20.73,20.39,2026-09-09,3,False
KB,Financials,Banks - Regional,BB,價格在 BB 中軌上方,None,0.0,0.425,0.2847,,0.2847,0,21689,0.0031,126.55,126.94,127.33,125.28,2026-09-10,3,False
MUFG,Financials,Banks - Diversified,BB,價格在 BB 中軌上方,None,0.0,0.425,0.2847,,0.2847,0,21689,0.0031,23.29,23.36,23.43,23.06,2026-09-10,3,False
RGA,Financials,Insurance - Reinsurance,BB,價格在 BB 中軌上方,None,0.0,0.425,0.2847,,0.2847,0,21689,0.0031,247.45,248.22,248.98,244.98,2026-09-10,3,False
SAN,Financials,Banks - Diversified,BB,價格在 BB 中軌上方,None,0.0,0.425,0.2847,,0.2847,0,21689,0.0031,14.63,14.68,14.72,14.48,2026-09-10,3,False
SHG,Financials,Banks - Regional,BB,價格在 BB 中軌上方,None,0.0,0.425,0.2847,,0.2847,0,21689,0.0031,81.23,81.48,81.73,80.42,2026-09-10,3,False
UBS,Financials,Banks - Diversified,BB,價格在 BB 中軌上方,None,0.0,0.425,0.2847,,0.2847,0,21689,0.0031,54.84,55.01,55.18,54.29,2026-09-09,3,False
UNM,Financials,Insurance - Life,BB,價格在 BB 中軌上方,None,0.0,0.425,0.2847,,0.2847,0,21689,0.0031,94.31,94.6,94.89,93.37,2026-09-10,3,False
WF,Financials,Banks - Regional,BB,價格在 BB 中軌上方,None,0.0,0.425,0.2847,,0.2847,0,21689,0.0031,74.56,74.79,75.02,73.81,2026-09-10,3,False
SEIC,Financials,Asset Management,RSI,RSI 維持強勢 (50-70),None,0.0,0.51,0.2842,,0.2842,0,19108,0.003,108.6,108.93,109.25,107.51,2026-09-08,3,False
SPY,Financials,Asset Management,RSI,RSI 維持強勢 (50-70),None,0.0,0.51,0.2842,,0.2842,0,19108,0.003,765.96,768.26,770.56,758.3,2026-09-08,3,False
ZION,Financials,Banks - Regional,RSI,RSI 維持強勢 (50-70),None,0.0,0.51,0.2842,,0.2842,0,19108,0.003,68.29,68.49,68.7,67.61,2026-09-10,3,False
AER,Industrials,Rental & Leasing Services,BB,BB 跌破下軌 (超賣),None,0.0,0.45499999999999996,0.2838,,0.2838,0,1258,0.0043,140.43,141.03,141.64,139.03,2026-09-10,3,False
QXO,Industrials,Industrial Distribution,BB,BB 跌破下軌 (超賣),None,0.0,0.45499999999999996,0.2838,,0.2838,0,1258,0.0043,12.29,12.34,12.4,12.17,2026-09-10,3,False
WCN,Industrials,Waste Management,BB,BB 跌破下軌 (超賣),None,0.0,0.45499999999999996,0.2838,,0.2838,0,1258,0.0043,159.44,160.13,160.81,157.85,2026-09-10,3,False
IFF,Materials,Specialty Chemicals,RSI,RSI 維持強勢 (50-70),None,0.0,0.51,0.2828,0.2828,0.286,244,5721,-0.0019,85.62,85.46,85.29,84.76,2026-09-08,3,False
FMS,Health Care,Medical Care Facilities,RSI,RSI 超賣區域 (30),None,0.0,0.5249999999999999,0.2827,,0.2827,0,336,-0.0013,22.23,22.2,22.17,22.01,2026-09-10,3,False
STE,Health Care,Medical Devices,RSI,RSI 超賣區域 (30),None,0.0,0.5249999999999999,0.2827,,0.2827,0,336,-0.0013,212.45,212.17,211.9,210.33,2026-09-10,3,False
PSX,Energy,Oil & Gas Refining & Marketing,RSI,RSI 加速上升,None,0.0,0.5525,0.2821,0.2821,0.3227,156,3306,0.0032,259.14,259.97,260.8,256.55,2026-09-08,3,False
AGNCO,Real Estate,REIT - Mortgage,KDJ,KDJ 金叉,None,0.0,0.5525,0.2818,,0.2818,0,550,0.0003,25.67,25.68,25.69,25.41,2026-09-10,3,False
STZ,Consumer Staples,Beverages - Brewers,BB,BB 跌破下軌 (超賣),None,0.0,0.45499999999999996,0.2812,0.2812,0.2667,32,705,0.0038,121.55,122.01,122.47,120.33,2026-09-09,3,False
DE,Industrials,Farm & Heavy Construction Machinery,BB,價格在 BB 中軌上方,None,0.0,0.425,0.2812,0.2812,0.295,224,22337,0.0017,677.94,679.09,680.24,671.16,2026-09-10,3,False
ALNY,Health Care,Biotechnology,BB,價格在 BB 中軌上方,None,0.0,0.425,0.2804,,0.2804,0,14417,0.0008,247.51,247.71,247.91,245.03,2026-09-10,3,False
ARGX,Health Care,Biotechnology,BB,價格在 BB 中軌上方,None,0.0,0.425,0.2804,,0.2804,0,14417,0.0008,1007.07,1007.88,1008.68,997.0,2026-09-08,3,False
ASND,Health Care,Biotechnology,BB,價格在 BB 中軌上方,None,0.0,0.425,0.2804,,0.2804,0,14417,0.0008,261.23,261.44,261.65,258.62,2026-09-10,3,False
AXSM,Health Care,Biotechnology,BB,價格在 BB 中軌上方,None,0.0,0.425,0.2804,,0.2804,0,14417,0.0008,211.115,211.28,211.45,209.0,2026-09-10,3,False
BTSGU,Health Care,Health Information Services,BB,價格在 BB 中軌上方,None,0.0,0.425,0.2804,,0.2804,0,14417,0.0008,204.52,204.68,204.85,202.47,2026-09-09,3,False
ELAN,Health Care,Drug Manufacturers - Specialty & Generic,BB,價格在 BB 中軌上方,None,0.0,0.425,0.2804,,0.2804,0,14417,0.0008,23.97,23.99,24.01,23.73,2026-09-08,3,False
EXEL,Health Care,Biotechnology,BB,價格在 BB 中軌上方,None,0.0,0.425,0.2804,,0.2804,0,14417,0.0008,57.43,57.48,57.52,56.86,2026-09-10,3,False
GMAB,Health Care,Biotechnology,BB,價格在 BB 中軌上方,None,0.0,0.425,0.2804,,0.2804,0,14417,0.0008,33.53,33.56,33.58,33.19,2026-09-08,3,False
ILMN,Health Care,Diagnostics & Research,BB,價格在 BB 中軌上方,None,0.0,0.425,0.2804,,0.2804,0,14417,0.0008,211.06,211.23,211.4,208.95,2026-09-08,3,False
KRYS,Health Care,Biotechnology,BB,價格在 BB 中軌上方,None,0.0,0.425,0.2804,,0.2804,0,14417,0.0008,351.26,351.54,351.82,347.75,2026-09-08,3,False
NBIX,Health Care,Drug Manufacturers - Specialty & Generic,BB,價格在 BB 中軌上方,None,0.0,0.425,0.2804,,0.2804,0,14417,0.0008,156.57,156.7,156.82,155.0,2026-09-10,3,False
NTRA,Health Care,Diagnostics & Research,BB,價格在 BB 中軌上方,None,0.0,0.425,0.2804,,0.2804,0,14417,0.0008,326.14,326.4,326.66,322.88,2026-09-10,3,False
SMMT,Health Care,Biotechnology,BB,價格在 BB 中軌上方,None,0.0,0.425,0.2804,,0.2804,0,14417,0.0008,17.0,17.01,17.03,16.83,2026-09-10,3,False
TEM,Health Care,Health Information Services,BB,價格在 BB 中軌上方,None,0.0,0.425,0.2804,,0.2804,0,14417,0.0008,64.29,64.34,64.39,63.65,2026-09-08,3,False
CHD,Consumer Staples,Household & Personal Products,BB,BB 跌破下軌 (超賣),None,0.0,0.45499999999999996,0.28,0.28,0.2667,25,705,0.0093,93.94,94.81,95.69,93.0,2026-09-10,3,False
RJF,Financials,Asset Management,RSI,RSI 維持強勢 (50-70),None,0.0,0.51,0.2791,0.2791,0.2842,258,19108,0.0043,176.55,177.31,178.07,174.78,2026-09-08,3,False
HSY,Consumer Staples,Confectioners,KDJ,KDJ 金叉,None,0.0,0.5525,0.2778,0.2778,0.2503,18,779,0.0023,174.34,174.74,175.14,172.6,2026-09-10,3,False
BAX,Health Care,Medical Instruments & Supplies,BB,BB 跌破下軌 (超賣),None,0.0,0.45499999999999996,0.2778,0.2778,0.2752,18,974,-0.0063,24.18,24.03,23.88,23.94,2026-09-10,3,False
MEDP,Health Care,Diagnostics & Research,RSI,RSI 維持強勢 (50-70),None,0.0,0.51,0.2772,,0.2772,0,12123,0.0009,590.89,591.42,591.95,584.98,2026-09-08,3,False
RVMD,Health Care,Biotechnology,RSI,RSI 維持強勢 (50-70),None,0.0,0.51,0.2772,,0.2772,0,12123,0.0009,207.68,207.87,208.05,205.6,2026-09-09,3,False
TRMB,Information Technology,Scientific & Technical Instruments,RSI,RSI 維持強勢 (50-70),None,0.0,0.51,0.2757,0.2757,0.3645,185,16764,-0.0006,58.78,58.74,58.71,58.19,2026-09-08,3,False
ALC,Health Care,Medical Instruments & Supplies,BB,BB 跌破下軌 (超賣),None,0.0,0.45499999999999996,0.2752,,0.2752,0,974,-0.0017,66.55,66.44,66.32,65.88,2026-09-10,3,False
BRKRP,Health Care,Medical Devices,BB,BB 跌破下軌 (超賣),None,0.0,0.45499999999999996,0.2752,,0.2752,0,974,-0.0017,395.14,394.47,393.8,391.19,2026-09-10,3,False
GSK,Health Care,Drug Manufacturers - General,BB,BB 跌破下軌 (超賣),None,0.0,0.45499999999999996,0.2752,,0.2752,0,974,-0.0017,48.54,48.46,48.37,48.05,2026-09-08,3,False
MDLN,Health Care,Medical Instruments & Supplies,BB,BB 跌破下軌 (超賣),None,0.0,0.45499999999999996,0.2752,,0.2752,0,974,-0.0017,32.39,32.33,32.28,32.07,2026-09-10,3,False
PEN,Health Care,Medical Devices,BB,BB 跌破下軌 (超賣),None,0.0,0.45499999999999996,0.2752,,0.2752,0,974,-0.0017,317.78,317.24,316.7,314.6,2026-09-10,3,False
RDY,Health Care,Drug Manufacturers - Specialty & Generic,BB,BB 跌破下軌 (超賣),None,0.0,0.45499999999999996,0.2752,,0.2752,0,974,-0.0017,11.71,11.69,11.67,11.59,2026-09-10,3,False
SNN,Health Care,Medical Devices,BB,BB 跌破下軌 (超賣),None,0.0,0.45499999999999996,0.2752,,0.2752,0,974,-0.0017,27.62,27.57,27.53,27.34,2026-09-10,3,False
CSX,Industrials,Railroads,RSI,RSI 加速上升,None,0.0,0.5525,0.2744,0.2744,0.2981,164,11545,0.003,49.04,49.19,49.33,48.55,2026-09-10,3,False
NWSA,Communication Services,Entertainment,RSI,RSI 維持強勢 (50-70),None,0.0,0.51,0.2742,0.2742,0.3082,248,5205,0.0028,29.72,29.8,29.89,29.42,2026-09-08,3,False
COR,Health Care,Medical Distribution,BB,價格在 BB 中軌上方,None,0.0,0.425,0.2738,0.2738,0.2804,347,14417,0.0038,323.32,324.55,325.78,320.09,2026-09-09,3,False
EBAY,Consumer Discretionary,Internet Retail,BB,價格在 BB 中軌上方,None,0.0,0.425,0.273,0.273,0.2984,304,12430,-0.0004,105.03,104.99,104.95,103.98,2026-09-10,3,False
TMUS,Communication Services,Telecom Services,BB,價格在 BB 中軌上方,None,0.0,0.425,0.2706,0.2706,0.3007,255,6080,0.0038,181.69,182.38,183.07,179.87,2026-09-08,3,False
BNTX,Health Care,Biotechnology,BB,BB 中軌向上（上升趨勢）,None,0.0,0.51,0.2705,,0.2705,0,10885,0.0002,96.4,96.42,96.44,95.44,2026-09-10,3,False
CRSP,Health Care,Biotechnology,BB,BB 中軌向上（上升趨勢）,None,0.0,0.51,0.2705,,0.2705,0,10885,0.0002,52.26,52.27,52.28,51.74,2026-09-10,3,False
IONS,Health Care,Biotechnology,BB,BB 中軌向上（上升趨勢）,None,0.0,0.51,0.2705,,0.2705,0,10885,0.0002,56.02,56.03,56.04,55.46,2026-09-09,3,False
SNY,Health Care,Drug Manufacturers - General,BB,BB 中軌向上（上升趨勢）,None,0.0,0.51,0.2705,,0.2705,0,10885,0.0002,43.16,43.17,43.18,42.73,2026-09-08,3,False
TW,Financials,Capital Markets,BB,BB 中軌向上（上升趨勢）,None,0.0,0.51,0.2681,,0.2681,0,16575,0.0026,103.0,103.27,103.54,101.97,2026-09-08,3,False
EIX,Utilities,Utilities - Regulated Electric,RSI,RSI 加速上升,None,0.0,0.5525,0.2675,0.2675,0.2565,157,4905,0.0011,56.75,56.81,56.87,56.18,2026-09-10,3,False
OKE,Energy,Oil & Gas Midstream,KDJ,KDJ 金叉,None,0.0,0.5525,0.2667,0.2667,0.3614,15,498,0.0066,97.51,98.15,98.8,96.53,2026-09-08,3,False
BX,Financials,Asset Management,BB,BB 跌破下軌 (超賣),None,0.0,0.45499999999999996,0.2667,0.2667,0.3485,15,1277,-0.0017,125.41,125.2,124.98,124.16,2026-09-10,3,False
CCEP,Consumer Staples,Beverages - Non-Alcoholic,BB,BB 跌破下軌 (超賣),None,0.0,0.45499999999999996,0.2667,,0.2667,0,705,0.0039,102.88,103.28,103.68,101.85,2026-09-10,3,False
CPB,Consumer Staples,Packaged Foods,BB,BB 跌破下軌 (超賣),None,0.0,0.45499999999999996,0.2667,,0.2667,0,705,0.0039,20.94,21.02,21.1,20.73,2026-09-10,3,False
DEO,Consumer Staples,Beverages - Wineries & Distilleries,BB,BB 跌破下軌 (超賣),None,0.0,0.45499999999999996,0.2667,,0.2667,0,705,0.0039,86.1,86.44,86.77,85.24,2026-09-09,3,False
JBS,Consumer Staples,Packaged Foods,BB,BB 跌破下軌 (超賣),None,0.0,0.45499999999999996,0.2667,,0.2667,0,705,0.0039,12.62,12.67,12.72,12.49,2026-09-10,3,False
O,Real Estate,REIT - Retail,BB,BB 跌破下軌 (超賣),None,0.0,0.45499999999999996,0.2667,0.2667,0.25,15,564,-0.0041,59.57,59.33,59.08,58.97,2026-09-10,3,False
USFD,Consumer Staples,Food Distribution,BB,BB 跌破下軌 (超賣),None,0.0,0.45499999999999996,0.2667,,0.2667,0,705,0.0039,96.06,96.43,96.81,95.1,2026-09-10,3,False
PNR,Industrials,Specialty Industrial Machinery,RSI,RSI 維持超賣,None,0.0,0.385,0.2667,0.2667,0.2983,15,848,0.0009,56.73,56.78,56.83,56.16,2026-09-10,3,False
RMD,Health Care,Medical Instruments & Supplies,BB,BB 中軌向上（上升趨勢）,None,0.0,0.51,0.2658,0.2658,0.2705,158,10885,-0.004,219.95,219.07,218.19,217.75,2026-09-09,3,False
DTE,Utilities,Utilities - Regulated Electric,RSI,RSI 加速上升,None,0.0,0.5525,0.2652,0.2652,0.2565,132,4905,0.0054,137.26,138.0,138.74,135.89,2026-09-08,3,False
KDP,Consumer Staples,Beverages - Non-Alcoholic,RSI,RSI 維持強勢 (50-70),None,0.0,0.51,0.265,0.265,0.2452,234,7574,-0.0003,32.08,32.07,32.06,31.76,2026-09-09,3,False
BEKE,Real Estate,Real Estate Services,BB,BB 中軌向上（上升趨勢）,None,0.0,0.51,0.2647,,0.2647,0,5713,0.0025,16.87,16.91,16.95,16.7,2026-09-09,3,False
SJM,Consumer Staples,Packaged Foods,BB,BB 中軌向上（上升趨勢）,None,0.0,0.51,0.2645,0.2645,0.2466,121,6128,0.006,121.07,121.8,122.52,119.86,2026-09-10,3,False
EXC,Utilities,Utilities - Regulated Electric,RSI,RSI 加速上升,None,0.0,0.5525,0.2632,0.2632,0.2565,133,4905,0.0045,43.7,43.9,44.09,43.26,2026-09-09,3,False
T,Communication Services,Telecom Services,BB,BB 中軌向上（上升趨勢）,None,0.0,0.51,0.2597,0.2597,0.2943,231,4771,-0.0014,25.55,25.51,25.48,25.29,2026-09-10,3,False
CPRT,Industrials,Specialty Business Services,RSI,RSI 維持強勢 (50-70),None,0.0,0.51,0.2593,0.2593,0.2986,189,19157,-0.0016,32.03,31.98,31.93,31.71,2026-09-09,3,False
ICE,Financials,Financial Data & Stock Exchanges,RSI,RSI 維持強勢 (50-70),None,0.0,0.51,0.258,0.258,0.2842,283,19108,0.005,156.5,157.28,158.06,154.94,2026-09-09,3,False
PRU,Financials,Insurance - Life,RSI,RSI 加速上升,None,0.0,0.5525,0.2579,0.2579,0.3014,159,11488,-0.0002,119.38,119.36,119.33,118.19,2026-09-08,3,False
V,Financials,Credit Services,BB,BB 中軌向上（上升趨勢）,None,0.0,0.51,0.2571,0.2571,0.2681,210,16575,0.0013,367.21,367.69,368.16,363.54,2026-09-10,3,False
SRE,Utilities,Utilities - Diversified,RSI,RSI 加速上升,None,0.0,0.5525,0.2569,0.2569,0.2565,144,4905,-0.0054,85.47,85.01,84.55,84.62,2026-09-08,3,False
BEP,Utilities,Utilities - Renewable,RSI,RSI 加速上升,None,0.0,0.5525,0.2565,,0.2565,0,4905,0.0041,32.13,32.26,32.39,31.81,2026-09-08,3,False
BEPC,Utilities,Utilities - Renewable,RSI,RSI 加速上升,None,0.0,0.5525,0.2565,,0.2565,0,4905,0.0041,32.56,32.69,32.83,32.23,2026-09-08,3,False
EMA,Utilities,Utilities - Regulated Electric,RSI,RSI 加速上升,None,0.0,0.5525,0.2565,,0.2565,0,4905,0.0041,50.38,50.59,50.79,49.88,2026-09-09,3,False
FTS,Utilities,Utilities - Regulated Electric,RSI,RSI 加速上升,None,0.0,0.5525,0.2565,,0.2565,0,4905,0.0041,55.57,55.8,56.03,55.01,2026-09-08,3,False
KEP,Utilities,Utilities - Regulated Electric,RSI,RSI 加速上升,None,0.0,0.5525,0.2565,,0.2565,0,4905,0.0041,12.21,12.26,12.31,12.09,2026-09-09,3,False
OGE,Utilities,Utilities - Regulated Electric,RSI,RSI 加速上升,None,0.0,0.5525,0.2565,,0.2565,0,4905,0.0041,46.92,47.11,47.3,46.45,2026-09-09,3,False
PPLC,Utilities,Utilities - Regulated Electric,RSI,RSI 加速上升,None,0.0,0.5525,0.2565,,0.2565,0,4905,0.0041,46.23,46.42,46.61,45.77,2026-09-09,3,False
SBS,Utilities,Utilities - Regulated Water,RSI,RSI 加速上升,None,0.0,0.5525,0.2565,,0.2565,0,4905,0.0041,5.32,5.34,5.36,5.27,2026-09-10,3,False
SOMN,Utilities,Utilities - Regulated Electric,RSI,RSI 加速上升,None,0.0,0.5525,0.2565,,0.2565,0,4905,0.0041,47.78,47.98,48.17,47.3,2026-09-09,3,False
TLN,Utilities,Utilities - Independent Power Producers,RSI,RSI 加速上升,None,0.0,0.5525,0.2565,,0.2565,0,4905,0.0041,311.54,312.82,314.09,308.42,2026-09-10,3,False
AJG,Financials,Insurance Brokers,BB,BB 中軌向上（上升趨勢）,None,0.0,0.51,0.2565,0.2565,0.2681,230,16575,-0.0007,244.28,244.11,243.94,241.84,2026-09-09,3,False
MICC,Consumer Staples,Packaged Foods,RSI,RSI 上穿 50 中性線,None,0.0,0.4675,0.2565,,0.2565,0,928,0.0005,19.5,19.51,19.52,19.3,2026-09-10,3,False
VRTX,Health Care,Biotechnology,BB,BB 中軌向上（上升趨勢）,None,0.0,0.51,0.2562,0.2562,0.2705,203,10885,-0.0023,514.56,513.38,512.19,509.41,2026-09-10,3,False
MSFT,Information Technology,Software - Infrastructure,RSI,RSI 維持強勢 (50-70),None,0.0,0.51,0.2561,0.2561,0.3645,246,16764,0.0015,492.44,493.18,493.92,487.52,2026-09-10,3,False
WDAY,Information Technology,Software - Application,BB,BB 中軌向上（上升趨勢）,None,0.0,0.51,0.2556,0.2556,0.3639,133,16781,-0.0053,185.09,184.11,183.13,183.24,2026-09-10,3,False
AGNCL,Real Estate,REIT - Mortgage,RSI,RSI 維持強勢 (50-70),None,0.0,0.51,0.2509,,0.2509,0,7011,0.0007,25.16,25.18,25.2,24.91,2026-09-10,3,False
AGNCN,Real Estate,REIT - Mortgage,RSI,RSI 維持強勢 (50-70),None,0.0,0.51,0.2509,,0.2509,0,7011,0.0007,25.82,25.84,25.86,25.56,2026-09-10,3,False
AGNCZ,Real Estate,REIT - Mortgage,RSI,RSI 維持強勢 (50-70),None,0.0,0.51,0.2509,,0.2509,0,7011,0.0007,25.46,25.48,25.5,25.21,2026-09-09,3,False
BPYPO,Real Estate,Real Estate Services,RSI,RSI 維持強勢 (50-70),None,0.0,0.51,0.2509,,0.2509,0,7011,0.0007,15.15,15.16,15.17,15.0,2026-09-09,3,False
DLTR,Consumer Staples,Discount Stores,BB,BB 跌破下軌 (超賣),None,0.0,0.45499999999999996,0.25,0.25,0.2667,20,705,-0.0041,118.66,118.17,117.69,117.47,2026-09-10,3,False
DRI,Consumer Discretionary,Restaurants,BB,BB 跌破下軌 (超賣),None,0.0,0.45499999999999996,0.25,0.25,0.2974,12,733,0.0124,207.53,210.1,212.68,205.45,2026-09-10,3,False
SBUX,Consumer Discretionary,Restaurants,BB,BB 跌破下軌 (超賣),None,0.0,0.45499999999999996,0.25,0.25,0.2974,28,733,-0.0093,99.22,98.3,97.37,98.23,2026-09-10,3,False
SUI,Real Estate,REIT - Residential,BB,BB 跌破下軌 (超賣),None,0.0,0.45499999999999996,0.25,,0.25,0,564,-0.0003,114.93,114.9,114.86,113.78,2026-09-10,3,False
ENLT,Utilities,Utilities - Renewable,MACD,MACD 金叉 (空頭區),None,0.0,0.42,0.2494,,0.2494,0,409,0.0045,77.51,77.86,78.21,76.73,2026-09-08,3,False
WTRG,Utilities,Utilities - Regulated Water,BB,BB 中軌向上（上升趨勢）,None,0.0,0.51,0.249,,0.249,0,7232,0.0028,41.8,41.92,42.03,41.38,2026-09-10,3,False
BMY,Health Care,Drug Manufacturers - General,BB,BB 中軌向上（上升趨勢）,None,0.0,0.51,0.2469,0.2469,0.2705,162,10885,-0.0015,63.75,63.65,63.56,63.11,2026-09-10,3,False
FAST,Industrials,Industrial Distribution,RSI,RSI 加速上升,None,0.0,0.5525,0.2466,0.2466,0.2981,146,11545,-0.001,49.01,48.96,48.91,48.52,2026-09-10,3,False
ABEV,Consumer Staples,Beverages - Brewers,BB,BB 中軌向上（上升趨勢）,None,0.0,0.51,0.2466,,0.2466,0,6128,-0.0003,3.04,3.04,3.04,3.01,2026-09-10,3,False
EDU,Consumer Staples,Education & Training Services,BB,BB 中軌向上（上升趨勢）,None,0.0,0.51,0.2466,,0.2466,0,6128,-0.0003,55.49,55.47,55.46,54.94,2026-09-09,3,False
MCO,Financials,Financial Data & Stock Exchanges,BB,BB 中軌向上（上升趨勢）,None,0.0,0.51,0.2444,0.2444,0.2681,180,16575,0.0005,474.57,474.81,475.04,469.82,2026-09-09,3,False
JNJ,Health Care,Drug Manufacturers - General,RSI,RSI 維持強勢 (50-70),None,0.0,0.51,0.2436,0.2436,0.2772,234,12123,0.0055,267.08,268.55,270.02,264.41,2026-09-09,3,False
AAL,Industrials,Airlines,KDJ,KDJ 超賣區金叉,None,0.0,0.5599999999999999,0.2433,,0.2433,0,563,0.0001,12.94,12.94,12.94,12.81,2026-09-09,3,False
IR,Industrials,Specialty Industrial Machinery,KDJ,KDJ 超賣區金叉,None,0.0,0.5599999999999999,0.2433,,0.2433,0,563,0.0001,73.09,73.1,73.1,72.36,2026-09-10,3,False
MDT,Health Care,Medical Devices,BB,價格在 BB 中軌上方,None,0.0,0.425,0.2425,0.2425,0.2804,268,14417,0.0012,92.39,92.5,92.61,91.47,2026-09-08,3,False
AMT,Real Estate,REIT - Specialty,RSI,RSI 維持強勢 (50-70),None,0.0,0.51,0.2419,0.2419,0.2509,186,7011,-0.0,175.43,175.43,175.43,173.68,2026-09-09,3,False
AMGN,Health Care,Drug Manufacturers - General,BB,BB 中軌向上（上升趨勢）,None,0.0,0.51,0.2402,0.2402,0.2705,179,10885,0.001,391.27,391.66,392.05,387.36,2026-09-09,3,False
NWS,Communication Services,Entertainment,BB,BB 中軌向上（上升趨勢）,None,0.0,0.51,0.2396,0.2396,0.2943,217,4771,0.0021,33.08,33.15,33.22,32.75,2026-09-09,3,False
CMCSA,Communication Services,Telecom Services,RSI,RSI 維持強勢 (50-70),None,0.0,0.51,0.2389,0.2389,0.3082,180,5205,-0.003,26.33,26.25,26.17,26.07,2026-09-08,3,False
MCK,Health Care,Medical Distribution,BB,BB 中軌向上（上升趨勢）,None,0.0,0.51,0.2377,0.2377,0.2705,265,10885,0.0036,880.86,884.03,887.2,872.05,2026-09-10,3,False
OXY,Energy,Oil & Gas E&P,BB,價格在 BB 中軌上方,None,0.0,0.425,0.2367,0.2367,0.2998,207,5768,-0.0109,61.16,60.49,59.83,60.55,2026-09-10,3,False
PFGC,Consumer Staples,Food Distribution,RSI,RSI 維持超賣,None,0.0,0.385,0.2366,,0.2366,0,744,-0.0003,94.35,94.32,94.29,93.41,2026-09-10,3,False
PNW,Utilities,Utilities - Regulated Electric,RSI,RSI 加速上升,None,0.0,0.5525,0.2338,0.2338,0.2565,154,4905,0.0009,98.04,98.13,98.22,97.06,2026-09-08,3,False
EGP,Real Estate,REIT - Industrial,RSI,RSI 加速上升,None,0.0,0.5525,0.2327,,0.2327,0,4401,-0.0006,200.24,200.12,200.0,198.24,2026-09-08,3,False
WPC,Real Estate,REIT - Diversified,RSI,RSI 加速上升,None,0.0,0.5525,0.2327,,0.2327,0,4401,-0.0006,70.56,70.52,70.48,69.85,2026-09-08,3,False
CNP,Utilities,Utilities - Regulated Electric,BB,價格在 BB 中軌上方,None,0.0,0.425,0.2315,0.2315,0.246,311,9864,0.0034,39.77,39.91,40.04,39.37,2026-09-09,3,False
AWK,Utilities,Utilities - Regulated Water,RSI,RSI 維持強勢 (50-70),None,0.0,0.51,0.2312,0.2312,0.2471,199,8831,0.0008,139.84,139.95,140.06,138.44,2026-09-10,3,False
CTVA,Materials,Agricultural Inputs,BB,價格在 BB 中軌上方,None,0.0,0.425,0.2311,0.2311,0.2859,238,6697,-0.0041,84.49,84.14,83.8,83.65,2026-09-10,3,False
AOS,Industrials,Specialty Industrial Machinery,BB,BB 跌破下軌 (超賣),None,0.0,0.45499999999999996,0.2308,0.2308,0.2838,13,1258,0.0065,56.71,57.08,57.45,56.14,2026-09-10,3,False
AME,Industrials,Specialty Industrial Machinery,RSI,RSI 加速上升,None,0.0,0.5525,0.2282,0.2282,0.2981,149,11545,0.0037,236.27,237.14,238.02,233.91,2026-09-09,3,False
MA,Financials,Credit Services,BB,BB 中軌向上（上升趨勢）,None,0.0,0.51,0.2282,0.2282,0.2681,206,16575,0.0029,570.89,572.55,574.2,565.18,2026-09-08,3,False
EVRG,Utilities,Utilities - Regulated Electric,BB,價格在 BB 中軌上方,None,0.0,0.425,0.227,0.227,0.246,326,9864,0.0026,82.24,82.45,82.67,81.42,2026-09-08,3,False
HST,Real Estate,REIT - Hotel & Motel,RSI,RSI 加速上升,None,0.0,0.5525,0.2246,0.2246,0.2327,138,4401,-0.0034,22.04,21.97,21.89,21.82,2026-09-09,3,False
A,Health Care,Diagnostics & Research,BB,BB 中軌向上（上升趨勢）,None,0.0,0.51,0.2244,0.2244,0.2705,205,10885,-0.009,144.75,143.45,142.14,143.3,2026-09-09,3,False
EA,Communication Services,Electronic Gaming & Multimedia,BB,價格在 BB 中軌上方,None,0.0,0.425,0.2231,0.2231,0.3007,242,6080,0.0014,209.7,209.99,210.29,207.6,2026-08-07,3,False
NOC,Industrials,Aerospace & Defense,KDJ,KDJ 超賣區金叉,None,0.0,0.5599999999999999,0.2222,0.2222,0.2433,9,563,0.0028,518.95,520.4,521.86,513.76,2026-09-10,3,False
VICI,Real Estate,REIT - Diversified,RSI,RSI 超賣區域 (30),None,0.0,0.5249999999999999,0.2222,0.2222,0.3012,9,166,0.0014,24.73,24.76,24.8,24.48,2026-09-10,3,False
ED,Utilities,Utilities - Regulated Electric,RSI,RSI 上穿 50 中性線,None,0.0,0.4675,0.2222,0.2222,0.2521,27,932,0.0062,108.27,108.94,109.61,107.19,2026-09-08,3,False
AIG,Financials,Insurance - Diversified,BB,BB 跌破下軌 (超賣),None,0.0,0.45499999999999996,0.2222,0.2222,0.3485,18,1277,-0.0022,74.68,74.52,74.35,73.93,2026-09-08,3,False
WTW,Financials,Insurance Brokers,BB,BB 跌破下軌 (超賣),None,0.0,0.45499999999999996,0.2222,0.2222,0.3485,18,1277,0.0101,315.41,318.6,321.78,312.26,2026-09-10,3,False
DUK,Utilities,Utilities - Regulated Electric,MACD,MACD 金叉 (空頭區),None,0.0,0.42,0.2222,0.2222,0.2494,18,409,-0.0003,121.24,121.2,121.17,120.03,2026-09-08,3,False
KIM,Real Estate,REIT - Retail,MACD,MACD 金叉 (空頭區),None,0.0,0.42,0.2222,0.2222,0.2026,9,380,0.0069,23.76,23.92,24.09,23.52,2026-09-08,3,False
CTSH,Information Technology,Information Technology Services,RSI,RSI 維持強勢 (50-70),None,0.0,0.51,0.2209,0.2209,0.3645,172,16764,0.0023,59.92,60.06,60.2,59.32,2026-09-08,3,False
BRO,Financials,Insurance Brokers,BB,BB 跌破下軌 (超賣),None,0.0,0.45499999999999996,0.2188,0.2188,0.3485,32,1277,-0.0002,66.33,66.32,66.3,65.67,2026-09-10,3,False
KO,Consumer Staples,Beverages - Non-Alcoholic,RSI,RSI 維持強勢 (50-70),None,0.0,0.51,0.2179,0.2179,0.2452,257,7574,0.0032,88.36,88.64,88.93,87.48,2026-09-08,3,False
PFE,Health Care,Drug Manufacturers - General,RSI,RSI 維持強勢 (50-70),None,0.0,0.51,0.2174,0.2174,0.2772,184,12123,-0.0036,27.65,27.55,27.45,27.37,2026-09-10,3,False
SPGI,Financials,Financial Data & Stock Exchanges,RSI,RSI 維持強勢 (50-70),None,0.0,0.51,0.2158,0.2158,0.2842,278,19108,0.0011,429.31,429.78,430.25,425.02,2026-09-08,3,False
ACN,Information Technology,Information Technology Services,RSI,RSI 維持強勢 (50-70),None,0.0,0.51,0.2123,0.2123,0.3645,179,16764,-0.0055,179.03,178.05,177.06,177.24,2026-09-08,3,False
BTI,Consumer Staples,Tobacco,BB,BB 跌破下軌 (超賣),None,0.0,0.45499999999999996,0.2118,,0.2118,0,203,-0.0091,54.33,53.84,53.34,53.79,2026-09-09,3,True
L,Financials,Insurance - Property & Casualty,RSI,RSI 加速上升,None,0.0,0.5525,0.2105,0.2105,0.3014,152,11488,0.0029,109.08,109.4,109.71,107.99,2026-09-10,3,False
ABT,Health Care,Medical Devices,BB,BB 跌破下軌 (超賣),None,0.0,0.45499999999999996,0.2105,0.2105,0.2752,19,974,0.0052,103.36,103.9,104.43,102.33,2026-09-10,3,False
ADSK,Information Technology,Software - Application,BB,BB 跌破下軌 (超賣),None,0.0,0.45499999999999996,0.2105,0.2105,0.3447,19,1001,-0.019,206.62,202.69,198.77,204.55,2026-09-09,3,False
EFX,Industrials,Consulting Services,BB,BB 跌破下軌 (超賣),None,0.0,0.45499999999999996,0.2105,0.2105,0.2838,19,1258,-0.0074,168.09,166.85,165.6,166.41,2026-09-09,3,False
PPL,Utilities,Utilities - Regulated Electric,RSI,RSI 加速上升,None,0.0,0.5525,0.2101,0.2101,0.2565,138,4905,0.0052,34.7906,34.97,35.15,34.44,2026-09-08,3,False
RSG,Industrials,Waste Management,RSI,RSI 維持強勢 (50-70),None,0.0,0.51,0.2077,0.2077,0.2986,260,19157,0.0022,221.08,221.57,222.05,218.87,2026-09-10,3,False
VZ,Communication Services,Telecom Services,BB,價格在 BB 中軌上方,None,0.0,0.425,0.2046,0.2046,0.3007,259,6080,0.0019,49.97,50.06,50.16,49.47,2026-09-10,3,False
NI,Utilities,Utilities - Regulated Gas,BB,價格在 BB 中軌上方,None,0.0,0.425,0.2044,0.2044,0.246,367,9864,0.0013,41.42,41.47,41.53,41.01,2026-09-10,3,False
WEC,Utilities,Utilities - Regulated Electric,RSI,RSI 加速上升,None,0.0,0.5525,0.2028,0.2028,0.2565,143,4905,0.0032,107.06,107.4,107.75,105.99,2026-09-08,3,False
LNT,Utilities,Utilities - Regulated Electric,RSI,RSI 加速上升,None,0.0,0.5525,0.2025,0.2025,0.2565,158,4905,0.0008,68.61,68.66,68.72,67.92,2026-09-08,3,False
MRK,Health Care,Drug Manufacturers - General,RSI,RSI 維持強勢 (50-70),None,0.0,0.51,0.2017,0.2017,0.2772,233,12123,-0.0043,144.71,144.09,143.47,143.26,2026-09-10,3,False
LYB,Materials,Specialty Chemicals,BB,BB 中軌向上（上升趨勢）,None,0.0,0.51,0.2011,0.2011,0.2853,179,5036,-0.0074,64.3,63.82,63.35,63.66,2026-09-10,3,False
MSI,Information Technology,Communication Equipment,BB,BB 中軌向上（上升趨勢）,Support,0.9,1.0,0.2,,0.2,0,60,-0.0155,462.98,455.8,448.63,458.35,2026-09-08,3,False
TAP,Consumer Staples,Beverages - Brewers,BB,BB 跌破下軌 (超賣),None,0.0,0.45499999999999996,0.2,0.2,0.2667,20,705,0.0003,38.48,38.49,38.5,38.1,2026-09-09,3,False
GPC,Consumer Discretionary,Auto Parts,BB,價格在 BB 中軌上方,None,0.0,0.425,0.2,0.2,0.2984,245,12430,-0.0088,135.24,134.05,132.86,133.89,2026-09-09,3,False
PEG,Utilities,Utilities - Regulated Electric,RSI,RSI 加速上升,None,0.0,0.5525,0.1974,0.1974,0.2565,152,4905,-0.0026,73.57,73.38,73.19,72.83,2026-09-08,3,False
NDSN,Industrials,Specialty Industrial Machinery,RSI,RSI 維持強勢 (50-70),None,0.0,0.51,0.1964,0.1964,0.2986,224,19157,-0.0018,315.8514,315.28,314.71,312.69,2026-09-08,3,False
SO,Utilities,Utilities - Regulated Electric,RSI,RSI 加速上升,None,0.0,0.5525,0.1957,0.1957,0.2565,138,4905,0.0005,88.34,88.38,88.43,87.46,2026-09-09,3,False
CMS,Utilities,Utilities - Regulated Electric,RSI,RSI 加速上升,None,0.0,0.5525,0.1955,0.1955,0.2565,133,4905,0.0025,68.79,68.96,69.13,68.1,2026-09-08,3,False
TYL,Information Technology,Software - Application,BB,BB 中軌向上（上升趨勢）,None,0.0,0.51,0.1911,0.1911,0.3639,157,16781,-0.0,335.48,335.48,335.48,332.13,2026-09-10,3,False
DHR,Health Care,Diagnostics & Research,BB,BB 中軌向上（上升趨勢）,None,0.0,0.51,0.1886,0.1886,0.2705,175,10885,-0.0054,205.23,204.12,203.01,203.18,2026-09-08,3,False
CBRE,Real Estate,Real Estate Services,BB,BB 跌破下軌 (超賣),None,0.0,0.45499999999999996,0.1852,0.1852,0.25,27,564,-0.0086,137.99,136.8,135.62,136.61,2026-09-10,3,False
KR,Consumer Staples,Grocery Stores,BB,BB 中軌向上（上升趨勢）,None,0.0,0.51,0.1823,0.1823,0.2466,192,6128,-0.0023,56.95,56.82,56.69,56.38,2026-09-10,3,False
GWW,Industrials,Industrial Distribution,BB,BB 跌破下軌 (超賣),None,0.0,0.45499999999999996,0.1818,0.1818,0.2838,22,1258,-0.0016,1271.49,1269.46,1267.42,1258.78,2026-09-10,3,False
UPS,Industrials,Integrated Freight & Logistics,BB,BB 跌破下軌 (超賣),None,0.0,0.45499999999999996,0.1818,0.1818,0.2838,11,1258,-0.019,99.22,97.33,95.45,98.23,2026-09-09,3,False
FE,Utilities,Utilities - Regulated Electric,RSI,RSI 加速上升,None,0.0,0.5525,0.1812,0.1812,0.2565,149,4905,0.0031,46.45,46.59,46.74,45.99,2026-09-08,3,False
LULU,Consumer Discretionary,Apparel Retail,BB,BB 跌破下軌 (超賣),None,0.0,0.45499999999999996,0.1667,0.1667,0.2974,18,733,-0.0131,96.88,95.61,94.34,95.91,2026-09-10,3,False
SHW,Materials,Specialty Chemicals,BB,BB 跌破下軌 (超賣),None,0.0,0.45499999999999996,0.1538,0.1538,0.2333,13,403,-0.004,320.64,319.36,318.07,317.43,2026-09-09,3,False
PLD,Real Estate,REIT - Industrial,BB,BB 跌破下軌 (超賣),None,0.0,0.45499999999999996,0.1429,0.1429,0.25,14,564,-0.0053,134.41,133.7,132.99,133.07,2026-09-10,3,False
PPG,Materials,Specialty Chemicals,BB,BB 跌破下軌 (超賣),None,0.0,0.45499999999999996,0.1429,0.1429,0.2333,28,403,-0.0047,107.16,106.66,106.15,106.09,2026-09-09,3,False
ROP,Information Technology,Software - Application,BB,BB 中軌向上（上升趨勢）,None,0.0,0.51,0.1373,0.1373,0.3639,153,16781,-0.0018,395.65,394.94,394.23,391.69,2026-09-08,3,False
PG,Consumer Staples,Household & Personal Products,BB,價格在 BB 中軌上方,None,0.0,0.425,0.1275,0.1275,0.2432,306,8891,-0.0015,145.58,145.36,145.14,144.12,2026-09-08,3,False
HD,Consumer Discretionary,Home Improvement Retail,RSI,RSI 超賣區域 (30),None,0.0,0.5249999999999999,0.125,0.125,0.3448,8,203,-0.0081,305.69,303.21,300.74,302.63,2026-09-10,3,False
VLTO,Industrials,Pollution & Treatment Controls,BB,BB 跌破下軌 (超賣),None,0.0,0.45499999999999996,0.125,0.125,0.2838,16,1258,-0.0026,93.45,93.21,92.96,92.52,2026-09-10,3,False
VMC,Materials,Building Materials,BB,BB 跌破下軌 (超賣),None,0.0,0.45499999999999996,0.125,0.125,0.2333,8,403,0.0109,249.89,252.61,255.34,247.39,2026-09-09,3,False
ODFL,Industrials,Trucking,RSI,RSI 維持超賣,None,0.0,0.385,0.125,0.125,0.2983,8,848,0.0067,180.55,181.76,182.97,178.74,2026-09-10,3,False
COST,Consumer Staples,Discount Stores,BB,BB 跌破下軌 (超賣),None,0.0,0.45499999999999996,0.1111,0.1111,0.2667,9,705,-0.01,902.6,893.57,884.55,893.57,2026-09-09,3,False
D,Utilities,Utilities - Regulated Electric,RSI,RSI 加速上升,None,0.0,0.5525,0.1053,0.1053,0.2565,114,4905,-0.0054,66.22,65.86,65.5,65.56,2026-09-08,3,False
OTIS,Industrials,Specialty Industrial Machinery,BB,BB 跌破下軌 (超賣),None,0.0,0.45499999999999996,0.0909,0.0909,0.2838,22,1258,-0.0072,67.89,67.4,66.91,67.21,2026-09-10,3,False
CRH,Materials,Building Materials,BB,BB 跌破下軌 (超賣),None,0.0,0.45499999999999996,0.0833,0.0833,0.2333,24,403,-0.01,87.66,86.78,85.91,86.78,2026-09-10,3,False
