symbol,sector,subsector,indicator,signal,pattern,pattern_conf,confidence,win_rate,win_rate_stock,win_rate_sector,stock_n,sector_n,avg_return,price,tp1_price,tp2_price,sl_price,date,tier,volume_confirmed
DECK,Consumer Discretionary,Footwear & Accessories,BB,BB 跌破下軌 (超賣),Support,0.7,1.0,1.0,,1.0,0,6,0.0857,96.04,104.27,112.5,95.08,2026-07-24,1,True
FFIV,Information Technology,Software - Infrastructure,RSI,RSI 上穿 50 中性線,Morning Star,0.8,1.0,0.8571,,0.8571,0,7,0.0517,407.96,429.05,450.14,403.88,2026-07-27,1,True
IQV,Health Care,Diagnostics & Research,RSI,RSI 加速上升,Morning Star,0.8,1.0,0.6667,,0.6667,0,6,0.0354,213.22,220.77,228.32,211.09,2026-07-27,1,True
GOOG,Communication Services,Internet Content & Information,BB,BB 跌破下軌 (超賣),Morning Star,0.8,1.0,0.6087,,0.6087,0,23,0.0331,319.09,329.65,340.21,315.9,2026-07-24,1,False
BEKE,Real Estate,Real Estate Services,RSI,RSI 上穿 50 中性線,Morning Star,0.8,0.9900000000000001,0.5833,,0.5833,0,24,0.0272,16.39,16.84,17.28,16.23,2026-07-27,1,False
CBRE,Real Estate,Real Estate Services,RSI,RSI 上穿 50 中性線,Morning Star,0.8,0.9900000000000001,0.5833,,0.5833,0,24,0.0272,139.46,143.25,147.05,138.07,2026-07-24,1,False
MKC,Consumer Staples,Packaged Foods,RSI,RSI 上穿 50 中性線,Morning Star,0.8,0.9900000000000001,0.5625,,0.5625,0,32,0.0236,51.53,52.75,53.96,51.01,2026-07-28,1,False
MNST,Consumer Staples,Beverages - Non-Alcoholic,RSI,RSI 上穿 50 中性線,Morning Star,0.8,0.9900000000000001,0.5625,,0.5625,0,32,0.0236,95.33,97.58,99.83,94.38,2026-07-27,1,False
MO,Consumer Staples,Tobacco,RSI,RSI 上穿 50 中性線,Morning Star,0.8,0.9900000000000001,0.5625,,0.5625,0,32,0.0236,72.99,74.71,76.44,72.26,2026-07-24,1,False
BJ,Consumer Staples,Discount Stores,BB,BB 中軌向上（上升趨勢）,Morning Star,0.8,1.0,0.5505,,0.5505,0,109,0.0238,92.94,95.15,97.36,92.01,2026-07-24,1,False
CNC,Health Care,Healthcare Plans,KDJ,KDJ 金叉,Morning Star,0.8,1.0,0.5,,0.5,0,6,0.0331,63.91,66.03,68.14,63.27,2026-07-28,1,True
SOLV,Health Care,Medical Instruments & Supplies,RSI,RSI 維持強勢 (50-70),None,0.0,0.51,0.875,0.875,0.3606,8,502,0.0488,86.17,90.38,94.58,85.31,2026-07-28,2,True
NXPI,Information Technology,Semiconductors,BB,BB 跌破下軌 (超賣),None,0.0,0.45499999999999996,0.8333,0.8333,0.4474,6,456,0.037,259.12,268.71,278.29,256.53,2026-07-28,2,True
RTX,Industrials,Aerospace & Defense,BB,BB 中軌向上（上升趨勢）,None,0.0,0.51,0.7857,0.7857,0.3333,14,936,0.0425,218.58,227.87,237.16,216.39,2026-07-28,2,True
BKR,Energy,Oil & Gas Equipment & Services,RSI,RSI 維持強勢 (50-70),None,0.0,0.51,0.75,0.75,0.411,8,146,0.0567,60.59,64.03,67.46,59.98,2026-07-27,2,True
PFG,Financials,Asset Management,BB,價格在 BB 中軌上方,None,0.0,0.425,0.75,0.75,0.3239,8,852,0.0261,114.09,117.07,120.05,112.95,2026-07-28,2,True
FDS,Financials,Financial Data & Stock Exchanges,RSI,RSI 維持強勢 (50-70),None,0.0,0.51,0.6364,0.6364,0.3448,11,609,0.0179,265.9,270.66,275.42,263.24,2026-07-27,2,True
RCL,Consumer Discretionary,Travel Services,RSI,RSI 加速上升,None,0.0,0.5525,0.5714,0.5714,0.3983,7,359,0.0109,305.04,308.36,311.69,301.99,2026-07-27,2,True
SLB,Energy,Oil & Gas Equipment & Services,RSI,RSI 加速上升,None,0.0,0.5525,0.5714,0.5714,0.3205,7,156,0.0372,52.42,54.37,56.32,51.9,2026-07-24,2,True
ORLY,Consumer Discretionary,Auto Parts,RSI,RSI 維持強勢 (50-70),None,0.0,0.51,0.5556,0.5556,0.3861,9,360,0.0141,90.59,91.87,93.14,89.68,2026-07-27,2,True
MDT,Health Care,Medical Devices,RSI,RSI 加速上升,None,0.0,0.5525,0.5455,0.5455,0.3667,11,559,0.0158,86.88,88.25,89.63,86.01,2026-07-28,2,True
XYL,Industrials,Specialty Industrial Machinery,RSI,RSI 維持強勢 (50-70),None,0.0,0.51,0.5455,0.5455,0.3579,11,746,0.0119,124.97,126.46,127.94,123.72,2026-07-28,2,True
EXR,Real Estate,REIT - Industrial,RSI,RSI 加速上升,None,0.0,0.5525,0.5385,0.5385,0.3264,13,193,0.0371,152.21,157.86,163.5,150.69,2026-07-28,2,True
ITW,Industrials,Specialty Industrial Machinery,RSI,RSI 加速上升,None,0.0,0.5525,0.5,0.5,0.3379,8,651,0.0068,295.16,297.17,299.17,292.21,2026-07-28,2,True
HII,Industrials,Aerospace & Defense,RSI,RSI 維持強勢 (50-70),None,0.0,0.51,0.5,0.5,0.3579,6,746,0.0144,299.9,304.22,308.54,296.9,2026-07-28,2,True
IVZ,Financials,Asset Management,RSI,RSI 維持強勢 (50-70),None,0.0,0.51,0.5,0.5,0.3448,16,609,0.0196,29.43,30.01,30.58,29.14,2026-07-28,2,True
NUE,Materials,Steel,BB,BB 中軌向上（上升趨勢）,None,0.0,0.51,0.5,0.5,0.3886,6,229,0.0122,265.62,268.86,272.1,262.96,2026-07-28,2,True
PM,Consumer Staples,Tobacco,BB,BB 中軌向上（上升趨勢）,None,0.0,0.51,0.5,0.5,0.2846,8,246,0.0198,200.17,204.13,208.1,198.17,2026-07-28,2,True
TXT,Industrials,Aerospace & Defense,RSI,RSI 維持強勢 (50-70),None,0.0,0.51,0.5,0.5,0.3579,8,746,0.0193,96.13,97.99,99.84,95.17,2026-07-27,2,True
SHW,Materials,Specialty Chemicals,BB,價格在 BB 中軌上方,None,0.0,0.425,0.5,0.5,0.354,8,274,0.0269,354.27,363.8,373.33,350.73,2026-07-28,2,True
ADP,Information Technology,Software - Application,KDJ,KDJ 金叉,None,0.0,0.5525,0.4606,,0.4606,0,165,0.01,264.17,266.81,269.45,261.53,2026-07-28,2,True
CDNS,Information Technology,Software - Application,KDJ,KDJ 金叉,None,0.0,0.5525,0.4606,,0.4606,0,165,0.01,344.72,348.17,351.61,341.27,2026-07-28,2,True
INFY,Information Technology,Information Technology Services,KDJ,KDJ 金叉,None,0.0,0.5525,0.4606,,0.4606,0,165,0.01,11.7,11.82,11.93,11.58,2026-07-27,2,True
PAYX,Information Technology,Software - Application,KDJ,KDJ 金叉,None,0.0,0.5525,0.4606,,0.4606,0,165,0.01,118.87,120.06,121.25,117.68,2026-07-28,2,True
SAP,Information Technology,Software - Application,KDJ,KDJ 金叉,None,0.0,0.5525,0.4606,,0.4606,0,165,0.01,160.0,161.6,163.2,158.4,2026-07-24,2,True
SONY,Information Technology,Consumer Electronics,KDJ,KDJ 金叉,None,0.0,0.5525,0.4606,,0.4606,0,165,0.01,22.29,22.51,22.74,22.07,2026-07-27,2,True
TEAM,Information Technology,Software - Application,KDJ,KDJ 金叉,None,0.0,0.5525,0.4606,,0.4606,0,165,0.01,95.87,96.83,97.79,94.91,2026-07-27,2,True
WDAY,Information Technology,Software - Application,KDJ,KDJ 金叉,None,0.0,0.5525,0.4606,,0.4606,0,165,0.01,147.54,149.02,150.49,146.06,2026-07-27,2,True
IP,Consumer Discretionary,Packaging & Containers,MACD,MACD 金叉 (多頭區),None,0.0,0.68,0.4524,,0.4524,0,42,0.0084,42.16,42.51,42.87,41.74,2026-07-24,2,True
PKG,Consumer Discretionary,Packaging & Containers,MACD,MACD 金叉 (多頭區),None,0.0,0.68,0.4524,,0.4524,0,42,0.0084,254.39,256.53,258.66,251.85,2026-07-24,2,True
SW,Consumer Discretionary,Packaging & Containers,MACD,MACD 金叉 (多頭區),None,0.0,0.68,0.4524,,0.4524,0,42,0.0084,48.56,48.97,49.38,48.07,2026-07-24,2,True
GSK,Health Care,Drug Manufacturers - General,MACD,MACD 金叉 (多頭區),None,0.0,0.68,0.451,,0.451,0,51,0.0047,53.71,53.96,54.21,53.17,2026-07-28,2,True
INCY,Health Care,Biotechnology,MACD,MACD 金叉 (多頭區),None,0.0,0.68,0.451,,0.451,0,51,0.0047,129.93,130.54,131.15,128.63,2026-07-28,2,True
THC,Health Care,Medical Care Facilities,MACD,MACD 金叉 (多頭區),None,0.0,0.68,0.451,,0.451,0,51,0.0047,233.2,234.3,235.39,230.87,2026-07-24,2,True
UHS,Health Care,Medical Care Facilities,MACD,MACD 金叉 (多頭區),None,0.0,0.68,0.451,,0.451,0,51,0.0047,155.75,156.48,157.21,154.19,2026-07-24,2,True
FICO,Information Technology,Software - Application,MACD,MACD 金叉 (多頭區),None,0.0,0.68,0.45,,0.45,0,100,0.0204,1336.22,1363.48,1390.74,1322.86,2026-07-28,2,True
TYL,Information Technology,Software - Application,MACD,MACD 金叉 (多頭區),None,0.0,0.68,0.45,,0.45,0,100,0.0204,333.35,340.15,346.95,330.02,2026-07-28,2,True
PHM,Consumer Discretionary,Residential Construction,RSI,RSI 維持強勢 (50-70),Morning Star,0.8,1.0,1.0,1.0,0.4226,9,265,0.0574,128.75,136.14,143.53,127.46,2026-07-24,3,False
ULTA,Consumer Discretionary,Specialty Retail,RSI,RSI 維持強勢 (50-70),Morning Star,0.8,1.0,1.0,1.0,0.4226,7,265,0.0414,501.52,522.28,543.05,496.5,2026-07-28,3,False
NCLH,Consumer Discretionary,Travel Services,MACD,MACD 金叉 (多頭區),None,0.0,0.68,0.8333,0.8333,0.37,6,273,0.0409,21.22,22.09,22.96,21.01,2026-07-28,3,False
CCK,Consumer Discretionary,Packaging & Containers,KDJ,KDJ 金叉,Support,0.9,1.0,0.8,,,0,0,0.0149,117.88,119.64,121.39,116.7,2026-07-24,3,False
MLM,Materials,Building Materials,MACD,MACD 金叉 (空頭區),None,0.0,0.42,0.7778,0.7778,0.3816,9,304,0.0288,583.67,600.48,617.29,577.83,2026-07-28,3,False
VTRS,Health Care,Drug Manufacturers - Specialty & Generic,BB,BB 中軌向上（上升趨勢）,Consolidation Breakout,0.74,1.0,0.7143,0.7143,0.209,7,933,0.0541,17.86,18.83,19.79,17.68,2026-07-28,3,False
SPGI,Financials,Financial Data & Stock Exchanges,BB,價格在 BB 中軌上方,Morning Star,0.8,0.924,0.7143,0.7143,0.3937,7,348,0.0201,439.83,448.67,457.51,435.43,2026-07-27,3,False
NRG,Utilities,Utilities - Independent Power Producers,BB,BB 跌破下軌 (超賣),None,0.0,0.45499999999999996,0.7143,0.7143,0.4104,7,441,0.0499,127.56,133.93,140.29,126.28,2026-07-28,3,False
AJG,Financials,Insurance Brokers,BB,BB 中軌向上（上升趨勢）,Morning Star,0.8,1.0,0.6667,0.6667,0.4207,6,328,0.0277,247.77,254.63,261.5,245.29,2026-07-24,3,False
CMCSA,Communication Services,Telecom Services,BB,BB 跌破下軌 (超賣),Support,0.7,0.99,0.6667,,0.6667,0,6,0.0327,22.3,23.03,23.76,22.08,2026-07-24,3,False
SYF,Financials,Credit Services,MACD,MACD 金叉 (多頭區),None,0.0,0.68,0.6667,0.6667,0.2747,6,517,0.0291,77.12,79.36,81.61,76.35,2026-07-28,3,False
CVNA,Consumer Discretionary,Auto & Truck Dealerships,RSI,RSI 上穿 50 中性線,None,0.0,0.4675,0.6667,0.6667,0.3072,24,1123,0.0719,66.07,70.82,75.57,65.41,2026-07-28,3,False
HAL,Energy,Oil & Gas Equipment & Services,BB,BB 跌破下軌 (超賣),None,0.0,0.45499999999999996,0.6364,0.6364,0.3664,11,292,0.0318,31.23,32.22,33.22,30.92,2026-07-28,3,False
PWR,Industrials,Engineering & Construction,BB,BB 跌破下軌 (超賣),None,0.0,0.45499999999999996,0.625,0.625,0.2838,8,1258,0.0228,588.36,601.77,615.19,582.48,2026-07-28,3,False
WDC,Information Technology,Computer Hardware,RSI,RSI 加速上升,None,0.0,0.5525,0.6024,0.6024,0.3693,166,10688,0.0324,519.8,536.64,553.48,514.6,2026-07-24,3,False
PAC,Industrials,Airports & Air Services,KDJ,KDJ 超賣區金叉,Support,0.9,1.0,0.6,,,0,0,0.0304,216.28,222.85,229.43,214.12,2026-07-24,3,False
UDR,Real Estate,REIT - Residential,RSI,RSI 維持強勢 (50-70),Morning Star,0.8,1.0,0.6,0.6,0.4677,5,124,0.0031,39.59,39.71,39.84,39.19,2026-07-24,3,False
CTSH,Information Technology,Information Technology Services,MACD,MACD 突破 0 軸,None,0.0,0.595,0.6,0.6,0.4064,5,529,0.0237,50.31,51.5,52.69,49.81,2026-07-28,3,False
BLDR,Industrials,Building Products & Equipment,KDJ,KDJ 超賣區金叉,None,0.0,0.5599999999999999,0.6,0.6,0.2433,5,563,0.0461,72.86,76.22,79.58,72.13,2026-07-24,3,False
MAS,Industrials,Building Products & Equipment,RSI,RSI 維持強勢 (50-70),None,0.0,0.51,0.6,0.6,0.3579,5,746,0.05,81.61,85.69,89.77,80.79,2026-07-28,3,True
VRT,Industrials,Electrical Equipment & Parts,BB,BB 跌破下軌 (超賣),None,0.0,0.45499999999999996,0.6,0.6,0.3532,5,436,0.0625,269.56,286.41,303.25,266.86,2026-07-28,3,True
ECL,Materials,Specialty Chemicals,BB,價格在 BB 中軌上方,None,0.0,0.425,0.6,0.6,0.354,5,274,0.0279,282.9,290.79,298.69,280.07,2026-07-28,3,True
LULU,Consumer Discretionary,Apparel Retail,MACD,MACD 金叉 (空頭區),None,0.0,0.42,0.5882,0.5882,0.3233,17,529,0.0095,117.83,118.95,120.07,116.65,2026-07-27,3,False
HLT,Consumer Discretionary,Lodging,RSI,RSI 上穿 50 中性線,None,0.0,0.4675,0.5833,0.5833,0.3072,24,1123,0.0141,330.85,335.51,340.18,327.54,2026-07-27,3,False
CCL,Consumer Discretionary,Travel Services,RSI,RSI 上穿 50 中性線,None,0.0,0.4675,0.5789,0.5789,0.3072,19,1123,0.028,27.12,27.88,28.64,26.85,2026-07-27,3,False
CMG,Consumer Discretionary,Restaurants,MACD,MACD 突破 0 軸,None,0.0,0.595,0.5714,0.5714,0.3351,7,376,0.0123,33.51,33.92,34.33,33.17,2026-07-28,3,False
EXE,Energy,Oil & Gas E&P,MACD,MACD 突破 0 軸,None,0.0,0.595,0.5714,0.5714,0.2783,7,212,0.0316,91.52,94.41,97.3,90.6,2026-07-24,3,False
PSKY,Communication Services,Entertainment,RSI,RSI 超賣區域 (30),None,0.0,0.5249999999999999,0.5714,0.5714,0.3011,7,93,0.0381,8.21,8.52,8.84,8.13,2026-07-24,3,False
ORCL,Information Technology,Software - Infrastructure,RSI,RSI 維持超賣,None,0.0,0.385,0.5714,0.5714,0.3605,7,663,0.0263,114.99,118.01,121.04,113.84,2026-07-24,3,False
CDW,Information Technology,Information Technology Services,KDJ,KDJ 金叉,None,0.0,0.5525,0.5625,0.5625,0.3918,16,1955,0.0168,138.04,140.36,142.68,136.66,2026-07-27,3,False
DDOG,Information Technology,Software - Application,KDJ,KDJ 金叉,None,0.0,0.5525,0.5556,0.5556,0.3918,27,1955,0.0258,250.88,257.35,263.83,248.37,2026-07-28,3,False
DRI,Consumer Discretionary,Restaurants,KDJ,KDJ 金叉,None,0.0,0.5525,0.5556,0.5556,0.3183,18,1244,0.0168,196.31,199.61,202.91,194.35,2026-07-24,3,False
TKO,Communication Services,Entertainment,KDJ,KDJ 金叉,None,0.0,0.5525,0.5556,0.5556,0.3345,18,550,0.0167,182.86,185.91,188.97,181.03,2026-07-27,3,False
TTWO,Communication Services,Electronic Gaming & Multimedia,MACD,MACD 突破 0 軸,Morning Star,0.8,1.0,0.5455,,,0,0,0.0313,243.95,251.59,259.22,241.51,2026-07-27,3,False
VRSN,Information Technology,Software - Infrastructure,MACD,MACD 突破 0 軸,Morning Star,0.8,1.0,0.5455,,,0,0,0.0313,280.0,288.76,297.53,277.2,2026-07-24,3,False
EME,Industrials,Engineering & Construction,BB,BB 跌破下軌 (超賣),None,0.0,0.45499999999999996,0.5455,0.5455,0.2838,11,1258,0.0339,705.82,729.75,753.67,698.76,2026-07-28,3,False
OMC,Communication Services,Advertising Agencies,KDJ,KDJ 金叉,None,0.0,0.5525,0.5385,0.5385,0.3345,13,550,0.0108,86.22,87.15,88.08,85.36,2026-07-28,3,False
STX,Information Technology,Computer Hardware,RSI,RSI 加速上升,None,0.0,0.5525,0.5298,0.5298,0.3693,168,10688,0.0293,851.69,876.64,901.6,843.17,2026-07-24,3,False
RL,Consumer Discretionary,Apparel Manufacturing,KDJ,KDJ 金叉,None,0.0,0.5525,0.5294,0.5294,0.3183,34,1244,0.0096,379.94,383.59,387.23,376.14,2026-07-27,3,False
OC,Industrials,Building Products & Equipment,BB,BB 中軌向上（上升趨勢）,Morning Star,0.8,1.0,0.5233,,0.5233,0,407,0.0228,142.34,145.59,148.83,140.92,2026-07-24,3,False
FCX,Materials,Copper,RSI,RSI 加速上升,None,0.0,0.5525,0.5217,0.5217,0.3048,138,3639,0.0144,62.72,63.62,64.53,62.09,2026-07-27,3,False
SOFI,Financials,Credit Services,BB,BB 跌破下軌 (超賣),Morning Star,0.8,1.0,0.5208,,0.5208,0,48,0.0248,16.46,16.87,17.28,16.3,2026-07-24,3,False
CEG,Utilities,Utilities - Independent Power Producers,RSI,RSI 加速上升,None,0.0,0.5525,0.5093,0.5093,0.2565,161,4905,0.0227,270.0,276.13,282.26,267.3,2026-07-27,3,False
GRAB,Information Technology,Software - Application,KDJ,KDJ 超賣區金叉,Bullish Engulfing,0.75,1.0,0.5,,0.5,0,12,0.027,3.45,3.54,3.64,3.42,2026-07-28,3,False
KKR,Financials,Asset Management,BB,BB 中軌向上（上升趨勢）,Morning Star,0.8,1.0,0.5,0.5,0.4207,14,328,0.0138,99.36,100.73,102.1,98.37,2026-07-24,3,False
MDLZ,Consumer Staples,Confectioners,RSI,RSI 維持強勢 (50-70),Bullish Engulfing,0.75,1.0,0.5,0.5,0.4118,8,136,0.0204,60.52,61.75,62.99,59.91,2026-07-24,3,False
SCHW,Financials,Capital Markets,RSI,RSI 維持強勢 (50-70),Consolidation Breakout,0.72,1.0,0.5,0.5,0.2725,12,1479,-0.0127,105.97,104.62,103.28,104.91,2026-07-28,3,False
TPR,Consumer Discretionary,Luxury Goods,RSI,RSI 動能加速（強勢區）,Consolidation Breakout,0.74,1.0,0.5,0.5,0.2678,6,478,0.0285,150.9,155.2,159.5,149.39,2026-07-28,3,False
NDSN,Industrials,Specialty Industrial Machinery,MACD,MACD 金叉 (多頭區),None,0.0,0.68,0.5,0.5,0.2674,6,531,0.017,295.77,300.8,305.83,292.81,2026-07-24,3,False
EMR,Industrials,Specialty Industrial Machinery,MACD,MACD 突破 0 軸,None,0.0,0.595,0.5,0.5,0.2912,6,570,0.0307,147.94,152.48,157.02,146.46,2026-07-24,3,False
RMD,Health Care,Medical Instruments & Supplies,MACD,MACD 突破 0 軸,None,0.0,0.595,0.5,0.5,0.3171,8,432,0.0064,208.96,210.3,211.63,206.87,2026-07-28,3,False
MRNA,Health Care,Biotechnology,KDJ,KDJ 超賣區金叉,None,0.0,0.5599999999999999,0.5,0.5,0.3027,6,370,-0.0077,55.805,55.38,54.95,55.25,2026-07-28,3,False
CIEN,Information Technology,Communication Equipment,RSI,RSI 加速上升,None,0.0,0.5525,0.5,0.5,0.3693,162,10688,0.026,390.96,401.12,411.29,387.05,2026-07-24,3,False
HPQ,Information Technology,Computer Hardware,KDJ,KDJ 金叉,None,0.0,0.5525,0.5,0.5,0.3918,18,1955,0.0095,25.75,25.99,26.24,25.49,2026-07-24,3,False
MU,Information Technology,Semiconductors,RSI,RSI 加速上升,None,0.0,0.5525,0.5,0.5,0.3693,178,10688,0.0227,920.95,941.86,962.76,911.74,2026-07-24,3,False
RJF,Financials,Asset Management,KDJ,KDJ 金叉,None,0.0,0.5525,0.5,0.5,0.3142,24,1932,0.011,173.6,175.51,177.42,171.86,2026-07-27,3,False
COIN,Financials,Financial Data & Stock Exchanges,RSI,RSI 上穿 50 中性線,None,0.0,0.4675,0.5,0.5,0.3091,34,1899,0.0317,167.49,172.8,178.11,165.82,2026-07-27,3,False
GEHC,Health Care,Medical Devices,BB,BB 跌破下軌 (超賣),None,0.0,0.45499999999999996,0.5,0.5,0.2752,16,974,0.0173,60.58,61.63,62.68,59.97,2026-07-24,3,False
LUV,Industrials,Airlines,BB,BB 跌破下軌 (超賣),None,0.0,0.45499999999999996,0.5,0.5,0.2838,14,1258,0.018,45.08,45.89,46.7,44.63,2026-07-24,3,False
WMB,Energy,Oil & Gas Midstream,BB,BB 跌破下軌 (超賣),None,0.0,0.45499999999999996,0.5,0.5,0.3664,8,292,0.0177,70.16,71.4,72.64,69.46,2026-07-28,3,False
GILD,Health Care,Drug Manufacturers - General,BB,BB 中軌向上（上升趨勢）,Morning Star,0.8,1.0,0.4901,,0.4901,0,253,0.0226,134.32,137.36,140.39,132.98,2026-07-28,3,False
HSIC,Health Care,Medical Distribution,BB,BB 中軌向上（上升趨勢）,Morning Star,0.8,1.0,0.4901,,0.4901,0,253,0.0226,85.47,87.4,89.33,84.62,2026-07-24,3,False
NVO,Health Care,Drug Manufacturers - General,BB,BB 中軌向上（上升趨勢）,Morning Star,0.8,1.0,0.4901,,0.4901,0,253,0.0226,49.67,50.79,51.92,49.17,2026-07-27,3,False
STE,Health Care,Medical Devices,BB,BB 中軌向上（上升趨勢）,Morning Star,0.8,1.0,0.4901,,0.4901,0,253,0.0226,214.07,218.91,223.75,211.93,2026-07-24,3,False
ACN,Information Technology,Information Technology Services,BB,BB 中軌向上（上升趨勢）,Morning Star,0.8,1.0,0.4841,,0.4841,0,471,0.0267,146.99,150.91,154.84,145.52,2026-07-24,3,False
BR,Information Technology,Information Technology Services,BB,BB 中軌向上（上升趨勢）,Morning Star,0.8,1.0,0.4841,,0.4841,0,471,0.0267,148.92,152.9,156.87,147.43,2026-07-24,3,False
SHOP,Information Technology,Software - Application,BB,BB 中軌向上（上升趨勢）,Morning Star,0.8,1.0,0.4841,,0.4841,0,471,0.0267,126.88,130.27,133.66,125.61,2026-07-27,3,False
SSNC,Information Technology,Software - Application,BB,BB 中軌向上（上升趨勢）,Morning Star,0.8,1.0,0.4841,,0.4841,0,471,0.0267,73.88,75.85,77.83,73.14,2026-07-24,3,False
XYZ,Information Technology,Software - Infrastructure,BB,BB 中軌向上（上升趨勢）,Morning Star,0.8,1.0,0.4841,,0.4841,0,471,0.0267,81.24,83.41,85.58,80.43,2026-07-27,3,False
AIZ,Financials,Insurance - Property & Casualty,KDJ,KDJ 金叉,None,0.0,0.5525,0.4815,0.4815,0.3142,27,1932,0.0124,276.87,280.3,283.74,274.1,2026-07-27,3,False
STLD,Materials,Steel,RSI,RSI 動能加速（強勢區）,None,0.0,0.51,0.4815,0.4815,0.2962,27,942,0.0084,259.74,261.92,264.1,257.14,2026-07-28,3,False
IFF,Materials,Specialty Chemicals,RSI,RSI 上穿 50 中性線,None,0.0,0.4675,0.4815,0.4815,0.3294,27,595,0.014,79.25,80.36,81.47,78.46,2026-07-28,3,False
AMD,Information Technology,Semiconductors,RSI,RSI 維持強勢 (50-70),None,0.0,0.51,0.4798,0.4798,0.3645,198,16764,0.0209,521.95,532.86,543.77,516.73,2026-07-24,3,False
GOOGL,Communication Services,Internet Content & Information,BB,BB 跌破下軌 (超賣),None,0.0,0.45499999999999996,0.4783,0.4783,0.33,23,397,0.0184,319.74,325.62,331.51,316.54,2026-07-24,3,False
DELL,Information Technology,Computer Hardware,RSI,RSI 維持強勢 (50-70),None,0.0,0.51,0.4775,0.4775,0.3645,333,16764,0.0252,426.91,437.67,448.43,422.64,2026-07-27,3,False
VST,Utilities,Utilities - Independent Power Producers,RSI,RSI 加速上升,None,0.0,0.5525,0.4759,0.4759,0.2565,166,4905,0.019,163.38,166.48,169.59,161.75,2026-07-24,3,False
BA,Industrials,Aerospace & Defense,RSI,RSI 加速上升,None,0.0,0.5525,0.473,0.473,0.2981,148,11545,0.0097,211.5,213.55,215.6,209.38,2026-07-27,3,False
AXON,Industrials,Aerospace & Defense,RSI,RSI 維持強勢 (50-70),Morning Star,0.8,1.0,0.4725,,0.4725,0,436,0.0182,525.48,535.04,544.61,520.23,2026-07-27,3,False
RBA,Industrials,Specialty Business Services,RSI,RSI 維持強勢 (50-70),Morning Star,0.8,1.0,0.4725,,0.4725,0,436,0.0182,111.59,113.62,115.65,110.47,2026-07-24,3,False
LAMR,Real Estate,REIT - Specialty,RSI,RSI 維持強勢 (50-70),Morning Star,0.8,1.0,0.4677,,0.4677,0,124,0.0167,159.46,162.12,164.79,157.87,2026-07-24,3,False
SPG,Real Estate,REIT - Retail,RSI,RSI 維持強勢 (50-70),Morning Star,0.8,1.0,0.4677,,0.4677,0,124,0.0167,229.78,233.62,237.45,227.48,2026-07-24,3,False
DLTR,Consumer Staples,Discount Stores,RSI,RSI 上穿 50 中性線,None,0.0,0.4675,0.4667,0.4667,0.2565,15,928,0.0099,120.45,121.64,122.83,119.25,2026-07-24,3,False
CHRW,Industrials,Integrated Freight & Logistics,BB,BB 跌破下軌 (超賣),None,0.0,0.45499999999999996,0.4667,0.4667,0.2838,15,1258,0.018,169.34,172.39,175.44,167.65,2026-07-28,3,False
HUM,Health Care,Healthcare Plans,BB,BB 跌破下軌 (超賣),None,0.0,0.45499999999999996,0.4667,0.4667,0.2752,15,974,0.0058,381.15,383.36,385.57,377.34,2026-07-27,3,False
CRM,Information Technology,Software - Application,MACD,MACD 金叉 (空頭區),None,0.0,0.42,0.4667,0.4667,0.3767,15,754,0.011,173.6,175.51,177.42,171.86,2026-07-27,3,False
MAR,Consumer Discretionary,Lodging,RSI,RSI 動能加速（強勢區）,None,0.0,0.51,0.4651,0.4651,0.3027,43,1665,0.0109,383.06,387.24,391.41,379.23,2026-07-27,3,False
TER,Information Technology,Semiconductor Equipment & Materials,RSI,RSI 加速上升,None,0.0,0.5525,0.4645,0.4645,0.3693,155,10688,0.016,349.92,355.52,361.12,346.42,2026-07-24,3,False
PLTR,Information Technology,Software - Infrastructure,RSI,RSI 維持強勢 (50-70),None,0.0,0.51,0.4644,0.4644,0.3645,295,16764,0.0159,131.53,133.62,135.71,130.21,2026-07-27,3,False
HWM,Industrials,Aerospace & Defense,RSI,RSI 加速上升,None,0.0,0.5525,0.4636,0.4636,0.2981,151,11545,0.0234,287.94,294.68,301.42,285.06,2026-07-27,3,False
EOG,Energy,Oil & Gas E&P,BB,價格在 BB 中軌上方,Cup & Handle,0.85,1.0,0.4615,0.4615,0.3398,91,1810,0.0126,146.39,148.23,150.08,144.93,2026-07-24,3,False
BX,Financials,Asset Management,RSI,RSI 動能加速（強勢區）,None,0.0,0.51,0.4615,0.4615,0.279,39,3129,0.0044,132.6,133.18,133.77,131.27,2026-07-27,3,False
CI,Health Care,Healthcare Plans,RSI,RSI 上穿 50 中性線,None,0.0,0.4675,0.4615,0.4615,0.3144,13,1323,0.017,289.57,294.49,299.42,286.67,2026-07-24,3,False
LII,Industrials,Building Products & Equipment,RSI,RSI 上穿 50 中性線,None,0.0,0.4675,0.4615,0.4615,0.304,26,1816,0.0103,547.35,552.99,558.63,541.88,2026-07-27,3,False
BALL,Consumer Discretionary,Packaging & Containers,BB,BB 中軌向上（上升趨勢）,Morning Star,0.8,1.0,0.4599,,0.4599,0,237,0.0144,63.84,64.76,65.68,63.2,2026-07-24,3,False
RIVN,Consumer Discretionary,Auto Manufacturers,BB,BB 中軌向上（上升趨勢）,Morning Star,0.8,1.0,0.4599,,0.4599,0,237,0.0144,16.69,16.93,17.17,16.52,2026-07-28,3,False
TXRH,Consumer Discretionary,Restaurants,BB,BB 中軌向上（上升趨勢）,Morning Star,0.8,1.0,0.4599,,0.4599,0,237,0.0144,193.27,196.05,198.84,191.34,2026-07-24,3,False
BRO,Financials,Insurance Brokers,KDJ,KDJ 金叉,None,0.0,0.5525,0.4583,0.4583,0.3142,24,1932,0.0067,69.7,70.17,70.63,69.0,2026-07-27,3,False
BAX,Health Care,Medical Instruments & Supplies,RSI,RSI 動能加速（強勢區）,None,0.0,0.51,0.4583,0.4583,0.2606,24,1869,0.0049,24.37,24.49,24.61,24.13,2026-07-28,3,False
WSM,Consumer Discretionary,Specialty Retail,RSI,RSI 上穿 50 中性線,None,0.0,0.4675,0.4583,0.4583,0.3072,24,1123,0.0088,226.74,228.74,230.73,224.47,2026-07-24,3,False
CRWD,Information Technology,Software - Infrastructure,RSI,RSI 維持強勢 (50-70),None,0.0,0.51,0.4578,0.4578,0.3645,249,16764,0.0167,181.8,184.84,187.87,179.98,2026-07-28,3,False
JBL,Information Technology,Electronic Components,RSI,RSI 加速上升,None,0.0,0.5525,0.4566,0.4566,0.3693,173,10688,0.0157,312.59,317.5,322.41,309.46,2026-07-24,3,False
SNEX,Financials,Capital Markets,RSI,RSI 維持超賣,None,0.0,0.385,0.4547,,0.4547,0,508,0.0093,74.28,74.97,75.66,73.54,2026-07-28,3,False
F,Consumer Discretionary,Auto Manufacturers,RSI,RSI 加速上升,Consolidation Breakout,0.85,1.0,0.4545,0.4545,0.2497,11,737,0.01,14.96,15.11,15.26,14.81,2026-07-28,3,False
BEN,Financials,Asset Management,KDJ,KDJ 金叉,None,0.0,0.5525,0.4545,0.4545,0.3142,11,1932,0.0132,33.22,33.66,34.1,32.89,2026-07-27,3,False
EL,Consumer Staples,Household & Personal Products,RSI,RSI 上穿 50 中性線,None,0.0,0.4675,0.4545,0.4545,0.2565,22,928,-0.0057,83.2,82.73,82.25,82.37,2026-07-27,3,False
TDG,Industrials,Aerospace & Defense,MACD,MACD 金叉 (空頭區),None,0.0,0.42,0.4545,0.4545,0.3303,11,875,0.0143,1307.97,1326.67,1345.38,1294.89,2026-07-28,3,False
RVTY,Health Care,Diagnostics & Research,RSI,RSI 上穿 50 中性線,None,0.0,0.4675,0.45,0.45,0.3144,20,1323,-0.0017,111.51,111.32,111.13,110.39,2026-07-28,3,False
FOXA,Communication Services,Entertainment,RSI,RSI 動能加速（強勢區）,None,0.0,0.51,0.4483,0.4483,0.3135,29,772,0.0029,57.72,57.89,58.05,57.14,2026-07-28,3,False
NOW,Information Technology,Software - Application,RSI,RSI 動能加速（強勢區）,None,0.0,0.51,0.4483,0.4483,0.366,29,2885,0.0072,110.62,111.42,112.21,109.51,2026-07-28,3,False
SKM,Communication Services,Telecom Services,RSI,RSI 加速上升,None,0.0,0.5525,0.4481,,0.4481,0,241,0.0027,35.24,35.34,35.43,34.89,2026-07-27,3,True
FROG,Information Technology,Software - Application,BB,BB 跌破下軌 (超賣),None,0.0,0.45499999999999996,0.4474,,0.4474,0,456,0.012,76.43,77.35,78.26,75.67,2026-07-28,3,True
SANM,Information Technology,Electronic Components,BB,BB 跌破下軌 (超賣),None,0.0,0.45499999999999996,0.4474,,0.4474,0,456,0.012,172.43,174.5,176.57,170.71,2026-07-28,3,True
SIMO,Information Technology,Semiconductors,BB,BB 跌破下軌 (超賣),None,0.0,0.45499999999999996,0.4474,,0.4474,0,456,0.012,221.42,224.08,226.73,219.21,2026-07-28,3,True
TTMI,Information Technology,Electronic Components,BB,BB 跌破下軌 (超賣),None,0.0,0.45499999999999996,0.4474,,0.4474,0,456,0.012,108.69,109.99,111.3,107.6,2026-07-28,3,True
WSE,Information Technology,Information Technology Services,BB,BB 跌破下軌 (超賣),None,0.0,0.45499999999999996,0.4474,,0.4474,0,456,0.012,11.33,11.47,11.6,11.22,2026-07-24,3,True
CHKP,Information Technology,Software - Infrastructure,RSI,RSI 維持強勢 (50-70),None,0.0,0.51,0.4471,,0.4471,0,747,0.0161,137.64,139.86,142.07,136.26,2026-07-28,3,True
CLS,Information Technology,Electronic Components,RSI,RSI 維持強勢 (50-70),None,0.0,0.51,0.4471,,0.4471,0,747,0.0161,350.2,355.84,361.48,346.7,2026-07-28,3,True
EPAM,Information Technology,Information Technology Services,RSI,RSI 維持強勢 (50-70),None,0.0,0.51,0.4471,,0.4471,0,747,0.0161,100.4,102.02,103.63,99.4,2026-07-28,3,True
GIB,Information Technology,Information Technology Services,RSI,RSI 維持強勢 (50-70),None,0.0,0.51,0.4471,,0.4471,0,747,0.0161,71.4,72.55,73.7,70.69,2026-07-28,3,True
GRMN,Information Technology,Scientific & Technical Instruments,RSI,RSI 維持強勢 (50-70),None,0.0,0.51,0.4471,,0.4471,0,747,0.0161,242.47,246.37,250.28,240.05,2026-07-27,3,True
LOGI,Information Technology,Computer Hardware,RSI,RSI 維持強勢 (50-70),None,0.0,0.51,0.4471,,0.4471,0,747,0.0161,111.66,113.46,115.26,110.54,2026-07-28,3,True
MET,Financials,Insurance - Life,RSI,RSI 維持強勢 (50-70),Morning Star,0.8,1.0,0.4444,0.4444,0.4278,9,367,0.0067,94.83,95.47,96.1,93.88,2026-07-24,3,False
TPG,Financials,Asset Management,RSI,RSI 維持強勢 (50-70),Bullish Engulfing,0.75,1.0,0.4444,,0.4444,0,9,0.0214,43.76,44.7,45.63,43.32,2026-07-28,3,True
AUR,Consumer Discretionary,Auto Parts,BB,價格在 BB 中軌上方,Morning Star,0.8,0.924,0.4444,,0.4444,0,261,0.0103,6.21,6.27,6.34,6.15,2026-07-28,3,False
GM,Consumer Discretionary,Auto Manufacturers,RSI,RSI 加速上升,None,0.0,0.5525,0.4444,0.4444,0.3983,9,359,0.0233,90.3,92.4,94.51,89.4,2026-07-28,3,True
MGM,Consumer Discretionary,Resorts & Casinos,RSI,RSI 上穿 50 中性線,None,0.0,0.4675,0.4444,0.4444,0.3072,18,1123,0.0194,46.3,47.2,48.1,45.84,2026-07-27,3,False
LECO,Industrials,Tools & Accessories,RSI,RSI 動能加速（強勢區）,Consolidation Breakout,0.85,1.0,0.443,,0.443,0,79,0.0094,267.25,269.76,272.27,264.58,2026-07-28,3,True
KLAC,Information Technology,Semiconductor Equipment & Materials,RSI,RSI 維持強勢 (50-70),None,0.0,0.51,0.4427,0.4427,0.3645,314,16764,0.0104,190.8,192.78,194.77,188.89,2026-07-28,3,False
AGNC,Real Estate,REIT - Mortgage,KDJ,KDJ 金叉,None,0.0,0.5525,0.4412,,0.4412,0,34,0.011,11.07,11.19,11.31,10.96,2026-07-28,3,True
SUI,Real Estate,REIT - Residential,KDJ,KDJ 金叉,None,0.0,0.5525,0.4412,,0.4412,0,34,0.011,121.83,123.17,124.51,120.61,2026-07-24,3,True
MPC,Energy,Oil & Gas Refining & Marketing,RSI,RSI 維持強勢 (50-70),Bullish Engulfing,0.75,1.0,0.4386,,0.4386,0,57,0.014,312.35,316.72,321.1,309.23,2026-07-27,3,False
VLO,Energy,Oil & Gas Refining & Marketing,RSI,RSI 維持強勢 (50-70),Bullish Engulfing,0.75,1.0,0.4386,,0.4386,0,57,0.014,304.93,309.2,313.47,301.88,2026-07-27,3,False
GEN,Information Technology,Software - Infrastructure,KDJ,KDJ 金叉,None,0.0,0.5525,0.4375,0.4375,0.3918,16,1955,0.0205,26.74,27.29,27.84,26.47,2026-07-27,3,False
PFE,Health Care,Drug Manufacturers - General,KDJ,KDJ 金叉,None,0.0,0.5525,0.4375,0.4375,0.2852,16,1536,0.0049,25.25,25.37,25.5,25.0,2026-07-28,3,False
TSN,Consumer Staples,Farm Products,KDJ,KDJ 金叉,None,0.0,0.5525,0.4375,0.4375,0.2503,16,779,0.01,57.45,58.02,58.6,56.88,2026-07-24,3,False
DAL,Industrials,Airlines,RSI,RSI 上穿 50 中性線,None,0.0,0.4675,0.4375,0.4375,0.304,32,1816,0.0102,86.67,87.55,88.44,85.8,2026-07-27,3,False
APA,Energy,Oil & Gas E&P,BB,BB 中軌向上（上升趨勢）,None,0.0,0.51,0.4367,0.4367,0.2962,229,4484,0.0055,34.93,35.12,35.31,34.58,2026-07-28,3,False
WAT,Health Care,Diagnostics & Research,RSI,RSI 動能加速（強勢區）,None,0.0,0.51,0.4348,0.4348,0.2606,23,1869,0.0135,383.9,389.08,394.27,380.06,2026-07-28,3,False
ALGN,Health Care,Medical Instruments & Supplies,RSI,RSI 上穿 50 中性線,None,0.0,0.4675,0.4348,0.4348,0.3144,23,1323,0.0055,175.6,176.57,177.53,173.84,2026-07-28,3,False
MCHP,Information Technology,Semiconductors,BB,BB 跌破下軌 (超賣),None,0.0,0.45499999999999996,0.4348,0.4348,0.3447,23,1001,0.0134,75.71,76.72,77.74,74.95,2026-07-28,3,False
ANET,Information Technology,Computer Hardware,RSI,RSI 維持強勢 (50-70),None,0.0,0.51,0.434,0.434,0.3645,288,16764,0.009,169.71,171.24,172.76,168.01,2026-07-28,3,False
NLY,Real Estate,REIT - Mortgage,RSI,RSI 上穿 50 中性線,None,0.0,0.4675,0.4333,,0.4333,0,30,0.0103,22.57,22.8,23.03,22.34,2026-07-27,3,True
CRH,Materials,Building Materials,RSI,RSI 加速上升,None,0.0,0.5525,0.4324,0.4324,0.3048,111,3639,0.0147,103.4,104.92,106.44,102.37,2026-07-28,3,False
MRSH,Financials,Insurance Brokers,RSI,RSI 維持強勢 (50-70),Morning Star,0.8,1.0,0.4286,0.4286,0.4278,7,367,0.0097,180.74,182.49,184.25,178.93,2026-07-24,3,False
JNJ,Health Care,Drug Manufacturers - General,MACD,MACD 金叉 (多頭區),None,0.0,0.68,0.4286,0.4286,0.2557,7,305,0.0099,265.95,268.58,271.22,263.29,2026-07-27,3,False
PNR,Industrials,Specialty Industrial Machinery,KDJ,KDJ 金叉,None,0.0,0.5525,0.4286,0.4286,0.3223,28,2110,0.0098,63.18,63.8,64.42,62.55,2026-07-27,3,False
CF,Materials,Agricultural Inputs,RSI,RSI 動能加速（強勢區）,None,0.0,0.51,0.4286,0.4286,0.2962,28,942,0.0051,122.92,123.55,124.17,121.69,2026-07-28,3,False
SWKS,Information Technology,Semiconductors,RSI,RSI 維持強勢 (50-70),None,0.0,0.51,0.4286,0.4286,0.4471,7,747,-0.0275,64.68,62.9,61.12,64.03,2026-07-28,3,True
PTC,Information Technology,Software - Application,RSI,RSI 上穿 50 中性線,None,0.0,0.4675,0.4286,0.4286,0.3785,21,1593,0.0043,125.21,125.75,126.29,123.96,2026-07-27,3,False
LEN,Consumer Discretionary,Residential Construction,MACD,MACD 金叉 (空頭區),None,0.0,0.42,0.4286,0.4286,0.3233,14,529,0.0189,85.04,86.65,88.25,84.19,2026-07-27,3,False
NFLX,Communication Services,Entertainment,MACD,MACD 金叉 (空頭區),None,0.0,0.42,0.4286,0.4286,0.3254,14,252,0.0171,70.4,71.6,72.81,69.7,2026-07-27,3,False
GPC,Consumer Discretionary,Auto Parts,BB,BB 中軌向上（上升趨勢）,Bullish Engulfing,0.75,1.0,0.4279,,0.4279,0,208,0.015,124.21,126.07,127.94,122.97,2026-07-24,3,False
BPOP,Financials,Banks - Regional,RSI,RSI 維持強勢 (50-70),Morning Star,0.8,1.0,0.4278,,0.4278,0,367,0.0116,174.16,176.18,178.2,172.42,2026-07-28,3,False
RGA,Financials,Insurance - Reinsurance,RSI,RSI 維持強勢 (50-70),Morning Star,0.8,1.0,0.4278,,0.4278,0,367,0.0116,238.92,241.69,244.46,236.53,2026-07-24,3,False
RY,Financials,Banks - Diversified,RSI,RSI 維持強勢 (50-70),Morning Star,0.8,1.0,0.4278,,0.4278,0,367,0.0116,209.51,211.94,214.37,207.41,2026-07-27,3,False
TROW,Financials,Asset Management,RSI,RSI 維持強勢 (50-70),Morning Star,0.8,1.0,0.4278,,0.4278,0,367,0.0116,116.5,117.85,119.2,115.33,2026-07-24,3,False
V,Financials,Credit Services,RSI,RSI 維持強勢 (50-70),Morning Star,0.8,1.0,0.4278,,0.4278,0,367,0.0116,355.74,359.87,363.99,352.18,2026-07-24,3,False
WTW,Financials,Insurance Brokers,RSI,RSI 維持強勢 (50-70),Morning Star,0.8,1.0,0.4278,,0.4278,0,367,0.0116,295.11,298.53,301.96,292.16,2026-07-24,3,False
TECH,Health Care,Biotechnology,BB,BB 中軌向上（上升趨勢）,None,0.0,0.51,0.4267,0.4267,0.2705,150,10885,0.0009,71.62,71.68,71.75,70.9,2026-07-27,3,False
GNRC,Industrials,Specialty Industrial Machinery,RSI,RSI 維持超賣,None,0.0,0.385,0.4252,,0.4252,0,127,0.01,195.6,197.56,199.51,193.64,2026-07-28,3,True
STRD,Information Technology,Software - Application,BB,BB 中軌向上（上升趨勢）,None,0.0,0.51,0.4238,,0.4238,0,1083,0.0134,59.84,60.64,61.44,59.24,2026-07-28,3,True
TTD,Communication Services,Advertising Agencies,RSI,RSI 上穿 50 中性線,None,0.0,0.4675,0.4231,0.4231,0.3243,26,518,0.0061,18.91,19.03,19.14,18.72,2026-07-28,3,False
AS,Consumer Discretionary,Leisure,RSI,RSI 維持強勢 (50-70),Bullish Engulfing,0.75,1.0,0.4221,,0.4221,0,199,0.0146,33.92,34.42,34.91,33.58,2026-07-24,3,False
TRMB,Information Technology,Scientific & Technical Instruments,RSI,RSI 維持強勢 (50-70),Morning Star,0.8,1.0,0.4207,,0.4207,0,454,0.0197,52.91,53.95,54.99,52.38,2026-07-24,3,False
NEM,Materials,Gold,RSI,RSI 加速上升,None,0.0,0.5525,0.4179,0.4179,0.3048,201,3639,0.0067,93.47,94.1,94.72,92.54,2026-07-27,3,False
GE,Industrials,Aerospace & Defense,RSI,RSI 上穿 50 中性線,None,0.0,0.4675,0.4167,0.4167,0.304,24,1816,0.0004,353.73,353.87,354.01,350.19,2026-07-24,3,False
MTD,Health Care,Diagnostics & Research,RSI,RSI 上穿 50 中性線,None,0.0,0.4675,0.4167,0.4167,0.3144,24,1323,0.0178,1388.38,1413.09,1437.81,1374.5,2026-07-28,3,False
CSCO,Information Technology,Communication Equipment,MACD,MACD 金叉 (空頭區),None,0.0,0.42,0.4167,0.4167,0.3767,12,754,0.0021,115.58,115.82,116.07,114.42,2026-07-28,3,False
RF,Financials,Banks - Regional,RSI,RSI 動能加速（強勢區）,None,0.0,0.51,0.4138,0.4138,0.279,29,3129,0.0104,31.27,31.6,31.92,30.96,2026-07-28,3,False
ERIC,Information Technology,Communication Equipment,RSI,RSI 加速上升,None,0.0,0.5525,0.4113,,0.4113,0,851,0.0125,9.97,10.09,10.22,9.87,2026-07-28,3,True
CVE,Energy,Oil & Gas Integrated,RSI,RSI 維持強勢 (50-70),None,0.0,0.51,0.411,,0.411,0,146,0.0074,28.04,28.25,28.45,27.76,2026-07-27,3,True
EPD,Energy,Oil & Gas Midstream,RSI,RSI 維持強勢 (50-70),None,0.0,0.51,0.411,,0.411,0,146,0.0074,38.63,38.92,39.2,38.24,2026-07-28,3,True
ET,Energy,Oil & Gas Midstream,RSI,RSI 維持強勢 (50-70),None,0.0,0.51,0.411,,0.411,0,146,0.0074,19.91,20.06,20.2,19.71,2026-07-27,3,True
WES,Energy,Oil & Gas Midstream,RSI,RSI 維持強勢 (50-70),None,0.0,0.51,0.411,,0.411,0,146,0.0074,46.73,47.08,47.42,46.26,2026-07-27,3,True
LLY,Health Care,Drug Manufacturers - General,RSI,RSI 加速上升,None,0.0,0.5525,0.4109,0.4109,0.2803,129,8492,0.0107,1220.66,1233.72,1246.78,1208.45,2026-07-28,3,False
BAC,Financials,Banks - Diversified,RSI,RSI 加速上升,None,0.0,0.5525,0.4104,0.4104,0.3014,173,11488,0.0121,62.13,62.88,63.63,61.51,2026-07-27,3,False
LVS,Consumer Discretionary,Resorts & Casinos,RSI,RSI 維持強勢 (50-70),None,0.0,0.51,0.4104,0.4104,0.2995,173,10441,0.0113,48.25,48.8,49.34,47.77,2026-07-28,3,False
SBS,Utilities,Utilities - Regulated Water,BB,BB 跌破下軌 (超賣),None,0.0,0.45499999999999996,0.4104,,0.4104,0,441,0.0122,5.52,5.59,5.65,5.46,2026-07-28,3,False
FITB,Financials,Banks - Regional,RSI,RSI 動能加速（強勢區）,None,0.0,0.51,0.4103,0.4103,0.279,39,3129,0.0068,57.8,58.19,58.59,57.22,2026-07-28,3,False
TLN,Utilities,Utilities - Independent Power Producers,BB,BB 跌破下軌 (超賣),None,0.0,0.45499999999999996,0.4097,,0.4097,0,144,0.0064,326.05,328.14,330.22,322.79,2026-07-28,3,True
PINS,Communication Services,Internet Content & Information,RSI,RSI 上穿 50 中性線,Morning Star,0.8,0.9900000000000001,0.4091,,0.4091,0,22,0.0152,22.13,22.47,22.8,21.91,2026-07-24,3,False
ICLR,Health Care,Diagnostics & Research,KDJ,KDJ 金叉,None,0.0,0.5525,0.408,,0.408,0,125,0.0055,180.24,181.23,182.22,178.44,2026-07-28,3,True
PHG,Health Care,Medical Devices,KDJ,KDJ 金叉,None,0.0,0.5525,0.408,,0.408,0,125,0.0055,25.55,25.69,25.83,25.29,2026-07-28,3,True
UAL,Industrials,Airlines,RSI,RSI 加速上升,None,0.0,0.5525,0.4079,0.4079,0.2981,152,11545,0.0049,123.77,124.38,124.98,122.53,2026-07-28,3,False
GDDY,Information Technology,Software - Infrastructure,RSI,RSI 動能加速（強勢區）,None,0.0,0.51,0.4074,0.4074,0.366,27,2885,0.0074,102.92,103.68,104.44,101.89,2026-07-28,3,False
FTV,Information Technology,Scientific & Technical Instruments,MACD,MACD 突破 0 軸,None,0.0,0.595,0.4064,,0.4064,0,529,0.0085,62.31,62.84,63.37,61.69,2026-07-24,3,False
GWW,Industrials,Industrial Distribution,KDJ,KDJ 金叉,None,0.0,0.5525,0.4062,0.4062,0.3223,32,2110,0.005,1398.95,1405.94,1412.94,1384.96,2026-07-27,3,False
APH,Information Technology,Electronic Components,BB,價格在 BB 中軌上方,None,0.0,0.425,0.4062,0.4062,0.3573,352,20206,0.0077,152.67,153.85,155.02,151.14,2026-07-24,3,False
AVGO,Information Technology,Semiconductors,BB,BB 中軌向上（上升趨勢）,None,0.0,0.51,0.4056,0.4056,0.3639,323,16781,0.0099,380.91,384.68,388.45,377.1,2026-07-28,3,False
EQT,Energy,Oil & Gas E&P,RSI,RSI 加速上升,None,0.0,0.5525,0.4048,0.4048,0.3227,126,3306,0.0092,51.66,52.14,52.61,51.14,2026-07-28,3,False
IRM,Real Estate,REIT - Specialty,RSI,RSI 動能加速（強勢區）,None,0.0,0.51,0.4048,0.4048,0.2452,42,1093,0.0121,128.31,129.86,131.42,127.03,2026-07-24,3,False
DINO,Energy,Oil & Gas Refining & Marketing,BB,BB 中軌向上（上升趨勢）,Bullish Engulfing,0.75,1.0,0.4038,,0.4038,0,52,0.0187,90.78,92.48,94.18,89.87,2026-07-27,3,True
IHG,Consumer Discretionary,Lodging,BB,價格在 BB 中軌上方,None,0.0,0.425,0.4026,,0.4026,0,529,0.0119,162.19,164.12,166.05,160.57,2026-07-28,3,True
JD,Consumer Discretionary,Internet Retail,BB,價格在 BB 中軌上方,None,0.0,0.425,0.4026,,0.4026,0,529,0.0119,31.79,32.17,32.55,31.47,2026-07-28,3,True
RACE,Consumer Discretionary,Auto Manufacturers,BB,價格在 BB 中軌上方,None,0.0,0.425,0.4026,,0.4026,0,529,0.0119,390.14,394.78,399.43,386.24,2026-07-28,3,True
STLA,Consumer Discretionary,Auto Manufacturers,BB,價格在 BB 中軌上方,None,0.0,0.425,0.4026,,0.4026,0,529,0.0119,5.76,5.83,5.9,5.7,2026-07-28,3,True
TCOM,Consumer Discretionary,Travel Services,BB,價格在 BB 中軌上方,None,0.0,0.425,0.4026,,0.4026,0,529,0.0119,44.77,45.3,45.84,44.32,2026-07-27,3,True
AER,Industrials,Rental & Leasing Services,BB,BB 中軌向上（上升趨勢）,Bullish Engulfing,0.75,1.0,0.4012,,0.4012,0,324,0.0121,154.09,155.95,157.82,152.55,2026-07-28,3,False
GFL,Industrials,Waste Management,BB,BB 中軌向上（上升趨勢）,Bullish Engulfing,0.75,1.0,0.4012,,0.4012,0,324,0.0121,39.68,40.16,40.64,39.28,2026-07-24,3,False
EXPE,Consumer Discretionary,Travel Services,RSI,RSI 加速上升,Consolidation Breakout,0.72,1.0,0.4,0.4,0.2497,5,737,0.0119,295.79,299.31,302.83,292.83,2026-07-28,3,False
BBY,Consumer Discretionary,Specialty Retail,MACD,MACD 金叉 (多頭區),None,0.0,0.68,0.4,0.4,0.37,5,273,0.0069,88.45,89.06,89.67,87.57,2026-07-27,3,False
ESS,Real Estate,REIT - Residential,KDJ,KDJ 金叉,None,0.0,0.5525,0.4,0.4,0.2818,15,550,0.002,294.52,295.11,295.7,291.57,2026-07-28,3,False
KO,Consumer Staples,Beverages - Non-Alcoholic,RSI,RSI 加速上升,None,0.0,0.5525,0.4,0.4,0.309,5,288,0.0154,88.27,89.63,90.99,87.39,2026-07-28,3,True
MOS,Materials,Agricultural Inputs,KDJ,KDJ 金叉,None,0.0,0.5525,0.4,0.4,0.314,25,637,0.0006,23.08,23.09,23.11,22.85,2026-07-28,3,False
TMO,Health Care,Diagnostics & Research,KDJ,KDJ 金叉,None,0.0,0.5525,0.4,0.4,0.2852,25,1536,0.0083,568.26,572.98,577.69,562.58,2026-07-24,3,False
AWK,Utilities,Utilities - Regulated Water,BB,BB 中軌向上（上升趨勢）,None,0.0,0.51,0.4,0.4,0.3562,5,365,-0.0144,138.04,136.05,134.06,136.66,2026-07-28,3,True
CVS,Health Care,Healthcare Plans,RSI,RSI 動能加速（強勢區）,None,0.0,0.51,0.4,0.4,0.2606,30,1869,0.0049,109.34,109.88,110.41,108.25,2026-07-28,3,False
HSY,Consumer Staples,Confectioners,RSI,RSI 上穿 50 中性線,None,0.0,0.4675,0.4,0.4,0.2565,20,928,0.0045,180.19,181.0,181.81,178.39,2026-07-27,3,False
MSFT,Information Technology,Software - Infrastructure,RSI,RSI 上穿 50 中性線,None,0.0,0.4675,0.4,0.4,0.3785,20,1593,0.0133,393.35,398.58,403.81,389.42,2026-07-28,3,False
KHC,Consumer Staples,Packaged Foods,BB,價格在 BB 中軌上方,None,0.0,0.425,0.4,0.4,0.287,5,345,-0.0043,27.3,27.18,27.07,27.03,2026-07-28,3,True
C,Financials,Banks - Diversified,RSI,RSI 加速上升,None,0.0,0.5525,0.3989,0.3989,0.3014,188,11488,0.0114,133.1,134.62,136.13,131.77,2026-07-27,3,False
MTB,Financials,Banks - Regional,RSI,RSI 動能加速（強勢區）,None,0.0,0.51,0.3958,0.3958,0.279,48,3129,0.0118,252.61,255.59,258.57,250.08,2026-07-28,3,False
FOX,Communication Services,Entertainment,RSI,RSI 動能加速（強勢區）,None,0.0,0.51,0.3939,0.3939,0.3135,33,772,-0.0003,51.63,51.61,51.6,51.11,2026-07-28,3,False
WAB,Industrials,Railroads,RSI,RSI 加速上升,None,0.0,0.5525,0.3926,0.3926,0.2981,135,11545,0.0105,300.9,304.06,307.22,297.89,2026-07-27,3,False
DXCM,Health Care,Medical Devices,BB,價格在 BB 中軌上方,None,0.0,0.425,0.3924,0.3924,0.2804,237,14417,0.0073,74.85,75.4,75.94,74.1,2026-07-28,3,False
ARE,Real Estate,REIT - Office,BB,價格在 BB 中軌上方,None,0.0,0.425,0.3923,0.3923,0.248,209,8032,0.0054,54.0,54.29,54.58,53.46,2026-07-28,3,False
IBKR,Financials,Capital Markets,RSI,RSI 維持強勢 (50-70),None,0.0,0.51,0.3919,0.3919,0.2842,273,19108,0.0117,92.27,93.35,94.43,91.35,2026-07-27,3,False
CGNX,Information Technology,Scientific & Technical Instruments,KDJ,KDJ 金叉,None,0.0,0.5525,0.3918,,0.3918,0,1955,0.0107,60.36,61.01,61.65,59.76,2026-07-28,3,False
CPAY,Information Technology,Software - Infrastructure,KDJ,KDJ 金叉,None,0.0,0.5525,0.3918,,0.3918,0,1955,0.0107,370.58,374.55,378.51,366.87,2026-07-24,3,False
DT,Information Technology,Software - Application,KDJ,KDJ 金叉,None,0.0,0.5525,0.3918,,0.3918,0,1955,0.0107,43.72,44.19,44.66,43.28,2026-07-27,3,False
FIS,Information Technology,Information Technology Services,KDJ,KDJ 金叉,None,0.0,0.5525,0.3918,,0.3918,0,1955,0.0107,43.16,43.62,44.08,42.73,2026-07-27,3,False
FISV,Information Technology,Financial Technology,KDJ,KDJ 金叉,None,0.0,0.5525,0.3918,,0.3918,0,1955,0.0107,51.02,51.57,52.11,50.51,2026-07-24,3,False
GWRE,Information Technology,Software - Application,KDJ,KDJ 金叉,None,0.0,0.5525,0.3918,,0.3918,0,1955,0.0107,149.28,150.88,152.47,147.79,2026-07-27,3,False
IONQ,Information Technology,Computer Hardware,KDJ,KDJ 金叉,None,0.0,0.5525,0.3918,,0.3918,0,1955,0.0107,35.92,36.3,36.69,35.56,2026-07-27,3,False
IOT,Information Technology,Software - Infrastructure,KDJ,KDJ 金叉,None,0.0,0.5525,0.3918,,0.3918,0,1955,0.0107,37.5,37.9,38.3,37.12,2026-07-28,3,False
JKHY,Information Technology,Information Technology Services,KDJ,KDJ 金叉,None,0.0,0.5525,0.3918,,0.3918,0,1955,0.0107,152.98,154.62,156.25,151.45,2026-07-27,3,False
MDB,Information Technology,Software - Infrastructure,KDJ,KDJ 金叉,None,0.0,0.5525,0.3918,,0.3918,0,1955,0.0107,310.62,313.94,317.27,307.51,2026-07-28,3,False
NTNX,Information Technology,Software - Infrastructure,KDJ,KDJ 金叉,None,0.0,0.5525,0.3918,,0.3918,0,1955,0.0107,56.85,57.46,58.07,56.28,2026-07-27,3,False
NXT,Information Technology,Solar,KDJ,KDJ 金叉,None,0.0,0.5525,0.3918,,0.3918,0,1955,0.0107,103.73,104.84,105.95,102.69,2026-07-27,3,False
SNOW,Information Technology,Software - Application,KDJ,KDJ 金叉,None,0.0,0.5525,0.3918,,0.3918,0,1955,0.0107,270.36,273.25,276.15,267.66,2026-07-28,3,False
STRC,Information Technology,Software - Application,KDJ,KDJ 金叉,None,0.0,0.5525,0.3918,,0.3918,0,1955,0.0107,88.32,89.27,90.21,87.44,2026-07-27,3,False
STRK,Information Technology,Software - Application,KDJ,KDJ 金叉,None,0.0,0.5525,0.3918,,0.3918,0,1955,0.0107,62.46,63.13,63.8,61.84,2026-07-28,3,False
TOST,Information Technology,Software - Infrastructure,KDJ,KDJ 金叉,None,0.0,0.5525,0.3918,,0.3918,0,1955,0.0107,30.84,31.17,31.5,30.53,2026-07-27,3,False
TWLO,Information Technology,Software - Infrastructure,KDJ,KDJ 金叉,None,0.0,0.5525,0.3918,,0.3918,0,1955,0.0107,194.47,196.55,198.63,192.53,2026-07-27,3,False
U,Information Technology,Software - Application,KDJ,KDJ 金叉,None,0.0,0.5525,0.3918,,0.3918,0,1955,0.0107,30.44,30.77,31.09,30.14,2026-07-27,3,False
UBER,Information Technology,Software - Application,KDJ,KDJ 金叉,None,0.0,0.5525,0.3918,,0.3918,0,1955,0.0107,70.74,71.5,72.25,70.03,2026-07-28,3,False
WIT,Information Technology,Information Technology Services,KDJ,KDJ 金叉,None,0.0,0.5525,0.3918,,0.3918,0,1955,0.0107,1.849,1.87,1.89,1.83,2026-07-24,3,False
COF,Financials,Credit Services,RSI,RSI 上穿 50 中性線,None,0.0,0.4675,0.3913,0.3913,0.3091,23,1899,-0.0034,202.84,202.15,201.46,200.81,2026-07-24,3,False
CPRT,Industrials,Specialty Business Services,RSI,RSI 上穿 50 中性線,None,0.0,0.4675,0.3898,,0.3898,0,118,0.0111,29.79,30.12,30.45,29.49,2026-07-27,3,True
HUBB,Industrials,Electrical Equipment & Parts,RSI,RSI 上穿 50 中性線,None,0.0,0.4675,0.3898,,0.3898,0,118,0.0111,497.96,503.49,509.01,492.98,2026-07-27,3,True
ROL,Consumer Discretionary,Personal Services,RSI,RSI 維持超賣,None,0.0,0.385,0.3894,,0.3894,0,565,0.0066,39.01,39.27,39.52,38.62,2026-07-28,3,False
ODFL,Industrials,Trucking,RSI,RSI 維持強勢 (50-70),None,0.0,0.51,0.3892,0.3892,0.2986,203,19157,-0.0003,232.99,232.92,232.85,230.66,2026-07-24,3,False
NVDA,Information Technology,Semiconductors,BB,價格在 BB 中軌上方,None,0.0,0.425,0.3889,0.3889,0.3573,342,20206,0.0044,206.84,207.75,208.66,204.77,2026-07-24,3,False
CMI,Industrials,Specialty Industrial Machinery,RSI,RSI 加速上升,None,0.0,0.5525,0.3885,0.3885,0.2981,139,11545,0.012,661.84,669.78,677.72,655.22,2026-07-27,3,False
EFX,Industrials,Consulting Services,RSI,RSI 維持強勢 (50-70),Bullish Engulfing,0.75,1.0,0.3881,,0.3881,0,335,0.009,172.54,174.09,175.65,170.81,2026-07-24,3,False
VIV,Communication Services,Telecom Services,BB,BB 中軌向上（上升趨勢）,None,0.0,0.51,0.3881,,0.3881,0,268,0.0017,13.15,13.17,13.19,13.02,2026-07-28,3,True
HPE,Information Technology,Communication Equipment,RSI,RSI 加速上升,None,0.0,0.5525,0.3879,0.3879,0.3693,116,10688,0.0216,48.19,49.23,50.27,47.71,2026-07-27,3,False
TT,Industrials,Building Products & Equipment,RSI,RSI 加速上升,None,0.0,0.5525,0.3876,0.3876,0.2981,129,11545,0.0101,483.34,488.22,493.1,478.51,2026-07-27,3,False
DVN,Energy,Oil & Gas E&P,RSI,RSI 加速上升,None,0.0,0.5525,0.3864,0.3864,0.3227,132,3306,0.005,45.04,45.27,45.49,44.59,2026-07-24,3,False
OVV,Energy,Oil & Gas E&P,BB,BB 中軌向上（上升趨勢）,None,0.0,0.51,0.386,,0.386,0,171,0.0019,63.13,63.25,63.37,62.5,2026-07-24,3,True
APO,Financials,Asset Management,KDJ,KDJ 金叉,None,0.0,0.5525,0.3846,0.3846,0.3142,26,1932,0.021,124.24,126.85,129.46,123.0,2026-07-27,3,False
JBHT,Industrials,Integrated Freight & Logistics,KDJ,KDJ 金叉,None,0.0,0.5525,0.3846,0.3846,0.3223,26,2110,-0.002,277.62,277.06,276.51,274.84,2026-07-28,3,False
TSLA,Consumer Discretionary,Auto Manufacturers,RSI,RSI 維持超賣,None,0.0,0.385,0.3846,0.3846,0.3894,13,565,-0.0131,307.44,303.41,299.39,304.37,2026-07-28,3,False
LYV,Communication Services,Entertainment,BB,BB 中軌向上（上升趨勢）,Bullish Engulfing,0.75,1.0,0.3828,,0.3828,0,128,0.0034,179.4,180.01,180.62,177.61,2026-07-27,3,False
RPM,Materials,Specialty Chemicals,MACD,MACD 金叉 (空頭區),None,0.0,0.42,0.3816,,0.3816,0,304,0.0078,107.0,107.83,108.67,105.93,2026-07-24,3,False
SOLS,Materials,Specialty Chemicals,MACD,MACD 金叉 (空頭區),None,0.0,0.42,0.3816,,0.3816,0,304,0.0078,60.54,61.01,61.48,59.93,2026-07-24,3,False
SQM,Materials,Specialty Chemicals,MACD,MACD 金叉 (空頭區),None,0.0,0.42,0.3816,,0.3816,0,304,0.0078,68.73,69.27,69.8,68.04,2026-07-24,3,False
SNPS,Information Technology,Software - Infrastructure,RSI,RSI 加速上升,None,0.0,0.5525,0.381,0.381,0.3693,126,10688,0.0114,388.99,393.42,397.86,385.1,2026-07-27,3,False
CFG,Financials,Banks - Regional,RSI,RSI 維持強勢 (50-70),None,0.0,0.51,0.381,0.381,0.2842,273,19108,0.0109,72.94,73.74,74.53,72.21,2026-07-28,3,False
ROKU,Communication Services,Entertainment,BB,價格在 BB 中軌上方,Morning Star,0.8,0.924,0.3805,,0.3805,0,113,0.0115,142.92,144.56,146.21,141.49,2026-07-27,3,False
TRGP,Energy,Oil & Gas Midstream,BB,BB 中軌向上（上升趨勢）,None,0.0,0.51,0.3801,0.3801,0.2962,292,4484,0.0065,261.65,263.35,265.05,259.03,2026-07-28,3,False
TEL,Information Technology,Electronic Components,KDJ,KDJ 金叉,None,0.0,0.5525,0.3793,0.3793,0.3918,29,1955,0.0112,207.58,209.9,212.23,205.5,2026-07-27,3,False
NKE,Consumer Discretionary,Footwear & Accessories,RSI,RSI 上穿 50 中性線,None,0.0,0.4675,0.3793,0.3793,0.3072,29,1123,0.0129,43.05,43.61,44.16,42.62,2026-07-28,3,False
URI,Industrials,Rental & Leasing Services,RSI,RSI 維持強勢 (50-70),None,0.0,0.51,0.3792,0.3792,0.2986,240,19157,0.0121,1091.26,1104.46,1117.67,1080.35,2026-07-28,3,False
HCA,Health Care,Medical Care Facilities,RSI,RSI 動能加速（強勢區）,None,0.0,0.51,0.3784,0.3784,0.2606,37,1869,0.0102,418.19,422.46,426.72,414.01,2026-07-28,3,False
HLN,Health Care,Drug Manufacturers - Specialty & Generic,RSI,RSI 動能加速（強勢區）,None,0.0,0.51,0.3778,,0.3778,0,225,0.0031,9.94,9.97,10.0,9.84,2026-07-27,3,True
IT,Information Technology,Information Technology Services,RSI,RSI 上穿 50 中性線,Morning Star,0.8,0.9900000000000001,0.3776,,0.3776,0,98,0.0141,140.5,142.48,144.46,139.09,2026-07-24,3,False
CPNG,Consumer Discretionary,Internet Retail,KDJ,KDJ 超賣區金叉,None,0.0,0.5599999999999999,0.3775,,0.3775,0,302,0.0037,15.93,15.99,16.05,15.77,2026-07-27,3,False
ASTS,Information Technology,Communication Equipment,MACD,MACD 金叉 (空頭區),None,0.0,0.42,0.3767,,0.3767,0,754,0.0102,56.55,57.13,57.7,55.98,2026-07-28,3,False
P,Information Technology,Computer Hardware,MACD,MACD 金叉 (空頭區),None,0.0,0.42,0.3767,,0.3767,0,754,0.0102,74.56,75.32,76.08,73.81,2026-07-24,3,False
CNP,Utilities,Utilities - Regulated Electric,MACD,MACD 金叉 (多頭區),None,0.0,0.68,0.375,0.375,0.1867,8,225,0.0121,44.56,45.1,45.64,44.11,2026-07-24,3,False
BLK,Financials,Asset Management,KDJ,KDJ 金叉,None,0.0,0.5525,0.375,0.375,0.3142,16,1932,0.006,1097.55,1104.14,1110.72,1086.57,2026-07-28,3,False
DASH,Consumer Discretionary,Internet Retail,KDJ,KDJ 金叉,None,0.0,0.5525,0.375,0.375,0.3183,24,1244,0.0038,184.37,185.07,185.77,182.53,2026-07-27,3,False
DPZ,Consumer Discretionary,Restaurants,KDJ,KDJ 金叉,None,0.0,0.5525,0.375,0.375,0.3183,24,1244,0.0013,343.53,343.98,344.42,340.09,2026-07-27,3,False
UPS,Industrials,Integrated Freight & Logistics,RSI,RSI 維持強勢 (50-70),None,0.0,0.51,0.375,0.375,0.3579,8,746,-0.0069,112.95,112.17,111.39,111.82,2026-07-27,3,True
JCI,Industrials,Building Products & Equipment,MACD,MACD 金叉 (空頭區),None,0.0,0.42,0.375,0.375,0.3303,8,875,0.0119,143.37,145.08,146.78,141.94,2026-07-24,3,False
BKNG,Consumer Discretionary,Travel Services,RSI,RSI 加速上升,None,0.0,0.5525,0.3742,0.3742,0.3117,155,6796,0.0066,186.79,188.02,189.26,184.92,2026-07-27,3,False
CRL,Health Care,Diagnostics & Research,RSI,RSI 動能加速（強勢區）,None,0.0,0.51,0.3714,0.3714,0.2606,35,1869,0.003,240.43,241.15,241.87,238.03,2026-07-28,3,False
VRTX,Health Care,Biotechnology,RSI,RSI 上穿 50 中性線,None,0.0,0.4675,0.3714,0.3714,0.3144,35,1323,0.0023,479.0,480.1,481.2,474.21,2026-07-27,3,False
ABNB,Consumer Discretionary,Travel Services,MACD,MACD 金叉 (多頭區),None,0.0,0.68,0.37,,0.37,0,273,0.0063,146.86,147.79,148.71,145.39,2026-07-27,3,False
HMC,Consumer Discretionary,Auto Manufacturers,MACD,MACD 金叉 (多頭區),None,0.0,0.68,0.37,,0.37,0,273,0.0063,29.13,29.31,29.5,28.84,2026-07-27,3,False
VIK,Consumer Discretionary,Travel Services,MACD,MACD 金叉 (多頭區),None,0.0,0.68,0.37,,0.37,0,273,0.0063,104.54,105.2,105.86,103.49,2026-07-28,3,False
eBay,Consumer Discretionary,Internet Retail,MACD,MACD 金叉 (多頭區),None,0.0,0.68,0.37,,0.37,0,273,0.0063,111.75,112.45,113.16,110.63,2026-06-30,3,False
TPL,Energy,Oil & Gas E&P,BB,BB 中軌向上（上升趨勢）,None,0.0,0.51,0.37,0.37,0.2962,227,4484,0.0014,389.42,389.97,390.51,385.53,2026-07-28,3,False
BMO,Financials,Banks - Diversified,BB,BB 中軌向上（上升趨勢）,Bullish Engulfing,0.75,1.0,0.3697,,0.3697,0,330,0.0108,180.63,182.58,184.53,178.82,2026-07-28,3,False
IBN,Financials,Banks - Regional,BB,BB 中軌向上（上升趨勢）,Bullish Engulfing,0.75,1.0,0.3697,,0.3697,0,330,0.0108,30.26,30.59,30.91,29.96,2026-07-28,3,False
JEF,Financials,Capital Markets,BB,BB 中軌向上（上升趨勢）,Bullish Engulfing,0.75,1.0,0.3697,,0.3697,0,330,0.0108,57.23,57.85,58.47,56.66,2026-07-28,3,False
PRU,Financials,Insurance - Life,BB,BB 中軌向上（上升趨勢）,Bullish Engulfing,0.75,1.0,0.3697,,0.3697,0,330,0.0108,119.96,121.26,122.55,118.76,2026-07-24,3,False
RNR,Financials,Insurance - Reinsurance,BB,BB 中軌向上（上升趨勢）,Bullish Engulfing,0.75,1.0,0.3697,,0.3697,0,330,0.0108,329.1,332.65,336.21,325.81,2026-07-24,3,False
CACI,Information Technology,Information Technology Services,RSI,RSI 加速上升,None,0.0,0.5525,0.3693,,0.3693,0,10688,0.0074,510.06,513.83,517.61,504.96,2026-07-28,3,False
CBRS,Information Technology,Semiconductors,RSI,RSI 加速上升,None,0.0,0.5525,0.3693,,0.3693,0,10688,0.0074,199.12,200.59,202.07,197.13,2026-07-24,3,False
CIFR,Information Technology,Information Technology Services,RSI,RSI 加速上升,None,0.0,0.5525,0.3693,,0.3693,0,10688,0.0074,23.15,23.32,23.49,22.92,2026-07-24,3,False
DOCN,Information Technology,Software - Infrastructure,RSI,RSI 加速上升,None,0.0,0.5525,0.3693,,0.3693,0,10688,0.0074,123.54,124.45,125.37,122.3,2026-07-24,3,False
LDOS,Information Technology,Information Technology Services,RSI,RSI 加速上升,None,0.0,0.5525,0.3693,,0.3693,0,10688,0.0074,118.36,119.24,120.11,117.18,2026-07-28,3,False
SMCIP,Information Technology,Computer Hardware,RSI,RSI 加速上升,None,0.0,0.5525,0.3693,,0.3693,0,10688,0.0074,50.47,50.84,51.22,49.97,2026-07-28,3,False
STRF,Information Technology,Software - Application,RSI,RSI 加速上升,None,0.0,0.5525,0.3693,,0.3693,0,10688,0.0074,97.723,98.45,99.17,96.75,2026-07-27,3,False
NTRS,Financials,Asset Management,BB,價格在 BB 中軌上方,None,0.0,0.425,0.3691,0.3691,0.2847,298,21689,0.0117,182.52,184.66,186.79,180.69,2026-07-27,3,False
FDX,Industrials,Integrated Freight & Logistics,BB,價格在 BB 中軌上方,None,0.0,0.425,0.3689,0.3689,0.295,244,22337,0.0033,314.96,316.0,317.04,311.81,2026-07-24,3,False
PANW,Information Technology,Software - Infrastructure,RSI,RSI 維持強勢 (50-70),None,0.0,0.51,0.3688,0.3688,0.3645,263,16764,0.0062,323.79,325.8,327.8,320.55,2026-07-24,3,False
USB,Financials,Banks - Regional,KDJ,KDJ 金叉,None,0.0,0.5525,0.3684,0.3684,0.3142,19,1932,0.0163,64.43,65.48,66.53,63.79,2026-07-28,3,False
IDXX,Health Care,Diagnostics & Research,RSI,RSI 動能加速（強勢區）,None,0.0,0.51,0.3684,0.3684,0.2606,19,1869,0.0118,569.54,576.26,582.98,563.84,2026-07-28,3,False
PODD,Health Care,Medical Devices,BB,BB 中軌向上（上升趨勢）,None,0.0,0.51,0.3684,0.3684,0.2705,152,10885,0.0087,167.47,168.93,170.38,165.8,2026-07-28,3,False
UNH,Health Care,Healthcare Plans,RSI,RSI 上穿 50 中性線,None,0.0,0.4675,0.3684,0.3684,0.3144,19,1323,0.0062,428.79,431.45,434.11,424.5,2026-07-28,3,False
DTM,Energy,Oil & Gas Midstream,BB,BB 跌破下軌 (超賣),None,0.0,0.45499999999999996,0.3664,,0.3664,0,292,0.0073,138.1,139.11,140.12,136.72,2026-07-28,3,False
NTAP,Information Technology,Software - Infrastructure,MACD,MACD 金叉 (多頭區),None,0.0,0.68,0.3651,,0.3651,0,504,0.0103,174.53,176.33,178.13,172.78,2026-07-28,3,False
BRKRP,Health Care,Medical Devices,BB,價格在 BB 中軌上方,None,0.0,0.425,0.365,,0.365,0,715,0.0016,445.24,445.95,446.66,440.79,2026-07-27,3,True
FMS,Health Care,Medical Care Facilities,BB,價格在 BB 中軌上方,None,0.0,0.425,0.365,,0.365,0,715,0.0016,24.75,24.79,24.83,24.5,2026-07-28,3,True
MEDP,Health Care,Diagnostics & Research,BB,價格在 BB 中軌上方,None,0.0,0.425,0.365,,0.365,0,715,0.0016,570.97,571.88,572.8,565.26,2026-07-28,3,True
ARW,Information Technology,Electronics & Computer Distribution,RSI,RSI 維持強勢 (50-70),None,0.0,0.51,0.3645,,0.3645,0,16764,0.0088,211.39,213.25,215.11,209.28,2026-07-28,3,False
ASML,Information Technology,Semiconductor Equipment & Materials,RSI,RSI 維持強勢 (50-70),None,0.0,0.51,0.3645,,0.3645,0,16764,0.0088,1757.09,1772.55,1788.01,1739.52,2026-07-24,3,False
NET,Information Technology,Software - Infrastructure,RSI,RSI 維持強勢 (50-70),None,0.0,0.51,0.3645,,0.3645,0,16764,0.0088,264.1,266.42,268.75,261.46,2026-07-28,3,False
OKTA,Information Technology,Software - Infrastructure,RSI,RSI 維持強勢 (50-70),None,0.0,0.51,0.3645,,0.3645,0,16764,0.0088,136.21,137.41,138.61,134.85,2026-07-28,3,False
KSPI,Information Technology,Software - Infrastructure,BB,BB 中軌向上（上升趨勢）,None,0.0,0.51,0.3639,,0.3639,0,16781,0.009,85.79,86.56,87.33,84.93,2026-07-24,3,False
MSTR,Information Technology,Software - Application,BB,BB 中軌向上（上升趨勢）,None,0.0,0.51,0.3639,,0.3639,0,16781,0.009,96.16,97.03,97.89,95.2,2026-07-28,3,False
RBRK,Information Technology,Software - Infrastructure,BB,BB 中軌向上（上升趨勢）,None,0.0,0.51,0.3639,,0.3639,0,16781,0.009,73.24,73.9,74.56,72.51,2026-07-24,3,False
CQP,Energy,Oil & Gas Midstream,KDJ,KDJ 金叉,None,0.0,0.5525,0.3614,,0.3614,0,498,0.0061,64.08,64.47,64.86,63.44,2026-07-28,3,False
ENB,Energy,Oil & Gas Midstream,KDJ,KDJ 金叉,None,0.0,0.5525,0.3614,,0.3614,0,498,0.0061,56.86,57.21,57.55,56.29,2026-07-24,3,False
RYAN,Financials,Insurance - Specialty,KDJ,KDJ 金叉,None,0.0,0.5525,0.3611,,0.3611,0,108,0.0084,43.19,43.55,43.92,42.76,2026-07-27,3,True
TRU,Financials,Financial Data & Stock Exchanges,KDJ,KDJ 金叉,None,0.0,0.5525,0.3611,,0.3611,0,108,0.0084,83.8,84.5,85.21,82.96,2026-07-28,3,True
EMBJ,Industrials,Aerospace & Defense,KDJ,KDJ 金叉,None,0.0,0.5525,0.3609,,0.3609,0,133,0.01,67.99,68.67,69.35,67.31,2026-07-27,3,True
POOL,Industrials,Industrial Distribution,KDJ,KDJ 金叉,None,0.0,0.5525,0.3609,,0.3609,0,133,0.01,192.16,194.08,196.0,190.24,2026-07-28,3,True
SYM,Industrials,Specialty Industrial Machinery,KDJ,KDJ 金叉,None,0.0,0.5525,0.3609,,0.3609,0,133,0.01,42.34,42.76,43.19,41.92,2026-07-28,3,True
GFS,Information Technology,Semiconductors,RSI,RSI 維持超賣,None,0.0,0.385,0.3605,,0.3605,0,663,0.0055,49.02,49.29,49.56,48.53,2026-07-28,3,False
JPM,Financials,Banks - Diversified,RSI,RSI 加速上升,None,0.0,0.5525,0.3598,0.3598,0.3014,164,11488,0.0086,357.31,360.38,363.46,353.74,2026-07-28,3,False
CNH,Industrials,Farm & Heavy Construction Machinery,RSI,RSI 維持強勢 (50-70),None,0.0,0.51,0.3579,,0.3579,0,746,0.0057,11.15,11.21,11.28,11.04,2026-07-24,3,True
CNI,Industrials,Railroads,RSI,RSI 維持強勢 (50-70),None,0.0,0.51,0.3579,,0.3579,0,746,0.0057,129.48,130.22,130.96,128.19,2026-07-24,3,True
CR,Industrials,Specialty Industrial Machinery,RSI,RSI 維持強勢 (50-70),None,0.0,0.51,0.3579,,0.3579,0,746,0.0057,226.34,227.63,228.92,224.08,2026-07-28,3,True
TRI,Industrials,Specialty Business Services,RSI,RSI 維持強勢 (50-70),None,0.0,0.51,0.3579,,0.3579,0,746,0.0057,103.29,103.88,104.47,102.26,2026-07-28,3,True
WTS,Industrials,Specialty Industrial Machinery,RSI,RSI 維持強勢 (50-70),None,0.0,0.51,0.3579,,0.3579,0,746,0.0057,345.7,347.67,349.64,342.24,2026-07-27,3,True
WWD,Industrials,Aerospace & Defense,RSI,RSI 維持強勢 (50-70),None,0.0,0.51,0.3579,,0.3579,0,746,0.0057,410.55,412.89,415.23,406.44,2026-07-28,3,True
ZTO,Industrials,Integrated Freight & Logistics,RSI,RSI 維持強勢 (50-70),None,0.0,0.51,0.3579,,0.3579,0,746,0.0057,23.93,24.07,24.2,23.69,2026-07-28,3,True
DHR,Health Care,Diagnostics & Research,BB,BB 中軌向上（上升趨勢）,Bullish Engulfing,0.75,1.0,0.3577,,0.3577,0,260,0.0085,191.5,193.13,194.76,189.59,2026-07-24,3,False
UI,Information Technology,Communication Equipment,BB,價格在 BB 中軌上方,None,0.0,0.425,0.3573,,0.3573,0,20206,0.0074,539.61,543.6,547.6,534.21,2026-07-27,3,False
CNQ,Energy,Oil & Gas E&P,BB,BB 中軌向上（上升趨勢）,Cup & Handle,0.81,1.0,0.3571,,0.3571,0,1680,0.0067,46.44,46.75,47.06,45.98,2026-07-24,3,False
NVR,Consumer Discretionary,Residential Construction,KDJ,KDJ 金叉,Bullish Engulfing,0.75,1.0,0.3571,,0.3571,0,70,0.007,6414.6699,6459.57,6504.48,6350.52,2026-07-24,3,False
AAPL,Information Technology,Consumer Electronics,KDJ,KDJ 金叉,None,0.0,0.5525,0.3571,0.3571,0.3918,28,1955,0.0003,336.91,337.01,337.11,333.54,2026-07-27,3,False
ADBE,Information Technology,Software - Application,BB,BB 中軌向上（上升趨勢）,None,0.0,0.51,0.3571,0.3571,0.4238,14,1083,-0.0235,249.18,243.32,237.47,246.69,2026-07-28,3,True
META,Communication Services,Internet Content & Information,BB,BB 中軌向上（上升趨勢）,None,0.0,0.51,0.3571,0.3571,0.2943,252,4771,0.0036,593.41,595.55,597.68,587.48,2026-07-28,3,False
VEEV,Health Care,Health Information Services,RSI,RSI 動能加速（強勢區）,None,0.0,0.51,0.3571,0.3571,0.2606,14,1869,-0.0086,201.2,199.47,197.74,199.19,2026-07-28,3,False
LOW,Consumer Discretionary,Home Improvement Retail,MACD,MACD 金叉 (空頭區),None,0.0,0.42,0.3571,0.3571,0.3233,14,529,0.0024,218.24,218.76,219.29,216.06,2026-07-28,3,False
PNC,Financials,Banks - Regional,RSI,RSI 維持強勢 (50-70),None,0.0,0.51,0.3569,0.3569,0.2842,269,19108,0.0095,251.6,253.99,256.38,249.08,2026-07-28,3,False
AES,Utilities,Utilities - Diversified,BB,價格在 BB 中軌上方,None,0.0,0.425,0.3568,0.3568,0.246,213,9864,0.0076,14.83,14.94,15.06,14.68,2026-07-28,3,False
ADI,Information Technology,Semiconductors,BB,價格在 BB 中軌上方,None,0.0,0.425,0.3564,0.3564,0.3573,275,20206,0.0063,365.83,368.13,370.44,362.17,2026-07-28,3,False
BIP,Utilities,Utilities - Diversified,BB,BB 中軌向上（上升趨勢）,None,0.0,0.51,0.3562,,0.3562,0,365,0.0089,40.41,40.77,41.13,40.01,2026-07-27,3,True
WTRG,Utilities,Utilities - Regulated Water,BB,BB 中軌向上（上升趨勢）,None,0.0,0.51,0.3562,,0.3562,0,365,0.0089,40.71,41.07,41.43,40.3,2026-07-28,3,True
CCJ,Energy,Uranium,MACD,MACD 金叉 (空頭區),None,0.0,0.42,0.3557,,0.3557,0,253,0.0057,87.86,88.36,88.86,86.98,2026-07-24,3,False
J,Industrials,Engineering & Construction,RSI,RSI 動能加速（強勢區）,None,0.0,0.51,0.3556,0.3556,0.2891,45,3037,-0.0042,134.56,133.99,133.43,133.21,2026-07-24,3,False
INTU,Information Technology,Software - Application,KDJ,KDJ 金叉,None,0.0,0.5525,0.3548,0.3548,0.3918,31,1955,-0.0048,303.91,302.45,300.99,300.87,2026-07-27,3,False
CARR,Industrials,Building Products & Equipment,BB,BB 跌破下軌 (超賣),None,0.0,0.45499999999999996,0.3532,,0.3532,0,436,0.0052,63.16,63.49,63.82,62.53,2026-07-28,3,True
KNX,Industrials,Trucking,BB,BB 跌破下軌 (超賣),None,0.0,0.45499999999999996,0.3532,,0.3532,0,436,0.0052,70.73,71.1,71.47,70.02,2026-07-27,3,True
MAIR,Industrials,Building Products & Equipment,BB,BB 跌破下軌 (超賣),None,0.0,0.45499999999999996,0.3532,,0.3532,0,436,0.0052,32.22,32.39,32.56,31.9,2026-07-28,3,True
STRL,Industrials,Engineering & Construction,BB,BB 跌破下軌 (超賣),None,0.0,0.45499999999999996,0.3532,,0.3532,0,436,0.0052,538.09,540.89,543.69,532.71,2026-07-28,3,True
NWSA,Communication Services,Entertainment,RSI,RSI 動能加速（強勢區）,None,0.0,0.51,0.3529,0.3529,0.3135,34,772,0.0063,28.18,28.36,28.54,27.9,2026-07-28,3,False
AIG,Financials,Insurance - Diversified,KDJ,KDJ 金叉,None,0.0,0.5525,0.35,0.35,0.3142,20,1932,-0.0026,80.83,80.62,80.41,80.02,2026-07-28,3,False
REG,Real Estate,REIT - Retail,KDJ,KDJ 金叉,None,0.0,0.5525,0.35,0.35,0.2818,20,550,0.0105,82.34,83.2,84.07,81.52,2026-07-27,3,False
SMCI,Information Technology,Computer Hardware,RSI,RSI 加速上升,None,0.0,0.5525,0.35,0.35,0.3693,180,10688,-0.011,28.45,28.14,27.82,28.17,2026-07-28,3,False
CAG,Consumer Staples,Packaged Foods,RSI,RSI 動能加速（強勢區）,None,0.0,0.51,0.35,0.35,0.2456,20,1148,0.0114,15.24,15.41,15.59,15.09,2026-07-27,3,False
HAS,Consumer Discretionary,Leisure,RSI,RSI 加速上升,None,0.0,0.5525,0.3485,0.3485,0.3117,132,6796,0.0006,96.34,96.4,96.46,95.38,2026-07-28,3,False
GLXY,Financials,Capital Markets,BB,BB 跌破下軌 (超賣),None,0.0,0.45499999999999996,0.3485,,0.3485,0,1277,0.0043,20.94,21.03,21.12,20.73,2026-07-28,3,False
KLAR,Financials,Credit Services,BB,BB 跌破下軌 (超賣),None,0.0,0.45499999999999996,0.3485,,0.3485,0,1277,0.0043,17.36,17.43,17.51,17.19,2026-07-24,3,False
CIB,Financials,Banks - Regional,RSI,RSI 維持強勢 (50-70),None,0.0,0.51,0.3448,,0.3448,0,609,0.0048,86.01,86.42,86.84,85.15,2026-07-24,3,True
HIG,Financials,Insurance - Diversified,RSI,RSI 維持強勢 (50-70),None,0.0,0.51,0.3448,,0.3448,0,609,0.0048,140.53,141.2,141.88,139.12,2026-07-24,3,True
IR,Industrials,Specialty Industrial Machinery,RSI,RSI 動能加速（強勢區）,None,0.0,0.51,0.3448,0.3448,0.2891,29,3037,0.0013,86.5,86.61,86.72,85.64,2026-07-28,3,False
NWG,Financials,Banks - Regional,RSI,RSI 維持強勢 (50-70),None,0.0,0.51,0.3448,,0.3448,0,609,0.0048,18.31,18.4,18.49,18.13,2026-07-27,3,True
LITE,Information Technology,Communication Equipment,BB,BB 跌破下軌 (超賣),None,0.0,0.45499999999999996,0.3447,,0.3447,0,1001,0.0043,651.93,654.73,657.54,645.41,2026-07-28,3,False
SMTC,Information Technology,Semiconductors,BB,BB 跌破下軌 (超賣),None,0.0,0.45499999999999996,0.3447,,0.3447,0,1001,0.0043,111.3,111.78,112.26,110.19,2026-07-28,3,False
STM,Information Technology,Semiconductors,BB,BB 跌破下軌 (超賣),None,0.0,0.45499999999999996,0.3447,,0.3447,0,1001,0.0043,50.16,50.38,50.59,49.66,2026-07-28,3,False
UMC,Information Technology,Semiconductors,BB,BB 跌破下軌 (超賣),None,0.0,0.45499999999999996,0.3447,,0.3447,0,1001,0.0043,17.36,17.43,17.51,17.19,2026-07-28,3,False
VIAV,Information Technology,Communication Equipment,BB,BB 跌破下軌 (超賣),None,0.0,0.45499999999999996,0.3447,,0.3447,0,1001,0.0043,35.1,35.25,35.4,34.75,2026-07-28,3,False
FANG,Energy,Oil & Gas E&P,BB,價格在 BB 中軌上方,None,0.0,0.425,0.3447,0.3447,0.2998,264,5768,-0.0013,190.305,190.06,189.81,188.4,2026-07-28,3,False
BIIB,Health Care,Drug Manufacturers - General,RSI,RSI 維持強勢 (50-70),None,0.0,0.51,0.3444,0.3444,0.2772,151,12123,0.0031,205.61,206.25,206.88,203.55,2026-07-28,3,False
KDP,Consumer Staples,Beverages - Non-Alcoholic,RSI,RSI 上穿 50 中性線,None,0.0,0.4675,0.3429,0.3429,0.2565,35,928,0.0036,31.08,31.19,31.3,30.77,2026-07-28,3,False
MAA,Real Estate,REIT - Residential,RSI,RSI 上穿 50 中性線,None,0.0,0.4675,0.3429,0.3429,0.2311,35,818,0.009,135.64,136.86,138.08,134.28,2026-07-28,3,False
PH,Industrials,Specialty Industrial Machinery,RSI,RSI 加速上升,None,0.0,0.5525,0.3427,0.3427,0.2981,143,11545,0.005,990.96,995.91,1000.87,981.05,2026-07-28,3,False
WELL,Real Estate,REIT - Healthcare Facilities,BB,價格在 BB 中軌上方,None,0.0,0.425,0.3409,0.3409,0.248,399,8032,0.0038,243.57,244.5,245.42,241.13,2026-07-28,3,False
PPG,Materials,Specialty Chemicals,BB,價格在 BB 中軌上方,None,0.0,0.425,0.3398,0.3398,0.2859,206,6697,0.0056,118.47,119.13,119.8,117.29,2026-07-27,3,False
DE,Industrials,Farm & Heavy Construction Machinery,RSI,RSI 加速上升,None,0.0,0.5525,0.3393,0.3393,0.2981,112,11545,0.0046,639.84,642.78,645.73,633.44,2026-07-28,3,False
NEE,Utilities,Utilities - Regulated Electric,RSI,RSI 維持強勢 (50-70),None,0.0,0.51,0.3388,0.3388,0.2471,242,8831,0.0052,89.28,89.74,90.21,88.39,2026-07-28,3,False
CBOE,Financials,Financial Data & Stock Exchanges,RSI,RSI 維持強勢 (50-70),None,0.0,0.51,0.3371,0.3371,0.2842,267,19108,0.0055,297.39,299.03,300.66,294.42,2026-07-28,3,False
FLUT,Consumer Discretionary,Gambling,MACD,MACD 突破 0 軸,None,0.0,0.595,0.3351,,0.3351,0,376,0.0114,109.06,110.3,111.55,107.97,2026-07-28,3,False
QSR,Consumer Discretionary,Restaurants,MACD,MACD 突破 0 軸,None,0.0,0.595,0.3351,,0.3351,0,376,0.0114,74.87,75.72,76.58,74.12,2026-07-28,3,False
TOL,Consumer Discretionary,Residential Construction,MACD,MACD 突破 0 軸,None,0.0,0.595,0.3351,,0.3351,0,376,0.0114,154.98,156.75,158.51,153.43,2026-07-28,3,False
COST,Consumer Staples,Discount Stores,RSI,RSI 維持強勢 (50-70),None,0.0,0.51,0.3347,0.3347,0.2452,251,7574,0.0061,966.58,972.48,978.37,956.91,2026-07-28,3,False
AMX,Communication Services,Telecom Services,KDJ,KDJ 金叉,None,0.0,0.5525,0.3345,,0.3345,0,550,0.0065,25.71,25.88,26.04,25.45,2026-07-28,3,False
APP,Communication Services,Advertising Agencies,KDJ,KDJ 金叉,None,0.0,0.5525,0.3345,,0.3345,0,550,0.0065,418.22,420.94,423.66,414.04,2026-07-28,3,False
BCE,Communication Services,Telecom Services,KDJ,KDJ 金叉,None,0.0,0.5525,0.3345,,0.3345,0,550,0.0065,21.81,21.95,22.09,21.59,2026-07-28,3,False
FWONA,Communication Services,Entertainment,KDJ,KDJ 金叉,None,0.0,0.5525,0.3345,,0.3345,0,550,0.0065,92.9,93.5,94.11,91.97,2026-07-28,3,False
FWONK,Communication Services,Entertainment,KDJ,KDJ 金叉,None,0.0,0.5525,0.3345,,0.3345,0,550,0.0065,101.2,101.86,102.52,100.19,2026-07-28,3,False
NTES,Communication Services,Electronic Gaming & Multimedia,KDJ,KDJ 金叉,None,0.0,0.5525,0.3345,,0.3345,0,550,0.0065,127.35,128.18,129.01,126.08,2026-07-28,3,False
NYT,Communication Services,Publishing,KDJ,KDJ 金叉,None,0.0,0.5525,0.3345,,0.3345,0,550,0.0065,75.18,75.67,76.16,74.43,2026-07-28,3,False
RCI,Communication Services,Telecom Services,KDJ,KDJ 金叉,None,0.0,0.5525,0.3345,,0.3345,0,550,0.0065,34.75,34.98,35.2,34.4,2026-07-28,3,False
RDDT,Communication Services,Internet Content & Information,KDJ,KDJ 金叉,None,0.0,0.5525,0.3345,,0.3345,0,550,0.0065,178.44,179.6,180.76,176.66,2026-07-28,3,False
SPOT,Communication Services,Internet Content & Information,KDJ,KDJ 金叉,None,0.0,0.5525,0.3345,,0.3345,0,550,0.0065,494.72,497.94,501.15,489.77,2026-07-27,3,False
TME,Communication Services,Internet Content & Information,KDJ,KDJ 金叉,None,0.0,0.5525,0.3345,,0.3345,0,550,0.0065,9.33,9.39,9.45,9.24,2026-07-27,3,False
TU,Communication Services,Telecom Services,KDJ,KDJ 金叉,None,0.0,0.5525,0.3345,,0.3345,0,550,0.0065,10.4,10.47,10.54,10.3,2026-07-27,3,False
VOD,Communication Services,Telecom Services,KDJ,KDJ 金叉,None,0.0,0.5525,0.3345,,0.3345,0,550,0.0065,16.39,16.5,16.6,16.23,2026-07-28,3,False
WMG,Communication Services,Entertainment,KDJ,KDJ 金叉,None,0.0,0.5525,0.3345,,0.3345,0,550,0.0065,27.61,27.79,27.97,27.33,2026-07-27,3,False
CB,Financials,Insurance - Property & Casualty,RSI,RSI 維持強勢 (50-70),Consolidation Breakout,0.76,1.0,0.3333,0.3333,0.2725,21,1479,0.0064,363.5,365.83,368.15,359.87,2026-07-28,3,False
EA,Communication Services,Electronic Gaming & Multimedia,BB,價格在 BB 中軌上方,Consolidation Breakout,0.85,1.0,0.3333,,0.3333,0,51,0.0016,208.87,209.2,209.54,206.78,2026-07-28,3,True
HST,Real Estate,REIT - Hotel & Motel,RSI,RSI 動能加速（強勢區）,Consolidation Breakout,0.74,1.0,0.3333,0.3333,0.1893,9,338,0.0008,25.47,25.49,25.51,25.22,2026-07-28,3,False
MSI,Information Technology,Communication Equipment,MACD,MACD 金叉 (多頭區),None,0.0,0.68,0.3333,0.3333,0.3651,6,504,0.0117,423.8,428.76,433.72,419.56,2026-07-27,3,False
SYK,Health Care,Medical Devices,MACD,MACD 金叉 (多頭區),None,0.0,0.68,0.3333,0.3333,0.2557,6,305,-0.0094,336.74,333.57,330.41,333.37,2026-07-27,3,False
UL,Consumer Staples,Household & Personal Products,MACD,MACD 金叉 (多頭區),None,0.0,0.68,0.3333,,0.3333,0,21,0.0024,66.87,67.03,67.19,66.2,2026-07-28,3,True
FAST,Industrials,Industrial Distribution,MACD,MACD 突破 0 軸,None,0.0,0.595,0.3333,0.3333,0.2912,6,570,-0.0035,47.64,47.47,47.31,47.16,2026-07-27,3,False
AMP,Financials,Asset Management,KDJ,KDJ 金叉,None,0.0,0.5525,0.3333,0.3333,0.3142,27,1932,0.0119,546.62,553.12,559.63,541.15,2026-07-28,3,False
COO,Health Care,Medical Instruments & Supplies,KDJ,KDJ 金叉,None,0.0,0.5525,0.3333,0.3333,0.2852,27,1536,-0.0051,72.06,71.69,71.32,71.34,2026-07-28,3,False
DHI,Consumer Discretionary,Residential Construction,RSI,RSI 加速上升,None,0.0,0.5525,0.3333,0.3333,0.3117,135,6796,0.0027,151.16,151.57,151.98,149.65,2026-07-28,3,False
TFC,Financials,Banks - Regional,KDJ,KDJ 金叉,None,0.0,0.5525,0.3333,0.3333,0.3142,18,1932,0.0103,52.99,53.54,54.08,52.46,2026-07-28,3,False
VRSK,Industrials,Consulting Services,RSI,RSI 加速上升,None,0.0,0.5525,0.3333,0.3333,0.3379,6,651,0.003,212.26,212.9,213.53,210.14,2026-07-28,3,True
WM,Industrials,Waste Management,KDJ,KDJ 金叉,None,0.0,0.5525,0.3333,0.3333,0.3223,24,2110,0.0082,239.41,241.37,243.34,237.02,2026-07-28,3,False
PCAR,Industrials,Farm & Heavy Construction Machinery,BB,BB 中軌向上（上升趨勢）,None,0.0,0.51,0.3333,0.3333,0.3333,9,936,0.0048,138.21,138.87,139.54,136.83,2026-07-28,3,True
TFII,Industrials,Trucking,BB,BB 中軌向上（上升趨勢）,None,0.0,0.51,0.3333,,0.3333,0,936,0.0044,147.76,148.41,149.06,146.28,2026-07-28,3,True
DG,Consumer Staples,Discount Stores,RSI,RSI 上穿 50 中性線,None,0.0,0.4675,0.3333,0.3333,0.2565,24,928,0.0012,123.22,123.37,123.52,121.99,2026-07-27,3,False
AXP,Financials,Credit Services,BB,BB 跌破下軌 (超賣),None,0.0,0.45499999999999996,0.3333,0.3333,0.3485,15,1277,-0.0053,326.17,324.44,322.71,322.91,2026-07-24,3,False
GMED,Health Care,Medical Devices,BB,價格在 BB 中軌上方,Bullish Engulfing,0.75,0.9075,0.332,,0.332,0,259,0.0039,78.25,78.56,78.86,77.47,2026-07-27,3,False
MTSI,Information Technology,Semiconductors,RSI,RSI 超賣區域 (30),None,0.0,0.5249999999999999,0.3319,,0.3319,0,238,0.0012,249.23,249.53,249.83,246.74,2026-07-28,3,False
NOK,Information Technology,Communication Equipment,RSI,RSI 超賣區域 (30),None,0.0,0.5249999999999999,0.3319,,0.3319,0,238,0.0012,8.93,8.94,8.95,8.84,2026-07-28,3,False
CHTR,Communication Services,Telecom Services,RSI,RSI 維持強勢 (50-70),None,0.0,0.51,0.3315,0.3315,0.3082,178,5205,-0.0055,139.97,139.2,138.43,138.57,2026-07-28,3,False
BNS,Financials,Banks - Diversified,RSI,RSI 維持強勢 (50-70),Bullish Engulfing,0.75,1.0,0.3314,,0.3314,0,353,0.0074,88.34,88.99,89.65,87.46,2026-07-28,3,False
TD,Financials,Banks - Diversified,RSI,RSI 維持強勢 (50-70),Bullish Engulfing,0.75,1.0,0.3314,,0.3314,0,353,0.0074,120.41,121.3,122.19,119.21,2026-07-28,3,False
UMBF,Financials,Banks - Regional,RSI,RSI 維持強勢 (50-70),Bullish Engulfing,0.75,1.0,0.3314,,0.3314,0,353,0.0074,143.98,145.05,146.11,142.54,2026-07-28,3,False
ARES,Financials,Asset Management,RSI,RSI 維持強勢 (50-70),None,0.0,0.51,0.3313,0.3313,0.2842,329,19108,0.0049,127.9,128.53,129.15,126.62,2026-07-28,3,False
NOC,Industrials,Aerospace & Defense,RSI,RSI 加速上升,None,0.0,0.5525,0.3308,0.3308,0.2981,133,11545,0.0065,549.22,552.79,556.36,543.73,2026-07-28,3,False
GS,Financials,Capital Markets,BB,價格在 BB 中軌上方,None,0.0,0.425,0.3306,0.3306,0.2847,366,21689,0.0096,1061.23,1071.42,1081.61,1050.62,2026-07-24,3,False
MSCI,Financials,Financial Data & Stock Exchanges,RSI,RSI 加速上升,None,0.0,0.5525,0.3305,0.3305,0.3014,118,11488,0.0064,579.39,583.1,586.81,573.6,2026-07-28,3,False
ELV,Health Care,Healthcare Plans,KDJ,KDJ 金叉,Morning Star,0.8,1.0,0.3304,,0.3304,0,112,0.0035,385.73,387.08,388.43,381.87,2026-07-28,3,False
RBLX,Communication Services,Electronic Gaming & Multimedia,BB,BB 中軌向上（上升趨勢）,Morning Star,0.8,1.0,0.3303,,0.3303,0,109,0.008,48.42,48.81,49.19,47.94,2026-07-27,3,False
BWXT,Industrials,Aerospace & Defense,MACD,MACD 金叉 (空頭區),None,0.0,0.42,0.3303,,0.3303,0,875,0.0053,176.53,177.47,178.4,174.76,2026-07-27,3,False
CSL,Industrials,Building Products & Equipment,MACD,MACD 金叉 (空頭區),None,0.0,0.42,0.3303,,0.3303,0,875,0.0053,347.72,349.56,351.41,344.24,2026-07-28,3,False
FERG,Industrials,Industrial Distribution,MACD,MACD 金叉 (空頭區),None,0.0,0.42,0.3303,,0.3303,0,875,0.0053,230.67,231.89,233.12,228.36,2026-07-24,3,False
FTAI,Industrials,Aerospace & Defense,MACD,MACD 金叉 (空頭區),None,0.0,0.42,0.3303,,0.3303,0,875,0.0053,214.15,215.28,216.42,212.01,2026-07-27,3,False
QXO,Industrials,Industrial Distribution,MACD,MACD 金叉 (空頭區),None,0.0,0.42,0.3303,,0.3303,0,875,0.0053,14.25,14.33,14.4,14.11,2026-07-28,3,False
SPXC,Industrials,Building Products & Equipment,MACD,MACD 金叉 (空頭區),None,0.0,0.42,0.3303,,0.3303,0,875,0.0053,219.16,220.32,221.48,216.97,2026-07-27,3,False
ULS,Industrials,Specialty Business Services,MACD,MACD 金叉 (空頭區),None,0.0,0.42,0.3303,,0.3303,0,875,0.0053,90.06,90.54,91.01,89.16,2026-07-27,3,False
OWL,Financials,Asset Management,MACD,MACD 突破 0 軸,None,0.0,0.595,0.3301,,0.3301,0,618,0.0061,9.45,9.51,9.57,9.36,2026-07-24,3,False
SLMBP,Financials,Credit Services,MACD,MACD 突破 0 軸,None,0.0,0.595,0.3301,,0.3301,0,618,0.0061,74.64,75.1,75.55,73.89,2026-07-28,3,False
TW,Financials,Capital Markets,MACD,MACD 突破 0 軸,None,0.0,0.595,0.3301,,0.3301,0,618,0.0061,104.27,104.91,105.54,103.23,2026-07-28,3,False
TIMB,Communication Services,Telecom Services,BB,BB 跌破下軌 (超賣),None,0.0,0.45499999999999996,0.33,,0.33,0,397,0.0048,20.88,20.98,21.08,20.67,2026-07-27,3,False
DIS,Communication Services,Entertainment,RSI,RSI 維持強勢 (50-70),None,0.0,0.51,0.3297,0.3297,0.3082,182,5205,0.0094,98.89,99.82,100.75,97.9,2026-07-28,3,False
BXP,Real Estate,REIT - Office,BB,BB 中軌向上（上升趨勢）,None,0.0,0.51,0.3295,0.3295,0.2647,173,5713,0.0044,69.96,70.27,70.58,69.26,2026-07-28,3,False
BNT,Financials,Insurance - Diversified,BB,價格在 BB 中軌上方,Bullish Engulfing,0.75,0.9075,0.3294,,0.3294,0,337,0.0051,43.27,43.49,43.71,42.84,2026-07-28,3,False
AMRZ,Materials,Building Materials,RSI,RSI 上穿 50 中性線,None,0.0,0.4675,0.3294,,0.3294,0,595,0.0031,49.96,50.11,50.27,49.46,2026-07-27,3,False
AU,Materials,Gold,RSI,RSI 上穿 50 中性線,None,0.0,0.4675,0.3294,,0.3294,0,595,0.0031,79.67,79.92,80.16,78.87,2026-07-24,3,False
BHP,Materials,Other Industrial Metals & Mining,RSI,RSI 上穿 50 中性線,None,0.0,0.4675,0.3294,,0.3294,0,595,0.0031,83.79,84.05,84.31,82.95,2026-07-28,3,False
CX,Materials,Building Materials,RSI,RSI 上穿 50 中性線,None,0.0,0.4675,0.3294,,0.3294,0,595,0.0031,12.0,12.04,12.07,11.88,2026-07-28,3,False
RGLD,Materials,Gold,RSI,RSI 上穿 50 中性線,None,0.0,0.4675,0.3294,,0.3294,0,595,0.0031,200.96,201.58,202.21,198.95,2026-07-24,3,False
SCCO,Materials,Copper,RSI,RSI 上穿 50 中性線,None,0.0,0.4675,0.3294,,0.3294,0,595,0.0031,179.32,179.88,180.43,177.53,2026-07-27,3,False
EQH,Financials,Asset Management,RSI,RSI 維持強勢 (50-70),Support,0.7,1.0,0.3276,,0.3276,0,58,0.0022,48.0,48.11,48.21,47.52,2026-07-24,3,False
EIX,Utilities,Utilities - Regulated Electric,BB,BB 中軌向上（上升趨勢）,None,0.0,0.51,0.3276,0.3276,0.249,232,7232,0.0063,79.79,80.29,80.8,78.99,2026-07-28,3,False
MPLX,Energy,Oil & Gas Midstream,RSI,RSI 動能加速（強勢區）,None,0.0,0.51,0.3265,,0.3265,0,873,0.0005,59.2,59.23,59.26,58.61,2026-07-28,3,False
SUN,Energy,Oil & Gas Refining & Marketing,RSI,RSI 動能加速（強勢區）,None,0.0,0.51,0.3265,,0.3265,0,873,0.0005,76.5,76.54,76.58,75.73,2026-07-28,3,False
AEP,Utilities,Utilities - Regulated Electric,RSI,RSI 維持強勢 (50-70),None,0.0,0.51,0.3262,0.3262,0.2471,279,8831,0.0058,133.02,133.79,134.56,131.69,2026-07-28,3,False
BPYPP,Real Estate,Real Estate Services,RSI,RSI 維持強勢 (50-70),None,0.0,0.51,0.3261,,0.3261,0,230,0.0069,15.88,15.99,16.1,15.72,2026-07-28,3,True
VMC,Materials,Building Materials,RSI,RSI 加速上升,None,0.0,0.5525,0.3254,0.3254,0.3048,126,3639,0.0093,288.42,291.1,293.78,285.54,2026-07-28,3,False
CHT,Communication Services,Telecom Services,RSI,RSI 上穿 50 中性線,None,0.0,0.4675,0.3243,,0.3243,0,518,0.004,43.08,43.25,43.42,42.65,2026-07-27,3,False
TLK,Communication Services,Telecom Services,RSI,RSI 上穿 50 中性線,None,0.0,0.4675,0.3243,,0.3243,0,518,0.004,14.42,14.48,14.54,14.28,2026-07-24,3,False
WULF,Financials,Capital Markets,BB,價格在 BB 中軌上方,None,0.0,0.425,0.3239,,0.3239,0,852,0.0045,17.09,17.17,17.24,16.92,2026-07-28,3,True
A,Health Care,Diagnostics & Research,RSI,RSI 維持強勢 (50-70),None,0.0,0.51,0.3237,0.3237,0.2772,207,12123,0.0002,140.54,140.57,140.6,139.13,2026-07-28,3,False
KMB,Consumer Staples,Household & Personal Products,RSI,RSI 動能加速（強勢區）,None,0.0,0.51,0.3235,0.3235,0.2456,34,1148,0.0069,113.09,113.87,114.65,111.96,2026-07-28,3,False
HTHT,Consumer Discretionary,Lodging,MACD,MACD 金叉 (空頭區),None,0.0,0.42,0.3233,,0.3233,0,529,0.0066,41.83,42.11,42.38,41.41,2026-07-27,3,False
ONON,Consumer Discretionary,Footwear & Accessories,MACD,MACD 金叉 (空頭區),None,0.0,0.42,0.3233,,0.3233,0,529,0.0066,37.89,38.14,38.39,37.51,2026-07-28,3,False
BP,Energy,Oil & Gas Integrated,RSI,RSI 加速上升,None,0.0,0.5525,0.3227,,0.3227,0,3306,0.0024,43.82,43.93,44.03,43.38,2026-07-24,3,False
E,Energy,Oil & Gas Integrated,RSI,RSI 加速上升,None,0.0,0.5525,0.3227,,0.3227,0,3306,0.0024,52.4,52.53,52.65,51.88,2026-07-24,3,False
EQNR,Energy,Oil & Gas Integrated,RSI,RSI 加速上升,None,0.0,0.5525,0.3227,,0.3227,0,3306,0.0024,40.35,40.45,40.54,39.95,2026-07-24,3,False
FTI,Energy,Oil & Gas Equipment & Services,RSI,RSI 加速上升,None,0.0,0.5525,0.3227,,0.3227,0,3306,0.0024,76.75,76.93,77.12,75.98,2026-07-24,3,False
IMO,Energy,Oil & Gas Integrated,RSI,RSI 加速上升,None,0.0,0.5525,0.3227,,0.3227,0,3306,0.0024,128.48,128.79,129.1,127.2,2026-07-24,3,False
PBR,Energy,Oil & Gas Integrated,RSI,RSI 加速上升,None,0.0,0.5525,0.3227,,0.3227,0,3306,0.0024,18.77,18.82,18.86,18.58,2026-07-24,3,False
PR,Energy,Oil & Gas E&P,RSI,RSI 加速上升,None,0.0,0.5525,0.3227,,0.3227,0,3306,0.0024,21.35,21.4,21.45,21.14,2026-07-24,3,False
SU,Energy,Oil & Gas Integrated,RSI,RSI 加速上升,None,0.0,0.5525,0.3227,,0.3227,0,3306,0.0024,65.81,65.97,66.13,65.15,2026-07-24,3,False
TTE,Energy,Oil & Gas Integrated,RSI,RSI 加速上升,None,0.0,0.5525,0.3227,,0.3227,0,3306,0.0024,84.16,84.36,84.56,83.32,2026-07-27,3,False
WDS,Energy,Oil & Gas E&P,RSI,RSI 加速上升,None,0.0,0.5525,0.3227,,0.3227,0,3306,0.0024,22.56,22.61,22.67,22.33,2026-07-24,3,False
BG,Consumer Staples,Farm Products,BB,BB 中軌向上（上升趨勢）,None,0.0,0.51,0.3226,0.3226,0.2466,186,6128,0.0023,117.37,117.64,117.91,116.2,2026-07-28,3,False
AAL,Industrials,Airlines,KDJ,KDJ 金叉,None,0.0,0.5525,0.3223,,0.3223,0,2110,0.0051,14.95,15.03,15.1,14.8,2026-07-27,3,False
APG,Industrials,Engineering & Construction,KDJ,KDJ 金叉,None,0.0,0.5525,0.3223,,0.3223,0,2110,0.0051,39.93,40.13,40.34,39.53,2026-07-27,3,False
ARMK,Industrials,Specialty Business Services,KDJ,KDJ 金叉,None,0.0,0.5525,0.3223,,0.3223,0,2110,0.0051,57.92,58.22,58.51,57.34,2026-07-27,3,False
ARXS,Industrials,Aerospace & Defense,KDJ,KDJ 金叉,None,0.0,0.5525,0.3223,,0.3223,0,2110,0.0051,43.58,43.8,44.02,43.14,2026-07-27,3,False
AYI,Industrials,Electrical Equipment & Parts,KDJ,KDJ 金叉,None,0.0,0.5525,0.3223,,0.3223,0,2110,0.0051,335.97,337.68,339.4,332.61,2026-07-27,3,False
CP,Industrials,Railroads,KDJ,KDJ 金叉,None,0.0,0.5525,0.3223,,0.3223,0,2110,0.0051,91.7,92.17,92.64,90.78,2026-07-28,3,False
GPN,Industrials,Specialty Business Services,KDJ,KDJ 金叉,None,0.0,0.5525,0.3223,,0.3223,0,2110,0.0051,84.06,84.49,84.92,83.22,2026-07-27,3,False
HEI,Industrials,Aerospace & Defense,KDJ,KDJ 金叉,None,0.0,0.5525,0.3223,,0.3223,0,2110,0.0051,349.61,351.39,353.18,346.11,2026-07-24,3,False
ITT,Industrials,Specialty Industrial Machinery,KDJ,KDJ 金叉,None,0.0,0.5525,0.3223,,0.3223,0,2110,0.0051,195.86,196.86,197.86,193.9,2026-07-24,3,False
LTM,Industrials,Airlines,KDJ,KDJ 金叉,None,0.0,0.5525,0.3223,,0.3223,0,2110,0.0051,52.31,52.58,52.84,51.79,2026-07-27,3,False
RELX,Industrials,Specialty Business Services,KDJ,KDJ 金叉,None,0.0,0.5525,0.3223,,0.3223,0,2110,0.0051,35.65,35.83,36.01,35.29,2026-07-27,3,False
RYAAY,Industrials,Airlines,KDJ,KDJ 金叉,None,0.0,0.5525,0.3223,,0.3223,0,2110,0.0051,59.79,60.09,60.4,59.19,2026-07-28,3,False
VMI,Industrials,Conglomerates,KDJ,KDJ 金叉,None,0.0,0.5525,0.3223,,0.3223,0,2110,0.0051,494.81,497.33,499.86,489.86,2026-07-27,3,False
WCC,Industrials,Industrial Distribution,KDJ,KDJ 金叉,None,0.0,0.5525,0.3223,,0.3223,0,2110,0.0051,332.48,334.18,335.87,329.16,2026-07-24,3,False
WMS,Industrials,Building Products & Equipment,KDJ,KDJ 金叉,None,0.0,0.5525,0.3223,,0.3223,0,2110,0.0051,145.06,145.8,146.54,143.61,2026-07-28,3,False
WSO,Industrials,Industrial Distribution,KDJ,KDJ 金叉,None,0.0,0.5525,0.3223,,0.3223,0,2110,0.0051,364.37,366.23,368.09,360.73,2026-07-27,3,False
PEP,Consumer Staples,Beverages - Non-Alcoholic,KDJ,KDJ 金叉,Morning Star,0.8,1.0,0.322,,0.322,0,59,0.0045,136.64,137.25,137.87,135.27,2026-07-24,3,False
CAH,Health Care,Medical Distribution,RSI,RSI 動能加速（強勢區）,None,0.0,0.51,0.3208,0.3208,0.2606,53,1869,0.0084,232.51,234.46,236.42,230.18,2026-07-28,3,False
REGN,Health Care,Biotechnology,BB,價格在 BB 中軌上方,None,0.0,0.425,0.3207,0.3207,0.2804,290,14417,0.0008,667.17,667.7,668.24,660.5,2026-07-27,3,False
MMM,Industrials,Conglomerates,BB,BB 中軌向上（上升趨勢）,None,0.0,0.51,0.3206,0.3206,0.2929,209,17460,0.0049,182.48,183.37,184.27,180.66,2026-07-28,3,False
DOC,Real Estate,REIT - Healthcare Facilities,RSI,RSI 維持強勢 (50-70),None,0.0,0.51,0.3188,0.3188,0.2509,207,7011,0.004,22.82,22.91,23.0,22.59,2026-07-28,3,False
AMCR,Consumer Discretionary,Packaging & Containers,KDJ,KDJ 金叉,None,0.0,0.5525,0.3183,,0.3183,0,1244,0.0033,45.24,45.39,45.54,44.79,2026-07-27,3,False
AVY,Consumer Discretionary,Packaging & Containers,KDJ,KDJ 金叉,None,0.0,0.5525,0.3183,,0.3183,0,1244,0.0033,163.03,163.57,164.11,161.4,2026-07-27,3,False
BURL,Consumer Discretionary,Apparel Retail,KDJ,KDJ 金叉,None,0.0,0.5525,0.3183,,0.3183,0,1244,0.0033,358.01,359.19,360.37,354.43,2026-07-27,3,False
CART,Consumer Discretionary,Internet Retail,KDJ,KDJ 金叉,None,0.0,0.5525,0.3183,,0.3183,0,1244,0.0033,45.62,45.77,45.92,45.16,2026-07-28,3,False
DKNG,Consumer Discretionary,Gambling,KDJ,KDJ 金叉,None,0.0,0.5525,0.3183,,0.3183,0,1244,0.0033,24.11,24.19,24.27,23.87,2026-07-27,3,False
DKS,Consumer Discretionary,Specialty Retail,KDJ,KDJ 金叉,None,0.0,0.5525,0.3183,,0.3183,0,1244,0.0033,211.37,212.07,212.77,209.26,2026-07-28,3,False
FIVE,Consumer Discretionary,Specialty Retail,KDJ,KDJ 金叉,None,0.0,0.5525,0.3183,,0.3183,0,1244,0.0033,207.99,208.68,209.36,205.91,2026-07-28,3,False
H,Consumer Discretionary,Lodging,KDJ,KDJ 金叉,None,0.0,0.5525,0.3183,,0.3183,0,1244,0.0033,191.18,191.81,192.44,189.27,2026-07-27,3,False
LI,Consumer Discretionary,Auto Manufacturers,KDJ,KDJ 金叉,None,0.0,0.5525,0.3183,,0.3183,0,1244,0.0033,13.21,13.25,13.3,13.08,2026-07-28,3,False
MELI,Consumer Discretionary,Internet Retail,KDJ,KDJ 金叉,None,0.0,0.5525,0.3183,,0.3183,0,1244,0.0033,1862.52,1868.67,1874.81,1843.89,2026-07-28,3,False
MGA,Consumer Discretionary,Auto Parts,KDJ,KDJ 金叉,None,0.0,0.5525,0.3183,,0.3183,0,1244,0.0033,69.02,69.25,69.48,68.33,2026-07-28,3,False
NIO,Consumer Discretionary,Auto Manufacturers,KDJ,KDJ 金叉,None,0.0,0.5525,0.3183,,0.3183,0,1244,0.0033,4.68,4.7,4.71,4.63,2026-07-28,3,False
PDD,Consumer Discretionary,Internet Retail,KDJ,KDJ 金叉,None,0.0,0.5525,0.3183,,0.3183,0,1244,0.0033,85.71,85.99,86.28,84.85,2026-07-28,3,False
SCI,Consumer Discretionary,Personal Services,KDJ,KDJ 金叉,None,0.0,0.5525,0.3183,,0.3183,0,1244,0.0033,82.33,82.6,82.87,81.51,2026-07-24,3,False
SE,Consumer Discretionary,Internet Retail,KDJ,KDJ 金叉,None,0.0,0.5525,0.3183,,0.3183,0,1244,0.0033,107.41,107.76,108.12,106.34,2026-07-28,3,False
SGI,Consumer Discretionary,"Furnishings, Fixtures & Appliances",KDJ,KDJ 金叉,None,0.0,0.5525,0.3183,,0.3183,0,1244,0.0033,71.56,71.8,72.03,70.84,2026-07-24,3,False
SN,Consumer Discretionary,"Furnishings, Fixtures & Appliances",KDJ,KDJ 金叉,None,0.0,0.5525,0.3183,,0.3183,0,1244,0.0033,153.19,153.7,154.2,151.66,2026-07-27,3,False
TM,Consumer Discretionary,Auto Manufacturers,KDJ,KDJ 金叉,None,0.0,0.5525,0.3183,,0.3183,0,1244,0.0033,182.15,182.75,183.35,180.33,2026-07-27,3,False
W,Consumer Discretionary,Internet Retail,KDJ,KDJ 金叉,None,0.0,0.5525,0.3183,,0.3183,0,1244,0.0033,94.53,94.84,95.15,93.58,2026-07-27,3,False
AOS,Industrials,Specialty Industrial Machinery,KDJ,KDJ 金叉,None,0.0,0.5525,0.3182,0.3182,0.3223,22,2110,-0.0002,60.78,60.77,60.76,60.17,2026-07-24,3,False
AZO,Consumer Discretionary,Auto Parts,KDJ,KDJ 金叉,None,0.0,0.5525,0.3182,0.3182,0.3183,22,1244,0.0145,3075.26,3119.85,3164.44,3044.51,2026-07-27,3,False
EQIX,Real Estate,REIT - Specialty,RSI,RSI 加速上升,None,0.0,0.5525,0.3182,0.3182,0.2327,132,4401,0.0054,1046.79,1052.44,1058.1,1036.32,2026-07-27,3,False
SWK,Industrials,Tools & Accessories,BB,價格在 BB 中軌上方,None,0.0,0.425,0.3182,0.3182,0.295,198,22337,-0.0023,91.26,91.05,90.84,90.35,2026-07-24,3,False
FTNT,Information Technology,Software - Infrastructure,BB,BB 中軌向上（上升趨勢）,None,0.0,0.51,0.3174,0.3174,0.3639,167,16781,0.0017,152.38,152.64,152.9,150.86,2026-07-27,3,False
KRYS,Health Care,Biotechnology,MACD,MACD 突破 0 軸,None,0.0,0.595,0.3171,,0.3171,0,432,0.0028,351.82,352.81,353.79,348.3,2026-07-27,3,False
SNN,Health Care,Medical Devices,MACD,MACD 突破 0 軸,None,0.0,0.595,0.3171,,0.3171,0,432,0.0028,30.57,30.66,30.74,30.26,2026-07-24,3,False
STT,Financials,Asset Management,RSI,RSI 維持強勢 (50-70),None,0.0,0.51,0.316,0.316,0.2842,288,19108,0.0038,182.57,183.26,183.96,180.74,2026-07-28,3,False
BSX,Health Care,Medical Devices,RSI,RSI 上穿 50 中性線,None,0.0,0.4675,0.3158,0.3158,0.3144,19,1323,0.0014,45.51,45.57,45.64,45.05,2026-07-27,3,False
ALNY,Health Care,Biotechnology,RSI,RSI 上穿 50 中性線,None,0.0,0.4675,0.3144,,0.3144,0,1323,0.003,288.41,289.28,290.14,285.53,2026-07-28,3,False
AZN,Health Care,Drug Manufacturers - General,RSI,RSI 上穿 50 中性線,None,0.0,0.4675,0.3144,,0.3144,0,1323,0.003,172.48,173.0,173.51,170.76,2026-07-28,3,False
BNTX,Health Care,Biotechnology,RSI,RSI 上穿 50 中性線,None,0.0,0.4675,0.3144,,0.3144,0,1323,0.003,92.45,92.73,93.0,91.53,2026-07-28,3,False
MDLN,Health Care,Medical Instruments & Supplies,RSI,RSI 上穿 50 中性線,None,0.0,0.4675,0.3144,,0.3144,0,1323,0.003,39.7,39.82,39.94,39.3,2026-07-27,3,False
PEN,Health Care,Medical Devices,RSI,RSI 上穿 50 中性線,None,0.0,0.4675,0.3144,,0.3144,0,1323,0.003,318.73,319.69,320.64,315.54,2026-07-24,3,False
SNY,Health Care,Drug Manufacturers - General,RSI,RSI 上穿 50 中性線,None,0.0,0.4675,0.3144,,0.3144,0,1323,0.003,44.0,44.13,44.26,43.56,2026-07-27,3,False
AFG,Financials,Insurance - Property & Casualty,KDJ,KDJ 金叉,None,0.0,0.5525,0.3142,,0.3142,0,1932,0.0041,143.76,144.35,144.94,142.32,2026-07-24,3,False
BAM,Financials,Asset Management,KDJ,KDJ 金叉,None,0.0,0.5525,0.3142,,0.3142,0,1932,0.0041,48.05,48.25,48.44,47.57,2026-07-28,3,False
BAP,Financials,Banks - Regional,KDJ,KDJ 金叉,None,0.0,0.5525,0.3142,,0.3142,0,1932,0.0041,390.99,392.59,394.2,387.08,2026-07-27,3,False
BBVA,Financials,Banks - Diversified,KDJ,KDJ 金叉,None,0.0,0.5525,0.3142,,0.3142,0,1932,0.0041,25.95,26.06,26.16,25.69,2026-07-24,3,False
BCS,Financials,Banks - Diversified,KDJ,KDJ 金叉,None,0.0,0.5525,0.3142,,0.3142,0,1932,0.0041,28.56,28.68,28.79,28.27,2026-07-27,3,False
BPYPM,Financials,Asset Management,KDJ,KDJ 金叉,None,0.0,0.5525,0.3142,,0.3142,0,1932,0.0041,16.07,16.14,16.2,15.91,2026-07-27,3,False
BSBR,Financials,Banks - Regional,KDJ,KDJ 金叉,None,0.0,0.5525,0.3142,,0.3142,0,1932,0.0041,5.44,5.46,5.48,5.39,2026-07-27,3,False
CG,Financials,Asset Management,KDJ,KDJ 金叉,None,0.0,0.5525,0.3142,,0.3142,0,1932,0.0041,46.28,46.47,46.66,45.82,2026-07-27,3,False
CRCL,Financials,Capital Markets,KDJ,KDJ 金叉,None,0.0,0.5525,0.3142,,0.3142,0,1932,0.0041,65.67,65.94,66.21,65.01,2026-07-27,3,False
DB,Financials,Banks - Regional,KDJ,KDJ 金叉,None,0.0,0.5525,0.3142,,0.3142,0,1932,0.0041,35.5,35.65,35.79,35.15,2026-07-27,3,False
EVR,Financials,Capital Markets,KDJ,KDJ 金叉,None,0.0,0.5525,0.3142,,0.3142,0,1932,0.0041,340.11,341.5,342.9,336.71,2026-07-27,3,False
EWBC,Financials,Banks - Regional,KDJ,KDJ 金叉,None,0.0,0.5525,0.3142,,0.3142,0,1932,0.0041,131.31,131.85,132.39,130.0,2026-07-28,3,False
FNF,Financials,Insurance - Specialty,KDJ,KDJ 金叉,None,0.0,0.5525,0.3142,,0.3142,0,1932,0.0041,52.02,52.23,52.45,51.5,2026-07-27,3,False
HBANZ,Financials,Banks - Regional,KDJ,KDJ 金叉,None,0.0,0.5525,0.3142,,0.3142,0,1932,0.0041,19.94,20.02,20.1,19.74,2026-07-27,3,False
ING,Financials,Banks - Diversified,KDJ,KDJ 金叉,None,0.0,0.5525,0.3142,,0.3142,0,1932,0.0041,33.49,33.63,33.76,33.16,2026-07-27,3,False
LPLA,Financials,Capital Markets,KDJ,KDJ 金叉,None,0.0,0.5525,0.3142,,0.3142,0,1932,0.0041,342.4,343.8,345.21,338.98,2026-07-28,3,False
NMR,Financials,Capital Markets,KDJ,KDJ 金叉,None,0.0,0.5525,0.3142,,0.3142,0,1932,0.0041,9.81,9.85,9.89,9.71,2026-07-24,3,False
ORI,Financials,Insurance - Property & Casualty,KDJ,KDJ 金叉,None,0.0,0.5525,0.3142,,0.3142,0,1932,0.0041,42.29,42.46,42.64,41.87,2026-07-24,3,False
PNFP,Financials,Banks - Regional,KDJ,KDJ 金叉,None,0.0,0.5525,0.3142,,0.3142,0,1932,0.0041,102.6,103.02,103.44,101.57,2026-07-24,3,False
RKT,Financials,Mortgage Finance,KDJ,KDJ 金叉,None,0.0,0.5525,0.3142,,0.3142,0,1932,0.0041,13.49,13.55,13.6,13.36,2026-07-27,3,False
SAN,Financials,Banks - Diversified,KDJ,KDJ 金叉,None,0.0,0.5525,0.3142,,0.3142,0,1932,0.0041,13.54,13.6,13.65,13.4,2026-07-24,3,False
SEIC,Financials,Asset Management,KDJ,KDJ 金叉,None,0.0,0.5525,0.3142,,0.3142,0,1932,0.0041,101.52,101.94,102.35,100.5,2026-07-27,3,False
SHG,Financials,Banks - Regional,KDJ,KDJ 金叉,None,0.0,0.5525,0.3142,,0.3142,0,1932,0.0041,71.49,71.78,72.08,70.78,2026-07-24,3,False
UNM,Financials,Insurance - Life,KDJ,KDJ 金叉,None,0.0,0.5525,0.3142,,0.3142,0,1932,0.0041,87.93,88.29,88.65,87.05,2026-07-28,3,False
WBS,Financials,Banks - Regional,KDJ,KDJ 金叉,None,0.0,0.5525,0.3142,,0.3142,0,1932,0.0041,76.95,77.27,77.58,76.18,2026-07-27,3,False
WF,Financials,Banks - Regional,KDJ,KDJ 金叉,None,0.0,0.5525,0.3142,,0.3142,0,1932,0.0041,67.52,67.8,68.07,66.84,2026-07-27,3,False
JHX,Materials,Building Materials,KDJ,KDJ 金叉,None,0.0,0.5525,0.314,,0.314,0,637,0.0047,26.54,26.66,26.79,26.27,2026-07-24,3,False
MT,Materials,Steel,KDJ,KDJ 金叉,None,0.0,0.5525,0.314,,0.314,0,637,0.0047,67.53,67.85,68.16,66.85,2026-07-27,3,False
NTR,Materials,Agricultural Inputs,KDJ,KDJ 金叉,None,0.0,0.5525,0.314,,0.314,0,637,0.0047,69.46,69.79,70.11,68.77,2026-07-28,3,False
RS,Materials,Steel,KDJ,KDJ 金叉,None,0.0,0.5525,0.314,,0.314,0,637,0.0047,407.83,409.75,411.66,403.75,2026-07-24,3,False
IBM,Information Technology,Information Technology Services,RSI,RSI 加速上升,None,0.0,0.5525,0.3139,0.3139,0.3693,137,10688,0.0105,227.55,229.94,232.33,225.27,2026-07-28,3,False
BDRX,Health Care,Biotechnology,RSI,RSI 維持超賣,None,0.0,0.385,0.3138,,0.3138,0,956,0.0016,1.44,1.44,1.44,1.43,2026-07-28,3,False
TSCO,Consumer Discretionary,Specialty Retail,RSI,RSI 動能加速（強勢區）,None,0.0,0.51,0.3125,0.3125,0.3027,32,1665,-0.004,31.8,31.67,31.55,31.48,2026-07-27,3,False
BWA,Consumer Discretionary,Auto Parts,RSI,RSI 加速上升,None,0.0,0.5525,0.3117,,0.3117,0,6796,0.004,63.68,63.93,64.19,63.04,2026-07-27,3,False
MOD,Consumer Discretionary,Auto Parts,RSI,RSI 加速上升,None,0.0,0.5525,0.3117,,0.3117,0,6796,0.004,241.79,242.76,243.72,239.37,2026-07-24,3,False
PAG,Consumer Discretionary,Auto & Truck Dealerships,RSI,RSI 加速上升,None,0.0,0.5525,0.3117,,0.3117,0,6796,0.004,220.01,220.89,221.77,217.81,2026-07-28,3,False
LMT,Industrials,Aerospace & Defense,BB,BB 中軌向上（上升趨勢）,None,0.0,0.51,0.3116,0.3116,0.2929,215,17460,0.0073,581.31,585.55,589.8,575.5,2026-07-28,3,False
DVA,Health Care,Medical Care Facilities,KDJ,KDJ 金叉,None,0.0,0.5525,0.3103,0.3103,0.2852,29,1536,0.0051,235.44,236.64,237.84,233.09,2026-07-24,3,False
HBAN,Financials,Banks - Regional,BB,BB 中軌向上（上升趨勢）,None,0.0,0.51,0.3103,,0.3103,0,754,0.0043,17.36,17.43,17.51,17.19,2026-07-24,3,True
JBS,Consumer Staples,Packaged Foods,RSI,RSI 維持強勢 (50-70),None,0.0,0.51,0.3092,,0.3092,0,262,0.0027,13.55,13.59,13.62,13.41,2026-07-27,3,True
TDY,Information Technology,Scientific & Technical Instruments,BB,價格在 BB 中軌上方,None,0.0,0.425,0.3092,0.3092,0.3573,262,20206,0.0067,649.67,654.02,658.38,643.17,2026-07-28,3,False
ALLY,Financials,Credit Services,RSI,RSI 上穿 50 中性線,None,0.0,0.4675,0.3091,,0.3091,0,1899,0.0046,44.11,44.31,44.52,43.67,2026-07-28,3,False
CET,Financials,Asset Management,RSI,RSI 上穿 50 中性線,None,0.0,0.4675,0.3091,,0.3091,0,1899,0.0046,52.65,52.89,53.13,52.12,2026-07-28,3,False
FUTU,Financials,Capital Markets,RSI,RSI 上穿 50 中性線,None,0.0,0.4675,0.3091,,0.3091,0,1899,0.0046,104.27,104.75,105.23,103.23,2026-07-27,3,False
HBANL,Financials,Banks - Regional,RSI,RSI 上穿 50 中性線,None,0.0,0.4675,0.3091,,0.3091,0,1899,0.0046,25.05,25.17,25.28,24.8,2026-07-27,3,False
HBANM,Financials,Banks - Regional,RSI,RSI 上穿 50 中性線,None,0.0,0.4675,0.3091,,0.3091,0,1899,0.0046,20.895,20.99,21.09,20.69,2026-07-28,3,False
FPS,Industrials,Electrical Equipment & Parts,RSI,RSI 超賣區域 (30),None,0.0,0.5249999999999999,0.3086,,0.3086,0,337,0.006,32.41,32.6,32.8,32.09,2026-07-28,3,False
SPCX,Industrials,Aerospace & Defense,RSI,RSI 超賣區域 (30),None,0.0,0.5249999999999999,0.3086,,0.3086,0,337,0.006,115.07,115.76,116.45,113.92,2026-07-24,3,False
NDAQ,Financials,Financial Data & Stock Exchanges,RSI,RSI 維持強勢 (50-70),None,0.0,0.51,0.3086,0.3086,0.2842,269,19108,0.0049,95.96,96.43,96.9,95.0,2026-07-28,3,False
CCZ,Communication Services,Cable & Satellite,RSI,RSI 維持強勢 (50-70),None,0.0,0.51,0.3082,,0.3082,0,5205,0.0026,65.99,66.16,66.33,65.33,2026-07-27,3,False
TIGO,Communication Services,Telecom Services,RSI,RSI 維持強勢 (50-70),None,0.0,0.51,0.3082,,0.3082,0,5205,0.0026,95.64,95.89,96.14,94.68,2026-07-28,3,False
ETN,Industrials,Specialty Industrial Machinery,BB,BB 跌破下軌 (超賣),None,0.0,0.45499999999999996,0.3077,0.3077,0.2838,13,1258,-0.0035,386.26,384.91,383.56,382.4,2026-07-28,3,False
EG,Financials,Insurance - Reinsurance,RSI,RSI 加速上升,None,0.0,0.5525,0.3072,0.3072,0.3014,153,11488,0.0013,398.7,399.22,399.74,394.71,2026-07-28,3,False
BROS,Consumer Discretionary,Restaurants,RSI,RSI 上穿 50 中性線,None,0.0,0.4675,0.3072,,0.3072,0,1123,0.0037,65.7,65.94,66.19,65.04,2026-07-27,3,False
ROK,Industrials,Specialty Industrial Machinery,RSI,RSI 維持強勢 (50-70),None,0.0,0.51,0.3067,0.3067,0.2986,225,19157,0.0028,471.17,472.49,473.81,466.46,2026-07-28,3,False
KVUE,Consumer Staples,Household & Personal Products,RSI,RSI 維持強勢 (50-70),None,0.0,0.51,0.305,0.305,0.2452,200,7574,0.004,19.75,19.83,19.91,19.55,2026-07-28,3,False
CDE,Materials,Gold,RSI,RSI 加速上升,None,0.0,0.5525,0.3048,,0.3048,0,3639,0.0024,15.36,15.4,15.43,15.21,2026-07-27,3,False
ESI,Materials,Specialty Chemicals,RSI,RSI 加速上升,None,0.0,0.5525,0.3048,,0.3048,0,3639,0.0024,37.84,37.93,38.02,37.46,2026-07-27,3,False
FNV,Materials,Gold,RSI,RSI 加速上升,None,0.0,0.5525,0.3048,,0.3048,0,3639,0.0024,214.43,214.94,215.46,212.29,2026-07-27,3,False
GFI,Materials,Gold,RSI,RSI 加速上升,None,0.0,0.5525,0.3048,,0.3048,0,3639,0.0024,32.91,32.99,33.07,32.58,2026-07-27,3,False
HL,Materials,Other Precious Metals & Mining,RSI,RSI 加速上升,None,0.0,0.5525,0.3048,,0.3048,0,3639,0.0024,15.19,15.23,15.26,15.04,2026-07-27,3,False
KGC,Materials,Gold,RSI,RSI 加速上升,None,0.0,0.5525,0.3048,,0.3048,0,3639,0.0024,23.92,23.98,24.03,23.68,2026-07-27,3,False
PAAS,Materials,Gold,RSI,RSI 加速上升,None,0.0,0.5525,0.3048,,0.3048,0,3639,0.0024,44.13,44.24,44.34,43.69,2026-07-27,3,False
PKX,Materials,Steel,RSI,RSI 加速上升,None,0.0,0.5525,0.3048,,0.3048,0,3639,0.0024,53.1,53.23,53.35,52.57,2026-07-27,3,False
RIO,Materials,Other Industrial Metals & Mining,RSI,RSI 加速上升,None,0.0,0.5525,0.3048,,0.3048,0,3639,0.0024,91.95,92.17,92.39,91.03,2026-07-27,3,False
TECK,Materials,Other Industrial Metals & Mining,RSI,RSI 加速上升,None,0.0,0.5525,0.3048,,0.3048,0,3639,0.0024,59.75,59.89,60.04,59.15,2026-07-27,3,False
VALE,Materials,Other Industrial Metals & Mining,RSI,RSI 加速上升,None,0.0,0.5525,0.3048,,0.3048,0,3639,0.0024,14.7,14.74,14.77,14.55,2026-07-28,3,False
WPM,Materials,Gold,RSI,RSI 加速上升,None,0.0,0.5525,0.3048,,0.3048,0,3639,0.0024,112.01,112.28,112.55,110.89,2026-07-27,3,False
CINF,Financials,Insurance - Property & Casualty,RSI,RSI 維持強勢 (50-70),None,0.0,0.51,0.3039,0.3039,0.2842,306,19108,0.0032,184.23,184.82,185.41,182.39,2026-07-27,3,False
EGP,Real Estate,REIT - Industrial,BB,BB 中軌向上（上升趨勢）,None,0.0,0.51,0.3037,,0.3037,0,270,0.0047,210.17,211.16,212.15,208.07,2026-07-28,3,True
CRSP,Health Care,Biotechnology,KDJ,KDJ 超賣區金叉,None,0.0,0.5599999999999999,0.3027,,0.3027,0,370,0.0035,46.73,46.89,47.06,46.26,2026-07-27,3,False
EW,Health Care,Medical Devices,KDJ,KDJ 超賣區金叉,None,0.0,0.5599999999999999,0.3027,,0.3027,0,370,0.0035,83.68,83.97,84.27,82.84,2026-07-28,3,False
ISRG,Health Care,Medical Instruments & Supplies,KDJ,KDJ 超賣區金叉,None,0.0,0.5599999999999999,0.3027,,0.3027,0,370,0.0035,356.83,358.08,359.33,353.26,2026-07-27,3,False
PLD,Real Estate,REIT - Industrial,BB,價格在 BB 中軌上方,None,0.0,0.425,0.3026,0.3026,0.248,228,8032,0.0074,147.12,148.21,149.3,145.65,2026-07-28,3,False
APTV,Consumer Discretionary,Auto Parts,RSI,RSI 維持強勢 (50-70),None,0.0,0.51,0.302,0.302,0.2995,149,10441,0.0023,59.4,59.54,59.67,58.81,2026-07-28,3,False
QNT,Information Technology,Software - Application,KDJ,KDJ 超賣區金叉,None,0.0,0.5599999999999999,0.3016,,0.3016,0,368,-0.0,49.78,49.78,49.78,49.28,2026-07-28,3,False
BBDO,Financials,Banks - Regional,RSI,RSI 加速上升,None,0.0,0.5525,0.3014,,0.3014,0,11488,0.0041,3.25,3.26,3.28,3.22,2026-07-27,3,False
BCH,Financials,Banks - Regional,RSI,RSI 加速上升,None,0.0,0.5525,0.3014,,0.3014,0,11488,0.0041,41.4,41.57,41.74,40.99,2026-07-27,3,False
BSAC,Financials,Banks - Regional,RSI,RSI 加速上升,None,0.0,0.5525,0.3014,,0.3014,0,11488,0.0041,34.46,34.6,34.74,34.12,2026-07-27,3,False
CM,Financials,Banks - Diversified,RSI,RSI 加速上升,None,0.0,0.5525,0.3014,,0.3014,0,11488,0.0041,119.82,120.31,120.8,118.62,2026-07-28,3,False
CNA,Financials,Insurance - Property & Casualty,RSI,RSI 加速上升,None,0.0,0.5525,0.3014,,0.3014,0,11488,0.0041,55.31,55.54,55.76,54.76,2026-07-28,3,False
FCNCA,Financials,Banks - Regional,RSI,RSI 加速上升,None,0.0,0.5525,0.3014,,0.3014,0,11488,0.0041,2198.0,2207.01,2216.02,2176.02,2026-07-28,3,False
FHN,Financials,Banks - Regional,RSI,RSI 加速上升,None,0.0,0.5525,0.3014,,0.3014,0,11488,0.0041,26.02,26.13,26.23,25.76,2026-07-28,3,False
HSBC,Financials,Banks - Diversified,RSI,RSI 加速上升,None,0.0,0.5525,0.3014,,0.3014,0,11488,0.0041,103.97,104.4,104.82,102.93,2026-07-27,3,False
HUT,Financials,Capital Markets,RSI,RSI 加速上升,None,0.0,0.5525,0.3014,,0.3014,0,11488,0.0041,109.99,110.44,110.89,108.89,2026-07-24,3,False
IREN,Financials,Capital Markets,RSI,RSI 加速上升,None,0.0,0.5525,0.3014,,0.3014,0,11488,0.0041,37.07,37.22,37.37,36.7,2026-07-24,3,False
IX,Financials,Financial Conglomerates,RSI,RSI 加速上升,None,0.0,0.5525,0.3014,,0.3014,0,11488,0.0041,40.22,40.38,40.55,39.82,2026-07-27,3,False
LYG,Financials,Banks - Regional,RSI,RSI 加速上升,None,0.0,0.5525,0.3014,,0.3014,0,11488,0.0041,6.13,6.16,6.18,6.07,2026-07-27,3,False
MFC,Financials,Insurance - Life,RSI,RSI 加速上升,None,0.0,0.5525,0.3014,,0.3014,0,11488,0.0041,44.06,44.24,44.42,43.62,2026-07-27,3,False
MFG,Financials,Banks - Regional,RSI,RSI 加速上升,None,0.0,0.5525,0.3014,,0.3014,0,11488,0.0041,10.57,10.61,10.66,10.46,2026-07-27,3,False
MKL,Financials,Insurance - Property & Casualty,RSI,RSI 加速上升,None,0.0,0.5525,0.3014,,0.3014,0,11488,0.0041,2039.35,2047.71,2056.07,2018.96,2026-07-28,3,False
MUFG,Financials,Banks - Diversified,RSI,RSI 加速上升,None,0.0,0.5525,0.3014,,0.3014,0,11488,0.0041,23.1,23.19,23.29,22.87,2026-07-27,3,False
PUK,Financials,Insurance - Life,RSI,RSI 加速上升,None,0.0,0.5525,0.3014,,0.3014,0,11488,0.0041,29.39,29.51,29.63,29.1,2026-07-27,3,False
RIOT,Financials,Capital Markets,RSI,RSI 加速上升,None,0.0,0.5525,0.3014,,0.3014,0,11488,0.0041,21.97,22.06,22.15,21.75,2026-07-27,3,False
SF,Financials,Capital Markets,RSI,RSI 加速上升,None,0.0,0.5525,0.3014,,0.3014,0,11488,0.0041,84.64,84.99,85.33,83.79,2026-07-28,3,False
SLF,Financials,Insurance - Diversified,RSI,RSI 加速上升,None,0.0,0.5525,0.3014,,0.3014,0,11488,0.0041,82.93,83.27,83.61,82.1,2026-07-27,3,False
SMFG,Financials,Banks - Diversified,RSI,RSI 加速上升,None,0.0,0.5525,0.3014,,0.3014,0,11488,0.0041,26.34,26.45,26.56,26.08,2026-07-27,3,False
VLYPN,Financials,Banks - Regional,RSI,RSI 加速上升,None,0.0,0.5525,0.3014,,0.3014,0,11488,0.0041,25.88,25.99,26.09,25.62,2026-07-27,3,False
COP,Energy,Oil & Gas E&P,RSI,RSI 加速上升,None,0.0,0.5525,0.3011,0.3011,0.3227,176,3306,-0.0002,120.26,120.24,120.21,119.06,2026-07-24,3,False
CSX,Industrials,Railroads,BB,價格在 BB 中軌上方,None,0.0,0.425,0.3006,0.3006,0.295,336,22337,0.0054,50.84,51.11,51.39,50.33,2026-07-28,3,False
AXIA,Utilities,Utilities - Renewable,KDJ,KDJ 金叉,None,0.0,0.5525,0.3001,,0.3001,0,713,0.0052,10.06,10.11,10.16,9.96,2026-07-27,3,False
EMA,Utilities,Utilities - Regulated Electric,KDJ,KDJ 金叉,None,0.0,0.5525,0.3001,,0.3001,0,713,0.0052,54.95,55.24,55.52,54.4,2026-07-24,3,False
FTS,Utilities,Utilities - Regulated Electric,KDJ,KDJ 金叉,None,0.0,0.5525,0.3001,,0.3001,0,713,0.0052,58.84,59.15,59.45,58.25,2026-07-24,3,False
AM,Energy,Oil & Gas Midstream,BB,價格在 BB 中軌上方,None,0.0,0.425,0.2998,,0.2998,0,5768,-0.0016,21.75,21.72,21.68,21.53,2026-07-28,3,False
AR,Energy,Oil & Gas E&P,BB,價格在 BB 中軌上方,None,0.0,0.425,0.2998,,0.2998,0,5768,-0.0016,33.88,33.83,33.77,33.54,2026-07-28,3,False
EC,Energy,Oil & Gas Integrated,BB,價格在 BB 中軌上方,None,0.0,0.425,0.2998,,0.2998,0,5768,-0.0016,15.83,15.8,15.78,15.67,2026-07-28,3,False
LNG,Energy,Oil & Gas Midstream,BB,價格在 BB 中軌上方,None,0.0,0.425,0.2998,,0.2998,0,5768,-0.0016,269.72,269.29,268.86,267.02,2026-07-24,3,False
PAA,Energy,Oil & Gas Midstream,BB,價格在 BB 中軌上方,None,0.0,0.425,0.2998,,0.2998,0,5768,-0.0016,24.43,24.39,24.35,24.19,2026-07-28,3,False
PBA,Energy,Oil & Gas Midstream,BB,價格在 BB 中軌上方,None,0.0,0.425,0.2998,,0.2998,0,5768,-0.0016,49.9,49.82,49.74,49.4,2026-07-28,3,False
SHEL,Energy,Oil & Gas Integrated,BB,價格在 BB 中軌上方,None,0.0,0.425,0.2998,,0.2998,0,5768,-0.0016,86.2,86.06,85.92,85.34,2026-07-28,3,False
TRP,Energy,Oil & Gas Midstream,BB,價格在 BB 中軌上方,None,0.0,0.425,0.2998,,0.2998,0,5768,-0.0016,70.59,70.48,70.36,69.88,2026-07-24,3,False
TS,Energy,Oil & Gas Equipment & Services,BB,價格在 BB 中軌上方,None,0.0,0.425,0.2998,,0.2998,0,5768,-0.0016,56.41,56.32,56.23,55.85,2026-07-27,3,False
VG,Energy,Oil & Gas Midstream,BB,價格在 BB 中軌上方,None,0.0,0.425,0.2998,,0.2998,0,5768,-0.0016,12.82,12.8,12.78,12.69,2026-07-27,3,False
VNOM,Energy,Oil & Gas Midstream,BB,價格在 BB 中軌上方,None,0.0,0.425,0.2998,,0.2998,0,5768,-0.0016,45.13,45.06,44.99,44.68,2026-07-24,3,False
YPF,Energy,Oil & Gas Integrated,BB,價格在 BB 中軌上方,None,0.0,0.425,0.2998,,0.2998,0,5768,-0.0016,49.84,49.76,49.68,49.34,2026-07-28,3,False
BABA,Consumer Discretionary,Internet Retail,RSI,RSI 維持強勢 (50-70),None,0.0,0.51,0.2995,,0.2995,0,10441,0.0032,115.19,115.56,115.93,114.04,2026-07-28,3,False
CASY,Consumer Discretionary,Specialty Retail,RSI,RSI 維持強勢 (50-70),None,0.0,0.51,0.2995,,0.2995,0,10441,0.0032,856.86,859.6,862.34,848.29,2026-07-28,3,False
UNP,Industrials,Railroads,BB,價格在 BB 中軌上方,None,0.0,0.425,0.2992,0.2992,0.295,254,22337,0.0066,294.45,296.39,298.34,291.51,2026-07-28,3,False
WMT,Consumer Staples,Discount Stores,BB,價格在 BB 中軌上方,None,0.0,0.425,0.2991,0.2991,0.2432,341,8891,0.0054,113.1,113.71,114.32,111.97,2026-07-28,3,False
DLR,Real Estate,REIT - Specialty,RSI,RSI 維持強勢 (50-70),None,0.0,0.51,0.299,0.299,0.2509,301,7011,0.0013,193.18,193.43,193.68,191.25,2026-07-28,3,False
PSX,Energy,Oil & Gas Refining & Marketing,RSI,RSI 維持強勢 (50-70),None,0.0,0.51,0.2987,0.2987,0.2963,231,4891,0.0022,205.85,206.3,206.76,203.79,2026-07-28,3,False
AIT,Industrials,Industrial Distribution,RSI,RSI 維持強勢 (50-70),None,0.0,0.51,0.2986,,0.2986,0,19157,0.0036,348.04,349.29,350.55,344.56,2026-07-28,3,False
ATI,Industrials,Metal Fabrication,RSI,RSI 維持強勢 (50-70),None,0.0,0.51,0.2986,,0.2986,0,19157,0.0036,186.99,187.66,188.34,185.12,2026-07-28,3,False
CLH,Industrials,Waste Management,RSI,RSI 維持強勢 (50-70),None,0.0,0.51,0.2986,,0.2986,0,19157,0.0036,303.67,304.76,305.86,300.63,2026-07-28,3,False
CRS,Industrials,Metal Fabrication,RSI,RSI 維持強勢 (50-70),None,0.0,0.51,0.2986,,0.2986,0,19157,0.0036,580.25,582.34,584.43,574.45,2026-07-27,3,False
CW,Industrials,Aerospace & Defense,RSI,RSI 維持強勢 (50-70),None,0.0,0.51,0.2986,,0.2986,0,19157,0.0036,743.83,746.51,749.19,736.39,2026-07-27,3,False
DCI,Industrials,Specialty Industrial Machinery,RSI,RSI 維持強勢 (50-70),None,0.0,0.51,0.2986,,0.2986,0,19157,0.0036,93.19,93.53,93.86,92.26,2026-07-27,3,False
DRS,Industrials,Aerospace & Defense,RSI,RSI 維持強勢 (50-70),None,0.0,0.51,0.2986,,0.2986,0,19157,0.0036,48.45,48.62,48.8,47.97,2026-07-27,3,False
ESLT,Industrials,Aerospace & Defense,RSI,RSI 維持強勢 (50-70),None,0.0,0.51,0.2986,,0.2986,0,19157,0.0036,818.59,821.54,824.48,810.4,2026-07-28,3,False
FDXF,Industrials,Integrated Freight & Logistics,RSI,RSI 維持強勢 (50-70),None,0.0,0.51,0.2986,,0.2986,0,19157,0.0036,158.0,158.57,159.14,156.42,2026-07-24,3,False
GGG,Industrials,Specialty Industrial Machinery,RSI,RSI 維持強勢 (50-70),None,0.0,0.51,0.2986,,0.2986,0,19157,0.0036,80.44,80.73,81.02,79.64,2026-07-27,3,False
R,Industrials,Rental & Leasing Services,RSI,RSI 維持強勢 (50-70),None,0.0,0.51,0.2986,,0.2986,0,19157,0.0036,268.68,269.65,270.61,265.99,2026-07-27,3,False
SUNB,Industrials,Rental & Leasing Services,RSI,RSI 維持強勢 (50-70),None,0.0,0.51,0.2986,,0.2986,0,19157,0.0036,75.51,75.78,76.05,74.75,2026-07-28,3,False
WCN,Industrials,Waste Management,RSI,RSI 維持強勢 (50-70),None,0.0,0.51,0.2986,,0.2986,0,19157,0.0036,169.22,169.83,170.44,167.53,2026-07-28,3,False
XPO,Industrials,Trucking,RSI,RSI 維持強勢 (50-70),None,0.0,0.51,0.2986,,0.2986,0,19157,0.0036,204.73,205.47,206.2,202.68,2026-07-28,3,False
XPEV,Consumer Discretionary,Auto Manufacturers,BB,價格在 BB 中軌上方,None,0.0,0.425,0.2984,,0.2984,0,12430,0.0031,12.71,12.75,12.79,12.58,2026-07-28,3,False
DY,Industrials,Engineering & Construction,RSI,RSI 加速上升,None,0.0,0.5525,0.2981,,0.2981,0,11545,0.003,424.21,425.48,426.76,419.97,2026-07-27,3,False
INIO,Industrials,Specialty Industrial Machinery,RSI,RSI 加速上升,None,0.0,0.5525,0.2981,,0.2981,0,11545,0.003,26.92,27.0,27.08,26.65,2026-07-27,3,False
RBC,Industrials,Tools & Accessories,RSI,RSI 加速上升,None,0.0,0.5525,0.2981,,0.2981,0,11545,0.003,584.97,586.72,588.48,579.12,2026-07-27,3,False
DOV,Industrials,Specialty Industrial Machinery,KDJ,KDJ 金叉,None,0.0,0.5525,0.2963,0.2963,0.3223,27,2110,0.0011,205.85,206.08,206.3,203.79,2026-07-27,3,False
GL,Financials,Insurance - Life,RSI,RSI 上穿 50 中性線,None,0.0,0.4675,0.2963,0.2963,0.3091,27,1899,0.0138,179.17,181.64,184.12,177.38,2026-07-28,3,False
AEIS,Industrials,Electrical Equipment & Parts,BB,價格在 BB 中軌上方,None,0.0,0.425,0.295,,0.295,0,22337,0.0034,291.95,292.94,293.94,289.03,2026-07-27,3,False
MLI,Industrials,Metal Fabrication,BB,價格在 BB 中軌上方,None,0.0,0.425,0.295,,0.295,0,22337,0.0034,66.49,66.72,66.94,65.83,2026-07-28,3,False
TGT,Consumer Staples,Discount Stores,RSI,RSI 動能加速（強勢區）,None,0.0,0.51,0.2941,0.2941,0.2456,34,1148,-0.0025,144.2,143.84,143.48,142.76,2026-07-28,3,False
ERIE,Financials,Insurance Brokers,RSI,RSI 上穿 50 中性線,None,0.0,0.4675,0.2941,0.2941,0.3091,34,1899,-0.0072,242.43,240.68,238.94,240.01,2026-07-28,3,False
ES,Utilities,Utilities - Regulated Electric,RSI,RSI 加速上升,None,0.0,0.5525,0.293,0.293,0.2565,157,4905,0.0005,75.39,75.43,75.47,74.64,2026-07-28,3,False
MCK,Health Care,Medical Distribution,KDJ,KDJ 金叉,None,0.0,0.5525,0.2927,0.2927,0.2852,41,1536,0.002,850.06,851.76,853.46,841.56,2026-07-27,3,False
ROST,Consumer Discretionary,Apparel Retail,RSI,RSI 動能加速（強勢區）,None,0.0,0.51,0.2927,0.2927,0.3027,41,1665,0.0072,251.03,252.84,254.64,248.52,2026-07-28,3,False
NWS,Communication Services,Entertainment,RSI,RSI 上穿 50 中性線,None,0.0,0.4675,0.2917,0.2917,0.3243,24,518,-0.0005,30.92,30.9,30.89,30.61,2026-07-27,3,False
KMI,Energy,Oil & Gas Midstream,RSI,RSI 加速上升,None,0.0,0.5525,0.2907,0.2907,0.3227,172,3306,0.005,32.86,33.02,33.19,32.53,2026-07-24,3,False
AKAM,Information Technology,Software - Infrastructure,BB,價格在 BB 中軌上方,None,0.0,0.425,0.2892,0.2892,0.3573,249,20206,-0.0001,115.37,115.36,115.35,114.22,2026-07-24,3,False
PYPL,Financials,Credit Services,BB,價格在 BB 中軌上方,None,0.0,0.425,0.2888,0.2888,0.2847,232,21689,-0.0086,58.32,57.82,57.32,57.74,2026-07-28,3,False
BMY,Health Care,Drug Manufacturers - General,RSI,RSI 維持強勢 (50-70),None,0.0,0.51,0.2879,0.2879,0.2772,198,12123,-0.0008,63.6,63.55,63.5,62.96,2026-07-28,3,False
ABBV,Health Care,Drug Manufacturers - General,BB,BB 中軌向上（上升趨勢）,None,0.0,0.51,0.2876,0.2876,0.2705,226,10885,0.006,263.2,264.78,266.36,260.57,2026-07-28,3,False
ADSK,Information Technology,Software - Application,RSI,RSI 加速上升,None,0.0,0.5525,0.2868,0.2868,0.3693,129,10688,-0.004,237.38,236.43,235.48,235.01,2026-07-28,3,False
B,Materials,Gold,RSI,RSI 維持強勢 (50-70),None,0.0,0.51,0.286,,0.286,0,5721,0.0013,36.69,36.74,36.79,36.32,2026-07-28,3,False
AEM,Materials,Gold,BB,價格在 BB 中軌上方,None,0.0,0.425,0.2859,,0.2859,0,6697,0.0007,143.71,143.81,143.91,142.27,2026-07-28,3,False
AGI,Materials,Gold,BB,價格在 BB 中軌上方,None,0.0,0.425,0.2859,,0.2859,0,6697,0.0007,28.79,28.81,28.83,28.5,2026-07-28,3,False
CHD,Consumer Staples,Household & Personal Products,MACD,MACD 金叉 (多頭區),None,0.0,0.68,0.2857,0.2857,0.2554,7,184,0.0085,98.7,99.54,100.38,97.71,2026-07-27,3,False
HD,Consumer Discretionary,Home Improvement Retail,MACD,MACD 突破 0 軸,None,0.0,0.595,0.2857,0.2857,0.3351,7,376,0.0056,344.47,346.4,348.33,341.03,2026-07-28,3,False
PPL,Utilities,Utilities - Regulated Electric,MACD,MACD 突破 0 軸,None,0.0,0.595,0.2857,0.2857,0.2226,7,310,0.0155,36.33,36.89,37.46,35.97,2026-07-28,3,False
OXY,Energy,Oil & Gas E&P,RSI,RSI 加速上升,None,0.0,0.5525,0.2857,0.2857,0.3227,154,3306,-0.0042,57.3,57.06,56.82,56.73,2026-07-24,3,False
CME,Financials,Financial Data & Stock Exchanges,BB,BB 中軌向上（上升趨勢）,None,0.0,0.51,0.2857,0.2857,0.2681,224,16575,0.0013,260.0,260.34,260.68,257.4,2026-07-28,3,False
LNT,Utilities,Utilities - Regulated Electric,RSI,RSI 上穿 50 中性線,None,0.0,0.4675,0.2857,0.2857,0.2521,28,932,0.0082,74.94,75.55,76.17,74.19,2026-07-24,3,False
CSGP,Real Estate,Real Estate Services,MACD,MACD 金叉 (空頭區),None,0.0,0.42,0.2857,0.2857,0.2026,14,380,-0.0088,29.17,28.91,28.66,28.88,2026-07-27,3,False
ASND,Health Care,Biotechnology,KDJ,KDJ 金叉,None,0.0,0.5525,0.2852,,0.2852,0,1536,0.0022,254.44,255.0,255.56,251.9,2026-07-28,3,False
BMRN,Health Care,Biotechnology,KDJ,KDJ 金叉,None,0.0,0.5525,0.2852,,0.2852,0,1536,0.0022,60.27,60.4,60.54,59.67,2026-07-27,3,False
BTSG,Health Care,Health Information Services,KDJ,KDJ 金叉,None,0.0,0.5525,0.2852,,0.2852,0,1536,0.0022,72.91,73.07,73.23,72.18,2026-07-24,3,False
EHC,Health Care,Medical Care Facilities,KDJ,KDJ 金叉,None,0.0,0.5525,0.2852,,0.2852,0,1536,0.0022,116.03,116.29,116.54,114.87,2026-07-28,3,False
EXEL,Health Care,Biotechnology,KDJ,KDJ 金叉,None,0.0,0.5525,0.2852,,0.2852,0,1536,0.0022,55.81,55.93,56.06,55.25,2026-07-27,3,False
MDGL,Health Care,Biotechnology,KDJ,KDJ 金叉,None,0.0,0.5525,0.2852,,0.2852,0,1536,0.0022,544.51,545.71,546.91,539.06,2026-07-24,3,False
NBIX,Health Care,Drug Manufacturers - Specialty & Generic,KDJ,KDJ 金叉,None,0.0,0.5525,0.2852,,0.2852,0,1536,0.0022,175.77,176.16,176.54,174.01,2026-07-24,3,False
IEX,Industrials,Specialty Industrial Machinery,BB,價格在 BB 中軌上方,None,0.0,0.425,0.2852,0.2852,0.295,277,22337,0.0019,224.65,225.08,225.5,222.4,2026-07-28,3,False
AEG,Financials,Insurance - Diversified,BB,價格在 BB 中軌上方,None,0.0,0.425,0.2847,,0.2847,0,21689,0.0031,9.18,9.21,9.24,9.09,2026-07-28,3,False
ARCC,Financials,Asset Management,BB,價格在 BB 中軌上方,None,0.0,0.425,0.2847,,0.2847,0,21689,0.0031,19.04,19.1,19.16,18.85,2026-07-28,3,False
BBD,Financials,Banks - Regional,BB,價格在 BB 中軌上方,None,0.0,0.425,0.2847,,0.2847,0,21689,0.0031,3.62,3.63,3.64,3.58,2026-07-28,3,False
BNY,Financials,Banks - Diversified,BB,價格在 BB 中軌上方,None,0.0,0.425,0.2847,,0.2847,0,21689,0.0031,156.49,156.98,157.46,154.93,2026-07-28,3,False
CRBG,Financials,Asset Management,BB,價格在 BB 中軌上方,None,0.0,0.425,0.2847,,0.2847,0,21689,0.0031,31.73,31.83,31.93,31.41,2026-07-27,3,False
ITUB,Financials,Banks - Regional,BB,價格在 BB 中軌上方,None,0.0,0.425,0.2847,,0.2847,0,21689,0.0031,8.37,8.4,8.42,8.29,2026-07-27,3,False
KB,Financials,Banks - Regional,BB,價格在 BB 中軌上方,None,0.0,0.425,0.2847,,0.2847,0,21689,0.0031,118.22,118.59,118.95,117.04,2026-07-27,3,False
NU,Financials,Banks - Regional,BB,價格在 BB 中軌上方,None,0.0,0.425,0.2847,,0.2847,0,21689,0.0031,14.68,14.73,14.77,14.53,2026-07-28,3,False
UBS,Financials,Banks - Diversified,BB,價格在 BB 中軌上方,None,0.0,0.425,0.2847,,0.2847,0,21689,0.0031,52.03,52.19,52.35,51.51,2026-07-28,3,False
VLYPO,Financials,Banks - Regional,BB,價格在 BB 中軌上方,None,0.0,0.425,0.2847,,0.2847,0,21689,0.0031,24.94,25.02,25.09,24.69,2026-07-24,3,False
VLYPP,Financials,Banks - Regional,BB,價格在 BB 中軌上方,None,0.0,0.425,0.2847,,0.2847,0,21689,0.0031,25.05,25.13,25.21,24.8,2026-07-27,3,False
WTFC,Financials,Banks - Regional,BB,價格在 BB 中軌上方,None,0.0,0.425,0.2847,,0.2847,0,21689,0.0031,161.08,161.58,162.08,159.47,2026-07-28,3,False
ZION,Financials,Banks - Regional,BB,價格在 BB 中軌上方,None,0.0,0.425,0.2847,,0.2847,0,21689,0.0031,69.52,69.74,69.95,68.82,2026-07-28,3,False
GEV,Industrials,Specialty Industrial Machinery,BB,BB 跌破下軌 (超賣),None,0.0,0.45499999999999996,0.2838,,0.2838,0,1258,0.0043,943.38,947.44,951.49,933.95,2026-07-28,3,False
IESC,Industrials,Engineering & Construction,BB,BB 跌破下軌 (超賣),None,0.0,0.45499999999999996,0.2838,,0.2838,0,1258,0.0043,543.49,545.83,548.16,538.06,2026-07-28,3,False
NVT,Industrials,Electrical Equipment & Parts,BB,BB 跌破下軌 (超賣),None,0.0,0.45499999999999996,0.2838,,0.2838,0,1258,0.0043,141.75,142.36,142.97,140.33,2026-07-28,3,False
POWL,Industrials,Electrical Equipment & Parts,BB,BB 跌破下軌 (超賣),None,0.0,0.45499999999999996,0.2838,,0.2838,0,1258,0.0043,201.0,201.86,202.73,198.99,2026-07-28,3,False
ICE,Financials,Financial Data & Stock Exchanges,RSI,RSI 動能加速（強勢區）,None,0.0,0.51,0.2826,0.2826,0.279,46,3129,0.0064,152.72,153.7,154.67,151.19,2026-07-28,3,False
O,Real Estate,REIT - Retail,RSI,RSI 動能加速（強勢區）,None,0.0,0.51,0.2826,0.2826,0.2452,46,1093,0.0085,65.6,66.16,66.72,64.94,2026-07-24,3,False
WFC,Financials,Banks - Diversified,RSI,RSI 維持強勢 (50-70),None,0.0,0.51,0.2819,0.2819,0.2842,259,19108,-0.0017,86.87,86.72,86.57,86.0,2026-07-28,3,False
AGNCL,Real Estate,REIT - Mortgage,KDJ,KDJ 金叉,None,0.0,0.5525,0.2818,,0.2818,0,550,0.0003,24.96,24.97,24.97,24.71,2026-07-27,3,False
AGNCP,Real Estate,REIT - Mortgage,KDJ,KDJ 金叉,None,0.0,0.5525,0.2818,,0.2818,0,550,0.0003,25.05,25.06,25.07,24.8,2026-07-28,3,False
BPYPO,Real Estate,Real Estate Services,KDJ,KDJ 金叉,None,0.0,0.5525,0.2818,,0.2818,0,550,0.0003,15.3,15.3,15.31,15.15,2026-07-28,3,False
ELS,Real Estate,REIT - Residential,KDJ,KDJ 金叉,None,0.0,0.5525,0.2818,,0.2818,0,550,0.0003,66.02,66.04,66.06,65.36,2026-07-28,3,False
GLPI,Real Estate,REIT - Specialty,KDJ,KDJ 金叉,None,0.0,0.5525,0.2818,,0.2818,0,550,0.0003,45.17,45.18,45.2,44.72,2026-07-24,3,False
JLL,Real Estate,Real Estate Services,KDJ,KDJ 金叉,None,0.0,0.5525,0.2818,,0.2818,0,550,0.0003,333.15,333.25,333.35,329.82,2026-07-27,3,False
LINE,Real Estate,REIT - Industrial,KDJ,KDJ 金叉,None,0.0,0.5525,0.2818,,0.2818,0,550,0.0003,42.55,42.56,42.58,42.12,2026-07-27,3,False
ACGL,Financials,Insurance - Diversified,BB,價格在 BB 中軌上方,None,0.0,0.425,0.2817,0.2817,0.2847,252,21689,0.0007,106.48,106.55,106.63,105.42,2026-07-28,3,False
ALLE,Industrials,Security & Protection Services,RSI,RSI 維持強勢 (50-70),None,0.0,0.51,0.2814,0.2814,0.2986,199,19157,0.0036,161.23,161.81,162.39,159.62,2026-07-28,3,False
ALC,Health Care,Medical Instruments & Supplies,BB,價格在 BB 中軌上方,None,0.0,0.425,0.2804,,0.2804,0,14417,0.0008,69.11,69.17,69.22,68.42,2026-07-28,3,False
ARGX,Health Care,Biotechnology,BB,價格在 BB 中軌上方,None,0.0,0.425,0.2804,,0.2804,0,14417,0.0008,872.23,872.93,873.63,863.51,2026-07-28,3,False
ARWR,Health Care,Biotechnology,BB,價格在 BB 中軌上方,None,0.0,0.425,0.2804,,0.2804,0,14417,0.0008,85.78,85.85,85.92,84.92,2026-07-28,3,False
AXSM,Health Care,Biotechnology,BB,價格在 BB 中軌上方,None,0.0,0.425,0.2804,,0.2804,0,14417,0.0008,234.2,234.39,234.57,231.86,2026-07-28,3,False
BBIO,Health Care,Biotechnology,BB,價格在 BB 中軌上方,None,0.0,0.425,0.2804,,0.2804,0,14417,0.0008,85.55,85.62,85.69,84.69,2026-07-28,3,False
BTSGU,Health Care,Health Information Services,BB,價格在 BB 中軌上方,None,0.0,0.425,0.2804,,0.2804,0,14417,0.0008,238.295,238.49,238.68,235.91,2026-07-28,3,False
ELAN,Health Care,Drug Manufacturers - Specialty & Generic,BB,價格在 BB 中軌上方,None,0.0,0.425,0.2804,,0.2804,0,14417,0.0008,25.52,25.54,25.56,25.26,2026-07-28,3,False
GMAB,Health Care,Biotechnology,BB,價格在 BB 中軌上方,None,0.0,0.425,0.2804,,0.2804,0,14417,0.0008,29.0,29.02,29.05,28.71,2026-07-28,3,False
ILMN,Health Care,Diagnostics & Research,BB,價格在 BB 中軌上方,None,0.0,0.425,0.2804,,0.2804,0,14417,0.0008,192.98,193.13,193.29,191.05,2026-07-28,3,False
JAZZ,Health Care,Biotechnology,BB,價格在 BB 中軌上方,None,0.0,0.425,0.2804,,0.2804,0,14417,0.0008,256.92,257.13,257.33,254.35,2026-07-28,3,False
NVS,Health Care,Drug Manufacturers - General,BB,價格在 BB 中軌上方,None,0.0,0.425,0.2804,,0.2804,0,14417,0.0008,156.11,156.23,156.36,154.55,2026-07-27,3,False
ONC,Health Care,Biotechnology,BB,價格在 BB 中軌上方,None,0.0,0.425,0.2804,,0.2804,0,14417,0.0008,325.9,326.16,326.42,322.64,2026-07-27,3,False
RPRX,Health Care,Biotechnology,BB,價格在 BB 中軌上方,None,0.0,0.425,0.2804,,0.2804,0,14417,0.0008,58.73,58.78,58.82,58.14,2026-07-27,3,False
RVMD,Health Care,Biotechnology,BB,價格在 BB 中軌上方,None,0.0,0.425,0.2804,,0.2804,0,14417,0.0008,188.07,188.22,188.37,186.19,2026-07-27,3,False
IONS,Health Care,Biotechnology,RSI,RSI 加速上升,None,0.0,0.5525,0.2803,,0.2803,0,8492,-0.0001,55.3,55.29,55.29,54.75,2026-07-28,3,False
TEVA,Health Care,Drug Manufacturers - Specialty & Generic,RSI,RSI 加速上升,None,0.0,0.5525,0.2803,,0.2803,0,8492,-0.0001,31.67,31.67,31.66,31.35,2026-07-28,3,False
SNA,Industrials,Tools & Accessories,KDJ,KDJ 金叉,None,0.0,0.5525,0.28,0.28,0.3223,25,2110,0.0062,407.42,409.95,412.47,403.35,2026-07-27,3,False
NTRA,Health Care,Diagnostics & Research,RSI,RSI 維持強勢 (50-70),None,0.0,0.51,0.2772,,0.2772,0,12123,0.0009,261.99,262.23,262.46,259.37,2026-07-24,3,False
ROIV,Health Care,Biotechnology,RSI,RSI 維持強勢 (50-70),None,0.0,0.51,0.2772,,0.2772,0,12123,0.0009,34.72,34.75,34.78,34.37,2026-07-27,3,False
CPT,Real Estate,REIT - Residential,BB,價格在 BB 中軌上方,None,0.0,0.425,0.2771,0.2771,0.248,249,8032,0.0026,115.04,115.34,115.64,113.89,2026-07-28,3,False
LHX,Industrials,Aerospace & Defense,BB,BB 中軌向上（上升趨勢）,None,0.0,0.51,0.2763,0.2763,0.2929,228,17460,0.0039,305.2,306.39,307.58,302.15,2026-07-28,3,False
ROP,Information Technology,Software - Application,KDJ,KDJ 金叉,None,0.0,0.5525,0.2759,0.2759,0.3918,29,1955,-0.001,367.34,366.97,366.61,363.67,2026-07-24,3,False
PSA,Real Estate,REIT - Industrial,RSI,RSI 動能加速（強勢區）,None,0.0,0.51,0.2759,0.2759,0.2452,29,1093,-0.0005,330.47,330.3,330.14,327.17,2026-07-28,3,False
KR,Consumer Staples,Grocery Stores,RSI,RSI 上穿 50 中性線,None,0.0,0.4675,0.2759,0.2759,0.2565,29,928,0.0071,59.19,59.61,60.03,58.6,2026-07-28,3,False
MOH,Health Care,Healthcare Plans,BB,BB 跌破下軌 (超賣),None,0.0,0.45499999999999996,0.2752,,0.2752,0,974,-0.0017,199.48,199.14,198.8,197.49,2026-07-27,3,False
SMMT,Health Care,Biotechnology,BB,BB 跌破下軌 (超賣),None,0.0,0.45499999999999996,0.2752,,0.2752,0,974,-0.0017,12.55,12.53,12.51,12.42,2026-07-28,3,False
TEM,Health Care,Health Information Services,BB,BB 跌破下軌 (超賣),None,0.0,0.45499999999999996,0.2752,,0.2752,0,974,-0.0017,42.69,42.62,42.54,42.26,2026-07-24,3,False
DD,Materials,Specialty Chemicals,BB,BB 中軌向上（上升趨勢）,None,0.0,0.51,0.2742,0.2742,0.2853,248,5036,0.0042,140.77,141.36,141.95,139.36,2026-07-28,3,False
COR,Health Care,Medical Distribution,BB,價格在 BB 中軌上方,None,0.0,0.425,0.2738,0.2738,0.2804,347,14417,0.0038,311.15,312.33,313.51,308.04,2026-07-27,3,False
EBAY,Consumer Discretionary,Internet Retail,BB,價格在 BB 中軌上方,None,0.0,0.425,0.273,0.273,0.2984,304,12430,-0.0004,117.44,117.39,117.35,116.27,2026-07-28,3,False
VZ,Communication Services,Telecom Services,RSI,RSI 動能加速（強勢區）,None,0.0,0.51,0.2727,0.2727,0.3135,33,772,0.0033,47.32,47.48,47.63,46.85,2026-07-27,3,False
OTIS,Industrials,Specialty Industrial Machinery,RSI,RSI 上穿 50 中性線,None,0.0,0.4675,0.2727,0.2727,0.304,33,1816,-0.0059,73.19,72.76,72.33,72.46,2026-07-27,3,False
GH,Health Care,Diagnostics & Research,BB,BB 中軌向上（上升趨勢）,None,0.0,0.51,0.2705,,0.2705,0,10885,0.0002,143.62,143.65,143.68,142.18,2026-07-28,3,False
INSM,Health Care,Biotechnology,BB,BB 中軌向上（上升趨勢）,None,0.0,0.51,0.2705,,0.2705,0,10885,0.0002,104.13,104.15,104.17,103.09,2026-07-28,3,False
DOW,Materials,Chemicals,BB,BB 中軌向上（上升趨勢）,None,0.0,0.51,0.2704,0.2704,0.2853,196,5036,-0.0046,28.85,28.72,28.58,28.56,2026-07-28,3,False
KIM,Real Estate,REIT - Retail,RSI,RSI 動能加速（強勢區）,None,0.0,0.51,0.2703,0.2703,0.2452,37,1093,0.0018,26.38,26.43,26.47,26.12,2026-07-27,3,False
VTR,Real Estate,REIT - Healthcare Facilities,RSI,RSI 維持強勢 (50-70),None,0.0,0.51,0.2698,0.2698,0.2509,252,7011,0.0029,98.14,98.42,98.71,97.16,2026-07-28,3,False
AFL,Financials,Insurance - Life,KDJ,KDJ 金叉,None,0.0,0.5525,0.2692,0.2692,0.3142,26,1932,0.0022,125.6,125.88,126.15,124.34,2026-07-24,3,False
SYY,Consumer Staples,Food Distribution,BB,BB 中軌向上（上升趨勢）,None,0.0,0.51,0.269,0.269,0.2466,171,6128,0.0069,85.2,85.79,86.38,84.35,2026-07-28,3,False
CVX,Energy,Oil & Gas Integrated,BB,價格在 BB 中軌上方,None,0.0,0.425,0.2687,0.2687,0.2998,320,5768,-0.0012,187.58,187.35,187.13,185.7,2026-07-28,3,False
PS,Financials,Asset Management,BB,BB 中軌向上（上升趨勢）,None,0.0,0.51,0.2681,,0.2681,0,16575,0.0026,33.86,33.95,34.04,33.52,2026-07-28,3,False
EXPD,Industrials,Integrated Freight & Logistics,BB,BB 中軌向上（上升趨勢）,None,0.0,0.51,0.2673,0.2673,0.2929,202,17460,0.003,171.42,171.93,172.45,169.71,2026-07-28,3,False
OKE,Energy,Oil & Gas Midstream,RSI,RSI 維持強勢 (50-70),None,0.0,0.51,0.2658,0.2658,0.2963,237,4891,-0.0041,93.16,92.78,92.4,92.23,2026-07-24,3,False
TMUS,Communication Services,Telecom Services,BB,BB 中軌向上（上升趨勢）,None,0.0,0.51,0.2655,0.2655,0.2943,177,4771,0.0041,180.09,180.83,181.57,178.29,2026-07-24,3,False
OHI,Real Estate,REIT - Healthcare Facilities,BB,BB 中軌向上（上升趨勢）,None,0.0,0.51,0.2647,,0.2647,0,5713,0.0025,51.64,51.77,51.9,51.12,2026-07-28,3,False
WPC,Real Estate,REIT - Diversified,BB,BB 中軌向上（上升趨勢）,None,0.0,0.51,0.2647,,0.2647,0,5713,0.0025,75.61,75.8,75.99,74.85,2026-07-28,3,False
SJM,Consumer Staples,Packaged Foods,BB,BB 中軌向上（上升趨勢）,None,0.0,0.51,0.2645,0.2645,0.2466,121,6128,0.006,123.04,123.78,124.52,121.81,2026-07-28,3,False
AMGN,Health Care,Drug Manufacturers - General,RSI,RSI 維持強勢 (50-70),None,0.0,0.51,0.2639,0.2639,0.2772,216,12123,0.0032,393.1,394.36,395.62,389.17,2026-07-28,3,False
EXC,Utilities,Utilities - Regulated Electric,RSI,RSI 加速上升,None,0.0,0.5525,0.2632,0.2632,0.2565,133,4905,0.0045,47.31,47.52,47.74,46.84,2026-07-28,3,False
T,Communication Services,Telecom Services,RSI,RSI 加速上升,None,0.0,0.5525,0.2625,0.2625,0.3116,160,3322,-0.0002,24.66,24.66,24.65,24.41,2026-07-28,3,False
NSC,Industrials,Railroads,BB,價格在 BB 中軌上方,None,0.0,0.425,0.2612,0.2612,0.295,245,22337,0.0038,338.84,340.13,341.42,335.45,2026-07-28,3,False
VLTO,Industrials,Pollution & Treatment Controls,MACD,MACD 金叉 (多頭區),Consolidation Breakout,0.85,1.0,0.2611,,0.2611,0,203,0.0036,98.47,98.82,99.18,97.49,2026-07-28,3,False
FRT,Real Estate,REIT - Retail,RSI,RSI 動能加速（強勢區）,None,0.0,0.51,0.2609,0.2609,0.2452,46,1093,-0.001,127.13,127.0,126.88,125.86,2026-07-27,3,False
HRL,Consumer Staples,Packaged Foods,RSI,RSI 加速上升,None,0.0,0.5525,0.2606,0.2606,0.2439,165,5343,0.0005,26.05,26.06,26.08,25.79,2026-07-27,3,False
DGX,Health Care,Diagnostics & Research,RSI,RSI 加速上升,None,0.0,0.5525,0.259,0.259,0.2803,139,8492,0.0023,235.94,236.48,237.03,233.58,2026-07-28,3,False
BEP,Utilities,Utilities - Renewable,RSI,RSI 加速上升,None,0.0,0.5525,0.2565,,0.2565,0,4905,0.0041,33.12,33.26,33.39,32.79,2026-07-24,3,False
KEP,Utilities,Utilities - Regulated Electric,RSI,RSI 加速上升,None,0.0,0.5525,0.2565,,0.2565,0,4905,0.0041,12.21,12.26,12.31,12.09,2026-07-27,3,False
OGE,Utilities,Utilities - Regulated Electric,RSI,RSI 加速上升,None,0.0,0.5525,0.2565,,0.2565,0,4905,0.0041,49.3,49.5,49.7,48.81,2026-07-28,3,False
PPLC,Utilities,Utilities - Regulated Electric,RSI,RSI 加速上升,None,0.0,0.5525,0.2565,,0.2565,0,4905,0.0041,48.74,48.94,49.14,48.25,2026-07-28,3,False
SOMN,Utilities,Utilities - Regulated Electric,RSI,RSI 加速上升,None,0.0,0.5525,0.2565,,0.2565,0,4905,0.0041,50.32,50.53,50.73,49.82,2026-07-28,3,False
BTI,Consumer Staples,Tobacco,RSI,RSI 上穿 50 中性線,None,0.0,0.4675,0.2565,,0.2565,0,928,0.0005,62.3,62.33,62.36,61.68,2026-07-28,3,False
BUD,Consumer Staples,Beverages - Brewers,RSI,RSI 上穿 50 中性線,None,0.0,0.4675,0.2565,,0.2565,0,928,0.0005,83.2,83.24,83.28,82.37,2026-07-28,3,False
COKE,Consumer Staples,Beverages - Non-Alcoholic,RSI,RSI 上穿 50 中性線,None,0.0,0.4675,0.2565,,0.2565,0,928,0.0005,184.7,184.79,184.88,182.85,2026-07-24,3,False
CPB,Consumer Staples,Packaged Foods,RSI,RSI 上穿 50 中性線,None,0.0,0.4675,0.2565,,0.2565,0,928,0.0005,22.37,22.38,22.39,22.15,2026-07-27,3,False
DEO,Consumer Staples,Beverages - Wineries & Distilleries,RSI,RSI 上穿 50 中性線,None,0.0,0.4675,0.2565,,0.2565,0,928,0.0005,83.08,83.12,83.16,82.25,2026-07-24,3,False
FMX,Consumer Staples,Beverages - Brewers,RSI,RSI 上穿 50 中性線,None,0.0,0.4675,0.2565,,0.2565,0,928,0.0005,132.15,132.22,132.28,130.83,2026-07-27,3,False
MICC,Consumer Staples,Packaged Foods,RSI,RSI 上穿 50 中性線,None,0.0,0.4675,0.2565,,0.2565,0,928,0.0005,18.04,18.05,18.06,17.86,2026-07-27,3,False
USFD,Consumer Staples,Food Distribution,RSI,RSI 上穿 50 中性線,None,0.0,0.4675,0.2565,,0.2565,0,928,0.0005,97.17,97.22,97.27,96.2,2026-07-24,3,False
CL,Consumer Staples,Household & Personal Products,RSI,RSI 加速上升,None,0.0,0.5525,0.2564,0.2564,0.2439,156,5343,0.0014,92.73,92.86,92.99,91.8,2026-07-28,3,False
XOM,Energy,Oil & Gas Integrated,BB,BB 中軌向上（上升趨勢）,None,0.0,0.51,0.256,0.256,0.2962,207,4484,-0.0043,153.04,152.38,151.72,151.51,2026-07-28,3,False
APD,Materials,Specialty Chemicals,BB,BB 中軌向上（上升趨勢）,None,0.0,0.51,0.2556,0.2556,0.2853,180,5036,-0.0037,292.85,291.77,290.68,289.92,2026-07-28,3,False
CCEP,Consumer Staples,Beverages - Non-Alcoholic,MACD,MACD 金叉 (多頭區),None,0.0,0.68,0.2554,,0.2554,0,184,-0.0001,111.45,111.44,111.43,110.34,2026-07-28,3,False
CLX,Consumer Staples,Household & Personal Products,MACD,MACD 金叉 (多頭區),None,0.0,0.68,0.2554,,0.2554,0,184,-0.0001,100.32,100.31,100.3,99.32,2026-07-28,3,False
HON,Industrials,Conglomerates,BB,BB 中軌向上（上升趨勢）,None,0.0,0.51,0.2552,0.2552,0.2929,192,17460,-0.0004,247.05,246.95,246.85,244.58,2026-07-28,3,False
SNX,Information Technology,Electronics & Computer Distribution,RSI,RSI 加速上升,Bullish Engulfing,0.75,1.0,0.2549,,0.2549,0,51,0.0114,244.89,247.68,250.47,242.44,2026-07-27,3,False
ETR,Utilities,Utilities - Regulated Electric,BB,價格在 BB 中軌上方,None,0.0,0.425,0.2548,0.2548,0.246,361,9864,0.0037,115.95,116.38,116.81,114.79,2026-07-24,3,False
ENLT,Utilities,Utilities - Renewable,RSI,RSI 上穿 50 中性線,None,0.0,0.4675,0.2521,,0.2521,0,932,0.0052,91.33,91.8,92.28,90.42,2026-07-27,3,False
DTE,Utilities,Utilities - Regulated Electric,RSI,RSI 維持強勢 (50-70),None,0.0,0.51,0.252,0.252,0.2471,250,8831,0.0035,149.46,149.98,150.51,147.97,2026-07-24,3,False
AMZN,Consumer Discretionary,Internet Retail,BB,BB 中軌向上（上升趨勢）,None,0.0,0.51,0.2511,0.2511,0.2908,235,9757,-0.0037,232.11,231.25,230.39,229.79,2026-07-24,3,False
DUK,Utilities,Utilities - Regulated Electric,BB,BB 中軌向上（上升趨勢）,None,0.0,0.51,0.251,0.251,0.249,239,7232,0.0011,130.52,130.66,130.81,129.21,2026-07-24,3,False
AGNCM,Real Estate,REIT - Mortgage,RSI,RSI 維持強勢 (50-70),None,0.0,0.51,0.2509,,0.2509,0,7011,0.0007,24.9702,24.99,25.01,24.72,2026-07-28,3,False
AGNCN,Real Estate,REIT - Mortgage,RSI,RSI 維持強勢 (50-70),None,0.0,0.51,0.2509,,0.2509,0,7011,0.0007,25.62,25.64,25.66,25.36,2026-07-28,3,False
AGNCO,Real Estate,REIT - Mortgage,RSI,RSI 維持強勢 (50-70),None,0.0,0.51,0.2509,,0.2509,0,7011,0.0007,25.38,25.4,25.42,25.13,2026-07-28,3,False
AGNCZ,Real Estate,REIT - Mortgage,RSI,RSI 維持強勢 (50-70),None,0.0,0.51,0.2509,,0.2509,0,7011,0.0007,25.29,25.31,25.33,25.04,2026-07-28,3,False
AMH,Real Estate,REIT - Residential,RSI,RSI 維持強勢 (50-70),None,0.0,0.51,0.2509,,0.2509,0,7011,0.0007,33.78,33.8,33.83,33.44,2026-07-28,3,False
BPYPN,Real Estate,Real Estate Services,RSI,RSI 維持強勢 (50-70),None,0.0,0.51,0.2509,,0.2509,0,7011,0.0007,13.89,13.9,13.91,13.75,2026-07-28,3,False
EDU,Consumer Staples,Education & Training Services,KDJ,KDJ 金叉,None,0.0,0.5525,0.2503,,0.2503,0,779,-0.0014,49.91,49.84,49.77,49.41,2026-07-27,3,False
PFGC,Consumer Staples,Food Distribution,KDJ,KDJ 金叉,None,0.0,0.5525,0.2503,,0.2503,0,779,-0.0014,111.49,111.33,111.18,110.38,2026-07-24,3,False
MA,Financials,Credit Services,RSI,RSI 維持強勢 (50-70),None,0.0,0.51,0.25,0.25,0.2842,288,19108,0.0014,551.71,552.48,553.25,546.19,2026-07-27,3,False
PCG,Utilities,Utilities - Regulated Electric,BB,BB 中軌向上（上升趨勢）,None,0.0,0.51,0.25,0.25,0.249,168,7232,0.001,17.78,17.8,17.82,17.6,2026-07-28,3,False
PGR,Financials,Insurance - Property & Casualty,RSI,RSI 動能加速（強勢區）,None,0.0,0.51,0.25,0.25,0.279,36,3129,0.0041,219.52,220.42,221.32,217.32,2026-07-28,3,False
WST,Health Care,Medical Instruments & Supplies,RSI,RSI 維持強勢 (50-70),None,0.0,0.51,0.25,0.25,0.3606,8,502,-0.0104,328.2,324.79,321.37,324.92,2026-07-24,3,True
MCO,Financials,Financial Data & Stock Exchanges,RSI,RSI 上穿 50 中性線,None,0.0,0.4675,0.25,0.25,0.3091,24,1899,-0.0019,485.96,485.04,484.11,481.1,2026-07-27,3,False
ADM,Consumer Staples,Farm Products,RSI,RSI 維持強勢 (50-70),None,0.0,0.51,0.2455,0.2455,0.2452,224,7574,-0.0043,83.18,82.82,82.46,82.35,2026-07-28,3,False
ABEV,Consumer Staples,Beverages - Brewers,RSI,RSI 維持強勢 (50-70),None,0.0,0.51,0.2452,,0.2452,0,7574,-0.0002,3.13,3.13,3.13,3.1,2026-07-28,3,False
D,Utilities,Utilities - Regulated Electric,BB,BB 中軌向上（上升趨勢）,None,0.0,0.51,0.2449,0.2449,0.249,196,7232,0.0034,70.62,70.86,71.1,69.91,2026-07-28,3,False
AMT,Real Estate,REIT - Specialty,RSI,RSI 維持強勢 (50-70),None,0.0,0.51,0.2419,0.2419,0.2509,186,7011,-0.0,171.5,171.5,171.5,169.78,2026-07-28,3,False
AVB,Real Estate,REIT - Residential,BB,BB 中軌向上（上升趨勢）,None,0.0,0.51,0.2418,0.2418,0.2647,182,5713,0.0027,189.61,190.12,190.63,187.71,2026-07-24,3,False
LH,Health Care,Diagnostics & Research,BB,價格在 BB 中軌上方,None,0.0,0.425,0.2387,0.2387,0.2804,222,14417,0.0,301.17,301.17,301.17,298.16,2026-07-27,3,False
BN,Financials,Asset Management,KDJ,KDJ 金叉,Bullish Engulfing,0.75,1.0,0.2361,,0.2361,0,72,-0.0075,42.37,42.05,41.73,41.95,2026-07-28,3,False
ABT,Health Care,Medical Devices,BB,價格在 BB 中軌上方,None,0.0,0.425,0.2353,0.2353,0.2804,221,14417,-0.0011,107.27,107.15,107.03,106.2,2026-07-28,3,False
WEC,Utilities,Utilities - Regulated Electric,BB,價格在 BB 中軌上方,None,0.0,0.425,0.2348,0.2348,0.246,264,9864,0.0012,115.77,115.91,116.05,114.61,2026-07-24,3,False
SO,Utilities,Utilities - Regulated Electric,RSI,RSI 維持強勢 (50-70),None,0.0,0.51,0.2335,0.2335,0.2471,257,8831,0.0035,96.78,97.12,97.46,95.81,2026-07-28,3,False
CTVA,Materials,Agricultural Inputs,BB,價格在 BB 中軌上方,None,0.0,0.425,0.2311,0.2311,0.2859,238,6697,-0.0041,88.95,88.59,88.22,88.06,2026-07-28,3,False
GLW,Information Technology,Electronic Components,KDJ,KDJ 超賣區金叉,None,0.0,0.5599999999999999,0.2308,,0.2308,0,26,-0.0426,126.01,120.64,115.27,124.75,2026-07-28,3,True
ED,Utilities,Utilities - Regulated Electric,BB,BB 中軌向上（上升趨勢）,None,0.0,0.51,0.2308,0.2308,0.249,182,7232,0.002,113.01,113.24,113.46,111.88,2026-07-24,3,False
CCI,Real Estate,REIT - Specialty,MACD,MACD 金叉 (空頭區),None,0.0,0.42,0.2308,0.2308,0.2026,13,380,0.0024,75.75,75.93,76.11,74.99,2026-07-28,3,False
CMS,Utilities,Utilities - Regulated Electric,RSI,RSI 維持強勢 (50-70),None,0.0,0.51,0.2305,0.2305,0.2471,256,8831,0.0032,74.7,74.94,75.18,73.95,2026-07-24,3,False
TRV,Financials,Insurance - Property & Casualty,RSI,RSI 加速上升,None,0.0,0.5525,0.2297,0.2297,0.3014,148,11488,0.0016,397.22,397.86,398.49,393.25,2026-07-28,3,False
INVH,Real Estate,REIT - Residential,BB,BB 中軌向上（上升趨勢）,None,0.0,0.51,0.2295,0.2295,0.2647,122,5713,0.0013,29.78,29.82,29.86,29.48,2026-07-24,3,False
EVRG,Utilities,Utilities - Regulated Electric,BB,價格在 BB 中軌上方,None,0.0,0.425,0.227,0.227,0.246,326,9864,0.0026,87.18,87.41,87.63,86.31,2026-07-24,3,False
TJX,Consumer Discretionary,Apparel Retail,RSI,RSI 維持強勢 (50-70),None,0.0,0.51,0.2269,0.2269,0.2995,335,10441,0.0027,156.38,156.8,157.22,154.82,2026-07-27,3,False
CTAS,Industrials,Specialty Business Services,RSI,RSI 加速上升,None,0.0,0.5525,0.2252,0.2252,0.2981,151,11545,0.0035,214.9,215.65,216.4,212.75,2026-07-28,3,False
EQR,Real Estate,REIT - Residential,RSI,RSI 維持強勢 (50-70),None,0.0,0.51,0.2222,0.2222,0.2509,279,7011,0.0003,68.09,68.11,68.13,67.41,2026-07-28,3,False
SRE,Utilities,Utilities - Diversified,RSI,RSI 維持強勢 (50-70),None,0.0,0.51,0.2189,0.2189,0.2471,265,8831,-0.0028,92.98,92.72,92.46,92.05,2026-07-24,3,False
AME,Industrials,Specialty Industrial Machinery,BB,價格在 BB 中軌上方,None,0.0,0.425,0.2138,0.2138,0.295,318,22337,0.0033,241.43,242.23,243.02,239.02,2026-07-28,3,False
VICI,Real Estate,REIT - Diversified,RSI,RSI 維持強勢 (50-70),None,0.0,0.51,0.2126,0.2126,0.2509,207,7011,0.0012,27.1,27.13,27.17,26.83,2026-07-28,3,False
L,Financials,Insurance - Property & Casualty,RSI,RSI 加速上升,None,0.0,0.5525,0.2105,0.2105,0.3014,152,11488,0.0029,119.4,119.75,120.09,118.21,2026-07-28,3,False
TAP,Consumer Staples,Beverages - Brewers,RSI,RSI 動能加速（強勢區）,None,0.0,0.51,0.2105,0.2105,0.2456,19,1148,-0.0131,42.51,41.95,41.4,42.08,2026-07-28,3,False
FE,Utilities,Utilities - Regulated Electric,BB,BB 中軌向上（上升趨勢）,None,0.0,0.51,0.2083,0.2083,0.249,216,7232,0.0036,49.65,49.83,50.01,49.15,2026-07-28,3,False
WRB,Financials,Insurance - Property & Casualty,RSI,RSI 維持強勢 (50-70),None,0.0,0.51,0.2083,0.2083,0.2842,288,19108,0.0013,76.17,76.27,76.37,75.41,2026-07-28,3,False
ALL,Financials,Insurance - Property & Casualty,RSI,RSI 維持強勢 (50-70),None,0.0,0.51,0.208,0.208,0.2842,226,19108,-0.0006,272.42,272.26,272.09,269.7,2026-07-28,3,False
RSG,Industrials,Waste Management,RSI,RSI 維持強勢 (50-70),None,0.0,0.51,0.2077,0.2077,0.2986,260,19157,0.0022,216.63,217.11,217.58,214.46,2026-07-28,3,False
AON,Financials,Insurance Brokers,KDJ,KDJ 金叉,None,0.0,0.5525,0.2069,0.2069,0.3142,29,1932,0.003,381.26,382.4,383.55,377.45,2026-07-28,3,False
MCD,Consumer Discretionary,Restaurants,KDJ,KDJ 金叉,None,0.0,0.5525,0.2069,0.2069,0.3183,29,1244,-0.0017,270.67,270.21,269.75,267.96,2026-07-27,3,False
AEE,Utilities,Utilities - Regulated Electric,RSI,RSI 維持強勢 (50-70),None,0.0,0.51,0.2058,0.2058,0.2471,311,8831,-0.0002,112.51,112.49,112.46,111.38,2026-07-28,3,False
GIS,Consumer Staples,Packaged Foods,BB,BB 中軌向上（上升趨勢）,None,0.0,0.51,0.2043,0.2043,0.2466,93,6128,-0.0045,37.65,37.48,37.31,37.27,2026-07-28,3,False
MRK,Health Care,Drug Manufacturers - General,RSI,RSI 維持強勢 (50-70),None,0.0,0.51,0.2017,0.2017,0.2772,233,12123,-0.0043,131.82,131.25,130.69,130.5,2026-07-28,3,False
LYB,Materials,Specialty Chemicals,BB,BB 中軌向上（上升趨勢）,None,0.0,0.51,0.2011,0.2011,0.2853,179,5036,-0.0074,58.22,57.79,57.36,57.64,2026-07-28,3,False
ATO,Utilities,Utilities - Regulated Gas,KDJ,KDJ 金叉,None,0.0,0.5525,0.2,0.2,0.3001,20,713,0.0011,179.38,179.58,179.77,177.59,2026-07-28,3,False
STZ,Consumer Staples,Beverages - Brewers,MACD,MACD 金叉 (空頭區),None,0.0,0.42,0.2,0.2,0.241,15,473,-0.0028,132.02,131.65,131.28,130.7,2026-07-28,3,False
PEG,Utilities,Utilities - Regulated Electric,RSI,RSI 加速上升,None,0.0,0.5525,0.1974,0.1974,0.2565,152,4905,-0.0026,78.95,78.74,78.54,78.16,2026-07-28,3,False
NI,Utilities,Utilities - Regulated Gas,RSI,RSI 加速上升,None,0.0,0.5525,0.1951,0.1951,0.2565,164,4905,0.0019,46.68,46.77,46.86,46.21,2026-07-24,3,False
BDX,Health Care,Medical Instruments & Supplies,BB,BB 中軌向上（上升趨勢）,None,0.0,0.51,0.1948,0.1948,0.2705,154,10885,-0.0017,166.34,166.06,165.77,164.68,2026-07-28,3,False
SBUX,Consumer Discretionary,Restaurants,BB,BB 中軌向上（上升趨勢）,None,0.0,0.51,0.1918,0.1918,0.2908,146,9757,0.0008,103.25,103.33,103.42,102.22,2026-07-24,3,False
LIN,Materials,Specialty Chemicals,RSI,RSI 加速上升,None,0.0,0.5525,0.1748,0.1748,0.3048,143,3639,0.0005,511.18,511.44,511.69,506.07,2026-07-28,3,False
PG,Consumer Staples,Household & Personal Products,MACD,MACD 突破 0 軸,None,0.0,0.595,0.1667,0.1667,0.2408,12,299,0.002,148.88,149.18,149.48,147.39,2026-07-28,3,False
GD,Industrials,Aerospace & Defense,BB,價格在 BB 中軌上方,None,0.0,0.425,0.1616,0.1616,0.295,328,22337,0.0023,393.19,394.09,395.0,389.26,2026-07-28,3,False
FSLR,Information Technology,Solar,KDJ,KDJ 超賣區金叉,None,0.0,0.5599999999999999,0.0,0.0,0.3016,5,368,-0.029,205.83,199.86,193.89,203.77,2026-07-27,3,False
