symbol,sector,subsector,indicator,signal,pattern,pattern_conf,confidence,win_rate,win_rate_stock,win_rate_sector,stock_n,sector_n,avg_return,price,tp1_price,tp2_price,sl_price,date,tier,volume_confirmed
ARES,Financials,Asset Management,BB,BB 跌破下軌 (超賣),Bullish Engulfing,0.75,1.0,0.7059,,0.7059,0,34,0.0562,107.6,113.65,119.69,106.52,2026-06-29,1,False
LDOS,Information Technology,Information Technology Services,RSI,RSI 維持超賣,Bullish Engulfing,0.75,0.885,0.6944,,0.6944,0,36,0.0458,102.97,107.69,112.4,101.94,2026-06-30,1,False
USB,Financials,Banks - Regional,BB,價格在 BB 中軌上方,Consolidation Breakout,0.72,0.9791999999999998,0.6667,0.6667,0.2527,15,2461,0.0405,61.96,64.47,66.98,61.34,2026-07-01,1,False
CME,Financials,Financial Data & Stock Exchanges,RSI,RSI 維持超賣,Morning Star,0.8,0.9,0.6667,,0.6667,0,36,0.0373,220.83,229.07,237.3,218.62,2026-06-30,1,False
SSNC,Information Technology,Software - Application,BB,BB 跌破下軌 (超賣),Morning Star,0.8,1.0,0.6508,,0.6508,0,63,0.0393,62.05,64.49,66.93,61.43,2026-06-30,1,False
TCOM,Consumer Discretionary,Travel Services,RSI,RSI 維持超賣,Morning Star,0.8,0.9,0.6207,,0.6207,0,29,0.0302,39.84,41.04,42.25,39.44,2026-06-30,1,False
TECH,Health Care,Biotechnology,RSI,RSI 加速上升,None,0.0,0.5525,0.6364,0.6364,0.3667,11,559,0.0428,70.65,73.67,76.7,69.94,2026-06-30,2,True
TRGP,Energy,Oil & Gas Midstream,RSI,RSI 維持強勢 (50-70),None,0.0,0.51,0.6,0.6,0.411,10,146,0.0329,268.14,276.96,285.78,265.46,2026-06-30,2,True
DLTR,Consumer Staples,Discount Stores,RSI,RSI 維持強勢 (50-70),None,0.0,0.51,0.5556,0.5556,0.3092,9,262,0.0205,122.62,125.13,127.65,121.39,2026-06-29,2,True
JCI,Industrials,Building Products & Equipment,RSI,RSI 維持強勢 (50-70),None,0.0,0.51,0.5385,0.5385,0.3579,13,746,0.009,146.11,147.42,148.74,144.65,2026-06-30,2,True
WMB,Energy,Oil & Gas Midstream,BB,BB 中軌向上（上升趨勢）,None,0.0,0.51,0.5,0.5,0.386,10,171,0.0099,75.06,75.8,76.55,74.31,2026-06-29,2,True
SOJC,Unknown,Unknown,RSI,RSI 超賣區域 (30),None,0.0,0.5249999999999999,0.475,,0.475,0,40,0.0118,20.42,20.66,20.9,20.22,2026-06-30,2,True
NI,Utilities,Utilities - Regulated Gas,BB,BB 中軌向上（上升趨勢）,None,0.0,0.51,0.4667,0.4667,0.3562,15,365,-0.0009,47.55,47.51,47.46,47.07,2026-06-30,2,True
TW,Financials,Capital Markets,MACD,MACD 金叉 (空頭區),None,0.0,0.42,0.4667,,0.4667,0,30,0.003,99.66,99.96,100.26,98.66,2026-06-30,2,True
ALGM,Information Technology,Semiconductors,KDJ,KDJ 金叉,None,0.0,0.5525,0.4606,,0.4606,0,165,0.01,66.37,67.03,67.7,65.71,2026-06-29,2,True
CBOE,Financials,Financial Data & Stock Exchanges,RSI,RSI 維持超賣,Support,0.9,0.93,1.0,,1.0,0,8,0.0693,231.51,247.55,263.6,229.19,2026-06-29,3,False
ICE,Financials,Financial Data & Stock Exchanges,RSI,RSI 維持超賣,Support,0.9,0.93,1.0,,1.0,0,8,0.0693,122.91,131.43,139.95,121.68,2026-06-29,3,False
STLA,Consumer Discretionary,Auto Manufacturers,RSI,RSI 維持超賣,Support,0.9,0.93,1.0,,1.0,0,7,0.0602,5.57,5.91,6.24,5.51,2026-06-29,3,False
HAL,Energy,Oil & Gas Equipment & Services,RSI,RSI 維持超賣,None,0.0,0.385,1.0,1.0,0.6122,5,98,0.058,33.01,34.92,36.84,32.68,2026-07-01,3,False
COST,Consumer Staples,Discount Stores,BB,BB 跌破下軌 (超賣),Support,0.9,1.0,0.8393,,,0,0,0.067,924.67,986.62,1048.58,915.42,2026-07-01,3,False
WMT,Consumer Staples,Discount Stores,BB,BB 跌破下軌 (超賣),Support,0.9,1.0,0.8393,,,0,0,0.067,108.82,116.11,123.4,107.73,2026-07-01,3,False
APD,Materials,Specialty Chemicals,BB,價格在 BB 中軌上方,Morning Star,0.8,1.0,0.8,,0.8,0,5,0.0079,293.18,295.5,297.81,290.25,2026-06-30,3,True
FLEX,Information Technology,Electronic Components,KDJ,KDJ 金叉,Support,0.7,1.0,0.8,,,0,0,0.0149,159.56,161.94,164.31,157.96,2026-06-29,3,False
TER,Information Technology,Semiconductor Equipment & Materials,KDJ,KDJ 金叉,Support,0.7,1.0,0.8,,,0,0,0.0149,463.21,470.11,477.01,458.58,2026-06-29,3,False
CVX,Energy,Oil & Gas Integrated,RSI,RSI 維持超賣,Support,0.9,0.93,0.7805,,,0,0,0.0493,165.69,173.86,182.03,164.03,2026-07-01,3,False
BA,Industrials,Aerospace & Defense,MACD,MACD 金叉 (空頭區),None,0.0,0.42,0.75,0.75,0.3303,8,875,0.0343,226.49,234.26,242.03,224.23,2026-07-02,3,False
CIEN,Information Technology,Communication Equipment,RSI,RSI 上穿 50 中性線,None,0.0,0.4675,0.7222,0.7222,0.3785,18,1593,0.0476,490.56,513.91,537.26,485.65,2026-06-30,3,False
SNDK,Information Technology,Computer Hardware,RSI,RSI 動能加速（強勢區）,None,0.0,0.51,0.7059,0.7059,0.366,34,2885,0.1227,2273.73,2552.72,2831.7,2250.99,2026-06-30,3,False
ANET,Information Technology,Computer Hardware,RSI,RSI 上穿 50 中性線,None,0.0,0.4675,0.7059,0.7059,0.3785,17,1593,0.042,164.1,170.99,177.88,162.46,2026-06-29,3,False
SLB,Energy,Oil & Gas Equipment & Services,RSI,RSI 維持超賣,None,0.0,0.385,0.7,0.7,0.6122,10,98,0.0284,45.09,46.37,47.65,44.64,2026-07-01,3,False
CEG,Utilities,Utilities - Independent Power Producers,BB,BB 跌破下軌 (超賣),None,0.0,0.45499999999999996,0.6875,0.6875,0.4104,16,441,0.0269,236.5,242.86,249.22,234.13,2026-07-01,3,False
CVNA,Consumer Discretionary,Auto & Truck Dealerships,RSI,RSI 上穿 50 中性線,None,0.0,0.4675,0.6667,0.6667,0.3072,24,1123,0.0719,67.87,72.75,77.63,67.19,2026-07-01,3,False
META,Communication Services,Internet Content & Information,MACD,MACD 金叉 (空頭區),None,0.0,0.42,0.6364,0.6364,0.3254,11,252,0.0265,612.91,629.15,645.39,606.78,2026-07-01,3,False
GOOGL,Communication Services,Internet Content & Information,RSI,RSI 上穿 50 中性線,None,0.0,0.4675,0.625,0.625,0.3243,16,518,0.0093,366.46,369.87,373.28,362.8,2026-07-06,3,False
TXN,Information Technology,Semiconductors,KDJ,KDJ 金叉,None,0.0,0.5525,0.6154,0.6154,0.3918,13,1955,0.0201,303.5,309.6,315.7,300.46,2026-07-06,3,False
COIN,Financials,Financial Data & Stock Exchanges,MACD,MACD 金叉 (空頭區),None,0.0,0.42,0.6154,0.6154,0.3214,13,865,0.0606,159.24,168.89,178.54,157.65,2026-07-01,3,False
BP,Energy,Oil & Gas Integrated,RSI,RSI 維持超賣,None,0.0,0.385,0.6122,,0.6122,0,98,0.0203,36.15,36.88,37.62,35.79,2026-07-01,3,False
CNQ,Energy,Oil & Gas E&P,RSI,RSI 維持超賣,None,0.0,0.385,0.6122,,0.6122,0,98,0.0203,38.92,39.71,40.5,38.53,2026-07-01,3,False
E,Energy,Oil & Gas Integrated,RSI,RSI 維持超賣,None,0.0,0.385,0.6122,,0.6122,0,98,0.0203,45.57,46.5,47.42,45.11,2026-07-01,3,False
EQNR,Energy,Oil & Gas Integrated,RSI,RSI 維持超賣,None,0.0,0.385,0.6122,,0.6122,0,98,0.0203,31.18,31.81,32.45,30.87,2026-06-29,3,False
PBR,Energy,Oil & Gas Integrated,RSI,RSI 維持超賣,None,0.0,0.385,0.6122,,0.6122,0,98,0.0203,15.99,16.31,16.64,15.83,2026-07-01,3,False
SHEL,Energy,Oil & Gas Integrated,RSI,RSI 維持超賣,None,0.0,0.385,0.6122,,0.6122,0,98,0.0203,76.89,78.45,80.01,76.12,2026-06-29,3,False
SU,Energy,Oil & Gas Integrated,RSI,RSI 維持超賣,None,0.0,0.385,0.6122,,0.6122,0,98,0.0203,53.57,54.66,55.74,53.03,2026-07-01,3,False
TTE,Energy,Oil & Gas Integrated,RSI,RSI 維持超賣,None,0.0,0.385,0.6122,,0.6122,0,98,0.0203,74.8,76.32,77.84,74.05,2026-07-01,3,False
HUBB,Industrials,Electrical Equipment & Parts,BB,價格在 BB 中軌上方,Morning Star,0.8,0.924,0.6,0.6,0.4387,5,424,0.0141,523.2,530.58,537.95,517.97,2026-06-30,3,False
APH,Information Technology,Electronic Components,KDJ,KDJ 金叉,None,0.0,0.5525,0.6,0.6,0.3918,30,1955,0.0138,176.32,178.75,181.19,174.56,2026-06-30,3,False
COHR,Information Technology,Scientific & Technical Instruments,RSI,RSI 上穿 50 中性線,None,0.0,0.4675,0.5909,0.5909,0.3785,22,1593,0.0235,391.22,400.41,409.61,387.31,2026-06-29,3,False
BSX,Health Care,Medical Devices,RSI,RSI 維持超賣,None,0.0,0.385,0.5833,0.5833,0.3138,12,956,0.0185,43.06,43.86,44.65,42.63,2026-07-01,3,False
WDC,Information Technology,Computer Hardware,RSI,RSI 動能加速（強勢區）,None,0.0,0.51,0.5806,0.5806,0.366,62,2885,0.0319,651.88,672.67,693.47,645.36,2026-06-29,3,False
AMP,Financials,Asset Management,MACD,MACD 突破 0 軸,None,0.0,0.595,0.5714,0.5714,0.3301,7,618,0.0223,458.76,468.99,479.22,454.17,2026-06-30,3,False
UNP,Industrials,Railroads,MACD,MACD 突破 0 軸,None,0.0,0.595,0.5714,0.5714,0.2912,7,570,0.0211,272.7,278.45,284.21,269.97,2026-06-29,3,False
ORCL,Information Technology,Software - Infrastructure,RSI,RSI 維持超賣,None,0.0,0.385,0.5714,0.5714,0.3605,7,663,0.0263,140.27,143.96,147.65,138.87,2026-07-02,3,False
KKR,Financials,Asset Management,BB,BB 跌破下軌 (超賣),None,0.0,0.45499999999999996,0.5625,0.5625,0.3485,16,1277,0.0251,88.94,91.17,93.4,88.05,2026-06-29,3,False
Q,Information Technology,Semiconductor Equipment & Materials,BB,BB 中軌向上（上升趨勢）,None,0.0,0.51,0.561,0.561,0.3639,82,16781,0.0317,153.37,158.23,163.09,151.84,2026-07-01,3,False
INTC,Information Technology,Semiconductors,RSI,RSI 上穿 50 中性線,None,0.0,0.4675,0.5556,0.5556,0.3785,18,1593,0.0314,122.2,126.04,129.87,120.98,2026-07-06,3,False
AIG,Financials,Insurance - Diversified,MACD,MACD 突破 0 軸,None,0.0,0.595,0.5455,0.5455,0.3301,11,618,0.0068,76.59,77.11,77.63,75.82,2026-07-01,3,False
ROST,Consumer Discretionary,Apparel Retail,BB,BB 跌破下軌 (超賣),Bullish Engulfing,0.75,1.0,0.5429,,0.5429,0,35,0.0233,208.83,213.7,218.56,206.74,2026-06-29,3,False
OMC,Communication Services,Advertising Agencies,KDJ,KDJ 金叉,None,0.0,0.5525,0.5385,0.5385,0.3345,13,550,0.0108,76.11,76.93,77.75,75.35,2026-07-01,3,False
CRWD,Information Technology,Software - Infrastructure,RSI,RSI 加速上升,None,0.0,0.5525,0.5369,0.5369,0.3693,149,10688,0.0259,742.91,762.15,781.39,735.48,2026-06-29,3,False
DELL,Information Technology,Computer Hardware,KDJ,KDJ 金叉,None,0.0,0.5525,0.5263,0.5263,0.3918,38,1955,0.0391,431.46,448.33,465.2,427.15,2026-06-30,3,False
DDOG,Information Technology,Software - Application,RSI,RSI 動能加速（強勢區）,None,0.0,0.51,0.5263,0.5263,0.366,38,2885,0.0304,260.36,268.27,276.19,257.76,2026-06-30,3,False
AEIS,Industrials,Electrical Equipment & Parts,BB,BB 中軌向上（上升趨勢）,Morning Star,0.8,1.0,0.5233,,0.5233,0,407,0.0228,372.87,381.37,389.87,369.14,2026-06-30,3,False
FTAI,Industrials,Aerospace & Defense,BB,BB 中軌向上（上升趨勢）,Morning Star,0.8,1.0,0.5233,,0.5233,0,407,0.0228,270.53,276.7,282.87,267.82,2026-06-30,3,False
STRL,Industrials,Engineering & Construction,BB,BB 中軌向上（上升趨勢）,Morning Star,0.8,1.0,0.5233,,0.5233,0,407,0.0228,839.36,858.5,877.63,830.97,2026-06-30,3,False
GEV,Industrials,Specialty Industrial Machinery,BB,價格在 BB 中軌上方,None,0.0,0.425,0.5185,0.5185,0.295,297,22337,0.021,1134.35,1158.17,1181.99,1123.01,2026-07-01,3,False
BX,Financials,Asset Management,RSI,RSI 上穿 50 中性線,None,0.0,0.4675,0.5172,0.5172,0.3091,29,1899,0.0273,119.55,122.81,126.08,118.35,2026-07-01,3,False
LRCX,Information Technology,Semiconductor Equipment & Materials,KDJ,KDJ 金叉,None,0.0,0.5525,0.5161,0.5161,0.3918,31,1955,0.0344,410.91,425.05,439.18,406.8,2026-06-29,3,False
HOOD,Financials,Capital Markets,BB,BB 中軌向上（上升趨勢）,None,0.0,0.51,0.5123,0.5123,0.2681,324,16575,0.0235,108.65,111.2,113.76,107.56,2026-07-01,3,False
STX,Information Technology,Computer Hardware,BB,BB 中軌向上（上升趨勢）,None,0.0,0.51,0.5086,0.5086,0.3639,348,16781,0.0248,915.19,937.89,960.58,906.04,2026-07-01,3,False
FHN,Financials,Banks - Regional,RSI,RSI 加速上升,Support,0.8,1.0,0.5,,0.5,0,6,0.002,25.58,25.63,25.68,25.32,2026-06-29,3,False
NOC,Industrials,Aerospace & Defense,RSI,RSI 超賣區域 (30),Support,0.8,1.0,0.5,,,0,0,0.02,496.02,505.94,515.86,491.06,2026-06-29,3,False
PLTR,Information Technology,Software - Infrastructure,KDJ,KDJ 超賣區金叉,Bullish Engulfing,0.75,1.0,0.5,,0.5,0,12,0.027,115.7,118.82,121.95,114.54,2026-06-29,3,False
SCHW,Financials,Capital Markets,RSI,RSI 維持強勢 (50-70),Consolidation Breakout,0.74,1.0,0.5,0.5,0.2725,12,1479,-0.0127,95.78,94.56,93.35,94.82,2026-07-01,3,False
ARM,Information Technology,Semiconductors,RSI,RSI 上穿 50 中性線,Support,0.7,0.9570000000000001,0.5,,,0,0,0.02,343.58,350.45,357.32,340.14,2026-06-29,3,False
JBHT,Industrials,Integrated Freight & Logistics,MACD,MACD 金叉 (多頭區),None,0.0,0.68,0.5,0.5,0.2674,6,531,-0.004,290.07,288.91,287.75,287.17,2026-07-01,3,False
VEEV,Health Care,Health Information Services,MACD,MACD 突破 0 軸,None,0.0,0.595,0.5,0.5,0.3171,8,432,-0.006,177.47,176.41,175.34,175.7,2026-06-30,3,False
FOXA,Communication Services,Entertainment,KDJ,KDJ 超賣區金叉,None,0.0,0.5599999999999999,0.5,0.5,0.2339,6,171,0.0074,50.39,50.76,51.14,49.89,2026-06-29,3,False
RJF,Financials,Asset Management,KDJ,KDJ 金叉,None,0.0,0.5525,0.5,0.5,0.3142,24,1932,0.011,158.19,159.93,161.67,156.61,2026-07-01,3,False
SOLV,Health Care,Medical Instruments & Supplies,RSI,RSI 加速上升,None,0.0,0.5525,0.5,0.5,0.2803,74,8492,0.0161,78.35,79.61,80.87,77.57,2026-07-01,3,False
C,Financials,Banks - Diversified,RSI,RSI 動能加速（強勢區）,None,0.0,0.51,0.5,0.5,0.279,52,3129,0.0151,143.86,146.03,148.2,142.42,2026-07-06,3,False
EMR,Industrials,Specialty Industrial Machinery,RSI,RSI 上穿 50 中性線,None,0.0,0.4675,0.5,0.5,0.304,18,1816,0.0194,143.15,145.93,148.7,141.72,2026-06-30,3,False
BLK,Financials,Asset Management,BB,BB 跌破下軌 (超賣),None,0.0,0.45499999999999996,0.5,0.5,0.3485,14,1277,0.02,950.17,969.17,988.18,940.67,2026-06-29,3,False
WYNN,Consumer Discretionary,Resorts & Casinos,BB,BB 跌破下軌 (超賣),None,0.0,0.45499999999999996,0.5,0.5,0.2974,14,733,0.0191,96.11,97.95,99.78,95.15,2026-07-01,3,False
ARWR,Health Care,Biotechnology,BB,BB 中軌向上（上升趨勢）,Morning Star,0.8,1.0,0.4901,,0.4901,0,253,0.0226,80.5,82.32,84.14,79.69,2026-06-29,3,False
IBM,Information Technology,Information Technology Services,RSI,RSI 動能加速（強勢區）,None,0.0,0.51,0.4865,0.4865,0.366,37,2885,0.0224,299.52,306.23,312.94,296.52,2026-07-06,3,False
FIX,Industrials,Engineering & Construction,RSI,RSI 維持強勢 (50-70),None,0.0,0.51,0.4853,0.4853,0.2986,375,19157,0.0204,1981.95,2022.38,2062.81,1962.13,2026-06-30,3,False
TPL,Energy,Oil & Gas E&P,RSI,RSI 動能加速（強勢區）,None,0.0,0.51,0.4848,0.4848,0.3265,33,873,0.0039,437.64,439.35,441.05,433.26,2026-06-30,3,False
CRDO,Information Technology,Semiconductors,BB,BB 中軌向上（上升趨勢）,Morning Star,0.8,1.0,0.4841,,0.4841,0,471,0.0267,271.95,279.21,286.47,269.23,2026-06-30,3,False
ODFL,Industrials,Trucking,KDJ,KDJ 金叉,None,0.0,0.5525,0.4828,0.4828,0.3223,29,2110,0.0079,217.96,219.68,221.4,215.78,2026-07-01,3,False
AIZ,Financials,Insurance - Property & Casualty,KDJ,KDJ 金叉,None,0.0,0.5525,0.4815,0.4815,0.3142,27,1932,0.0124,267.98,271.3,274.63,265.3,2026-06-29,3,False
AMD,Information Technology,Semiconductors,RSI,RSI 維持強勢 (50-70),None,0.0,0.51,0.4798,0.4798,0.3645,198,16764,0.0209,552.05,563.59,575.13,546.53,2026-07-06,3,False
GNRC,Industrials,Specialty Industrial Machinery,KDJ,KDJ 金叉,None,0.0,0.5525,0.4783,0.4783,0.3223,23,2110,0.0065,292.81,294.71,296.62,289.88,2026-06-30,3,False
WFC,Financials,Banks - Diversified,KDJ,KDJ 金叉,None,0.0,0.5525,0.4783,0.4783,0.3142,23,1932,0.0141,85.94,87.15,88.36,85.08,2026-07-01,3,False
PSX,Energy,Oil & Gas Refining & Marketing,RSI,RSI 上穿 50 中性線,None,0.0,0.4675,0.4762,0.4762,0.361,21,579,0.0203,174.5,178.04,181.58,172.75,2026-07-01,3,False
NCLH,Consumer Discretionary,Travel Services,BB,BB 中軌向上（上升趨勢）,None,0.0,0.51,0.476,0.476,0.2908,208,9757,0.0148,20.67,20.98,21.28,20.46,2026-07-01,3,False
SYF,Financials,Credit Services,RSI,RSI 加速上升,None,0.0,0.5525,0.4749,0.4749,0.3014,179,11488,0.0133,78.37,79.41,80.45,77.59,2026-06-29,3,False
BE,Industrials,Electrical Equipment & Parts,RSI,RSI 維持強勢 (50-70),Morning Star,0.8,1.0,0.4725,,0.4725,0,436,0.0182,302.7,308.21,313.72,299.67,2026-06-30,3,False
NVT,Industrials,Electrical Equipment & Parts,RSI,RSI 維持強勢 (50-70),Morning Star,0.8,1.0,0.4725,,0.4725,0,436,0.0182,169.61,172.7,175.78,167.91,2026-06-30,3,False
CRM,Information Technology,Software - Application,MACD,MACD 金叉 (空頭區),None,0.0,0.42,0.4667,0.4667,0.3767,15,754,0.011,163.23,165.03,166.82,161.6,2026-07-01,3,False
NRG,Utilities,Utilities - Independent Power Producers,RSI,RSI 加速上升,None,0.0,0.5525,0.4655,0.4655,0.2565,116,4905,0.0194,146.06,148.89,151.73,144.6,2026-06-30,3,False
RCL,Consumer Discretionary,Travel Services,RSI,RSI 維持強勢 (50-70),None,0.0,0.51,0.4618,0.4618,0.2995,262,10441,0.0148,306.3,310.83,315.37,303.24,2026-07-01,3,False
AAPL,Information Technology,Consumer Electronics,RSI,RSI 上穿 50 中性線,None,0.0,0.4675,0.4615,0.4615,0.3785,26,1593,0.0084,294.38,296.85,299.33,291.44,2026-07-01,3,False
JBL,Information Technology,Electronic Components,RSI,RSI 動能加速（強勢區）,None,0.0,0.51,0.4571,0.4571,0.366,35,2885,0.0058,385.48,387.72,389.95,381.63,2026-06-30,3,False
ZBRA,Information Technology,Communication Equipment,RSI,RSI 加速上升,None,0.0,0.5525,0.4559,0.4559,0.3693,136,10688,0.0065,267.85,269.59,271.33,265.17,2026-07-01,3,False
BEN,Financials,Asset Management,KDJ,KDJ 金叉,None,0.0,0.5525,0.4545,0.4545,0.3142,11,1932,0.0132,34.06,34.51,34.96,33.72,2026-07-01,3,False
TTD,Communication Services,Advertising Agencies,MACD,MACD 金叉 (空頭區),None,0.0,0.42,0.4545,0.4545,0.3254,11,252,-0.0007,18.65,18.64,18.62,18.46,2026-06-29,3,False
WSM,Consumer Discretionary,Specialty Retail,RSI,RSI 加速上升,None,0.0,0.5525,0.4532,0.4532,0.3117,139,6796,0.0124,240.17,243.15,246.13,237.77,2026-06-29,3,False
MU,Information Technology,Semiconductors,BB,價格在 BB 中軌上方,None,0.0,0.425,0.4511,0.4511,0.3573,368,20206,0.0229,1154.29,1180.72,1207.16,1142.75,2026-06-30,3,False
TKO,Communication Services,Entertainment,RSI,RSI 上穿 50 中性線,None,0.0,0.4675,0.45,0.45,0.3243,20,518,-0.0008,202.43,202.27,202.11,200.41,2026-07-01,3,False
CGNX,Information Technology,Scientific & Technical Instruments,RSI,RSI 維持強勢 (50-70),None,0.0,0.51,0.4471,,0.4471,0,747,0.0161,72.42,73.59,74.75,71.7,2026-06-30,3,True
MKSI,Information Technology,Scientific & Technical Instruments,RSI,RSI 維持強勢 (50-70),None,0.0,0.51,0.4471,,0.4471,0,747,0.0161,416.0,422.7,429.4,411.84,2026-06-29,3,True
TOST,Information Technology,Software - Infrastructure,RSI,RSI 維持強勢 (50-70),None,0.0,0.51,0.4471,,0.4471,0,747,0.0161,28.16,28.61,29.07,27.88,2026-06-29,3,True
ALL,Financials,Insurance - Property & Casualty,RSI,RSI 動能加速（強勢區）,Consolidation Breakout,0.72,1.0,0.4444,0.4444,0.2515,9,1022,0.0065,243.12,244.7,246.28,240.69,2026-07-01,3,False
CTSH,Information Technology,Information Technology Services,KDJ,KDJ 超賣區金叉,Morning Star,0.8,1.0,0.4444,,0.4444,0,27,0.0112,41.07,41.53,41.99,40.66,2026-07-01,3,False
PDD,Consumer Discretionary,Internet Retail,BB,價格在 BB 中軌上方,Morning Star,0.8,0.924,0.4444,,0.4444,0,261,0.0103,82.52,83.37,84.22,81.69,2026-07-01,3,False
VTRS,Health Care,Drug Manufacturers - Specialty & Generic,MACD,MACD 金叉 (多頭區),None,0.0,0.68,0.4444,0.4444,0.2557,9,305,0.0084,16.23,16.37,16.5,16.07,2026-06-29,3,False
PYPL,Financials,Credit Services,MACD,MACD 突破 0 軸,None,0.0,0.595,0.4444,0.4444,0.3301,9,618,0.0103,45.47,45.94,46.41,45.02,2026-07-02,3,False
LVS,Consumer Discretionary,Resorts & Casinos,KDJ,KDJ 超賣區金叉,None,0.0,0.5599999999999999,0.4444,0.4444,0.3775,9,302,-0.0019,46.25,46.16,46.07,45.79,2026-07-01,3,False
KLAC,Information Technology,Semiconductor Equipment & Materials,RSI,RSI 維持強勢 (50-70),None,0.0,0.51,0.4427,0.4427,0.3645,314,16764,0.0104,266.19,268.96,271.73,263.53,2026-07-01,3,False
BPYPP,Real Estate,Real Estate Services,KDJ,KDJ 金叉,None,0.0,0.5525,0.4412,,0.4412,0,34,0.011,15.72,15.89,16.07,15.56,2026-06-29,3,True
VST,Utilities,Utilities - Independent Power Producers,BB,價格在 BB 中軌上方,None,0.0,0.425,0.4375,0.4375,0.246,368,9864,0.0131,158.63,160.71,162.79,157.04,2026-06-30,3,False
HBAN,Financials,Banks - Regional,RSI,RSI 加速上升,None,0.0,0.5525,0.4365,0.4365,0.3014,126,11488,0.0137,17.82,18.06,18.31,17.64,2026-06-29,3,False
BLDR,Industrials,Building Products & Equipment,RSI,RSI 維持強勢 (50-70),None,0.0,0.51,0.4355,0.4355,0.2986,186,19157,0.003,84.77,85.02,85.28,83.92,2026-07-01,3,False
WAT,Health Care,Diagnostics & Research,RSI,RSI 動能加速（強勢區）,None,0.0,0.51,0.4348,0.4348,0.2606,23,1869,0.0135,375.04,380.1,385.17,371.29,2026-06-30,3,False
ALGN,Health Care,Medical Instruments & Supplies,RSI,RSI 上穿 50 中性線,None,0.0,0.4675,0.4348,0.4348,0.3144,23,1323,0.0055,181.49,182.49,183.49,179.68,2026-07-01,3,False
AGNCO,Real Estate,REIT - Mortgage,RSI,RSI 上穿 50 中性線,None,0.0,0.4675,0.4333,,0.4333,0,30,0.0103,25.52,25.78,26.05,25.26,2026-06-29,3,True
AGNCP,Real Estate,REIT - Mortgage,RSI,RSI 上穿 50 中性線,None,0.0,0.4675,0.4333,,0.4333,0,30,0.0103,25.12,25.38,25.64,24.87,2026-06-29,3,True
LYV,Communication Services,Entertainment,RSI,RSI 加速上升,None,0.0,0.5525,0.4314,0.4314,0.3116,102,3322,0.0056,183.98,185.01,186.04,182.14,2026-07-01,3,False
AMKR,Information Technology,Semiconductor Equipment & Materials,RSI,RSI 動能加速（強勢區）,Bullish Engulfing,0.75,1.0,0.431,,0.431,0,58,0.0145,82.34,83.53,84.73,81.52,2026-06-29,3,False
ONTO,Information Technology,Semiconductor Equipment & Materials,RSI,RSI 動能加速（強勢區）,Bullish Engulfing,0.75,1.0,0.431,,0.431,0,58,0.0145,351.45,356.55,361.64,347.94,2026-06-29,3,False
SIMO,Information Technology,Semiconductors,RSI,RSI 動能加速（強勢區）,Bullish Engulfing,0.75,1.0,0.431,,0.431,0,58,0.0145,331.94,336.75,341.57,328.62,2026-06-29,3,False
VRT,Industrials,Electrical Equipment & Parts,RSI,RSI 維持強勢 (50-70),Morning Star,0.8,1.0,0.4286,0.4286,0.4725,7,436,0.031,334.82,345.2,355.58,331.47,2026-06-30,3,False
BXP,Real Estate,REIT - Office,MACD,MACD 金叉 (多頭區),None,0.0,0.68,0.4286,0.4286,0.2486,7,173,0.0281,67.76,69.66,71.57,67.08,2026-07-01,3,False
FICO,Information Technology,Software - Application,MACD,MACD 突破 0 軸,None,0.0,0.595,0.4286,0.4286,0.4064,7,529,0.0307,1206.65,1243.69,1280.74,1194.58,2026-07-01,3,False
ROP,Information Technology,Software - Application,MACD,MACD 突破 0 軸,None,0.0,0.595,0.4286,0.4286,0.4064,7,529,0.0073,338.39,340.86,343.33,335.01,2026-06-30,3,False
BAC,Financials,Banks - Diversified,KDJ,KDJ 金叉,None,0.0,0.5525,0.4286,0.4286,0.3142,21,1932,0.0139,58.73,59.55,60.36,58.14,2026-07-02,3,False
AXON,Industrials,Aerospace & Defense,RSI,RSI 維持強勢 (50-70),None,0.0,0.51,0.4286,0.4286,0.3579,7,746,0.0482,510.6,535.21,559.82,505.49,2026-06-29,3,True
TMUS,Communication Services,Telecom Services,BB,BB 跌破下軌 (超賣),None,0.0,0.45499999999999996,0.4286,0.4286,0.33,14,397,0.0062,167.73,168.77,169.81,166.05,2026-06-30,3,False
EME,Industrials,Engineering & Construction,MACD,MACD 金叉 (空頭區),None,0.0,0.42,0.4286,0.4286,0.3303,7,875,-0.0062,829.88,824.73,819.59,821.58,2026-06-30,3,False
FDS,Financials,Financial Data & Stock Exchanges,MACD,MACD 金叉 (空頭區),None,0.0,0.42,0.4286,0.4286,0.3214,14,865,0.0199,245.55,250.44,255.32,243.09,2026-07-01,3,False
NFLX,Communication Services,Entertainment,MACD,MACD 金叉 (空頭區),None,0.0,0.42,0.4286,0.4286,0.3254,14,252,0.0171,77.65,78.98,80.31,76.87,2026-07-02,3,False
PTC,Information Technology,Software - Application,MACD,MACD 金叉 (空頭區),None,0.0,0.42,0.4286,0.4286,0.3767,14,754,0.012,119.78,121.22,122.65,118.58,2026-07-01,3,False
BNY,Financials,Banks - Diversified,RSI,RSI 維持強勢 (50-70),Morning Star,0.8,1.0,0.4278,,0.4278,0,367,0.0116,146.02,147.71,149.41,144.56,2026-07-01,3,False
EWBC,Financials,Banks - Regional,RSI,RSI 維持強勢 (50-70),Morning Star,0.8,1.0,0.4278,,0.4278,0,367,0.0116,130.7,132.22,133.73,129.39,2026-07-01,3,False
CCL,Consumer Discretionary,Travel Services,BB,價格在 BB 中軌上方,None,0.0,0.425,0.4256,0.4256,0.2984,242,12430,0.0178,29.19,29.71,30.23,28.9,2026-06-29,3,False
ESI,Materials,Specialty Chemicals,BB,BB 中軌向上（上升趨勢）,Bullish Engulfing,0.75,1.0,0.4242,,0.4242,0,99,0.0171,46.3,47.09,47.88,45.84,2026-06-29,3,False
PPG,Materials,Specialty Chemicals,BB,BB 中軌向上（上升趨勢）,Bullish Engulfing,0.75,1.0,0.4242,,0.4242,0,99,0.0171,122.61,124.71,126.8,121.38,2026-07-01,3,False
PSKY,Communication Services,Entertainment,RSI,RSI 上穿 50 中性線,None,0.0,0.4675,0.4231,0.4231,0.3243,26,518,0.0041,10.17,10.21,10.25,10.07,2026-07-01,3,False
CAT,Industrials,Farm & Heavy Construction Machinery,RSI,RSI 維持強勢 (50-70),None,0.0,0.51,0.4213,0.4213,0.2986,254,19157,0.0169,969.92,986.31,1002.7,960.22,2026-07-06,3,False
AMAT,Information Technology,Semiconductor Equipment & Materials,RSI,RSI 維持強勢 (50-70),None,0.0,0.51,0.4179,0.4179,0.3645,280,16764,0.0128,650.91,659.24,667.57,644.4,2026-07-01,3,False
DD,Materials,Specialty Chemicals,KDJ,KDJ 金叉,Bullish Engulfing,0.75,1.0,0.4167,,0.4167,0,24,0.0205,138.47,141.31,144.15,137.09,2026-07-01,3,False
AMZN,Consumer Discretionary,Internet Retail,MACD,MACD 金叉 (空頭區),None,0.0,0.42,0.4167,0.4167,0.3233,12,529,0.0049,241.7,242.88,244.07,239.28,2026-07-01,3,False
AA,Materials,Aluminum,RSI,RSI 超賣區域 (30),None,0.0,0.5249999999999999,0.416,,0.416,0,125,0.011,47.48,48.0,48.52,47.01,2026-07-01,3,False
PKX,Materials,Steel,RSI,RSI 超賣區域 (30),None,0.0,0.5249999999999999,0.416,,0.416,0,125,0.011,51.38,51.95,52.51,50.87,2026-06-30,3,False
DAL,Industrials,Airlines,RSI,RSI 加速上升,None,0.0,0.5525,0.4142,0.4142,0.2981,169,11545,0.0111,93.66,94.7,95.74,92.72,2026-06-30,3,False
MS,Financials,Capital Markets,RSI,RSI 動能加速（強勢區）,None,0.0,0.51,0.413,0.413,0.279,46,3129,0.0129,222.1,224.97,227.83,219.88,2026-07-06,3,False
IDXX,Health Care,Diagnostics & Research,BB,BB 跌破下軌 (超賣),None,0.0,0.45499999999999996,0.4118,0.4118,0.2752,17,974,0.0005,526.44,526.7,526.97,521.18,2026-06-30,3,False
LLY,Health Care,Drug Manufacturers - General,RSI,RSI 加速上升,None,0.0,0.5525,0.4109,0.4109,0.2803,129,8492,0.0107,1191.74,1204.49,1217.24,1179.82,2026-07-01,3,False
COP,Energy,Oil & Gas E&P,RSI,RSI 超賣區域 (30),None,0.0,0.5249999999999999,0.4107,,0.4107,0,56,0.0193,103.22,105.21,107.2,102.19,2026-07-01,3,False
VNOM,Energy,Oil & Gas Midstream,RSI,RSI 超賣區域 (30),None,0.0,0.5249999999999999,0.4107,,0.4107,0,56,0.0193,41.22,42.02,42.81,40.81,2026-07-01,3,False
MGM,Consumer Discretionary,Resorts & Casinos,RSI,RSI 維持強勢 (50-70),None,0.0,0.51,0.4106,0.4106,0.2995,151,10441,0.0156,47.52,48.26,49.0,47.04,2026-07-01,3,False
FITB,Financials,Banks - Regional,RSI,RSI 動能加速（強勢區）,None,0.0,0.51,0.4103,0.4103,0.279,39,3129,0.0068,57.49,57.88,58.27,56.92,2026-07-01,3,False
IBKR,Financials,Capital Markets,BB,BB 中軌向上（上升趨勢）,None,0.0,0.51,0.4098,0.4098,0.2681,266,16575,0.0137,93.25,94.53,95.81,92.32,2026-07-01,3,False
ABNB,Consumer Discretionary,Travel Services,RSI,RSI 動能加速（強勢區）,None,0.0,0.51,0.4091,0.4091,0.3027,22,1665,0.0219,147.31,150.54,153.76,145.84,2026-07-01,3,False
UAL,Industrials,Airlines,RSI,RSI 加速上升,None,0.0,0.5525,0.4079,0.4079,0.2981,152,11545,0.0049,135.99,136.66,137.32,134.63,2026-06-30,3,False
AXP,Financials,Credit Services,KDJ,KDJ 金叉,None,0.0,0.5525,0.4074,0.4074,0.3142,27,1932,0.0071,351.96,354.46,356.96,348.44,2026-07-02,3,False
GDDY,Information Technology,Software - Infrastructure,RSI,RSI 動能加速（強勢區）,None,0.0,0.51,0.4074,0.4074,0.366,27,2885,0.0074,86.91,87.55,88.2,86.04,2026-07-01,3,False
CHKP,Information Technology,Software - Infrastructure,MACD,MACD 突破 0 軸,None,0.0,0.595,0.4064,,0.4064,0,529,0.0085,134.29,135.43,136.57,132.95,2026-07-01,3,False
GRAB,Information Technology,Software - Application,MACD,MACD 突破 0 軸,None,0.0,0.595,0.4064,,0.4064,0,529,0.0085,3.77,3.8,3.83,3.73,2026-06-30,3,False
IOT,Information Technology,Software - Infrastructure,MACD,MACD 突破 0 軸,None,0.0,0.595,0.4064,,0.4064,0,529,0.0085,34.18,34.47,34.76,33.84,2026-07-01,3,False
MDB,Information Technology,Software - Infrastructure,MACD,MACD 突破 0 軸,None,0.0,0.595,0.4064,,0.4064,0,529,0.0085,359.38,362.43,365.49,355.79,2026-07-01,3,False
TWLO,Information Technology,Software - Infrastructure,MACD,MACD 突破 0 軸,None,0.0,0.595,0.4064,,0.4064,0,529,0.0085,206.33,208.08,209.84,204.27,2026-06-30,3,False
RL,Consumer Discretionary,Apparel Manufacturing,RSI,RSI 維持強勢 (50-70),None,0.0,0.51,0.4064,0.4064,0.2995,283,10441,0.0107,398.02,402.28,406.54,394.04,2026-07-01,3,False
KR,Consumer Staples,Grocery Stores,KDJ,KDJ 金叉,Bullish Engulfing,0.75,1.0,0.4062,,0.4062,0,32,0.0156,56.24,57.12,57.99,55.68,2026-07-01,3,False
GWW,Industrials,Industrial Distribution,KDJ,KDJ 金叉,None,0.0,0.5525,0.4062,0.4062,0.3223,32,2110,0.005,1360.4,1367.2,1374.0,1346.8,2026-06-30,3,False
CRCL,Financials,Capital Markets,BB,BB 跌破下軌 (超賣),None,0.0,0.45499999999999996,0.4057,,0.4057,0,424,0.0104,62.63,63.28,63.93,62.0,2026-06-30,3,True
CFG,Financials,Banks - Regional,RSI,RSI 加速上升,None,0.0,0.5525,0.4049,0.4049,0.3014,163,11488,0.0121,70.43,71.28,72.13,69.73,2026-06-29,3,False
EQT,Energy,Oil & Gas E&P,RSI,RSI 加速上升,None,0.0,0.5525,0.4048,0.4048,0.3227,126,3306,0.0092,52.48,52.96,53.45,51.96,2026-07-01,3,False
SOLS,Materials,Specialty Chemicals,MACD,MACD 金叉 (多頭區),Morning Star,0.8,1.0,0.4035,,,0,0,0.0088,88.6,89.38,90.16,87.71,2026-06-30,3,False
SE,Consumer Discretionary,Internet Retail,BB,價格在 BB 中軌上方,None,0.0,0.425,0.4026,,0.4026,0,529,0.0119,95.83,96.97,98.11,94.87,2026-06-30,3,True
ATI,Industrials,Metal Fabrication,BB,BB 中軌向上（上升趨勢）,Bullish Engulfing,0.75,1.0,0.4012,,0.4012,0,324,0.0121,197.71,200.1,202.49,195.73,2026-06-29,3,False
ORLY,Consumer Discretionary,Auto Parts,MACD,MACD 突破 0 軸,Consolidation Breakout,0.75,1.0,0.4,0.4,0.2041,5,49,0.0056,92.69,93.21,93.73,91.76,2026-07-01,3,False
DXCM,Health Care,Medical Devices,KDJ,KDJ 超賣區金叉,None,0.0,0.5599999999999999,0.4,0.4,0.3027,5,370,-0.0061,68.86,68.44,68.02,68.17,2026-07-01,3,False
LII,Industrials,Building Products & Equipment,RSI,RSI 加速上升,None,0.0,0.5525,0.4,0.4,0.2981,140,11545,0.0074,572.95,577.19,581.43,567.22,2026-06-30,3,False
MCO,Financials,Financial Data & Stock Exchanges,KDJ,KDJ 金叉,None,0.0,0.5525,0.4,0.4,0.3142,25,1932,0.0087,452.73,456.67,460.61,448.2,2026-06-29,3,False
MOS,Materials,Agricultural Inputs,KDJ,KDJ 金叉,None,0.0,0.5525,0.4,0.4,0.314,25,637,0.0006,22.44,22.45,22.47,22.22,2026-06-29,3,False
APO,Financials,Asset Management,RSI,RSI 超賣區域 (30),None,0.0,0.5249999999999999,0.4,0.4,0.375,5,256,0.0144,114.83,116.48,118.14,113.68,2026-06-29,3,False
BKR,Energy,Oil & Gas Equipment & Services,RSI,RSI 超賣區域 (30),None,0.0,0.5249999999999999,0.4,0.4,0.4107,5,56,0.0136,53.82,54.55,55.28,53.28,2026-07-01,3,False
MPC,Energy,Oil & Gas Refining & Marketing,RSI,RSI 動能加速（強勢區）,None,0.0,0.51,0.4,0.4,0.3265,40,873,0.0074,264.87,266.83,268.79,262.22,2026-07-01,3,False
HUM,Health Care,Healthcare Plans,BB,價格在 BB 中軌上方,None,0.0,0.425,0.4,0.4,0.2804,275,14417,0.0092,409.42,413.19,416.95,405.33,2026-07-01,3,False
OXY,Energy,Oil & Gas E&P,RSI,RSI 維持超賣,None,0.0,0.385,0.4,0.4,0.6122,5,98,0.0213,47.94,48.96,49.98,47.46,2026-07-01,3,False
GLW,Information Technology,Electronic Components,BB,BB 中軌向上（上升趨勢）,None,0.0,0.51,0.3994,0.3994,0.3639,328,16781,0.0159,220.63,224.14,227.65,218.42,2026-07-01,3,False
IRM,Real Estate,REIT - Specialty,RSI,RSI 維持強勢 (50-70),None,0.0,0.51,0.3991,0.3991,0.2509,233,7011,0.012,129.97,131.53,133.09,128.67,2026-06-29,3,False
KEYS,Information Technology,Scientific & Technical Instruments,RSI,RSI 維持強勢 (50-70),None,0.0,0.51,0.399,0.399,0.3645,198,16764,0.0164,350.07,355.81,361.55,346.57,2026-06-30,3,False
PANW,Information Technology,Software - Infrastructure,RSI,RSI 加速上升,None,0.0,0.5525,0.3988,0.3988,0.3693,168,10688,0.0075,352.04,354.68,357.32,348.52,2026-07-01,3,False
CMI,Industrials,Specialty Industrial Machinery,RSI,RSI 維持強勢 (50-70),None,0.0,0.51,0.3954,0.3954,0.2986,306,19157,0.0128,713.21,722.34,731.47,706.08,2026-06-30,3,False
TPR,Consumer Discretionary,Luxury Goods,BB,價格在 BB 中軌上方,None,0.0,0.425,0.3934,0.3934,0.2984,333,12430,0.0117,146.38,148.09,149.81,144.92,2026-06-30,3,False
ARE,Real Estate,REIT - Office,BB,價格在 BB 中軌上方,None,0.0,0.425,0.3923,0.3923,0.248,209,8032,0.0054,53.01,53.3,53.58,52.48,2026-07-01,3,False
ALAB,Information Technology,Semiconductors,KDJ,KDJ 金叉,None,0.0,0.5525,0.3918,,0.3918,0,1955,0.0107,455.96,460.84,465.72,451.4,2026-06-29,3,False
ASML,Information Technology,Semiconductor Equipment & Materials,KDJ,KDJ 金叉,None,0.0,0.5525,0.3918,,0.3918,0,1955,0.0107,1989.4399,2010.73,2032.01,1969.55,2026-06-30,3,False
ASX,Information Technology,Semiconductors,KDJ,KDJ 金叉,None,0.0,0.5525,0.3918,,0.3918,0,1955,0.0107,45.12,45.6,46.09,44.67,2026-06-30,3,False
CACI,Information Technology,Information Technology Services,KDJ,KDJ 金叉,None,0.0,0.5525,0.3918,,0.3918,0,1955,0.0107,457.04,461.93,466.82,452.47,2026-06-29,3,False
CBRS,Information Technology,Semiconductors,KDJ,KDJ 金叉,None,0.0,0.5525,0.3918,,0.3918,0,1955,0.0107,216.16,218.47,220.79,214.0,2026-06-29,3,False
FORM,Information Technology,Semiconductor Equipment & Materials,KDJ,KDJ 金叉,None,0.0,0.5525,0.3918,,0.3918,0,1955,0.0107,159.93,161.64,163.35,158.33,2026-06-30,3,False
FTV,Information Technology,Scientific & Technical Instruments,KDJ,KDJ 金叉,None,0.0,0.5525,0.3918,,0.3918,0,1955,0.0107,61.8,62.46,63.12,61.18,2026-07-01,3,False
GRMN,Information Technology,Scientific & Technical Instruments,KDJ,KDJ 金叉,None,0.0,0.5525,0.3918,,0.3918,0,1955,0.0107,237.64,240.18,242.73,235.26,2026-07-01,3,False
KSPI,Information Technology,Software - Infrastructure,KDJ,KDJ 金叉,None,0.0,0.5525,0.3918,,0.3918,0,1955,0.0107,88.34,89.29,90.23,87.46,2026-07-01,3,False
LSCC,Information Technology,Semiconductors,KDJ,KDJ 金叉,None,0.0,0.5525,0.3918,,0.3918,0,1955,0.0107,152.96,154.6,156.23,151.43,2026-06-30,3,False
MRVL,Information Technology,Semiconductors,KDJ,KDJ 金叉,None,0.0,0.5525,0.3918,,0.3918,0,1955,0.0107,297.89,301.08,304.26,294.91,2026-06-30,3,False
NOK,Information Technology,Communication Equipment,KDJ,KDJ 金叉,None,0.0,0.5525,0.3918,,0.3918,0,1955,0.0107,13.28,13.42,13.56,13.15,2026-06-30,3,False
NVMI,Information Technology,Semiconductor Equipment & Materials,KDJ,KDJ 金叉,None,0.0,0.5525,0.3918,,0.3918,0,1955,0.0107,542.94,548.75,554.56,537.51,2026-06-30,3,False
P,Information Technology,Computer Hardware,KDJ,KDJ 金叉,None,0.0,0.5525,0.3918,,0.3918,0,1955,0.0107,78.79,79.63,80.48,78.0,2026-06-30,3,False
SANM,Information Technology,Electronic Components,KDJ,KDJ 金叉,None,0.0,0.5525,0.3918,,0.3918,0,1955,0.0107,253.08,255.79,258.5,250.55,2026-06-30,3,False
SITM,Information Technology,Semiconductors,KDJ,KDJ 金叉,None,0.0,0.5525,0.3918,,0.3918,0,1955,0.0107,745.56,753.54,761.51,738.1,2026-06-30,3,False
STRC,Information Technology,Software - Application,KDJ,KDJ 金叉,None,0.0,0.5525,0.3918,,0.3918,0,1955,0.0107,83.67,84.57,85.46,82.83,2026-06-29,3,False
STRF,Information Technology,Software - Application,KDJ,KDJ 金叉,None,0.0,0.5525,0.3918,,0.3918,0,1955,0.0107,91.98,92.96,93.95,91.06,2026-06-29,3,False
TSM,Information Technology,Semiconductors,KDJ,KDJ 金叉,None,0.0,0.5525,0.3918,,0.3918,0,1955,0.0107,477.57,482.68,487.79,472.79,2026-06-30,3,False
VICR,Information Technology,Electronic Components,KDJ,KDJ 金叉,None,0.0,0.5525,0.3918,,0.3918,0,1955,0.0107,366.79,370.71,374.64,363.12,2026-06-29,3,False
WELL,Real Estate,REIT - Healthcare Facilities,RSI,RSI 加速上升,None,0.0,0.5525,0.3913,0.3913,0.2327,161,4401,0.0059,230.19,231.55,232.91,227.89,2026-07-01,3,False
MRNA,Health Care,Biotechnology,RSI,RSI 加速上升,None,0.0,0.5525,0.3911,0.3911,0.2803,179,8492,-0.0013,72.5,72.41,72.31,71.78,2026-07-01,3,False
CRH,Materials,Building Materials,BB,價格在 BB 中軌上方,None,0.0,0.425,0.3906,0.3906,0.2859,256,6697,0.0099,108.87,109.95,111.03,107.78,2026-06-29,3,False
BABA,Consumer Discretionary,Internet Retail,RSI,RSI 維持超賣,None,0.0,0.385,0.3894,,0.3894,0,565,0.0066,97.99,98.64,99.28,97.01,2026-07-01,3,False
JD,Consumer Discretionary,Internet Retail,RSI,RSI 維持超賣,None,0.0,0.385,0.3894,,0.3894,0,565,0.0066,25.48,25.65,25.82,25.23,2026-06-30,3,False
LI,Consumer Discretionary,Auto Manufacturers,RSI,RSI 維持超賣,None,0.0,0.385,0.3894,,0.3894,0,565,0.0066,11.74,11.82,11.89,11.62,2026-06-30,3,False
ROL,Consumer Discretionary,Personal Services,RSI,RSI 維持超賣,None,0.0,0.385,0.3894,,0.3894,0,565,0.0066,42.14,42.42,42.7,41.72,2026-07-01,3,False
EXPD,Industrials,Integrated Freight & Logistics,RSI,RSI 維持強勢 (50-70),Bullish Engulfing,0.75,1.0,0.3881,,0.3881,0,335,0.009,161.97,163.43,164.89,160.35,2026-06-29,3,False
ITT,Industrials,Specialty Industrial Machinery,RSI,RSI 維持強勢 (50-70),Bullish Engulfing,0.75,1.0,0.3881,,0.3881,0,335,0.009,197.76,199.54,201.32,195.78,2026-06-30,3,False
IVZ,Financials,Asset Management,RSI,RSI 加速上升,None,0.0,0.5525,0.3864,0.3864,0.3014,132,11488,0.008,26.83,27.04,27.26,26.56,2026-07-01,3,False
CNC,Health Care,Healthcare Plans,RSI,RSI 維持強勢 (50-70),None,0.0,0.51,0.386,0.386,0.2772,215,12123,0.007,64.19,64.64,65.09,63.55,2026-06-30,3,False
UNH,Health Care,Healthcare Plans,KDJ,KDJ 金叉,None,0.0,0.5525,0.3846,0.3846,0.2852,26,1536,0.0124,426.54,431.83,437.12,422.27,2026-07-01,3,False
HPE,Information Technology,Communication Equipment,RSI,RSI 上穿 50 中性線,None,0.0,0.4675,0.3846,0.3846,0.3785,13,1593,0.0225,45.11,46.12,47.14,44.66,2026-06-30,3,False
EFX,Industrials,Consulting Services,MACD,MACD 金叉 (空頭區),None,0.0,0.42,0.3846,0.3846,0.3303,13,875,0.0046,158.72,159.45,160.18,157.13,2026-06-30,3,False
AVGO,Information Technology,Semiconductors,KDJ,KDJ 金叉,None,0.0,0.5525,0.3824,0.3824,0.3918,34,1955,0.0069,373.9,376.48,379.06,370.16,2026-07-06,3,False
TT,Industrials,Building Products & Equipment,RSI,RSI 動能加速（強勢區）,None,0.0,0.51,0.3824,0.3824,0.2891,34,3037,0.0069,491.16,494.55,497.94,486.25,2026-06-30,3,False
NTR,Materials,Agricultural Inputs,MACD,MACD 金叉 (空頭區),None,0.0,0.42,0.3816,,0.3816,0,304,0.0078,63.57,64.07,64.56,62.93,2026-07-01,3,False
RF,Financials,Banks - Regional,RSI,RSI 加速上升,None,0.0,0.5525,0.3806,0.3806,0.3014,155,11488,0.0067,30.2,30.4,30.6,29.9,2026-06-30,3,False
BBD,Financials,Banks - Regional,RSI,RSI 上穿 50 中性線,None,0.0,0.4675,0.3805,,0.3805,0,113,0.0028,3.49,3.5,3.51,3.46,2026-06-29,3,True
MTB,Financials,Banks - Regional,RSI,RSI 加速上升,None,0.0,0.5525,0.3804,0.3804,0.3014,163,11488,0.0125,239.2,242.19,245.18,236.81,2026-06-29,3,False
NKE,Consumer Discretionary,Footwear & Accessories,RSI,RSI 上穿 50 中性線,None,0.0,0.4675,0.3793,0.3793,0.3072,29,1123,0.0129,44.09,44.66,45.23,43.65,2026-07-02,3,False
URI,Industrials,Rental & Leasing Services,RSI,RSI 維持強勢 (50-70),None,0.0,0.51,0.3792,0.3792,0.2986,240,19157,0.0121,1111.76,1125.21,1138.66,1100.64,2026-07-01,3,False
ASTS,Information Technology,Communication Equipment,RSI,RSI 上穿 50 中性線,None,0.0,0.4675,0.3785,,0.3785,0,1593,0.0087,86.77,87.52,88.28,85.9,2026-06-29,3,False
FIS,Information Technology,Information Technology Services,RSI,RSI 上穿 50 中性線,None,0.0,0.4675,0.3785,,0.3785,0,1593,0.0087,40.8,41.15,41.51,40.39,2026-07-01,3,False
GIB,Information Technology,Information Technology Services,RSI,RSI 上穿 50 中性線,None,0.0,0.4675,0.3785,,0.3785,0,1593,0.0087,65.47,66.04,66.61,64.82,2026-07-01,3,False
GWRE,Information Technology,Software - Application,RSI,RSI 上穿 50 中性線,None,0.0,0.4675,0.3785,,0.3785,0,1593,0.0087,127.65,128.76,129.87,126.37,2026-07-01,3,False
SMTC,Information Technology,Semiconductors,RSI,RSI 上穿 50 中性線,None,0.0,0.4675,0.3785,,0.3785,0,1593,0.0087,156.14,157.5,158.86,154.58,2026-06-29,3,False
SNX,Information Technology,Electronics & Computer Distribution,RSI,RSI 上穿 50 中性線,None,0.0,0.4675,0.3785,,0.3785,0,1593,0.0087,270.05,272.4,274.75,267.35,2026-06-29,3,False
UBER,Information Technology,Software - Application,RSI,RSI 上穿 50 中性線,None,0.0,0.4675,0.3785,,0.3785,0,1593,0.0087,72.66,73.29,73.92,71.93,2026-07-01,3,False
WIT,Information Technology,Information Technology Services,RSI,RSI 上穿 50 中性線,None,0.0,0.4675,0.3785,,0.3785,0,1593,0.0087,2.25,2.27,2.29,2.23,2026-06-30,3,False
ZS,Information Technology,Software - Infrastructure,RSI,RSI 上穿 50 中性線,None,0.0,0.4675,0.3785,,0.3785,0,1593,0.0087,137.6,138.8,139.99,136.22,2026-06-29,3,False
GE,Industrials,Aerospace & Defense,BB,價格在 BB 中軌上方,None,0.0,0.425,0.378,0.378,0.295,373,22337,0.0075,378.68,381.52,384.36,374.89,2026-07-06,3,False
ACGL,Financials,Insurance - Diversified,RSI,RSI 加速上升,Consolidation Breakout,0.74,1.0,0.3778,0.3778,0.2555,45,1679,0.012,98.55,99.73,100.92,97.56,2026-07-01,3,False
LH,Health Care,Diagnostics & Research,RSI,RSI 動能加速（強勢區）,None,0.0,0.51,0.3778,,0.3778,0,225,0.0031,279.58,280.45,281.31,276.78,2026-06-29,3,True
XPEV,Consumer Discretionary,Auto Manufacturers,KDJ,KDJ 超賣區金叉,None,0.0,0.5599999999999999,0.3775,,0.3775,0,302,0.0037,12.8,12.85,12.89,12.67,2026-06-29,3,False
YUMC,Consumer Discretionary,Restaurants,KDJ,KDJ 超賣區金叉,None,0.0,0.5599999999999999,0.3775,,0.3775,0,302,0.0037,40.96,41.11,41.26,40.55,2026-07-01,3,False
EPAM,Information Technology,Information Technology Services,MACD,MACD 金叉 (空頭區),None,0.0,0.42,0.3767,,0.3767,0,754,0.0102,85.24,86.11,86.98,84.39,2026-07-01,3,False
IFF,Materials,Specialty Chemicals,RSI,RSI 動能加速（強勢區）,None,0.0,0.51,0.3766,,0.3766,0,77,0.0046,79.22,79.58,79.95,78.43,2026-06-30,3,True
WAB,Industrials,Railroads,RSI,RSI 維持強勢 (50-70),None,0.0,0.51,0.3759,0.3759,0.2986,266,19157,0.0062,269.6,271.27,272.94,266.9,2026-06-30,3,False
EBAY,Consumer Discretionary,Internet Retail,MACD,MACD 金叉 (多頭區),None,0.0,0.68,0.375,0.375,0.37,8,273,0.006,111.75,112.42,113.09,110.63,2026-06-30,3,False
CHRW,Industrials,Integrated Freight & Logistics,KDJ,KDJ 金叉,None,0.0,0.5525,0.375,0.375,0.3223,32,2110,0.0097,184.75,186.54,188.33,182.9,2026-06-29,3,False
DPZ,Consumer Discretionary,Restaurants,KDJ,KDJ 金叉,None,0.0,0.5525,0.375,0.375,0.3183,24,1244,0.0013,296.04,296.42,296.81,293.08,2026-06-30,3,False
BPYPM,Financials,Asset Management,RSI,RSI 超賣區域 (30),None,0.0,0.5249999999999999,0.375,,0.375,0,256,0.0031,15.5,15.55,15.6,15.35,2026-06-30,3,False
NDAQ,Financials,Financial Data & Stock Exchanges,RSI,RSI 超賣區域 (30),None,0.0,0.5249999999999999,0.375,,0.375,0,256,0.0031,76.85,77.09,77.33,76.08,2026-06-29,3,False
TDY,Information Technology,Scientific & Technical Instruments,RSI,RSI 維持強勢 (50-70),None,0.0,0.51,0.375,0.375,0.4471,8,747,0.0066,666.9,671.3,675.7,660.23,2026-06-30,3,True
CTAS,Industrials,Specialty Business Services,RSI,RSI 上穿 50 中性線,None,0.0,0.4675,0.375,0.375,0.304,16,1816,0.013,174.23,176.49,178.76,172.49,2026-07-01,3,False
STLD,Materials,Steel,BB,BB 跌破下軌 (超賣),None,0.0,0.45499999999999996,0.375,0.375,0.2333,8,403,0.0131,221.76,224.67,227.57,219.54,2026-07-01,3,False
BKNG,Consumer Discretionary,Travel Services,RSI,RSI 加速上升,None,0.0,0.5525,0.3742,0.3742,0.3117,155,6796,0.0066,178.24,179.42,180.59,176.46,2026-06-30,3,False
CLS,Information Technology,Electronic Components,KDJ,KDJ 金叉,Morning Star,0.8,1.0,0.374,,0.374,0,123,0.0122,364.8,369.25,373.7,361.15,2026-06-30,3,False
FN,Information Technology,Electronic Components,KDJ,KDJ 金叉,Morning Star,0.8,1.0,0.374,,0.374,0,123,0.0122,562.08,568.94,575.79,556.46,2026-06-30,3,False
IONQ,Information Technology,Computer Hardware,KDJ,KDJ 金叉,Morning Star,0.8,1.0,0.374,,0.374,0,123,0.0122,53.88,54.54,55.19,53.34,2026-06-29,3,False
NXT,Information Technology,Solar,KDJ,KDJ 金叉,Morning Star,0.8,1.0,0.374,,0.374,0,123,0.0122,119.14,120.59,122.05,117.95,2026-06-30,3,False
TECK,Materials,Other Industrial Metals & Mining,KDJ,KDJ 金叉,Morning Star,0.8,1.0,0.3714,,0.3714,0,35,0.0107,59.35,59.99,60.62,58.76,2026-07-01,3,False
NOW,Information Technology,Software - Application,BB,價格在 BB 中軌上方,None,0.0,0.425,0.371,0.371,0.3573,221,20206,0.0031,105.8,106.13,106.46,104.74,2026-07-01,3,False
PWR,Industrials,Engineering & Construction,RSI,RSI 維持強勢 (50-70),None,0.0,0.51,0.3709,0.3709,0.2986,275,19157,0.0062,720.04,724.5,728.97,712.84,2026-06-30,3,False
HMC,Consumer Discretionary,Auto Manufacturers,MACD,MACD 金叉 (多頭區),None,0.0,0.68,0.37,,0.37,0,273,0.0063,27.11,27.28,27.45,26.84,2026-06-30,3,False
RACE,Consumer Discretionary,Auto Manufacturers,MACD,MACD 金叉 (多頭區),None,0.0,0.68,0.37,,0.37,0,273,0.0063,368.34,370.66,372.98,364.66,2026-06-29,3,False
RIVN,Consumer Discretionary,Auto Manufacturers,MACD,MACD 金叉 (多頭區),None,0.0,0.68,0.37,,0.37,0,273,0.0063,17.35,17.46,17.57,17.18,2026-06-30,3,False
eBay,Consumer Discretionary,Internet Retail,MACD,MACD 金叉 (多頭區),None,0.0,0.68,0.37,,0.37,0,273,0.0063,111.75,112.45,113.16,110.63,2026-06-30,3,False
BNS,Financials,Banks - Diversified,BB,BB 中軌向上（上升趨勢）,Bullish Engulfing,0.75,1.0,0.3697,,0.3697,0,330,0.0108,86.84,87.78,88.72,85.97,2026-06-30,3,False
BPOP,Financials,Banks - Regional,BB,BB 中軌向上（上升趨勢）,Bullish Engulfing,0.75,1.0,0.3697,,0.3697,0,330,0.0108,168.5,170.32,172.14,166.81,2026-07-01,3,False
FCNCA,Financials,Banks - Regional,BB,BB 中軌向上（上升趨勢）,Bullish Engulfing,0.75,1.0,0.3697,,0.3697,0,330,0.0108,2080.79,2103.26,2125.74,2059.98,2026-06-30,3,False
ETN,Industrials,Specialty Industrial Machinery,BB,BB 中軌向上（上升趨勢）,None,0.0,0.51,0.3695,0.3695,0.2929,203,17460,0.0111,412.31,416.89,421.46,408.19,2026-07-01,3,False
GOOG,Communication Services,Internet Content & Information,RSI,RSI 加速上升,None,0.0,0.5525,0.3694,0.3694,0.3116,157,3322,0.009,357.89,361.11,364.33,354.31,2026-07-01,3,False
ADP,Information Technology,Software - Application,RSI,RSI 加速上升,None,0.0,0.5525,0.3693,,0.3693,0,10688,0.0074,235.73,237.47,239.22,233.37,2026-07-01,3,False
BR,Information Technology,Information Technology Services,RSI,RSI 加速上升,None,0.0,0.5525,0.3693,,0.3693,0,10688,0.0074,140.93,141.97,143.02,139.52,2026-07-01,3,False
DT,Information Technology,Software - Application,RSI,RSI 加速上升,None,0.0,0.5525,0.3693,,0.3693,0,10688,0.0074,45.38,45.72,46.05,44.93,2026-07-01,3,False
FISV,Information Technology,Financial Technology,RSI,RSI 加速上升,None,0.0,0.5525,0.3693,,0.3693,0,10688,0.0074,50.73,51.11,51.48,50.22,2026-07-01,3,False
FROG,Information Technology,Software - Application,RSI,RSI 加速上升,None,0.0,0.5525,0.3693,,0.3693,0,10688,0.0074,90.39,91.06,91.73,89.49,2026-07-01,3,False
JKHY,Information Technology,Information Technology Services,RSI,RSI 加速上升,None,0.0,0.5525,0.3693,,0.3693,0,10688,0.0074,142.42,143.47,144.53,141.0,2026-07-01,3,False
MSTR,Information Technology,Software - Application,RSI,RSI 加速上升,None,0.0,0.5525,0.3693,,0.3693,0,10688,0.0074,93.39,94.08,94.77,92.46,2026-07-01,3,False
NET,Information Technology,Software - Infrastructure,RSI,RSI 加速上升,None,0.0,0.5525,0.3693,,0.3693,0,10688,0.0074,246.31,248.13,249.96,243.85,2026-07-01,3,False
NTNX,Information Technology,Software - Infrastructure,RSI,RSI 加速上升,None,0.0,0.5525,0.3693,,0.3693,0,10688,0.0074,51.2,51.58,51.96,50.69,2026-07-01,3,False
OKTA,Information Technology,Software - Infrastructure,RSI,RSI 加速上升,None,0.0,0.5525,0.3693,,0.3693,0,10688,0.0074,140.46,141.5,142.54,139.06,2026-07-01,3,False
PAYX,Information Technology,Software - Application,RSI,RSI 加速上升,None,0.0,0.5525,0.3693,,0.3693,0,10688,0.0074,102.71,103.47,104.23,101.68,2026-07-01,3,False
RBRK,Information Technology,Software - Infrastructure,RSI,RSI 加速上升,None,0.0,0.5525,0.3693,,0.3693,0,10688,0.0074,82.01,82.62,83.22,81.19,2026-07-01,3,False
RMBS,Information Technology,Semiconductors,RSI,RSI 加速上升,None,0.0,0.5525,0.3693,,0.3693,0,10688,0.0074,132.74,133.72,134.7,131.41,2026-06-30,3,False
SAP,Information Technology,Software - Application,RSI,RSI 加速上升,None,0.0,0.5525,0.3693,,0.3693,0,10688,0.0074,159.15,160.33,161.51,157.56,2026-07-01,3,False
SHOP,Information Technology,Software - Application,RSI,RSI 加速上升,None,0.0,0.5525,0.3693,,0.3693,0,10688,0.0074,121.63,122.53,123.43,120.41,2026-07-01,3,False
SNOW,Information Technology,Software - Application,RSI,RSI 加速上升,None,0.0,0.5525,0.3693,,0.3693,0,10688,0.0074,261.19,263.12,265.06,258.58,2026-07-01,3,False
SONY,Information Technology,Consumer Electronics,RSI,RSI 加速上升,None,0.0,0.5525,0.3693,,0.3693,0,10688,0.0074,20.21,20.36,20.51,20.01,2026-07-01,3,False
STRK,Information Technology,Software - Application,RSI,RSI 加速上升,None,0.0,0.5525,0.3693,,0.3693,0,10688,0.0074,60.68,61.13,61.58,60.07,2026-07-01,3,False
U,Information Technology,Software - Application,RSI,RSI 加速上升,None,0.0,0.5525,0.3693,,0.3693,0,10688,0.0074,30.19,30.41,30.64,29.89,2026-07-01,3,False
WSE,Information Technology,Information Technology Services,RSI,RSI 加速上升,None,0.0,0.5525,0.3693,,0.3693,0,10688,0.0074,12.32,12.41,12.5,12.2,2026-07-01,3,False
XYZ,Information Technology,Software - Infrastructure,RSI,RSI 加速上升,None,0.0,0.5525,0.3693,,0.3693,0,10688,0.0074,78.02,78.6,79.17,77.24,2026-06-29,3,False
ZM,Information Technology,Software - Application,RSI,RSI 加速上升,None,0.0,0.5525,0.3693,,0.3693,0,10688,0.0074,90.13,90.8,91.46,89.23,2026-07-01,3,False
NTRS,Financials,Asset Management,BB,價格在 BB 中軌上方,None,0.0,0.425,0.3691,0.3691,0.2847,298,21689,0.0117,175.6,177.65,179.71,173.84,2026-07-01,3,False
PODD,Health Care,Medical Devices,BB,BB 中軌向上（上升趨勢）,None,0.0,0.51,0.3684,0.3684,0.2705,152,10885,0.0087,159.79,161.18,162.57,158.19,2026-07-01,3,False
UHS,Health Care,Medical Care Facilities,RSI,RSI 上穿 50 中性線,None,0.0,0.4675,0.3684,0.3684,0.3144,19,1323,0.0157,150.58,152.94,155.31,149.07,2026-07-01,3,False
WDAY,Information Technology,Software - Application,RSI,RSI 上穿 50 中性線,None,0.0,0.4675,0.3684,0.3684,0.3785,19,1593,0.0113,130.27,131.74,133.21,128.97,2026-07-01,3,False
CMG,Consumer Discretionary,Restaurants,RSI,RSI 動能加速（強勢區）,None,0.0,0.51,0.3667,0.3667,0.3027,30,1665,0.012,35.0,35.42,35.84,34.65,2026-07-01,3,False
ENB,Energy,Oil & Gas Midstream,BB,BB 跌破下軌 (超賣),None,0.0,0.45499999999999996,0.3664,,0.3664,0,292,0.0073,53.29,53.68,54.07,52.76,2026-07-01,3,False
TRP,Energy,Oil & Gas Midstream,BB,BB 跌破下軌 (超賣),None,0.0,0.45499999999999996,0.3664,,0.3664,0,292,0.0073,65.62,66.1,66.58,64.96,2026-07-01,3,False
ENTG,Information Technology,Semiconductor Equipment & Materials,RSI,RSI 動能加速（強勢區）,None,0.0,0.51,0.366,,0.366,0,2885,0.0091,179.86,181.5,183.13,178.06,2026-06-30,3,False
STM,Information Technology,Semiconductors,RSI,RSI 動能加速（強勢區）,None,0.0,0.51,0.366,,0.366,0,2885,0.0091,74.79,75.47,76.15,74.04,2026-06-29,3,False
GEN,Information Technology,Software - Infrastructure,MACD,MACD 金叉 (多頭區),None,0.0,0.68,0.3651,,0.3651,0,504,0.0103,26.11,26.38,26.65,25.85,2026-07-01,3,False
RDY,Health Care,Drug Manufacturers - Specialty & Generic,BB,價格在 BB 中軌上方,None,0.0,0.425,0.365,,0.365,0,715,0.0016,14.86,14.88,14.91,14.71,2026-06-29,3,True
CIFR,Information Technology,Information Technology Services,RSI,RSI 維持強勢 (50-70),None,0.0,0.51,0.3645,,0.3645,0,16764,0.0088,24.5,24.72,24.93,24.25,2026-06-30,3,False
GFS,Information Technology,Semiconductors,RSI,RSI 維持強勢 (50-70),None,0.0,0.51,0.3645,,0.3645,0,16764,0.0088,82.41,83.14,83.86,81.59,2026-06-30,3,False
MTSI,Information Technology,Semiconductors,RSI,RSI 維持強勢 (50-70),None,0.0,0.51,0.3645,,0.3645,0,16764,0.0088,380.37,383.72,387.06,376.57,2026-06-30,3,False
UMC,Information Technology,Semiconductors,RSI,RSI 維持強勢 (50-70),None,0.0,0.51,0.3645,,0.3645,0,16764,0.0088,25.71,25.94,26.16,25.45,2026-07-01,3,False
TTMI,Information Technology,Electronic Components,BB,BB 中軌向上（上升趨勢）,None,0.0,0.51,0.3639,,0.3639,0,16781,0.009,179.7,181.32,182.93,177.9,2026-07-01,3,False
ALB,Materials,Specialty Chemicals,BB,BB 跌破下軌 (超賣),Morning Star,0.8,1.0,0.3636,,0.3636,0,11,0.0084,129.72,130.81,131.9,128.42,2026-06-29,3,False
MET,Financials,Insurance - Life,KDJ,KDJ 金叉,None,0.0,0.5525,0.3636,0.3636,0.3142,22,1932,0.0133,87.2,88.36,89.52,86.33,2026-07-01,3,False
YUM,Consumer Discretionary,Restaurants,KDJ,KDJ 金叉,None,0.0,0.5525,0.3636,0.3636,0.3183,22,1244,0.0072,158.24,159.38,160.52,156.66,2026-06-29,3,False
CARR,Industrials,Building Products & Equipment,BB,BB 中軌向上（上升趨勢）,None,0.0,0.51,0.3626,0.3626,0.2929,182,17460,0.0052,72.07,72.44,72.82,71.35,2026-07-01,3,False
FOX,Communication Services,Entertainment,RSI,RSI 加速上升,None,0.0,0.5525,0.3618,0.3618,0.3116,152,3322,0.0088,48.42,48.85,49.27,47.94,2026-07-01,3,False
FTI,Energy,Oil & Gas Equipment & Services,KDJ,KDJ 金叉,None,0.0,0.5525,0.3614,,0.3614,0,498,0.0061,66.3,66.7,67.11,65.64,2026-06-30,3,False
CF,Materials,Agricultural Inputs,BB,價格在 BB 中軌上方,None,0.0,0.425,0.3614,0.3614,0.2859,202,6697,0.0019,108.16,108.37,108.57,107.08,2026-07-01,3,False
PAA,Energy,Oil & Gas Midstream,RSI,RSI 上穿 50 中性線,None,0.0,0.4675,0.361,,0.361,0,579,0.0056,22.26,22.38,22.51,22.04,2026-06-30,3,False
WES,Energy,Oil & Gas Midstream,RSI,RSI 上穿 50 中性線,None,0.0,0.4675,0.361,,0.361,0,579,0.0056,43.76,44.01,44.25,43.32,2026-06-30,3,False
RRX,Industrials,Specialty Industrial Machinery,KDJ,KDJ 金叉,None,0.0,0.5525,0.3609,,0.3609,0,133,0.01,238.19,240.57,242.95,235.81,2026-06-30,3,True
BNH,Unknown,Unknown,BB,BB 跌破下軌 (超賣),None,0.0,0.45499999999999996,0.3602,,0.3602,0,372,0.0129,15.2,15.4,15.59,15.05,2026-06-30,3,False
DUKB,Unknown,Unknown,BB,BB 跌破下軌 (超賣),None,0.0,0.45499999999999996,0.3602,,0.3602,0,372,0.0129,23.18,23.48,23.78,22.95,2026-06-30,3,False
JPM,Financials,Banks - Diversified,RSI,RSI 加速上升,None,0.0,0.5525,0.3598,0.3598,0.3014,164,11488,0.0086,337.72,340.62,343.53,334.34,2026-07-06,3,False
CDW,Information Technology,Information Technology Services,RSI,RSI 維持強勢 (50-70),None,0.0,0.51,0.3591,0.3591,0.3645,181,16764,0.0017,138.41,138.65,138.88,137.03,2026-07-01,3,False
HWM,Industrials,Aerospace & Defense,RSI,RSI 維持強勢 (50-70),None,0.0,0.51,0.3586,0.3586,0.2986,304,19157,0.0113,267.41,270.43,273.45,264.74,2026-07-01,3,False
ARXS,Industrials,Aerospace & Defense,RSI,RSI 維持強勢 (50-70),None,0.0,0.51,0.3579,,0.3579,0,746,0.0057,46.0,46.26,46.52,45.54,2026-06-29,3,True
CSL,Industrials,Building Products & Equipment,RSI,RSI 維持強勢 (50-70),None,0.0,0.51,0.3579,,0.3579,0,746,0.0057,362.75,364.82,366.89,359.12,2026-06-30,3,True
QXO,Industrials,Industrial Distribution,RSI,RSI 維持強勢 (50-70),None,0.0,0.51,0.3579,,0.3579,0,746,0.0057,17.82,17.92,18.02,17.64,2026-06-29,3,True
APTV,Consumer Discretionary,Auto Parts,KDJ,KDJ 金叉,Bullish Engulfing,0.75,1.0,0.3571,,0.3571,0,70,0.007,61.38,61.81,62.24,60.77,2026-06-30,3,False
EXE,Energy,Oil & Gas E&P,RSI,RSI 上穿 50 中性線,None,0.0,0.4675,0.3571,0.3571,0.361,28,579,0.009,91.19,92.01,92.83,90.28,2026-06-30,3,False
APOS,Unknown,Unknown,BB,價格在 BB 中軌上方,None,0.0,0.425,0.3571,,0.3571,0,588,0.0098,25.51,25.76,26.01,25.25,2026-06-30,3,True
SOJE,Unknown,Unknown,BB,價格在 BB 中軌上方,None,0.0,0.425,0.3571,,0.3571,0,588,0.0098,16.995,17.16,17.33,16.83,2026-06-29,3,True
WTRG,Utilities,Utilities - Regulated Water,BB,BB 中軌向上（上升趨勢）,None,0.0,0.51,0.3562,,0.3562,0,365,0.0089,38.31,38.65,38.99,37.93,2026-06-30,3,True
BAX,Health Care,Medical Instruments & Supplies,RSI,RSI 維持強勢 (50-70),None,0.0,0.51,0.3558,0.3558,0.2772,163,12123,0.0042,21.69,21.78,21.87,21.47,2026-07-01,3,False
CQP,Energy,Oil & Gas Midstream,MACD,MACD 金叉 (空頭區),None,0.0,0.42,0.3557,,0.3557,0,253,0.0057,60.66,61.01,61.35,60.05,2026-07-01,3,False
DINO,Energy,Oil & Gas Refining & Marketing,MACD,MACD 金叉 (空頭區),None,0.0,0.42,0.3557,,0.3557,0,253,0.0057,69.65,70.05,70.44,68.95,2026-06-30,3,False
EPD,Energy,Oil & Gas Midstream,MACD,MACD 金叉 (空頭區),None,0.0,0.42,0.3557,,0.3557,0,253,0.0057,36.52,36.73,36.94,36.15,2026-07-01,3,False
FFIV,Information Technology,Software - Infrastructure,RSI,RSI 動能加速（強勢區）,None,0.0,0.51,0.3556,0.3556,0.366,45,2885,0.0053,424.18,426.43,428.68,419.94,2026-07-01,3,False
J,Industrials,Engineering & Construction,RSI,RSI 動能加速（強勢區）,None,0.0,0.51,0.3556,0.3556,0.2891,45,3037,-0.0042,126.0,125.47,124.94,124.74,2026-06-30,3,False
CVS,Health Care,Healthcare Plans,RSI,RSI 維持強勢 (50-70),None,0.0,0.51,0.3544,0.3544,0.2772,206,12123,0.0039,103.45,103.85,104.26,102.42,2026-06-30,3,False
EXPE,Consumer Discretionary,Travel Services,BB,價格在 BB 中軌上方,None,0.0,0.425,0.3544,0.3544,0.2984,285,12430,0.0007,264.54,264.73,264.91,261.89,2026-07-01,3,False
PFG,Financials,Asset Management,RSI,RSI 加速上升,None,0.0,0.5525,0.3533,0.3533,0.3014,150,11488,0.0059,108.93,109.57,110.22,107.84,2026-07-01,3,False
DRS,Industrials,Aerospace & Defense,BB,BB 跌破下軌 (超賣),None,0.0,0.45499999999999996,0.3532,,0.3532,0,436,0.0052,40.95,41.16,41.38,40.54,2026-06-29,3,True
CBRE,Real Estate,Real Estate Services,BB,BB 中軌向上（上升趨勢）,None,0.0,0.51,0.3508,0.3508,0.2647,248,5713,0.0069,138.3,139.25,140.21,136.92,2026-07-01,3,False
HST,Real Estate,REIT - Hotel & Motel,BB,BB 中軌向上（上升趨勢）,None,0.0,0.51,0.3505,0.3505,0.2647,214,5713,0.0093,23.35,23.57,23.78,23.12,2026-07-01,3,False
PCAR,Industrials,Farm & Heavy Construction Machinery,KDJ,KDJ 金叉,None,0.0,0.5525,0.35,0.35,0.3223,20,2110,0.0087,121.24,122.29,123.35,120.03,2026-07-01,3,False
FTNT,Information Technology,Software - Infrastructure,RSI,RSI 動能加速（強勢區）,None,0.0,0.51,0.35,0.35,0.366,20,2885,-0.0037,158.98,158.39,157.8,157.39,2026-07-01,3,False
EQIX,Real Estate,REIT - Specialty,BB,BB 跌破下軌 (超賣),None,0.0,0.45499999999999996,0.35,0.35,0.25,20,564,0.01,1013.62,1023.76,1033.89,1003.48,2026-07-01,3,False
TSLA,Consumer Discretionary,Auto Manufacturers,BB,價格在 BB 中軌上方,None,0.0,0.425,0.3498,0.3498,0.2984,283,12430,0.0041,419.77,421.49,423.21,415.57,2026-07-06,3,False
OC,Industrials,Building Products & Equipment,BB,價格在 BB 中軌上方,None,0.0,0.425,0.3497,,0.3497,0,1018,0.0042,158.96,159.63,160.3,157.37,2026-06-30,3,True
BN,Financials,Asset Management,BB,BB 跌破下軌 (超賣),None,0.0,0.45499999999999996,0.3485,,0.3485,0,1277,0.0043,42.14,42.32,42.5,41.72,2026-06-29,3,False
BNT,Financials,Insurance - Diversified,BB,BB 跌破下軌 (超賣),None,0.0,0.45499999999999996,0.3485,,0.3485,0,1277,0.0043,42.14,42.32,42.5,41.72,2026-06-29,3,False
HBANL,Financials,Banks - Regional,BB,BB 跌破下軌 (超賣),None,0.0,0.45499999999999996,0.3485,,0.3485,0,1277,0.0043,24.87,24.98,25.08,24.62,2026-07-01,3,False
HUT,Financials,Capital Markets,BB,BB 跌破下軌 (超賣),None,0.0,0.45499999999999996,0.3485,,0.3485,0,1277,0.0043,105.79,106.24,106.7,104.73,2026-07-01,3,False
RIOT,Financials,Capital Markets,BB,BB 跌破下軌 (超賣),None,0.0,0.45499999999999996,0.3485,,0.3485,0,1277,0.0043,23.96,24.06,24.17,23.72,2026-07-01,3,False
PNC,Financials,Banks - Regional,RSI,RSI 加速上升,None,0.0,0.5525,0.3476,0.3476,0.3014,164,11488,0.009,246.22,248.44,250.65,243.76,2026-06-30,3,False
ERIE,Financials,Insurance Brokers,RSI,RSI 動能加速（強勢區）,None,0.0,0.51,0.3462,0.3462,0.279,26,3129,0.0122,249.27,252.31,255.35,246.78,2026-07-01,3,False
AES,Utilities,Utilities - Diversified,RSI,RSI 維持強勢 (50-70),None,0.0,0.51,0.3459,0.3459,0.2471,185,8831,0.0049,14.64,14.71,14.78,14.49,2026-07-01,3,False
VLYPO,Financials,Banks - Regional,RSI,RSI 維持強勢 (50-70),None,0.0,0.51,0.3448,,0.3448,0,609,0.0048,24.9,25.02,25.14,24.65,2026-06-30,3,True
VLO,Energy,Oil & Gas Refining & Marketing,BB,價格在 BB 中軌上方,None,0.0,0.425,0.3448,0.3448,0.2998,232,5768,0.0031,269.44,270.28,271.11,266.75,2026-07-01,3,False
CRWV,Information Technology,Software - Infrastructure,BB,BB 跌破下軌 (超賣),None,0.0,0.45499999999999996,0.3447,,0.3447,0,1001,0.0043,85.685,86.05,86.42,84.83,2026-07-01,3,False
BIIB,Health Care,Drug Manufacturers - General,RSI,RSI 維持強勢 (50-70),None,0.0,0.51,0.3444,0.3444,0.2772,151,12123,0.0031,209.74,210.39,211.04,207.64,2026-07-01,3,False
BNJ,Unknown,Unknown,BB,BB 跌破下軌 (超賣),None,0.0,0.45499999999999996,0.344,,0.344,0,125,0.0041,14.67,14.73,14.79,14.52,2026-06-30,3,True
MLM,Materials,Building Materials,BB,BB 中軌向上（上升趨勢）,None,0.0,0.51,0.3436,0.3436,0.2853,195,5036,0.0109,579.24,585.55,591.87,573.45,2026-07-01,3,False
INTU,Information Technology,Software - Application,RSI,RSI 加速上升,None,0.0,0.5525,0.3432,0.3432,0.3693,169,10688,-0.0039,267.08,266.04,265.0,264.41,2026-07-01,3,False
TBB,Unknown,Unknown,RSI,RSI 加速上升,None,0.0,0.5525,0.3406,,0.3406,0,461,0.0065,20.48,20.61,20.75,20.28,2026-06-30,3,True
ZBH,Health Care,Medical Devices,BB,BB 中軌向上（上升趨勢）,None,0.0,0.51,0.3402,,0.3402,0,579,0.0005,86.09,86.13,86.18,85.23,2026-06-30,3,True
DE,Industrials,Farm & Heavy Construction Machinery,RSI,RSI 加速上升,None,0.0,0.5525,0.3393,0.3393,0.2981,112,11545,0.0046,634.33,637.25,640.17,627.99,2026-06-30,3,False
NEE,Utilities,Utilities - Regulated Electric,RSI,RSI 維持強勢 (50-70),None,0.0,0.51,0.3388,0.3388,0.2471,242,8831,0.0052,87.77,88.23,88.68,86.89,2026-06-30,3,False
DASH,Consumer Discretionary,Internet Retail,RSI,RSI 維持強勢 (50-70),None,0.0,0.51,0.3377,0.3377,0.2995,231,10441,0.001,188.87,189.06,189.25,186.98,2026-07-01,3,False
AUR,Consumer Discretionary,Auto Parts,MACD,MACD 突破 0 軸,None,0.0,0.595,0.3351,,0.3351,0,376,0.0114,7.07,7.15,7.23,7.0,2026-07-01,3,False
FLUT,Consumer Discretionary,Gambling,MACD,MACD 突破 0 軸,None,0.0,0.595,0.3351,,0.3351,0,376,0.0114,105.39,106.59,107.79,104.34,2026-07-01,3,False
MELI,Consumer Discretionary,Internet Retail,MACD,MACD 突破 0 軸,None,0.0,0.595,0.3351,,0.3351,0,376,0.0114,1742.1899,1762.05,1781.91,1724.77,2026-07-01,3,False
SCI,Consumer Discretionary,Personal Services,MACD,MACD 突破 0 軸,None,0.0,0.595,0.3351,,0.3351,0,376,0.0114,76.75,77.62,78.5,75.98,2026-07-01,3,False
PNR,Industrials,Specialty Industrial Machinery,BB,BB 中軌向上（上升趨勢）,None,0.0,0.51,0.335,0.335,0.2929,197,17460,0.0051,76.38,76.77,77.16,75.62,2026-07-01,3,False
AMX,Communication Services,Telecom Services,KDJ,KDJ 金叉,None,0.0,0.5525,0.3345,,0.3345,0,550,0.0065,26.75,26.92,27.1,26.48,2026-06-29,3,False
NYT,Communication Services,Publishing,KDJ,KDJ 金叉,None,0.0,0.5525,0.3345,,0.3345,0,550,0.0065,70.65,71.11,71.57,69.94,2026-06-29,3,False
RBLX,Communication Services,Electronic Gaming & Multimedia,KDJ,KDJ 金叉,None,0.0,0.5525,0.3345,,0.3345,0,550,0.0065,54.34,54.69,55.05,53.8,2026-06-29,3,False
RDDT,Communication Services,Internet Content & Information,KDJ,KDJ 金叉,None,0.0,0.5525,0.3345,,0.3345,0,550,0.0065,174.39,175.52,176.66,172.65,2026-06-29,3,False
ROKU,Communication Services,Entertainment,KDJ,KDJ 金叉,None,0.0,0.5525,0.3345,,0.3345,0,550,0.0065,140.51,141.42,142.34,139.1,2026-07-01,3,False
CB,Financials,Insurance - Property & Casualty,RSI,RSI 維持強勢 (50-70),Consolidation Breakout,0.85,1.0,0.3333,0.3333,0.2725,21,1479,0.0064,351.73,353.98,356.23,348.21,2026-07-01,3,False
MKC,Consumer Staples,Packaged Foods,RSI,RSI 動能加速（強勢區）,Consolidation Breakout,0.73,1.0,0.3333,0.3333,0.2243,6,419,0.0022,52.91,53.03,53.14,52.38,2026-07-01,3,False
PINS,Communication Services,Internet Content & Information,MACD,MACD 突破 0 軸,None,0.0,0.595,0.3333,,0.3333,0,165,0.0084,21.88,22.06,22.25,21.66,2026-06-29,3,False
CRL,Health Care,Diagnostics & Research,RSI,RSI 加速上升,None,0.0,0.5525,0.3333,0.3333,0.2803,174,8492,-0.007,229.09,227.49,225.88,226.8,2026-07-01,3,False
DHI,Consumer Discretionary,Residential Construction,RSI,RSI 加速上升,None,0.0,0.5525,0.3333,0.3333,0.3117,135,6796,0.0027,164.23,164.67,165.12,162.59,2026-06-29,3,False
LOW,Consumer Discretionary,Home Improvement Retail,KDJ,KDJ 金叉,None,0.0,0.5525,0.3333,0.3333,0.3183,24,1244,0.008,221.92,223.7,225.47,219.7,2026-07-01,3,False
NTAP,Information Technology,Software - Infrastructure,KDJ,KDJ 金叉,None,0.0,0.5525,0.3333,0.3333,0.3918,24,1955,0.0005,155.06,155.14,155.22,153.51,2026-06-29,3,False
SBAC,Real Estate,REIT - Specialty,KDJ,KDJ 金叉,None,0.0,0.5525,0.3333,0.3333,0.2818,18,550,-0.006,180.75,179.67,178.58,178.94,2026-07-01,3,False
AOS,Industrials,Specialty Industrial Machinery,BB,BB 中軌向上（上升趨勢）,None,0.0,0.51,0.3333,0.3333,0.2929,138,17460,0.0049,62.14,62.44,62.75,61.52,2026-07-01,3,False
CAG,Consumer Staples,Packaged Foods,BB,BB 中軌向上（上升趨勢）,None,0.0,0.51,0.3333,0.3333,0.2466,114,6128,0.0085,14.3,14.42,14.54,14.16,2026-07-01,3,False
VZ,Communication Services,Telecom Services,BB,BB 跌破下軌 (超賣),None,0.0,0.45499999999999996,0.3333,0.3333,0.3194,6,144,0.0041,42.34,42.51,42.69,41.92,2026-06-30,3,True
ZTS,Health Care,Drug Manufacturers - Specialty & Generic,BB,BB 跌破下軌 (超賣),None,0.0,0.45499999999999996,0.3333,0.3333,0.2752,9,974,0.0084,71.86,72.46,73.07,71.14,2026-06-30,3,False
CVE,Energy,Oil & Gas Integrated,KDJ,KDJ 超賣區金叉,None,0.0,0.5599999999999999,0.3319,,0.3319,0,232,0.0088,24.99,25.21,25.43,24.74,2026-06-29,3,False
WDS,Energy,Oil & Gas E&P,KDJ,KDJ 超賣區金叉,None,0.0,0.5599999999999999,0.3319,,0.3319,0,232,0.0088,19.32,19.49,19.66,19.13,2026-06-30,3,False
CHTR,Communication Services,Telecom Services,RSI,RSI 維持強勢 (50-70),None,0.0,0.51,0.3315,0.3315,0.3082,178,5205,-0.0055,142.21,141.43,140.65,140.79,2026-06-30,3,False
HSIC,Health Care,Medical Distribution,BB,價格在 BB 中軌上方,None,0.0,0.425,0.3314,0.3314,0.2804,169,14417,-0.0009,84.52,84.44,84.37,83.67,2026-07-01,3,False
MSCI,Financials,Financial Data & Stock Exchanges,RSI,RSI 加速上升,None,0.0,0.5525,0.3305,0.3305,0.3014,118,11488,0.0064,582.03,585.75,589.48,576.21,2026-07-01,3,False
APG,Industrials,Engineering & Construction,MACD,MACD 金叉 (空頭區),None,0.0,0.42,0.3303,,0.3303,0,875,0.0053,42.35,42.57,42.8,41.93,2026-06-30,3,False
ULS,Industrials,Specialty Business Services,MACD,MACD 金叉 (空頭區),None,0.0,0.42,0.3303,,0.3303,0,875,0.0053,100.07,100.6,101.13,99.07,2026-06-29,3,False
ARCC,Financials,Asset Management,MACD,MACD 突破 0 軸,None,0.0,0.595,0.3301,,0.3301,0,618,0.0061,18.66,18.77,18.89,18.47,2026-07-01,3,False
NU,Financials,Banks - Regional,MACD,MACD 突破 0 軸,None,0.0,0.595,0.3301,,0.3301,0,618,0.0061,13.36,13.44,13.52,13.23,2026-06-30,3,False
TRU,Financials,Financial Data & Stock Exchanges,MACD,MACD 突破 0 軸,None,0.0,0.595,0.3301,,0.3301,0,618,0.0061,72.14,72.58,73.02,71.42,2026-06-30,3,False
BCE,Communication Services,Telecom Services,BB,BB 跌破下軌 (超賣),None,0.0,0.45499999999999996,0.33,,0.33,0,397,0.0048,21.02,21.12,21.22,20.81,2026-07-01,3,False
RCI,Communication Services,Telecom Services,BB,BB 跌破下軌 (超賣),None,0.0,0.45499999999999996,0.33,,0.33,0,397,0.0048,32.12,32.27,32.43,31.8,2026-07-01,3,False
TU,Communication Services,Telecom Services,BB,BB 跌破下軌 (超賣),None,0.0,0.45499999999999996,0.33,,0.33,0,397,0.0048,10.52,10.57,10.62,10.41,2026-07-01,3,False
VOD,Communication Services,Telecom Services,BB,BB 跌破下軌 (超賣),None,0.0,0.45499999999999996,0.33,,0.33,0,397,0.0048,13.01,13.07,13.13,12.88,2026-07-01,3,False
LULU,Consumer Discretionary,Apparel Retail,RSI,RSI 加速上升,None,0.0,0.5525,0.3294,0.3294,0.3117,170,6796,-0.0063,116.4,115.67,114.93,115.24,2026-07-01,3,False
HSY,Consumer Staples,Confectioners,RSI,RSI 加速上升,None,0.0,0.5525,0.3286,0.3286,0.2439,140,5343,0.0035,181.58,182.22,182.85,179.76,2026-06-29,3,False
CM,Financials,Banks - Diversified,RSI,RSI 維持強勢 (50-70),Support,0.7,1.0,0.3276,,0.3276,0,58,0.0022,113.57,113.82,114.07,112.43,2026-06-29,3,False
NMR,Financials,Capital Markets,RSI,RSI 維持強勢 (50-70),Support,0.9,1.0,0.3276,,0.3276,0,58,0.0022,8.77,8.79,8.81,8.68,2026-06-29,3,False
SLF,Financials,Insurance - Diversified,RSI,RSI 維持強勢 (50-70),Support,0.9,1.0,0.3276,,0.3276,0,58,0.0022,78.09,78.26,78.43,77.31,2026-06-29,3,False
SMFG,Financials,Banks - Diversified,RSI,RSI 維持強勢 (50-70),Support,0.8,1.0,0.3276,,0.3276,0,58,0.0022,23.71,23.76,23.81,23.47,2026-06-29,3,False
EIX,Utilities,Utilities - Regulated Electric,BB,BB 中軌向上（上升趨勢）,None,0.0,0.51,0.3276,0.3276,0.249,232,7232,0.0063,73.5,73.96,74.43,72.77,2026-07-01,3,False
TFC,Financials,Banks - Regional,RSI,RSI 加速上升,None,0.0,0.5525,0.3272,0.3272,0.3014,162,11488,0.008,50.58,50.98,51.39,50.07,2026-06-29,3,False
DVA,Health Care,Medical Care Facilities,RSI,RSI 加速上升,None,0.0,0.5525,0.3269,0.3269,0.2803,156,8492,0.0082,228.03,229.9,231.77,225.75,2026-07-01,3,False
LEN,Consumer Discretionary,Residential Construction,RSI,RSI 加速上升,None,0.0,0.5525,0.3265,0.3265,0.3117,147,6796,0.0031,90.85,91.13,91.41,89.94,2026-06-29,3,False
LNG,Energy,Oil & Gas Midstream,RSI,RSI 動能加速（強勢區）,None,0.0,0.51,0.3265,,0.3265,0,873,0.0005,243.92,244.04,244.16,241.48,2026-07-01,3,False
SUN,Energy,Oil & Gas Refining & Marketing,RSI,RSI 動能加速（強勢區）,None,0.0,0.51,0.3265,,0.3265,0,873,0.0005,68.56,68.59,68.63,67.87,2026-06-29,3,False
TMO,Health Care,Diagnostics & Research,RSI,RSI 維持強勢 (50-70),None,0.0,0.51,0.3265,0.3265,0.2772,196,12123,0.0039,517.6,519.62,521.64,512.42,2026-07-06,3,False
AGNC,Real Estate,REIT - Mortgage,RSI,RSI 加速上升,None,0.0,0.5525,0.3264,,0.3264,0,193,0.0078,11.0,11.09,11.17,10.89,2026-06-29,3,True
NLY,Real Estate,REIT - Mortgage,RSI,RSI 加速上升,None,0.0,0.5525,0.3264,,0.3264,0,193,0.0078,23.15,23.33,23.51,22.92,2026-06-29,3,True
AEP,Utilities,Utilities - Regulated Electric,RSI,RSI 維持強勢 (50-70),None,0.0,0.51,0.3262,0.3262,0.2471,279,8831,0.0058,135.05,135.83,136.62,133.7,2026-07-01,3,False
AGNCZ,Real Estate,REIT - Mortgage,RSI,RSI 維持強勢 (50-70),None,0.0,0.51,0.3261,,0.3261,0,230,0.0069,25.42,25.6,25.77,25.17,2026-06-29,3,True
APP,Communication Services,Advertising Agencies,MACD,MACD 金叉 (空頭區),None,0.0,0.42,0.3254,,0.3254,0,252,0.0044,564.61,567.09,569.58,558.96,2026-07-01,3,False
BIDU,Communication Services,Internet Content & Information,MACD,MACD 金叉 (空頭區),None,0.0,0.42,0.3254,,0.3254,0,252,0.0044,117.94,118.46,118.98,116.76,2026-07-01,3,False
GS,Financials,Capital Markets,BB,BB 中軌向上（上升趨勢）,None,0.0,0.51,0.3248,0.3248,0.2681,311,16575,0.0104,1020.21,1030.82,1041.43,1010.01,2026-06-29,3,False
RVTY,Health Care,Diagnostics & Research,BB,價格在 BB 中軌上方,None,0.0,0.425,0.3247,0.3247,0.2804,194,14417,-0.0022,112.84,112.59,112.34,111.71,2026-07-01,3,False
GSAT,Communication Services,Telecom Services,RSI,RSI 上穿 50 中性線,None,0.0,0.4675,0.3243,,0.3243,0,518,0.004,81.13,81.45,81.78,80.32,2026-06-29,3,False
SPOT,Communication Services,Internet Content & Information,RSI,RSI 上穿 50 中性線,None,0.0,0.4675,0.3243,,0.3243,0,518,0.004,472.48,474.37,476.26,467.76,2026-07-01,3,False
A,Health Care,Diagnostics & Research,RSI,RSI 維持強勢 (50-70),None,0.0,0.51,0.3237,0.3237,0.2772,207,12123,0.0002,133.39,133.42,133.44,132.06,2026-07-01,3,False
HTHT,Consumer Discretionary,Lodging,MACD,MACD 金叉 (空頭區),None,0.0,0.42,0.3233,,0.3233,0,529,0.0066,43.27,43.56,43.84,42.84,2026-06-29,3,False
NIO,Consumer Discretionary,Auto Manufacturers,MACD,MACD 金叉 (空頭區),None,0.0,0.42,0.3233,,0.3233,0,529,0.0066,5.06,5.09,5.13,5.01,2026-06-30,3,False
TM,Consumer Discretionary,Auto Manufacturers,MACD,MACD 金叉 (空頭區),None,0.0,0.42,0.3233,,0.3233,0,529,0.0066,171.36,172.49,173.62,169.65,2026-06-29,3,False
AM,Energy,Oil & Gas Midstream,RSI,RSI 加速上升,None,0.0,0.5525,0.3227,,0.3227,0,3306,0.0024,22.8,22.85,22.91,22.57,2026-06-29,3,False
ET,Energy,Oil & Gas Midstream,RSI,RSI 加速上升,None,0.0,0.5525,0.3227,,0.3227,0,3306,0.0024,19.06,19.11,19.15,18.87,2026-06-29,3,False
VG,Energy,Oil & Gas Midstream,RSI,RSI 加速上升,None,0.0,0.5525,0.3227,,0.3227,0,3306,0.0024,11.03,11.06,11.08,10.92,2026-07-01,3,False
EMBJ,Industrials,Aerospace & Defense,KDJ,KDJ 金叉,None,0.0,0.5525,0.3223,,0.3223,0,2110,0.0051,63.8,64.13,64.45,63.16,2026-06-30,3,False
GFL,Industrials,Waste Management,KDJ,KDJ 金叉,None,0.0,0.5525,0.3223,,0.3223,0,2110,0.0051,37.42,37.61,37.8,37.05,2026-07-01,3,False
R,Industrials,Rental & Leasing Services,KDJ,KDJ 金叉,None,0.0,0.5525,0.3223,,0.3223,0,2110,0.0051,263.77,265.12,266.46,261.13,2026-06-30,3,False
RKLB,Industrials,Aerospace & Defense,KDJ,KDJ 金叉,None,0.0,0.5525,0.3223,,0.3223,0,2110,0.0051,98.01,98.51,99.01,97.03,2026-06-29,3,False
XPO,Industrials,Trucking,KDJ,KDJ 金叉,None,0.0,0.5525,0.3223,,0.3223,0,2110,0.0051,206.14,207.19,208.24,204.08,2026-06-29,3,False
ZTO,Industrials,Integrated Freight & Logistics,KDJ,KDJ 金叉,None,0.0,0.5525,0.3223,,0.3223,0,2110,0.0051,22.18,22.29,22.41,21.96,2026-06-29,3,False
GL,Financials,Insurance - Life,RSI,RSI 加速上升,None,0.0,0.5525,0.3221,0.3221,0.3014,149,11488,0.0145,179.25,181.85,184.45,177.46,2026-06-29,3,False
NTES,Communication Services,Electronic Gaming & Multimedia,MACD,MACD 金叉 (多頭區),None,0.0,0.68,0.3214,,0.3214,0,140,0.0096,128.14,129.37,130.6,126.86,2026-06-30,3,False
TIGO,Communication Services,Telecom Services,MACD,MACD 金叉 (多頭區),None,0.0,0.68,0.3214,,0.3214,0,140,0.0096,92.26,93.15,94.03,91.34,2026-06-29,3,False
BSBR,Financials,Banks - Regional,MACD,MACD 金叉 (空頭區),None,0.0,0.42,0.3214,,0.3214,0,865,0.0073,5.23,5.27,5.31,5.18,2026-06-29,3,False
CET,Financials,Asset Management,MACD,MACD 金叉 (空頭區),None,0.0,0.42,0.3214,,0.3214,0,865,0.0073,52.94,53.33,53.71,52.41,2026-07-01,3,False
STRD,Information Technology,Software - Application,RSI,RSI 加速上升,Morning Star,0.8,1.0,0.3211,,0.3211,0,109,0.012,60.27,60.99,61.72,59.67,2026-07-01,3,False
TEAM,Information Technology,Software - Application,RSI,RSI 加速上升,Morning Star,0.8,1.0,0.3211,,0.3211,0,109,0.012,83.17,84.17,85.17,82.34,2026-07-01,3,False
TROW,Financials,Asset Management,RSI,RSI 動能加速（強勢區）,None,0.0,0.51,0.3211,,0.3211,0,246,0.0049,114.38,114.94,115.5,113.24,2026-06-29,3,True
HCA,Health Care,Medical Care Facilities,RSI,RSI 維持強勢 (50-70),None,0.0,0.51,0.321,0.321,0.2772,271,12123,0.0051,393.24,395.25,397.25,389.31,2026-07-01,3,False
REGN,Health Care,Biotechnology,BB,價格在 BB 中軌上方,None,0.0,0.425,0.3207,0.3207,0.2804,290,14417,0.0008,624.72,625.22,625.72,618.47,2026-07-01,3,False
MMM,Industrials,Conglomerates,BB,BB 中軌向上（上升趨勢）,None,0.0,0.51,0.3206,0.3206,0.2929,209,17460,0.0049,159.15,159.93,160.71,157.56,2026-07-06,3,False
IT,Information Technology,Information Technology Services,RSI,RSI 加速上升,None,0.0,0.5525,0.3205,0.3205,0.3693,156,10688,-0.0025,133.76,133.43,133.09,132.42,2026-07-01,3,False
KEY,Financials,Banks - Regional,BB,價格在 BB 中軌上方,None,0.0,0.425,0.3203,0.3203,0.2847,231,21689,0.0035,23.25,23.33,23.41,23.02,2026-07-01,3,False
SHW,Materials,Specialty Chemicals,RSI,RSI 加速上升,None,0.0,0.5525,0.32,0.32,0.3048,100,3639,0.0092,346.05,349.23,352.42,342.59,2026-07-01,3,False
GEHC,Health Care,Medical Devices,RSI,RSI 上穿 50 中性線,None,0.0,0.4675,0.32,0.32,0.3144,25,1323,0.0005,64.86,64.89,64.92,64.21,2026-07-01,3,False
T,Communication Services,Telecom Services,BB,BB 跌破下軌 (超賣),None,0.0,0.45499999999999996,0.3194,,0.3194,0,144,0.0009,20.7,20.72,20.74,20.49,2026-06-30,3,True
TTWO,Communication Services,Electronic Gaming & Multimedia,RSI,RSI 加速上升,None,0.0,0.5525,0.3191,0.3191,0.3116,141,3322,0.009,250.32,252.57,254.83,247.82,2026-07-01,3,False
DOC,Real Estate,REIT - Healthcare Facilities,RSI,RSI 維持強勢 (50-70),None,0.0,0.51,0.3188,0.3188,0.2509,207,7011,0.004,21.64,21.73,21.81,21.42,2026-07-01,3,False
CPNG,Consumer Discretionary,Internet Retail,KDJ,KDJ 金叉,None,0.0,0.5525,0.3183,,0.3183,0,1244,0.0033,18.13,18.19,18.25,17.95,2026-07-01,3,False
DKNG,Consumer Discretionary,Gambling,KDJ,KDJ 金叉,None,0.0,0.5525,0.3183,,0.3183,0,1244,0.0033,25.8,25.89,25.97,25.54,2026-06-29,3,False
FIVE,Consumer Discretionary,Specialty Retail,KDJ,KDJ 金叉,None,0.0,0.5525,0.3183,,0.3183,0,1244,0.0033,182.64,183.24,183.85,180.81,2026-07-01,3,False
MGA,Consumer Discretionary,Auto Parts,KDJ,KDJ 金叉,None,0.0,0.5525,0.3183,,0.3183,0,1244,0.0033,65.66,65.88,66.09,65.0,2026-06-30,3,False
SWK,Industrials,Tools & Accessories,BB,價格在 BB 中軌上方,None,0.0,0.425,0.3182,0.3182,0.295,198,22337,-0.0023,91.34,91.13,90.92,90.43,2026-07-01,3,False
HAS,Consumer Discretionary,Leisure,BB,價格在 BB 中軌上方,None,0.0,0.425,0.318,0.318,0.2984,305,12430,0.0053,84.44,84.89,85.34,83.6,2026-06-29,3,False
SNN,Health Care,Medical Devices,BB,BB 跌破下軌 (超賣),None,0.0,0.45499999999999996,0.3173,,0.3173,0,375,-0.0037,28.81,28.7,28.6,28.52,2026-06-30,3,True
AZN,Health Care,Drug Manufacturers - General,MACD,MACD 突破 0 軸,None,0.0,0.595,0.3171,,0.3171,0,432,0.0028,190.95,191.48,192.02,189.04,2026-06-29,3,False
BNTX,Health Care,Biotechnology,MACD,MACD 突破 0 軸,None,0.0,0.595,0.3171,,0.3171,0,432,0.0028,93.92,94.18,94.45,92.98,2026-07-01,3,False
GMAB,Health Care,Biotechnology,MACD,MACD 突破 0 軸,None,0.0,0.595,0.3171,,0.3171,0,432,0.0028,27.47,27.55,27.62,27.2,2026-06-30,3,False
GMED,Health Care,Medical Devices,MACD,MACD 突破 0 軸,None,0.0,0.595,0.3171,,0.3171,0,432,0.0028,83.94,84.18,84.41,83.1,2026-06-29,3,False
HLN,Health Care,Drug Manufacturers - Specialty & Generic,MACD,MACD 突破 0 軸,None,0.0,0.595,0.3171,,0.3171,0,432,0.0028,9.33,9.36,9.38,9.24,2026-06-29,3,False
MDLN,Health Care,Medical Instruments & Supplies,MACD,MACD 突破 0 軸,None,0.0,0.595,0.3171,,0.3171,0,432,0.0028,39.44,39.55,39.66,39.05,2026-06-30,3,False
MAS,Industrials,Building Products & Equipment,BB,價格在 BB 中軌上方,None,0.0,0.425,0.3171,0.3171,0.295,205,22337,0.0014,81.64,81.75,81.87,80.82,2026-07-01,3,False
STT,Financials,Asset Management,RSI,RSI 維持強勢 (50-70),None,0.0,0.51,0.316,0.316,0.2842,288,19108,0.0038,169.67,170.31,170.96,167.97,2026-07-01,3,False
PEP,Consumer Staples,Beverages - Non-Alcoholic,KDJ,KDJ 金叉,None,0.0,0.5525,0.3158,0.3158,0.2503,19,779,0.0068,141.16,142.12,143.08,139.75,2026-07-01,3,False
WBD,Communication Services,Entertainment,RSI,RSI 上穿 50 中性線,None,0.0,0.4675,0.3158,0.3158,0.3243,19,518,-0.0022,27.13,27.07,27.01,26.86,2026-06-29,3,False
IQV,Health Care,Diagnostics & Research,RSI,RSI 維持強勢 (50-70),None,0.0,0.51,0.315,0.315,0.2772,200,12123,0.0008,193.22,193.37,193.53,191.29,2026-06-30,3,False
ALNY,Health Care,Biotechnology,RSI,RSI 上穿 50 中性線,None,0.0,0.4675,0.3144,,0.3144,0,1323,0.003,293.52,294.4,295.28,290.58,2026-06-29,3,False
INSM,Health Care,Biotechnology,RSI,RSI 上穿 50 中性線,None,0.0,0.4675,0.3144,,0.3144,0,1323,0.003,104.74,105.05,105.37,103.69,2026-06-29,3,False
SNY,Health Care,Drug Manufacturers - General,RSI,RSI 上穿 50 中性線,None,0.0,0.4675,0.3144,,0.3144,0,1323,0.003,43.43,43.56,43.69,43.0,2026-06-29,3,False
TEVA,Health Care,Drug Manufacturers - Specialty & Generic,RSI,RSI 上穿 50 中性線,None,0.0,0.4675,0.3144,,0.3144,0,1323,0.003,33.88,33.98,34.08,33.54,2026-06-30,3,False
ROK,Industrials,Specialty Industrial Machinery,RSI,RSI 動能加速（強勢區）,None,0.0,0.51,0.3143,0.3143,0.2891,35,3037,-0.0013,495.08,494.44,493.79,490.13,2026-06-30,3,False
AEG,Financials,Insurance - Diversified,KDJ,KDJ 金叉,None,0.0,0.5525,0.3142,,0.3142,0,1932,0.0041,8.56,8.6,8.63,8.47,2026-07-01,3,False
BAM,Financials,Asset Management,KDJ,KDJ 金叉,None,0.0,0.5525,0.3142,,0.3142,0,1932,0.0041,45.4,45.59,45.77,44.95,2026-07-01,3,False
BAP,Financials,Banks - Regional,KDJ,KDJ 金叉,None,0.0,0.5525,0.3142,,0.3142,0,1932,0.0041,389.58,391.18,392.77,385.68,2026-06-30,3,False
BBDO,Financials,Banks - Regional,KDJ,KDJ 金叉,None,0.0,0.5525,0.3142,,0.3142,0,1932,0.0041,3.02,3.03,3.04,2.99,2026-06-29,3,False
BBVA,Financials,Banks - Diversified,KDJ,KDJ 金叉,None,0.0,0.5525,0.3142,,0.3142,0,1932,0.0041,25.06,25.16,25.27,24.81,2026-06-30,3,False
BSAC,Financials,Banks - Regional,KDJ,KDJ 金叉,None,0.0,0.5525,0.3142,,0.3142,0,1932,0.0041,32.93,33.07,33.2,32.6,2026-06-30,3,False
CG,Financials,Asset Management,KDJ,KDJ 金叉,None,0.0,0.5525,0.3142,,0.3142,0,1932,0.0041,42.33,42.5,42.68,41.91,2026-07-01,3,False
FNF,Financials,Insurance - Specialty,KDJ,KDJ 金叉,None,0.0,0.5525,0.3142,,0.3142,0,1932,0.0041,47.59,47.79,47.98,47.11,2026-06-29,3,False
KB,Financials,Banks - Regional,KDJ,KDJ 金叉,None,0.0,0.5525,0.3142,,0.3142,0,1932,0.0041,104.96,105.39,105.82,103.91,2026-06-30,3,False
LPLA,Financials,Capital Markets,KDJ,KDJ 金叉,None,0.0,0.5525,0.3142,,0.3142,0,1932,0.0041,293.27,294.47,295.67,290.34,2026-07-01,3,False
MFC,Financials,Insurance - Life,KDJ,KDJ 金叉,None,0.0,0.5525,0.3142,,0.3142,0,1932,0.0041,40.72,40.89,41.05,40.31,2026-07-01,3,False
NWG,Financials,Banks - Regional,KDJ,KDJ 金叉,None,0.0,0.5525,0.3142,,0.3142,0,1932,0.0041,17.45,17.52,17.59,17.28,2026-06-29,3,False
PS,Financials,Asset Management,KDJ,KDJ 金叉,None,0.0,0.5525,0.3142,,0.3142,0,1932,0.0041,33.19,33.33,33.46,32.86,2026-06-29,3,False
PUK,Financials,Insurance - Life,KDJ,KDJ 金叉,None,0.0,0.5525,0.3142,,0.3142,0,1932,0.0041,27.69,27.8,27.92,27.41,2026-07-01,3,False
SAN,Financials,Banks - Diversified,KDJ,KDJ 金叉,None,0.0,0.5525,0.3142,,0.3142,0,1932,0.0041,13.8,13.86,13.91,13.66,2026-06-30,3,False
SEIC,Financials,Asset Management,KDJ,KDJ 金叉,None,0.0,0.5525,0.3142,,0.3142,0,1932,0.0041,90.05,90.42,90.79,89.15,2026-07-01,3,False
SHG,Financials,Banks - Regional,KDJ,KDJ 金叉,None,0.0,0.5525,0.3142,,0.3142,0,1932,0.0041,62.52,62.78,63.03,61.89,2026-07-01,3,False
SOFI,Financials,Credit Services,KDJ,KDJ 金叉,None,0.0,0.5525,0.3142,,0.3142,0,1932,0.0041,18.19,18.26,18.34,18.01,2026-06-29,3,False
TPG,Financials,Asset Management,KDJ,KDJ 金叉,None,0.0,0.5525,0.3142,,0.3142,0,1932,0.0041,40.5,40.67,40.83,40.09,2026-07-01,3,False
UNM,Financials,Insurance - Life,KDJ,KDJ 金叉,None,0.0,0.5525,0.3142,,0.3142,0,1932,0.0041,91.4,91.77,92.15,90.49,2026-07-01,3,False
CDE,Materials,Gold,KDJ,KDJ 金叉,None,0.0,0.5525,0.314,,0.314,0,637,0.0047,16.54,16.62,16.7,16.37,2026-07-01,3,False
HL,Materials,Other Precious Metals & Mining,KDJ,KDJ 金叉,None,0.0,0.5525,0.314,,0.314,0,637,0.0047,15.59,15.66,15.74,15.43,2026-07-01,3,False
SQM,Materials,Specialty Chemicals,KDJ,KDJ 金叉,None,0.0,0.5525,0.314,,0.314,0,637,0.0047,74.22,74.57,74.92,73.48,2026-07-01,3,False
FWONA,Communication Services,Entertainment,RSI,RSI 動能加速（強勢區）,None,0.0,0.51,0.3135,,0.3135,0,772,0.0011,90.44,90.54,90.64,89.54,2026-07-01,3,False
FWONK,Communication Services,Entertainment,RSI,RSI 動能加速（強勢區）,None,0.0,0.51,0.3135,,0.3135,0,772,0.0011,98.38,98.49,98.6,97.4,2026-07-01,3,False
NBIS,Communication Services,Internet Content & Information,RSI,RSI 動能加速（強勢區）,None,0.0,0.51,0.3135,,0.3135,0,772,0.0011,276.17,276.47,276.78,273.41,2026-06-30,3,False
PKG,Consumer Discretionary,Packaging & Containers,RSI,RSI 維持強勢 (50-70),Support,0.9,1.0,0.3125,,0.3125,0,32,-0.0041,237.65,236.68,235.7,235.27,2026-06-29,3,False
GIS,Consumer Staples,Packaged Foods,KDJ,KDJ 金叉,None,0.0,0.5525,0.3125,0.3125,0.2503,16,779,0.0079,37.77,38.07,38.37,37.39,2026-07-01,3,False
TSCO,Consumer Discretionary,Specialty Retail,RSI,RSI 動能加速（強勢區）,None,0.0,0.51,0.3125,0.3125,0.3027,32,1665,-0.004,32.26,32.13,32.0,31.94,2026-07-01,3,False
PGR,Financials,Insurance - Property & Casualty,BB,BB 中軌向上（上升趨勢）,None,0.0,0.51,0.3119,0.3119,0.2681,202,16575,0.0077,225.3,227.03,228.77,223.05,2026-07-01,3,False
AMCR,Consumer Discretionary,Packaging & Containers,RSI,RSI 加速上升,None,0.0,0.5525,0.3117,,0.3117,0,6796,0.004,43.64,43.81,43.99,43.2,2026-07-01,3,False
AVY,Consumer Discretionary,Packaging & Containers,RSI,RSI 加速上升,None,0.0,0.5525,0.3117,,0.3117,0,6796,0.004,162.35,163.0,163.65,160.73,2026-06-30,3,False
BALL,Consumer Discretionary,Packaging & Containers,RSI,RSI 加速上升,None,0.0,0.5525,0.3117,,0.3117,0,6796,0.004,62.4,62.65,62.9,61.78,2026-06-30,3,False
BROS,Consumer Discretionary,Restaurants,RSI,RSI 加速上升,None,0.0,0.5525,0.3117,,0.3117,0,6796,0.004,73.31,73.6,73.9,72.58,2026-07-01,3,False
CART,Consumer Discretionary,Internet Retail,RSI,RSI 加速上升,None,0.0,0.5525,0.3117,,0.3117,0,6796,0.004,47.23,47.42,47.61,46.76,2026-06-29,3,False
CCK,Consumer Discretionary,Packaging & Containers,RSI,RSI 加速上升,None,0.0,0.5525,0.3117,,0.3117,0,6796,0.004,111.82,112.27,112.71,110.7,2026-06-30,3,False
QSR,Consumer Discretionary,Restaurants,RSI,RSI 加速上升,None,0.0,0.5525,0.3117,,0.3117,0,6796,0.004,73.25,73.54,73.84,72.52,2026-06-29,3,False
SGI,Consumer Discretionary,"Furnishings, Fixtures & Appliances",RSI,RSI 加速上升,None,0.0,0.5525,0.3117,,0.3117,0,6796,0.004,78.4,78.71,79.03,77.62,2026-06-30,3,False
SN,Consumer Discretionary,"Furnishings, Fixtures & Appliances",RSI,RSI 加速上升,None,0.0,0.5525,0.3117,,0.3117,0,6796,0.004,151.84,152.45,153.05,150.32,2026-07-01,3,False
TOL,Consumer Discretionary,Residential Construction,RSI,RSI 加速上升,None,0.0,0.5525,0.3117,,0.3117,0,6796,0.004,164.75,165.41,166.07,163.1,2026-06-30,3,False
TXRH,Consumer Discretionary,Restaurants,RSI,RSI 加速上升,None,0.0,0.5525,0.3117,,0.3117,0,6796,0.004,193.23,194.0,194.78,191.3,2026-06-30,3,False
VIK,Consumer Discretionary,Travel Services,RSI,RSI 加速上升,None,0.0,0.5525,0.3117,,0.3117,0,6796,0.004,104.95,105.37,105.79,103.9,2026-06-29,3,False
W,Consumer Discretionary,Internet Retail,RSI,RSI 加速上升,None,0.0,0.5525,0.3117,,0.3117,0,6796,0.004,95.63,96.01,96.4,94.67,2026-06-29,3,False
CCZ,Communication Services,Cable & Satellite,RSI,RSI 加速上升,None,0.0,0.5525,0.3116,,0.3116,0,3322,0.0033,66.5,66.72,66.94,65.83,2026-06-30,3,False
TME,Communication Services,Internet Content & Information,RSI,RSI 加速上升,None,0.0,0.5525,0.3116,,0.3116,0,3322,0.0033,8.66,8.69,8.72,8.57,2026-07-01,3,False
VIV,Communication Services,Telecom Services,RSI,RSI 加速上升,None,0.0,0.5525,0.3116,,0.3116,0,3322,0.0033,13.27,13.31,13.36,13.14,2026-06-29,3,False
WMG,Communication Services,Entertainment,RSI,RSI 加速上升,None,0.0,0.5525,0.3116,,0.3116,0,3322,0.0033,27.7,27.79,27.88,27.42,2026-07-01,3,False
DIS,Communication Services,Entertainment,RSI,RSI 加速上升,None,0.0,0.5525,0.3113,0.3113,0.3116,151,3322,0.0034,99.5,99.84,100.18,98.5,2026-07-02,3,False
NVDA,Information Technology,Semiconductors,KDJ,KDJ 金叉,None,0.0,0.5525,0.3103,0.3103,0.3918,29,1955,-0.0046,195.55,194.65,193.75,193.59,2026-07-06,3,False
MCK,Health Care,Medical Distribution,RSI,RSI 上穿 50 中性線,None,0.0,0.4675,0.3103,0.3103,0.3144,29,1323,0.0094,768.06,775.28,782.5,760.38,2026-07-01,3,False
LUV,Industrials,Airlines,BB,價格在 BB 中軌上方,None,0.0,0.425,0.3099,0.3099,0.295,213,22337,0.001,50.47,50.52,50.57,49.97,2026-07-01,3,False
TGT,Consumer Staples,Discount Stores,BB,BB 中軌向上（上升趨勢）,None,0.0,0.51,0.3094,0.3094,0.2466,181,6128,0.0009,130.29,130.41,130.52,128.99,2026-07-01,3,False
DG,Consumer Staples,Discount Stores,BB,BB 中軌向上（上升趨勢）,None,0.0,0.51,0.3091,0.3091,0.2466,165,6128,-0.0063,115.2,114.47,113.75,114.05,2026-07-01,3,False
HBANP,Financials,Banks - Regional,RSI,RSI 上穿 50 中性線,None,0.0,0.4675,0.3091,,0.3091,0,1899,0.0046,16.4,16.48,16.55,16.24,2026-06-30,3,False
IX,Financials,Financial Conglomerates,RSI,RSI 上穿 50 中性線,None,0.0,0.4675,0.3091,,0.3091,0,1899,0.0046,38.4,38.58,38.75,38.02,2026-07-01,3,False
VLYPP,Financials,Banks - Regional,RSI,RSI 上穿 50 中性線,None,0.0,0.4675,0.3091,,0.3091,0,1899,0.0046,24.78,24.89,25.01,24.53,2026-07-01,3,False
MLI,Industrials,Metal Fabrication,RSI,RSI 超賣區域 (30),None,0.0,0.5249999999999999,0.3086,,0.3086,0,337,0.006,61.465,61.83,62.2,60.85,2026-06-30,3,False
EG,Financials,Insurance - Reinsurance,RSI,RSI 加速上升,None,0.0,0.5525,0.3072,0.3072,0.3014,153,11488,0.0013,359.93,360.4,360.87,356.33,2026-07-01,3,False
KVUE,Consumer Staples,Household & Personal Products,RSI,RSI 維持強勢 (50-70),None,0.0,0.51,0.305,0.305,0.2452,200,7574,0.004,19.11,19.19,19.26,18.92,2026-06-30,3,False
GFI,Materials,Gold,RSI,RSI 加速上升,None,0.0,0.5525,0.3048,,0.3048,0,3639,0.0024,33.73,33.81,33.89,33.39,2026-07-01,3,False
JHX,Materials,Building Materials,RSI,RSI 加速上升,None,0.0,0.5525,0.3048,,0.3048,0,3639,0.0024,26.18,26.24,26.31,25.92,2026-06-30,3,False
RPM,Materials,Specialty Chemicals,RSI,RSI 加速上升,None,0.0,0.5525,0.3048,,0.3048,0,3639,0.0024,111.15,111.42,111.68,110.04,2026-06-30,3,False
MO,Consumer Staples,Tobacco,BB,BB 中軌向上（上升趨勢）,None,0.0,0.51,0.3048,0.3048,0.2466,210,6128,0.0013,71.54,71.63,71.73,70.82,2026-07-01,3,False
CW,Industrials,Aerospace & Defense,RSI,RSI 上穿 50 中性線,None,0.0,0.4675,0.304,,0.304,0,1816,0.0018,757.76,759.12,760.49,750.18,2026-06-30,3,False
FPS,Industrials,Electrical Equipment & Parts,RSI,RSI 上穿 50 中性線,None,0.0,0.4675,0.304,,0.304,0,1816,0.0018,55.86,55.96,56.06,55.3,2026-06-30,3,False
LECO,Industrials,Tools & Accessories,RSI,RSI 上穿 50 中性線,None,0.0,0.4675,0.304,,0.304,0,1816,0.0018,265.51,265.99,266.47,262.85,2026-06-30,3,False
SYM,Industrials,Specialty Industrial Machinery,RSI,RSI 上穿 50 中性線,None,0.0,0.4675,0.304,,0.304,0,1816,0.0018,44.95,45.03,45.11,44.5,2026-06-30,3,False
TRI,Industrials,Specialty Business Services,RSI,RSI 上穿 50 中性線,None,0.0,0.4675,0.304,,0.304,0,1816,0.0018,84.91,85.06,85.22,84.06,2026-07-01,3,False
BRK.B,Unknown,Unknown,BB,BB 中軌向上（上升趨勢）,None,0.0,0.51,0.3017,,0.3017,0,4558,0.0,499.74,499.74,499.74,494.74,2026-07-01,3,False
AAOI,Information Technology,Communication Equipment,KDJ,KDJ 超賣區金叉,None,0.0,0.5599999999999999,0.3016,,0.3016,0,368,-0.0,150.1,150.1,150.1,148.6,2026-06-29,3,False
ERIC,Information Technology,Communication Equipment,KDJ,KDJ 超賣區金叉,None,0.0,0.5599999999999999,0.3016,,0.3016,0,368,-0.0,11.15,11.15,11.15,11.04,2026-06-29,3,False
LOGI,Information Technology,Computer Hardware,KDJ,KDJ 超賣區金叉,None,0.0,0.5599999999999999,0.3016,,0.3016,0,368,-0.0,94.04,94.04,94.04,93.1,2026-06-30,3,False
AFG,Financials,Insurance - Property & Casualty,RSI,RSI 加速上升,None,0.0,0.5525,0.3014,,0.3014,0,11488,0.0041,139.89,140.46,141.04,138.49,2026-06-29,3,False
AFRM,Financials,Credit Services,RSI,RSI 加速上升,None,0.0,0.5525,0.3014,,0.3014,0,11488,0.0041,83.85,84.19,84.54,83.01,2026-07-01,3,False
ALLY,Financials,Credit Services,RSI,RSI 加速上升,None,0.0,0.5525,0.3014,,0.3014,0,11488,0.0041,47.25,47.44,47.64,46.78,2026-06-29,3,False
BMO,Financials,Banks - Diversified,RSI,RSI 加速上升,None,0.0,0.5525,0.3014,,0.3014,0,11488,0.0041,177.57,178.3,179.03,175.79,2026-07-01,3,False
CNA,Financials,Insurance - Property & Casualty,RSI,RSI 加速上升,None,0.0,0.5525,0.3014,,0.3014,0,11488,0.0041,48.95,49.15,49.35,48.46,2026-06-29,3,False
CRBG,Financials,Asset Management,RSI,RSI 加速上升,None,0.0,0.5525,0.3014,,0.3014,0,11488,0.0041,28.74,28.86,28.98,28.45,2026-07-01,3,False
FUTU,Financials,Capital Markets,RSI,RSI 加速上升,None,0.0,0.5525,0.3014,,0.3014,0,11488,0.0041,99.92,100.33,100.74,98.92,2026-07-01,3,False
HBANM,Financials,Banks - Regional,RSI,RSI 加速上升,None,0.0,0.5525,0.3014,,0.3014,0,11488,0.0041,20.64,20.72,20.81,20.43,2026-07-01,3,False
HDB,Financials,Banks - Regional,RSI,RSI 加速上升,None,0.0,0.5525,0.3014,,0.3014,0,11488,0.0041,25.83,25.94,26.04,25.57,2026-06-30,3,False
ITUB,Financials,Banks - Regional,RSI,RSI 加速上升,None,0.0,0.5525,0.3014,,0.3014,0,11488,0.0041,8.13,8.16,8.2,8.05,2026-07-01,3,False
KLAR,Financials,Credit Services,RSI,RSI 加速上升,None,0.0,0.5525,0.3014,,0.3014,0,11488,0.0041,20.44,20.52,20.61,20.24,2026-07-01,3,False
LYG,Financials,Banks - Regional,RSI,RSI 加速上升,None,0.0,0.5525,0.3014,,0.3014,0,11488,0.0041,5.9,5.92,5.95,5.84,2026-07-01,3,False
MKL,Financials,Insurance - Property & Casualty,RSI,RSI 加速上升,None,0.0,0.5525,0.3014,,0.3014,0,11488,0.0041,1953.01,1961.02,1969.02,1933.48,2026-06-30,3,False
MUFG,Financials,Banks - Diversified,RSI,RSI 加速上升,None,0.0,0.5525,0.3014,,0.3014,0,11488,0.0041,20.27,20.35,20.44,20.07,2026-07-01,3,False
ORI,Financials,Insurance - Property & Casualty,RSI,RSI 加速上升,None,0.0,0.5525,0.3014,,0.3014,0,11488,0.0041,41.49,41.66,41.83,41.08,2026-06-29,3,False
OWL,Financials,Asset Management,RSI,RSI 加速上升,None,0.0,0.5525,0.3014,,0.3014,0,11488,0.0041,8.64,8.68,8.71,8.55,2026-07-01,3,False
PNFP,Financials,Banks - Regional,RSI,RSI 加速上升,None,0.0,0.5525,0.3014,,0.3014,0,11488,0.0041,100.82,101.23,101.65,99.81,2026-07-01,3,False
RGA,Financials,Insurance - Reinsurance,RSI,RSI 加速上升,None,0.0,0.5525,0.3014,,0.3014,0,11488,0.0041,215.65,216.53,217.42,213.49,2026-07-01,3,False
RKT,Financials,Mortgage Finance,RSI,RSI 加速上升,None,0.0,0.5525,0.3014,,0.3014,0,11488,0.0041,15.85,15.91,15.98,15.69,2026-07-01,3,False
RNR,Financials,Insurance - Reinsurance,RSI,RSI 加速上升,None,0.0,0.5525,0.3014,,0.3014,0,11488,0.0041,323.03,324.35,325.68,319.8,2026-06-29,3,False
RY,Financials,Banks - Diversified,RSI,RSI 加速上升,None,0.0,0.5525,0.3014,,0.3014,0,11488,0.0041,208.31,209.16,210.02,206.23,2026-07-01,3,False
RYAN,Financials,Insurance - Specialty,RSI,RSI 加速上升,None,0.0,0.5525,0.3014,,0.3014,0,11488,0.0041,40.03,40.19,40.36,39.63,2026-07-01,3,False
WTFC,Financials,Banks - Regional,RSI,RSI 加速上升,None,0.0,0.5525,0.3014,,0.3014,0,11488,0.0041,160.37,161.03,161.69,158.77,2026-06-29,3,False
ZION,Financials,Banks - Regional,RSI,RSI 加速上升,None,0.0,0.5525,0.3014,,0.3014,0,11488,0.0041,69.52,69.81,70.09,68.82,2026-06-29,3,False
AGNCN,Real Estate,REIT - Mortgage,RSI,RSI 超賣區域 (30),None,0.0,0.5249999999999999,0.3012,,0.3012,0,166,0.0043,25.28,25.39,25.5,25.03,2026-07-01,3,False
BPYPN,Real Estate,Real Estate Services,RSI,RSI 超賣區域 (30),None,0.0,0.5249999999999999,0.3012,,0.3012,0,166,0.0043,12.99,13.05,13.1,12.86,2026-06-30,3,False
BPYPO,Real Estate,Real Estate Services,RSI,RSI 超賣區域 (30),None,0.0,0.5249999999999999,0.3012,,0.3012,0,166,0.0043,14.46,14.52,14.58,14.32,2026-06-30,3,False
CSX,Industrials,Railroads,BB,價格在 BB 中軌上方,None,0.0,0.425,0.3006,0.3006,0.295,336,22337,0.0054,48.33,48.59,48.85,47.85,2026-07-01,3,False
BIPJ,Unknown,Unknown,RSI,RSI 動能加速（強勢區）,None,0.0,0.51,0.3003,,0.3003,0,766,0.0,25.0,25.0,25.0,24.75,2026-06-30,3,False
CSCO,Information Technology,Communication Equipment,KDJ,KDJ 金叉,None,0.0,0.5525,0.3,0.3,0.3918,30,1955,0.0041,117.46,117.94,118.42,116.29,2026-06-30,3,False
PM,Consumer Staples,Tobacco,RSI,RSI 加速上升,None,0.0,0.5525,0.3,0.3,0.2439,160,5343,0.0027,182.87,183.36,183.86,181.04,2026-06-29,3,False
KHC,Consumer Staples,Packaged Foods,RSI,RSI 動能加速（強勢區）,None,0.0,0.51,0.3,0.3,0.2456,20,1148,-0.0052,24.19,24.06,23.94,23.95,2026-06-29,3,False
LMT,Industrials,Aerospace & Defense,MACD,MACD 金叉 (空頭區),None,0.0,0.42,0.3,0.3,0.3303,10,875,0.0035,521.82,523.65,525.47,516.6,2026-07-01,3,False
AR,Energy,Oil & Gas E&P,BB,價格在 BB 中軌上方,None,0.0,0.425,0.2998,,0.2998,0,5768,-0.0016,34.91,34.85,34.8,34.56,2026-07-01,3,False
DTM,Energy,Oil & Gas Midstream,BB,價格在 BB 中軌上方,None,0.0,0.425,0.2998,,0.2998,0,5768,-0.0016,143.78,143.55,143.32,142.34,2026-07-01,3,False
DKS,Consumer Discretionary,Specialty Retail,RSI,RSI 維持強勢 (50-70),None,0.0,0.51,0.2995,,0.2995,0,10441,0.0032,229.76,230.5,231.23,227.46,2026-07-01,3,False
H,Consumer Discretionary,Lodging,RSI,RSI 維持強勢 (50-70),None,0.0,0.51,0.2995,,0.2995,0,10441,0.0032,190.86,191.47,192.08,188.95,2026-07-01,3,False
IHG,Consumer Discretionary,Lodging,RSI,RSI 維持強勢 (50-70),None,0.0,0.51,0.2995,,0.2995,0,10441,0.0032,168.41,168.95,169.49,166.73,2026-07-01,3,False
IP,Consumer Discretionary,Packaging & Containers,RSI,RSI 維持強勢 (50-70),None,0.0,0.51,0.2995,,0.2995,0,10441,0.0032,38.34,38.46,38.59,37.96,2026-07-01,3,False
PAG,Consumer Discretionary,Auto & Truck Dealerships,RSI,RSI 維持強勢 (50-70),None,0.0,0.51,0.2995,,0.2995,0,10441,0.0032,177.08,177.65,178.21,175.31,2026-07-01,3,False
SW,Consumer Discretionary,Packaging & Containers,RSI,RSI 維持強勢 (50-70),None,0.0,0.51,0.2995,,0.2995,0,10441,0.0032,46.09,46.24,46.38,45.63,2026-07-01,3,False
DLR,Real Estate,REIT - Specialty,RSI,RSI 維持強勢 (50-70),None,0.0,0.51,0.299,0.299,0.2509,301,7011,0.0013,190.58,190.83,191.08,188.67,2026-06-29,3,False
AER,Industrials,Rental & Leasing Services,RSI,RSI 維持強勢 (50-70),None,0.0,0.51,0.2986,,0.2986,0,19157,0.0036,145.78,146.3,146.83,144.32,2026-06-30,3,False
AGX,Industrials,Engineering & Construction,RSI,RSI 維持強勢 (50-70),None,0.0,0.51,0.2986,,0.2986,0,19157,0.0036,764.56,767.31,770.06,756.91,2026-07-01,3,False
AIT,Industrials,Industrial Distribution,RSI,RSI 維持強勢 (50-70),None,0.0,0.51,0.2986,,0.2986,0,19157,0.0036,332.08,333.28,334.47,328.76,2026-07-01,3,False
ARMK,Industrials,Specialty Business Services,RSI,RSI 維持強勢 (50-70),None,0.0,0.51,0.2986,,0.2986,0,19157,0.0036,56.1,56.3,56.5,55.54,2026-07-01,3,False
AYI,Industrials,Electrical Equipment & Parts,RSI,RSI 維持強勢 (50-70),None,0.0,0.51,0.2986,,0.2986,0,19157,0.0036,367.53,368.85,370.18,363.85,2026-07-01,3,False
CLH,Industrials,Waste Management,RSI,RSI 維持強勢 (50-70),None,0.0,0.51,0.2986,,0.2986,0,19157,0.0036,298.75,299.83,300.9,295.76,2026-06-30,3,False
CNH,Industrials,Farm & Heavy Construction Machinery,RSI,RSI 維持強勢 (50-70),None,0.0,0.51,0.2986,,0.2986,0,19157,0.0036,10.92,10.96,11.0,10.81,2026-07-01,3,False
CNI,Industrials,Railroads,RSI,RSI 維持強勢 (50-70),None,0.0,0.51,0.2986,,0.2986,0,19157,0.0036,119.82,120.25,120.68,118.62,2026-07-01,3,False
CR,Industrials,Specialty Industrial Machinery,RSI,RSI 維持強勢 (50-70),None,0.0,0.51,0.2986,,0.2986,0,19157,0.0036,219.8,220.59,221.38,217.6,2026-07-01,3,False
DCI,Industrials,Specialty Industrial Machinery,RSI,RSI 維持強勢 (50-70),None,0.0,0.51,0.2986,,0.2986,0,19157,0.0036,88.52,88.84,89.16,87.63,2026-07-01,3,False
DY,Industrials,Engineering & Construction,RSI,RSI 維持強勢 (50-70),None,0.0,0.51,0.2986,,0.2986,0,19157,0.0036,470.51,472.2,473.9,465.8,2026-07-01,3,False
FER,Industrials,Engineering & Construction,RSI,RSI 維持強勢 (50-70),None,0.0,0.51,0.2986,,0.2986,0,19157,0.0036,68.61,68.86,69.1,67.92,2026-06-30,3,False
FERG,Industrials,Industrial Distribution,RSI,RSI 維持強勢 (50-70),None,0.0,0.51,0.2986,,0.2986,0,19157,0.0036,237.33,238.18,239.04,234.96,2026-06-30,3,False
GPN,Industrials,Specialty Business Services,RSI,RSI 維持強勢 (50-70),None,0.0,0.51,0.2986,,0.2986,0,19157,0.0036,75.05,75.32,75.59,74.3,2026-07-01,3,False
HEI,Industrials,Aerospace & Defense,RSI,RSI 維持強勢 (50-70),None,0.0,0.51,0.2986,,0.2986,0,19157,0.0036,356.19,357.47,358.75,352.63,2026-06-30,3,False
IESC,Industrials,Engineering & Construction,RSI,RSI 維持強勢 (50-70),None,0.0,0.51,0.2986,,0.2986,0,19157,0.0036,734.66,737.3,739.95,727.31,2026-06-30,3,False
KNX,Industrials,Trucking,RSI,RSI 維持強勢 (50-70),None,0.0,0.51,0.2986,,0.2986,0,19157,0.0036,77.37,77.65,77.93,76.6,2026-07-01,3,False
LTM,Industrials,Airlines,RSI,RSI 維持強勢 (50-70),None,0.0,0.51,0.2986,,0.2986,0,19157,0.0036,56.91,57.11,57.32,56.34,2026-07-01,3,False
MTZ,Industrials,Engineering & Construction,RSI,RSI 維持強勢 (50-70),None,0.0,0.51,0.2986,,0.2986,0,19157,0.0036,390.61,392.02,393.42,386.7,2026-07-01,3,False
PAC,Industrials,Airports & Air Services,RSI,RSI 維持強勢 (50-70),None,0.0,0.51,0.2986,,0.2986,0,19157,0.0036,252.42,253.33,254.24,249.9,2026-07-01,3,False
POOL,Industrials,Industrial Distribution,RSI,RSI 維持強勢 (50-70),None,0.0,0.51,0.2986,,0.2986,0,19157,0.0036,215.69,216.47,217.24,213.53,2026-07-01,3,False
RBA,Industrials,Specialty Business Services,RSI,RSI 維持強勢 (50-70),None,0.0,0.51,0.2986,,0.2986,0,19157,0.0036,113.06,113.47,113.87,111.93,2026-07-01,3,False
RBC,Industrials,Tools & Accessories,RSI,RSI 維持強勢 (50-70),None,0.0,0.51,0.2986,,0.2986,0,19157,0.0036,620.47,622.7,624.94,614.27,2026-07-01,3,False
RYAAY,Industrials,Airlines,RSI,RSI 維持強勢 (50-70),None,0.0,0.51,0.2986,,0.2986,0,19157,0.0036,63.48,63.71,63.94,62.85,2026-07-01,3,False
SPXC,Industrials,Building Products & Equipment,RSI,RSI 維持強勢 (50-70),None,0.0,0.51,0.2986,,0.2986,0,19157,0.0036,231.72,232.55,233.39,229.4,2026-07-01,3,False
VMI,Industrials,Conglomerates,RSI,RSI 維持強勢 (50-70),None,0.0,0.51,0.2986,,0.2986,0,19157,0.0036,559.02,561.03,563.04,553.43,2026-07-01,3,False
WCN,Industrials,Waste Management,RSI,RSI 維持強勢 (50-70),None,0.0,0.51,0.2986,,0.2986,0,19157,0.0036,164.71,165.3,165.9,163.06,2026-07-01,3,False
WMS,Industrials,Building Products & Equipment,RSI,RSI 維持強勢 (50-70),None,0.0,0.51,0.2986,,0.2986,0,19157,0.0036,150.96,151.5,152.05,149.45,2026-07-01,3,False
WSO,Industrials,Industrial Distribution,RSI,RSI 維持強勢 (50-70),None,0.0,0.51,0.2986,,0.2986,0,19157,0.0036,407.62,409.09,410.55,403.54,2026-07-01,3,False
WTS,Industrials,Specialty Industrial Machinery,RSI,RSI 維持強勢 (50-70),None,0.0,0.51,0.2986,,0.2986,0,19157,0.0036,381.2,382.57,383.94,377.39,2026-07-01,3,False
WWD,Industrials,Aerospace & Defense,RSI,RSI 維持強勢 (50-70),None,0.0,0.51,0.2986,,0.2986,0,19157,0.0036,420.93,422.45,423.96,416.72,2026-07-01,3,False
AAL,Industrials,Airlines,RSI,RSI 加速上升,None,0.0,0.5525,0.2981,,0.2981,0,11545,0.003,18.07,18.12,18.18,17.89,2026-06-30,3,False
CP,Industrials,Railroads,RSI,RSI 加速上升,None,0.0,0.5525,0.2981,,0.2981,0,11545,0.003,85.92,86.18,86.44,85.06,2026-07-01,3,False
ESLT,Industrials,Aerospace & Defense,RSI,RSI 加速上升,None,0.0,0.5525,0.2981,,0.2981,0,11545,0.003,759.98,762.26,764.54,752.38,2026-07-01,3,False
GGG,Industrials,Specialty Industrial Machinery,RSI,RSI 加速上升,None,0.0,0.5525,0.2981,,0.2981,0,11545,0.003,75.61,75.84,76.06,74.85,2026-06-30,3,False
RELX,Industrials,Specialty Business Services,RSI,RSI 加速上升,None,0.0,0.5525,0.2981,,0.2981,0,11545,0.003,31.67,31.77,31.86,31.35,2026-06-30,3,False
INCY,Health Care,Biotechnology,BB,BB 中軌向上（上升趨勢）,None,0.0,0.51,0.2976,0.2976,0.2705,168,10885,0.0007,113.81,113.89,113.97,112.67,2026-07-01,3,False
EXR,Real Estate,REIT - Industrial,BB,BB 中軌向上（上升趨勢）,None,0.0,0.51,0.2975,0.2975,0.2647,158,5713,0.0005,147.29,147.36,147.44,145.82,2026-07-01,3,False
BWA,Consumer Discretionary,Auto Parts,BB,BB 跌破下軌 (超賣),None,0.0,0.45499999999999996,0.2974,,0.2974,0,733,0.0008,65.89,65.94,66.0,65.23,2026-06-29,3,False
MOD,Consumer Discretionary,Auto Parts,BB,BB 跌破下軌 (超賣),None,0.0,0.45499999999999996,0.2974,,0.2974,0,733,0.0008,244.49,244.69,244.88,242.05,2026-07-01,3,False
TRMB,Information Technology,Scientific & Technical Instruments,RSI,RSI 加速上升,None,0.0,0.5525,0.2971,0.2971,0.3693,138,10688,-0.0007,52.58,52.54,52.51,52.05,2026-07-01,3,False
KKRS,Unknown,Unknown,RSI,RSI 維持強勢 (50-70),None,0.0,0.51,0.2969,,0.2969,0,4897,0.0,16.25,16.25,16.25,16.09,2026-07-01,3,False
SREA,Unknown,Unknown,RSI,RSI 維持強勢 (50-70),None,0.0,0.51,0.2969,,0.2969,0,4897,0.0,21.13,21.13,21.13,20.92,2026-07-01,3,False
MNST,Consumer Staples,Beverages - Non-Alcoholic,BB,BB 中軌向上（上升趨勢）,None,0.0,0.51,0.2966,0.2966,0.2466,236,6128,0.0044,97.35,97.78,98.21,96.38,2026-07-01,3,False
MPLX,Energy,Oil & Gas Midstream,RSI,RSI 維持強勢 (50-70),None,0.0,0.51,0.2963,,0.2963,0,4891,-0.0026,56.33,56.18,56.04,55.77,2026-06-30,3,False
AWK,Utilities,Utilities - Regulated Water,RSI,RSI 加速上升,None,0.0,0.5525,0.2953,0.2953,0.2565,149,4905,0.0054,131.58,132.29,133.0,130.26,2026-06-30,3,False
GILD,Health Care,Drug Manufacturers - General,BB,價格在 BB 中軌上方,None,0.0,0.425,0.2951,0.2951,0.2804,288,14417,0.0019,126.34,126.58,126.82,125.08,2026-06-30,3,False
CRS,Industrials,Metal Fabrication,BB,價格在 BB 中軌上方,None,0.0,0.425,0.295,,0.295,0,22337,0.0034,610.16,612.23,614.31,604.06,2026-07-01,3,False
CHT,Communication Services,Telecom Services,BB,BB 中軌向上（上升趨勢）,None,0.0,0.51,0.2943,,0.2943,0,4771,0.0017,44.48,44.56,44.63,44.04,2026-06-29,3,False
AZO,Consumer Discretionary,Auto Parts,RSI,RSI 加速上升,None,0.0,0.5525,0.2941,0.2941,0.3117,119,6796,0.0061,3218.1499,3237.78,3257.41,3185.97,2026-07-01,3,False
RTX,Industrials,Aerospace & Defense,RSI,RSI 加速上升,None,0.0,0.5525,0.2941,0.2941,0.2981,153,11545,0.0045,191.78,192.64,193.51,189.86,2026-07-01,3,False
ADBE,Information Technology,Software - Application,MACD,MACD 金叉 (空頭區),None,0.0,0.42,0.2941,0.2941,0.3767,17,754,0.003,210.98,211.61,212.25,208.87,2026-07-01,3,False
ES,Utilities,Utilities - Regulated Electric,RSI,RSI 加速上升,None,0.0,0.5525,0.293,0.293,0.2565,157,4905,0.0005,73.77,73.81,73.84,73.03,2026-06-29,3,False
AMGN,Health Care,Drug Manufacturers - General,RSI,RSI 加速上升,None,0.0,0.5525,0.2929,0.2929,0.2803,140,8492,0.0064,361.33,363.64,365.96,357.72,2026-07-01,3,False
PCG,Utilities,Utilities - Regulated Electric,RSI,RSI 加速上升,None,0.0,0.5525,0.2929,0.2929,0.2565,140,4905,0.0082,17.24,17.38,17.52,17.07,2026-06-29,3,False
ELV,Health Care,Healthcare Plans,RSI,RSI 上穿 50 中性線,None,0.0,0.4675,0.2917,0.2917,0.3144,24,1323,-0.0002,416.19,416.11,416.02,412.03,2026-07-01,3,False
NSC,Industrials,Railroads,MACD,MACD 突破 0 軸,None,0.0,0.595,0.2912,,0.2912,0,570,0.0019,316.65,317.25,317.85,313.48,2026-06-29,3,False
CASY,Consumer Discretionary,Specialty Retail,BB,BB 中軌向上（上升趨勢）,None,0.0,0.51,0.2908,,0.2908,0,9757,0.002,784.28,785.85,787.42,776.44,2026-07-01,3,False
COR,Health Care,Medical Distribution,RSI,RSI 加速上升,None,0.0,0.5525,0.2898,0.2898,0.2803,176,8492,0.0022,281.65,282.27,282.89,278.83,2026-06-29,3,False
EL,Consumer Staples,Household & Personal Products,KDJ,KDJ 金叉,None,0.0,0.5525,0.2895,0.2895,0.2503,38,779,-0.0206,82.47,80.77,79.07,81.65,2026-07-01,3,False
PHM,Consumer Discretionary,Residential Construction,RSI,RSI 加速上升,None,0.0,0.5525,0.2895,0.2895,0.3117,152,6796,0.006,137.21,138.03,138.86,135.84,2026-06-30,3,False
BMY,Health Care,Drug Manufacturers - General,RSI,RSI 維持強勢 (50-70),None,0.0,0.51,0.2879,0.2879,0.2772,198,12123,-0.0008,57.62,57.57,57.53,57.04,2026-06-30,3,False
ABBV,Health Care,Drug Manufacturers - General,BB,BB 中軌向上（上升趨勢）,None,0.0,0.51,0.2876,0.2876,0.2705,226,10885,0.006,254.76,256.29,257.82,252.21,2026-07-06,3,False
CAH,Health Care,Medical Distribution,BB,價格在 BB 中軌上方,None,0.0,0.425,0.2873,0.2873,0.2804,362,14417,0.0074,237.72,239.48,241.24,235.34,2026-07-01,3,False
AJG,Financials,Insurance Brokers,RSI,RSI 維持強勢 (50-70),None,0.0,0.51,0.2872,0.2872,0.2842,282,19108,0.0011,229.57,229.82,230.08,227.27,2026-06-30,3,False
ADSK,Information Technology,Software - Application,RSI,RSI 加速上升,None,0.0,0.5525,0.2868,0.2868,0.3693,129,10688,-0.004,199.76,198.96,198.16,197.76,2026-07-01,3,False
BBY,Consumer Discretionary,Specialty Retail,RSI,RSI 維持強勢 (50-70),None,0.0,0.51,0.2865,0.2865,0.2995,178,10441,-0.0045,77.23,76.88,76.53,76.46,2026-07-01,3,False
MAIR,Industrials,Building Products & Equipment,KDJ,KDJ 金叉,Bullish Engulfing,0.75,1.0,0.2857,,0.2857,0,14,-0.0108,39.0,38.58,38.16,38.61,2026-06-30,3,True
FDX,Industrials,Integrated Freight & Logistics,KDJ,KDJ 金叉,None,0.0,0.5525,0.2857,0.2857,0.3223,21,2110,0.019,325.4,331.58,337.77,322.15,2026-06-29,3,False
ISRG,Health Care,Medical Instruments & Supplies,KDJ,KDJ 金叉,None,0.0,0.5525,0.2857,0.2857,0.2852,28,1536,0.0072,405.97,408.89,411.82,401.91,2026-06-29,3,False
CDNS,Information Technology,Software - Application,RSI,RSI 上穿 50 中性線,None,0.0,0.4675,0.2857,0.2857,0.3785,28,1593,0.0086,377.73,380.98,384.23,373.95,2026-07-01,3,False
CINF,Financials,Insurance - Property & Casualty,BB,價格在 BB 中軌上方,None,0.0,0.425,0.2857,0.2857,0.2847,315,21689,0.0021,185.14,185.53,185.92,183.29,2026-06-30,3,False
AMRZ,Materials,Building Materials,BB,BB 中軌向上（上升趨勢）,None,0.0,0.51,0.2853,,0.2853,0,5036,0.0007,53.3,53.34,53.37,52.77,2026-06-30,3,False
RS,Materials,Steel,BB,BB 中軌向上（上升趨勢）,None,0.0,0.51,0.2853,,0.2853,0,5036,0.0007,373.6,373.86,374.12,369.86,2026-06-30,3,False
ARGX,Health Care,Biotechnology,KDJ,KDJ 金叉,None,0.0,0.5525,0.2852,,0.2852,0,1536,0.0022,912.46,914.47,916.47,903.34,2026-06-29,3,False
BTSGU,Health Care,Health Information Services,KDJ,KDJ 金叉,None,0.0,0.5525,0.2852,,0.2852,0,1536,0.0022,229.79,230.3,230.8,227.49,2026-07-01,3,False
MDGL,Health Care,Biotechnology,KDJ,KDJ 金叉,None,0.0,0.5525,0.2852,,0.2852,0,1536,0.0022,527.28,528.44,529.6,522.01,2026-06-29,3,False
PEN,Health Care,Medical Devices,KDJ,KDJ 金叉,None,0.0,0.5525,0.2852,,0.2852,0,1536,0.0022,316.43,317.13,317.82,313.27,2026-07-01,3,False
SMMT,Health Care,Biotechnology,KDJ,KDJ 金叉,None,0.0,0.5525,0.2852,,0.2852,0,1536,0.0022,14.57,14.6,14.63,14.42,2026-06-30,3,False
UTHR,Health Care,Drug Manufacturers - Specialty & Generic,KDJ,KDJ 金叉,None,0.0,0.5525,0.2852,,0.2852,0,1536,0.0022,547.15,548.35,549.56,541.68,2026-07-01,3,False
IEX,Industrials,Specialty Industrial Machinery,BB,價格在 BB 中軌上方,None,0.0,0.425,0.2852,0.2852,0.295,277,22337,0.0019,224.96,225.39,225.81,222.71,2026-07-01,3,False
BCH,Financials,Banks - Regional,BB,價格在 BB 中軌上方,None,0.0,0.425,0.2847,,0.2847,0,21689,0.0031,39.76,39.88,40.01,39.36,2026-06-30,3,False
BCS,Financials,Banks - Diversified,BB,價格在 BB 中軌上方,None,0.0,0.425,0.2847,,0.2847,0,21689,0.0031,27.27,27.35,27.44,27.0,2026-07-01,3,False
BK,Financials,Banks - Diversified,BB,價格在 BB 中軌上方,None,0.0,0.425,0.2847,,0.2847,0,21689,0.0031,143.56,144.01,144.45,142.12,2026-06-26,3,False
CIB,Financials,Banks - Regional,BB,價格在 BB 中軌上方,None,0.0,0.425,0.2847,,0.2847,0,21689,0.0031,78.18,78.42,78.66,77.4,2026-07-01,3,False
DB,Financials,Banks - Regional,BB,價格在 BB 中軌上方,None,0.0,0.425,0.2847,,0.2847,0,21689,0.0031,33.86,33.96,34.07,33.52,2026-07-01,3,False
EQH,Financials,Asset Management,BB,價格在 BB 中軌上方,None,0.0,0.425,0.2847,,0.2847,0,21689,0.0031,44.05,44.19,44.32,43.61,2026-07-01,3,False
HSBC,Financials,Banks - Diversified,BB,價格在 BB 中軌上方,None,0.0,0.425,0.2847,,0.2847,0,21689,0.0031,95.81,96.11,96.4,94.85,2026-07-01,3,False
IBN,Financials,Banks - Regional,BB,價格在 BB 中軌上方,None,0.0,0.425,0.2847,,0.2847,0,21689,0.0031,28.97,29.06,29.15,28.68,2026-07-01,3,False
ING,Financials,Banks - Diversified,BB,價格在 BB 中軌上方,None,0.0,0.425,0.2847,,0.2847,0,21689,0.0031,31.48,31.58,31.68,31.17,2026-07-01,3,False
MFG,Financials,Banks - Regional,BB,價格在 BB 中軌上方,None,0.0,0.425,0.2847,,0.2847,0,21689,0.0031,9.8,9.83,9.86,9.7,2026-07-01,3,False
SF,Financials,Capital Markets,BB,價格在 BB 中軌上方,None,0.0,0.425,0.2847,,0.2847,0,21689,0.0031,71.85,72.07,72.3,71.13,2026-07-01,3,False
SPY,Financials,Asset Management,BB,價格在 BB 中軌上方,None,0.0,0.425,0.2847,,0.2847,0,21689,0.0031,746.74,749.05,751.37,739.27,2026-06-18,3,False
TD,Financials,Banks - Diversified,BB,價格在 BB 中軌上方,None,0.0,0.425,0.2847,,0.2847,0,21689,0.0031,121.43,121.81,122.18,120.22,2026-06-30,3,False
UBS,Financials,Banks - Diversified,BB,價格在 BB 中軌上方,None,0.0,0.425,0.2847,,0.2847,0,21689,0.0031,49.72,49.87,50.03,49.22,2026-07-01,3,False
UMBF,Financials,Banks - Regional,BB,價格在 BB 中軌上方,None,0.0,0.425,0.2847,,0.2847,0,21689,0.0031,145.65,146.1,146.55,144.19,2026-07-01,3,False
VLYPN,Financials,Banks - Regional,BB,價格在 BB 中軌上方,None,0.0,0.425,0.2847,,0.2847,0,21689,0.0031,25.85,25.93,26.01,25.59,2026-06-29,3,False
WBS,Financials,Banks - Regional,BB,價格在 BB 中軌上方,None,0.0,0.425,0.2847,,0.2847,0,21689,0.0031,76.42,76.66,76.89,75.66,2026-06-30,3,False
AAON,Industrials,Building Products & Equipment,BB,BB 跌破下軌 (超賣),None,0.0,0.45499999999999996,0.2838,,0.2838,0,1258,0.0043,116.42,116.92,117.42,115.26,2026-07-01,3,False
BLD,Industrials,Engineering & Construction,BB,BB 跌破下軌 (超賣),None,0.0,0.45499999999999996,0.2838,,0.2838,0,1258,0.0043,354.53,356.05,357.58,350.98,2026-07-01,3,False
POWL,Industrials,Electrical Equipment & Parts,BB,BB 跌破下軌 (超賣),None,0.0,0.45499999999999996,0.2838,,0.2838,0,1258,0.0043,264.86,266.0,267.14,262.21,2026-07-01,3,False
WCC,Industrials,Industrial Distribution,BB,BB 跌破下軌 (超賣),None,0.0,0.45499999999999996,0.2838,,0.2838,0,1258,0.0043,320.71,322.09,323.47,317.5,2026-07-01,3,False
XEL,Utilities,Utilities - Regulated Electric,RSI,RSI 維持強勢 (50-70),None,0.0,0.51,0.2833,0.2833,0.2471,233,8831,0.0051,80.3,80.71,81.12,79.5,2026-06-30,3,False
COF,Financials,Credit Services,BB,價格在 BB 中軌上方,None,0.0,0.425,0.2832,0.2832,0.2847,226,21689,-0.0004,204.82,204.74,204.66,202.77,2026-07-01,3,False
AGNCL,Real Estate,REIT - Mortgage,KDJ,KDJ 金叉,None,0.0,0.5525,0.2818,,0.2818,0,550,0.0003,25.09,25.1,25.11,24.84,2026-06-29,3,False
EGP,Real Estate,REIT - Industrial,KDJ,KDJ 金叉,None,0.0,0.5525,0.2818,,0.2818,0,550,0.0003,205.46,205.52,205.58,203.41,2026-07-01,3,False
SUI,Real Estate,REIT - Residential,KDJ,KDJ 金叉,None,0.0,0.5525,0.2818,,0.2818,0,550,0.0003,121.23,121.27,121.3,120.02,2026-06-29,3,False
ALLE,Industrials,Security & Protection Services,RSI,RSI 維持強勢 (50-70),None,0.0,0.51,0.2814,0.2814,0.2986,199,19157,0.0036,139.93,140.43,140.94,138.53,2026-07-01,3,False
IR,Industrials,Specialty Industrial Machinery,BB,價格在 BB 中軌上方,None,0.0,0.425,0.281,0.281,0.295,242,22337,0.0013,80.86,80.97,81.07,80.05,2026-07-01,3,False
COO,Health Care,Medical Instruments & Supplies,RSI,RSI 加速上升,None,0.0,0.5525,0.2808,0.2808,0.2803,146,8492,-0.0015,71.95,71.84,71.73,71.23,2026-07-01,3,False
ALC,Health Care,Medical Instruments & Supplies,BB,價格在 BB 中軌上方,None,0.0,0.425,0.2804,,0.2804,0,14417,0.0008,66.82,66.87,66.93,66.15,2026-07-01,3,False
ASND,Health Care,Biotechnology,BB,價格在 BB 中軌上方,None,0.0,0.425,0.2804,,0.2804,0,14417,0.0008,267.79,268.0,268.22,265.11,2026-07-01,3,False
AXSM,Health Care,Biotechnology,BB,價格在 BB 中軌上方,None,0.0,0.425,0.2804,,0.2804,0,14417,0.0008,244.77,244.97,245.16,242.32,2026-06-30,3,False
BBIO,Health Care,Biotechnology,BB,價格在 BB 中軌上方,None,0.0,0.425,0.2804,,0.2804,0,14417,0.0008,74.52,74.58,74.64,73.77,2026-07-01,3,False
BMRN,Health Care,Biotechnology,BB,價格在 BB 中軌上方,None,0.0,0.425,0.2804,,0.2804,0,14417,0.0008,57.82,57.87,57.91,57.24,2026-07-01,3,False
BRKRP,Health Care,Medical Devices,BB,價格在 BB 中軌上方,None,0.0,0.425,0.2804,,0.2804,0,14417,0.0008,453.95,454.31,454.68,449.41,2026-07-01,3,False
BTSG,Health Care,Health Information Services,BB,價格在 BB 中軌上方,None,0.0,0.425,0.2804,,0.2804,0,14417,0.0008,69.85,69.91,69.96,69.15,2026-07-01,3,False
CRSP,Health Care,Biotechnology,BB,價格在 BB 中軌上方,None,0.0,0.425,0.2804,,0.2804,0,14417,0.0008,55.62,55.66,55.71,55.06,2026-07-01,3,False
CYTK,Health Care,Biotechnology,BB,價格在 BB 中軌上方,None,0.0,0.425,0.2804,,0.2804,0,14417,0.0008,85.26,85.33,85.4,84.41,2026-07-01,3,False
EHC,Health Care,Medical Care Facilities,BB,價格在 BB 中軌上方,None,0.0,0.425,0.2804,,0.2804,0,14417,0.0008,101.39,101.47,101.55,100.38,2026-07-01,3,False
ELAN,Health Care,Drug Manufacturers - Specialty & Generic,BB,價格在 BB 中軌上方,None,0.0,0.425,0.2804,,0.2804,0,14417,0.0008,24.09,24.11,24.13,23.85,2026-07-01,3,False
EXEL,Health Care,Biotechnology,BB,價格在 BB 中軌上方,None,0.0,0.425,0.2804,,0.2804,0,14417,0.0008,53.96,54.0,54.05,53.42,2026-07-01,3,False
FMS,Health Care,Medical Care Facilities,BB,價格在 BB 中軌上方,None,0.0,0.425,0.2804,,0.2804,0,14417,0.0008,22.86,22.88,22.9,22.63,2026-07-01,3,False
GH,Health Care,Diagnostics & Research,BB,價格在 BB 中軌上方,None,0.0,0.425,0.2804,,0.2804,0,14417,0.0008,170.77,170.91,171.04,169.06,2026-07-01,3,False
GSK,Health Care,Drug Manufacturers - General,BB,價格在 BB 中軌上方,None,0.0,0.425,0.2804,,0.2804,0,14417,0.0008,52.42,52.46,52.5,51.9,2026-06-30,3,False
ICLR,Health Care,Diagnostics & Research,BB,價格在 BB 中軌上方,None,0.0,0.425,0.2804,,0.2804,0,14417,0.0008,175.05,175.19,175.33,173.3,2026-07-01,3,False
ILMN,Health Care,Diagnostics & Research,BB,價格在 BB 中軌上方,None,0.0,0.425,0.2804,,0.2804,0,14417,0.0008,183.89,184.04,184.18,182.05,2026-07-01,3,False
IONS,Health Care,Biotechnology,BB,價格在 BB 中軌上方,None,0.0,0.425,0.2804,,0.2804,0,14417,0.0008,79.19,79.25,79.32,78.4,2026-07-01,3,False
JAZZ,Health Care,Biotechnology,BB,價格在 BB 中軌上方,None,0.0,0.425,0.2804,,0.2804,0,14417,0.0008,237.51,237.7,237.89,235.13,2026-07-01,3,False
KRYS,Health Care,Biotechnology,BB,價格在 BB 中軌上方,None,0.0,0.425,0.2804,,0.2804,0,14417,0.0008,371.58,371.88,372.17,367.86,2026-07-01,3,False
MEDP,Health Care,Diagnostics & Research,BB,價格在 BB 中軌上方,None,0.0,0.425,0.2804,,0.2804,0,14417,0.0008,543.57,544.0,544.44,538.13,2026-07-01,3,False
MOH,Health Care,Healthcare Plans,BB,價格在 BB 中軌上方,None,0.0,0.425,0.2804,,0.2804,0,14417,0.0008,232.55,232.74,232.92,230.22,2026-07-01,3,False
NBIX,Health Care,Drug Manufacturers - Specialty & Generic,BB,價格在 BB 中軌上方,None,0.0,0.425,0.2804,,0.2804,0,14417,0.0008,167.77,167.9,168.04,166.09,2026-07-01,3,False
NTRA,Health Care,Diagnostics & Research,BB,價格在 BB 中軌上方,None,0.0,0.425,0.2804,,0.2804,0,14417,0.0008,276.27,276.49,276.71,273.51,2026-07-01,3,False
NVO,Health Care,Drug Manufacturers - General,BB,價格在 BB 中軌上方,None,0.0,0.425,0.2804,,0.2804,0,14417,0.0008,48.77,48.81,48.85,48.28,2026-07-01,3,False
NVS,Health Care,Drug Manufacturers - General,BB,價格在 BB 中軌上方,None,0.0,0.425,0.2804,,0.2804,0,14417,0.0008,154.14,154.26,154.39,152.6,2026-07-01,3,False
ONC,Health Care,Biotechnology,BB,價格在 BB 中軌上方,None,0.0,0.425,0.2804,,0.2804,0,14417,0.0008,290.74,290.97,291.21,287.83,2026-07-01,3,False
PHG,Health Care,Medical Devices,BB,價格在 BB 中軌上方,None,0.0,0.425,0.2804,,0.2804,0,14417,0.0008,27.2,27.22,27.24,26.93,2026-07-01,3,False
ROIV,Health Care,Biotechnology,BB,價格在 BB 中軌上方,None,0.0,0.425,0.2804,,0.2804,0,14417,0.0008,35.03,35.06,35.09,34.68,2026-07-01,3,False
RPRX,Health Care,Biotechnology,BB,價格在 BB 中軌上方,None,0.0,0.425,0.2804,,0.2804,0,14417,0.0008,55.78,55.82,55.87,55.22,2026-07-01,3,False
RVMD,Health Care,Biotechnology,BB,價格在 BB 中軌上方,None,0.0,0.425,0.2804,,0.2804,0,14417,0.0008,187.51,187.66,187.81,185.63,2026-07-01,3,False
TEM,Health Care,Health Information Services,BB,價格在 BB 中軌上方,None,0.0,0.425,0.2804,,0.2804,0,14417,0.0008,61.6,61.65,61.7,60.98,2026-07-01,3,False
THC,Health Care,Medical Care Facilities,BB,價格在 BB 中軌上方,None,0.0,0.425,0.2804,,0.2804,0,14417,0.0008,187.08,187.23,187.38,185.21,2026-06-30,3,False
BDRX,Health Care,Biotechnology,RSI,RSI 加速上升,None,0.0,0.5525,0.2803,,0.2803,0,8492,-0.0001,3.0,3.0,3.0,2.97,2026-07-01,3,False
MTD,Health Care,Diagnostics & Research,BB,價格在 BB 中軌上方,None,0.0,0.425,0.2802,0.2802,0.2804,207,14417,0.0022,1300.38,1303.24,1306.1,1287.38,2026-07-01,3,False
CMCSA,Communication Services,Telecom Services,RSI,RSI 上穿 50 中性線,None,0.0,0.4675,0.28,0.28,0.3243,25,518,-0.0041,23.79,23.69,23.59,23.55,2026-07-02,3,False
NWSA,Communication Services,Entertainment,RSI,RSI 上穿 50 中性線,None,0.0,0.4675,0.28,0.28,0.3243,25,518,0.0084,25.78,26.0,26.21,25.52,2026-07-01,3,False
AQNB,Unknown,Unknown,RSI,RSI 加速上升,None,0.0,0.5525,0.2784,,0.2784,0,3247,-0.0003,25.49,25.48,25.47,25.24,2026-06-30,3,False
PH,Industrials,Specialty Industrial Machinery,RSI,RSI 維持強勢 (50-70),None,0.0,0.51,0.2781,0.2781,0.2986,302,19157,0.0029,963.81,966.61,969.4,954.17,2026-07-01,3,False
CPT,Real Estate,REIT - Residential,BB,價格在 BB 中軌上方,None,0.0,0.425,0.2771,0.2771,0.248,249,8032,0.0026,115.66,115.96,116.26,114.5,2026-07-01,3,False
PSA,Real Estate,REIT - Industrial,RSI,RSI 動能加速（強勢區）,None,0.0,0.51,0.2759,0.2759,0.2452,29,1093,-0.0005,323.04,322.88,322.72,319.81,2026-07-01,3,False
VRTX,Health Care,Biotechnology,RSI,RSI 加速上升,None,0.0,0.5525,0.275,0.275,0.2803,120,8492,0.0035,498.01,499.75,501.5,493.03,2026-07-01,3,False
MA,Financials,Credit Services,RSI,RSI 加速上升,None,0.0,0.5525,0.2733,0.2733,0.3014,161,11488,0.0011,533.1,533.69,534.27,527.77,2026-07-06,3,False
KDP,Consumer Staples,Beverages - Non-Alcoholic,RSI,RSI 加速上升,None,0.0,0.5525,0.2727,0.2727,0.2439,154,5343,0.0044,33.37,33.52,33.66,33.04,2026-07-01,3,False
MSI,Information Technology,Communication Equipment,RSI,RSI 上穿 50 中性線,None,0.0,0.4675,0.2727,0.2727,0.3785,22,1593,0.0081,412.6,415.94,419.28,408.47,2026-06-29,3,False
ADM,Consumer Staples,Farm Products,RSI,RSI 加速上升,None,0.0,0.5525,0.2706,0.2706,0.2439,170,5343,-0.0034,76.61,76.35,76.09,75.84,2026-07-01,3,False
EQR,Real Estate,REIT - Residential,RSI,RSI 動能加速（強勢區）,None,0.0,0.51,0.2703,0.2703,0.2452,37,1093,-0.0001,68.63,68.62,68.62,67.94,2026-07-01,3,False
VTR,Real Estate,REIT - Healthcare Facilities,RSI,RSI 維持強勢 (50-70),None,0.0,0.51,0.2698,0.2698,0.2509,252,7011,0.0029,89.65,89.91,90.17,88.75,2026-07-01,3,False
LHX,Industrials,Aerospace & Defense,RSI,RSI 加速上升,None,0.0,0.5525,0.269,0.269,0.2981,145,11545,0.0035,289.38,290.39,291.41,286.49,2026-06-29,3,False
SYY,Consumer Staples,Food Distribution,BB,BB 中軌向上（上升趨勢）,None,0.0,0.51,0.269,0.269,0.2466,171,6128,0.0069,83.58,84.16,84.73,82.74,2026-06-30,3,False
BRO,Financials,Insurance Brokers,RSI,RSI 維持強勢 (50-70),None,0.0,0.51,0.2686,0.2686,0.2842,242,19108,0.0031,64.15,64.35,64.55,63.51,2026-06-30,3,False
JEF,Financials,Capital Markets,BB,BB 中軌向上（上升趨勢）,None,0.0,0.51,0.2681,,0.2681,0,16575,0.0026,48.78,48.91,49.03,48.29,2026-06-29,3,False
SNEX,Financials,Capital Markets,BB,BB 中軌向上（上升趨勢）,None,0.0,0.51,0.2681,,0.2681,0,16575,0.0026,123.74,124.06,124.38,122.5,2026-07-01,3,False
WULF,Financials,Capital Markets,BB,BB 中軌向上（上升趨勢）,None,0.0,0.51,0.2681,,0.2681,0,16575,0.0026,25.58,25.65,25.71,25.32,2026-06-29,3,False
RMD,Health Care,Medical Instruments & Supplies,RSI,RSI 維持強勢 (50-70),None,0.0,0.51,0.268,0.268,0.2772,194,12123,-0.0031,201.1,200.48,199.85,199.09,2026-07-01,3,False
KIM,Real Estate,REIT - Retail,BB,BB 中軌向上（上升趨勢）,None,0.0,0.51,0.2674,0.2674,0.2647,187,5713,0.0031,25.08,25.16,25.24,24.83,2026-07-01,3,False
KMI,Energy,Oil & Gas Midstream,BB,價格在 BB 中軌上方,None,0.0,0.425,0.2673,0.2673,0.2998,333,5768,0.0033,31.97,32.08,32.18,31.65,2026-06-30,3,False
GD,Industrials,Aerospace & Defense,MACD,MACD 金叉 (多頭區),None,0.0,0.68,0.2667,0.2667,0.2674,15,531,0.0021,362.86,363.62,364.38,359.23,2026-07-01,3,False
CNP,Utilities,Utilities - Regulated Electric,BB,BB 中軌向上（上升趨勢）,None,0.0,0.51,0.2667,0.2667,0.249,240,7232,0.0049,43.73,43.94,44.16,43.29,2026-07-01,3,False
MSFT,Information Technology,Software - Infrastructure,RSI,RSI 加速上升,None,0.0,0.5525,0.2658,0.2658,0.3693,158,10688,0.0012,386.74,387.2,387.67,382.87,2026-07-06,3,False
OKE,Energy,Oil & Gas Midstream,RSI,RSI 維持強勢 (50-70),None,0.0,0.51,0.2658,0.2658,0.2963,237,4891,-0.0041,88.73,88.37,88.0,87.84,2026-06-29,3,False
MDT,Health Care,Medical Devices,RSI,RSI 加速上升,None,0.0,0.5525,0.2653,0.2653,0.2803,147,8492,0.0022,80.93,81.11,81.29,80.12,2026-06-29,3,False
DTE,Utilities,Utilities - Regulated Electric,RSI,RSI 加速上升,None,0.0,0.5525,0.2652,0.2652,0.2565,132,4905,0.0054,154.02,154.85,155.68,152.48,2026-06-29,3,False
ETR,Utilities,Utilities - Regulated Electric,BB,BB 中軌向上（上升趨勢）,None,0.0,0.51,0.2649,0.2649,0.249,268,7232,0.0038,112.86,113.29,113.72,111.73,2026-07-01,3,False
AMH,Real Estate,REIT - Residential,BB,BB 中軌向上（上升趨勢）,None,0.0,0.51,0.2647,,0.2647,0,5713,0.0025,33.72,33.8,33.89,33.38,2026-07-01,3,False
ELS,Real Estate,REIT - Residential,BB,BB 中軌向上（上升趨勢）,None,0.0,0.51,0.2647,,0.2647,0,5713,0.0025,65.01,65.17,65.34,64.36,2026-07-01,3,False
JLL,Real Estate,Real Estate Services,BB,BB 中軌向上（上升趨勢）,None,0.0,0.51,0.2647,,0.2647,0,5713,0.0025,318.35,319.15,319.94,315.17,2026-07-01,3,False
LAMR,Real Estate,REIT - Specialty,BB,BB 中軌向上（上升趨勢）,None,0.0,0.51,0.2647,,0.2647,0,5713,0.0025,156.64,157.03,157.42,155.07,2026-07-01,3,False
OHI,Real Estate,REIT - Healthcare Facilities,BB,BB 中軌向上（上升趨勢）,None,0.0,0.51,0.2647,,0.2647,0,5713,0.0025,48.17,48.29,48.41,47.69,2026-07-01,3,False
SJM,Consumer Staples,Packaged Foods,BB,BB 中軌向上（上升趨勢）,None,0.0,0.51,0.2645,0.2645,0.2466,121,6128,0.006,114.86,115.55,116.24,113.71,2026-07-01,3,False
JNJ,Health Care,Drug Manufacturers - General,RSI,RSI 加速上升,None,0.0,0.5525,0.2638,0.2638,0.2803,163,8492,0.0063,263.04,264.7,266.35,260.41,2026-07-02,3,False
EXC,Utilities,Utilities - Regulated Electric,RSI,RSI 加速上升,None,0.0,0.5525,0.2632,0.2632,0.2565,133,4905,0.0045,47.15,47.36,47.57,46.68,2026-06-29,3,False
ON,Information Technology,Semiconductors,BB,BB 跌破下軌 (超賣),None,0.0,0.45499999999999996,0.2632,0.2632,0.3447,19,1001,-0.0294,88.57,85.97,83.36,87.68,2026-06-29,3,False
PEG,Utilities,Utilities - Regulated Electric,BB,BB 中軌向上（上升趨勢）,None,0.0,0.51,0.2616,0.2616,0.249,172,7232,0.0033,80.27,80.53,80.8,79.47,2026-07-01,3,False
HRL,Consumer Staples,Packaged Foods,RSI,RSI 加速上升,None,0.0,0.5525,0.2606,0.2606,0.2439,165,5343,0.0005,26.31,26.32,26.34,26.05,2026-06-29,3,False
TDG,Industrials,Aerospace & Defense,RSI,RSI 維持強勢 (50-70),None,0.0,0.51,0.2605,0.2605,0.2986,261,19157,0.0004,1309.1801,1309.7,1310.23,1296.09,2026-07-01,3,False
ESS,Real Estate,REIT - Residential,BB,BB 中軌向上（上升趨勢）,None,0.0,0.51,0.2604,0.2604,0.2647,169,5713,0.0022,295.18,295.83,296.48,292.23,2026-07-01,3,False
VRSN,Information Technology,Software - Infrastructure,RSI,RSI 加速上升,None,0.0,0.5525,0.2599,0.2599,0.3693,177,10688,0.0006,255.9,256.05,256.21,253.34,2026-07-01,3,False
DGX,Health Care,Diagnostics & Research,RSI,RSI 加速上升,None,0.0,0.5525,0.259,0.259,0.2803,139,8492,0.0023,211.95,212.44,212.92,209.83,2026-06-30,3,False
PRU,Financials,Insurance - Life,RSI,RSI 加速上升,None,0.0,0.5525,0.2579,0.2579,0.3014,159,11488,-0.0002,111.07,111.05,111.03,109.96,2026-07-01,3,False
VMC,Materials,Building Materials,RSI,RSI 維持強勢 (50-70),None,0.0,0.51,0.2578,0.2578,0.286,256,5721,0.0056,295.03,296.68,298.33,292.08,2026-07-01,3,False
ITW,Industrials,Specialty Industrial Machinery,RSI,RSI 加速上升,None,0.0,0.5525,0.2576,0.2576,0.2981,132,11545,0.0023,270.47,271.09,271.71,267.77,2026-06-30,3,False
V,Financials,Credit Services,BB,BB 中軌向上（上升趨勢）,None,0.0,0.51,0.2571,0.2571,0.2681,210,16575,0.0013,357.25,357.71,358.18,353.68,2026-07-06,3,False
SRE,Utilities,Utilities - Diversified,RSI,RSI 加速上升,None,0.0,0.5525,0.2569,0.2569,0.2565,144,4905,-0.0054,93.91,93.4,92.9,92.97,2026-06-29,3,False
AXIA,Utilities,Utilities - Renewable,RSI,RSI 加速上升,None,0.0,0.5525,0.2565,,0.2565,0,4905,0.0041,10.74,10.78,10.83,10.63,2026-06-29,3,False
BIP,Utilities,Utilities - Diversified,RSI,RSI 加速上升,None,0.0,0.5525,0.2565,,0.2565,0,4905,0.0041,36.45,36.6,36.75,36.09,2026-06-29,3,False
EMA,Utilities,Utilities - Regulated Electric,RSI,RSI 加速上升,None,0.0,0.5525,0.2565,,0.2565,0,4905,0.0041,53.29,53.51,53.73,52.76,2026-06-29,3,False
FTS,Utilities,Utilities - Regulated Electric,RSI,RSI 加速上升,None,0.0,0.5525,0.2565,,0.2565,0,4905,0.0041,57.77,58.01,58.24,57.19,2026-06-29,3,False
NGG,Utilities,Utilities - Regulated Electric,RSI,RSI 加速上升,None,0.0,0.5525,0.2565,,0.2565,0,4905,0.0041,83.76,84.1,84.45,82.92,2026-06-29,3,False
OGE,Utilities,Utilities - Regulated Electric,RSI,RSI 加速上升,None,0.0,0.5525,0.2565,,0.2565,0,4905,0.0041,49.22,49.42,49.62,48.73,2026-06-29,3,False
PPLC,Utilities,Utilities - Regulated Electric,RSI,RSI 加速上升,None,0.0,0.5525,0.2565,,0.2565,0,4905,0.0041,49.3,49.5,49.7,48.81,2026-06-29,3,False
SBS,Utilities,Utilities - Regulated Water,RSI,RSI 加速上升,None,0.0,0.5525,0.2565,,0.2565,0,4905,0.0041,5.75,5.77,5.8,5.69,2026-07-01,3,False
SOMN,Utilities,Utilities - Regulated Electric,RSI,RSI 加速上升,None,0.0,0.5525,0.2565,,0.2565,0,4905,0.0041,50.32,50.53,50.73,49.82,2026-06-29,3,False
BJ,Consumer Staples,Discount Stores,RSI,RSI 上穿 50 中性線,None,0.0,0.4675,0.2565,,0.2565,0,928,0.0005,89.34,89.38,89.43,88.45,2026-06-29,3,False
EDU,Consumer Staples,Education & Training Services,RSI,RSI 上穿 50 中性線,None,0.0,0.4675,0.2565,,0.2565,0,928,0.0005,47.7,47.72,47.75,47.22,2026-07-01,3,False
CL,Consumer Staples,Household & Personal Products,RSI,RSI 加速上升,None,0.0,0.5525,0.2564,0.2564,0.2439,156,5343,0.0014,92.4,92.53,92.66,91.48,2026-06-29,3,False
ABEV,Consumer Staples,Beverages - Brewers,MACD,MACD 金叉 (多頭區),None,0.0,0.68,0.2554,,0.2554,0,184,-0.0001,3.18,3.18,3.18,3.15,2026-06-29,3,False
FMX,Consumer Staples,Beverages - Brewers,MACD,MACD 金叉 (多頭區),None,0.0,0.68,0.2554,,0.2554,0,184,-0.0001,131.2,131.19,131.17,129.89,2026-06-29,3,False
HON,Industrials,Conglomerates,BB,BB 中軌向上（上升趨勢）,None,0.0,0.51,0.2552,0.2552,0.2929,192,17460,-0.0004,221.75,221.66,221.57,219.53,2026-07-01,3,False
BF.B,Consumer Staples,Beverages,BB,價格在 BB 中軌上方,None,0.0,0.425,0.2531,0.2531,0.2432,245,8891,0.0014,26.65,26.69,26.72,26.38,2026-06-30,3,False
EA,Communication Services,Electronic Gaming & Multimedia,RSI,RSI 維持強勢 (50-70),None,0.0,0.51,0.2526,0.2526,0.3082,194,5205,0.0029,205.04,205.63,206.23,202.99,2026-06-30,3,False
EW,Health Care,Medical Devices,RSI,RSI 加速上升,None,0.0,0.5525,0.252,0.252,0.2803,127,8492,0.002,90.46,90.64,90.82,89.56,2026-06-30,3,False
DUK,Utilities,Utilities - Regulated Electric,BB,BB 中軌向上（上升趨勢）,None,0.0,0.51,0.251,0.251,0.249,239,7232,0.0011,125.77,125.91,126.05,124.51,2026-07-01,3,False
HLT,Consumer Discretionary,Lodging,BB,BB 中軌向上（上升趨勢）,None,0.0,0.51,0.2509,0.2509,0.2908,283,9757,0.0028,332.54,333.47,334.4,329.21,2026-06-29,3,False
LINE,Real Estate,REIT - Industrial,RSI,RSI 維持強勢 (50-70),None,0.0,0.51,0.2509,,0.2509,0,7011,0.0007,43.59,43.62,43.65,43.15,2026-07-01,3,False
JBS,Consumer Staples,Packaged Foods,KDJ,KDJ 金叉,None,0.0,0.5525,0.2503,,0.2503,0,779,-0.0014,12.22,12.2,12.19,12.1,2026-06-29,3,False
CSGP,Real Estate,Real Estate Services,KDJ,KDJ 金叉,None,0.0,0.5525,0.25,0.25,0.2818,24,550,-0.0157,29.36,28.9,28.44,29.07,2026-07-01,3,False
HD,Consumer Discretionary,Home Improvement Retail,RSI,RSI 加速上升,None,0.0,0.5525,0.25,0.25,0.3117,128,6796,0.0029,357.9,358.94,359.98,354.32,2026-07-02,3,False
XYL,Industrials,Specialty Industrial Machinery,RSI,RSI 加速上升,None,0.0,0.5525,0.25,0.25,0.2981,152,11545,0.0014,117.27,117.43,117.6,116.1,2026-07-01,3,False
KO,Consumer Staples,Beverages - Non-Alcoholic,RSI,RSI 動能加速（強勢區）,None,0.0,0.51,0.25,0.25,0.2456,36,1148,0.0023,84.14,84.33,84.53,83.3,2026-07-02,3,False
MRK,Health Care,Drug Manufacturers - General,RSI,RSI 動能加速（強勢區）,None,0.0,0.51,0.25,0.25,0.2606,36,1869,-0.0015,129.56,129.37,129.17,128.26,2026-07-02,3,False
AGNCM,Real Estate,REIT - Mortgage,BB,BB 跌破下軌 (超賣),None,0.0,0.45499999999999996,0.25,,0.25,0,564,-0.0003,24.77,24.76,24.76,24.52,2026-07-01,3,False
NUE,Materials,Steel,BB,BB 跌破下軌 (超賣),None,0.0,0.45499999999999996,0.25,0.25,0.2333,16,403,-0.014,219.02,215.95,212.89,216.83,2026-07-01,3,False
DOV,Industrials,Specialty Industrial Machinery,BB,價格在 BB 中軌上方,None,0.0,0.425,0.2492,0.2492,0.295,297,22337,0.0015,224.28,224.62,224.95,222.04,2026-06-30,3,False
TLN,Utilities,Utilities - Independent Power Producers,BB,BB 中軌向上（上升趨勢）,None,0.0,0.51,0.249,,0.249,0,7232,0.0028,360.79,361.8,362.81,357.18,2026-07-01,3,False
TXT,Industrials,Aerospace & Defense,RSI,RSI 維持強勢 (50-70),None,0.0,0.51,0.249,0.249,0.2986,241,19157,-0.0003,91.93,91.9,91.87,91.01,2026-07-01,3,False
FRT,Real Estate,REIT - Retail,RSI,RSI 加速上升,None,0.0,0.5525,0.2483,0.2483,0.2327,145,4401,-0.0002,125.42,125.39,125.37,124.17,2026-06-29,3,False
PFE,Health Care,Drug Manufacturers - General,RSI,RSI 加速上升,None,0.0,0.5525,0.2483,0.2483,0.2803,145,8492,-0.0032,23.88,23.8,23.73,23.64,2026-07-01,3,False
GLPI,Real Estate,REIT - Specialty,BB,價格在 BB 中軌上方,None,0.0,0.425,0.248,,0.248,0,8032,0.0005,45.91,45.93,45.96,45.45,2026-06-29,3,False
FAST,Industrials,Industrial Distribution,RSI,RSI 加速上升,None,0.0,0.5525,0.2466,0.2466,0.2981,146,11545,-0.001,47.75,47.7,47.65,47.27,2026-07-01,3,False
BUD,Consumer Staples,Beverages - Brewers,BB,BB 中軌向上（上升趨勢）,None,0.0,0.51,0.2466,,0.2466,0,6128,-0.0003,80.25,80.23,80.2,79.45,2026-07-01,3,False
CCEP,Consumer Staples,Beverages - Non-Alcoholic,BB,BB 中軌向上（上升趨勢）,None,0.0,0.51,0.2466,,0.2466,0,6128,-0.0003,100.07,100.04,100.01,99.07,2026-06-30,3,False
COKE,Consumer Staples,Beverages - Non-Alcoholic,BB,BB 中軌向上（上升趨勢）,None,0.0,0.51,0.2466,,0.2466,0,6128,-0.0003,193.84,193.78,193.72,191.9,2026-07-01,3,False
CPB,Consumer Staples,Packaged Foods,BB,BB 中軌向上（上升趨勢）,None,0.0,0.51,0.2466,,0.2466,0,6128,-0.0003,23.47,23.46,23.46,23.24,2026-07-01,3,False
MICC,Consumer Staples,Packaged Foods,BB,BB 中軌向上（上升趨勢）,None,0.0,0.51,0.2466,,0.2466,0,6128,-0.0003,17.41,17.4,17.4,17.24,2026-06-30,3,False
PFGC,Consumer Staples,Food Distribution,BB,BB 中軌向上（上升趨勢）,None,0.0,0.51,0.2466,,0.2466,0,6128,-0.0003,112.54,112.51,112.47,111.41,2026-07-01,3,False
UL,Consumer Staples,Household & Personal Products,BB,BB 中軌向上（上升趨勢）,None,0.0,0.51,0.2466,,0.2466,0,6128,-0.0003,60.89,60.87,60.85,60.28,2026-07-01,3,False
USFD,Consumer Staples,Food Distribution,BB,BB 中軌向上（上升趨勢）,None,0.0,0.51,0.2466,,0.2466,0,6128,-0.0003,101.9,101.87,101.84,100.88,2026-07-01,3,False
DRI,Consumer Discretionary,Restaurants,BB,BB 中軌向上（上升趨勢）,None,0.0,0.51,0.2459,0.2459,0.2908,183,9757,-0.0023,201.95,201.49,201.02,199.93,2026-07-01,3,False
BTI,Consumer Staples,Tobacco,RSI,RSI 維持強勢 (50-70),None,0.0,0.51,0.2452,,0.2452,0,7574,-0.0002,61.76,61.75,61.74,61.14,2026-06-30,3,False
DEO,Consumer Staples,Beverages - Wineries & Distilleries,RSI,RSI 維持強勢 (50-70),None,0.0,0.51,0.2452,,0.2452,0,7574,-0.0002,83.2,83.18,83.17,82.37,2026-06-29,3,False
TSN,Consumer Staples,Farm Products,BB,價格在 BB 中軌上方,None,0.0,0.425,0.245,0.245,0.2432,249,8891,-0.0007,58.43,58.39,58.35,57.85,2026-07-01,3,False
D,Utilities,Utilities - Regulated Electric,BB,BB 中軌向上（上升趨勢）,None,0.0,0.51,0.2449,0.2449,0.249,196,7232,0.0034,67.79,68.02,68.25,67.11,2026-07-01,3,False
SYK,Health Care,Medical Devices,RSI,RSI 加速上升,None,0.0,0.5525,0.2434,0.2434,0.2803,152,8492,-0.0002,330.52,330.45,330.39,327.21,2026-06-29,3,False
LIN,Materials,Specialty Chemicals,BB,BB 中軌向上（上升趨勢）,None,0.0,0.51,0.2419,0.2419,0.2853,186,5036,0.0042,540.52,542.79,545.06,535.11,2026-07-06,3,False
AVB,Real Estate,REIT - Residential,BB,BB 中軌向上（上升趨勢）,None,0.0,0.51,0.2418,0.2418,0.2647,182,5713,0.0027,190.43,190.94,191.46,188.53,2026-07-01,3,False
NWS,Communication Services,Entertainment,KDJ,KDJ 金叉,None,0.0,0.5525,0.2414,0.2414,0.3345,29,550,-0.005,29.25,29.1,28.96,28.96,2026-07-01,3,False
VLTO,Industrials,Pollution & Treatment Controls,RSI,RSI 動能加速（強勢區）,None,0.0,0.51,0.2414,0.2414,0.2891,29,3037,0.0091,90.34,91.16,91.98,89.44,2026-07-01,3,False
ABT,Health Care,Medical Devices,KDJ,KDJ 金叉,None,0.0,0.5525,0.24,0.24,0.2852,25,1536,-0.0037,92.18,91.84,91.5,91.26,2026-07-01,3,False
ACN,Information Technology,Information Technology Services,RSI,RSI 加速上升,None,0.0,0.5525,0.24,0.24,0.3693,150,10688,-0.0042,136.96,136.38,135.81,135.59,2026-07-06,3,False
CPRT,Industrials,Specialty Business Services,BB,BB 跌破下軌 (超賣),None,0.0,0.45499999999999996,0.24,0.24,0.2838,25,1258,0.0026,28.19,28.26,28.34,27.91,2026-06-30,3,False
CPAY,Information Technology,Software - Infrastructure,KDJ,KDJ 金叉,Bullish Engulfing,0.75,1.0,0.2391,,0.2391,0,92,-0.0121,340.94,336.81,332.69,337.53,2026-07-01,3,False
INFY,Information Technology,Information Technology Services,KDJ,KDJ 金叉,Bullish Engulfing,0.75,1.0,0.2391,,0.2391,0,92,-0.0121,10.65,10.52,10.39,10.54,2026-07-01,3,False
LITE,Information Technology,Communication Equipment,KDJ,KDJ 金叉,Bullish Engulfing,0.75,1.0,0.2391,,0.2391,0,92,-0.0121,851.4,841.1,830.8,842.89,2026-06-29,3,False
UPS,Industrials,Integrated Freight & Logistics,RSI,RSI 維持強勢 (50-70),None,0.0,0.51,0.239,0.239,0.2986,205,19157,-0.0081,109.54,108.65,107.77,108.44,2026-07-01,3,False
HIG,Financials,Insurance - Diversified,BB,價格在 BB 中軌上方,None,0.0,0.425,0.2386,0.2386,0.2847,352,21689,0.0002,133.89,133.92,133.94,132.55,2026-07-01,3,False
ECL,Materials,Specialty Chemicals,BB,價格在 BB 中軌上方,None,0.0,0.425,0.238,0.238,0.2859,332,6697,0.003,278.37,279.21,280.04,275.59,2026-07-01,3,False
MAA,Real Estate,REIT - Residential,RSI,RSI 維持強勢 (50-70),None,0.0,0.51,0.237,0.237,0.2509,211,7011,0.0016,139.94,140.16,140.39,138.54,2026-07-01,3,False
BEKE,Real Estate,Real Estate Services,KDJ,KDJ 超賣區金叉,None,0.0,0.5599999999999999,0.2366,,0.2366,0,448,-0.0002,14.55,14.55,14.54,14.4,2026-06-29,3,False
SPGI,Financials,Financial Data & Stock Exchanges,RSI,RSI 加速上升,None,0.0,0.5525,0.236,0.236,0.3014,161,11488,0.0044,414.97,416.8,418.62,410.82,2026-07-01,3,False
WEC,Utilities,Utilities - Regulated Electric,BB,價格在 BB 中軌上方,None,0.0,0.425,0.2348,0.2348,0.246,264,9864,0.0012,116.22,116.36,116.5,115.06,2026-07-01,3,False
ECHO,Communication Services,Telecom Services,KDJ,KDJ 超賣區金叉,None,0.0,0.5599999999999999,0.2339,,0.2339,0,171,-0.0015,101.5,101.35,101.2,100.48,2026-06-30,3,False
SATS,Communication Services,Telecom Services,KDJ,KDJ 超賣區金叉,None,0.0,0.5599999999999999,0.2339,,0.2339,0,171,-0.0015,100.92,100.77,100.62,99.91,2026-07-01,3,False
SKM,Communication Services,Telecom Services,KDJ,KDJ 超賣區金叉,None,0.0,0.5599999999999999,0.2339,,0.2339,0,171,-0.0015,31.88,31.83,31.78,31.56,2026-07-01,3,False
TLK,Communication Services,Telecom Services,KDJ,KDJ 超賣區金叉,None,0.0,0.5599999999999999,0.2339,,0.2339,0,171,-0.0015,13.73,13.71,13.69,13.59,2026-07-01,3,False
PNW,Utilities,Utilities - Regulated Electric,RSI,RSI 加速上升,None,0.0,0.5525,0.2338,0.2338,0.2565,154,4905,0.0009,107.0,107.1,107.19,105.93,2026-06-30,3,False
SO,Utilities,Utilities - Regulated Electric,RSI,RSI 維持強勢 (50-70),None,0.0,0.51,0.2335,0.2335,0.2471,257,8831,0.0035,95.12,95.45,95.79,94.17,2026-07-01,3,False
WPC,Real Estate,REIT - Diversified,RSI,RSI 加速上升,None,0.0,0.5525,0.2327,,0.2327,0,4401,-0.0006,73.5,73.46,73.41,72.77,2026-06-29,3,False
WM,Industrials,Waste Management,RSI,RSI 維持強勢 (50-70),None,0.0,0.51,0.2321,0.2321,0.2986,224,19157,0.0008,224.08,224.26,224.44,221.84,2026-07-01,3,False
NDSN,Industrials,Specialty Industrial Machinery,RSI,RSI 加速上升,None,0.0,0.5525,0.2313,0.2313,0.2981,134,11545,0.0014,301.69,302.11,302.53,298.67,2026-06-30,3,False
CTVA,Materials,Agricultural Inputs,BB,價格在 BB 中軌上方,None,0.0,0.425,0.2311,0.2311,0.2859,238,6697,-0.0041,83.54,83.2,82.85,82.7,2026-07-01,3,False
AME,Industrials,Specialty Industrial Machinery,BB,BB 中軌向上（上升趨勢）,None,0.0,0.51,0.2308,0.2308,0.2929,234,17460,0.0045,237.13,238.2,239.26,234.76,2026-07-01,3,False
ED,Utilities,Utilities - Regulated Electric,BB,BB 中軌向上（上升趨勢）,None,0.0,0.51,0.2308,0.2308,0.249,182,7232,0.002,110.95,111.17,111.39,109.84,2026-07-01,3,False
DECK,Consumer Discretionary,Footwear & Accessories,BB,BB 跌破下軌 (超賣),None,0.0,0.45499999999999996,0.2308,0.2308,0.2974,13,733,-0.0094,99.29,98.36,97.42,98.3,2026-06-30,3,False
CMS,Utilities,Utilities - Regulated Electric,RSI,RSI 維持強勢 (50-70),None,0.0,0.51,0.2305,0.2305,0.2471,256,8831,0.0032,75.92,76.16,76.41,75.16,2026-07-01,3,False
REG,Real Estate,REIT - Retail,BB,BB 中軌向上（上升趨勢）,None,0.0,0.51,0.2304,0.2304,0.2647,191,5713,0.0014,79.37,79.48,79.59,78.58,2026-07-01,3,False
TRV,Financials,Insurance - Property & Casualty,RSI,RSI 加速上升,None,0.0,0.5525,0.2297,0.2297,0.3014,148,11488,0.0016,331.88,332.41,332.94,328.56,2026-06-29,3,False
INVH,Real Estate,REIT - Residential,BB,BB 中軌向上（上升趨勢）,None,0.0,0.51,0.2295,0.2295,0.2647,122,5713,0.0013,30.35,30.39,30.43,30.05,2026-07-01,3,False
WST,Health Care,Medical Instruments & Supplies,RSI,RSI 加速上升,Consolidation Breakout,0.72,1.0,0.2275,,0.2275,0,822,-0.0005,365.0,364.82,364.63,361.35,2026-07-01,3,False
NVR,Consumer Discretionary,Residential Construction,BB,BB 中軌向上（上升趨勢）,None,0.0,0.51,0.227,0.227,0.2908,163,9757,0.0006,6643.73,6647.72,6651.7,6577.29,2026-07-01,3,False
EVRG,Utilities,Utilities - Regulated Electric,BB,價格在 BB 中軌上方,None,0.0,0.425,0.227,0.227,0.246,326,9864,0.0026,86.19,86.41,86.64,85.33,2026-07-01,3,False
DHR,Health Care,Diagnostics & Research,BB,價格在 BB 中軌上方,None,0.0,0.425,0.2267,0.2267,0.2804,247,14417,-0.002,193.62,193.23,192.85,191.68,2026-07-06,3,False
UDR,Real Estate,REIT - Residential,BB,BB 中軌向上（上升趨勢）,None,0.0,0.51,0.226,0.226,0.2647,146,5713,0.0028,40.62,40.73,40.85,40.21,2026-07-01,3,False
CLX,Consumer Staples,Household & Personal Products,BB,價格在 BB 中軌上方,None,0.0,0.425,0.2245,0.2245,0.2432,196,8891,-0.0034,96.42,96.09,95.76,95.46,2026-07-01,3,False
STE,Health Care,Medical Devices,BB,價格在 BB 中軌上方,None,0.0,0.425,0.2235,0.2235,0.2804,170,14417,0.0018,212.3,212.68,213.06,210.18,2026-07-01,3,False
OTIS,Industrials,Specialty Industrial Machinery,MACD,MACD 突破 0 軸,None,0.0,0.595,0.2222,0.2222,0.2912,9,570,0.003,72.92,73.14,73.36,72.19,2026-06-29,3,False
TYL,Information Technology,Software - Application,MACD,MACD 金叉 (空頭區),None,0.0,0.42,0.2222,0.2222,0.3767,18,754,0.0041,290.75,291.94,293.13,287.84,2026-06-29,3,False
WY,Real Estate,REIT - Specialty,BB,BB 中軌向上（上升趨勢）,None,0.0,0.51,0.22,0.22,0.2647,150,5713,0.0028,23.94,24.01,24.07,23.7,2026-06-30,3,False
VRSK,Industrials,Consulting Services,RSI,RSI 加速上升,None,0.0,0.5525,0.2179,0.2179,0.2981,156,11545,-0.0014,179.53,179.28,179.03,177.73,2026-06-30,3,False
DOW,Materials,Chemicals,BB,BB 跌破下軌 (超賣),None,0.0,0.45499999999999996,0.2174,0.2174,0.2333,23,403,-0.0105,27.92,27.63,27.33,27.64,2026-06-29,3,False
CHD,Consumer Staples,Household & Personal Products,RSI,RSI 加速上升,None,0.0,0.5525,0.216,0.216,0.2439,162,5343,-0.001,97.9,97.8,97.7,96.92,2026-06-29,3,False
AFL,Financials,Insurance - Life,BB,價格在 BB 中軌上方,None,0.0,0.425,0.2149,0.2149,0.2847,363,21689,0.0016,118.49,118.68,118.87,117.31,2026-07-01,3,False
SBUX,Consumer Discretionary,Restaurants,RSI,RSI 動能加速（強勢區）,None,0.0,0.51,0.2143,0.2143,0.3027,28,1665,-0.0021,103.39,103.17,102.96,102.36,2026-07-01,3,False
BG,Consumer Staples,Farm Products,RSI,RSI 維持超賣,None,0.0,0.385,0.2143,0.2143,0.2366,28,744,-0.0019,104.89,104.69,104.49,103.84,2026-07-01,3,False
MRSH,Financials,Insurance Brokers,RSI,RSI 動能加速（強勢區）,None,0.0,0.51,0.2128,0.2128,0.279,47,3129,0.0004,172.14,172.21,172.28,170.42,2026-07-01,3,False
L,Financials,Insurance - Property & Casualty,RSI,RSI 加速上升,None,0.0,0.5525,0.2105,0.2105,0.3014,152,11488,0.0029,113.69,114.02,114.35,112.55,2026-06-29,3,False
PPL,Utilities,Utilities - Regulated Electric,RSI,RSI 加速上升,None,0.0,0.5525,0.2101,0.2101,0.2565,138,4905,0.0052,36.74,36.93,37.12,36.37,2026-06-29,3,False
FE,Utilities,Utilities - Regulated Electric,BB,BB 中軌向上（上升趨勢）,None,0.0,0.51,0.2083,0.2083,0.249,216,7232,0.0036,47.07,47.24,47.41,46.6,2026-07-01,3,False
WRB,Financials,Insurance - Property & Casualty,RSI,RSI 維持強勢 (50-70),None,0.0,0.51,0.2083,0.2083,0.2842,288,19108,0.0013,70.66,70.75,70.84,69.95,2026-07-01,3,False
RSG,Industrials,Waste Management,RSI,RSI 維持強勢 (50-70),None,0.0,0.51,0.2077,0.2077,0.2986,260,19157,0.0022,214.71,215.18,215.65,212.56,2026-07-01,3,False
MCD,Consumer Discretionary,Restaurants,KDJ,KDJ 金叉,None,0.0,0.5525,0.2069,0.2069,0.3183,29,1244,-0.0017,280.63,280.15,279.68,277.82,2026-07-02,3,False
AEE,Utilities,Utilities - Regulated Electric,RSI,RSI 維持強勢 (50-70),None,0.0,0.51,0.2058,0.2058,0.2471,311,8831,-0.0002,112.19,112.17,112.15,111.07,2026-07-01,3,False
KMB,Consumer Staples,Household & Personal Products,BB,BB 中軌向上（上升趨勢）,None,0.0,0.51,0.2057,0.2057,0.2466,141,6128,-0.0029,109.77,109.45,109.13,108.67,2026-06-30,3,False
O,Real Estate,REIT - Retail,RSI,RSI 維持強勢 (50-70),None,0.0,0.51,0.2041,0.2041,0.2509,245,7011,0.0004,61.82,61.84,61.87,61.2,2026-07-01,3,False
GPC,Consumer Discretionary,Auto Parts,RSI,RSI 加速上升,None,0.0,0.5525,0.2038,0.2038,0.3117,157,6796,-0.0061,117.4,116.68,115.97,116.23,2026-07-01,3,False
LNT,Utilities,Utilities - Regulated Electric,RSI,RSI 加速上升,None,0.0,0.5525,0.2025,0.2025,0.2565,158,4905,0.0008,77.18,77.24,77.3,76.41,2026-06-29,3,False
BDX,Health Care,Medical Instruments & Supplies,BB,BB 中軌向上（上升趨勢）,None,0.0,0.51,0.1948,0.1948,0.2705,154,10885,-0.0017,152.9,152.64,152.38,151.37,2026-07-01,3,False
ATO,Utilities,Utilities - Regulated Gas,RSI,RSI 加速上升,None,0.0,0.5525,0.1946,0.1946,0.2565,149,4905,0.0012,174.84,175.05,175.26,173.09,2026-06-29,3,False
SNA,Industrials,Tools & Accessories,BB,BB 中軌向上（上升趨勢）,None,0.0,0.51,0.1944,0.1944,0.2929,216,17460,0.0,403.28,403.28,403.28,399.25,2026-07-01,3,False
AON,Financials,Insurance Brokers,BB,價格在 BB 中軌上方,None,0.0,0.425,0.1869,0.1869,0.2847,289,21689,-0.0042,343.56,342.12,340.67,340.12,2026-07-01,3,False
SPG,Real Estate,REIT - Retail,RSI,RSI 維持強勢 (50-70),None,0.0,0.51,0.1805,0.1805,0.2509,277,7011,-0.0007,223.0,222.84,222.69,220.77,2026-07-01,3,False
WTW,Financials,Insurance Brokers,RSI,RSI 動能加速（強勢區）,None,0.0,0.51,0.1702,0.1702,0.279,47,3129,0.0004,275.04,275.15,275.26,272.29,2026-07-01,3,False
PG,Consumer Staples,Household & Personal Products,BB,BB 中軌向上（上升趨勢）,None,0.0,0.51,0.1677,0.1677,0.2466,161,6128,-0.0001,149.31,149.3,149.28,147.82,2026-07-06,3,False
XOM,Energy,Oil & Gas Integrated,KDJ,KDJ 超賣區金叉,None,0.0,0.5599999999999999,0.1667,0.1667,0.3319,12,232,0.0111,136.72,138.24,139.76,135.35,2026-06-30,3,False
MDLZ,Consumer Staples,Confectioners,BB,BB 跌破下軌 (超賣),None,0.0,0.45499999999999996,0.1667,0.1667,0.2667,24,705,-0.003,57.84,57.67,57.49,57.26,2026-06-30,3,False
PLD,Real Estate,REIT - Industrial,BB,BB 跌破下軌 (超賣),None,0.0,0.45499999999999996,0.1429,0.1429,0.25,14,564,-0.0053,135.47,134.75,134.03,134.12,2026-06-30,3,False
VICI,Real Estate,REIT - Diversified,RSI,RSI 加速上升,None,0.0,0.5525,0.1408,0.1408,0.2327,142,4401,-0.0026,27.18,27.11,27.04,26.91,2026-06-29,3,False
AMT,Real Estate,REIT - Specialty,BB,BB 跌破下軌 (超賣),None,0.0,0.45499999999999996,0.1,0.1,0.3864,10,132,-0.0095,163.57,162.02,160.46,161.93,2026-06-30,3,True
LYB,Materials,Specialty Chemicals,RSI,RSI 維持超賣,None,0.0,0.385,0.0323,0.0323,0.2796,31,304,-0.019,52.58,51.58,50.58,52.05,2026-07-01,3,False
