symbol,sector,subsector,indicator,signal,pattern,pattern_conf,confidence,win_rate,win_rate_stock,win_rate_sector,stock_n,sector_n,avg_return,price,tp1_price,tp2_price,sl_price,date,tier,volume_confirmed
ROL,Consumer Discretionary,Personal Services,BB,BB 跌破下軌 (超賣),Support,0.9,1.0,1.0,,1.0,0,6,0.0857,39.44,42.82,46.2,39.05,2026-07-23,1,True
STLD,Materials,Steel,RSI,RSI 加速上升,Consolidation Breakout,0.73,1.0,0.9231,0.9231,0.2304,13,395,0.0394,250.07,259.92,269.78,247.57,2026-07-27,1,False
DOV,Industrials,Specialty Industrial Machinery,BB,BB 跌破下軌 (超賣),Support,0.8,1.0,0.8333,,0.8333,0,6,0.0537,197.8,208.42,219.04,195.82,2026-07-23,1,True
SAP,Information Technology,Software - Application,BB,BB 跌破下軌 (超賣),Support,0.8,1.0,0.7857,,0.7857,0,14,0.0772,146.38,157.68,168.98,144.92,2026-07-23,1,True
GOOG,Communication Services,Internet Content & Information,BB,BB 跌破下軌 (超賣),Morning Star,0.8,1.0,0.6087,,0.6087,0,23,0.0331,319.09,329.65,340.21,315.9,2026-07-24,1,False
GOOGL,Communication Services,Internet Content & Information,BB,BB 跌破下軌 (超賣),Morning Star,0.8,1.0,0.6087,,0.6087,0,23,0.0331,319.74,330.32,340.91,316.54,2026-07-24,1,False
BEKE,Real Estate,Real Estate Services,RSI,RSI 上穿 50 中性線,Morning Star,0.8,0.9900000000000001,0.5833,,0.5833,0,24,0.0272,16.295,16.74,17.18,16.13,2026-07-27,1,False
CBRE,Real Estate,Real Estate Services,RSI,RSI 上穿 50 中性線,Morning Star,0.8,0.9900000000000001,0.5833,,0.5833,0,24,0.0272,139.46,143.25,147.05,138.07,2026-07-24,1,False
MNST,Consumer Staples,Beverages - Non-Alcoholic,RSI,RSI 上穿 50 中性線,Morning Star,0.8,0.9900000000000001,0.5625,,0.5625,0,32,0.0236,95.14,97.39,99.63,94.19,2026-07-27,1,False
MO,Consumer Staples,Tobacco,RSI,RSI 上穿 50 中性線,Morning Star,0.8,0.9900000000000001,0.5625,,0.5625,0,32,0.0236,72.99,74.71,76.44,72.26,2026-07-24,1,False
TIMB,Communication Services,Telecom Services,BB,BB 跌破下軌 (超賣),Bullish Engulfing,0.75,1.0,0.5556,,0.5556,0,18,0.0326,21.05,21.74,22.42,20.84,2026-07-23,1,False
BJ,Consumer Staples,Discount Stores,BB,BB 中軌向上（上升趨勢）,Morning Star,0.8,1.0,0.5505,,0.5505,0,109,0.0238,92.94,95.15,97.36,92.01,2026-07-24,1,False
RTX,Industrials,Aerospace & Defense,BB,BB 中軌向上（上升趨勢）,None,0.0,0.51,0.7857,0.7857,0.3333,14,936,0.0425,209.16,218.05,226.94,207.07,2026-07-23,2,True
LMT,Industrials,Aerospace & Defense,RSI,RSI 加速上升,None,0.0,0.5525,0.625,0.625,0.3379,8,651,0.0345,568.59,588.21,607.82,562.9,2026-07-23,2,True
WAB,Industrials,Railroads,RSI,RSI 加速上升,None,0.0,0.5525,0.4545,0.4545,0.3379,11,651,0.0097,297.99,300.88,303.77,295.01,2026-07-23,2,True
DGX,Health Care,Diagnostics & Research,MACD,MACD 金叉 (多頭區),None,0.0,0.68,0.451,,0.451,0,51,0.0047,227.9,228.97,230.04,225.62,2026-07-23,2,True
LH,Health Care,Diagnostics & Research,MACD,MACD 金叉 (多頭區),None,0.0,0.68,0.451,,0.451,0,51,0.0047,291.02,292.39,293.76,288.11,2026-07-23,2,True
MEDP,Health Care,Diagnostics & Research,MACD,MACD 金叉 (多頭區),None,0.0,0.68,0.451,,0.451,0,51,0.0047,605.82,608.67,611.51,599.76,2026-07-23,2,True
TMO,Health Care,Diagnostics & Research,MACD,MACD 金叉 (多頭區),None,0.0,0.68,0.451,,0.451,0,51,0.0047,572.32,575.01,577.7,566.6,2026-07-23,2,True
HDB,Financials,Banks - Regional,BB,BB 跌破下軌 (超賣),Support,0.8,1.0,1.0,,1.0,0,5,0.1168,23.13,25.83,28.53,22.9,2026-07-23,3,False
PHM,Consumer Discretionary,Residential Construction,RSI,RSI 維持強勢 (50-70),Morning Star,0.8,1.0,1.0,1.0,0.4226,9,265,0.0574,128.75,136.14,143.53,127.46,2026-07-24,3,False
FMS,Health Care,Medical Care Facilities,KDJ,KDJ 金叉,Support,0.9,1.0,0.8,,,0,0,0.0149,24.44,24.8,25.17,24.2,2026-07-23,3,False
INCY,Health Care,Biotechnology,KDJ,KDJ 金叉,Support,0.9,1.0,0.8,,,0,0,0.0149,116.69,118.43,120.17,115.52,2026-07-23,3,False
JHX,Materials,Building Materials,BB,價格在 BB 中軌上方,Morning Star,0.8,1.0,0.8,,0.8,0,5,0.0079,25.86,26.06,26.27,25.6,2026-07-23,3,True
SPGI,Financials,Financial Data & Stock Exchanges,BB,價格在 BB 中軌上方,Morning Star,0.8,0.924,0.7143,0.7143,0.3937,7,348,0.0201,437.035,445.82,454.6,432.66,2026-07-27,3,False
AJG,Financials,Insurance Brokers,BB,BB 中軌向上（上升趨勢）,Morning Star,0.8,1.0,0.6667,0.6667,0.4207,6,328,0.0277,247.77,254.63,261.5,245.29,2026-07-24,3,False
FOXA,Communication Services,Entertainment,RSI,RSI 維持強勢 (50-70),Morning Star,0.8,1.0,0.6667,0.6667,0.3417,9,120,0.0151,57.21,58.07,58.94,56.64,2026-07-27,3,False
TTD,Communication Services,Advertising Agencies,BB,BB 跌破下軌 (超賣),Support,0.8,1.0,0.6667,,0.6667,0,6,0.0327,16.79,17.34,17.89,16.62,2026-07-23,3,False
CEG,Utilities,Utilities - Independent Power Producers,MACD,MACD 突破 0 軸,None,0.0,0.595,0.6667,0.6667,0.2226,9,310,0.0485,275.6,288.97,302.33,272.84,2026-07-23,3,False
TT,Industrials,Building Products & Equipment,KDJ,KDJ 金叉,None,0.0,0.5525,0.6667,0.6667,0.3223,15,2110,0.0317,479.71,494.92,510.12,474.91,2026-07-23,3,False
ORCL,Information Technology,Software - Infrastructure,RSI,RSI 超賣區域 (30),None,0.0,0.5249999999999999,0.6667,0.6667,0.3319,6,238,0.0349,120.04,124.23,128.42,118.84,2026-07-23,3,False
RCL,Consumer Discretionary,Travel Services,RSI,RSI 上穿 50 中性線,None,0.0,0.4675,0.65,0.65,0.3072,20,1123,0.0186,293.54,299.0,304.46,290.6,2026-07-24,3,False
SNDK,Information Technology,Computer Hardware,RSI,RSI 加速上升,None,0.0,0.5525,0.6429,0.6429,0.3693,84,10688,0.089,1610.33,1753.65,1896.97,1594.23,2026-07-23,3,False
WDC,Information Technology,Computer Hardware,RSI,RSI 加速上升,None,0.0,0.5525,0.6024,0.6024,0.3693,166,10688,0.0324,519.8,536.64,553.48,514.6,2026-07-24,3,False
UDR,Real Estate,REIT - Residential,RSI,RSI 維持強勢 (50-70),Morning Star,0.8,1.0,0.6,0.6,0.4677,5,124,0.0031,39.59,39.71,39.84,39.19,2026-07-24,3,False
ALGN,Health Care,Medical Instruments & Supplies,BB,價格在 BB 中軌上方,Bullish Engulfing,0.75,0.9075,0.6,0.6,0.332,5,259,0.086,168.635,183.14,197.64,166.95,2026-07-27,3,False
NRG,Utilities,Utilities - Independent Power Producers,MACD,MACD 突破 0 軸,None,0.0,0.595,0.6,0.6,0.2226,5,310,0.0364,141.03,146.16,151.3,139.62,2026-07-24,3,False
BLDR,Industrials,Building Products & Equipment,KDJ,KDJ 超賣區金叉,None,0.0,0.5599999999999999,0.6,0.6,0.2433,5,563,0.0461,72.86,76.22,79.58,72.13,2026-07-24,3,False
CVNA,Consumer Discretionary,Auto & Truck Dealerships,BB,BB 跌破下軌 (超賣),None,0.0,0.45499999999999996,0.6,0.6,0.2974,10,733,0.0304,60.19,62.02,63.85,59.59,2026-07-23,3,False
PNC,Financials,Banks - Regional,KDJ,KDJ 金叉,None,0.0,0.5525,0.5882,0.5882,0.3142,17,1932,0.0121,251.32,254.36,257.4,248.81,2026-07-27,3,False
LULU,Consumer Discretionary,Apparel Retail,MACD,MACD 金叉 (空頭區),None,0.0,0.42,0.5882,0.5882,0.3233,17,529,0.0095,117.625,118.74,119.86,116.45,2026-07-27,3,False
RSG,Industrials,Waste Management,BB,價格在 BB 中軌上方,Bullish Engulfing,0.75,0.9075,0.5714,0.5714,0.3799,7,329,0.0131,218.87,221.74,224.6,216.68,2026-07-27,3,False
EXE,Energy,Oil & Gas E&P,MACD,MACD 突破 0 軸,None,0.0,0.595,0.5714,0.5714,0.2783,7,212,0.0316,91.52,94.41,97.3,90.6,2026-07-24,3,False
GM,Consumer Discretionary,Auto Manufacturers,MACD,MACD 突破 0 軸,None,0.0,0.595,0.5714,0.5714,0.3351,7,376,0.0123,80.67,81.66,82.65,79.86,2026-07-23,3,False
URI,Industrials,Rental & Leasing Services,MACD,MACD 突破 0 軸,None,0.0,0.595,0.5714,0.5714,0.2912,7,570,0.0466,1139.71,1192.82,1245.93,1128.31,2026-07-23,3,False
PSKY,Communication Services,Entertainment,RSI,RSI 超賣區域 (30),None,0.0,0.5249999999999999,0.5714,0.5714,0.3011,7,93,0.0381,8.21,8.52,8.84,8.13,2026-07-24,3,False
HII,Industrials,Aerospace & Defense,RSI,RSI 上穿 50 中性線,None,0.0,0.4675,0.5714,0.5714,0.304,14,1816,0.0242,287.09,294.04,300.99,284.22,2026-07-23,3,False
PFG,Financials,Asset Management,RSI,RSI 上穿 50 中性線,None,0.0,0.4675,0.5714,0.5714,0.3091,14,1899,0.013,111.2,112.65,114.09,110.09,2026-07-27,3,False
CDW,Information Technology,Information Technology Services,KDJ,KDJ 金叉,None,0.0,0.5525,0.5625,0.5625,0.3918,16,1955,0.0168,137.755,140.07,142.38,136.38,2026-07-27,3,False
FICO,Information Technology,Software - Application,KDJ,KDJ 金叉,None,0.0,0.5525,0.5625,0.5625,0.3918,32,1955,0.0213,1237.37,1263.73,1290.08,1225.0,2026-07-24,3,False
LITE,Information Technology,Communication Equipment,RSI,RSI 維持強勢 (50-70),None,0.0,0.51,0.5625,0.5625,0.3645,240,16764,0.0391,833.64,866.24,898.83,825.3,2026-07-23,3,False
CME,Financials,Financial Data & Stock Exchanges,BB,價格在 BB 中軌上方,Morning Star,0.8,0.924,0.5556,0.5556,0.3937,9,348,0.0141,254.32,257.91,261.49,251.78,2026-07-23,3,False
DRI,Consumer Discretionary,Restaurants,KDJ,KDJ 金叉,None,0.0,0.5525,0.5556,0.5556,0.3183,18,1244,0.0168,196.31,199.61,202.91,194.35,2026-07-24,3,False
TKO,Communication Services,Entertainment,KDJ,KDJ 金叉,None,0.0,0.5525,0.5556,0.5556,0.3345,18,550,0.0167,182.46,185.51,188.55,180.64,2026-07-27,3,False
VRSN,Information Technology,Software - Infrastructure,MACD,MACD 突破 0 軸,Morning Star,0.8,1.0,0.5455,,,0,0,0.0313,280.0,288.76,297.53,277.2,2026-07-24,3,False
HD,Consumer Discretionary,Home Improvement Retail,BB,BB 跌破下軌 (超賣),Morning Star,0.8,1.0,0.5435,,0.5435,0,46,0.0257,324.71,333.06,341.4,321.46,2026-07-23,3,False
NVR,Consumer Discretionary,Residential Construction,BB,BB 跌破下軌 (超賣),Bullish Engulfing,0.75,1.0,0.5429,,0.5429,0,35,0.0233,6155.02,6298.43,6441.84,6093.47,2026-07-23,3,False
STX,Information Technology,Computer Hardware,RSI,RSI 加速上升,None,0.0,0.5525,0.5298,0.5298,0.3693,168,10688,0.0293,851.69,876.64,901.6,843.17,2026-07-24,3,False
RL,Consumer Discretionary,Apparel Manufacturing,KDJ,KDJ 金叉,None,0.0,0.5525,0.5294,0.5294,0.3183,34,1244,0.0096,379.48,383.12,386.77,375.69,2026-07-27,3,False
HPE,Information Technology,Communication Equipment,KDJ,KDJ 金叉,None,0.0,0.5525,0.5263,0.5263,0.3918,19,1955,0.0231,47.64,48.74,49.84,47.16,2026-07-23,3,False
OC,Industrials,Building Products & Equipment,BB,BB 中軌向上（上升趨勢）,Morning Star,0.8,1.0,0.5233,,0.5233,0,407,0.0228,142.34,145.59,148.83,140.92,2026-07-24,3,False
FCX,Materials,Copper,RSI,RSI 加速上升,None,0.0,0.5525,0.5217,0.5217,0.3048,138,3639,0.0144,62.4801,63.38,64.28,61.86,2026-07-27,3,False
TER,Information Technology,Semiconductor Equipment & Materials,RSI,RSI 維持強勢 (50-70),None,0.0,0.51,0.5094,0.5094,0.3645,265,16764,0.0273,373.75,383.95,394.16,370.01,2026-07-23,3,False
GWW,Industrials,Industrial Distribution,BB,BB 中軌向上（上升趨勢）,Bullish Engulfing,0.75,1.0,0.5,0.5,0.4012,6,324,0.0111,1367.46,1382.64,1397.82,1353.79,2026-07-23,3,False
ISRG,Health Care,Medical Instruments & Supplies,RSI,RSI 超賣區域 (30),Support,0.9,1.0,0.5,,,0,0,0.02,332.02,338.66,345.3,328.7,2026-07-23,3,False
KKR,Financials,Asset Management,BB,BB 中軌向上（上升趨勢）,Morning Star,0.8,1.0,0.5,0.5,0.4207,14,328,0.0138,99.36,100.73,102.1,98.37,2026-07-24,3,False
MDLZ,Consumer Staples,Confectioners,RSI,RSI 維持強勢 (50-70),Bullish Engulfing,0.75,1.0,0.5,0.5,0.4118,8,136,0.0204,60.52,61.75,62.99,59.91,2026-07-24,3,False
MRK,Health Care,Drug Manufacturers - General,BB,BB 中軌向上（上升趨勢）,Consolidation Breakout,0.75,1.0,0.5,0.5,0.209,20,933,0.0263,132.21,135.69,139.16,130.89,2026-07-27,3,False
CPRT,Industrials,Specialty Business Services,MACD,MACD 金叉 (空頭區),Support,0.9,0.99,0.5,,,0,0,0.02,27.2,27.74,28.29,26.93,2026-07-23,3,False
CTAS,Industrials,Specialty Business Services,BB,價格在 BB 中軌上方,Bullish Engulfing,0.75,0.9075,0.5,0.5,0.3799,10,329,0.0185,203.25,207.01,210.77,201.22,2026-07-23,3,False
ITW,Industrials,Specialty Industrial Machinery,MACD,MACD 金叉 (多頭區),None,0.0,0.68,0.5,0.5,0.2674,8,531,0.013,283.02,286.7,290.38,280.19,2026-07-24,3,False
NDSN,Industrials,Specialty Industrial Machinery,MACD,MACD 金叉 (多頭區),None,0.0,0.68,0.5,0.5,0.2674,6,531,0.017,295.77,300.8,305.83,292.81,2026-07-24,3,False
EMR,Industrials,Specialty Industrial Machinery,MACD,MACD 突破 0 軸,None,0.0,0.595,0.5,0.5,0.2912,6,570,0.0307,147.94,152.48,157.02,146.46,2026-07-24,3,False
CIEN,Information Technology,Communication Equipment,RSI,RSI 加速上升,None,0.0,0.5525,0.5,0.5,0.3693,162,10688,0.026,390.96,401.12,411.29,387.05,2026-07-24,3,False
HPQ,Information Technology,Computer Hardware,KDJ,KDJ 金叉,None,0.0,0.5525,0.5,0.5,0.3918,18,1955,0.0095,25.75,25.99,26.24,25.49,2026-07-24,3,False
MU,Information Technology,Semiconductors,RSI,RSI 加速上升,None,0.0,0.5525,0.5,0.5,0.3693,178,10688,0.0227,920.95,941.86,962.76,911.74,2026-07-24,3,False
RJF,Financials,Asset Management,KDJ,KDJ 金叉,None,0.0,0.5525,0.5,0.5,0.3142,24,1932,0.011,172.5701,174.47,176.37,170.84,2026-07-27,3,False
SYF,Financials,Credit Services,KDJ,KDJ 金叉,None,0.0,0.5525,0.5,0.5,0.3142,30,1932,0.0135,74.61,75.62,76.62,73.86,2026-07-27,3,False
GEHC,Health Care,Medical Devices,BB,BB 跌破下軌 (超賣),None,0.0,0.45499999999999996,0.5,0.5,0.2752,16,974,0.0173,60.58,61.63,62.68,59.97,2026-07-24,3,False
LUV,Industrials,Airlines,BB,BB 跌破下軌 (超賣),None,0.0,0.45499999999999996,0.5,0.5,0.2838,14,1258,0.018,45.08,45.89,46.7,44.63,2026-07-24,3,False
WMB,Energy,Oil & Gas Midstream,BB,BB 跌破下軌 (超賣),None,0.0,0.45499999999999996,0.5,0.5,0.3664,8,292,0.0177,71.55,72.82,74.08,70.83,2026-07-27,3,False
HSIC,Health Care,Medical Distribution,BB,BB 中軌向上（上升趨勢）,Morning Star,0.8,1.0,0.4901,,0.4901,0,253,0.0226,85.47,87.4,89.33,84.62,2026-07-24,3,False
NVO,Health Care,Drug Manufacturers - General,BB,BB 中軌向上（上升趨勢）,Morning Star,0.8,1.0,0.4901,,0.4901,0,253,0.0226,49.63,50.75,51.87,49.13,2026-07-27,3,False
SOLV,Health Care,Medical Instruments & Supplies,BB,BB 中軌向上（上升趨勢）,Morning Star,0.8,1.0,0.4901,,0.4901,0,253,0.0226,80.35,82.17,83.98,79.55,2026-07-27,3,False
STE,Health Care,Medical Devices,BB,BB 中軌向上（上升趨勢）,Morning Star,0.8,1.0,0.4901,,0.4901,0,253,0.0226,214.07,218.91,223.75,211.93,2026-07-24,3,False
FIX,Industrials,Engineering & Construction,RSI,RSI 維持強勢 (50-70),None,0.0,0.51,0.4853,0.4853,0.2986,375,19157,0.0204,1831.15,1868.51,1905.86,1812.84,2026-07-23,3,False
ACN,Information Technology,Information Technology Services,BB,BB 中軌向上（上升趨勢）,Morning Star,0.8,1.0,0.4841,,0.4841,0,471,0.0267,146.99,150.91,154.84,145.52,2026-07-24,3,False
ADP,Information Technology,Software - Application,BB,BB 中軌向上（上升趨勢）,Morning Star,0.8,1.0,0.4841,,0.4841,0,471,0.0267,250.09,256.77,263.44,247.59,2026-07-24,3,False
BR,Information Technology,Information Technology Services,BB,BB 中軌向上（上升趨勢）,Morning Star,0.8,1.0,0.4841,,0.4841,0,471,0.0267,148.92,152.9,156.87,147.43,2026-07-24,3,False
SHOP,Information Technology,Software - Application,BB,BB 中軌向上（上升趨勢）,Morning Star,0.8,1.0,0.4841,,0.4841,0,471,0.0267,123.17,126.46,129.75,121.94,2026-07-27,3,False
SSNC,Information Technology,Software - Application,BB,BB 中軌向上（上升趨勢）,Morning Star,0.8,1.0,0.4841,,0.4841,0,471,0.0267,73.88,75.85,77.83,73.14,2026-07-24,3,False
AXON,Industrials,Aerospace & Defense,KDJ,KDJ 金叉,None,0.0,0.5525,0.4828,0.4828,0.3223,29,2110,0.0384,520.23,540.21,560.18,515.03,2026-07-27,3,False
AIZ,Financials,Insurance - Property & Casualty,KDJ,KDJ 金叉,None,0.0,0.5525,0.4815,0.4815,0.3142,27,1932,0.0124,278.325,281.78,285.23,275.54,2026-07-27,3,False
IFF,Materials,Specialty Chemicals,RSI,RSI 上穿 50 中性線,None,0.0,0.4675,0.4815,0.4815,0.3294,27,595,0.014,77.08,78.16,79.24,76.31,2026-07-27,3,False
AMD,Information Technology,Semiconductors,RSI,RSI 維持強勢 (50-70),None,0.0,0.51,0.4798,0.4798,0.3645,198,16764,0.0209,521.95,532.86,543.77,516.73,2026-07-24,3,False
NCLH,Consumer Discretionary,Travel Services,KDJ,KDJ 金叉,None,0.0,0.5525,0.4783,0.4783,0.3183,23,1244,0.0146,19.945,20.24,20.53,19.75,2026-07-27,3,False
DELL,Information Technology,Computer Hardware,RSI,RSI 維持強勢 (50-70),None,0.0,0.51,0.4775,0.4775,0.3645,333,16764,0.0252,422.235,432.88,443.52,418.01,2026-07-27,3,False
VST,Utilities,Utilities - Independent Power Producers,RSI,RSI 加速上升,None,0.0,0.5525,0.4759,0.4759,0.2565,166,4905,0.019,163.38,166.48,169.59,161.75,2026-07-24,3,False
CARR,Industrials,Building Products & Equipment,KDJ,KDJ 金叉,None,0.0,0.5525,0.4737,0.4737,0.3223,19,2110,-0.0008,69.15,69.09,69.04,68.46,2026-07-23,3,False
BA,Industrials,Aerospace & Defense,RSI,RSI 加速上升,None,0.0,0.5525,0.473,0.473,0.2981,148,11545,0.0097,214.12,216.2,218.27,211.98,2026-07-27,3,False
PH,Industrials,Specialty Industrial Machinery,RSI,RSI 維持強勢 (50-70),Morning Star,0.8,1.0,0.4725,,0.4725,0,436,0.0182,985.48,1003.42,1021.35,975.63,2026-07-23,3,False
RBA,Industrials,Specialty Business Services,RSI,RSI 維持強勢 (50-70),Morning Star,0.8,1.0,0.4725,,0.4725,0,436,0.0182,111.59,113.62,115.65,110.47,2026-07-24,3,False
GNRC,Industrials,Specialty Industrial Machinery,RSI,RSI 維持超賣,None,0.0,0.385,0.4706,0.4706,0.2983,17,848,0.0172,198.605,202.02,205.44,196.62,2026-07-27,3,False
AMH,Real Estate,REIT - Residential,RSI,RSI 維持強勢 (50-70),Morning Star,0.8,1.0,0.4677,,0.4677,0,124,0.0167,33.51,34.07,34.63,33.17,2026-07-27,3,False
LAMR,Real Estate,REIT - Specialty,RSI,RSI 維持強勢 (50-70),Morning Star,0.8,1.0,0.4677,,0.4677,0,124,0.0167,159.46,162.12,164.79,157.87,2026-07-24,3,False
SPG,Real Estate,REIT - Retail,RSI,RSI 維持強勢 (50-70),Morning Star,0.8,1.0,0.4677,,0.4677,0,124,0.0167,229.78,233.62,237.45,227.48,2026-07-24,3,False
DLTR,Consumer Staples,Discount Stores,RSI,RSI 上穿 50 中性線,None,0.0,0.4675,0.4667,0.4667,0.2565,15,928,0.0099,120.45,121.64,122.83,119.25,2026-07-24,3,False
CRM,Information Technology,Software - Application,MACD,MACD 金叉 (空頭區),None,0.0,0.42,0.4667,0.4667,0.3767,15,754,0.011,172.365,174.26,176.16,170.64,2026-07-27,3,False
MAR,Consumer Discretionary,Lodging,RSI,RSI 動能加速（強勢區）,None,0.0,0.51,0.4651,0.4651,0.3027,43,1665,0.0109,380.86,385.01,389.16,377.05,2026-07-27,3,False
HWM,Industrials,Aerospace & Defense,RSI,RSI 加速上升,None,0.0,0.5525,0.4636,0.4636,0.2981,151,11545,0.0234,286.665,293.37,300.08,283.8,2026-07-27,3,False
A,Health Care,Diagnostics & Research,KDJ,KDJ 金叉,None,0.0,0.5525,0.4615,0.4615,0.2852,26,1536,0.0193,139.74,142.44,145.13,138.34,2026-07-23,3,False
BX,Financials,Asset Management,RSI,RSI 動能加速（強勢區）,None,0.0,0.51,0.4615,0.4615,0.279,39,3129,0.0044,130.0,130.57,131.14,128.7,2026-07-24,3,False
BKR,Energy,Oil & Gas Equipment & Services,RSI,RSI 上穿 50 中性線,None,0.0,0.4675,0.4615,0.4615,0.361,26,579,0.0113,61.16,61.85,62.54,60.55,2026-07-27,3,False
CI,Health Care,Healthcare Plans,RSI,RSI 上穿 50 中性線,None,0.0,0.4675,0.4615,0.4615,0.3144,13,1323,0.017,289.57,294.49,299.42,286.67,2026-07-24,3,False
LII,Industrials,Building Products & Equipment,RSI,RSI 上穿 50 中性線,None,0.0,0.4675,0.4615,0.4615,0.304,26,1816,0.0103,551.19,556.87,562.54,545.68,2026-07-27,3,False
BALL,Consumer Discretionary,Packaging & Containers,BB,BB 中軌向上（上升趨勢）,Morning Star,0.8,1.0,0.4599,,0.4599,0,237,0.0144,63.84,64.76,65.68,63.2,2026-07-24,3,False
TXRH,Consumer Discretionary,Restaurants,BB,BB 中軌向上（上升趨勢）,Morning Star,0.8,1.0,0.4599,,0.4599,0,237,0.0144,193.27,196.05,198.84,191.34,2026-07-24,3,False
BRO,Financials,Insurance Brokers,KDJ,KDJ 金叉,None,0.0,0.5525,0.4583,0.4583,0.3142,24,1932,0.0067,69.96,70.43,70.9,69.26,2026-07-27,3,False
BAX,Health Care,Medical Instruments & Supplies,RSI,RSI 動能加速（強勢區）,None,0.0,0.51,0.4583,0.4583,0.2606,24,1869,0.0049,23.185,23.3,23.41,22.95,2026-07-27,3,False
TPR,Consumer Discretionary,Luxury Goods,RSI,RSI 上穿 50 中性線,None,0.0,0.4675,0.4583,0.4583,0.3072,24,1123,0.014,142.6,144.6,146.59,141.17,2026-07-24,3,False
WSM,Consumer Discretionary,Specialty Retail,RSI,RSI 上穿 50 中性線,None,0.0,0.4675,0.4583,0.4583,0.3072,24,1123,0.0088,226.74,228.74,230.73,224.47,2026-07-24,3,False
CRWD,Information Technology,Software - Infrastructure,RSI,RSI 維持強勢 (50-70),None,0.0,0.51,0.4578,0.4578,0.3645,249,16764,0.0167,183.15,186.21,189.27,181.32,2026-07-27,3,False
JBL,Information Technology,Electronic Components,RSI,RSI 加速上升,None,0.0,0.5525,0.4566,0.4566,0.3693,173,10688,0.0157,312.59,317.5,322.41,309.46,2026-07-24,3,False
COHR,Information Technology,Scientific & Technical Instruments,RSI,RSI 加速上升,None,0.0,0.5525,0.4563,0.4563,0.3693,206,10688,0.0119,313.22,316.95,320.67,310.09,2026-07-23,3,False
SNEX,Financials,Capital Markets,RSI,RSI 維持超賣,None,0.0,0.385,0.4547,,0.4547,0,508,0.0093,73.56,74.24,74.93,72.82,2026-07-27,3,False
BEN,Financials,Asset Management,KDJ,KDJ 金叉,None,0.0,0.5525,0.4545,0.4545,0.3142,11,1932,0.0132,33.23,33.67,34.11,32.9,2026-07-27,3,False
SLB,Energy,Oil & Gas Equipment & Services,RSI,RSI 上穿 50 中性線,None,0.0,0.4675,0.45,0.45,0.361,20,579,0.0004,52.42,52.44,52.46,51.9,2026-07-24,3,False
SKM,Communication Services,Telecom Services,RSI,RSI 加速上升,None,0.0,0.5525,0.4481,,0.4481,0,241,0.0027,35.2,35.3,35.39,34.85,2026-07-23,3,True
STM,Information Technology,Semiconductors,BB,BB 跌破下軌 (超賣),None,0.0,0.45499999999999996,0.4474,,0.4474,0,456,0.012,53.49,54.13,54.77,52.96,2026-07-23,3,True
MAA,Real Estate,REIT - Residential,KDJ,KDJ 超賣區金叉,Bullish Engulfing,0.75,1.0,0.4444,,0.4444,0,9,0.0115,132.75,134.28,135.8,131.42,2026-07-23,3,False
MET,Financials,Insurance - Life,RSI,RSI 維持強勢 (50-70),Morning Star,0.8,1.0,0.4444,0.4444,0.4278,9,367,0.0067,94.83,95.47,96.1,93.88,2026-07-24,3,False
MGM,Consumer Discretionary,Resorts & Casinos,RSI,RSI 上穿 50 中性線,None,0.0,0.4675,0.4444,0.4444,0.3072,18,1123,0.0194,46.23,47.13,48.02,45.77,2026-07-27,3,False
NOC,Industrials,Aerospace & Defense,MACD,MACD 金叉 (空頭區),None,0.0,0.42,0.4444,0.4444,0.3303,9,875,0.0149,533.48,541.43,549.38,528.15,2026-07-23,3,False
KLAC,Information Technology,Semiconductor Equipment & Materials,RSI,RSI 維持強勢 (50-70),None,0.0,0.51,0.4427,0.4427,0.3645,314,16764,0.0104,201.12,203.21,205.3,199.11,2026-07-27,3,False
DDOG,Information Technology,Software - Application,RSI,RSI 維持強勢 (50-70),None,0.0,0.51,0.4381,0.4381,0.3645,226,16764,0.0094,251.3,253.66,256.02,248.79,2026-07-27,3,False
TSN,Consumer Staples,Farm Products,KDJ,KDJ 金叉,None,0.0,0.5525,0.4375,0.4375,0.2503,16,779,0.01,57.45,58.02,58.6,56.88,2026-07-24,3,False
DAL,Industrials,Airlines,RSI,RSI 上穿 50 中性線,None,0.0,0.4675,0.4375,0.4375,0.304,32,1816,0.0102,86.22,87.1,87.98,85.36,2026-07-27,3,False
APA,Energy,Oil & Gas E&P,BB,BB 中軌向上（上升趨勢）,None,0.0,0.51,0.4367,0.4367,0.2962,229,4484,0.0055,35.495,35.69,35.89,35.14,2026-07-27,3,False
PODD,Health Care,Medical Devices,RSI,RSI 動能加速（強勢區）,None,0.0,0.51,0.4348,0.4348,0.2606,23,1869,0.0171,167.6896,170.56,173.42,166.01,2026-07-27,3,False
WAT,Health Care,Diagnostics & Research,RSI,RSI 動能加速（強勢區）,None,0.0,0.51,0.4348,0.4348,0.2606,23,1869,0.0135,382.41,387.57,392.74,378.59,2026-07-23,3,False
ANET,Information Technology,Computer Hardware,RSI,RSI 維持強勢 (50-70),None,0.0,0.51,0.434,0.434,0.3645,288,16764,0.009,168.38,169.9,171.41,166.7,2026-07-27,3,False
CDNS,Information Technology,Software - Application,RSI,RSI 加速上升,None,0.0,0.5525,0.4324,0.4324,0.3693,111,10688,0.0139,338.71,343.42,348.13,335.32,2026-07-27,3,False
CRH,Materials,Building Materials,RSI,RSI 加速上升,None,0.0,0.5525,0.4324,0.4324,0.3048,111,3639,0.0147,101.84,103.34,104.83,100.82,2026-07-27,3,False
COIN,Financials,Financial Data & Stock Exchanges,BB,價格在 BB 中軌上方,None,0.0,0.425,0.4311,0.4311,0.2847,283,21689,0.0187,162.415,165.45,168.49,160.79,2026-07-27,3,False
MRSH,Financials,Insurance Brokers,RSI,RSI 維持強勢 (50-70),Morning Star,0.8,1.0,0.4286,0.4286,0.4278,7,367,0.0097,180.74,182.49,184.25,178.93,2026-07-24,3,False
JNJ,Health Care,Drug Manufacturers - General,MACD,MACD 金叉 (多頭區),None,0.0,0.68,0.4286,0.4286,0.2557,7,305,0.0099,267.525,270.17,272.82,264.85,2026-07-27,3,False
CBOE,Financials,Financial Data & Stock Exchanges,MACD,MACD 突破 0 軸,None,0.0,0.595,0.4286,0.4286,0.3301,7,618,0.0116,284.86,288.16,291.47,282.01,2026-07-23,3,False
UHS,Health Care,Medical Care Facilities,MACD,MACD 突破 0 軸,None,0.0,0.595,0.4286,0.4286,0.3171,7,432,-0.0126,155.75,153.79,151.83,154.19,2026-07-24,3,False
PNR,Industrials,Specialty Industrial Machinery,KDJ,KDJ 金叉,None,0.0,0.5525,0.4286,0.4286,0.3223,28,2110,0.0098,64.13,64.76,65.39,63.49,2026-07-27,3,False
PTC,Information Technology,Software - Application,RSI,RSI 上穿 50 中性線,None,0.0,0.4675,0.4286,0.4286,0.3785,21,1593,0.0043,123.235,123.76,124.29,122.0,2026-07-27,3,False
EME,Industrials,Engineering & Construction,MACD,MACD 金叉 (空頭區),None,0.0,0.42,0.4286,0.4286,0.3303,7,875,-0.0062,769.07,764.3,759.53,761.38,2026-07-23,3,False
LEN,Consumer Discretionary,Residential Construction,MACD,MACD 金叉 (空頭區),None,0.0,0.42,0.4286,0.4286,0.3233,14,529,0.0189,86.11,87.74,89.36,85.25,2026-07-27,3,False
LHX,Industrials,Aerospace & Defense,MACD,MACD 金叉 (空頭區),None,0.0,0.42,0.4286,0.4286,0.3303,7,875,0.0225,299.67,306.41,313.16,296.67,2026-07-23,3,False
NFLX,Communication Services,Entertainment,MACD,MACD 金叉 (空頭區),None,0.0,0.42,0.4286,0.4286,0.3254,14,252,0.0171,70.55,71.76,72.96,69.84,2026-07-27,3,False
GPC,Consumer Discretionary,Auto Parts,BB,BB 中軌向上（上升趨勢）,Bullish Engulfing,0.75,1.0,0.4279,,0.4279,0,208,0.015,124.21,126.07,127.94,122.97,2026-07-24,3,False
PAG,Consumer Discretionary,Auto & Truck Dealerships,BB,BB 中軌向上（上升趨勢）,Bullish Engulfing,0.75,1.0,0.4279,,0.4279,0,208,0.015,215.54,218.77,222.01,213.38,2026-07-23,3,False
SCI,Consumer Discretionary,Personal Services,BB,BB 中軌向上（上升趨勢）,Bullish Engulfing,0.75,1.0,0.4279,,0.4279,0,208,0.015,79.34,80.53,81.72,78.55,2026-07-23,3,False
RGA,Financials,Insurance - Reinsurance,RSI,RSI 維持強勢 (50-70),Morning Star,0.8,1.0,0.4278,,0.4278,0,367,0.0116,238.92,241.69,244.46,236.53,2026-07-24,3,False
TROW,Financials,Asset Management,RSI,RSI 維持強勢 (50-70),Morning Star,0.8,1.0,0.4278,,0.4278,0,367,0.0116,116.5,117.85,119.2,115.33,2026-07-24,3,False
V,Financials,Credit Services,RSI,RSI 維持強勢 (50-70),Morning Star,0.8,1.0,0.4278,,0.4278,0,367,0.0116,355.74,359.87,363.99,352.18,2026-07-24,3,False
NEM,Materials,Gold,BB,價格在 BB 中軌上方,None,0.0,0.425,0.4278,0.4278,0.2859,360,6697,0.0062,94.72,95.31,95.89,93.77,2026-07-23,3,False
TECH,Health Care,Biotechnology,BB,BB 中軌向上（上升趨勢）,None,0.0,0.51,0.4267,0.4267,0.2705,150,10885,0.0009,71.6,71.66,71.73,70.88,2026-07-24,3,False
CCL,Consumer Discretionary,Travel Services,BB,價格在 BB 中軌上方,None,0.0,0.425,0.4256,0.4256,0.2984,242,12430,0.0178,26.935,27.41,27.89,26.67,2026-07-27,3,False
APH,Information Technology,Electronic Components,RSI,RSI 維持強勢 (50-70),None,0.0,0.51,0.4222,0.4222,0.3645,270,16764,0.0061,157.43,158.39,159.35,155.86,2026-07-23,3,False
AS,Consumer Discretionary,Leisure,RSI,RSI 維持強勢 (50-70),Bullish Engulfing,0.75,1.0,0.4221,,0.4221,0,199,0.0146,33.92,34.42,34.91,33.58,2026-07-24,3,False
CF,Materials,Agricultural Inputs,BB,價格在 BB 中軌上方,Cup & Handle,0.84,1.0,0.4211,0.4211,0.2979,133,2259,0.0098,126.71,127.95,129.19,125.44,2026-07-23,3,False
TRMB,Information Technology,Scientific & Technical Instruments,RSI,RSI 維持強勢 (50-70),Morning Star,0.8,1.0,0.4207,,0.4207,0,454,0.0197,52.91,53.95,54.99,52.38,2026-07-24,3,False
MPWR,Information Technology,Semiconductors,RSI,RSI 維持強勢 (50-70),None,0.0,0.51,0.4184,0.4184,0.3645,294,16764,0.0085,1397.15,1409.03,1420.9,1383.18,2026-07-23,3,False
AMAT,Information Technology,Semiconductor Equipment & Materials,RSI,RSI 維持強勢 (50-70),None,0.0,0.51,0.4179,0.4179,0.3645,280,16764,0.0128,562.8,570.0,577.21,557.17,2026-07-23,3,False
HLT,Consumer Discretionary,Lodging,KDJ,KDJ 金叉,None,0.0,0.5525,0.4167,0.4167,0.3183,36,1244,0.0045,324.97,326.43,327.89,321.72,2026-07-24,3,False
CPT,Real Estate,REIT - Residential,RSI,RSI 上穿 50 中性線,None,0.0,0.4675,0.4167,0.4167,0.2311,24,818,0.0022,112.84,113.09,113.34,111.71,2026-07-23,3,False
GE,Industrials,Aerospace & Defense,RSI,RSI 上穿 50 中性線,None,0.0,0.4675,0.4167,0.4167,0.304,24,1816,0.0004,353.73,353.87,354.01,350.19,2026-07-24,3,False
UNP,Industrials,Railroads,RSI,RSI 動能加速（強勢區）,None,0.0,0.51,0.4138,0.4138,0.2891,29,3037,0.0152,304.33,308.96,313.58,301.29,2026-07-23,3,False
AMX,Communication Services,Telecom Services,RSI,RSI 維持強勢 (50-70),None,0.0,0.51,0.4128,,0.4128,0,235,-0.0015,25.95,25.91,25.87,25.69,2026-07-23,3,True
VG,Energy,Oil & Gas Midstream,RSI,RSI 維持強勢 (50-70),None,0.0,0.51,0.411,,0.411,0,146,0.0074,15.16,15.27,15.38,15.01,2026-07-23,3,True
LLY,Health Care,Drug Manufacturers - General,RSI,RSI 加速上升,None,0.0,0.5525,0.4109,0.4109,0.2803,129,8492,0.0107,1199.1337,1211.96,1224.8,1187.14,2026-07-27,3,False
BAC,Financials,Banks - Diversified,RSI,RSI 加速上升,None,0.0,0.5525,0.4104,0.4104,0.3014,173,11488,0.0121,62.375,63.13,63.88,61.75,2026-07-27,3,False
LVS,Consumer Discretionary,Resorts & Casinos,RSI,RSI 維持強勢 (50-70),None,0.0,0.51,0.4104,0.4104,0.2995,173,10441,0.0113,47.1,47.63,48.16,46.63,2026-07-27,3,False
PINS,Communication Services,Internet Content & Information,RSI,RSI 上穿 50 中性線,Morning Star,0.8,0.9900000000000001,0.4091,,0.4091,0,22,0.0152,22.13,22.47,22.8,21.91,2026-07-24,3,False
UAL,Industrials,Airlines,RSI,RSI 加速上升,None,0.0,0.5525,0.4079,0.4079,0.2981,152,11545,0.0049,119.885,120.47,121.06,118.69,2026-07-27,3,False
GDDY,Information Technology,Software - Infrastructure,RSI,RSI 動能加速（強勢區）,None,0.0,0.51,0.4074,0.4074,0.366,27,2885,0.0074,96.195,96.91,97.62,95.23,2026-07-27,3,False
FTV,Information Technology,Scientific & Technical Instruments,MACD,MACD 突破 0 軸,None,0.0,0.595,0.4064,,0.4064,0,529,0.0085,62.31,62.84,63.37,61.69,2026-07-24,3,False
LOGI,Information Technology,Computer Hardware,MACD,MACD 突破 0 軸,None,0.0,0.595,0.4064,,0.4064,0,529,0.0085,106.745,107.65,108.56,105.68,2026-07-27,3,False
AVGO,Information Technology,Semiconductors,BB,BB 中軌向上（上升趨勢）,None,0.0,0.51,0.4056,0.4056,0.3639,323,16781,0.0099,382.69,386.48,390.27,378.86,2026-07-27,3,False
EQT,Energy,Oil & Gas E&P,RSI,RSI 加速上升,None,0.0,0.5525,0.4048,0.4048,0.3227,126,3306,0.0092,52.4,52.88,53.36,51.88,2026-07-27,3,False
NUE,Materials,Steel,RSI,RSI 加速上升,None,0.0,0.5525,0.4048,0.4048,0.3048,126,3639,0.0133,249.44,252.76,256.08,246.95,2026-07-27,3,False
IRM,Real Estate,REIT - Specialty,RSI,RSI 動能加速（強勢區）,None,0.0,0.51,0.4048,0.4048,0.2452,42,1093,0.0121,128.31,129.86,131.42,127.03,2026-07-24,3,False
IVZ,Financials,Asset Management,RSI,RSI 維持強勢 (50-70),None,0.0,0.51,0.404,0.404,0.2842,198,19108,0.0093,30.005,30.28,30.56,29.7,2026-07-27,3,False
PKG,Consumer Discretionary,Packaging & Containers,BB,價格在 BB 中軌上方,None,0.0,0.425,0.4026,,0.4026,0,529,0.0119,233.9,236.68,239.47,231.56,2026-07-23,3,True
YUMC,Consumer Discretionary,Restaurants,BB,價格在 BB 中軌上方,None,0.0,0.425,0.4026,,0.4026,0,529,0.0119,43.11,43.62,44.14,42.68,2026-07-23,3,True
GFL,Industrials,Waste Management,BB,BB 中軌向上（上升趨勢）,Bullish Engulfing,0.75,1.0,0.4012,,0.4012,0,324,0.0121,39.68,40.16,40.64,39.28,2026-07-24,3,False
HSY,Consumer Staples,Confectioners,RSI,RSI 上穿 50 中性線,None,0.0,0.4675,0.4,0.4,0.2565,20,928,0.0045,178.22,179.02,179.82,176.44,2026-07-27,3,False
LYV,Communication Services,Entertainment,RSI,RSI 上穿 50 中性線,None,0.0,0.4675,0.4,0.4,0.3243,15,518,-0.0064,179.34,178.19,177.04,177.55,2026-07-27,3,False
DECK,Consumer Discretionary,Footwear & Accessories,BB,BB 跌破下軌 (超賣),None,0.0,0.45499999999999996,0.4,0.4,0.3556,10,239,-0.0041,96.23,95.84,95.44,95.27,2026-07-23,3,True
HBAN,Financials,Banks - Regional,BB,BB 跌破下軌 (超賣),None,0.0,0.45499999999999996,0.4,0.4,0.4057,5,424,0.0087,17.4,17.55,17.7,17.23,2026-07-23,3,True
PLTR,Information Technology,Software - Infrastructure,BB,BB 中軌向上（上升趨勢）,None,0.0,0.51,0.3994,0.3994,0.3639,343,16781,0.0034,127.26,127.69,128.13,125.99,2026-07-27,3,False
C,Financials,Banks - Diversified,RSI,RSI 加速上升,None,0.0,0.5525,0.3989,0.3989,0.3014,188,11488,0.0114,132.83,134.34,135.86,131.5,2026-07-27,3,False
MTB,Financials,Banks - Regional,RSI,RSI 動能加速（強勢區）,None,0.0,0.51,0.3958,0.3958,0.279,48,3129,0.0118,249.6,252.55,255.49,247.1,2026-07-24,3,False
GILD,Health Care,Drug Manufacturers - General,RSI,RSI 上穿 50 中性線,None,0.0,0.4675,0.3939,0.3939,0.3144,33,1323,0.0037,132.065,132.55,133.04,130.74,2026-07-27,3,False
DXCM,Health Care,Medical Devices,BB,價格在 BB 中軌上方,None,0.0,0.425,0.3924,0.3924,0.2804,237,14417,0.0073,73.8,74.34,74.88,73.06,2026-07-27,3,False
ARE,Real Estate,REIT - Office,BB,價格在 BB 中軌上方,None,0.0,0.425,0.3923,0.3923,0.248,209,8032,0.0054,52.02,52.3,52.58,51.5,2026-07-27,3,False
AAOI,Information Technology,Communication Equipment,KDJ,KDJ 金叉,None,0.0,0.5525,0.3918,,0.3918,0,1955,0.0107,112.02,113.22,114.42,110.9,2026-07-23,3,False
ALGM,Information Technology,Semiconductors,KDJ,KDJ 金叉,None,0.0,0.5525,0.3918,,0.3918,0,1955,0.0107,50.07,50.61,51.14,49.57,2026-07-23,3,False
ARM,Information Technology,Semiconductors,KDJ,KDJ 金叉,None,0.0,0.5525,0.3918,,0.3918,0,1955,0.0107,283.04,286.07,289.1,280.21,2026-07-23,3,False
ASML,Information Technology,Semiconductor Equipment & Materials,KDJ,KDJ 金叉,None,0.0,0.5525,0.3918,,0.3918,0,1955,0.0107,1803.0,1822.29,1841.58,1784.97,2026-07-23,3,False
CGNX,Information Technology,Scientific & Technical Instruments,KDJ,KDJ 金叉,None,0.0,0.5525,0.3918,,0.3918,0,1955,0.0107,63.44,64.12,64.8,62.81,2026-07-23,3,False
CHKP,Information Technology,Software - Infrastructure,KDJ,KDJ 金叉,None,0.0,0.5525,0.3918,,0.3918,0,1955,0.0107,132.84,134.26,135.68,131.51,2026-07-27,3,False
CPAY,Information Technology,Software - Infrastructure,KDJ,KDJ 金叉,None,0.0,0.5525,0.3918,,0.3918,0,1955,0.0107,370.58,374.55,378.51,366.87,2026-07-24,3,False
EPAM,Information Technology,Information Technology Services,KDJ,KDJ 金叉,None,0.0,0.5525,0.3918,,0.3918,0,1955,0.0107,89.85,90.81,91.77,88.95,2026-07-24,3,False
FIS,Information Technology,Information Technology Services,KDJ,KDJ 金叉,None,0.0,0.5525,0.3918,,0.3918,0,1955,0.0107,42.89,43.35,43.81,42.46,2026-07-27,3,False
FISV,Information Technology,Financial Technology,KDJ,KDJ 金叉,None,0.0,0.5525,0.3918,,0.3918,0,1955,0.0107,51.02,51.57,52.11,50.51,2026-07-24,3,False
INFY,Information Technology,Information Technology Services,KDJ,KDJ 金叉,None,0.0,0.5525,0.3918,,0.3918,0,1955,0.0107,11.405,11.53,11.65,11.29,2026-07-27,3,False
JKHY,Information Technology,Information Technology Services,KDJ,KDJ 金叉,None,0.0,0.5525,0.3918,,0.3918,0,1955,0.0107,153.93,155.58,157.22,152.39,2026-07-27,3,False
LDOS,Information Technology,Information Technology Services,KDJ,KDJ 金叉,None,0.0,0.5525,0.3918,,0.3918,0,1955,0.0107,110.33,111.51,112.69,109.23,2026-07-23,3,False
NTNX,Information Technology,Software - Infrastructure,KDJ,KDJ 金叉,None,0.0,0.5525,0.3918,,0.3918,0,1955,0.0107,56.73,57.34,57.94,56.16,2026-07-27,3,False
PAYX,Information Technology,Software - Application,KDJ,KDJ 金叉,None,0.0,0.5525,0.3918,,0.3918,0,1955,0.0107,116.045,117.29,118.53,114.88,2026-07-27,3,False
STRC,Information Technology,Software - Application,KDJ,KDJ 金叉,None,0.0,0.5525,0.3918,,0.3918,0,1955,0.0107,88.6249,89.57,90.52,87.74,2026-07-27,3,False
TEAM,Information Technology,Software - Application,KDJ,KDJ 金叉,None,0.0,0.5525,0.3918,,0.3918,0,1955,0.0107,93.83,94.83,95.84,92.89,2026-07-27,3,False
TWLO,Information Technology,Software - Infrastructure,KDJ,KDJ 金叉,None,0.0,0.5525,0.3918,,0.3918,0,1955,0.0107,192.66,194.72,196.78,190.73,2026-07-27,3,False
WIT,Information Technology,Information Technology Services,KDJ,KDJ 金叉,None,0.0,0.5525,0.3918,,0.3918,0,1955,0.0107,1.87,1.89,1.91,1.85,2026-07-24,3,False
FDS,Financials,Financial Data & Stock Exchanges,KDJ,KDJ 金叉,None,0.0,0.5525,0.3913,0.3913,0.3142,23,1932,0.0013,266.04,266.39,266.73,263.38,2026-07-27,3,False
COF,Financials,Credit Services,RSI,RSI 上穿 50 中性線,None,0.0,0.4675,0.3913,0.3913,0.3091,23,1899,-0.0034,202.84,202.15,201.46,200.81,2026-07-24,3,False
DHR,Health Care,Diagnostics & Research,RSI,RSI 上穿 50 中性線,None,0.0,0.4675,0.3913,0.3913,0.3144,23,1323,0.004,192.5,193.27,194.04,190.57,2026-07-23,3,False
VTRS,Health Care,Drug Manufacturers - Specialty & Generic,BB,BB 中軌向上（上升趨勢）,None,0.0,0.51,0.3899,0.3899,0.2705,218,10885,0.0123,17.56,17.78,17.99,17.38,2026-07-27,3,False
GGG,Industrials,Specialty Industrial Machinery,RSI,RSI 上穿 50 中性線,None,0.0,0.4675,0.3898,,0.3898,0,118,0.0111,77.75,78.61,79.48,76.97,2026-07-23,3,True
ODFL,Industrials,Trucking,RSI,RSI 維持強勢 (50-70),None,0.0,0.51,0.3892,0.3892,0.2986,203,19157,-0.0003,228.31,228.24,228.17,226.03,2026-07-27,3,False
NVDA,Information Technology,Semiconductors,BB,價格在 BB 中軌上方,None,0.0,0.425,0.3889,0.3889,0.3573,342,20206,0.0044,206.84,207.75,208.66,204.77,2026-07-24,3,False
CMI,Industrials,Specialty Industrial Machinery,RSI,RSI 加速上升,None,0.0,0.5525,0.3885,0.3885,0.2981,139,11545,0.012,664.65,672.63,680.6,658.0,2026-07-24,3,False
EFX,Industrials,Consulting Services,RSI,RSI 維持強勢 (50-70),Bullish Engulfing,0.75,1.0,0.3881,,0.3881,0,335,0.009,172.54,174.09,175.65,170.81,2026-07-24,3,False
DVN,Energy,Oil & Gas E&P,RSI,RSI 加速上升,None,0.0,0.5525,0.3864,0.3864,0.3227,132,3306,0.005,45.04,45.27,45.49,44.59,2026-07-24,3,False
CNH,Industrials,Farm & Heavy Construction Machinery,MACD,MACD 金叉 (空頭區),None,0.0,0.42,0.3864,,0.3864,0,44,0.0114,10.62,10.74,10.86,10.51,2026-07-23,3,True
OVV,Energy,Oil & Gas E&P,BB,BB 中軌向上（上升趨勢）,None,0.0,0.51,0.386,,0.386,0,171,0.0019,61.39,61.51,61.62,60.78,2026-07-23,3,True
DTM,Energy,Oil & Gas Midstream,RSI,RSI 維持強勢 (50-70),Morning Star,0.8,1.0,0.3846,,0.3846,0,91,0.0111,146.19,147.81,149.44,144.73,2026-07-23,3,False
APO,Financials,Asset Management,KDJ,KDJ 金叉,None,0.0,0.5525,0.3846,0.3846,0.3142,26,1932,0.021,124.54,127.16,129.77,123.29,2026-07-27,3,False
TSLA,Consumer Discretionary,Auto Manufacturers,RSI,RSI 維持超賣,None,0.0,0.385,0.3846,0.3846,0.3894,13,565,-0.0131,308.71,304.67,300.62,305.62,2026-07-27,3,False
CDE,Materials,Gold,MACD,MACD 金叉 (空頭區),None,0.0,0.42,0.3816,,0.3816,0,304,0.0078,15.24,15.36,15.48,15.09,2026-07-23,3,False
RPM,Materials,Specialty Chemicals,MACD,MACD 金叉 (空頭區),None,0.0,0.42,0.3816,,0.3816,0,304,0.0078,107.0,107.83,108.67,105.93,2026-07-24,3,False
SOLS,Materials,Specialty Chemicals,MACD,MACD 金叉 (空頭區),None,0.0,0.42,0.3816,,0.3816,0,304,0.0078,60.54,61.01,61.48,59.93,2026-07-24,3,False
SQM,Materials,Specialty Chemicals,MACD,MACD 金叉 (空頭區),None,0.0,0.42,0.3816,,0.3816,0,304,0.0078,68.73,69.27,69.8,68.04,2026-07-24,3,False
TECK,Materials,Other Industrial Metals & Mining,MACD,MACD 金叉 (空頭區),None,0.0,0.42,0.3816,,0.3816,0,304,0.0078,59.85,60.32,60.78,59.25,2026-07-23,3,False
SNPS,Information Technology,Software - Infrastructure,RSI,RSI 加速上升,None,0.0,0.5525,0.381,0.381,0.3693,126,10688,0.0114,392.6,397.08,401.55,388.67,2026-07-27,3,False
CFG,Financials,Banks - Regional,RSI,RSI 維持強勢 (50-70),None,0.0,0.51,0.381,0.381,0.2842,273,19108,0.0109,71.7,72.48,73.26,70.98,2026-07-27,3,False
ROKU,Communication Services,Entertainment,BB,價格在 BB 中軌上方,Morning Star,0.8,0.924,0.3805,,0.3805,0,113,0.0115,143.75,145.4,147.06,142.31,2026-07-27,3,False
TRGP,Energy,Oil & Gas Midstream,BB,BB 中軌向上（上升趨勢）,None,0.0,0.51,0.3801,0.3801,0.2962,292,4484,0.0065,270.36,272.12,273.87,267.66,2026-07-27,3,False
CACI,Information Technology,Information Technology Services,RSI,RSI 上穿 50 中性線,None,0.0,0.4675,0.3785,,0.3785,0,1593,0.0087,480.61,484.79,488.97,475.8,2026-07-23,3,False
CRDO,Information Technology,Semiconductors,RSI,RSI 上穿 50 中性線,None,0.0,0.4675,0.3785,,0.3785,0,1593,0.0087,236.5,238.56,240.62,234.13,2026-07-23,3,False
DT,Information Technology,Software - Application,RSI,RSI 上穿 50 中性線,None,0.0,0.4675,0.3785,,0.3785,0,1593,0.0087,43.14,43.52,43.89,42.71,2026-07-27,3,False
GIB,Information Technology,Information Technology Services,RSI,RSI 上穿 50 中性線,None,0.0,0.4675,0.3785,,0.3785,0,1593,0.0087,66.43,67.01,67.59,65.77,2026-07-24,3,False
GRMN,Information Technology,Scientific & Technical Instruments,RSI,RSI 上穿 50 中性線,None,0.0,0.4675,0.3785,,0.3785,0,1593,0.0087,243.03,245.14,247.26,240.6,2026-07-24,3,False
GWRE,Information Technology,Software - Application,RSI,RSI 上穿 50 中性線,None,0.0,0.4675,0.3785,,0.3785,0,1593,0.0087,138.23,139.43,140.64,136.85,2026-07-24,3,False
IOT,Information Technology,Software - Infrastructure,RSI,RSI 上穿 50 中性線,None,0.0,0.4675,0.3785,,0.3785,0,1593,0.0087,34.84,35.14,35.45,34.49,2026-07-27,3,False
SONY,Information Technology,Consumer Electronics,RSI,RSI 上穿 50 中性線,None,0.0,0.4675,0.3785,,0.3785,0,1593,0.0087,20.98,21.16,21.35,20.77,2026-07-24,3,False
TOST,Information Technology,Software - Infrastructure,RSI,RSI 上穿 50 中性線,None,0.0,0.4675,0.3785,,0.3785,0,1593,0.0087,29.04,29.29,29.55,28.75,2026-07-24,3,False
U,Information Technology,Software - Application,RSI,RSI 上穿 50 中性線,None,0.0,0.4675,0.3785,,0.3785,0,1593,0.0087,29.79,30.05,30.31,29.49,2026-07-27,3,False
IT,Information Technology,Information Technology Services,RSI,RSI 上穿 50 中性線,Morning Star,0.8,0.9900000000000001,0.3776,,0.3776,0,98,0.0141,140.5,142.48,144.46,139.09,2026-07-24,3,False
IHG,Consumer Discretionary,Lodging,KDJ,KDJ 超賣區金叉,None,0.0,0.5599999999999999,0.3775,,0.3775,0,302,0.0037,156.18,156.76,157.34,154.62,2026-07-24,3,False
CLS,Information Technology,Electronic Components,MACD,MACD 金叉 (空頭區),None,0.0,0.42,0.3767,,0.3767,0,754,0.0102,334.75,338.16,341.58,331.4,2026-07-23,3,False
CRWV,Information Technology,Software - Infrastructure,MACD,MACD 金叉 (空頭區),None,0.0,0.42,0.3767,,0.3767,0,754,0.0102,81.1,81.93,82.75,80.29,2026-07-23,3,False
LFUS,Information Technology,Electronic Components,MACD,MACD 金叉 (空頭區),None,0.0,0.42,0.3767,,0.3767,0,754,0.0102,415.17,419.4,423.64,411.02,2026-07-23,3,False
LSCC,Information Technology,Semiconductors,MACD,MACD 金叉 (空頭區),None,0.0,0.42,0.3767,,0.3767,0,754,0.0102,138.13,139.54,140.95,136.75,2026-07-23,3,False
NXT,Information Technology,Solar,MACD,MACD 金叉 (空頭區),None,0.0,0.42,0.3767,,0.3767,0,754,0.0102,104.49,105.56,106.62,103.45,2026-07-23,3,False
P,Information Technology,Computer Hardware,MACD,MACD 金叉 (空頭區),None,0.0,0.42,0.3767,,0.3767,0,754,0.0102,74.56,75.32,76.08,73.81,2026-07-24,3,False
RMBS,Information Technology,Semiconductors,MACD,MACD 金叉 (空頭區),None,0.0,0.42,0.3767,,0.3767,0,754,0.0102,103.19,104.24,105.3,102.16,2026-07-23,3,False
SMTC,Information Technology,Semiconductors,MACD,MACD 金叉 (空頭區),None,0.0,0.42,0.3767,,0.3767,0,754,0.0102,138.68,140.09,141.51,137.29,2026-07-23,3,False
WSO,Industrials,Industrial Distribution,KDJ,KDJ 金叉,Morning Star,0.8,1.0,0.3759,,0.3759,0,133,0.009,367.5,370.81,374.12,363.82,2026-07-27,3,False
CNP,Utilities,Utilities - Regulated Electric,MACD,MACD 金叉 (多頭區),None,0.0,0.68,0.375,0.375,0.1867,8,225,0.0121,44.56,45.1,45.64,44.11,2026-07-24,3,False
DASH,Consumer Discretionary,Internet Retail,KDJ,KDJ 金叉,None,0.0,0.5525,0.375,0.375,0.3183,24,1244,0.0038,182.13,182.82,183.51,180.31,2026-07-27,3,False
DPZ,Consumer Discretionary,Restaurants,KDJ,KDJ 金叉,None,0.0,0.5525,0.375,0.375,0.3183,24,1244,0.0013,347.76,348.21,348.66,344.28,2026-07-27,3,False
TEL,Information Technology,Electronic Components,RSI,RSI 上穿 50 中性線,None,0.0,0.4675,0.375,0.375,0.3785,24,1593,0.0117,205.315,207.72,210.12,203.26,2026-07-27,3,False
JCI,Industrials,Building Products & Equipment,MACD,MACD 金叉 (空頭區),None,0.0,0.42,0.375,0.375,0.3303,8,875,0.0119,143.37,145.08,146.78,141.94,2026-07-24,3,False
JBHT,Industrials,Integrated Freight & Logistics,RSI,RSI 維持強勢 (50-70),None,0.0,0.51,0.3744,0.3744,0.2986,203,19157,0.005,288.3,289.74,291.18,285.42,2026-07-24,3,False
PWR,Industrials,Engineering & Construction,RSI,RSI 加速上升,None,0.0,0.5525,0.3732,0.3732,0.2981,142,11545,0.0094,653.8,659.95,666.09,647.26,2026-07-23,3,False
CRL,Health Care,Diagnostics & Research,RSI,RSI 動能加速（強勢區）,None,0.0,0.51,0.3714,0.3714,0.2606,35,1869,0.003,229.29,229.98,230.67,227.0,2026-07-23,3,False
VRTX,Health Care,Biotechnology,RSI,RSI 上穿 50 中性線,None,0.0,0.4675,0.3714,0.3714,0.3144,35,1323,0.0023,484.3225,485.44,486.55,479.48,2026-07-27,3,False
MLM,Materials,Building Materials,KDJ,KDJ 金叉,None,0.0,0.5525,0.3704,0.3704,0.314,27,637,0.0146,559.6,567.77,575.94,554.0,2026-07-24,3,False
HMC,Consumer Discretionary,Auto Manufacturers,MACD,MACD 金叉 (多頭區),None,0.0,0.68,0.37,,0.37,0,273,0.0063,29.1355,29.32,29.5,28.84,2026-07-27,3,False
IP,Consumer Discretionary,Packaging & Containers,MACD,MACD 金叉 (多頭區),None,0.0,0.68,0.37,,0.37,0,273,0.0063,42.16,42.43,42.69,41.74,2026-07-24,3,False
SW,Consumer Discretionary,Packaging & Containers,MACD,MACD 金叉 (多頭區),None,0.0,0.68,0.37,,0.37,0,273,0.0063,48.56,48.87,49.17,48.07,2026-07-24,3,False
eBay,Consumer Discretionary,Internet Retail,MACD,MACD 金叉 (多頭區),None,0.0,0.68,0.37,,0.37,0,273,0.0063,111.75,112.45,113.16,110.63,2026-06-30,3,False
TPL,Energy,Oil & Gas E&P,BB,BB 中軌向上（上升趨勢）,None,0.0,0.51,0.37,0.37,0.2962,227,4484,0.0014,407.12,407.69,408.26,403.05,2026-07-27,3,False
BPOP,Financials,Banks - Regional,BB,BB 中軌向上（上升趨勢）,Bullish Engulfing,0.75,1.0,0.3697,,0.3697,0,330,0.0108,173.46,175.33,177.21,171.73,2026-07-27,3,False
PRU,Financials,Insurance - Life,BB,BB 中軌向上（上升趨勢）,Bullish Engulfing,0.75,1.0,0.3697,,0.3697,0,330,0.0108,119.96,121.26,122.55,118.76,2026-07-24,3,False
RNR,Financials,Insurance - Reinsurance,BB,BB 中軌向上（上升趨勢）,Bullish Engulfing,0.75,1.0,0.3697,,0.3697,0,330,0.0108,329.1,332.65,336.21,325.81,2026-07-24,3,False
SCHW,Financials,Capital Markets,BB,BB 中軌向上（上升趨勢）,Bullish Engulfing,0.75,1.0,0.3697,,0.3697,0,330,0.0108,101.61,102.71,103.8,100.59,2026-07-23,3,False
CBRS,Information Technology,Semiconductors,RSI,RSI 加速上升,None,0.0,0.5525,0.3693,,0.3693,0,10688,0.0074,199.12,200.59,202.07,197.13,2026-07-24,3,False
CIFR,Information Technology,Information Technology Services,RSI,RSI 加速上升,None,0.0,0.5525,0.3693,,0.3693,0,10688,0.0074,23.15,23.32,23.49,22.92,2026-07-24,3,False
DOCN,Information Technology,Software - Infrastructure,RSI,RSI 加速上升,None,0.0,0.5525,0.3693,,0.3693,0,10688,0.0074,123.54,124.45,125.37,122.3,2026-07-24,3,False
FLEX,Information Technology,Electronic Components,RSI,RSI 加速上升,None,0.0,0.5525,0.3693,,0.3693,0,10688,0.0074,127.94,128.89,129.83,126.66,2026-07-23,3,False
FN,Information Technology,Electronic Components,RSI,RSI 加速上升,None,0.0,0.5525,0.3693,,0.3693,0,10688,0.0074,517.73,521.56,525.39,512.55,2026-07-23,3,False
IONQ,Information Technology,Computer Hardware,RSI,RSI 加速上升,None,0.0,0.5525,0.3693,,0.3693,0,10688,0.0074,35.5105,35.77,36.04,35.16,2026-07-27,3,False
MRVL,Information Technology,Semiconductors,RSI,RSI 加速上升,None,0.0,0.5525,0.3693,,0.3693,0,10688,0.0074,209.32,210.87,212.42,207.23,2026-07-23,3,False
SANM,Information Technology,Electronic Components,RSI,RSI 加速上升,None,0.0,0.5525,0.3693,,0.3693,0,10688,0.0074,208.43,209.97,211.51,206.35,2026-07-24,3,False
SIMO,Information Technology,Semiconductors,RSI,RSI 加速上升,None,0.0,0.5525,0.3693,,0.3693,0,10688,0.0074,289.08,291.22,293.36,286.19,2026-07-23,3,False
SMCIP,Information Technology,Computer Hardware,RSI,RSI 加速上升,None,0.0,0.5525,0.3693,,0.3693,0,10688,0.0074,51.21,51.59,51.97,50.7,2026-07-27,3,False
SNX,Information Technology,Electronics & Computer Distribution,RSI,RSI 加速上升,None,0.0,0.5525,0.3693,,0.3693,0,10688,0.0074,243.1,244.9,246.7,240.67,2026-07-27,3,False
STRF,Information Technology,Software - Application,RSI,RSI 加速上升,None,0.0,0.5525,0.3693,,0.3693,0,10688,0.0074,97.18,97.9,98.62,96.21,2026-07-23,3,False
TSEM,Information Technology,Semiconductors,RSI,RSI 加速上升,None,0.0,0.5525,0.3693,,0.3693,0,10688,0.0074,260.42,262.35,264.27,257.82,2026-07-23,3,False
TTMI,Information Technology,Electronic Components,RSI,RSI 加速上升,None,0.0,0.5525,0.3693,,0.3693,0,10688,0.0074,144.85,145.92,146.99,143.4,2026-07-23,3,False
VIAV,Information Technology,Communication Equipment,RSI,RSI 加速上升,None,0.0,0.5525,0.3693,,0.3693,0,10688,0.0074,41.8,42.11,42.42,41.38,2026-07-23,3,False
FDX,Industrials,Integrated Freight & Logistics,BB,價格在 BB 中軌上方,None,0.0,0.425,0.3689,0.3689,0.295,244,22337,0.0033,314.96,316.0,317.04,311.81,2026-07-24,3,False
PANW,Information Technology,Software - Infrastructure,RSI,RSI 維持強勢 (50-70),None,0.0,0.51,0.3688,0.3688,0.3645,263,16764,0.0062,323.79,325.8,327.8,320.55,2026-07-27,3,False
NTRS,Financials,Asset Management,RSI,RSI 維持強勢 (50-70),None,0.0,0.51,0.3686,0.3686,0.2842,255,19108,0.0109,181.095,183.07,185.04,179.28,2026-07-27,3,False
WRB,Financials,Insurance - Property & Casualty,RSI,RSI 維持強勢 (50-70),Consolidation Breakout,0.75,1.0,0.3684,0.3684,0.2725,19,1479,0.0081,75.71,76.32,76.94,74.95,2026-07-27,3,False
WDAY,Information Technology,Software - Application,RSI,RSI 上穿 50 中性線,None,0.0,0.4675,0.3684,0.3684,0.3785,19,1593,0.0113,135.34,136.87,138.4,133.99,2026-07-24,3,False
EXR,Real Estate,REIT - Industrial,RSI,RSI 動能加速（強勢區）,None,0.0,0.51,0.3667,0.3667,0.2452,30,1093,0.0052,149.99,150.77,151.55,148.49,2026-07-27,3,False
BLK,Financials,Asset Management,RSI,RSI 動能加速（強勢區）,None,0.0,0.51,0.3659,0.3659,0.279,41,3129,0.0023,1055.67,1058.1,1060.53,1045.11,2026-07-24,3,False
ARW,Information Technology,Electronics & Computer Distribution,RSI,RSI 維持強勢 (50-70),None,0.0,0.51,0.3645,,0.3645,0,16764,0.0088,208.82,210.66,212.5,206.73,2026-07-27,3,False
ASX,Information Technology,Semiconductors,RSI,RSI 維持強勢 (50-70),None,0.0,0.51,0.3645,,0.3645,0,16764,0.0088,39.46,39.81,40.15,39.07,2026-07-23,3,False
NET,Information Technology,Software - Infrastructure,RSI,RSI 維持強勢 (50-70),None,0.0,0.51,0.3645,,0.3645,0,16764,0.0088,261.71,264.01,266.32,259.09,2026-07-27,3,False
OKTA,Information Technology,Software - Infrastructure,RSI,RSI 維持強勢 (50-70),None,0.0,0.51,0.3645,,0.3645,0,16764,0.0088,137.925,139.14,140.35,136.55,2026-07-27,3,False
SNOW,Information Technology,Software - Application,RSI,RSI 維持強勢 (50-70),None,0.0,0.51,0.3645,,0.3645,0,16764,0.0088,266.61,268.96,271.3,263.94,2026-07-27,3,False
ZS,Information Technology,Software - Infrastructure,RSI,RSI 維持強勢 (50-70),None,0.0,0.51,0.3645,,0.3645,0,16764,0.0088,144.28,145.55,146.82,142.84,2026-07-27,3,False
FANG,Energy,Oil & Gas E&P,RSI,RSI 加速上升,None,0.0,0.5525,0.3642,0.3642,0.3227,162,3306,0.0023,204.68,205.15,205.62,202.63,2026-07-24,3,False
FROG,Information Technology,Software - Application,BB,BB 中軌向上（上升趨勢）,None,0.0,0.51,0.3639,,0.3639,0,16781,0.009,80.16,80.88,81.6,79.36,2026-07-24,3,False
KSPI,Information Technology,Software - Infrastructure,BB,BB 中軌向上（上升趨勢）,None,0.0,0.51,0.3639,,0.3639,0,16781,0.009,85.79,86.56,87.33,84.93,2026-07-24,3,False
RBRK,Information Technology,Software - Infrastructure,BB,BB 中軌向上（上升趨勢）,None,0.0,0.51,0.3639,,0.3639,0,16781,0.009,73.24,73.9,74.56,72.51,2026-07-24,3,False
STRD,Information Technology,Software - Application,BB,BB 中軌向上（上升趨勢）,None,0.0,0.51,0.3639,,0.3639,0,16781,0.009,60.9201,61.47,62.02,60.31,2026-07-27,3,False
STRK,Information Technology,Software - Application,BB,BB 中軌向上（上升趨勢）,None,0.0,0.51,0.3639,,0.3639,0,16781,0.009,61.5278,62.08,62.64,60.91,2026-07-27,3,False
WSE,Information Technology,Information Technology Services,BB,BB 中軌向上（上升趨勢）,None,0.0,0.51,0.3639,,0.3639,0,16781,0.009,11.79,11.9,12.0,11.67,2026-07-27,3,False
KMI,Energy,Oil & Gas Midstream,KDJ,KDJ 金叉,None,0.0,0.5525,0.3636,0.3636,0.3614,22,498,0.0135,32.77,33.21,33.65,32.44,2026-07-23,3,False
NOW,Information Technology,Software - Application,KDJ,KDJ 金叉,None,0.0,0.5525,0.3636,0.3636,0.3918,33,1955,0.0094,102.975,103.94,104.91,101.95,2026-07-27,3,False
PCG,Utilities,Utilities - Regulated Electric,BB,BB 中軌向上（上升趨勢）,None,0.0,0.51,0.3636,0.3636,0.3562,11,365,0.0009,17.54,17.56,17.57,17.36,2026-07-23,3,True
SWKS,Information Technology,Semiconductors,RSI,RSI 加速上升,None,0.0,0.5525,0.3618,0.3618,0.3693,152,10688,0.0061,61.925,62.3,62.68,61.31,2026-07-27,3,False
AM,Energy,Oil & Gas Midstream,KDJ,KDJ 金叉,None,0.0,0.5525,0.3614,,0.3614,0,498,0.0061,23.01,23.15,23.29,22.78,2026-07-23,3,False
ENB,Energy,Oil & Gas Midstream,KDJ,KDJ 金叉,None,0.0,0.5525,0.3614,,0.3614,0,498,0.0061,56.86,57.21,57.55,56.29,2026-07-24,3,False
ET,Energy,Oil & Gas Midstream,KDJ,KDJ 金叉,None,0.0,0.5525,0.3614,,0.3614,0,498,0.0061,20.42,20.54,20.67,20.22,2026-07-23,3,False
MPLX,Energy,Oil & Gas Midstream,KDJ,KDJ 金叉,None,0.0,0.5525,0.3614,,0.3614,0,498,0.0061,57.51,57.86,58.21,56.93,2026-07-23,3,False
TRP,Energy,Oil & Gas Midstream,KDJ,KDJ 金叉,None,0.0,0.5525,0.3614,,0.3614,0,498,0.0061,69.98,70.41,70.83,69.28,2026-07-23,3,False
ERIC,Information Technology,Communication Equipment,RSI,RSI 維持超賣,None,0.0,0.385,0.3605,,0.3605,0,663,0.0055,9.34,9.39,9.44,9.25,2026-07-24,3,False
GFS,Information Technology,Semiconductors,RSI,RSI 維持超賣,None,0.0,0.385,0.3605,,0.3605,0,663,0.0055,51.92,52.21,52.49,51.4,2026-07-27,3,False
NOK,Information Technology,Communication Equipment,RSI,RSI 維持超賣,None,0.0,0.385,0.3605,,0.3605,0,663,0.0055,9.05,9.1,9.15,8.96,2026-07-27,3,False
PFE,Health Care,Drug Manufacturers - General,RSI,RSI 上穿 50 中性線,None,0.0,0.4675,0.36,0.36,0.3144,25,1323,0.0033,24.765,24.85,24.93,24.52,2026-07-27,3,False
JPM,Financials,Banks - Diversified,RSI,RSI 加速上升,None,0.0,0.5525,0.3598,0.3598,0.3014,164,11488,0.0086,355.9,358.96,362.02,352.34,2026-07-27,3,False
ABNB,Consumer Discretionary,Travel Services,BB,價格在 BB 中軌上方,None,0.0,0.425,0.3581,0.3581,0.2984,215,12430,0.0059,145.01,145.87,146.72,143.56,2026-07-27,3,False
AMGN,Health Care,Drug Manufacturers - General,BB,BB 中軌向上（上升趨勢）,Bullish Engulfing,0.75,1.0,0.3577,,0.3577,0,260,0.0085,371.5,374.66,377.82,367.79,2026-07-23,3,False
THC,Health Care,Medical Care Facilities,BB,BB 中軌向上（上升趨勢）,Bullish Engulfing,0.75,1.0,0.3577,,0.3577,0,260,0.0085,199.02,200.71,202.4,197.03,2026-07-23,3,False
MSTR,Information Technology,Software - Application,BB,價格在 BB 中軌上方,None,0.0,0.425,0.3573,,0.3573,0,20206,0.0074,97.085,97.8,98.52,96.11,2026-07-27,3,False
EQNR,Energy,Oil & Gas Integrated,BB,BB 中軌向上（上升趨勢）,Cup & Handle,0.81,1.0,0.3571,,0.3571,0,1680,0.0067,40.99,41.26,41.54,40.58,2026-07-23,3,False
PR,Energy,Oil & Gas E&P,BB,BB 中軌向上（上升趨勢）,Cup & Handle,0.85,1.0,0.3571,,0.3571,0,1680,0.0067,21.37,21.51,21.66,21.16,2026-07-23,3,False
VNOM,Energy,Oil & Gas Midstream,BB,BB 中軌向上（上升趨勢）,Cup & Handle,0.85,1.0,0.3571,,0.3571,0,1680,0.0067,45.14,45.44,45.74,44.69,2026-07-23,3,False
VTR,Real Estate,REIT - Healthcare Facilities,RSI,RSI 加速上升,Consolidation Breakout,0.73,1.0,0.3571,0.3571,0.212,28,585,0.006,100.72,101.32,101.93,99.71,2026-07-27,3,False
HUM,Health Care,Healthcare Plans,RSI,RSI 維持強勢 (50-70),None,0.0,0.51,0.3571,0.3571,0.2772,196,12123,0.0071,389.32,392.08,394.85,385.43,2026-07-24,3,False
META,Communication Services,Internet Content & Information,BB,BB 中軌向上（上升趨勢）,None,0.0,0.51,0.3571,0.3571,0.2943,252,4771,0.0036,602.484,604.65,606.82,596.46,2026-07-27,3,False
VEEV,Health Care,Health Information Services,RSI,RSI 動能加速（強勢區）,None,0.0,0.51,0.3571,0.3571,0.2606,14,1869,-0.0086,194.06,192.39,190.72,192.12,2026-07-27,3,False
AES,Utilities,Utilities - Diversified,BB,價格在 BB 中軌上方,None,0.0,0.425,0.3568,0.3568,0.246,213,9864,0.0076,14.845,14.96,15.07,14.7,2026-07-27,3,False
ADI,Information Technology,Semiconductors,BB,價格在 BB 中軌上方,None,0.0,0.425,0.3564,0.3564,0.3573,275,20206,0.0063,368.32,370.64,372.96,364.64,2026-07-27,3,False
BIP,Utilities,Utilities - Diversified,BB,BB 中軌向上（上升趨勢）,None,0.0,0.51,0.3562,,0.3562,0,365,0.0089,41.04,41.41,41.77,40.63,2026-07-23,3,True
CCJ,Energy,Uranium,MACD,MACD 金叉 (空頭區),None,0.0,0.42,0.3557,,0.3557,0,253,0.0057,87.86,88.36,88.86,86.98,2026-07-24,3,False
J,Industrials,Engineering & Construction,RSI,RSI 動能加速（強勢區）,None,0.0,0.51,0.3556,0.3556,0.2891,45,3037,-0.0042,134.56,133.99,133.43,133.21,2026-07-24,3,False
HUBB,Industrials,Electrical Equipment & Parts,KDJ,KDJ 金叉,None,0.0,0.5525,0.3548,0.3548,0.3223,31,2110,0.0046,488.38,490.63,492.87,483.5,2026-07-23,3,False
INTU,Information Technology,Software - Application,KDJ,KDJ 金叉,None,0.0,0.5525,0.3548,0.3548,0.3918,31,1955,-0.0048,306.99,305.52,304.04,303.92,2026-07-27,3,False
IQV,Health Care,Diagnostics & Research,KDJ,KDJ 金叉,None,0.0,0.5525,0.3548,0.3548,0.2852,31,1536,0.005,210.315,211.37,212.42,208.21,2026-07-27,3,False
CVS,Health Care,Healthcare Plans,RSI,RSI 維持強勢 (50-70),None,0.0,0.51,0.3544,0.3544,0.2772,206,12123,0.0039,106.34,106.75,107.17,105.28,2026-07-27,3,False
EXPE,Consumer Discretionary,Travel Services,BB,價格在 BB 中軌上方,None,0.0,0.425,0.3544,0.3544,0.2984,285,12430,0.0007,273.47,273.66,273.85,270.74,2026-07-27,3,False
MPC,Energy,Oil & Gas Refining & Marketing,BB,BB 中軌向上（上升趨勢）,None,0.0,0.51,0.3534,0.3534,0.2962,232,4484,0.0072,307.71,309.93,312.14,304.63,2026-07-27,3,False
ULTA,Consumer Discretionary,Specialty Retail,BB,BB 中軌向上（上升趨勢）,None,0.0,0.51,0.3532,0.3532,0.2908,201,9757,0.0091,475.36,479.69,484.01,470.61,2026-07-24,3,False
KNX,Industrials,Trucking,BB,BB 跌破下軌 (超賣),None,0.0,0.45499999999999996,0.3532,,0.3532,0,436,0.0052,72.33,72.71,73.08,71.61,2026-07-23,3,True
POOL,Industrials,Industrial Distribution,BB,BB 跌破下軌 (超賣),None,0.0,0.45499999999999996,0.3532,,0.3532,0,436,0.0052,183.33,184.28,185.24,181.5,2026-07-23,3,True
MAS,Industrials,Building Products & Equipment,KDJ,KDJ 金叉,None,0.0,0.5525,0.3529,0.3529,0.3223,17,2110,0.0072,79.27,79.84,80.41,78.48,2026-07-24,3,False
GS,Financials,Capital Markets,RSI,RSI 維持強勢 (50-70),None,0.0,0.51,0.3516,0.3516,0.2842,347,19108,0.0109,1074.72,1086.43,1098.15,1063.97,2026-07-23,3,False
REG,Real Estate,REIT - Retail,KDJ,KDJ 金叉,None,0.0,0.5525,0.35,0.35,0.2818,20,550,0.0105,82.665,83.53,84.4,81.84,2026-07-27,3,False
SMCI,Information Technology,Computer Hardware,RSI,RSI 加速上升,None,0.0,0.5525,0.35,0.35,0.3693,180,10688,-0.011,29.1201,28.8,28.48,28.83,2026-07-27,3,False
CAG,Consumer Staples,Packaged Foods,RSI,RSI 動能加速（強勢區）,None,0.0,0.51,0.35,0.35,0.2456,20,1148,0.0114,15.13,15.3,15.47,14.98,2026-07-27,3,False
FAST,Industrials,Industrial Distribution,RSI,RSI 上穿 50 中性線,None,0.0,0.4675,0.35,0.35,0.304,20,1816,0.0101,46.15,46.62,47.08,45.69,2026-07-23,3,False
CNI,Industrials,Railroads,BB,價格在 BB 中軌上方,None,0.0,0.425,0.3497,,0.3497,0,1018,0.0042,130.58,131.13,131.68,129.27,2026-07-23,3,True
HAS,Consumer Discretionary,Leisure,RSI,RSI 加速上升,None,0.0,0.5525,0.3485,0.3485,0.3117,132,6796,0.0006,89.145,89.2,89.25,88.25,2026-07-27,3,False
BN,Financials,Asset Management,BB,BB 跌破下軌 (超賣),None,0.0,0.45499999999999996,0.3485,,0.3485,0,1277,0.0043,41.21,41.39,41.56,40.8,2026-07-23,3,False
KLAR,Financials,Credit Services,BB,BB 跌破下軌 (超賣),None,0.0,0.45499999999999996,0.3485,,0.3485,0,1277,0.0043,17.36,17.43,17.51,17.19,2026-07-24,3,False
RKT,Financials,Mortgage Finance,BB,BB 跌破下軌 (超賣),None,0.0,0.45499999999999996,0.3485,,0.3485,0,1277,0.0043,12.78,12.83,12.89,12.65,2026-07-23,3,False
SOFI,Financials,Credit Services,BB,BB 跌破下軌 (超賣),None,0.0,0.45499999999999996,0.3485,,0.3485,0,1277,0.0043,16.46,16.53,16.6,16.3,2026-07-24,3,False
UMBF,Financials,Banks - Regional,BB,BB 跌破下軌 (超賣),None,0.0,0.45499999999999996,0.3485,,0.3485,0,1277,0.0043,139.12,139.72,140.32,137.73,2026-07-23,3,False
UNM,Financials,Insurance - Life,BB,BB 跌破下軌 (超賣),None,0.0,0.45499999999999996,0.3485,,0.3485,0,1277,0.0043,85.945,86.31,86.68,85.09,2026-07-23,3,False
CNC,Health Care,Healthcare Plans,BB,BB 中軌向上（上升趨勢）,None,0.0,0.51,0.3468,0.3468,0.2705,222,10885,0.0067,63.41,63.83,64.26,62.78,2026-07-24,3,False
F,Consumer Discretionary,Auto Manufacturers,RSI,RSI 加速上升,None,0.0,0.5525,0.3452,0.3452,0.3117,168,6796,0.0072,14.48,14.58,14.69,14.34,2026-07-27,3,False
TRV,Financials,Insurance - Property & Casualty,BB,BB 中軌向上（上升趨勢）,Consolidation Breakout,0.72,1.0,0.3448,0.3448,0.2496,29,1951,0.0171,390.09,396.76,403.43,386.19,2026-07-27,3,False
TTWO,Communication Services,Electronic Gaming & Multimedia,KDJ,KDJ 金叉,None,0.0,0.5525,0.3448,0.3448,0.3345,29,550,-0.0011,237.58,237.32,237.06,235.2,2026-07-27,3,False
VLYPP,Financials,Banks - Regional,RSI,RSI 維持強勢 (50-70),None,0.0,0.51,0.3448,,0.3448,0,609,0.0048,24.94,25.06,25.18,24.69,2026-07-23,3,True
VLO,Energy,Oil & Gas Refining & Marketing,BB,價格在 BB 中軌上方,None,0.0,0.425,0.3448,0.3448,0.2998,232,5768,0.0031,300.55,301.48,302.41,297.54,2026-07-27,3,False
GRAB,Information Technology,Software - Application,BB,BB 跌破下軌 (超賣),None,0.0,0.45499999999999996,0.3447,,0.3447,0,1001,0.0043,3.3,3.31,3.33,3.27,2026-07-23,3,False
MCHPP,Information Technology,Semiconductors,BB,BB 跌破下軌 (超賣),None,0.0,0.45499999999999996,0.3447,,0.3447,0,1001,0.0043,65.54,65.82,66.1,64.88,2026-07-27,3,False
UBER,Information Technology,Software - Application,BB,BB 跌破下軌 (超賣),None,0.0,0.45499999999999996,0.3447,,0.3447,0,1001,0.0043,66.61,66.9,67.18,65.94,2026-07-27,3,False
BIIB,Health Care,Drug Manufacturers - General,RSI,RSI 維持強勢 (50-70),None,0.0,0.51,0.3444,0.3444,0.2772,151,12123,0.0031,203.34,203.97,204.6,201.31,2026-07-27,3,False
TXT,Industrials,Aerospace & Defense,RSI,RSI 動能加速（強勢區）,None,0.0,0.51,0.3438,0.3438,0.2891,32,3037,-0.0015,95.53,95.39,95.24,94.57,2026-07-24,3,False
WELL,Real Estate,REIT - Healthcare Facilities,BB,價格在 BB 中軌上方,None,0.0,0.425,0.3409,0.3409,0.248,399,8032,0.0038,250.71,251.66,252.62,248.2,2026-07-27,3,False
GEN,Information Technology,Software - Infrastructure,BB,BB 中軌向上（上升趨勢）,None,0.0,0.51,0.3408,0.3408,0.3639,179,16781,0.006,26.52,26.68,26.84,26.25,2026-07-27,3,False
PPG,Materials,Specialty Chemicals,BB,價格在 BB 中軌上方,None,0.0,0.425,0.3398,0.3398,0.2859,206,6697,0.0056,118.89,119.56,120.22,117.7,2026-07-27,3,False
DE,Industrials,Farm & Heavy Construction Machinery,RSI,RSI 加速上升,None,0.0,0.5525,0.3393,0.3393,0.2981,112,11545,0.0046,619.08,621.93,624.78,612.89,2026-07-27,3,False
NEE,Utilities,Utilities - Regulated Electric,RSI,RSI 維持強勢 (50-70),None,0.0,0.51,0.3388,0.3388,0.2471,242,8831,0.0052,89.37,89.83,90.3,88.48,2026-07-27,3,False
CTSH,Information Technology,Information Technology Services,RSI,RSI 加速上升,None,0.0,0.5525,0.3359,0.3359,0.3693,131,10688,0.0029,47.175,47.31,47.45,46.7,2026-07-27,3,False
TOL,Consumer Discretionary,Residential Construction,MACD,MACD 突破 0 軸,None,0.0,0.595,0.3351,,0.3351,0,376,0.0114,151.8,153.53,155.26,150.28,2026-07-27,3,False
COST,Consumer Staples,Discount Stores,RSI,RSI 維持強勢 (50-70),None,0.0,0.51,0.3347,0.3347,0.2452,251,7574,0.0061,950.565,956.36,962.16,941.06,2026-07-27,3,False
SPOT,Communication Services,Internet Content & Information,KDJ,KDJ 金叉,None,0.0,0.5525,0.3345,,0.3345,0,550,0.0065,486.1,489.26,492.42,481.24,2026-07-27,3,False
TME,Communication Services,Internet Content & Information,KDJ,KDJ 金叉,None,0.0,0.5525,0.3345,,0.3345,0,550,0.0065,9.375,9.44,9.5,9.28,2026-07-27,3,False
TU,Communication Services,Telecom Services,KDJ,KDJ 金叉,None,0.0,0.5525,0.3345,,0.3345,0,550,0.0065,10.455,10.52,10.59,10.35,2026-07-27,3,False
WMG,Communication Services,Entertainment,KDJ,KDJ 金叉,None,0.0,0.5525,0.3345,,0.3345,0,550,0.0065,27.63,27.81,27.99,27.35,2026-07-27,3,False
AAPL,Information Technology,Consumer Electronics,BB,BB 中軌向上（上升趨勢）,Morning Star,0.8,1.0,0.3333,0.3333,0.4841,9,471,0.0119,333.02,336.98,340.95,329.69,2026-07-24,3,False
HST,Real Estate,REIT - Hotel & Motel,RSI,RSI 動能加速（強勢區）,Consolidation Breakout,0.75,1.0,0.3333,0.3333,0.1893,9,338,0.0008,24.895,24.91,24.93,24.65,2026-07-27,3,False
MDT,Health Care,Medical Devices,MACD,MACD 金叉 (多頭區),None,0.0,0.68,0.3333,0.3333,0.2557,6,305,0.0085,84.69,85.41,86.13,83.84,2026-07-27,3,False
MSI,Information Technology,Communication Equipment,MACD,MACD 金叉 (多頭區),None,0.0,0.68,0.3333,0.3333,0.3651,6,504,0.0117,423.21,428.16,433.11,418.98,2026-07-27,3,False
SYK,Health Care,Medical Devices,MACD,MACD 金叉 (多頭區),None,0.0,0.68,0.3333,0.3333,0.2557,6,305,-0.0094,336.325,333.16,330.0,332.96,2026-07-27,3,False
DHI,Consumer Discretionary,Residential Construction,RSI,RSI 加速上升,None,0.0,0.5525,0.3333,0.3333,0.3117,135,6796,0.0027,148.415,148.82,149.22,146.93,2026-07-27,3,False
LOW,Consumer Discretionary,Home Improvement Retail,KDJ,KDJ 金叉,None,0.0,0.5525,0.3333,0.3333,0.3183,24,1244,0.008,207.64,209.3,210.96,205.56,2026-07-24,3,False
NTAP,Information Technology,Software - Infrastructure,KDJ,KDJ 金叉,None,0.0,0.5525,0.3333,0.3333,0.3918,24,1955,0.0005,167.74,167.82,167.91,166.06,2026-07-24,3,False
DG,Consumer Staples,Discount Stores,RSI,RSI 上穿 50 中性線,None,0.0,0.4675,0.3333,0.3333,0.2565,24,928,0.0012,123.52,123.67,123.82,122.28,2026-07-27,3,False
AXP,Financials,Credit Services,BB,BB 跌破下軌 (超賣),None,0.0,0.45499999999999996,0.3333,0.3333,0.3485,15,1277,-0.0053,326.17,324.44,322.71,322.91,2026-07-24,3,False
GL,Financials,Insurance - Life,BB,BB 跌破下軌 (超賣),None,0.0,0.45499999999999996,0.3333,0.3333,0.3485,9,1277,-0.0255,171.08,166.72,162.35,169.37,2026-07-23,3,False
GMED,Health Care,Medical Devices,BB,價格在 BB 中軌上方,Bullish Engulfing,0.75,0.9075,0.332,,0.332,0,259,0.0039,78.31,78.62,78.92,77.53,2026-07-27,3,False
EWBC,Financials,Banks - Regional,RSI,RSI 維持強勢 (50-70),Bullish Engulfing,0.75,1.0,0.3314,,0.3314,0,353,0.0074,131.97,132.95,133.92,130.65,2026-07-27,3,False
ARES,Financials,Asset Management,RSI,RSI 維持強勢 (50-70),None,0.0,0.51,0.3313,0.3313,0.2842,329,19108,0.0049,128.83,129.46,130.09,127.54,2026-07-27,3,False
FITB,Financials,Banks - Regional,RSI,RSI 維持強勢 (50-70),None,0.0,0.51,0.3309,0.3309,0.2842,269,19108,0.0067,57.3,57.68,58.07,56.73,2026-07-27,3,False
RDDT,Communication Services,Internet Content & Information,BB,BB 中軌向上（上升趨勢）,Morning Star,0.8,1.0,0.3303,,0.3303,0,109,0.008,178.285,179.71,181.14,176.5,2026-07-27,3,False
DY,Industrials,Engineering & Construction,MACD,MACD 金叉 (空頭區),None,0.0,0.42,0.3303,,0.3303,0,875,0.0053,440.39,442.72,445.06,435.99,2026-07-23,3,False
FERG,Industrials,Industrial Distribution,MACD,MACD 金叉 (空頭區),None,0.0,0.42,0.3303,,0.3303,0,875,0.0053,230.67,231.89,233.12,228.36,2026-07-24,3,False
FTAI,Industrials,Aerospace & Defense,MACD,MACD 金叉 (空頭區),None,0.0,0.42,0.3303,,0.3303,0,875,0.0053,211.0175,212.14,213.25,208.91,2026-07-27,3,False
LECO,Industrials,Tools & Accessories,MACD,MACD 金叉 (空頭區),None,0.0,0.42,0.3303,,0.3303,0,875,0.0053,254.57,255.92,257.27,252.02,2026-07-27,3,False
NVT,Industrials,Electrical Equipment & Parts,MACD,MACD 金叉 (空頭區),None,0.0,0.42,0.3303,,0.3303,0,875,0.0053,158.57,159.41,160.25,156.98,2026-07-23,3,False
SPXC,Industrials,Building Products & Equipment,MACD,MACD 金叉 (空頭區),None,0.0,0.42,0.3303,,0.3303,0,875,0.0053,219.3699,220.53,221.7,217.18,2026-07-27,3,False
STRL,Industrials,Engineering & Construction,MACD,MACD 金叉 (空頭區),None,0.0,0.42,0.3303,,0.3303,0,875,0.0053,717.34,721.14,724.94,710.17,2026-07-23,3,False
ULS,Industrials,Specialty Business Services,MACD,MACD 金叉 (空頭區),None,0.0,0.42,0.3303,,0.3303,0,875,0.0053,88.88,89.35,89.82,87.99,2026-07-27,3,False
ETN,Industrials,Specialty Industrial Machinery,RSI,RSI 維持強勢 (50-70),None,0.0,0.51,0.3302,0.3302,0.2986,215,19157,0.0043,415.13,416.92,418.7,410.98,2026-07-23,3,False
OWL,Financials,Asset Management,MACD,MACD 突破 0 軸,None,0.0,0.595,0.3301,,0.3301,0,618,0.0061,9.45,9.51,9.57,9.36,2026-07-24,3,False
NTES,Communication Services,Electronic Gaming & Multimedia,BB,BB 跌破下軌 (超賣),None,0.0,0.45499999999999996,0.33,,0.33,0,397,0.0048,119.55,120.12,120.7,118.35,2026-07-24,3,False
RBLX,Communication Services,Electronic Gaming & Multimedia,BB,BB 跌破下軌 (超賣),None,0.0,0.45499999999999996,0.33,,0.33,0,397,0.0048,46.76,46.98,47.21,46.29,2026-07-27,3,False
BXP,Real Estate,REIT - Office,BB,BB 中軌向上（上升趨勢）,None,0.0,0.51,0.3295,0.3295,0.2647,173,5713,0.0044,69.53,69.84,70.14,68.83,2026-07-27,3,False
AMRZ,Materials,Building Materials,RSI,RSI 上穿 50 中性線,None,0.0,0.4675,0.3294,,0.3294,0,595,0.0031,50.28,50.44,50.59,49.78,2026-07-27,3,False
AU,Materials,Gold,RSI,RSI 上穿 50 中性線,None,0.0,0.4675,0.3294,,0.3294,0,595,0.0031,79.67,79.92,80.16,78.87,2026-07-24,3,False
RGLD,Materials,Gold,RSI,RSI 上穿 50 中性線,None,0.0,0.4675,0.3294,,0.3294,0,595,0.0031,200.96,201.58,202.21,198.95,2026-07-24,3,False
WPM,Materials,Gold,RSI,RSI 上穿 50 中性線,None,0.0,0.4675,0.3294,,0.3294,0,595,0.0031,112.38,112.73,113.08,111.26,2026-07-27,3,False
BBVA,Financials,Banks - Diversified,RSI,RSI 維持強勢 (50-70),Support,0.9,1.0,0.3276,,0.3276,0,58,0.0022,25.31,25.37,25.42,25.06,2026-07-23,3,False
BCH,Financials,Banks - Regional,RSI,RSI 維持強勢 (50-70),Support,0.8,1.0,0.3276,,0.3276,0,58,0.0022,40.62,40.71,40.8,40.21,2026-07-23,3,False
BCS,Financials,Banks - Diversified,RSI,RSI 維持強勢 (50-70),Support,0.9,1.0,0.3276,,0.3276,0,58,0.0022,27.66,27.72,27.78,27.38,2026-07-23,3,False
BMO,Financials,Banks - Diversified,RSI,RSI 維持強勢 (50-70),Support,0.7,1.0,0.3276,,0.3276,0,58,0.0022,176.63,177.02,177.41,174.86,2026-07-23,3,False
BNS,Financials,Banks - Diversified,RSI,RSI 維持強勢 (50-70),Support,0.8,1.0,0.3276,,0.3276,0,58,0.0022,86.61,86.8,86.99,85.74,2026-07-23,3,False
CINF,Financials,Insurance - Property & Casualty,RSI,RSI 維持強勢 (50-70),Support,0.8,1.0,0.3276,,0.3276,0,58,0.0022,179.38,179.77,180.17,177.59,2026-07-23,3,False
CNA,Financials,Insurance - Property & Casualty,RSI,RSI 維持強勢 (50-70),Support,0.8,1.0,0.3276,,0.3276,0,58,0.0022,52.22,52.33,52.45,51.7,2026-07-23,3,False
CRBG,Financials,Asset Management,RSI,RSI 維持強勢 (50-70),Support,0.9,1.0,0.3276,,0.3276,0,58,0.0022,30.84,30.91,30.98,30.53,2026-07-23,3,False
EG,Financials,Insurance - Reinsurance,RSI,RSI 維持強勢 (50-70),Support,0.8,1.0,0.3276,,0.3276,0,58,0.0022,375.56,376.39,377.21,371.8,2026-07-23,3,False
IBN,Financials,Banks - Regional,RSI,RSI 維持強勢 (50-70),Support,0.9,1.0,0.3276,,0.3276,0,58,0.0022,29.24,29.3,29.37,28.95,2026-07-23,3,False
ING,Financials,Banks - Diversified,RSI,RSI 維持強勢 (50-70),Support,0.8,1.0,0.3276,,0.3276,0,58,0.0022,32.44,32.51,32.58,32.12,2026-07-23,3,False
JEF,Financials,Capital Markets,RSI,RSI 維持強勢 (50-70),Support,0.8,1.0,0.3276,,0.3276,0,58,0.0022,55.58,55.7,55.82,55.02,2026-07-23,3,False
NWG,Financials,Banks - Regional,RSI,RSI 維持強勢 (50-70),Support,0.9,1.0,0.3276,,0.3276,0,58,0.0022,17.86,17.9,17.94,17.68,2026-07-23,3,False
RF,Financials,Banks - Regional,RSI,RSI 維持強勢 (50-70),Support,0.7,1.0,0.3276,,0.3276,0,58,0.0022,30.66,30.73,30.79,30.35,2026-07-23,3,False
RY,Financials,Banks - Diversified,RSI,RSI 維持強勢 (50-70),Support,0.7,1.0,0.3276,,0.3276,0,58,0.0022,208.46,208.92,209.38,206.38,2026-07-23,3,False
SEIC,Financials,Asset Management,RSI,RSI 維持強勢 (50-70),Support,0.8,1.0,0.3276,,0.3276,0,58,0.0022,96.73,96.94,97.16,95.76,2026-07-23,3,False
EIX,Utilities,Utilities - Regulated Electric,BB,BB 中軌向上（上升趨勢）,None,0.0,0.51,0.3276,0.3276,0.249,232,7232,0.0063,79.07,79.57,80.07,78.28,2026-07-27,3,False
TFC,Financials,Banks - Regional,RSI,RSI 加速上升,None,0.0,0.5525,0.3272,0.3272,0.3014,162,11488,0.008,52.34,52.76,53.18,51.82,2026-07-27,3,False
CNQ,Energy,Oil & Gas E&P,RSI,RSI 動能加速（強勢區）,None,0.0,0.51,0.3265,,0.3265,0,873,0.0005,47.01,47.03,47.06,46.54,2026-07-23,3,False
CQP,Energy,Oil & Gas Midstream,RSI,RSI 動能加速（強勢區）,None,0.0,0.51,0.3265,,0.3265,0,873,0.0005,65.93,65.96,66.0,65.27,2026-07-23,3,False
CVE,Energy,Oil & Gas Integrated,RSI,RSI 動能加速（強勢區）,None,0.0,0.51,0.3265,,0.3265,0,873,0.0005,29.72,29.73,29.75,29.42,2026-07-23,3,False
E,Energy,Oil & Gas Integrated,RSI,RSI 動能加速（強勢區）,None,0.0,0.51,0.3265,,0.3265,0,873,0.0005,51.99,52.02,52.04,51.47,2026-07-23,3,False
IMO,Energy,Oil & Gas Integrated,RSI,RSI 動能加速（強勢區）,None,0.0,0.51,0.3265,,0.3265,0,873,0.0005,128.83,128.89,128.96,127.54,2026-07-23,3,False
LNG,Energy,Oil & Gas Midstream,RSI,RSI 動能加速（強勢區）,None,0.0,0.51,0.3265,,0.3265,0,873,0.0005,271.99,272.13,272.26,269.27,2026-07-23,3,False
SU,Energy,Oil & Gas Integrated,RSI,RSI 動能加速（強勢區）,None,0.0,0.51,0.3265,,0.3265,0,873,0.0005,66.41,66.44,66.48,65.75,2026-07-23,3,False
WES,Energy,Oil & Gas Midstream,RSI,RSI 動能加速（強勢區）,None,0.0,0.51,0.3265,,0.3265,0,873,0.0005,47.93,47.95,47.98,47.45,2026-07-23,3,False
AEP,Utilities,Utilities - Regulated Electric,RSI,RSI 維持強勢 (50-70),None,0.0,0.51,0.3262,0.3262,0.2471,279,8831,0.0058,134.885,135.67,136.45,133.54,2026-07-27,3,False
EGP,Real Estate,REIT - Industrial,RSI,RSI 維持強勢 (50-70),None,0.0,0.51,0.3261,,0.3261,0,230,0.0069,214.05,215.53,217.0,211.91,2026-07-23,3,True
ELS,Real Estate,REIT - Residential,RSI,RSI 維持強勢 (50-70),None,0.0,0.51,0.3261,,0.3261,0,230,0.0069,66.03,66.49,66.94,65.37,2026-07-23,3,True
VMC,Materials,Building Materials,RSI,RSI 加速上升,None,0.0,0.5525,0.3254,0.3254,0.3048,126,3639,0.0093,286.38,289.04,291.71,283.52,2026-07-27,3,False
NBIS,Communication Services,Internet Content & Information,MACD,MACD 金叉 (空頭區),None,0.0,0.42,0.3254,,0.3254,0,252,0.0044,220.97,221.94,222.91,218.76,2026-07-23,3,False
RVTY,Health Care,Diagnostics & Research,BB,價格在 BB 中軌上方,None,0.0,0.425,0.3247,0.3247,0.2804,194,14417,-0.0022,113.17,112.92,112.67,112.04,2026-07-23,3,False
MOS,Materials,Agricultural Inputs,BB,價格在 BB 中軌上方,None,0.0,0.425,0.3246,0.3246,0.2859,268,6697,-0.0035,22.26,22.18,22.1,22.04,2026-07-27,3,False
TLK,Communication Services,Telecom Services,RSI,RSI 上穿 50 中性線,None,0.0,0.4675,0.3243,,0.3243,0,518,0.004,14.42,14.48,14.54,14.28,2026-07-24,3,False
KMB,Consumer Staples,Household & Personal Products,RSI,RSI 動能加速（強勢區）,None,0.0,0.51,0.3235,0.3235,0.2456,34,1148,0.0069,111.51,112.28,113.05,110.39,2026-07-27,3,False
BWA,Consumer Discretionary,Auto Parts,MACD,MACD 金叉 (空頭區),None,0.0,0.42,0.3233,,0.3233,0,529,0.0066,64.33,64.75,65.18,63.69,2026-07-23,3,False
HTHT,Consumer Discretionary,Lodging,MACD,MACD 金叉 (空頭區),None,0.0,0.42,0.3233,,0.3233,0,529,0.0066,41.56,41.83,42.11,41.14,2026-07-27,3,False
BP,Energy,Oil & Gas Integrated,RSI,RSI 加速上升,None,0.0,0.5525,0.3227,,0.3227,0,3306,0.0024,43.82,43.93,44.03,43.38,2026-07-24,3,False
FTI,Energy,Oil & Gas Equipment & Services,RSI,RSI 加速上升,None,0.0,0.5525,0.3227,,0.3227,0,3306,0.0024,76.75,76.93,77.12,75.98,2026-07-24,3,False
PAA,Energy,Oil & Gas Midstream,RSI,RSI 加速上升,None,0.0,0.5525,0.3227,,0.3227,0,3306,0.0024,24.69,24.75,24.81,24.44,2026-07-23,3,False
PBR,Energy,Oil & Gas Integrated,RSI,RSI 加速上升,None,0.0,0.5525,0.3227,,0.3227,0,3306,0.0024,18.77,18.82,18.86,18.58,2026-07-24,3,False
SHEL,Energy,Oil & Gas Integrated,RSI,RSI 加速上升,None,0.0,0.5525,0.3227,,0.3227,0,3306,0.0024,87.95,88.16,88.37,87.07,2026-07-23,3,False
TS,Energy,Oil & Gas Equipment & Services,RSI,RSI 加速上升,None,0.0,0.5525,0.3227,,0.3227,0,3306,0.0024,57.36,57.5,57.64,56.79,2026-07-23,3,False
TTE,Energy,Oil & Gas Integrated,RSI,RSI 加速上升,None,0.0,0.5525,0.3227,,0.3227,0,3306,0.0024,85.01,85.21,85.42,84.16,2026-07-27,3,False
WDS,Energy,Oil & Gas E&P,RSI,RSI 加速上升,None,0.0,0.5525,0.3227,,0.3227,0,3306,0.0024,22.56,22.61,22.67,22.33,2026-07-24,3,False
BG,Consumer Staples,Farm Products,BB,BB 中軌向上（上升趨勢）,None,0.0,0.51,0.3226,0.3226,0.2466,186,6128,0.0023,117.88,118.15,118.42,116.7,2026-07-27,3,False
AAL,Industrials,Airlines,KDJ,KDJ 金叉,None,0.0,0.5525,0.3223,,0.3223,0,2110,0.0051,14.68,14.75,14.83,14.53,2026-07-27,3,False
AER,Industrials,Rental & Leasing Services,KDJ,KDJ 金叉,None,0.0,0.5525,0.3223,,0.3223,0,2110,0.0051,151.3,152.07,152.84,149.79,2026-07-24,3,False
AGX,Industrials,Engineering & Construction,KDJ,KDJ 金叉,None,0.0,0.5525,0.3223,,0.3223,0,2110,0.0051,602.3,605.37,608.44,596.28,2026-07-23,3,False
APG,Industrials,Engineering & Construction,KDJ,KDJ 金叉,None,0.0,0.5525,0.3223,,0.3223,0,2110,0.0051,39.965,40.17,40.37,39.57,2026-07-27,3,False
ARMK,Industrials,Specialty Business Services,KDJ,KDJ 金叉,None,0.0,0.5525,0.3223,,0.3223,0,2110,0.0051,57.78,58.07,58.37,57.2,2026-07-27,3,False
AYI,Industrials,Electrical Equipment & Parts,KDJ,KDJ 金叉,None,0.0,0.5525,0.3223,,0.3223,0,2110,0.0051,334.97,336.68,338.39,331.62,2026-07-27,3,False
CSL,Industrials,Building Products & Equipment,KDJ,KDJ 金叉,None,0.0,0.5525,0.3223,,0.3223,0,2110,0.0051,336.04,337.75,339.47,332.68,2026-07-24,3,False
EMBJ,Industrials,Aerospace & Defense,KDJ,KDJ 金叉,None,0.0,0.5525,0.3223,,0.3223,0,2110,0.0051,67.19,67.53,67.88,66.52,2026-07-27,3,False
HEI,Industrials,Aerospace & Defense,KDJ,KDJ 金叉,None,0.0,0.5525,0.3223,,0.3223,0,2110,0.0051,349.61,351.39,353.18,346.11,2026-07-24,3,False
ITT,Industrials,Specialty Industrial Machinery,KDJ,KDJ 金叉,None,0.0,0.5525,0.3223,,0.3223,0,2110,0.0051,195.86,196.86,197.86,193.9,2026-07-24,3,False
LTM,Industrials,Airlines,KDJ,KDJ 金叉,None,0.0,0.5525,0.3223,,0.3223,0,2110,0.0051,51.82,52.08,52.35,51.3,2026-07-27,3,False
SUNB,Industrials,Rental & Leasing Services,KDJ,KDJ 金叉,None,0.0,0.5525,0.3223,,0.3223,0,2110,0.0051,77.47,77.87,78.26,76.7,2026-07-23,3,False
TRI,Industrials,Specialty Business Services,KDJ,KDJ 金叉,None,0.0,0.5525,0.3223,,0.3223,0,2110,0.0051,96.63,97.12,97.62,95.66,2026-07-27,3,False
WCC,Industrials,Industrial Distribution,KDJ,KDJ 金叉,None,0.0,0.5525,0.3223,,0.3223,0,2110,0.0051,332.48,334.18,335.87,329.16,2026-07-24,3,False
PEP,Consumer Staples,Beverages - Non-Alcoholic,KDJ,KDJ 金叉,Morning Star,0.8,1.0,0.322,,0.322,0,59,0.0045,136.64,137.25,137.87,135.27,2026-07-24,3,False
HCA,Health Care,Medical Care Facilities,RSI,RSI 維持強勢 (50-70),None,0.0,0.51,0.321,0.321,0.2772,271,12123,0.0051,388.61,390.59,392.57,384.72,2026-07-27,3,False
REGN,Health Care,Biotechnology,BB,價格在 BB 中軌上方,None,0.0,0.425,0.3207,0.3207,0.2804,290,14417,0.0008,674.77,675.31,675.85,668.02,2026-07-27,3,False
MMM,Industrials,Conglomerates,BB,BB 中軌向上（上升趨勢）,None,0.0,0.51,0.3206,0.3206,0.2929,209,17460,0.0049,176.35,177.21,178.08,174.59,2026-07-27,3,False
TDG,Industrials,Aerospace & Defense,KDJ,KDJ 金叉,None,0.0,0.5525,0.32,0.32,0.3223,25,2110,0.0029,1236.71,1240.3,1243.88,1224.34,2026-07-24,3,False
DOC,Real Estate,REIT - Healthcare Facilities,RSI,RSI 維持強勢 (50-70),None,0.0,0.51,0.3188,0.3188,0.2509,207,7011,0.004,22.36,22.45,22.54,22.14,2026-07-27,3,False
AMCR,Consumer Discretionary,Packaging & Containers,KDJ,KDJ 金叉,None,0.0,0.5525,0.3183,,0.3183,0,1244,0.0033,45.0993,45.25,45.4,44.65,2026-07-27,3,False
AVY,Consumer Discretionary,Packaging & Containers,KDJ,KDJ 金叉,None,0.0,0.5525,0.3183,,0.3183,0,1244,0.0033,163.575,164.11,164.65,161.94,2026-07-27,3,False
CCK,Consumer Discretionary,Packaging & Containers,KDJ,KDJ 金叉,None,0.0,0.5525,0.3183,,0.3183,0,1244,0.0033,117.88,118.27,118.66,116.7,2026-07-24,3,False
DKNG,Consumer Discretionary,Gambling,KDJ,KDJ 金叉,None,0.0,0.5525,0.3183,,0.3183,0,1244,0.0033,24.195,24.27,24.35,23.95,2026-07-27,3,False
FLUT,Consumer Discretionary,Gambling,KDJ,KDJ 金叉,None,0.0,0.5525,0.3183,,0.3183,0,1244,0.0033,106.76,107.11,107.46,105.69,2026-07-27,3,False
H,Consumer Discretionary,Lodging,KDJ,KDJ 金叉,None,0.0,0.5525,0.3183,,0.3183,0,1244,0.0033,190.46,191.09,191.72,188.56,2026-07-27,3,False
RACE,Consumer Discretionary,Auto Manufacturers,KDJ,KDJ 金叉,None,0.0,0.5525,0.3183,,0.3183,0,1244,0.0033,377.31,378.56,379.8,373.54,2026-07-27,3,False
SGI,Consumer Discretionary,"Furnishings, Fixtures & Appliances",KDJ,KDJ 金叉,None,0.0,0.5525,0.3183,,0.3183,0,1244,0.0033,71.56,71.8,72.03,70.84,2026-07-24,3,False
SN,Consumer Discretionary,"Furnishings, Fixtures & Appliances",KDJ,KDJ 金叉,None,0.0,0.5525,0.3183,,0.3183,0,1244,0.0033,153.83,154.34,154.85,152.29,2026-07-27,3,False
TCOM,Consumer Discretionary,Travel Services,KDJ,KDJ 金叉,None,0.0,0.5525,0.3183,,0.3183,0,1244,0.0033,44.985,45.13,45.28,44.54,2026-07-27,3,False
W,Consumer Discretionary,Internet Retail,KDJ,KDJ 金叉,None,0.0,0.5525,0.3183,,0.3183,0,1244,0.0033,90.945,91.25,91.55,90.04,2026-07-27,3,False
AOS,Industrials,Specialty Industrial Machinery,KDJ,KDJ 金叉,None,0.0,0.5525,0.3182,0.3182,0.3223,22,2110,-0.0002,60.78,60.77,60.76,60.17,2026-07-24,3,False
AZO,Consumer Discretionary,Auto Parts,KDJ,KDJ 金叉,None,0.0,0.5525,0.3182,0.3182,0.3183,22,1244,0.0145,3058.345,3102.69,3147.04,3027.76,2026-07-27,3,False
EQIX,Real Estate,REIT - Specialty,RSI,RSI 加速上升,None,0.0,0.5525,0.3182,0.3182,0.2327,132,4401,0.0054,1058.42,1064.14,1069.85,1047.84,2026-07-27,3,False
SWK,Industrials,Tools & Accessories,BB,價格在 BB 中軌上方,None,0.0,0.425,0.3182,0.3182,0.295,198,22337,-0.0023,93.18,92.97,92.75,92.25,2026-07-27,3,False
FTNT,Information Technology,Software - Infrastructure,BB,BB 中軌向上（上升趨勢）,None,0.0,0.51,0.3174,0.3174,0.3639,167,16781,0.0017,153.61,153.87,154.13,152.07,2026-07-27,3,False
SNN,Health Care,Medical Devices,MACD,MACD 突破 0 軸,None,0.0,0.595,0.3171,,0.3171,0,432,0.0028,30.57,30.66,30.74,30.26,2026-07-24,3,False
STT,Financials,Asset Management,RSI,RSI 維持強勢 (50-70),None,0.0,0.51,0.316,0.316,0.2842,288,19108,0.0038,183.645,184.34,185.04,181.81,2026-07-27,3,False
BSX,Health Care,Medical Devices,RSI,RSI 上穿 50 中性線,None,0.0,0.4675,0.3158,0.3158,0.3144,19,1323,0.0014,45.975,46.04,46.1,45.52,2026-07-27,3,False
DOW,Materials,Chemicals,RSI,RSI 加速上升,None,0.0,0.5525,0.3145,0.3145,0.3048,159,3639,-0.0053,30.9,30.74,30.57,30.59,2026-07-23,3,False
ALNY,Health Care,Biotechnology,RSI,RSI 上穿 50 中性線,None,0.0,0.4675,0.3144,,0.3144,0,1323,0.003,282.76,283.61,284.46,279.93,2026-07-27,3,False
AZN,Health Care,Drug Manufacturers - General,RSI,RSI 上穿 50 中性線,None,0.0,0.4675,0.3144,,0.3144,0,1323,0.003,172.26,172.78,173.29,170.54,2026-07-27,3,False
BNTX,Health Care,Biotechnology,RSI,RSI 上穿 50 中性線,None,0.0,0.4675,0.3144,,0.3144,0,1323,0.003,92.06,92.34,92.61,91.14,2026-07-23,3,False
GSK,Health Care,Drug Manufacturers - General,RSI,RSI 上穿 50 中性線,None,0.0,0.4675,0.3144,,0.3144,0,1323,0.003,52.445,52.6,52.76,51.92,2026-07-27,3,False
MDLN,Health Care,Medical Instruments & Supplies,RSI,RSI 上穿 50 中性線,None,0.0,0.4675,0.3144,,0.3144,0,1323,0.003,40.12,40.24,40.36,39.72,2026-07-27,3,False
PEN,Health Care,Medical Devices,RSI,RSI 上穿 50 中性線,None,0.0,0.4675,0.3144,,0.3144,0,1323,0.003,318.73,319.69,320.64,315.54,2026-07-24,3,False
PHG,Health Care,Medical Devices,RSI,RSI 上穿 50 中性線,None,0.0,0.4675,0.3144,,0.3144,0,1323,0.003,26.825,26.91,26.99,26.56,2026-07-27,3,False
SMMT,Health Care,Biotechnology,RSI,RSI 上穿 50 中性線,None,0.0,0.4675,0.3144,,0.3144,0,1323,0.003,14.98,15.02,15.07,14.83,2026-07-23,3,False
SNY,Health Care,Drug Manufacturers - General,RSI,RSI 上穿 50 中性線,None,0.0,0.4675,0.3144,,0.3144,0,1323,0.003,44.33,44.46,44.6,43.89,2026-07-27,3,False
AFG,Financials,Insurance - Property & Casualty,KDJ,KDJ 金叉,None,0.0,0.5525,0.3142,,0.3142,0,1932,0.0041,143.76,144.35,144.94,142.32,2026-07-24,3,False
BSBR,Financials,Banks - Regional,KDJ,KDJ 金叉,None,0.0,0.5525,0.3142,,0.3142,0,1932,0.0041,5.42,5.44,5.46,5.37,2026-07-27,3,False
CG,Financials,Asset Management,KDJ,KDJ 金叉,None,0.0,0.5525,0.3142,,0.3142,0,1932,0.0041,46.38,46.57,46.76,45.92,2026-07-27,3,False
DB,Financials,Banks - Regional,KDJ,KDJ 金叉,None,0.0,0.5525,0.3142,,0.3142,0,1932,0.0041,35.47,35.62,35.76,35.12,2026-07-27,3,False
FCNCA,Financials,Banks - Regional,KDJ,KDJ 金叉,None,0.0,0.5525,0.3142,,0.3142,0,1932,0.0041,2212.77,2221.84,2230.91,2190.64,2026-07-23,3,False
FNF,Financials,Insurance - Specialty,KDJ,KDJ 金叉,None,0.0,0.5525,0.3142,,0.3142,0,1932,0.0041,51.97,52.18,52.4,51.45,2026-07-27,3,False
MUFG,Financials,Banks - Diversified,KDJ,KDJ 金叉,None,0.0,0.5525,0.3142,,0.3142,0,1932,0.0041,22.62,22.71,22.81,22.39,2026-07-23,3,False
NMR,Financials,Capital Markets,KDJ,KDJ 金叉,None,0.0,0.5525,0.3142,,0.3142,0,1932,0.0041,9.81,9.85,9.89,9.71,2026-07-24,3,False
ORI,Financials,Insurance - Property & Casualty,KDJ,KDJ 金叉,None,0.0,0.5525,0.3142,,0.3142,0,1932,0.0041,42.29,42.46,42.64,41.87,2026-07-24,3,False
PNFP,Financials,Banks - Regional,KDJ,KDJ 金叉,None,0.0,0.5525,0.3142,,0.3142,0,1932,0.0041,102.6,103.02,103.44,101.57,2026-07-24,3,False
RYAN,Financials,Insurance - Specialty,KDJ,KDJ 金叉,None,0.0,0.5525,0.3142,,0.3142,0,1932,0.0041,43.345,43.52,43.7,42.91,2026-07-27,3,False
SAN,Financials,Banks - Diversified,KDJ,KDJ 金叉,None,0.0,0.5525,0.3142,,0.3142,0,1932,0.0041,13.54,13.6,13.65,13.4,2026-07-24,3,False
SHG,Financials,Banks - Regional,KDJ,KDJ 金叉,None,0.0,0.5525,0.3142,,0.3142,0,1932,0.0041,71.49,71.78,72.08,70.78,2026-07-24,3,False
SMFG,Financials,Banks - Diversified,KDJ,KDJ 金叉,None,0.0,0.5525,0.3142,,0.3142,0,1932,0.0041,25.91,26.02,26.12,25.65,2026-07-23,3,False
TW,Financials,Capital Markets,KDJ,KDJ 金叉,None,0.0,0.5525,0.3142,,0.3142,0,1932,0.0041,101.52,101.94,102.35,100.5,2026-07-27,3,False
WBS,Financials,Banks - Regional,KDJ,KDJ 金叉,None,0.0,0.5525,0.3142,,0.3142,0,1932,0.0041,77.04,77.36,77.67,76.27,2026-07-27,3,False
WF,Financials,Banks - Regional,KDJ,KDJ 金叉,None,0.0,0.5525,0.3142,,0.3142,0,1932,0.0041,67.7,67.98,68.26,67.02,2026-07-27,3,False
RS,Materials,Steel,KDJ,KDJ 金叉,None,0.0,0.5525,0.314,,0.314,0,637,0.0047,407.83,409.75,411.66,403.75,2026-07-24,3,False
IBM,Information Technology,Information Technology Services,RSI,RSI 加速上升,None,0.0,0.5525,0.3139,0.3139,0.3693,137,10688,0.0105,217.795,220.08,222.37,215.62,2026-07-27,3,False
BDRX,Health Care,Biotechnology,RSI,RSI 維持超賣,None,0.0,0.385,0.3138,,0.3138,0,956,0.0016,1.6498,1.65,1.66,1.63,2026-07-27,3,False
VIV,Communication Services,Telecom Services,RSI,RSI 動能加速（強勢區）,None,0.0,0.51,0.3135,,0.3135,0,772,0.0011,14.05,14.07,14.08,13.91,2026-07-24,3,False
VOD,Communication Services,Telecom Services,RSI,RSI 動能加速（強勢區）,None,0.0,0.51,0.3135,,0.3135,0,772,0.0011,15.9706,15.99,16.01,15.81,2026-07-27,3,False
CASY,Consumer Discretionary,Specialty Retail,RSI,RSI 維持強勢 (50-70),Support,0.7,1.0,0.3125,,0.3125,0,32,-0.0041,875.25,871.66,868.07,866.5,2026-07-23,3,False
VIK,Consumer Discretionary,Travel Services,RSI,RSI 維持強勢 (50-70),Support,0.9,1.0,0.3125,,0.3125,0,32,-0.0041,99.71,99.3,98.89,98.71,2026-07-23,3,False
LI,Consumer Discretionary,Auto Manufacturers,RSI,RSI 加速上升,None,0.0,0.5525,0.3117,,0.3117,0,6796,0.004,12.565,12.62,12.67,12.44,2026-07-27,3,False
MOD,Consumer Discretionary,Auto Parts,RSI,RSI 加速上升,None,0.0,0.5525,0.3117,,0.3117,0,6796,0.004,241.79,242.76,243.72,239.37,2026-07-24,3,False
DVA,Health Care,Medical Care Facilities,KDJ,KDJ 金叉,None,0.0,0.5525,0.3103,0.3103,0.2852,29,1536,0.0051,235.44,236.64,237.84,233.09,2026-07-24,3,False
TDY,Information Technology,Scientific & Technical Instruments,BB,價格在 BB 中軌上方,None,0.0,0.425,0.3092,0.3092,0.3573,262,20206,0.0067,648.72,653.07,657.41,642.23,2026-07-27,3,False
BAM,Financials,Asset Management,RSI,RSI 上穿 50 中性線,None,0.0,0.4675,0.3091,,0.3091,0,1899,0.0046,47.365,47.58,47.8,46.89,2026-07-27,3,False
FUTU,Financials,Capital Markets,RSI,RSI 上穿 50 中性線,None,0.0,0.4675,0.3091,,0.3091,0,1899,0.0046,103.8,104.28,104.75,102.76,2026-07-27,3,False
HBANM,Financials,Banks - Regional,RSI,RSI 上穿 50 中性線,None,0.0,0.4675,0.3091,,0.3091,0,1899,0.0046,20.8537,20.95,21.05,20.65,2026-07-27,3,False
PS,Financials,Asset Management,RSI,RSI 上穿 50 中性線,None,0.0,0.4675,0.3091,,0.3091,0,1899,0.0046,34.485,34.64,34.8,34.14,2026-07-27,3,False
TD,Financials,Banks - Diversified,RSI,RSI 上穿 50 中性線,None,0.0,0.4675,0.3091,,0.3091,0,1899,0.0046,119.78,120.33,120.88,118.58,2026-07-24,3,False
TPG,Financials,Asset Management,RSI,RSI 上穿 50 中性線,None,0.0,0.4675,0.3091,,0.3091,0,1899,0.0046,42.83,43.03,43.22,42.4,2026-07-24,3,False
TRU,Financials,Financial Data & Stock Exchanges,RSI,RSI 上穿 50 中性線,None,0.0,0.4675,0.3091,,0.3091,0,1899,0.0046,76.51,76.86,77.21,75.74,2026-07-24,3,False
FPS,Industrials,Electrical Equipment & Parts,RSI,RSI 超賣區域 (30),None,0.0,0.5249999999999999,0.3086,,0.3086,0,337,0.006,35.89,36.11,36.32,35.53,2026-07-24,3,False
PAC,Industrials,Airports & Air Services,RSI,RSI 超賣區域 (30),None,0.0,0.5249999999999999,0.3086,,0.3086,0,337,0.006,214.53,215.82,217.1,212.38,2026-07-27,3,False
SPCX,Industrials,Aerospace & Defense,RSI,RSI 超賣區域 (30),None,0.0,0.5249999999999999,0.3086,,0.3086,0,337,0.006,115.07,115.76,116.45,113.92,2026-07-24,3,False
NDAQ,Financials,Financial Data & Stock Exchanges,RSI,RSI 維持強勢 (50-70),None,0.0,0.51,0.3086,0.3086,0.2842,269,19108,0.0049,93.61,94.07,94.53,92.67,2026-07-27,3,False
CCZ,Communication Services,Cable & Satellite,RSI,RSI 維持強勢 (50-70),None,0.0,0.51,0.3082,,0.3082,0,5205,0.0026,65.99,66.16,66.33,65.33,2026-07-24,3,False
FWONA,Communication Services,Entertainment,RSI,RSI 維持強勢 (50-70),None,0.0,0.51,0.3082,,0.3082,0,5205,0.0026,89.88,90.11,90.35,88.98,2026-07-27,3,False
FWONK,Communication Services,Entertainment,RSI,RSI 維持強勢 (50-70),None,0.0,0.51,0.3082,,0.3082,0,5205,0.0026,97.65,97.9,98.16,96.67,2026-07-27,3,False
TIGO,Communication Services,Telecom Services,RSI,RSI 維持強勢 (50-70),None,0.0,0.51,0.3082,,0.3082,0,5205,0.0026,95.4151,95.66,95.91,94.46,2026-07-27,3,False
BROS,Consumer Discretionary,Restaurants,RSI,RSI 上穿 50 中性線,None,0.0,0.4675,0.3072,,0.3072,0,1123,0.0037,65.46,65.7,65.94,64.81,2026-07-27,3,False
ONON,Consumer Discretionary,Footwear & Accessories,RSI,RSI 上穿 50 中性線,None,0.0,0.4675,0.3072,,0.3072,0,1123,0.0037,37.155,37.29,37.43,36.78,2026-07-27,3,False
PDD,Consumer Discretionary,Internet Retail,RSI,RSI 上穿 50 中性線,None,0.0,0.4675,0.3072,,0.3072,0,1123,0.0037,84.97,85.28,85.6,84.12,2026-07-27,3,False
SE,Consumer Discretionary,Internet Retail,RSI,RSI 上穿 50 中性線,None,0.0,0.4675,0.3072,,0.3072,0,1123,0.0037,104.98,105.37,105.76,103.93,2026-07-27,3,False
TM,Consumer Discretionary,Auto Manufacturers,RSI,RSI 上穿 50 中性線,None,0.0,0.4675,0.3072,,0.3072,0,1123,0.0037,177.42,178.08,178.73,175.65,2026-07-24,3,False
CHRW,Industrials,Integrated Freight & Logistics,RSI,RSI 維持強勢 (50-70),None,0.0,0.51,0.3059,0.3059,0.2986,219,19157,0.0004,205.51,205.59,205.67,203.45,2026-07-23,3,False
CAH,Health Care,Medical Distribution,RSI,RSI 上穿 50 中性線,None,0.0,0.4675,0.3056,0.3056,0.3144,36,1323,0.0062,228.03,229.44,230.86,225.75,2026-07-24,3,False
KVUE,Consumer Staples,Household & Personal Products,RSI,RSI 維持強勢 (50-70),None,0.0,0.51,0.305,0.305,0.2452,200,7574,0.004,19.445,19.52,19.6,19.25,2026-07-27,3,False
BHP,Materials,Other Industrial Metals & Mining,RSI,RSI 加速上升,None,0.0,0.5525,0.3048,,0.3048,0,3639,0.0024,83.56,83.76,83.96,82.72,2026-07-27,3,False
FNV,Materials,Gold,RSI,RSI 加速上升,None,0.0,0.5525,0.3048,,0.3048,0,3639,0.0024,214.655,215.17,215.69,212.51,2026-07-27,3,False
GFI,Materials,Gold,RSI,RSI 加速上升,None,0.0,0.5525,0.3048,,0.3048,0,3639,0.0024,32.69,32.77,32.85,32.36,2026-07-27,3,False
HL,Materials,Other Precious Metals & Mining,RSI,RSI 加速上升,None,0.0,0.5525,0.3048,,0.3048,0,3639,0.0024,15.075,15.11,15.15,14.92,2026-07-27,3,False
KGC,Materials,Gold,RSI,RSI 加速上升,None,0.0,0.5525,0.3048,,0.3048,0,3639,0.0024,23.9005,23.96,24.02,23.66,2026-07-27,3,False
PAAS,Materials,Gold,RSI,RSI 加速上升,None,0.0,0.5525,0.3048,,0.3048,0,3639,0.0024,44.11,44.22,44.32,43.67,2026-07-27,3,False
PKX,Materials,Steel,RSI,RSI 加速上升,None,0.0,0.5525,0.3048,,0.3048,0,3639,0.0024,53.13,53.26,53.39,52.6,2026-07-27,3,False
RIO,Materials,Other Industrial Metals & Mining,RSI,RSI 加速上升,None,0.0,0.5525,0.3048,,0.3048,0,3639,0.0024,91.6,91.82,92.04,90.68,2026-07-27,3,False
VALE,Materials,Other Industrial Metals & Mining,RSI,RSI 加速上升,None,0.0,0.5525,0.3048,,0.3048,0,3639,0.0024,14.725,14.76,14.8,14.58,2026-07-27,3,False
ECL,Materials,Specialty Chemicals,RSI,RSI 上穿 50 中性線,None,0.0,0.4675,0.3043,0.3043,0.3294,23,595,0.0068,270.81,272.65,274.49,268.1,2026-07-27,3,False
CW,Industrials,Aerospace & Defense,RSI,RSI 上穿 50 中性線,None,0.0,0.4675,0.304,,0.304,0,1816,0.0018,750.03,751.38,752.73,742.53,2026-07-23,3,False
FDXF,Industrials,Integrated Freight & Logistics,RSI,RSI 上穿 50 中性線,None,0.0,0.4675,0.304,,0.304,0,1816,0.0018,154.79,155.07,155.35,153.24,2026-07-23,3,False
RELX,Industrials,Specialty Business Services,RSI,RSI 上穿 50 中性線,None,0.0,0.4675,0.304,,0.304,0,1816,0.0018,32.86,32.92,32.98,32.53,2026-07-23,3,False
CRSP,Health Care,Biotechnology,KDJ,KDJ 超賣區金叉,None,0.0,0.5599999999999999,0.3027,,0.3027,0,370,0.0035,47.645,47.81,47.98,47.17,2026-07-27,3,False
RDY,Health Care,Drug Manufacturers - Specialty & Generic,KDJ,KDJ 超賣區金叉,None,0.0,0.5599999999999999,0.3027,,0.3027,0,370,0.0035,11.717,11.76,11.8,11.6,2026-07-23,3,False
BURL,Consumer Discretionary,Apparel Retail,RSI,RSI 動能加速（強勢區）,None,0.0,0.51,0.3027,,0.3027,0,1665,0.0035,349.97,351.19,352.42,346.47,2026-07-24,3,False
JD,Consumer Discretionary,Internet Retail,RSI,RSI 動能加速（強勢區）,None,0.0,0.51,0.3027,,0.3027,0,1665,0.0035,30.735,30.84,30.95,30.43,2026-07-27,3,False
MELI,Consumer Discretionary,Internet Retail,RSI,RSI 動能加速（強勢區）,None,0.0,0.51,0.3027,,0.3027,0,1665,0.0035,1848.66,1855.13,1861.6,1830.17,2026-07-27,3,False
PLD,Real Estate,REIT - Industrial,BB,價格在 BB 中軌上方,None,0.0,0.425,0.3026,0.3026,0.248,228,8032,0.0074,146.82,147.91,148.99,145.35,2026-07-27,3,False
QNT,Information Technology,Software - Application,KDJ,KDJ 超賣區金叉,None,0.0,0.5599999999999999,0.3016,,0.3016,0,368,-0.0,56.46,56.46,56.46,55.9,2026-07-23,3,False
BBDO,Financials,Banks - Regional,RSI,RSI 加速上升,None,0.0,0.5525,0.3014,,0.3014,0,11488,0.0041,3.21,3.22,3.24,3.18,2026-07-24,3,False
BNT,Financials,Insurance - Diversified,RSI,RSI 加速上升,None,0.0,0.5525,0.3014,,0.3014,0,11488,0.0041,42.98,43.16,43.33,42.55,2026-07-27,3,False
BSAC,Financials,Banks - Regional,RSI,RSI 加速上升,None,0.0,0.5525,0.3014,,0.3014,0,11488,0.0041,34.4,34.54,34.68,34.06,2026-07-27,3,False
CIB,Financials,Banks - Regional,RSI,RSI 加速上升,None,0.0,0.5525,0.3014,,0.3014,0,11488,0.0041,86.2,86.55,86.91,85.34,2026-07-27,3,False
CRCL,Financials,Capital Markets,RSI,RSI 加速上升,None,0.0,0.5525,0.3014,,0.3014,0,11488,0.0041,62.36,62.62,62.87,61.74,2026-07-24,3,False
GLXY,Financials,Capital Markets,RSI,RSI 加速上升,None,0.0,0.5525,0.3014,,0.3014,0,11488,0.0041,22.68,22.77,22.87,22.45,2026-07-24,3,False
HUT,Financials,Capital Markets,RSI,RSI 加速上升,None,0.0,0.5525,0.3014,,0.3014,0,11488,0.0041,109.99,110.44,110.89,108.89,2026-07-24,3,False
IREN,Financials,Capital Markets,RSI,RSI 加速上升,None,0.0,0.5525,0.3014,,0.3014,0,11488,0.0041,37.07,37.22,37.37,36.7,2026-07-24,3,False
IX,Financials,Financial Conglomerates,RSI,RSI 加速上升,None,0.0,0.5525,0.3014,,0.3014,0,11488,0.0041,40.43,40.6,40.76,40.03,2026-07-27,3,False
LYG,Financials,Banks - Regional,RSI,RSI 加速上升,None,0.0,0.5525,0.3014,,0.3014,0,11488,0.0041,6.115,6.14,6.17,6.05,2026-07-27,3,False
MFG,Financials,Banks - Regional,RSI,RSI 加速上升,None,0.0,0.5525,0.3014,,0.3014,0,11488,0.0041,10.54,10.58,10.63,10.43,2026-07-27,3,False
PUK,Financials,Insurance - Life,RSI,RSI 加速上升,None,0.0,0.5525,0.3014,,0.3014,0,11488,0.0041,29.6299,29.75,29.87,29.33,2026-07-27,3,False
RIOT,Financials,Capital Markets,RSI,RSI 加速上升,None,0.0,0.5525,0.3014,,0.3014,0,11488,0.0041,21.655,21.74,21.83,21.44,2026-07-27,3,False
SF,Financials,Capital Markets,RSI,RSI 加速上升,None,0.0,0.5525,0.3014,,0.3014,0,11488,0.0041,82.39,82.73,83.07,81.57,2026-07-27,3,False
VLYPN,Financials,Banks - Regional,RSI,RSI 加速上升,None,0.0,0.5525,0.3014,,0.3014,0,11488,0.0041,25.75,25.86,25.96,25.49,2026-07-24,3,False
COP,Energy,Oil & Gas E&P,RSI,RSI 加速上升,None,0.0,0.5525,0.3011,0.3011,0.3227,176,3306,-0.0002,120.26,120.24,120.21,119.06,2026-07-24,3,False
KEYS,Information Technology,Scientific & Technical Instruments,RSI,RSI 加速上升,None,0.0,0.5525,0.3008,0.3008,0.3693,133,10688,0.0093,325.13,328.15,331.18,321.88,2026-07-23,3,False
CHT,Communication Services,Telecom Services,BB,價格在 BB 中軌上方,None,0.0,0.425,0.3007,,0.3007,0,6080,0.0027,42.75,42.87,42.98,42.32,2026-07-24,3,False
CSX,Industrials,Railroads,BB,價格在 BB 中軌上方,None,0.0,0.425,0.3006,0.3006,0.295,336,22337,0.0054,52.225,52.51,52.79,51.7,2026-07-27,3,False
AXIA,Utilities,Utilities - Renewable,KDJ,KDJ 金叉,None,0.0,0.5525,0.3001,,0.3001,0,713,0.0052,10.055,10.11,10.16,9.95,2026-07-27,3,False
EMA,Utilities,Utilities - Regulated Electric,KDJ,KDJ 金叉,None,0.0,0.5525,0.3001,,0.3001,0,713,0.0052,54.95,55.24,55.52,54.4,2026-07-24,3,False
FTS,Utilities,Utilities - Regulated Electric,KDJ,KDJ 金叉,None,0.0,0.5525,0.3001,,0.3001,0,713,0.0052,58.84,59.15,59.45,58.25,2026-07-24,3,False
PPLC,Utilities,Utilities - Regulated Electric,KDJ,KDJ 金叉,None,0.0,0.5525,0.3001,,0.3001,0,713,0.0052,48.69,48.94,49.2,48.2,2026-07-23,3,False
CSCO,Information Technology,Communication Equipment,KDJ,KDJ 金叉,None,0.0,0.5525,0.3,0.3,0.3918,30,1955,0.0041,112.76,113.22,113.68,111.63,2026-07-23,3,False
EQR,Real Estate,REIT - Residential,BB,BB 中軌向上（上升趨勢）,None,0.0,0.51,0.3,0.3,0.3037,10,270,0.0064,68.28,68.72,69.15,67.6,2026-07-23,3,True
KHC,Consumer Staples,Packaged Foods,RSI,RSI 動能加速（強勢區）,None,0.0,0.51,0.3,0.3,0.2456,20,1148,-0.0052,26.1124,25.98,25.84,25.85,2026-07-27,3,False
FOX,Communication Services,Entertainment,RSI,RSI 上穿 50 中性線,None,0.0,0.4675,0.3,0.3,0.3243,20,518,0.0036,51.3,51.48,51.67,50.79,2026-07-27,3,False
AR,Energy,Oil & Gas E&P,BB,價格在 BB 中軌上方,None,0.0,0.425,0.2998,,0.2998,0,5768,-0.0016,34.265,34.21,34.16,33.92,2026-07-27,3,False
DINO,Energy,Oil & Gas Refining & Marketing,BB,價格在 BB 中軌上方,None,0.0,0.425,0.2998,,0.2998,0,5768,-0.0016,88.19,88.05,87.91,87.31,2026-07-27,3,False
EC,Energy,Oil & Gas Integrated,BB,價格在 BB 中軌上方,None,0.0,0.425,0.2998,,0.2998,0,5768,-0.0016,15.89,15.86,15.84,15.73,2026-07-27,3,False
EPD,Energy,Oil & Gas Midstream,BB,價格在 BB 中軌上方,None,0.0,0.425,0.2998,,0.2998,0,5768,-0.0016,38.175,38.11,38.05,37.79,2026-07-27,3,False
PBA,Energy,Oil & Gas Midstream,BB,價格在 BB 中軌上方,None,0.0,0.425,0.2998,,0.2998,0,5768,-0.0016,50.345,50.26,50.18,49.84,2026-07-27,3,False
SUN,Energy,Oil & Gas Refining & Marketing,BB,價格在 BB 中軌上方,None,0.0,0.425,0.2998,,0.2998,0,5768,-0.0016,74.32,74.2,74.08,73.58,2026-07-27,3,False
YPF,Energy,Oil & Gas Integrated,BB,價格在 BB 中軌上方,None,0.0,0.425,0.2998,,0.2998,0,5768,-0.0016,50.595,50.51,50.43,50.09,2026-07-27,3,False
BABA,Consumer Discretionary,Internet Retail,RSI,RSI 維持強勢 (50-70),None,0.0,0.51,0.2995,,0.2995,0,10441,0.0032,114.25,114.62,114.98,113.11,2026-07-27,3,False
FIVE,Consumer Discretionary,Specialty Retail,RSI,RSI 維持強勢 (50-70),None,0.0,0.51,0.2995,,0.2995,0,10441,0.0032,206.175,206.83,207.49,204.11,2026-07-27,3,False
MGA,Consumer Discretionary,Auto Parts,RSI,RSI 維持強勢 (50-70),None,0.0,0.51,0.2995,,0.2995,0,10441,0.0032,66.15,66.36,66.57,65.49,2026-07-27,3,False
DLR,Real Estate,REIT - Specialty,RSI,RSI 維持強勢 (50-70),None,0.0,0.51,0.299,0.299,0.2509,301,7011,0.0013,193.5,193.75,194.0,191.56,2026-07-27,3,False
PSX,Energy,Oil & Gas Refining & Marketing,RSI,RSI 維持強勢 (50-70),None,0.0,0.51,0.2987,0.2987,0.2963,231,4891,0.0022,205.69,206.14,206.6,203.63,2026-07-27,3,False
AEIS,Industrials,Electrical Equipment & Parts,RSI,RSI 維持強勢 (50-70),None,0.0,0.51,0.2986,,0.2986,0,19157,0.0036,315.14,316.27,317.41,311.99,2026-07-23,3,False
AIT,Industrials,Industrial Distribution,RSI,RSI 維持強勢 (50-70),None,0.0,0.51,0.2986,,0.2986,0,19157,0.0036,348.09,349.34,350.6,344.61,2026-07-27,3,False
ARXS,Industrials,Aerospace & Defense,RSI,RSI 維持強勢 (50-70),None,0.0,0.51,0.2986,,0.2986,0,19157,0.0036,42.59,42.74,42.9,42.16,2026-07-27,3,False
ATI,Industrials,Metal Fabrication,RSI,RSI 維持強勢 (50-70),None,0.0,0.51,0.2986,,0.2986,0,19157,0.0036,190.355,191.04,191.73,188.45,2026-07-27,3,False
CLH,Industrials,Waste Management,RSI,RSI 維持強勢 (50-70),None,0.0,0.51,0.2986,,0.2986,0,19157,0.0036,303.39,304.48,305.57,300.36,2026-07-27,3,False
CP,Industrials,Railroads,RSI,RSI 維持強勢 (50-70),None,0.0,0.51,0.2986,,0.2986,0,19157,0.0036,91.85,92.18,92.51,90.93,2026-07-27,3,False
CR,Industrials,Specialty Industrial Machinery,RSI,RSI 維持強勢 (50-70),None,0.0,0.51,0.2986,,0.2986,0,19157,0.0036,225.23,226.04,226.85,222.98,2026-07-27,3,False
CRS,Industrials,Metal Fabrication,RSI,RSI 維持強勢 (50-70),None,0.0,0.51,0.2986,,0.2986,0,19157,0.0036,579.11,581.19,583.28,573.32,2026-07-27,3,False
DCI,Industrials,Specialty Industrial Machinery,RSI,RSI 維持強勢 (50-70),None,0.0,0.51,0.2986,,0.2986,0,19157,0.0036,93.24,93.58,93.91,92.31,2026-07-27,3,False
DRS,Industrials,Aerospace & Defense,RSI,RSI 維持強勢 (50-70),None,0.0,0.51,0.2986,,0.2986,0,19157,0.0036,48.76,48.94,49.11,48.27,2026-07-27,3,False
ESLT,Industrials,Aerospace & Defense,RSI,RSI 維持強勢 (50-70),None,0.0,0.51,0.2986,,0.2986,0,19157,0.0036,807.375,810.28,813.19,799.3,2026-07-27,3,False
GPN,Industrials,Specialty Business Services,RSI,RSI 維持強勢 (50-70),None,0.0,0.51,0.2986,,0.2986,0,19157,0.0036,80.92,81.21,81.5,80.11,2026-07-24,3,False
IESC,Industrials,Engineering & Construction,RSI,RSI 維持強勢 (50-70),None,0.0,0.51,0.2986,,0.2986,0,19157,0.0036,663.7,666.09,668.48,657.06,2026-07-23,3,False
R,Industrials,Rental & Leasing Services,RSI,RSI 維持強勢 (50-70),None,0.0,0.51,0.2986,,0.2986,0,19157,0.0036,267.68,268.64,269.61,265.0,2026-07-24,3,False
RRX,Industrials,Specialty Industrial Machinery,RSI,RSI 維持強勢 (50-70),None,0.0,0.51,0.2986,,0.2986,0,19157,0.0036,214.03,214.8,215.57,211.89,2026-07-23,3,False
TFII,Industrials,Trucking,RSI,RSI 維持強勢 (50-70),None,0.0,0.51,0.2986,,0.2986,0,19157,0.0036,150.43,150.97,151.51,148.93,2026-07-24,3,False
WCN,Industrials,Waste Management,RSI,RSI 維持強勢 (50-70),None,0.0,0.51,0.2986,,0.2986,0,19157,0.0036,170.83,171.44,172.06,169.12,2026-07-27,3,False
XPO,Industrials,Trucking,RSI,RSI 維持強勢 (50-70),None,0.0,0.51,0.2986,,0.2986,0,19157,0.0036,206.725,207.47,208.21,204.66,2026-07-27,3,False
AUR,Consumer Discretionary,Auto Parts,BB,價格在 BB 中軌上方,None,0.0,0.425,0.2984,,0.2984,0,12430,0.0031,6.075,6.09,6.11,6.01,2026-07-27,3,False
STLA,Consumer Discretionary,Auto Manufacturers,BB,價格在 BB 中軌上方,None,0.0,0.425,0.2984,,0.2984,0,12430,0.0031,5.75,5.77,5.79,5.69,2026-07-23,3,False
VMI,Industrials,Conglomerates,RSI,RSI 維持超賣,None,0.0,0.385,0.2983,,0.2983,0,848,0.0072,486.16,489.66,493.16,481.3,2026-07-24,3,False
PYPL,Financials,Credit Services,BB,BB 中軌向上（上升趨勢）,Support,0.9,1.0,0.2982,,0.2982,0,57,0.0011,56.0,56.06,56.12,55.44,2026-07-23,3,False
BE,Industrials,Electrical Equipment & Parts,RSI,RSI 加速上升,None,0.0,0.5525,0.2981,,0.2981,0,11545,0.003,217.3,217.95,218.6,215.13,2026-07-23,3,False
BWXT,Industrials,Aerospace & Defense,RSI,RSI 加速上升,None,0.0,0.5525,0.2981,,0.2981,0,11545,0.003,176.125,176.65,177.18,174.36,2026-07-27,3,False
INIO,Industrials,Specialty Industrial Machinery,RSI,RSI 加速上升,None,0.0,0.5525,0.2981,,0.2981,0,11545,0.003,27.99,28.07,28.16,27.71,2026-07-23,3,False
MAIR,Industrials,Building Products & Equipment,RSI,RSI 加速上升,None,0.0,0.5525,0.2981,,0.2981,0,11545,0.003,36.27,36.38,36.49,35.91,2026-07-23,3,False
MTZ,Industrials,Engineering & Construction,RSI,RSI 加速上升,None,0.0,0.5525,0.2981,,0.2981,0,11545,0.003,358.86,359.94,361.01,355.27,2026-07-23,3,False
RBC,Industrials,Tools & Accessories,RSI,RSI 加速上升,None,0.0,0.5525,0.2981,,0.2981,0,11545,0.003,585.31,587.07,588.82,579.46,2026-07-27,3,False
PCAR,Industrials,Farm & Heavy Construction Machinery,BB,價格在 BB 中軌上方,None,0.0,0.425,0.2978,0.2978,0.295,272,22337,0.0025,132.73,133.06,133.39,131.4,2026-07-27,3,False
CART,Consumer Discretionary,Internet Retail,BB,BB 跌破下軌 (超賣),None,0.0,0.45499999999999996,0.2974,,0.2974,0,733,0.0008,42.21,42.24,42.28,41.79,2026-07-24,3,False
NIO,Consumer Discretionary,Auto Manufacturers,BB,BB 跌破下軌 (超賣),None,0.0,0.45499999999999996,0.2974,,0.2974,0,733,0.0008,4.49,4.49,4.5,4.45,2026-07-24,3,False
MTD,Health Care,Diagnostics & Research,KDJ,KDJ 金叉,None,0.0,0.5525,0.2963,0.2963,0.2852,27,1536,0.0074,1331.87,1341.73,1351.58,1318.55,2026-07-23,3,False
AAON,Industrials,Building Products & Equipment,BB,價格在 BB 中軌上方,None,0.0,0.425,0.295,,0.295,0,22337,0.0034,107.68,108.05,108.41,106.6,2026-07-23,3,False
MLI,Industrials,Metal Fabrication,BB,價格在 BB 中軌上方,None,0.0,0.425,0.295,,0.295,0,22337,0.0034,64.315,64.53,64.75,63.67,2026-07-27,3,False
SAIA,Industrials,Trucking,BB,價格在 BB 中軌上方,None,0.0,0.425,0.295,,0.295,0,22337,0.0034,426.55,428.0,429.45,422.28,2026-07-23,3,False
FFIV,Information Technology,Software - Infrastructure,BB,BB 中軌向上（上升趨勢）,None,0.0,0.51,0.2944,0.2944,0.3639,248,16781,0.0052,392.21,394.25,396.29,388.29,2026-07-24,3,False
TGT,Consumer Staples,Discount Stores,RSI,RSI 動能加速（強勢區）,None,0.0,0.51,0.2941,0.2941,0.2456,34,1148,-0.0025,139.81,139.46,139.11,138.41,2026-07-27,3,False
ERIE,Financials,Insurance Brokers,RSI,RSI 上穿 50 中性線,None,0.0,0.4675,0.2941,0.2941,0.3091,34,1899,-0.0072,229.85,228.2,226.54,227.55,2026-07-27,3,False
SYM,Industrials,Specialty Industrial Machinery,BB,BB 中軌向上（上升趨勢）,None,0.0,0.51,0.2929,,0.2929,0,17460,0.0036,40.9,41.05,41.19,40.49,2026-07-27,3,False
MCK,Health Care,Medical Distribution,KDJ,KDJ 金叉,None,0.0,0.5525,0.2927,0.2927,0.2852,41,1536,0.002,853.53,855.24,856.94,844.99,2026-07-27,3,False
ROST,Consumer Discretionary,Apparel Retail,RSI,RSI 動能加速（強勢區）,None,0.0,0.51,0.2927,0.2927,0.3027,41,1665,0.0072,238.89,240.61,242.33,236.5,2026-07-24,3,False
BKNG,Consumer Discretionary,Travel Services,RSI,RSI 上穿 50 中性線,None,0.0,0.4675,0.2917,0.2917,0.3072,24,1123,-0.0106,177.46,175.58,173.7,175.69,2026-07-24,3,False
NWS,Communication Services,Entertainment,RSI,RSI 上穿 50 中性線,None,0.0,0.4675,0.2917,0.2917,0.3243,24,518,-0.0005,30.87,30.85,30.84,30.56,2026-07-27,3,False
RIVN,Consumer Discretionary,Auto Manufacturers,BB,BB 中軌向上（上升趨勢）,None,0.0,0.51,0.2908,,0.2908,0,9757,0.002,16.62,16.65,16.69,16.45,2026-07-27,3,False
ADBE,Information Technology,Software - Application,BB,BB 中軌向上（上升趨勢）,None,0.0,0.51,0.2903,0.2903,0.3639,186,16781,-0.0083,236.165,234.2,232.24,233.8,2026-07-27,3,False
AKAM,Information Technology,Software - Infrastructure,BB,價格在 BB 中軌上方,None,0.0,0.425,0.2892,0.2892,0.3573,249,20206,-0.0001,115.37,115.36,115.35,114.22,2026-07-24,3,False
BMY,Health Care,Drug Manufacturers - General,RSI,RSI 維持強勢 (50-70),None,0.0,0.51,0.2879,0.2879,0.2772,198,12123,-0.0008,63.085,63.03,62.98,62.45,2026-07-27,3,False
ABBV,Health Care,Drug Manufacturers - General,BB,BB 中軌向上（上升趨勢）,None,0.0,0.51,0.2876,0.2876,0.2705,226,10885,0.006,260.575,262.14,263.7,257.97,2026-07-27,3,False
ES,Utilities,Utilities - Regulated Electric,BB,價格在 BB 中軌上方,None,0.0,0.425,0.2873,0.2873,0.246,268,9864,0.0035,75.27,75.53,75.8,74.52,2026-07-27,3,False
BBY,Consumer Discretionary,Specialty Retail,RSI,RSI 維持強勢 (50-70),None,0.0,0.51,0.2865,0.2865,0.2995,178,10441,-0.0045,87.305,86.91,86.52,86.43,2026-07-27,3,False
B,Materials,Gold,RSI,RSI 維持強勢 (50-70),None,0.0,0.51,0.286,,0.286,0,5721,0.0013,37.267,37.32,37.36,36.89,2026-07-27,3,False
MT,Materials,Steel,RSI,RSI 維持強勢 (50-70),None,0.0,0.51,0.286,,0.286,0,5721,0.0013,66.855,66.94,67.03,66.19,2026-07-27,3,False
NTR,Materials,Agricultural Inputs,RSI,RSI 維持強勢 (50-70),None,0.0,0.51,0.286,,0.286,0,5721,0.0013,67.115,67.2,67.29,66.44,2026-07-27,3,False
SCCO,Materials,Copper,RSI,RSI 維持強勢 (50-70),None,0.0,0.51,0.286,,0.286,0,5721,0.0013,182.22,182.46,182.69,180.4,2026-07-23,3,False
AEM,Materials,Gold,BB,價格在 BB 中軌上方,None,0.0,0.425,0.2859,,0.2859,0,6697,0.0007,146.79,146.89,147.0,145.32,2026-07-27,3,False
AGI,Materials,Gold,BB,價格在 BB 中軌上方,None,0.0,0.425,0.2859,,0.2859,0,6697,0.0007,29.84,29.86,29.88,29.54,2026-07-27,3,False
CHD,Consumer Staples,Household & Personal Products,MACD,MACD 金叉 (多頭區),None,0.0,0.68,0.2857,0.2857,0.2554,7,184,0.0085,99.03,99.87,100.71,98.04,2026-07-27,3,False
OXY,Energy,Oil & Gas E&P,RSI,RSI 加速上升,None,0.0,0.5525,0.2857,0.2857,0.3227,154,3306,-0.0042,57.3,57.06,56.82,56.73,2026-07-24,3,False
MSFT,Information Technology,Software - Infrastructure,BB,BB 中軌向上（上升趨勢）,None,0.0,0.51,0.2857,0.2857,0.3639,217,16781,0.003,389.775,390.94,392.11,385.88,2026-07-27,3,False
LNT,Utilities,Utilities - Regulated Electric,RSI,RSI 上穿 50 中性線,None,0.0,0.4675,0.2857,0.2857,0.2521,28,932,0.0082,74.94,75.55,76.17,74.19,2026-07-24,3,False
TSCO,Consumer Discretionary,Specialty Retail,RSI,RSI 上穿 50 中性線,None,0.0,0.4675,0.2857,0.2857,0.3072,21,1123,0.0029,31.02,31.11,31.2,30.71,2026-07-24,3,False
CSGP,Real Estate,Real Estate Services,BB,BB 跌破下軌 (超賣),None,0.0,0.45499999999999996,0.2857,0.2857,0.25,21,564,-0.0036,27.14,27.04,26.94,26.87,2026-07-23,3,False
AMZN,Consumer Discretionary,Internet Retail,BB,價格在 BB 中軌上方,None,0.0,0.425,0.2857,0.2857,0.2984,280,12430,0.0024,233.36,233.92,234.48,231.03,2026-07-27,3,False
ARGX,Health Care,Biotechnology,KDJ,KDJ 金叉,None,0.0,0.5525,0.2852,,0.2852,0,1536,0.0022,924.6,926.63,928.67,915.35,2026-07-23,3,False
ARWR,Health Care,Biotechnology,KDJ,KDJ 金叉,None,0.0,0.5525,0.2852,,0.2852,0,1536,0.0022,86.78,86.97,87.16,85.91,2026-07-23,3,False
AXSM,Health Care,Biotechnology,KDJ,KDJ 金叉,None,0.0,0.5525,0.2852,,0.2852,0,1536,0.0022,241.53,242.06,242.59,239.11,2026-07-23,3,False
BBIO,Health Care,Biotechnology,KDJ,KDJ 金叉,None,0.0,0.5525,0.2852,,0.2852,0,1536,0.0022,82.93,83.11,83.29,82.1,2026-07-23,3,False
BMRN,Health Care,Biotechnology,KDJ,KDJ 金叉,None,0.0,0.5525,0.2852,,0.2852,0,1536,0.0022,60.6,60.73,60.87,59.99,2026-07-27,3,False
BTSG,Health Care,Health Information Services,KDJ,KDJ 金叉,None,0.0,0.5525,0.2852,,0.2852,0,1536,0.0022,72.91,73.07,73.23,72.18,2026-07-24,3,False
EHC,Health Care,Medical Care Facilities,KDJ,KDJ 金叉,None,0.0,0.5525,0.2852,,0.2852,0,1536,0.0022,114.63,114.88,115.13,113.48,2026-07-27,3,False
EXEL,Health Care,Biotechnology,KDJ,KDJ 金叉,None,0.0,0.5525,0.2852,,0.2852,0,1536,0.0022,56.315,56.44,56.56,55.75,2026-07-27,3,False
GMAB,Health Care,Biotechnology,KDJ,KDJ 金叉,None,0.0,0.5525,0.2852,,0.2852,0,1536,0.0022,29.17,29.23,29.3,28.88,2026-07-23,3,False
KRYS,Health Care,Biotechnology,KDJ,KDJ 金叉,None,0.0,0.5525,0.2852,,0.2852,0,1536,0.0022,338.6,339.34,340.09,335.21,2026-07-27,3,False
MDGL,Health Care,Biotechnology,KDJ,KDJ 金叉,None,0.0,0.5525,0.2852,,0.2852,0,1536,0.0022,544.51,545.71,546.91,539.06,2026-07-24,3,False
NBIX,Health Care,Drug Manufacturers - Specialty & Generic,KDJ,KDJ 金叉,None,0.0,0.5525,0.2852,,0.2852,0,1536,0.0022,175.77,176.16,176.54,174.01,2026-07-24,3,False
ROIV,Health Care,Biotechnology,KDJ,KDJ 金叉,None,0.0,0.5525,0.2852,,0.2852,0,1536,0.0022,35.1,35.18,35.25,34.75,2026-07-23,3,False
RVMD,Health Care,Biotechnology,KDJ,KDJ 金叉,None,0.0,0.5525,0.2852,,0.2852,0,1536,0.0022,188.75,189.17,189.58,186.86,2026-07-23,3,False
UTHR,Health Care,Drug Manufacturers - Specialty & Generic,KDJ,KDJ 金叉,None,0.0,0.5525,0.2852,,0.2852,0,1536,0.0022,529.53,530.69,531.86,524.23,2026-07-23,3,False
IEX,Industrials,Specialty Industrial Machinery,BB,價格在 BB 中軌上方,None,0.0,0.425,0.2852,0.2852,0.295,277,22337,0.0019,223.27,223.69,224.12,221.04,2026-07-24,3,False
AEG,Financials,Insurance - Diversified,BB,價格在 BB 中軌上方,None,0.0,0.425,0.2847,,0.2847,0,21689,0.0031,9.2198,9.25,9.28,9.13,2026-07-27,3,False
ALLY,Financials,Credit Services,BB,價格在 BB 中軌上方,None,0.0,0.425,0.2847,,0.2847,0,21689,0.0031,43.81,43.95,44.08,43.37,2026-07-27,3,False
ARCC,Financials,Asset Management,BB,價格在 BB 中軌上方,None,0.0,0.425,0.2847,,0.2847,0,21689,0.0031,18.985,19.04,19.1,18.8,2026-07-27,3,False
BBD,Financials,Banks - Regional,BB,價格在 BB 中軌上方,None,0.0,0.425,0.2847,,0.2847,0,21689,0.0031,3.645,3.66,3.67,3.61,2026-07-27,3,False
BNY,Financials,Banks - Diversified,BB,價格在 BB 中軌上方,None,0.0,0.425,0.2847,,0.2847,0,21689,0.0031,157.84,158.33,158.82,156.26,2026-07-27,3,False
BPYPM,Financials,Asset Management,BB,價格在 BB 中軌上方,None,0.0,0.425,0.2847,,0.2847,0,21689,0.0031,15.91,15.96,16.01,15.75,2026-07-24,3,False
CM,Financials,Banks - Diversified,BB,價格在 BB 中軌上方,None,0.0,0.425,0.2847,,0.2847,0,21689,0.0031,118.115,118.48,118.85,116.93,2026-07-27,3,False
EQH,Financials,Asset Management,BB,價格在 BB 中軌上方,None,0.0,0.425,0.2847,,0.2847,0,21689,0.0031,48.63,48.78,48.93,48.14,2026-07-27,3,False
FHN,Financials,Banks - Regional,BB,價格在 BB 中軌上方,None,0.0,0.425,0.2847,,0.2847,0,21689,0.0031,25.675,25.75,25.83,25.42,2026-07-27,3,False
HBANL,Financials,Banks - Regional,BB,價格在 BB 中軌上方,None,0.0,0.425,0.2847,,0.2847,0,21689,0.0031,24.98,25.06,25.13,24.73,2026-07-27,3,False
HBANZ,Financials,Banks - Regional,BB,價格在 BB 中軌上方,None,0.0,0.425,0.2847,,0.2847,0,21689,0.0031,19.8554,19.92,19.98,19.66,2026-07-27,3,False
HSBC,Financials,Banks - Diversified,BB,價格在 BB 中軌上方,None,0.0,0.425,0.2847,,0.2847,0,21689,0.0031,103.4,103.72,104.04,102.37,2026-07-24,3,False
ITUB,Financials,Banks - Regional,BB,價格在 BB 中軌上方,None,0.0,0.425,0.2847,,0.2847,0,21689,0.0031,8.3601,8.39,8.41,8.28,2026-07-27,3,False
KB,Financials,Banks - Regional,BB,價格在 BB 中軌上方,None,0.0,0.425,0.2847,,0.2847,0,21689,0.0031,117.94,118.31,118.67,116.76,2026-07-27,3,False
LPLA,Financials,Capital Markets,BB,價格在 BB 中軌上方,None,0.0,0.425,0.2847,,0.2847,0,21689,0.0031,331.2,332.23,333.25,327.89,2026-07-27,3,False
MFC,Financials,Insurance - Life,BB,價格在 BB 中軌上方,None,0.0,0.425,0.2847,,0.2847,0,21689,0.0031,43.67,43.81,43.94,43.23,2026-07-24,3,False
MKL,Financials,Insurance - Property & Casualty,BB,價格在 BB 中軌上方,None,0.0,0.425,0.2847,,0.2847,0,21689,0.0031,1994.7,2000.88,2007.07,1974.75,2026-07-24,3,False
NU,Financials,Banks - Regional,BB,價格在 BB 中軌上方,None,0.0,0.425,0.2847,,0.2847,0,21689,0.0031,14.09,14.13,14.18,13.95,2026-07-24,3,False
SLF,Financials,Insurance - Diversified,BB,價格在 BB 中軌上方,None,0.0,0.425,0.2847,,0.2847,0,21689,0.0031,82.25,82.5,82.76,81.43,2026-07-24,3,False
UBS,Financials,Banks - Diversified,BB,價格在 BB 中軌上方,None,0.0,0.425,0.2847,,0.2847,0,21689,0.0031,52.36,52.52,52.68,51.84,2026-07-27,3,False
VLYPO,Financials,Banks - Regional,BB,價格在 BB 中軌上方,None,0.0,0.425,0.2847,,0.2847,0,21689,0.0031,24.94,25.02,25.09,24.69,2026-07-24,3,False
WULF,Financials,Capital Markets,BB,價格在 BB 中軌上方,None,0.0,0.425,0.2847,,0.2847,0,21689,0.0031,17.95,18.01,18.06,17.77,2026-07-27,3,False
ZION,Financials,Banks - Regional,BB,價格在 BB 中軌上方,None,0.0,0.425,0.2847,,0.2847,0,21689,0.0031,69.81,70.03,70.24,69.11,2026-07-27,3,False
BAP,Financials,Banks - Regional,RSI,RSI 維持強勢 (50-70),None,0.0,0.51,0.2842,,0.2842,0,19108,0.003,386.38,387.54,388.7,382.52,2026-07-27,3,False
PM,Consumer Staples,Tobacco,RSI,RSI 維持強勢 (50-70),None,0.0,0.51,0.284,0.284,0.2452,250,7574,0.002,194.12,194.51,194.9,192.18,2026-07-27,3,False
GEV,Industrials,Specialty Industrial Machinery,BB,BB 跌破下軌 (超賣),None,0.0,0.45499999999999996,0.2838,,0.2838,0,1258,0.0043,962.0,966.14,970.27,952.38,2026-07-27,3,False
RYAAY,Industrials,Airlines,BB,BB 跌破下軌 (超賣),None,0.0,0.45499999999999996,0.2838,,0.2838,0,1258,0.0043,56.35,56.59,56.83,55.79,2026-07-23,3,False
ICE,Financials,Financial Data & Stock Exchanges,RSI,RSI 動能加速（強勢區）,None,0.0,0.51,0.2826,0.2826,0.279,46,3129,0.0064,145.79,146.72,147.66,144.33,2026-07-24,3,False
O,Real Estate,REIT - Retail,RSI,RSI 動能加速（強勢區）,None,0.0,0.51,0.2826,0.2826,0.2452,46,1093,0.0085,65.6,66.16,66.72,64.94,2026-07-24,3,False
DIS,Communication Services,Entertainment,BB,價格在 BB 中軌上方,None,0.0,0.425,0.2824,0.2824,0.3007,255,6080,0.0062,96.7401,97.34,97.94,95.77,2026-07-27,3,False
WFC,Financials,Banks - Diversified,RSI,RSI 維持強勢 (50-70),None,0.0,0.51,0.2819,0.2819,0.2842,259,19108,-0.0017,87.72,87.57,87.42,86.84,2026-07-27,3,False
AGNCL,Real Estate,REIT - Mortgage,KDJ,KDJ 金叉,None,0.0,0.5525,0.2818,,0.2818,0,550,0.0003,24.88,24.89,24.89,24.63,2026-07-27,3,False
BPYPN,Real Estate,Real Estate Services,KDJ,KDJ 金叉,None,0.0,0.5525,0.2818,,0.2818,0,550,0.0003,13.91,13.91,13.92,13.77,2026-07-27,3,False
GLPI,Real Estate,REIT - Specialty,KDJ,KDJ 金叉,None,0.0,0.5525,0.2818,,0.2818,0,550,0.0003,45.17,45.18,45.2,44.72,2026-07-24,3,False
JLL,Real Estate,Real Estate Services,KDJ,KDJ 金叉,None,0.0,0.5525,0.2818,,0.2818,0,550,0.0003,331.65,331.75,331.85,328.33,2026-07-27,3,False
SUI,Real Estate,REIT - Residential,KDJ,KDJ 金叉,None,0.0,0.5525,0.2818,,0.2818,0,550,0.0003,121.83,121.87,121.9,120.61,2026-07-24,3,False
ACGL,Financials,Insurance - Diversified,BB,價格在 BB 中軌上方,None,0.0,0.425,0.2817,0.2817,0.2847,252,21689,0.0007,104.5,104.57,104.65,103.45,2026-07-27,3,False
ALLE,Industrials,Security & Protection Services,RSI,RSI 維持強勢 (50-70),None,0.0,0.51,0.2814,0.2814,0.2986,199,19157,0.0036,156.7651,157.33,157.89,155.2,2026-07-27,3,False
NGG,Utilities,Utilities - Regulated Electric,BB,BB 中軌向上（上升趨勢）,Morning Star,0.8,1.0,0.2812,,0.2812,0,96,0.0083,82.37,83.05,83.74,81.55,2026-07-23,3,False
IR,Industrials,Specialty Industrial Machinery,BB,價格在 BB 中軌上方,None,0.0,0.425,0.281,0.281,0.295,242,22337,0.0013,84.7675,84.88,84.99,83.92,2026-07-27,3,False
ALC,Health Care,Medical Instruments & Supplies,BB,價格在 BB 中軌上方,None,0.0,0.425,0.2804,,0.2804,0,14417,0.0008,67.92,67.97,68.03,67.24,2026-07-27,3,False
ASND,Health Care,Biotechnology,BB,價格在 BB 中軌上方,None,0.0,0.425,0.2804,,0.2804,0,14417,0.0008,254.585,254.79,254.99,252.04,2026-07-27,3,False
BRKRP,Health Care,Medical Devices,BB,價格在 BB 中軌上方,None,0.0,0.425,0.2804,,0.2804,0,14417,0.0008,450.1,450.46,450.82,445.6,2026-07-27,3,False
BTSGU,Health Care,Health Information Services,BB,價格在 BB 中軌上方,None,0.0,0.425,0.2804,,0.2804,0,14417,0.0008,235.8,235.99,236.18,233.44,2026-07-27,3,False
ELAN,Health Care,Drug Manufacturers - Specialty & Generic,BB,價格在 BB 中軌上方,None,0.0,0.425,0.2804,,0.2804,0,14417,0.0008,25.465,25.49,25.51,25.21,2026-07-27,3,False
HLN,Health Care,Drug Manufacturers - Specialty & Generic,BB,價格在 BB 中軌上方,None,0.0,0.425,0.2804,,0.2804,0,14417,0.0008,9.94,9.95,9.96,9.84,2026-07-27,3,False
ICLR,Health Care,Diagnostics & Research,BB,價格在 BB 中軌上方,None,0.0,0.425,0.2804,,0.2804,0,14417,0.0008,170.32,170.46,170.59,168.62,2026-07-23,3,False
ILMN,Health Care,Diagnostics & Research,BB,價格在 BB 中軌上方,None,0.0,0.425,0.2804,,0.2804,0,14417,0.0008,191.52,191.67,191.83,189.6,2026-07-27,3,False
JAZZ,Health Care,Biotechnology,BB,價格在 BB 中軌上方,None,0.0,0.425,0.2804,,0.2804,0,14417,0.0008,253.97,254.17,254.38,251.43,2026-07-27,3,False
NVS,Health Care,Drug Manufacturers - General,BB,價格在 BB 中軌上方,None,0.0,0.425,0.2804,,0.2804,0,14417,0.0008,157.62,157.75,157.87,156.04,2026-07-27,3,False
ONC,Health Care,Biotechnology,BB,價格在 BB 中軌上方,None,0.0,0.425,0.2804,,0.2804,0,14417,0.0008,325.215,325.48,325.74,321.96,2026-07-27,3,False
RPRX,Health Care,Biotechnology,BB,價格在 BB 中軌上方,None,0.0,0.425,0.2804,,0.2804,0,14417,0.0008,59.03,59.08,59.12,58.44,2026-07-27,3,False
IONS,Health Care,Biotechnology,RSI,RSI 加速上升,None,0.0,0.5525,0.2803,,0.2803,0,8492,-0.0001,56.525,56.52,56.51,55.96,2026-07-27,3,False
SNA,Industrials,Tools & Accessories,KDJ,KDJ 金叉,None,0.0,0.5525,0.28,0.28,0.3223,25,2110,0.0062,407.415,409.94,412.47,403.34,2026-07-27,3,False
NWSA,Communication Services,Entertainment,RSI,RSI 上穿 50 中性線,None,0.0,0.4675,0.28,0.28,0.3243,25,518,0.0084,27.41,27.64,27.87,27.14,2026-07-27,3,False
USB,Financials,Banks - Regional,BB,價格在 BB 中軌上方,None,0.0,0.425,0.2797,0.2797,0.2847,261,21689,0.0029,63.98,64.17,64.35,63.34,2026-07-27,3,False
TEVA,Health Care,Drug Manufacturers - Specialty & Generic,KDJ,KDJ 金叉,Bullish Engulfing,0.75,1.0,0.2785,,0.2785,0,79,-0.0024,31.18,31.11,31.03,30.87,2026-07-23,3,False
SYY,Consumer Staples,Food Distribution,KDJ,KDJ 金叉,None,0.0,0.5525,0.2778,0.2778,0.2503,18,779,0.0061,81.73,82.23,82.73,80.91,2026-07-23,3,False
CYTK,Health Care,Biotechnology,RSI,RSI 維持強勢 (50-70),None,0.0,0.51,0.2772,,0.2772,0,12123,0.0009,81.92,81.99,82.07,81.1,2026-07-23,3,False
GH,Health Care,Diagnostics & Research,RSI,RSI 維持強勢 (50-70),None,0.0,0.51,0.2772,,0.2772,0,12123,0.0009,150.2,150.34,150.47,148.7,2026-07-23,3,False
NTRA,Health Care,Diagnostics & Research,RSI,RSI 維持強勢 (50-70),None,0.0,0.51,0.2772,,0.2772,0,12123,0.0009,260.3,260.53,260.77,257.7,2026-07-27,3,False
ROP,Information Technology,Software - Application,KDJ,KDJ 金叉,None,0.0,0.5525,0.2759,0.2759,0.3918,29,1955,-0.001,367.34,366.97,366.61,363.67,2026-07-24,3,False
PSA,Real Estate,REIT - Industrial,RSI,RSI 動能加速（強勢區）,None,0.0,0.51,0.2759,0.2759,0.2452,29,1093,-0.0005,328.685,328.52,328.36,325.4,2026-07-27,3,False
MOH,Health Care,Healthcare Plans,BB,BB 跌破下軌 (超賣),None,0.0,0.45499999999999996,0.2752,,0.2752,0,974,-0.0017,201.2401,200.9,200.56,199.23,2026-07-27,3,False
TEM,Health Care,Health Information Services,BB,BB 跌破下軌 (超賣),None,0.0,0.45499999999999996,0.2752,,0.2752,0,974,-0.0017,42.69,42.62,42.54,42.26,2026-07-24,3,False
DD,Materials,Specialty Chemicals,BB,BB 中軌向上（上升趨勢）,None,0.0,0.51,0.2742,0.2742,0.2853,248,5036,0.0042,139.5,140.09,140.67,138.1,2026-07-27,3,False
COR,Health Care,Medical Distribution,BB,價格在 BB 中軌上方,None,0.0,0.425,0.2738,0.2738,0.2804,347,14417,0.0038,311.33,312.51,313.7,308.22,2026-07-27,3,False
CMG,Consumer Discretionary,Restaurants,BB,BB 中軌向上（上升趨勢）,None,0.0,0.51,0.2732,0.2732,0.2908,194,9757,-0.0018,33.125,33.07,33.01,32.79,2026-07-27,3,False
OTIS,Industrials,Specialty Industrial Machinery,RSI,RSI 上穿 50 中性線,None,0.0,0.4675,0.2727,0.2727,0.304,33,1816,-0.0059,73.72,73.29,72.85,72.98,2026-07-27,3,False
IDXX,Health Care,Diagnostics & Research,BB,價格在 BB 中軌上方,None,0.0,0.425,0.2718,0.2718,0.2804,195,14417,0.0023,559.39,560.68,561.96,553.8,2026-07-27,3,False
INSM,Health Care,Biotechnology,BB,BB 中軌向上（上升趨勢）,None,0.0,0.51,0.2705,,0.2705,0,10885,0.0002,106.4175,106.44,106.46,105.35,2026-07-27,3,False
KIM,Real Estate,REIT - Retail,RSI,RSI 動能加速（強勢區）,None,0.0,0.51,0.2703,0.2703,0.2452,37,1093,0.0018,26.1,26.15,26.19,25.84,2026-07-24,3,False
AFL,Financials,Insurance - Life,KDJ,KDJ 金叉,None,0.0,0.5525,0.2692,0.2692,0.3142,26,1932,0.0022,125.6,125.88,126.15,124.34,2026-07-24,3,False
ADSK,Information Technology,Software - Application,RSI,RSI 上穿 50 中性線,None,0.0,0.4675,0.2692,0.2692,0.3785,26,1593,-0.0021,205.26,204.83,204.4,203.21,2026-07-23,3,False
MKC,Consumer Staples,Packaged Foods,RSI,RSI 上穿 50 中性線,None,0.0,0.4675,0.2692,0.2692,0.2565,26,928,0.0028,50.82,50.96,51.1,50.31,2026-07-27,3,False
CVX,Energy,Oil & Gas Integrated,BB,價格在 BB 中軌上方,None,0.0,0.425,0.2687,0.2687,0.2998,320,5768,-0.0012,191.735,191.5,191.27,189.82,2026-07-27,3,False
RMD,Health Care,Medical Instruments & Supplies,RSI,RSI 維持強勢 (50-70),None,0.0,0.51,0.268,0.268,0.2772,194,12123,-0.0031,201.76,201.13,200.51,199.74,2026-07-27,3,False
EOG,Energy,Oil & Gas E&P,RSI,RSI 加速上升,None,0.0,0.5525,0.2679,0.2679,0.3227,168,3306,-0.0019,146.39,146.11,145.83,144.93,2026-07-24,3,False
EBAY,Consumer Discretionary,Internet Retail,BB,BB 中軌向上（上升趨勢）,None,0.0,0.51,0.2673,0.2673,0.2908,217,9757,-0.0027,111.175,110.87,110.57,110.06,2026-07-27,3,False
EXPD,Industrials,Integrated Freight & Logistics,BB,BB 中軌向上（上升趨勢）,None,0.0,0.51,0.2673,0.2673,0.2929,202,17460,0.003,172.52,173.04,173.56,170.79,2026-07-27,3,False
ORLY,Consumer Discretionary,Auto Parts,RSI,RSI 加速上升,None,0.0,0.5525,0.2672,0.2672,0.3117,131,6796,0.0011,90.22,90.32,90.42,89.32,2026-07-27,3,False
GD,Industrials,Aerospace & Defense,MACD,MACD 金叉 (多頭區),None,0.0,0.68,0.2667,0.2667,0.2674,15,531,0.0021,381.79,382.59,383.39,377.97,2026-07-23,3,False
OKE,Energy,Oil & Gas Midstream,RSI,RSI 維持強勢 (50-70),None,0.0,0.51,0.2658,0.2658,0.2963,237,4891,-0.0041,90.94,90.57,90.19,90.03,2026-07-27,3,False
TMUS,Communication Services,Telecom Services,BB,BB 中軌向上（上升趨勢）,None,0.0,0.51,0.2655,0.2655,0.2943,177,4771,0.0041,180.09,180.83,181.57,178.29,2026-07-24,3,False
DTE,Utilities,Utilities - Regulated Electric,RSI,RSI 加速上升,None,0.0,0.5525,0.2652,0.2652,0.2565,132,4905,0.0054,148.56,149.36,150.16,147.07,2026-07-27,3,False
AGNC,Real Estate,REIT - Mortgage,BB,BB 中軌向上（上升趨勢）,None,0.0,0.51,0.2647,,0.2647,0,5713,0.0025,10.56,10.59,10.61,10.45,2026-07-23,3,False
BPYPP,Real Estate,Real Estate Services,BB,BB 中軌向上（上升趨勢）,None,0.0,0.51,0.2647,,0.2647,0,5713,0.0025,15.9202,15.96,16.0,15.76,2026-07-27,3,False
LINE,Real Estate,REIT - Industrial,BB,BB 中軌向上（上升趨勢）,None,0.0,0.51,0.2647,,0.2647,0,5713,0.0025,41.42,41.52,41.63,41.01,2026-07-24,3,False
OHI,Real Estate,REIT - Healthcare Facilities,BB,BB 中軌向上（上升趨勢）,None,0.0,0.51,0.2647,,0.2647,0,5713,0.0025,51.48,51.61,51.74,50.97,2026-07-27,3,False
WPC,Real Estate,REIT - Diversified,BB,BB 中軌向上（上升趨勢）,None,0.0,0.51,0.2647,,0.2647,0,5713,0.0025,76.69,76.88,77.07,75.92,2026-07-24,3,False
SJM,Consumer Staples,Packaged Foods,BB,BB 中軌向上（上升趨勢）,None,0.0,0.51,0.2645,0.2645,0.2466,121,6128,0.006,118.32,119.03,119.74,117.14,2026-07-24,3,False
EXC,Utilities,Utilities - Regulated Electric,RSI,RSI 加速上升,None,0.0,0.5525,0.2632,0.2632,0.2565,133,4905,0.0045,47.455,47.67,47.88,46.98,2026-07-27,3,False
T,Communication Services,Telecom Services,RSI,RSI 加速上升,None,0.0,0.5525,0.2625,0.2625,0.3116,160,3322,-0.0002,24.215,24.21,24.21,23.97,2026-07-27,3,False
NSC,Industrials,Railroads,BB,價格在 BB 中軌上方,None,0.0,0.425,0.2612,0.2612,0.295,245,22337,0.0038,347.03,348.35,349.67,343.56,2026-07-27,3,False
AEE,Utilities,Utilities - Regulated Electric,KDJ,KDJ 金叉,None,0.0,0.5525,0.2609,0.2609,0.3001,23,713,0.004,113.27,113.72,114.18,112.14,2026-07-23,3,False
FRT,Real Estate,REIT - Retail,RSI,RSI 動能加速（強勢區）,None,0.0,0.51,0.2609,0.2609,0.2452,46,1093,-0.001,126.08,125.95,125.83,124.82,2026-07-24,3,False
HRL,Consumer Staples,Packaged Foods,RSI,RSI 加速上升,None,0.0,0.5525,0.2606,0.2606,0.2439,165,5343,0.0005,25.935,25.95,25.96,25.68,2026-07-27,3,False
ESS,Real Estate,REIT - Residential,BB,BB 中軌向上（上升趨勢）,None,0.0,0.51,0.2604,0.2604,0.2647,169,5713,0.0022,293.03,293.67,294.32,290.1,2026-07-27,3,False
OMC,Communication Services,Advertising Agencies,RSI,RSI 動能加速（強勢區）,None,0.0,0.51,0.2593,0.2593,0.3135,27,772,-0.0056,82.13,81.67,81.21,81.31,2026-07-27,3,False
SRE,Utilities,Utilities - Diversified,RSI,RSI 加速上升,None,0.0,0.5525,0.2569,0.2569,0.2565,144,4905,-0.0054,92.49,91.99,91.49,91.57,2026-07-27,3,False
BEP,Utilities,Utilities - Renewable,RSI,RSI 加速上升,None,0.0,0.5525,0.2565,,0.2565,0,4905,0.0041,32.475,32.61,32.74,32.15,2026-07-27,3,False
KEP,Utilities,Utilities - Regulated Electric,RSI,RSI 加速上升,None,0.0,0.5525,0.2565,,0.2565,0,4905,0.0041,12.16,12.21,12.26,12.04,2026-07-27,3,False
OGE,Utilities,Utilities - Regulated Electric,RSI,RSI 加速上升,None,0.0,0.5525,0.2565,,0.2565,0,4905,0.0041,49.72,49.92,50.13,49.22,2026-07-27,3,False
SOMN,Utilities,Utilities - Regulated Electric,RSI,RSI 加速上升,None,0.0,0.5525,0.2565,,0.2565,0,4905,0.0041,50.67,50.88,51.09,50.16,2026-07-27,3,False
TLN,Utilities,Utilities - Independent Power Producers,RSI,RSI 加速上升,None,0.0,0.5525,0.2565,,0.2565,0,4905,0.0041,379.27,380.83,382.38,375.48,2026-07-23,3,False
BUD,Consumer Staples,Beverages - Brewers,RSI,RSI 上穿 50 中性線,None,0.0,0.4675,0.2565,,0.2565,0,928,0.0005,81.66,81.7,81.74,80.84,2026-07-24,3,False
COKE,Consumer Staples,Beverages - Non-Alcoholic,RSI,RSI 上穿 50 中性線,None,0.0,0.4675,0.2565,,0.2565,0,928,0.0005,184.7,184.79,184.88,182.85,2026-07-24,3,False
CPB,Consumer Staples,Packaged Foods,RSI,RSI 上穿 50 中性線,None,0.0,0.4675,0.2565,,0.2565,0,928,0.0005,22.565,22.58,22.59,22.34,2026-07-27,3,False
DEO,Consumer Staples,Beverages - Wineries & Distilleries,RSI,RSI 上穿 50 中性線,None,0.0,0.4675,0.2565,,0.2565,0,928,0.0005,83.08,83.12,83.16,82.25,2026-07-24,3,False
FMX,Consumer Staples,Beverages - Brewers,RSI,RSI 上穿 50 中性線,None,0.0,0.4675,0.2565,,0.2565,0,928,0.0005,129.44,129.5,129.57,128.15,2026-07-27,3,False
JBS,Consumer Staples,Packaged Foods,RSI,RSI 上穿 50 中性線,None,0.0,0.4675,0.2565,,0.2565,0,928,0.0005,12.28,12.29,12.29,12.16,2026-07-24,3,False
MICC,Consumer Staples,Packaged Foods,RSI,RSI 上穿 50 中性線,None,0.0,0.4675,0.2565,,0.2565,0,928,0.0005,18.225,18.23,18.24,18.04,2026-07-27,3,False
UL,Consumer Staples,Household & Personal Products,RSI,RSI 上穿 50 中性線,None,0.0,0.4675,0.2565,,0.2565,0,928,0.0005,60.94,60.97,61.0,60.33,2026-07-24,3,False
USFD,Consumer Staples,Food Distribution,RSI,RSI 上穿 50 中性線,None,0.0,0.4675,0.2565,,0.2565,0,928,0.0005,97.17,97.22,97.27,96.2,2026-07-24,3,False
AMP,Financials,Asset Management,BB,價格在 BB 中軌上方,None,0.0,0.425,0.2564,0.2564,0.2847,273,21689,0.0017,538.87,539.79,540.7,533.48,2026-07-27,3,False
UNH,Health Care,Healthcare Plans,RSI,RSI 維持強勢 (50-70),None,0.0,0.51,0.256,0.256,0.2772,207,12123,0.0029,420.74,421.96,423.18,416.53,2026-07-24,3,False
APD,Materials,Specialty Chemicals,BB,BB 中軌向上（上升趨勢）,None,0.0,0.51,0.2556,0.2556,0.2853,180,5036,-0.0037,292.06,290.98,289.9,289.14,2026-07-27,3,False
HON,Industrials,Conglomerates,BB,BB 中軌向上（上升趨勢）,None,0.0,0.51,0.2552,0.2552,0.2929,192,17460,-0.0004,245.535,245.44,245.34,243.08,2026-07-27,3,False
ETR,Utilities,Utilities - Regulated Electric,BB,價格在 BB 中軌上方,None,0.0,0.425,0.2548,0.2548,0.246,361,9864,0.0037,114.95,115.38,115.8,113.8,2026-07-27,3,False
ENLT,Utilities,Utilities - Renewable,RSI,RSI 上穿 50 中性線,None,0.0,0.4675,0.2521,,0.2521,0,932,0.0052,91.01,91.48,91.96,90.1,2026-07-27,3,False
DUK,Utilities,Utilities - Regulated Electric,BB,BB 中軌向上（上升趨勢）,None,0.0,0.51,0.251,0.251,0.249,239,7232,0.0011,129.845,129.99,130.13,128.55,2026-07-27,3,False
AGNCM,Real Estate,REIT - Mortgage,RSI,RSI 維持強勢 (50-70),None,0.0,0.51,0.2509,,0.2509,0,7011,0.0007,25.0,25.02,25.04,24.75,2026-07-27,3,False
AGNCN,Real Estate,REIT - Mortgage,RSI,RSI 維持強勢 (50-70),None,0.0,0.51,0.2509,,0.2509,0,7011,0.0007,25.59,25.61,25.63,25.33,2026-07-27,3,False
AGNCO,Real Estate,REIT - Mortgage,RSI,RSI 維持強勢 (50-70),None,0.0,0.51,0.2509,,0.2509,0,7011,0.0007,25.425,25.44,25.46,25.17,2026-07-27,3,False
AGNCP,Real Estate,REIT - Mortgage,RSI,RSI 維持強勢 (50-70),None,0.0,0.51,0.2509,,0.2509,0,7011,0.0007,25.03,25.05,25.07,24.78,2026-07-27,3,False
AGNCZ,Real Estate,REIT - Mortgage,RSI,RSI 維持強勢 (50-70),None,0.0,0.51,0.2509,,0.2509,0,7011,0.0007,25.26,25.28,25.3,25.01,2026-07-27,3,False
BPYPO,Real Estate,Real Estate Services,RSI,RSI 維持強勢 (50-70),None,0.0,0.51,0.2509,,0.2509,0,7011,0.0007,15.16,15.17,15.18,15.01,2026-07-27,3,False
NLY,Real Estate,REIT - Mortgage,RSI,RSI 維持強勢 (50-70),None,0.0,0.51,0.2509,,0.2509,0,7011,0.0007,22.705,22.72,22.74,22.48,2026-07-27,3,False
CCEP,Consumer Staples,Beverages - Non-Alcoholic,KDJ,KDJ 金叉,None,0.0,0.5525,0.2503,,0.2503,0,779,-0.0014,107.5,107.35,107.2,106.42,2026-07-27,3,False
EDU,Consumer Staples,Education & Training Services,KDJ,KDJ 金叉,None,0.0,0.5525,0.2503,,0.2503,0,779,-0.0014,49.765,49.7,49.63,49.27,2026-07-27,3,False
PFGC,Consumer Staples,Food Distribution,KDJ,KDJ 金叉,None,0.0,0.5525,0.2503,,0.2503,0,779,-0.0014,111.49,111.33,111.18,110.38,2026-07-24,3,False
CL,Consumer Staples,Household & Personal Products,KDJ,KDJ 金叉,None,0.0,0.5525,0.25,0.25,0.2503,20,779,0.0048,92.02,92.46,92.9,91.1,2026-07-27,3,False
CLX,Consumer Staples,Household & Personal Products,KDJ,KDJ 金叉,None,0.0,0.5525,0.25,0.25,0.2503,12,779,-0.0036,97.435,97.08,96.73,96.46,2026-07-27,3,False
KR,Consumer Staples,Grocery Stores,KDJ,KDJ 金叉,None,0.0,0.5525,0.25,0.25,0.2503,28,779,-0.0005,58.315,58.29,58.26,57.73,2026-07-27,3,False
KO,Consumer Staples,Beverages - Non-Alcoholic,RSI,RSI 動能加速（強勢區）,None,0.0,0.51,0.25,0.25,0.2456,36,1148,0.0023,83.365,83.56,83.75,82.53,2026-07-27,3,False
MA,Financials,Credit Services,RSI,RSI 維持強勢 (50-70),None,0.0,0.51,0.25,0.25,0.2842,288,19108,0.0014,539.66,540.42,541.17,534.26,2026-07-24,3,False
MCO,Financials,Financial Data & Stock Exchanges,RSI,RSI 上穿 50 中性線,None,0.0,0.4675,0.25,0.25,0.3091,24,1899,-0.0019,486.035,485.11,484.19,481.17,2026-07-27,3,False
WEC,Utilities,Utilities - Regulated Electric,RSI,RSI 上穿 50 中性線,None,0.0,0.4675,0.25,0.25,0.2521,24,932,0.0031,114.72,115.08,115.43,113.57,2026-07-23,3,False
SBS,Utilities,Utilities - Regulated Water,BB,BB 中軌向上（上升趨勢）,None,0.0,0.51,0.249,,0.249,0,7232,0.0028,5.655,5.67,5.69,5.6,2026-07-27,3,False
BTI,Consumer Staples,Tobacco,BB,BB 中軌向上（上升趨勢）,None,0.0,0.51,0.2466,,0.2466,0,6128,-0.0003,59.84,59.82,59.8,59.24,2026-07-23,3,False
APTV,Consumer Discretionary,Auto Parts,BB,價格在 BB 中軌上方,None,0.0,0.425,0.2462,0.2462,0.2984,199,12430,-0.0009,56.89,56.84,56.79,56.32,2026-07-27,3,False
ADM,Consumer Staples,Farm Products,RSI,RSI 維持強勢 (50-70),None,0.0,0.51,0.2455,0.2455,0.2452,224,7574,-0.0043,83.56,83.2,82.84,82.72,2026-07-27,3,False
ABEV,Consumer Staples,Beverages - Brewers,RSI,RSI 維持強勢 (50-70),None,0.0,0.51,0.2452,,0.2452,0,7574,-0.0002,3.04,3.04,3.04,3.01,2026-07-27,3,False
D,Utilities,Utilities - Regulated Electric,BB,BB 中軌向上（上升趨勢）,None,0.0,0.51,0.2449,0.2449,0.249,196,7232,0.0034,70.87,71.11,71.35,70.16,2026-07-27,3,False
AIG,Financials,Insurance - Diversified,RSI,RSI 維持強勢 (50-70),None,0.0,0.51,0.2437,0.2437,0.2842,279,19108,-0.0001,79.77,79.76,79.75,78.97,2026-07-27,3,False
TYL,Information Technology,Software - Application,KDJ,KDJ 金叉,None,0.0,0.5525,0.2432,0.2432,0.3918,37,1955,-0.0013,314.625,314.22,313.81,311.48,2026-07-27,3,False
AMT,Real Estate,REIT - Specialty,RSI,RSI 維持強勢 (50-70),None,0.0,0.51,0.2419,0.2419,0.2509,186,7011,-0.0,167.15,167.15,167.15,165.48,2026-07-27,3,False
AVB,Real Estate,REIT - Residential,BB,BB 中軌向上（上升趨勢）,None,0.0,0.51,0.2418,0.2418,0.2647,182,5713,0.0027,189.045,189.56,190.07,187.15,2026-07-27,3,False
ZTS,Health Care,Drug Manufacturers - Specialty & Generic,BB,價格在 BB 中軌上方,None,0.0,0.425,0.2417,0.2417,0.2804,211,14417,-0.0048,77.5075,77.14,76.76,76.73,2026-07-27,3,False
EA,Communication Services,Electronic Gaming & Multimedia,BB,BB 中軌向上（上升趨勢）,Consolidation Breakout,0.79,1.0,0.2414,0.2414,0.238,29,479,0.0047,209.0,209.98,210.96,206.91,2026-07-27,3,False
VLTO,Industrials,Pollution & Treatment Controls,RSI,RSI 動能加速（強勢區）,None,0.0,0.51,0.2414,0.2414,0.2891,29,3037,0.0091,93.3975,94.25,95.1,92.46,2026-07-27,3,False
WMT,Consumer Staples,Discount Stores,MACD,MACD 金叉 (空頭區),None,0.0,0.42,0.241,,0.241,0,473,-0.0002,111.7,111.68,111.66,110.58,2026-07-27,3,False
UPS,Industrials,Integrated Freight & Logistics,RSI,RSI 維持強勢 (50-70),None,0.0,0.51,0.239,0.239,0.2986,205,19157,-0.0081,114.065,113.14,112.22,112.92,2026-07-27,3,False
HIG,Financials,Insurance - Diversified,BB,價格在 BB 中軌上方,None,0.0,0.425,0.2386,0.2386,0.2847,352,21689,0.0002,141.05,141.08,141.11,139.64,2026-07-27,3,False
COO,Health Care,Medical Instruments & Supplies,RSI,RSI 維持強勢 (50-70),None,0.0,0.51,0.2378,0.2378,0.2772,185,12123,-0.0024,71.14,70.97,70.8,70.43,2026-07-27,3,False
PGR,Financials,Insurance - Property & Casualty,RSI,RSI 維持強勢 (50-70),None,0.0,0.51,0.2368,0.2368,0.2842,228,19108,0.0019,215.63,216.04,216.45,213.47,2026-07-27,3,False
ABT,Health Care,Medical Devices,BB,價格在 BB 中軌上方,None,0.0,0.425,0.2353,0.2353,0.2804,221,14417,-0.0011,105.15,105.03,104.92,104.1,2026-07-27,3,False
SO,Utilities,Utilities - Regulated Electric,RSI,RSI 維持強勢 (50-70),None,0.0,0.51,0.2335,0.2335,0.2471,257,8831,0.0035,97.14,97.48,97.82,96.17,2026-07-27,3,False
WM,Industrials,Waste Management,RSI,RSI 維持強勢 (50-70),None,0.0,0.51,0.2321,0.2321,0.2986,224,19157,0.0008,239.56,239.75,239.94,237.16,2026-07-27,3,False
AWK,Utilities,Utilities - Regulated Water,RSI,RSI 維持強勢 (50-70),None,0.0,0.51,0.2312,0.2312,0.2471,199,8831,0.0008,135.255,135.36,135.47,133.9,2026-07-27,3,False
CTVA,Materials,Agricultural Inputs,BB,價格在 BB 中軌上方,None,0.0,0.425,0.2311,0.2311,0.2859,238,6697,-0.0041,88.07,87.71,87.35,87.19,2026-07-27,3,False
ED,Utilities,Utilities - Regulated Electric,BB,BB 中軌向上（上升趨勢）,None,0.0,0.51,0.2308,0.2308,0.249,182,7232,0.002,113.01,113.24,113.46,111.88,2026-07-24,3,False
NI,Utilities,Utilities - Regulated Gas,RSI,RSI 上穿 50 中性線,None,0.0,0.4675,0.2308,0.2308,0.2521,39,932,0.0063,46.75,47.04,47.34,46.28,2026-07-23,3,False
CMS,Utilities,Utilities - Regulated Electric,RSI,RSI 維持強勢 (50-70),None,0.0,0.51,0.2305,0.2305,0.2471,256,8831,0.0032,74.64,74.88,75.12,73.89,2026-07-27,3,False
INVH,Real Estate,REIT - Residential,BB,BB 中軌向上（上升趨勢）,None,0.0,0.51,0.2295,0.2295,0.2647,122,5713,0.0013,29.78,29.82,29.86,29.48,2026-07-24,3,False
VRSK,Industrials,Consulting Services,RSI,RSI 維持強勢 (50-70),Support,0.7,1.0,0.2281,,0.2281,0,57,-0.0022,193.17,192.75,192.32,191.24,2026-07-23,3,False
EVRG,Utilities,Utilities - Regulated Electric,BB,價格在 BB 中軌上方,None,0.0,0.425,0.227,0.227,0.246,326,9864,0.0026,86.77,87.0,87.22,85.9,2026-07-27,3,False
TJX,Consumer Discretionary,Apparel Retail,RSI,RSI 維持強勢 (50-70),None,0.0,0.51,0.2269,0.2269,0.2995,335,10441,0.0027,156.025,156.45,156.87,154.46,2026-07-27,3,False
SHW,Materials,Specialty Chemicals,KDJ,KDJ 金叉,None,0.0,0.5525,0.2222,0.2222,0.314,18,637,-0.0036,317.51,316.37,315.22,314.33,2026-07-24,3,False
XYL,Industrials,Specialty Industrial Machinery,BB,價格在 BB 中軌上方,None,0.0,0.425,0.2203,0.2203,0.295,295,22337,0.0025,120.86,121.16,121.46,119.65,2026-07-27,3,False
WY,Real Estate,REIT - Specialty,BB,價格在 BB 中軌上方,None,0.0,0.425,0.2184,0.2184,0.248,206,8032,-0.0005,24.195,24.18,24.17,23.95,2026-07-27,3,False
CB,Financials,Insurance - Property & Casualty,RSI,RSI 動能加速（強勢區）,None,0.0,0.51,0.2143,0.2143,0.279,42,3129,0.0031,359.75,360.87,361.98,356.15,2026-07-24,3,False
AME,Industrials,Specialty Industrial Machinery,BB,價格在 BB 中軌上方,None,0.0,0.425,0.2138,0.2138,0.295,318,22337,0.0033,240.605,241.4,242.19,238.2,2026-07-27,3,False
VICI,Real Estate,REIT - Diversified,RSI,RSI 維持強勢 (50-70),None,0.0,0.51,0.2126,0.2126,0.2509,207,7011,0.0012,27.0,27.03,27.06,26.73,2026-07-27,3,False
L,Financials,Insurance - Property & Casualty,RSI,RSI 加速上升,None,0.0,0.5525,0.2105,0.2105,0.3014,152,11488,0.0029,117.9,118.24,118.58,116.72,2026-07-24,3,False
CMCSA,Communication Services,Telecom Services,BB,BB 跌破下軌 (超賣),None,0.0,0.45499999999999996,0.2105,0.2105,0.33,19,397,0.0063,22.3,22.44,22.58,22.08,2026-07-24,3,False
PPL,Utilities,Utilities - Regulated Electric,RSI,RSI 加速上升,None,0.0,0.5525,0.2101,0.2101,0.2565,138,4905,0.0052,36.12,36.31,36.5,35.76,2026-07-27,3,False
FE,Utilities,Utilities - Regulated Electric,BB,BB 中軌向上（上升趨勢）,None,0.0,0.51,0.2083,0.2083,0.249,216,7232,0.0036,49.64,49.82,50.0,49.14,2026-07-27,3,False
ALL,Financials,Insurance - Property & Casualty,RSI,RSI 維持強勢 (50-70),None,0.0,0.51,0.208,0.208,0.2842,226,19108,-0.0006,261.0,260.84,260.69,258.39,2026-07-27,3,False
MCD,Consumer Discretionary,Restaurants,KDJ,KDJ 金叉,None,0.0,0.5525,0.2069,0.2069,0.3183,29,1244,-0.0017,269.945,269.49,269.03,267.25,2026-07-27,3,False
VZ,Communication Services,Telecom Services,BB,價格在 BB 中軌上方,None,0.0,0.425,0.2046,0.2046,0.3007,259,6080,0.0019,47.085,47.17,47.26,46.61,2026-07-27,3,False
GIS,Consumer Staples,Packaged Foods,BB,BB 中軌向上（上升趨勢）,None,0.0,0.51,0.2043,0.2043,0.2466,93,6128,-0.0045,36.455,36.29,36.13,36.09,2026-07-27,3,False
LYB,Materials,Specialty Chemicals,BB,BB 中軌向上（上升趨勢）,None,0.0,0.51,0.2011,0.2011,0.2853,179,5036,-0.0074,59.115,58.68,58.24,58.52,2026-07-27,3,False
ATO,Utilities,Utilities - Regulated Gas,KDJ,KDJ 金叉,None,0.0,0.5525,0.2,0.2,0.3001,20,713,0.0011,179.305,179.5,179.7,177.51,2026-07-27,3,False
PEG,Utilities,Utilities - Regulated Electric,RSI,RSI 加速上升,None,0.0,0.5525,0.1974,0.1974,0.2565,152,4905,-0.0026,79.35,79.14,78.94,78.56,2026-07-27,3,False
SBUX,Consumer Discretionary,Restaurants,BB,價格在 BB 中軌上方,None,0.0,0.425,0.1957,0.1957,0.2984,235,12430,-0.0009,104.86,104.77,104.67,103.81,2026-07-27,3,False
BDX,Health Care,Medical Instruments & Supplies,BB,BB 中軌向上（上升趨勢）,None,0.0,0.51,0.1948,0.1948,0.2705,154,10885,-0.0017,159.15,158.88,158.61,157.56,2026-07-27,3,False
PNW,Utilities,Utilities - Regulated Electric,BB,BB 中軌向上（上升趨勢）,None,0.0,0.51,0.1913,0.1913,0.249,183,7232,0.0008,105.43,105.51,105.6,104.38,2026-07-23,3,False
AON,Financials,Insurance Brokers,BB,價格在 BB 中軌上方,None,0.0,0.425,0.1869,0.1869,0.2847,289,21689,-0.0042,368.865,367.32,365.77,365.18,2026-07-27,3,False
TAP,Consumer Staples,Beverages - Brewers,KDJ,KDJ 金叉,None,0.0,0.5525,0.1818,0.1818,0.2503,22,779,-0.0063,41.3,41.04,40.78,40.89,2026-07-27,3,False
PG,Consumer Staples,Household & Personal Products,MACD,MACD 突破 0 軸,None,0.0,0.595,0.1667,0.1667,0.2408,12,299,0.002,149.13,149.43,149.73,147.64,2026-07-27,3,False
LIN,Materials,Specialty Chemicals,KDJ,KDJ 金叉,None,0.0,0.5525,0.129,0.129,0.314,31,637,0.0007,512.28,512.64,513.0,507.16,2026-07-24,3,False
