symbol,sector,subsector,indicator,signal,pattern,pattern_conf,confidence,win_rate,win_rate_stock,win_rate_sector,stock_n,sector_n,avg_return,price,tp1_price,tp2_price,sl_price,date,tier,volume_confirmed
ITUB,Financials,Banks - Regional,BB,BB 跌破下軌 (超賣),Bullish Engulfing,0.75,1.0,0.7059,,0.7059,0,34,0.0562,7.34,7.75,8.17,7.27,2026-08-13,1,False
USB,Financials,Banks - Regional,BB,價格在 BB 中軌上方,Consolidation Breakout,0.77,0.9971999999999999,0.6667,0.6667,0.2527,15,2461,0.0405,65.42,68.07,70.72,64.77,2026-08-14,1,False
BPYPO,Real Estate,Real Estate Services,RSI,RSI 上穿 50 中性線,Morning Star,0.8,0.9900000000000001,0.5833,,0.5833,0,24,0.0272,15.39,15.81,16.23,15.24,2026-08-14,1,False
BXP,Real Estate,REIT - Office,RSI,RSI 上穿 50 中性線,Morning Star,0.8,0.9900000000000001,0.5833,,0.5833,0,24,0.0272,69.18,71.06,72.94,68.49,2026-08-13,1,False
ELS,Real Estate,REIT - Residential,RSI,RSI 上穿 50 中性線,Morning Star,0.8,0.9900000000000001,0.5833,,0.5833,0,24,0.0272,65.01,66.78,68.55,64.36,2026-08-13,1,False
SBAC,Real Estate,REIT - Specialty,RSI,RSI 上穿 50 中性線,Morning Star,0.8,0.9900000000000001,0.5833,,0.5833,0,24,0.0272,183.08,188.06,193.04,181.25,2026-08-12,1,False
EXEL,Health Care,Biotechnology,BB,BB 跌破下軌 (超賣),Morning Star,0.8,1.0,0.5692,,0.5692,0,65,0.0244,50.38,51.61,52.84,49.88,2026-08-12,1,False
COP,Energy,Oil & Gas E&P,BB,BB 中軌向上（上升趨勢）,Consolidation Breakout,0.74,1.0,0.5625,0.5625,0.2961,16,385,0.0146,126.78,128.63,130.48,125.51,2026-08-14,1,False
DG,Consumer Staples,Discount Stores,RSI,RSI 上穿 50 中性線,Morning Star,0.8,0.9900000000000001,0.5625,,0.5625,0,32,0.0236,123.28,126.19,129.1,122.05,2026-08-14,1,False
JBS,Consumer Staples,Packaged Foods,RSI,RSI 上穿 50 中性線,Morning Star,0.8,0.9900000000000001,0.5625,,0.5625,0,32,0.0236,13.12,13.43,13.74,12.99,2026-08-12,1,False
TSN,Consumer Staples,Farm Products,RSI,RSI 上穿 50 中性線,Morning Star,0.8,0.9900000000000001,0.5625,,0.5625,0,32,0.0236,58.17,59.54,60.92,57.59,2026-08-14,1,False
SMCIP,Information Technology,Computer Hardware,BB,BB 中軌向上（上升趨勢）,Morning Star,0.8,1.0,0.5556,,0.5556,0,18,0.0285,64.22,66.05,67.88,63.58,2026-08-12,1,True
TME,Communication Services,Internet Content & Information,BB,BB 跌破下軌 (超賣),Bullish Engulfing,0.75,1.0,0.5556,,0.5556,0,18,0.0326,8.46,8.74,9.01,8.38,2026-08-12,1,False
TPR,Consumer Discretionary,Luxury Goods,BB,價格在 BB 中軌上方,None,0.0,0.425,0.7273,0.7273,0.4026,11,529,0.0342,153.74,159.0,164.26,152.2,2026-08-12,2,True
CIEN,Information Technology,Communication Equipment,RSI,RSI 維持強勢 (50-70),None,0.0,0.51,0.6667,0.6667,0.4471,12,747,0.1169,432.05,482.56,533.06,427.73,2026-08-12,2,True
COHR,Information Technology,Scientific & Technical Instruments,RSI,RSI 維持強勢 (50-70),None,0.0,0.51,0.65,0.65,0.4471,20,747,0.0352,327.23,338.75,350.27,323.96,2026-08-13,2,True
IVZ,Financials,Asset Management,BB,價格在 BB 中軌上方,Consolidation Breakout,0.72,0.9791999999999998,0.6,0.6,0.2527,10,2461,0.0361,32.55,33.73,34.9,32.22,2026-08-14,2,False
CSCO,Information Technology,Communication Equipment,BB,BB 中軌向上（上升趨勢）,None,0.0,0.51,0.5882,0.5882,0.4238,17,1083,0.0268,113.47,116.51,119.55,112.34,2026-08-13,2,True
SMCI,Information Technology,Computer Hardware,RSI,RSI 維持強勢 (50-70),None,0.0,0.51,0.5769,0.5769,0.4471,26,747,0.0996,37.61,41.36,45.1,37.23,2026-08-12,2,True
VICR,Information Technology,Electronic Components,KDJ,KDJ 金叉,None,0.0,0.5525,0.4606,,0.4606,0,165,0.01,226.12,228.38,230.64,223.86,2026-08-12,2,True
SBS,Utilities,Utilities - Regulated Water,RSI,RSI 超賣區域 (30),None,0.0,0.5249999999999999,0.4545,,0.4545,0,33,0.0084,4.68,4.72,4.76,4.63,2026-08-13,2,True
NI,Utilities,Utilities - Regulated Gas,RSI,RSI 維持超賣,Bullish Engulfing,0.75,0.885,0.8889,,0.8889,0,9,0.0391,42.08,43.73,45.37,41.66,2026-08-13,3,False
MNST,Consumer Staples,Beverages - Non-Alcoholic,BB,BB 跌破下軌 (超賣),Support,0.8,1.0,0.8393,,,0,0,0.067,45.98,49.06,52.14,45.52,2026-08-12,3,False
BIIB,Health Care,Drug Manufacturers - General,KDJ,KDJ 金叉,Support,0.9,1.0,0.8,,,0,0,0.0149,208.87,211.98,215.09,206.78,2026-08-12,3,False
NDAQ,Financials,Financial Data & Stock Exchanges,KDJ,KDJ 金叉,Support,0.9,1.0,0.8,,,0,0,0.0149,95.66,97.09,98.51,94.7,2026-08-12,3,False
PYPL,Financials,Credit Services,KDJ,KDJ 金叉,Support,0.8,1.0,0.8,,,0,0,0.0149,59.2,60.08,60.96,58.61,2026-08-12,3,False
SJM,Consumer Staples,Packaged Foods,KDJ,KDJ 金叉,Support,0.8,1.0,0.8,,,0,0,0.0149,118.79,120.56,122.33,117.6,2026-08-12,3,False
DVA,Health Care,Medical Care Facilities,RSI,RSI 維持超賣,None,0.0,0.385,0.8,0.8,0.3138,5,956,0.0445,180.06,188.07,196.09,178.26,2026-08-14,3,False
C,Financials,Banks - Diversified,MACD,MACD 突破 0 軸,None,0.0,0.595,0.7143,0.7143,0.3301,7,618,0.0327,137.58,142.08,146.58,136.2,2026-08-12,3,False
STX,Information Technology,Computer Hardware,MACD,MACD 突破 0 軸,None,0.0,0.595,0.7143,0.7143,0.4064,7,529,0.0607,973.44,1032.53,1091.62,963.71,2026-08-14,3,False
SNDK,Information Technology,Computer Hardware,RSI,RSI 動能加速（強勢區）,None,0.0,0.51,0.7059,0.7059,0.366,34,2885,0.1227,1641.11,1842.47,2043.84,1624.7,2026-08-14,3,False
WDC,Information Technology,Computer Hardware,RSI,RSI 上穿 50 中性線,None,0.0,0.4675,0.7,0.7,0.3785,20,1593,0.0721,508.8,545.48,582.17,503.71,2026-08-14,3,False
HWM,Industrials,Aerospace & Defense,BB,BB 中軌向上（上升趨勢）,Morning Star,0.8,1.0,0.6667,0.6667,0.5233,6,407,0.0198,289.18,294.91,300.63,286.29,2026-08-14,3,False
META,Communication Services,Internet Content & Information,MACD,MACD 金叉 (空頭區),None,0.0,0.42,0.6364,0.6364,0.3254,11,252,0.0265,589.85,605.48,621.11,583.95,2026-08-14,3,False
COR,Health Care,Medical Distribution,BB,BB 中軌向上（上升趨勢）,Bullish Engulfing,0.75,1.0,0.625,0.625,0.3577,8,260,0.0247,313.82,321.57,329.32,310.68,2026-08-14,3,False
ORCL,Information Technology,Software - Infrastructure,MACD,MACD 突破 0 軸,None,0.0,0.595,0.625,0.625,0.4064,8,529,0.0138,153.28,155.4,157.51,151.75,2026-08-12,3,False
Q,Information Technology,Semiconductor Equipment & Materials,RSI,RSI 上穿 50 中性線,None,0.0,0.4675,0.625,0.625,0.3785,8,1593,0.0393,142.08,147.66,153.25,140.66,2026-08-12,3,False
AKAM,Information Technology,Software - Infrastructure,RSI,RSI 上穿 50 中性線,None,0.0,0.4675,0.6154,0.6154,0.3785,13,1593,0.0355,122.78,127.14,131.5,121.55,2026-08-12,3,False
ENB,Energy,Oil & Gas Midstream,RSI,RSI 維持超賣,None,0.0,0.385,0.6122,,0.6122,0,98,0.0203,50.91,51.94,52.98,50.4,2026-08-14,3,False
OKE,Energy,Oil & Gas Midstream,MACD,MACD 金叉 (多頭區),None,0.0,0.68,0.6,0.6,0.3125,5,144,0.0126,92.47,93.64,94.8,91.55,2026-08-12,3,False
PNC,Financials,Banks - Regional,KDJ,KDJ 金叉,None,0.0,0.5525,0.5882,0.5882,0.3142,17,1932,0.0121,255.46,258.55,261.64,252.91,2026-08-12,3,False
HUM,Health Care,Healthcare Plans,RSI,RSI 上穿 50 中性線,None,0.0,0.4675,0.5882,0.5882,0.3144,17,1323,0.0348,388.83,402.36,415.89,384.94,2026-08-12,3,False
HLT,Consumer Discretionary,Lodging,RSI,RSI 上穿 50 中性線,None,0.0,0.4675,0.5833,0.5833,0.3072,24,1123,0.0141,327.21,331.82,336.44,323.94,2026-08-14,3,False
CCL,Consumer Discretionary,Travel Services,RSI,RSI 上穿 50 中性線,None,0.0,0.4675,0.5789,0.5789,0.3072,19,1123,0.028,28.42,29.22,30.01,28.14,2026-08-13,3,False
VRT,Industrials,Electrical Equipment & Parts,RSI,RSI 維持強勢 (50-70),None,0.0,0.51,0.5753,0.5753,0.2986,365,19157,0.0264,293.84,301.6,309.35,290.9,2026-08-14,3,False
AMAT,Information Technology,Semiconductor Equipment & Materials,RSI,RSI 上穿 50 中性線,None,0.0,0.4675,0.5652,0.5652,0.3785,23,1593,0.0388,548.15,569.42,590.69,542.67,2026-08-12,3,False
LITE,Information Technology,Communication Equipment,RSI,RSI 維持強勢 (50-70),None,0.0,0.51,0.5625,0.5625,0.3645,240,16764,0.0391,926.14,962.35,998.56,916.88,2026-08-14,3,False
INTC,Information Technology,Semiconductors,RSI,RSI 上穿 50 中性線,None,0.0,0.4675,0.5556,0.5556,0.3785,18,1593,0.0314,104.56,107.84,111.13,103.51,2026-08-13,3,False
SQM,Materials,Specialty Chemicals,MACD,MACD 突破 0 軸,Morning Star,0.8,1.0,0.5455,,,0,0,0.0313,74.32,76.65,78.97,73.58,2026-08-14,3,False
SYF,Financials,Credit Services,RSI,RSI 加速上升,Consolidation Breakout,0.73,1.0,0.5455,0.5455,0.2555,11,1679,0.025,81.0,83.02,85.05,80.19,2026-08-14,3,False
MU,Information Technology,Semiconductors,RSI,RSI 動能加速（強勢區）,None,0.0,0.51,0.5441,0.5441,0.366,68,2885,0.029,949.83,977.38,1004.92,940.33,2026-08-13,3,False
BG,Consumer Staples,Farm Products,MACD,MACD 金叉 (空頭區),None,0.0,0.42,0.5385,0.5385,0.241,13,473,0.0184,111.75,113.81,115.86,110.63,2026-08-12,3,False
SOLV,Health Care,Medical Instruments & Supplies,KDJ,KDJ 金叉,None,0.0,0.5525,0.5333,0.5333,0.2852,15,1536,0.0148,88.59,89.9,91.21,87.7,2026-08-14,3,False
EGP,Real Estate,REIT - Industrial,KDJ,KDJ 超賣區金叉,Morning Star,0.8,1.0,0.5294,,0.5294,0,17,0.0163,203.45,206.77,210.08,201.42,2026-08-12,3,False
CVNA,Consumer Discretionary,Auto & Truck Dealerships,RSI,RSI 加速上升,None,0.0,0.5525,0.5281,0.5281,0.3117,178,6796,0.0471,75.59,79.15,82.71,74.83,2026-08-14,3,False
TER,Information Technology,Semiconductor Equipment & Materials,BB,BB 中軌向上（上升趨勢）,None,0.0,0.51,0.5277,0.5277,0.3639,307,16781,0.0256,418.79,429.51,440.23,414.6,2026-08-14,3,False
DELL,Information Technology,Computer Hardware,KDJ,KDJ 金叉,None,0.0,0.5525,0.5263,0.5263,0.3918,38,1955,0.0391,484.5,503.44,522.39,479.65,2026-08-12,3,False
GNRC,Industrials,Specialty Industrial Machinery,RSI,RSI 上穿 50 中性線,None,0.0,0.4675,0.5238,0.5238,0.304,21,1816,0.019,219.3,223.47,227.63,217.11,2026-08-14,3,False
BA,Industrials,Aerospace & Defense,BB,BB 中軌向上（上升趨勢）,None,0.0,0.51,0.52,0.52,0.2929,150,17460,0.0116,231.67,234.36,237.04,229.35,2026-08-14,3,False
GEV,Industrials,Specialty Industrial Machinery,BB,價格在 BB 中軌上方,None,0.0,0.425,0.5185,0.5185,0.295,297,22337,0.021,1063.25,1085.58,1107.91,1052.62,2026-08-14,3,False
FIX,Industrials,Engineering & Construction,KDJ,KDJ 金叉,None,0.0,0.5525,0.5116,0.5116,0.3223,43,2110,0.0183,1774.0601,1806.53,1838.99,1756.32,2026-08-14,3,False
CEG,Utilities,Utilities - Independent Power Producers,RSI,RSI 加速上升,None,0.0,0.5525,0.5093,0.5093,0.2565,161,4905,0.0227,282.5,288.91,295.33,279.68,2026-08-14,3,False
CSX,Industrials,Railroads,RSI,RSI 上穿 50 中性線,Support,0.9,1.0,0.5,,,0,0,0.02,50.08,51.08,52.08,49.58,2026-08-12,3,False
MRK,Health Care,Drug Manufacturers - General,BB,BB 中軌向上（上升趨勢）,Consolidation Breakout,0.75,1.0,0.5,0.5,0.209,20,933,0.0263,135.84,139.41,142.99,134.48,2026-08-14,3,False
STT,Financials,Asset Management,BB,BB 中軌向上（上升趨勢）,Consolidation Breakout,0.76,1.0,0.5,0.5,0.2496,18,1951,0.0089,191.74,193.45,195.15,189.82,2026-08-14,3,False
GDDY,Information Technology,Software - Infrastructure,RSI,RSI 上穿 50 中性線,Support,0.7,0.9570000000000001,0.5,,,0,0,0.02,91.82,93.66,95.49,90.9,2026-08-12,3,False
ANET,Information Technology,Computer Hardware,KDJ,KDJ 金叉,None,0.0,0.5525,0.5,0.5,0.3918,24,1955,0.0201,210.5,214.73,218.96,208.4,2026-08-12,3,False
HPQ,Information Technology,Computer Hardware,KDJ,KDJ 金叉,None,0.0,0.5525,0.5,0.5,0.3918,18,1955,0.0095,31.3,31.6,31.89,30.99,2026-08-13,3,False
MGM,Consumer Discretionary,Resorts & Casinos,KDJ,KDJ 金叉,None,0.0,0.5525,0.5,0.5,0.3183,18,1244,0.0272,44.1,45.3,46.5,43.66,2026-08-14,3,False
RJF,Financials,Asset Management,KDJ,KDJ 金叉,None,0.0,0.5525,0.5,0.5,0.3142,24,1932,0.011,181.18,183.17,185.17,179.37,2026-08-12,3,False
IRM,Real Estate,REIT - Specialty,RSI,RSI 上穿 50 中性線,None,0.0,0.4675,0.5,0.5,0.2311,14,818,0.0187,124.36,126.69,129.01,123.12,2026-08-12,3,False
TRGP,Energy,Oil & Gas Midstream,RSI,RSI 上穿 50 中性線,None,0.0,0.4675,0.5,0.5,0.361,26,579,0.0084,275.79,278.11,280.42,273.03,2026-08-14,3,False
EME,Industrials,Engineering & Construction,RSI,RSI 動能加速（強勢區）,None,0.0,0.51,0.4884,0.4884,0.2891,43,3037,0.0164,833.4,847.07,860.74,825.07,2026-08-12,3,False
ODFL,Industrials,Trucking,KDJ,KDJ 金叉,None,0.0,0.5525,0.4828,0.4828,0.3223,29,2110,0.0079,212.55,214.23,215.91,210.42,2026-08-12,3,False
NCLH,Consumer Discretionary,Travel Services,KDJ,KDJ 金叉,None,0.0,0.5525,0.4783,0.4783,0.3183,23,1244,0.0146,19.55,19.84,20.12,19.35,2026-08-13,3,False
VST,Utilities,Utilities - Independent Power Producers,RSI,RSI 加速上升,None,0.0,0.5525,0.4759,0.4759,0.2565,166,4905,0.019,148.13,150.94,153.76,146.65,2026-08-14,3,False
PEG,Utilities,Utilities - Regulated Electric,KDJ,KDJ 金叉,None,0.0,0.5525,0.4737,0.4737,0.3001,19,713,0.0146,75.87,76.98,78.09,75.11,2026-08-12,3,False
PM,Consumer Staples,Tobacco,KDJ,KDJ 金叉,None,0.0,0.5525,0.4737,0.4737,0.2503,19,779,0.0131,188.91,191.38,193.86,187.02,2026-08-13,3,False
HOOD,Financials,Capital Markets,BB,價格在 BB 中軌上方,None,0.0,0.425,0.4732,0.4732,0.2847,336,21689,0.0167,95.56,97.16,98.75,94.6,2026-08-14,3,False
EIX,Utilities,Utilities - Regulated Electric,KDJ,KDJ 超賣區金叉,None,0.0,0.5599999999999999,0.4667,0.4667,0.2521,15,472,0.0118,69.4,70.22,71.04,68.71,2026-08-12,3,False
RF,Financials,Banks - Regional,KDJ,KDJ 金叉,None,0.0,0.5525,0.4667,0.4667,0.3142,15,1932,0.0187,31.9,32.5,33.09,31.58,2026-08-14,3,False
NRG,Utilities,Utilities - Independent Power Producers,RSI,RSI 加速上升,None,0.0,0.5525,0.4655,0.4655,0.2565,116,4905,0.0194,126.24,128.69,131.14,124.98,2026-08-14,3,False
PLTR,Information Technology,Software - Infrastructure,RSI,RSI 維持強勢 (50-70),None,0.0,0.51,0.4644,0.4644,0.3645,295,16764,0.0159,174.04,176.81,179.57,172.3,2026-08-14,3,False
RCL,Consumer Discretionary,Travel Services,RSI,RSI 維持強勢 (50-70),None,0.0,0.51,0.4618,0.4618,0.2995,262,10441,0.0148,309.88,314.47,319.05,306.78,2026-08-13,3,False
KKR,Financials,Asset Management,RSI,RSI 動能加速（強勢區）,None,0.0,0.51,0.4615,0.4615,0.279,52,3129,0.0115,115.3,116.63,117.95,114.15,2026-08-13,3,False
EBAY,Consumer Discretionary,Internet Retail,BB,BB 跌破下軌 (超賣),None,0.0,0.45499999999999996,0.4615,0.4615,0.2974,13,733,0.019,102.31,104.25,106.2,101.29,2026-08-12,3,False
CRWD,Information Technology,Software - Infrastructure,RSI,RSI 維持強勢 (50-70),None,0.0,0.51,0.4578,0.4578,0.3645,249,16764,0.0167,216.95,220.57,224.2,214.78,2026-08-14,3,False
JBL,Information Technology,Electronic Components,RSI,RSI 加速上升,None,0.0,0.5525,0.4566,0.4566,0.3693,173,10688,0.0157,363.1,368.8,374.5,359.47,2026-08-14,3,False
STLD,Materials,Steel,RSI,RSI 維持強勢 (50-70),None,0.0,0.51,0.456,0.456,0.286,182,5721,0.0141,255.77,259.38,262.98,253.21,2026-08-14,3,False
COIN,Financials,Financial Data & Stock Exchanges,RSI,RSI 加速上升,None,0.0,0.5525,0.4551,0.4551,0.3014,178,11488,0.0117,153.9,155.7,157.5,152.36,2026-08-13,3,False
BBD,Financials,Banks - Regional,RSI,RSI 維持超賣,None,0.0,0.385,0.4547,,0.4547,0,508,0.0093,3.14,3.17,3.2,3.11,2026-08-14,3,False
DIS,Communication Services,Entertainment,RSI,RSI 動能加速（強勢區）,Consolidation Breakout,0.73,1.0,0.4545,0.4545,0.2677,11,254,0.0244,106.85,109.46,112.06,105.78,2026-08-14,3,False
KHC,Consumer Staples,Packaged Foods,RSI,RSI 上穿 50 中性線,None,0.0,0.4675,0.4545,0.4545,0.2565,22,928,0.0064,25.38,25.54,25.7,25.13,2026-08-13,3,False
TDG,Industrials,Aerospace & Defense,MACD,MACD 金叉 (空頭區),None,0.0,0.42,0.4545,0.4545,0.3303,11,875,0.0143,1256.9,1274.87,1292.85,1244.33,2026-08-14,3,False
IBKR,Financials,Capital Markets,RSI,RSI 加速上升,None,0.0,0.5525,0.4504,0.4504,0.3014,131,11488,0.0104,92.06,93.02,93.97,91.14,2026-08-14,3,False
EQR,Real Estate,REIT - Residential,KDJ,KDJ 金叉,None,0.0,0.5525,0.45,0.45,0.2818,20,550,0.0117,65.97,66.74,67.51,65.31,2026-08-13,3,False
FOXA,Communication Services,Entertainment,RSI,RSI 動能加速（強勢區）,None,0.0,0.51,0.4483,0.4483,0.3135,29,772,0.0029,69.04,69.24,69.44,68.35,2026-08-14,3,False
NBIS,Communication Services,Internet Content & Information,RSI,RSI 加速上升,None,0.0,0.5525,0.4481,,0.4481,0,241,0.0027,259.2,259.9,260.6,256.61,2026-08-12,3,True
RDDT,Communication Services,Internet Content & Information,RSI,RSI 加速上升,None,0.0,0.5525,0.4481,,0.4481,0,241,0.0027,178.09,178.57,179.05,176.31,2026-08-14,3,True
NEM,Materials,Gold,RSI,RSI 維持強勢 (50-70),None,0.0,0.51,0.4479,0.4479,0.286,288,5721,0.009,114.19,115.22,116.25,113.05,2026-08-13,3,False
WELL,Real Estate,REIT - Healthcare Facilities,RSI,RSI 上穿 50 中性線,None,0.0,0.4675,0.4474,0.4474,0.2311,38,818,0.011,234.44,237.02,239.6,232.1,2026-08-13,3,False
AAOI,Information Technology,Communication Equipment,RSI,RSI 維持強勢 (50-70),None,0.0,0.51,0.4471,,0.4471,0,747,0.0161,150.28,152.7,155.12,148.78,2026-08-14,3,True
CBRS,Information Technology,Semiconductors,RSI,RSI 維持強勢 (50-70),None,0.0,0.51,0.4471,,0.4471,0,747,0.0161,218.98,222.51,226.03,216.79,2026-08-14,3,True
CRWV,Information Technology,Software - Infrastructure,RSI,RSI 維持強勢 (50-70),None,0.0,0.51,0.4471,,0.4471,0,747,0.0161,107.73,109.46,111.2,106.65,2026-08-12,3,True
QNT,Information Technology,Software - Application,RSI,RSI 維持強勢 (50-70),None,0.0,0.51,0.4471,,0.4471,0,747,0.0161,63.585,64.61,65.63,62.95,2026-08-14,3,True
DDOG,Information Technology,Software - Application,RSI,RSI 加速上升,None,0.0,0.5525,0.4467,0.4467,0.3693,150,10688,0.0121,255.46,258.55,261.64,252.91,2026-08-14,3,False
MS,Financials,Capital Markets,MACD,MACD 突破 0 軸,None,0.0,0.595,0.4444,0.4444,0.3301,9,618,0.0189,217.64,221.75,225.87,215.46,2026-08-12,3,False
CCI,Real Estate,REIT - Specialty,KDJ,KDJ 金叉,None,0.0,0.5525,0.4444,0.4444,0.2818,9,550,-0.0032,75.73,75.49,75.25,74.97,2026-08-13,3,False
KEY,Financials,Banks - Regional,MACD,MACD 金叉 (空頭區),None,0.0,0.42,0.4444,0.4444,0.3214,9,865,0.0232,22.99,23.52,24.06,22.76,2026-08-13,3,False
CPRT,Industrials,Specialty Business Services,RSI,RSI 動能加速（強勢區）,Consolidation Breakout,0.85,1.0,0.443,,0.443,0,79,0.0094,31.61,31.91,32.2,31.29,2026-08-14,3,True
KLAC,Information Technology,Semiconductor Equipment & Materials,RSI,RSI 維持強勢 (50-70),None,0.0,0.51,0.4427,0.4427,0.3645,314,16764,0.0104,203.72,205.84,207.96,201.68,2026-08-14,3,False
AVB,Real Estate,REIT - Residential,KDJ,KDJ 金叉,None,0.0,0.5525,0.4412,,0.4412,0,34,0.011,184.06,186.08,188.11,182.22,2026-08-14,3,True
GEN,Information Technology,Software - Infrastructure,KDJ,KDJ 金叉,None,0.0,0.5525,0.4375,0.4375,0.3918,16,1955,0.0205,29.57,30.18,30.78,29.27,2026-08-13,3,False
MRNA,Health Care,Biotechnology,RSI,RSI 動能加速（強勢區）,None,0.0,0.51,0.4375,0.4375,0.2606,32,1869,0.009,63.67,64.24,64.82,63.03,2026-08-12,3,False
APA,Energy,Oil & Gas E&P,BB,BB 中軌向上（上升趨勢）,None,0.0,0.51,0.4367,0.4367,0.2962,229,4484,0.0055,40.47,40.69,40.92,40.07,2026-08-14,3,False
HBAN,Financials,Banks - Regional,RSI,RSI 加速上升,None,0.0,0.5525,0.4365,0.4365,0.3014,126,11488,0.0137,17.91,18.16,18.4,17.73,2026-08-14,3,False
KEYS,Information Technology,Scientific & Technical Instruments,RSI,RSI 動能加速（強勢區）,None,0.0,0.51,0.4359,0.4359,0.366,39,2885,0.0237,354.5,362.9,371.3,350.95,2026-08-12,3,False
KSPI,Information Technology,Software - Infrastructure,BB,價格在 BB 中軌上方,None,0.0,0.425,0.4327,,0.4327,0,1188,0.0141,99.55,100.95,102.36,98.55,2026-08-12,3,True
P,Information Technology,Computer Hardware,BB,價格在 BB 中軌上方,None,0.0,0.425,0.4327,,0.4327,0,1188,0.0141,111.4,112.97,114.54,110.29,2026-08-12,3,True
LYV,Communication Services,Entertainment,RSI,RSI 加速上升,None,0.0,0.5525,0.4314,0.4314,0.3116,102,3322,0.0056,186.06,187.1,188.14,184.2,2026-08-13,3,False
GIS,Consumer Staples,Packaged Foods,BB,BB 中軌向上（上升趨勢）,Consolidation Breakout,0.75,1.0,0.4286,0.4286,0.2105,7,779,0.0082,39.2,39.52,39.84,38.81,2026-08-14,3,False
TKO,Communication Services,Entertainment,MACD,MACD 突破 0 軸,None,0.0,0.595,0.4286,0.4286,0.3333,7,165,0.0011,195.14,195.35,195.57,193.19,2026-08-12,3,False
FICO,Information Technology,Software - Application,RSI,RSI 加速上升,None,0.0,0.5525,0.4286,0.4286,0.3693,154,10688,0.0027,1085.78,1088.71,1091.64,1074.92,2026-08-14,3,False
SO,Utilities,Utilities - Regulated Electric,KDJ,KDJ 金叉,None,0.0,0.5525,0.4286,0.4286,0.3001,21,713,0.013,92.52,93.72,94.93,91.59,2026-08-12,3,False
AUR,Consumer Discretionary,Auto Parts,BB,BB 中軌向上（上升趨勢）,Bullish Engulfing,0.75,1.0,0.4279,,0.4279,0,208,0.015,6.99,7.09,7.2,6.92,2026-08-14,3,False
KLAR,Financials,Credit Services,RSI,RSI 維持強勢 (50-70),Morning Star,0.8,1.0,0.4278,,0.4278,0,367,0.0116,20.68,20.92,21.16,20.47,2026-08-13,3,False
MFC,Financials,Insurance - Life,RSI,RSI 維持強勢 (50-70),Morning Star,0.8,1.0,0.4278,,0.4278,0,367,0.0116,44.46,44.98,45.49,44.02,2026-08-14,3,False
APH,Information Technology,Electronic Components,BB,BB 中軌向上（上升趨勢）,None,0.0,0.51,0.4261,0.4261,0.3639,291,16781,0.011,167.11,168.95,170.79,165.44,2026-08-14,3,False
RBA,Industrials,Specialty Business Services,RSI,RSI 維持超賣,None,0.0,0.385,0.4252,,0.4252,0,127,0.01,84.26,85.1,85.95,83.42,2026-08-14,3,True
SNPS,Information Technology,Software - Infrastructure,RSI,RSI 動能加速（強勢區）,None,0.0,0.51,0.4242,0.4242,0.366,33,2885,0.0011,421.5,421.96,422.43,417.28,2026-08-14,3,False
O,Real Estate,REIT - Retail,KDJ,KDJ 金叉,Morning Star,0.8,1.0,0.4231,,0.4231,0,52,0.0133,62.59,63.42,64.25,61.96,2026-08-12,3,False
UDR,Real Estate,REIT - Residential,KDJ,KDJ 金叉,Morning Star,0.8,1.0,0.4231,,0.4231,0,52,0.0133,37.94,38.44,38.95,37.56,2026-08-13,3,False
IHG,Consumer Discretionary,Lodging,RSI,RSI 維持強勢 (50-70),Bullish Engulfing,0.75,1.0,0.4221,,0.4221,0,199,0.0146,161.82,164.18,166.55,160.2,2026-08-12,3,False
YUM,Consumer Discretionary,Restaurants,RSI,RSI 維持強勢 (50-70),Bullish Engulfing,0.75,1.0,0.4221,,0.4221,0,199,0.0146,150.34,152.53,154.73,148.84,2026-08-12,3,False
WSM,Consumer Discretionary,Specialty Retail,BB,價格在 BB 中軌上方,None,0.0,0.425,0.4211,0.4211,0.2984,304,12430,0.0111,241.58,244.26,246.94,239.16,2026-08-14,3,False
AMD,Information Technology,Semiconductors,RSI,RSI 維持強勢 (50-70),Morning Star,0.8,1.0,0.4207,,0.4207,0,454,0.0197,514.39,524.52,534.66,509.25,2026-08-14,3,False
ERIC,Information Technology,Communication Equipment,RSI,RSI 維持強勢 (50-70),Morning Star,0.8,1.0,0.4207,,0.4207,0,454,0.0197,10.27,10.47,10.67,10.17,2026-08-14,3,False
LSCC,Information Technology,Semiconductors,RSI,RSI 維持強勢 (50-70),Morning Star,0.8,1.0,0.4207,,0.4207,0,454,0.0197,130.46,133.03,135.6,129.16,2026-08-14,3,False
TTMI,Information Technology,Electronic Components,RSI,RSI 維持強勢 (50-70),Morning Star,0.8,1.0,0.4207,,0.4207,0,454,0.0197,140.0,142.76,145.52,138.6,2026-08-14,3,False
NFLX,Communication Services,Entertainment,KDJ,KDJ 金叉,None,0.0,0.5525,0.4194,0.4194,0.3345,31,550,0.0183,78.24,79.67,81.1,77.46,2026-08-13,3,False
ALB,Materials,Specialty Chemicals,RSI,RSI 維持強勢 (50-70),None,0.0,0.51,0.4194,0.4194,0.286,248,5721,0.0076,136.15,137.18,138.22,134.79,2026-08-14,3,False
MPWR,Information Technology,Semiconductors,RSI,RSI 維持強勢 (50-70),None,0.0,0.51,0.4184,0.4184,0.3645,294,16764,0.0085,1402.01,1413.93,1425.84,1387.99,2026-08-14,3,False
TRMB,Information Technology,Scientific & Technical Instruments,RSI,RSI 動能加速（強勢區）,None,0.0,0.51,0.4171,,0.4171,0,374,0.014,57.54,58.35,59.15,56.96,2026-08-13,3,True
WDAY,Information Technology,Software - Application,RSI,RSI 動能加速（強勢區）,None,0.0,0.51,0.4171,,0.4171,0,374,0.014,206.45,209.34,212.23,204.39,2026-08-13,3,True
GE,Industrials,Aerospace & Defense,RSI,RSI 上穿 50 中性線,None,0.0,0.4675,0.4167,0.4167,0.304,24,1816,0.0004,368.38,368.53,368.67,364.7,2026-08-14,3,False
AZO,Consumer Discretionary,Auto Parts,BB,價格在 BB 中軌上方,None,0.0,0.425,0.4167,0.4167,0.4026,12,529,0.0157,3040.3701,3088.1,3135.84,3009.97,2026-08-13,3,True
UNP,Industrials,Railroads,RSI,RSI 動能加速（強勢區）,None,0.0,0.51,0.4138,0.4138,0.2891,29,3037,0.0152,297.79,302.32,306.84,294.81,2026-08-13,3,False
RL,Consumer Discretionary,Apparel Manufacturing,RSI,RSI 加速上升,None,0.0,0.5525,0.4132,0.4132,0.3117,167,6796,0.0121,396.35,401.15,405.94,392.39,2026-08-12,3,False
PBA,Energy,Oil & Gas Midstream,RSI,RSI 維持強勢 (50-70),None,0.0,0.51,0.411,,0.411,0,146,0.0074,49.33,49.7,50.06,48.84,2026-08-14,3,True
LLY,Health Care,Drug Manufacturers - General,RSI,RSI 加速上升,None,0.0,0.5525,0.4109,0.4109,0.2803,129,8492,0.0107,1220.28,1233.34,1246.39,1208.08,2026-08-12,3,False
BAC,Financials,Banks - Diversified,RSI,RSI 加速上升,None,0.0,0.5525,0.4104,0.4104,0.3014,173,11488,0.0121,64.81,65.59,66.38,64.16,2026-08-12,3,False
AXIA,Utilities,Utilities - Renewable,BB,BB 跌破下軌 (超賣),None,0.0,0.45499999999999996,0.4097,,0.4097,0,144,0.0064,9.53,9.59,9.65,9.43,2026-08-11,3,True
GLW,Information Technology,Electronic Components,RSI,RSI 上穿 50 中性線,None,0.0,0.4675,0.4091,0.4091,0.3785,22,1593,0.0117,165.99,167.93,169.87,164.33,2026-08-14,3,False
FSLR,Information Technology,Solar,BB,BB 中軌向上（上升趨勢）,None,0.0,0.51,0.4079,0.4079,0.3639,228,16781,0.0019,225.56,225.99,226.42,223.3,2026-08-14,3,False
WAB,Industrials,Railroads,KDJ,KDJ 金叉,None,0.0,0.5525,0.4074,0.4074,0.3223,27,2110,0.0033,297.98,298.96,299.95,295.0,2026-08-13,3,False
HII,Industrials,Aerospace & Defense,RSI,RSI 維持強勢 (50-70),None,0.0,0.51,0.4065,0.4065,0.2986,278,19157,0.0131,327.71,332.0,336.3,324.43,2026-08-14,3,False
ASTS,Information Technology,Communication Equipment,MACD,MACD 突破 0 軸,None,0.0,0.595,0.4064,,0.4064,0,529,0.0085,74.31,74.94,75.57,73.57,2026-08-12,3,False
ASX,Information Technology,Semiconductors,MACD,MACD 突破 0 軸,None,0.0,0.595,0.4064,,0.4064,0,529,0.0085,39.28,39.61,39.95,38.89,2026-08-12,3,False
FORM,Information Technology,Semiconductor Equipment & Materials,MACD,MACD 突破 0 軸,None,0.0,0.595,0.4064,,0.4064,0,529,0.0085,128.77,129.86,130.96,127.48,2026-08-12,3,False
IONQ,Information Technology,Computer Hardware,MACD,MACD 突破 0 軸,None,0.0,0.595,0.4064,,0.4064,0,529,0.0085,46.26,46.65,47.05,45.8,2026-08-14,3,False
ONTO,Information Technology,Semiconductor Equipment & Materials,MACD,MACD 突破 0 軸,None,0.0,0.595,0.4064,,0.4064,0,529,0.0085,337.35,340.22,343.08,333.98,2026-08-12,3,False
TSEM,Information Technology,Semiconductors,MACD,MACD 突破 0 軸,None,0.0,0.595,0.4064,,0.4064,0,529,0.0085,260.31,262.52,264.74,257.71,2026-08-12,3,False
TSM,Information Technology,Semiconductors,MACD,MACD 突破 0 軸,None,0.0,0.595,0.4064,,0.4064,0,529,0.0085,430.49,434.15,437.81,426.19,2026-08-13,3,False
HRL,Consumer Staples,Packaged Foods,KDJ,KDJ 金叉,Bullish Engulfing,0.75,1.0,0.4062,,0.4062,0,32,0.0156,24.44,24.82,25.2,24.2,2026-08-13,3,False
GWW,Industrials,Industrial Distribution,KDJ,KDJ 金叉,None,0.0,0.5525,0.4062,0.4062,0.3223,32,2110,0.005,1304.88,1311.4,1317.93,1291.83,2026-08-12,3,False
AVGO,Information Technology,Semiconductors,BB,BB 中軌向上（上升趨勢）,None,0.0,0.51,0.4056,0.4056,0.3639,323,16781,0.0099,417.82,421.96,426.09,413.64,2026-08-13,3,False
CFG,Financials,Banks - Regional,RSI,RSI 加速上升,None,0.0,0.5525,0.4049,0.4049,0.3014,163,11488,0.0121,74.11,75.01,75.9,73.37,2026-08-13,3,False
EQT,Energy,Oil & Gas E&P,RSI,RSI 加速上升,None,0.0,0.5525,0.4048,0.4048,0.3227,126,3306,0.0092,54.42,54.92,55.42,53.88,2026-08-14,3,False
WAT,Health Care,Diagnostics & Research,RSI,RSI 加速上升,None,0.0,0.5525,0.4048,0.4048,0.2803,126,8492,0.0078,416.15,419.4,422.64,411.99,2026-08-12,3,False
DAL,Industrials,Airlines,RSI,RSI 動能加速（強勢區）,None,0.0,0.51,0.4048,0.4048,0.2891,42,3037,0.008,91.31,92.04,92.77,90.4,2026-08-13,3,False
PBR,Energy,Oil & Gas Integrated,BB,BB 中軌向上（上升趨勢）,Bullish Engulfing,0.75,1.0,0.4038,,0.4038,0,52,0.0187,17.76,18.09,18.42,17.58,2026-08-12,3,False
CAT,Industrials,Farm & Heavy Construction Machinery,BB,價格在 BB 中軌上方,None,0.0,0.425,0.4037,0.4037,0.295,322,22337,0.0145,856.57,868.99,881.41,848.0,2026-08-14,3,False
GPN,Industrials,Specialty Business Services,BB,BB 中軌向上（上升趨勢）,Bullish Engulfing,0.75,1.0,0.4012,,0.4012,0,324,0.0121,88.53,89.6,90.67,87.64,2026-08-12,3,False
RELX,Industrials,Specialty Business Services,BB,BB 中軌向上（上升趨勢）,Bullish Engulfing,0.75,1.0,0.4012,,0.4012,0,324,0.0121,34.67,35.09,35.51,34.32,2026-08-13,3,False
CBOE,Financials,Financial Data & Stock Exchanges,RSI,RSI 維持強勢 (50-70),Morning Star,0.8,1.0,0.4,0.4,0.4278,5,367,0.0183,290.98,296.3,301.63,288.07,2026-08-12,3,False
LRCX,Information Technology,Semiconductor Equipment & Materials,RSI,RSI 維持強勢 (50-70),Morning Star,0.8,1.0,0.4,0.4,0.4207,10,454,0.0116,337.01,340.92,344.83,333.64,2026-08-13,3,False
SCHW,Financials,Capital Markets,BB,BB 中軌向上（上升趨勢）,Consolidation Breakout,0.74,1.0,0.4,0.4,0.2496,15,1951,0.0185,111.09,113.15,115.2,109.98,2026-08-14,3,False
COST,Consumer Staples,Discount Stores,MACD,MACD 突破 0 軸,None,0.0,0.595,0.4,0.4,0.2408,10,299,0.0202,949.58,968.76,987.94,940.08,2026-08-12,3,False
ESS,Real Estate,REIT - Residential,KDJ,KDJ 金叉,None,0.0,0.5525,0.4,0.4,0.2818,15,550,0.002,287.39,287.96,288.54,284.52,2026-08-13,3,False
MCO,Financials,Financial Data & Stock Exchanges,KDJ,KDJ 金叉,None,0.0,0.5525,0.4,0.4,0.3142,25,1932,0.0087,488.42,492.67,496.92,483.54,2026-08-13,3,False
MPC,Energy,Oil & Gas Refining & Marketing,RSI,RSI 動能加速（強勢區）,None,0.0,0.51,0.4,0.4,0.3265,40,873,0.0074,348.25,350.83,353.4,344.77,2026-08-12,3,False
BX,Financials,Asset Management,BB,價格在 BB 中軌上方,None,0.0,0.425,0.3992,0.3992,0.2847,258,21689,0.0081,143.93,145.1,146.26,142.49,2026-08-14,3,False
PANW,Information Technology,Software - Infrastructure,RSI,RSI 加速上升,None,0.0,0.5525,0.3988,0.3988,0.3693,168,10688,0.0075,396.0,398.97,401.94,392.04,2026-08-13,3,False
BLDR,Industrials,Building Products & Equipment,BB,價格在 BB 中軌上方,None,0.0,0.425,0.3983,0.3983,0.295,231,22337,-0.0025,72.51,72.33,72.15,71.78,2026-08-14,3,False
TTD,Communication Services,Advertising Agencies,RSI,RSI 加速上升,None,0.0,0.5525,0.3947,0.3947,0.3116,190,3322,-0.0015,14.14,14.12,14.1,14.0,2026-08-14,3,False
FOX,Communication Services,Entertainment,RSI,RSI 動能加速（強勢區）,None,0.0,0.51,0.3939,0.3939,0.3135,33,772,-0.0003,61.41,61.39,61.37,60.8,2026-08-14,3,False
JD,Consumer Discretionary,Internet Retail,BB,BB 中軌向上（上升趨勢）,None,0.0,0.51,0.3934,,0.3934,0,427,0.0097,29.06,29.34,29.62,28.77,2026-08-14,3,True
VIK,Consumer Discretionary,Travel Services,BB,BB 中軌向上（上升趨勢）,None,0.0,0.51,0.3934,,0.3934,0,427,0.0097,97.99,98.94,99.89,97.01,2026-08-14,3,True
DXCM,Health Care,Medical Devices,BB,價格在 BB 中軌上方,None,0.0,0.425,0.3924,0.3924,0.2804,237,14417,0.0073,89.75,90.41,91.06,88.85,2026-08-14,3,False
ADP,Information Technology,Software - Application,KDJ,KDJ 金叉,None,0.0,0.5525,0.3918,,0.3918,0,1955,0.0107,276.23,279.19,282.14,273.47,2026-08-13,3,False
CLS,Information Technology,Electronic Components,KDJ,KDJ 金叉,None,0.0,0.5525,0.3918,,0.3918,0,1955,0.0107,347.63,351.35,355.07,344.15,2026-08-13,3,False
DOCN,Information Technology,Software - Infrastructure,KDJ,KDJ 金叉,None,0.0,0.5525,0.3918,,0.3918,0,1955,0.0107,133.37,134.8,136.22,132.04,2026-08-12,3,False
FIS,Information Technology,Information Technology Services,KDJ,KDJ 金叉,None,0.0,0.5525,0.3918,,0.3918,0,1955,0.0107,44.13,44.6,45.07,43.69,2026-08-13,3,False
FISV,Information Technology,Financial Technology,KDJ,KDJ 金叉,None,0.0,0.5525,0.3918,,0.3918,0,1955,0.0107,55.5,56.09,56.69,54.95,2026-08-13,3,False
FROG,Information Technology,Software - Application,KDJ,KDJ 金叉,None,0.0,0.5525,0.3918,,0.3918,0,1955,0.0107,95.15,96.17,97.19,94.2,2026-08-13,3,False
MKSI,Information Technology,Scientific & Technical Instruments,KDJ,KDJ 金叉,None,0.0,0.5525,0.3918,,0.3918,0,1955,0.0107,310.73,314.05,317.38,307.62,2026-08-14,3,False
OKTA,Information Technology,Software - Infrastructure,KDJ,KDJ 金叉,None,0.0,0.5525,0.3918,,0.3918,0,1955,0.0107,154.95,156.61,158.27,153.4,2026-08-13,3,False
SIMO,Information Technology,Semiconductors,KDJ,KDJ 金叉,None,0.0,0.5525,0.3918,,0.3918,0,1955,0.0107,268.9,271.78,274.65,266.21,2026-08-14,3,False
SSNC,Information Technology,Software - Application,KDJ,KDJ 金叉,None,0.0,0.5525,0.3918,,0.3918,0,1955,0.0107,82.04,82.92,83.8,81.22,2026-08-13,3,False
UMC,Information Technology,Semiconductors,KDJ,KDJ 金叉,None,0.0,0.5525,0.3918,,0.3918,0,1955,0.0107,19.31,19.52,19.72,19.12,2026-08-12,3,False
XYZ,Information Technology,Software - Infrastructure,KDJ,KDJ 金叉,None,0.0,0.5525,0.3918,,0.3918,0,1955,0.0107,82.88,83.77,84.65,82.05,2026-08-14,3,False
FDXF,Industrials,Integrated Freight & Logistics,RSI,RSI 上穿 50 中性線,None,0.0,0.4675,0.3898,,0.3898,0,118,0.0111,151.99,153.68,155.36,150.47,2026-08-13,3,True
WMS,Industrials,Building Products & Equipment,RSI,RSI 上穿 50 中性線,None,0.0,0.4675,0.3898,,0.3898,0,118,0.0111,149.23,150.89,152.54,147.74,2026-08-13,3,True
TECH,Health Care,Biotechnology,BB,價格在 BB 中軌上方,None,0.0,0.425,0.3897,0.3897,0.2804,195,14417,-0.0003,72.17,72.15,72.13,71.45,2026-08-13,3,False
BROS,Consumer Discretionary,Restaurants,RSI,RSI 維持超賣,None,0.0,0.385,0.3894,,0.3894,0,565,0.0066,51.13,51.47,51.8,50.62,2026-08-13,3,False
ROL,Consumer Discretionary,Personal Services,RSI,RSI 維持超賣,None,0.0,0.385,0.3894,,0.3894,0,565,0.0066,36.2,36.44,36.68,35.84,2026-08-14,3,False
NVDA,Information Technology,Semiconductors,BB,價格在 BB 中軌上方,None,0.0,0.425,0.3889,0.3889,0.3573,342,20206,0.0044,225.16,226.15,227.14,222.91,2026-08-14,3,False
VOD,Communication Services,Telecom Services,RSI,RSI 維持強勢 (50-70),Bullish Engulfing,0.75,1.0,0.3884,,0.3884,0,121,0.0056,16.22,16.31,16.4,16.06,2026-08-13,3,False
HPE,Information Technology,Communication Equipment,RSI,RSI 加速上升,None,0.0,0.5525,0.3879,0.3879,0.3693,116,10688,0.0216,58.71,59.98,61.25,58.12,2026-08-14,3,False
WMB,Energy,Oil & Gas Midstream,RSI,RSI 加速上升,None,0.0,0.5525,0.3865,0.3865,0.3227,163,3306,0.0084,75.2,75.83,76.46,74.45,2026-08-14,3,False
DVN,Energy,Oil & Gas E&P,RSI,RSI 加速上升,None,0.0,0.5525,0.3864,0.3864,0.3227,132,3306,0.005,45.85,46.08,46.31,45.39,2026-08-14,3,False
CNC,Health Care,Healthcare Plans,RSI,RSI 維持強勢 (50-70),None,0.0,0.51,0.386,0.386,0.2772,215,12123,0.007,67.47,67.94,68.41,66.8,2026-08-14,3,False
UAL,Industrials,Airlines,BB,價格在 BB 中軌上方,None,0.0,0.425,0.3856,0.3856,0.295,306,22337,0.0068,125.34,126.19,127.04,124.09,2026-08-14,3,False
F,Consumer Discretionary,Auto Manufacturers,KDJ,KDJ 超賣區金叉,None,0.0,0.5599999999999999,0.3846,0.3846,0.3775,13,302,0.0075,13.89,13.99,14.1,13.75,2026-08-13,3,False
JBHT,Industrials,Integrated Freight & Logistics,KDJ,KDJ 金叉,None,0.0,0.5525,0.3846,0.3846,0.3223,26,2110,-0.002,275.96,275.41,274.86,273.2,2026-08-12,3,False
UNH,Health Care,Healthcare Plans,KDJ,KDJ 金叉,None,0.0,0.5525,0.3846,0.3846,0.2852,26,1536,0.0124,405.59,410.62,415.65,401.53,2026-08-12,3,False
WRB,Financials,Insurance - Property & Casualty,KDJ,KDJ 金叉,None,0.0,0.5525,0.3846,0.3846,0.3142,26,1932,0.0135,70.51,71.46,72.41,69.8,2026-08-14,3,False
FCX,Materials,Copper,RSI,RSI 維持強勢 (50-70),None,0.0,0.51,0.3838,0.3838,0.286,198,5721,-0.0068,66.49,66.04,65.59,65.83,2026-08-14,3,False
NUE,Materials,Steel,RSI,RSI 維持強勢 (50-70),None,0.0,0.51,0.3827,0.3827,0.286,162,5721,0.0078,268.91,271.01,273.1,266.22,2026-08-14,3,False
ADI,Information Technology,Semiconductors,RSI,RSI 維持強勢 (50-70),None,0.0,0.51,0.3816,0.3816,0.3645,228,16764,0.0088,389.39,392.82,396.24,385.5,2026-08-14,3,False
UPS,Industrials,Integrated Freight & Logistics,KDJ,KDJ 金叉,None,0.0,0.5525,0.381,0.381,0.3223,21,2110,0.0075,105.54,106.33,107.12,104.48,2026-08-13,3,False
BAP,Financials,Banks - Regional,RSI,RSI 上穿 50 中性線,None,0.0,0.4675,0.3805,,0.3805,0,113,0.0028,386.36,387.44,388.52,382.5,2026-08-14,3,True
IX,Financials,Financial Conglomerates,RSI,RSI 上穿 50 中性線,None,0.0,0.4675,0.3805,,0.3805,0,113,0.0028,40.58,40.69,40.81,40.17,2026-08-12,3,True
VMI,Industrials,Conglomerates,BB,價格在 BB 中軌上方,Bullish Engulfing,0.75,0.9075,0.3799,,0.3799,0,329,0.01,495.25,500.2,505.16,490.3,2026-08-14,3,False
IBM,Information Technology,Information Technology Services,RSI,RSI 維持強勢 (50-70),None,0.0,0.51,0.3798,0.3798,0.3645,208,16764,0.0127,237.14,240.15,243.16,234.77,2026-08-13,3,False
URI,Industrials,Rental & Leasing Services,RSI,RSI 維持強勢 (50-70),None,0.0,0.51,0.3792,0.3792,0.2986,240,19157,0.0121,1153.83,1167.79,1181.75,1142.29,2026-08-14,3,False
FDX,Industrials,Integrated Freight & Logistics,RSI,RSI 維持強勢 (50-70),None,0.0,0.51,0.3788,0.3788,0.2986,198,19157,0.0028,334.64,335.58,336.51,331.29,2026-08-14,3,False
AMKR,Information Technology,Semiconductor Equipment & Materials,RSI,RSI 上穿 50 中性線,None,0.0,0.4675,0.3785,,0.3785,0,1593,0.0087,58.99,59.5,60.02,58.4,2026-08-14,3,False
APLD,Information Technology,Information Technology Services,RSI,RSI 上穿 50 中性線,None,0.0,0.4675,0.3785,,0.3785,0,1593,0.0087,31.15,31.42,31.69,30.84,2026-08-12,3,False
ARM,Information Technology,Semiconductors,RSI,RSI 上穿 50 中性線,None,0.0,0.4675,0.3785,,0.3785,0,1593,0.0087,278.65,281.07,283.5,275.86,2026-08-13,3,False
ARW,Information Technology,Electronics & Computer Distribution,RSI,RSI 上穿 50 中性線,None,0.0,0.4675,0.3785,,0.3785,0,1593,0.0087,213.99,215.85,217.71,211.85,2026-08-14,3,False
CGNX,Information Technology,Scientific & Technical Instruments,RSI,RSI 上穿 50 中性線,None,0.0,0.4675,0.3785,,0.3785,0,1593,0.0087,65.63,66.2,66.77,64.97,2026-08-14,3,False
CHKP,Information Technology,Software - Infrastructure,RSI,RSI 上穿 50 中性線,None,0.0,0.4675,0.3785,,0.3785,0,1593,0.0087,134.23,135.4,136.57,132.89,2026-08-13,3,False
FLEX,Information Technology,Electronic Components,RSI,RSI 上穿 50 中性線,None,0.0,0.4675,0.3785,,0.3785,0,1593,0.0087,126.16,127.26,128.36,124.9,2026-08-14,3,False
LOGI,Information Technology,Computer Hardware,RSI,RSI 上穿 50 中性線,None,0.0,0.4675,0.3785,,0.3785,0,1593,0.0087,104.53,105.44,106.35,103.48,2026-08-13,3,False
NOK,Information Technology,Communication Equipment,RSI,RSI 上穿 50 中性線,None,0.0,0.4675,0.3785,,0.3785,0,1593,0.0087,10.32,10.41,10.5,10.22,2026-08-12,3,False
NXT,Information Technology,Solar,RSI,RSI 上穿 50 中性線,None,0.0,0.4675,0.3785,,0.3785,0,1593,0.0087,104.55,105.46,106.37,103.5,2026-08-13,3,False
SANM,Information Technology,Electronic Components,RSI,RSI 上穿 50 中性線,None,0.0,0.4675,0.3785,,0.3785,0,1593,0.0087,208.9,210.72,212.53,206.81,2026-08-12,3,False
VIAV,Information Technology,Communication Equipment,RSI,RSI 上穿 50 中性線,None,0.0,0.4675,0.3785,,0.3785,0,1593,0.0087,43.11,43.49,43.86,42.68,2026-08-12,3,False
BKR,Energy,Oil & Gas Equipment & Services,RSI,RSI 動能加速（強勢區）,None,0.0,0.51,0.3778,0.3778,0.3265,45,873,-0.0001,64.82,64.81,64.81,64.17,2026-08-14,3,False
GMAB,Health Care,Biotechnology,RSI,RSI 動能加速（強勢區）,None,0.0,0.51,0.3778,,0.3778,0,225,0.0031,31.42,31.52,31.61,31.11,2026-08-12,3,True
ALGM,Information Technology,Semiconductors,MACD,MACD 金叉 (空頭區),None,0.0,0.42,0.3767,,0.3767,0,754,0.0102,42.47,42.9,43.34,42.05,2026-08-12,3,False
SLB,Energy,Oil & Gas Equipment & Services,RSI,RSI 動能加速（強勢區）,Consolidation Breakout,0.72,1.0,0.375,0.375,0.2703,8,185,0.0008,53.77,53.81,53.86,53.23,2026-08-14,3,False
FANG,Energy,Oil & Gas E&P,MACD,MACD 金叉 (多頭區),None,0.0,0.68,0.375,0.375,0.3125,8,144,-0.0054,199.74,198.66,197.58,197.74,2026-08-12,3,False
ELV,Health Care,Healthcare Plans,MACD,MACD 突破 0 軸,None,0.0,0.595,0.375,0.375,0.3171,8,432,0.0041,398.22,399.85,401.49,394.24,2026-08-13,3,False
LULU,Consumer Discretionary,Apparel Retail,BB,BB 中軌向上（上升趨勢）,None,0.0,0.51,0.375,0.375,0.2908,152,9757,0.0064,119.55,120.32,121.08,118.35,2026-08-14,3,False
UHS,Health Care,Medical Care Facilities,RSI,RSI 動能加速（強勢區）,None,0.0,0.51,0.375,0.375,0.2606,24,1869,0.0077,172.45,173.78,175.11,170.73,2026-08-12,3,False
CF,Materials,Agricultural Inputs,RSI,RSI 維持強勢 (50-70),None,0.0,0.51,0.3742,0.3742,0.286,155,5721,0.0005,120.01,120.07,120.13,118.81,2026-08-12,3,False
DLTR,Consumer Staples,Discount Stores,RSI,RSI 維持強勢 (50-70),None,0.0,0.51,0.3736,0.3736,0.2452,182,7574,-0.0013,129.39,129.22,129.05,128.1,2026-08-14,3,False
NTRS,Financials,Asset Management,RSI,RSI 加速上升,None,0.0,0.5525,0.3734,0.3734,0.3014,158,11488,0.0119,191.41,193.69,195.97,189.5,2026-08-14,3,False
NOW,Information Technology,Software - Application,BB,價格在 BB 中軌上方,None,0.0,0.425,0.371,0.371,0.3573,221,20206,0.0031,124.0,124.38,124.77,122.76,2026-08-14,3,False
PWR,Industrials,Engineering & Construction,RSI,RSI 維持強勢 (50-70),None,0.0,0.51,0.3709,0.3709,0.2986,275,19157,0.0062,685.78,690.03,694.28,678.92,2026-08-14,3,False
EPD,Energy,Oil & Gas Midstream,MACD,MACD 金叉 (多頭區),Consolidation Breakout,0.85,1.0,0.3704,,0.3704,0,27,0.0062,38.9,39.14,39.38,38.51,2026-08-14,3,True
QSR,Consumer Discretionary,Restaurants,MACD,MACD 金叉 (多頭區),None,0.0,0.68,0.37,,0.37,0,273,0.0063,76.59,77.07,77.56,75.82,2026-08-13,3,False
TXRH,Consumer Discretionary,Restaurants,MACD,MACD 金叉 (多頭區),None,0.0,0.68,0.37,,0.37,0,273,0.0063,214.28,215.63,216.98,212.14,2026-08-12,3,False
eBay,Consumer Discretionary,Internet Retail,MACD,MACD 金叉 (多頭區),None,0.0,0.68,0.37,,0.37,0,273,0.0063,111.75,112.45,113.16,110.63,2026-06-30,3,False
ETN,Industrials,Specialty Industrial Machinery,BB,BB 中軌向上（上升趨勢）,None,0.0,0.51,0.3695,0.3695,0.2929,203,17460,0.0111,451.51,456.52,461.53,446.99,2026-08-14,3,False
ASML,Information Technology,Semiconductor Equipment & Materials,RSI,RSI 加速上升,None,0.0,0.5525,0.3693,,0.3693,0,10688,0.0074,1847.9,1861.57,1875.25,1829.42,2026-08-13,3,False
BMNP,Information Technology,Blockchain,RSI,RSI 加速上升,None,0.0,0.5525,0.3693,,0.3693,0,10688,0.0074,90.6,91.27,91.94,89.69,2026-08-14,3,False
CACI,Information Technology,Information Technology Services,RSI,RSI 加速上升,None,0.0,0.5525,0.3693,,0.3693,0,10688,0.0074,680.08,685.11,690.15,673.28,2026-08-12,3,False
CPAY,Information Technology,Software - Infrastructure,RSI,RSI 加速上升,None,0.0,0.5525,0.3693,,0.3693,0,10688,0.0074,417.6,420.69,423.78,413.42,2026-08-14,3,False
CRDO,Information Technology,Semiconductors,RSI,RSI 加速上升,None,0.0,0.5525,0.3693,,0.3693,0,10688,0.0074,265.99,267.96,269.93,263.33,2026-08-13,3,False
ENTG,Information Technology,Semiconductor Equipment & Materials,RSI,RSI 加速上升,None,0.0,0.5525,0.3693,,0.3693,0,10688,0.0074,163.81,165.02,166.23,162.17,2026-08-13,3,False
EPAM,Information Technology,Information Technology Services,RSI,RSI 加速上升,None,0.0,0.5525,0.3693,,0.3693,0,10688,0.0074,101.55,102.3,103.05,100.53,2026-08-13,3,False
FN,Information Technology,Electronic Components,RSI,RSI 加速上升,None,0.0,0.5525,0.3693,,0.3693,0,10688,0.0074,571.88,576.11,580.34,566.16,2026-08-12,3,False
GFS,Information Technology,Semiconductors,RSI,RSI 加速上升,None,0.0,0.5525,0.3693,,0.3693,0,10688,0.0074,52.69,53.08,53.47,52.16,2026-08-13,3,False
GWRE,Information Technology,Software - Application,RSI,RSI 加速上升,None,0.0,0.5525,0.3693,,0.3693,0,10688,0.0074,182.62,183.97,185.32,180.79,2026-08-13,3,False
LDOS,Information Technology,Information Technology Services,RSI,RSI 加速上升,None,0.0,0.5525,0.3693,,0.3693,0,10688,0.0074,140.38,141.42,142.46,138.98,2026-08-12,3,False
MCHPP,Information Technology,Semiconductors,RSI,RSI 加速上升,None,0.0,0.5525,0.3693,,0.3693,0,10688,0.0074,67.1,67.6,68.09,66.43,2026-08-13,3,False
MDB,Information Technology,Software - Infrastructure,RSI,RSI 加速上升,None,0.0,0.5525,0.3693,,0.3693,0,10688,0.0074,460.33,463.74,467.14,455.73,2026-08-14,3,False
MTSI,Information Technology,Semiconductors,RSI,RSI 加速上升,None,0.0,0.5525,0.3693,,0.3693,0,10688,0.0074,310.75,313.05,315.35,307.64,2026-08-12,3,False
NET,Information Technology,Software - Infrastructure,RSI,RSI 加速上升,None,0.0,0.5525,0.3693,,0.3693,0,10688,0.0074,330.83,333.28,335.73,327.52,2026-08-13,3,False
NTNX,Information Technology,Software - Infrastructure,RSI,RSI 加速上升,None,0.0,0.5525,0.3693,,0.3693,0,10688,0.0074,67.95,68.45,68.96,67.27,2026-08-13,3,False
NVMI,Information Technology,Semiconductor Equipment & Materials,RSI,RSI 加速上升,None,0.0,0.5525,0.3693,,0.3693,0,10688,0.0074,418.12,421.21,424.31,413.94,2026-08-14,3,False
PAYX,Information Technology,Software - Application,RSI,RSI 加速上升,None,0.0,0.5525,0.3693,,0.3693,0,10688,0.0074,125.4,126.33,127.26,124.15,2026-08-13,3,False
RBRK,Information Technology,Software - Infrastructure,RSI,RSI 加速上升,None,0.0,0.5525,0.3693,,0.3693,0,10688,0.0074,105.09,105.87,106.65,104.04,2026-08-13,3,False
SITM,Information Technology,Semiconductors,RSI,RSI 加速上升,None,0.0,0.5525,0.3693,,0.3693,0,10688,0.0074,680.52,685.56,690.59,673.71,2026-08-12,3,False
SMTC,Information Technology,Semiconductors,RSI,RSI 加速上升,None,0.0,0.5525,0.3693,,0.3693,0,10688,0.0074,140.0,141.04,142.07,138.6,2026-08-12,3,False
SNX,Information Technology,Electronics & Computer Distribution,RSI,RSI 加速上升,None,0.0,0.5525,0.3693,,0.3693,0,10688,0.0074,258.74,260.65,262.57,256.15,2026-08-14,3,False
SONY,Information Technology,Consumer Electronics,RSI,RSI 加速上升,None,0.0,0.5525,0.3693,,0.3693,0,10688,0.0074,23.54,23.71,23.89,23.3,2026-08-12,3,False
STRD,Information Technology,Software - Application,RSI,RSI 加速上升,None,0.0,0.5525,0.3693,,0.3693,0,10688,0.0074,68.67,69.18,69.69,67.98,2026-08-13,3,False
STRK,Information Technology,Software - Application,RSI,RSI 加速上升,None,0.0,0.5525,0.3693,,0.3693,0,10688,0.0074,68.05,68.55,69.06,67.37,2026-08-12,3,False
TEAM,Information Technology,Software - Application,RSI,RSI 加速上升,None,0.0,0.5525,0.3693,,0.3693,0,10688,0.0074,165.98,167.21,168.44,164.32,2026-08-13,3,False
TWLO,Information Technology,Software - Infrastructure,RSI,RSI 加速上升,None,0.0,0.5525,0.3693,,0.3693,0,10688,0.0074,249.42,251.27,253.11,246.93,2026-08-13,3,False
U,Information Technology,Software - Application,RSI,RSI 加速上升,None,0.0,0.5525,0.3693,,0.3693,0,10688,0.0074,45.79,46.13,46.47,45.33,2026-08-13,3,False
UBER,Information Technology,Software - Application,RSI,RSI 加速上升,None,0.0,0.5525,0.3693,,0.3693,0,10688,0.0074,75.88,76.44,77.0,75.12,2026-08-13,3,False
UI,Information Technology,Communication Equipment,RSI,RSI 加速上升,None,0.0,0.5525,0.3693,,0.3693,0,10688,0.0074,583.0,587.31,591.63,577.17,2026-08-13,3,False
WSE,Information Technology,Information Technology Services,RSI,RSI 加速上升,None,0.0,0.5525,0.3693,,0.3693,0,10688,0.0074,12.93,13.03,13.12,12.8,2026-08-13,3,False
ZS,Information Technology,Software - Infrastructure,RSI,RSI 加速上升,None,0.0,0.5525,0.3693,,0.3693,0,10688,0.0074,188.18,189.57,190.97,186.3,2026-08-13,3,False
TPL,Energy,Oil & Gas E&P,RSI,RSI 加速上升,None,0.0,0.5525,0.3688,0.3688,0.3227,160,3306,0.0054,358.52,360.46,362.39,354.93,2026-08-14,3,False
EVRG,Utilities,Utilities - Regulated Electric,RSI,RSI 加速上升,Bullish Engulfing,0.75,1.0,0.3684,,0.3684,0,19,0.0036,84.03,84.33,84.64,83.19,2026-08-14,3,False
NGG,Utilities,Utilities - Regulated Electric,RSI,RSI 加速上升,Bullish Engulfing,0.75,1.0,0.3684,,0.3684,0,19,0.0036,81.2,81.49,81.78,80.39,2026-08-13,3,False
OGE,Utilities,Utilities - Regulated Electric,RSI,RSI 加速上升,Bullish Engulfing,0.75,1.0,0.3684,,0.3684,0,19,0.0036,47.5,47.67,47.84,47.02,2026-08-14,3,False
PNW,Utilities,Utilities - Regulated Electric,RSI,RSI 加速上升,Bullish Engulfing,0.75,1.0,0.3684,,0.3684,0,19,0.0036,101.48,101.85,102.21,100.47,2026-08-14,3,False
EFX,Industrials,Consulting Services,RSI,RSI 加速上升,None,0.0,0.5525,0.3667,0.3667,0.2981,150,11545,0.0005,185.58,185.67,185.77,183.72,2026-08-13,3,False
BEN,Financials,Asset Management,RSI,RSI 維持強勢 (50-70),None,0.0,0.51,0.3664,0.3664,0.2842,131,19108,0.0091,33.86,34.17,34.48,33.52,2026-08-14,3,False
GRAB,Information Technology,Software - Application,RSI,RSI 動能加速（強勢區）,None,0.0,0.51,0.366,,0.366,0,2885,0.0091,3.7,3.73,3.77,3.66,2026-08-13,3,False
IOT,Information Technology,Software - Infrastructure,RSI,RSI 動能加速（強勢區）,None,0.0,0.51,0.366,,0.366,0,2885,0.0091,41.14,41.51,41.89,40.73,2026-08-13,3,False
JKHY,Information Technology,Information Technology Services,RSI,RSI 動能加速（強勢區）,None,0.0,0.51,0.366,,0.366,0,2885,0.0091,155.86,157.28,158.7,154.3,2026-08-13,3,False
LFUS,Information Technology,Electronic Components,RSI,RSI 動能加速（強勢區）,None,0.0,0.51,0.366,,0.366,0,2885,0.0091,457.57,461.73,465.9,452.99,2026-08-14,3,False
SHOP,Information Technology,Software - Application,RSI,RSI 動能加速（強勢區）,None,0.0,0.51,0.366,,0.366,0,2885,0.0091,158.53,159.97,161.42,156.94,2026-08-13,3,False
TOST,Information Technology,Software - Infrastructure,RSI,RSI 動能加速（強勢區）,None,0.0,0.51,0.366,,0.366,0,2885,0.0091,35.22,35.54,35.86,34.87,2026-08-13,3,False
BLK,Financials,Asset Management,RSI,RSI 動能加速（強勢區）,None,0.0,0.51,0.3659,0.3659,0.279,41,3129,0.0023,1182.84,1185.56,1188.28,1171.01,2026-08-13,3,False
ES,Utilities,Utilities - Regulated Electric,KDJ,KDJ 金叉,Morning Star,0.8,1.0,0.3654,,0.3654,0,52,0.0081,71.55,72.13,72.71,70.83,2026-08-12,3,False
SMMT,Health Care,Biotechnology,BB,價格在 BB 中軌上方,None,0.0,0.425,0.365,,0.365,0,715,0.0016,14.0,14.02,14.04,13.86,2026-08-13,3,True
BR,Information Technology,Information Technology Services,RSI,RSI 維持強勢 (50-70),None,0.0,0.51,0.3645,,0.3645,0,16764,0.0088,171.01,172.51,174.02,169.3,2026-08-14,3,False
DT,Information Technology,Software - Application,RSI,RSI 維持強勢 (50-70),None,0.0,0.51,0.3645,,0.3645,0,16764,0.0088,49.14,49.57,50.0,48.65,2026-08-14,3,False
FTV,Information Technology,Scientific & Technical Instruments,RSI,RSI 維持強勢 (50-70),None,0.0,0.51,0.3645,,0.3645,0,16764,0.0088,61.62,62.16,62.7,61.0,2026-08-14,3,False
GIB,Information Technology,Information Technology Services,RSI,RSI 維持強勢 (50-70),None,0.0,0.51,0.3645,,0.3645,0,16764,0.0088,73.41,74.06,74.7,72.68,2026-08-14,3,False
INFY,Information Technology,Information Technology Services,RSI,RSI 維持強勢 (50-70),None,0.0,0.51,0.3645,,0.3645,0,16764,0.0088,12.09,12.2,12.3,11.97,2026-08-14,3,False
MRVL,Information Technology,Semiconductors,RSI,RSI 維持強勢 (50-70),None,0.0,0.51,0.3645,,0.3645,0,16764,0.0088,222.02,223.97,225.93,219.8,2026-08-14,3,False
SAP,Information Technology,Software - Application,RSI,RSI 維持強勢 (50-70),None,0.0,0.51,0.3645,,0.3645,0,16764,0.0088,204.15,205.95,207.74,202.11,2026-08-12,3,False
STRC,Information Technology,Software - Application,RSI,RSI 維持強勢 (50-70),None,0.0,0.51,0.3645,,0.3645,0,16764,0.0088,94.78,95.61,96.45,93.83,2026-08-14,3,False
STRF,Information Technology,Software - Application,RSI,RSI 維持強勢 (50-70),None,0.0,0.51,0.3645,,0.3645,0,16764,0.0088,96.21,97.06,97.9,95.25,2026-08-14,3,False
ZM,Information Technology,Software - Application,RSI,RSI 維持強勢 (50-70),None,0.0,0.51,0.3645,,0.3645,0,16764,0.0088,105.96,106.89,107.82,104.9,2026-08-14,3,False
GRMN,Information Technology,Scientific & Technical Instruments,BB,BB 中軌向上（上升趨勢）,None,0.0,0.51,0.3639,,0.3639,0,16781,0.009,310.2,312.99,315.78,307.1,2026-08-14,3,False
SNOW,Information Technology,Software - Application,BB,BB 中軌向上（上升趨勢）,None,0.0,0.51,0.3639,,0.3639,0,16781,0.009,328.92,331.88,334.84,325.63,2026-08-14,3,False
WIT,Information Technology,Information Technology Services,BB,BB 中軌向上（上升趨勢）,None,0.0,0.51,0.3639,,0.3639,0,16781,0.009,1.94,1.96,1.97,1.92,2026-08-14,3,False
HSY,Consumer Staples,Confectioners,RSI,RSI 動能加速（強勢區）,None,0.0,0.51,0.3636,0.3636,0.2456,22,1148,0.0051,184.23,185.17,186.11,182.39,2026-08-12,3,False
TMUS,Communication Services,Telecom Services,MACD,MACD 金叉 (空頭區),None,0.0,0.42,0.3636,0.3636,0.3254,11,252,0.0043,183.38,184.17,184.96,181.55,2026-08-13,3,False
BP,Energy,Oil & Gas Integrated,KDJ,KDJ 金叉,None,0.0,0.5525,0.3614,,0.3614,0,498,0.0061,42.93,43.19,43.45,42.5,2026-08-12,3,False
DINO,Energy,Oil & Gas Refining & Marketing,KDJ,KDJ 金叉,None,0.0,0.5525,0.3614,,0.3614,0,498,0.0061,87.93,88.47,89.0,87.05,2026-08-12,3,False
PAA,Energy,Oil & Gas Midstream,KDJ,KDJ 金叉,None,0.0,0.5525,0.3614,,0.3614,0,498,0.0061,23.45,23.59,23.74,23.22,2026-08-13,3,False
SHEL,Energy,Oil & Gas Integrated,KDJ,KDJ 金叉,None,0.0,0.5525,0.3614,,0.3614,0,498,0.0061,90.47,91.02,91.57,89.57,2026-08-14,3,False
SU,Energy,Oil & Gas Integrated,KDJ,KDJ 金叉,None,0.0,0.5525,0.3614,,0.3614,0,498,0.0061,63.88,64.27,64.66,63.24,2026-08-12,3,False
YPF,Energy,Oil & Gas Integrated,KDJ,KDJ 金叉,None,0.0,0.5525,0.3614,,0.3614,0,498,0.0061,50.05,50.36,50.66,49.55,2026-08-14,3,False
NU,Financials,Banks - Regional,KDJ,KDJ 金叉,None,0.0,0.5525,0.3611,,0.3611,0,108,0.0084,15.23,15.36,15.49,15.08,2026-08-14,3,True
VLYPP,Financials,Banks - Regional,KDJ,KDJ 金叉,None,0.0,0.5525,0.3611,,0.3611,0,108,0.0084,25.06,25.27,25.48,24.81,2026-08-12,3,True
ON,Information Technology,Semiconductors,RSI,RSI 加速上升,None,0.0,0.5525,0.3607,0.3607,0.3693,122,10688,-0.002,81.56,81.4,81.23,80.74,2026-08-13,3,False
CDW,Information Technology,Information Technology Services,RSI,RSI 維持強勢 (50-70),None,0.0,0.51,0.3591,0.3591,0.3645,181,16764,0.0017,139.42,139.66,139.89,138.03,2026-08-14,3,False
ABNB,Consumer Discretionary,Travel Services,BB,價格在 BB 中軌上方,None,0.0,0.425,0.3581,0.3581,0.2984,215,12430,0.0059,184.06,185.15,186.23,182.22,2026-08-14,3,False
SUNB,Industrials,Rental & Leasing Services,RSI,RSI 維持強勢 (50-70),None,0.0,0.51,0.3579,,0.3579,0,746,0.0057,81.23,81.69,82.16,80.42,2026-08-13,3,True
IONS,Health Care,Biotechnology,BB,BB 中軌向上（上升趨勢）,Bullish Engulfing,0.75,1.0,0.3577,,0.3577,0,260,0.0085,57.24,57.73,58.21,56.67,2026-08-14,3,False
ALAB,Information Technology,Semiconductors,BB,價格在 BB 中軌上方,None,0.0,0.425,0.3573,,0.3573,0,20206,0.0074,321.61,323.99,326.37,318.39,2026-08-14,3,False
MSTR,Information Technology,Software - Application,BB,價格在 BB 中軌上方,None,0.0,0.425,0.3573,,0.3573,0,20206,0.0074,97.1,97.82,98.54,96.13,2026-08-13,3,False
RMBS,Information Technology,Semiconductors,BB,價格在 BB 中軌上方,None,0.0,0.425,0.3573,,0.3573,0,20206,0.0074,101.01,101.76,102.5,100.0,2026-08-12,3,False
COF,Financials,Credit Services,BB,BB 中軌向上（上升趨勢）,Consolidation Breakout,0.72,1.0,0.3571,0.3571,0.2496,14,1951,0.0114,227.34,229.93,232.52,225.07,2026-08-14,3,False
AAPL,Information Technology,Consumer Electronics,KDJ,KDJ 金叉,None,0.0,0.5525,0.3571,0.3571,0.3918,28,1955,0.0003,305.93,306.02,306.11,302.87,2026-08-14,3,False
PLD,Real Estate,REIT - Industrial,KDJ,KDJ 金叉,None,0.0,0.5525,0.3571,0.3571,0.2818,14,550,0.0037,140.73,141.25,141.77,139.32,2026-08-12,3,False
KMI,Energy,Oil & Gas Midstream,RSI,RSI 上穿 50 中性線,None,0.0,0.4675,0.3571,0.3571,0.361,28,579,0.0068,32.08,32.3,32.52,31.76,2026-08-13,3,False
AES,Utilities,Utilities - Diversified,BB,價格在 BB 中軌上方,None,0.0,0.425,0.3568,0.3568,0.246,213,9864,0.0076,14.73,14.84,14.95,14.58,2026-08-14,3,False
ZBRA,Information Technology,Communication Equipment,BB,價格在 BB 中軌上方,None,0.0,0.425,0.3568,0.3568,0.3573,227,20206,0.0048,376.03,377.83,379.64,372.27,2026-08-14,3,False
FITB,Financials,Banks - Regional,RSI,RSI 加速上升,None,0.0,0.5525,0.3567,0.3567,0.3014,171,11488,0.0094,58.06,58.61,59.15,57.48,2026-08-14,3,False
KEP,Utilities,Utilities - Regulated Electric,BB,BB 中軌向上（上升趨勢）,None,0.0,0.51,0.3562,,0.3562,0,365,0.0089,11.88,11.99,12.09,11.76,2026-08-12,3,True
APO,Financials,Asset Management,BB,BB 中軌向上（上升趨勢）,None,0.0,0.51,0.3558,0.3558,0.2681,267,16575,0.0095,140.76,142.1,143.43,139.35,2026-08-14,3,False
BAX,Health Care,Medical Instruments & Supplies,RSI,RSI 維持強勢 (50-70),None,0.0,0.51,0.3558,0.3558,0.2772,163,12123,0.0042,26.73,26.84,26.95,26.46,2026-08-14,3,False
DTM,Energy,Oil & Gas Midstream,MACD,MACD 金叉 (空頭區),None,0.0,0.42,0.3557,,0.3557,0,253,0.0057,136.9,137.68,138.46,135.53,2026-08-14,3,False
FFIV,Information Technology,Software - Infrastructure,RSI,RSI 動能加速（強勢區）,None,0.0,0.51,0.3556,0.3556,0.366,45,2885,0.0053,422.95,425.19,427.43,418.72,2026-08-12,3,False
EXPE,Consumer Discretionary,Travel Services,BB,價格在 BB 中軌上方,None,0.0,0.425,0.3544,0.3544,0.2984,285,12430,0.0007,332.69,332.92,333.16,329.36,2026-08-14,3,False
AXON,Industrials,Aerospace & Defense,RSI,RSI 加速上升,None,0.0,0.5525,0.3537,0.3537,0.2981,164,11545,0.0038,615.59,617.93,620.27,609.43,2026-08-13,3,False
ULTA,Consumer Discretionary,Specialty Retail,BB,BB 中軌向上（上升趨勢）,None,0.0,0.51,0.3532,0.3532,0.2908,201,9757,0.0091,510.75,515.4,520.05,505.64,2026-08-14,3,False
FE,Utilities,Utilities - Regulated Electric,KDJ,KDJ 超賣區金叉,None,0.0,0.5599999999999999,0.3529,0.3529,0.2521,17,472,0.0132,47.01,47.63,48.25,46.54,2026-08-12,3,False
MAA,Real Estate,REIT - Residential,KDJ,KDJ 金叉,None,0.0,0.5525,0.3529,0.3529,0.2818,17,550,0.0109,134.2,135.66,137.13,132.86,2026-08-13,3,False
VTR,Real Estate,REIT - Healthcare Facilities,KDJ,KDJ 金叉,None,0.0,0.5525,0.3529,0.3529,0.2818,17,550,0.0042,90.29,90.67,91.05,89.39,2026-08-13,3,False
WEC,Utilities,Utilities - Regulated Electric,KDJ,KDJ 金叉,None,0.0,0.5525,0.3529,,0.3529,0,34,0.0062,109.11,109.79,110.46,108.02,2026-08-12,3,True
EL,Consumer Staples,Household & Personal Products,BB,價格在 BB 中軌上方,None,0.0,0.425,0.3525,0.3525,0.2432,278,8891,-0.0015,86.1,85.97,85.84,85.24,2026-08-14,3,False
CAH,Health Care,Medical Distribution,RSI,RSI 上穿 50 中性線,Bullish Engulfing,0.75,0.9735000000000001,0.3519,,0.3519,0,54,0.0013,235.17,235.48,235.78,232.82,2026-08-14,3,False
INTU,Information Technology,Software - Application,RSI,RSI 動能加速（強勢區）,None,0.0,0.51,0.3514,0.3514,0.366,37,2885,-0.0018,358.29,357.65,357.0,354.71,2026-08-13,3,False
CBRE,Real Estate,Real Estate Services,BB,BB 中軌向上（上升趨勢）,None,0.0,0.51,0.3508,0.3508,0.2647,248,5713,0.0069,151.89,152.94,153.99,150.37,2026-08-13,3,False
CAG,Consumer Staples,Packaged Foods,RSI,RSI 動能加速（強勢區）,None,0.0,0.51,0.35,0.35,0.2456,20,1148,0.0114,15.39,15.57,15.74,15.24,2026-08-13,3,False
FTNT,Information Technology,Software - Infrastructure,RSI,RSI 動能加速（強勢區）,None,0.0,0.51,0.35,0.35,0.366,20,2885,-0.0037,165.44,164.83,164.22,163.79,2026-08-13,3,False
TSLA,Consumer Discretionary,Auto Manufacturers,BB,價格在 BB 中軌上方,None,0.0,0.425,0.3498,0.3498,0.2984,283,12430,0.0041,342.27,343.67,345.08,338.85,2026-08-14,3,False
HAS,Consumer Discretionary,Leisure,RSI,RSI 加速上升,None,0.0,0.5525,0.3485,0.3485,0.3117,132,6796,0.0006,96.7,96.76,96.82,95.73,2026-08-13,3,False
HBANM,Financials,Banks - Regional,BB,BB 跌破下軌 (超賣),None,0.0,0.45499999999999996,0.3485,,0.3485,0,1277,0.0043,20.59,20.68,20.77,20.38,2026-08-14,3,False
BSBR,Financials,Banks - Regional,RSI,RSI 維持強勢 (50-70),None,0.0,0.51,0.3448,,0.3448,0,609,0.0048,5.77,5.8,5.83,5.71,2026-08-14,3,True
PS,Financials,Asset Management,RSI,RSI 維持強勢 (50-70),None,0.0,0.51,0.3448,,0.3448,0,609,0.0048,40.83,41.03,41.22,40.42,2026-08-14,3,True
WBS,Financials,Banks - Regional,RSI,RSI 維持強勢 (50-70),None,0.0,0.51,0.3448,,0.3448,0,609,0.0048,79.0,79.38,79.76,78.21,2026-08-14,3,True
VLO,Energy,Oil & Gas Refining & Marketing,BB,價格在 BB 中軌上方,None,0.0,0.425,0.3448,0.3448,0.2998,232,5768,0.0031,341.67,342.73,343.79,338.25,2026-08-14,3,False
ACGL,Financials,Insurance - Diversified,RSI,RSI 上穿 50 中性線,None,0.0,0.4675,0.3438,0.3438,0.3091,32,1899,0.0041,98.71,99.11,99.52,97.72,2026-08-14,3,False
KDP,Consumer Staples,Beverages - Non-Alcoholic,RSI,RSI 上穿 50 中性線,None,0.0,0.4675,0.3429,0.3429,0.2565,35,928,0.0036,31.12,31.23,31.34,30.81,2026-08-13,3,False
PH,Industrials,Specialty Industrial Machinery,RSI,RSI 加速上升,None,0.0,0.5525,0.3427,0.3427,0.2981,143,11545,0.005,1069.52,1074.87,1080.22,1058.82,2026-08-12,3,False
EMR,Industrials,Specialty Industrial Machinery,RSI,RSI 加速上升,None,0.0,0.5525,0.3409,0.3409,0.2981,132,11545,0.0065,164.21,165.28,166.34,162.57,2026-08-13,3,False
TT,Industrials,Building Products & Equipment,RSI,RSI 維持強勢 (50-70),None,0.0,0.51,0.34,0.34,0.2986,250,19157,0.0086,480.2,484.33,488.46,475.4,2026-08-14,3,False
ARES,Financials,Asset Management,RSI,RSI 加速上升,None,0.0,0.5525,0.3394,0.3394,0.3014,165,11488,0.0081,149.45,150.66,151.87,147.96,2026-08-13,3,False
DASH,Consumer Discretionary,Internet Retail,RSI,RSI 維持強勢 (50-70),None,0.0,0.51,0.3377,0.3377,0.2995,231,10441,0.001,217.02,217.24,217.45,214.85,2026-08-14,3,False
DKNG,Consumer Discretionary,Gambling,MACD,MACD 突破 0 軸,None,0.0,0.595,0.3351,,0.3351,0,376,0.0114,26.14,26.44,26.74,25.88,2026-08-14,3,False
RBLX,Communication Services,Electronic Gaming & Multimedia,KDJ,KDJ 金叉,None,0.0,0.5525,0.3345,,0.3345,0,550,0.0065,35.54,35.77,36.0,35.18,2026-08-12,3,False
TU,Communication Services,Telecom Services,KDJ,KDJ 金叉,None,0.0,0.5525,0.3345,,0.3345,0,550,0.0065,9.68,9.74,9.81,9.58,2026-08-13,3,False
WMG,Communication Services,Entertainment,KDJ,KDJ 金叉,None,0.0,0.5525,0.3345,,0.3345,0,550,0.0065,25.65,25.82,25.98,25.39,2026-08-14,3,False
STZ,Consumer Staples,Beverages - Brewers,RSI,RSI 動能加速（強勢區）,Consolidation Breakout,0.76,1.0,0.3333,0.3333,0.2243,9,419,0.0015,139.18,139.39,139.6,137.79,2026-08-14,3,False
NXPI,Information Technology,Semiconductors,MACD,MACD 金叉 (空頭區),Bullish Engulfing,0.75,0.945,0.3333,,0.3333,0,15,0.0061,234.71,236.14,237.57,232.36,2026-08-14,3,False
CNP,Utilities,Utilities - Regulated Electric,KDJ,KDJ 超賣區金叉,None,0.0,0.5599999999999999,0.3333,0.3333,0.2521,6,472,0.0084,40.53,40.87,41.21,40.12,2026-08-12,3,False
CRL,Health Care,Diagnostics & Research,RSI,RSI 加速上升,None,0.0,0.5525,0.3333,0.3333,0.2803,174,8492,-0.007,284.37,282.38,280.39,281.53,2026-08-12,3,False
DHI,Consumer Discretionary,Residential Construction,RSI,RSI 加速上升,None,0.0,0.5525,0.3333,0.3333,0.3117,135,6796,0.0027,149.88,150.28,150.69,148.38,2026-08-13,3,False
MCHP,Information Technology,Semiconductors,RSI,RSI 加速上升,None,0.0,0.5525,0.3333,0.3333,0.3693,117,10688,0.01,77.69,78.47,79.24,76.91,2026-08-13,3,False
QCOM,Information Technology,Semiconductors,RSI,RSI 加速上升,None,0.0,0.5525,0.3333,0.3333,0.3693,141,10688,0.0074,163.07,164.28,165.48,161.44,2026-08-12,3,False
TFC,Financials,Banks - Regional,KDJ,KDJ 金叉,None,0.0,0.5525,0.3333,0.3333,0.3142,18,1932,0.0103,52.99,53.54,54.08,52.46,2026-08-13,3,False
AOS,Industrials,Specialty Industrial Machinery,BB,BB 中軌向上（上升趨勢）,None,0.0,0.51,0.3333,0.3333,0.2929,138,17460,0.0049,62.17,62.47,62.78,61.55,2026-08-14,3,False
DOW,Materials,Chemicals,RSI,RSI 動能加速（強勢區）,None,0.0,0.51,0.3333,0.3333,0.2962,33,942,-0.0087,31.07,30.8,30.53,30.76,2026-08-14,3,False
JPM,Financials,Banks - Diversified,RSI,RSI 維持強勢 (50-70),None,0.0,0.51,0.3333,0.3333,0.2842,282,19108,0.005,362.84,364.65,366.47,359.21,2026-08-14,3,False
MSCI,Financials,Financial Data & Stock Exchanges,MACD,MACD 金叉 (空頭區),None,0.0,0.42,0.3333,0.3333,0.3214,9,865,0.0068,569.13,573.0,576.87,563.44,2026-08-14,3,False
ARGX,Health Care,Biotechnology,BB,價格在 BB 中軌上方,Bullish Engulfing,0.75,0.9075,0.332,,0.332,0,259,0.0039,876.0,879.42,882.83,867.24,2026-08-12,3,False
BNTX,Health Care,Biotechnology,BB,價格在 BB 中軌上方,Bullish Engulfing,0.75,0.9075,0.332,,0.332,0,259,0.0039,93.09,93.45,93.82,92.16,2026-08-14,3,False
TRP,Energy,Oil & Gas Midstream,KDJ,KDJ 超賣區金叉,None,0.0,0.5599999999999999,0.3319,,0.3319,0,232,0.0088,63.61,64.17,64.73,62.97,2026-08-12,3,False
CHTR,Communication Services,Telecom Services,RSI,RSI 維持強勢 (50-70),None,0.0,0.51,0.3315,0.3315,0.3082,178,5205,-0.0055,154.27,153.42,152.57,152.73,2026-08-14,3,False
HSIC,Health Care,Medical Distribution,BB,價格在 BB 中軌上方,None,0.0,0.425,0.3314,0.3314,0.2804,169,14417,-0.0009,89.77,89.69,89.61,88.87,2026-08-14,3,False
PSKY,Communication Services,Entertainment,RSI,RSI 加速上升,None,0.0,0.5525,0.3309,0.3309,0.3116,139,3322,0.0011,10.14,10.15,10.16,10.04,2026-08-14,3,False
NOC,Industrials,Aerospace & Defense,RSI,RSI 加速上升,None,0.0,0.5525,0.3308,0.3308,0.2981,133,11545,0.0065,577.32,581.07,584.83,571.55,2026-08-12,3,False
AAON,Industrials,Building Products & Equipment,MACD,MACD 金叉 (空頭區),None,0.0,0.42,0.3303,,0.3303,0,875,0.0053,87.8,88.27,88.73,86.92,2026-08-14,3,False
KNX,Industrials,Trucking,MACD,MACD 金叉 (空頭區),None,0.0,0.42,0.3303,,0.3303,0,875,0.0053,73.3,73.69,74.08,72.57,2026-08-13,3,False
MTZ,Industrials,Engineering & Construction,MACD,MACD 金叉 (空頭區),None,0.0,0.42,0.3303,,0.3303,0,875,0.0053,286.11,287.63,289.14,283.25,2026-08-13,3,False
SAIA,Industrials,Trucking,MACD,MACD 金叉 (空頭區),None,0.0,0.42,0.3303,,0.3303,0,875,0.0053,380.22,382.24,384.25,376.42,2026-08-13,3,False
STRL,Industrials,Engineering & Construction,MACD,MACD 金叉 (空頭區),None,0.0,0.42,0.3303,,0.3303,0,875,0.0053,548.95,551.86,554.77,543.46,2026-08-12,3,False
TFII,Industrials,Trucking,MACD,MACD 金叉 (空頭區),None,0.0,0.42,0.3303,,0.3303,0,875,0.0053,145.94,146.71,147.49,144.48,2026-08-12,3,False
XPO,Industrials,Trucking,MACD,MACD 金叉 (空頭區),None,0.0,0.42,0.3303,,0.3303,0,875,0.0053,208.94,210.05,211.15,206.85,2026-08-12,3,False
CRCL,Financials,Capital Markets,MACD,MACD 突破 0 軸,None,0.0,0.595,0.3301,,0.3301,0,618,0.0061,75.38,75.84,76.3,74.63,2026-08-13,3,False
RKT,Financials,Mortgage Finance,MACD,MACD 突破 0 軸,None,0.0,0.595,0.3301,,0.3301,0,618,0.0061,15.04,15.13,15.22,14.89,2026-08-13,3,False
APP,Communication Services,Advertising Agencies,BB,BB 跌破下軌 (超賣),None,0.0,0.45499999999999996,0.33,,0.33,0,397,0.0048,303.76,305.22,306.68,300.72,2026-08-12,3,False
CCZ,Communication Services,Cable & Satellite,BB,BB 跌破下軌 (超賣),None,0.0,0.45499999999999996,0.33,,0.33,0,397,0.0048,62.2,62.5,62.8,61.58,2026-08-12,3,False
ESI,Materials,Specialty Chemicals,RSI,RSI 上穿 50 中性線,None,0.0,0.4675,0.3294,,0.3294,0,595,0.0031,39.01,39.13,39.25,38.62,2026-08-13,3,False
FDS,Financials,Financial Data & Stock Exchanges,RSI,RSI 維持強勢 (50-70),Support,0.8,1.0,0.3276,,0.3276,0,58,0.0022,277.99,278.6,279.21,275.21,2026-08-12,3,False
MA,Financials,Credit Services,RSI,RSI 維持強勢 (50-70),Support,0.9,1.0,0.3276,,0.3276,0,58,0.0022,559.73,560.96,562.19,554.13,2026-08-12,3,False
MET,Financials,Insurance - Life,RSI,RSI 維持強勢 (50-70),Support,0.7,1.0,0.3276,,0.3276,0,58,0.0022,96.66,96.87,97.09,95.69,2026-08-12,3,False
CQP,Energy,Oil & Gas Midstream,RSI,RSI 動能加速（強勢區）,None,0.0,0.51,0.3265,,0.3265,0,873,0.0005,69.05,69.08,69.12,68.36,2026-08-14,3,False
FTI,Energy,Oil & Gas Equipment & Services,RSI,RSI 動能加速（強勢區）,None,0.0,0.51,0.3265,,0.3265,0,873,0.0005,78.61,78.65,78.69,77.82,2026-08-14,3,False
IMO,Energy,Oil & Gas Integrated,RSI,RSI 動能加速（強勢區）,None,0.0,0.51,0.3265,,0.3265,0,873,0.0005,132.35,132.42,132.48,131.03,2026-08-13,3,False
LNG,Energy,Oil & Gas Midstream,RSI,RSI 動能加速（強勢區）,None,0.0,0.51,0.3265,,0.3265,0,873,0.0005,271.64,271.78,271.91,268.92,2026-08-14,3,False
MPLX,Energy,Oil & Gas Midstream,RSI,RSI 動能加速（強勢區）,None,0.0,0.51,0.3265,,0.3265,0,873,0.0005,59.48,59.51,59.54,58.89,2026-08-14,3,False
PR,Energy,Oil & Gas E&P,RSI,RSI 動能加速（強勢區）,None,0.0,0.51,0.3265,,0.3265,0,873,0.0005,21.5,21.51,21.52,21.29,2026-08-14,3,False
SUN,Energy,Oil & Gas Refining & Marketing,RSI,RSI 動能加速（強勢區）,None,0.0,0.51,0.3265,,0.3265,0,873,0.0005,75.55,75.59,75.63,74.79,2026-08-12,3,False
TMO,Health Care,Diagnostics & Research,RSI,RSI 維持強勢 (50-70),None,0.0,0.51,0.3265,0.3265,0.2772,196,12123,0.0039,588.29,590.58,592.88,582.41,2026-08-14,3,False
VG,Energy,Oil & Gas Midstream,RSI,RSI 動能加速（強勢區）,None,0.0,0.51,0.3265,,0.3265,0,873,0.0005,13.72,13.73,13.73,13.58,2026-08-12,3,False
WDS,Energy,Oil & Gas E&P,RSI,RSI 動能加速（強勢區）,None,0.0,0.51,0.3265,,0.3265,0,873,0.0005,23.17,23.18,23.19,22.94,2026-08-14,3,False
AGNCM,Real Estate,REIT - Mortgage,BB,價格在 BB 中軌上方,Consolidation Breakout,0.85,1.0,0.3261,,0.3261,0,46,0.0094,25.24,25.48,25.71,24.99,2026-08-14,3,True
AGNCZ,Real Estate,REIT - Mortgage,BB,價格在 BB 中軌上方,Consolidation Breakout,0.85,1.0,0.3261,,0.3261,0,46,0.0094,25.5,25.74,25.98,25.25,2026-08-14,3,True
PFG,Financials,Asset Management,RSI,RSI 維持強勢 (50-70),None,0.0,0.51,0.3247,0.3247,0.2842,271,19108,0.0036,113.98,114.39,114.8,112.84,2026-08-14,3,False
RVTY,Health Care,Diagnostics & Research,BB,價格在 BB 中軌上方,None,0.0,0.425,0.3247,0.3247,0.2804,194,14417,-0.0022,116.84,116.58,116.33,115.67,2026-08-14,3,False
ECHO,Communication Services,Telecom Services,RSI,RSI 上穿 50 中性線,None,0.0,0.4675,0.3243,,0.3243,0,518,0.004,92.5,92.87,93.24,91.58,2026-08-12,3,False
PINS,Communication Services,Internet Content & Information,RSI,RSI 上穿 50 中性線,None,0.0,0.4675,0.3243,,0.3243,0,518,0.004,23.32,23.41,23.51,23.09,2026-08-13,3,False
TLK,Communication Services,Telecom Services,RSI,RSI 上穿 50 中性線,None,0.0,0.4675,0.3243,,0.3243,0,518,0.004,14.69,14.75,14.81,14.54,2026-08-13,3,False
TEL,Information Technology,Electronic Components,RSI,RSI 維持強勢 (50-70),None,0.0,0.51,0.3241,0.3241,0.3645,253,16764,0.0051,216.23,217.33,218.44,214.07,2026-08-14,3,False
WYNN,Consumer Discretionary,Resorts & Casinos,RSI,RSI 維持強勢 (50-70),None,0.0,0.51,0.3239,0.3239,0.2995,176,10441,0.0085,102.53,103.4,104.27,101.5,2026-08-14,3,False
TPG,Financials,Asset Management,BB,價格在 BB 中軌上方,None,0.0,0.425,0.3239,,0.3239,0,852,0.0045,53.03,53.27,53.51,52.5,2026-08-14,3,True
A,Health Care,Diagnostics & Research,RSI,RSI 維持強勢 (50-70),None,0.0,0.51,0.3237,0.3237,0.2772,207,12123,0.0002,148.53,148.56,148.59,147.04,2026-08-14,3,False
H,Consumer Discretionary,Lodging,MACD,MACD 金叉 (空頭區),None,0.0,0.42,0.3233,,0.3233,0,529,0.0066,180.98,182.17,183.37,179.17,2026-08-14,3,False
MOD,Consumer Discretionary,Auto Parts,MACD,MACD 金叉 (空頭區),None,0.0,0.42,0.3233,,0.3233,0,529,0.0066,199.53,200.85,202.16,197.53,2026-08-12,3,False
ALGN,Health Care,Medical Instruments & Supplies,RSI,RSI 維持強勢 (50-70),None,0.0,0.51,0.3231,0.3231,0.2772,229,12123,-0.0029,181.31,180.78,180.26,179.5,2026-08-14,3,False
AM,Energy,Oil & Gas Midstream,RSI,RSI 加速上升,None,0.0,0.5525,0.3227,,0.3227,0,3306,0.0024,22.55,22.6,22.66,22.32,2026-08-14,3,False
AR,Energy,Oil & Gas E&P,RSI,RSI 加速上升,None,0.0,0.5525,0.3227,,0.3227,0,3306,0.0024,37.37,37.46,37.55,37.0,2026-08-14,3,False
CCJ,Energy,Uranium,RSI,RSI 加速上升,None,0.0,0.5525,0.3227,,0.3227,0,3306,0.0024,97.75,97.98,98.22,96.77,2026-08-13,3,False
CNQ,Energy,Oil & Gas E&P,RSI,RSI 加速上升,None,0.0,0.5525,0.3227,,0.3227,0,3306,0.0024,47.97,48.09,48.2,47.49,2026-08-14,3,False
CVE,Energy,Oil & Gas Integrated,RSI,RSI 加速上升,None,0.0,0.5525,0.3227,,0.3227,0,3306,0.0024,31.01,31.08,31.16,30.7,2026-08-14,3,False
E,Energy,Oil & Gas Integrated,RSI,RSI 加速上升,None,0.0,0.5525,0.3227,,0.3227,0,3306,0.0024,55.12,55.25,55.38,54.57,2026-08-12,3,False
EQNR,Energy,Oil & Gas Integrated,RSI,RSI 加速上升,None,0.0,0.5525,0.3227,,0.3227,0,3306,0.0024,40.77,40.87,40.97,40.36,2026-08-14,3,False
ET,Energy,Oil & Gas Midstream,RSI,RSI 加速上升,None,0.0,0.5525,0.3227,,0.3227,0,3306,0.0024,20.95,21.0,21.05,20.74,2026-08-12,3,False
OVV,Energy,Oil & Gas E&P,RSI,RSI 加速上升,None,0.0,0.5525,0.3227,,0.3227,0,3306,0.0024,63.02,63.17,63.32,62.39,2026-08-14,3,False
TS,Energy,Oil & Gas Equipment & Services,RSI,RSI 加速上升,None,0.0,0.5525,0.3227,,0.3227,0,3306,0.0024,53.58,53.71,53.84,53.04,2026-08-14,3,False
TTE,Energy,Oil & Gas Integrated,RSI,RSI 加速上升,None,0.0,0.5525,0.3227,,0.3227,0,3306,0.0024,87.7,87.91,88.12,86.82,2026-08-12,3,False
VNOM,Energy,Oil & Gas Midstream,RSI,RSI 加速上升,None,0.0,0.5525,0.3227,,0.3227,0,3306,0.0024,42.29,42.39,42.49,41.87,2026-08-14,3,False
WES,Energy,Oil & Gas Midstream,RSI,RSI 加速上升,None,0.0,0.5525,0.3227,,0.3227,0,3306,0.0024,48.29,48.41,48.52,47.81,2026-08-13,3,False
BE,Industrials,Electrical Equipment & Parts,KDJ,KDJ 金叉,None,0.0,0.5525,0.3223,,0.3223,0,2110,0.0051,237.16,238.37,239.58,234.79,2026-08-12,3,False
BWXT,Industrials,Aerospace & Defense,KDJ,KDJ 金叉,None,0.0,0.5525,0.3223,,0.3223,0,2110,0.0051,173.22,174.1,174.99,171.49,2026-08-14,3,False
CLH,Industrials,Waste Management,KDJ,KDJ 金叉,None,0.0,0.5525,0.3223,,0.3223,0,2110,0.0051,316.65,318.26,319.88,313.48,2026-08-12,3,False
CNI,Industrials,Railroads,KDJ,KDJ 金叉,None,0.0,0.5525,0.3223,,0.3223,0,2110,0.0051,126.32,126.96,127.61,125.06,2026-08-12,3,False
DRS,Industrials,Aerospace & Defense,KDJ,KDJ 金叉,None,0.0,0.5525,0.3223,,0.3223,0,2110,0.0051,45.53,45.76,45.99,45.07,2026-08-14,3,False
DY,Industrials,Engineering & Construction,KDJ,KDJ 金叉,None,0.0,0.5525,0.3223,,0.3223,0,2110,0.0051,419.07,421.21,423.34,414.88,2026-08-14,3,False
GFL,Industrials,Waste Management,KDJ,KDJ 金叉,None,0.0,0.5525,0.3223,,0.3223,0,2110,0.0051,41.9,42.11,42.33,41.48,2026-08-14,3,False
HEI,Industrials,Aerospace & Defense,KDJ,KDJ 金叉,None,0.0,0.5525,0.3223,,0.3223,0,2110,0.0051,373.1,375.0,376.91,369.37,2026-08-12,3,False
R,Industrials,Rental & Leasing Services,KDJ,KDJ 金叉,None,0.0,0.5525,0.3223,,0.3223,0,2110,0.0051,263.17,264.51,265.85,260.54,2026-08-13,3,False
WWD,Industrials,Aerospace & Defense,KDJ,KDJ 金叉,None,0.0,0.5525,0.3223,,0.3223,0,2110,0.0051,370.56,372.45,374.34,366.85,2026-08-14,3,False
SWKS,Information Technology,Semiconductors,RSI,RSI 維持強勢 (50-70),None,0.0,0.51,0.3218,0.3218,0.3645,174,16764,-0.0005,69.62,69.59,69.55,68.92,2026-08-14,3,False
GM,Consumer Discretionary,Auto Manufacturers,RSI,RSI 維持強勢 (50-70),None,0.0,0.51,0.3217,0.3217,0.2995,230,10441,0.0003,86.77,86.8,86.82,85.9,2026-08-14,3,False
SPOT,Communication Services,Internet Content & Information,MACD,MACD 金叉 (多頭區),None,0.0,0.68,0.3214,,0.3214,0,140,0.0096,512.82,517.74,522.67,507.69,2026-08-14,3,False
HAL,Energy,Oil & Gas Equipment & Services,RSI,RSI 上穿 50 中性線,None,0.0,0.4675,0.3214,0.3214,0.361,28,579,0.0017,34.42,34.48,34.54,34.08,2026-08-14,3,False
WULF,Financials,Capital Markets,MACD,MACD 金叉 (空頭區),None,0.0,0.42,0.3214,,0.3214,0,865,0.0073,17.38,17.51,17.63,17.21,2026-08-14,3,False
HCA,Health Care,Medical Care Facilities,RSI,RSI 維持強勢 (50-70),None,0.0,0.51,0.321,0.321,0.2772,271,12123,0.0051,404.68,406.74,408.81,400.63,2026-08-14,3,False
REGN,Health Care,Biotechnology,BB,價格在 BB 中軌上方,None,0.0,0.425,0.3207,0.3207,0.2804,290,14417,0.0008,803.48,804.12,804.77,795.45,2026-08-14,3,False
NTAP,Information Technology,Software - Infrastructure,RSI,RSI 加速上升,None,0.0,0.5525,0.3206,0.3206,0.3693,131,10688,0.0047,207.08,208.05,209.03,205.01,2026-08-14,3,False
MMM,Industrials,Conglomerates,BB,BB 中軌向上（上升趨勢）,None,0.0,0.51,0.3206,0.3206,0.2929,209,17460,0.0049,182.65,183.54,184.44,180.82,2026-08-14,3,False
DRI,Consumer Discretionary,Restaurants,RSI,RSI 動能加速（強勢區）,None,0.0,0.51,0.32,0.32,0.3027,25,1665,0.001,227.68,227.91,228.14,225.4,2026-08-12,3,False
AEE,Utilities,Utilities - Regulated Electric,RSI,RSI 維持強勢 (50-70),Bullish Engulfing,0.75,1.0,0.3196,,0.3196,0,97,0.01,109.74,110.84,111.93,108.64,2026-08-14,3,False
CRM,Information Technology,Software - Application,RSI,RSI 加速上升,None,0.0,0.5525,0.3195,0.3195,0.3693,169,10688,-0.0026,201.37,200.85,200.32,199.36,2026-08-13,3,False
TTWO,Communication Services,Electronic Gaming & Multimedia,RSI,RSI 加速上升,None,0.0,0.5525,0.3191,0.3191,0.3116,141,3322,0.009,241.91,244.09,246.26,239.49,2026-08-13,3,False
LEN,Consumer Discretionary,Residential Construction,BB,BB 中軌向上（上升趨勢）,None,0.0,0.51,0.3191,0.3191,0.2908,141,9757,-0.0026,86.83,86.6,86.38,85.96,2026-08-14,3,False
CASY,Consumer Discretionary,Specialty Retail,KDJ,KDJ 金叉,None,0.0,0.5525,0.3183,,0.3183,0,1244,0.0033,853.78,856.6,859.41,845.24,2026-08-13,3,False
HMC,Consumer Discretionary,Auto Manufacturers,KDJ,KDJ 金叉,None,0.0,0.5525,0.3183,,0.3183,0,1244,0.0033,31.58,31.68,31.79,31.26,2026-08-14,3,False
PAG,Consumer Discretionary,Auto & Truck Dealerships,KDJ,KDJ 金叉,None,0.0,0.5525,0.3183,,0.3183,0,1244,0.0033,218.67,219.39,220.11,216.48,2026-08-13,3,False
SCI,Consumer Discretionary,Personal Services,KDJ,KDJ 金叉,None,0.0,0.5525,0.3183,,0.3183,0,1244,0.0033,84.23,84.51,84.79,83.39,2026-08-14,3,False
SGI,Consumer Discretionary,"Furnishings, Fixtures & Appliances",KDJ,KDJ 金叉,None,0.0,0.5525,0.3183,,0.3183,0,1244,0.0033,66.34,66.56,66.78,65.68,2026-08-13,3,False
TM,Consumer Discretionary,Auto Manufacturers,KDJ,KDJ 金叉,None,0.0,0.5525,0.3183,,0.3183,0,1244,0.0033,188.71,189.33,189.96,186.82,2026-08-13,3,False
XPEV,Consumer Discretionary,Auto Manufacturers,KDJ,KDJ 金叉,None,0.0,0.5525,0.3183,,0.3183,0,1244,0.0033,11.7,11.74,11.78,11.58,2026-08-14,3,False
ETR,Utilities,Utilities - Regulated Electric,KDJ,KDJ 金叉,None,0.0,0.5525,0.3182,0.3182,0.3001,22,713,0.0041,107.21,107.65,108.09,106.14,2026-08-12,3,False
PCG,Utilities,Utilities - Regulated Electric,RSI,RSI 上穿 50 中性線,None,0.0,0.4675,0.3182,0.3182,0.2521,22,932,0.0044,17.38,17.46,17.53,17.21,2026-08-12,3,False
SWK,Industrials,Tools & Accessories,BB,價格在 BB 中軌上方,None,0.0,0.425,0.3182,0.3182,0.295,198,22337,-0.0023,102.07,101.84,101.6,101.05,2026-08-14,3,False
EXE,Energy,Oil & Gas E&P,RSI,RSI 維持強勢 (50-70),None,0.0,0.51,0.318,0.318,0.2963,217,4891,0.0004,94.78,94.82,94.86,93.83,2026-08-14,3,False
ISRG,Health Care,Medical Instruments & Supplies,MACD,MACD 突破 0 軸,None,0.0,0.595,0.3171,,0.3171,0,432,0.0028,401.27,402.39,403.52,397.26,2026-08-12,3,False
PHG,Health Care,Medical Devices,MACD,MACD 突破 0 軸,None,0.0,0.595,0.3171,,0.3171,0,432,0.0028,26.8,26.88,26.95,26.53,2026-08-12,3,False
SNY,Health Care,Drug Manufacturers - General,MACD,MACD 突破 0 軸,None,0.0,0.595,0.3171,,0.3171,0,432,0.0028,43.78,43.9,44.03,43.34,2026-08-13,3,False
MOS,Materials,Agricultural Inputs,BB,BB 中軌向上（上升趨勢）,None,0.0,0.51,0.3166,0.3166,0.2853,199,5036,-0.0044,22.6,22.5,22.4,22.37,2026-08-12,3,False
PEP,Consumer Staples,Beverages - Non-Alcoholic,KDJ,KDJ 金叉,None,0.0,0.5525,0.3158,0.3158,0.2503,19,779,0.0068,140.62,141.58,142.53,139.21,2026-08-13,3,False
LHX,Industrials,Aerospace & Defense,RSI,RSI 上穿 50 中性線,None,0.0,0.4675,0.3158,0.3158,0.304,19,1816,0.009,291.82,294.45,297.07,288.9,2026-08-14,3,False
IQV,Health Care,Diagnostics & Research,RSI,RSI 維持強勢 (50-70),None,0.0,0.51,0.315,0.315,0.2772,200,12123,0.0008,236.66,236.85,237.04,234.29,2026-08-14,3,False
MTB,Financials,Banks - Regional,RSI,RSI 維持強勢 (50-70),None,0.0,0.51,0.3149,0.3149,0.2842,289,19108,0.0091,254.09,256.4,258.71,251.55,2026-08-14,3,False
PPLC,Utilities,Utilities - Regulated Electric,RSI,RSI 加速上升,None,0.0,0.5525,0.3147,,0.3147,0,251,0.0085,47.06,47.46,47.86,46.59,2026-08-12,3,True
BRKRP,Health Care,Medical Devices,RSI,RSI 上穿 50 中性線,None,0.0,0.4675,0.3144,,0.3144,0,1323,0.003,437.99,439.3,440.62,433.61,2026-08-12,3,False
MOH,Health Care,Healthcare Plans,RSI,RSI 上穿 50 中性線,None,0.0,0.4675,0.3144,,0.3144,0,1323,0.003,206.06,206.68,207.3,204.0,2026-08-12,3,False
AFG,Financials,Insurance - Property & Casualty,KDJ,KDJ 金叉,None,0.0,0.5525,0.3142,,0.3142,0,1932,0.0041,145.68,146.28,146.87,144.22,2026-08-13,3,False
AFRM,Financials,Credit Services,KDJ,KDJ 金叉,None,0.0,0.5525,0.3142,,0.3142,0,1932,0.0041,78.32,78.64,78.96,77.54,2026-08-13,3,False
ALLY,Financials,Credit Services,KDJ,KDJ 金叉,None,0.0,0.5525,0.3142,,0.3142,0,1932,0.0041,44.25,44.43,44.61,43.81,2026-08-12,3,False
BPOP,Financials,Banks - Regional,KDJ,KDJ 金叉,None,0.0,0.5525,0.3142,,0.3142,0,1932,0.0041,177.03,177.76,178.48,175.26,2026-08-13,3,False
CG,Financials,Asset Management,KDJ,KDJ 金叉,None,0.0,0.5525,0.3142,,0.3142,0,1932,0.0041,51.41,51.62,51.83,50.9,2026-08-13,3,False
EVR,Financials,Capital Markets,KDJ,KDJ 金叉,None,0.0,0.5525,0.3142,,0.3142,0,1932,0.0041,312.43,313.71,314.99,309.31,2026-08-13,3,False
FCNCA,Financials,Banks - Regional,KDJ,KDJ 金叉,None,0.0,0.5525,0.3142,,0.3142,0,1932,0.0041,2271.3101,2280.62,2289.93,2248.6,2026-08-12,3,False
FHN,Financials,Banks - Regional,KDJ,KDJ 金叉,None,0.0,0.5525,0.3142,,0.3142,0,1932,0.0041,26.02,26.13,26.23,25.76,2026-08-13,3,False
FNF,Financials,Insurance - Specialty,KDJ,KDJ 金叉,None,0.0,0.5525,0.3142,,0.3142,0,1932,0.0041,49.47,49.67,49.88,48.98,2026-08-14,3,False
HBANL,Financials,Banks - Regional,KDJ,KDJ 金叉,None,0.0,0.5525,0.3142,,0.3142,0,1932,0.0041,25.193,25.3,25.4,24.94,2026-08-13,3,False
HBANP,Financials,Banks - Regional,KDJ,KDJ 金叉,None,0.0,0.5525,0.3142,,0.3142,0,1932,0.0041,16.155,16.22,16.29,15.99,2026-08-14,3,False
LYG,Financials,Banks - Regional,KDJ,KDJ 金叉,None,0.0,0.5525,0.3142,,0.3142,0,1932,0.0041,6.21,6.24,6.26,6.15,2026-08-14,3,False
MFG,Financials,Banks - Regional,KDJ,KDJ 金叉,None,0.0,0.5525,0.3142,,0.3142,0,1932,0.0041,10.81,10.85,10.9,10.7,2026-08-12,3,False
MUFG,Financials,Banks - Diversified,KDJ,KDJ 金叉,None,0.0,0.5525,0.3142,,0.3142,0,1932,0.0041,22.76,22.85,22.95,22.53,2026-08-12,3,False
PNFP,Financials,Banks - Regional,KDJ,KDJ 金叉,None,0.0,0.5525,0.3142,,0.3142,0,1932,0.0041,108.01,108.45,108.9,106.93,2026-08-14,3,False
RNR,Financials,Insurance - Reinsurance,KDJ,KDJ 金叉,None,0.0,0.5525,0.3142,,0.3142,0,1932,0.0041,323.36,324.69,326.01,320.13,2026-08-14,3,False
RY,Financials,Banks - Diversified,KDJ,KDJ 金叉,None,0.0,0.5525,0.3142,,0.3142,0,1932,0.0041,213.48,214.36,215.23,211.35,2026-08-12,3,False
SEIC,Financials,Asset Management,KDJ,KDJ 金叉,None,0.0,0.5525,0.3142,,0.3142,0,1932,0.0041,106.39,106.83,107.26,105.33,2026-08-13,3,False
SF,Financials,Capital Markets,KDJ,KDJ 金叉,None,0.0,0.5525,0.3142,,0.3142,0,1932,0.0041,84.94,85.29,85.64,84.09,2026-08-12,3,False
SMFG,Financials,Banks - Diversified,KDJ,KDJ 金叉,None,0.0,0.5525,0.3142,,0.3142,0,1932,0.0041,26.05,26.16,26.26,25.79,2026-08-12,3,False
TRU,Financials,Financial Data & Stock Exchanges,KDJ,KDJ 金叉,None,0.0,0.5525,0.3142,,0.3142,0,1932,0.0041,81.13,81.46,81.8,80.32,2026-08-13,3,False
UMBF,Financials,Banks - Regional,KDJ,KDJ 金叉,None,0.0,0.5525,0.3142,,0.3142,0,1932,0.0041,149.45,150.06,150.68,147.96,2026-08-12,3,False
ZION,Financials,Banks - Regional,KDJ,KDJ 金叉,None,0.0,0.5525,0.3142,,0.3142,0,1932,0.0041,71.44,71.73,72.03,70.73,2026-08-12,3,False
NTR,Materials,Agricultural Inputs,KDJ,KDJ 金叉,None,0.0,0.5525,0.314,,0.314,0,637,0.0047,67.18,67.5,67.81,66.51,2026-08-12,3,False
WMT,Consumer Staples,Discount Stores,RSI,RSI 動能加速（強勢區）,None,0.0,0.51,0.3137,0.3137,0.2456,51,1148,0.0079,116.01,116.93,117.84,114.85,2026-08-12,3,False
RCI,Communication Services,Telecom Services,RSI,RSI 動能加速（強勢區）,None,0.0,0.51,0.3135,,0.3135,0,772,0.0011,36.4,36.44,36.48,36.04,2026-08-13,3,False
SKM,Communication Services,Telecom Services,RSI,RSI 動能加速（強勢區）,None,0.0,0.51,0.3135,,0.3135,0,772,0.0011,38.51,38.55,38.59,38.12,2026-08-14,3,False
GPC,Consumer Discretionary,Auto Parts,RSI,RSI 維持強勢 (50-70),Support,0.8,1.0,0.3125,,0.3125,0,32,-0.0041,134.01,133.46,132.91,132.67,2026-08-12,3,False
NDSN,Industrials,Specialty Industrial Machinery,KDJ,KDJ 金叉,None,0.0,0.5525,0.3125,0.3125,0.3223,16,2110,0.0072,311.26,313.5,315.74,308.15,2026-08-12,3,False
CART,Consumer Discretionary,Internet Retail,RSI,RSI 加速上升,None,0.0,0.5525,0.3117,,0.3117,0,6796,0.004,50.08,50.28,50.48,49.58,2026-08-13,3,False
DKS,Consumer Discretionary,Specialty Retail,RSI,RSI 加速上升,None,0.0,0.5525,0.3117,,0.3117,0,6796,0.004,202.26,203.07,203.88,200.24,2026-08-13,3,False
FLUT,Consumer Discretionary,Gambling,RSI,RSI 加速上升,None,0.0,0.5525,0.3117,,0.3117,0,6796,0.004,101.41,101.82,102.22,100.4,2026-08-14,3,False
SW,Consumer Discretionary,Packaging & Containers,RSI,RSI 加速上升,None,0.0,0.5525,0.3117,,0.3117,0,6796,0.004,50.02,50.22,50.42,49.52,2026-08-13,3,False
BCE,Communication Services,Telecom Services,RSI,RSI 加速上升,None,0.0,0.5525,0.3116,,0.3116,0,3322,0.0033,23.13,23.21,23.28,22.9,2026-08-12,3,False
CHT,Communication Services,Telecom Services,RSI,RSI 加速上升,None,0.0,0.5525,0.3116,,0.3116,0,3322,0.0033,42.34,42.48,42.62,41.92,2026-08-12,3,False
FWONA,Communication Services,Entertainment,RSI,RSI 加速上升,None,0.0,0.5525,0.3116,,0.3116,0,3322,0.0033,94.7,95.01,95.33,93.75,2026-08-13,3,False
FWONK,Communication Services,Entertainment,RSI,RSI 加速上升,None,0.0,0.5525,0.3116,,0.3116,0,3322,0.0033,103.69,104.03,104.37,102.65,2026-08-13,3,False
NYT,Communication Services,Publishing,RSI,RSI 加速上升,None,0.0,0.5525,0.3116,,0.3116,0,3322,0.0033,64.79,65.0,65.22,64.14,2026-08-14,3,False
TIGO,Communication Services,Telecom Services,RSI,RSI 加速上升,None,0.0,0.5525,0.3116,,0.3116,0,3322,0.0033,96.47,96.79,97.11,95.51,2026-08-12,3,False
LMT,Industrials,Aerospace & Defense,BB,BB 中軌向上（上升趨勢）,None,0.0,0.51,0.3116,0.3116,0.2929,215,17460,0.0073,608.68,613.12,617.57,602.59,2026-08-14,3,False
VEEV,Health Care,Health Information Services,BB,價格在 BB 中軌上方,None,0.0,0.425,0.3111,0.3111,0.2804,180,14417,-0.0084,243.75,241.7,239.66,241.31,2026-08-14,3,False
GILD,Health Care,Drug Manufacturers - General,BB,BB 中軌向上（上升趨勢）,None,0.0,0.51,0.3105,0.3105,0.2705,219,10885,0.005,138.14,138.83,139.52,136.76,2026-08-13,3,False
DD,Materials,Specialty Chemicals,KDJ,KDJ 金叉,None,0.0,0.5525,0.3103,0.3103,0.314,29,637,0.0105,144.37,145.89,147.4,142.93,2026-08-12,3,False
WBD,Communication Services,Entertainment,RSI,RSI 動能加速（強勢區）,None,0.0,0.51,0.3103,0.3103,0.3135,29,772,-0.0033,27.65,27.56,27.47,27.37,2026-08-12,3,False
RBC,Industrials,Tools & Accessories,KDJ,KDJ 金叉,Bullish Engulfing,0.75,1.0,0.31,,0.31,0,100,0.0006,560.49,560.83,561.16,554.89,2026-08-14,3,False
VIV,Communication Services,Telecom Services,RSI,RSI 維持超賣,None,0.0,0.385,0.3095,,0.3095,0,42,0.0097,11.41,11.52,11.63,11.3,2026-08-14,3,True
TGT,Consumer Staples,Discount Stores,BB,BB 中軌向上（上升趨勢）,None,0.0,0.51,0.3094,0.3094,0.2466,181,6128,0.0009,154.48,154.62,154.76,152.94,2026-08-14,3,False
TDY,Information Technology,Scientific & Technical Instruments,BB,價格在 BB 中軌上方,None,0.0,0.425,0.3092,0.3092,0.3573,262,20206,0.0067,679.67,684.22,688.78,672.87,2026-08-14,3,False
BSAC,Financials,Banks - Regional,RSI,RSI 上穿 50 中性線,None,0.0,0.4675,0.3091,,0.3091,0,1899,0.0046,34.28,34.44,34.6,33.94,2026-08-13,3,False
IBN,Financials,Banks - Regional,RSI,RSI 上穿 50 中性線,None,0.0,0.4675,0.3091,,0.3091,0,1899,0.0046,29.74,29.88,30.01,29.44,2026-08-14,3,False
IREN,Financials,Capital Markets,RSI,RSI 上穿 50 中性線,None,0.0,0.4675,0.3091,,0.3091,0,1899,0.0046,43.67,43.87,44.07,43.23,2026-08-12,3,False
JEF,Financials,Capital Markets,RSI,RSI 上穿 50 中性線,None,0.0,0.4675,0.3091,,0.3091,0,1899,0.0046,55.86,56.12,56.37,55.3,2026-08-13,3,False
SLF,Financials,Insurance - Diversified,RSI,RSI 上穿 50 中性線,None,0.0,0.4675,0.3091,,0.3091,0,1899,0.0046,81.37,81.74,82.12,80.56,2026-08-14,3,False
GSAT,Communication Services,Telecom Services,RSI,RSI 維持強勢 (50-70),None,0.0,0.51,0.3082,,0.3082,0,5205,0.0026,82.39,82.6,82.82,81.57,2026-08-14,3,False
REG,Real Estate,REIT - Retail,KDJ,KDJ 超賣區金叉,None,0.0,0.5599999999999999,0.3077,0.3077,0.2366,13,448,0.0009,76.86,76.93,77.0,76.09,2026-08-13,3,False
MAR,Consumer Discretionary,Lodging,KDJ,KDJ 金叉,None,0.0,0.5525,0.3077,0.3077,0.3183,39,1244,0.0037,352.53,353.83,355.14,349.0,2026-08-13,3,False
HUBB,Industrials,Electrical Equipment & Parts,BB,價格在 BB 中軌上方,None,0.0,0.425,0.3077,0.3077,0.295,286,22337,0.0031,511.39,512.98,514.56,506.28,2026-08-14,3,False
BURL,Consumer Discretionary,Apparel Retail,RSI,RSI 上穿 50 中性線,None,0.0,0.4675,0.3072,,0.3072,0,1123,0.0037,355.32,356.63,357.95,351.77,2026-08-13,3,False
MELI,Consumer Discretionary,Internet Retail,RSI,RSI 上穿 50 中性線,None,0.0,0.4675,0.3072,,0.3072,0,1123,0.0037,1844.58,1851.4,1858.23,1826.13,2026-08-14,3,False
NEE,Utilities,Utilities - Regulated Electric,RSI,RSI 加速上升,None,0.0,0.5525,0.3061,0.3061,0.2565,147,4905,0.0038,86.19,86.52,86.85,85.33,2026-08-14,3,False
KVUE,Consumer Staples,Household & Personal Products,RSI,RSI 維持強勢 (50-70),None,0.0,0.51,0.305,0.305,0.2452,200,7574,0.004,19.2,19.28,19.35,19.01,2026-08-14,3,False
AEM,Materials,Gold,RSI,RSI 加速上升,None,0.0,0.5525,0.3048,,0.3048,0,3639,0.0024,185.18,185.62,186.07,183.33,2026-08-12,3,False
AU,Materials,Gold,RSI,RSI 加速上升,None,0.0,0.5525,0.3048,,0.3048,0,3639,0.0024,97.92,98.16,98.39,96.94,2026-08-12,3,False
CDE,Materials,Gold,RSI,RSI 加速上升,None,0.0,0.5525,0.3048,,0.3048,0,3639,0.0024,18.45,18.49,18.54,18.27,2026-08-13,3,False
GFI,Materials,Gold,RSI,RSI 加速上升,None,0.0,0.5525,0.3048,,0.3048,0,3639,0.0024,40.73,40.83,40.93,40.32,2026-08-12,3,False
HL,Materials,Other Precious Metals & Mining,RSI,RSI 加速上升,None,0.0,0.5525,0.3048,,0.3048,0,3639,0.0024,18.37,18.41,18.46,18.19,2026-08-14,3,False
JHX,Materials,Building Materials,RSI,RSI 加速上升,None,0.0,0.5525,0.3048,,0.3048,0,3639,0.0024,30.89,30.96,31.04,30.58,2026-08-13,3,False
KGC,Materials,Gold,RSI,RSI 加速上升,None,0.0,0.5525,0.3048,,0.3048,0,3639,0.0024,27.48,27.55,27.61,27.21,2026-08-12,3,False
PAAS,Materials,Gold,RSI,RSI 加速上升,None,0.0,0.5525,0.3048,,0.3048,0,3639,0.0024,52.38,52.51,52.63,51.86,2026-08-12,3,False
RGLD,Materials,Gold,RSI,RSI 加速上升,None,0.0,0.5525,0.3048,,0.3048,0,3639,0.0024,232.87,233.43,233.99,230.54,2026-08-12,3,False
WPM,Materials,Gold,RSI,RSI 加速上升,None,0.0,0.5525,0.3048,,0.3048,0,3639,0.0024,134.88,135.2,135.53,133.53,2026-08-12,3,False
BBY,Consumer Discretionary,Specialty Retail,RSI,RSI 上穿 50 中性線,None,0.0,0.4675,0.3043,0.3043,0.3072,23,1123,0.0072,85.35,85.96,86.58,84.5,2026-08-13,3,False
CNH,Industrials,Farm & Heavy Construction Machinery,RSI,RSI 上穿 50 中性線,None,0.0,0.4675,0.304,,0.304,0,1816,0.0018,10.73,10.75,10.77,10.62,2026-08-12,3,False
POOL,Industrials,Industrial Distribution,RSI,RSI 上穿 50 中性線,None,0.0,0.4675,0.304,,0.304,0,1816,0.0018,200.57,200.93,201.29,198.56,2026-08-13,3,False
SPXC,Industrials,Building Products & Equipment,RSI,RSI 上穿 50 中性線,None,0.0,0.4675,0.304,,0.304,0,1816,0.0018,217.32,217.71,218.1,215.15,2026-08-14,3,False
SYM,Industrials,Specialty Industrial Machinery,RSI,RSI 上穿 50 中性線,None,0.0,0.4675,0.304,,0.304,0,1816,0.0018,42.7,42.78,42.85,42.27,2026-08-14,3,False
BMO,Financials,Banks - Diversified,RSI,RSI 加速上升,None,0.0,0.5525,0.3014,,0.3014,0,11488,0.0041,184.16,184.92,185.67,182.32,2026-08-13,3,False
BN,Financials,Asset Management,RSI,RSI 加速上升,None,0.0,0.5525,0.3014,,0.3014,0,11488,0.0041,45.11,45.29,45.48,44.66,2026-08-13,3,False
BNS,Financials,Banks - Diversified,RSI,RSI 加速上升,None,0.0,0.5525,0.3014,,0.3014,0,11488,0.0041,90.65,91.02,91.39,89.74,2026-08-13,3,False
BNY,Financials,Banks - Diversified,RSI,RSI 加速上升,None,0.0,0.5525,0.3014,,0.3014,0,11488,0.0041,162.93,163.6,164.27,161.3,2026-08-12,3,False
BPYPM,Financials,Asset Management,RSI,RSI 加速上升,None,0.0,0.5525,0.3014,,0.3014,0,11488,0.0041,16.25,16.32,16.38,16.09,2026-08-12,3,False
CIB,Financials,Banks - Regional,RSI,RSI 加速上升,None,0.0,0.5525,0.3014,,0.3014,0,11488,0.0041,96.37,96.77,97.16,95.41,2026-08-14,3,False
CM,Financials,Banks - Diversified,RSI,RSI 加速上升,None,0.0,0.5525,0.3014,,0.3014,0,11488,0.0041,122.4,122.9,123.4,121.18,2026-08-13,3,False
EWBC,Financials,Banks - Regional,RSI,RSI 加速上升,None,0.0,0.5525,0.3014,,0.3014,0,11488,0.0041,135.96,136.52,137.07,134.6,2026-08-13,3,False
GLXY,Financials,Capital Markets,RSI,RSI 加速上升,None,0.0,0.5525,0.3014,,0.3014,0,11488,0.0041,21.66,21.75,21.84,21.44,2026-08-14,3,False
OWL,Financials,Asset Management,RSI,RSI 加速上升,None,0.0,0.5525,0.3014,,0.3014,0,11488,0.0041,12.66,12.71,12.76,12.53,2026-08-13,3,False
PODD,Health Care,Medical Devices,RSI,RSI 加速上升,None,0.0,0.5525,0.3014,0.3014,0.2803,146,8492,-0.0075,146.44,145.34,144.24,144.98,2026-08-13,3,False
RGA,Financials,Insurance - Reinsurance,RSI,RSI 加速上升,None,0.0,0.5525,0.3014,,0.3014,0,11488,0.0041,250.38,251.41,252.43,247.88,2026-08-13,3,False
SNEX,Financials,Capital Markets,RSI,RSI 加速上升,None,0.0,0.5525,0.3014,,0.3014,0,11488,0.0041,67.1,67.38,67.65,66.43,2026-08-14,3,False
TD,Financials,Banks - Diversified,RSI,RSI 加速上升,None,0.0,0.5525,0.3014,,0.3014,0,11488,0.0041,123.11,123.61,124.12,121.88,2026-08-13,3,False
TW,Financials,Capital Markets,RSI,RSI 加速上升,None,0.0,0.5525,0.3014,,0.3014,0,11488,0.0041,106.29,106.73,107.16,105.23,2026-08-14,3,False
UNM,Financials,Insurance - Life,RSI,RSI 加速上升,None,0.0,0.5525,0.3014,,0.3014,0,11488,0.0041,93.33,93.71,94.1,92.4,2026-08-14,3,False
ROKU,Communication Services,Entertainment,BB,價格在 BB 中軌上方,None,0.0,0.425,0.3007,,0.3007,0,6080,0.0027,154.08,154.5,154.91,152.54,2026-08-13,3,False
BIP,Utilities,Utilities - Diversified,KDJ,KDJ 金叉,None,0.0,0.5525,0.3001,,0.3001,0,713,0.0052,40.01,40.22,40.43,39.61,2026-08-13,3,False
ENLT,Utilities,Utilities - Renewable,KDJ,KDJ 金叉,None,0.0,0.5525,0.3001,,0.3001,0,713,0.0052,86.0,86.45,86.89,85.14,2026-08-13,3,False
SOMN,Utilities,Utilities - Regulated Electric,KDJ,KDJ 金叉,None,0.0,0.5525,0.3001,,0.3001,0,713,0.0052,48.96,49.21,49.47,48.47,2026-08-12,3,False
CPT,Real Estate,REIT - Residential,KDJ,KDJ 金叉,None,0.0,0.5525,0.3,0.3,0.2818,20,550,0.0037,110.47,110.88,111.29,109.37,2026-08-13,3,False
ROK,Industrials,Specialty Industrial Machinery,RSI,RSI 加速上升,None,0.0,0.5525,0.3,0.3,0.2981,130,11545,0.0009,449.37,449.77,450.18,444.88,2026-08-14,3,False
EC,Energy,Oil & Gas Integrated,BB,價格在 BB 中軌上方,None,0.0,0.425,0.2998,,0.2998,0,5768,-0.0016,17.17,17.14,17.12,17.0,2026-08-14,3,False
AMCR,Consumer Discretionary,Packaging & Containers,RSI,RSI 維持強勢 (50-70),None,0.0,0.51,0.2995,,0.2995,0,10441,0.0032,46.03,46.18,46.32,45.57,2026-08-14,3,False
AVY,Consumer Discretionary,Packaging & Containers,RSI,RSI 維持強勢 (50-70),None,0.0,0.51,0.2995,,0.2995,0,10441,0.0032,178.93,179.5,180.08,177.14,2026-08-14,3,False
BABA,Consumer Discretionary,Internet Retail,RSI,RSI 維持強勢 (50-70),None,0.0,0.51,0.2995,,0.2995,0,10441,0.0032,123.81,124.21,124.6,122.57,2026-08-14,3,False
BWA,Consumer Discretionary,Auto Parts,RSI,RSI 維持強勢 (50-70),None,0.0,0.51,0.2995,,0.2995,0,10441,0.0032,68.66,68.88,69.1,67.97,2026-08-14,3,False
CCK,Consumer Discretionary,Packaging & Containers,RSI,RSI 維持強勢 (50-70),None,0.0,0.51,0.2995,,0.2995,0,10441,0.0032,119.02,119.4,119.78,117.83,2026-08-14,3,False
IP,Consumer Discretionary,Packaging & Containers,RSI,RSI 維持強勢 (50-70),None,0.0,0.51,0.2995,,0.2995,0,10441,0.0032,40.74,40.87,41.0,40.33,2026-08-14,3,False
MGA,Consumer Discretionary,Auto Parts,RSI,RSI 維持強勢 (50-70),None,0.0,0.51,0.2995,,0.2995,0,10441,0.0032,70.24,70.46,70.69,69.54,2026-08-14,3,False
PDD,Consumer Discretionary,Internet Retail,RSI,RSI 維持強勢 (50-70),None,0.0,0.51,0.2995,,0.2995,0,10441,0.0032,89.04,89.32,89.61,88.15,2026-08-12,3,False
PKG,Consumer Discretionary,Packaging & Containers,RSI,RSI 維持強勢 (50-70),None,0.0,0.51,0.2995,,0.2995,0,10441,0.0032,255.48,256.3,257.12,252.93,2026-08-14,3,False
RACE,Consumer Discretionary,Auto Manufacturers,RSI,RSI 維持強勢 (50-70),None,0.0,0.51,0.2995,,0.2995,0,10441,0.0032,414.85,416.18,417.51,410.7,2026-08-14,3,False
SE,Consumer Discretionary,Internet Retail,RSI,RSI 維持強勢 (50-70),None,0.0,0.51,0.2995,,0.2995,0,10441,0.0032,121.94,122.33,122.72,120.72,2026-08-14,3,False
TCOM,Consumer Discretionary,Travel Services,RSI,RSI 維持強勢 (50-70),None,0.0,0.51,0.2995,,0.2995,0,10441,0.0032,45.58,45.73,45.87,45.12,2026-08-12,3,False
W,Consumer Discretionary,Internet Retail,RSI,RSI 維持強勢 (50-70),None,0.0,0.51,0.2995,,0.2995,0,10441,0.0032,101.63,101.96,102.28,100.61,2026-08-14,3,False
YUMC,Consumer Discretionary,Restaurants,RSI,RSI 維持強勢 (50-70),None,0.0,0.51,0.2995,,0.2995,0,10441,0.0032,47.59,47.74,47.89,47.11,2026-08-14,3,False
MKL,Financials,Insurance - Property & Casualty,KDJ,KDJ 超賣區金叉,None,0.0,0.5599999999999999,0.299,,0.299,0,612,-0.0,1847.24,1847.24,1847.24,1828.77,2026-08-14,3,False
DLR,Real Estate,REIT - Specialty,RSI,RSI 維持強勢 (50-70),None,0.0,0.51,0.299,0.299,0.2509,301,7011,0.0013,200.15,200.41,200.67,198.15,2026-08-14,3,False
AEIS,Industrials,Electrical Equipment & Parts,RSI,RSI 維持強勢 (50-70),None,0.0,0.51,0.2986,,0.2986,0,19157,0.0036,330.26,331.45,332.64,326.96,2026-08-14,3,False
AER,Industrials,Rental & Leasing Services,RSI,RSI 維持強勢 (50-70),None,0.0,0.51,0.2986,,0.2986,0,19157,0.0036,152.45,153.0,153.55,150.93,2026-08-14,3,False
AIT,Industrials,Industrial Distribution,RSI,RSI 維持強勢 (50-70),None,0.0,0.51,0.2986,,0.2986,0,19157,0.0036,361.95,363.25,364.56,358.33,2026-08-14,3,False
APG,Industrials,Engineering & Construction,RSI,RSI 維持強勢 (50-70),None,0.0,0.51,0.2986,,0.2986,0,19157,0.0036,43.48,43.64,43.79,43.05,2026-08-13,3,False
ARMK,Industrials,Specialty Business Services,RSI,RSI 維持強勢 (50-70),None,0.0,0.51,0.2986,,0.2986,0,19157,0.0036,61.11,61.33,61.55,60.5,2026-08-13,3,False
ARXS,Industrials,Aerospace & Defense,RSI,RSI 維持強勢 (50-70),None,0.0,0.51,0.2986,,0.2986,0,19157,0.0036,57.28,57.49,57.69,56.71,2026-08-14,3,False
ATI,Industrials,Metal Fabrication,RSI,RSI 維持強勢 (50-70),None,0.0,0.51,0.2986,,0.2986,0,19157,0.0036,228.48,229.3,230.13,226.2,2026-08-14,3,False
AYI,Industrials,Electrical Equipment & Parts,RSI,RSI 維持強勢 (50-70),None,0.0,0.51,0.2986,,0.2986,0,19157,0.0036,358.43,359.72,361.01,354.85,2026-08-14,3,False
CP,Industrials,Railroads,RSI,RSI 維持強勢 (50-70),None,0.0,0.51,0.2986,,0.2986,0,19157,0.0036,93.5,93.84,94.17,92.56,2026-08-14,3,False
CR,Industrials,Specialty Industrial Machinery,RSI,RSI 維持強勢 (50-70),None,0.0,0.51,0.2986,,0.2986,0,19157,0.0036,218.34,219.13,219.91,216.16,2026-08-14,3,False
CSL,Industrials,Building Products & Equipment,RSI,RSI 維持強勢 (50-70),None,0.0,0.51,0.2986,,0.2986,0,19157,0.0036,370.04,371.37,372.7,366.34,2026-08-14,3,False
DCI,Industrials,Specialty Industrial Machinery,RSI,RSI 維持強勢 (50-70),None,0.0,0.51,0.2986,,0.2986,0,19157,0.0036,95.95,96.3,96.64,94.99,2026-08-14,3,False
EMBJ,Industrials,Aerospace & Defense,RSI,RSI 維持強勢 (50-70),None,0.0,0.51,0.2986,,0.2986,0,19157,0.0036,75.38,75.65,75.92,74.63,2026-08-14,3,False
FER,Industrials,Engineering & Construction,RSI,RSI 維持強勢 (50-70),None,0.0,0.51,0.2986,,0.2986,0,19157,0.0036,65.94,66.18,66.41,65.28,2026-08-12,3,False
FERG,Industrials,Industrial Distribution,RSI,RSI 維持強勢 (50-70),None,0.0,0.51,0.2986,,0.2986,0,19157,0.0036,244.94,245.82,246.7,242.49,2026-08-14,3,False
FTAI,Industrials,Aerospace & Defense,RSI,RSI 維持強勢 (50-70),None,0.0,0.51,0.2986,,0.2986,0,19157,0.0036,226.66,227.48,228.29,224.39,2026-08-12,3,False
GGG,Industrials,Specialty Industrial Machinery,RSI,RSI 維持強勢 (50-70),None,0.0,0.51,0.2986,,0.2986,0,19157,0.0036,81.94,82.23,82.53,81.12,2026-08-14,3,False
IESC,Industrials,Engineering & Construction,RSI,RSI 維持強勢 (50-70),None,0.0,0.51,0.2986,,0.2986,0,19157,0.0036,756.18,758.9,761.62,748.62,2026-08-14,3,False
ITT,Industrials,Specialty Industrial Machinery,RSI,RSI 維持強勢 (50-70),None,0.0,0.51,0.2986,,0.2986,0,19157,0.0036,216.7,217.48,218.26,214.53,2026-08-13,3,False
LECO,Industrials,Tools & Accessories,RSI,RSI 維持強勢 (50-70),None,0.0,0.51,0.2986,,0.2986,0,19157,0.0036,286.87,287.9,288.94,284.0,2026-08-14,3,False
MLI,Industrials,Metal Fabrication,RSI,RSI 維持強勢 (50-70),None,0.0,0.51,0.2986,,0.2986,0,19157,0.0036,65.9,66.14,66.37,65.24,2026-08-14,3,False
NVT,Industrials,Electrical Equipment & Parts,RSI,RSI 維持強勢 (50-70),None,0.0,0.51,0.2986,,0.2986,0,19157,0.0036,171.39,172.01,172.62,169.68,2026-08-14,3,False
OC,Industrials,Building Products & Equipment,RSI,RSI 維持強勢 (50-70),None,0.0,0.51,0.2986,,0.2986,0,19157,0.0036,154.67,155.23,155.78,153.12,2026-08-14,3,False
QXO,Industrials,Industrial Distribution,RSI,RSI 維持強勢 (50-70),None,0.0,0.51,0.2986,,0.2986,0,19157,0.0036,15.03,15.08,15.14,14.88,2026-08-12,3,False
RKLB,Industrials,Aerospace & Defense,RSI,RSI 維持強勢 (50-70),None,0.0,0.51,0.2986,,0.2986,0,19157,0.0036,80.25,80.54,80.83,79.45,2026-08-14,3,False
SPCX,Industrials,Aerospace & Defense,RSI,RSI 維持強勢 (50-70),None,0.0,0.51,0.2986,,0.2986,0,19157,0.0036,140.0,140.5,141.01,138.6,2026-08-14,3,False
TRI,Industrials,Specialty Business Services,RSI,RSI 維持強勢 (50-70),None,0.0,0.51,0.2986,,0.2986,0,19157,0.0036,103.61,103.98,104.36,102.57,2026-08-14,3,False
WCC,Industrials,Industrial Distribution,RSI,RSI 維持強勢 (50-70),None,0.0,0.51,0.2986,,0.2986,0,19157,0.0036,361.55,362.85,364.15,357.93,2026-08-14,3,False
WTS,Industrials,Specialty Industrial Machinery,RSI,RSI 維持強勢 (50-70),None,0.0,0.51,0.2986,,0.2986,0,19157,0.0036,384.42,385.8,387.19,380.58,2026-08-14,3,False
CPNG,Consumer Discretionary,Internet Retail,BB,價格在 BB 中軌上方,None,0.0,0.425,0.2984,,0.2984,0,12430,0.0031,16.12,16.17,16.22,15.96,2026-08-14,3,False
FIVE,Consumer Discretionary,Specialty Retail,BB,價格在 BB 中軌上方,None,0.0,0.425,0.2984,,0.2984,0,12430,0.0031,244.54,245.3,246.06,242.09,2026-08-14,3,False
HTHT,Consumer Discretionary,Lodging,BB,價格在 BB 中軌上方,None,0.0,0.425,0.2984,,0.2984,0,12430,0.0031,41.88,42.01,42.14,41.46,2026-08-14,3,False
SN,Consumer Discretionary,"Furnishings, Fixtures & Appliances",BB,價格在 BB 中軌上方,None,0.0,0.425,0.2984,,0.2984,0,12430,0.0031,185.1,185.67,186.25,183.25,2026-08-14,3,False
INIO,Industrials,Specialty Industrial Machinery,RSI,RSI 加速上升,None,0.0,0.5525,0.2981,,0.2981,0,11545,0.003,27.58,27.66,27.75,27.3,2026-08-13,3,False
TIMB,Communication Services,Telecom Services,RSI,RSI 維持超賣,None,0.0,0.385,0.2977,,0.2977,0,262,-0.0011,17.35,17.33,17.31,17.18,2026-08-14,3,False
INCY,Health Care,Biotechnology,BB,BB 中軌向上（上升趨勢）,None,0.0,0.51,0.2976,0.2976,0.2705,168,10885,0.0007,120.16,120.24,120.33,118.96,2026-08-14,3,False
EXR,Real Estate,REIT - Industrial,BB,BB 中軌向上（上升趨勢）,None,0.0,0.51,0.2975,0.2975,0.2647,158,5713,0.0005,146.76,146.83,146.91,145.29,2026-08-12,3,False
AS,Consumer Discretionary,Leisure,BB,BB 跌破下軌 (超賣),None,0.0,0.45499999999999996,0.2974,,0.2974,0,733,0.0008,33.03,33.06,33.08,32.7,2026-08-12,3,False
STLA,Consumer Discretionary,Auto Manufacturers,BB,BB 跌破下軌 (超賣),None,0.0,0.45499999999999996,0.2974,,0.2974,0,733,0.0008,5.35,5.35,5.36,5.3,2026-08-12,3,False
GL,Financials,Insurance - Life,RSI,RSI 上穿 50 中性線,None,0.0,0.4675,0.2963,0.2963,0.3091,27,1899,0.0138,180.67,183.16,185.66,178.86,2026-08-13,3,False
PKX,Materials,Steel,RSI,RSI 動能加速（強勢區）,None,0.0,0.51,0.2962,,0.2962,0,942,-0.0012,58.6,58.53,58.46,58.01,2026-08-14,3,False
JLL,Real Estate,Real Estate Services,KDJ,KDJ 金叉,Consolidation Breakout,0.72,1.0,0.2958,,0.2958,0,71,0.0071,375.0,377.66,380.32,371.25,2026-08-14,3,False
CW,Industrials,Aerospace & Defense,BB,價格在 BB 中軌上方,None,0.0,0.425,0.295,,0.295,0,22337,0.0034,723.71,726.17,728.63,716.47,2026-08-12,3,False
FPS,Industrials,Electrical Equipment & Parts,BB,價格在 BB 中軌上方,None,0.0,0.425,0.295,,0.295,0,22337,0.0034,39.66,39.79,39.93,39.26,2026-08-14,3,False
AXP,Financials,Credit Services,BB,價格在 BB 中軌上方,None,0.0,0.425,0.2947,0.2947,0.2847,285,21689,0.0033,342.48,343.61,344.74,339.06,2026-08-14,3,False
ESLT,Industrials,Aerospace & Defense,BB,BB 中軌向上（上升趨勢）,None,0.0,0.51,0.2929,,0.2929,0,17460,0.0036,783.62,786.44,789.26,775.78,2026-08-14,3,False
ZTO,Industrials,Integrated Freight & Logistics,BB,BB 中軌向上（上升趨勢）,None,0.0,0.51,0.2929,,0.2929,0,17460,0.0036,23.14,23.22,23.31,22.91,2026-08-12,3,False
EG,Financials,Insurance - Reinsurance,KDJ,KDJ 金叉,None,0.0,0.5525,0.2917,0.2917,0.3142,24,1932,-0.0106,370.11,366.19,362.26,366.41,2026-08-14,3,False
CMCSA,Communication Services,Telecom Services,RSI,RSI 動能加速（強勢區）,None,0.0,0.51,0.2917,0.2917,0.3135,24,772,0.0025,26.18,26.25,26.31,25.92,2026-08-13,3,False
PCAR,Industrials,Farm & Heavy Construction Machinery,BB,BB 中軌向上（上升趨勢）,None,0.0,0.51,0.2913,0.2913,0.2929,206,17460,0.0013,130.79,130.96,131.13,129.48,2026-08-14,3,False
BALL,Consumer Discretionary,Packaging & Containers,BB,BB 中軌向上（上升趨勢）,None,0.0,0.51,0.2908,,0.2908,0,9757,0.002,62.14,62.26,62.39,61.52,2026-08-12,3,False
LI,Consumer Discretionary,Auto Manufacturers,BB,BB 中軌向上（上升趨勢）,None,0.0,0.51,0.2908,,0.2908,0,9757,0.002,12.47,12.49,12.52,12.35,2026-08-12,3,False
ADBE,Information Technology,Software - Application,BB,BB 中軌向上（上升趨勢）,None,0.0,0.51,0.2903,0.2903,0.3639,186,16781,-0.0083,264.02,261.83,259.64,261.38,2026-08-14,3,False
MDLZ,Consumer Staples,Confectioners,RSI,RSI 維持強勢 (50-70),None,0.0,0.51,0.2892,0.2892,0.2452,204,7574,0.0031,63.61,63.81,64.0,62.97,2026-08-14,3,False
BMY,Health Care,Drug Manufacturers - General,RSI,RSI 維持強勢 (50-70),None,0.0,0.51,0.2879,0.2879,0.2772,198,12123,-0.0008,63.83,63.78,63.73,63.19,2026-08-14,3,False
BKNG,Consumer Discretionary,Travel Services,RSI,RSI 維持強勢 (50-70),None,0.0,0.51,0.2874,0.2874,0.2995,261,10441,0.0048,212.06,213.08,214.1,209.94,2026-08-14,3,False
PHM,Consumer Discretionary,Residential Construction,RSI,RSI 維持強勢 (50-70),None,0.0,0.51,0.2874,0.2874,0.2995,247,10441,0.0003,130.18,130.22,130.26,128.88,2026-08-14,3,False
AJG,Financials,Insurance Brokers,RSI,RSI 維持強勢 (50-70),None,0.0,0.51,0.2872,0.2872,0.2842,282,19108,0.0011,251.21,251.49,251.76,248.7,2026-08-14,3,False
AA,Materials,Aluminum,RSI,RSI 維持強勢 (50-70),None,0.0,0.51,0.286,,0.286,0,5721,0.0013,49.98,50.04,50.11,49.48,2026-08-14,3,False
AGI,Materials,Gold,RSI,RSI 維持強勢 (50-70),None,0.0,0.51,0.286,,0.286,0,5721,0.0013,33.36,33.4,33.45,33.03,2026-08-14,3,False
B,Materials,Gold,RSI,RSI 維持強勢 (50-70),None,0.0,0.51,0.286,,0.286,0,5721,0.0013,41.6,41.65,41.71,41.18,2026-08-14,3,False
BHP,Materials,Other Industrial Metals & Mining,RSI,RSI 維持強勢 (50-70),None,0.0,0.51,0.286,,0.286,0,5721,0.0013,86.78,86.89,87.01,85.91,2026-08-14,3,False
FNV,Materials,Gold,RSI,RSI 維持強勢 (50-70),None,0.0,0.51,0.286,,0.286,0,5721,0.0013,234.21,234.51,234.82,231.87,2026-08-14,3,False
MT,Materials,Steel,RSI,RSI 維持強勢 (50-70),None,0.0,0.51,0.286,,0.286,0,5721,0.0013,73.86,73.96,74.05,73.12,2026-08-14,3,False
RIO,Materials,Other Industrial Metals & Mining,RSI,RSI 維持強勢 (50-70),None,0.0,0.51,0.286,,0.286,0,5721,0.0013,98.2,98.33,98.46,97.22,2026-08-13,3,False
RPM,Materials,Specialty Chemicals,RSI,RSI 維持強勢 (50-70),None,0.0,0.51,0.286,,0.286,0,5721,0.0013,113.82,113.97,114.12,112.68,2026-08-14,3,False
RS,Materials,Steel,RSI,RSI 維持強勢 (50-70),None,0.0,0.51,0.286,,0.286,0,5721,0.0013,426.54,427.09,427.65,422.27,2026-08-14,3,False
SCCO,Materials,Copper,RSI,RSI 維持強勢 (50-70),None,0.0,0.51,0.286,,0.286,0,5721,0.0013,187.59,187.83,188.08,185.71,2026-08-13,3,False
TECK,Materials,Other Industrial Metals & Mining,RSI,RSI 維持強勢 (50-70),None,0.0,0.51,0.286,,0.286,0,5721,0.0013,63.53,63.61,63.7,62.89,2026-08-14,3,False
SOLS,Materials,Specialty Chemicals,BB,價格在 BB 中軌上方,None,0.0,0.425,0.2859,,0.2859,0,6697,0.0007,62.65,62.69,62.74,62.02,2026-08-14,3,False
CMS,Utilities,Utilities - Regulated Electric,KDJ,KDJ 金叉,None,0.0,0.5525,0.2857,0.2857,0.3001,21,713,0.0089,70.02,70.64,71.27,69.32,2026-08-12,3,False
OXY,Energy,Oil & Gas E&P,RSI,RSI 加速上升,None,0.0,0.5525,0.2857,0.2857,0.3227,154,3306,-0.0042,58.36,58.11,57.87,57.78,2026-08-14,3,False
CME,Financials,Financial Data & Stock Exchanges,BB,BB 中軌向上（上升趨勢）,None,0.0,0.51,0.2857,0.2857,0.2681,224,16575,0.0013,267.21,267.56,267.9,264.54,2026-08-13,3,False
EXPD,Industrials,Integrated Freight & Logistics,RSI,RSI 動能加速（強勢區）,None,0.0,0.51,0.2857,0.2857,0.2891,35,3037,-0.0007,184.47,184.34,184.21,182.63,2026-08-12,3,False
MSFT,Information Technology,Software - Infrastructure,BB,BB 中軌向上（上升趨勢）,None,0.0,0.51,0.2857,0.2857,0.3639,217,16781,0.003,495.4,496.89,498.37,490.45,2026-08-14,3,False
AMZN,Consumer Discretionary,Internet Retail,BB,價格在 BB 中軌上方,None,0.0,0.425,0.2857,0.2857,0.2984,280,12430,0.0024,262.65,263.28,263.91,260.02,2026-08-14,3,False
BTSG,Health Care,Health Information Services,KDJ,KDJ 金叉,None,0.0,0.5525,0.2852,,0.2852,0,1536,0.0022,60.23,60.36,60.5,59.63,2026-08-13,3,False
BTSGU,Health Care,Health Information Services,KDJ,KDJ 金叉,None,0.0,0.5525,0.2852,,0.2852,0,1536,0.0022,201.07,201.51,201.95,199.06,2026-08-13,3,False
GMED,Health Care,Medical Devices,KDJ,KDJ 金叉,None,0.0,0.5525,0.2852,,0.2852,0,1536,0.0022,85.67,85.86,86.05,84.81,2026-08-12,3,False
KRYS,Health Care,Biotechnology,KDJ,KDJ 金叉,None,0.0,0.5525,0.2852,,0.2852,0,1536,0.0022,332.86,333.59,334.32,329.53,2026-08-12,3,False
RPRX,Health Care,Biotechnology,KDJ,KDJ 金叉,None,0.0,0.5525,0.2852,,0.2852,0,1536,0.0022,59.22,59.35,59.48,58.63,2026-08-12,3,False
RTX,Industrials,Aerospace & Defense,RSI,RSI 維持強勢 (50-70),None,0.0,0.51,0.2852,0.2852,0.2986,291,19157,0.006,220.48,221.8,223.13,218.28,2026-08-13,3,False
IEX,Industrials,Specialty Industrial Machinery,BB,價格在 BB 中軌上方,None,0.0,0.425,0.2852,0.2852,0.295,277,22337,0.0019,238.94,239.39,239.85,236.55,2026-08-14,3,False
AEG,Financials,Insurance - Diversified,BB,價格在 BB 中軌上方,None,0.0,0.425,0.2847,,0.2847,0,21689,0.0031,9.45,9.48,9.51,9.36,2026-08-14,3,False
ARCC,Financials,Asset Management,BB,價格在 BB 中軌上方,None,0.0,0.425,0.2847,,0.2847,0,21689,0.0031,19.87,19.93,19.99,19.67,2026-08-14,3,False
BAM,Financials,Asset Management,BB,價格在 BB 中軌上方,None,0.0,0.425,0.2847,,0.2847,0,21689,0.0031,54.31,54.48,54.65,53.77,2026-08-14,3,False
BBVA,Financials,Banks - Diversified,BB,價格在 BB 中軌上方,None,0.0,0.425,0.2847,,0.2847,0,21689,0.0031,28.7,28.79,28.88,28.41,2026-08-14,3,False
BCS,Financials,Banks - Diversified,BB,價格在 BB 中軌上方,None,0.0,0.425,0.2847,,0.2847,0,21689,0.0031,28.14,28.23,28.31,27.86,2026-08-14,3,False
BNT,Financials,Insurance - Diversified,BB,價格在 BB 中軌上方,None,0.0,0.425,0.2847,,0.2847,0,21689,0.0031,43.83,43.97,44.1,43.39,2026-08-14,3,False
CET,Financials,Asset Management,BB,價格在 BB 中軌上方,None,0.0,0.425,0.2847,,0.2847,0,21689,0.0031,55.16,55.33,55.5,54.61,2026-08-14,3,False
CRBG,Financials,Asset Management,BB,價格在 BB 中軌上方,None,0.0,0.425,0.2847,,0.2847,0,21689,0.0031,34.47,34.58,34.68,34.13,2026-08-14,3,False
DB,Financials,Banks - Regional,BB,價格在 BB 中軌上方,None,0.0,0.425,0.2847,,0.2847,0,21689,0.0031,38.38,38.5,38.62,38.0,2026-08-13,3,False
EQH,Financials,Asset Management,BB,價格在 BB 中軌上方,None,0.0,0.425,0.2847,,0.2847,0,21689,0.0031,52.8,52.96,53.13,52.27,2026-08-13,3,False
FUTU,Financials,Capital Markets,BB,價格在 BB 中軌上方,None,0.0,0.425,0.2847,,0.2847,0,21689,0.0031,105.23,105.56,105.88,104.18,2026-08-14,3,False
HSBC,Financials,Banks - Diversified,BB,價格在 BB 中軌上方,None,0.0,0.425,0.2847,,0.2847,0,21689,0.0031,103.79,104.11,104.43,102.75,2026-08-14,3,False
ING,Financials,Banks - Diversified,BB,價格在 BB 中軌上方,None,0.0,0.425,0.2847,,0.2847,0,21689,0.0031,35.6,35.71,35.82,35.24,2026-08-13,3,False
KB,Financials,Banks - Regional,BB,價格在 BB 中軌上方,None,0.0,0.425,0.2847,,0.2847,0,21689,0.0031,119.95,120.32,120.69,118.75,2026-08-14,3,False
LPLA,Financials,Capital Markets,BB,價格在 BB 中軌上方,None,0.0,0.425,0.2847,,0.2847,0,21689,0.0031,370.67,371.82,372.97,366.96,2026-08-14,3,False
NMR,Financials,Capital Markets,BB,價格在 BB 中軌上方,None,0.0,0.425,0.2847,,0.2847,0,21689,0.0031,9.82,9.85,9.88,9.72,2026-08-14,3,False
NWG,Financials,Banks - Regional,BB,價格在 BB 中軌上方,None,0.0,0.425,0.2847,,0.2847,0,21689,0.0031,19.1,19.16,19.22,18.91,2026-08-14,3,False
SAN,Financials,Banks - Diversified,BB,價格在 BB 中軌上方,None,0.0,0.425,0.2847,,0.2847,0,21689,0.0031,14.76,14.81,14.85,14.61,2026-08-14,3,False
SHG,Financials,Banks - Regional,BB,價格在 BB 中軌上方,None,0.0,0.425,0.2847,,0.2847,0,21689,0.0031,75.36,75.59,75.83,74.61,2026-08-14,3,False
SLMBP,Financials,Credit Services,BB,價格在 BB 中軌上方,None,0.0,0.425,0.2847,,0.2847,0,21689,0.0031,74.9,75.13,75.36,74.15,2026-08-13,3,False
SOFI,Financials,Credit Services,BB,價格在 BB 中軌上方,None,0.0,0.425,0.2847,,0.2847,0,21689,0.0031,18.29,18.35,18.4,18.11,2026-08-14,3,False
SPY,Financials,Asset Management,BB,價格在 BB 中軌上方,None,0.0,0.425,0.2847,,0.2847,0,21689,0.0031,777.88,780.29,782.7,770.1,2026-08-13,3,False
UBS,Financials,Banks - Diversified,BB,價格在 BB 中軌上方,None,0.0,0.425,0.2847,,0.2847,0,21689,0.0031,53.63,53.8,53.96,53.09,2026-08-14,3,False
WF,Financials,Banks - Regional,BB,價格在 BB 中軌上方,None,0.0,0.425,0.2847,,0.2847,0,21689,0.0031,71.37,71.59,71.81,70.66,2026-08-14,3,False
WTFC,Financials,Banks - Regional,BB,價格在 BB 中軌上方,None,0.0,0.425,0.2847,,0.2847,0,21689,0.0031,162.47,162.97,163.48,160.85,2026-08-14,3,False
ORI,Financials,Insurance - Property & Casualty,RSI,RSI 維持強勢 (50-70),None,0.0,0.51,0.2842,,0.2842,0,19108,0.003,42.85,42.98,43.11,42.42,2026-08-14,3,False
RYAN,Financials,Insurance - Specialty,RSI,RSI 維持強勢 (50-70),None,0.0,0.51,0.2842,,0.2842,0,19108,0.003,42.82,42.95,43.08,42.39,2026-08-13,3,False
VLYPO,Financials,Banks - Regional,RSI,RSI 維持強勢 (50-70),None,0.0,0.51,0.2842,,0.2842,0,19108,0.003,24.86,24.93,25.01,24.61,2026-08-12,3,False
PAC,Industrials,Airports & Air Services,BB,BB 跌破下軌 (超賣),None,0.0,0.45499999999999996,0.2838,,0.2838,0,1258,0.0043,206.98,207.87,208.76,204.91,2026-08-14,3,False
XEL,Utilities,Utilities - Regulated Electric,RSI,RSI 維持強勢 (50-70),None,0.0,0.51,0.2833,0.2833,0.2471,233,8831,0.0051,79.17,79.57,79.98,78.38,2026-08-14,3,False
IFF,Materials,Specialty Chemicals,RSI,RSI 維持強勢 (50-70),None,0.0,0.51,0.2828,0.2828,0.286,244,5721,-0.0019,84.18,84.02,83.86,83.34,2026-08-14,3,False
ICE,Financials,Financial Data & Stock Exchanges,RSI,RSI 動能加速（強勢區）,None,0.0,0.51,0.2826,0.2826,0.279,46,3129,0.0064,155.24,156.23,157.23,153.69,2026-08-13,3,False
EQIX,Real Estate,REIT - Specialty,BB,價格在 BB 中軌上方,Consolidation Breakout,0.75,0.9899999999999999,0.2821,0.2821,0.2311,39,822,0.0064,1102.1,1109.15,1116.21,1091.08,2026-08-14,3,False
PSX,Energy,Oil & Gas Refining & Marketing,RSI,RSI 加速上升,None,0.0,0.5525,0.2821,0.2821,0.3227,156,3306,0.0032,233.61,234.36,235.11,231.27,2026-08-14,3,False
MSI,Information Technology,Communication Equipment,BB,BB 中軌向上（上升趨勢）,None,0.0,0.51,0.2821,0.2821,0.3639,234,16781,0.0045,466.51,468.61,470.71,461.84,2026-08-14,3,False
WFC,Financials,Banks - Diversified,RSI,RSI 維持強勢 (50-70),None,0.0,0.51,0.2819,0.2819,0.2842,259,19108,-0.0017,88.82,88.67,88.52,87.93,2026-08-14,3,False
GLPI,Real Estate,REIT - Specialty,KDJ,KDJ 金叉,None,0.0,0.5525,0.2818,,0.2818,0,550,0.0003,43.65,43.66,43.68,43.21,2026-08-13,3,False
SUI,Real Estate,REIT - Residential,KDJ,KDJ 金叉,None,0.0,0.5525,0.2818,,0.2818,0,550,0.0003,123.29,123.33,123.36,122.06,2026-08-14,3,False
WPC,Real Estate,REIT - Diversified,KDJ,KDJ 金叉,None,0.0,0.5525,0.2818,,0.2818,0,550,0.0003,71.49,71.51,71.53,70.78,2026-08-13,3,False
ALLE,Industrials,Security & Protection Services,RSI,RSI 維持強勢 (50-70),None,0.0,0.51,0.2814,0.2814,0.2986,199,19157,0.0036,164.78,165.37,165.97,163.13,2026-08-14,3,False
DE,Industrials,Farm & Heavy Construction Machinery,BB,價格在 BB 中軌上方,None,0.0,0.425,0.2812,0.2812,0.295,224,22337,0.0017,612.38,613.42,614.46,606.26,2026-08-13,3,False
COO,Health Care,Medical Instruments & Supplies,RSI,RSI 加速上升,None,0.0,0.5525,0.2808,0.2808,0.2803,146,8492,-0.0015,76.6,76.49,76.37,75.83,2026-08-13,3,False
ERIE,Financials,Insurance Brokers,BB,BB 中軌向上（上升趨勢）,None,0.0,0.51,0.2806,0.2806,0.2681,196,16575,0.002,255.99,256.5,257.01,253.43,2026-08-14,3,False
ALC,Health Care,Medical Instruments & Supplies,BB,價格在 BB 中軌上方,None,0.0,0.425,0.2804,,0.2804,0,14417,0.0008,74.25,74.31,74.37,73.51,2026-08-14,3,False
ARWR,Health Care,Biotechnology,BB,價格在 BB 中軌上方,None,0.0,0.425,0.2804,,0.2804,0,14417,0.0008,86.64,86.71,86.78,85.77,2026-08-14,3,False
ASND,Health Care,Biotechnology,BB,價格在 BB 中軌上方,None,0.0,0.425,0.2804,,0.2804,0,14417,0.0008,255.46,255.66,255.87,252.91,2026-08-12,3,False
BBIO,Health Care,Biotechnology,BB,價格在 BB 中軌上方,None,0.0,0.425,0.2804,,0.2804,0,14417,0.0008,83.84,83.91,83.97,83.0,2026-08-12,3,False
BMRN,Health Care,Biotechnology,BB,價格在 BB 中軌上方,None,0.0,0.425,0.2804,,0.2804,0,14417,0.0008,67.36,67.41,67.47,66.69,2026-08-14,3,False
CRSP,Health Care,Biotechnology,BB,價格在 BB 中軌上方,None,0.0,0.425,0.2804,,0.2804,0,14417,0.0008,53.55,53.59,53.64,53.01,2026-08-14,3,False
EHC,Health Care,Medical Care Facilities,BB,價格在 BB 中軌上方,None,0.0,0.425,0.2804,,0.2804,0,14417,0.0008,123.59,123.69,123.79,122.35,2026-08-14,3,False
GH,Health Care,Diagnostics & Research,BB,價格在 BB 中軌上方,None,0.0,0.425,0.2804,,0.2804,0,14417,0.0008,157.21,157.34,157.46,155.64,2026-08-14,3,False
ICLR,Health Care,Diagnostics & Research,BB,價格在 BB 中軌上方,None,0.0,0.425,0.2804,,0.2804,0,14417,0.0008,167.48,167.61,167.75,165.81,2026-08-13,3,False
INSM,Health Care,Biotechnology,BB,價格在 BB 中軌上方,None,0.0,0.425,0.2804,,0.2804,0,14417,0.0008,123.74,123.84,123.94,122.5,2026-08-14,3,False
MDGL,Health Care,Biotechnology,BB,價格在 BB 中軌上方,None,0.0,0.425,0.2804,,0.2804,0,14417,0.0008,536.2,536.63,537.06,530.84,2026-08-12,3,False
MEDP,Health Care,Diagnostics & Research,BB,價格在 BB 中軌上方,None,0.0,0.425,0.2804,,0.2804,0,14417,0.0008,581.95,582.42,582.88,576.13,2026-08-13,3,False
NTRA,Health Care,Diagnostics & Research,BB,價格在 BB 中軌上方,None,0.0,0.425,0.2804,,0.2804,0,14417,0.0008,309.93,310.18,310.43,306.83,2026-08-14,3,False
ONC,Health Care,Biotechnology,BB,價格在 BB 中軌上方,None,0.0,0.425,0.2804,,0.2804,0,14417,0.0008,347.48,347.76,348.04,344.01,2026-08-14,3,False
PEN,Health Care,Medical Devices,BB,價格在 BB 中軌上方,None,0.0,0.425,0.2804,,0.2804,0,14417,0.0008,326.75,327.01,327.27,323.48,2026-08-13,3,False
RDY,Health Care,Drug Manufacturers - Specialty & Generic,BB,價格在 BB 中軌上方,None,0.0,0.425,0.2804,,0.2804,0,14417,0.0008,12.27,12.28,12.29,12.15,2026-08-14,3,False
ROIV,Health Care,Biotechnology,BB,價格在 BB 中軌上方,None,0.0,0.425,0.2804,,0.2804,0,14417,0.0008,36.2,36.23,36.26,35.84,2026-08-14,3,False
RVMD,Health Care,Biotechnology,BB,價格在 BB 中軌上方,None,0.0,0.425,0.2804,,0.2804,0,14417,0.0008,203.71,203.87,204.04,201.67,2026-08-14,3,False
TEM,Health Care,Health Information Services,BB,價格在 BB 中軌上方,None,0.0,0.425,0.2804,,0.2804,0,14417,0.0008,52.1,52.14,52.18,51.58,2026-08-14,3,False
TEVA,Health Care,Drug Manufacturers - Specialty & Generic,BB,價格在 BB 中軌上方,None,0.0,0.425,0.2804,,0.2804,0,14417,0.0008,36.77,36.8,36.83,36.4,2026-08-14,3,False
THC,Health Care,Medical Care Facilities,BB,價格在 BB 中軌上方,None,0.0,0.425,0.2804,,0.2804,0,14417,0.0008,267.9,268.11,268.33,265.22,2026-08-14,3,False
BDRX,Health Care,Biotechnology,RSI,RSI 加速上升,None,0.0,0.5525,0.2803,,0.2803,0,8492,-0.0001,1.56,1.56,1.56,1.54,2026-08-13,3,False
ELAN,Health Care,Drug Manufacturers - Specialty & Generic,RSI,RSI 加速上升,None,0.0,0.5525,0.2803,,0.2803,0,8492,-0.0001,23.67,23.67,23.67,23.43,2026-08-14,3,False
MDLN,Health Care,Medical Instruments & Supplies,RSI,RSI 加速上升,None,0.0,0.5525,0.2803,,0.2803,0,8492,-0.0001,35.58,35.58,35.57,35.22,2026-08-13,3,False
NVO,Health Care,Drug Manufacturers - General,RSI,RSI 加速上升,None,0.0,0.5525,0.2803,,0.2803,0,8492,-0.0001,46.39,46.39,46.38,45.93,2026-08-12,3,False
MTD,Health Care,Diagnostics & Research,BB,價格在 BB 中軌上方,None,0.0,0.425,0.2802,0.2802,0.2804,207,14417,0.0022,1419.02,1422.14,1425.26,1404.83,2026-08-14,3,False
CVS,Health Care,Healthcare Plans,KDJ,KDJ 金叉,Bullish Engulfing,0.75,1.0,0.2785,,0.2785,0,79,-0.0024,97.16,96.93,96.69,96.19,2026-08-14,3,False
DTE,Utilities,Utilities - Regulated Electric,KDJ,KDJ 金叉,None,0.0,0.5525,0.2778,0.2778,0.3001,18,713,0.0107,138.68,140.16,141.65,137.29,2026-08-12,3,False
SYY,Consumer Staples,Food Distribution,KDJ,KDJ 金叉,None,0.0,0.5525,0.2778,0.2778,0.2503,18,779,0.0061,84.69,85.21,85.72,83.84,2026-08-12,3,False
ILMN,Health Care,Diagnostics & Research,RSI,RSI 維持強勢 (50-70),None,0.0,0.51,0.2772,,0.2772,0,12123,0.0009,190.89,191.06,191.23,188.98,2026-08-14,3,False
IR,Industrials,Specialty Industrial Machinery,RSI,RSI 維持強勢 (50-70),None,0.0,0.51,0.2767,0.2767,0.2986,206,19157,-0.0012,84.28,84.18,84.08,83.44,2026-08-13,3,False
SPGI,Financials,Financial Data & Stock Exchanges,RSI,RSI 動能加速（強勢區）,None,0.0,0.51,0.2766,0.2766,0.279,47,3129,0.0008,422.67,423.01,423.35,418.44,2026-08-13,3,False
ROST,Consumer Discretionary,Apparel Retail,BB,價格在 BB 中軌上方,None,0.0,0.425,0.2765,0.2765,0.2984,311,12430,0.0058,248.25,249.69,251.13,245.77,2026-08-12,3,False
SHW,Materials,Specialty Chemicals,BB,價格在 BB 中軌上方,None,0.0,0.425,0.2764,0.2764,0.2859,199,6697,0.0039,359.1,360.5,361.9,355.51,2026-08-14,3,False
PSA,Real Estate,REIT - Industrial,RSI,RSI 動能加速（強勢區）,None,0.0,0.51,0.2759,0.2759,0.2452,29,1093,-0.0005,328.72,328.56,328.39,325.43,2026-08-13,3,False
CYTK,Health Care,Biotechnology,BB,BB 跌破下軌 (超賣),None,0.0,0.45499999999999996,0.2752,,0.2752,0,974,-0.0017,73.45,73.33,73.2,72.72,2026-08-13,3,False
NBIX,Health Care,Drug Manufacturers - Specialty & Generic,BB,BB 跌破下軌 (超賣),None,0.0,0.45499999999999996,0.2752,,0.2752,0,974,-0.0017,150.82,150.56,150.31,149.31,2026-08-13,3,False
UTHR,Health Care,Drug Manufacturers - Specialty & Generic,BB,BB 跌破下軌 (超賣),None,0.0,0.45499999999999996,0.2752,,0.2752,0,974,-0.0017,499.73,498.88,498.03,494.73,2026-08-14,3,False
VRTX,Health Care,Biotechnology,RSI,RSI 加速上升,None,0.0,0.5525,0.275,0.275,0.2803,120,8492,0.0035,516.44,518.25,520.06,511.28,2026-08-13,3,False
NWSA,Communication Services,Entertainment,RSI,RSI 維持強勢 (50-70),None,0.0,0.51,0.2742,0.2742,0.3082,248,5205,0.0028,29.16,29.24,29.32,28.87,2026-08-14,3,False
ALNY,Health Care,Biotechnology,MACD,MACD 金叉 (空頭區),None,0.0,0.42,0.2741,,0.2741,0,686,-0.0003,228.65,228.58,228.51,226.36,2026-08-14,3,False
VZ,Communication Services,Telecom Services,RSI,RSI 動能加速（強勢區）,None,0.0,0.51,0.2727,0.2727,0.3135,33,772,0.0033,48.22,48.38,48.54,47.74,2026-08-13,3,False
IDXX,Health Care,Diagnostics & Research,BB,價格在 BB 中軌上方,None,0.0,0.425,0.2718,0.2718,0.2804,195,14417,0.0023,570.58,571.89,573.2,564.87,2026-08-12,3,False
JCI,Industrials,Building Products & Equipment,RSI,RSI 動能加速（強勢區）,None,0.0,0.51,0.2708,0.2708,0.2891,48,3037,-0.0003,153.64,153.59,153.55,152.1,2026-08-14,3,False
ADM,Consumer Staples,Farm Products,RSI,RSI 加速上升,None,0.0,0.5525,0.2706,0.2706,0.2439,170,5343,-0.0034,80.45,80.18,79.9,79.65,2026-08-14,3,False
JAZZ,Health Care,Biotechnology,BB,BB 中軌向上（上升趨勢）,None,0.0,0.51,0.2705,,0.2705,0,10885,0.0002,244.96,245.01,245.06,242.51,2026-08-14,3,False
DUK,Utilities,Utilities - Regulated Electric,KDJ,KDJ 金叉,None,0.0,0.5525,0.2692,0.2692,0.3001,26,713,0.0071,123.49,124.37,125.24,122.26,2026-08-12,3,False
CVX,Energy,Oil & Gas Integrated,BB,價格在 BB 中軌上方,None,0.0,0.425,0.2687,0.2687,0.2998,320,5768,-0.0012,200.0,199.76,199.52,198.0,2026-08-14,3,False
BRO,Financials,Insurance Brokers,RSI,RSI 維持強勢 (50-70),None,0.0,0.51,0.2686,0.2686,0.2842,242,19108,0.0031,70.54,70.76,70.98,69.83,2026-08-14,3,False
RMD,Health Care,Medical Instruments & Supplies,RSI,RSI 維持強勢 (50-70),None,0.0,0.51,0.268,0.268,0.2772,194,12123,-0.0031,224.46,223.76,223.07,222.22,2026-08-14,3,False
EOG,Energy,Oil & Gas E&P,RSI,RSI 加速上升,None,0.0,0.5525,0.2679,0.2679,0.3227,168,3306,-0.0019,142.61,142.34,142.07,141.18,2026-08-14,3,False
IT,Information Technology,Information Technology Services,BB,價格在 BB 中軌上方,None,0.0,0.425,0.2672,0.2672,0.3573,262,20206,-0.0028,181.09,180.58,180.08,179.28,2026-08-14,3,False
LOW,Consumer Discretionary,Home Improvement Retail,RSI,RSI 維持強勢 (50-70),None,0.0,0.51,0.267,0.267,0.2995,206,10441,0.0003,218.47,218.54,218.6,216.29,2026-08-14,3,False
ABEV,Consumer Staples,Beverages - Brewers,BB,BB 跌破下軌 (超賣),None,0.0,0.45499999999999996,0.2667,,0.2667,0,705,0.0039,2.82,2.83,2.84,2.79,2026-08-12,3,False
BTI,Consumer Staples,Tobacco,BB,BB 跌破下軌 (超賣),None,0.0,0.45499999999999996,0.2667,,0.2667,0,705,0.0039,55.84,56.06,56.28,55.28,2026-08-12,3,False
PFGC,Consumer Staples,Food Distribution,BB,BB 跌破下軌 (超賣),None,0.0,0.45499999999999996,0.2667,,0.2667,0,705,0.0039,104.48,104.89,105.29,103.44,2026-08-13,3,False
MDT,Health Care,Medical Devices,RSI,RSI 加速上升,None,0.0,0.5525,0.2653,0.2653,0.2803,147,8492,0.0022,91.27,91.47,91.67,90.36,2026-08-14,3,False
J,Industrials,Engineering & Construction,BB,價格在 BB 中軌上方,None,0.0,0.425,0.2648,0.2648,0.295,287,22337,0.0006,144.66,144.75,144.83,143.21,2026-08-14,3,False
AMH,Real Estate,REIT - Residential,BB,BB 中軌向上（上升趨勢）,None,0.0,0.51,0.2647,,0.2647,0,5713,0.0025,33.83,33.91,34.0,33.49,2026-08-12,3,False
BEKE,Real Estate,Real Estate Services,BB,BB 中軌向上（上升趨勢）,None,0.0,0.51,0.2647,,0.2647,0,5713,0.0025,17.01,17.05,17.1,16.84,2026-08-14,3,False
AMGN,Health Care,Drug Manufacturers - General,RSI,RSI 維持強勢 (50-70),None,0.0,0.51,0.2639,0.2639,0.2772,216,12123,0.0032,415.21,416.54,417.87,411.06,2026-08-14,3,False
JNJ,Health Care,Drug Manufacturers - General,RSI,RSI 加速上升,None,0.0,0.5525,0.2638,0.2638,0.2803,163,8492,0.0063,262.08,263.73,265.38,259.46,2026-08-13,3,False
VRSN,Information Technology,Software - Infrastructure,BB,BB 中軌向上（上升趨勢）,None,0.0,0.51,0.2636,0.2636,0.3639,239,16781,-0.0001,284.24,284.21,284.18,281.4,2026-08-14,3,False
EXC,Utilities,Utilities - Regulated Electric,RSI,RSI 加速上升,None,0.0,0.5525,0.2632,0.2632,0.2565,133,4905,0.0045,45.6,45.81,46.01,45.14,2026-08-13,3,False
T,Communication Services,Telecom Services,RSI,RSI 加速上升,None,0.0,0.5525,0.2625,0.2625,0.3116,160,3322,-0.0002,24.89,24.89,24.88,24.64,2026-08-14,3,False
NSC,Industrials,Railroads,BB,價格在 BB 中軌上方,None,0.0,0.425,0.2612,0.2612,0.295,245,22337,0.0038,337.85,339.13,340.42,334.47,2026-08-13,3,False
ED,Utilities,Utilities - Regulated Electric,KDJ,KDJ 金叉,None,0.0,0.5525,0.2609,0.2609,0.3001,23,713,0.0077,107.78,108.61,109.44,106.7,2026-08-12,3,False
TSCO,Consumer Discretionary,Specialty Retail,BB,BB 中軌向上（上升趨勢）,None,0.0,0.51,0.2606,0.2606,0.2908,142,9757,-0.0032,35.83,35.72,35.6,35.47,2026-08-14,3,False
OMC,Communication Services,Advertising Agencies,RSI,RSI 動能加速（強勢區）,None,0.0,0.51,0.2593,0.2593,0.3135,27,772,-0.0056,88.36,87.87,87.37,87.48,2026-08-13,3,False
PNR,Industrials,Specialty Industrial Machinery,BB,價格在 BB 中軌上方,None,0.0,0.425,0.2587,0.2587,0.295,286,22337,-0.0014,66.16,66.07,65.97,65.5,2026-08-14,3,False
CTVA,Materials,Agricultural Inputs,KDJ,KDJ 金叉,None,0.0,0.5525,0.2581,0.2581,0.314,31,637,-0.0087,76.68,76.01,75.35,75.91,2026-08-14,3,False
PRU,Financials,Insurance - Life,RSI,RSI 加速上升,None,0.0,0.5525,0.2579,0.2579,0.3014,159,11488,-0.0002,125.13,125.1,125.08,123.88,2026-08-14,3,False
BSX,Health Care,Medical Devices,RSI,RSI 加速上升,None,0.0,0.5525,0.2576,0.2576,0.2803,132,8492,-0.0058,51.83,51.53,51.23,51.31,2026-08-14,3,False
V,Financials,Credit Services,BB,BB 中軌向上（上升趨勢）,None,0.0,0.51,0.2571,0.2571,0.2681,210,16575,0.0013,359.42,359.89,360.35,355.83,2026-08-12,3,False
SRE,Utilities,Utilities - Diversified,RSI,RSI 加速上升,None,0.0,0.5525,0.2569,0.2569,0.2565,144,4905,-0.0054,86.41,85.94,85.48,85.55,2026-08-14,3,False
BEP,Utilities,Utilities - Renewable,RSI,RSI 加速上升,None,0.0,0.5525,0.2565,,0.2565,0,4905,0.0041,34.75,34.89,35.03,34.4,2026-08-14,3,False
BEPC,Utilities,Utilities - Renewable,RSI,RSI 加速上升,None,0.0,0.5525,0.2565,,0.2565,0,4905,0.0041,35.5,35.65,35.79,35.15,2026-08-14,3,False
EMA,Utilities,Utilities - Regulated Electric,RSI,RSI 加速上升,None,0.0,0.5525,0.2565,,0.2565,0,4905,0.0041,51.51,51.72,51.93,50.99,2026-08-14,3,False
FTS,Utilities,Utilities - Regulated Electric,RSI,RSI 加速上升,None,0.0,0.5525,0.2565,,0.2565,0,4905,0.0041,56.68,56.91,57.14,56.11,2026-08-14,3,False
TLN,Utilities,Utilities - Independent Power Producers,RSI,RSI 加速上升,None,0.0,0.5525,0.2565,,0.2565,0,4905,0.0041,362.74,364.23,365.71,359.11,2026-08-14,3,False
COKE,Consumer Staples,Beverages - Non-Alcoholic,RSI,RSI 上穿 50 中性線,None,0.0,0.4675,0.2565,,0.2565,0,928,0.0005,188.77,188.86,188.96,186.88,2026-08-12,3,False
UL,Consumer Staples,Household & Personal Products,RSI,RSI 上穿 50 中性線,None,0.0,0.4675,0.2565,,0.2565,0,928,0.0005,62.68,62.71,62.74,62.05,2026-08-13,3,False
AMP,Financials,Asset Management,BB,價格在 BB 中軌上方,None,0.0,0.425,0.2564,0.2564,0.2847,273,21689,0.0017,569.54,570.51,571.48,563.84,2026-08-14,3,False
XOM,Energy,Oil & Gas Integrated,BB,BB 中軌向上（上升趨勢）,None,0.0,0.51,0.256,0.256,0.2962,207,4484,-0.0043,160.1,159.41,158.72,158.5,2026-08-14,3,False
APD,Materials,Specialty Chemicals,BB,BB 中軌向上（上升趨勢）,None,0.0,0.51,0.2556,0.2556,0.2853,180,5036,-0.0037,308.97,307.83,306.68,305.88,2026-08-14,3,False
HON,Industrials,Conglomerates,BB,BB 中軌向上（上升趨勢）,None,0.0,0.51,0.2552,0.2552,0.2929,192,17460,-0.0004,233.96,233.87,233.77,231.62,2026-08-14,3,False
DGX,Health Care,Diagnostics & Research,RSI,RSI 維持強勢 (50-70),None,0.0,0.51,0.2551,0.2551,0.2772,243,12123,0.0038,234.4,235.29,236.18,232.06,2026-08-14,3,False
CTSH,Information Technology,Information Technology Services,BB,價格在 BB 中軌上方,None,0.0,0.425,0.2536,0.2536,0.3573,209,20206,0.0011,58.79,58.85,58.92,58.2,2026-08-14,3,False
EW,Health Care,Medical Devices,RSI,RSI 加速上升,None,0.0,0.5525,0.252,0.252,0.2803,127,8492,0.002,92.56,92.75,92.93,91.63,2026-08-13,3,False
AGNC,Real Estate,REIT - Mortgage,RSI,RSI 維持強勢 (50-70),None,0.0,0.51,0.2509,,0.2509,0,7011,0.0007,10.96,10.97,10.98,10.85,2026-08-14,3,False
AGNCL,Real Estate,REIT - Mortgage,RSI,RSI 維持強勢 (50-70),None,0.0,0.51,0.2509,,0.2509,0,7011,0.0007,25.0297,25.05,25.06,24.78,2026-08-14,3,False
AGNCN,Real Estate,REIT - Mortgage,RSI,RSI 維持強勢 (50-70),None,0.0,0.51,0.2509,,0.2509,0,7011,0.0007,25.94,25.96,25.98,25.68,2026-08-13,3,False
AGNCO,Real Estate,REIT - Mortgage,RSI,RSI 維持強勢 (50-70),None,0.0,0.51,0.2509,,0.2509,0,7011,0.0007,25.64,25.66,25.68,25.38,2026-08-13,3,False
AGNCP,Real Estate,REIT - Mortgage,RSI,RSI 維持強勢 (50-70),None,0.0,0.51,0.2509,,0.2509,0,7011,0.0007,25.33,25.35,25.37,25.08,2026-08-13,3,False
BPYPN,Real Estate,Real Estate Services,RSI,RSI 維持強勢 (50-70),None,0.0,0.51,0.2509,,0.2509,0,7011,0.0007,13.93,13.94,13.95,13.79,2026-08-13,3,False
BPYPP,Real Estate,Real Estate Services,RSI,RSI 維持強勢 (50-70),None,0.0,0.51,0.2509,,0.2509,0,7011,0.0007,16.17,16.18,16.19,16.01,2026-08-13,3,False
LINE,Real Estate,REIT - Industrial,RSI,RSI 維持強勢 (50-70),None,0.0,0.51,0.2509,,0.2509,0,7011,0.0007,43.03,43.06,43.09,42.6,2026-08-13,3,False
NLY,Real Estate,REIT - Mortgage,RSI,RSI 維持強勢 (50-70),None,0.0,0.51,0.2509,,0.2509,0,7011,0.0007,23.33,23.35,23.36,23.1,2026-08-14,3,False
CCEP,Consumer Staples,Beverages - Non-Alcoholic,KDJ,KDJ 金叉,None,0.0,0.5525,0.2503,,0.2503,0,779,-0.0014,107.48,107.33,107.18,106.41,2026-08-13,3,False
CPB,Consumer Staples,Packaged Foods,KDJ,KDJ 金叉,None,0.0,0.5525,0.2503,,0.2503,0,779,-0.0014,23.28,23.25,23.21,23.05,2026-08-13,3,False
KR,Consumer Staples,Grocery Stores,KDJ,KDJ 金叉,None,0.0,0.5525,0.25,0.25,0.2503,28,779,-0.0005,57.23,57.2,57.17,56.66,2026-08-13,3,False
LVS,Consumer Discretionary,Resorts & Casinos,KDJ,KDJ 金叉,None,0.0,0.5525,0.25,0.25,0.3183,20,1244,-0.0033,46.23,46.08,45.92,45.77,2026-08-14,3,False
OHI,Real Estate,REIT - Healthcare Facilities,BB,BB 跌破下軌 (超賣),None,0.0,0.45499999999999996,0.25,,0.25,0,564,-0.0003,45.87,45.86,45.84,45.41,2026-08-12,3,False
DOV,Industrials,Specialty Industrial Machinery,BB,價格在 BB 中軌上方,None,0.0,0.425,0.2492,0.2492,0.295,297,22337,0.0015,207.07,207.38,207.69,205.0,2026-08-14,3,False
WTRG,Utilities,Utilities - Regulated Water,BB,BB 中軌向上（上升趨勢）,None,0.0,0.51,0.249,,0.249,0,7232,0.0028,40.38,40.49,40.61,39.98,2026-08-14,3,False
CL,Consumer Staples,Household & Personal Products,RSI,RSI 維持強勢 (50-70),None,0.0,0.51,0.2489,0.2489,0.2452,225,7574,0.0019,92.93,93.11,93.28,92.0,2026-08-13,3,False
AMT,Real Estate,REIT - Specialty,MACD,MACD 金叉 (多頭區),None,0.0,0.68,0.2486,,0.2486,0,173,0.0009,174.19,174.35,174.5,172.45,2026-08-13,3,False
FRT,Real Estate,REIT - Retail,RSI,RSI 加速上升,None,0.0,0.5525,0.2483,0.2483,0.2327,145,4401,-0.0002,118.89,118.87,118.84,117.7,2026-08-13,3,False
MKC,Consumer Staples,Packaged Foods,RSI,RSI 加速上升,None,0.0,0.5525,0.2471,0.2471,0.2439,170,5343,-0.0015,54.45,54.37,54.29,53.91,2026-08-13,3,False
NWS,Communication Services,Entertainment,RSI,RSI 維持強勢 (50-70),None,0.0,0.51,0.2471,0.2471,0.3082,259,5205,0.0029,33.17,33.27,33.36,32.84,2026-08-14,3,False
FAST,Industrials,Industrial Distribution,RSI,RSI 加速上升,None,0.0,0.5525,0.2466,0.2466,0.2981,146,11545,-0.001,52.22,52.17,52.12,51.7,2026-08-12,3,False
BJ,Consumer Staples,Discount Stores,BB,BB 中軌向上（上升趨勢）,None,0.0,0.51,0.2466,,0.2466,0,6128,-0.0003,93.41,93.38,93.35,92.48,2026-08-14,3,False
BUD,Consumer Staples,Beverages - Brewers,BB,BB 中軌向上（上升趨勢）,None,0.0,0.51,0.2466,,0.2466,0,6128,-0.0003,79.19,79.17,79.14,78.4,2026-08-12,3,False
DEO,Consumer Staples,Beverages - Wineries & Distilleries,BB,BB 中軌向上（上升趨勢）,None,0.0,0.51,0.2466,,0.2466,0,6128,-0.0003,95.44,95.41,95.38,94.49,2026-08-14,3,False
EDU,Consumer Staples,Education & Training Services,BB,BB 中軌向上（上升趨勢）,None,0.0,0.51,0.2466,,0.2466,0,6128,-0.0003,52.54,52.52,52.51,52.01,2026-08-14,3,False
MICC,Consumer Staples,Packaged Foods,BB,BB 中軌向上（上升趨勢）,None,0.0,0.51,0.2466,,0.2466,0,6128,-0.0003,19.58,19.57,19.57,19.38,2026-08-14,3,False
USFD,Consumer Staples,Food Distribution,BB,BB 中軌向上（上升趨勢）,None,0.0,0.51,0.2466,,0.2466,0,6128,-0.0003,108.92,108.89,108.85,107.83,2026-08-14,3,False
AIZ,Financials,Insurance - Property & Casualty,RSI,RSI 維持強勢 (50-70),None,0.0,0.51,0.2447,0.2447,0.2842,282,19108,0.0016,282.38,282.83,283.28,279.56,2026-08-14,3,False
ABBV,Health Care,Drug Manufacturers - General,RSI,RSI 維持強勢 (50-70),None,0.0,0.51,0.2424,0.2424,0.2772,231,12123,0.0004,249.46,249.56,249.66,246.97,2026-08-14,3,False
ADSK,Information Technology,Software - Application,RSI,RSI 維持強勢 (50-70),None,0.0,0.51,0.2424,0.2424,0.3645,198,16764,-0.0043,251.66,250.58,249.5,249.14,2026-08-14,3,False
ZTS,Health Care,Drug Manufacturers - Specialty & Generic,BB,價格在 BB 中軌上方,None,0.0,0.425,0.2417,0.2417,0.2804,211,14417,-0.0048,75.84,75.48,75.11,75.08,2026-08-13,3,False
APTV,Consumer Discretionary,Auto Parts,KDJ,KDJ 金叉,None,0.0,0.5525,0.24,0.24,0.3183,25,1244,-0.0037,49.17,48.99,48.81,48.68,2026-08-13,3,False
CSGP,Real Estate,Real Estate Services,RSI,RSI 動能加速（強勢區）,None,0.0,0.51,0.24,0.24,0.2452,25,1093,-0.0041,33.05,32.91,32.78,32.72,2026-08-13,3,False
LH,Health Care,Diagnostics & Research,BB,價格在 BB 中軌上方,None,0.0,0.425,0.2387,0.2387,0.2804,222,14417,0.0,318.13,318.13,318.13,314.95,2026-08-14,3,False
CHD,Consumer Staples,Household & Personal Products,BB,價格在 BB 中軌上方,Support,0.9,0.9570000000000001,0.2381,,0.2381,0,21,-0.0071,101.24,100.52,99.8,100.23,2026-08-12,3,False
KO,Consumer Staples,Beverages - Non-Alcoholic,BB,價格在 BB 中軌上方,Support,0.9,0.9570000000000001,0.2381,,0.2381,0,21,-0.0071,86.71,86.09,85.48,85.84,2026-08-12,3,False
ECL,Materials,Specialty Chemicals,BB,價格在 BB 中軌上方,None,0.0,0.425,0.238,0.238,0.2859,332,6697,0.003,278.43,279.27,280.1,275.65,2026-08-12,3,False
VMC,Materials,Building Materials,BB,價格在 BB 中軌上方,None,0.0,0.425,0.2379,0.2379,0.2859,269,6697,0.0047,282.0,283.33,284.65,279.18,2026-08-14,3,False
MCK,Health Care,Medical Distribution,BB,BB 中軌向上（上升趨勢）,None,0.0,0.51,0.2377,0.2377,0.2705,265,10885,0.0036,869.0,872.13,875.26,860.31,2026-08-14,3,False
ITW,Industrials,Specialty Industrial Machinery,BB,價格在 BB 中軌上方,None,0.0,0.425,0.2362,0.2362,0.295,271,22337,0.0019,290.81,291.36,291.92,287.9,2026-08-14,3,False
PTC,Information Technology,Software - Application,BB,BB 中軌向上（上升趨勢）,None,0.0,0.51,0.2353,0.2353,0.3639,153,16781,-0.001,149.75,149.6,149.45,148.25,2026-08-14,3,False
ABT,Health Care,Medical Devices,BB,價格在 BB 中軌上方,None,0.0,0.425,0.2353,0.2353,0.2804,221,14417,-0.0011,111.25,111.13,111.01,110.14,2026-08-14,3,False
AMX,Communication Services,Telecom Services,KDJ,KDJ 超賣區金叉,None,0.0,0.5599999999999999,0.2339,,0.2339,0,171,-0.0015,23.45,23.41,23.38,23.22,2026-08-14,3,False
VALE,Materials,Other Industrial Metals & Mining,BB,BB 跌破下軌 (超賣),None,0.0,0.45499999999999996,0.2333,,0.2333,0,403,0.0008,13.63,13.64,13.65,13.49,2026-08-14,3,False
GEHC,Health Care,Medical Devices,BB,價格在 BB 中軌上方,None,0.0,0.425,0.233,0.233,0.2804,206,14417,-0.0058,73.69,73.26,72.84,72.95,2026-08-14,3,False
TRV,Financials,Insurance - Property & Casualty,RSI,RSI 維持強勢 (50-70),None,0.0,0.51,0.2326,0.2326,0.2842,288,19108,0.0007,370.36,370.62,370.88,366.66,2026-08-14,3,False
AWK,Utilities,Utilities - Regulated Water,RSI,RSI 維持強勢 (50-70),None,0.0,0.51,0.2312,0.2312,0.2471,199,8831,0.0008,136.2,136.31,136.42,134.84,2026-08-14,3,False
AME,Industrials,Specialty Industrial Machinery,BB,BB 中軌向上（上升趨勢）,None,0.0,0.51,0.2308,0.2308,0.2929,234,17460,0.0045,254.79,255.94,257.08,252.24,2026-08-14,3,False
VLTO,Industrials,Pollution & Treatment Controls,BB,價格在 BB 中軌上方,None,0.0,0.425,0.2292,0.2292,0.295,253,22337,0.0002,97.68,97.7,97.72,96.7,2026-08-14,3,False
GD,Industrials,Aerospace & Defense,RSI,RSI 維持強勢 (50-70),Support,0.9,1.0,0.2281,,0.2281,0,57,-0.0022,394.21,393.34,392.48,390.27,2026-08-12,3,False
DHR,Health Care,Diagnostics & Research,BB,價格在 BB 中軌上方,None,0.0,0.425,0.2267,0.2267,0.2804,247,14417,-0.002,202.45,202.05,201.64,200.43,2026-08-14,3,False
HD,Consumer Discretionary,Home Improvement Retail,BB,價格在 BB 中軌上方,None,0.0,0.425,0.2266,0.2266,0.2984,256,12430,0.0015,341.7,342.21,342.73,338.28,2026-08-13,3,False
CLX,Consumer Staples,Household & Personal Products,BB,價格在 BB 中軌上方,None,0.0,0.425,0.2245,0.2245,0.2432,196,8891,-0.0034,105.7,105.34,104.98,104.64,2026-08-14,3,False
ORLY,Consumer Discretionary,Auto Parts,BB,價格在 BB 中軌上方,None,0.0,0.425,0.2237,0.2237,0.2984,304,12430,-0.0004,91.05,91.01,90.98,90.14,2026-08-14,3,False
CTAS,Industrials,Specialty Business Services,RSI,RSI 維持強勢 (50-70),None,0.0,0.51,0.2236,0.2236,0.2986,322,19157,0.0044,199.52,200.4,201.28,197.52,2026-08-14,3,False
STE,Health Care,Medical Devices,BB,價格在 BB 中軌上方,None,0.0,0.425,0.2235,0.2235,0.2804,170,14417,0.0018,233.28,233.7,234.12,230.95,2026-08-14,3,False
EA,Communication Services,Electronic Gaming & Multimedia,BB,價格在 BB 中軌上方,None,0.0,0.425,0.2231,0.2231,0.3007,242,6080,0.0014,209.7,209.99,210.29,207.6,2026-08-07,3,False
AIG,Financials,Insurance - Diversified,BB,BB 跌破下軌 (超賣),None,0.0,0.45499999999999996,0.2222,0.2222,0.3485,18,1277,-0.0022,76.03,75.86,75.7,75.27,2026-08-13,3,False
TXT,Industrials,Aerospace & Defense,MACD,MACD 金叉 (空頭區),None,0.0,0.42,0.2222,0.2222,0.3303,18,875,0.0021,89.0,89.19,89.37,88.11,2026-08-14,3,False
XYL,Industrials,Specialty Industrial Machinery,BB,價格在 BB 中軌上方,None,0.0,0.425,0.2203,0.2203,0.295,295,22337,0.0025,120.32,120.62,120.92,119.12,2026-08-13,3,False
WY,Real Estate,REIT - Specialty,BB,BB 中軌向上（上升趨勢）,None,0.0,0.51,0.22,0.22,0.2647,150,5713,0.0028,24.56,24.63,24.7,24.31,2026-08-14,3,False
TJX,Consumer Discretionary,Apparel Retail,BB,BB 中軌向上（上升趨勢）,None,0.0,0.51,0.2193,0.2193,0.2908,269,9757,0.0038,153.81,154.39,154.98,152.27,2026-08-13,3,False
OTIS,Industrials,Specialty Industrial Machinery,BB,價格在 BB 中軌上方,None,0.0,0.425,0.2182,0.2182,0.295,275,22337,-0.0016,73.03,72.91,72.8,72.3,2026-08-13,3,False
PFE,Health Care,Drug Manufacturers - General,RSI,RSI 維持強勢 (50-70),None,0.0,0.51,0.2174,0.2174,0.2772,184,12123,-0.0036,26.79,26.69,26.6,26.52,2026-08-14,3,False
ZBH,Health Care,Medical Devices,RSI,RSI 維持強勢 (50-70),None,0.0,0.51,0.2156,0.2156,0.2772,167,12123,-0.0047,100.65,100.18,99.7,99.64,2026-08-14,3,False
HIG,Financials,Insurance - Diversified,BB,BB 中軌向上（上升趨勢）,None,0.0,0.51,0.2151,0.2151,0.2681,279,16575,-0.0022,137.44,137.14,136.84,136.07,2026-08-12,3,False
AEP,Utilities,Utilities - Regulated Electric,KDJ,KDJ 超賣區金叉,None,0.0,0.5599999999999999,0.2143,0.2143,0.2521,14,472,0.0049,124.65,125.26,125.87,123.4,2026-08-12,3,False
SBUX,Consumer Discretionary,Restaurants,RSI,RSI 動能加速（強勢區）,None,0.0,0.51,0.2143,0.2143,0.3027,28,1665,-0.0021,108.49,108.26,108.03,107.41,2026-08-12,3,False
ACN,Information Technology,Information Technology Services,RSI,RSI 維持強勢 (50-70),None,0.0,0.51,0.2123,0.2123,0.3645,179,16764,-0.0055,176.89,175.92,174.94,175.12,2026-08-14,3,False
DPZ,Consumer Discretionary,Restaurants,RSI,RSI 維持強勢 (50-70),None,0.0,0.51,0.2114,0.2114,0.2995,175,10441,-0.0007,346.27,346.03,345.79,342.81,2026-08-14,3,False
TAP,Consumer Staples,Beverages - Brewers,RSI,RSI 動能加速（強勢區）,None,0.0,0.51,0.2105,0.2105,0.2456,19,1148,-0.0131,42.77,42.21,41.65,42.34,2026-08-14,3,False
PPL,Utilities,Utilities - Regulated Electric,RSI,RSI 加速上升,None,0.0,0.5525,0.2101,0.2101,0.2565,138,4905,0.0052,36.02,36.21,36.39,35.66,2026-08-14,3,False
WST,Health Care,Medical Instruments & Supplies,BB,BB 中軌向上（上升趨勢）,None,0.0,0.51,0.2086,0.2086,0.2705,187,10885,-0.0036,346.16,344.91,343.67,342.7,2026-08-13,3,False
ALL,Financials,Insurance - Property & Casualty,RSI,RSI 維持強勢 (50-70),None,0.0,0.51,0.208,0.208,0.2842,226,19108,-0.0006,261.41,261.25,261.1,258.8,2026-08-14,3,False
RSG,Industrials,Waste Management,RSI,RSI 維持強勢 (50-70),None,0.0,0.51,0.2077,0.2077,0.2986,260,19157,0.0022,214.71,215.18,215.65,212.56,2026-08-14,3,False
AON,Financials,Insurance Brokers,KDJ,KDJ 金叉,None,0.0,0.5525,0.2069,0.2069,0.3142,29,1932,0.003,357.08,358.15,359.22,353.51,2026-08-13,3,False
MCD,Consumer Discretionary,Restaurants,RSI,RSI 維持強勢 (50-70),None,0.0,0.51,0.2026,0.2026,0.2995,227,10441,0.0035,272.83,273.78,274.74,270.1,2026-08-14,3,False
CHRW,Industrials,Integrated Freight & Logistics,RSI,RSI 加速上升,None,0.0,0.5525,0.2025,0.2025,0.2981,158,11545,-0.004,149.35,148.75,148.16,147.86,2026-08-13,3,False
LNT,Utilities,Utilities - Regulated Electric,RSI,RSI 加速上升,None,0.0,0.5525,0.2025,0.2025,0.2565,158,4905,0.0008,70.6,70.66,70.71,69.89,2026-08-14,3,False
CI,Health Care,Healthcare Plans,RSI,RSI 加速上升,None,0.0,0.5525,0.202,0.202,0.2803,99,8492,-0.0069,277.41,275.5,273.58,274.64,2026-08-12,3,False
LYB,Materials,Specialty Chemicals,BB,BB 中軌向上（上升趨勢）,None,0.0,0.51,0.2011,0.2011,0.2853,179,5036,-0.0074,63.76,63.29,62.82,63.12,2026-08-14,3,False
ONON,Consumer Discretionary,Footwear & Accessories,BB,BB 跌破下軌 (超賣),Morning Star,0.8,1.0,0.2,,0.2,0,5,0.006,31.01,31.2,31.38,30.7,2026-08-12,3,True
TYL,Information Technology,Software - Application,RSI,RSI 加速上升,None,0.0,0.5525,0.2,0.2,0.3693,115,10688,-0.0028,328.64,327.72,326.8,325.35,2026-08-14,3,False
VRSK,Industrials,Consulting Services,KDJ,KDJ 金叉,None,0.0,0.5525,0.2,0.2,0.3223,25,2110,-0.01,185.94,184.08,182.22,184.08,2026-08-13,3,False
KMB,Consumer Staples,Household & Personal Products,RSI,RSI 維持強勢 (50-70),None,0.0,0.51,0.1981,0.1981,0.2452,212,7574,-0.0029,110.39,110.07,109.75,109.29,2026-08-14,3,False
NVR,Consumer Discretionary,Residential Construction,RSI,RSI 維持強勢 (50-70),None,0.0,0.51,0.198,0.198,0.2995,202,10441,-0.0034,6375.0,6353.32,6331.65,6311.25,2026-08-13,3,False
BDX,Health Care,Medical Instruments & Supplies,BB,BB 中軌向上（上升趨勢）,None,0.0,0.51,0.1948,0.1948,0.2705,154,10885,-0.0017,183.4,183.09,182.78,181.57,2026-08-14,3,False
SNA,Industrials,Tools & Accessories,BB,BB 中軌向上（上升趨勢）,None,0.0,0.51,0.1944,0.1944,0.2929,216,17460,0.0,408.44,408.44,408.44,404.36,2026-08-12,3,False
VICI,Real Estate,REIT - Diversified,KDJ,KDJ 金叉,None,0.0,0.5525,0.1818,0.1818,0.2818,11,550,-0.0048,26.34,26.21,26.09,26.08,2026-08-13,3,False
INVH,Real Estate,REIT - Residential,RSI,RSI 維持強勢 (50-70),None,0.0,0.51,0.1699,0.1699,0.2509,206,7011,-0.0046,30.29,30.15,30.01,29.99,2026-08-14,3,False
SYK,Health Care,Medical Devices,BB,價格在 BB 中軌上方,None,0.0,0.425,0.1679,0.1679,0.2804,280,14417,-0.0052,339.21,337.45,335.68,335.82,2026-08-14,3,False
WTW,Financials,Insurance Brokers,BB,價格在 BB 中軌上方,None,0.0,0.425,0.1646,0.1646,0.2847,316,21689,-0.0024,331.59,330.79,330.0,328.27,2026-08-14,3,False
MRSH,Financials,Insurance Brokers,BB,價格在 BB 中軌上方,None,0.0,0.425,0.1582,0.1582,0.2847,297,21689,-0.0029,187.82,187.28,186.73,185.94,2026-08-14,3,False
ROP,Information Technology,Software - Application,RSI,RSI 維持強勢 (50-70),None,0.0,0.51,0.1429,0.1429,0.3645,231,16764,-0.0041,399.34,397.7,396.07,395.35,2026-08-14,3,False
D,Utilities,Utilities - Regulated Electric,RSI,RSI 加速上升,None,0.0,0.5525,0.1053,0.1053,0.2565,114,4905,-0.0054,68.77,68.4,68.03,68.08,2026-08-14,3,False
ATO,Utilities,Utilities - Regulated Gas,KDJ,KDJ 超賣區金叉,None,0.0,0.5599999999999999,0.0667,0.0667,0.2521,15,472,-0.0018,169.59,169.28,168.98,167.89,2026-08-12,3,False
MO,Consumer Staples,Tobacco,KDJ,KDJ 超賣區金叉,None,0.0,0.5599999999999999,0.0526,0.0526,0.2091,19,483,-0.007,65.7,65.24,64.78,65.04,2026-08-14,3,False
KIM,Real Estate,REIT - Retail,KDJ,KDJ 超賣區金叉,None,0.0,0.5599999999999999,0.0476,0.0476,0.2366,21,448,-0.013,24.39,24.07,23.76,24.15,2026-08-13,3,False
