symbol,sector,subsector,indicator,signal,pattern,pattern_conf,confidence,win_rate,win_rate_stock,win_rate_sector,stock_n,sector_n,avg_return,price,tp1_price,tp2_price,sl_price,date,tier,volume_confirmed
NWG,Financials,Banks - Regional,BB,BB 跌破下軌 (超賣),Bullish Engulfing,0.75,1.0,1.0,,1.0,0,10,0.0637,17.4,18.51,19.62,17.23,2026-10-01,1,True
NEE,Utilities,Utilities - Regulated Electric,RSI,RSI 維持超賣,Support,0.9,1.0,0.8571,,0.8571,0,7,0.0512,76.35,80.26,84.17,75.59,2026-10-01,1,True
STX,Information Technology,Computer Hardware,BB,BB 中軌向上（上升趨勢）,Morning Star,0.8,1.0,0.7143,0.7143,0.4841,14,471,0.0651,945.57,1007.13,1068.68,936.11,2026-10-01,1,False
HCA,Health Care,Medical Care Facilities,BB,價格在 BB 中軌上方,Morning Star,0.8,0.924,0.6667,0.6667,0.3701,12,281,0.023,434.92,444.92,454.93,430.57,2026-10-05,1,False
CTVA,Materials,Agricultural Inputs,BB,BB 跌破下軌 (超賣),Bullish Engulfing,0.75,1.0,0.625,,0.625,0,8,0.0516,12.39,13.03,13.67,12.27,2026-10-05,1,True
EFX,Industrials,Consulting Services,RSI,RSI 維持超賣,Bullish Engulfing,0.75,1.0,0.6154,,0.6154,0,13,0.044,140.0,146.16,152.32,138.6,2026-10-02,1,True
CCI,Real Estate,REIT - Specialty,RSI,RSI 維持超賣,Morning Star,0.8,0.9,0.6053,,0.6053,0,38,0.0223,66.44,67.92,69.4,65.78,2026-10-02,1,False
GLPI,Real Estate,REIT - Specialty,RSI,RSI 維持超賣,Morning Star,0.8,0.9,0.6053,,0.6053,0,38,0.0223,37.91,38.76,39.6,37.53,2026-10-05,1,False
SBAC,Real Estate,REIT - Specialty,RSI,RSI 維持超賣,Morning Star,0.8,0.9,0.6053,,0.6053,0,38,0.0223,158.49,162.02,165.56,156.91,2026-10-02,1,False
APO,Financials,Asset Management,RSI,RSI 維持超賣,Bullish Engulfing,0.75,0.885,0.5938,,0.5938,0,32,0.0377,114.02,118.32,122.62,112.88,2026-10-02,1,False
TRU,Financials,Financial Data & Stock Exchanges,RSI,RSI 維持超賣,Bullish Engulfing,0.75,0.885,0.5938,,0.5938,0,32,0.0377,63.44,65.83,68.22,62.81,2026-10-02,1,False
ABT,Health Care,Medical Devices,BB,BB 跌破下軌 (超賣),Morning Star,0.8,1.0,0.5692,,0.5692,0,65,0.0244,96.69,99.05,101.41,95.72,2026-10-01,1,False
EHC,Health Care,Medical Care Facilities,BB,BB 跌破下軌 (超賣),Morning Star,0.8,1.0,0.5692,,0.5692,0,65,0.0244,119.06,121.97,124.87,117.87,2026-10-01,1,False
GPN,Industrials,Specialty Business Services,BB,BB 跌破下軌 (超賣),Bullish Engulfing,0.75,1.0,0.5682,,0.5682,0,44,0.0295,78.38,80.69,83.0,77.6,2026-10-02,1,False
FWONA,Communication Services,Entertainment,BB,BB 跌破下軌 (超賣),Bullish Engulfing,0.75,1.0,0.5556,,0.5556,0,18,0.0326,83.39,86.11,88.83,82.56,2026-10-02,1,False
TIGO,Communication Services,Telecom Services,BB,BB 跌破下軌 (超賣),Bullish Engulfing,0.75,1.0,0.5556,,0.5556,0,18,0.0326,85.61,88.4,91.19,84.75,2026-10-01,1,False
CAG,Consumer Staples,Packaged Foods,RSI,RSI 維持超賣,Bullish Engulfing,0.75,1.0,0.5,,0.5,0,20,0.0066,13.2,13.29,13.37,13.07,2026-10-01,1,True
GIS,Consumer Staples,Packaged Foods,RSI,RSI 維持超賣,Support,0.7,1.0,0.5,,0.5,0,6,0.0233,31.67,32.41,33.15,31.35,2026-10-01,1,True
JBS,Consumer Staples,Packaged Foods,RSI,RSI 維持超賣,Support,0.7,1.0,0.5,,0.5,0,6,0.0233,10.86,11.11,11.37,10.75,2026-10-01,1,True
PNFP,Financials,Banks - Regional,RSI,RSI 加速上升,Support,0.7,1.0,0.5,,0.5,0,6,0.002,94.63,94.82,95.01,93.68,2026-10-01,1,True
VST,Utilities,Utilities - Independent Power Producers,RSI,RSI 維持強勢 (50-70),None,0.0,0.51,0.7273,0.7273,0.3263,11,331,0.064,144.89,154.16,163.44,143.44,2026-10-05,2,True
COHR,Information Technology,Scientific & Technical Instruments,RSI,RSI 維持強勢 (50-70),None,0.0,0.51,0.65,0.65,0.4471,20,747,0.0352,319.19,330.43,341.66,316.0,2026-10-01,2,True
PBR,Energy,Oil & Gas Integrated,MACD,MACD 金叉 (多頭區),None,0.0,0.68,0.6154,,0.6154,0,13,0.0423,24.14,25.16,26.18,23.9,2026-10-05,2,True
NTAP,Information Technology,Software - Infrastructure,BB,BB 中軌向上（上升趨勢）,None,0.0,0.51,0.6111,0.6111,0.4238,18,1083,0.0822,226.27,244.87,263.47,224.01,2026-10-02,2,True
ACN,Information Technology,Information Technology Services,BB,價格在 BB 中軌上方,None,0.0,0.425,0.6,0.6,0.4327,10,1188,0.0094,212.3,214.3,216.29,210.18,2026-10-01,2,True
FICO,Information Technology,Software - Application,RSI,RSI 維持超賣,None,0.0,0.385,0.5215,,0.5215,0,163,0.0136,661.25,670.24,679.24,654.64,2026-10-02,2,True
PSKY,Communication Services,Entertainment,BB,BB 跌破下軌 (超賣),None,0.0,0.45499999999999996,0.5,0.5,0.3194,6,144,-0.0103,9.34,9.24,9.15,9.25,2026-10-01,2,True
SNPS,Information Technology,Software - Infrastructure,BB,價格在 BB 中軌上方,None,0.0,0.425,0.5,0.5,0.4327,10,1188,-0.0069,490.54,487.16,483.77,485.63,2026-10-01,2,True
CFG,Financials,Banks - Regional,RSI,RSI 維持超賣,None,0.0,0.385,0.4853,,0.4853,0,136,0.0158,63.7,64.71,65.71,63.06,2026-10-01,2,True
PNC,Financials,Banks - Regional,RSI,RSI 維持超賣,None,0.0,0.385,0.4853,,0.4853,0,136,0.0158,220.28,223.76,227.24,218.08,2026-10-05,2,True
TTE,Energy,Oil & Gas Integrated,BB,BB 跌破下軌 (超賣),None,0.0,0.45499999999999996,0.4815,,0.4815,0,81,0.0139,84.4,85.57,86.75,83.56,2026-10-02,2,True
INSM,Health Care,Biotechnology,KDJ,KDJ 超賣區金叉,None,0.0,0.5599999999999999,0.48,,0.48,0,25,0.0086,111.12,112.08,113.03,110.01,2026-10-02,2,True
JLL,Real Estate,Real Estate Services,KDJ,KDJ 超賣區金叉,None,0.0,0.5599999999999999,0.4722,,0.4722,0,36,0.0146,308.07,312.57,317.07,304.99,2026-10-01,2,True
NLY,Real Estate,REIT - Mortgage,KDJ,KDJ 超賣區金叉,None,0.0,0.5599999999999999,0.4722,,0.4722,0,36,0.0146,18.7,18.97,19.25,18.51,2026-10-01,2,True
MT,Materials,Steel,RSI,RSI 超賣區域 (30),None,0.0,0.5249999999999999,0.4722,,0.4722,0,36,0.0062,64.56,64.96,65.36,63.91,2026-10-01,2,True
LPLA,Financials,Capital Markets,MACD,MACD 金叉 (空頭區),None,0.0,0.42,0.4667,,0.4667,0,30,0.003,331.98,332.98,333.97,328.66,2026-10-05,2,True
NU,Financials,Banks - Regional,MACD,MACD 金叉 (空頭區),None,0.0,0.42,0.4667,,0.4667,0,30,0.003,15.18,15.23,15.27,15.03,2026-10-05,2,True
AAOI,Information Technology,Communication Equipment,KDJ,KDJ 金叉,None,0.0,0.5525,0.4606,,0.4606,0,165,0.01,107.32,108.39,109.47,106.25,2026-10-01,2,True
VRSN,Information Technology,Software - Infrastructure,KDJ,KDJ 金叉,None,0.0,0.5525,0.4606,,0.4606,0,165,0.01,288.32,291.2,294.09,285.44,2026-10-02,2,True
GMAB,Health Care,Biotechnology,MACD,MACD 金叉 (多頭區),None,0.0,0.68,0.451,,0.451,0,51,0.0047,38.48,38.66,38.84,38.1,2026-10-05,2,True
C,Financials,Banks - Diversified,BB,BB 跌破下軌 (超賣),Support,0.9,1.0,1.0,,1.0,0,5,0.1168,127.0,141.83,156.67,125.73,2026-10-01,3,False
ENLT,Utilities,Utilities - Renewable,BB,BB 跌破下軌 (超賣),Support,0.9,1.0,1.0,,1.0,0,5,0.0506,65.3,68.6,71.91,64.65,2026-10-01,3,False
IX,Financials,Financial Conglomerates,BB,BB 跌破下軌 (超賣),Support,0.9,1.0,1.0,,1.0,0,5,0.1168,37.36,41.72,46.09,36.99,2026-10-01,3,False
PAC,Industrials,Airports & Air Services,BB,BB 跌破下軌 (超賣),Support,0.7,0.99,1.0,,1.0,0,8,0.07,196.61,210.37,224.14,194.64,2026-10-01,3,False
ELS,Real Estate,REIT - Residential,RSI,RSI 維持超賣,Support,0.9,0.93,1.0,,1.0,0,7,0.0591,57.62,61.03,64.43,57.04,2026-10-01,3,False
FRT,Real Estate,REIT - Retail,RSI,RSI 維持超賣,Support,0.9,0.93,1.0,,1.0,0,7,0.0591,108.03,114.41,120.8,106.95,2026-10-01,3,False
HD,Consumer Discretionary,Home Improvement Retail,RSI,RSI 維持超賣,Support,0.9,0.93,1.0,,1.0,0,7,0.0602,282.46,299.46,316.47,279.64,2026-10-01,3,False
LINE,Real Estate,REIT - Industrial,RSI,RSI 維持超賣,Support,0.9,0.93,1.0,,1.0,0,7,0.0591,33.97,35.98,37.99,33.63,2026-10-01,3,False
MS,Financials,Capital Markets,RSI,RSI 維持超賣,Support,0.9,0.93,1.0,,1.0,0,8,0.0693,188.01,201.04,214.07,186.13,2026-10-01,3,False
O,Real Estate,REIT - Retail,RSI,RSI 維持超賣,Support,0.9,0.93,1.0,,1.0,0,7,0.0591,53.53,56.69,59.86,52.99,2026-10-01,3,False
PLD,Real Estate,REIT - Industrial,RSI,RSI 維持超賣,Support,0.9,0.93,1.0,,1.0,0,7,0.0591,128.18,135.76,143.33,126.9,2026-10-01,3,False
RF,Financials,Banks - Regional,RSI,RSI 維持超賣,Support,0.9,0.93,1.0,,1.0,0,8,0.0693,26.96,28.83,30.7,26.69,2026-10-01,3,False
SPG,Real Estate,REIT - Retail,RSI,RSI 維持超賣,Support,0.9,0.93,1.0,,1.0,0,7,0.0591,200.81,212.68,224.55,198.8,2026-10-01,3,False
VIK,Consumer Discretionary,Travel Services,RSI,RSI 維持超賣,Support,0.9,0.93,1.0,,1.0,0,7,0.0602,78.2,82.91,87.62,77.42,2026-10-01,3,False
WPC,Real Estate,REIT - Diversified,RSI,RSI 維持超賣,Support,0.9,0.93,1.0,,1.0,0,7,0.0591,63.83,67.6,71.37,63.19,2026-10-01,3,False
FDXF,Industrials,Integrated Freight & Logistics,RSI,RSI 維持超賣,Support,0.8,0.9,1.0,,1.0,0,9,0.0717,110.67,118.61,126.54,109.56,2026-10-01,3,False
JEF,Financials,Capital Markets,RSI,RSI 維持超賣,Support,0.8,0.9,1.0,,1.0,0,8,0.0693,45.25,48.39,51.52,44.8,2026-10-01,3,False
KIM,Real Estate,REIT - Retail,RSI,RSI 維持超賣,Support,0.8,0.9,1.0,,1.0,0,7,0.0591,22.21,23.52,24.84,21.99,2026-10-01,3,False
PUK,Financials,Insurance - Life,RSI,RSI 維持超賣,Support,0.8,0.9,1.0,,1.0,0,8,0.0693,24.71,26.42,28.13,24.46,2026-10-01,3,False
SPXC,Industrials,Building Products & Equipment,RSI,RSI 維持超賣,Support,0.8,0.9,1.0,,1.0,0,9,0.0717,169.71,181.88,194.05,168.01,2026-10-01,3,False
TXRH,Consumer Discretionary,Restaurants,RSI,RSI 維持超賣,Support,0.7,0.87,1.0,,1.0,0,7,0.0602,156.7,166.13,175.57,155.13,2026-10-01,3,False
BAC,Financials,Banks - Diversified,RSI,RSI 維持超賣,None,0.0,0.385,1.0,1.0,0.4547,7,508,0.046,54.0,56.48,58.97,53.46,2026-10-05,3,False
D,Utilities,Utilities - Regulated Electric,RSI,RSI 維持超賣,Support,0.7,0.87,0.8571,,0.8571,0,7,0.0512,60.76,63.87,66.98,60.15,2026-10-01,3,False
BUD,Consumer Staples,Beverages - Brewers,BB,BB 跌破下軌 (超賣),Support,0.9,1.0,0.8393,,,0,0,0.067,73.02,77.91,82.8,72.29,2026-10-01,3,False
BN,Financials,Asset Management,KDJ,KDJ 金叉,Support,0.9,1.0,0.8,,,0,0,0.0149,36.54,37.08,37.63,36.17,2026-10-01,3,False
CMI,Industrials,Specialty Industrial Machinery,KDJ,KDJ 金叉,Support,0.8,1.0,0.8,,,0,0,0.0149,517.0,524.7,532.41,511.83,2026-10-01,3,False
EXR,Real Estate,REIT - Industrial,KDJ,KDJ 金叉,Support,0.9,1.0,0.8,,,0,0,0.0149,133.08,135.06,137.05,131.75,2026-10-01,3,False
FHN,Financials,Banks - Regional,KDJ,KDJ 金叉,Support,0.9,1.0,0.8,,,0,0,0.0149,23.05,23.39,23.74,22.82,2026-10-01,3,False
FTS,Utilities,Utilities - Regulated Electric,KDJ,KDJ 金叉,Support,0.7,1.0,0.8,,0.8,0,5,0.0149,52.74,53.53,54.31,52.21,2026-10-01,3,False
HBAN,Financials,Banks - Regional,KDJ,KDJ 金叉,Support,0.9,1.0,0.8,,,0,0,0.0149,15.19,15.42,15.64,15.04,2026-10-01,3,False
KEY,Financials,Banks - Regional,KDJ,KDJ 金叉,Support,0.8,1.0,0.8,,,0,0,0.0149,20.05,20.35,20.65,19.85,2026-10-01,3,False
MAS,Industrials,Building Products & Equipment,KDJ,KDJ 金叉,Support,0.9,1.0,0.8,,,0,0,0.0149,68.28,69.3,70.31,67.6,2026-10-01,3,False
NI,Utilities,Utilities - Regulated Gas,KDJ,KDJ 金叉,Support,0.8,1.0,0.8,,0.8,0,5,0.0149,39.5,40.09,40.68,39.1,2026-10-01,3,False
R,Industrials,Rental & Leasing Services,KDJ,KDJ 金叉,Support,0.8,1.0,0.8,,,0,0,0.0149,230.92,234.36,237.8,228.61,2026-10-01,3,False
RBA,Industrials,Specialty Business Services,KDJ,KDJ 金叉,Support,0.9,1.0,0.8,,,0,0,0.0149,81.59,82.81,84.02,80.77,2026-10-01,3,False
RKT,Financials,Mortgage Finance,KDJ,KDJ 金叉,Support,0.9,1.0,0.8,,,0,0,0.0149,11.97,12.15,12.33,11.85,2026-10-01,3,False
SMTC,Information Technology,Semiconductors,KDJ,KDJ 金叉,Support,0.7,1.0,0.8,,,0,0,0.0149,186.59,189.37,192.15,184.72,2026-10-01,3,False
STLA,Consumer Discretionary,Auto Manufacturers,KDJ,KDJ 金叉,Support,0.9,1.0,0.8,,,0,0,0.0149,4.69,4.76,4.83,4.64,2026-10-01,3,True
COST,Consumer Staples,Discount Stores,BB,價格在 BB 中軌上方,Bullish Engulfing,0.75,0.9075,0.8,0.8,0.3836,5,146,0.0264,923.52,947.9,972.28,914.28,2026-10-05,3,False
EPD,Energy,Oil & Gas Midstream,RSI,RSI 維持超賣,Support,0.9,0.93,0.7805,,,0,0,0.0493,35.67,37.43,39.19,35.31,2026-10-01,3,False
TLK,Communication Services,Telecom Services,RSI,RSI 維持超賣,Support,0.9,0.93,0.7805,,,0,0,0.0493,12.42,13.03,13.64,12.3,2026-10-01,3,False
DTM,Energy,Oil & Gas Midstream,RSI,RSI 維持超賣,Support,0.8,0.9,0.7805,,,0,0,0.0493,120.08,126.0,131.92,118.88,2026-10-01,3,False
RCI,Communication Services,Telecom Services,RSI,RSI 維持超賣,Support,0.8,0.9,0.7805,,,0,0,0.0493,30.72,32.23,33.75,30.41,2026-10-01,3,False
CIEN,Information Technology,Communication Equipment,RSI,RSI 上穿 50 中性線,None,0.0,0.4675,0.7222,0.7222,0.3785,18,1593,0.0476,379.14,397.19,415.23,375.35,2026-10-01,3,False
JPM,Financials,Banks - Diversified,KDJ,KDJ 超賣區金叉,None,0.0,0.5599999999999999,0.7,0.7,0.299,10,612,0.021,332.38,339.36,346.34,329.06,2026-10-02,3,False
SNDK,Information Technology,Computer Hardware,BB,價格在 BB 中軌上方,None,0.0,0.425,0.6578,0.6578,0.3573,187,20206,0.0925,1719.99,1879.09,2038.19,1702.79,2026-10-02,3,False
GOOG,Communication Services,Internet Content & Information,RSI,RSI 上穿 50 中性線,None,0.0,0.4675,0.6429,0.6429,0.3243,14,518,0.0133,340.35,344.88,349.4,336.95,2026-10-02,3,False
GOOGL,Communication Services,Internet Content & Information,RSI,RSI 上穿 50 中性線,None,0.0,0.4675,0.625,0.625,0.3243,16,518,0.0093,346.47,349.69,352.91,343.01,2026-10-05,3,False
EQIX,Real Estate,REIT - Specialty,MACD,MACD 金叉 (空頭區),None,0.0,0.42,0.625,0.625,0.2026,8,380,0.0111,1023.44,1034.8,1046.16,1013.21,2026-10-05,3,False
CEG,Utilities,Utilities - Independent Power Producers,RSI,RSI 上穿 50 中性線,None,0.0,0.4675,0.619,0.619,0.2521,21,932,0.035,267.62,276.99,286.35,264.94,2026-10-05,3,False
UDR,Real Estate,REIT - Residential,RSI,RSI 維持超賣,None,0.0,0.385,0.6154,0.6154,0.2861,13,346,0.0176,33.27,33.86,34.44,32.94,2026-10-02,3,False
ENB,Energy,Oil & Gas Midstream,RSI,RSI 維持超賣,None,0.0,0.385,0.6122,,0.6122,0,98,0.0203,46.04,46.97,47.91,45.58,2026-10-05,3,False
WES,Energy,Oil & Gas Midstream,RSI,RSI 維持超賣,None,0.0,0.385,0.6122,,0.6122,0,98,0.0203,44.38,45.28,46.18,43.94,2026-10-01,3,False
F,Consumer Discretionary,Auto Manufacturers,KDJ,KDJ 超賣區金叉,Support,0.9,1.0,0.6,,,0,0,0.0304,12.27,12.64,13.02,12.15,2026-10-01,3,False
HIG,Financials,Insurance - Diversified,KDJ,KDJ 超賣區金叉,Support,0.9,1.0,0.6,,,0,0,0.0304,125.74,129.56,133.38,124.48,2026-10-01,3,False
HON,Industrials,Conglomerates,RSI,RSI 維持強勢 (50-70),Morning Star,0.8,1.0,0.6,0.6,0.4725,5,436,0.0271,213.8,219.59,225.39,211.66,2026-10-01,3,False
HSY,Consumer Staples,Confectioners,KDJ,KDJ 超賣區金叉,Support,0.9,1.0,0.6,,0.6,0,5,0.0304,159.3,164.14,168.99,157.71,2026-10-01,3,False
HUM,Health Care,Healthcare Plans,RSI,RSI 維持強勢 (50-70),Bullish Engulfing,0.75,1.0,0.6,0.6,0.3286,5,280,0.0241,388.36,397.72,407.08,384.48,2026-10-02,3,False
JBHT,Industrials,Integrated Freight & Logistics,KDJ,KDJ 超賣區金叉,Support,0.8,1.0,0.6,,,0,0,0.0304,227.2,234.11,241.01,224.93,2026-10-01,3,False
MKL,Financials,Insurance - Property & Casualty,KDJ,KDJ 超賣區金叉,Support,0.8,1.0,0.6,,,0,0,0.0304,1726.11,1778.58,1831.06,1708.85,2026-10-01,3,False
OC,Industrials,Building Products & Equipment,KDJ,KDJ 超賣區金叉,Support,0.7,1.0,0.6,,,0,0,0.0304,117.09,120.65,124.21,115.92,2026-10-01,3,False
PBA,Energy,Oil & Gas Midstream,KDJ,KDJ 超賣區金叉,Support,0.9,1.0,0.6,,,0,0,0.0304,45.28,46.66,48.03,44.83,2026-10-01,3,False
SNA,Industrials,Tools & Accessories,KDJ,KDJ 超賣區金叉,Support,0.8,1.0,0.6,,,0,0,0.0304,367.72,378.9,390.08,364.04,2026-10-01,3,False
TFC,Financials,Banks - Regional,KDJ,KDJ 超賣區金叉,Support,0.9,1.0,0.6,,,0,0,0.0304,46.28,47.69,49.09,45.82,2026-10-01,3,False
VLYPN,Financials,Banks - Regional,KDJ,KDJ 超賣區金叉,Support,0.9,1.0,0.6,,,0,0,0.0304,24.92,25.68,26.44,24.67,2026-10-01,3,False
VNOM,Energy,Oil & Gas Midstream,KDJ,KDJ 超賣區金叉,Support,0.8,1.0,0.6,,,0,0,0.0304,40.69,41.93,43.16,40.28,2026-10-01,3,False
WFC,Financials,Banks - Diversified,KDJ,KDJ 超賣區金叉,Support,0.9,1.0,0.6,,,0,0,0.0304,80.25,82.69,85.13,79.45,2026-10-01,3,False
FCX,Materials,Copper,MACD,MACD 突破 0 軸,None,0.0,0.595,0.6,0.6,0.2326,10,215,0.0324,72.6,74.95,77.3,71.87,2026-10-05,3,False
GEV,Industrials,Specialty Industrial Machinery,MACD,MACD 突破 0 軸,None,0.0,0.595,0.6,0.6,0.2912,5,570,0.022,987.45,1009.17,1030.9,977.58,2026-10-01,3,False
GLW,Information Technology,Electronic Components,MACD,MACD 突破 0 軸,None,0.0,0.595,0.6,0.6,0.4064,5,529,0.0349,160.42,166.02,171.62,158.82,2026-10-01,3,False
BXP,Real Estate,REIT - Office,RSI,RSI 超賣區域 (30),None,0.0,0.5249999999999999,0.6,0.6,0.3012,5,166,0.0202,59.37,60.57,61.77,58.78,2026-10-05,3,False
NTR,Materials,Agricultural Inputs,KDJ,KDJ 超賣區金叉,Bullish Engulfing,0.75,1.0,0.5714,,0.5714,0,7,0.0221,70.06,71.61,73.16,69.36,2026-10-02,3,False
PSX,Energy,Oil & Gas Refining & Marketing,RSI,RSI 維持強勢 (50-70),Bullish Engulfing,0.75,1.0,0.5714,0.5714,0.4386,7,57,0.0392,264.23,274.59,284.95,261.59,2026-10-01,3,False
IRM,Real Estate,REIT - Specialty,MACD,MACD 金叉 (空頭區),Morning Star,0.8,0.96,0.5714,,0.5714,0,7,0.01,113.39,114.52,115.66,112.26,2026-10-02,3,False
EME,Industrials,Engineering & Construction,MACD,MACD 突破 0 軸,None,0.0,0.595,0.5714,0.5714,0.2912,7,570,0.0319,786.61,811.7,836.8,778.74,2026-10-02,3,False
URI,Industrials,Rental & Leasing Services,MACD,MACD 突破 0 軸,None,0.0,0.595,0.5714,0.5714,0.2912,7,570,0.0466,1074.28,1124.34,1174.4,1063.54,2026-10-05,3,False
GS,Financials,Capital Markets,KDJ,KDJ 超賣區金叉,None,0.0,0.5599999999999999,0.5714,0.5714,0.299,7,612,0.0033,902.56,905.54,908.52,893.53,2026-10-02,3,False
Q,Information Technology,Semiconductor Equipment & Materials,RSI,RSI 維持強勢 (50-70),None,0.0,0.51,0.5667,0.5667,0.3645,90,16764,0.0315,131.53,135.67,139.82,130.21,2026-10-05,3,False
LITE,Information Technology,Communication Equipment,RSI,RSI 維持強勢 (50-70),None,0.0,0.51,0.5625,0.5625,0.3645,240,16764,0.0391,1091.67,1134.35,1177.04,1080.75,2026-10-05,3,False
MCD,Consumer Discretionary,Restaurants,RSI,RSI 維持超賣,None,0.0,0.385,0.5625,0.5625,0.3894,16,565,0.0152,233.04,236.58,240.12,230.71,2026-10-05,3,False
CRL,Health Care,Diagnostics & Research,BB,BB 中軌向上（上升趨勢）,Consolidation Breakout,0.85,1.0,0.5556,0.5556,0.209,9,933,0.0404,310.77,323.33,335.88,307.66,2026-10-05,3,False
FISV,Information Technology,Financial Technology,RSI,RSI 超賣區域 (30),Bullish Engulfing,0.75,1.0,0.5556,,0.5556,0,9,0.0394,44.36,46.11,47.86,43.92,2026-10-02,3,False
GD,Industrials,Aerospace & Defense,RSI,RSI 維持超賣,None,0.0,0.385,0.5556,0.5556,0.2983,9,848,0.0349,331.72,343.3,354.87,328.4,2026-10-05,3,False
TTMI,Information Technology,Electronic Components,MACD,MACD 突破 0 軸,Morning Star,0.8,1.0,0.5455,,,0,0,0.0313,126.5,130.46,134.42,125.23,2026-10-01,3,False
AIG,Financials,Insurance - Diversified,MACD,MACD 金叉 (空頭區),None,0.0,0.42,0.5455,0.5455,0.3214,11,865,0.0184,75.43,76.82,78.21,74.68,2026-10-01,3,False
VRT,Industrials,Electrical Equipment & Parts,BB,價格在 BB 中軌上方,None,0.0,0.425,0.5397,0.5397,0.295,441,22337,0.0188,253.62,258.39,263.16,251.08,2026-10-05,3,False
BX,Financials,Asset Management,RSI,RSI 維持超賣,None,0.0,0.385,0.5385,0.5385,0.4547,13,508,0.0382,111.65,115.92,120.18,110.53,2026-10-05,3,False
CRWD,Information Technology,Software - Infrastructure,RSI,RSI 加速上升,None,0.0,0.5525,0.5369,0.5369,0.3693,149,10688,0.0259,270.04,277.03,284.03,267.34,2026-10-02,3,False
CVNA,Consumer Discretionary,Auto & Truck Dealerships,RSI,RSI 加速上升,None,0.0,0.5525,0.5281,0.5281,0.3117,178,6796,0.0471,63.72,66.72,69.72,63.08,2026-10-05,3,False
TER,Information Technology,Semiconductor Equipment & Materials,BB,BB 中軌向上（上升趨勢）,None,0.0,0.51,0.5277,0.5277,0.3639,307,16781,0.0256,444.53,455.91,467.29,440.08,2026-10-05,3,False
DELL,Information Technology,Computer Hardware,KDJ,KDJ 金叉,None,0.0,0.5525,0.5263,0.5263,0.3918,38,1955,0.0391,562.52,584.51,606.51,556.89,2026-10-02,3,False
HPE,Information Technology,Communication Equipment,KDJ,KDJ 金叉,None,0.0,0.5525,0.5263,0.5263,0.3918,19,1955,0.0231,69.33,70.93,72.53,68.64,2026-10-02,3,False
CAT,Industrials,Farm & Heavy Construction Machinery,RSI,RSI 上穿 50 中性線,None,0.0,0.4675,0.5263,0.5263,0.304,19,1816,0.0228,826.35,845.19,864.03,818.09,2026-10-01,3,False
BALL,Consumer Discretionary,Packaging & Containers,RSI,RSI 加速上升,Bullish Engulfing,0.75,1.0,0.525,,0.525,0,40,0.0144,57.11,57.93,58.75,56.54,2026-10-05,3,False
CNH,Industrials,Farm & Heavy Construction Machinery,BB,BB 中軌向上（上升趨勢）,Morning Star,0.8,1.0,0.5233,,0.5233,0,407,0.0228,13.47,13.78,14.08,13.34,2026-10-02,3,False
SYM,Industrials,Specialty Industrial Machinery,BB,BB 中軌向上（上升趨勢）,Morning Star,0.8,1.0,0.5233,,0.5233,0,407,0.0228,43.17,44.15,45.14,42.74,2026-10-01,3,False
SLF,Financials,Insurance - Diversified,BB,BB 跌破下軌 (超賣),Morning Star,0.8,1.0,0.5208,,0.5208,0,48,0.0248,77.67,79.6,81.52,76.89,2026-10-01,3,False
HOOD,Financials,Capital Markets,BB,BB 中軌向上（上升趨勢）,None,0.0,0.51,0.5123,0.5123,0.2681,324,16575,0.0235,112.74,115.39,118.04,111.61,2026-10-02,3,False
FIX,Industrials,Engineering & Construction,RSI,RSI 動能加速（強勢區）,None,0.0,0.51,0.5065,0.5065,0.2891,77,3037,0.0208,1728.01,1763.95,1799.9,1710.73,2026-10-02,3,False
BCS,Financials,Banks - Diversified,RSI,RSI 超賣區域 (30),Support,0.9,1.0,0.5,,,0,0,0.02,23.64,24.11,24.59,23.4,2026-10-01,3,False
BNT,Financials,Insurance - Diversified,RSI,RSI 超賣區域 (30),Support,0.9,1.0,0.5,,,0,0,0.02,36.35,37.08,37.8,35.99,2026-10-01,3,False
CLX,Consumer Staples,Household & Personal Products,RSI,RSI 超賣區域 (30),Support,0.9,1.0,0.5,,,0,0,0.02,80.65,82.26,83.88,79.84,2026-10-01,3,False
CX,Materials,Building Materials,RSI,RSI 超賣區域 (30),Support,0.9,1.0,0.5,,,0,0,0.02,9.4,9.59,9.78,9.31,2026-10-01,3,False
EVR,Financials,Capital Markets,RSI,RSI 加速上升,Support,0.9,1.0,0.5,,0.5,0,6,0.002,259.0,259.52,260.04,256.41,2026-10-01,3,False
ISRG,Health Care,Medical Instruments & Supplies,RSI,RSI 維持強勢 (50-70),Bullish Engulfing,0.75,1.0,0.5,0.5,0.3286,6,280,0.0195,406.48,414.41,422.33,402.42,2026-10-05,3,False
JKHY,Information Technology,Information Technology Services,KDJ,KDJ 超賣區金叉,Bullish Engulfing,0.75,1.0,0.5,,0.5,0,12,0.027,145.12,149.04,152.96,143.67,2026-10-05,3,False
MDLZ,Consumer Staples,Confectioners,BB,BB 跌破下軌 (超賣),Bullish Engulfing,0.75,1.0,0.5,,0.5,0,12,0.013,57.76,58.51,59.26,57.18,2026-10-01,3,False
MSFT,Information Technology,Software - Infrastructure,MACD,MACD 金叉 (多頭區),Morning Star,0.8,1.0,0.5,,0.5,0,12,-0.0069,512.8,509.26,505.72,507.67,2026-10-01,3,False
MU,Information Technology,Semiconductors,BB,BB 中軌向上（上升趨勢）,Bullish Engulfing,0.75,1.0,0.5,0.5,0.3757,6,338,0.0438,1097.39,1145.46,1193.52,1086.42,2026-10-01,3,False
UL,Consumer Staples,Household & Personal Products,BB,BB 跌破下軌 (超賣),Bullish Engulfing,0.75,1.0,0.5,,0.5,0,12,0.013,59.7,60.48,61.25,59.1,2026-10-02,3,False
MNST,Consumer Staples,Beverages - Non-Alcoholic,RSI,RSI 維持超賣,Bullish Engulfing,0.75,0.885,0.5,,0.5,0,20,0.0066,42.14,42.42,42.7,41.72,2026-10-01,3,False
WM,Industrials,Waste Management,RSI,RSI 維持超賣,Bullish Engulfing,0.75,0.885,0.5,,0.5,0,44,0.0219,201.9,206.32,210.74,199.88,2026-10-01,3,False
ON,Information Technology,Semiconductors,MACD,MACD 突破 0 軸,None,0.0,0.595,0.5,0.5,0.4064,6,529,0.006,80.08,80.56,81.04,79.28,2026-10-01,3,False
RL,Consumer Discretionary,Apparel Manufacturing,MACD,MACD 突破 0 軸,None,0.0,0.595,0.5,0.5,0.3351,6,376,0.03,363.37,374.27,385.17,359.74,2026-10-02,3,False
WSM,Consumer Discretionary,Specialty Retail,MACD,MACD 突破 0 軸,None,0.0,0.595,0.5,0.5,0.3351,10,376,0.0056,232.3,233.6,234.9,229.98,2026-10-02,3,False
SCHW,Financials,Capital Markets,KDJ,KDJ 超賣區金叉,None,0.0,0.5599999999999999,0.5,0.5,0.299,6,612,-0.0032,97.96,97.65,97.33,96.98,2026-10-05,3,False
DE,Industrials,Farm & Heavy Construction Machinery,KDJ,KDJ 金叉,None,0.0,0.5525,0.5,0.5,0.3223,20,2110,0.0129,682.2,691.0,699.8,675.38,2026-10-05,3,False
HPQ,Information Technology,Computer Hardware,KDJ,KDJ 金叉,None,0.0,0.5525,0.5,0.5,0.3918,18,1955,0.0095,32.15,32.46,32.76,31.83,2026-10-01,3,False
STLD,Materials,Steel,KDJ,KDJ 金叉,None,0.0,0.5525,0.5,0.5,0.314,18,637,0.0154,226.17,229.65,233.14,223.91,2026-10-01,3,False
SYF,Financials,Credit Services,KDJ,KDJ 金叉,None,0.0,0.5525,0.5,0.5,0.3142,30,1932,0.0135,71.51,72.48,73.44,70.79,2026-10-01,3,False
COIN,Financials,Financial Data & Stock Exchanges,RSI,RSI 上穿 50 中性線,None,0.0,0.4675,0.5,0.5,0.3091,34,1899,0.0317,188.22,194.19,200.15,186.34,2026-10-05,3,False
TRGP,Energy,Oil & Gas Midstream,RSI,RSI 上穿 50 中性線,None,0.0,0.4675,0.5,0.5,0.361,26,579,0.0084,287.4,289.81,292.23,284.53,2026-10-05,3,False
KHC,Consumer Staples,Packaged Foods,BB,BB 跌破下軌 (超賣),None,0.0,0.45499999999999996,0.5,0.5,0.2667,22,705,0.0098,21.84,22.05,22.27,21.62,2026-10-05,3,False
PRU,Financials,Insurance - Life,BB,BB 跌破下軌 (超賣),None,0.0,0.45499999999999996,0.5,0.5,0.3485,24,1277,0.0152,112.6,114.31,116.02,111.47,2026-10-02,3,False
BKNG,Consumer Discretionary,Travel Services,MACD,MACD 金叉 (空頭區),None,0.0,0.42,0.5,0.5,0.3233,12,529,0.0036,159.02,159.59,160.16,157.43,2026-10-02,3,False
CMCSA,Communication Services,Telecom Services,RSI,RSI 維持超賣,None,0.0,0.385,0.5,0.5,0.2977,10,262,0.024,21.57,22.09,22.61,21.35,2026-10-05,3,False
HRL,Consumer Staples,Packaged Foods,RSI,RSI 維持超賣,None,0.0,0.385,0.5,0.5,0.2366,14,744,0.0118,19.96,20.2,20.43,19.76,2026-10-01,3,False
MAA,Real Estate,REIT - Residential,RSI,RSI 維持超賣,None,0.0,0.385,0.5,0.5,0.2861,14,346,0.0178,116.47,118.54,120.62,115.31,2026-10-05,3,False
A,Health Care,Diagnostics & Research,BB,BB 中軌向上（上升趨勢）,Morning Star,0.8,1.0,0.4901,,0.4901,0,253,0.0226,171.29,175.16,179.03,169.58,2026-10-05,3,False
ICLR,Health Care,Diagnostics & Research,BB,BB 中軌向上（上升趨勢）,Morning Star,0.8,1.0,0.4901,,0.4901,0,253,0.0226,168.33,172.13,175.94,166.65,2026-10-05,3,False
TEM,Health Care,Health Information Services,BB,BB 中軌向上（上升趨勢）,Morning Star,0.8,1.0,0.4901,,0.4901,0,253,0.0226,83.55,85.44,87.33,82.71,2026-10-05,3,False
SCI,Consumer Discretionary,Personal Services,KDJ,KDJ 超賣區金叉,Morning Star,0.8,1.0,0.4815,,0.4815,0,27,0.0358,77.14,79.9,82.66,76.37,2026-10-02,3,False
AMD,Information Technology,Semiconductors,RSI,RSI 維持強勢 (50-70),None,0.0,0.51,0.4798,0.4798,0.3645,198,16764,0.0209,631.75,644.95,658.16,625.43,2026-10-05,3,False
BAX,Health Care,Medical Instruments & Supplies,RSI,RSI 上穿 50 中性線,None,0.0,0.4675,0.4783,0.4783,0.3144,23,1323,0.0071,24.22,24.39,24.56,23.98,2026-10-05,3,False
CARR,Industrials,Building Products & Equipment,KDJ,KDJ 金叉,None,0.0,0.5525,0.4737,0.4737,0.3223,19,2110,-0.0008,55.73,55.69,55.64,55.17,2026-10-05,3,False
BA,Industrials,Aerospace & Defense,RSI,RSI 加速上升,None,0.0,0.5525,0.473,0.473,0.2981,148,11545,0.0097,192.72,194.59,196.46,190.79,2026-10-05,3,False
VLTO,Industrials,Pollution & Treatment Controls,RSI,RSI 維持強勢 (50-70),Morning Star,0.8,1.0,0.4725,,0.4725,0,436,0.0182,96.57,98.33,100.09,95.6,2026-10-05,3,False
IBKR,Financials,Capital Markets,KDJ,KDJ 金叉,None,0.0,0.5525,0.4688,0.4688,0.3142,32,1932,0.0122,89.05,90.14,91.22,88.16,2026-10-05,3,False
AFL,Financials,Insurance - Life,BB,BB 跌破下軌 (超賣),None,0.0,0.45499999999999996,0.4667,0.4667,0.3485,15,1277,0.0072,111.18,111.98,112.78,110.07,2026-10-01,3,False
MAR,Consumer Discretionary,Lodging,RSI,RSI 動能加速（強勢區）,None,0.0,0.51,0.4651,0.4651,0.3027,43,1665,0.0109,358.96,362.87,366.79,355.37,2026-10-02,3,False
PLTR,Information Technology,Software - Infrastructure,RSI,RSI 維持強勢 (50-70),None,0.0,0.51,0.4644,0.4644,0.3645,295,16764,0.0159,189.4,192.41,195.42,187.51,2026-10-05,3,False
MCHP,Information Technology,Semiconductors,RSI,RSI 動能加速（強勢區）,None,0.0,0.51,0.4643,0.4643,0.366,28,2885,0.0152,81.32,82.56,83.79,80.51,2026-10-02,3,False
NXPI,Information Technology,Semiconductors,RSI,RSI 加速上升,None,0.0,0.5525,0.4622,0.4622,0.3693,119,10688,0.0209,239.19,244.19,249.19,236.8,2026-10-01,3,False
RCL,Consumer Discretionary,Travel Services,RSI,RSI 維持強勢 (50-70),None,0.0,0.51,0.4618,0.4618,0.2995,262,10441,0.0148,275.03,279.1,283.17,272.28,2026-10-05,3,False
AMZN,Consumer Discretionary,Internet Retail,KDJ,KDJ 金叉,None,0.0,0.5525,0.4615,0.4615,0.3183,26,1244,0.0099,251.52,254.01,256.5,249.0,2026-10-02,3,False
ONON,Consumer Discretionary,Footwear & Accessories,BB,BB 中軌向上（上升趨勢）,Morning Star,0.8,1.0,0.4599,,0.4599,0,237,0.0144,30.2,30.63,31.07,29.9,2026-10-01,3,False
ALLY,Financials,Credit Services,RSI,RSI 維持超賣,None,0.0,0.385,0.4547,,0.4547,0,508,0.0093,37.65,38.0,38.35,37.27,2026-10-01,3,False
AON,Financials,Insurance Brokers,RSI,RSI 維持超賣,None,0.0,0.385,0.4547,,0.4547,0,508,0.0093,272.05,274.58,277.11,269.33,2026-10-05,3,False
BNY,Financials,Banks - Diversified,RSI,RSI 維持超賣,None,0.0,0.385,0.4547,,0.4547,0,508,0.0093,143.75,145.09,146.42,142.31,2026-10-05,3,False
FNF,Financials,Insurance - Specialty,RSI,RSI 維持超賣,None,0.0,0.385,0.4547,,0.4547,0,508,0.0093,39.0,39.36,39.73,38.61,2026-10-05,3,False
KKR,Financials,Asset Management,RSI,RSI 維持超賣,None,0.0,0.385,0.4547,,0.4547,0,508,0.0093,89.96,90.8,91.63,89.06,2026-10-05,3,False
KLAR,Financials,Credit Services,RSI,RSI 維持超賣,None,0.0,0.385,0.4547,,0.4547,0,508,0.0093,12.51,12.63,12.74,12.38,2026-10-02,3,False
ORI,Financials,Insurance - Property & Casualty,RSI,RSI 維持超賣,None,0.0,0.385,0.4547,,0.4547,0,508,0.0093,37.49,37.84,38.19,37.12,2026-10-01,3,False
OWL,Financials,Asset Management,RSI,RSI 維持超賣,None,0.0,0.385,0.4547,,0.4547,0,508,0.0093,8.95,9.03,9.12,8.86,2026-10-01,3,False
SF,Financials,Capital Markets,RSI,RSI 維持超賣,None,0.0,0.385,0.4547,,0.4547,0,508,0.0093,70.63,71.29,71.94,69.92,2026-10-05,3,False
UMBF,Financials,Banks - Regional,RSI,RSI 維持超賣,None,0.0,0.385,0.4547,,0.4547,0,508,0.0093,129.79,131.0,132.2,128.49,2026-10-01,3,False
SU,Energy,Oil & Gas Integrated,RSI,RSI 動能加速（強勢區）,Bullish Engulfing,0.75,1.0,0.4545,,0.4545,0,11,0.0222,69.1,70.63,72.17,68.41,2026-10-01,3,False
HLT,Consumer Discretionary,Lodging,MACD,MACD 突破 0 軸,None,0.0,0.595,0.4545,0.4545,0.3351,11,376,0.0167,319.36,324.69,330.03,316.17,2026-10-02,3,False
BEN,Financials,Asset Management,KDJ,KDJ 金叉,None,0.0,0.5525,0.4545,0.4545,0.3142,11,1932,0.0132,32.5,32.93,33.36,32.17,2026-10-01,3,False
AEP,Utilities,Utilities - Regulated Electric,MACD,MACD 金叉 (空頭區),None,0.0,0.42,0.4545,0.4545,0.2494,11,409,0.0111,119.75,121.08,122.41,118.55,2026-10-01,3,False
NCLH,Consumer Discretionary,Travel Services,BB,價格在 BB 中軌上方,None,0.0,0.425,0.452,0.452,0.2984,250,12430,0.0114,14.87,15.04,15.21,14.72,2026-10-05,3,False
DVN,Energy,Oil & Gas E&P,RSI,RSI 上穿 50 中性線,None,0.0,0.4675,0.45,0.45,0.361,20,579,0.0014,47.65,47.72,47.78,47.17,2026-10-02,3,False
NOW,Information Technology,Software - Application,RSI,RSI 動能加速（強勢區）,None,0.0,0.51,0.4483,0.4483,0.366,29,2885,0.0072,137.76,138.75,139.74,136.38,2026-10-01,3,False
AMX,Communication Services,Telecom Services,RSI,RSI 加速上升,None,0.0,0.5525,0.4481,,0.4481,0,241,0.0027,22.15,22.21,22.27,21.93,2026-10-05,3,True
ECHO,Communication Services,Telecom Services,RSI,RSI 加速上升,None,0.0,0.5525,0.4481,,0.4481,0,241,0.0027,98.21,98.48,98.74,97.23,2026-10-05,3,True
TIMB,Communication Services,Telecom Services,RSI,RSI 加速上升,None,0.0,0.5525,0.4481,,0.4481,0,241,0.0027,19.3,19.35,19.4,19.11,2026-10-05,3,True
VIV,Communication Services,Telecom Services,RSI,RSI 加速上升,None,0.0,0.5525,0.4481,,0.4481,0,241,0.0027,12.62,12.65,12.69,12.49,2026-10-05,3,True
CBRS,Information Technology,Semiconductors,BB,BB 跌破下軌 (超賣),None,0.0,0.45499999999999996,0.4474,,0.4474,0,456,0.012,166.43,168.43,170.42,164.77,2026-10-02,3,True
ALGM,Information Technology,Semiconductors,RSI,RSI 維持強勢 (50-70),None,0.0,0.51,0.4471,,0.4471,0,747,0.0161,39.53,40.17,40.8,39.13,2026-10-02,3,True
ARW,Information Technology,Electronics & Computer Distribution,RSI,RSI 維持強勢 (50-70),None,0.0,0.51,0.4471,,0.4471,0,747,0.0161,242.01,245.91,249.8,239.59,2026-10-02,3,True
FTV,Information Technology,Scientific & Technical Instruments,RSI,RSI 維持強勢 (50-70),None,0.0,0.51,0.4471,,0.4471,0,747,0.0161,57.38,58.3,59.23,56.81,2026-10-05,3,True
LSCC,Information Technology,Semiconductors,RSI,RSI 維持強勢 (50-70),None,0.0,0.51,0.4471,,0.4471,0,747,0.0161,134.0,136.16,138.31,132.66,2026-10-02,3,True
TWLO,Information Technology,Software - Infrastructure,RSI,RSI 維持強勢 (50-70),None,0.0,0.51,0.4471,,0.4471,0,747,0.0161,300.91,305.75,310.6,297.9,2026-10-05,3,True
UMC,Information Technology,Semiconductors,RSI,RSI 維持強勢 (50-70),None,0.0,0.51,0.4471,,0.4471,0,747,0.0161,23.92,24.31,24.69,23.68,2026-10-05,3,True
DDOG,Information Technology,Software - Application,RSI,RSI 加速上升,None,0.0,0.5525,0.4467,0.4467,0.3693,150,10688,0.0121,276.46,279.81,283.15,273.7,2026-10-01,3,False
DHR,Health Care,Diagnostics & Research,RSI,RSI 維持強勢 (50-70),Morning Star,0.8,1.0,0.4444,0.4444,0.3781,9,283,0.0158,221.21,224.71,228.2,219.0,2026-10-05,3,False
FSLR,Information Technology,Solar,KDJ,KDJ 超賣區金叉,Morning Star,0.8,1.0,0.4444,,0.4444,0,27,0.0112,176.16,178.13,180.11,174.4,2026-10-05,3,False
CNC,Health Care,Healthcare Plans,RSI,RSI 上穿 50 中性線,None,0.0,0.4675,0.4444,0.4444,0.3144,18,1323,0.0071,64.3,64.76,65.21,63.66,2026-10-05,3,False
XEL,Utilities,Utilities - Regulated Electric,MACD,MACD 金叉 (空頭區),None,0.0,0.42,0.4444,0.4444,0.2494,9,409,0.0168,71.49,72.69,73.89,70.78,2026-10-05,3,False
NKE,Consumer Discretionary,Footwear & Accessories,RSI,RSI 維持超賣,None,0.0,0.385,0.4444,0.4444,0.3894,36,565,0.0035,33.96,34.08,34.2,33.62,2026-10-05,3,False
KLAC,Information Technology,Semiconductor Equipment & Materials,RSI,RSI 維持強勢 (50-70),None,0.0,0.51,0.4427,0.4427,0.3645,314,16764,0.0104,206.85,209.0,211.15,204.78,2026-10-05,3,False
AVB,Real Estate,REIT - Residential,KDJ,KDJ 金叉,None,0.0,0.5525,0.4412,,0.4412,0,34,0.011,68.14,68.89,69.64,67.46,2026-08-24,3,True
ORCL,Information Technology,Software - Infrastructure,KDJ,KDJ 金叉,None,0.0,0.5525,0.4412,0.4412,0.3918,34,1955,0.0148,138.07,140.11,142.16,136.69,2026-10-01,3,False
DKNG,Consumer Discretionary,Gambling,KDJ,KDJ 超賣區金叉,None,0.0,0.5599999999999999,0.44,,0.44,0,25,0.0087,19.6,19.77,19.94,19.4,2026-10-05,3,True
APA,Energy,Oil & Gas E&P,RSI,RSI 維持強勢 (50-70),Bullish Engulfing,0.75,1.0,0.4386,,0.4386,0,57,0.014,43.34,43.95,44.55,42.91,2026-10-01,3,False
CVX,Energy,Oil & Gas Integrated,RSI,RSI 維持強勢 (50-70),Bullish Engulfing,0.75,1.0,0.4386,,0.4386,0,57,0.014,207.1,210.0,212.9,205.03,2026-10-01,3,False
TSN,Consumer Staples,Farm Products,KDJ,KDJ 金叉,None,0.0,0.5525,0.4375,0.4375,0.2503,16,779,0.01,51.89,52.41,52.93,51.37,2026-10-02,3,False
VLO,Energy,Oil & Gas Refining & Marketing,KDJ,KDJ 金叉,None,0.0,0.5525,0.4375,0.4375,0.3614,32,498,0.0127,408.46,413.65,418.83,404.38,2026-10-01,3,False
MRNA,Health Care,Biotechnology,RSI,RSI 動能加速（強勢區）,None,0.0,0.51,0.4375,0.4375,0.2606,32,1869,0.009,203.21,205.04,206.87,201.18,2026-10-05,3,False
KEYS,Information Technology,Scientific & Technical Instruments,RSI,RSI 動能加速（強勢區）,None,0.0,0.51,0.4359,0.4359,0.366,39,2885,0.0237,373.88,382.74,391.6,370.14,2026-10-01,3,False
WAT,Health Care,Diagnostics & Research,RSI,RSI 動能加速（強勢區）,None,0.0,0.51,0.4348,0.4348,0.2606,23,1869,0.0135,440.12,446.06,452.0,435.72,2026-10-05,3,False
ANET,Information Technology,Computer Hardware,RSI,RSI 維持強勢 (50-70),None,0.0,0.51,0.434,0.434,0.3645,288,16764,0.009,206.9,208.76,210.62,204.83,2026-10-05,3,False
DECK,Consumer Discretionary,Footwear & Accessories,RSI,RSI 加速上升,None,0.0,0.5525,0.4336,0.4336,0.3117,113,6796,0.0083,80.21,80.88,81.54,79.41,2026-10-05,3,False
AGNCM,Real Estate,REIT - Mortgage,RSI,RSI 上穿 50 中性線,None,0.0,0.4675,0.4333,,0.4333,0,30,0.0103,24.92,25.18,25.43,24.67,2026-10-05,3,True
AGNCN,Real Estate,REIT - Mortgage,RSI,RSI 上穿 50 中性線,None,0.0,0.4675,0.4333,,0.4333,0,30,0.0103,25.41,25.67,25.93,25.16,2026-10-02,3,True
FORM,Information Technology,Semiconductor Equipment & Materials,BB,價格在 BB 中軌上方,None,0.0,0.425,0.4327,,0.4327,0,1188,0.0141,147.99,150.08,152.16,146.51,2026-10-05,3,True
CDNS,Information Technology,Software - Application,RSI,RSI 加速上升,None,0.0,0.5525,0.4324,0.4324,0.3693,111,10688,0.0139,353.48,358.39,363.31,349.95,2026-10-05,3,False
TEL,Information Technology,Electronic Components,RSI,RSI 動能加速（強勢區）,Bullish Engulfing,0.75,1.0,0.431,,0.431,0,58,0.0145,217.76,220.92,224.08,215.58,2026-10-01,3,False
LRCX,Information Technology,Semiconductor Equipment & Materials,BB,BB 中軌向上（上升趨勢）,None,0.0,0.51,0.4308,0.4308,0.3639,318,16781,0.0173,345.8,351.78,357.76,342.34,2026-10-05,3,False
MTD,Health Care,Diagnostics & Research,BB,BB 中軌向上（上升趨勢）,Bullish Engulfing,0.75,1.0,0.4286,0.4286,0.3577,14,260,0.0105,1541.63,1557.82,1574.0,1526.21,2026-10-05,3,False
CCL,Consumer Discretionary,Travel Services,MACD,MACD 突破 0 軸,None,0.0,0.595,0.4286,0.4286,0.3351,7,376,0.0373,25.56,26.51,27.47,25.3,2026-10-05,3,False
SWKS,Information Technology,Semiconductors,RSI,RSI 維持強勢 (50-70),None,0.0,0.51,0.4286,0.4286,0.4471,7,747,-0.0275,83.91,81.6,79.29,83.07,2026-10-05,3,True
NUE,Materials,Steel,RSI,RSI 上穿 50 中性線,None,0.0,0.4675,0.4286,0.4286,0.3294,14,595,0.0122,251.41,254.48,257.54,248.9,2026-10-05,3,False
BMY,Health Care,Drug Manufacturers - General,BB,BB 跌破下軌 (超賣),None,0.0,0.45499999999999996,0.4286,0.4286,0.3173,7,375,0.0001,58.81,58.82,58.82,58.22,2026-10-05,3,True
LHX,Industrials,Aerospace & Defense,MACD,MACD 金叉 (空頭區),None,0.0,0.42,0.4286,0.4286,0.3303,7,875,0.0225,238.4,243.76,249.13,236.02,2026-10-01,3,False
CIB,Financials,Banks - Regional,RSI,RSI 維持強勢 (50-70),Morning Star,0.8,1.0,0.4278,,0.4278,0,367,0.0116,96.06,97.17,98.29,95.1,2026-10-05,3,False
APH,Information Technology,Electronic Components,BB,BB 中軌向上（上升趨勢）,None,0.0,0.51,0.4261,0.4261,0.3639,291,16781,0.011,87.27,88.23,89.19,86.4,2026-10-05,3,False
NOC,Industrials,Aerospace & Defense,RSI,RSI 維持超賣,None,0.0,0.385,0.4252,,0.4252,0,127,0.01,478.0,482.78,487.56,473.22,2026-10-02,3,True
LUV,Industrials,Airlines,RSI,RSI 動能加速（強勢區）,None,0.0,0.51,0.4231,0.4231,0.2891,26,3037,0.0031,42.47,42.6,42.73,42.05,2026-10-02,3,False
CACI,Information Technology,Information Technology Services,RSI,RSI 維持強勢 (50-70),Morning Star,0.8,1.0,0.4207,,0.4207,0,454,0.0197,627.06,639.41,651.77,620.79,2026-10-01,3,False
NXT,Information Technology,Solar,RSI,RSI 維持強勢 (50-70),Morning Star,0.8,1.0,0.4207,,0.4207,0,454,0.0197,84.3,85.96,87.62,83.46,2026-10-02,3,False
RPM,Materials,Specialty Chemicals,BB,BB 跌破下軌 (超賣),None,0.0,0.45499999999999996,0.4202,,0.4202,0,119,0.0066,95.3,95.93,96.56,94.35,2026-10-05,3,True
TPR,Consumer Discretionary,Luxury Goods,RSI,RSI 加速上升,None,0.0,0.5525,0.4192,0.4192,0.3117,167,6796,0.0154,116.95,118.75,120.55,115.78,2026-10-05,3,False
MPWR,Information Technology,Semiconductors,RSI,RSI 維持強勢 (50-70),None,0.0,0.51,0.4184,0.4184,0.3645,294,16764,0.0085,1479.89,1492.47,1505.05,1465.09,2026-10-05,3,False
AMAT,Information Technology,Semiconductor Equipment & Materials,RSI,RSI 維持強勢 (50-70),None,0.0,0.51,0.4179,0.4179,0.3645,280,16764,0.0128,542.28,549.22,556.16,536.86,2026-10-05,3,False
PTC,Information Technology,Software - Application,RSI,RSI 動能加速（強勢區）,None,0.0,0.51,0.4171,,0.4171,0,374,0.014,192.26,194.95,197.64,190.34,2026-10-05,3,True
CRH,Materials,Building Materials,KDJ,KDJ 金叉,Bullish Engulfing,0.75,1.0,0.4167,,0.4167,0,24,0.0205,82.65,84.34,86.04,81.82,2026-10-05,3,False
MLM,Materials,Building Materials,KDJ,KDJ 金叉,Bullish Engulfing,0.75,1.0,0.4167,,0.4167,0,24,0.0205,482.27,492.16,502.04,477.45,2026-10-02,3,False
FITB,Financials,Banks - Regional,KDJ,KDJ 金叉,None,0.0,0.5525,0.4167,0.4167,0.3142,24,1932,0.0151,50.87,51.64,52.41,50.36,2026-10-02,3,False
HII,Industrials,Aerospace & Defense,RSI,RSI 加速上升,None,0.0,0.5525,0.4167,0.4167,0.3379,12,651,0.0094,274.33,276.91,279.49,271.59,2026-10-01,3,True
ABNB,Consumer Discretionary,Travel Services,MACD,MACD 金叉 (空頭區),None,0.0,0.42,0.4167,0.4167,0.3233,12,529,0.0032,164.07,164.6,165.12,162.43,2026-10-05,3,False
NSC,Industrials,Railroads,MACD,MACD 金叉 (空頭區),None,0.0,0.42,0.4167,0.4167,0.3303,12,875,0.0156,317.44,322.39,327.34,314.27,2026-10-02,3,False
LYV,Communication Services,Entertainment,BB,價格在 BB 中軌上方,None,0.0,0.425,0.415,0.415,0.3007,200,6080,0.0035,170.67,171.27,171.86,168.96,2026-10-05,3,False
GWRE,Information Technology,Software - Application,BB,價格在 BB 中軌上方,Morning Star,0.8,0.924,0.4118,,0.4118,0,425,0.0191,155.32,158.29,161.25,153.77,2026-10-01,3,False
TDY,Information Technology,Scientific & Technical Instruments,BB,價格在 BB 中軌上方,Morning Star,0.8,0.924,0.4118,,0.4118,0,425,0.0191,612.7,624.4,636.11,606.57,2026-10-01,3,False
PHM,Consumer Discretionary,Residential Construction,BB,BB 跌破下軌 (超賣),None,0.0,0.45499999999999996,0.4118,0.4118,0.2974,17,733,0.0094,113.98,115.05,116.12,112.84,2026-10-05,3,False
FOX,Communication Services,Entertainment,KDJ,KDJ 金叉,None,0.0,0.5525,0.4091,0.4091,0.3345,22,550,0.0077,55.89,56.32,56.75,55.33,2026-10-02,3,False
NVDA,Information Technology,Semiconductors,RSI,RSI 加速上升,None,0.0,0.5525,0.4088,0.4088,0.3693,159,10688,0.0041,233.95,234.91,235.87,231.61,2026-10-02,3,False
ABBV,Health Care,Drug Manufacturers - General,KDJ,KDJ 金叉,None,0.0,0.5525,0.408,,0.408,0,125,0.0055,265.76,267.22,268.68,263.1,2026-10-05,3,True
CGNX,Information Technology,Scientific & Technical Instruments,MACD,MACD 突破 0 軸,None,0.0,0.595,0.4064,,0.4064,0,529,0.0085,64.37,64.92,65.46,63.73,2026-10-05,3,False
CRDO,Information Technology,Semiconductors,MACD,MACD 突破 0 軸,None,0.0,0.595,0.4064,,0.4064,0,529,0.0085,218.64,220.5,222.36,216.45,2026-10-02,3,False
CRWV,Information Technology,Software - Infrastructure,MACD,MACD 突破 0 軸,None,0.0,0.595,0.4064,,0.4064,0,529,0.0085,89.62,90.38,91.14,88.72,2026-10-02,3,False
FLEX,Information Technology,Electronic Components,MACD,MACD 突破 0 軸,None,0.0,0.595,0.4064,,0.4064,0,529,0.0085,116.76,117.75,118.74,115.59,2026-10-05,3,False
FN,Information Technology,Electronic Components,MACD,MACD 突破 0 軸,None,0.0,0.595,0.4064,,0.4064,0,529,0.0085,453.84,457.7,461.56,449.3,2026-10-05,3,False
GDDY,Information Technology,Software - Infrastructure,MACD,MACD 突破 0 軸,None,0.0,0.595,0.4064,,0.4064,0,529,0.0085,99.74,100.59,101.44,98.74,2026-10-05,3,False
GFS,Information Technology,Semiconductors,MACD,MACD 突破 0 軸,None,0.0,0.595,0.4064,,0.4064,0,529,0.0085,50.17,50.6,51.02,49.67,2026-10-02,3,False
IOT,Information Technology,Software - Infrastructure,MACD,MACD 突破 0 軸,None,0.0,0.595,0.4064,,0.4064,0,529,0.0085,41.12,41.47,41.82,40.71,2026-10-02,3,False
NVMI,Information Technology,Semiconductor Equipment & Materials,MACD,MACD 突破 0 軸,None,0.0,0.595,0.4064,,0.4064,0,529,0.0085,386.6,389.89,393.17,382.73,2026-10-01,3,False
U,Information Technology,Software - Application,MACD,MACD 突破 0 軸,None,0.0,0.595,0.4064,,0.4064,0,529,0.0085,43.61,43.98,44.35,43.17,2026-10-01,3,False
UI,Information Technology,Communication Equipment,MACD,MACD 突破 0 軸,None,0.0,0.595,0.4064,,0.4064,0,529,0.0085,609.64,614.82,620.0,603.54,2026-10-01,3,False
BCH,Financials,Banks - Regional,BB,BB 跌破下軌 (超賣),None,0.0,0.45499999999999996,0.4057,,0.4057,0,424,0.0104,38.49,38.89,39.29,38.11,2026-10-02,3,True
BMO,Financials,Banks - Diversified,BB,BB 跌破下軌 (超賣),None,0.0,0.45499999999999996,0.4057,,0.4057,0,424,0.0104,166.3,168.03,169.76,164.64,2026-10-01,3,True
BSAC,Financials,Banks - Regional,BB,BB 跌破下軌 (超賣),None,0.0,0.45499999999999996,0.4057,,0.4057,0,424,0.0104,31.99,32.32,32.66,31.67,2026-10-02,3,True
FUTU,Financials,Capital Markets,BB,BB 跌破下軌 (超賣),None,0.0,0.45499999999999996,0.4057,,0.4057,0,424,0.0104,102.17,103.23,104.3,101.15,2026-10-02,3,True
HBANZ,Financials,Banks - Regional,BB,BB 跌破下軌 (超賣),None,0.0,0.45499999999999996,0.4057,,0.4057,0,424,0.0104,18.57,18.76,18.96,18.38,2026-10-05,3,True
HSBC,Financials,Banks - Diversified,BB,BB 跌破下軌 (超賣),None,0.0,0.45499999999999996,0.4057,,0.4057,0,424,0.0104,95.82,96.82,97.81,94.86,2026-10-01,3,True
ING,Financials,Banks - Diversified,BB,BB 跌破下軌 (超賣),None,0.0,0.45499999999999996,0.4057,,0.4057,0,424,0.0104,34.25,34.61,34.96,33.91,2026-10-01,3,True
SHG,Financials,Banks - Regional,BB,BB 跌破下軌 (超賣),None,0.0,0.45499999999999996,0.4057,,0.4057,0,424,0.0104,76.6,77.4,78.19,75.83,2026-10-01,3,True
EQT,Energy,Oil & Gas E&P,RSI,RSI 加速上升,None,0.0,0.5525,0.4048,0.4048,0.3227,126,3306,0.0092,51.12,51.59,52.06,50.61,2026-10-05,3,False
AVGO,Information Technology,Semiconductors,RSI,RSI 維持強勢 (50-70),None,0.0,0.51,0.4038,0.4038,0.3645,317,16764,0.0086,362.51,365.63,368.75,358.88,2026-10-05,3,False
ODFL,Industrials,Trucking,RSI,RSI 加速上升,None,0.0,0.5525,0.4024,0.4024,0.2981,164,11545,0.0065,179.37,180.54,181.7,177.58,2026-10-05,3,False
ETN,Industrials,Specialty Industrial Machinery,BB,BB 中軌向上（上升趨勢）,Bullish Engulfing,0.75,1.0,0.4012,,0.4012,0,324,0.0121,437.28,442.57,447.86,432.91,2026-10-01,3,False
ROK,Industrials,Specialty Industrial Machinery,BB,BB 中軌向上（上升趨勢）,Bullish Engulfing,0.75,1.0,0.4012,,0.4012,0,324,0.0121,442.45,447.8,453.16,438.03,2026-10-01,3,False
PYPL,Financials,Credit Services,RSI,RSI 維持強勢 (50-70),Bullish Engulfing,0.75,1.0,0.4,0.4,0.3314,5,353,0.0219,54.41,55.6,56.79,53.87,2026-10-05,3,False
WDC,Information Technology,Computer Hardware,RSI,RSI 維持強勢 (50-70),Morning Star,0.8,1.0,0.4,0.4,0.4207,10,454,0.0218,462.56,472.64,482.73,457.93,2026-10-01,3,False
CRS,Industrials,Metal Fabrication,RSI,RSI 維持超賣,Morning Star,0.8,0.9,0.4,,0.4,0,65,0.0174,388.47,395.23,401.99,384.59,2026-10-02,3,False
TT,Industrials,Building Products & Equipment,MACD,MACD 突破 0 軸,None,0.0,0.595,0.4,0.4,0.2912,5,570,0.0261,458.94,470.92,482.9,454.35,2026-10-01,3,False
ARES,Financials,Asset Management,KDJ,KDJ 超賣區金叉,None,0.0,0.5599999999999999,0.4,0.4,0.299,10,612,0.0105,117.55,118.78,120.02,116.37,2026-10-02,3,False
TTD,Communication Services,Advertising Agencies,KDJ,KDJ 超賣區金叉,None,0.0,0.5599999999999999,0.4,0.4,0.2339,10,171,-0.0065,11.98,11.9,11.82,11.86,2026-10-05,3,False
ESS,Real Estate,REIT - Residential,KDJ,KDJ 金叉,None,0.0,0.5525,0.4,0.4,0.2818,15,550,0.002,271.93,272.47,273.02,269.21,2026-10-05,3,False
AAPL,Information Technology,Consumer Electronics,RSI,RSI 動能加速（強勢區）,None,0.0,0.51,0.4,0.4,0.366,35,2885,0.0064,333.69,335.83,337.96,330.35,2026-10-02,3,False
ADI,Information Technology,Semiconductors,RSI,RSI 動能加速（強勢區）,None,0.0,0.51,0.4,0.4,0.366,40,2885,0.0153,417.15,423.53,429.91,412.98,2026-10-02,3,False
MPC,Energy,Oil & Gas Refining & Marketing,RSI,RSI 動能加速（強勢區）,None,0.0,0.51,0.4,0.4,0.3265,40,873,0.0074,433.47,436.68,439.89,429.14,2026-10-05,3,False
CPT,Real Estate,REIT - Residential,RSI,RSI 維持超賣,None,0.0,0.385,0.4,0.4,0.2861,10,346,0.0015,95.96,96.1,96.25,95.0,2026-10-02,3,False
META,Communication Services,Internet Content & Information,RSI,RSI 維持強勢 (50-70),None,0.0,0.51,0.3992,0.3992,0.3082,258,5205,0.0054,741.9,745.91,749.91,734.48,2026-10-05,3,False
PANW,Information Technology,Software - Infrastructure,RSI,RSI 加速上升,None,0.0,0.5525,0.3988,0.3988,0.3693,168,10688,0.0075,403.24,406.26,409.29,399.21,2026-10-02,3,False
CPNG,Consumer Discretionary,Internet Retail,RSI,RSI 加速上升,None,0.0,0.5525,0.3983,,0.3983,0,359,0.0124,14.2,14.38,14.55,14.06,2026-10-05,3,True
WAB,Industrials,Railroads,RSI,RSI 動能加速（強勢區）,None,0.0,0.51,0.3958,0.3958,0.2891,48,3037,0.0051,291.86,293.35,294.84,288.94,2026-10-05,3,False
HUBB,Industrials,Electrical Equipment & Parts,RSI,RSI 上穿 50 中性線,None,0.0,0.4675,0.3929,0.3929,0.304,28,1816,0.0009,466.98,467.4,467.82,462.31,2026-10-01,3,False
ADP,Information Technology,Software - Application,KDJ,KDJ 金叉,None,0.0,0.5525,0.3918,,0.3918,0,1955,0.0107,260.26,263.04,265.83,257.66,2026-10-05,3,False
AMKR,Information Technology,Semiconductor Equipment & Materials,KDJ,KDJ 金叉,None,0.0,0.5525,0.3918,,0.3918,0,1955,0.0107,56.02,56.62,57.22,55.46,2026-10-02,3,False
CLS,Information Technology,Electronic Components,KDJ,KDJ 金叉,None,0.0,0.5525,0.3918,,0.3918,0,1955,0.0107,373.09,377.08,381.07,369.36,2026-10-01,3,False
DT,Information Technology,Software - Application,KDJ,KDJ 金叉,None,0.0,0.5525,0.3918,,0.3918,0,1955,0.0107,59.26,59.89,60.53,58.67,2026-10-01,3,False
LOGI,Information Technology,Computer Hardware,KDJ,KDJ 金叉,None,0.0,0.5525,0.3918,,0.3918,0,1955,0.0107,104.32,105.44,106.55,103.28,2026-10-02,3,False
NOK,Information Technology,Communication Equipment,KDJ,KDJ 金叉,None,0.0,0.5525,0.3918,,0.3918,0,1955,0.0107,10.6,10.71,10.83,10.49,2026-10-02,3,False
SANM,Information Technology,Electronic Components,KDJ,KDJ 金叉,None,0.0,0.5525,0.3918,,0.3918,0,1955,0.0107,229.04,231.49,233.94,226.75,2026-10-02,3,False
SMCIP,Information Technology,Computer Hardware,KDJ,KDJ 金叉,None,0.0,0.5525,0.3918,,0.3918,0,1955,0.0107,72.0,72.77,73.54,71.28,2026-10-05,3,False
SNX,Information Technology,Electronics & Computer Distribution,KDJ,KDJ 金叉,None,0.0,0.5525,0.3918,,0.3918,0,1955,0.0107,278.37,281.35,284.33,275.59,2026-10-02,3,False
SSNC,Information Technology,Software - Application,KDJ,KDJ 金叉,None,0.0,0.5525,0.3918,,0.3918,0,1955,0.0107,78.44,79.28,80.12,77.66,2026-10-01,3,False
STRD,Information Technology,Software - Application,KDJ,KDJ 金叉,None,0.0,0.5525,0.3918,,0.3918,0,1955,0.0107,73.38,74.17,74.95,72.65,2026-10-02,3,False
STRK,Information Technology,Software - Application,KDJ,KDJ 金叉,None,0.0,0.5525,0.3918,,0.3918,0,1955,0.0107,76.25,77.07,77.88,75.49,2026-10-02,3,False
TEAM,Information Technology,Software - Application,KDJ,KDJ 金叉,None,0.0,0.5525,0.3918,,0.3918,0,1955,0.0107,189.91,191.94,193.97,188.01,2026-10-01,3,False
TOST,Information Technology,Software - Infrastructure,KDJ,KDJ 金叉,None,0.0,0.5525,0.3918,,0.3918,0,1955,0.0107,29.79,30.11,30.43,29.49,2026-10-02,3,False
TSEM,Information Technology,Semiconductors,KDJ,KDJ 金叉,None,0.0,0.5525,0.3918,,0.3918,0,1955,0.0107,240.86,243.44,246.01,238.45,2026-10-02,3,False
XYZ,Information Technology,Software - Infrastructure,KDJ,KDJ 金叉,None,0.0,0.5525,0.3918,,0.3918,0,1955,0.0107,74.33,75.13,75.92,73.59,2026-10-02,3,False
FDS,Financials,Financial Data & Stock Exchanges,KDJ,KDJ 金叉,None,0.0,0.5525,0.3913,0.3913,0.3142,23,1932,0.0013,277.61,277.97,278.33,274.83,2026-10-01,3,False
DAL,Industrials,Airlines,BB,價格在 BB 中軌上方,None,0.0,0.425,0.3909,0.3909,0.295,330,22337,0.0116,83.08,84.04,85.01,82.25,2026-10-05,3,False
VTRS,Health Care,Drug Manufacturers - Specialty & Generic,BB,BB 中軌向上（上升趨勢）,None,0.0,0.51,0.3899,0.3899,0.2705,218,10885,0.0123,17.62,17.84,18.05,17.44,2026-10-05,3,False
TECH,Health Care,Biotechnology,BB,價格在 BB 中軌上方,None,0.0,0.425,0.3897,0.3897,0.2804,195,14417,-0.0003,72.4,72.38,72.36,71.68,2026-10-02,3,False
BROS,Consumer Discretionary,Restaurants,RSI,RSI 維持超賣,None,0.0,0.385,0.3894,,0.3894,0,565,0.0066,38.23,38.48,38.73,37.85,2026-10-05,3,False
FLUT,Consumer Discretionary,Gambling,RSI,RSI 維持超賣,None,0.0,0.385,0.3894,,0.3894,0,565,0.0066,75.73,76.23,76.73,74.97,2026-10-05,3,False
IP,Consumer Discretionary,Packaging & Containers,RSI,RSI 維持超賣,None,0.0,0.385,0.3894,,0.3894,0,565,0.0066,32.05,32.26,32.47,31.73,2026-10-05,3,False
MGM,Consumer Discretionary,Resorts & Casinos,RSI,RSI 維持超賣,None,0.0,0.385,0.3894,,0.3894,0,565,0.0066,30.17,30.37,30.57,29.87,2026-10-05,3,False
NIO,Consumer Discretionary,Auto Manufacturers,RSI,RSI 維持超賣,None,0.0,0.385,0.3894,,0.3894,0,565,0.0066,3.42,3.44,3.47,3.39,2026-10-05,3,False
ROL,Consumer Discretionary,Personal Services,RSI,RSI 維持超賣,None,0.0,0.385,0.3894,,0.3894,0,565,0.0066,29.69,29.89,30.08,29.39,2026-10-05,3,False
SE,Consumer Discretionary,Internet Retail,RSI,RSI 維持超賣,None,0.0,0.385,0.3894,,0.3894,0,565,0.0066,95.19,95.82,96.45,94.24,2026-10-02,3,False
WYNN,Consumer Discretionary,Resorts & Casinos,RSI,RSI 維持超賣,None,0.0,0.385,0.3894,,0.3894,0,565,0.0066,75.88,76.38,76.88,75.12,2026-10-02,3,False
GGG,Industrials,Specialty Industrial Machinery,RSI,RSI 維持強勢 (50-70),Bullish Engulfing,0.75,1.0,0.3881,,0.3881,0,335,0.009,78.83,79.54,80.25,78.04,2026-10-05,3,False
IR,Industrials,Specialty Industrial Machinery,RSI,RSI 維持強勢 (50-70),Bullish Engulfing,0.75,1.0,0.3881,,0.3881,0,335,0.009,78.55,79.26,79.96,77.76,2026-10-05,3,False
LECO,Industrials,Tools & Accessories,RSI,RSI 維持強勢 (50-70),Bullish Engulfing,0.75,1.0,0.3881,,0.3881,0,335,0.009,274.94,277.41,279.89,272.19,2026-10-05,3,False
RBC,Industrials,Tools & Accessories,RSI,RSI 維持強勢 (50-70),Bullish Engulfing,0.75,1.0,0.3881,,0.3881,0,335,0.009,508.49,513.07,517.64,503.41,2026-10-01,3,False
PM,Consumer Staples,Tobacco,RSI,RSI 上穿 50 中性線,None,0.0,0.4675,0.3871,0.3871,0.2565,31,928,0.0023,189.53,189.97,190.4,187.63,2026-10-05,3,False
WMB,Energy,Oil & Gas Midstream,RSI,RSI 加速上升,None,0.0,0.5525,0.3865,0.3865,0.3227,163,3306,0.0084,70.81,71.4,72.0,70.1,2026-10-05,3,False
VTR,Real Estate,REIT - Healthcare Facilities,BB,BB 跌破下軌 (超賣),None,0.0,0.45499999999999996,0.3864,,0.3864,0,132,0.0114,81.36,82.29,83.22,80.55,2026-10-05,3,True
UAL,Industrials,Airlines,BB,價格在 BB 中軌上方,None,0.0,0.425,0.3856,0.3856,0.295,306,22337,0.0068,112.51,113.28,114.04,111.38,2026-10-02,3,False
BBDO,Financials,Banks - Regional,MACD,MACD 突破 0 軸,None,0.0,0.595,0.3846,,0.3846,0,39,0.0004,3.76,3.76,3.76,3.72,2026-10-05,3,True
FOXA,Communication Services,Entertainment,KDJ,KDJ 金叉,None,0.0,0.5525,0.3846,0.3846,0.3345,26,550,0.0066,62.28,62.69,63.1,61.66,2026-10-02,3,False
SMCI,Information Technology,Computer Hardware,RSI,RSI 動能加速（強勢區）,None,0.0,0.51,0.3846,0.3846,0.366,39,2885,-0.0113,43.69,43.2,42.7,43.25,2026-10-02,3,False
LEN,Consumer Discretionary,Residential Construction,RSI,RSI 上穿 50 中性線,None,0.0,0.4675,0.3846,,0.3846,0,78,0.0084,82.11,82.8,83.49,81.29,2026-10-01,3,True
MCO,Financials,Financial Data & Stock Exchanges,BB,BB 跌破下軌 (超賣),None,0.0,0.45499999999999996,0.3846,0.3846,0.3485,13,1277,0.0148,441.36,447.89,454.42,436.95,2026-10-02,3,False
OGE,Utilities,Utilities - Regulated Electric,MACD,MACD 金叉 (空頭區),None,0.0,0.42,0.3846,,0.3846,0,13,0.0212,44.911,45.86,46.82,44.46,2026-10-02,3,True
PEG,Utilities,Utilities - Regulated Electric,MACD,MACD 金叉 (空頭區),None,0.0,0.42,0.3846,,0.3846,0,13,0.0212,68.07,69.51,70.96,67.39,2026-10-02,3,True
TXT,Industrials,Aerospace & Defense,KDJ,KDJ 金叉,None,0.0,0.5525,0.3824,0.3824,0.3223,34,2110,0.008,77.17,77.79,78.4,76.4,2026-10-01,3,False
FER,Industrials,Engineering & Construction,RSI,RSI 超賣區域 (30),None,0.0,0.5249999999999999,0.3818,,0.3818,0,110,0.0044,51.84,52.07,52.3,51.32,2026-10-05,3,True
TFII,Industrials,Trucking,RSI,RSI 超賣區域 (30),None,0.0,0.5249999999999999,0.3818,,0.3818,0,110,0.0044,114.8,115.31,115.81,113.65,2026-10-05,3,True
BHP,Materials,Other Industrial Metals & Mining,MACD,MACD 金叉 (空頭區),None,0.0,0.42,0.3816,,0.3816,0,304,0.0078,86.83,87.51,88.18,85.96,2026-10-05,3,False
RS,Materials,Steel,MACD,MACD 金叉 (空頭區),None,0.0,0.42,0.3816,,0.3816,0,304,0.0078,393.04,396.11,399.17,389.11,2026-10-01,3,False
SOLS,Materials,Specialty Chemicals,MACD,MACD 金叉 (空頭區),None,0.0,0.42,0.3816,,0.3816,0,304,0.0078,58.06,58.51,58.97,57.48,2026-10-05,3,False
BSBR,Financials,Banks - Regional,RSI,RSI 上穿 50 中性線,None,0.0,0.4675,0.3805,,0.3805,0,113,0.0028,5.78,5.8,5.81,5.72,2026-10-05,3,True
DOV,Industrials,Specialty Industrial Machinery,BB,價格在 BB 中軌上方,Bullish Engulfing,0.75,0.9075,0.3799,,0.3799,0,329,0.01,191.3,193.21,195.13,189.39,2026-10-05,3,False
CPAY,Information Technology,Software - Infrastructure,RSI,RSI 上穿 50 中性線,None,0.0,0.4675,0.3785,,0.3785,0,1593,0.0087,401.72,405.21,408.71,397.7,2026-10-05,3,False
EPAM,Information Technology,Information Technology Services,RSI,RSI 上穿 50 中性線,None,0.0,0.4675,0.3785,,0.3785,0,1593,0.0087,114.35,115.34,116.34,113.21,2026-10-01,3,False
GIB,Information Technology,Information Technology Services,RSI,RSI 上穿 50 中性線,None,0.0,0.4675,0.3785,,0.3785,0,1593,0.0087,71.06,71.68,72.3,70.35,2026-10-05,3,False
GRMN,Information Technology,Scientific & Technical Instruments,RSI,RSI 上穿 50 中性線,None,0.0,0.4675,0.3785,,0.3785,0,1593,0.0087,285.52,288.0,290.49,282.66,2026-10-05,3,False
INFY,Information Technology,Information Technology Services,RSI,RSI 上穿 50 中性線,None,0.0,0.4675,0.3785,,0.3785,0,1593,0.0087,11.35,11.45,11.55,11.24,2026-10-01,3,False
SAP,Information Technology,Software - Application,RSI,RSI 上穿 50 中性線,None,0.0,0.4675,0.3785,,0.3785,0,1593,0.0087,210.79,212.62,214.46,208.68,2026-10-01,3,False
SONY,Information Technology,Consumer Electronics,RSI,RSI 上穿 50 中性線,None,0.0,0.4675,0.3785,,0.3785,0,1593,0.0087,23.82,24.03,24.23,23.58,2026-10-02,3,False
WIT,Information Technology,Information Technology Services,RSI,RSI 上穿 50 中性線,None,0.0,0.4675,0.3785,,0.3785,0,1593,0.0087,1.76,1.78,1.79,1.74,2026-10-01,3,False
ZM,Information Technology,Software - Application,RSI,RSI 上穿 50 中性線,None,0.0,0.4675,0.3785,,0.3785,0,1593,0.0087,93.62,94.43,95.25,92.68,2026-10-05,3,False
CCK,Consumer Discretionary,Packaging & Containers,KDJ,KDJ 超賣區金叉,None,0.0,0.5599999999999999,0.3775,,0.3775,0,302,0.0037,106.19,106.58,106.98,105.13,2026-10-01,3,False
PAG,Consumer Discretionary,Auto & Truck Dealerships,KDJ,KDJ 超賣區金叉,None,0.0,0.5599999999999999,0.3775,,0.3775,0,302,0.0037,202.84,203.59,204.34,200.81,2026-10-01,3,False
TM,Consumer Discretionary,Auto Manufacturers,KDJ,KDJ 超賣區金叉,None,0.0,0.5599999999999999,0.3775,,0.3775,0,302,0.0037,184.12,184.8,185.48,182.28,2026-10-05,3,False
QCOM,Information Technology,Semiconductors,BB,BB 中軌向上（上升趨勢）,None,0.0,0.51,0.3757,0.3757,0.3639,189,16781,0.0193,180.79,184.28,187.77,178.98,2026-10-05,3,False
ECL,Materials,Specialty Chemicals,MACD,MACD 金叉 (空頭區),Morning Star,0.8,0.96,0.375,,0.375,0,8,-0.002,277.07,276.52,275.96,274.3,2026-10-05,3,False
CHRW,Industrials,Integrated Freight & Logistics,KDJ,KDJ 金叉,None,0.0,0.5525,0.375,0.375,0.3223,32,2110,0.0097,153.14,154.63,156.11,151.61,2026-10-01,3,False
ED,Utilities,Utilities - Regulated Electric,RSI,RSI 加速上升,None,0.0,0.5525,0.375,0.375,0.3147,8,251,0.0017,103.5,103.68,103.85,102.47,2026-10-01,3,True
HBANM,Financials,Banks - Regional,RSI,RSI 超賣區域 (30),None,0.0,0.5249999999999999,0.375,,0.375,0,256,0.0031,19.38,19.44,19.5,19.19,2026-10-05,3,False
GNRC,Industrials,Specialty Industrial Machinery,RSI,RSI 動能加速（強勢區）,None,0.0,0.51,0.375,0.375,0.2891,32,3037,-0.0137,216.8,213.83,210.86,214.63,2026-10-02,3,False
PH,Industrials,Specialty Industrial Machinery,RSI,RSI 上穿 50 中性線,None,0.0,0.4675,0.375,0.375,0.304,16,1816,0.0114,972.55,983.64,994.72,962.82,2026-10-02,3,False
ETR,Utilities,Utilities - Regulated Electric,MACD,MACD 金叉 (空頭區),None,0.0,0.42,0.375,0.375,0.2494,16,409,0.0097,100.91,101.89,102.87,99.9,2026-10-02,3,False
UBER,Information Technology,Software - Application,KDJ,KDJ 金叉,Morning Star,0.8,1.0,0.374,,0.374,0,123,0.0122,69.48,70.33,71.18,68.79,2026-10-05,3,False
PWR,Industrials,Engineering & Construction,RSI,RSI 加速上升,None,0.0,0.5525,0.3732,0.3732,0.2981,142,11545,0.0094,683.42,689.84,696.27,676.59,2026-10-05,3,False
SBS,Utilities,Utilities - Regulated Water,RSI,RSI 動能加速（強勢區）,None,0.0,0.51,0.3725,,0.3725,0,102,0.0075,6.26,6.31,6.35,6.2,2026-10-05,3,True
FNV,Materials,Gold,KDJ,KDJ 金叉,Morning Star,0.8,1.0,0.3714,,0.3714,0,35,0.0107,239.3,241.86,244.42,236.91,2026-10-02,3,False
TS,Energy,Oil & Gas Equipment & Services,MACD,MACD 金叉 (多頭區),Consolidation Breakout,0.85,1.0,0.3704,,0.3704,0,27,0.0062,58.46,58.82,59.18,57.88,2026-10-05,3,True
W,Consumer Discretionary,Internet Retail,MACD,MACD 金叉 (多頭區),None,0.0,0.68,0.37,,0.37,0,273,0.0063,106.05,106.72,107.39,104.99,2026-10-05,3,False
eBay,Consumer Discretionary,Internet Retail,MACD,MACD 金叉 (多頭區),None,0.0,0.68,0.37,,0.37,0,273,0.0063,111.75,112.45,113.16,110.63,2026-06-30,3,False
ASML,Information Technology,Semiconductor Equipment & Materials,RSI,RSI 加速上升,None,0.0,0.5525,0.3693,,0.3693,0,10688,0.0074,1859.86,1873.62,1887.39,1841.26,2026-10-05,3,False
ASX,Information Technology,Semiconductors,RSI,RSI 加速上升,None,0.0,0.5525,0.3693,,0.3693,0,10688,0.0074,47.53,47.88,48.23,47.05,2026-10-05,3,False
ENTG,Information Technology,Semiconductor Equipment & Materials,RSI,RSI 加速上升,None,0.0,0.5525,0.3693,,0.3693,0,10688,0.0074,166.92,168.16,169.39,165.25,2026-10-05,3,False
FIS,Information Technology,Information Technology Services,RSI,RSI 加速上升,None,0.0,0.5525,0.3693,,0.3693,0,10688,0.0074,33.58,33.83,34.08,33.24,2026-10-05,3,False
FROG,Information Technology,Software - Application,RSI,RSI 加速上升,None,0.0,0.5525,0.3693,,0.3693,0,10688,0.0074,97.86,98.58,99.31,96.88,2026-10-05,3,False
GRAB,Information Technology,Software - Application,RSI,RSI 加速上升,None,0.0,0.5525,0.3693,,0.3693,0,10688,0.0074,3.17,3.19,3.22,3.14,2026-10-05,3,False
LFUS,Information Technology,Electronic Components,RSI,RSI 加速上升,None,0.0,0.5525,0.3693,,0.3693,0,10688,0.0074,451.42,454.76,458.1,446.91,2026-10-05,3,False
MCHPP,Information Technology,Semiconductors,RSI,RSI 加速上升,None,0.0,0.5525,0.3693,,0.3693,0,10688,0.0074,69.26,69.77,70.29,68.57,2026-10-05,3,False
MDB,Information Technology,Software - Infrastructure,RSI,RSI 加速上升,None,0.0,0.5525,0.3693,,0.3693,0,10688,0.0074,359.23,361.89,364.55,355.64,2026-10-05,3,False
MKSI,Information Technology,Scientific & Technical Instruments,RSI,RSI 加速上升,None,0.0,0.5525,0.3693,,0.3693,0,10688,0.0074,280.5,282.58,284.65,277.69,2026-10-05,3,False
MRVL,Information Technology,Semiconductors,RSI,RSI 加速上升,None,0.0,0.5525,0.3693,,0.3693,0,10688,0.0074,271.25,273.26,275.26,268.54,2026-10-05,3,False
MTSI,Information Technology,Semiconductors,RSI,RSI 加速上升,None,0.0,0.5525,0.3693,,0.3693,0,10688,0.0074,328.3,330.73,333.16,325.02,2026-10-05,3,False
NTNX,Information Technology,Software - Infrastructure,RSI,RSI 加速上升,None,0.0,0.5525,0.3693,,0.3693,0,10688,0.0074,73.41,73.95,74.5,72.68,2026-10-05,3,False
OKTA,Information Technology,Software - Infrastructure,RSI,RSI 加速上升,None,0.0,0.5525,0.3693,,0.3693,0,10688,0.0074,218.29,219.91,221.52,216.11,2026-10-05,3,False
ONTO,Information Technology,Semiconductor Equipment & Materials,RSI,RSI 加速上升,None,0.0,0.5525,0.3693,,0.3693,0,10688,0.0074,325.41,327.82,330.23,322.16,2026-10-05,3,False
P,Information Technology,Computer Hardware,RSI,RSI 加速上升,None,0.0,0.5525,0.3693,,0.3693,0,10688,0.0074,143.88,144.94,146.01,142.44,2026-10-05,3,False
PAYX,Information Technology,Software - Application,RSI,RSI 加速上升,None,0.0,0.5525,0.3693,,0.3693,0,10688,0.0074,99.78,100.52,101.26,98.78,2026-10-05,3,False
RBRK,Information Technology,Software - Infrastructure,RSI,RSI 加速上升,None,0.0,0.5525,0.3693,,0.3693,0,10688,0.0074,122.68,123.59,124.5,121.45,2026-10-05,3,False
RMBS,Information Technology,Semiconductors,RSI,RSI 加速上升,None,0.0,0.5525,0.3693,,0.3693,0,10688,0.0074,110.3,111.12,111.93,109.2,2026-10-05,3,False
SHOP,Information Technology,Software - Application,RSI,RSI 加速上升,None,0.0,0.5525,0.3693,,0.3693,0,10688,0.0074,160.11,161.29,162.48,158.51,2026-10-05,3,False
SITM,Information Technology,Semiconductors,RSI,RSI 加速上升,None,0.0,0.5525,0.3693,,0.3693,0,10688,0.0074,710.04,715.29,720.55,702.94,2026-10-05,3,False
SNOW,Information Technology,Software - Application,RSI,RSI 加速上升,None,0.0,0.5525,0.3693,,0.3693,0,10688,0.0074,338.99,341.5,344.01,335.6,2026-10-05,3,False
STM,Information Technology,Semiconductors,RSI,RSI 加速上升,None,0.0,0.5525,0.3693,,0.3693,0,10688,0.0074,57.26,57.68,58.11,56.69,2026-10-02,3,False
STRC,Information Technology,Software - Application,RSI,RSI 加速上升,None,0.0,0.5525,0.3693,,0.3693,0,10688,0.0074,99.41,100.15,100.88,98.42,2026-10-02,3,False
TSM,Information Technology,Semiconductors,RSI,RSI 加速上升,None,0.0,0.5525,0.3693,,0.3693,0,10688,0.0074,472.78,476.28,479.78,468.05,2026-10-02,3,False
VIAV,Information Technology,Communication Equipment,RSI,RSI 加速上升,None,0.0,0.5525,0.3693,,0.3693,0,10688,0.0074,46.91,47.26,47.6,46.44,2026-10-05,3,False
VICR,Information Technology,Electronic Components,RSI,RSI 加速上升,None,0.0,0.5525,0.3693,,0.3693,0,10688,0.0074,308.59,310.87,313.16,305.5,2026-10-01,3,False
TPL,Energy,Oil & Gas E&P,RSI,RSI 加速上升,None,0.0,0.5525,0.3688,0.3688,0.3227,160,3306,0.0054,344.67,346.53,348.39,341.22,2026-10-05,3,False
BEP,Utilities,Utilities - Renewable,RSI,RSI 加速上升,Bullish Engulfing,0.75,1.0,0.3684,,0.3684,0,19,0.0036,28.42,28.52,28.62,28.14,2026-10-01,3,False
BEPC,Utilities,Utilities - Renewable,RSI,RSI 加速上升,Bullish Engulfing,0.75,1.0,0.3684,,0.3684,0,19,0.0036,28.49,28.59,28.7,28.21,2026-10-01,3,False
USB,Financials,Banks - Regional,KDJ,KDJ 金叉,None,0.0,0.5525,0.3684,0.3684,0.3142,19,1932,0.0163,57.36,58.29,59.23,56.79,2026-10-01,3,False
UHS,Health Care,Medical Care Facilities,RSI,RSI 上穿 50 中性線,None,0.0,0.4675,0.3684,0.3684,0.3144,19,1323,0.0157,175.07,177.82,180.57,173.32,2026-10-01,3,False
NBIX,Health Care,Drug Manufacturers - Specialty & Generic,RSI,RSI 加速上升,None,0.0,0.5525,0.3667,,0.3667,0,559,0.0015,140.71,140.92,141.13,139.3,2026-10-01,3,True
ALAB,Information Technology,Semiconductors,RSI,RSI 動能加速（強勢區）,None,0.0,0.51,0.366,,0.366,0,2885,0.0091,362.34,365.64,368.93,358.72,2026-10-05,3,False
ARM,Information Technology,Semiconductors,RSI,RSI 動能加速（強勢區）,None,0.0,0.51,0.366,,0.366,0,2885,0.0091,307.49,310.29,313.09,304.42,2026-10-02,3,False
DOCN,Information Technology,Software - Infrastructure,RSI,RSI 動能加速（強勢區）,None,0.0,0.51,0.366,,0.366,0,2885,0.0091,139.8,141.07,142.34,138.4,2026-10-01,3,False
MSTR,Information Technology,Software - Application,RSI,RSI 動能加速（強勢區）,None,0.0,0.51,0.366,,0.366,0,2885,0.0091,160.5,161.96,163.42,158.9,2026-10-01,3,False
NET,Information Technology,Software - Infrastructure,RSI,RSI 動能加速（強勢區）,None,0.0,0.51,0.366,,0.366,0,2885,0.0091,359.49,362.76,366.03,355.9,2026-10-05,3,False
ZS,Information Technology,Software - Infrastructure,RSI,RSI 動能加速（強勢區）,None,0.0,0.51,0.366,,0.366,0,2885,0.0091,201.8,203.64,205.47,199.78,2026-10-05,3,False
INTC,Information Technology,Semiconductors,RSI,RSI 維持強勢 (50-70),None,0.0,0.51,0.3654,0.3654,0.3645,208,16764,0.0056,116.19,116.84,117.49,115.03,2026-10-05,3,False
IONQ,Information Technology,Computer Hardware,RSI,RSI 維持強勢 (50-70),None,0.0,0.51,0.3645,,0.3645,0,16764,0.0088,42.97,43.35,43.73,42.54,2026-10-05,3,False
SIMO,Information Technology,Semiconductors,RSI,RSI 維持強勢 (50-70),None,0.0,0.51,0.3645,,0.3645,0,16764,0.0088,282.45,284.94,287.42,279.63,2026-10-05,3,False
STRF,Information Technology,Software - Application,RSI,RSI 維持強勢 (50-70),None,0.0,0.51,0.3645,,0.3645,0,16764,0.0088,103.4,104.31,105.22,102.37,2026-10-05,3,False
CIFR,Information Technology,Information Technology Services,BB,BB 中軌向上（上升趨勢）,None,0.0,0.51,0.3639,,0.3639,0,16781,0.009,15.71,15.85,15.99,15.55,2026-10-02,3,False
KMI,Energy,Oil & Gas Midstream,KDJ,KDJ 金叉,None,0.0,0.5525,0.3636,0.3636,0.3614,22,498,0.0135,31.07,31.49,31.91,30.76,2026-10-02,3,False
MET,Financials,Insurance - Life,KDJ,KDJ 金叉,None,0.0,0.5525,0.3636,0.3636,0.3142,22,1932,0.0133,96.88,98.17,99.46,95.91,2026-10-05,3,False
GWW,Industrials,Industrial Distribution,RSI,RSI 上穿 50 中性線,Bullish Engulfing,0.75,0.9735000000000001,0.3626,,0.3626,0,91,0.0041,1281.6801,1286.93,1292.19,1268.86,2026-10-01,3,False
VALE,Materials,Other Industrial Metals & Mining,RSI,RSI 加速上升,None,0.0,0.5525,0.3616,,0.3616,0,177,0.0,14.15,14.15,14.15,14.01,2026-10-05,3,True
AR,Energy,Oil & Gas E&P,KDJ,KDJ 金叉,None,0.0,0.5525,0.3614,,0.3614,0,498,0.0061,34.08,34.29,34.5,33.74,2026-10-02,3,False
CCJ,Energy,Uranium,KDJ,KDJ 金叉,None,0.0,0.5525,0.3614,,0.3614,0,498,0.0061,87.47,88.0,88.54,86.6,2026-10-05,3,False
DINO,Energy,Oil & Gas Refining & Marketing,KDJ,KDJ 金叉,None,0.0,0.5525,0.3614,,0.3614,0,498,0.0061,112.7,113.39,114.07,111.57,2026-10-01,3,False
E,Energy,Oil & Gas Integrated,KDJ,KDJ 金叉,None,0.0,0.5525,0.3614,,0.3614,0,498,0.0061,54.73,55.06,55.4,54.18,2026-10-02,3,False
EQNR,Energy,Oil & Gas Integrated,KDJ,KDJ 金叉,None,0.0,0.5525,0.3614,,0.3614,0,498,0.0061,42.56,42.82,43.08,42.13,2026-10-02,3,False
LNG,Energy,Oil & Gas Midstream,KDJ,KDJ 金叉,None,0.0,0.5525,0.3614,,0.3614,0,498,0.0061,272.4,274.06,275.72,269.68,2026-10-01,3,False
OVV,Energy,Oil & Gas E&P,KDJ,KDJ 金叉,None,0.0,0.5525,0.3614,,0.3614,0,498,0.0061,59.98,60.35,60.71,59.38,2026-10-01,3,False
SUN,Energy,Oil & Gas Refining & Marketing,KDJ,KDJ 金叉,None,0.0,0.5525,0.3614,,0.3614,0,498,0.0061,74.73,75.19,75.64,73.98,2026-10-02,3,False
TRP,Energy,Oil & Gas Midstream,KDJ,KDJ 金叉,None,0.0,0.5525,0.3614,,0.3614,0,498,0.0061,58.62,58.98,59.34,58.03,2026-10-01,3,False
YPF,Energy,Oil & Gas Integrated,KDJ,KDJ 金叉,None,0.0,0.5525,0.3614,,0.3614,0,498,0.0061,51.24,51.55,51.87,50.73,2026-10-05,3,False
BPYPM,Financials,Asset Management,KDJ,KDJ 金叉,None,0.0,0.5525,0.3611,,0.3611,0,108,0.0084,16.08,16.22,16.35,15.92,2026-10-05,3,True
SAN,Financials,Banks - Diversified,KDJ,KDJ 金叉,None,0.0,0.5525,0.3611,,0.3611,0,108,0.0084,13.9,14.02,14.13,13.76,2026-10-05,3,True
BJ,Consumer Staples,Discount Stores,RSI,RSI 上穿 50 中性線,None,0.0,0.4675,0.3611,,0.3611,0,72,0.0129,94.36,95.58,96.79,93.42,2026-10-01,3,True
BP,Energy,Oil & Gas Integrated,RSI,RSI 上穿 50 中性線,None,0.0,0.4675,0.361,,0.361,0,579,0.0056,44.5,44.75,45.0,44.05,2026-10-01,3,False
CVE,Energy,Oil & Gas Integrated,RSI,RSI 上穿 50 中性線,None,0.0,0.4675,0.361,,0.361,0,579,0.0056,32.4,32.58,32.76,32.08,2026-10-02,3,False
EC,Energy,Oil & Gas Integrated,RSI,RSI 上穿 50 中性線,None,0.0,0.4675,0.361,,0.361,0,579,0.0056,17.25,17.35,17.44,17.08,2026-10-05,3,False
ET,Energy,Oil & Gas Midstream,RSI,RSI 上穿 50 中性線,None,0.0,0.4675,0.361,,0.361,0,579,0.0056,20.72,20.84,20.95,20.51,2026-10-05,3,False
PR,Energy,Oil & Gas E&P,RSI,RSI 上穿 50 中性線,None,0.0,0.4675,0.361,,0.361,0,579,0.0056,22.23,22.35,22.48,22.01,2026-10-05,3,False
LTM,Industrials,Airlines,KDJ,KDJ 金叉,None,0.0,0.5525,0.3609,,0.3609,0,133,0.01,50.79,51.3,51.81,50.28,2026-10-05,3,True
BMNP,Information Technology,Blockchain,BB,價格在 BB 中軌上方,None,0.0,0.425,0.3573,,0.3573,0,20206,0.0074,99.48,100.22,100.95,98.49,2026-10-02,3,False
APTV,Consumer Discretionary,Auto Parts,KDJ,KDJ 金叉,Bullish Engulfing,0.75,1.0,0.3571,,0.3571,0,70,0.007,43.97,44.28,44.59,43.53,2026-10-01,3,False
TRV,Financials,Insurance - Property & Casualty,KDJ,KDJ 金叉,None,0.0,0.5525,0.3571,0.3571,0.3142,28,1932,0.0045,360.38,362.0,363.62,356.78,2026-10-02,3,False
VEEV,Health Care,Health Information Services,RSI,RSI 動能加速（強勢區）,None,0.0,0.51,0.3571,0.3571,0.2606,14,1869,-0.0086,283.45,281.01,278.57,280.62,2026-10-05,3,False
AES,Utilities,Utilities - Diversified,BB,價格在 BB 中軌上方,None,0.0,0.425,0.3568,0.3568,0.246,213,9864,0.0076,14.91,15.02,15.14,14.76,2026-10-02,3,False
ZBRA,Information Technology,Communication Equipment,BB,價格在 BB 中軌上方,None,0.0,0.425,0.3568,0.3568,0.3573,227,20206,0.0048,375.66,377.46,379.27,371.9,2026-10-05,3,False
FFIV,Information Technology,Software - Infrastructure,RSI,RSI 動能加速（強勢區）,None,0.0,0.51,0.3556,0.3556,0.366,45,2885,0.0053,454.04,456.45,458.85,449.5,2026-10-02,3,False
RACE,Consumer Discretionary,Auto Manufacturers,BB,BB 跌破下軌 (超賣),None,0.0,0.45499999999999996,0.3556,,0.3556,0,239,0.0004,387.3,387.45,387.61,383.43,2026-10-01,3,True
HWM,Industrials,Aerospace & Defense,KDJ,KDJ 金叉,None,0.0,0.5525,0.3548,0.3548,0.3223,31,2110,0.0178,231.27,235.39,239.5,228.96,2026-10-02,3,False
TPG,Financials,Asset Management,RSI,RSI 加速上升,Morning Star,0.8,1.0,0.3535,,0.3535,0,99,0.0057,44.73,44.98,45.24,44.28,2026-10-01,3,False
GFL,Industrials,Waste Management,BB,BB 跌破下軌 (超賣),None,0.0,0.45499999999999996,0.3532,,0.3532,0,436,0.0052,40.43,40.64,40.85,40.03,2026-10-01,3,True
TKO,Communication Services,Entertainment,BB,BB 跌破下軌 (超賣),None,0.0,0.45499999999999996,0.3529,0.3529,0.33,17,397,0.0101,176.04,177.82,179.6,174.28,2026-10-01,3,False
DXCM,Health Care,Medical Devices,RSI,RSI 上穿 50 中性線,Bullish Engulfing,0.75,0.9735000000000001,0.3519,,0.3519,0,54,0.0013,86.9,87.01,87.13,86.03,2026-10-05,3,False
IDXX,Health Care,Diagnostics & Research,RSI,RSI 上穿 50 中性線,Bullish Engulfing,0.75,0.9735000000000001,0.3519,,0.3519,0,54,0.0013,527.07,527.76,528.44,521.8,2026-10-05,3,False
HST,Real Estate,REIT - Hotel & Motel,BB,BB 中軌向上（上升趨勢）,None,0.0,0.51,0.3505,0.3505,0.2647,214,5713,0.0093,22.44,22.65,22.86,22.22,2026-10-05,3,False
FAST,Industrials,Industrial Distribution,RSI,RSI 上穿 50 中性線,None,0.0,0.4675,0.35,0.35,0.304,20,1816,0.0101,50.23,50.74,51.24,49.73,2026-10-01,3,False
RTX,Industrials,Aerospace & Defense,RSI,RSI 維持超賣,None,0.0,0.385,0.35,0.35,0.2983,20,848,0.0003,184.33,184.39,184.44,182.49,2026-10-05,3,False
TSLA,Consumer Discretionary,Auto Manufacturers,BB,價格在 BB 中軌上方,None,0.0,0.425,0.3498,0.3498,0.2984,283,12430,0.0041,378.73,380.28,381.84,374.94,2026-10-05,3,False
HAS,Consumer Discretionary,Leisure,RSI,RSI 加速上升,None,0.0,0.5525,0.3485,0.3485,0.3117,132,6796,0.0006,92.38,92.44,92.49,91.46,2026-10-05,3,False
AEG,Financials,Insurance - Diversified,BB,BB 跌破下軌 (超賣),None,0.0,0.45499999999999996,0.3485,,0.3485,0,1277,0.0043,8.45,8.49,8.52,8.37,2026-10-02,3,False
BBVA,Financials,Banks - Diversified,BB,BB 跌破下軌 (超賣),None,0.0,0.45499999999999996,0.3485,,0.3485,0,1277,0.0043,26.98,27.1,27.21,26.71,2026-10-02,3,False
BNS,Financials,Banks - Diversified,BB,BB 跌破下軌 (超賣),None,0.0,0.45499999999999996,0.3485,,0.3485,0,1277,0.0043,90.67,91.06,91.45,89.76,2026-10-01,3,False
KB,Financials,Banks - Regional,BB,BB 跌破下軌 (超賣),None,0.0,0.45499999999999996,0.3485,,0.3485,0,1277,0.0043,122.08,122.6,123.13,120.86,2026-10-01,3,False
LYG,Financials,Banks - Regional,BB,BB 跌破下軌 (超賣),None,0.0,0.45499999999999996,0.3485,,0.3485,0,1277,0.0043,5.42,5.44,5.47,5.37,2026-10-01,3,False
WF,Financials,Banks - Regional,BB,BB 跌破下軌 (超賣),None,0.0,0.45499999999999996,0.3485,,0.3485,0,1277,0.0043,73.1,73.41,73.73,72.37,2026-10-01,3,False
WBD,Communication Services,Entertainment,BB,BB 中軌向上（上升趨勢）,None,0.0,0.51,0.345,0.345,0.2943,171,4771,-0.001,30.94,30.91,30.88,30.63,2026-10-02,3,False
XPEV,Consumer Discretionary,Auto Manufacturers,RSI,RSI 超賣區域 (30),None,0.0,0.5249999999999999,0.3448,,0.3448,0,203,0.0038,9.25,9.29,9.32,9.16,2026-10-02,3,False
BBD,Financials,Banks - Regional,RSI,RSI 維持強勢 (50-70),None,0.0,0.51,0.3448,,0.3448,0,609,0.0048,3.646,3.66,3.68,3.61,2026-10-02,3,True
ITUB,Financials,Banks - Regional,RSI,RSI 維持強勢 (50-70),None,0.0,0.51,0.3448,,0.3448,0,609,0.0048,8.59,8.63,8.67,8.5,2026-10-02,3,True
WBS,Financials,Banks - Regional,RSI,RSI 維持強勢 (50-70),None,0.0,0.51,0.3448,,0.3448,0,609,0.0048,77.97,78.34,78.72,77.19,2026-08-18,3,True
LDOS,Information Technology,Information Technology Services,BB,BB 跌破下軌 (超賣),None,0.0,0.45499999999999996,0.3447,,0.3447,0,1001,0.0043,117.74,118.25,118.75,116.56,2026-10-02,3,False
BIIB,Health Care,Drug Manufacturers - General,RSI,RSI 維持強勢 (50-70),None,0.0,0.51,0.3444,0.3444,0.2772,151,12123,0.0031,223.59,224.28,224.98,221.35,2026-10-05,3,False
BKR,Energy,Oil & Gas Equipment & Services,RSI,RSI 加速上升,None,0.0,0.5525,0.3434,0.3434,0.3227,166,3306,0.0016,57.38,57.47,57.56,56.81,2026-10-05,3,False
INTU,Information Technology,Software - Application,RSI,RSI 加速上升,None,0.0,0.5525,0.3432,0.3432,0.3693,169,10688,-0.0039,284.68,283.57,282.46,281.83,2026-10-05,3,False
FDX,Industrials,Integrated Freight & Logistics,RSI,RSI 加速上升,None,0.0,0.5525,0.3429,0.3429,0.2981,140,11545,-0.0006,290.36,290.19,290.01,287.46,2026-10-02,3,False
TXN,Information Technology,Semiconductors,RSI,RSI 加速上升,None,0.0,0.5525,0.3417,0.3417,0.3693,120,10688,0.0107,294.9,298.06,301.21,291.95,2026-10-05,3,False
ULTA,Consumer Discretionary,Specialty Retail,RSI,RSI 維持強勢 (50-70),None,0.0,0.51,0.3407,0.3407,0.2995,182,10441,0.0084,542.72,547.28,551.84,537.29,2026-10-05,3,False
CBOE,Financials,Financial Data & Stock Exchanges,RSI,RSI 維持強勢 (50-70),None,0.0,0.51,0.3371,0.3371,0.2842,267,19108,0.0055,277.47,279.0,280.52,274.7,2026-10-05,3,False
CTSH,Information Technology,Information Technology Services,RSI,RSI 加速上升,None,0.0,0.5525,0.3359,0.3359,0.3693,131,10688,0.0029,58.17,58.34,58.51,57.59,2026-10-05,3,False
BIDU,Communication Services,Internet Content & Information,KDJ,KDJ 金叉,None,0.0,0.5525,0.3345,,0.3345,0,550,0.0065,86.99,87.56,88.12,86.12,2026-10-05,3,False
CHT,Communication Services,Telecom Services,KDJ,KDJ 金叉,None,0.0,0.5525,0.3345,,0.3345,0,550,0.0065,46.15,46.45,46.75,45.69,2026-10-05,3,False
FWONK,Communication Services,Entertainment,KDJ,KDJ 金叉,None,0.0,0.5525,0.3345,,0.3345,0,550,0.0065,95.0,95.62,96.23,94.05,2026-10-05,3,False
RBLX,Communication Services,Electronic Gaming & Multimedia,KDJ,KDJ 金叉,None,0.0,0.5525,0.3345,,0.3345,0,550,0.0065,44.58,44.87,45.16,44.13,2026-10-05,3,False
RDDT,Communication Services,Internet Content & Information,KDJ,KDJ 金叉,None,0.0,0.5525,0.3345,,0.3345,0,550,0.0065,147.86,148.82,149.78,146.38,2026-10-02,3,False
ROKU,Communication Services,Entertainment,KDJ,KDJ 金叉,None,0.0,0.5525,0.3345,,0.3345,0,550,0.0065,152.39,153.38,154.37,150.87,2026-10-02,3,False
SKM,Communication Services,Telecom Services,KDJ,KDJ 金叉,None,0.0,0.5525,0.3345,,0.3345,0,550,0.0065,35.59,35.82,36.05,35.23,2026-10-01,3,False
VOD,Communication Services,Telecom Services,KDJ,KDJ 金叉,None,0.0,0.5525,0.3345,,0.3345,0,550,0.0065,16.82,16.93,17.04,16.65,2026-10-02,3,False
MELI,Consumer Discretionary,Internet Retail,RSI,RSI 上穿 50 中性線,Morning Star,0.8,1.0,0.3333,,0.3333,0,6,-0.0163,1860.61,1830.28,1799.95,1842.0,2026-10-05,3,True
WSE,Information Technology,Information Technology Services,MACD,MACD 金叉 (空頭區),Bullish Engulfing,0.75,0.945,0.3333,,0.3333,0,15,0.0061,11.67,11.74,11.81,11.55,2026-10-05,3,False
ABEV,Consumer Staples,Beverages - Brewers,MACD,MACD 金叉 (多頭區),None,0.0,0.68,0.3333,,0.3333,0,21,0.0024,3.25,3.26,3.27,3.22,2026-10-05,3,True
MCK,Health Care,Medical Distribution,MACD,MACD 金叉 (多頭區),None,0.0,0.68,0.3333,0.3333,0.2557,15,305,0.0132,915.45,927.53,939.62,906.3,2026-10-05,3,False
AIZ,Financials,Insurance - Property & Casualty,KDJ,KDJ 超賣區金叉,None,0.0,0.5599999999999999,0.3333,0.3333,0.299,6,612,0.0132,266.24,269.75,273.27,263.58,2026-10-01,3,False
AMP,Financials,Asset Management,KDJ,KDJ 金叉,None,0.0,0.5525,0.3333,0.3333,0.3142,27,1932,0.0119,494.94,500.83,506.72,489.99,2026-10-05,3,False
CMG,Consumer Discretionary,Restaurants,RSI,RSI 加速上升,None,0.0,0.5525,0.3333,0.3333,0.3117,159,6796,0.0027,32.36,32.45,32.53,32.04,2026-10-02,3,False
EXE,Energy,Oil & Gas E&P,KDJ,KDJ 金叉,None,0.0,0.5525,0.3333,0.3333,0.3614,21,498,0.0,85.96,85.96,85.96,85.1,2026-10-01,3,False
GPC,Consumer Discretionary,Auto Parts,KDJ,KDJ 金叉,None,0.0,0.5525,0.3333,0.3333,0.3183,21,1244,-0.0037,127.24,126.77,126.3,125.97,2026-10-02,3,False
J,Industrials,Engineering & Construction,KDJ,KDJ 金叉,None,0.0,0.5525,0.3333,0.3333,0.3223,33,2110,0.0024,139.79,140.13,140.46,138.39,2026-10-01,3,False
SLB,Energy,Oil & Gas Equipment & Services,KDJ,KDJ 金叉,None,0.0,0.5525,0.3333,0.3333,0.3614,18,498,0.0101,50.28,50.79,51.3,49.78,2026-10-05,3,False
NVR,Consumer Discretionary,Residential Construction,BB,BB 跌破下軌 (超賣),None,0.0,0.45499999999999996,0.3333,0.3333,0.2974,15,733,0.0062,5970.21,6007.23,6044.24,5910.51,2026-10-05,3,False
WELL,Real Estate,REIT - Healthcare Facilities,BB,BB 跌破下軌 (超賣),None,0.0,0.45499999999999996,0.3333,0.3333,0.25,15,564,0.013,224.16,227.07,229.99,221.92,2026-10-05,3,False
CSX,Industrials,Railroads,MACD,MACD 金叉 (空頭區),None,0.0,0.42,0.3333,0.3333,0.3303,9,875,0.0049,47.43,47.66,47.89,46.96,2026-10-02,3,False
DTE,Utilities,Utilities - Regulated Electric,MACD,MACD 金叉 (空頭區),None,0.0,0.42,0.3333,0.3333,0.2494,12,409,0.0007,124.45,124.54,124.62,123.21,2026-10-02,3,False
L,Financials,Insurance - Property & Casualty,MACD,MACD 金叉 (空頭區),None,0.0,0.42,0.3333,0.3333,0.3214,9,865,0.0127,106.03,107.38,108.72,104.97,2026-10-02,3,False
MSCI,Financials,Financial Data & Stock Exchanges,MACD,MACD 金叉 (空頭區),None,0.0,0.42,0.3333,0.3333,0.3214,9,865,0.0068,552.35,556.11,559.86,546.83,2026-10-05,3,False
INVH,Real Estate,REIT - Residential,RSI,RSI 維持超賣,None,0.0,0.385,0.3333,0.3333,0.2861,6,346,0.0101,26.06,26.32,26.59,25.8,2026-10-05,3,False
MTB,Financials,Banks - Regional,RSI,RSI 維持超賣,None,0.0,0.385,0.3333,0.3333,0.4547,12,508,0.0062,217.35,218.7,220.05,215.18,2026-10-01,3,False
RMD,Health Care,Medical Instruments & Supplies,BB,價格在 BB 中軌上方,Bullish Engulfing,0.75,0.9075,0.332,,0.332,0,259,0.0039,222.86,223.73,224.6,220.63,2026-10-05,3,False
STE,Health Care,Medical Devices,BB,價格在 BB 中軌上方,Bullish Engulfing,0.75,0.9075,0.332,,0.332,0,259,0.0039,211.07,211.89,212.72,208.96,2026-10-05,3,False
CQP,Energy,Oil & Gas Midstream,KDJ,KDJ 超賣區金叉,None,0.0,0.5599999999999999,0.3319,,0.3319,0,232,0.0088,61.31,61.85,62.39,60.7,2026-10-02,3,False
FTI,Energy,Oil & Gas Equipment & Services,KDJ,KDJ 超賣區金叉,None,0.0,0.5599999999999999,0.3319,,0.3319,0,232,0.0088,68.85,69.46,70.06,68.16,2026-10-01,3,False
PAA,Energy,Oil & Gas Midstream,KDJ,KDJ 超賣區金叉,None,0.0,0.5599999999999999,0.3319,,0.3319,0,232,0.0088,23.75,23.96,24.17,23.51,2026-10-02,3,False
VG,Energy,Oil & Gas Midstream,KDJ,KDJ 超賣區金叉,None,0.0,0.5599999999999999,0.3319,,0.3319,0,232,0.0088,12.77,12.88,12.99,12.64,2026-10-01,3,False
RGA,Financials,Insurance - Reinsurance,RSI,RSI 維持強勢 (50-70),Bullish Engulfing,0.75,1.0,0.3314,,0.3314,0,353,0.0074,249.41,251.26,253.1,246.92,2026-10-02,3,False
PODD,Health Care,Medical Devices,KDJ,KDJ 金叉,Morning Star,0.8,1.0,0.3304,,0.3304,0,112,0.0035,135.62,136.09,136.57,134.26,2026-10-05,3,False
ZBH,Health Care,Medical Devices,KDJ,KDJ 金叉,Morning Star,0.8,1.0,0.3304,,0.3304,0,112,0.0035,91.57,91.89,92.21,90.65,2026-10-05,3,False
ATI,Industrials,Metal Fabrication,MACD,MACD 金叉 (空頭區),None,0.0,0.42,0.3303,,0.3303,0,875,0.0053,191.14,192.15,193.17,189.23,2026-10-01,3,False
CNI,Industrials,Railroads,MACD,MACD 金叉 (空頭區),None,0.0,0.42,0.3303,,0.3303,0,875,0.0053,119.77,120.4,121.04,118.57,2026-10-02,3,False
KNX,Industrials,Trucking,MACD,MACD 金叉 (空頭區),None,0.0,0.42,0.3303,,0.3303,0,875,0.0053,66.76,67.11,67.47,66.09,2026-10-02,3,False
MLI,Industrials,Metal Fabrication,MACD,MACD 金叉 (空頭區),None,0.0,0.42,0.3303,,0.3303,0,875,0.0053,61.32,61.64,61.97,60.71,2026-10-01,3,False
POOL,Industrials,Industrial Distribution,MACD,MACD 金叉 (空頭區),None,0.0,0.42,0.3303,,0.3303,0,875,0.0053,161.42,162.28,163.13,159.81,2026-10-02,3,False
RELX,Industrials,Specialty Business Services,MACD,MACD 金叉 (空頭區),None,0.0,0.42,0.3303,,0.3303,0,875,0.0053,33.82,34.0,34.18,33.48,2026-10-05,3,False
SAIA,Industrials,Trucking,MACD,MACD 金叉 (空頭區),None,0.0,0.42,0.3303,,0.3303,0,875,0.0053,344.38,346.21,348.03,340.94,2026-10-01,3,False
ZTO,Industrials,Integrated Freight & Logistics,MACD,MACD 金叉 (空頭區),None,0.0,0.42,0.3303,,0.3303,0,875,0.0053,19.5,19.6,19.71,19.3,2026-10-02,3,False
PKX,Materials,Steel,RSI,RSI 上穿 50 中性線,None,0.0,0.4675,0.3294,,0.3294,0,595,0.0031,58.23,58.41,58.59,57.65,2026-10-05,3,False
SCCO,Materials,Copper,RSI,RSI 上穿 50 中性線,None,0.0,0.4675,0.3294,,0.3294,0,595,0.0031,205.54,206.18,206.81,203.48,2026-10-02,3,False
TECK,Materials,Other Industrial Metals & Mining,RSI,RSI 上穿 50 中性線,None,0.0,0.4675,0.3294,,0.3294,0,595,0.0031,68.56,68.77,68.99,67.87,2026-10-02,3,False
TMO,Health Care,Diagnostics & Research,RSI,RSI 維持強勢 (50-70),None,0.0,0.51,0.3265,0.3265,0.2772,196,12123,0.0039,676.76,679.4,682.04,669.99,2026-10-05,3,False
AGNCO,Real Estate,REIT - Mortgage,RSI,RSI 加速上升,None,0.0,0.5525,0.3264,,0.3264,0,193,0.0078,25.23,25.43,25.62,24.98,2026-10-01,3,True
AGNCP,Real Estate,REIT - Mortgage,RSI,RSI 加速上升,None,0.0,0.5525,0.3264,,0.3264,0,193,0.0078,24.83,25.02,25.22,24.58,2026-10-05,3,True
AGNCZ,Real Estate,REIT - Mortgage,RSI,RSI 加速上升,None,0.0,0.5525,0.3264,,0.3264,0,193,0.0078,24.66,24.85,25.04,24.41,2026-10-05,3,True
RVTY,Health Care,Diagnostics & Research,BB,價格在 BB 中軌上方,None,0.0,0.425,0.3247,0.3247,0.2804,194,14417,-0.0022,157.36,157.01,156.67,155.79,2026-10-05,3,False
PINS,Communication Services,Internet Content & Information,RSI,RSI 上穿 50 中性線,None,0.0,0.4675,0.3243,,0.3243,0,518,0.004,20.06,20.14,20.22,19.86,2026-10-05,3,False
WMG,Communication Services,Entertainment,RSI,RSI 上穿 50 中性線,None,0.0,0.4675,0.3243,,0.3243,0,518,0.004,27.63,27.74,27.85,27.35,2026-10-05,3,False
AVY,Consumer Discretionary,Packaging & Containers,MACD,MACD 金叉 (空頭區),None,0.0,0.42,0.3233,,0.3233,0,529,0.0066,171.62,172.75,173.89,169.9,2026-10-01,3,False
BABA,Consumer Discretionary,Internet Retail,MACD,MACD 金叉 (空頭區),None,0.0,0.42,0.3233,,0.3233,0,529,0.0066,110.8,111.53,112.26,109.69,2026-10-05,3,False
CART,Consumer Discretionary,Internet Retail,MACD,MACD 金叉 (空頭區),None,0.0,0.42,0.3233,,0.3233,0,529,0.0066,45.67,45.97,46.27,45.21,2026-10-05,3,False
JD,Consumer Discretionary,Internet Retail,MACD,MACD 金叉 (空頭區),None,0.0,0.42,0.3233,,0.3233,0,529,0.0066,26.36,26.53,26.71,26.1,2026-10-05,3,False
PDD,Consumer Discretionary,Internet Retail,MACD,MACD 金叉 (空頭區),None,0.0,0.42,0.3233,,0.3233,0,529,0.0066,77.9,78.41,78.93,77.12,2026-10-05,3,False
TCOM,Consumer Discretionary,Travel Services,MACD,MACD 金叉 (空頭區),None,0.0,0.42,0.3233,,0.3233,0,529,0.0066,38.79,39.05,39.3,38.4,2026-10-05,3,False
YUMC,Consumer Discretionary,Restaurants,MACD,MACD 金叉 (空頭區),None,0.0,0.42,0.3233,,0.3233,0,529,0.0066,40.96,41.23,41.5,40.55,2026-10-01,3,False
DASH,Consumer Discretionary,Internet Retail,RSI,RSI 加速上升,None,0.0,0.5525,0.3231,0.3231,0.3117,130,6796,-0.001,191.77,191.58,191.39,189.85,2026-10-05,3,False
CNQ,Energy,Oil & Gas E&P,RSI,RSI 加速上升,None,0.0,0.5525,0.3227,,0.3227,0,3306,0.0024,48.31,48.43,48.54,47.83,2026-10-05,3,False
IMO,Energy,Oil & Gas Integrated,RSI,RSI 加速上升,None,0.0,0.5525,0.3227,,0.3227,0,3306,0.0024,123.51,123.81,124.1,122.27,2026-10-05,3,False
EMR,Industrials,Specialty Industrial Machinery,KDJ,KDJ 金叉,None,0.0,0.5525,0.3226,0.3226,0.3223,31,2110,-0.0007,158.57,158.46,158.35,156.98,2026-10-01,3,False
ARXS,Industrials,Aerospace & Defense,KDJ,KDJ 金叉,None,0.0,0.5525,0.3223,,0.3223,0,2110,0.0051,50.03,50.29,50.54,49.53,2026-10-02,3,False
BE,Industrials,Electrical Equipment & Parts,KDJ,KDJ 金叉,None,0.0,0.5525,0.3223,,0.3223,0,2110,0.0051,289.15,290.62,292.1,286.26,2026-10-02,3,False
CP,Industrials,Railroads,KDJ,KDJ 金叉,None,0.0,0.5525,0.3223,,0.3223,0,2110,0.0051,85.94,86.38,86.82,85.08,2026-10-02,3,False
FPS,Industrials,Electrical Equipment & Parts,KDJ,KDJ 金叉,None,0.0,0.5525,0.3223,,0.3223,0,2110,0.0051,40.35,40.56,40.76,39.95,2026-10-02,3,False
INIO,Industrials,Specialty Industrial Machinery,KDJ,KDJ 金叉,None,0.0,0.5525,0.3223,,0.3223,0,2110,0.0051,19.99,20.09,20.19,19.79,2026-10-02,3,False
MAIR,Industrials,Building Products & Equipment,KDJ,KDJ 金叉,None,0.0,0.5525,0.3223,,0.3223,0,2110,0.0051,25.04,25.17,25.3,24.79,2026-10-02,3,False
NVT,Industrials,Electrical Equipment & Parts,KDJ,KDJ 金叉,None,0.0,0.5525,0.3223,,0.3223,0,2110,0.0051,169.56,170.42,171.29,167.86,2026-10-02,3,False
POWL,Industrials,Electrical Equipment & Parts,KDJ,KDJ 金叉,None,0.0,0.5525,0.3223,,0.3223,0,2110,0.0051,196.1,197.1,198.1,194.14,2026-10-02,3,False
SPCX,Industrials,Aerospace & Defense,KDJ,KDJ 金叉,None,0.0,0.5525,0.3223,,0.3223,0,2110,0.0051,158.96,159.77,160.58,157.37,2026-10-02,3,False
STRL,Industrials,Engineering & Construction,KDJ,KDJ 金叉,None,0.0,0.5525,0.3223,,0.3223,0,2110,0.0051,533.42,536.14,538.86,528.09,2026-10-02,3,False
SUNB,Industrials,Rental & Leasing Services,KDJ,KDJ 金叉,None,0.0,0.5525,0.3223,,0.3223,0,2110,0.0051,75.61,76.0,76.38,74.85,2026-10-01,3,False
WCN,Industrials,Waste Management,KDJ,KDJ 金叉,None,0.0,0.5525,0.3223,,0.3223,0,2110,0.0051,153.82,154.6,155.39,152.28,2026-10-02,3,False
IT,Information Technology,Information Technology Services,RSI,RSI 動能加速（強勢區）,None,0.0,0.51,0.3214,0.3214,0.366,28,2885,0.0013,192.8,193.05,193.3,190.87,2026-10-01,3,False
AFRM,Financials,Credit Services,MACD,MACD 金叉 (空頭區),None,0.0,0.42,0.3214,,0.3214,0,865,0.0073,70.43,70.94,71.46,69.73,2026-10-01,3,False
BAM,Financials,Asset Management,MACD,MACD 金叉 (空頭區),None,0.0,0.42,0.3214,,0.3214,0,865,0.0073,44.85,45.18,45.5,44.4,2026-10-02,3,False
CG,Financials,Asset Management,MACD,MACD 金叉 (空頭區),None,0.0,0.42,0.3214,,0.3214,0,865,0.0073,40.39,40.68,40.98,39.99,2026-10-01,3,False
EWBC,Financials,Banks - Regional,MACD,MACD 金叉 (空頭區),None,0.0,0.42,0.3214,,0.3214,0,865,0.0073,126.84,127.77,128.69,125.57,2026-10-05,3,False
HBANL,Financials,Banks - Regional,MACD,MACD 金叉 (空頭區),None,0.0,0.42,0.3214,,0.3214,0,865,0.0073,24.88,25.06,25.24,24.63,2026-10-01,3,False
HDB,Financials,Banks - Regional,MACD,MACD 金叉 (空頭區),None,0.0,0.42,0.3214,,0.3214,0,865,0.0073,22.95,23.12,23.29,22.72,2026-10-01,3,False
RYAN,Financials,Insurance - Specialty,MACD,MACD 金叉 (空頭區),None,0.0,0.42,0.3214,,0.3214,0,865,0.0073,37.98,38.26,38.53,37.6,2026-10-05,3,False
TW,Financials,Capital Markets,MACD,MACD 金叉 (空頭區),None,0.0,0.42,0.3214,,0.3214,0,865,0.0073,102.22,102.97,103.71,101.2,2026-10-02,3,False
VLYPO,Financials,Banks - Regional,MACD,MACD 金叉 (空頭區),None,0.0,0.42,0.3214,,0.3214,0,865,0.0073,24.84,25.02,25.2,24.59,2026-10-02,3,False
VLYPP,Financials,Banks - Regional,MACD,MACD 金叉 (空頭區),None,0.0,0.42,0.3214,,0.3214,0,865,0.0073,25.02,25.2,25.39,24.77,2026-10-05,3,False
CME,Financials,Financial Data & Stock Exchanges,KDJ,KDJ 金叉,Morning Star,0.8,1.0,0.3208,,0.3208,0,106,0.0016,265.1,265.52,265.95,262.45,2026-10-01,3,False
NTRS,Financials,Asset Management,KDJ,KDJ 金叉,Morning Star,0.8,1.0,0.3208,,0.3208,0,106,0.0016,171.4,171.67,171.95,169.69,2026-10-02,3,False
FTNT,Information Technology,Software - Infrastructure,RSI,RSI 加速上升,None,0.0,0.5525,0.32,0.32,0.3693,125,10688,0.0018,180.95,181.28,181.6,179.14,2026-10-02,3,False
APP,Communication Services,Advertising Agencies,BB,BB 跌破下軌 (超賣),None,0.0,0.45499999999999996,0.3194,,0.3194,0,144,0.0009,268.22,268.46,268.7,265.54,2026-10-02,3,True
AS,Consumer Discretionary,Leisure,KDJ,KDJ 金叉,None,0.0,0.5525,0.3183,,0.3183,0,1244,0.0033,27.47,27.56,27.65,27.2,2026-10-05,3,False
FIVE,Consumer Discretionary,Specialty Retail,KDJ,KDJ 金叉,None,0.0,0.5525,0.3183,,0.3183,0,1244,0.0033,221.19,221.92,222.65,218.98,2026-10-02,3,False
RIVN,Consumer Discretionary,Auto Manufacturers,KDJ,KDJ 金叉,None,0.0,0.5525,0.3183,,0.3183,0,1244,0.0033,14.6,14.65,14.7,14.45,2026-10-05,3,False
SWK,Industrials,Tools & Accessories,BB,價格在 BB 中軌上方,None,0.0,0.425,0.3182,0.3182,0.295,198,22337,-0.0023,91.34,91.13,90.92,90.43,2026-10-02,3,False
AFG,Financials,Insurance - Property & Casualty,RSI,RSI 加速上升,None,0.0,0.5525,0.318,,0.318,0,588,0.002,139.33,139.61,139.89,137.94,2026-10-05,3,True
ALGN,Health Care,Medical Instruments & Supplies,BB,BB 跌破下軌 (超賣),None,0.0,0.45499999999999996,0.3173,,0.3173,0,375,-0.0037,140.65,140.13,139.61,139.24,2026-10-05,3,True
GSK,Health Care,Drug Manufacturers - General,BB,BB 跌破下軌 (超賣),None,0.0,0.45499999999999996,0.3173,,0.3173,0,375,-0.0037,47.18,47.01,46.83,46.71,2026-10-01,3,True
INCY,Health Care,Biotechnology,BB,BB 跌破下軌 (超賣),None,0.0,0.45499999999999996,0.3173,,0.3173,0,375,-0.0037,117.14,116.71,116.27,115.97,2026-10-01,3,True
JNJ,Health Care,Drug Manufacturers - General,BB,BB 跌破下軌 (超賣),None,0.0,0.45499999999999996,0.3173,,0.3173,0,375,-0.0037,256.03,255.08,254.14,253.47,2026-10-02,3,True
MDLN,Health Care,Medical Instruments & Supplies,MACD,MACD 突破 0 軸,None,0.0,0.595,0.3171,,0.3171,0,432,0.0028,35.61,35.71,35.81,35.25,2026-10-02,3,False
RVMD,Health Care,Biotechnology,MACD,MACD 突破 0 軸,None,0.0,0.595,0.3171,,0.3171,0,432,0.0028,206.64,207.22,207.8,204.57,2026-10-02,3,False
UTHR,Health Care,Drug Manufacturers - Specialty & Generic,MACD,MACD 突破 0 軸,None,0.0,0.595,0.3171,,0.3171,0,432,0.0028,571.38,572.98,574.58,565.67,2026-10-01,3,False
GL,Financials,Insurance - Life,KDJ,KDJ 超賣區金叉,Bullish Engulfing,0.75,1.0,0.3158,,0.3158,0,19,0.0031,165.92,166.43,166.95,164.26,2026-10-05,3,False
AA,Materials,Aluminum,KDJ,KDJ 超賣區金叉,None,0.0,0.5599999999999999,0.3156,,0.3156,0,225,0.0029,42.06,42.18,42.3,41.64,2026-10-01,3,False
SQM,Materials,Specialty Chemicals,KDJ,KDJ 超賣區金叉,None,0.0,0.5599999999999999,0.3156,,0.3156,0,225,0.0029,64.52,64.71,64.89,63.87,2026-10-02,3,False
WPM,Materials,Gold,KDJ,KDJ 超賣區金叉,None,0.0,0.5599999999999999,0.3156,,0.3156,0,225,0.0029,136.27,136.67,137.06,134.91,2026-10-05,3,False
IQV,Health Care,Diagnostics & Research,RSI,RSI 維持強勢 (50-70),None,0.0,0.51,0.315,0.315,0.2772,200,12123,0.0008,266.09,266.3,266.52,263.43,2026-10-05,3,False
BIP,Utilities,Utilities - Diversified,RSI,RSI 加速上升,None,0.0,0.5525,0.3147,,0.3147,0,251,0.0085,35.79,36.09,36.4,35.43,2026-10-01,3,True
DOW,Materials,Chemicals,RSI,RSI 加速上升,None,0.0,0.5525,0.3145,0.3145,0.3048,159,3639,-0.0053,28.51,28.36,28.21,28.22,2026-10-05,3,False
BTSG,Health Care,Health Information Services,RSI,RSI 上穿 50 中性線,None,0.0,0.4675,0.3144,,0.3144,0,1323,0.003,60.25,60.43,60.61,59.65,2026-10-02,3,False
BTSGU,Health Care,Health Information Services,RSI,RSI 上穿 50 中性線,None,0.0,0.4675,0.3144,,0.3144,0,1323,0.003,197.35,197.94,198.53,195.38,2026-10-02,3,False
GMED,Health Care,Medical Devices,RSI,RSI 上穿 50 中性線,None,0.0,0.4675,0.3144,,0.3144,0,1323,0.003,76.57,76.8,77.03,75.8,2026-10-05,3,False
MEDP,Health Care,Diagnostics & Research,RSI,RSI 上穿 50 中性線,None,0.0,0.4675,0.3144,,0.3144,0,1323,0.003,620.51,622.37,624.23,614.3,2026-10-05,3,False
RDY,Health Care,Drug Manufacturers - Specialty & Generic,RSI,RSI 上穿 50 中性線,None,0.0,0.4675,0.3144,,0.3144,0,1323,0.003,12.32,12.36,12.39,12.2,2026-10-05,3,False
THC,Health Care,Medical Care Facilities,RSI,RSI 上穿 50 中性線,None,0.0,0.4675,0.3144,,0.3144,0,1323,0.003,259.47,260.25,261.03,256.88,2026-10-05,3,False
BPOP,Financials,Banks - Regional,KDJ,KDJ 金叉,None,0.0,0.5525,0.3142,,0.3142,0,1932,0.0041,156.52,157.16,157.8,154.95,2026-10-01,3,False
CET,Financials,Asset Management,KDJ,KDJ 金叉,None,0.0,0.5525,0.3142,,0.3142,0,1932,0.0041,56.24,56.47,56.7,55.68,2026-10-05,3,False
CM,Financials,Banks - Diversified,KDJ,KDJ 金叉,None,0.0,0.5525,0.3142,,0.3142,0,1932,0.0041,111.02,111.48,111.93,109.91,2026-10-02,3,False
CRBG,Financials,Asset Management,KDJ,KDJ 金叉,None,0.0,0.5525,0.3142,,0.3142,0,1932,0.0041,34.03,34.17,34.31,33.69,2026-10-02,3,False
DB,Financials,Banks - Regional,KDJ,KDJ 金叉,None,0.0,0.5525,0.3142,,0.3142,0,1932,0.0041,34.97,35.11,35.26,34.62,2026-10-05,3,False
EQH,Financials,Asset Management,KDJ,KDJ 金叉,None,0.0,0.5525,0.3142,,0.3142,0,1932,0.0041,52.64,52.86,53.07,52.11,2026-10-02,3,False
HBANP,Financials,Banks - Regional,KDJ,KDJ 金叉,None,0.0,0.5525,0.3142,,0.3142,0,1932,0.0041,15.66,15.72,15.79,15.5,2026-10-02,3,False
MFC,Financials,Insurance - Life,KDJ,KDJ 金叉,None,0.0,0.5525,0.3142,,0.3142,0,1932,0.0041,42.94,43.12,43.29,42.51,2026-10-05,3,False
MFG,Financials,Banks - Regional,KDJ,KDJ 金叉,None,0.0,0.5525,0.3142,,0.3142,0,1932,0.0041,11.03,11.08,11.12,10.92,2026-10-05,3,False
MUFG,Financials,Banks - Diversified,KDJ,KDJ 金叉,None,0.0,0.5525,0.3142,,0.3142,0,1932,0.0041,22.97,23.06,23.16,22.74,2026-10-05,3,False
RNR,Financials,Insurance - Reinsurance,KDJ,KDJ 金叉,None,0.0,0.5525,0.3142,,0.3142,0,1932,0.0041,325.53,326.86,328.2,322.27,2026-10-02,3,False
SLMBP,Financials,Credit Services,KDJ,KDJ 金叉,None,0.0,0.5525,0.3142,,0.3142,0,1932,0.0041,73.75,74.05,74.35,73.01,2026-10-05,3,False
UBS,Financials,Banks - Diversified,KDJ,KDJ 金叉,None,0.0,0.5525,0.3142,,0.3142,0,1932,0.0041,48.18,48.38,48.58,47.7,2026-10-05,3,False
ZION,Financials,Banks - Regional,KDJ,KDJ 金叉,None,0.0,0.5525,0.3142,,0.3142,0,1932,0.0041,62.65,62.91,63.16,62.02,2026-10-01,3,False
AMRZ,Materials,Building Materials,KDJ,KDJ 金叉,None,0.0,0.5525,0.314,,0.314,0,637,0.0047,37.2,37.37,37.55,36.83,2026-10-05,3,False
AU,Materials,Gold,KDJ,KDJ 金叉,None,0.0,0.5525,0.314,,0.314,0,637,0.0047,94.48,94.92,95.37,93.54,2026-10-05,3,False
CDW,Information Technology,Information Technology Services,RSI,RSI 加速上升,None,0.0,0.5525,0.314,0.314,0.3693,172,10688,-0.0028,133.92,133.55,133.17,132.58,2026-10-05,3,False
RIO,Materials,Other Industrial Metals & Mining,KDJ,KDJ 金叉,None,0.0,0.5525,0.314,,0.314,0,637,0.0047,94.21,94.65,95.1,93.27,2026-10-02,3,False
BMRN,Health Care,Biotechnology,RSI,RSI 維持超賣,None,0.0,0.385,0.3138,,0.3138,0,956,0.0016,57.54,57.63,57.72,56.96,2026-10-05,3,False
NVO,Health Care,Drug Manufacturers - General,RSI,RSI 維持超賣,None,0.0,0.385,0.3138,,0.3138,0,956,0.0016,37.54,37.6,37.66,37.16,2026-10-05,3,False
SNY,Health Care,Drug Manufacturers - General,RSI,RSI 維持超賣,None,0.0,0.385,0.3138,,0.3138,0,956,0.0016,39.51,39.57,39.64,39.11,2026-10-05,3,False
GSAT,Communication Services,Telecom Services,RSI,RSI 動能加速（強勢區）,None,0.0,0.51,0.3135,,0.3135,0,772,0.0011,83.22,83.31,83.4,82.39,2026-10-02,3,False
NBIS,Communication Services,Internet Content & Information,RSI,RSI 動能加速（強勢區）,None,0.0,0.51,0.3135,,0.3135,0,772,0.0011,242.81,243.08,243.34,240.38,2026-10-02,3,False
BURL,Consumer Discretionary,Apparel Retail,RSI,RSI 加速上升,None,0.0,0.5525,0.3117,,0.3117,0,6796,0.004,275.34,276.44,277.54,272.59,2026-10-02,3,False
BWA,Consumer Discretionary,Auto Parts,RSI,RSI 加速上升,None,0.0,0.5525,0.3117,,0.3117,0,6796,0.004,60.38,60.62,60.86,59.78,2026-10-01,3,False
CASY,Consumer Discretionary,Specialty Retail,RSI,RSI 加速上升,None,0.0,0.5525,0.3117,,0.3117,0,6796,0.004,617.33,619.8,622.27,611.16,2026-10-05,3,False
H,Consumer Discretionary,Lodging,RSI,RSI 加速上升,None,0.0,0.5525,0.3117,,0.3117,0,6796,0.004,160.94,161.58,162.23,159.33,2026-10-01,3,False
IHG,Consumer Discretionary,Lodging,RSI,RSI 加速上升,None,0.0,0.5525,0.3117,,0.3117,0,6796,0.004,161.74,162.39,163.03,160.12,2026-10-02,3,False
MGA,Consumer Discretionary,Auto Parts,RSI,RSI 加速上升,None,0.0,0.5525,0.3117,,0.3117,0,6796,0.004,64.46,64.72,64.98,63.82,2026-10-01,3,False
MOD,Consumer Discretionary,Auto Parts,RSI,RSI 加速上升,None,0.0,0.5525,0.3117,,0.3117,0,6796,0.004,182.91,183.64,184.37,181.08,2026-10-05,3,False
NTES,Communication Services,Electronic Gaming & Multimedia,RSI,RSI 加速上升,None,0.0,0.5525,0.3116,,0.3116,0,3322,0.0033,120.61,121.01,121.41,119.4,2026-10-01,3,False
UNP,Industrials,Railroads,RSI,RSI 加速上升,None,0.0,0.5525,0.3108,0.3108,0.2981,148,11545,0.0081,277.06,279.3,281.55,274.29,2026-10-05,3,False
CPRT,Industrials,Specialty Business Services,RSI,RSI 加速上升,Morning Star,0.8,1.0,0.3106,,0.3106,0,132,0.0051,27.65,27.79,27.93,27.37,2026-10-05,3,False
DVA,Health Care,Medical Care Facilities,KDJ,KDJ 金叉,None,0.0,0.5525,0.3103,0.3103,0.2852,29,1536,0.0051,178.69,179.6,180.51,176.9,2026-10-02,3,False
DD,Materials,Specialty Chemicals,RSI,RSI 上穿 50 中性線,None,0.0,0.4675,0.3103,0.3103,0.3294,29,595,0.0107,130.69,132.09,133.49,129.38,2026-10-05,3,False
CLH,Industrials,Waste Management,KDJ,KDJ 金叉,Bullish Engulfing,0.75,1.0,0.31,,0.31,0,100,0.0006,312.51,312.7,312.89,309.38,2026-10-01,3,False
XYL,Industrials,Specialty Industrial Machinery,KDJ,KDJ 金叉,Bullish Engulfing,0.75,1.0,0.31,,0.31,0,100,0.0006,101.79,101.85,101.91,100.77,2026-10-02,3,False
BCE,Communication Services,Telecom Services,RSI,RSI 維持超賣,None,0.0,0.385,0.3095,,0.3095,0,42,0.0097,19.74,19.93,20.12,19.54,2026-10-05,3,True
SPY,Financials,Asset Management,RSI,RSI 上穿 50 中性線,None,0.0,0.4675,0.3091,,0.3091,0,1899,0.0046,769.64,773.18,776.72,761.94,2026-10-02,3,False
RSG,Industrials,Waste Management,RSI,RSI 超賣區域 (30),None,0.0,0.5249999999999999,0.3086,,0.3086,0,337,0.006,206.31,207.55,208.79,204.25,2026-10-01,3,False
ATO,Utilities,Utilities - Regulated Gas,MACD,MACD 金叉 (空頭區),None,0.0,0.42,0.3077,0.3077,0.2494,13,409,0.0052,158.05,158.87,159.69,156.47,2026-10-05,3,False
HAL,Energy,Oil & Gas Equipment & Services,RSI,RSI 加速上升,None,0.0,0.5525,0.306,0.306,0.3227,183,3306,0.0011,32.78,32.82,32.85,32.45,2026-10-05,3,False
CAH,Health Care,Medical Distribution,RSI,RSI 上穿 50 中性線,None,0.0,0.4675,0.3056,0.3056,0.3144,36,1323,0.0062,233.12,234.57,236.01,230.79,2026-10-05,3,False
ESI,Materials,Specialty Chemicals,RSI,RSI 加速上升,None,0.0,0.5525,0.3048,,0.3048,0,3639,0.0024,37.54,37.63,37.72,37.16,2026-10-05,3,False
AUR,Consumer Discretionary,Auto Parts,RSI,RSI 加速上升,Morning Star,0.8,1.0,0.3043,,0.3043,0,69,0.0066,5.75,5.79,5.83,5.69,2026-10-05,3,False
APG,Industrials,Engineering & Construction,RSI,RSI 上穿 50 中性線,None,0.0,0.4675,0.304,,0.304,0,1816,0.0018,40.01,40.08,40.15,39.61,2026-10-01,3,False
CR,Industrials,Specialty Industrial Machinery,RSI,RSI 上穿 50 中性線,None,0.0,0.4675,0.304,,0.304,0,1816,0.0018,206.32,206.69,207.06,204.26,2026-10-01,3,False
DCI,Industrials,Specialty Industrial Machinery,RSI,RSI 上穿 50 中性線,None,0.0,0.4675,0.304,,0.304,0,1816,0.0018,88.65,88.81,88.97,87.76,2026-10-02,3,False
EMBJ,Industrials,Aerospace & Defense,RSI,RSI 上穿 50 中性線,None,0.0,0.4675,0.304,,0.304,0,1816,0.0018,75.21,75.35,75.48,74.46,2026-10-02,3,False
ITT,Industrials,Specialty Industrial Machinery,RSI,RSI 上穿 50 中性線,None,0.0,0.4675,0.304,,0.304,0,1816,0.0018,206.17,206.54,206.91,204.11,2026-10-02,3,False
RRX,Industrials,Specialty Industrial Machinery,RSI,RSI 上穿 50 中性線,None,0.0,0.4675,0.304,,0.304,0,1816,0.0018,159.87,160.16,160.45,158.27,2026-10-02,3,False
RYAAY,Industrials,Airlines,RSI,RSI 上穿 50 中性線,None,0.0,0.4675,0.304,,0.304,0,1816,0.0018,55.05,55.15,55.25,54.5,2026-10-02,3,False
VMI,Industrials,Conglomerates,RSI,RSI 上穿 50 中性線,None,0.0,0.4675,0.304,,0.304,0,1816,0.0018,478.74,479.6,480.46,473.95,2026-10-02,3,False
WTS,Industrials,Specialty Industrial Machinery,RSI,RSI 上穿 50 中性線,None,0.0,0.4675,0.304,,0.304,0,1816,0.0018,359.49,360.14,360.78,355.9,2026-10-01,3,False
WWD,Industrials,Aerospace & Defense,RSI,RSI 上穿 50 中性線,None,0.0,0.4675,0.304,,0.304,0,1816,0.0018,336.19,336.8,337.4,332.83,2026-10-01,3,False
XPO,Industrials,Trucking,RSI,RSI 上穿 50 中性線,None,0.0,0.4675,0.304,,0.304,0,1816,0.0018,186.09,186.42,186.76,184.23,2026-10-02,3,False
SN,Consumer Discretionary,"Furnishings, Fixtures & Appliances",RSI,RSI 動能加速（強勢區）,None,0.0,0.51,0.3027,,0.3027,0,1665,0.0035,182.57,183.21,183.85,180.74,2026-10-02,3,False
BR,Information Technology,Information Technology Services,KDJ,KDJ 超賣區金叉,None,0.0,0.5599999999999999,0.3016,,0.3016,0,368,-0.0,159.08,159.08,159.08,157.49,2026-10-05,3,False
ERIC,Information Technology,Communication Equipment,KDJ,KDJ 超賣區金叉,None,0.0,0.5599999999999999,0.3016,,0.3016,0,368,-0.0,9.29,9.29,9.29,9.2,2026-10-02,3,False
CNA,Financials,Insurance - Property & Casualty,RSI,RSI 加速上升,None,0.0,0.5525,0.3014,,0.3014,0,11488,0.0041,46.21,46.4,46.59,45.75,2026-10-05,3,False
IBN,Financials,Banks - Regional,RSI,RSI 加速上升,None,0.0,0.5525,0.3014,,0.3014,0,11488,0.0041,27.75,27.86,27.98,27.47,2026-10-05,3,False
WTFC,Financials,Banks - Regional,RSI,RSI 加速上升,None,0.0,0.5525,0.3014,,0.3014,0,11488,0.0041,145.2,145.8,146.39,143.75,2026-10-05,3,False
AMH,Real Estate,REIT - Residential,RSI,RSI 超賣區域 (30),None,0.0,0.5249999999999999,0.3012,,0.3012,0,166,0.0043,30.08,30.21,30.34,29.78,2026-10-05,3,False
COP,Energy,Oil & Gas E&P,RSI,RSI 加速上升,None,0.0,0.5525,0.3011,0.3011,0.3227,176,3306,-0.0002,128.4,128.37,128.35,127.12,2026-10-05,3,False
AM,Energy,Oil & Gas Midstream,KDJ,KDJ 超賣區金叉,Morning Star,0.8,1.0,0.3,,0.3,0,10,0.0154,20.36,20.67,20.99,20.16,2026-10-02,3,False
IEX,Industrials,Specialty Industrial Machinery,MACD,MACD 突破 0 軸,None,0.0,0.595,0.3,0.3,0.2912,10,570,0.0006,229.12,229.26,229.39,226.83,2026-10-01,3,False
ELV,Health Care,Healthcare Plans,KDJ,KDJ 超賣區金叉,None,0.0,0.5599999999999999,0.3,0.3,0.3027,10,370,-0.0173,386.43,379.74,373.06,382.57,2026-10-02,3,False
EOG,Energy,Oil & Gas E&P,KDJ,KDJ 金叉,None,0.0,0.5525,0.3,0.3,0.3614,20,498,0.0001,141.31,141.32,141.34,139.9,2026-10-01,3,False
TJX,Consumer Discretionary,Apparel Retail,KDJ,KDJ 金叉,None,0.0,0.5525,0.3,0.3,0.3183,30,1244,0.0041,134.41,134.96,135.51,133.07,2026-10-05,3,False
UNH,Health Care,Healthcare Plans,MACD,MACD 金叉 (空頭區),None,0.0,0.42,0.3,0.3,0.2741,10,686,0.0263,378.58,388.54,398.49,374.79,2026-10-05,3,False
SHEL,Energy,Oil & Gas Integrated,BB,價格在 BB 中軌上方,None,0.0,0.425,0.2998,,0.2998,0,5768,-0.0016,96.52,96.37,96.21,95.55,2026-10-05,3,False
COF,Financials,Credit Services,KDJ,KDJ 超賣區金叉,None,0.0,0.5599999999999999,0.299,,0.299,0,612,-0.0,194.48,194.48,194.48,192.54,2026-10-01,3,False
SOFI,Financials,Credit Services,KDJ,KDJ 超賣區金叉,None,0.0,0.5599999999999999,0.299,,0.299,0,612,-0.0,15.92,15.92,15.92,15.76,2026-10-05,3,False
UNM,Financials,Insurance - Life,KDJ,KDJ 超賣區金叉,None,0.0,0.5599999999999999,0.299,,0.299,0,612,-0.0,88.57,88.57,88.57,87.68,2026-10-02,3,False
AAON,Industrials,Building Products & Equipment,RSI,RSI 維持強勢 (50-70),None,0.0,0.51,0.2986,,0.2986,0,19157,0.0036,84.35,84.65,84.96,83.51,2026-10-05,3,False
AEIS,Industrials,Electrical Equipment & Parts,RSI,RSI 維持強勢 (50-70),None,0.0,0.51,0.2986,,0.2986,0,19157,0.0036,297.29,298.36,299.43,294.32,2026-10-05,3,False
AIT,Industrials,Industrial Distribution,RSI,RSI 維持強勢 (50-70),None,0.0,0.51,0.2986,,0.2986,0,19157,0.0036,345.79,347.03,348.28,342.33,2026-10-05,3,False
RKLB,Industrials,Aerospace & Defense,RSI,RSI 維持強勢 (50-70),None,0.0,0.51,0.2986,,0.2986,0,19157,0.0036,73.02,73.28,73.55,72.29,2026-10-05,3,False
WCC,Industrials,Industrial Distribution,RSI,RSI 維持強勢 (50-70),None,0.0,0.51,0.2986,,0.2986,0,19157,0.0036,377.09,378.45,379.81,373.32,2026-10-05,3,False
DKS,Consumer Discretionary,Specialty Retail,BB,價格在 BB 中軌上方,None,0.0,0.425,0.2984,,0.2984,0,12430,0.0031,137.13,137.56,137.98,135.76,2026-10-05,3,False
TOL,Consumer Discretionary,Residential Construction,BB,價格在 BB 中軌上方,None,0.0,0.425,0.2984,,0.2984,0,12430,0.0031,135.38,135.8,136.22,134.03,2026-10-05,3,False
PCAR,Industrials,Farm & Heavy Construction Machinery,RSI,RSI 維持超賣,None,0.0,0.385,0.2983,,0.2983,0,848,0.0072,109.36,110.15,110.93,108.27,2026-10-05,3,False
AGX,Industrials,Engineering & Construction,RSI,RSI 加速上升,None,0.0,0.5525,0.2981,,0.2981,0,11545,0.003,387.74,388.9,390.07,383.86,2026-10-05,3,False
ARMK,Industrials,Specialty Business Services,RSI,RSI 加速上升,None,0.0,0.5525,0.2981,,0.2981,0,11545,0.003,55.23,55.4,55.56,54.68,2026-10-05,3,False
BWXT,Industrials,Aerospace & Defense,RSI,RSI 加速上升,None,0.0,0.5525,0.2981,,0.2981,0,11545,0.003,135.35,135.76,136.16,134.0,2026-10-05,3,False
CSL,Industrials,Building Products & Equipment,RSI,RSI 加速上升,None,0.0,0.5525,0.2981,,0.2981,0,11545,0.003,325.21,326.19,327.16,321.96,2026-10-01,3,False
CW,Industrials,Aerospace & Defense,RSI,RSI 加速上升,None,0.0,0.5525,0.2981,,0.2981,0,11545,0.003,540.79,542.41,544.03,535.38,2026-10-05,3,False
DY,Industrials,Engineering & Construction,RSI,RSI 加速上升,None,0.0,0.5525,0.2981,,0.2981,0,11545,0.003,274.41,275.23,276.06,271.67,2026-10-05,3,False
ESLT,Industrials,Aerospace & Defense,RSI,RSI 加速上升,None,0.0,0.5525,0.2981,,0.2981,0,11545,0.003,709.37,711.5,713.63,702.28,2026-10-05,3,False
IESC,Industrials,Engineering & Construction,RSI,RSI 加速上升,None,0.0,0.5525,0.2981,,0.2981,0,11545,0.003,339.62,340.64,341.66,336.22,2026-10-05,3,False
MTZ,Industrials,Engineering & Construction,RSI,RSI 加速上升,None,0.0,0.5525,0.2981,,0.2981,0,11545,0.003,219.4,220.06,220.72,217.21,2026-10-05,3,False
ULS,Industrials,Specialty Business Services,RSI,RSI 加速上升,None,0.0,0.5525,0.2981,,0.2981,0,11545,0.003,68.25,68.45,68.66,67.57,2026-10-05,3,False
CCZ,Communication Services,Cable & Satellite,RSI,RSI 維持超賣,None,0.0,0.385,0.2977,,0.2977,0,262,-0.0011,62.9,62.83,62.76,62.27,2026-10-05,3,False
TU,Communication Services,Telecom Services,RSI,RSI 維持超賣,None,0.0,0.385,0.2977,,0.2977,0,262,-0.0011,7.88,7.87,7.86,7.8,2026-10-05,3,False
LI,Consumer Discretionary,Auto Manufacturers,BB,BB 跌破下軌 (超賣),None,0.0,0.45499999999999996,0.2974,,0.2974,0,733,0.0008,10.69,10.7,10.71,10.58,2026-10-02,3,False
TRMB,Information Technology,Scientific & Technical Instruments,RSI,RSI 加速上升,None,0.0,0.5525,0.2971,0.2971,0.3693,138,10688,-0.0007,58.81,58.77,58.73,58.22,2026-10-05,3,False
AER,Industrials,Rental & Leasing Services,BB,價格在 BB 中軌上方,None,0.0,0.425,0.295,,0.295,0,22337,0.0034,143.29,143.78,144.26,141.86,2026-10-05,3,False
FERG,Industrials,Industrial Distribution,BB,價格在 BB 中軌上方,None,0.0,0.425,0.295,,0.295,0,22337,0.0034,222.93,223.69,224.45,220.7,2026-10-05,3,False
WMS,Industrials,Building Products & Equipment,BB,價格在 BB 中軌上方,None,0.0,0.425,0.295,,0.295,0,22337,0.0034,129.43,129.87,130.31,128.14,2026-10-05,3,False
COR,Health Care,Medical Distribution,RSI,RSI 上穿 50 中性線,None,0.0,0.4675,0.2941,0.2941,0.3144,17,1323,0.0057,314.93,316.73,318.52,311.78,2026-10-05,3,False
GEN,Information Technology,Software - Infrastructure,RSI,RSI 維持超賣,None,0.0,0.385,0.2941,0.2941,0.3605,17,663,0.0115,21.99,22.24,22.5,21.77,2026-10-02,3,False
ES,Utilities,Utilities - Regulated Electric,RSI,RSI 加速上升,None,0.0,0.5525,0.293,0.293,0.2565,157,4905,0.0005,64.69,64.72,64.75,64.04,2026-10-05,3,False
PCG,Utilities,Utilities - Regulated Electric,RSI,RSI 加速上升,None,0.0,0.5525,0.2929,0.2929,0.2565,140,4905,0.0082,12.35,12.45,12.55,12.23,2026-10-05,3,False
EG,Financials,Insurance - Reinsurance,KDJ,KDJ 金叉,None,0.0,0.5525,0.2917,0.2917,0.3142,24,1932,-0.0106,368.27,364.37,360.46,364.59,2026-10-02,3,False
KO,Consumer Staples,Beverages - Non-Alcoholic,BB,BB 跌破下軌 (超賣),None,0.0,0.45499999999999996,0.2917,0.2917,0.2667,24,705,0.0024,85.65,85.86,86.06,84.79,2026-10-02,3,False
EL,Consumer Staples,Household & Personal Products,KDJ,KDJ 金叉,None,0.0,0.5525,0.2895,0.2895,0.2503,38,779,-0.0206,93.3,91.38,89.46,92.37,2026-10-05,3,False
PFG,Financials,Asset Management,BB,BB 中軌向上（上升趨勢）,None,0.0,0.51,0.2874,0.2874,0.2681,261,16575,-0.0004,112.24,112.2,112.15,111.12,2026-10-01,3,False
ADSK,Information Technology,Software - Application,RSI,RSI 加速上升,None,0.0,0.5525,0.2868,0.2868,0.3693,129,10688,-0.004,221.56,220.67,219.79,219.34,2026-10-05,3,False
RJF,Financials,Asset Management,RSI,RSI 加速上升,None,0.0,0.5525,0.2866,0.2866,0.3014,157,11488,0.0041,160.8,161.46,162.12,159.19,2026-10-05,3,False
AGNC,Real Estate,REIT - Mortgage,RSI,RSI 維持超賣,None,0.0,0.385,0.2861,,0.2861,0,346,0.0018,8.65,8.67,8.68,8.56,2026-10-05,3,False
REG,Real Estate,REIT - Retail,RSI,RSI 維持超賣,None,0.0,0.385,0.2861,,0.2861,0,346,0.0018,71.33,71.46,71.59,70.62,2026-10-05,3,False
TMUS,Communication Services,Telecom Services,KDJ,KDJ 金叉,Bullish Engulfing,0.75,1.0,0.2857,,0.2857,0,35,0.0016,163.64,163.9,164.16,162.0,2026-10-02,3,False
ERIE,Financials,Insurance Brokers,KDJ,KDJ 超賣區金叉,None,0.0,0.5599999999999999,0.2857,0.2857,0.299,14,612,-0.0148,221.46,218.18,214.9,219.25,2026-10-05,3,False
OXY,Energy,Oil & Gas E&P,RSI,RSI 加速上升,None,0.0,0.5525,0.2857,0.2857,0.3227,154,3306,-0.0042,58.31,58.07,57.82,57.73,2026-10-05,3,False
EXPD,Industrials,Integrated Freight & Logistics,RSI,RSI 動能加速（強勢區）,None,0.0,0.51,0.2857,0.2857,0.2891,35,3037,-0.0007,192.47,192.34,192.2,190.55,2026-10-02,3,False
DHI,Consumer Discretionary,Residential Construction,BB,BB 跌破下軌 (超賣),None,0.0,0.45499999999999996,0.2857,0.2857,0.3556,7,239,-0.0115,133.23,131.7,130.17,131.9,2026-10-05,3,True
TROW,Financials,Asset Management,BB,價格在 BB 中軌上方,None,0.0,0.425,0.2857,0.2857,0.2847,245,21689,0.0049,105.83,106.35,106.87,104.77,2026-10-01,3,False
CNP,Utilities,Utilities - Regulated Electric,MACD,MACD 金叉 (空頭區),None,0.0,0.42,0.2857,0.2857,0.2494,14,409,0.007,37.79,38.05,38.32,37.41,2026-10-02,3,False
LVS,Consumer Discretionary,Resorts & Casinos,RSI,RSI 維持超賣,None,0.0,0.385,0.2857,0.2857,0.3894,28,565,-0.0051,36.61,36.42,36.24,36.24,2026-10-05,3,False
ALC,Health Care,Medical Instruments & Supplies,KDJ,KDJ 金叉,None,0.0,0.5525,0.2852,,0.2852,0,1536,0.0022,64.33,64.47,64.61,63.69,2026-10-05,3,False
CRSP,Health Care,Biotechnology,KDJ,KDJ 金叉,None,0.0,0.5525,0.2852,,0.2852,0,1536,0.0022,57.34,57.47,57.59,56.77,2026-10-05,3,False
ELAN,Health Care,Drug Manufacturers - Specialty & Generic,KDJ,KDJ 金叉,None,0.0,0.5525,0.2852,,0.2852,0,1536,0.0022,22.51,22.56,22.61,22.28,2026-10-05,3,False
FMS,Health Care,Medical Care Facilities,KDJ,KDJ 金叉,None,0.0,0.5525,0.2852,,0.2852,0,1536,0.0022,22.65,22.7,22.75,22.42,2026-10-05,3,False
JAZZ,Health Care,Biotechnology,KDJ,KDJ 金叉,None,0.0,0.5525,0.2852,,0.2852,0,1536,0.0022,235.67,236.19,236.71,233.31,2026-10-02,3,False
KRYS,Health Care,Biotechnology,KDJ,KDJ 金叉,None,0.0,0.5525,0.2852,,0.2852,0,1536,0.0022,334.85,335.59,336.32,331.5,2026-10-05,3,False
MOH,Health Care,Healthcare Plans,KDJ,KDJ 金叉,None,0.0,0.5525,0.2852,,0.2852,0,1536,0.0022,189.54,189.96,190.37,187.64,2026-10-02,3,False
SNN,Health Care,Medical Devices,KDJ,KDJ 金叉,None,0.0,0.5525,0.2852,,0.2852,0,1536,0.0022,26.92,26.98,27.04,26.65,2026-10-05,3,False
TEVA,Health Care,Drug Manufacturers - Specialty & Generic,KDJ,KDJ 金叉,None,0.0,0.5525,0.2852,,0.2852,0,1536,0.0022,39.66,39.75,39.83,39.26,2026-10-05,3,False
PS,Financials,Asset Management,BB,價格在 BB 中軌上方,None,0.0,0.425,0.2847,,0.2847,0,21689,0.0031,54.87,55.04,55.21,54.32,2026-10-05,3,False
ARWR,Health Care,Biotechnology,RSI,RSI 超賣區域 (30),None,0.0,0.5249999999999999,0.2827,,0.2827,0,336,-0.0013,62.35,62.27,62.19,61.73,2026-10-05,3,False
AXSM,Health Care,Biotechnology,RSI,RSI 超賣區域 (30),None,0.0,0.5249999999999999,0.2827,,0.2827,0,336,-0.0013,177.08,176.85,176.62,175.31,2026-10-05,3,False
CYTK,Health Care,Biotechnology,RSI,RSI 超賣區域 (30),None,0.0,0.5249999999999999,0.2827,,0.2827,0,336,-0.0013,62.7,62.62,62.54,62.07,2026-10-05,3,False
HLN,Health Care,Drug Manufacturers - Specialty & Generic,RSI,RSI 超賣區域 (30),None,0.0,0.5249999999999999,0.2827,,0.2827,0,336,-0.0013,8.72,8.71,8.7,8.63,2026-10-01,3,False
AJG,Financials,Insurance Brokers,RSI,RSI 加速上升,None,0.0,0.5525,0.2816,0.2816,0.3014,174,11488,0.0008,231.82,232.01,232.19,229.5,2026-10-01,3,False
COO,Health Care,Medical Instruments & Supplies,RSI,RSI 加速上升,None,0.0,0.5525,0.2808,0.2808,0.2803,146,8492,-0.0015,56.91,56.82,56.74,56.34,2026-10-02,3,False
BRKRP,Health Care,Medical Devices,BB,價格在 BB 中軌上方,None,0.0,0.425,0.2804,,0.2804,0,14417,0.0008,466.08,466.45,466.83,461.42,2026-10-05,3,False
EXEL,Health Care,Biotechnology,BB,價格在 BB 中軌上方,None,0.0,0.425,0.2804,,0.2804,0,14417,0.0008,58.85,58.9,58.94,58.26,2026-10-05,3,False
GH,Health Care,Diagnostics & Research,BB,價格在 BB 中軌上方,None,0.0,0.425,0.2804,,0.2804,0,14417,0.0008,177.8,177.94,178.08,176.02,2026-10-02,3,False
ILMN,Health Care,Diagnostics & Research,BB,價格在 BB 中軌上方,None,0.0,0.425,0.2804,,0.2804,0,14417,0.0008,293.69,293.92,294.16,290.75,2026-10-05,3,False
NTRA,Health Care,Diagnostics & Research,BB,價格在 BB 中軌上方,None,0.0,0.425,0.2804,,0.2804,0,14417,0.0008,425.64,425.98,426.32,421.38,2026-10-05,3,False
ONC,Health Care,Biotechnology,BB,價格在 BB 中軌上方,None,0.0,0.425,0.2804,,0.2804,0,14417,0.0008,361.65,361.94,362.23,358.03,2026-10-05,3,False
SMMT,Health Care,Biotechnology,BB,價格在 BB 中軌上方,None,0.0,0.425,0.2804,,0.2804,0,14417,0.0008,17.27,17.28,17.3,17.1,2026-10-05,3,False
BBIO,Health Care,Biotechnology,RSI,RSI 加速上升,None,0.0,0.5525,0.2803,,0.2803,0,8492,-0.0001,67.25,67.24,67.24,66.58,2026-10-02,3,False
JCI,Industrials,Building Products & Equipment,RSI,RSI 加速上升,Consolidation Breakout,0.72,1.0,0.28,0.28,0.2275,25,1543,0.005,156.85,157.63,158.42,155.28,2026-10-05,3,False
STZ,Consumer Staples,Beverages - Brewers,RSI,RSI 維持超賣,None,0.0,0.385,0.2791,0.2791,0.2366,43,744,0.001,113.31,113.42,113.54,112.18,2026-10-05,3,False
SNEX,Financials,Capital Markets,MACD,MACD 金叉 (空頭區),Bullish Engulfing,0.75,0.945,0.2778,,0.2778,0,18,-0.0001,65.81,65.8,65.8,65.15,2026-10-02,3,False
LYB,Materials,Specialty Chemicals,KDJ,KDJ 超賣區金叉,None,0.0,0.5599999999999999,0.2778,0.2778,0.3156,18,225,-0.0053,57.78,57.47,57.17,57.2,2026-10-01,3,False
ROST,Consumer Discretionary,Apparel Retail,BB,價格在 BB 中軌上方,None,0.0,0.425,0.2765,0.2765,0.2984,311,12430,0.0058,234.1,235.46,236.82,231.76,2026-10-01,3,False
ROP,Information Technology,Software - Application,KDJ,KDJ 金叉,None,0.0,0.5525,0.2759,0.2759,0.3918,29,1955,-0.001,361.68,361.32,360.96,358.06,2026-10-01,3,False
DUK,Utilities,Utilities - Regulated Electric,RSI,RSI 超賣區域 (30),None,0.0,0.5249999999999999,0.2759,,0.2759,0,116,-0.003,113.74,113.4,113.06,112.6,2026-10-01,3,False
KR,Consumer Staples,Grocery Stores,RSI,RSI 上穿 50 中性線,None,0.0,0.4675,0.2759,0.2759,0.2565,29,928,0.0071,59.48,59.9,60.32,58.89,2026-10-01,3,False
PNR,Industrials,Specialty Industrial Machinery,RSI,RSI 加速上升,None,0.0,0.5525,0.2756,0.2756,0.2981,156,11545,0.0015,52.88,52.96,53.04,52.35,2026-10-01,3,False
ALNY,Health Care,Biotechnology,BB,BB 跌破下軌 (超賣),None,0.0,0.45499999999999996,0.2752,,0.2752,0,974,-0.0017,219.89,219.52,219.14,217.69,2026-10-05,3,False
ARGX,Health Care,Biotechnology,BB,BB 跌破下軌 (超賣),None,0.0,0.45499999999999996,0.2752,,0.2752,0,974,-0.0017,912.87,911.32,909.77,903.74,2026-10-05,3,False
PHG,Health Care,Medical Devices,BB,BB 跌破下軌 (超賣),None,0.0,0.45499999999999996,0.2752,,0.2752,0,974,-0.0017,23.81,23.77,23.73,23.57,2026-10-01,3,False
IONS,Health Care,Biotechnology,MACD,MACD 金叉 (空頭區),None,0.0,0.42,0.2741,,0.2741,0,686,-0.0003,43.54,43.53,43.51,43.1,2026-10-02,3,False
WY,Real Estate,REIT - Specialty,RSI,RSI 維持超賣,None,0.0,0.385,0.2727,0.2727,0.2861,11,346,0.0105,18.49,18.68,18.88,18.31,2026-10-05,3,False
ADBE,Information Technology,Software - Application,RSI,RSI 加速上升,None,0.0,0.5525,0.2713,0.2713,0.3693,188,10688,-0.007,238.79,237.12,235.45,236.4,2026-10-05,3,False
ADM,Consumer Staples,Farm Products,RSI,RSI 加速上升,None,0.0,0.5525,0.2706,0.2706,0.2439,170,5343,-0.0034,82.47,82.19,81.91,81.65,2026-10-05,3,False
ROIV,Health Care,Biotechnology,BB,BB 中軌向上（上升趨勢）,None,0.0,0.51,0.2705,,0.2705,0,10885,0.0002,35.78,35.79,35.79,35.42,2026-10-05,3,False
PNW,Utilities,Utilities - Regulated Electric,RSI,RSI 上穿 50 中性線,None,0.0,0.4675,0.2703,0.2703,0.2521,37,932,0.0038,95.92,96.28,96.65,94.96,2026-10-02,3,False
CINF,Financials,Insurance - Property & Casualty,RSI,RSI 加速上升,None,0.0,0.5525,0.2701,0.2701,0.3014,174,11488,0.0023,162.14,162.51,162.89,160.52,2026-10-05,3,False
CB,Financials,Insurance - Property & Casualty,KDJ,KDJ 金叉,None,0.0,0.5525,0.2692,0.2692,0.3142,26,1932,0.0005,331.3,331.47,331.63,327.99,2026-10-01,3,False
EXC,Utilities,Utilities - Regulated Electric,RSI,RSI 維持超賣,None,0.0,0.385,0.2692,,0.2692,0,260,0.0024,40.47,40.57,40.66,40.07,2026-10-01,3,False
LOW,Consumer Discretionary,Home Improvement Retail,RSI,RSI 維持超賣,None,0.0,0.385,0.2692,0.2692,0.3894,26,565,0.0075,179.5,180.85,182.19,177.71,2026-10-05,3,False
CRM,Information Technology,Software - Application,RSI,RSI 維持強勢 (50-70),None,0.0,0.51,0.2691,0.2691,0.3645,249,16764,-0.002,234.69,234.22,233.75,232.34,2026-10-02,3,False
CSCO,Information Technology,Communication Equipment,RSI,RSI 維持強勢 (50-70),None,0.0,0.51,0.2687,0.2687,0.3645,320,16764,0.004,112.2,112.65,113.1,111.08,2026-10-02,3,False
BAP,Financials,Banks - Regional,BB,BB 中軌向上（上升趨勢）,None,0.0,0.51,0.2681,,0.2681,0,16575,0.0026,378.35,379.33,380.32,374.57,2026-10-01,3,False
HUT,Financials,Capital Markets,BB,BB 中軌向上（上升趨勢）,None,0.0,0.51,0.2681,,0.2681,0,16575,0.0026,89.27,89.5,89.73,88.38,2026-10-05,3,False
IREN,Financials,Capital Markets,BB,BB 中軌向上（上升趨勢）,None,0.0,0.51,0.2681,,0.2681,0,16575,0.0026,40.48,40.59,40.69,40.08,2026-10-05,3,False
RIOT,Financials,Capital Markets,BB,BB 中軌向上（上升趨勢）,None,0.0,0.51,0.2681,,0.2681,0,16575,0.0026,19.73,19.78,19.83,19.53,2026-10-02,3,False
EIX,Utilities,Utilities - Regulated Electric,RSI,RSI 加速上升,None,0.0,0.5525,0.2675,0.2675,0.2565,157,4905,0.0011,54.24,54.3,54.36,53.7,2026-10-05,3,False
BTI,Consumer Staples,Tobacco,BB,BB 跌破下軌 (超賣),None,0.0,0.45499999999999996,0.2667,,0.2667,0,705,0.0039,52.64,52.85,53.05,52.11,2026-10-02,3,False
DEO,Consumer Staples,Beverages - Wineries & Distilleries,BB,BB 跌破下軌 (超賣),None,0.0,0.45499999999999996,0.2667,,0.2667,0,705,0.0039,83.97,84.3,84.62,83.13,2026-10-05,3,False
DIS,Communication Services,Entertainment,BB,BB 跌破下軌 (超賣),None,0.0,0.45499999999999996,0.2667,0.2667,0.33,15,397,-0.0067,101.33,100.65,99.97,100.32,2026-10-01,3,False
FMX,Consumer Staples,Beverages - Brewers,BB,BB 跌破下軌 (超賣),None,0.0,0.45499999999999996,0.2667,,0.2667,0,705,0.0039,115.19,115.64,116.09,114.04,2026-10-01,3,False
MICC,Consumer Staples,Packaged Foods,BB,BB 跌破下軌 (超賣),None,0.0,0.45499999999999996,0.2667,,0.2667,0,705,0.0039,17.11,17.18,17.24,16.94,2026-10-05,3,False
DLR,Real Estate,REIT - Specialty,RSI,RSI 加速上升,None,0.0,0.5525,0.2658,0.2658,0.2327,158,4401,-0.0017,179.87,179.56,179.26,178.07,2026-10-05,3,False
AMGN,Health Care,Drug Manufacturers - General,RSI,RSI 維持強勢 (50-70),None,0.0,0.51,0.2639,0.2639,0.2772,216,12123,0.0032,407.27,408.57,409.88,403.2,2026-10-01,3,False
EW,Health Care,Medical Devices,KDJ,KDJ 金叉,None,0.0,0.5525,0.2609,0.2609,0.2852,23,1536,0.0038,87.23,87.56,87.89,86.36,2026-10-05,3,False
PGR,Financials,Insurance - Property & Casualty,BB,價格在 BB 中軌上方,None,0.0,0.425,0.2593,0.2593,0.2847,297,21689,0.0037,212.62,213.41,214.19,210.49,2026-10-05,3,False
ACGL,Financials,Insurance - Diversified,KDJ,KDJ 金叉,None,0.0,0.5525,0.2581,0.2581,0.3142,31,1932,-0.0009,93.6,93.52,93.43,92.66,2026-10-02,3,False
SRE,Utilities,Utilities - Diversified,RSI,RSI 加速上升,None,0.0,0.5525,0.2569,0.2569,0.2565,144,4905,-0.0054,78.16,77.74,77.32,77.38,2026-10-05,3,False
EMA,Utilities,Utilities - Regulated Electric,RSI,RSI 加速上升,None,0.0,0.5525,0.2565,,0.2565,0,4905,0.0041,47.88,48.08,48.27,47.4,2026-10-05,3,False
NGG,Utilities,Utilities - Regulated Electric,RSI,RSI 加速上升,None,0.0,0.5525,0.2565,,0.2565,0,4905,0.0041,76.02,76.33,76.64,75.26,2026-10-05,3,False
PPLC,Utilities,Utilities - Regulated Electric,RSI,RSI 加速上升,None,0.0,0.5525,0.2565,,0.2565,0,4905,0.0041,44.81,44.99,45.18,44.36,2026-10-05,3,False
SOMN,Utilities,Utilities - Regulated Electric,RSI,RSI 加速上升,None,0.0,0.5525,0.2565,,0.2565,0,4905,0.0041,45.15,45.34,45.52,44.7,2026-10-05,3,False
TLN,Utilities,Utilities - Independent Power Producers,RSI,RSI 加速上升,None,0.0,0.5525,0.2565,,0.2565,0,4905,0.0041,331.87,333.23,334.59,328.55,2026-10-05,3,False
COKE,Consumer Staples,Beverages - Non-Alcoholic,RSI,RSI 上穿 50 中性線,None,0.0,0.4675,0.2565,,0.2565,0,928,0.0005,192.04,192.14,192.23,190.12,2026-10-02,3,False
EDU,Consumer Staples,Education & Training Services,RSI,RSI 上穿 50 中性線,None,0.0,0.4675,0.2565,,0.2565,0,928,0.0005,56.31,56.34,56.37,55.75,2026-10-05,3,False
BBY,Consumer Discretionary,Specialty Retail,BB,BB 中軌向上（上升趨勢）,None,0.0,0.51,0.2521,0.2521,0.2908,119,9757,-0.0116,87.39,86.38,85.36,86.52,2026-10-05,3,False
AGNCL,Real Estate,REIT - Mortgage,RSI,RSI 維持強勢 (50-70),None,0.0,0.51,0.2509,,0.2509,0,7011,0.0007,25.12,25.14,25.16,24.87,2026-10-05,3,False
BPYPO,Real Estate,Real Estate Services,RSI,RSI 維持強勢 (50-70),None,0.0,0.51,0.2509,,0.2509,0,7011,0.0007,15.065,15.08,15.09,14.91,2026-10-02,3,False
BPYPP,Real Estate,Real Estate Services,RSI,RSI 維持強勢 (50-70),None,0.0,0.51,0.2509,,0.2509,0,7011,0.0007,15.85,15.86,15.87,15.69,2026-10-01,3,False
USFD,Consumer Staples,Food Distribution,KDJ,KDJ 金叉,None,0.0,0.5525,0.2503,,0.2503,0,779,-0.0014,93.93,93.8,93.67,92.99,2026-10-01,3,False
CF,Materials,Agricultural Inputs,KDJ,KDJ 超賣區金叉,None,0.0,0.5599999999999999,0.25,0.25,0.3156,12,225,-0.0007,114.54,114.46,114.38,113.39,2026-10-01,3,False
OMC,Communication Services,Advertising Agencies,KDJ,KDJ 超賣區金叉,None,0.0,0.5599999999999999,0.25,0.25,0.2339,16,171,-0.0099,74.7,73.96,73.22,73.95,2026-10-01,3,False
CL,Consumer Staples,Household & Personal Products,KDJ,KDJ 金叉,None,0.0,0.5525,0.25,0.25,0.2503,20,779,0.0048,86.19,86.6,87.02,85.33,2026-10-05,3,False
GM,Consumer Discretionary,Auto Manufacturers,KDJ,KDJ 金叉,None,0.0,0.5525,0.25,0.25,0.3183,24,1244,0.0012,80.23,80.33,80.42,79.43,2026-10-05,3,False
ICE,Financials,Financial Data & Stock Exchanges,KDJ,KDJ 金叉,None,0.0,0.5525,0.25,0.25,0.3142,36,1932,0.0058,152.15,153.03,153.91,150.63,2026-10-05,3,False
OKE,Energy,Oil & Gas Midstream,RSI,RSI 加速上升,None,0.0,0.5525,0.25,0.25,0.3227,160,3306,-0.0022,88.58,88.39,88.19,87.69,2026-10-05,3,False
V,Financials,Credit Services,RSI,RSI 上穿 50 中性線,None,0.0,0.4675,0.25,0.25,0.3091,24,1899,0.0061,369.71,371.97,374.22,366.01,2026-10-05,3,False
OHI,Real Estate,REIT - Healthcare Facilities,BB,BB 跌破下軌 (超賣),None,0.0,0.45499999999999996,0.25,,0.25,0,564,-0.0003,45.23,45.22,45.2,44.78,2026-10-01,3,False
KMB,Consumer Staples,Household & Personal Products,RSI,RSI 維持超賣,None,0.0,0.385,0.25,0.25,0.2366,12,744,0.0048,94.36,94.81,95.27,93.42,2026-10-02,3,False
KEP,Utilities,Utilities - Regulated Electric,MACD,MACD 金叉 (空頭區),None,0.0,0.42,0.2494,,0.2494,0,409,0.0045,11.17,11.22,11.27,11.06,2026-10-05,3,False
BPYPN,Real Estate,Real Estate Services,BB,價格在 BB 中軌上方,None,0.0,0.425,0.248,,0.248,0,8032,0.0005,13.54,13.55,13.55,13.4,2026-10-02,3,False
BRO,Financials,Insurance Brokers,RSI,RSI 加速上升,None,0.0,0.5525,0.2458,0.2458,0.3014,179,11488,-0.0017,60.93,60.83,60.72,60.32,2026-10-05,3,False
CPB,Consumer Staples,Packaged Foods,RSI,RSI 加速上升,None,0.0,0.5525,0.2439,,0.2439,0,5343,-0.0002,19.62,19.62,19.61,19.42,2026-10-02,3,False
PFGC,Consumer Staples,Food Distribution,RSI,RSI 加速上升,None,0.0,0.5525,0.2439,,0.2439,0,5343,-0.0002,92.58,92.56,92.54,91.65,2026-10-05,3,False
SYK,Health Care,Medical Devices,RSI,RSI 加速上升,None,0.0,0.5525,0.2434,0.2434,0.2803,152,8492,-0.0002,285.22,285.16,285.11,282.37,2026-10-05,3,False
AXON,Industrials,Aerospace & Defense,KDJ,KDJ 超賣區金叉,None,0.0,0.5599999999999999,0.2433,,0.2433,0,563,0.0001,422.21,422.25,422.29,417.99,2026-10-01,3,False
EBAY,Consumer Discretionary,Internet Retail,KDJ,KDJ 金叉,None,0.0,0.5525,0.2432,0.2432,0.3183,37,1244,-0.0012,107.14,107.01,106.88,106.07,2026-10-05,3,False
WDAY,Information Technology,Software - Application,RSI,RSI 上穿 50 中性線,Bullish Engulfing,0.75,0.9735000000000001,0.2429,,0.2429,0,70,-0.0027,188.96,188.45,187.94,187.07,2026-10-05,3,False
APD,Materials,Specialty Chemicals,RSI,RSI 加速上升,None,0.0,0.5525,0.2414,0.2414,0.3048,145,3639,-0.0001,279.45,279.42,279.39,276.66,2026-10-05,3,False
TSCO,Consumer Discretionary,Specialty Retail,KDJ,KDJ 金叉,None,0.0,0.5525,0.2414,0.2414,0.3183,29,1244,-0.0053,31.73,31.56,31.39,31.41,2026-10-01,3,False
XOM,Energy,Oil & Gas Integrated,BB,價格在 BB 中軌上方,None,0.0,0.425,0.2409,0.2409,0.2998,328,5768,-0.0037,164.0,163.39,162.79,162.36,2026-10-05,3,False
CHD,Consumer Staples,Household & Personal Products,KDJ,KDJ 金叉,None,0.0,0.5525,0.24,0.24,0.2503,25,779,-0.003,95.66,95.37,95.09,94.7,2026-10-05,3,False
LH,Health Care,Diagnostics & Research,KDJ,KDJ 金叉,None,0.0,0.5525,0.24,0.24,0.2852,25,1536,0.0023,308.49,309.2,309.91,305.41,2026-10-02,3,False
MRK,Health Care,Drug Manufacturers - General,BB,BB 跌破下軌 (超賣),None,0.0,0.45499999999999996,0.24,0.24,0.2752,25,974,0.0003,139.54,139.58,139.62,138.14,2026-10-05,3,False
VICI,Real Estate,REIT - Diversified,RSI,RSI 維持超賣,None,0.0,0.385,0.24,0.24,0.2861,25,346,-0.0075,22.53,22.36,22.19,22.3,2026-10-05,3,False
MA,Financials,Credit Services,BB,價格在 BB 中軌上方,None,0.0,0.425,0.2391,0.2391,0.2847,297,21689,0.0009,564.59,565.1,565.61,558.94,2026-10-05,3,False
SEIC,Financials,Asset Management,KDJ,KDJ 金叉,Bullish Engulfing,0.75,1.0,0.2361,,0.2361,0,72,-0.0075,103.87,103.09,102.31,102.83,2026-10-01,3,False
ALLE,Industrials,Security & Protection Services,BB,價格在 BB 中軌上方,None,0.0,0.425,0.2348,0.2348,0.295,247,22337,-0.0015,153.67,153.44,153.21,152.13,2026-10-05,3,False
CHTR,Communication Services,Telecom Services,KDJ,KDJ 超賣區金叉,None,0.0,0.5599999999999999,0.2339,,0.2339,0,171,-0.0015,111.37,111.2,111.04,110.26,2026-10-01,3,False
SPOT,Communication Services,Internet Content & Information,KDJ,KDJ 超賣區金叉,None,0.0,0.5599999999999999,0.2339,,0.2339,0,171,-0.0015,483.05,482.33,481.6,478.22,2026-10-05,3,False
AEM,Materials,Gold,BB,BB 跌破下軌 (超賣),None,0.0,0.45499999999999996,0.2333,,0.2333,0,403,0.0008,180.59,180.73,180.88,178.78,2026-10-01,3,False
RGLD,Materials,Gold,BB,BB 跌破下軌 (超賣),None,0.0,0.45499999999999996,0.2333,,0.2333,0,403,0.0008,231.855,232.04,232.23,229.54,2026-10-01,3,False
LAMR,Real Estate,REIT - Specialty,RSI,RSI 加速上升,None,0.0,0.5525,0.2327,,0.2327,0,4401,-0.0006,144.12,144.03,143.95,142.68,2026-10-02,3,False
SUI,Real Estate,REIT - Residential,RSI,RSI 加速上升,None,0.0,0.5525,0.2327,,0.2327,0,4401,-0.0006,111.84,111.77,111.71,110.72,2026-10-05,3,False
UPS,Industrials,Integrated Freight & Logistics,RSI,RSI 加速上升,None,0.0,0.5525,0.2317,0.2317,0.2981,164,11545,-0.0098,93.89,92.97,92.05,92.95,2026-10-01,3,False
IBM,Information Technology,Information Technology Services,KDJ,KDJ 超賣區金叉,None,0.0,0.5599999999999999,0.2308,,0.2308,0,26,-0.0426,225.62,216.01,206.4,223.36,2026-10-01,3,True
FE,Utilities,Utilities - Regulated Electric,RSI,RSI 加速上升,None,0.0,0.5525,0.2308,0.2308,0.3147,13,251,-0.0191,43.39,42.56,41.73,42.96,2026-10-01,3,True
AME,Industrials,Specialty Industrial Machinery,BB,BB 中軌向上（上升趨勢）,None,0.0,0.51,0.2308,0.2308,0.2929,234,17460,0.0045,251.92,253.05,254.19,249.4,2026-10-05,3,False
LNT,Utilities,Utilities - Regulated Electric,MACD,MACD 金叉 (空頭區),None,0.0,0.42,0.2308,0.2308,0.2494,13,409,0.0054,64.33,64.68,65.02,63.69,2026-10-02,3,False
NDSN,Industrials,Specialty Industrial Machinery,RSI,RSI 維持強勢 (50-70),Support,0.9,1.0,0.2281,,0.2281,0,57,-0.0022,329.02,328.3,327.57,325.73,2026-10-01,3,False
IVZ,Financials,Asset Management,KDJ,KDJ 金叉,None,0.0,0.5525,0.2273,0.2273,0.3142,22,1932,-0.0036,30.66,30.55,30.44,30.35,2026-10-02,3,False
EA,Communication Services,Electronic Gaming & Multimedia,BB,價格在 BB 中軌上方,None,0.0,0.425,0.2231,0.2231,0.3007,242,6080,0.0014,209.7,209.99,210.29,207.6,2026-08-07,3,False
PPG,Materials,Specialty Chemicals,KDJ,KDJ 金叉,None,0.0,0.5525,0.2222,0.2222,0.314,18,637,-0.008,105.27,104.43,103.59,104.22,2026-10-05,3,False
ZTS,Health Care,Drug Manufacturers - Specialty & Generic,KDJ,KDJ 金叉,None,0.0,0.5525,0.2222,0.2222,0.2852,18,1536,-0.0026,71.41,71.22,71.04,70.7,2026-10-05,3,False
DPZ,Consumer Discretionary,Restaurants,MACD,MACD 金叉 (空頭區),None,0.0,0.42,0.2222,0.2222,0.3233,9,529,-0.0039,295.0,293.85,292.7,292.05,2026-10-01,3,False
WRB,Financials,Insurance - Property & Casualty,MACD,MACD 金叉 (空頭區),None,0.0,0.42,0.2222,0.2222,0.3214,9,865,0.0056,68.98,69.37,69.75,68.29,2026-10-02,3,False
MKC,Consumer Staples,Packaged Foods,RSI,RSI 維持超賣,None,0.0,0.385,0.2222,0.2222,0.2366,18,744,0.0027,44.67,44.79,44.91,44.22,2026-10-02,3,False
PFE,Health Care,Drug Manufacturers - General,RSI,RSI 維持強勢 (50-70),None,0.0,0.51,0.2174,0.2174,0.2772,184,12123,-0.0036,28.12,28.02,27.92,27.84,2026-10-01,3,False
AMT,Real Estate,REIT - Specialty,BB,BB 跌破下軌 (超賣),None,0.0,0.45499999999999996,0.2174,0.2174,0.25,23,564,-0.0135,161.06,158.89,156.71,159.45,2026-10-01,3,False
VMC,Materials,Building Materials,RSI,RSI 加速上升,Support,0.9,1.0,0.2143,,,0,0,0.0049,243.98,245.18,246.37,241.54,2026-10-01,3,False
DRI,Consumer Discretionary,Restaurants,KDJ,KDJ 超賣區金叉,None,0.0,0.5599999999999999,0.2105,0.2105,0.3775,19,302,-0.0018,200.33,199.97,199.61,198.33,2026-10-02,3,False
MO,Consumer Staples,Tobacco,KDJ,KDJ 金叉,None,0.0,0.5525,0.2105,0.2105,0.2503,19,779,0.002,67.88,68.02,68.15,67.2,2026-10-05,3,False
PPL,Utilities,Utilities - Regulated Electric,RSI,RSI 加速上升,None,0.0,0.5525,0.2101,0.2101,0.2565,138,4905,0.0052,32.95,33.12,33.29,32.62,2026-10-05,3,False
MSI,Information Technology,Communication Equipment,RSI,RSI 加速上升,None,0.0,0.5525,0.2096,0.2096,0.3693,167,10688,-0.003,455.37,454.0,452.64,450.82,2026-10-05,3,False
WST,Health Care,Medical Instruments & Supplies,BB,BB 中軌向上（上升趨勢）,None,0.0,0.51,0.2086,0.2086,0.2705,187,10885,-0.0036,376.76,375.4,374.05,372.99,2026-10-05,3,False
WEC,Utilities,Utilities - Regulated Electric,RSI,RSI 加速上升,None,0.0,0.5525,0.2028,0.2028,0.2565,143,4905,0.0032,101.59,101.92,102.24,100.57,2026-10-02,3,False
CI,Health Care,Healthcare Plans,RSI,RSI 加速上升,Support,0.7,1.0,0.2,,0.2,0,10,-0.0082,267.96,265.76,263.57,265.28,2026-10-01,3,False
CVS,Health Care,Healthcare Plans,RSI,RSI 加速上升,Support,0.9,1.0,0.2,,0.2,0,10,-0.0082,85.2,84.5,83.8,84.35,2026-10-01,3,False
TYL,Information Technology,Software - Application,RSI,RSI 加速上升,None,0.0,0.5525,0.2,0.2,0.3693,115,10688,-0.0028,328.32,327.4,326.48,325.04,2026-10-05,3,False
LMT,Industrials,Aerospace & Defense,BB,BB 跌破下軌 (超賣),None,0.0,0.45499999999999996,0.2,0.2,0.2838,20,1258,-0.019,505.5,495.9,486.29,500.44,2026-10-01,3,False
SO,Utilities,Utilities - Regulated Electric,RSI,RSI 加速上升,None,0.0,0.5525,0.1957,0.1957,0.2565,138,4905,0.0005,83.79,83.83,83.87,82.95,2026-10-05,3,False
CMS,Utilities,Utilities - Regulated Electric,RSI,RSI 加速上升,None,0.0,0.5525,0.1955,0.1955,0.2565,133,4905,0.0025,64.03,64.19,64.35,63.39,2026-10-05,3,False
CSGP,Real Estate,Real Estate Services,RSI,RSI 加速上升,None,0.0,0.5525,0.1926,0.1926,0.2327,135,4401,-0.0132,27.66,27.29,26.93,27.38,2026-10-05,3,False
NWS,Communication Services,Entertainment,KDJ,KDJ 金叉,Morning Star,0.8,1.0,0.1875,,0.1875,0,32,-0.004,31.65,31.52,31.4,31.33,2026-10-02,3,False
NYT,Communication Services,Publishing,KDJ,KDJ 金叉,Morning Star,0.8,1.0,0.1875,,0.1875,0,32,-0.004,62.7,62.45,62.2,62.07,2026-10-02,3,False
VZ,Communication Services,Telecom Services,KDJ,KDJ 超賣區金叉,None,0.0,0.5599999999999999,0.1875,0.1875,0.2339,16,171,0.0013,45.85,45.91,45.97,45.39,2026-10-05,3,False
OTIS,Industrials,Specialty Industrial Machinery,KDJ,KDJ 金叉,None,0.0,0.5525,0.1875,0.1875,0.3223,32,2110,-0.0065,65.88,65.45,65.02,65.22,2026-10-05,3,False
EVRG,Utilities,Utilities - Regulated Electric,RSI,RSI 加速上升,None,0.0,0.5525,0.1818,0.1818,0.2565,165,4905,-0.0004,79.09,79.06,79.03,78.3,2026-10-05,3,False
SBUX,Consumer Discretionary,Restaurants,RSI,RSI 加速上升,None,0.0,0.5525,0.1818,0.1818,0.3117,143,6796,-0.0007,94.88,94.81,94.75,93.93,2026-10-01,3,False
STT,Financials,Asset Management,KDJ,KDJ 金叉,None,0.0,0.5525,0.1818,0.1818,0.3142,22,1932,-0.0034,175.96,175.36,174.76,174.2,2026-10-02,3,False
SJM,Consumer Staples,Packaged Foods,BB,BB 跌破下軌 (超賣),None,0.0,0.45499999999999996,0.1765,0.1765,0.2667,17,705,0.0028,115.95,116.27,116.6,114.79,2026-10-01,3,False
LIN,Materials,Specialty Chemicals,RSI,RSI 加速上升,None,0.0,0.5525,0.1748,0.1748,0.3048,143,3639,0.0005,482.38,482.62,482.86,477.56,2026-10-05,3,False
TAP,Consumer Staples,Beverages - Brewers,RSI,RSI 加速上升,None,0.0,0.5525,0.1727,0.1727,0.2439,139,5343,-0.0055,36.52,36.32,36.12,36.15,2026-10-05,3,False
BG,Consumer Staples,Farm Products,KDJ,KDJ 超賣區金叉,Bullish Engulfing,0.75,1.0,0.1667,,0.1667,0,12,-0.0007,106.61,106.54,106.46,105.54,2026-10-01,3,False
AEE,Utilities,Utilities - Regulated Electric,RSI,RSI 加速上升,None,0.0,0.5525,0.1636,0.1636,0.2565,165,4905,-0.0016,99.94,99.78,99.62,98.94,2026-10-02,3,False
HSIC,Health Care,Medical Distribution,KDJ,KDJ 金叉,None,0.0,0.5525,0.1538,0.1538,0.2852,13,1536,-0.0186,84.88,83.3,81.72,84.03,2026-10-02,3,False
MRSH,Financials,Insurance Brokers,RSI,RSI 加速上升,None,0.0,0.5525,0.1486,0.1486,0.3014,175,11488,-0.0025,170.43,170.0,169.58,168.73,2026-10-05,3,False
SPGI,Financials,Financial Data & Stock Exchanges,KDJ,KDJ 金叉,None,0.0,0.5525,0.1389,0.1389,0.3142,36,1932,-0.0058,390.92,388.65,386.39,387.01,2026-10-05,3,False
PEP,Consumer Staples,Beverages - Non-Alcoholic,RSI,RSI 維持超賣,None,0.0,0.385,0.1364,0.1364,0.2366,22,744,-0.0079,125.65,124.66,123.66,124.39,2026-10-05,3,False
ALL,Financials,Insurance - Property & Casualty,KDJ,KDJ 超賣區金叉,None,0.0,0.5599999999999999,0.125,0.125,0.299,8,612,-0.0123,223.74,220.99,218.24,221.5,2026-10-02,3,False
GEHC,Health Care,Medical Devices,BB,價格在 BB 中軌上方,Bullish Engulfing,0.75,0.9075,0.1,0.1,0.332,10,259,-0.0233,65.74,64.21,62.68,65.08,2026-10-05,3,False
DOC,Real Estate,REIT - Healthcare Facilities,RSI,RSI 超賣區域 (30),None,0.0,0.5249999999999999,0.0909,0.0909,0.3012,11,166,-0.0005,18.84,18.83,18.82,18.65,2026-10-05,3,False
MDT,Health Care,Medical Devices,KDJ,KDJ 金叉,Bullish Engulfing,0.75,1.0,0.087,,0.087,0,23,-0.0438,87.97,84.12,80.26,87.09,2026-10-05,3,True
REGN,Health Care,Biotechnology,BB,BB 跌破下軌 (超賣),None,0.0,0.45499999999999996,0.08,0.08,0.2752,25,974,-0.0058,734.81,730.55,726.29,727.46,2026-10-01,3,False
FANG,Energy,Oil & Gas E&P,KDJ,KDJ 金叉,Bullish Engulfing,0.75,1.0,0.0667,,0.0667,0,15,-0.0176,185.51,182.25,178.98,183.65,2026-10-01,3,False
PSA,Real Estate,REIT - Industrial,KDJ,KDJ 超賣區金叉,None,0.0,0.5599999999999999,0.0,0.0,0.2366,7,448,-0.0137,283.81,279.92,276.03,280.97,2026-10-02,3,False
