symbol,sector,subsector,indicator,signal,pattern,pattern_conf,confidence,win_rate,win_rate_stock,win_rate_sector,stock_n,sector_n,avg_return,price,tp1_price,tp2_price,sl_price,date,tier,volume_confirmed
SNX,Information Technology,Electronics & Computer Distribution,BB,BB 跌破下軌 (超賣),Morning Star,0.8,1.0,0.75,,0.75,0,16,0.0466,235.67,246.65,257.63,233.31,2026-07-07,1,True
HUT,Financials,Capital Markets,BB,BB 跌破下軌 (超賣),Bullish Engulfing,0.75,1.0,0.7059,,0.7059,0,34,0.0562,96.74,102.18,107.61,95.77,2026-07-07,1,False
FLEX,Information Technology,Electronic Components,BB,BB 跌破下軌 (超賣),Bullish Engulfing,0.75,1.0,0.6863,,0.6863,0,51,0.0442,131.52,137.33,143.15,130.2,2026-07-07,1,False
GFS,Information Technology,Semiconductors,BB,BB 跌破下軌 (超賣),Bullish Engulfing,0.75,1.0,0.6863,,0.6863,0,51,0.0442,65.84,68.75,71.66,65.18,2026-07-07,1,False
LITE,Information Technology,Communication Equipment,BB,BB 跌破下軌 (超賣),Bullish Engulfing,0.75,1.0,0.6863,,0.6863,0,51,0.0442,698.91,729.8,760.69,691.92,2026-07-07,1,False
BKR,Energy,Oil & Gas Equipment & Services,RSI,RSI 維持超賣,Morning Star,0.8,0.9,0.6667,,0.6667,0,12,0.033,53.25,55.01,56.76,52.72,2026-07-06,1,False
HAL,Energy,Oil & Gas Equipment & Services,RSI,RSI 維持超賣,Morning Star,0.8,0.9,0.6667,,0.6667,0,12,0.033,33.0,34.09,35.18,32.67,2026-07-06,1,False
DY,Industrials,Engineering & Construction,BB,BB 跌破下軌 (超賣),Bullish Engulfing,0.75,1.0,0.5682,,0.5682,0,44,0.0295,413.15,425.34,437.53,409.02,2026-07-07,1,False
WCC,Industrials,Industrial Distribution,BB,BB 跌破下軌 (超賣),Bullish Engulfing,0.75,1.0,0.5682,,0.5682,0,44,0.0295,307.21,316.27,325.34,304.14,2026-07-07,1,False
TGT,Consumer Staples,Discount Stores,RSI,RSI 上穿 50 中性線,Morning Star,0.8,0.9900000000000001,0.5625,,0.5625,0,32,0.0236,132.42,135.55,138.67,131.1,2026-07-08,1,False
CRWD,Information Technology,Software - Infrastructure,BB,BB 中軌向上（上升趨勢）,None,0.0,0.51,0.6087,0.6087,0.4238,23,1083,0.0567,194.62,205.65,216.69,192.67,2026-07-07,2,True
DD,Materials,Specialty Chemicals,BB,BB 中軌向上（上升趨勢）,None,0.0,0.51,0.5,0.5,0.3886,10,229,0.026,139.61,143.24,146.87,138.21,2026-07-07,2,True
SOLS,Materials,Specialty Chemicals,RSI,RSI 超賣區域 (30),None,0.0,0.5249999999999999,0.4722,,0.4722,0,36,0.0062,62.1,62.49,62.87,61.48,2026-07-07,2,True
ORLY,Consumer Discretionary,Auto Parts,BB,BB 跌破下軌 (超賣),Support,0.8,1.0,1.0,,1.0,0,5,0.1314,84.24,95.31,106.38,83.4,2026-07-06,3,False
STZ,Consumer Staples,Beverages - Brewers,BB,BB 跌破下軌 (超賣),Support,0.8,1.0,0.8393,,,0,0,0.067,130.68,139.44,148.19,129.37,2026-07-06,3,False
SNDK,Information Technology,Computer Hardware,BB,BB 中軌向上（上升趨勢）,Bullish Engulfing,0.75,1.0,0.8333,0.8333,0.3757,6,338,0.0697,1727.1801,1847.56,1967.95,1709.91,2026-07-08,3,False
VNOM,Energy,Oil & Gas Midstream,RSI,RSI 維持超賣,Support,0.9,0.93,0.7805,,,0,0,0.0493,40.48,42.48,44.47,40.08,2026-07-06,3,False
BCE,Communication Services,Telecom Services,RSI,RSI 維持超賣,Support,0.8,0.9,0.7805,,,0,0,0.0493,20.87,21.9,22.93,20.66,2026-07-06,3,False
STLD,Materials,Steel,KDJ,KDJ 超賣區金叉,Morning Star,0.8,1.0,0.75,,0.75,0,8,0.0222,227.07,232.11,237.15,224.8,2026-07-06,3,False
WDC,Information Technology,Computer Hardware,BB,BB 中軌向上（上升趨勢）,Bullish Engulfing,0.75,1.0,0.75,0.75,0.3757,8,338,0.0152,532.1,540.19,548.28,526.78,2026-07-07,3,False
DECK,Consumer Discretionary,Footwear & Accessories,RSI,RSI 上穿 50 中性線,None,0.0,0.4675,0.7,0.7,0.3072,10,1123,0.0376,105.67,109.64,113.62,104.61,2026-07-06,3,False
HWM,Industrials,Aerospace & Defense,BB,BB 中軌向上（上升趨勢）,Morning Star,0.8,1.0,0.6667,0.6667,0.5233,6,407,0.0198,277.91,283.41,288.92,275.13,2026-07-06,3,False
BX,Financials,Asset Management,MACD,MACD 金叉 (多頭區),None,0.0,0.68,0.6667,0.6667,0.2747,6,517,0.0139,123.42,125.14,126.85,122.19,2026-07-06,3,False
WDAY,Information Technology,Software - Application,MACD,MACD 突破 0 軸,None,0.0,0.595,0.6667,0.6667,0.4064,6,529,0.0364,143.65,148.88,154.11,142.21,2026-07-07,3,False
ORCL,Information Technology,Software - Infrastructure,RSI,RSI 超賣區域 (30),None,0.0,0.5249999999999999,0.6667,0.6667,0.3319,6,238,0.0349,141.6,146.54,151.48,140.18,2026-07-07,3,False
DVN,Energy,Oil & Gas E&P,MACD,MACD 金叉 (空頭區),None,0.0,0.42,0.6667,0.6667,0.3557,9,253,0.0314,43.31,44.67,46.03,42.88,2026-07-08,3,False
KKR,Financials,Asset Management,MACD,MACD 金叉 (空頭區),None,0.0,0.42,0.6667,0.6667,0.3214,12,865,-0.0015,95.97,95.83,95.68,95.01,2026-07-06,3,False
GOOG,Communication Services,Internet Content & Information,RSI,RSI 上穿 50 中性線,None,0.0,0.4675,0.6429,0.6429,0.3243,14,518,0.0133,364.9,369.75,374.61,361.25,2026-07-06,3,False
TS,Energy,Oil & Gas Equipment & Services,RSI,RSI 超賣區域 (30),Bullish Engulfing,0.75,1.0,0.641,,,0,0,0.0374,53.8,55.81,57.82,53.26,2026-07-06,3,False
AJG,Financials,Insurance Brokers,RSI,RSI 維持強勢 (50-70),Morning Star,0.8,1.0,0.625,0.625,0.4278,8,367,0.0262,256.61,263.33,270.06,254.04,2026-07-08,3,False
GOOGL,Communication Services,Internet Content & Information,RSI,RSI 上穿 50 中性線,None,0.0,0.4675,0.625,0.625,0.3243,16,518,0.0093,366.46,369.87,373.28,362.8,2026-07-06,3,False
TXN,Information Technology,Semiconductors,KDJ,KDJ 金叉,None,0.0,0.5525,0.6154,0.6154,0.3918,13,1955,0.0201,303.5,309.6,315.7,300.46,2026-07-06,3,False
TTE,Energy,Oil & Gas Integrated,RSI,RSI 維持超賣,None,0.0,0.385,0.6122,,0.6122,0,98,0.0203,76.31,77.86,79.41,75.55,2026-07-06,3,False
WYNN,Consumer Discretionary,Resorts & Casinos,KDJ,KDJ 超賣區金叉,Support,0.9,1.0,0.6,,,0,0,0.0304,95.89,98.81,101.72,94.93,2026-07-06,3,False
OKE,Energy,Oil & Gas Midstream,MACD,MACD 金叉 (多頭區),None,0.0,0.68,0.6,0.6,0.3125,5,144,0.0126,90.67,91.81,92.95,89.76,2026-07-07,3,False
APH,Information Technology,Electronic Components,KDJ,KDJ 金叉,None,0.0,0.5525,0.6,0.6,0.3918,30,1955,0.0138,158.61,160.8,162.99,157.02,2026-07-07,3,False
ANET,Information Technology,Computer Hardware,MACD,MACD 金叉 (空頭區),None,0.0,0.42,0.6,0.6,0.3767,5,754,0.0513,181.05,190.34,199.63,179.24,2026-07-08,3,False
VRT,Industrials,Electrical Equipment & Parts,RSI,RSI 維持強勢 (50-70),None,0.0,0.51,0.5753,0.5753,0.2986,365,19157,0.0264,317.81,326.2,334.59,314.63,2026-07-08,3,False
ALL,Financials,Insurance - Property & Casualty,MACD,MACD 突破 0 軸,None,0.0,0.595,0.5714,0.5714,0.3301,7,618,0.0185,251.17,255.82,260.46,248.66,2026-07-08,3,False
FIX,Industrials,Engineering & Construction,BB,BB 跌破下軌 (超賣),None,0.0,0.45499999999999996,0.5714,0.5714,0.2838,7,1258,0.0313,1683.4399,1736.13,1788.82,1666.61,2026-07-07,3,False
CDW,Information Technology,Information Technology Services,KDJ,KDJ 金叉,None,0.0,0.5525,0.5625,0.5625,0.3918,16,1955,0.0168,139.23,141.57,143.91,137.84,2026-07-07,3,False
INTC,Information Technology,Semiconductors,RSI,RSI 上穿 50 中性線,None,0.0,0.4675,0.5556,0.5556,0.3785,18,1593,0.0314,122.2,126.04,129.87,120.98,2026-07-06,3,False
COHR,Information Technology,Scientific & Technical Instruments,BB,BB 跌破下軌 (超賣),None,0.0,0.45499999999999996,0.5455,0.5455,0.3447,11,1001,0.0437,314.13,327.86,341.58,310.99,2026-07-07,3,False
AIG,Financials,Insurance - Diversified,MACD,MACD 金叉 (空頭區),None,0.0,0.42,0.5455,0.5455,0.3214,11,865,0.0184,79.62,81.09,82.55,78.82,2026-07-08,3,False
TRGP,Energy,Oil & Gas Midstream,KDJ,KDJ 金叉,None,0.0,0.5525,0.5417,0.5417,0.3614,24,498,0.0268,273.81,281.15,288.49,271.07,2026-07-07,3,False
BG,Consumer Staples,Farm Products,MACD,MACD 金叉 (空頭區),None,0.0,0.42,0.5385,0.5385,0.241,13,473,0.0184,115.23,117.35,119.47,114.08,2026-07-08,3,False
NVDA,Information Technology,Semiconductors,MACD,MACD 金叉 (空頭區),None,0.0,0.42,0.5385,0.5385,0.3767,13,754,0.0135,204.12,206.88,209.63,202.08,2026-07-08,3,False
CVNA,Consumer Discretionary,Auto & Truck Dealerships,RSI,RSI 加速上升,None,0.0,0.5525,0.5281,0.5281,0.3117,178,6796,0.0471,67.49,70.67,73.85,66.82,2026-07-07,3,False
TER,Information Technology,Semiconductor Equipment & Materials,BB,BB 中軌向上（上升趨勢）,None,0.0,0.51,0.5277,0.5277,0.3639,307,16781,0.0256,343.11,351.89,360.68,339.68,2026-07-07,3,False
DELL,Information Technology,Computer Hardware,KDJ,KDJ 金叉,None,0.0,0.5525,0.5263,0.5263,0.3918,38,1955,0.0391,431.97,448.86,465.75,427.65,2026-07-08,3,False
HPE,Information Technology,Communication Equipment,KDJ,KDJ 金叉,None,0.0,0.5525,0.5263,0.5263,0.3918,19,1955,0.0231,44.67,45.7,46.73,44.22,2026-07-08,3,False
BA,Industrials,Aerospace & Defense,BB,BB 中軌向上（上升趨勢）,None,0.0,0.51,0.52,0.52,0.2929,150,17460,0.0116,224.95,227.56,230.17,222.7,2026-07-08,3,False
GEV,Industrials,Specialty Industrial Machinery,BB,價格在 BB 中軌上方,None,0.0,0.425,0.5185,0.5185,0.295,297,22337,0.021,1070.99,1093.48,1115.97,1060.28,2026-07-08,3,False
HOOD,Financials,Capital Markets,BB,BB 中軌向上（上升趨勢）,None,0.0,0.51,0.5123,0.5123,0.2681,324,16575,0.0235,113.53,116.2,118.87,112.39,2026-07-08,3,False
DKNG,Consumer Discretionary,Gambling,MACD,MACD 突破 0 軸,Support,0.7,1.0,0.5,,,0,0,0.02,26.21,26.73,27.26,25.95,2026-07-06,3,False
GWW,Industrials,Industrial Distribution,BB,BB 中軌向上（上升趨勢）,Bullish Engulfing,0.75,1.0,0.5,0.5,0.4012,6,324,0.0111,1370.16,1385.37,1400.58,1356.46,2026-07-06,3,False
SMCI,Information Technology,Computer Hardware,KDJ,KDJ 超賣區金叉,Bullish Engulfing,0.75,1.0,0.5,,0.5,0,12,0.027,28.17,28.93,29.69,27.89,2026-07-08,3,False
SLB,Energy,Oil & Gas Equipment & Services,RSI,RSI 維持超賣,Bullish Engulfing,0.75,0.885,0.5,,0.5,0,10,0.0272,45.72,46.96,48.21,45.26,2026-07-06,3,False
NUE,Materials,Steel,KDJ,KDJ 超賣區金叉,None,0.0,0.5599999999999999,0.5,0.5,0.3156,6,225,0.0336,223.92,231.44,238.97,221.68,2026-07-06,3,False
C,Financials,Banks - Diversified,RSI,RSI 動能加速（強勢區）,None,0.0,0.51,0.5,0.5,0.279,52,3129,0.0151,143.86,146.03,148.2,142.42,2026-07-06,3,False
META,Communication Services,Internet Content & Information,RSI,RSI 上穿 50 中性線,None,0.0,0.4675,0.5,0.5,0.3243,26,518,0.019,600.29,611.7,623.1,594.29,2026-07-06,3,False
PLD,Real Estate,REIT - Industrial,RSI,RSI 上穿 50 中性線,None,0.0,0.4675,0.5,0.5,0.2311,18,818,0.0177,143.61,146.15,148.69,142.17,2026-07-07,3,False
AON,Financials,Insurance Brokers,MACD,MACD 金叉 (空頭區),None,0.0,0.42,0.5,0.5,0.3214,14,865,0.0143,357.51,362.62,367.73,353.93,2026-07-08,3,False
CTSH,Information Technology,Information Technology Services,MACD,MACD 金叉 (空頭區),None,0.0,0.42,0.5,0.5,0.3767,10,754,0.0101,43.94,44.38,44.83,43.5,2026-07-07,3,False
IT,Information Technology,Information Technology Services,MACD,MACD 金叉 (空頭區),None,0.0,0.42,0.5,0.5,0.3767,6,754,0.0128,135.11,136.84,138.57,133.76,2026-07-06,3,False
IBM,Information Technology,Information Technology Services,RSI,RSI 動能加速（強勢區）,None,0.0,0.51,0.4865,0.4865,0.366,37,2885,0.0224,299.52,306.23,312.94,296.52,2026-07-06,3,False
AXON,Industrials,Aerospace & Defense,KDJ,KDJ 金叉,None,0.0,0.5525,0.4828,0.4828,0.3223,29,2110,0.0384,622.35,646.25,670.15,616.13,2026-07-06,3,False
FANG,Energy,Oil & Gas E&P,RSI,RSI 上穿 50 中性線,None,0.0,0.4675,0.4828,0.4828,0.361,29,579,0.0161,186.6,189.6,192.61,184.73,2026-07-08,3,False
AMD,Information Technology,Semiconductors,RSI,RSI 維持強勢 (50-70),None,0.0,0.51,0.4798,0.4798,0.3645,198,16764,0.0209,517.41,528.22,539.04,512.24,2026-07-08,3,False
SYF,Financials,Credit Services,BB,BB 跌破下軌 (超賣),None,0.0,0.45499999999999996,0.4762,0.4762,0.3485,21,1277,0.0098,68.26,68.93,69.6,67.58,2026-07-08,3,False
NCLH,Consumer Discretionary,Travel Services,BB,BB 中軌向上（上升趨勢）,None,0.0,0.51,0.476,0.476,0.2908,208,9757,0.0148,18.47,18.74,19.02,18.29,2026-07-08,3,False
ARMK,Industrials,Specialty Business Services,RSI,RSI 維持強勢 (50-70),Morning Star,0.8,1.0,0.4725,,0.4725,0,436,0.0182,56.49,57.52,58.55,55.93,2026-07-08,3,False
IBKR,Financials,Capital Markets,KDJ,KDJ 金叉,None,0.0,0.5525,0.4688,0.4688,0.3142,32,1932,0.0122,95.99,97.16,98.33,95.03,2026-07-06,3,False
TPR,Consumer Discretionary,Luxury Goods,KDJ,KDJ 金叉,None,0.0,0.5525,0.4688,0.4688,0.3183,32,1244,0.0163,146.3,148.68,151.07,144.84,2026-07-07,3,False
PLTR,Information Technology,Software - Infrastructure,RSI,RSI 維持強勢 (50-70),None,0.0,0.51,0.4644,0.4644,0.3645,295,16764,0.0159,132.22,134.32,136.42,130.9,2026-07-08,3,False
CI,Health Care,Healthcare Plans,RSI,RSI 上穿 50 中性線,None,0.0,0.4675,0.4615,0.4615,0.3144,13,1323,0.017,286.62,291.49,296.37,283.75,2026-07-07,3,False
AAPL,Information Technology,Consumer Electronics,MACD,MACD 金叉 (空頭區),None,0.0,0.42,0.4615,0.4615,0.3767,13,754,0.0182,313.39,319.09,324.8,310.26,2026-07-08,3,False
H,Consumer Discretionary,Lodging,BB,BB 中軌向上（上升趨勢）,Morning Star,0.8,1.0,0.4599,,0.4599,0,237,0.0144,193.48,196.27,199.05,191.55,2026-07-06,3,False
GS,Financials,Capital Markets,RSI,RSI 上穿 50 中性線,None,0.0,0.4675,0.4583,0.4583,0.3091,24,1899,0.008,1055.29,1063.73,1072.17,1044.74,2026-07-06,3,False
COIN,Financials,Financial Data & Stock Exchanges,RSI,RSI 加速上升,None,0.0,0.5525,0.4551,0.4551,0.3014,178,11488,0.0117,159.36,161.22,163.09,157.77,2026-07-08,3,False
DPZ,Consumer Discretionary,Restaurants,RSI,RSI 上穿 50 中性線,None,0.0,0.4675,0.4545,0.4545,0.3072,11,1123,0.0179,313.14,318.75,324.35,310.01,2026-07-07,3,False
BLK,Financials,Asset Management,MACD,MACD 金叉 (空頭區),None,0.0,0.42,0.4545,0.4545,0.3214,11,865,0.0131,1009.43,1022.65,1035.88,999.34,2026-07-07,3,False
IVZ,Financials,Asset Management,RSI,RSI 上穿 50 中性線,None,0.0,0.4675,0.45,0.45,0.3091,20,1899,0.0058,27.83,27.99,28.15,27.55,2026-07-06,3,False
MU,Information Technology,Semiconductors,BB,BB 中軌向上（上升趨勢）,None,0.0,0.51,0.4448,0.4448,0.3639,326,16781,0.0259,984.75,1010.26,1035.76,974.9,2026-07-06,3,False
KLAC,Information Technology,Semiconductor Equipment & Materials,BB,BB 中軌向上（上升趨勢）,Bullish Engulfing,0.75,1.0,0.4444,,0.4444,0,9,0.0051,216.47,217.57,218.68,214.31,2026-07-07,3,True
CCI,Real Estate,REIT - Specialty,KDJ,KDJ 金叉,None,0.0,0.5525,0.4444,0.4444,0.2818,9,550,-0.0032,77.22,76.97,76.73,76.45,2026-07-07,3,False
SPGI,Financials,Financial Data & Stock Exchanges,BB,價格在 BB 中軌上方,None,0.0,0.425,0.4444,0.4444,0.3239,9,852,0.0067,443.46,446.43,449.4,439.03,2026-07-07,3,True
GGG,Industrials,Specialty Industrial Machinery,BB,價格在 BB 中軌上方,Morning Star,0.8,0.924,0.4387,,0.4387,0,424,0.015,75.67,76.81,77.94,74.91,2026-07-06,3,False
PFE,Health Care,Drug Manufacturers - General,KDJ,KDJ 金叉,None,0.0,0.5525,0.4375,0.4375,0.2852,16,1536,0.0049,24.07,24.19,24.31,23.83,2026-07-07,3,False
VST,Utilities,Utilities - Independent Power Producers,BB,價格在 BB 中軌上方,None,0.0,0.425,0.4375,0.4375,0.246,368,9864,0.0131,157.22,159.28,161.34,155.65,2026-07-06,3,False
BLDR,Industrials,Building Products & Equipment,RSI,RSI 維持強勢 (50-70),None,0.0,0.51,0.4355,0.4355,0.2986,186,19157,0.003,82.33,82.58,82.82,81.51,2026-07-06,3,False
LRCX,Information Technology,Semiconductor Equipment & Materials,BB,BB 中軌向上（上升趨勢）,None,0.0,0.51,0.4308,0.4308,0.3639,318,16781,0.0173,333.15,338.91,344.68,329.82,2026-07-08,3,False
KMI,Energy,Oil & Gas Midstream,MACD,MACD 金叉 (多頭區),None,0.0,0.68,0.4286,0.4286,0.3125,7,144,0.0238,32.49,33.26,34.04,32.17,2026-07-07,3,False
UHS,Health Care,Medical Care Facilities,MACD,MACD 突破 0 軸,None,0.0,0.595,0.4286,0.4286,0.3171,7,432,-0.0126,161.26,159.23,157.2,159.65,2026-07-07,3,False
FICO,Information Technology,Software - Application,RSI,RSI 加速上升,None,0.0,0.5525,0.4286,0.4286,0.3693,154,10688,0.0027,1266.08,1269.5,1272.92,1253.42,2026-07-08,3,False
CF,Materials,Agricultural Inputs,RSI,RSI 動能加速（強勢區）,None,0.0,0.51,0.4286,0.4286,0.2962,28,942,0.0051,117.02,117.62,118.21,115.85,2026-07-08,3,False
JBL,Information Technology,Electronic Components,BB,BB 跌破下軌 (超賣),None,0.0,0.45499999999999996,0.4286,0.4286,0.3447,7,1001,0.0148,325.21,330.02,334.84,321.96,2026-07-08,3,False
TECH,Health Care,Biotechnology,BB,BB 中軌向上（上升趨勢）,None,0.0,0.51,0.4267,0.4267,0.2705,150,10885,0.0009,70.96,71.02,71.09,70.25,2026-07-08,3,False
CAT,Industrials,Farm & Heavy Construction Machinery,RSI,RSI 維持強勢 (50-70),None,0.0,0.51,0.4213,0.4213,0.2986,254,19157,0.0169,969.92,986.31,1002.7,960.22,2026-07-06,3,False
MPC,Energy,Oil & Gas Refining & Marketing,BB,價格在 BB 中軌上方,Consolidation Breakout,0.72,0.9791999999999998,0.4211,0.4211,0.289,19,481,0.0097,280.68,283.4,286.13,277.87,2026-07-08,3,False
NXPI,Information Technology,Semiconductors,KDJ,KDJ 金叉,None,0.0,0.5525,0.4211,0.4211,0.3918,19,1955,-0.0002,283.81,283.75,283.7,280.97,2026-07-08,3,False
ESI,Materials,Specialty Chemicals,BB,BB 跌破下軌 (超賣),None,0.0,0.45499999999999996,0.4202,,0.4202,0,119,0.0066,38.57,38.82,39.08,38.18,2026-07-07,3,True
NEM,Materials,Gold,RSI,RSI 加速上升,None,0.0,0.5525,0.4179,0.4179,0.3048,201,3639,0.0067,98.2,98.86,99.52,97.22,2026-07-06,3,False
NFLX,Communication Services,Entertainment,RSI,RSI 加速上升,None,0.0,0.5525,0.4179,0.4179,0.3116,134,3322,0.0146,75.59,76.69,77.8,74.83,2026-07-08,3,False
AMAT,Information Technology,Semiconductor Equipment & Materials,RSI,RSI 維持強勢 (50-70),None,0.0,0.51,0.4179,0.4179,0.3645,280,16764,0.0128,570.5,577.8,585.1,564.79,2026-07-08,3,False
HON,Industrials,Conglomerates,BB,價格在 BB 中軌上方,None,0.0,0.425,0.4167,0.4167,0.3497,12,1018,0.0058,225.05,226.36,227.66,222.8,2026-07-07,3,True
AMZN,Consumer Discretionary,Internet Retail,MACD,MACD 金叉 (空頭區),None,0.0,0.42,0.4167,0.4167,0.3233,12,529,0.0049,243.62,244.81,246.01,241.18,2026-07-08,3,False
EOG,Energy,Oil & Gas E&P,MACD,MACD 金叉 (空頭區),None,0.0,0.42,0.4167,0.4167,0.3557,12,253,0.0114,137.59,139.16,140.73,136.21,2026-07-08,3,False
LYV,Communication Services,Entertainment,BB,價格在 BB 中軌上方,None,0.0,0.425,0.415,0.415,0.3007,200,6080,0.0035,182.14,182.78,183.41,180.32,2026-07-08,3,False
MS,Financials,Capital Markets,RSI,RSI 動能加速（強勢區）,None,0.0,0.51,0.413,0.413,0.279,46,3129,0.0129,222.1,224.97,227.83,219.88,2026-07-06,3,False
HLT,Consumer Discretionary,Lodging,RSI,RSI 加速上升,None,0.0,0.5525,0.4118,0.4118,0.3117,153,6796,0.0098,341.12,344.46,347.81,337.71,2026-07-07,3,False
RCL,Consumer Discretionary,Travel Services,BB,BB 中軌向上（上升趨勢）,None,0.0,0.51,0.411,0.411,0.2908,309,9757,0.0116,280.95,284.21,287.47,278.14,2026-07-08,3,False
MGM,Consumer Discretionary,Resorts & Casinos,RSI,RSI 維持強勢 (50-70),None,0.0,0.51,0.4106,0.4106,0.2995,151,10441,0.0156,46.6,47.33,48.05,46.13,2026-07-08,3,False
BEP,Utilities,Utilities - Renewable,BB,BB 跌破下軌 (超賣),None,0.0,0.45499999999999996,0.4104,,0.4104,0,441,0.0122,32.93,33.33,33.73,32.6,2026-07-07,3,False
BEPC,Utilities,Utilities - Renewable,BB,BB 跌破下軌 (超賣),None,0.0,0.45499999999999996,0.4104,,0.4104,0,441,0.0122,35.41,35.84,36.27,35.06,2026-07-07,3,False
VRSN,Information Technology,Software - Infrastructure,RSI,RSI 上穿 50 中性線,None,0.0,0.4675,0.4091,0.4091,0.3785,22,1593,0.0118,267.58,270.74,273.89,264.9,2026-07-08,3,False
APA,Energy,Oil & Gas E&P,BB,價格在 BB 中軌上方,None,0.0,0.425,0.4081,0.4081,0.2998,272,5768,-0.0011,35.06,35.02,34.98,34.71,2026-07-08,3,False
GDDY,Information Technology,Software - Infrastructure,RSI,RSI 動能加速（強勢區）,None,0.0,0.51,0.4074,0.4074,0.366,27,2885,0.0074,89.32,89.98,90.64,88.43,2026-07-07,3,False
CPAY,Information Technology,Software - Infrastructure,MACD,MACD 突破 0 軸,None,0.0,0.595,0.4064,,0.4064,0,529,0.0085,356.55,359.58,362.61,352.98,2026-07-06,3,False
GRMN,Information Technology,Scientific & Technical Instruments,MACD,MACD 突破 0 軸,None,0.0,0.595,0.4064,,0.4064,0,529,0.0085,245.22,247.3,249.39,242.77,2026-07-06,3,False
GWRE,Information Technology,Software - Application,MACD,MACD 突破 0 軸,None,0.0,0.595,0.4064,,0.4064,0,529,0.0085,135.74,136.89,138.05,134.38,2026-07-08,3,False
P,Information Technology,Computer Hardware,MACD,MACD 突破 0 軸,None,0.0,0.595,0.4064,,0.4064,0,529,0.0085,78.25,78.92,79.58,77.47,2026-07-07,3,False
STRF,Information Technology,Software - Application,MACD,MACD 突破 0 軸,None,0.0,0.595,0.4064,,0.4064,0,529,0.0085,96.76,97.58,98.4,95.79,2026-07-07,3,False
WSE,Information Technology,Information Technology Services,MACD,MACD 突破 0 軸,None,0.0,0.595,0.4064,,0.4064,0,529,0.0085,13.14,13.25,13.36,13.01,2026-07-06,3,False
RL,Consumer Discretionary,Apparel Manufacturing,RSI,RSI 維持強勢 (50-70),None,0.0,0.51,0.4064,0.4064,0.2995,283,10441,0.0107,395.31,399.54,403.77,391.36,2026-07-07,3,False
LLY,Health Care,Drug Manufacturers - General,BB,BB 中軌向上（上升趨勢）,None,0.0,0.51,0.4058,0.4058,0.2705,207,10885,0.0078,1215.83,1225.31,1234.8,1203.67,2026-07-08,3,False
KEY,Financials,Banks - Regional,RSI,RSI 動能加速（強勢區）,None,0.0,0.51,0.4048,0.4048,0.279,42,3129,0.0111,23.43,23.69,23.95,23.2,2026-07-06,3,False
AVGO,Information Technology,Semiconductors,RSI,RSI 維持強勢 (50-70),None,0.0,0.51,0.4038,0.4038,0.3645,317,16764,0.0086,388.69,392.03,395.38,384.8,2026-07-08,3,False
RIVN,Consumer Discretionary,Auto Manufacturers,BB,價格在 BB 中軌上方,None,0.0,0.425,0.4026,,0.4026,0,529,0.0119,16.49,16.69,16.88,16.33,2026-07-07,3,True
WFC,Financials,Banks - Diversified,RSI,RSI 加速上升,None,0.0,0.5525,0.4013,0.4013,0.3014,157,11488,0.0083,87.18,87.9,88.63,86.31,2026-07-07,3,False
MAR,Consumer Discretionary,Lodging,RSI,RSI 加速上升,None,0.0,0.5525,0.4012,0.4012,0.3117,162,6796,0.0079,380.75,383.76,386.77,376.94,2026-07-07,3,False
NOW,Information Technology,Software - Application,MACD,MACD 突破 0 軸,None,0.0,0.595,0.4,0.4,0.4064,10,529,0.0072,110.73,111.53,112.32,109.62,2026-07-07,3,False
CVS,Health Care,Healthcare Plans,RSI,RSI 動能加速（強勢區）,None,0.0,0.51,0.4,0.4,0.2606,30,1869,0.0049,104.33,104.84,105.35,103.29,2026-07-07,3,False
WSM,Consumer Discretionary,Specialty Retail,RSI,RSI 維持強勢 (50-70),None,0.0,0.51,0.4,0.4,0.2995,250,10441,0.0065,222.49,223.94,225.38,220.27,2026-07-07,3,False
CCL,Consumer Discretionary,Travel Services,BB,BB 跌破下軌 (超賣),None,0.0,0.45499999999999996,0.4,0.4,0.2974,20,733,0.0164,25.64,26.06,26.48,25.38,2026-07-08,3,False
HUM,Health Care,Healthcare Plans,BB,價格在 BB 中軌上方,None,0.0,0.425,0.4,0.4,0.2804,275,14417,0.0092,396.29,399.94,403.58,392.33,2026-07-08,3,False
GLW,Information Technology,Electronic Components,BB,BB 中軌向上（上升趨勢）,None,0.0,0.51,0.3994,0.3994,0.3639,328,16781,0.0159,185.38,188.33,191.28,183.53,2026-07-07,3,False
PANW,Information Technology,Software - Infrastructure,RSI,RSI 加速上升,None,0.0,0.5525,0.3988,0.3988,0.3693,168,10688,0.0075,357.53,360.21,362.89,353.95,2026-07-06,3,False
EL,Consumer Staples,Household & Personal Products,RSI,RSI 加速上升,None,0.0,0.5525,0.3957,0.3957,0.2439,187,5343,0.0015,81.8,81.92,82.05,80.98,2026-07-08,3,False
TTD,Communication Services,Advertising Agencies,RSI,RSI 加速上升,None,0.0,0.5525,0.3947,0.3947,0.3116,190,3322,-0.0015,19.07,19.04,19.01,18.88,2026-07-08,3,False
SOLV,Health Care,Medical Instruments & Supplies,RSI,RSI 維持強勢 (50-70),None,0.0,0.51,0.3937,0.3937,0.2772,127,12123,0.0149,77.94,79.1,80.26,77.16,2026-07-06,3,False
ALGN,Health Care,Medical Instruments & Supplies,RSI,RSI 加速上升,None,0.0,0.5525,0.3929,0.3929,0.2803,168,8492,0.0009,185.22,185.39,185.55,183.37,2026-07-07,3,False
DXCM,Health Care,Medical Devices,BB,價格在 BB 中軌上方,None,0.0,0.425,0.3924,0.3924,0.2804,237,14417,0.0073,74.06,74.6,75.14,73.32,2026-07-08,3,False
ALAB,Information Technology,Semiconductors,KDJ,KDJ 金叉,None,0.0,0.5525,0.3918,,0.3918,0,1955,0.0107,382.89,386.99,391.08,379.06,2026-07-07,3,False
ALGM,Information Technology,Semiconductors,KDJ,KDJ 金叉,None,0.0,0.5525,0.3918,,0.3918,0,1955,0.0107,51.55,52.1,52.65,51.03,2026-07-07,3,False
ASTS,Information Technology,Communication Equipment,KDJ,KDJ 金叉,None,0.0,0.5525,0.3918,,0.3918,0,1955,0.0107,80.64,81.5,82.37,79.83,2026-07-06,3,False
ASX,Information Technology,Semiconductors,KDJ,KDJ 金叉,None,0.0,0.5525,0.3918,,0.3918,0,1955,0.0107,43.32,43.78,44.25,42.89,2026-07-06,3,False
CRDO,Information Technology,Semiconductors,KDJ,KDJ 金叉,None,0.0,0.5525,0.3918,,0.3918,0,1955,0.0107,265.55,268.39,271.23,262.89,2026-07-06,3,False
DOCN,Information Technology,Software - Infrastructure,KDJ,KDJ 金叉,None,0.0,0.5525,0.3918,,0.3918,0,1955,0.0107,137.04,138.51,139.97,135.67,2026-07-07,3,False
NXT,Information Technology,Solar,KDJ,KDJ 金叉,None,0.0,0.5525,0.3918,,0.3918,0,1955,0.0107,115.03,116.26,117.49,113.88,2026-07-06,3,False
UI,Information Technology,Communication Equipment,KDJ,KDJ 金叉,None,0.0,0.5525,0.3918,,0.3918,0,1955,0.0107,537.42,543.17,548.92,532.05,2026-07-06,3,False
XYZ,Information Technology,Software - Infrastructure,KDJ,KDJ 金叉,None,0.0,0.5525,0.3918,,0.3918,0,1955,0.0107,78.92,79.76,80.61,78.13,2026-07-06,3,False
MRNA,Health Care,Biotechnology,RSI,RSI 加速上升,None,0.0,0.5525,0.3911,0.3911,0.2803,179,8492,-0.0013,81.8,81.69,81.59,80.98,2026-07-06,3,False
DAL,Industrials,Airlines,BB,價格在 BB 中軌上方,None,0.0,0.425,0.3909,0.3909,0.295,330,22337,0.0116,87.29,88.3,89.32,86.42,2026-07-08,3,False
NRG,Utilities,Utilities - Independent Power Producers,RSI,RSI 維持強勢 (50-70),None,0.0,0.51,0.3904,0.3904,0.2471,228,8831,0.0093,141.01,142.32,143.63,139.6,2026-07-06,3,False
VTRS,Health Care,Drug Manufacturers - Specialty & Generic,BB,BB 中軌向上（上升趨勢）,None,0.0,0.51,0.3899,0.3899,0.2705,218,10885,0.0123,16.66,16.86,17.07,16.49,2026-07-08,3,False
STLA,Consumer Discretionary,Auto Manufacturers,RSI,RSI 維持超賣,None,0.0,0.385,0.3894,,0.3894,0,565,0.0066,5.4,5.44,5.47,5.35,2026-07-08,3,False
ZBH,Health Care,Medical Devices,RSI,RSI 上穿 50 中性線,None,0.0,0.4675,0.3889,0.3889,0.3144,18,1323,0.003,89.76,90.03,90.3,88.86,2026-07-06,3,False
CNC,Health Care,Healthcare Plans,RSI,RSI 維持強勢 (50-70),None,0.0,0.51,0.386,0.386,0.2772,215,12123,0.007,67.09,67.56,68.03,66.42,2026-07-08,3,False
UAL,Industrials,Airlines,BB,價格在 BB 中軌上方,None,0.0,0.425,0.3856,0.3856,0.295,306,22337,0.0068,126.22,127.08,127.94,124.96,2026-07-08,3,False
UNH,Health Care,Healthcare Plans,KDJ,KDJ 金叉,None,0.0,0.5525,0.3846,0.3846,0.2852,26,1536,0.0124,428.19,433.5,438.81,423.91,2026-07-07,3,False
CPRT,Industrials,Specialty Business Services,MACD,MACD 金叉 (空頭區),None,0.0,0.42,0.3846,0.3846,0.3303,13,875,0.0044,29.24,29.37,29.5,28.95,2026-07-06,3,False
XOM,Energy,Oil & Gas Integrated,MACD,MACD 金叉 (空頭區),None,0.0,0.42,0.3846,0.3846,0.3557,13,253,0.0085,141.69,142.89,144.1,140.27,2026-07-07,3,False
TT,Industrials,Building Products & Equipment,RSI,RSI 動能加速（強勢區）,None,0.0,0.51,0.3824,0.3824,0.2891,34,3037,0.0069,487.24,490.6,493.96,482.37,2026-07-06,3,False
ADI,Information Technology,Semiconductors,RSI,RSI 維持強勢 (50-70),None,0.0,0.51,0.3816,0.3816,0.3645,228,16764,0.0088,385.4,388.79,392.18,381.55,2026-07-08,3,False
KGC,Materials,Gold,MACD,MACD 金叉 (空頭區),None,0.0,0.42,0.3816,,0.3816,0,304,0.0078,24.72,24.91,25.11,24.47,2026-07-06,3,False
PAAS,Materials,Gold,MACD,MACD 金叉 (空頭區),None,0.0,0.42,0.3816,,0.3816,0,304,0.0078,45.02,45.37,45.72,44.57,2026-07-06,3,False
PKX,Materials,Steel,MACD,MACD 金叉 (空頭區),None,0.0,0.42,0.3816,,0.3816,0,304,0.0078,51.3,51.7,52.1,50.79,2026-07-08,3,False
SQM,Materials,Specialty Chemicals,MACD,MACD 金叉 (空頭區),None,0.0,0.42,0.3816,,0.3816,0,304,0.0078,74.43,75.01,75.59,73.69,2026-07-08,3,False
WPM,Materials,Gold,MACD,MACD 金叉 (空頭區),None,0.0,0.42,0.3816,,0.3816,0,304,0.0078,115.24,116.14,117.04,114.09,2026-07-06,3,False
ARE,Real Estate,REIT - Office,RSI,RSI 維持強勢 (50-70),None,0.0,0.51,0.381,0.381,0.2509,168,7011,0.0057,48.04,48.31,48.59,47.56,2026-07-08,3,False
CFG,Financials,Banks - Regional,RSI,RSI 維持強勢 (50-70),None,0.0,0.51,0.381,0.381,0.2842,273,19108,0.0109,68.56,69.31,70.05,67.87,2026-07-08,3,False
WELL,Real Estate,REIT - Healthcare Facilities,RSI,RSI 動能加速（強勢區）,None,0.0,0.51,0.381,0.381,0.2452,63,1093,0.0065,237.59,239.13,240.68,235.21,2026-07-07,3,False
NEE,Utilities,Utilities - Regulated Electric,RSI,RSI 上穿 50 中性線,None,0.0,0.4675,0.381,0.381,0.2521,21,932,0.0091,88.47,89.28,90.08,87.59,2026-07-07,3,False
TEL,Information Technology,Electronic Components,KDJ,KDJ 金叉,None,0.0,0.5525,0.3793,0.3793,0.3918,29,1955,0.0112,200.15,202.39,204.63,198.15,2026-07-06,3,False
URI,Industrials,Rental & Leasing Services,RSI,RSI 維持強勢 (50-70),None,0.0,0.51,0.3792,0.3792,0.2986,240,19157,0.0121,1071.49,1084.46,1097.42,1060.78,2026-07-08,3,False
EPAM,Information Technology,Information Technology Services,RSI,RSI 上穿 50 中性線,None,0.0,0.4675,0.3785,,0.3785,0,1593,0.0087,89.55,90.33,91.11,88.65,2026-07-07,3,False
MKSI,Information Technology,Scientific & Technical Instruments,RSI,RSI 上穿 50 中性線,None,0.0,0.4675,0.3785,,0.3785,0,1593,0.0087,368.06,371.26,374.46,364.38,2026-07-06,3,False
SSNC,Information Technology,Software - Application,RSI,RSI 上穿 50 中性線,None,0.0,0.4675,0.3785,,0.3785,0,1593,0.0087,66.3,66.88,67.45,65.64,2026-07-07,3,False
STM,Information Technology,Semiconductors,RSI,RSI 上穿 50 中性線,None,0.0,0.4675,0.3785,,0.3785,0,1593,0.0087,71.39,72.01,72.63,70.68,2026-07-06,3,False
TEAM,Information Technology,Software - Application,RSI,RSI 上穿 50 中性線,None,0.0,0.4675,0.3785,,0.3785,0,1593,0.0087,85.5,86.24,86.99,84.64,2026-07-06,3,False
TSM,Information Technology,Semiconductors,RSI,RSI 上穿 50 中性線,None,0.0,0.4675,0.3785,,0.3785,0,1593,0.0087,436.98,440.78,444.58,432.61,2026-07-08,3,False
UBER,Information Technology,Software - Application,RSI,RSI 上穿 50 中性線,None,0.0,0.4675,0.3785,,0.3785,0,1593,0.0087,74.33,74.98,75.62,73.59,2026-07-07,3,False
HCA,Health Care,Medical Care Facilities,RSI,RSI 動能加速（強勢區）,None,0.0,0.51,0.3784,0.3784,0.2606,37,1869,0.0102,417.07,421.32,425.58,412.9,2026-07-06,3,False
GE,Industrials,Aerospace & Defense,BB,價格在 BB 中軌上方,None,0.0,0.425,0.378,0.378,0.295,373,22337,0.0075,366.98,369.73,372.48,363.31,2026-07-07,3,False
JPM,Financials,Banks - Diversified,RSI,RSI 動能加速（強勢區）,None,0.0,0.51,0.3778,0.3778,0.279,45,3129,0.011,337.72,341.43,345.15,334.34,2026-07-06,3,False
BWA,Consumer Discretionary,Auto Parts,KDJ,KDJ 超賣區金叉,None,0.0,0.5599999999999999,0.3775,,0.3775,0,302,0.0037,65.91,66.15,66.4,65.25,2026-07-06,3,False
TJX,Consumer Discretionary,Apparel Retail,KDJ,KDJ 超賣區金叉,None,0.0,0.5599999999999999,0.3775,,0.3775,0,302,0.0037,154.11,154.68,155.25,152.57,2026-07-07,3,False
ADP,Information Technology,Software - Application,MACD,MACD 金叉 (空頭區),None,0.0,0.42,0.3767,,0.3767,0,754,0.0102,241.37,243.83,246.29,238.96,2026-07-08,3,False
INFY,Information Technology,Information Technology Services,MACD,MACD 金叉 (空頭區),None,0.0,0.42,0.3767,,0.3767,0,754,0.0102,10.88,10.99,11.1,10.77,2026-07-06,3,False
MSTR,Information Technology,Software - Application,MACD,MACD 金叉 (空頭區),None,0.0,0.42,0.3767,,0.3767,0,754,0.0102,100.77,101.8,102.83,99.76,2026-07-06,3,False
STRD,Information Technology,Software - Application,MACD,MACD 金叉 (空頭區),None,0.0,0.42,0.3767,,0.3767,0,754,0.0102,62.47,63.11,63.74,61.85,2026-07-06,3,False
DDOG,Information Technology,Software - Application,BB,BB 中軌向上（上升趨勢）,Bullish Engulfing,0.75,1.0,0.3757,,0.3757,0,338,0.0116,261.09,264.12,267.15,258.48,2026-07-08,3,False
ONTO,Information Technology,Semiconductor Equipment & Materials,BB,BB 中軌向上（上升趨勢）,Bullish Engulfing,0.75,1.0,0.3757,,0.3757,0,338,0.0116,291.45,294.83,298.21,288.54,2026-07-08,3,False
SIMO,Information Technology,Semiconductors,BB,BB 中軌向上（上升趨勢）,Bullish Engulfing,0.75,1.0,0.3757,,0.3757,0,338,0.0116,313.3,316.93,320.57,310.17,2026-07-08,3,False
AKAM,Information Technology,Software - Infrastructure,BB,價格在 BB 中軌上方,Bullish Engulfing,0.75,0.9075,0.375,0.375,0.319,8,326,-0.0087,126.57,125.47,124.37,125.3,2026-07-08,3,False
NTRS,Financials,Asset Management,KDJ,KDJ 金叉,None,0.0,0.5525,0.375,0.375,0.3142,24,1932,0.0118,181.14,183.28,185.41,179.33,2026-07-06,3,False
T,Communication Services,Telecom Services,KDJ,KDJ 金叉,None,0.0,0.5525,0.375,0.375,0.3345,16,550,0.0074,21.09,21.25,21.4,20.88,2026-07-07,3,False
CBOE,Financials,Financial Data & Stock Exchanges,MACD,MACD 金叉 (空頭區),None,0.0,0.42,0.375,0.375,0.3214,8,865,-0.0015,245.08,244.71,244.34,242.63,2026-07-06,3,False
JBHT,Industrials,Integrated Freight & Logistics,RSI,RSI 維持強勢 (50-70),None,0.0,0.51,0.3744,0.3744,0.2986,203,19157,0.005,276.45,277.83,279.21,273.69,2026-07-08,3,False
DLTR,Consumer Staples,Discount Stores,RSI,RSI 維持強勢 (50-70),None,0.0,0.51,0.3736,0.3736,0.2452,182,7574,-0.0013,123.61,123.45,123.29,122.37,2026-07-08,3,False
PPG,Materials,Specialty Chemicals,BB,BB 中軌向上（上升趨勢）,None,0.0,0.51,0.3712,0.3712,0.2853,132,5036,0.01,114.28,115.42,116.57,113.14,2026-07-08,3,False
BEN,Financials,Asset Management,BB,BB 中軌向上（上升趨勢）,None,0.0,0.51,0.3704,0.3704,0.2681,135,16575,0.0094,33.5,33.81,34.13,33.16,2026-07-08,3,False
eBay,Consumer Discretionary,Internet Retail,MACD,MACD 金叉 (多頭區),None,0.0,0.68,0.37,,0.37,0,273,0.0063,111.75,112.45,113.16,110.63,2026-06-30,3,False
TPL,Energy,Oil & Gas E&P,BB,BB 中軌向上（上升趨勢）,None,0.0,0.51,0.37,0.37,0.2962,227,4484,0.0014,394.57,395.12,395.67,390.62,2026-07-08,3,False
APLD,Information Technology,Information Technology Services,RSI,RSI 加速上升,None,0.0,0.5525,0.3693,,0.3693,0,10688,0.0074,31.44,31.67,31.91,31.13,2026-07-08,3,False
ARW,Information Technology,Electronics & Computer Distribution,RSI,RSI 加速上升,None,0.0,0.5525,0.3693,,0.3693,0,10688,0.0074,198.52,199.99,201.46,196.53,2026-07-08,3,False
BR,Information Technology,Information Technology Services,RSI,RSI 加速上升,None,0.0,0.5525,0.3693,,0.3693,0,10688,0.0074,147.07,148.16,149.25,145.6,2026-07-08,3,False
CACI,Information Technology,Information Technology Services,RSI,RSI 加速上升,None,0.0,0.5525,0.3693,,0.3693,0,10688,0.0074,493.78,497.43,501.09,488.84,2026-07-08,3,False
CHKP,Information Technology,Software - Infrastructure,RSI,RSI 加速上升,None,0.0,0.5525,0.3693,,0.3693,0,10688,0.0074,138.75,139.78,140.8,137.36,2026-07-07,3,False
CLS,Information Technology,Electronic Components,RSI,RSI 加速上升,None,0.0,0.5525,0.3693,,0.3693,0,10688,0.0074,350.2,352.79,355.38,346.7,2026-07-06,3,False
FIS,Information Technology,Information Technology Services,RSI,RSI 加速上升,None,0.0,0.5525,0.3693,,0.3693,0,10688,0.0074,40.84,41.14,41.44,40.43,2026-07-08,3,False
FISV,Information Technology,Financial Technology,RSI,RSI 加速上升,None,0.0,0.5525,0.3693,,0.3693,0,10688,0.0074,50.6,50.97,51.35,50.09,2026-07-08,3,False
FROG,Information Technology,Software - Application,RSI,RSI 加速上升,None,0.0,0.5525,0.3693,,0.3693,0,10688,0.0074,98.1,98.83,99.55,97.12,2026-07-06,3,False
FTV,Information Technology,Scientific & Technical Instruments,RSI,RSI 加速上升,None,0.0,0.5525,0.3693,,0.3693,0,10688,0.0074,62.55,63.01,63.48,61.92,2026-07-07,3,False
GIB,Information Technology,Information Technology Services,RSI,RSI 加速上升,None,0.0,0.5525,0.3693,,0.3693,0,10688,0.0074,66.3,66.79,67.28,65.64,2026-07-08,3,False
GRAB,Information Technology,Software - Application,RSI,RSI 加速上升,None,0.0,0.5525,0.3693,,0.3693,0,10688,0.0074,3.93,3.96,3.99,3.89,2026-07-07,3,False
IOT,Information Technology,Software - Infrastructure,RSI,RSI 加速上升,None,0.0,0.5525,0.3693,,0.3693,0,10688,0.0074,36.44,36.71,36.98,36.08,2026-07-08,3,False
JKHY,Information Technology,Information Technology Services,RSI,RSI 加速上升,None,0.0,0.5525,0.3693,,0.3693,0,10688,0.0074,147.37,148.46,149.55,145.9,2026-07-08,3,False
LDOS,Information Technology,Information Technology Services,RSI,RSI 加速上升,None,0.0,0.5525,0.3693,,0.3693,0,10688,0.0074,107.18,107.97,108.77,106.11,2026-07-08,3,False
LOGI,Information Technology,Computer Hardware,RSI,RSI 加速上升,None,0.0,0.5525,0.3693,,0.3693,0,10688,0.0074,97.86,98.58,99.31,96.88,2026-07-08,3,False
MDB,Information Technology,Software - Infrastructure,RSI,RSI 加速上升,None,0.0,0.5525,0.3693,,0.3693,0,10688,0.0074,359.4,362.06,364.72,355.81,2026-07-08,3,False
NET,Information Technology,Software - Infrastructure,RSI,RSI 加速上升,None,0.0,0.5525,0.3693,,0.3693,0,10688,0.0074,273.4,275.42,277.45,270.67,2026-07-08,3,False
NTNX,Information Technology,Software - Infrastructure,RSI,RSI 加速上升,None,0.0,0.5525,0.3693,,0.3693,0,10688,0.0074,53.93,54.33,54.73,53.39,2026-07-08,3,False
OKTA,Information Technology,Software - Infrastructure,RSI,RSI 加速上升,None,0.0,0.5525,0.3693,,0.3693,0,10688,0.0074,148.47,149.57,150.67,146.99,2026-07-07,3,False
PAYX,Information Technology,Software - Application,RSI,RSI 加速上升,None,0.0,0.5525,0.3693,,0.3693,0,10688,0.0074,106.58,107.37,108.16,105.51,2026-07-08,3,False
RBRK,Information Technology,Software - Infrastructure,RSI,RSI 加速上升,None,0.0,0.5525,0.3693,,0.3693,0,10688,0.0074,87.04,87.68,88.33,86.17,2026-07-07,3,False
SAP,Information Technology,Software - Application,RSI,RSI 加速上升,None,0.0,0.5525,0.3693,,0.3693,0,10688,0.0074,162.77,163.97,165.18,161.14,2026-07-07,3,False
SHOP,Information Technology,Software - Application,RSI,RSI 加速上升,None,0.0,0.5525,0.3693,,0.3693,0,10688,0.0074,121.88,122.78,123.68,120.66,2026-07-07,3,False
SONY,Information Technology,Consumer Electronics,RSI,RSI 加速上升,None,0.0,0.5525,0.3693,,0.3693,0,10688,0.0074,21.15,21.31,21.46,20.94,2026-07-08,3,False
STRC,Information Technology,Software - Application,RSI,RSI 加速上升,None,0.0,0.5525,0.3693,,0.3693,0,10688,0.0074,86.56,87.2,87.84,85.69,2026-07-07,3,False
STRK,Information Technology,Software - Application,RSI,RSI 加速上升,None,0.0,0.5525,0.3693,,0.3693,0,10688,0.0074,61.65,62.11,62.56,61.03,2026-07-07,3,False
TWLO,Information Technology,Software - Infrastructure,RSI,RSI 加速上升,None,0.0,0.5525,0.3693,,0.3693,0,10688,0.0074,215.5,217.09,218.69,213.34,2026-07-08,3,False
PODD,Health Care,Medical Devices,BB,BB 中軌向上（上升趨勢）,None,0.0,0.51,0.3684,0.3684,0.2705,152,10885,0.0087,157.46,158.83,160.2,155.89,2026-07-08,3,False
EFX,Industrials,Consulting Services,RSI,RSI 加速上升,None,0.0,0.5525,0.3667,0.3667,0.2981,150,11545,0.0005,167.09,167.17,167.26,165.42,2026-07-08,3,False
EXR,Real Estate,REIT - Industrial,RSI,RSI 動能加速（強勢區）,None,0.0,0.51,0.3667,0.3667,0.2452,30,1093,0.0052,147.73,148.5,149.27,146.25,2026-07-07,3,False
UMC,Information Technology,Semiconductors,RSI,RSI 動能加速（強勢區）,None,0.0,0.51,0.366,,0.366,0,2885,0.0091,24.73,24.96,25.18,24.48,2026-07-08,3,False
FTNT,Information Technology,Software - Infrastructure,MACD,MACD 金叉 (多頭區),None,0.0,0.68,0.3651,,0.3651,0,504,0.0103,162.35,164.02,165.69,160.73,2026-07-06,3,False
ALC,Health Care,Medical Instruments & Supplies,BB,價格在 BB 中軌上方,None,0.0,0.425,0.365,,0.365,0,715,0.0016,66.87,66.98,67.08,66.2,2026-07-07,3,True
ASML,Information Technology,Semiconductor Equipment & Materials,RSI,RSI 維持強勢 (50-70),None,0.0,0.51,0.3645,,0.3645,0,16764,0.0088,1768.65,1784.21,1799.78,1750.96,2026-07-08,3,False
CGNX,Information Technology,Scientific & Technical Instruments,RSI,RSI 維持強勢 (50-70),None,0.0,0.51,0.3645,,0.3645,0,16764,0.0088,69.49,70.1,70.71,68.8,2026-07-06,3,False
DT,Information Technology,Software - Application,RSI,RSI 維持強勢 (50-70),None,0.0,0.51,0.3645,,0.3645,0,16764,0.0088,43.84,44.23,44.61,43.4,2026-07-08,3,False
KSPI,Information Technology,Software - Infrastructure,RSI,RSI 維持強勢 (50-70),None,0.0,0.51,0.3645,,0.3645,0,16764,0.0088,87.48,88.25,89.02,86.61,2026-07-08,3,False
SNOW,Information Technology,Software - Application,RSI,RSI 維持強勢 (50-70),None,0.0,0.51,0.3645,,0.3645,0,16764,0.0088,261.31,263.61,265.91,258.7,2026-07-08,3,False
TOST,Information Technology,Software - Infrastructure,RSI,RSI 維持強勢 (50-70),None,0.0,0.51,0.3645,,0.3645,0,16764,0.0088,28.57,28.82,29.07,28.28,2026-07-08,3,False
U,Information Technology,Software - Application,RSI,RSI 維持強勢 (50-70),None,0.0,0.51,0.3645,,0.3645,0,16764,0.0088,29.46,29.72,29.98,29.17,2026-07-08,3,False
ENTG,Information Technology,Semiconductor Equipment & Materials,BB,BB 中軌向上（上升趨勢）,None,0.0,0.51,0.3639,,0.3639,0,16781,0.009,138.72,139.97,141.22,137.33,2026-07-08,3,False
FORM,Information Technology,Semiconductor Equipment & Materials,BB,BB 中軌向上（上升趨勢）,None,0.0,0.51,0.3639,,0.3639,0,16781,0.009,106.05,107.0,107.96,104.99,2026-07-07,3,False
VICR,Information Technology,Electronic Components,BB,BB 中軌向上（上升趨勢）,None,0.0,0.51,0.3639,,0.3639,0,16781,0.009,285.34,287.91,290.48,282.49,2026-07-06,3,False
VLO,Energy,Oil & Gas Refining & Marketing,RSI,RSI 加速上升,Consolidation Breakout,0.72,1.0,0.3636,0.3636,0.2708,11,336,-0.0138,282.88,278.98,275.07,280.05,2026-07-08,3,False
D,Utilities,Utilities - Regulated Electric,KDJ,KDJ 金叉,None,0.0,0.5525,0.3636,0.3636,0.3001,11,713,0.0196,69.26,70.62,71.97,68.57,2026-07-06,3,False
NDAQ,Financials,Financial Data & Stock Exchanges,MACD,MACD 金叉 (空頭區),None,0.0,0.42,0.3636,0.3636,0.3214,11,865,0.0116,84.47,85.45,86.43,83.63,2026-07-06,3,False
TMUS,Communication Services,Telecom Services,MACD,MACD 金叉 (空頭區),None,0.0,0.42,0.3636,0.3636,0.3254,11,252,0.0043,184.73,185.52,186.32,182.88,2026-07-07,3,False
CARR,Industrials,Building Products & Equipment,BB,BB 中軌向上（上升趨勢）,None,0.0,0.51,0.3626,0.3626,0.2929,182,17460,0.0052,66.74,67.09,67.43,66.07,2026-07-08,3,False
FOX,Communication Services,Entertainment,RSI,RSI 加速上升,None,0.0,0.5525,0.3618,0.3618,0.3116,152,3322,0.0088,47.95,48.37,48.79,47.47,2026-07-08,3,False
AM,Energy,Oil & Gas Midstream,KDJ,KDJ 金叉,None,0.0,0.5525,0.3614,,0.3614,0,498,0.0061,22.71,22.85,22.99,22.48,2026-07-07,3,False
CVE,Energy,Oil & Gas Integrated,KDJ,KDJ 金叉,None,0.0,0.5525,0.3614,,0.3614,0,498,0.0061,25.21,25.36,25.52,24.96,2026-07-07,3,False
EC,Energy,Oil & Gas Integrated,KDJ,KDJ 金叉,None,0.0,0.5525,0.3614,,0.3614,0,498,0.0061,14.69,14.78,14.87,14.54,2026-07-07,3,False
ENB,Energy,Oil & Gas Midstream,KDJ,KDJ 金叉,None,0.0,0.5525,0.3614,,0.3614,0,498,0.0061,55.07,55.41,55.74,54.52,2026-07-08,3,False
OVV,Energy,Oil & Gas E&P,KDJ,KDJ 金叉,None,0.0,0.5525,0.3614,,0.3614,0,498,0.0061,53.3,53.63,53.95,52.77,2026-07-06,3,False
PR,Energy,Oil & Gas E&P,KDJ,KDJ 金叉,None,0.0,0.5525,0.3614,,0.3614,0,498,0.0061,19.09,19.21,19.32,18.9,2026-07-07,3,False
TRP,Energy,Oil & Gas Midstream,KDJ,KDJ 金叉,None,0.0,0.5525,0.3614,,0.3614,0,498,0.0061,68.8,69.22,69.64,68.11,2026-07-07,3,False
CNQ,Energy,Oil & Gas E&P,RSI,RSI 上穿 50 中性線,None,0.0,0.4675,0.361,,0.361,0,579,0.0056,42.43,42.67,42.91,42.01,2026-07-08,3,False
CQP,Energy,Oil & Gas Midstream,RSI,RSI 上穿 50 中性線,None,0.0,0.4675,0.361,,0.361,0,579,0.0056,61.93,62.28,62.62,61.31,2026-07-06,3,False
EPD,Energy,Oil & Gas Midstream,RSI,RSI 上穿 50 中性線,None,0.0,0.4675,0.361,,0.361,0,579,0.0056,37.64,37.85,38.06,37.26,2026-07-07,3,False
EQNR,Energy,Oil & Gas Integrated,RSI,RSI 上穿 50 中性線,None,0.0,0.4675,0.361,,0.361,0,579,0.0056,34.27,34.46,34.65,33.93,2026-07-08,3,False
FTI,Energy,Oil & Gas Equipment & Services,RSI,RSI 上穿 50 中性線,None,0.0,0.4675,0.361,,0.361,0,579,0.0056,68.11,68.49,68.87,67.43,2026-07-07,3,False
IMO,Energy,Oil & Gas Integrated,RSI,RSI 上穿 50 中性線,None,0.0,0.4675,0.361,,0.361,0,579,0.0056,121.26,121.94,122.62,120.05,2026-07-08,3,False
PBA,Energy,Oil & Gas Midstream,RSI,RSI 上穿 50 中性線,None,0.0,0.4675,0.361,,0.361,0,579,0.0056,47.72,47.99,48.25,47.24,2026-07-07,3,False
SHEL,Energy,Oil & Gas Integrated,RSI,RSI 上穿 50 中性線,None,0.0,0.4675,0.361,,0.361,0,579,0.0056,81.99,82.45,82.91,81.17,2026-07-07,3,False
SU,Energy,Oil & Gas Integrated,RSI,RSI 上穿 50 中性線,None,0.0,0.4675,0.361,,0.361,0,579,0.0056,59.06,59.39,59.72,58.47,2026-07-08,3,False
VG,Energy,Oil & Gas Midstream,RSI,RSI 上穿 50 中性線,None,0.0,0.4675,0.361,,0.361,0,579,0.0056,12.38,12.45,12.52,12.26,2026-07-08,3,False
HII,Industrials,Aerospace & Defense,BB,價格在 BB 中軌上方,None,0.0,0.425,0.3595,0.3595,0.295,306,22337,0.0103,289.47,292.45,295.43,286.58,2026-07-08,3,False
FOXA,Communication Services,Entertainment,RSI,RSI 加速上升,None,0.0,0.5525,0.3592,0.3592,0.3116,142,3322,0.0049,53.39,53.65,53.91,52.86,2026-07-08,3,False
ABNB,Consumer Discretionary,Travel Services,BB,價格在 BB 中軌上方,None,0.0,0.425,0.3581,0.3581,0.2984,215,12430,0.0059,142.95,143.79,144.64,141.52,2026-07-08,3,False
RYAAY,Industrials,Airlines,RSI,RSI 維持強勢 (50-70),None,0.0,0.51,0.3579,,0.3579,0,746,0.0057,66.35,66.73,67.11,65.69,2026-07-07,3,True
AMP,Financials,Asset Management,MACD,MACD 金叉 (空頭區),None,0.0,0.42,0.3571,0.3571,0.3214,14,865,-0.0051,490.58,488.08,485.58,485.67,2026-07-08,3,False
PNC,Financials,Banks - Regional,RSI,RSI 維持強勢 (50-70),None,0.0,0.51,0.3569,0.3569,0.2842,269,19108,0.0095,246.53,248.87,251.21,244.06,2026-07-08,3,False
AES,Utilities,Utilities - Diversified,BB,價格在 BB 中軌上方,None,0.0,0.425,0.3568,0.3568,0.246,213,9864,0.0076,14.64,14.75,14.86,14.49,2026-07-08,3,False
BAX,Health Care,Medical Instruments & Supplies,RSI,RSI 維持強勢 (50-70),None,0.0,0.51,0.3558,0.3558,0.2772,163,12123,0.0042,21.98,22.07,22.16,21.76,2026-07-08,3,False
AR,Energy,Oil & Gas E&P,MACD,MACD 金叉 (空頭區),None,0.0,0.42,0.3557,,0.3557,0,253,0.0057,34.66,34.86,35.06,34.31,2026-07-08,3,False
BP,Energy,Oil & Gas Integrated,MACD,MACD 金叉 (空頭區),None,0.0,0.42,0.3557,,0.3557,0,253,0.0057,39.21,39.43,39.66,38.82,2026-07-08,3,False
E,Energy,Oil & Gas Integrated,MACD,MACD 金叉 (空頭區),None,0.0,0.42,0.3557,,0.3557,0,253,0.0057,48.4,48.68,48.95,47.92,2026-07-08,3,False
PBR,Energy,Oil & Gas Integrated,MACD,MACD 金叉 (空頭區),None,0.0,0.42,0.3557,,0.3557,0,253,0.0057,16.26,16.35,16.45,16.1,2026-07-06,3,False
WDS,Energy,Oil & Gas E&P,MACD,MACD 金叉 (空頭區),None,0.0,0.42,0.3557,,0.3557,0,253,0.0057,19.82,19.93,20.05,19.62,2026-07-07,3,False
WES,Energy,Oil & Gas Midstream,MACD,MACD 金叉 (空頭區),None,0.0,0.42,0.3557,,0.3557,0,253,0.0057,43.69,43.94,44.19,43.25,2026-07-06,3,False
FFIV,Information Technology,Software - Infrastructure,RSI,RSI 動能加速（強勢區）,None,0.0,0.51,0.3556,0.3556,0.366,45,2885,0.0053,419.03,421.25,423.47,414.84,2026-07-06,3,False
BAC,Financials,Banks - Diversified,RSI,RSI 維持強勢 (50-70),None,0.0,0.51,0.3548,0.3548,0.2842,279,19108,0.0078,58.3,58.75,59.21,57.72,2026-07-08,3,False
CMI,Industrials,Specialty Industrial Machinery,BB,BB 中軌向上（上升趨勢）,None,0.0,0.51,0.3546,0.3546,0.2929,313,17460,0.0078,678.24,683.53,688.82,671.46,2026-07-06,3,False
EXPE,Consumer Discretionary,Travel Services,BB,價格在 BB 中軌上方,None,0.0,0.425,0.3544,0.3544,0.2984,285,12430,0.0007,260.31,260.49,260.67,257.71,2026-07-08,3,False
PFG,Financials,Asset Management,RSI,RSI 加速上升,None,0.0,0.5525,0.3533,0.3533,0.3014,150,11488,0.0059,112.88,113.55,114.21,111.75,2026-07-07,3,False
FPS,Industrials,Electrical Equipment & Parts,BB,BB 跌破下軌 (超賣),None,0.0,0.45499999999999996,0.3532,,0.3532,0,436,0.0052,44.67,44.9,45.13,44.22,2026-07-07,3,True
HPQ,Information Technology,Computer Hardware,KDJ,KDJ 超賣區金叉,None,0.0,0.5599999999999999,0.3529,0.3529,0.3016,17,368,0.011,22.6,22.85,23.1,22.37,2026-07-06,3,False
COP,Energy,Oil & Gas E&P,MACD,MACD 金叉 (空頭區),None,0.0,0.42,0.3529,0.3529,0.3557,17,253,0.0047,110.72,111.24,111.76,109.61,2026-07-08,3,False
DOW,Materials,Chemicals,MACD,MACD 金叉 (空頭區),None,0.0,0.42,0.3529,0.3529,0.3816,17,304,0.0041,29.03,29.15,29.27,28.74,2026-07-08,3,False
CRL,Health Care,Diagnostics & Research,RSI,RSI 維持強勢 (50-70),None,0.0,0.51,0.3527,0.3527,0.2772,224,12123,-0.0055,223.96,222.73,221.5,221.72,2026-07-08,3,False
AXSM,Health Care,Biotechnology,RSI,RSI 上穿 50 中性線,Bullish Engulfing,0.75,0.9735000000000001,0.3519,,0.3519,0,54,0.0013,242.6,242.92,243.23,240.17,2026-07-06,3,False
HBAN,Financials,Banks - Regional,RSI,RSI 維持強勢 (50-70),None,0.0,0.51,0.3512,0.3512,0.2842,168,19108,0.0079,17.46,17.6,17.74,17.29,2026-07-08,3,False
CBRE,Real Estate,Real Estate Services,BB,BB 中軌向上（上升趨勢）,None,0.0,0.51,0.3508,0.3508,0.2647,248,5713,0.0069,139.94,140.91,141.87,138.54,2026-07-08,3,False
PCAR,Industrials,Farm & Heavy Construction Machinery,KDJ,KDJ 金叉,None,0.0,0.5525,0.35,0.35,0.3223,20,2110,0.0087,125.91,127.01,128.1,124.65,2026-07-06,3,False
TSLA,Consumer Discretionary,Auto Manufacturers,BB,價格在 BB 中軌上方,None,0.0,0.425,0.3498,0.3498,0.2984,283,12430,0.0041,402.9,404.55,406.2,398.87,2026-07-07,3,False
GFL,Industrials,Waste Management,BB,價格在 BB 中軌上方,None,0.0,0.425,0.3497,,0.3497,0,1018,0.0042,40.49,40.66,40.83,40.09,2026-07-06,3,True
MLI,Industrials,Metal Fabrication,BB,價格在 BB 中軌上方,None,0.0,0.425,0.3497,,0.3497,0,1018,0.0042,55.67,55.9,56.14,55.11,2026-07-07,3,True
BSBR,Financials,Banks - Regional,BB,BB 跌破下軌 (超賣),None,0.0,0.45499999999999996,0.3485,,0.3485,0,1277,0.0043,5.04,5.06,5.08,4.99,2026-07-08,3,False
FCNCA,Financials,Banks - Regional,BB,BB 跌破下軌 (超賣),None,0.0,0.45499999999999996,0.3485,,0.3485,0,1277,0.0043,2044.62,2053.41,2062.2,2024.17,2026-07-08,3,False
RIOT,Financials,Capital Markets,BB,BB 跌破下軌 (超賣),None,0.0,0.45499999999999996,0.3485,,0.3485,0,1277,0.0043,21.17,21.26,21.35,20.96,2026-07-07,3,False
SLMBP,Financials,Credit Services,BB,BB 跌破下軌 (超賣),None,0.0,0.45499999999999996,0.3485,,0.3485,0,1277,0.0043,73.2,73.51,73.83,72.47,2026-07-06,3,False
HAS,Consumer Discretionary,Leisure,RSI,RSI 超賣區域 (30),None,0.0,0.5249999999999999,0.3448,,0.3448,0,203,0.0038,77.98,78.28,78.57,77.2,2026-07-06,3,False
BNS,Financials,Banks - Diversified,RSI,RSI 維持強勢 (50-70),None,0.0,0.51,0.3448,,0.3448,0,609,0.0048,86.287,86.7,87.12,85.42,2026-07-06,3,True
UNM,Financials,Insurance - Life,RSI,RSI 維持強勢 (50-70),None,0.0,0.51,0.3448,,0.3448,0,609,0.0048,89.51,89.94,90.37,88.61,2026-07-06,3,True
VLYPO,Financials,Banks - Regional,RSI,RSI 維持強勢 (50-70),None,0.0,0.51,0.3448,,0.3448,0,609,0.0048,25.0,25.12,25.24,24.75,2026-07-07,3,True
FN,Information Technology,Electronic Components,BB,BB 跌破下軌 (超賣),None,0.0,0.45499999999999996,0.3447,,0.3447,0,1001,0.0043,468.48,470.49,472.51,463.8,2026-07-07,3,False
IONQ,Information Technology,Computer Hardware,BB,BB 跌破下軌 (超賣),None,0.0,0.45499999999999996,0.3447,,0.3447,0,1001,0.0043,45.36,45.56,45.75,44.91,2026-07-07,3,False
LFUS,Information Technology,Electronic Components,BB,BB 跌破下軌 (超賣),None,0.0,0.45499999999999996,0.3447,,0.3447,0,1001,0.0043,401.56,403.29,405.01,397.54,2026-07-08,3,False
MRVL,Information Technology,Semiconductors,BB,BB 跌破下軌 (超賣),None,0.0,0.45499999999999996,0.3447,,0.3447,0,1001,0.0043,230.7,231.69,232.68,228.39,2026-07-07,3,False
MTSI,Information Technology,Semiconductors,BB,BB 跌破下軌 (超賣),None,0.0,0.45499999999999996,0.3447,,0.3447,0,1001,0.0043,305.23,306.54,307.85,302.18,2026-07-08,3,False
NOK,Information Technology,Communication Equipment,BB,BB 跌破下軌 (超賣),None,0.0,0.45499999999999996,0.3447,,0.3447,0,1001,0.0043,11.85,11.9,11.95,11.73,2026-07-07,3,False
SANM,Information Technology,Electronic Components,BB,BB 跌破下軌 (超賣),None,0.0,0.45499999999999996,0.3447,,0.3447,0,1001,0.0043,205.75,206.63,207.52,203.69,2026-07-07,3,False
SITM,Information Technology,Semiconductors,BB,BB 跌破下軌 (超賣),None,0.0,0.45499999999999996,0.3447,,0.3447,0,1001,0.0043,592.19,594.74,597.28,586.27,2026-07-07,3,False
SMTC,Information Technology,Semiconductors,BB,BB 跌破下軌 (超賣),None,0.0,0.45499999999999996,0.3447,,0.3447,0,1001,0.0043,126.4,126.94,127.49,125.14,2026-07-07,3,False
TTMI,Information Technology,Electronic Components,BB,BB 跌破下軌 (超賣),None,0.0,0.45499999999999996,0.3447,,0.3447,0,1001,0.0043,144.08,144.7,145.32,142.64,2026-07-07,3,False
VIAV,Information Technology,Communication Equipment,BB,BB 跌破下軌 (超賣),None,0.0,0.45499999999999996,0.3447,,0.3447,0,1001,0.0043,40.22,40.39,40.57,39.82,2026-07-07,3,False
WIT,Information Technology,Information Technology Services,BB,BB 跌破下軌 (超賣),None,0.0,0.45499999999999996,0.3447,,0.3447,0,1001,0.0043,1.84,1.85,1.86,1.82,2026-07-06,3,False
BIIB,Health Care,Drug Manufacturers - General,RSI,RSI 維持強勢 (50-70),None,0.0,0.51,0.3444,0.3444,0.2772,151,12123,0.0031,205.7,206.34,206.98,203.64,2026-07-07,3,False
LII,Industrials,Building Products & Equipment,RSI,RSI 維持強勢 (50-70),None,0.0,0.51,0.3438,0.3438,0.2986,288,19157,0.0026,556.93,558.38,559.83,551.36,2026-07-07,3,False
TXT,Industrials,Aerospace & Defense,RSI,RSI 動能加速（強勢區）,None,0.0,0.51,0.3438,0.3438,0.2891,32,3037,-0.0015,93.84,93.7,93.56,92.9,2026-07-06,3,False
MLM,Materials,Building Materials,BB,BB 中軌向上（上升趨勢）,None,0.0,0.51,0.3436,0.3436,0.2853,195,5036,0.0109,570.0,576.21,582.43,564.3,2026-07-08,3,False
INTU,Information Technology,Software - Application,RSI,RSI 加速上升,None,0.0,0.5525,0.3432,0.3432,0.3693,169,10688,-0.0039,272.1,271.04,269.98,269.38,2026-07-08,3,False
ARES,Financials,Asset Management,RSI,RSI 加速上升,None,0.0,0.5525,0.3394,0.3394,0.3014,165,11488,0.0081,118.0,118.96,119.91,116.82,2026-07-08,3,False
STT,Financials,Asset Management,RSI,RSI 加速上升,None,0.0,0.5525,0.3393,0.3393,0.3014,168,11488,0.009,177.42,179.02,180.61,175.65,2026-07-08,3,False
GEN,Information Technology,Software - Infrastructure,BB,價格在 BB 中軌上方,None,0.0,0.425,0.3392,0.3392,0.3573,227,20206,0.0068,25.81,25.99,26.16,25.55,2026-07-08,3,False
APO,Financials,Asset Management,RSI,RSI 維持強勢 (50-70),None,0.0,0.51,0.3381,0.3381,0.2842,281,19108,0.0069,118.14,118.96,119.77,116.96,2026-07-08,3,False
DASH,Consumer Discretionary,Internet Retail,RSI,RSI 維持強勢 (50-70),None,0.0,0.51,0.3377,0.3377,0.2995,231,10441,0.001,189.35,189.54,189.73,187.46,2026-07-08,3,False
WAT,Health Care,Diagnostics & Research,RSI,RSI 維持強勢 (50-70),None,0.0,0.51,0.3373,0.3373,0.2772,169,12123,0.0031,368.13,369.27,370.41,364.45,2026-07-08,3,False
MGA,Consumer Discretionary,Auto Parts,MACD,MACD 突破 0 軸,None,0.0,0.595,0.3351,,0.3351,0,376,0.0114,65.68,66.43,67.18,65.02,2026-07-06,3,False
PNR,Industrials,Specialty Industrial Machinery,BB,BB 中軌向上（上升趨勢）,None,0.0,0.51,0.335,0.335,0.2929,197,17460,0.0051,73.26,73.63,74.01,72.53,2026-07-08,3,False
WMB,Energy,Oil & Gas Midstream,MACD,MACD 金叉 (多頭區),None,0.0,0.68,0.3333,0.3333,0.3125,9,144,-0.0062,75.27,74.8,74.34,74.52,2026-07-08,3,False
GILD,Health Care,Drug Manufacturers - General,MACD,MACD 突破 0 軸,None,0.0,0.595,0.3333,0.3333,0.3171,12,432,-0.0001,136.36,136.35,136.33,135.0,2026-07-07,3,False
MCK,Health Care,Medical Distribution,MACD,MACD 突破 0 軸,None,0.0,0.595,0.3333,0.3333,0.3171,6,432,0.0043,807.33,810.8,814.27,799.26,2026-07-07,3,False
NWSA,Communication Services,Entertainment,MACD,MACD 突破 0 軸,None,0.0,0.595,0.3333,,0.3333,0,165,0.0084,26.92,27.15,27.37,26.65,2026-07-07,3,False
REGN,Health Care,Biotechnology,MACD,MACD 突破 0 軸,None,0.0,0.595,0.3333,0.3333,0.3171,9,432,-0.005,676.23,672.85,669.47,669.47,2026-07-07,3,False
SPOT,Communication Services,Internet Content & Information,MACD,MACD 突破 0 軸,None,0.0,0.595,0.3333,,0.3333,0,165,0.0084,485.22,489.3,493.37,480.37,2026-07-08,3,False
F,Consumer Discretionary,Auto Manufacturers,KDJ,KDJ 金叉,None,0.0,0.5525,0.3333,0.3333,0.3183,15,1244,0.0004,13.83,13.84,13.84,13.69,2026-07-06,3,False
PCG,Utilities,Utilities - Regulated Electric,KDJ,KDJ 金叉,None,0.0,0.5525,0.3333,0.3333,0.3001,18,713,0.0047,17.18,17.26,17.34,17.01,2026-07-07,3,False
CAG,Consumer Staples,Packaged Foods,BB,BB 中軌向上（上升趨勢）,None,0.0,0.51,0.3333,0.3333,0.2466,114,6128,0.0085,13.77,13.89,14.0,13.63,2026-07-08,3,False
MSCI,Financials,Financial Data & Stock Exchanges,MACD,MACD 金叉 (空頭區),None,0.0,0.42,0.3333,0.3333,0.3214,9,865,0.0068,614.04,618.22,622.39,607.9,2026-07-06,3,False
EVR,Financials,Capital Markets,RSI,RSI 維持強勢 (50-70),Bullish Engulfing,0.75,1.0,0.3314,,0.3314,0,353,0.0074,355.48,358.11,360.74,351.93,2026-07-06,3,False
HSIC,Health Care,Medical Distribution,BB,價格在 BB 中軌上方,None,0.0,0.425,0.3314,0.3314,0.2804,169,14417,-0.0009,83.22,83.15,83.07,82.39,2026-07-08,3,False
VEEV,Health Care,Health Information Services,RSI,RSI 維持強勢 (50-70),None,0.0,0.51,0.3311,0.3311,0.2772,148,12123,-0.0013,188.17,187.93,187.68,186.29,2026-07-08,3,False
PSKY,Communication Services,Entertainment,RSI,RSI 加速上升,None,0.0,0.5525,0.3309,0.3309,0.3116,139,3322,0.0011,10.09,10.1,10.11,9.99,2026-07-06,3,False
FITB,Financials,Banks - Regional,RSI,RSI 維持強勢 (50-70),None,0.0,0.51,0.3309,0.3309,0.2842,269,19108,0.0067,55.76,56.13,56.51,55.2,2026-07-08,3,False
NOC,Industrials,Aerospace & Defense,RSI,RSI 加速上升,None,0.0,0.5525,0.3308,0.3308,0.2981,133,11545,0.0065,545.11,548.65,552.2,539.66,2026-07-08,3,False
ESLT,Industrials,Aerospace & Defense,MACD,MACD 金叉 (空頭區),None,0.0,0.42,0.3303,,0.3303,0,875,0.0053,811.01,815.31,819.61,802.9,2026-07-06,3,False
RELX,Industrials,Specialty Business Services,MACD,MACD 金叉 (空頭區),None,0.0,0.42,0.3303,,0.3303,0,875,0.0053,32.27,32.44,32.61,31.95,2026-07-06,3,False
ETN,Industrials,Specialty Industrial Machinery,RSI,RSI 維持強勢 (50-70),None,0.0,0.51,0.3302,0.3302,0.2986,215,19157,0.0043,413.42,415.2,416.98,409.29,2026-07-06,3,False
AFRM,Financials,Credit Services,MACD,MACD 突破 0 軸,None,0.0,0.595,0.3301,,0.3301,0,618,0.0061,83.62,84.13,84.64,82.78,2026-07-07,3,False
CET,Financials,Asset Management,MACD,MACD 突破 0 軸,None,0.0,0.595,0.3301,,0.3301,0,618,0.0061,53.24,53.56,53.89,52.71,2026-07-06,3,False
KB,Financials,Banks - Regional,MACD,MACD 突破 0 軸,None,0.0,0.595,0.3301,,0.3301,0,618,0.0061,113.91,114.6,115.3,112.77,2026-07-06,3,False
LPLA,Financials,Capital Markets,MACD,MACD 突破 0 軸,None,0.0,0.595,0.3301,,0.3301,0,618,0.0061,307.58,309.46,311.33,304.5,2026-07-07,3,False
SF,Financials,Capital Markets,MACD,MACD 突破 0 軸,None,0.0,0.595,0.3301,,0.3301,0,618,0.0061,74.97,75.43,75.88,74.22,2026-07-07,3,False
SHG,Financials,Banks - Regional,MACD,MACD 突破 0 軸,None,0.0,0.595,0.3301,,0.3301,0,618,0.0061,70.49,70.92,71.35,69.79,2026-07-06,3,False
BXP,Real Estate,REIT - Office,BB,BB 中軌向上（上升趨勢）,None,0.0,0.51,0.3295,0.3295,0.2647,173,5713,0.0044,66.78,67.07,67.37,66.11,2026-07-08,3,False
MAS,Industrials,Building Products & Equipment,RSI,RSI 維持強勢 (50-70),None,0.0,0.51,0.3294,0.3294,0.2986,170,19157,0.0019,79.34,79.49,79.64,78.55,2026-07-07,3,False
AU,Materials,Gold,RSI,RSI 上穿 50 中性線,None,0.0,0.4675,0.3294,,0.3294,0,595,0.0031,84.05,84.31,84.57,83.21,2026-07-06,3,False
B,Materials,Gold,RSI,RSI 上穿 50 中性線,None,0.0,0.4675,0.3294,,0.3294,0,595,0.0031,38.11,38.23,38.35,37.73,2026-07-06,3,False
MT,Materials,Steel,RSI,RSI 上穿 50 中性線,None,0.0,0.4675,0.3294,,0.3294,0,595,0.0031,65.35,65.55,65.76,64.7,2026-07-06,3,False
NTR,Materials,Agricultural Inputs,RSI,RSI 上穿 50 中性線,None,0.0,0.4675,0.3294,,0.3294,0,595,0.0031,65.32,65.52,65.72,64.67,2026-07-07,3,False
EIX,Utilities,Utilities - Regulated Electric,BB,BB 中軌向上（上升趨勢）,None,0.0,0.51,0.3276,0.3276,0.249,232,7232,0.0063,74.78,75.25,75.72,74.03,2026-07-08,3,False
DVA,Health Care,Medical Care Facilities,RSI,RSI 加速上升,None,0.0,0.5525,0.3269,0.3269,0.2803,156,8492,0.0082,234.31,236.23,238.15,231.97,2026-07-07,3,False
DINO,Energy,Oil & Gas Refining & Marketing,RSI,RSI 動能加速（強勢區）,None,0.0,0.51,0.3265,,0.3265,0,873,0.0005,78.62,78.66,78.7,77.83,2026-07-08,3,False
DTM,Energy,Oil & Gas Midstream,RSI,RSI 動能加速（強勢區）,None,0.0,0.51,0.3265,,0.3265,0,873,0.0005,146.13,146.2,146.28,144.67,2026-07-07,3,False
ET,Energy,Oil & Gas Midstream,RSI,RSI 動能加速（強勢區）,None,0.0,0.51,0.3265,,0.3265,0,873,0.0005,19.81,19.82,19.83,19.61,2026-07-07,3,False
LNG,Energy,Oil & Gas Midstream,RSI,RSI 動能加速（強勢區）,None,0.0,0.51,0.3265,,0.3265,0,873,0.0005,255.0,255.13,255.25,252.45,2026-07-07,3,False
MPLX,Energy,Oil & Gas Midstream,RSI,RSI 動能加速（強勢區）,None,0.0,0.51,0.3265,,0.3265,0,873,0.0005,57.51,57.54,57.57,56.93,2026-07-07,3,False
PAA,Energy,Oil & Gas Midstream,RSI,RSI 動能加速（強勢區）,None,0.0,0.51,0.3265,,0.3265,0,873,0.0005,22.68,22.69,22.7,22.45,2026-07-07,3,False
SUN,Energy,Oil & Gas Refining & Marketing,RSI,RSI 動能加速（強勢區）,None,0.0,0.51,0.3265,,0.3265,0,873,0.0005,68.82,68.85,68.89,68.13,2026-07-07,3,False
TMO,Health Care,Diagnostics & Research,RSI,RSI 維持強勢 (50-70),None,0.0,0.51,0.3265,0.3265,0.2772,196,12123,0.0039,510.13,512.12,514.11,505.03,2026-07-08,3,False
BIP,Utilities,Utilities - Diversified,RSI,RSI 維持強勢 (50-70),None,0.0,0.51,0.3263,,0.3263,0,331,0.0105,37.31,37.7,38.09,36.94,2026-07-06,3,True
AEP,Utilities,Utilities - Regulated Electric,RSI,RSI 維持強勢 (50-70),None,0.0,0.51,0.3262,0.3262,0.2471,279,8831,0.0058,135.9,136.69,137.48,134.54,2026-07-08,3,False
APP,Communication Services,Advertising Agencies,MACD,MACD 金叉 (空頭區),None,0.0,0.42,0.3254,,0.3254,0,252,0.0044,522.18,524.48,526.78,516.96,2026-07-08,3,False
TLK,Communication Services,Telecom Services,MACD,MACD 金叉 (空頭區),None,0.0,0.42,0.3254,,0.3254,0,252,0.0044,13.95,14.01,14.07,13.81,2026-07-07,3,False
RVTY,Health Care,Diagnostics & Research,BB,價格在 BB 中軌上方,None,0.0,0.425,0.3247,0.3247,0.2804,194,14417,-0.0022,109.35,109.11,108.87,108.26,2026-07-08,3,False
BIDU,Communication Services,Internet Content & Information,RSI,RSI 上穿 50 中性線,None,0.0,0.4675,0.3243,,0.3243,0,518,0.004,117.62,118.09,118.56,116.44,2026-07-08,3,False
NYT,Communication Services,Publishing,RSI,RSI 上穿 50 中性線,None,0.0,0.4675,0.3243,,0.3243,0,518,0.004,73.49,73.78,74.08,72.76,2026-07-07,3,False
TME,Communication Services,Internet Content & Information,RSI,RSI 上穿 50 中性線,None,0.0,0.4675,0.3243,,0.3243,0,518,0.004,8.82,8.86,8.89,8.73,2026-07-08,3,False
VIV,Communication Services,Telecom Services,RSI,RSI 上穿 50 中性線,None,0.0,0.4675,0.3243,,0.3243,0,518,0.004,13.47,13.52,13.58,13.34,2026-07-06,3,False
WMG,Communication Services,Entertainment,RSI,RSI 上穿 50 中性線,None,0.0,0.4675,0.3243,,0.3243,0,518,0.004,28.89,29.01,29.12,28.6,2026-07-08,3,False
BMO,Financials,Banks - Diversified,BB,價格在 BB 中軌上方,None,0.0,0.425,0.3239,,0.3239,0,852,0.0045,178.25,179.05,179.85,176.47,2026-07-07,3,True
A,Health Care,Diagnostics & Research,RSI,RSI 維持強勢 (50-70),None,0.0,0.51,0.3237,0.3237,0.2772,207,12123,0.0002,129.07,129.1,129.12,127.78,2026-07-08,3,False
COST,Consumer Staples,Discount Stores,RSI,RSI 加速上升,None,0.0,0.5525,0.3233,0.3233,0.2439,133,5343,0.007,953.13,959.8,966.47,943.6,2026-07-08,3,False
BABA,Consumer Discretionary,Internet Retail,MACD,MACD 金叉 (空頭區),None,0.0,0.42,0.3233,,0.3233,0,529,0.0066,108.98,109.7,110.42,107.89,2026-07-08,3,False
CASY,Consumer Discretionary,Specialty Retail,MACD,MACD 金叉 (空頭區),None,0.0,0.42,0.3233,,0.3233,0,529,0.0066,843.1,848.66,854.23,834.67,2026-07-08,3,False
FIVE,Consumer Discretionary,Specialty Retail,MACD,MACD 金叉 (空頭區),None,0.0,0.42,0.3233,,0.3233,0,529,0.0066,180.75,181.94,183.14,178.94,2026-07-08,3,False
JD,Consumer Discretionary,Internet Retail,MACD,MACD 金叉 (空頭區),None,0.0,0.42,0.3233,,0.3233,0,529,0.0066,26.78,26.96,27.13,26.51,2026-07-06,3,False
LI,Consumer Discretionary,Auto Manufacturers,MACD,MACD 金叉 (空頭區),None,0.0,0.42,0.3233,,0.3233,0,529,0.0066,12.02,12.1,12.18,11.9,2026-07-06,3,False
ROL,Consumer Discretionary,Personal Services,MACD,MACD 金叉 (空頭區),None,0.0,0.42,0.3233,,0.3233,0,529,0.0066,42.73,43.01,43.29,42.3,2026-07-06,3,False
NKE,Consumer Discretionary,Footwear & Accessories,RSI,RSI 加速上升,None,0.0,0.5525,0.3228,0.3228,0.3117,158,6796,-0.0048,42.89,42.68,42.48,42.46,2026-07-08,3,False
AAL,Industrials,Airlines,KDJ,KDJ 金叉,None,0.0,0.5525,0.3223,,0.3223,0,2110,0.0051,17.2,17.29,17.38,17.03,2026-07-07,3,False
AGX,Industrials,Engineering & Construction,KDJ,KDJ 金叉,None,0.0,0.5525,0.3223,,0.3223,0,2110,0.0051,663.18,666.56,669.94,656.55,2026-07-07,3,False
ATI,Industrials,Metal Fabrication,KDJ,KDJ 金叉,None,0.0,0.5525,0.3223,,0.3223,0,2110,0.0051,192.06,193.04,194.02,190.14,2026-07-06,3,False
AYI,Industrials,Electrical Equipment & Parts,KDJ,KDJ 金叉,None,0.0,0.5525,0.3223,,0.3223,0,2110,0.0051,339.25,340.98,342.71,335.86,2026-07-07,3,False
CLH,Industrials,Waste Management,KDJ,KDJ 金叉,None,0.0,0.5525,0.3223,,0.3223,0,2110,0.0051,300.96,302.49,304.03,297.95,2026-07-08,3,False
MAIR,Industrials,Building Products & Equipment,KDJ,KDJ 金叉,None,0.0,0.5525,0.3223,,0.3223,0,2110,0.0051,37.91,38.1,38.3,37.53,2026-07-06,3,False
SAIA,Industrials,Trucking,KDJ,KDJ 金叉,None,0.0,0.5525,0.3223,,0.3223,0,2110,0.0051,414.65,416.76,418.88,410.5,2026-07-08,3,False
SUNB,Industrials,Rental & Leasing Services,KDJ,KDJ 金叉,None,0.0,0.5525,0.3223,,0.3223,0,2110,0.0051,70.3,70.66,71.02,69.6,2026-07-08,3,False
ALB,Materials,Specialty Chemicals,RSI,RSI 加速上升,None,0.0,0.5525,0.3222,0.3222,0.3048,180,3639,-0.0073,129.38,128.44,127.49,128.09,2026-07-08,3,False
APTV,Consumer Discretionary,Auto Parts,RSI,RSI 加速上升,None,0.0,0.5525,0.3214,0.3214,0.3117,112,6796,0.0059,58.57,58.92,59.26,57.98,2026-07-08,3,False
BAM,Financials,Asset Management,MACD,MACD 金叉 (空頭區),None,0.0,0.42,0.3214,,0.3214,0,865,0.0073,46.57,46.91,47.25,46.1,2026-07-07,3,False
BN,Financials,Asset Management,MACD,MACD 金叉 (空頭區),None,0.0,0.42,0.3214,,0.3214,0,865,0.0073,43.79,44.11,44.43,43.35,2026-07-07,3,False
BNT,Financials,Insurance - Diversified,MACD,MACD 金叉 (空頭區),None,0.0,0.42,0.3214,,0.3214,0,865,0.0073,43.81,44.13,44.45,43.37,2026-07-07,3,False
CG,Financials,Asset Management,MACD,MACD 金叉 (空頭區),None,0.0,0.42,0.3214,,0.3214,0,865,0.0073,44.04,44.36,44.68,43.6,2026-07-06,3,False
OWL,Financials,Asset Management,MACD,MACD 金叉 (空頭區),None,0.0,0.42,0.3214,,0.3214,0,865,0.0073,9.49,9.56,9.63,9.4,2026-07-06,3,False
PS,Financials,Asset Management,MACD,MACD 金叉 (空頭區),None,0.0,0.42,0.3214,,0.3214,0,865,0.0073,35.38,35.64,35.9,35.03,2026-07-06,3,False
TPG,Financials,Asset Management,MACD,MACD 金叉 (空頭區),None,0.0,0.42,0.3214,,0.3214,0,865,0.0073,42.59,42.9,43.21,42.16,2026-07-06,3,False
WF,Financials,Banks - Regional,MACD,MACD 金叉 (空頭區),None,0.0,0.42,0.3214,,0.3214,0,865,0.0073,61.87,62.32,62.77,61.25,2026-07-06,3,False
CRCL,Financials,Capital Markets,KDJ,KDJ 金叉,Morning Star,0.8,1.0,0.3208,,0.3208,0,106,0.0016,68.65,68.76,68.87,67.96,2026-07-06,3,False
NTAP,Information Technology,Software - Infrastructure,RSI,RSI 加速上升,None,0.0,0.5525,0.3206,0.3206,0.3693,131,10688,0.0047,165.4,166.18,166.95,163.75,2026-07-08,3,False
MMM,Industrials,Conglomerates,BB,BB 中軌向上（上升趨勢）,None,0.0,0.51,0.3206,0.3206,0.2929,209,17460,0.0049,154.7,155.46,156.22,153.15,2026-07-08,3,False
RF,Financials,Banks - Regional,RSI,RSI 維持強勢 (50-70),None,0.0,0.51,0.3206,0.3206,0.2842,209,19108,0.0091,29.82,30.09,30.36,29.52,2026-07-08,3,False
TDG,Industrials,Aerospace & Defense,KDJ,KDJ 金叉,None,0.0,0.5525,0.32,0.32,0.3223,25,2110,0.0029,1346.12,1350.02,1353.93,1332.66,2026-07-06,3,False
CRM,Information Technology,Software - Application,RSI,RSI 加速上升,None,0.0,0.5525,0.3195,0.3195,0.3693,169,10688,-0.0026,166.58,166.15,165.71,164.91,2026-07-08,3,False
TTWO,Communication Services,Electronic Gaming & Multimedia,RSI,RSI 加速上升,None,0.0,0.5525,0.3191,0.3191,0.3116,141,3322,0.009,257.79,260.11,262.43,255.21,2026-07-07,3,False
DOC,Real Estate,REIT - Healthcare Facilities,RSI,RSI 維持強勢 (50-70),None,0.0,0.51,0.3188,0.3188,0.2509,207,7011,0.004,21.77,21.86,21.94,21.55,2026-07-08,3,False
AUR,Consumer Discretionary,Auto Parts,KDJ,KDJ 金叉,None,0.0,0.5525,0.3183,,0.3183,0,1244,0.0033,6.79,6.81,6.83,6.72,2026-07-06,3,False
AVY,Consumer Discretionary,Packaging & Containers,KDJ,KDJ 金叉,None,0.0,0.5525,0.3183,,0.3183,0,1244,0.0033,166.04,166.59,167.14,164.38,2026-07-06,3,False
BURL,Consumer Discretionary,Apparel Retail,KDJ,KDJ 金叉,None,0.0,0.5525,0.3183,,0.3183,0,1244,0.0033,317.16,318.21,319.25,313.99,2026-07-08,3,False
CART,Consumer Discretionary,Internet Retail,KDJ,KDJ 金叉,None,0.0,0.5525,0.3183,,0.3183,0,1244,0.0033,48.08,48.24,48.4,47.6,2026-07-07,3,False
PAG,Consumer Discretionary,Auto & Truck Dealerships,KDJ,KDJ 金叉,None,0.0,0.5525,0.3183,,0.3183,0,1244,0.0033,183.42,184.03,184.63,181.59,2026-07-06,3,False
AZO,Consumer Discretionary,Auto Parts,KDJ,KDJ 金叉,None,0.0,0.5525,0.3182,0.3182,0.3183,22,1244,0.0145,2957.71,3000.6,3043.48,2928.13,2026-07-06,3,False
CHTR,Communication Services,Telecom Services,BB,BB 中軌向上（上升趨勢）,None,0.0,0.51,0.3182,0.3182,0.2943,176,4771,-0.0003,133.54,133.5,133.46,132.2,2026-07-08,3,False
SWK,Industrials,Tools & Accessories,BB,價格在 BB 中軌上方,None,0.0,0.425,0.3182,0.3182,0.295,198,22337,-0.0023,89.37,89.16,88.96,88.48,2026-07-07,3,False
ASND,Health Care,Biotechnology,MACD,MACD 突破 0 軸,None,0.0,0.595,0.3171,,0.3171,0,432,0.0028,277.18,277.96,278.73,274.41,2026-07-08,3,False
EHC,Health Care,Medical Care Facilities,MACD,MACD 突破 0 軸,None,0.0,0.595,0.3171,,0.3171,0,432,0.0028,106.99,107.29,107.59,105.92,2026-07-06,3,False
INSM,Health Care,Biotechnology,MACD,MACD 突破 0 軸,None,0.0,0.595,0.3171,,0.3171,0,432,0.0028,112.84,113.16,113.47,111.71,2026-07-07,3,False
TEVA,Health Care,Drug Manufacturers - Specialty & Generic,MACD,MACD 突破 0 軸,None,0.0,0.595,0.3171,,0.3171,0,432,0.0028,35.29,35.39,35.49,34.94,2026-07-06,3,False
RIO,Materials,Other Industrial Metals & Mining,KDJ,KDJ 超賣區金叉,None,0.0,0.5599999999999999,0.3156,,0.3156,0,225,0.0029,88.8,89.06,89.32,87.91,2026-07-08,3,False
EXE,Energy,Oil & Gas E&P,RSI,RSI 加速上升,None,0.0,0.5525,0.3151,0.3151,0.3227,146,3306,0.0049,89.56,90.0,90.44,88.66,2026-07-07,3,False
IQV,Health Care,Diagnostics & Research,RSI,RSI 維持強勢 (50-70),None,0.0,0.51,0.315,0.315,0.2772,200,12123,0.0008,203.79,203.95,204.12,201.75,2026-07-08,3,False
MTB,Financials,Banks - Regional,RSI,RSI 維持強勢 (50-70),None,0.0,0.51,0.3149,0.3149,0.2842,289,19108,0.0091,234.63,236.77,238.9,232.28,2026-07-08,3,False
AZN,Health Care,Drug Manufacturers - General,RSI,RSI 上穿 50 中性線,None,0.0,0.4675,0.3144,,0.3144,0,1323,0.003,190.16,190.73,191.3,188.26,2026-07-06,3,False
UTHR,Health Care,Drug Manufacturers - Specialty & Generic,RSI,RSI 上穿 50 中性線,None,0.0,0.4675,0.3144,,0.3144,0,1323,0.003,563.7,565.39,567.08,558.06,2026-07-07,3,False
ROK,Industrials,Specialty Industrial Machinery,RSI,RSI 動能加速（強勢區）,None,0.0,0.51,0.3143,0.3143,0.2891,35,3037,-0.0013,482.87,482.24,481.61,478.04,2026-07-06,3,False
BBDO,Financials,Banks - Regional,KDJ,KDJ 金叉,None,0.0,0.5525,0.3142,,0.3142,0,1932,0.0041,2.99,3.0,3.01,2.96,2026-07-07,3,False
BPOP,Financials,Banks - Regional,KDJ,KDJ 金叉,None,0.0,0.5525,0.3142,,0.3142,0,1932,0.0041,168.69,169.38,170.07,167.0,2026-07-06,3,False
CIB,Financials,Banks - Regional,KDJ,KDJ 金叉,None,0.0,0.5525,0.3142,,0.3142,0,1932,0.0041,80.9,81.23,81.56,80.09,2026-07-06,3,False
CM,Financials,Banks - Diversified,KDJ,KDJ 金叉,None,0.0,0.5525,0.3142,,0.3142,0,1932,0.0041,115.91,116.39,116.86,114.75,2026-07-07,3,False
FUTU,Financials,Capital Markets,KDJ,KDJ 金叉,None,0.0,0.5525,0.3142,,0.3142,0,1932,0.0041,98.17,98.57,98.97,97.19,2026-07-06,3,False
HBANL,Financials,Banks - Regional,KDJ,KDJ 金叉,None,0.0,0.5525,0.3142,,0.3142,0,1932,0.0041,24.99,25.09,25.19,24.74,2026-07-06,3,False
HBANZ,Financials,Banks - Regional,KDJ,KDJ 金叉,None,0.0,0.5525,0.3142,,0.3142,0,1932,0.0041,19.86,19.94,20.02,19.66,2026-07-06,3,False
IREN,Financials,Capital Markets,KDJ,KDJ 金叉,None,0.0,0.5525,0.3142,,0.3142,0,1932,0.0041,43.005,43.18,43.36,42.57,2026-07-08,3,False
IX,Financials,Financial Conglomerates,KDJ,KDJ 金叉,None,0.0,0.5525,0.3142,,0.3142,0,1932,0.0041,39.85,40.01,40.18,39.45,2026-07-06,3,False
JEF,Financials,Capital Markets,KDJ,KDJ 金叉,None,0.0,0.5525,0.3142,,0.3142,0,1932,0.0041,54.84,55.06,55.29,54.29,2026-07-06,3,False
VLYPN,Financials,Banks - Regional,KDJ,KDJ 金叉,None,0.0,0.5525,0.3142,,0.3142,0,1932,0.0041,25.78,25.89,25.99,25.52,2026-07-07,3,False
RGLD,Materials,Gold,KDJ,KDJ 金叉,None,0.0,0.5525,0.314,,0.314,0,637,0.0047,201.91,202.86,203.81,199.89,2026-07-06,3,False
RS,Materials,Steel,KDJ,KDJ 金叉,None,0.0,0.5525,0.314,,0.314,0,637,0.0047,379.35,381.13,382.92,375.56,2026-07-07,3,False
SCCO,Materials,Copper,KDJ,KDJ 金叉,None,0.0,0.5525,0.314,,0.314,0,637,0.0047,173.87,174.69,175.5,172.13,2026-07-06,3,False
VALE,Materials,Other Industrial Metals & Mining,KDJ,KDJ 金叉,None,0.0,0.5525,0.314,,0.314,0,637,0.0047,15.09,15.16,15.23,14.94,2026-07-06,3,False
NTES,Communication Services,Electronic Gaming & Multimedia,RSI,RSI 動能加速（強勢區）,None,0.0,0.51,0.3135,,0.3135,0,772,0.0011,130.99,131.13,131.28,129.68,2026-07-06,3,False
TIGO,Communication Services,Telecom Services,RSI,RSI 動能加速（強勢區）,None,0.0,0.51,0.3135,,0.3135,0,772,0.0011,94.08,94.18,94.29,93.14,2026-07-08,3,False
PYPL,Financials,Credit Services,RSI,RSI 維持強勢 (50-70),None,0.0,0.51,0.3128,0.3128,0.2842,211,19108,-0.0065,44.53,44.24,43.95,44.08,2026-07-08,3,False
USB,Financials,Banks - Regional,RSI,RSI 加速上升,None,0.0,0.5525,0.3125,0.3125,0.3014,144,11488,0.0044,62.83,63.11,63.38,62.2,2026-07-06,3,False
CVX,Energy,Oil & Gas Integrated,MACD,MACD 金叉 (空頭區),None,0.0,0.42,0.3125,0.3125,0.3557,16,253,0.0099,175.97,177.71,179.45,174.21,2026-07-08,3,False
PGR,Financials,Insurance - Property & Casualty,BB,BB 中軌向上（上升趨勢）,None,0.0,0.51,0.3119,0.3119,0.2681,202,16575,0.0077,232.9,234.69,236.49,230.57,2026-07-08,3,False
AS,Consumer Discretionary,Leisure,RSI,RSI 加速上升,None,0.0,0.5525,0.3117,,0.3117,0,6796,0.004,34.03,34.17,34.3,33.69,2026-07-07,3,False
CPNG,Consumer Discretionary,Internet Retail,RSI,RSI 加速上升,None,0.0,0.5525,0.3117,,0.3117,0,6796,0.004,19.0,19.08,19.15,18.81,2026-07-08,3,False
FLUT,Consumer Discretionary,Gambling,RSI,RSI 加速上升,None,0.0,0.5525,0.3117,,0.3117,0,6796,0.004,111.32,111.77,112.21,110.21,2026-07-08,3,False
HMC,Consumer Discretionary,Auto Manufacturers,RSI,RSI 加速上升,None,0.0,0.5525,0.3117,,0.3117,0,6796,0.004,29.63,29.75,29.87,29.33,2026-07-06,3,False
MELI,Consumer Discretionary,Internet Retail,RSI,RSI 加速上升,None,0.0,0.5525,0.3117,,0.3117,0,6796,0.004,1809.38,1816.62,1823.86,1791.29,2026-07-08,3,False
NIO,Consumer Discretionary,Auto Manufacturers,RSI,RSI 加速上升,None,0.0,0.5525,0.3117,,0.3117,0,6796,0.004,5.02,5.04,5.06,4.97,2026-07-06,3,False
ONON,Consumer Discretionary,Footwear & Accessories,RSI,RSI 加速上升,None,0.0,0.5525,0.3117,,0.3117,0,6796,0.004,36.62,36.77,36.91,36.25,2026-07-07,3,False
PDD,Consumer Discretionary,Internet Retail,RSI,RSI 加速上升,None,0.0,0.5525,0.3117,,0.3117,0,6796,0.004,84.74,85.08,85.42,83.89,2026-07-08,3,False
QSR,Consumer Discretionary,Restaurants,RSI,RSI 加速上升,None,0.0,0.5525,0.3117,,0.3117,0,6796,0.004,74.45,74.75,75.05,73.71,2026-07-08,3,False
RACE,Consumer Discretionary,Auto Manufacturers,RSI,RSI 加速上升,None,0.0,0.5525,0.3117,,0.3117,0,6796,0.004,386.99,388.54,390.09,383.12,2026-07-07,3,False
SE,Consumer Discretionary,Internet Retail,RSI,RSI 加速上升,None,0.0,0.5525,0.3117,,0.3117,0,6796,0.004,105.31,105.73,106.15,104.26,2026-07-08,3,False
TCOM,Consumer Discretionary,Travel Services,RSI,RSI 加速上升,None,0.0,0.5525,0.3117,,0.3117,0,6796,0.004,41.38,41.55,41.71,40.97,2026-07-08,3,False
TM,Consumer Discretionary,Auto Manufacturers,RSI,RSI 加速上升,None,0.0,0.5525,0.3117,,0.3117,0,6796,0.004,177.15,177.86,178.57,175.38,2026-07-08,3,False
XPEV,Consumer Discretionary,Auto Manufacturers,RSI,RSI 加速上升,None,0.0,0.5525,0.3117,,0.3117,0,6796,0.004,13.17,13.22,13.28,13.04,2026-07-07,3,False
AMX,Communication Services,Telecom Services,RSI,RSI 加速上升,None,0.0,0.5525,0.3116,,0.3116,0,3322,0.0033,26.41,26.5,26.58,26.15,2026-07-08,3,False
CCZ,Communication Services,Cable & Satellite,RSI,RSI 加速上升,None,0.0,0.5525,0.3116,,0.3116,0,3322,0.0033,66.5,66.72,66.94,65.83,2026-07-06,3,False
FWONA,Communication Services,Entertainment,RSI,RSI 加速上升,None,0.0,0.5525,0.3116,,0.3116,0,3322,0.0033,91.34,91.64,91.94,90.43,2026-07-07,3,False
FWONK,Communication Services,Entertainment,RSI,RSI 加速上升,None,0.0,0.5525,0.3116,,0.3116,0,3322,0.0033,98.83,99.16,99.48,97.84,2026-07-07,3,False
PINS,Communication Services,Internet Content & Information,RSI,RSI 加速上升,None,0.0,0.5525,0.3116,,0.3116,0,3322,0.0033,22.53,22.6,22.68,22.3,2026-07-08,3,False
RBLX,Communication Services,Electronic Gaming & Multimedia,RSI,RSI 加速上升,None,0.0,0.5525,0.3116,,0.3116,0,3322,0.0033,57.03,57.22,57.41,56.46,2026-07-06,3,False
RCI,Communication Services,Telecom Services,RSI,RSI 加速上升,None,0.0,0.5525,0.3116,,0.3116,0,3322,0.0033,32.77,32.88,32.99,32.44,2026-07-08,3,False
RDDT,Communication Services,Internet Content & Information,RSI,RSI 加速上升,None,0.0,0.5525,0.3116,,0.3116,0,3322,0.0033,195.31,195.95,196.6,193.36,2026-07-08,3,False
ROKU,Communication Services,Entertainment,RSI,RSI 加速上升,None,0.0,0.5525,0.3116,,0.3116,0,3322,0.0033,142.26,142.73,143.2,140.84,2026-07-06,3,False
TIMB,Communication Services,Telecom Services,RSI,RSI 加速上升,None,0.0,0.5525,0.3116,,0.3116,0,3322,0.0033,21.9,21.97,22.04,21.68,2026-07-07,3,False
TU,Communication Services,Telecom Services,RSI,RSI 加速上升,None,0.0,0.5525,0.3116,,0.3116,0,3322,0.0033,10.45,10.48,10.52,10.35,2026-07-08,3,False
LMT,Industrials,Aerospace & Defense,BB,BB 中軌向上（上升趨勢）,None,0.0,0.51,0.3116,0.3116,0.2929,215,17460,0.0073,527.96,531.81,535.67,522.68,2026-07-08,3,False
UNP,Industrials,Railroads,RSI,RSI 加速上升,None,0.0,0.5525,0.3108,0.3108,0.2981,148,11545,0.0081,280.94,283.22,285.49,278.13,2026-07-08,3,False
LUV,Industrials,Airlines,BB,價格在 BB 中軌上方,None,0.0,0.425,0.3099,0.3099,0.295,213,22337,0.001,48.66,48.71,48.76,48.17,2026-07-08,3,False
EDU,Consumer Staples,Education & Training Services,RSI,RSI 維持強勢 (50-70),None,0.0,0.51,0.3092,,0.3092,0,262,0.0027,47.81,47.94,48.07,47.33,2026-07-07,3,True
TDY,Information Technology,Scientific & Technical Instruments,BB,價格在 BB 中軌上方,None,0.0,0.425,0.3092,0.3092,0.3573,262,20206,0.0067,639.51,643.79,648.08,633.11,2026-07-08,3,False
DG,Consumer Staples,Discount Stores,BB,BB 中軌向上（上升趨勢）,None,0.0,0.51,0.3091,0.3091,0.2466,165,6128,-0.0063,114.8,114.08,113.35,113.65,2026-07-08,3,False
MCO,Financials,Financial Data & Stock Exchanges,RSI,RSI 加速上升,None,0.0,0.5525,0.3077,0.3077,0.3014,143,11488,0.0067,485.1,488.35,491.6,480.25,2026-07-08,3,False
IRM,Real Estate,REIT - Specialty,BB,BB 跌破下軌 (超賣),None,0.0,0.45499999999999996,0.3077,0.3077,0.25,13,564,-0.0045,116.38,115.86,115.33,115.22,2026-07-06,3,False
ATO,Utilities,Utilities - Regulated Gas,MACD,MACD 金叉 (空頭區),None,0.0,0.42,0.3077,0.3077,0.2494,13,409,0.0052,177.09,178.01,178.93,175.32,2026-07-08,3,False
OXY,Energy,Oil & Gas E&P,MACD,MACD 金叉 (空頭區),None,0.0,0.42,0.3077,0.3077,0.3557,13,253,-0.0015,53.59,53.51,53.43,53.05,2026-07-08,3,False
EG,Financials,Insurance - Reinsurance,RSI,RSI 加速上升,None,0.0,0.5525,0.3072,0.3072,0.3014,153,11488,0.0013,371.29,371.77,372.26,367.58,2026-07-08,3,False
CHRW,Industrials,Integrated Freight & Logistics,RSI,RSI 維持強勢 (50-70),None,0.0,0.51,0.3059,0.3059,0.2986,219,19157,0.0004,189.95,190.03,190.1,188.05,2026-07-08,3,False
TROW,Financials,Asset Management,BB,BB 中軌向上（上升趨勢）,None,0.0,0.51,0.3059,0.3059,0.2681,170,16575,0.0082,117.96,118.93,119.89,116.78,2026-07-08,3,False
KVUE,Consumer Staples,Household & Personal Products,RSI,RSI 維持強勢 (50-70),None,0.0,0.51,0.305,0.305,0.2452,200,7574,0.004,19.29,19.37,19.44,19.1,2026-07-08,3,False
AA,Materials,Aluminum,RSI,RSI 加速上升,None,0.0,0.5525,0.3048,,0.3048,0,3639,0.0024,48.51,48.63,48.74,48.02,2026-07-08,3,False
AEM,Materials,Gold,RSI,RSI 加速上升,None,0.0,0.5525,0.3048,,0.3048,0,3639,0.0024,144.89,145.24,145.59,143.44,2026-07-08,3,False
AGI,Materials,Gold,RSI,RSI 加速上升,None,0.0,0.5525,0.3048,,0.3048,0,3639,0.0024,29.23,29.3,29.37,28.94,2026-07-08,3,False
BHP,Materials,Other Industrial Metals & Mining,RSI,RSI 加速上升,None,0.0,0.5525,0.3048,,0.3048,0,3639,0.0024,83.64,83.84,84.04,82.8,2026-07-06,3,False
CDE,Materials,Gold,RSI,RSI 加速上升,None,0.0,0.5525,0.3048,,0.3048,0,3639,0.0024,16.99,17.03,17.07,16.82,2026-07-06,3,False
GFI,Materials,Gold,RSI,RSI 加速上升,None,0.0,0.5525,0.3048,,0.3048,0,3639,0.0024,34.61,34.69,34.78,34.26,2026-07-06,3,False
HL,Materials,Other Precious Metals & Mining,RSI,RSI 加速上升,None,0.0,0.5525,0.3048,,0.3048,0,3639,0.0024,16.46,16.5,16.54,16.3,2026-07-06,3,False
TECK,Materials,Other Industrial Metals & Mining,RSI,RSI 加速上升,None,0.0,0.5525,0.3048,,0.3048,0,3639,0.0024,61.45,61.6,61.74,60.84,2026-07-06,3,False
MO,Consumer Staples,Tobacco,BB,BB 中軌向上（上升趨勢）,None,0.0,0.51,0.3048,0.3048,0.2466,210,6128,0.0013,72.81,72.9,73.0,72.08,2026-07-08,3,False
CMG,Consumer Discretionary,Restaurants,BB,價格在 BB 中軌上方,None,0.0,0.425,0.3047,0.3047,0.2984,256,12430,0.0009,33.43,33.46,33.49,33.1,2026-07-08,3,False
PSX,Energy,Oil & Gas Refining & Marketing,RSI,RSI 動能加速（強勢區）,None,0.0,0.51,0.3043,0.3043,0.3265,46,873,0.0041,187.81,188.58,189.35,185.93,2026-07-08,3,False
BE,Industrials,Electrical Equipment & Parts,RSI,RSI 上穿 50 中性線,None,0.0,0.4675,0.304,,0.304,0,1816,0.0018,295.05,295.58,296.11,292.1,2026-07-06,3,False
DRS,Industrials,Aerospace & Defense,RSI,RSI 上穿 50 中性線,None,0.0,0.4675,0.304,,0.304,0,1816,0.0018,45.37,45.45,45.53,44.92,2026-07-06,3,False
R,Industrials,Rental & Leasing Services,RSI,RSI 上穿 50 中性線,None,0.0,0.4675,0.304,,0.304,0,1816,0.0018,262.49,262.96,263.43,259.87,2026-07-06,3,False
SPXC,Industrials,Building Products & Equipment,RSI,RSI 上穿 50 中性線,None,0.0,0.4675,0.304,,0.304,0,1816,0.0018,232.19,232.61,233.03,229.87,2026-07-06,3,False
SYM,Industrials,Specialty Industrial Machinery,RSI,RSI 上穿 50 中性線,None,0.0,0.4675,0.304,,0.304,0,1816,0.0018,44.46,44.54,44.62,44.02,2026-07-06,3,False
TFII,Industrials,Trucking,RSI,RSI 上穿 50 中性線,None,0.0,0.4675,0.304,,0.304,0,1816,0.0018,147.12,147.38,147.65,145.65,2026-07-08,3,False
CINF,Financials,Insurance - Property & Casualty,RSI,RSI 維持強勢 (50-70),None,0.0,0.51,0.3039,0.3039,0.2842,306,19108,0.0032,181.57,182.15,182.73,179.75,2026-07-08,3,False
LYG,Financials,Banks - Regional,BB,價格在 BB 中軌上方,Cup & Handle,0.85,1.0,0.3027,,0.3027,0,5239,0.0046,6.17,6.2,6.23,6.11,2026-07-06,3,False
TFC,Financials,Banks - Regional,BB,價格在 BB 中軌上方,None,0.0,0.425,0.3022,0.3022,0.2847,278,21689,0.003,51.36,51.51,51.67,50.85,2026-07-07,3,False
ERIC,Information Technology,Communication Equipment,KDJ,KDJ 超賣區金叉,None,0.0,0.5599999999999999,0.3016,,0.3016,0,368,-0.0,10.89,10.89,10.89,10.78,2026-07-06,3,False
BBVA,Financials,Banks - Diversified,RSI,RSI 加速上升,None,0.0,0.5525,0.3014,,0.3014,0,11488,0.0041,26.07,26.18,26.28,25.81,2026-07-07,3,False
BCH,Financials,Banks - Regional,RSI,RSI 加速上升,None,0.0,0.5525,0.3014,,0.3014,0,11488,0.0041,40.52,40.69,40.85,40.11,2026-07-07,3,False
BCS,Financials,Banks - Diversified,RSI,RSI 加速上升,None,0.0,0.5525,0.3014,,0.3014,0,11488,0.0041,28.41,28.53,28.64,28.13,2026-07-06,3,False
BNY,Financials,Banks - Diversified,RSI,RSI 加速上升,None,0.0,0.5525,0.3014,,0.3014,0,11488,0.0041,150.14,150.76,151.37,148.64,2026-07-08,3,False
BPYPM,Financials,Asset Management,RSI,RSI 加速上升,None,0.0,0.5525,0.3014,,0.3014,0,11488,0.0041,15.82,15.88,15.95,15.66,2026-07-08,3,False
BSAC,Financials,Banks - Regional,RSI,RSI 加速上升,None,0.0,0.5525,0.3014,,0.3014,0,11488,0.0041,33.7,33.84,33.98,33.36,2026-07-07,3,False
CNA,Financials,Insurance - Property & Casualty,RSI,RSI 加速上升,None,0.0,0.5525,0.3014,,0.3014,0,11488,0.0041,51.44,51.65,51.86,50.93,2026-07-08,3,False
CRBG,Financials,Asset Management,RSI,RSI 加速上升,None,0.0,0.5525,0.3014,,0.3014,0,11488,0.0041,30.61,30.74,30.86,30.3,2026-07-07,3,False
DB,Financials,Banks - Regional,RSI,RSI 加速上升,None,0.0,0.5525,0.3014,,0.3014,0,11488,0.0041,36.64,36.79,36.94,36.27,2026-07-07,3,False
EQH,Financials,Asset Management,RSI,RSI 加速上升,None,0.0,0.5525,0.3014,,0.3014,0,11488,0.0041,46.98,47.17,47.37,46.51,2026-07-07,3,False
FNF,Financials,Insurance - Specialty,RSI,RSI 加速上升,None,0.0,0.5525,0.3014,,0.3014,0,11488,0.0041,48.85,49.05,49.25,48.36,2026-07-08,3,False
HBANM,Financials,Banks - Regional,RSI,RSI 加速上升,None,0.0,0.5525,0.3014,,0.3014,0,11488,0.0041,20.89,20.98,21.06,20.68,2026-07-06,3,False
HBANP,Financials,Banks - Regional,RSI,RSI 加速上升,None,0.0,0.5525,0.3014,,0.3014,0,11488,0.0041,16.15,16.22,16.28,15.99,2026-07-07,3,False
HDB,Financials,Banks - Regional,RSI,RSI 加速上升,None,0.0,0.5525,0.3014,,0.3014,0,11488,0.0041,27.13,27.24,27.35,26.86,2026-07-07,3,False
HSBC,Financials,Banks - Diversified,RSI,RSI 加速上升,None,0.0,0.5525,0.3014,,0.3014,0,11488,0.0041,98.74,99.14,99.55,97.75,2026-07-06,3,False
ING,Financials,Banks - Diversified,RSI,RSI 加速上升,None,0.0,0.5525,0.3014,,0.3014,0,11488,0.0041,32.96,33.1,33.23,32.63,2026-07-06,3,False
MFC,Financials,Insurance - Life,RSI,RSI 加速上升,None,0.0,0.5525,0.3014,,0.3014,0,11488,0.0041,41.36,41.53,41.7,40.95,2026-07-06,3,False
MFG,Financials,Banks - Regional,RSI,RSI 加速上升,None,0.0,0.5525,0.3014,,0.3014,0,11488,0.0041,10.23,10.27,10.31,10.13,2026-07-08,3,False
MUFG,Financials,Banks - Diversified,RSI,RSI 加速上升,None,0.0,0.5525,0.3014,,0.3014,0,11488,0.0041,21.08,21.17,21.25,20.87,2026-07-08,3,False
NMR,Financials,Capital Markets,RSI,RSI 加速上升,None,0.0,0.5525,0.3014,,0.3014,0,11488,0.0041,9.45,9.49,9.53,9.36,2026-07-08,3,False
NU,Financials,Banks - Regional,RSI,RSI 加速上升,None,0.0,0.5525,0.3014,,0.3014,0,11488,0.0041,14.06,14.12,14.18,13.92,2026-07-06,3,False
NWG,Financials,Banks - Regional,RSI,RSI 加速上升,None,0.0,0.5525,0.3014,,0.3014,0,11488,0.0041,18.37,18.45,18.52,18.19,2026-07-06,3,False
PUK,Financials,Insurance - Life,RSI,RSI 加速上升,None,0.0,0.5525,0.3014,,0.3014,0,11488,0.0041,27.65,27.76,27.88,27.37,2026-07-07,3,False
RGA,Financials,Insurance - Reinsurance,RSI,RSI 加速上升,None,0.0,0.5525,0.3014,,0.3014,0,11488,0.0041,227.62,228.55,229.49,225.34,2026-07-08,3,False
RYAN,Financials,Insurance - Specialty,RSI,RSI 加速上升,None,0.0,0.5525,0.3014,,0.3014,0,11488,0.0041,41.29,41.46,41.63,40.88,2026-07-08,3,False
SAN,Financials,Banks - Diversified,RSI,RSI 加速上升,None,0.0,0.5525,0.3014,,0.3014,0,11488,0.0041,14.37,14.43,14.49,14.23,2026-07-06,3,False
SEIC,Financials,Asset Management,RSI,RSI 加速上升,None,0.0,0.5525,0.3014,,0.3014,0,11488,0.0041,94.51,94.9,95.28,93.56,2026-07-08,3,False
SMFG,Financials,Banks - Diversified,RSI,RSI 加速上升,None,0.0,0.5525,0.3014,,0.3014,0,11488,0.0041,25.32,25.42,25.53,25.07,2026-07-08,3,False
SNEX,Financials,Capital Markets,RSI,RSI 加速上升,None,0.0,0.5525,0.3014,,0.3014,0,11488,0.0041,121.49,121.99,122.49,120.28,2026-07-07,3,False
SPY,Financials,Asset Management,RSI,RSI 加速上升,None,0.0,0.5525,0.3014,,0.3014,0,11488,0.0041,751.28,754.36,757.44,743.77,2026-07-06,3,False
TRU,Financials,Financial Data & Stock Exchanges,RSI,RSI 加速上升,None,0.0,0.5525,0.3014,,0.3014,0,11488,0.0041,78.78,79.1,79.43,77.99,2026-07-07,3,False
TW,Financials,Capital Markets,RSI,RSI 加速上升,None,0.0,0.5525,0.3014,,0.3014,0,11488,0.0041,100.26,100.67,101.08,99.26,2026-07-07,3,False
UBS,Financials,Banks - Diversified,RSI,RSI 加速上升,None,0.0,0.5525,0.3014,,0.3014,0,11488,0.0041,51.44,51.65,51.86,50.93,2026-07-07,3,False
VLYPP,Financials,Banks - Regional,RSI,RSI 加速上升,None,0.0,0.5525,0.3014,,0.3014,0,11488,0.0041,24.92,25.02,25.12,24.67,2026-07-08,3,False
WBS,Financials,Banks - Regional,RSI,RSI 加速上升,None,0.0,0.5525,0.3014,,0.3014,0,11488,0.0041,77.6,77.92,78.24,76.82,2026-07-06,3,False
CSX,Industrials,Railroads,BB,價格在 BB 中軌上方,None,0.0,0.425,0.3006,0.3006,0.295,336,22337,0.0054,48.69,48.95,49.22,48.2,2026-07-08,3,False
AXIA,Utilities,Utilities - Renewable,KDJ,KDJ 金叉,None,0.0,0.5525,0.3001,,0.3001,0,713,0.0052,10.32,10.37,10.43,10.22,2026-07-07,3,False
ENLT,Utilities,Utilities - Renewable,KDJ,KDJ 金叉,None,0.0,0.5525,0.3001,,0.3001,0,713,0.0052,89.03,89.49,89.96,88.14,2026-07-06,3,False
NGG,Utilities,Utilities - Regulated Electric,KDJ,KDJ 金叉,None,0.0,0.5525,0.3001,,0.3001,0,713,0.0052,83.11,83.54,83.97,82.28,2026-07-07,3,False
AVB,Real Estate,REIT - Residential,KDJ,KDJ 金叉,None,0.0,0.5525,0.3,0.3,0.2818,20,550,0.0011,194.35,194.56,194.78,192.41,2026-07-06,3,False
PM,Consumer Staples,Tobacco,RSI,RSI 加速上升,None,0.0,0.5525,0.3,0.3,0.2439,160,5343,0.0027,187.07,187.58,188.08,185.2,2026-07-08,3,False
KHC,Consumer Staples,Packaged Foods,RSI,RSI 動能加速（強勢區）,None,0.0,0.51,0.3,0.3,0.2456,20,1148,-0.0052,25.3,25.17,25.04,25.05,2026-07-07,3,False
AMCR,Consumer Discretionary,Packaging & Containers,RSI,RSI 維持強勢 (50-70),None,0.0,0.51,0.2995,,0.2995,0,10441,0.0032,41.95,42.08,42.22,41.53,2026-07-08,3,False
BALL,Consumer Discretionary,Packaging & Containers,RSI,RSI 維持強勢 (50-70),None,0.0,0.51,0.2995,,0.2995,0,10441,0.0032,60.29,60.48,60.68,59.69,2026-07-08,3,False
BROS,Consumer Discretionary,Restaurants,RSI,RSI 維持強勢 (50-70),None,0.0,0.51,0.2995,,0.2995,0,10441,0.0032,66.28,66.49,66.7,65.62,2026-07-07,3,False
CCK,Consumer Discretionary,Packaging & Containers,RSI,RSI 維持強勢 (50-70),None,0.0,0.51,0.2995,,0.2995,0,10441,0.0032,109.25,109.6,109.95,108.16,2026-07-08,3,False
DKS,Consumer Discretionary,Specialty Retail,RSI,RSI 維持強勢 (50-70),None,0.0,0.51,0.2995,,0.2995,0,10441,0.0032,229.02,229.75,230.49,226.73,2026-07-06,3,False
IHG,Consumer Discretionary,Lodging,RSI,RSI 維持強勢 (50-70),None,0.0,0.51,0.2995,,0.2995,0,10441,0.0032,166.63,167.16,167.7,164.96,2026-07-07,3,False
IP,Consumer Discretionary,Packaging & Containers,RSI,RSI 維持強勢 (50-70),None,0.0,0.51,0.2995,,0.2995,0,10441,0.0032,36.67,36.79,36.9,36.3,2026-07-08,3,False
PKG,Consumer Discretionary,Packaging & Containers,RSI,RSI 維持強勢 (50-70),None,0.0,0.51,0.2995,,0.2995,0,10441,0.0032,232.4,233.14,233.89,230.08,2026-07-07,3,False
SCI,Consumer Discretionary,Personal Services,RSI,RSI 維持強勢 (50-70),None,0.0,0.51,0.2995,,0.2995,0,10441,0.0032,76.76,77.01,77.25,75.99,2026-07-08,3,False
SGI,Consumer Discretionary,"Furnishings, Fixtures & Appliances",RSI,RSI 維持強勢 (50-70),None,0.0,0.51,0.2995,,0.2995,0,10441,0.0032,74.82,75.06,75.3,74.07,2026-07-07,3,False
SN,Consumer Discretionary,"Furnishings, Fixtures & Appliances",RSI,RSI 維持強勢 (50-70),None,0.0,0.51,0.2995,,0.2995,0,10441,0.0032,146.49,146.96,147.43,145.03,2026-07-08,3,False
SW,Consumer Discretionary,Packaging & Containers,RSI,RSI 維持強勢 (50-70),None,0.0,0.51,0.2995,,0.2995,0,10441,0.0032,45.0,45.14,45.29,44.55,2026-07-07,3,False
TOL,Consumer Discretionary,Residential Construction,RSI,RSI 維持強勢 (50-70),None,0.0,0.51,0.2995,,0.2995,0,10441,0.0032,151.64,152.13,152.61,150.12,2026-07-07,3,False
TXRH,Consumer Discretionary,Restaurants,RSI,RSI 維持強勢 (50-70),None,0.0,0.51,0.2995,,0.2995,0,10441,0.0032,181.68,182.26,182.84,179.86,2026-07-08,3,False
VIK,Consumer Discretionary,Travel Services,RSI,RSI 維持強勢 (50-70),None,0.0,0.51,0.2995,,0.2995,0,10441,0.0032,97.97,98.28,98.6,96.99,2026-07-08,3,False
W,Consumer Discretionary,Internet Retail,RSI,RSI 維持強勢 (50-70),None,0.0,0.51,0.2995,,0.2995,0,10441,0.0032,86.74,87.02,87.3,85.87,2026-07-08,3,False
AER,Industrials,Rental & Leasing Services,RSI,RSI 維持強勢 (50-70),None,0.0,0.51,0.2986,,0.2986,0,19157,0.0036,148.93,149.47,150.0,147.44,2026-07-08,3,False
AIT,Industrials,Industrial Distribution,RSI,RSI 維持強勢 (50-70),None,0.0,0.51,0.2986,,0.2986,0,19157,0.0036,315.88,317.02,318.15,312.72,2026-07-08,3,False
APG,Industrials,Engineering & Construction,RSI,RSI 維持強勢 (50-70),None,0.0,0.51,0.2986,,0.2986,0,19157,0.0036,41.47,41.62,41.77,41.06,2026-07-08,3,False
ARXS,Industrials,Aerospace & Defense,RSI,RSI 維持強勢 (50-70),None,0.0,0.51,0.2986,,0.2986,0,19157,0.0036,43.11,43.27,43.42,42.68,2026-07-08,3,False
CNH,Industrials,Farm & Heavy Construction Machinery,RSI,RSI 維持強勢 (50-70),None,0.0,0.51,0.2986,,0.2986,0,19157,0.0036,10.87,10.91,10.95,10.76,2026-07-06,3,False
CNI,Industrials,Railroads,RSI,RSI 維持強勢 (50-70),None,0.0,0.51,0.2986,,0.2986,0,19157,0.0036,122.78,123.22,123.66,121.55,2026-07-07,3,False
CP,Industrials,Railroads,RSI,RSI 維持強勢 (50-70),None,0.0,0.51,0.2986,,0.2986,0,19157,0.0036,89.4,89.72,90.04,88.51,2026-07-08,3,False
CR,Industrials,Specialty Industrial Machinery,RSI,RSI 維持強勢 (50-70),None,0.0,0.51,0.2986,,0.2986,0,19157,0.0036,214.13,214.9,215.67,211.99,2026-07-08,3,False
CRS,Industrials,Metal Fabrication,RSI,RSI 維持強勢 (50-70),None,0.0,0.51,0.2986,,0.2986,0,19157,0.0036,587.63,589.75,591.86,581.75,2026-07-08,3,False
CSL,Industrials,Building Products & Equipment,RSI,RSI 維持強勢 (50-70),None,0.0,0.51,0.2986,,0.2986,0,19157,0.0036,367.15,368.47,369.79,363.48,2026-07-06,3,False
CW,Industrials,Aerospace & Defense,RSI,RSI 維持強勢 (50-70),None,0.0,0.51,0.2986,,0.2986,0,19157,0.0036,760.57,763.31,766.05,752.96,2026-07-08,3,False
DCI,Industrials,Specialty Industrial Machinery,RSI,RSI 維持強勢 (50-70),None,0.0,0.51,0.2986,,0.2986,0,19157,0.0036,87.68,88.0,88.31,86.8,2026-07-08,3,False
EMBJ,Industrials,Aerospace & Defense,RSI,RSI 維持強勢 (50-70),None,0.0,0.51,0.2986,,0.2986,0,19157,0.0036,63.42,63.65,63.88,62.79,2026-07-08,3,False
GPN,Industrials,Specialty Business Services,RSI,RSI 維持強勢 (50-70),None,0.0,0.51,0.2986,,0.2986,0,19157,0.0036,73.01,73.27,73.54,72.28,2026-07-08,3,False
HEI,Industrials,Aerospace & Defense,RSI,RSI 維持強勢 (50-70),None,0.0,0.51,0.2986,,0.2986,0,19157,0.0036,347.78,349.03,350.28,344.3,2026-07-08,3,False
LTM,Industrials,Airlines,RSI,RSI 維持強勢 (50-70),None,0.0,0.51,0.2986,,0.2986,0,19157,0.0036,56.73,56.93,57.14,56.16,2026-07-07,3,False
OC,Industrials,Building Products & Equipment,RSI,RSI 維持強勢 (50-70),None,0.0,0.51,0.2986,,0.2986,0,19157,0.0036,137.43,137.92,138.42,136.06,2026-07-08,3,False
PAC,Industrials,Airports & Air Services,RSI,RSI 維持強勢 (50-70),None,0.0,0.51,0.2986,,0.2986,0,19157,0.0036,254.42,255.34,256.25,251.88,2026-07-06,3,False
POOL,Industrials,Industrial Distribution,RSI,RSI 維持強勢 (50-70),None,0.0,0.51,0.2986,,0.2986,0,19157,0.0036,204.2,204.94,205.67,202.16,2026-07-08,3,False
RBA,Industrials,Specialty Business Services,RSI,RSI 維持強勢 (50-70),None,0.0,0.51,0.2986,,0.2986,0,19157,0.0036,111.09,111.49,111.89,109.98,2026-07-08,3,False
RRX,Industrials,Specialty Industrial Machinery,RSI,RSI 維持強勢 (50-70),None,0.0,0.51,0.2986,,0.2986,0,19157,0.0036,217.91,218.69,219.48,215.73,2026-07-06,3,False
TRI,Industrials,Specialty Business Services,RSI,RSI 維持強勢 (50-70),None,0.0,0.51,0.2986,,0.2986,0,19157,0.0036,88.89,89.21,89.53,88.0,2026-07-08,3,False
VMI,Industrials,Conglomerates,RSI,RSI 維持強勢 (50-70),None,0.0,0.51,0.2986,,0.2986,0,19157,0.0036,564.07,566.1,568.13,558.43,2026-07-06,3,False
WCN,Industrials,Waste Management,RSI,RSI 維持強勢 (50-70),None,0.0,0.51,0.2986,,0.2986,0,19157,0.0036,171.57,172.19,172.81,169.85,2026-07-08,3,False
WMS,Industrials,Building Products & Equipment,RSI,RSI 維持強勢 (50-70),None,0.0,0.51,0.2986,,0.2986,0,19157,0.0036,149.07,149.61,150.14,147.58,2026-07-07,3,False
WSO,Industrials,Industrial Distribution,RSI,RSI 維持強勢 (50-70),None,0.0,0.51,0.2986,,0.2986,0,19157,0.0036,399.06,400.5,401.93,395.07,2026-07-06,3,False
WTS,Industrials,Specialty Industrial Machinery,RSI,RSI 維持強勢 (50-70),None,0.0,0.51,0.2986,,0.2986,0,19157,0.0036,348.05,349.3,350.56,344.57,2026-07-08,3,False
AAON,Industrials,Building Products & Equipment,RSI,RSI 加速上升,None,0.0,0.5525,0.2981,,0.2981,0,11545,0.003,107.98,108.3,108.63,106.9,2026-07-08,3,False
RKLB,Industrials,Aerospace & Defense,RSI,RSI 加速上升,None,0.0,0.5525,0.2981,,0.2981,0,11545,0.003,93.09,93.37,93.65,92.16,2026-07-06,3,False
VOD,Communication Services,Telecom Services,RSI,RSI 維持超賣,None,0.0,0.385,0.2977,,0.2977,0,262,-0.0011,13.09,13.08,13.06,12.96,2026-07-08,3,False
INCY,Health Care,Biotechnology,BB,BB 中軌向上（上升趨勢）,None,0.0,0.51,0.2976,0.2976,0.2705,168,10885,0.0007,117.26,117.34,117.42,116.09,2026-07-08,3,False
TRMB,Information Technology,Scientific & Technical Instruments,RSI,RSI 加速上升,None,0.0,0.5525,0.2971,0.2971,0.3693,138,10688,-0.0007,52.4,52.36,52.33,51.88,2026-07-08,3,False
MNST,Consumer Staples,Beverages - Non-Alcoholic,BB,BB 中軌向上（上升趨勢）,None,0.0,0.51,0.2966,0.2966,0.2466,236,6128,0.0044,95.15,95.57,95.99,94.2,2026-07-08,3,False
ISRG,Health Care,Medical Instruments & Supplies,RSI,RSI 維持強勢 (50-70),None,0.0,0.51,0.2952,0.2952,0.2772,210,12123,0.0085,427.3,430.93,434.56,423.03,2026-07-07,3,False
BWXT,Industrials,Aerospace & Defense,BB,價格在 BB 中軌上方,None,0.0,0.425,0.295,,0.295,0,22337,0.0034,196.89,197.56,198.23,194.92,2026-07-06,3,False
FER,Industrials,Engineering & Construction,BB,價格在 BB 中軌上方,None,0.0,0.425,0.295,,0.295,0,22337,0.0034,68.22,68.45,68.68,67.54,2026-07-06,3,False
MTZ,Industrials,Engineering & Construction,BB,價格在 BB 中軌上方,None,0.0,0.425,0.295,,0.295,0,22337,0.0034,382.9,384.2,385.5,379.07,2026-07-08,3,False
AXP,Financials,Credit Services,BB,價格在 BB 中軌上方,None,0.0,0.425,0.2947,0.2947,0.2847,285,21689,0.0033,349.58,350.73,351.89,346.08,2026-07-07,3,False
RTX,Industrials,Aerospace & Defense,RSI,RSI 加速上升,None,0.0,0.5525,0.2941,0.2941,0.2981,153,11545,0.0045,200.85,201.75,202.66,198.84,2026-07-07,3,False
ADBE,Information Technology,Software - Application,MACD,MACD 金叉 (空頭區),None,0.0,0.42,0.2941,0.2941,0.3767,17,754,0.003,220.94,221.6,222.27,218.73,2026-07-08,3,False
FERG,Industrials,Industrial Distribution,BB,BB 中軌向上（上升趨勢）,None,0.0,0.51,0.2929,,0.2929,0,17460,0.0036,228.92,229.74,230.57,226.63,2026-07-06,3,False
FTAI,Industrials,Aerospace & Defense,BB,BB 中軌向上（上升趨勢）,None,0.0,0.51,0.2929,,0.2929,0,17460,0.0036,241.54,242.41,243.28,239.12,2026-07-06,3,False
RBC,Industrials,Tools & Accessories,BB,BB 中軌向上（上升趨勢）,None,0.0,0.51,0.2929,,0.2929,0,17460,0.0036,593.89,596.03,598.17,587.95,2026-07-08,3,False
RJF,Financials,Asset Management,BB,價格在 BB 中軌上方,None,0.0,0.425,0.2929,0.2929,0.2847,297,21689,0.0054,165.35,166.24,167.14,163.7,2026-07-08,3,False
ETR,Utilities,Utilities - Regulated Electric,RSI,RSI 動能加速（強勢區）,None,0.0,0.51,0.2909,0.2909,0.2198,55,1556,0.0018,115.19,115.4,115.6,114.04,2026-07-07,3,False
ELV,Health Care,Healthcare Plans,RSI,RSI 加速上升,None,0.0,0.5525,0.2908,0.2908,0.2803,141,8492,-0.0014,416.08,415.5,414.91,411.92,2026-07-08,3,False
COR,Health Care,Medical Distribution,RSI,RSI 加速上升,None,0.0,0.5525,0.2898,0.2898,0.2803,176,8492,0.0022,304.48,305.15,305.82,301.44,2026-07-07,3,False
CAH,Health Care,Medical Distribution,RSI,RSI 維持強勢 (50-70),None,0.0,0.51,0.2898,0.2898,0.2772,314,12123,0.0079,237.15,239.02,240.9,234.78,2026-07-08,3,False
BMY,Health Care,Drug Manufacturers - General,RSI,RSI 維持強勢 (50-70),None,0.0,0.51,0.2879,0.2879,0.2772,198,12123,-0.0008,57.54,57.49,57.45,56.96,2026-07-08,3,False
BKNG,Consumer Discretionary,Travel Services,RSI,RSI 維持強勢 (50-70),None,0.0,0.51,0.2874,0.2874,0.2995,261,10441,0.0048,174.29,175.13,175.96,172.55,2026-07-08,3,False
PHM,Consumer Discretionary,Residential Construction,RSI,RSI 維持強勢 (50-70),None,0.0,0.51,0.2874,0.2874,0.2995,247,10441,0.0003,129.92,129.96,130.0,128.62,2026-07-07,3,False
ES,Utilities,Utilities - Regulated Electric,BB,價格在 BB 中軌上方,None,0.0,0.425,0.2873,0.2873,0.246,268,9864,0.0035,73.8,74.06,74.32,73.06,2026-07-08,3,False
ADSK,Information Technology,Software - Application,RSI,RSI 加速上升,None,0.0,0.5525,0.2868,0.2868,0.3693,129,10688,-0.004,206.04,205.22,204.39,203.98,2026-07-08,3,False
BBY,Consumer Discretionary,Specialty Retail,RSI,RSI 維持強勢 (50-70),None,0.0,0.51,0.2865,0.2865,0.2995,178,10441,-0.0045,78.07,77.72,77.37,77.29,2026-07-08,3,False
HUBB,Industrials,Electrical Equipment & Parts,BB,BB 中軌向上（上升趨勢）,None,0.0,0.51,0.2863,0.2863,0.2929,227,17460,0.002,478.89,479.85,480.81,474.1,2026-07-07,3,False
AMRZ,Materials,Building Materials,RSI,RSI 維持強勢 (50-70),None,0.0,0.51,0.286,,0.286,0,5721,0.0013,50.94,51.01,51.07,50.43,2026-07-07,3,False
JHX,Materials,Building Materials,RSI,RSI 維持強勢 (50-70),None,0.0,0.51,0.286,,0.286,0,5721,0.0013,25.05,25.08,25.12,24.8,2026-07-07,3,False
RPM,Materials,Specialty Chemicals,RSI,RSI 維持強勢 (50-70),None,0.0,0.51,0.286,,0.286,0,5721,0.0013,108.28,108.42,108.56,107.2,2026-07-07,3,False
SKM,Communication Services,Telecom Services,KDJ,KDJ 金叉,Bullish Engulfing,0.75,1.0,0.2857,,0.2857,0,35,0.0016,32.32,32.37,32.42,32.0,2026-07-08,3,False
QCOM,Information Technology,Semiconductors,KDJ,KDJ 超賣區金叉,None,0.0,0.5599999999999999,0.2857,0.2857,0.3016,7,368,-0.0073,182.97,181.63,180.3,181.14,2026-07-07,3,False
SPG,Real Estate,REIT - Retail,KDJ,KDJ 金叉,None,0.0,0.5525,0.2857,0.2857,0.2818,14,550,0.0101,227.19,229.48,231.78,224.92,2026-07-07,3,False
DOV,Industrials,Specialty Industrial Machinery,BB,BB 中軌向上（上升趨勢）,None,0.0,0.51,0.2857,0.2857,0.3333,7,936,0.0045,214.74,215.71,216.67,212.59,2026-07-06,3,True
CSGP,Real Estate,Real Estate Services,MACD,MACD 金叉 (空頭區),None,0.0,0.42,0.2857,0.2857,0.2026,14,380,-0.0088,29.87,29.61,29.34,29.57,2026-07-07,3,False
BTSGU,Health Care,Health Information Services,KDJ,KDJ 金叉,None,0.0,0.5525,0.2852,,0.2852,0,1536,0.0022,233.69,234.2,234.72,231.35,2026-07-06,3,False
MDGL,Health Care,Biotechnology,KDJ,KDJ 金叉,None,0.0,0.5525,0.2852,,0.2852,0,1536,0.0022,545.36,546.56,547.76,539.91,2026-07-07,3,False
IEX,Industrials,Specialty Industrial Machinery,BB,價格在 BB 中軌上方,None,0.0,0.425,0.2852,0.2852,0.295,277,22337,0.0019,224.46,224.89,225.31,222.22,2026-07-06,3,False
AEG,Financials,Insurance - Diversified,BB,價格在 BB 中軌上方,None,0.0,0.425,0.2847,,0.2847,0,21689,0.0031,8.72,8.75,8.77,8.63,2026-07-08,3,False
AFG,Financials,Insurance - Property & Casualty,BB,價格在 BB 中軌上方,None,0.0,0.425,0.2847,,0.2847,0,21689,0.0031,141.2,141.64,142.08,139.79,2026-07-08,3,False
ALLY,Financials,Credit Services,BB,價格在 BB 中軌上方,None,0.0,0.425,0.2847,,0.2847,0,21689,0.0031,44.48,44.62,44.76,44.04,2026-07-08,3,False
ARCC,Financials,Asset Management,BB,價格在 BB 中軌上方,None,0.0,0.425,0.2847,,0.2847,0,21689,0.0031,18.38,18.44,18.49,18.2,2026-07-08,3,False
BAP,Financials,Banks - Regional,BB,價格在 BB 中軌上方,None,0.0,0.425,0.2847,,0.2847,0,21689,0.0031,381.47,382.65,383.84,377.66,2026-07-08,3,False
BBD,Financials,Banks - Regional,BB,價格在 BB 中軌上方,None,0.0,0.425,0.2847,,0.2847,0,21689,0.0031,3.42,3.43,3.44,3.39,2026-07-08,3,False
EWBC,Financials,Banks - Regional,BB,價格在 BB 中軌上方,None,0.0,0.425,0.2847,,0.2847,0,21689,0.0031,130.49,130.89,131.3,129.19,2026-07-07,3,False
FHN,Financials,Banks - Regional,BB,價格在 BB 中軌上方,None,0.0,0.425,0.2847,,0.2847,0,21689,0.0031,25.25,25.33,25.41,25.0,2026-07-08,3,False
IBN,Financials,Banks - Regional,BB,價格在 BB 中軌上方,None,0.0,0.425,0.2847,,0.2847,0,21689,0.0031,28.85,28.94,29.03,28.56,2026-07-08,3,False
ITUB,Financials,Banks - Regional,BB,價格在 BB 中軌上方,None,0.0,0.425,0.2847,,0.2847,0,21689,0.0031,8.16,8.19,8.21,8.08,2026-07-08,3,False
KLAR,Financials,Credit Services,BB,價格在 BB 中軌上方,None,0.0,0.425,0.2847,,0.2847,0,21689,0.0031,19.03,19.09,19.15,18.84,2026-07-08,3,False
MKL,Financials,Insurance - Property & Casualty,BB,價格在 BB 中軌上方,None,0.0,0.425,0.2847,,0.2847,0,21689,0.0031,1957.09,1963.16,1969.22,1937.52,2026-07-08,3,False
ORI,Financials,Insurance - Property & Casualty,BB,價格在 BB 中軌上方,None,0.0,0.425,0.2847,,0.2847,0,21689,0.0031,41.5,41.63,41.76,41.09,2026-07-08,3,False
PNFP,Financials,Banks - Regional,BB,價格在 BB 中軌上方,None,0.0,0.425,0.2847,,0.2847,0,21689,0.0031,97.81,98.11,98.42,96.83,2026-07-08,3,False
RKT,Financials,Mortgage Finance,BB,價格在 BB 中軌上方,None,0.0,0.425,0.2847,,0.2847,0,21689,0.0031,14.63,14.68,14.72,14.48,2026-07-07,3,False
RNR,Financials,Insurance - Reinsurance,BB,價格在 BB 中軌上方,None,0.0,0.425,0.2847,,0.2847,0,21689,0.0031,322.37,323.37,324.37,319.15,2026-07-08,3,False
RY,Financials,Banks - Diversified,BB,價格在 BB 中軌上方,None,0.0,0.425,0.2847,,0.2847,0,21689,0.0031,205.77,206.41,207.05,203.71,2026-07-08,3,False
SLF,Financials,Insurance - Diversified,BB,價格在 BB 中軌上方,None,0.0,0.425,0.2847,,0.2847,0,21689,0.0031,79.39,79.64,79.88,78.6,2026-07-08,3,False
SOFI,Financials,Credit Services,BB,價格在 BB 中軌上方,None,0.0,0.425,0.2847,,0.2847,0,21689,0.0031,17.73,17.78,17.84,17.55,2026-07-08,3,False
TD,Financials,Banks - Diversified,BB,價格在 BB 中軌上方,None,0.0,0.425,0.2847,,0.2847,0,21689,0.0031,121.43,121.81,122.18,120.22,2026-07-07,3,False
UMBF,Financials,Banks - Regional,BB,價格在 BB 中軌上方,None,0.0,0.425,0.2847,,0.2847,0,21689,0.0031,142.08,142.52,142.96,140.66,2026-07-08,3,False
WTFC,Financials,Banks - Regional,BB,價格在 BB 中軌上方,None,0.0,0.425,0.2847,,0.2847,0,21689,0.0031,161.45,161.95,162.45,159.84,2026-07-07,3,False
ZION,Financials,Banks - Regional,BB,價格在 BB 中軌上方,None,0.0,0.425,0.2847,,0.2847,0,21689,0.0031,68.64,68.85,69.07,67.95,2026-07-08,3,False
IDXX,Health Care,Diagnostics & Research,RSI,RSI 加速上升,None,0.0,0.5525,0.2846,0.2846,0.2803,123,8492,-0.0002,555.67,555.56,555.45,550.11,2026-07-08,3,False
COKE,Consumer Staples,Beverages - Non-Alcoholic,BB,BB 中軌向上（上升趨勢）,None,0.0,0.51,0.2846,,0.2846,0,246,0.0004,177.64,177.71,177.78,175.86,2026-07-07,3,True
IESC,Industrials,Engineering & Construction,BB,BB 跌破下軌 (超賣),None,0.0,0.45499999999999996,0.2838,,0.2838,0,1258,0.0043,619.29,621.95,624.62,613.1,2026-07-08,3,False
LECO,Industrials,Tools & Accessories,BB,BB 跌破下軌 (超賣),None,0.0,0.45499999999999996,0.2838,,0.2838,0,1258,0.0043,247.69,248.76,249.82,245.21,2026-07-08,3,False
POWL,Industrials,Electrical Equipment & Parts,BB,BB 跌破下軌 (超賣),None,0.0,0.45499999999999996,0.2838,,0.2838,0,1258,0.0043,231.85,232.85,233.84,229.53,2026-07-08,3,False
QXO,Industrials,Industrial Distribution,BB,BB 跌破下軌 (超賣),None,0.0,0.45499999999999996,0.2838,,0.2838,0,1258,0.0043,14.66,14.72,14.79,14.51,2026-07-08,3,False
STRL,Industrials,Engineering & Construction,BB,BB 跌破下軌 (超賣),None,0.0,0.45499999999999996,0.2838,,0.2838,0,1258,0.0043,660.72,663.56,666.4,654.11,2026-07-08,3,False
XEL,Utilities,Utilities - Regulated Electric,RSI,RSI 維持強勢 (50-70),None,0.0,0.51,0.2833,0.2833,0.2471,233,8831,0.0051,80.67,81.08,81.49,79.86,2026-07-07,3,False
COF,Financials,Credit Services,BB,價格在 BB 中軌上方,None,0.0,0.425,0.2832,0.2832,0.2847,226,21689,-0.0004,202.89,202.81,202.73,200.86,2026-07-07,3,False
IFF,Materials,Specialty Chemicals,RSI,RSI 維持強勢 (50-70),None,0.0,0.51,0.2828,0.2828,0.286,244,5721,-0.0019,78.94,78.79,78.64,78.15,2026-07-08,3,False
O,Real Estate,REIT - Retail,RSI,RSI 動能加速（強勢區）,None,0.0,0.51,0.2826,0.2826,0.2452,46,1093,0.0085,64.01,64.55,65.1,63.37,2026-07-07,3,False
MSI,Information Technology,Communication Equipment,BB,BB 中軌向上（上升趨勢）,None,0.0,0.51,0.2821,0.2821,0.3639,234,16781,0.0045,420.54,422.43,424.32,416.33,2026-07-08,3,False
BPYPN,Real Estate,Real Estate Services,KDJ,KDJ 金叉,None,0.0,0.5525,0.2818,,0.2818,0,550,0.0003,13.64,13.64,13.65,13.5,2026-07-06,3,False
BPYPO,Real Estate,Real Estate Services,KDJ,KDJ 金叉,None,0.0,0.5525,0.2818,,0.2818,0,550,0.0003,15.09,15.09,15.1,14.94,2026-07-07,3,False
BPYPP,Real Estate,Real Estate Services,KDJ,KDJ 金叉,None,0.0,0.5525,0.2818,,0.2818,0,550,0.0003,15.505,15.51,15.51,15.35,2026-07-07,3,False
ACGL,Financials,Insurance - Diversified,BB,價格在 BB 中軌上方,None,0.0,0.425,0.2817,0.2817,0.2847,252,21689,0.0007,102.01,102.08,102.15,100.99,2026-07-08,3,False
ALLE,Industrials,Security & Protection Services,RSI,RSI 維持強勢 (50-70),None,0.0,0.51,0.2814,0.2814,0.2986,199,19157,0.0036,134.99,135.48,135.96,133.64,2026-07-08,3,False
DE,Industrials,Farm & Heavy Construction Machinery,BB,價格在 BB 中軌上方,None,0.0,0.425,0.2812,0.2812,0.295,224,22337,0.0017,603.61,604.64,605.66,597.57,2026-07-07,3,False
IR,Industrials,Specialty Industrial Machinery,BB,價格在 BB 中軌上方,None,0.0,0.425,0.281,0.281,0.295,242,22337,0.0013,78.71,78.81,78.91,77.92,2026-07-07,3,False
ERIE,Financials,Insurance Brokers,BB,BB 中軌向上（上升趨勢）,None,0.0,0.51,0.2806,0.2806,0.2681,196,16575,0.002,251.36,251.86,252.37,248.85,2026-07-08,3,False
ALNY,Health Care,Biotechnology,BB,價格在 BB 中軌上方,None,0.0,0.425,0.2804,,0.2804,0,14417,0.0008,323.5,323.76,324.02,320.26,2026-07-08,3,False
ARGX,Health Care,Biotechnology,BB,價格在 BB 中軌上方,None,0.0,0.425,0.2804,,0.2804,0,14417,0.0008,915.3,916.03,916.76,906.15,2026-07-08,3,False
ARWR,Health Care,Biotechnology,BB,價格在 BB 中軌上方,None,0.0,0.425,0.2804,,0.2804,0,14417,0.0008,85.74,85.81,85.88,84.88,2026-07-08,3,False
BBIO,Health Care,Biotechnology,BB,價格在 BB 中軌上方,None,0.0,0.425,0.2804,,0.2804,0,14417,0.0008,78.33,78.39,78.46,77.55,2026-07-08,3,False
BMRN,Health Care,Biotechnology,BB,價格在 BB 中軌上方,None,0.0,0.425,0.2804,,0.2804,0,14417,0.0008,59.75,59.8,59.85,59.15,2026-07-08,3,False
BNTX,Health Care,Biotechnology,BB,價格在 BB 中軌上方,None,0.0,0.425,0.2804,,0.2804,0,14417,0.0008,93.53,93.6,93.68,92.59,2026-07-08,3,False
BRKRP,Health Care,Medical Devices,BB,價格在 BB 中軌上方,None,0.0,0.425,0.2804,,0.2804,0,14417,0.0008,434.15,434.5,434.84,429.81,2026-07-07,3,False
BTSG,Health Care,Health Information Services,BB,價格在 BB 中軌上方,None,0.0,0.425,0.2804,,0.2804,0,14417,0.0008,70.5,70.56,70.61,69.8,2026-07-08,3,False
CRSP,Health Care,Biotechnology,BB,價格在 BB 中軌上方,None,0.0,0.425,0.2804,,0.2804,0,14417,0.0008,59.2,59.25,59.29,58.61,2026-07-08,3,False
CYTK,Health Care,Biotechnology,BB,價格在 BB 中軌上方,None,0.0,0.425,0.2804,,0.2804,0,14417,0.0008,84.88,84.95,85.02,84.03,2026-07-08,3,False
ELAN,Health Care,Drug Manufacturers - Specialty & Generic,BB,價格在 BB 中軌上方,None,0.0,0.425,0.2804,,0.2804,0,14417,0.0008,24.69,24.71,24.73,24.44,2026-07-08,3,False
EXEL,Health Care,Biotechnology,BB,價格在 BB 中軌上方,None,0.0,0.425,0.2804,,0.2804,0,14417,0.0008,56.11,56.15,56.2,55.55,2026-07-08,3,False
FMS,Health Care,Medical Care Facilities,BB,價格在 BB 中軌上方,None,0.0,0.425,0.2804,,0.2804,0,14417,0.0008,23.94,23.96,23.98,23.7,2026-07-08,3,False
GH,Health Care,Diagnostics & Research,BB,價格在 BB 中軌上方,None,0.0,0.425,0.2804,,0.2804,0,14417,0.0008,156.17,156.29,156.42,154.61,2026-07-08,3,False
GMAB,Health Care,Biotechnology,BB,價格在 BB 中軌上方,None,0.0,0.425,0.2804,,0.2804,0,14417,0.0008,29.54,29.56,29.59,29.24,2026-07-08,3,False
GMED,Health Care,Medical Devices,BB,價格在 BB 中軌上方,None,0.0,0.425,0.2804,,0.2804,0,14417,0.0008,80.5,80.56,80.63,79.69,2026-07-06,3,False
GSK,Health Care,Drug Manufacturers - General,BB,價格在 BB 中軌上方,None,0.0,0.425,0.2804,,0.2804,0,14417,0.0008,52.52,52.56,52.6,51.99,2026-07-08,3,False
HLN,Health Care,Drug Manufacturers - Specialty & Generic,BB,價格在 BB 中軌上方,None,0.0,0.425,0.2804,,0.2804,0,14417,0.0008,9.75,9.76,9.77,9.65,2026-07-08,3,False
ICLR,Health Care,Diagnostics & Research,BB,價格在 BB 中軌上方,None,0.0,0.425,0.2804,,0.2804,0,14417,0.0008,165.47,165.6,165.73,163.82,2026-07-08,3,False
ILMN,Health Care,Diagnostics & Research,BB,價格在 BB 中軌上方,None,0.0,0.425,0.2804,,0.2804,0,14417,0.0008,187.81,187.96,188.11,185.93,2026-07-08,3,False
IONS,Health Care,Biotechnology,BB,價格在 BB 中軌上方,None,0.0,0.425,0.2804,,0.2804,0,14417,0.0008,84.46,84.53,84.6,83.62,2026-07-08,3,False
JAZZ,Health Care,Biotechnology,BB,價格在 BB 中軌上方,None,0.0,0.425,0.2804,,0.2804,0,14417,0.0008,248.25,248.45,248.65,245.77,2026-07-08,3,False
KRYS,Health Care,Biotechnology,BB,價格在 BB 中軌上方,None,0.0,0.425,0.2804,,0.2804,0,14417,0.0008,375.4,375.7,376.0,371.65,2026-07-08,3,False
MDLN,Health Care,Medical Instruments & Supplies,BB,價格在 BB 中軌上方,None,0.0,0.425,0.2804,,0.2804,0,14417,0.0008,40.3,40.33,40.36,39.9,2026-07-08,3,False
MEDP,Health Care,Diagnostics & Research,BB,價格在 BB 中軌上方,None,0.0,0.425,0.2804,,0.2804,0,14417,0.0008,531.99,532.42,532.84,526.67,2026-07-08,3,False
MOH,Health Care,Healthcare Plans,BB,價格在 BB 中軌上方,None,0.0,0.425,0.2804,,0.2804,0,14417,0.0008,230.94,231.12,231.31,228.63,2026-07-08,3,False
NBIX,Health Care,Drug Manufacturers - Specialty & Generic,BB,價格在 BB 中軌上方,None,0.0,0.425,0.2804,,0.2804,0,14417,0.0008,177.49,177.63,177.77,175.72,2026-07-07,3,False
NTRA,Health Care,Diagnostics & Research,BB,價格在 BB 中軌上方,None,0.0,0.425,0.2804,,0.2804,0,14417,0.0008,274.39,274.61,274.83,271.65,2026-07-08,3,False
NVO,Health Care,Drug Manufacturers - General,BB,價格在 BB 中軌上方,None,0.0,0.425,0.2804,,0.2804,0,14417,0.0008,48.89,48.93,48.97,48.4,2026-07-08,3,False
NVS,Health Care,Drug Manufacturers - General,BB,價格在 BB 中軌上方,None,0.0,0.425,0.2804,,0.2804,0,14417,0.0008,155.17,155.29,155.42,153.62,2026-07-08,3,False
ONC,Health Care,Biotechnology,BB,價格在 BB 中軌上方,None,0.0,0.425,0.2804,,0.2804,0,14417,0.0008,301.88,302.12,302.36,298.86,2026-07-08,3,False
PEN,Health Care,Medical Devices,BB,價格在 BB 中軌上方,None,0.0,0.425,0.2804,,0.2804,0,14417,0.0008,318.31,318.56,318.82,315.13,2026-07-07,3,False
PHG,Health Care,Medical Devices,BB,價格在 BB 中軌上方,None,0.0,0.425,0.2804,,0.2804,0,14417,0.0008,27.58,27.6,27.62,27.3,2026-07-08,3,False
RDY,Health Care,Drug Manufacturers - Specialty & Generic,BB,價格在 BB 中軌上方,None,0.0,0.425,0.2804,,0.2804,0,14417,0.0008,14.12,14.13,14.14,13.98,2026-07-08,3,False
ROIV,Health Care,Biotechnology,BB,價格在 BB 中軌上方,None,0.0,0.425,0.2804,,0.2804,0,14417,0.0008,36.09,36.12,36.15,35.73,2026-07-08,3,False
RPRX,Health Care,Biotechnology,BB,價格在 BB 中軌上方,None,0.0,0.425,0.2804,,0.2804,0,14417,0.0008,57.8,57.85,57.89,57.22,2026-07-07,3,False
RVMD,Health Care,Biotechnology,BB,價格在 BB 中軌上方,None,0.0,0.425,0.2804,,0.2804,0,14417,0.0008,189.77,189.92,190.07,187.87,2026-07-08,3,False
SMMT,Health Care,Biotechnology,BB,價格在 BB 中軌上方,None,0.0,0.425,0.2804,,0.2804,0,14417,0.0008,15.69,15.7,15.72,15.53,2026-07-08,3,False
SNN,Health Care,Medical Devices,BB,價格在 BB 中軌上方,None,0.0,0.425,0.2804,,0.2804,0,14417,0.0008,30.48,30.5,30.53,30.18,2026-07-07,3,False
SNY,Health Care,Drug Manufacturers - General,BB,價格在 BB 中軌上方,None,0.0,0.425,0.2804,,0.2804,0,14417,0.0008,42.98,43.01,43.05,42.55,2026-07-07,3,False
TEM,Health Care,Health Information Services,BB,價格在 BB 中軌上方,None,0.0,0.425,0.2804,,0.2804,0,14417,0.0008,57.27,57.32,57.36,56.7,2026-07-08,3,False
THC,Health Care,Medical Care Facilities,BB,價格在 BB 中軌上方,None,0.0,0.425,0.2804,,0.2804,0,14417,0.0008,206.26,206.43,206.59,204.2,2026-07-08,3,False
MTD,Health Care,Diagnostics & Research,BB,價格在 BB 中軌上方,None,0.0,0.425,0.2802,0.2802,0.2804,207,14417,0.0022,1248.98,1251.73,1254.48,1236.49,2026-07-08,3,False
PEP,Consumer Staples,Beverages - Non-Alcoholic,RSI,RSI 動能加速（強勢區）,None,0.0,0.51,0.28,0.28,0.2456,25,1148,0.0066,144.98,145.94,146.89,143.53,2026-07-07,3,False
JCI,Industrials,Building Products & Equipment,RSI,RSI 加速上升,None,0.0,0.5525,0.2785,0.2785,0.2981,158,11545,0.0047,142.72,143.39,144.06,141.29,2026-07-06,3,False
PH,Industrials,Specialty Industrial Machinery,RSI,RSI 維持強勢 (50-70),None,0.0,0.51,0.2781,0.2781,0.2986,302,19157,0.0029,939.13,941.85,944.58,929.74,2026-07-08,3,False
CPT,Real Estate,REIT - Residential,BB,價格在 BB 中軌上方,None,0.0,0.425,0.2771,0.2771,0.248,249,8032,0.0026,113.98,114.28,114.57,112.84,2026-07-08,3,False
SHW,Materials,Specialty Chemicals,BB,價格在 BB 中軌上方,None,0.0,0.425,0.2764,0.2764,0.2859,199,6697,0.0039,330.57,331.86,333.15,327.26,2026-07-08,3,False
PSA,Real Estate,REIT - Industrial,RSI,RSI 動能加速（強勢區）,None,0.0,0.51,0.2759,0.2759,0.2452,29,1093,-0.0005,328.69,328.53,328.36,325.4,2026-07-07,3,False
AOS,Industrials,Specialty Industrial Machinery,RSI,RSI 維持強勢 (50-70),None,0.0,0.51,0.2755,0.2755,0.2986,196,19157,-0.0003,59.47,59.45,59.43,58.88,2026-07-08,3,False
VRTX,Health Care,Biotechnology,RSI,RSI 加速上升,None,0.0,0.5525,0.275,0.275,0.2803,120,8492,0.0035,529.59,531.44,533.3,524.29,2026-07-06,3,False
MET,Financials,Insurance - Life,MACD,MACD 金叉 (多頭區),None,0.0,0.68,0.2747,,0.2747,0,517,0.0018,90.46,90.62,90.79,89.56,2026-07-06,3,False
MA,Financials,Credit Services,RSI,RSI 加速上升,None,0.0,0.5525,0.2733,0.2733,0.3014,161,11488,0.0011,531.62,532.2,532.79,526.3,2026-07-07,3,False
EBAY,Consumer Discretionary,Internet Retail,BB,價格在 BB 中軌上方,None,0.0,0.425,0.273,0.273,0.2984,304,12430,-0.0004,115.25,115.2,115.16,114.1,2026-07-08,3,False
ABT,Health Care,Medical Devices,MACD,MACD 金叉 (空頭區),None,0.0,0.42,0.2727,0.2727,0.2741,11,686,0.0023,95.18,95.4,95.62,94.23,2026-07-08,3,False
CME,Financials,Financial Data & Stock Exchanges,MACD,MACD 金叉 (空頭區),None,0.0,0.42,0.2727,0.2727,0.3214,11,865,0.0056,234.76,236.07,237.39,232.41,2026-07-06,3,False
ADM,Consumer Staples,Farm Products,RSI,RSI 加速上升,None,0.0,0.5525,0.2706,0.2706,0.2439,170,5343,-0.0034,80.29,80.02,79.74,79.49,2026-07-08,3,False
VTR,Real Estate,REIT - Healthcare Facilities,RSI,RSI 維持強勢 (50-70),None,0.0,0.51,0.2698,0.2698,0.2509,252,7011,0.0029,92.41,92.68,92.95,91.49,2026-07-08,3,False
LULU,Consumer Discretionary,Apparel Retail,BB,價格在 BB 中軌上方,None,0.0,0.425,0.2696,0.2696,0.2984,230,12430,-0.0072,115.64,114.81,113.97,114.48,2026-07-06,3,False
LHX,Industrials,Aerospace & Defense,RSI,RSI 加速上升,None,0.0,0.5525,0.269,0.269,0.2981,145,11545,0.0035,295.4,296.43,297.47,292.45,2026-07-07,3,False
SYY,Consumer Staples,Food Distribution,BB,BB 中軌向上（上升趨勢）,None,0.0,0.51,0.269,0.269,0.2466,171,6128,0.0069,83.17,83.74,84.32,82.34,2026-07-08,3,False
BRO,Financials,Insurance Brokers,RSI,RSI 維持強勢 (50-70),None,0.0,0.51,0.2686,0.2686,0.2842,242,19108,0.0031,68.41,68.62,68.83,67.73,2026-07-08,3,False
DHI,Consumer Discretionary,Residential Construction,BB,價格在 BB 中軌上方,None,0.0,0.425,0.2685,0.2685,0.2984,216,12430,-0.0027,156.88,156.46,156.03,155.31,2026-07-06,3,False
GL,Financials,Insurance - Life,BB,BB 中軌向上（上升趨勢）,None,0.0,0.51,0.2682,0.2682,0.2681,261,16575,0.0014,177.07,177.32,177.57,175.3,2026-07-08,3,False
RMD,Health Care,Medical Instruments & Supplies,RSI,RSI 維持強勢 (50-70),None,0.0,0.51,0.268,0.268,0.2772,194,12123,-0.0031,205.84,205.2,204.56,203.78,2026-07-08,3,False
KIM,Real Estate,REIT - Retail,BB,BB 中軌向上（上升趨勢）,None,0.0,0.51,0.2674,0.2674,0.2647,187,5713,0.0031,24.97,25.05,25.12,24.72,2026-07-08,3,False
EXPD,Industrials,Integrated Freight & Logistics,BB,BB 中軌向上（上升趨勢）,None,0.0,0.51,0.2673,0.2673,0.2929,202,17460,0.003,164.36,164.85,165.35,162.72,2026-07-08,3,False
LOW,Consumer Discretionary,Home Improvement Retail,RSI,RSI 維持強勢 (50-70),None,0.0,0.51,0.267,0.267,0.2995,206,10441,0.0003,220.9,220.97,221.03,218.69,2026-07-07,3,False
CNP,Utilities,Utilities - Regulated Electric,BB,BB 中軌向上（上升趨勢）,None,0.0,0.51,0.2667,0.2667,0.249,240,7232,0.0049,44.05,44.27,44.48,43.61,2026-07-08,3,False
MSFT,Information Technology,Software - Infrastructure,RSI,RSI 加速上升,None,0.0,0.5525,0.2658,0.2658,0.3693,158,10688,0.0012,383.34,383.8,384.26,379.51,2026-07-08,3,False
MDT,Health Care,Medical Devices,RSI,RSI 加速上升,None,0.0,0.5525,0.2653,0.2653,0.2803,147,8492,0.0022,82.01,82.19,82.37,81.19,2026-07-08,3,False
KDP,Consumer Staples,Beverages - Non-Alcoholic,RSI,RSI 維持強勢 (50-70),None,0.0,0.51,0.265,0.265,0.2452,234,7574,-0.0003,31.49,31.48,31.47,31.18,2026-07-07,3,False
COO,Health Care,Medical Instruments & Supplies,BB,價格在 BB 中軌上方,None,0.0,0.425,0.2648,0.2648,0.2804,219,14417,-0.0043,69.61,69.31,69.01,68.91,2026-07-08,3,False
J,Industrials,Engineering & Construction,BB,價格在 BB 中軌上方,None,0.0,0.425,0.2648,0.2648,0.295,287,22337,0.0006,129.7,129.78,129.86,128.4,2026-07-08,3,False
EGP,Real Estate,REIT - Industrial,BB,BB 中軌向上（上升趨勢）,None,0.0,0.51,0.2647,,0.2647,0,5713,0.0025,210.07,210.6,211.12,207.97,2026-07-08,3,False
ELS,Real Estate,REIT - Residential,BB,BB 中軌向上（上升趨勢）,None,0.0,0.51,0.2647,,0.2647,0,5713,0.0025,63.81,63.97,64.13,63.17,2026-07-08,3,False
JLL,Real Estate,Real Estate Services,BB,BB 中軌向上（上升趨勢）,None,0.0,0.51,0.2647,,0.2647,0,5713,0.0025,324.03,324.84,325.65,320.79,2026-07-08,3,False
LAMR,Real Estate,REIT - Specialty,BB,BB 中軌向上（上升趨勢）,None,0.0,0.51,0.2647,,0.2647,0,5713,0.0025,160.09,160.49,160.89,158.49,2026-07-08,3,False
LINE,Real Estate,REIT - Industrial,BB,BB 中軌向上（上升趨勢）,None,0.0,0.51,0.2647,,0.2647,0,5713,0.0025,43.29,43.4,43.51,42.86,2026-07-08,3,False
NLY,Real Estate,REIT - Mortgage,BB,BB 中軌向上（上升趨勢）,None,0.0,0.51,0.2647,,0.2647,0,5713,0.0025,22.53,22.59,22.64,22.3,2026-07-08,3,False
OHI,Real Estate,REIT - Healthcare Facilities,BB,BB 中軌向上（上升趨勢）,None,0.0,0.51,0.2647,,0.2647,0,5713,0.0025,49.36,49.48,49.61,48.87,2026-07-08,3,False
SJM,Consumer Staples,Packaged Foods,BB,BB 中軌向上（上升趨勢）,None,0.0,0.51,0.2645,0.2645,0.2466,121,6128,0.006,112.32,112.99,113.67,111.2,2026-07-08,3,False
AMGN,Health Care,Drug Manufacturers - General,RSI,RSI 維持強勢 (50-70),None,0.0,0.51,0.2639,0.2639,0.2772,216,12123,0.0032,367.99,369.17,370.35,364.31,2026-07-08,3,False
PEG,Utilities,Utilities - Regulated Electric,BB,BB 中軌向上（上升趨勢）,None,0.0,0.51,0.2616,0.2616,0.249,172,7232,0.0033,81.26,81.53,81.8,80.45,2026-07-08,3,False
NSC,Industrials,Railroads,BB,價格在 BB 中軌上方,None,0.0,0.425,0.2612,0.2612,0.295,245,22337,0.0038,319.22,320.43,321.65,316.03,2026-07-08,3,False
AEE,Utilities,Utilities - Regulated Electric,KDJ,KDJ 金叉,None,0.0,0.5525,0.2609,0.2609,0.3001,23,713,0.004,114.43,114.89,115.35,113.29,2026-07-07,3,False
TSCO,Consumer Discretionary,Specialty Retail,BB,BB 中軌向上（上升趨勢）,None,0.0,0.51,0.2606,0.2606,0.2908,142,9757,-0.0032,29.58,29.49,29.39,29.28,2026-07-08,3,False
ESS,Real Estate,REIT - Residential,BB,BB 中軌向上（上升趨勢）,None,0.0,0.51,0.2604,0.2604,0.2647,169,5713,0.0022,291.58,292.22,292.86,288.66,2026-07-08,3,False
ABBV,Health Care,Drug Manufacturers - General,BB,價格在 BB 中軌上方,None,0.0,0.425,0.2601,0.2601,0.2804,296,14417,0.0026,252.74,253.4,254.05,250.21,2026-07-08,3,False
HST,Real Estate,REIT - Hotel & Motel,BB,BB 跌破下軌 (超賣),None,0.0,0.45499999999999996,0.2593,0.2593,0.25,27,564,0.0104,22.76,23.0,23.23,22.53,2026-07-08,3,False
ZTS,Health Care,Drug Manufacturers - Specialty & Generic,RSI,RSI 加速上升,None,0.0,0.5525,0.259,0.259,0.2803,139,8492,-0.0018,75.1,74.96,74.83,74.35,2026-07-08,3,False
ICE,Financials,Financial Data & Stock Exchanges,RSI,RSI 維持強勢 (50-70),None,0.0,0.51,0.258,0.258,0.2842,283,19108,0.005,137.17,137.86,138.54,135.8,2026-07-08,3,False
PRU,Financials,Insurance - Life,RSI,RSI 加速上升,None,0.0,0.5525,0.2579,0.2579,0.3014,159,11488,-0.0002,115.47,115.45,115.42,114.32,2026-07-07,3,False
VMC,Materials,Building Materials,RSI,RSI 維持強勢 (50-70),None,0.0,0.51,0.2578,0.2578,0.286,256,5721,0.0056,299.9,301.58,303.26,296.9,2026-07-07,3,False
BSX,Health Care,Medical Devices,RSI,RSI 加速上升,None,0.0,0.5525,0.2576,0.2576,0.2803,132,8492,-0.0058,44.81,44.55,44.29,44.36,2026-07-08,3,False
ITW,Industrials,Specialty Industrial Machinery,RSI,RSI 加速上升,None,0.0,0.5525,0.2576,0.2576,0.2981,132,11545,0.0023,274.27,274.9,275.53,271.53,2026-07-06,3,False
CL,Consumer Staples,Household & Personal Products,RSI,RSI 動能加速（強勢區）,None,0.0,0.51,0.2571,0.2571,0.2456,35,1148,0.0031,95.03,95.32,95.62,94.08,2026-07-07,3,False
V,Financials,Credit Services,BB,BB 中軌向上（上升趨勢）,None,0.0,0.51,0.2571,0.2571,0.2681,210,16575,0.0013,347.53,347.98,348.43,344.05,2026-07-08,3,False
SRE,Utilities,Utilities - Diversified,RSI,RSI 加速上升,None,0.0,0.5525,0.2569,0.2569,0.2565,144,4905,-0.0054,95.33,94.82,94.3,94.38,2026-07-08,3,False
WMT,Consumer Staples,Discount Stores,RSI,RSI 加速上升,None,0.0,0.5525,0.2569,0.2569,0.2439,144,5343,0.0042,113.1,113.58,114.05,111.97,2026-07-08,3,False
KEP,Utilities,Utilities - Regulated Electric,RSI,RSI 加速上升,None,0.0,0.5525,0.2565,,0.2565,0,4905,0.0041,12.74,12.79,12.84,12.61,2026-07-06,3,False
EXC,Utilities,Utilities - Regulated Electric,BB,價格在 BB 中軌上方,None,0.0,0.425,0.2561,0.2561,0.246,285,9864,0.0047,47.28,47.5,47.72,46.81,2026-07-08,3,False
OMC,Communication Services,Advertising Agencies,BB,BB 中軌向上（上升趨勢）,None,0.0,0.51,0.2557,0.2557,0.2943,176,4771,0.0014,78.6,78.71,78.82,77.81,2026-07-08,3,False
DGX,Health Care,Diagnostics & Research,RSI,RSI 維持強勢 (50-70),None,0.0,0.51,0.2551,0.2551,0.2772,243,12123,0.0038,208.21,209.0,209.79,206.13,2026-07-08,3,False
EA,Communication Services,Electronic Gaming & Multimedia,RSI,RSI 維持強勢 (50-70),None,0.0,0.51,0.2526,0.2526,0.3082,194,5205,0.0029,204.89,205.48,206.08,202.84,2026-07-08,3,False
SCHW,Financials,Capital Markets,BB,BB 中軌向上（上升趨勢）,None,0.0,0.51,0.2521,0.2521,0.2681,238,16575,0.0016,101.7,101.86,102.03,100.68,2026-07-08,3,False
EMA,Utilities,Utilities - Regulated Electric,RSI,RSI 上穿 50 中性線,None,0.0,0.4675,0.2521,,0.2521,0,932,0.0052,53.19,53.47,53.74,52.66,2026-07-07,3,False
SOMN,Utilities,Utilities - Regulated Electric,RSI,RSI 上穿 50 中性線,None,0.0,0.4675,0.2521,,0.2521,0,932,0.0052,50.51,50.77,51.04,50.0,2026-07-07,3,False
EW,Health Care,Medical Devices,RSI,RSI 加速上升,None,0.0,0.5525,0.252,0.252,0.2803,127,8492,0.002,94.82,95.01,95.2,93.87,2026-07-07,3,False
DTE,Utilities,Utilities - Regulated Electric,RSI,RSI 維持強勢 (50-70),None,0.0,0.51,0.252,0.252,0.2471,250,8831,0.0035,151.39,151.92,152.45,149.88,2026-07-08,3,False
DUK,Utilities,Utilities - Regulated Electric,BB,BB 中軌向上（上升趨勢）,None,0.0,0.51,0.251,0.251,0.249,239,7232,0.0011,126.79,126.93,127.07,125.52,2026-07-08,3,False
AGNC,Real Estate,REIT - Mortgage,RSI,RSI 維持強勢 (50-70),None,0.0,0.51,0.2509,,0.2509,0,7011,0.0007,10.94,10.95,10.96,10.83,2026-07-08,3,False
AGNCL,Real Estate,REIT - Mortgage,RSI,RSI 維持強勢 (50-70),None,0.0,0.51,0.2509,,0.2509,0,7011,0.0007,24.81,24.83,24.84,24.56,2026-07-08,3,False
AGNCM,Real Estate,REIT - Mortgage,RSI,RSI 維持強勢 (50-70),None,0.0,0.51,0.2509,,0.2509,0,7011,0.0007,24.82,24.84,24.85,24.57,2026-07-08,3,False
AGNCN,Real Estate,REIT - Mortgage,RSI,RSI 維持強勢 (50-70),None,0.0,0.51,0.2509,,0.2509,0,7011,0.0007,25.45,25.47,25.49,25.2,2026-07-08,3,False
AGNCO,Real Estate,REIT - Mortgage,RSI,RSI 維持強勢 (50-70),None,0.0,0.51,0.2509,,0.2509,0,7011,0.0007,25.34,25.36,25.38,25.09,2026-07-08,3,False
AGNCP,Real Estate,REIT - Mortgage,RSI,RSI 維持強勢 (50-70),None,0.0,0.51,0.2509,,0.2509,0,7011,0.0007,25.09,25.11,25.13,24.84,2026-07-08,3,False
AGNCZ,Real Estate,REIT - Mortgage,RSI,RSI 維持強勢 (50-70),None,0.0,0.51,0.2509,,0.2509,0,7011,0.0007,25.27,25.29,25.31,25.02,2026-07-08,3,False
AMH,Real Estate,REIT - Residential,RSI,RSI 維持強勢 (50-70),None,0.0,0.51,0.2509,,0.2509,0,7011,0.0007,33.29,33.31,33.34,32.96,2026-07-08,3,False
SUI,Real Estate,REIT - Residential,RSI,RSI 維持強勢 (50-70),None,0.0,0.51,0.2509,,0.2509,0,7011,0.0007,122.29,122.38,122.46,121.07,2026-07-07,3,False
DEO,Consumer Staples,Beverages - Wineries & Distilleries,KDJ,KDJ 金叉,None,0.0,0.5525,0.2503,,0.2503,0,779,-0.0014,82.84,82.72,82.61,82.01,2026-07-07,3,False
FDS,Financials,Financial Data & Stock Exchanges,RSI,RSI 加速上升,None,0.0,0.5525,0.25,0.25,0.3014,164,11488,-0.0045,247.82,246.7,245.59,245.34,2026-07-08,3,False
FE,Utilities,Utilities - Regulated Electric,RSI,RSI 動能加速（強勢區）,None,0.0,0.51,0.25,0.25,0.2198,52,1556,0.0012,48.39,48.45,48.51,47.91,2026-07-07,3,False
KO,Consumer Staples,Beverages - Non-Alcoholic,RSI,RSI 動能加速（強勢區）,None,0.0,0.51,0.25,0.25,0.2456,36,1148,0.0023,84.05,84.24,84.44,83.21,2026-07-07,3,False
FTS,Utilities,Utilities - Regulated Electric,BB,BB 中軌向上（上升趨勢）,None,0.0,0.51,0.249,,0.249,0,7232,0.0028,57.68,57.84,58.0,57.1,2026-07-08,3,False
OGE,Utilities,Utilities - Regulated Electric,BB,BB 中軌向上（上升趨勢）,None,0.0,0.51,0.249,,0.249,0,7232,0.0028,48.51,48.65,48.78,48.02,2026-07-08,3,False
PPLC,Utilities,Utilities - Regulated Electric,BB,BB 中軌向上（上升趨勢）,None,0.0,0.51,0.249,,0.249,0,7232,0.0028,48.19,48.32,48.46,47.71,2026-07-06,3,False
SBS,Utilities,Utilities - Regulated Water,BB,BB 中軌向上（上升趨勢）,None,0.0,0.51,0.249,,0.249,0,7232,0.0028,5.7,5.72,5.73,5.64,2026-07-08,3,False
WTRG,Utilities,Utilities - Regulated Water,BB,BB 中軌向上（上升趨勢）,None,0.0,0.51,0.249,,0.249,0,7232,0.0028,38.76,38.87,38.98,38.37,2026-07-08,3,False
NWS,Communication Services,Entertainment,RSI,RSI 維持強勢 (50-70),None,0.0,0.51,0.2471,0.2471,0.3082,259,5205,0.0029,30.1,30.19,30.27,29.8,2026-07-08,3,False
BTI,Consumer Staples,Tobacco,BB,BB 中軌向上（上升趨勢）,None,0.0,0.51,0.2466,,0.2466,0,6128,-0.0003,61.39,61.37,61.35,60.78,2026-07-08,3,False
BUD,Consumer Staples,Beverages - Brewers,BB,BB 中軌向上（上升趨勢）,None,0.0,0.51,0.2466,,0.2466,0,6128,-0.0003,79.38,79.36,79.33,78.59,2026-07-06,3,False
CCEP,Consumer Staples,Beverages - Non-Alcoholic,BB,BB 中軌向上（上升趨勢）,None,0.0,0.51,0.2466,,0.2466,0,6128,-0.0003,105.43,105.4,105.37,104.38,2026-07-08,3,False
CPB,Consumer Staples,Packaged Foods,BB,BB 中軌向上（上升趨勢）,None,0.0,0.51,0.2466,,0.2466,0,6128,-0.0003,21.99,21.98,21.98,21.77,2026-07-08,3,False
FMX,Consumer Staples,Beverages - Brewers,BB,BB 中軌向上（上升趨勢）,None,0.0,0.51,0.2466,,0.2466,0,6128,-0.0003,127.8,127.76,127.72,126.52,2026-07-08,3,False
MICC,Consumer Staples,Packaged Foods,BB,BB 中軌向上（上升趨勢）,None,0.0,0.51,0.2466,,0.2466,0,6128,-0.0003,18.44,18.43,18.43,18.26,2026-07-08,3,False
PFGC,Consumer Staples,Food Distribution,BB,BB 中軌向上（上升趨勢）,None,0.0,0.51,0.2466,,0.2466,0,6128,-0.0003,111.53,111.5,111.46,110.41,2026-07-08,3,False
UL,Consumer Staples,Household & Personal Products,BB,BB 中軌向上（上升趨勢）,None,0.0,0.51,0.2466,,0.2466,0,6128,-0.0003,61.84,61.82,61.8,61.22,2026-07-08,3,False
USFD,Consumer Staples,Food Distribution,BB,BB 中軌向上（上升趨勢）,None,0.0,0.51,0.2466,,0.2466,0,6128,-0.0003,99.88,99.85,99.82,98.88,2026-07-08,3,False
DRI,Consumer Discretionary,Restaurants,BB,BB 中軌向上（上升趨勢）,None,0.0,0.51,0.2459,0.2459,0.2908,183,9757,-0.0023,201.1,200.64,200.17,199.09,2026-07-08,3,False
ABEV,Consumer Staples,Beverages - Brewers,RSI,RSI 維持強勢 (50-70),None,0.0,0.51,0.2452,,0.2452,0,7574,-0.0002,3.02,3.02,3.02,2.99,2026-07-08,3,False
TSN,Consumer Staples,Farm Products,BB,價格在 BB 中軌上方,None,0.0,0.425,0.245,0.245,0.2432,249,8891,-0.0007,58.3,58.26,58.22,57.72,2026-07-08,3,False
AIZ,Financials,Insurance - Property & Casualty,RSI,RSI 維持強勢 (50-70),None,0.0,0.51,0.2447,0.2447,0.2842,282,19108,0.0016,278.03,278.47,278.92,275.25,2026-07-08,3,False
JNJ,Health Care,Drug Manufacturers - General,RSI,RSI 維持強勢 (50-70),None,0.0,0.51,0.2436,0.2436,0.2772,234,12123,0.0055,263.4,264.85,266.3,260.77,2026-07-08,3,False
SYK,Health Care,Medical Devices,RSI,RSI 加速上升,None,0.0,0.5525,0.2434,0.2434,0.2803,152,8492,-0.0002,326.85,326.78,326.72,323.58,2026-07-08,3,False
MPWR,Information Technology,Semiconductors,KDJ,KDJ 金叉,None,0.0,0.5525,0.2432,0.2432,0.3918,37,1955,-0.0086,1346.13,1334.55,1322.98,1332.67,2026-07-06,3,False
JBS,Consumer Staples,Packaged Foods,BB,價格在 BB 中軌上方,None,0.0,0.425,0.2432,,0.2432,0,8891,-0.0001,12.19,12.19,12.19,12.07,2026-07-07,3,False
APD,Materials,Specialty Chemicals,BB,價格在 BB 中軌上方,None,0.0,0.425,0.2427,0.2427,0.2859,239,6697,-0.0041,296.75,295.53,294.32,293.78,2026-07-08,3,False
AMT,Real Estate,REIT - Specialty,RSI,RSI 維持強勢 (50-70),None,0.0,0.51,0.2419,0.2419,0.2509,186,7011,-0.0,165.04,165.04,165.04,163.39,2026-07-08,3,False
LIN,Materials,Specialty Chemicals,BB,BB 中軌向上（上升趨勢）,None,0.0,0.51,0.2419,0.2419,0.2853,186,5036,0.0042,527.67,529.89,532.1,522.39,2026-07-08,3,False
ACN,Information Technology,Information Technology Services,RSI,RSI 加速上升,None,0.0,0.5525,0.24,0.24,0.3693,150,10688,-0.0042,137.19,136.61,136.04,135.82,2026-07-08,3,False
CHD,Consumer Staples,Household & Personal Products,KDJ,KDJ 金叉,None,0.0,0.5525,0.24,0.24,0.2503,25,779,-0.003,98.95,98.65,98.36,97.96,2026-07-07,3,False
CRWV,Information Technology,Software - Infrastructure,KDJ,KDJ 金叉,Bullish Engulfing,0.75,1.0,0.2391,,0.2391,0,92,-0.0121,90.0,88.91,87.82,89.1,2026-07-08,3,False
UPS,Industrials,Integrated Freight & Logistics,RSI,RSI 維持強勢 (50-70),None,0.0,0.51,0.239,0.239,0.2986,205,19157,-0.0081,109.94,109.05,108.16,108.84,2026-07-08,3,False
LH,Health Care,Diagnostics & Research,BB,價格在 BB 中軌上方,None,0.0,0.425,0.2387,0.2387,0.2804,222,14417,0.0,277.74,277.74,277.74,274.96,2026-07-08,3,False
HIG,Financials,Insurance - Diversified,BB,價格在 BB 中軌上方,None,0.0,0.425,0.2386,0.2386,0.2847,352,21689,0.0002,138.74,138.77,138.8,137.35,2026-07-08,3,False
GIS,Consumer Staples,Packaged Foods,BB,價格在 BB 中軌上方,Support,0.8,0.924,0.2381,,0.2381,0,21,-0.0071,36.12,35.86,35.61,35.76,2026-07-06,3,False
NDSN,Industrials,Specialty Industrial Machinery,RSI,RSI 上穿 50 中性線,None,0.0,0.4675,0.2381,0.2381,0.304,21,1816,0.0063,293.66,295.51,297.36,290.72,2026-07-06,3,False
ECL,Materials,Specialty Chemicals,BB,價格在 BB 中軌上方,None,0.0,0.425,0.238,0.238,0.2859,332,6697,0.003,274.12,274.94,275.76,271.38,2026-07-08,3,False
MAA,Real Estate,REIT - Residential,RSI,RSI 維持強勢 (50-70),None,0.0,0.51,0.237,0.237,0.2509,211,7011,0.0016,137.86,138.08,138.3,136.48,2026-07-08,3,False
WEC,Utilities,Utilities - Regulated Electric,BB,價格在 BB 中軌上方,None,0.0,0.425,0.2348,0.2348,0.246,264,9864,0.0012,116.24,116.38,116.52,115.08,2026-07-08,3,False
PTC,Information Technology,Software - Application,RSI,RSI 維持強勢 (50-70),None,0.0,0.51,0.2344,0.2344,0.3645,209,16764,-0.0017,125.04,124.83,124.61,123.79,2026-07-07,3,False
SO,Utilities,Utilities - Regulated Electric,RSI,RSI 維持強勢 (50-70),None,0.0,0.51,0.2335,0.2335,0.2471,257,8831,0.0035,96.38,96.72,97.05,95.42,2026-07-08,3,False
GEHC,Health Care,Medical Devices,BB,價格在 BB 中軌上方,None,0.0,0.425,0.233,0.233,0.2804,206,14417,-0.0058,64.68,64.3,63.93,64.03,2026-07-08,3,False
BEKE,Real Estate,Real Estate Services,RSI,RSI 加速上升,None,0.0,0.5525,0.2327,,0.2327,0,4401,-0.0006,15.24,15.23,15.22,15.09,2026-07-08,3,False
TRV,Financials,Insurance - Property & Casualty,RSI,RSI 維持強勢 (50-70),None,0.0,0.51,0.2326,0.2326,0.2842,288,19108,0.0007,337.94,338.18,338.41,334.56,2026-07-08,3,False
WM,Industrials,Waste Management,RSI,RSI 維持強勢 (50-70),None,0.0,0.51,0.2321,0.2321,0.2986,224,19157,0.0008,233.94,234.13,234.31,231.6,2026-07-08,3,False
AWK,Utilities,Utilities - Regulated Water,RSI,RSI 維持強勢 (50-70),None,0.0,0.51,0.2312,0.2312,0.2471,199,8831,0.0008,131.88,131.99,132.09,130.56,2026-07-08,3,False
CTVA,Materials,Agricultural Inputs,BB,價格在 BB 中軌上方,None,0.0,0.425,0.2311,0.2311,0.2859,238,6697,-0.0041,85.18,84.83,84.48,84.33,2026-07-08,3,False
ED,Utilities,Utilities - Regulated Electric,BB,BB 中軌向上（上升趨勢）,None,0.0,0.51,0.2308,0.2308,0.249,182,7232,0.002,112.09,112.31,112.54,110.97,2026-07-08,3,False
NI,Utilities,Utilities - Regulated Gas,RSI,RSI 上穿 50 中性線,None,0.0,0.4675,0.2308,0.2308,0.2521,39,932,0.0063,47.49,47.79,48.09,47.02,2026-07-07,3,False
CMS,Utilities,Utilities - Regulated Electric,RSI,RSI 維持強勢 (50-70),None,0.0,0.51,0.2305,0.2305,0.2471,256,8831,0.0032,76.19,76.43,76.68,75.43,2026-07-08,3,False
REG,Real Estate,REIT - Retail,BB,BB 中軌向上（上升趨勢）,None,0.0,0.51,0.2304,0.2304,0.2647,191,5713,0.0014,79.72,79.83,79.94,78.92,2026-07-08,3,False
SBAC,Real Estate,REIT - Specialty,RSI,RSI 加速上升,None,0.0,0.5525,0.2302,0.2302,0.2327,126,4401,-0.0066,181.99,180.79,179.59,180.17,2026-07-08,3,False
ROP,Information Technology,Software - Application,RSI,RSI 加速上升,None,0.0,0.5525,0.2297,0.2297,0.3693,148,10688,-0.0037,354.89,353.58,352.26,351.34,2026-07-08,3,False
INVH,Real Estate,REIT - Residential,BB,BB 中軌向上（上升趨勢）,None,0.0,0.51,0.2295,0.2295,0.2647,122,5713,0.0013,29.63,29.67,29.71,29.33,2026-07-08,3,False
MKC,Consumer Staples,Packaged Foods,BB,BB 中軌向上（上升趨勢）,None,0.0,0.51,0.2292,0.2292,0.2466,192,6128,-0.0033,51.57,51.4,51.23,51.05,2026-07-08,3,False
VLTO,Industrials,Pollution & Treatment Controls,BB,價格在 BB 中軌上方,None,0.0,0.425,0.2292,0.2292,0.295,253,22337,0.0002,91.74,91.76,91.78,90.82,2026-07-08,3,False
GNRC,Industrials,Specialty Industrial Machinery,BB,BB 跌破下軌 (超賣),None,0.0,0.45499999999999996,0.2273,0.2273,0.2838,22,1258,-0.012,235.8,232.97,230.14,233.44,2026-07-07,3,False
NVR,Consumer Discretionary,Residential Construction,BB,BB 中軌向上（上升趨勢）,None,0.0,0.51,0.227,0.227,0.2908,163,9757,0.0006,6429.1299,6432.99,6436.84,6364.84,2026-07-08,3,False
EVRG,Utilities,Utilities - Regulated Electric,BB,價格在 BB 中軌上方,None,0.0,0.425,0.227,0.227,0.246,326,9864,0.0026,85.91,86.13,86.36,85.05,2026-07-08,3,False
DHR,Health Care,Diagnostics & Research,BB,價格在 BB 中軌上方,None,0.0,0.425,0.2267,0.2267,0.2804,247,14417,-0.002,190.77,190.39,190.01,188.86,2026-07-08,3,False
HD,Consumer Discretionary,Home Improvement Retail,BB,價格在 BB 中軌上方,None,0.0,0.425,0.2266,0.2266,0.2984,256,12430,0.0015,345.21,345.73,346.25,341.76,2026-07-07,3,False
UDR,Real Estate,REIT - Residential,BB,BB 中軌向上（上升趨勢）,None,0.0,0.51,0.226,0.226,0.2647,146,5713,0.0028,39.83,39.94,40.05,39.43,2026-07-08,3,False
CTAS,Industrials,Specialty Business Services,RSI,RSI 加速上升,None,0.0,0.5525,0.2252,0.2252,0.2981,151,11545,0.0035,180.17,180.8,181.43,178.37,2026-07-08,3,False
PG,Consumer Staples,Household & Personal Products,RSI,RSI 動能加速（強勢區）,None,0.0,0.51,0.225,0.225,0.2456,40,1148,0.0005,152.75,152.83,152.9,151.22,2026-07-07,3,False
FAST,Industrials,Industrial Distribution,RSI,RSI 維持強勢 (50-70),None,0.0,0.51,0.2249,0.2249,0.2986,249,19157,0.0002,46.51,46.52,46.53,46.04,2026-07-08,3,False
CLX,Consumer Staples,Household & Personal Products,BB,價格在 BB 中軌上方,None,0.0,0.425,0.2245,0.2245,0.2432,196,8891,-0.0034,97.41,97.08,96.75,96.44,2026-07-07,3,False
STE,Health Care,Medical Devices,BB,價格在 BB 中軌上方,None,0.0,0.425,0.2235,0.2235,0.2804,170,14417,0.0018,209.49,209.87,210.24,207.4,2026-07-08,3,False
OTIS,Industrials,Specialty Industrial Machinery,MACD,MACD 突破 0 軸,None,0.0,0.595,0.2222,0.2222,0.2912,9,570,0.003,73.49,73.71,73.93,72.76,2026-07-06,3,False
VZ,Communication Services,Telecom Services,KDJ,KDJ 金叉,None,0.0,0.5525,0.2222,0.2222,0.3345,18,550,0.0038,42.45,42.61,42.77,42.03,2026-07-08,3,False
EQR,Real Estate,REIT - Residential,RSI,RSI 維持強勢 (50-70),None,0.0,0.51,0.2222,0.2222,0.2509,279,7011,0.0003,68.31,68.33,68.35,67.63,2026-07-08,3,False
FRT,Real Estate,REIT - Retail,RSI,RSI 維持強勢 (50-70),None,0.0,0.51,0.2211,0.2211,0.2509,285,7011,-0.0003,122.11,122.07,122.04,120.89,2026-07-07,3,False
MDLZ,Consumer Staples,Confectioners,RSI,RSI 加速上升,None,0.0,0.5525,0.2208,0.2208,0.2439,154,5343,-0.0021,59.48,59.36,59.23,58.89,2026-07-08,3,False
VRSK,Industrials,Consulting Services,RSI,RSI 加速上升,None,0.0,0.5525,0.2179,0.2179,0.2981,156,11545,-0.0014,189.67,189.4,189.14,187.77,2026-07-08,3,False
AFL,Financials,Insurance - Life,BB,價格在 BB 中軌上方,None,0.0,0.425,0.2149,0.2149,0.2847,363,21689,0.0016,121.44,121.63,121.83,120.23,2026-07-08,3,False
ROST,Consumer Discretionary,Apparel Retail,KDJ,KDJ 金叉,None,0.0,0.5525,0.2143,0.2143,0.3183,28,1244,0.0033,214.67,215.38,216.09,212.52,2026-07-07,3,False
SBUX,Consumer Discretionary,Restaurants,RSI,RSI 動能加速（強勢區）,None,0.0,0.51,0.2143,0.2143,0.3027,28,1665,-0.0021,103.61,103.39,103.17,102.57,2026-07-07,3,False
AME,Industrials,Specialty Industrial Machinery,BB,價格在 BB 中軌上方,None,0.0,0.425,0.2138,0.2138,0.295,318,22337,0.0033,231.34,232.1,232.87,229.03,2026-07-08,3,False
MRSH,Financials,Insurance Brokers,RSI,RSI 動能加速（強勢區）,None,0.0,0.51,0.2128,0.2128,0.279,47,3129,0.0004,178.0,178.07,178.14,176.22,2026-07-07,3,False
CMCSA,Communication Services,Telecom Services,BB,價格在 BB 中軌上方,None,0.0,0.425,0.2115,0.2115,0.3007,227,6080,-0.0053,23.41,23.29,23.16,23.18,2026-07-07,3,False
L,Financials,Insurance - Property & Casualty,RSI,RSI 加速上升,None,0.0,0.5525,0.2105,0.2105,0.3014,152,11488,0.0029,116.95,117.29,117.63,115.78,2026-07-07,3,False
WST,Health Care,Medical Instruments & Supplies,BB,BB 中軌向上（上升趨勢）,None,0.0,0.51,0.2086,0.2086,0.2705,187,10885,-0.0036,353.68,352.41,351.13,350.14,2026-07-08,3,False
WRB,Financials,Insurance - Property & Casualty,RSI,RSI 維持強勢 (50-70),None,0.0,0.51,0.2083,0.2083,0.2842,288,19108,0.0013,71.28,71.37,71.47,70.57,2026-07-08,3,False
RSG,Industrials,Waste Management,RSI,RSI 維持強勢 (50-70),None,0.0,0.51,0.2077,0.2077,0.2986,260,19157,0.0022,220.46,220.95,221.43,218.26,2026-07-08,3,False
KR,Consumer Staples,Grocery Stores,RSI,RSI 加速上升,None,0.0,0.5525,0.2069,0.2069,0.2439,145,5343,0.0,59.32,59.32,59.32,58.73,2026-07-08,3,False
KMB,Consumer Staples,Household & Personal Products,BB,BB 中軌向上（上升趨勢）,None,0.0,0.51,0.2057,0.2057,0.2466,141,6128,-0.0029,110.98,110.66,110.34,109.87,2026-07-08,3,False
YUM,Consumer Discretionary,Restaurants,RSI,RSI 加速上升,None,0.0,0.5525,0.2047,0.2047,0.3117,127,6796,-0.0001,167.49,167.47,167.46,165.82,2026-07-07,3,False
MCD,Consumer Discretionary,Restaurants,RSI,RSI 維持強勢 (50-70),None,0.0,0.51,0.2026,0.2026,0.2995,227,10441,0.0035,278.25,279.22,280.2,275.47,2026-07-08,3,False
MRK,Health Care,Drug Manufacturers - General,RSI,RSI 維持強勢 (50-70),None,0.0,0.51,0.2017,0.2017,0.2772,233,12123,-0.0043,125.99,125.45,124.91,124.73,2026-07-08,3,False
TYL,Information Technology,Software - Application,RSI,RSI 加速上升,None,0.0,0.5525,0.2,0.2,0.3693,115,10688,-0.0028,314.29,313.41,312.53,311.15,2026-07-08,3,False
GPC,Consumer Discretionary,Auto Parts,BB,價格在 BB 中軌上方,None,0.0,0.425,0.2,0.2,0.2984,245,12430,-0.0088,124.73,123.63,122.53,123.48,2026-07-08,3,False
BDX,Health Care,Medical Instruments & Supplies,BB,BB 中軌向上（上升趨勢）,None,0.0,0.51,0.1948,0.1948,0.2705,154,10885,-0.0017,150.56,150.3,150.05,149.05,2026-07-08,3,False
SNA,Industrials,Tools & Accessories,BB,BB 中軌向上（上升趨勢）,None,0.0,0.51,0.1944,0.1944,0.2929,216,17460,0.0,401.11,401.11,401.11,397.1,2026-07-08,3,False
PNW,Utilities,Utilities - Regulated Electric,BB,BB 中軌向上（上升趨勢）,None,0.0,0.51,0.1913,0.1913,0.249,183,7232,0.0008,107.82,107.91,107.99,106.74,2026-07-08,3,False
LNT,Utilities,Utilities - Regulated Electric,RSI,RSI 維持強勢 (50-70),None,0.0,0.51,0.1906,0.1906,0.2471,278,8831,0.0008,76.37,76.43,76.49,75.61,2026-07-08,3,False
LYB,Materials,Specialty Chemicals,MACD,MACD 金叉 (空頭區),None,0.0,0.42,0.1875,0.1875,0.3816,16,304,-0.0079,55.72,55.28,54.84,55.16,2026-07-08,3,False
GD,Industrials,Aerospace & Defense,RSI,RSI 維持強勢 (50-70),None,0.0,0.51,0.1812,0.1812,0.2986,320,19157,0.0031,374.31,375.47,376.63,370.57,2026-07-08,3,False
PPL,Utilities,Utilities - Regulated Electric,BB,BB 中軌向上（上升趨勢）,None,0.0,0.51,0.1777,0.1777,0.249,197,7232,0.0011,35.99,36.03,36.07,35.63,2026-07-08,3,False
CB,Financials,Insurance - Property & Casualty,RSI,RSI 維持強勢 (50-70),None,0.0,0.51,0.1716,0.1716,0.2842,268,19108,0.0003,355.09,355.2,355.3,351.54,2026-07-08,3,False
HRL,Consumer Staples,Packaged Foods,RSI,RSI 維持強勢 (50-70),None,0.0,0.51,0.1642,0.1642,0.2452,201,7574,-0.0031,24.54,24.46,24.39,24.29,2026-07-08,3,False
SWKS,Information Technology,Semiconductors,BB,BB 跌破下軌 (超賣),None,0.0,0.45499999999999996,0.1538,0.1538,0.3447,13,1001,-0.0294,58.49,56.77,55.05,57.91,2026-07-08,3,False
LEN,Consumer Discretionary,Residential Construction,BB,BB 跌破下軌 (超賣),None,0.0,0.45499999999999996,0.15,0.15,0.2974,20,733,-0.0267,83.59,81.36,79.13,82.75,2026-07-08,3,False
VICI,Real Estate,REIT - Diversified,MACD,MACD 金叉 (空頭區),None,0.0,0.42,0.0625,0.0625,0.2026,16,380,-0.0087,26.77,26.54,26.3,26.5,2026-07-07,3,False
FSLR,Information Technology,Solar,KDJ,KDJ 超賣區金叉,None,0.0,0.5599999999999999,0.0,0.0,0.3016,5,368,-0.029,233.06,226.3,219.54,230.73,2026-07-06,3,False
