symbol,sector,subsector,indicator,signal,pattern,pattern_conf,confidence,win_rate,win_rate_stock,win_rate_sector,stock_n,sector_n,avg_return,price,tp1_price,tp2_price,sl_price,date,tier,volume_confirmed
FFIV,Information Technology,Software - Infrastructure,RSI,RSI 上穿 50 中性線,Morning Star,0.8,1.0,0.8571,,0.8571,0,7,0.0517,407.96,429.05,450.14,403.88,2026-07-27,1,True
CHRW,Industrials,Integrated Freight & Logistics,BB,BB 跌破下軌 (超賣),Bullish Engulfing,0.75,1.0,0.6923,,0.6923,0,13,0.054,169.34,178.48,187.63,167.65,2026-07-28,1,True
IQV,Health Care,Diagnostics & Research,RSI,RSI 加速上升,Morning Star,0.8,1.0,0.6667,,0.6667,0,6,0.0354,213.22,220.77,228.32,211.09,2026-07-27,1,True
SBAC,Real Estate,REIT - Specialty,RSI,RSI 上穿 50 中性線,Morning Star,0.8,1.0,0.5833,,0.5833,0,24,0.0272,186.29,191.36,196.42,184.43,2026-07-29,1,True
BEKE,Real Estate,Real Estate Services,RSI,RSI 上穿 50 中性線,Morning Star,0.8,0.9900000000000001,0.5833,,0.5833,0,24,0.0272,16.39,16.84,17.28,16.23,2026-07-27,1,False
KNX,Industrials,Trucking,BB,BB 跌破下軌 (超賣),Bullish Engulfing,0.75,1.0,0.5682,,0.5682,0,44,0.0295,70.16,72.23,74.3,69.46,2026-07-28,1,False
MKC,Consumer Staples,Packaged Foods,RSI,RSI 上穿 50 中性線,Morning Star,0.8,0.9900000000000001,0.5625,,0.5625,0,32,0.0236,51.53,52.75,53.96,51.01,2026-07-28,1,False
MNST,Consumer Staples,Beverages - Non-Alcoholic,RSI,RSI 上穿 50 中性線,Morning Star,0.8,0.9900000000000001,0.5625,,0.5625,0,32,0.0236,95.33,97.58,99.83,94.38,2026-07-27,1,False
CNC,Health Care,Healthcare Plans,KDJ,KDJ 金叉,Morning Star,0.8,1.0,0.5,,0.5,0,6,0.0331,63.91,66.03,68.14,63.27,2026-07-28,1,True
GRAB,Information Technology,Software - Application,KDJ,KDJ 超賣區金叉,Bullish Engulfing,0.75,1.0,0.5,,0.5,0,12,0.027,3.45,3.54,3.64,3.42,2026-07-28,1,True
SOLV,Health Care,Medical Instruments & Supplies,RSI,RSI 維持強勢 (50-70),None,0.0,0.51,0.875,0.875,0.3606,8,502,0.0488,86.17,90.38,94.58,85.31,2026-07-28,2,True
NXPI,Information Technology,Semiconductors,BB,BB 跌破下軌 (超賣),None,0.0,0.45499999999999996,0.8333,0.8333,0.4474,6,456,0.037,240.98,249.9,258.81,238.57,2026-07-29,2,True
RTX,Industrials,Aerospace & Defense,BB,BB 中軌向上（上升趨勢）,None,0.0,0.51,0.7857,0.7857,0.3333,14,936,0.0425,215.25,224.4,233.55,213.1,2026-07-29,2,True
BKR,Energy,Oil & Gas Equipment & Services,RSI,RSI 維持強勢 (50-70),None,0.0,0.51,0.75,0.75,0.411,8,146,0.0567,58.72,62.05,65.38,58.13,2026-07-29,2,True
EXE,Energy,Oil & Gas E&P,BB,價格在 BB 中軌上方,None,0.0,0.425,0.75,0.75,0.3547,12,203,0.0258,92.46,94.85,97.23,91.54,2026-07-29,2,True
PFG,Financials,Asset Management,BB,價格在 BB 中軌上方,None,0.0,0.425,0.75,0.75,0.3239,8,852,0.0261,111.29,114.19,117.1,110.18,2026-07-27,2,True
GS,Financials,Capital Markets,BB,BB 跌破下軌 (超賣),None,0.0,0.45499999999999996,0.7143,0.7143,0.4057,7,424,0.0211,980.75,1001.44,1022.14,970.94,2026-07-29,2,True
ADM,Consumer Staples,Farm Products,RSI,RSI 維持強勢 (50-70),None,0.0,0.51,0.6667,0.6667,0.3092,9,262,0.0292,83.18,85.61,88.04,82.35,2026-07-28,2,True
BXP,Real Estate,REIT - Office,BB,BB 中軌向上（上升趨勢）,None,0.0,0.51,0.6364,0.6364,0.3037,11,270,0.0302,72.97,75.17,77.38,72.24,2026-07-29,2,True
FDS,Financials,Financial Data & Stock Exchanges,RSI,RSI 維持強勢 (50-70),None,0.0,0.51,0.6364,0.6364,0.3448,11,609,0.0179,283.87,288.95,294.03,281.03,2026-07-28,2,True
RCL,Consumer Discretionary,Travel Services,RSI,RSI 加速上升,None,0.0,0.5525,0.5714,0.5714,0.3983,7,359,0.0109,305.04,308.36,311.69,301.99,2026-07-27,2,True
VMC,Materials,Building Materials,RSI,RSI 加速上升,None,0.0,0.5525,0.5556,0.5556,0.3616,9,177,-0.0056,283.92,282.33,280.74,281.08,2026-07-29,2,True
AIZ,Financials,Insurance - Property & Casualty,RSI,RSI 維持強勢 (50-70),None,0.0,0.51,0.5556,0.5556,0.3448,9,609,0.029,283.08,291.29,299.5,280.25,2026-07-28,2,True
ORLY,Consumer Discretionary,Auto Parts,RSI,RSI 維持強勢 (50-70),None,0.0,0.51,0.5556,0.5556,0.3861,9,360,0.0141,90.59,91.87,93.14,89.68,2026-07-27,2,True
XYL,Industrials,Specialty Industrial Machinery,RSI,RSI 維持強勢 (50-70),None,0.0,0.51,0.5455,0.5455,0.3579,11,746,0.0119,124.97,126.46,127.94,123.72,2026-07-28,2,True
EXR,Real Estate,REIT - Industrial,RSI,RSI 加速上升,None,0.0,0.5525,0.5385,0.5385,0.3264,13,193,0.0371,152.85,158.52,164.19,151.32,2026-07-29,2,True
GFS,Information Technology,Semiconductors,RSI,RSI 維持超賣,None,0.0,0.385,0.5215,,0.5215,0,163,0.0136,47.07,47.71,48.35,46.6,2026-07-29,2,True
MTSI,Information Technology,Semiconductors,RSI,RSI 維持超賣,None,0.0,0.385,0.5215,,0.5215,0,163,0.0136,228.71,231.82,234.93,226.42,2026-07-29,2,True
TTMI,Information Technology,Electronic Components,RSI,RSI 維持超賣,None,0.0,0.385,0.5215,,0.5215,0,163,0.0136,101.77,103.15,104.54,100.75,2026-07-29,2,True
TCOM,Consumer Discretionary,Travel Services,MACD,MACD 突破 0 軸,None,0.0,0.595,0.5161,,0.5161,0,31,0.0207,46.0,46.95,47.9,45.54,2026-07-29,2,True
ITW,Industrials,Specialty Industrial Machinery,RSI,RSI 加速上升,None,0.0,0.5525,0.5,0.5,0.3379,8,651,0.0068,295.16,297.17,299.17,292.21,2026-07-28,2,True
EXPE,Consumer Discretionary,Travel Services,BB,BB 中軌向上（上升趨勢）,None,0.0,0.51,0.5,0.5,0.3934,6,427,0.0247,304.27,311.79,319.3,301.23,2026-07-29,2,True
HII,Industrials,Aerospace & Defense,RSI,RSI 維持強勢 (50-70),None,0.0,0.51,0.5,0.5,0.3579,6,746,0.0144,299.9,304.22,308.54,296.9,2026-07-28,2,True
IVZ,Financials,Asset Management,RSI,RSI 維持強勢 (50-70),None,0.0,0.51,0.5,0.5,0.3448,16,609,0.0196,29.43,30.01,30.58,29.14,2026-07-28,2,True
NUE,Materials,Steel,BB,BB 中軌向上（上升趨勢）,None,0.0,0.51,0.5,0.5,0.3886,6,229,0.0122,265.62,268.86,272.1,262.96,2026-07-28,2,True
TXT,Industrials,Aerospace & Defense,RSI,RSI 維持強勢 (50-70),None,0.0,0.51,0.5,0.5,0.3579,8,746,0.0193,96.13,97.99,99.84,95.17,2026-07-27,2,True
ZBH,Health Care,Medical Devices,RSI,RSI 維持強勢 (50-70),None,0.0,0.51,0.5,0.5,0.3606,8,502,0.0268,97.15,99.75,102.36,96.18,2026-07-29,2,True
HUM,Health Care,Healthcare Plans,BB,BB 跌破下軌 (超賣),None,0.0,0.45499999999999996,0.5,0.5,0.3173,8,375,-0.0075,365.41,362.67,359.93,361.76,2026-07-29,2,True
PWR,Industrials,Engineering & Construction,BB,BB 跌破下軌 (超賣),None,0.0,0.45499999999999996,0.5,0.5,0.3532,6,436,0.0264,561.14,575.95,590.77,555.53,2026-07-29,2,True
SHW,Materials,Specialty Chemicals,BB,價格在 BB 中軌上方,None,0.0,0.425,0.5,0.5,0.354,8,274,0.0269,343.88,353.13,362.38,340.44,2026-07-29,2,True
TECH,Health Care,Biotechnology,BB,價格在 BB 中軌上方,None,0.0,0.425,0.5,0.5,0.365,10,715,0.0148,72.07,73.14,74.2,71.35,2026-07-28,2,True
F,Consumer Discretionary,Auto Manufacturers,RSI,RSI 維持強勢 (50-70),None,0.0,0.51,0.4667,0.4667,0.3861,15,360,0.0074,15.28,15.39,15.51,15.13,2026-07-29,2,True
RVTY,Health Care,Diagnostics & Research,RSI,RSI 維持強勢 (50-70),None,0.0,0.51,0.4615,0.4615,0.3606,13,502,0.0011,113.37,113.49,113.62,112.24,2026-07-29,2,True
ADP,Information Technology,Software - Application,KDJ,KDJ 金叉,None,0.0,0.5525,0.4606,,0.4606,0,165,0.01,264.17,266.81,269.45,261.53,2026-07-28,2,True
BMNP,Information Technology,Blockchain,KDJ,KDJ 金叉,None,0.0,0.5525,0.4606,,0.4606,0,165,0.01,88.47,89.35,90.24,87.59,2026-07-28,2,True
CDNS,Information Technology,Software - Application,KDJ,KDJ 金叉,None,0.0,0.5525,0.4606,,0.4606,0,165,0.01,344.72,348.17,351.61,341.27,2026-07-28,2,True
INFY,Information Technology,Information Technology Services,KDJ,KDJ 金叉,None,0.0,0.5525,0.4606,,0.4606,0,165,0.01,11.7,11.82,11.93,11.58,2026-07-27,2,True
PAYX,Information Technology,Software - Application,KDJ,KDJ 金叉,None,0.0,0.5525,0.4606,,0.4606,0,165,0.01,118.87,120.06,121.25,117.68,2026-07-28,2,True
SNPS,Information Technology,Software - Infrastructure,KDJ,KDJ 金叉,None,0.0,0.5525,0.4606,,0.4606,0,165,0.01,388.99,392.88,396.77,385.1,2026-07-27,2,True
SONY,Information Technology,Consumer Electronics,KDJ,KDJ 金叉,None,0.0,0.5525,0.4606,,0.4606,0,165,0.01,22.29,22.51,22.74,22.07,2026-07-27,2,True
TEAM,Information Technology,Software - Application,KDJ,KDJ 金叉,None,0.0,0.5525,0.4606,,0.4606,0,165,0.01,95.87,96.83,97.79,94.91,2026-07-27,2,True
WDAY,Information Technology,Software - Application,KDJ,KDJ 金叉,None,0.0,0.5525,0.4606,,0.4606,0,165,0.01,147.54,149.02,150.49,146.06,2026-07-27,2,True
IEX,Industrials,Specialty Industrial Machinery,RSI,RSI 加速上升,None,0.0,0.5525,0.4545,0.4545,0.3379,11,651,0.0143,229.52,232.8,236.08,227.22,2026-07-29,2,True
NCLH,Consumer Discretionary,Travel Services,MACD,MACD 金叉 (多頭區),None,0.0,0.68,0.4524,,0.4524,0,42,0.0084,21.22,21.4,21.58,21.01,2026-07-28,2,True
RACE,Consumer Discretionary,Auto Manufacturers,MACD,MACD 金叉 (多頭區),None,0.0,0.68,0.4524,,0.4524,0,42,0.0084,385.69,388.93,392.17,381.83,2026-07-29,2,True
BIIB,Health Care,Drug Manufacturers - General,MACD,MACD 金叉 (多頭區),None,0.0,0.68,0.451,,0.451,0,51,0.0047,209.23,210.21,211.2,207.14,2026-07-29,2,True
GSK,Health Care,Drug Manufacturers - General,MACD,MACD 金叉 (多頭區),None,0.0,0.68,0.451,,0.451,0,51,0.0047,53.71,53.96,54.21,53.17,2026-07-28,2,True
HLN,Health Care,Drug Manufacturers - Specialty & Generic,MACD,MACD 金叉 (多頭區),None,0.0,0.68,0.451,,0.451,0,51,0.0047,10.27,10.32,10.37,10.17,2026-07-28,2,True
INCY,Health Care,Biotechnology,MACD,MACD 金叉 (多頭區),None,0.0,0.68,0.451,,0.451,0,51,0.0047,129.93,130.54,131.15,128.63,2026-07-28,2,True
FICO,Information Technology,Software - Application,MACD,MACD 金叉 (多頭區),None,0.0,0.68,0.45,,0.45,0,100,0.0204,1336.22,1363.48,1390.74,1322.86,2026-07-28,2,True
TYL,Information Technology,Software - Application,MACD,MACD 金叉 (多頭區),None,0.0,0.68,0.45,,0.45,0,100,0.0204,333.35,340.15,346.95,330.02,2026-07-28,2,True
ULTA,Consumer Discretionary,Specialty Retail,RSI,RSI 維持強勢 (50-70),Morning Star,0.8,1.0,1.0,1.0,0.4226,7,265,0.0414,501.52,522.28,543.05,496.5,2026-07-28,3,False
TT,Industrials,Building Products & Equipment,BB,BB 跌破下軌 (超賣),None,0.0,0.45499999999999996,1.0,1.0,0.3532,5,436,0.0418,446.8,465.48,484.15,442.33,2026-07-29,3,True
HAL,Energy,Oil & Gas Equipment & Services,RSI,RSI 維持超賣,None,0.0,0.385,1.0,1.0,0.6122,5,98,0.058,31.19,33.0,34.81,30.88,2026-07-29,3,False
LRCX,Information Technology,Semiconductor Equipment & Materials,BB,BB 跌破下軌 (超賣),None,0.0,0.45499999999999996,0.8571,0.8571,0.3447,7,1001,0.0509,252.35,265.19,278.04,249.83,2026-07-29,3,False
MLM,Materials,Building Materials,MACD,MACD 金叉 (空頭區),None,0.0,0.42,0.7778,0.7778,0.3816,9,304,0.0288,583.67,600.48,617.29,577.83,2026-07-28,3,False
SPGI,Financials,Financial Data & Stock Exchanges,BB,價格在 BB 中軌上方,Morning Star,0.8,0.924,0.7143,0.7143,0.3937,7,348,0.0201,439.83,448.67,457.51,435.43,2026-07-27,3,False
NRG,Utilities,Utilities - Independent Power Producers,BB,BB 跌破下軌 (超賣),None,0.0,0.45499999999999996,0.7143,0.7143,0.4104,7,441,0.0499,124.23,130.43,136.63,122.99,2026-07-29,3,False
DECK,Consumer Discretionary,Footwear & Accessories,RSI,RSI 上穿 50 中性線,None,0.0,0.4675,0.7,0.7,0.3072,10,1123,0.0376,103.92,107.83,111.73,102.88,2026-07-28,3,False
SRE,Utilities,Utilities - Diversified,BB,BB 跌破下軌 (超賣),None,0.0,0.45499999999999996,0.6875,0.6875,0.4104,16,441,0.0291,88.82,91.4,93.99,87.93,2026-07-29,3,False
SYF,Financials,Credit Services,MACD,MACD 金叉 (多頭區),None,0.0,0.68,0.6667,0.6667,0.2747,6,517,0.0291,77.12,79.36,81.61,76.35,2026-07-28,3,False
CVNA,Consumer Discretionary,Auto & Truck Dealerships,RSI,RSI 上穿 50 中性線,None,0.0,0.4675,0.6667,0.6667,0.3072,24,1123,0.0719,66.07,70.82,75.57,65.41,2026-07-28,3,False
VST,Utilities,Utilities - Independent Power Producers,BB,BB 跌破下軌 (超賣),None,0.0,0.45499999999999996,0.6154,0.6154,0.4104,13,441,0.0603,142.81,151.42,160.03,141.38,2026-07-29,3,False
KMB,Consumer Staples,Household & Personal Products,MACD,MACD 金叉 (多頭區),None,0.0,0.68,0.6,0.6,0.2554,5,184,0.0254,113.21,116.09,118.96,112.08,2026-07-29,3,False
MAS,Industrials,Building Products & Equipment,RSI,RSI 維持強勢 (50-70),None,0.0,0.51,0.6,0.6,0.3579,5,746,0.05,81.61,85.69,89.77,80.79,2026-07-28,3,True
VRT,Industrials,Electrical Equipment & Parts,BB,BB 跌破下軌 (超賣),None,0.0,0.45499999999999996,0.6,0.6,0.3532,5,436,0.0625,223.04,236.98,250.92,220.81,2026-07-29,3,True
ECL,Materials,Specialty Chemicals,BB,價格在 BB 中軌上方,None,0.0,0.425,0.6,0.6,0.354,5,274,0.0279,282.9,290.79,298.69,280.07,2026-07-28,3,True
LULU,Consumer Discretionary,Apparel Retail,MACD,MACD 金叉 (空頭區),None,0.0,0.42,0.5882,0.5882,0.3233,17,529,0.0095,117.83,118.95,120.07,116.65,2026-07-27,3,False
HLT,Consumer Discretionary,Lodging,RSI,RSI 上穿 50 中性線,None,0.0,0.4675,0.5833,0.5833,0.3072,24,1123,0.0141,330.85,335.51,340.18,327.54,2026-07-27,3,False
CCL,Consumer Discretionary,Travel Services,RSI,RSI 上穿 50 中性線,None,0.0,0.4675,0.5789,0.5789,0.3072,19,1123,0.028,27.12,27.88,28.64,26.85,2026-07-27,3,False
CMG,Consumer Discretionary,Restaurants,MACD,MACD 突破 0 軸,None,0.0,0.595,0.5714,0.5714,0.3351,7,376,0.0123,33.51,33.92,34.33,33.17,2026-07-28,3,False
FIX,Industrials,Engineering & Construction,BB,BB 跌破下軌 (超賣),None,0.0,0.45499999999999996,0.5714,0.5714,0.2838,7,1258,0.0313,1519.96,1567.53,1615.11,1504.76,2026-07-29,3,False
CDW,Information Technology,Information Technology Services,KDJ,KDJ 金叉,None,0.0,0.5525,0.5625,0.5625,0.3918,16,1955,0.0168,138.04,140.36,142.68,136.66,2026-07-27,3,False
DDOG,Information Technology,Software - Application,KDJ,KDJ 金叉,None,0.0,0.5525,0.5556,0.5556,0.3918,27,1955,0.0258,250.88,257.35,263.83,248.37,2026-07-28,3,False
TKO,Communication Services,Entertainment,KDJ,KDJ 金叉,None,0.0,0.5525,0.5556,0.5556,0.3345,18,550,0.0167,182.86,185.91,188.97,181.03,2026-07-27,3,False
NI,Utilities,Utilities - Regulated Gas,BB,BB 跌破下軌 (超賣),None,0.0,0.45499999999999996,0.5556,0.5556,0.4104,9,441,0.0086,44.81,45.2,45.58,44.36,2026-07-29,3,False
TTWO,Communication Services,Electronic Gaming & Multimedia,MACD,MACD 突破 0 軸,Morning Star,0.8,1.0,0.5455,,,0,0,0.0313,243.95,251.59,259.22,241.51,2026-07-27,3,False
COHR,Information Technology,Scientific & Technical Instruments,BB,BB 跌破下軌 (超賣),None,0.0,0.45499999999999996,0.5455,0.5455,0.3447,11,1001,0.0437,222.05,231.75,241.46,219.83,2026-07-29,3,False
EME,Industrials,Engineering & Construction,BB,BB 跌破下軌 (超賣),None,0.0,0.45499999999999996,0.5455,0.5455,0.2838,11,1258,0.0339,705.82,729.75,753.67,698.76,2026-07-28,3,False
OMC,Communication Services,Advertising Agencies,KDJ,KDJ 金叉,None,0.0,0.5525,0.5385,0.5385,0.3345,13,550,0.0108,86.22,87.15,88.08,85.36,2026-07-28,3,False
LNT,Utilities,Utilities - Regulated Electric,BB,BB 跌破下軌 (超賣),None,0.0,0.45499999999999996,0.5385,0.5385,0.4104,13,441,0.0242,72.0,73.74,75.48,71.28,2026-07-29,3,False
RL,Consumer Discretionary,Apparel Manufacturing,KDJ,KDJ 金叉,None,0.0,0.5525,0.5294,0.5294,0.3183,34,1244,0.0096,379.94,383.59,387.23,376.14,2026-07-27,3,False
MS,Financials,Capital Markets,BB,BB 跌破下軌 (超賣),None,0.0,0.45499999999999996,0.5263,0.5263,0.3485,19,1277,0.0112,203.13,205.41,207.68,201.1,2026-07-29,3,False
FCX,Materials,Copper,RSI,RSI 加速上升,None,0.0,0.5525,0.5217,0.5217,0.3048,138,3639,0.0144,62.72,63.62,64.53,62.09,2026-07-27,3,False
CEG,Utilities,Utilities - Independent Power Producers,RSI,RSI 加速上升,None,0.0,0.5525,0.5093,0.5093,0.2565,161,4905,0.0227,270.0,276.13,282.26,267.3,2026-07-27,3,False
FOX,Communication Services,Entertainment,RSI,RSI 動能加速（強勢區）,Consolidation Breakout,0.75,1.0,0.5,0.5,0.2677,12,254,0.0182,52.73,53.69,54.65,52.2,2026-07-29,3,False
RMD,Health Care,Medical Instruments & Supplies,MACD,MACD 突破 0 軸,None,0.0,0.595,0.5,0.5,0.3171,8,432,0.0064,208.96,210.3,211.63,206.87,2026-07-28,3,False
MRNA,Health Care,Biotechnology,KDJ,KDJ 超賣區金叉,None,0.0,0.5599999999999999,0.5,0.5,0.3027,6,370,-0.0077,55.805,55.38,54.95,55.25,2026-07-28,3,False
ORCL,Information Technology,Software - Infrastructure,KDJ,KDJ 超賣區金叉,None,0.0,0.5599999999999999,0.5,0.5,0.3016,8,368,0.0013,119.9,120.06,120.21,118.7,2026-07-27,3,False
RJF,Financials,Asset Management,KDJ,KDJ 金叉,None,0.0,0.5525,0.5,0.5,0.3142,24,1932,0.011,173.6,175.51,177.42,171.86,2026-07-27,3,False
COIN,Financials,Financial Data & Stock Exchanges,RSI,RSI 上穿 50 中性線,None,0.0,0.4675,0.5,0.5,0.3091,34,1899,0.0317,167.49,172.8,178.11,165.82,2026-07-27,3,False
WMB,Energy,Oil & Gas Midstream,BB,BB 跌破下軌 (超賣),None,0.0,0.45499999999999996,0.5,0.5,0.3664,8,292,0.0177,70.13,71.37,72.61,69.43,2026-07-29,3,False
GILD,Health Care,Drug Manufacturers - General,BB,BB 中軌向上（上升趨勢）,Morning Star,0.8,1.0,0.4901,,0.4901,0,253,0.0226,134.32,137.36,140.39,132.98,2026-07-28,3,False
NVO,Health Care,Drug Manufacturers - General,BB,BB 中軌向上（上升趨勢）,Morning Star,0.8,1.0,0.4901,,0.4901,0,253,0.0226,49.67,50.79,51.92,49.17,2026-07-27,3,False
NET,Information Technology,Software - Infrastructure,BB,BB 中軌向上（上升趨勢）,Morning Star,0.8,1.0,0.4841,,0.4841,0,471,0.0267,270.38,277.6,284.82,267.68,2026-07-29,3,False
SHOP,Information Technology,Software - Application,BB,BB 中軌向上（上升趨勢）,Morning Star,0.8,1.0,0.4841,,0.4841,0,471,0.0267,126.88,130.27,133.66,125.61,2026-07-27,3,False
XYZ,Information Technology,Software - Infrastructure,BB,BB 中軌向上（上升趨勢）,Morning Star,0.8,1.0,0.4841,,0.4841,0,471,0.0267,81.24,83.41,85.58,80.43,2026-07-27,3,False
FANG,Energy,Oil & Gas E&P,RSI,RSI 上穿 50 中性線,None,0.0,0.4675,0.4828,0.4828,0.361,29,579,0.0161,199.13,202.34,205.54,197.14,2026-07-29,3,False
STLD,Materials,Steel,RSI,RSI 動能加速（強勢區）,None,0.0,0.51,0.4815,0.4815,0.2962,27,942,0.0084,259.74,261.92,264.1,257.14,2026-07-28,3,False
IFF,Materials,Specialty Chemicals,RSI,RSI 上穿 50 中性線,None,0.0,0.4675,0.4815,0.4815,0.3294,27,595,0.014,79.25,80.36,81.47,78.46,2026-07-28,3,False
DELL,Information Technology,Computer Hardware,RSI,RSI 維持強勢 (50-70),None,0.0,0.51,0.4775,0.4775,0.3645,333,16764,0.0252,426.91,437.67,448.43,422.64,2026-07-27,3,False
BA,Industrials,Aerospace & Defense,RSI,RSI 加速上升,None,0.0,0.5525,0.473,0.473,0.2981,148,11545,0.0097,211.5,213.55,215.6,209.38,2026-07-27,3,False
AXON,Industrials,Aerospace & Defense,RSI,RSI 維持強勢 (50-70),Morning Star,0.8,1.0,0.4725,,0.4725,0,436,0.0182,525.48,535.04,544.61,520.23,2026-07-27,3,False
CRM,Information Technology,Software - Application,MACD,MACD 金叉 (空頭區),None,0.0,0.42,0.4667,0.4667,0.3767,15,754,0.011,173.6,175.51,177.42,171.86,2026-07-27,3,False
MAR,Consumer Discretionary,Lodging,RSI,RSI 動能加速（強勢區）,None,0.0,0.51,0.4651,0.4651,0.3027,43,1665,0.0109,383.06,387.24,391.41,379.23,2026-07-27,3,False
PLTR,Information Technology,Software - Infrastructure,RSI,RSI 維持強勢 (50-70),None,0.0,0.51,0.4644,0.4644,0.3645,295,16764,0.0159,131.53,133.62,135.71,130.21,2026-07-27,3,False
HWM,Industrials,Aerospace & Defense,RSI,RSI 加速上升,None,0.0,0.5525,0.4636,0.4636,0.2981,151,11545,0.0234,287.94,294.68,301.42,285.06,2026-07-27,3,False
BX,Financials,Asset Management,RSI,RSI 動能加速（強勢區）,None,0.0,0.51,0.4615,0.4615,0.279,39,3129,0.0044,132.6,133.18,133.77,131.27,2026-07-27,3,False
KKR,Financials,Asset Management,RSI,RSI 動能加速（強勢區）,None,0.0,0.51,0.4615,0.4615,0.279,52,3129,0.0115,101.63,102.8,103.97,100.61,2026-07-27,3,False
LII,Industrials,Building Products & Equipment,RSI,RSI 上穿 50 中性線,None,0.0,0.4675,0.4615,0.4615,0.304,26,1816,0.0103,547.35,552.99,558.63,541.88,2026-07-27,3,False
MU,Information Technology,Semiconductors,BB,BB 跌破下軌 (超賣),None,0.0,0.45499999999999996,0.4615,0.4615,0.3447,13,1001,0.0047,739.0,742.47,745.95,731.61,2026-07-29,3,False
RIVN,Consumer Discretionary,Auto Manufacturers,BB,BB 中軌向上（上升趨勢）,Morning Star,0.8,1.0,0.4599,,0.4599,0,237,0.0144,16.69,16.93,17.17,16.52,2026-07-28,3,False
BRO,Financials,Insurance Brokers,KDJ,KDJ 金叉,None,0.0,0.5525,0.4583,0.4583,0.3142,24,1932,0.0067,69.7,70.17,70.63,69.0,2026-07-27,3,False
BAX,Health Care,Medical Instruments & Supplies,RSI,RSI 動能加速（強勢區）,None,0.0,0.51,0.4583,0.4583,0.2606,24,1869,0.0049,24.37,24.49,24.61,24.13,2026-07-28,3,False
CRWD,Information Technology,Software - Infrastructure,RSI,RSI 維持強勢 (50-70),None,0.0,0.51,0.4578,0.4578,0.3645,249,16764,0.0167,179.38,182.38,185.37,177.59,2026-07-29,3,False
SNEX,Financials,Capital Markets,RSI,RSI 維持超賣,None,0.0,0.385,0.4547,,0.4547,0,508,0.0093,72.07,72.74,73.41,71.35,2026-07-29,3,False
BEN,Financials,Asset Management,KDJ,KDJ 金叉,None,0.0,0.5525,0.4545,0.4545,0.3142,11,1932,0.0132,33.22,33.66,34.1,32.89,2026-07-27,3,False
EL,Consumer Staples,Household & Personal Products,RSI,RSI 上穿 50 中性線,None,0.0,0.4675,0.4545,0.4545,0.2565,22,928,-0.0057,83.2,82.73,82.25,82.37,2026-07-27,3,False
CIEN,Information Technology,Communication Equipment,BB,BB 跌破下軌 (超賣),None,0.0,0.45499999999999996,0.4545,0.4545,0.3447,11,1001,0.0073,330.37,332.78,335.19,327.07,2026-07-29,3,False
TDG,Industrials,Aerospace & Defense,MACD,MACD 金叉 (空頭區),None,0.0,0.42,0.4545,0.4545,0.3303,11,875,0.0143,1307.97,1326.67,1345.38,1294.89,2026-07-28,3,False
TTD,Communication Services,Advertising Agencies,MACD,MACD 金叉 (空頭區),None,0.0,0.42,0.4545,0.4545,0.3254,11,252,-0.0007,19.09,19.08,19.06,18.9,2026-07-29,3,False
WSM,Consumer Discretionary,Specialty Retail,RSI,RSI 加速上升,None,0.0,0.5525,0.4532,0.4532,0.3117,139,6796,0.0124,233.81,236.71,239.61,231.47,2026-07-29,3,False
EQR,Real Estate,REIT - Residential,KDJ,KDJ 金叉,None,0.0,0.5525,0.45,0.45,0.2818,20,550,0.0117,68.85,69.66,70.46,68.16,2026-07-29,3,False
DVN,Energy,Oil & Gas E&P,RSI,RSI 上穿 50 中性線,None,0.0,0.4675,0.45,0.45,0.361,20,579,0.0014,44.46,44.52,44.58,44.02,2026-07-29,3,False
FOXA,Communication Services,Entertainment,RSI,RSI 動能加速（強勢區）,None,0.0,0.51,0.4483,0.4483,0.3135,29,772,0.0029,57.72,57.89,58.05,57.14,2026-07-28,3,False
NOW,Information Technology,Software - Application,RSI,RSI 動能加速（強勢區）,None,0.0,0.51,0.4483,0.4483,0.366,29,2885,0.0072,110.62,111.42,112.21,109.51,2026-07-28,3,False
FWONK,Communication Services,Entertainment,RSI,RSI 加速上升,None,0.0,0.5525,0.4481,,0.4481,0,241,0.0027,101.89,102.17,102.44,100.87,2026-07-29,3,True
SKM,Communication Services,Telecom Services,RSI,RSI 加速上升,None,0.0,0.5525,0.4481,,0.4481,0,241,0.0027,35.24,35.34,35.43,34.89,2026-07-27,3,True
WMG,Communication Services,Entertainment,RSI,RSI 加速上升,None,0.0,0.5525,0.4481,,0.4481,0,241,0.0027,29.2,29.28,29.36,28.91,2026-07-29,3,True
ENTG,Information Technology,Semiconductor Equipment & Materials,BB,BB 跌破下軌 (超賣),None,0.0,0.45499999999999996,0.4474,,0.4474,0,456,0.012,107.01,108.29,109.58,105.94,2026-07-29,3,True
FLEX,Information Technology,Electronic Components,BB,BB 跌破下軌 (超賣),None,0.0,0.45499999999999996,0.4474,,0.4474,0,456,0.012,103.02,104.26,105.49,101.99,2026-07-29,3,True
FORM,Information Technology,Semiconductor Equipment & Materials,BB,BB 跌破下軌 (超賣),None,0.0,0.45499999999999996,0.4474,,0.4474,0,456,0.012,83.45,84.45,85.45,82.62,2026-07-29,3,True
FROG,Information Technology,Software - Application,BB,BB 跌破下軌 (超賣),None,0.0,0.45499999999999996,0.4474,,0.4474,0,456,0.012,73.275,74.15,75.03,72.54,2026-07-29,3,True
MKSI,Information Technology,Scientific & Technical Instruments,BB,BB 跌破下軌 (超賣),None,0.0,0.45499999999999996,0.4474,,0.4474,0,456,0.012,257.61,260.7,263.79,255.03,2026-07-29,3,True
NVMI,Information Technology,Semiconductor Equipment & Materials,BB,BB 跌破下軌 (超賣),None,0.0,0.45499999999999996,0.4474,,0.4474,0,456,0.012,366.91,371.31,375.72,363.24,2026-07-29,3,True
ONTO,Information Technology,Semiconductor Equipment & Materials,BB,BB 跌破下軌 (超賣),None,0.0,0.45499999999999996,0.4474,,0.4474,0,456,0.012,218.31,220.93,223.55,216.13,2026-07-29,3,True
Q,Information Technology,Semiconductor Equipment & Materials,BB,BB 跌破下軌 (超賣),None,0.0,0.45499999999999996,0.4474,,0.4474,0,456,0.012,123.39,124.87,126.35,122.16,2026-07-29,3,True
SANM,Information Technology,Electronic Components,BB,BB 跌破下軌 (超賣),None,0.0,0.45499999999999996,0.4474,,0.4474,0,456,0.012,172.43,174.5,176.57,170.71,2026-07-28,3,True
SIMO,Information Technology,Semiconductors,BB,BB 跌破下軌 (超賣),None,0.0,0.45499999999999996,0.4474,,0.4474,0,456,0.012,209.68,212.2,214.71,207.58,2026-07-29,3,True
SNDK,Information Technology,Computer Hardware,BB,BB 跌破下軌 (超賣),None,0.0,0.45499999999999996,0.4474,,0.4474,0,456,0.012,1015.89,1028.08,1040.27,1005.73,2026-07-29,3,True
UMC,Information Technology,Semiconductors,BB,BB 跌破下軌 (超賣),None,0.0,0.45499999999999996,0.4474,,0.4474,0,456,0.012,17.36,17.57,17.78,17.19,2026-07-28,3,True
VIAV,Information Technology,Communication Equipment,BB,BB 跌破下軌 (超賣),None,0.0,0.45499999999999996,0.4474,,0.4474,0,456,0.012,32.23,32.62,33.0,31.91,2026-07-29,3,True
CHKP,Information Technology,Software - Infrastructure,RSI,RSI 維持強勢 (50-70),None,0.0,0.51,0.4471,,0.4471,0,747,0.0161,137.64,139.86,142.07,136.26,2026-07-28,3,True
CLS,Information Technology,Electronic Components,RSI,RSI 維持強勢 (50-70),None,0.0,0.51,0.4471,,0.4471,0,747,0.0161,350.2,355.84,361.48,346.7,2026-07-28,3,True
CPAY,Information Technology,Software - Infrastructure,RSI,RSI 維持強勢 (50-70),None,0.0,0.51,0.4471,,0.4471,0,747,0.0161,392.85,399.17,405.5,388.92,2026-07-29,3,True
CTSH,Information Technology,Information Technology Services,RSI,RSI 維持強勢 (50-70),None,0.0,0.51,0.4471,,0.4471,0,747,0.0161,50.31,51.12,51.93,49.81,2026-07-28,3,True
EPAM,Information Technology,Information Technology Services,RSI,RSI 維持強勢 (50-70),None,0.0,0.51,0.4471,,0.4471,0,747,0.0161,100.4,102.02,103.63,99.4,2026-07-28,3,True
FTV,Information Technology,Scientific & Technical Instruments,RSI,RSI 維持強勢 (50-70),None,0.0,0.51,0.4471,,0.4471,0,747,0.0161,64.09,65.12,66.15,63.45,2026-07-28,3,True
GIB,Information Technology,Information Technology Services,RSI,RSI 維持強勢 (50-70),None,0.0,0.51,0.4471,,0.4471,0,747,0.0161,74.5,75.7,76.9,73.75,2026-07-29,3,True
GRMN,Information Technology,Scientific & Technical Instruments,RSI,RSI 維持強勢 (50-70),None,0.0,0.51,0.4471,,0.4471,0,747,0.0161,242.47,246.37,250.28,240.05,2026-07-27,3,True
LOGI,Information Technology,Computer Hardware,RSI,RSI 維持強勢 (50-70),None,0.0,0.51,0.4471,,0.4471,0,747,0.0161,111.66,113.46,115.26,110.54,2026-07-28,3,True
SAP,Information Technology,Software - Application,RSI,RSI 維持強勢 (50-70),None,0.0,0.51,0.4471,,0.4471,0,747,0.0161,185.99,188.98,191.98,184.13,2026-07-29,3,True
SNOW,Information Technology,Software - Application,RSI,RSI 維持強勢 (50-70),None,0.0,0.51,0.4471,,0.4471,0,747,0.0161,282.9,287.45,292.01,280.07,2026-07-29,3,True
AUR,Consumer Discretionary,Auto Parts,BB,價格在 BB 中軌上方,Morning Star,0.8,0.924,0.4444,,0.4444,0,261,0.0103,6.21,6.27,6.34,6.15,2026-07-28,3,False
CBRE,Real Estate,Real Estate Services,RSI,RSI 加速上升,None,0.0,0.5525,0.4444,0.4444,0.3264,9,193,0.0229,147.78,151.16,154.55,146.3,2026-07-29,3,True
HPQ,Information Technology,Computer Hardware,BB,BB 中軌向上（上升趨勢）,None,0.0,0.51,0.4444,0.4444,0.4238,9,1083,0.0072,28.29,28.49,28.7,28.01,2026-07-28,3,True
MGM,Consumer Discretionary,Resorts & Casinos,RSI,RSI 上穿 50 中性線,None,0.0,0.4675,0.4444,0.4444,0.3072,18,1123,0.0194,46.3,47.2,48.1,45.84,2026-07-27,3,False
KLAC,Information Technology,Semiconductor Equipment & Materials,RSI,RSI 維持強勢 (50-70),None,0.0,0.51,0.4427,0.4427,0.3645,314,16764,0.0104,190.8,192.78,194.77,188.89,2026-07-28,3,False
AGNC,Real Estate,REIT - Mortgage,KDJ,KDJ 金叉,None,0.0,0.5525,0.4412,,0.4412,0,34,0.011,11.07,11.19,11.31,10.96,2026-07-28,3,True
CCI,Real Estate,REIT - Specialty,KDJ,KDJ 金叉,None,0.0,0.5525,0.4412,,0.4412,0,34,0.011,79.09,79.96,80.83,78.3,2026-07-29,3,True
LAMR,Real Estate,REIT - Specialty,KDJ,KDJ 金叉,None,0.0,0.5525,0.4412,,0.4412,0,34,0.011,162.21,163.99,165.78,160.59,2026-07-28,3,True
GEN,Information Technology,Software - Infrastructure,KDJ,KDJ 金叉,None,0.0,0.5525,0.4375,0.4375,0.3918,16,1955,0.0205,26.74,27.29,27.84,26.47,2026-07-27,3,False
PFE,Health Care,Drug Manufacturers - General,KDJ,KDJ 金叉,None,0.0,0.5525,0.4375,0.4375,0.2852,16,1536,0.0049,25.25,25.37,25.5,25.0,2026-07-28,3,False
APA,Energy,Oil & Gas E&P,RSI,RSI 動能加速（強勢區）,None,0.0,0.51,0.4375,0.4375,0.3265,48,873,-0.0008,36.7,36.67,36.64,36.33,2026-07-29,3,False
DAL,Industrials,Airlines,RSI,RSI 上穿 50 中性線,None,0.0,0.4675,0.4375,0.4375,0.304,32,1816,0.0102,86.67,87.55,88.44,85.8,2026-07-27,3,False
WAT,Health Care,Diagnostics & Research,RSI,RSI 動能加速（強勢區）,None,0.0,0.51,0.4348,0.4348,0.2606,23,1869,0.0135,383.9,389.08,394.27,380.06,2026-07-28,3,False
ALGN,Health Care,Medical Instruments & Supplies,RSI,RSI 上穿 50 中性線,None,0.0,0.4675,0.4348,0.4348,0.3144,23,1323,0.0055,175.6,176.57,177.53,173.84,2026-07-28,3,False
MCHP,Information Technology,Semiconductors,BB,BB 跌破下軌 (超賣),None,0.0,0.45499999999999996,0.4348,0.4348,0.3447,23,1001,0.0134,71.37,72.33,73.28,70.66,2026-07-29,3,False
ANET,Information Technology,Computer Hardware,RSI,RSI 維持強勢 (50-70),None,0.0,0.51,0.434,0.434,0.3645,288,16764,0.009,169.71,171.24,172.76,168.01,2026-07-28,3,False
LINE,Real Estate,REIT - Industrial,RSI,RSI 上穿 50 中性線,None,0.0,0.4675,0.4333,,0.4333,0,30,0.0103,44.34,44.8,45.25,43.9,2026-07-29,3,True
NLY,Real Estate,REIT - Mortgage,RSI,RSI 上穿 50 中性線,None,0.0,0.4675,0.4333,,0.4333,0,30,0.0103,22.57,22.8,23.03,22.34,2026-07-27,3,True
LFUS,Information Technology,Electronic Components,BB,價格在 BB 中軌上方,None,0.0,0.425,0.4327,,0.4327,0,1188,0.0141,410.47,416.26,422.05,406.37,2026-07-29,3,True
SNX,Information Technology,Electronics & Computer Distribution,BB,價格在 BB 中軌上方,None,0.0,0.425,0.4327,,0.4327,0,1188,0.0141,248.68,252.19,255.69,246.19,2026-07-29,3,True
CRH,Materials,Building Materials,RSI,RSI 加速上升,None,0.0,0.5525,0.4324,0.4324,0.3048,111,3639,0.0147,103.4,104.92,106.44,102.37,2026-07-28,3,False
RIO,Materials,Other Industrial Metals & Mining,RSI,RSI 上穿 50 中性線,None,0.0,0.4675,0.4318,,0.4318,0,44,0.0104,93.66,94.63,95.61,92.72,2026-07-29,3,True
LYV,Communication Services,Entertainment,RSI,RSI 加速上升,None,0.0,0.5525,0.4314,0.4314,0.3116,102,3322,0.0056,184.43,185.46,186.5,182.59,2026-07-29,3,False
FTNT,Information Technology,Software - Infrastructure,RSI,RSI 維持強勢 (50-70),Bullish Engulfing,0.75,1.0,0.4286,,0.4286,0,7,0.0142,153.22,155.4,157.57,151.69,2026-07-29,3,True
JNJ,Health Care,Drug Manufacturers - General,MACD,MACD 金叉 (多頭區),None,0.0,0.68,0.4286,0.4286,0.2557,7,305,0.0099,265.95,268.58,271.22,263.29,2026-07-27,3,False
IT,Information Technology,Information Technology Services,MACD,MACD 突破 0 軸,None,0.0,0.595,0.4286,0.4286,0.4064,7,529,0.0256,155.84,159.83,163.82,154.28,2026-07-28,3,False
PNR,Industrials,Specialty Industrial Machinery,KDJ,KDJ 金叉,None,0.0,0.5525,0.4286,0.4286,0.3223,28,2110,0.0098,63.18,63.8,64.42,62.55,2026-07-27,3,False
UHS,Health Care,Medical Care Facilities,RSI,RSI 加速上升,None,0.0,0.5525,0.4286,0.4286,0.3667,7,559,0.0178,166.22,169.18,172.14,164.56,2026-07-28,3,True
BG,Consumer Staples,Farm Products,BB,BB 中軌向上（上升趨勢）,None,0.0,0.51,0.4286,0.4286,0.2846,7,246,0.0007,107.78,107.86,107.93,106.7,2026-07-29,3,True
CF,Materials,Agricultural Inputs,RSI,RSI 動能加速（強勢區）,None,0.0,0.51,0.4286,0.4286,0.2962,28,942,0.0051,127.35,128.0,128.65,126.08,2026-07-29,3,False
SWKS,Information Technology,Semiconductors,RSI,RSI 維持強勢 (50-70),None,0.0,0.51,0.4286,0.4286,0.4471,7,747,-0.0275,64.68,62.9,61.12,64.03,2026-07-28,3,True
PTC,Information Technology,Software - Application,RSI,RSI 上穿 50 中性線,None,0.0,0.4675,0.4286,0.4286,0.3785,21,1593,0.0043,125.21,125.75,126.29,123.96,2026-07-27,3,False
TEVA,Health Care,Drug Manufacturers - Specialty & Generic,RSI,RSI 上穿 50 中性線,None,0.0,0.4675,0.4286,,0.4286,0,119,0.0062,34.71,34.93,35.14,34.36,2026-07-29,3,True
LEN,Consumer Discretionary,Residential Construction,MACD,MACD 金叉 (空頭區),None,0.0,0.42,0.4286,0.4286,0.3233,14,529,0.0189,85.04,86.65,88.25,84.19,2026-07-27,3,False
NFLX,Communication Services,Entertainment,MACD,MACD 金叉 (空頭區),None,0.0,0.42,0.4286,0.4286,0.3254,14,252,0.0171,70.4,71.6,72.81,69.7,2026-07-27,3,False
BPOP,Financials,Banks - Regional,RSI,RSI 維持強勢 (50-70),Morning Star,0.8,1.0,0.4278,,0.4278,0,367,0.0116,174.16,176.18,178.2,172.42,2026-07-28,3,False
RY,Financials,Banks - Diversified,RSI,RSI 維持強勢 (50-70),Morning Star,0.8,1.0,0.4278,,0.4278,0,367,0.0116,209.51,211.94,214.37,207.41,2026-07-27,3,False
TPR,Consumer Discretionary,Luxury Goods,RSI,RSI 動能加速（強勢區）,None,0.0,0.51,0.4255,0.4255,0.3027,47,1665,0.0079,150.9,152.09,153.28,149.39,2026-07-28,3,False
GNRC,Industrials,Specialty Industrial Machinery,RSI,RSI 維持超賣,None,0.0,0.385,0.4252,,0.4252,0,127,0.01,195.19,197.14,199.09,193.24,2026-07-29,3,True
SCI,Consumer Discretionary,Personal Services,RSI,RSI 加速上升,Consolidation Breakout,0.85,1.0,0.4231,,0.4231,0,52,0.0084,85.68,86.4,87.12,84.82,2026-07-29,3,True
EQT,Energy,Oil & Gas E&P,RSI,RSI 上穿 50 中性線,None,0.0,0.4675,0.4231,0.4231,0.361,26,579,0.0117,52.57,53.19,53.8,52.04,2026-07-29,3,False
SYK,Health Care,Medical Devices,RSI,RSI 維持強勢 (50-70),Consolidation Breakout,0.73,1.0,0.4211,0.4211,0.2427,19,791,0.0122,352.25,356.55,360.84,348.73,2026-07-29,3,False
KSPI,Information Technology,Software - Infrastructure,RSI,RSI 維持強勢 (50-70),Morning Star,0.8,1.0,0.4207,,0.4207,0,454,0.0197,87.14,88.86,90.57,86.27,2026-07-29,3,False
NEM,Materials,Gold,RSI,RSI 加速上升,None,0.0,0.5525,0.4179,0.4179,0.3048,201,3639,0.0067,93.47,94.1,94.72,92.54,2026-07-27,3,False
EVRG,Utilities,Utilities - Regulated Electric,BB,BB 跌破下軌 (超賣),None,0.0,0.45499999999999996,0.4167,0.4167,0.4104,12,441,0.0127,84.0,85.07,86.13,83.16,2026-07-29,3,False
CSCO,Information Technology,Communication Equipment,MACD,MACD 金叉 (空頭區),None,0.0,0.42,0.4167,0.4167,0.3767,12,754,0.0021,115.58,115.82,116.07,114.42,2026-07-28,3,False
RF,Financials,Banks - Regional,RSI,RSI 動能加速（強勢區）,None,0.0,0.51,0.4138,0.4138,0.279,29,3129,0.0104,31.27,31.6,31.92,30.96,2026-07-28,3,False
AR,Energy,Oil & Gas E&P,RSI,RSI 維持強勢 (50-70),None,0.0,0.51,0.411,,0.411,0,146,0.0074,33.88,34.13,34.38,33.54,2026-07-28,3,True
CVE,Energy,Oil & Gas Integrated,RSI,RSI 維持強勢 (50-70),None,0.0,0.51,0.411,,0.411,0,146,0.0074,27.66,27.86,28.07,27.38,2026-07-28,3,True
EPD,Energy,Oil & Gas Midstream,RSI,RSI 維持強勢 (50-70),None,0.0,0.51,0.411,,0.411,0,146,0.0074,38.63,38.92,39.2,38.24,2026-07-28,3,True
ET,Energy,Oil & Gas Midstream,RSI,RSI 維持強勢 (50-70),None,0.0,0.51,0.411,,0.411,0,146,0.0074,19.91,20.06,20.2,19.71,2026-07-27,3,True
MPLX,Energy,Oil & Gas Midstream,RSI,RSI 維持強勢 (50-70),None,0.0,0.51,0.411,,0.411,0,146,0.0074,58.36,58.79,59.22,57.78,2026-07-27,3,True
LLY,Health Care,Drug Manufacturers - General,RSI,RSI 加速上升,None,0.0,0.5525,0.4109,0.4109,0.2803,129,8492,0.0107,1210.02,1222.97,1235.91,1197.92,2026-07-29,3,False
BAC,Financials,Banks - Diversified,RSI,RSI 加速上升,None,0.0,0.5525,0.4104,0.4104,0.3014,173,11488,0.0121,62.13,62.88,63.63,61.51,2026-07-27,3,False
LVS,Consumer Discretionary,Resorts & Casinos,RSI,RSI 維持強勢 (50-70),None,0.0,0.51,0.4104,0.4104,0.2995,173,10441,0.0113,48.25,48.8,49.34,47.77,2026-07-28,3,False
NGG,Utilities,Utilities - Regulated Electric,BB,BB 跌破下軌 (超賣),None,0.0,0.45499999999999996,0.4104,,0.4104,0,441,0.0122,78.88,79.84,80.8,78.09,2026-07-29,3,False
SBS,Utilities,Utilities - Regulated Water,BB,BB 跌破下軌 (超賣),None,0.0,0.45499999999999996,0.4104,,0.4104,0,441,0.0122,5.52,5.59,5.65,5.46,2026-07-28,3,False
TLN,Utilities,Utilities - Independent Power Producers,BB,BB 跌破下軌 (超賣),None,0.0,0.45499999999999996,0.4104,,0.4104,0,441,0.0122,316.19,320.05,323.91,313.03,2026-07-29,3,False
FITB,Financials,Banks - Regional,RSI,RSI 動能加速（強勢區）,None,0.0,0.51,0.4103,0.4103,0.279,39,3129,0.0068,57.8,58.19,58.59,57.22,2026-07-28,3,False
ETR,Utilities,Utilities - Regulated Electric,BB,BB 跌破下軌 (超賣),None,0.0,0.45499999999999996,0.4097,,0.4097,0,144,0.0064,107.79,108.48,109.17,106.71,2026-07-29,3,True
PNW,Utilities,Utilities - Regulated Electric,BB,BB 跌破下軌 (超賣),None,0.0,0.45499999999999996,0.4097,,0.4097,0,144,0.0064,102.28,102.93,103.59,101.26,2026-07-29,3,True
ICLR,Health Care,Diagnostics & Research,KDJ,KDJ 金叉,None,0.0,0.5525,0.408,,0.408,0,125,0.0055,180.24,181.23,182.22,178.44,2026-07-28,3,True
PHG,Health Care,Medical Devices,KDJ,KDJ 金叉,None,0.0,0.5525,0.408,,0.408,0,125,0.0055,25.55,25.69,25.83,25.29,2026-07-28,3,True
UAL,Industrials,Airlines,RSI,RSI 加速上升,None,0.0,0.5525,0.4079,0.4079,0.2981,152,11545,0.0049,123.77,124.38,124.98,122.53,2026-07-28,3,False
GDDY,Information Technology,Software - Infrastructure,RSI,RSI 動能加速（強勢區）,None,0.0,0.51,0.4074,0.4074,0.366,27,2885,0.0074,102.92,103.68,104.44,101.89,2026-07-28,3,False
CACI,Information Technology,Information Technology Services,MACD,MACD 突破 0 軸,None,0.0,0.595,0.4064,,0.4064,0,529,0.0085,487.79,491.94,496.08,482.91,2026-07-29,3,False
FISV,Information Technology,Financial Technology,MACD,MACD 突破 0 軸,None,0.0,0.595,0.4064,,0.4064,0,529,0.0085,55.63,56.1,56.58,55.07,2026-07-29,3,False
LDOS,Information Technology,Information Technology Services,MACD,MACD 突破 0 軸,None,0.0,0.595,0.4064,,0.4064,0,529,0.0085,114.37,115.34,116.31,113.23,2026-07-29,3,False
GWW,Industrials,Industrial Distribution,KDJ,KDJ 金叉,None,0.0,0.5525,0.4062,0.4062,0.3223,32,2110,0.005,1398.95,1405.94,1412.94,1384.96,2026-07-27,3,False
APH,Information Technology,Electronic Components,BB,價格在 BB 中軌上方,None,0.0,0.425,0.4062,0.4062,0.3573,352,20206,0.0077,150.31,151.47,152.62,148.81,2026-07-29,3,False
EVR,Financials,Capital Markets,BB,BB 跌破下軌 (超賣),None,0.0,0.45499999999999996,0.4057,,0.4057,0,424,0.0104,304.71,307.88,311.05,301.66,2026-07-29,3,True
IBKR,Financials,Capital Markets,BB,BB 跌破下軌 (超賣),None,0.0,0.45499999999999996,0.4057,,0.4057,0,424,0.0104,86.26,87.16,88.05,85.4,2026-07-29,3,True
IREN,Financials,Capital Markets,BB,BB 跌破下軌 (超賣),None,0.0,0.45499999999999996,0.4057,,0.4057,0,424,0.0104,29.31,29.61,29.92,29.02,2026-07-29,3,True
SOFI,Financials,Credit Services,BB,BB 跌破下軌 (超賣),None,0.0,0.45499999999999996,0.4057,,0.4057,0,424,0.0104,15.25,15.41,15.57,15.1,2026-07-29,3,True
SPY,Financials,Asset Management,BB,BB 跌破下軌 (超賣),None,0.0,0.45499999999999996,0.4057,,0.4057,0,424,0.0104,729.46,737.05,744.63,722.17,2026-07-29,3,True
UNM,Financials,Insurance - Life,BB,BB 跌破下軌 (超賣),None,0.0,0.45499999999999996,0.4057,,0.4057,0,424,0.0104,83.63,84.5,85.37,82.79,2026-07-29,3,True
AVGO,Information Technology,Semiconductors,BB,BB 中軌向上（上升趨勢）,None,0.0,0.51,0.4056,0.4056,0.3639,323,16781,0.0099,380.91,384.68,388.45,377.1,2026-07-28,3,False
AVY,Consumer Discretionary,Packaging & Containers,BB,價格在 BB 中軌上方,None,0.0,0.425,0.4026,,0.4026,0,529,0.0119,167.14,169.13,171.12,165.47,2026-07-29,3,True
JD,Consumer Discretionary,Internet Retail,BB,價格在 BB 中軌上方,None,0.0,0.425,0.4026,,0.4026,0,529,0.0119,32.2,32.58,32.97,31.88,2026-07-29,3,True
PAG,Consumer Discretionary,Auto & Truck Dealerships,BB,價格在 BB 中軌上方,None,0.0,0.425,0.4026,,0.4026,0,529,0.0119,223.44,226.1,228.76,221.21,2026-07-29,3,True
PDD,Consumer Discretionary,Internet Retail,BB,價格在 BB 中軌上方,None,0.0,0.425,0.4026,,0.4026,0,529,0.0119,88.32,89.37,90.42,87.44,2026-07-29,3,True
PKG,Consumer Discretionary,Packaging & Containers,BB,價格在 BB 中軌上方,None,0.0,0.425,0.4026,,0.4026,0,529,0.0119,253.24,256.25,259.27,250.71,2026-07-28,3,True
STLA,Consumer Discretionary,Auto Manufacturers,BB,價格在 BB 中軌上方,None,0.0,0.425,0.4026,,0.4026,0,529,0.0119,6.01,6.08,6.15,5.95,2026-07-29,3,True
SW,Consumer Discretionary,Packaging & Containers,BB,價格在 BB 中軌上方,None,0.0,0.425,0.4026,,0.4026,0,529,0.0119,50.09,50.69,51.28,49.59,2026-07-27,3,True
TM,Consumer Discretionary,Auto Manufacturers,BB,價格在 BB 中軌上方,None,0.0,0.425,0.4026,,0.4026,0,529,0.0119,192.84,195.13,197.43,190.91,2026-07-29,3,True
YUMC,Consumer Discretionary,Restaurants,BB,價格在 BB 中軌上方,None,0.0,0.425,0.4026,,0.4026,0,529,0.0119,45.85,46.4,46.94,45.39,2026-07-29,3,True
AER,Industrials,Rental & Leasing Services,BB,BB 中軌向上（上升趨勢）,Bullish Engulfing,0.75,1.0,0.4012,,0.4012,0,324,0.0121,154.09,155.95,157.82,152.55,2026-07-28,3,False
BBY,Consumer Discretionary,Specialty Retail,MACD,MACD 金叉 (多頭區),None,0.0,0.68,0.4,0.4,0.37,5,273,0.0069,88.45,89.06,89.67,87.57,2026-07-27,3,False
ESS,Real Estate,REIT - Residential,KDJ,KDJ 金叉,None,0.0,0.5525,0.4,0.4,0.2818,15,550,0.002,294.52,295.11,295.7,291.57,2026-07-28,3,False
KO,Consumer Staples,Beverages - Non-Alcoholic,RSI,RSI 加速上升,None,0.0,0.5525,0.4,0.4,0.309,5,288,0.0154,88.27,89.63,90.99,87.39,2026-07-28,3,True
MOS,Materials,Agricultural Inputs,KDJ,KDJ 金叉,None,0.0,0.5525,0.4,0.4,0.314,25,637,0.0006,23.08,23.09,23.11,22.85,2026-07-28,3,False
AWK,Utilities,Utilities - Regulated Water,BB,BB 中軌向上（上升趨勢）,None,0.0,0.51,0.4,0.4,0.3562,5,365,-0.0144,138.04,136.05,134.06,136.66,2026-07-28,3,True
CVS,Health Care,Healthcare Plans,RSI,RSI 動能加速（強勢區）,None,0.0,0.51,0.4,0.4,0.2606,30,1869,0.0049,109.34,109.88,110.41,108.25,2026-07-28,3,False
PPL,Utilities,Utilities - Regulated Electric,RSI,RSI 維持強勢 (50-70),None,0.0,0.51,0.4,0.4,0.3263,15,331,0.0112,36.33,36.74,37.14,35.97,2026-07-28,3,True
HSY,Consumer Staples,Confectioners,RSI,RSI 上穿 50 中性線,None,0.0,0.4675,0.4,0.4,0.2565,20,928,0.0045,180.19,181.0,181.81,178.39,2026-07-27,3,False
MSFT,Information Technology,Software - Infrastructure,RSI,RSI 上穿 50 中性線,None,0.0,0.4675,0.4,0.4,0.3785,20,1593,0.0133,393.35,398.58,403.81,389.42,2026-07-28,3,False
KHC,Consumer Staples,Packaged Foods,BB,價格在 BB 中軌上方,None,0.0,0.425,0.4,0.4,0.287,5,345,-0.0043,27.3,27.18,27.07,27.03,2026-07-28,3,True
PSKY,Communication Services,Entertainment,RSI,RSI 維持超賣,None,0.0,0.385,0.4,0.4,0.2977,15,262,0.0159,7.95,8.08,8.2,7.87,2026-07-29,3,False
IRM,Real Estate,REIT - Specialty,RSI,RSI 維持強勢 (50-70),None,0.0,0.51,0.3991,0.3991,0.2509,233,7011,0.012,125.7,127.21,128.72,124.44,2026-07-28,3,False
C,Financials,Banks - Diversified,RSI,RSI 加速上升,None,0.0,0.5525,0.3989,0.3989,0.3014,188,11488,0.0114,133.1,134.62,136.13,131.77,2026-07-27,3,False
W,Consumer Discretionary,Internet Retail,RSI,RSI 加速上升,None,0.0,0.5525,0.3983,,0.3983,0,359,0.0124,89.03,90.13,91.24,88.14,2026-07-29,3,True
COF,Financials,Credit Services,RSI,RSI 加速上升,None,0.0,0.5525,0.3968,0.3968,0.3014,126,11488,0.0071,208.71,210.19,211.67,206.62,2026-07-29,3,False
MTB,Financials,Banks - Regional,RSI,RSI 動能加速（強勢區）,None,0.0,0.51,0.3958,0.3958,0.279,48,3129,0.0118,252.61,255.59,258.57,250.08,2026-07-28,3,False
WAB,Industrials,Railroads,RSI,RSI 加速上升,None,0.0,0.5525,0.3926,0.3926,0.2981,135,11545,0.0105,305.79,309.0,312.21,302.73,2026-07-28,3,False
DXCM,Health Care,Medical Devices,BB,價格在 BB 中軌上方,None,0.0,0.425,0.3924,0.3924,0.2804,237,14417,0.0073,75.14,75.69,76.24,74.39,2026-07-29,3,False
ARE,Real Estate,REIT - Office,BB,價格在 BB 中軌上方,None,0.0,0.425,0.3923,0.3923,0.248,209,8032,0.0054,53.77,54.06,54.35,53.23,2026-07-29,3,False
BR,Information Technology,Information Technology Services,KDJ,KDJ 金叉,None,0.0,0.5525,0.3918,,0.3918,0,1955,0.0107,152.78,154.41,156.05,151.25,2026-07-27,3,False
CGNX,Information Technology,Scientific & Technical Instruments,KDJ,KDJ 金叉,None,0.0,0.5525,0.3918,,0.3918,0,1955,0.0107,60.36,61.01,61.65,59.76,2026-07-28,3,False
DT,Information Technology,Software - Application,KDJ,KDJ 金叉,None,0.0,0.5525,0.3918,,0.3918,0,1955,0.0107,43.72,44.19,44.66,43.28,2026-07-27,3,False
FIS,Information Technology,Information Technology Services,KDJ,KDJ 金叉,None,0.0,0.5525,0.3918,,0.3918,0,1955,0.0107,43.16,43.62,44.08,42.73,2026-07-27,3,False
GWRE,Information Technology,Software - Application,KDJ,KDJ 金叉,None,0.0,0.5525,0.3918,,0.3918,0,1955,0.0107,149.28,150.88,152.47,147.79,2026-07-27,3,False
IONQ,Information Technology,Computer Hardware,KDJ,KDJ 金叉,None,0.0,0.5525,0.3918,,0.3918,0,1955,0.0107,35.92,36.3,36.69,35.56,2026-07-27,3,False
IOT,Information Technology,Software - Infrastructure,KDJ,KDJ 金叉,None,0.0,0.5525,0.3918,,0.3918,0,1955,0.0107,37.5,37.9,38.3,37.12,2026-07-28,3,False
JKHY,Information Technology,Information Technology Services,KDJ,KDJ 金叉,None,0.0,0.5525,0.3918,,0.3918,0,1955,0.0107,152.98,154.62,156.25,151.45,2026-07-27,3,False
MDB,Information Technology,Software - Infrastructure,KDJ,KDJ 金叉,None,0.0,0.5525,0.3918,,0.3918,0,1955,0.0107,310.62,313.94,317.27,307.51,2026-07-28,3,False
NTNX,Information Technology,Software - Infrastructure,KDJ,KDJ 金叉,None,0.0,0.5525,0.3918,,0.3918,0,1955,0.0107,56.85,57.46,58.07,56.28,2026-07-27,3,False
NXT,Information Technology,Solar,KDJ,KDJ 金叉,None,0.0,0.5525,0.3918,,0.3918,0,1955,0.0107,103.73,104.84,105.95,102.69,2026-07-27,3,False
SSNC,Information Technology,Software - Application,KDJ,KDJ 金叉,None,0.0,0.5525,0.3918,,0.3918,0,1955,0.0107,75.04,75.84,76.65,74.29,2026-07-27,3,False
STRC,Information Technology,Software - Application,KDJ,KDJ 金叉,None,0.0,0.5525,0.3918,,0.3918,0,1955,0.0107,88.32,89.27,90.21,87.44,2026-07-27,3,False
STRK,Information Technology,Software - Application,KDJ,KDJ 金叉,None,0.0,0.5525,0.3918,,0.3918,0,1955,0.0107,62.46,63.13,63.8,61.84,2026-07-28,3,False
TOST,Information Technology,Software - Infrastructure,KDJ,KDJ 金叉,None,0.0,0.5525,0.3918,,0.3918,0,1955,0.0107,30.84,31.17,31.5,30.53,2026-07-27,3,False
TWLO,Information Technology,Software - Infrastructure,KDJ,KDJ 金叉,None,0.0,0.5525,0.3918,,0.3918,0,1955,0.0107,194.47,196.55,198.63,192.53,2026-07-27,3,False
U,Information Technology,Software - Application,KDJ,KDJ 金叉,None,0.0,0.5525,0.3918,,0.3918,0,1955,0.0107,30.44,30.77,31.09,30.14,2026-07-27,3,False
UBER,Information Technology,Software - Application,KDJ,KDJ 金叉,None,0.0,0.5525,0.3918,,0.3918,0,1955,0.0107,70.74,71.5,72.25,70.03,2026-07-28,3,False
WSE,Information Technology,Information Technology Services,KDJ,KDJ 金叉,None,0.0,0.5525,0.3918,,0.3918,0,1955,0.0107,11.92,12.05,12.18,11.8,2026-07-29,3,False
ZS,Information Technology,Software - Infrastructure,KDJ,KDJ 金叉,None,0.0,0.5525,0.3918,,0.3918,0,1955,0.0107,151.63,153.25,154.87,150.11,2026-07-28,3,False
NYT,Communication Services,Publishing,MACD,MACD 突破 0 軸,Consolidation Breakout,0.85,1.0,0.3913,,0.3913,0,23,0.0075,77.69,78.27,78.86,76.91,2026-07-29,3,False
TU,Communication Services,Telecom Services,RSI,RSI 加速上升,Consolidation Breakout,0.85,1.0,0.3902,,0.3902,0,41,0.0069,11.13,11.21,11.28,11.02,2026-07-29,3,True
VTRS,Health Care,Drug Manufacturers - Specialty & Generic,BB,BB 中軌向上（上升趨勢）,None,0.0,0.51,0.3899,0.3899,0.2705,218,10885,0.0123,17.82,18.04,18.26,17.64,2026-07-29,3,False
CPRT,Industrials,Specialty Business Services,RSI,RSI 上穿 50 中性線,None,0.0,0.4675,0.3898,,0.3898,0,118,0.0111,29.79,30.12,30.45,29.49,2026-07-27,3,True
HUBB,Industrials,Electrical Equipment & Parts,RSI,RSI 上穿 50 中性線,None,0.0,0.4675,0.3898,,0.3898,0,118,0.0111,497.96,503.49,509.01,492.98,2026-07-27,3,True
ROL,Consumer Discretionary,Personal Services,RSI,RSI 維持超賣,None,0.0,0.385,0.3894,,0.3894,0,565,0.0066,38.75,39.01,39.26,38.36,2026-07-29,3,False
STE,Health Care,Medical Devices,KDJ,KDJ 金叉,None,0.0,0.5525,0.3889,0.3889,0.2852,18,1536,0.0035,218.4,219.16,219.93,216.22,2026-07-27,3,False
CMI,Industrials,Specialty Industrial Machinery,RSI,RSI 加速上升,None,0.0,0.5525,0.3885,0.3885,0.2981,139,11545,0.012,661.84,669.78,677.72,655.22,2026-07-27,3,False
GE,Industrials,Aerospace & Defense,RSI,RSI 加速上升,None,0.0,0.5525,0.3885,0.3885,0.2981,157,11545,0.0097,350.63,354.03,357.43,347.12,2026-07-29,3,False
VIV,Communication Services,Telecom Services,BB,BB 中軌向上（上升趨勢）,None,0.0,0.51,0.3881,,0.3881,0,268,0.0017,13.15,13.17,13.19,13.02,2026-07-28,3,True
HPE,Information Technology,Communication Equipment,RSI,RSI 加速上升,None,0.0,0.5525,0.3879,0.3879,0.3693,116,10688,0.0216,48.19,49.23,50.27,47.71,2026-07-27,3,False
CQP,Energy,Oil & Gas Midstream,BB,BB 中軌向上（上升趨勢）,None,0.0,0.51,0.386,,0.386,0,171,0.0019,63.04,63.16,63.28,62.41,2026-07-29,3,True
AJG,Financials,Insurance Brokers,KDJ,KDJ 金叉,None,0.0,0.5525,0.3846,0.3846,0.3142,26,1932,0.0024,265.31,265.95,266.58,262.66,2026-07-28,3,False
BLDR,Industrials,Building Products & Equipment,RSI,RSI 加速上升,None,0.0,0.5525,0.3846,0.3846,0.2981,143,11545,0.0026,73.68,73.87,74.06,72.94,2026-07-28,3,False
UNH,Health Care,Healthcare Plans,KDJ,KDJ 金叉,None,0.0,0.5525,0.3846,0.3846,0.2852,26,1536,0.0124,420.57,425.79,431.0,416.36,2026-07-29,3,False
SBUX,Consumer Discretionary,Restaurants,RSI,RSI 上穿 50 中性線,None,0.0,0.4675,0.3846,,0.3846,0,78,0.0084,104.14,105.01,105.89,103.1,2026-07-29,3,True
TSLA,Consumer Discretionary,Auto Manufacturers,RSI,RSI 維持超賣,None,0.0,0.385,0.3846,0.3846,0.3894,13,565,-0.0131,298.32,294.41,290.5,295.34,2026-07-29,3,False
BWXT,Industrials,Aerospace & Defense,RSI,RSI 超賣區域 (30),None,0.0,0.5249999999999999,0.3818,,0.3818,0,110,0.0044,157.44,158.13,158.83,155.87,2026-07-29,3,True
CAT,Industrials,Farm & Heavy Construction Machinery,RSI,RSI 超賣區域 (30),None,0.0,0.5249999999999999,0.3818,,0.3818,0,110,0.0044,782.71,786.15,789.6,774.88,2026-07-29,3,True
NVT,Industrials,Electrical Equipment & Parts,RSI,RSI 超賣區域 (30),None,0.0,0.5249999999999999,0.3818,,0.3818,0,110,0.0044,133.61,134.2,134.79,132.27,2026-07-29,3,True
POWL,Industrials,Electrical Equipment & Parts,RSI,RSI 超賣區域 (30),None,0.0,0.5249999999999999,0.3818,,0.3818,0,110,0.0044,186.39,187.21,188.03,184.53,2026-07-29,3,True
SPXC,Industrials,Building Products & Equipment,RSI,RSI 超賣區域 (30),None,0.0,0.5249999999999999,0.3818,,0.3818,0,110,0.0044,187.65,188.48,189.3,185.77,2026-07-29,3,True
WSO,Industrials,Industrial Distribution,RSI,RSI 超賣區域 (30),None,0.0,0.5249999999999999,0.3818,,0.3818,0,110,0.0044,320.02,321.43,322.84,316.82,2026-07-29,3,True
SQM,Materials,Specialty Chemicals,MACD,MACD 金叉 (空頭區),None,0.0,0.42,0.3816,,0.3816,0,304,0.0078,67.55,68.08,68.6,66.87,2026-07-29,3,False
CFG,Financials,Banks - Regional,RSI,RSI 維持強勢 (50-70),None,0.0,0.51,0.381,0.381,0.2842,273,19108,0.0109,71.31,72.09,72.86,70.6,2026-07-29,3,False
PINS,Communication Services,Internet Content & Information,BB,價格在 BB 中軌上方,Morning Star,0.8,0.924,0.3805,,0.3805,0,113,0.0115,23.5,23.77,24.04,23.27,2026-07-27,3,False
ROKU,Communication Services,Entertainment,BB,價格在 BB 中軌上方,Morning Star,0.8,0.924,0.3805,,0.3805,0,113,0.0115,142.92,144.56,146.21,141.49,2026-07-27,3,False
TRGP,Energy,Oil & Gas Midstream,BB,BB 中軌向上（上升趨勢）,None,0.0,0.51,0.3801,0.3801,0.2962,292,4484,0.0065,261.65,263.35,265.05,259.03,2026-07-28,3,False
TEL,Information Technology,Electronic Components,KDJ,KDJ 金叉,None,0.0,0.5525,0.3793,0.3793,0.3918,29,1955,0.0112,207.58,209.9,212.23,205.5,2026-07-27,3,False
NKE,Consumer Discretionary,Footwear & Accessories,RSI,RSI 上穿 50 中性線,None,0.0,0.4675,0.3793,0.3793,0.3072,29,1123,0.0129,43.05,43.61,44.16,42.62,2026-07-28,3,False
URI,Industrials,Rental & Leasing Services,RSI,RSI 維持強勢 (50-70),None,0.0,0.51,0.3792,0.3792,0.2986,240,19157,0.0121,1091.26,1104.46,1117.67,1080.35,2026-07-28,3,False
WIT,Information Technology,Information Technology Services,RSI,RSI 上穿 50 中性線,None,0.0,0.4675,0.3785,,0.3785,0,1593,0.0087,1.97,1.99,2.0,1.95,2026-07-29,3,False
HCA,Health Care,Medical Care Facilities,RSI,RSI 動能加速（強勢區）,None,0.0,0.51,0.3784,0.3784,0.2606,37,1869,0.0102,418.19,422.46,426.72,414.01,2026-07-28,3,False
BDX,Health Care,Medical Instruments & Supplies,RSI,RSI 動能加速（強勢區）,None,0.0,0.51,0.3778,,0.3778,0,225,0.0031,166.34,166.86,167.37,164.68,2026-07-28,3,True
SNN,Health Care,Medical Devices,RSI,RSI 動能加速（強勢區）,None,0.0,0.51,0.3778,,0.3778,0,225,0.0031,32.56,32.66,32.76,32.23,2026-07-28,3,True
CPNG,Consumer Discretionary,Internet Retail,KDJ,KDJ 超賣區金叉,None,0.0,0.5599999999999999,0.3775,,0.3775,0,302,0.0037,15.93,15.99,16.05,15.77,2026-07-27,3,False
ASTS,Information Technology,Communication Equipment,MACD,MACD 金叉 (空頭區),None,0.0,0.42,0.3767,,0.3767,0,754,0.0102,56.55,57.13,57.7,55.98,2026-07-28,3,False
ERIC,Information Technology,Communication Equipment,MACD,MACD 金叉 (空頭區),None,0.0,0.42,0.3767,,0.3767,0,754,0.0102,9.79,9.89,9.99,9.69,2026-07-29,3,False
EBAY,Consumer Discretionary,Internet Retail,MACD,MACD 金叉 (多頭區),None,0.0,0.68,0.375,0.375,0.37,8,273,0.006,115.3,115.99,116.68,114.15,2026-07-29,3,False
ERIE,Financials,Insurance Brokers,MACD,MACD 突破 0 軸,None,0.0,0.595,0.375,0.375,0.3301,8,618,0.0189,248.55,253.25,257.95,246.06,2026-07-29,3,False
TRMB,Information Technology,Scientific & Technical Instruments,MACD,MACD 突破 0 軸,None,0.0,0.595,0.375,0.375,0.4064,8,529,0.0067,58.38,58.77,59.16,57.8,2026-07-28,3,False
BLK,Financials,Asset Management,KDJ,KDJ 金叉,None,0.0,0.5525,0.375,0.375,0.3142,16,1932,0.006,1097.55,1104.14,1110.72,1086.57,2026-07-28,3,False
DASH,Consumer Discretionary,Internet Retail,KDJ,KDJ 金叉,None,0.0,0.5525,0.375,0.375,0.3183,24,1244,0.0038,184.37,185.07,185.77,182.53,2026-07-27,3,False
DPZ,Consumer Discretionary,Restaurants,KDJ,KDJ 金叉,None,0.0,0.5525,0.375,0.375,0.3183,24,1244,0.0013,343.53,343.98,344.42,340.09,2026-07-27,3,False
GLXY,Financials,Capital Markets,RSI,RSI 超賣區域 (30),None,0.0,0.5249999999999999,0.375,,0.375,0,256,0.0031,18.26,18.32,18.37,18.08,2026-07-29,3,False
UPS,Industrials,Integrated Freight & Logistics,RSI,RSI 維持強勢 (50-70),None,0.0,0.51,0.375,0.375,0.3579,8,746,-0.0069,112.95,112.17,111.39,111.82,2026-07-27,3,True
BKNG,Consumer Discretionary,Travel Services,RSI,RSI 加速上升,None,0.0,0.5525,0.3742,0.3742,0.3117,155,6796,0.0066,201.3,202.63,203.96,199.29,2026-07-29,3,False
DLTR,Consumer Staples,Discount Stores,RSI,RSI 維持強勢 (50-70),None,0.0,0.51,0.3736,0.3736,0.2452,182,7574,-0.0013,128.95,128.78,128.61,127.66,2026-07-29,3,False
BIP,Utilities,Utilities - Diversified,RSI,RSI 動能加速（強勢區）,None,0.0,0.51,0.3725,,0.3725,0,102,0.0075,41.93,42.24,42.56,41.51,2026-07-28,3,True
NVDA,Information Technology,Semiconductors,BB,BB 中軌向上（上升趨勢）,None,0.0,0.51,0.372,0.372,0.3639,293,16781,0.0054,197.01,198.07,199.14,195.04,2026-07-28,3,False
CRL,Health Care,Diagnostics & Research,RSI,RSI 動能加速（強勢區）,None,0.0,0.51,0.3714,0.3714,0.2606,35,1869,0.003,240.43,241.15,241.87,238.03,2026-07-28,3,False
VRTX,Health Care,Biotechnology,RSI,RSI 上穿 50 中性線,None,0.0,0.4675,0.3714,0.3714,0.3144,35,1323,0.0023,479.0,480.1,481.2,474.21,2026-07-27,3,False
BALL,Consumer Discretionary,Packaging & Containers,MACD,MACD 金叉 (多頭區),None,0.0,0.68,0.37,,0.37,0,273,0.0063,64.67,65.08,65.48,64.02,2026-07-27,3,False
HMC,Consumer Discretionary,Auto Manufacturers,MACD,MACD 金叉 (多頭區),None,0.0,0.68,0.37,,0.37,0,273,0.0063,29.13,29.31,29.5,28.84,2026-07-27,3,False
QSR,Consumer Discretionary,Restaurants,MACD,MACD 金叉 (多頭區),None,0.0,0.68,0.37,,0.37,0,273,0.0063,75.52,76.0,76.47,74.76,2026-07-29,3,False
TXRH,Consumer Discretionary,Restaurants,MACD,MACD 金叉 (多頭區),None,0.0,0.68,0.37,,0.37,0,273,0.0063,204.78,206.07,207.36,202.73,2026-07-28,3,False
VIK,Consumer Discretionary,Travel Services,MACD,MACD 金叉 (多頭區),None,0.0,0.68,0.37,,0.37,0,273,0.0063,104.54,105.2,105.86,103.49,2026-07-28,3,False
eBay,Consumer Discretionary,Internet Retail,MACD,MACD 金叉 (多頭區),None,0.0,0.68,0.37,,0.37,0,273,0.0063,111.75,112.45,113.16,110.63,2026-06-30,3,False
TPL,Energy,Oil & Gas E&P,BB,BB 中軌向上（上升趨勢）,None,0.0,0.51,0.37,0.37,0.2962,227,4484,0.0014,389.42,389.97,390.51,385.53,2026-07-28,3,False
BMO,Financials,Banks - Diversified,BB,BB 中軌向上（上升趨勢）,Bullish Engulfing,0.75,1.0,0.3697,,0.3697,0,330,0.0108,180.63,182.58,184.53,178.82,2026-07-28,3,False
IBN,Financials,Banks - Regional,BB,BB 中軌向上（上升趨勢）,Bullish Engulfing,0.75,1.0,0.3697,,0.3697,0,330,0.0108,30.26,30.59,30.91,29.96,2026-07-28,3,False
JEF,Financials,Capital Markets,BB,BB 中軌向上（上升趨勢）,Bullish Engulfing,0.75,1.0,0.3697,,0.3697,0,330,0.0108,57.23,57.85,58.47,56.66,2026-07-28,3,False
TPG,Financials,Asset Management,BB,BB 中軌向上（上升趨勢）,Bullish Engulfing,0.75,1.0,0.3697,,0.3697,0,330,0.0108,43.76,44.23,44.71,43.32,2026-07-28,3,False
P,Information Technology,Computer Hardware,RSI,RSI 加速上升,None,0.0,0.5525,0.3693,,0.3693,0,10688,0.0074,74.21,74.76,75.31,73.47,2026-07-27,3,False
SMCIP,Information Technology,Computer Hardware,RSI,RSI 加速上升,None,0.0,0.5525,0.3693,,0.3693,0,10688,0.0074,50.47,50.84,51.22,49.97,2026-07-28,3,False
STRF,Information Technology,Software - Application,RSI,RSI 加速上升,None,0.0,0.5525,0.3693,,0.3693,0,10688,0.0074,97.723,98.45,99.17,96.75,2026-07-27,3,False
NTRS,Financials,Asset Management,BB,價格在 BB 中軌上方,None,0.0,0.425,0.3691,0.3691,0.2847,298,21689,0.0117,182.52,184.66,186.79,180.69,2026-07-27,3,False
USB,Financials,Banks - Regional,KDJ,KDJ 金叉,None,0.0,0.5525,0.3684,0.3684,0.3142,19,1932,0.0163,64.43,65.48,66.53,63.79,2026-07-28,3,False
IDXX,Health Care,Diagnostics & Research,RSI,RSI 動能加速（強勢區）,None,0.0,0.51,0.3684,0.3684,0.2606,19,1869,0.0118,569.54,576.26,582.98,563.84,2026-07-28,3,False
ODFL,Industrials,Trucking,BB,價格在 BB 中軌上方,None,0.0,0.425,0.3684,0.3684,0.295,228,22337,-0.0009,226.77,226.57,226.36,224.5,2026-07-27,3,False
BSX,Health Care,Medical Devices,RSI,RSI 加速上升,None,0.0,0.5525,0.3667,,0.3667,0,559,0.0015,46.04,46.11,46.18,45.58,2026-07-29,3,True
EFX,Industrials,Consulting Services,RSI,RSI 加速上升,None,0.0,0.5525,0.3667,0.3667,0.2981,150,11545,0.0005,187.05,187.14,187.24,185.18,2026-07-29,3,False
THC,Health Care,Medical Care Facilities,RSI,RSI 加速上升,None,0.0,0.5525,0.3667,,0.3667,0,559,0.0015,243.36,243.73,244.09,240.93,2026-07-27,3,True
DTM,Energy,Oil & Gas Midstream,BB,BB 跌破下軌 (超賣),None,0.0,0.45499999999999996,0.3664,,0.3664,0,292,0.0073,135.95,136.94,137.93,134.59,2026-07-29,3,False
NTAP,Information Technology,Software - Infrastructure,MACD,MACD 金叉 (多頭區),None,0.0,0.68,0.3651,,0.3651,0,504,0.0103,174.53,176.33,178.13,172.78,2026-07-28,3,False
BRKRP,Health Care,Medical Devices,BB,價格在 BB 中軌上方,None,0.0,0.425,0.365,,0.365,0,715,0.0016,445.24,445.95,446.66,440.79,2026-07-27,3,True
MEDP,Health Care,Diagnostics & Research,BB,價格在 BB 中軌上方,None,0.0,0.425,0.365,,0.365,0,715,0.0016,570.97,571.88,572.8,565.26,2026-07-28,3,True
ARW,Information Technology,Electronics & Computer Distribution,RSI,RSI 維持強勢 (50-70),None,0.0,0.51,0.3645,,0.3645,0,16764,0.0088,211.39,213.25,215.11,209.28,2026-07-28,3,False
OKTA,Information Technology,Software - Infrastructure,RSI,RSI 維持強勢 (50-70),None,0.0,0.51,0.3645,,0.3645,0,16764,0.0088,136.91,138.11,139.32,135.54,2026-07-29,3,False
CBRS,Information Technology,Semiconductors,BB,BB 中軌向上（上升趨勢）,None,0.0,0.51,0.3639,,0.3639,0,16781,0.009,192.72,194.45,196.19,190.79,2026-07-28,3,False
MSTR,Information Technology,Software - Application,BB,BB 中軌向上（上升趨勢）,None,0.0,0.51,0.3639,,0.3639,0,16781,0.009,93.33,94.17,95.01,92.4,2026-07-29,3,False
STRD,Information Technology,Software - Application,BB,BB 中軌向上（上升趨勢）,None,0.0,0.51,0.3639,,0.3639,0,16781,0.009,60.61,61.16,61.7,60.0,2026-07-29,3,False
FE,Utilities,Utilities - Regulated Electric,RSI,RSI 維持強勢 (50-70),None,0.0,0.51,0.3636,0.3636,0.3263,11,331,-0.0109,49.65,49.11,48.57,49.15,2026-07-28,3,True
JHX,Materials,Building Materials,RSI,RSI 加速上升,None,0.0,0.5525,0.3616,,0.3616,0,177,0.0,26.19,26.19,26.19,25.93,2026-07-29,3,True
SLB,Energy,Oil & Gas Equipment & Services,RSI,RSI 加速上升,None,0.0,0.5525,0.3615,0.3615,0.3227,130,3306,0.0037,49.98,50.16,50.35,49.48,2026-07-28,3,False
IMO,Energy,Oil & Gas Integrated,KDJ,KDJ 金叉,None,0.0,0.5525,0.3614,,0.3614,0,498,0.0061,128.8,129.59,130.37,127.51,2026-07-29,3,False
SUI,Real Estate,REIT - Residential,RSI,RSI 加速上升,Consolidation Breakout,0.85,1.0,0.3611,,0.3611,0,36,0.0149,127.94,129.85,131.75,126.66,2026-07-29,3,True
RYAN,Financials,Insurance - Specialty,KDJ,KDJ 金叉,None,0.0,0.5525,0.3611,,0.3611,0,108,0.0084,43.19,43.55,43.92,42.76,2026-07-27,3,True
TRU,Financials,Financial Data & Stock Exchanges,KDJ,KDJ 金叉,None,0.0,0.5525,0.3611,,0.3611,0,108,0.0084,83.8,84.5,85.21,82.96,2026-07-28,3,True
TSN,Consumer Staples,Farm Products,RSI,RSI 上穿 50 中性線,None,0.0,0.4675,0.3611,,0.3611,0,72,0.0129,60.71,61.49,62.28,60.1,2026-07-27,3,True
LNG,Energy,Oil & Gas Midstream,RSI,RSI 上穿 50 中性線,None,0.0,0.4675,0.361,,0.361,0,579,0.0056,258.61,260.06,261.51,256.02,2026-07-29,3,False
PR,Energy,Oil & Gas E&P,RSI,RSI 上穿 50 中性線,None,0.0,0.4675,0.361,,0.361,0,579,0.0056,20.75,20.87,20.98,20.54,2026-07-29,3,False
VG,Energy,Oil & Gas Midstream,RSI,RSI 上穿 50 中性線,None,0.0,0.4675,0.361,,0.361,0,579,0.0056,13.05,13.12,13.2,12.92,2026-07-29,3,False
CLH,Industrials,Waste Management,KDJ,KDJ 金叉,None,0.0,0.5525,0.3609,,0.3609,0,133,0.01,326.34,329.6,332.87,323.08,2026-07-29,3,True
EMBJ,Industrials,Aerospace & Defense,KDJ,KDJ 金叉,None,0.0,0.5525,0.3609,,0.3609,0,133,0.01,67.99,68.67,69.35,67.31,2026-07-27,3,True
FER,Industrials,Engineering & Construction,KDJ,KDJ 金叉,None,0.0,0.5525,0.3609,,0.3609,0,133,0.01,62.54,63.17,63.79,61.91,2026-07-29,3,True
NOK,Information Technology,Communication Equipment,RSI,RSI 維持超賣,None,0.0,0.385,0.3605,,0.3605,0,663,0.0055,8.41,8.46,8.5,8.33,2026-07-29,3,False
JPM,Financials,Banks - Diversified,RSI,RSI 加速上升,None,0.0,0.5525,0.3598,0.3598,0.3014,164,11488,0.0086,357.31,360.38,363.46,353.74,2026-07-28,3,False
MOD,Consumer Discretionary,Auto Parts,RSI,RSI 超賣區域 (30),None,0.0,0.5249999999999999,0.3582,,0.3582,0,67,-0.0017,178.04,177.74,177.43,176.26,2026-07-29,3,True
ABNB,Consumer Discretionary,Travel Services,BB,價格在 BB 中軌上方,None,0.0,0.425,0.3581,0.3581,0.2984,215,12430,0.0059,153.01,153.91,154.82,151.48,2026-07-29,3,False
CNH,Industrials,Farm & Heavy Construction Machinery,RSI,RSI 維持強勢 (50-70),None,0.0,0.51,0.3579,,0.3579,0,746,0.0057,10.76,10.82,10.88,10.65,2026-07-29,3,True
CR,Industrials,Specialty Industrial Machinery,RSI,RSI 維持強勢 (50-70),None,0.0,0.51,0.3579,,0.3579,0,746,0.0057,226.34,227.63,228.92,224.08,2026-07-28,3,True
GFL,Industrials,Waste Management,RSI,RSI 維持強勢 (50-70),None,0.0,0.51,0.3579,,0.3579,0,746,0.0057,40.24,40.47,40.7,39.84,2026-07-29,3,True
LECO,Industrials,Tools & Accessories,RSI,RSI 維持強勢 (50-70),None,0.0,0.51,0.3579,,0.3579,0,746,0.0057,257.99,259.46,260.93,255.41,2026-07-29,3,True
TRI,Industrials,Specialty Business Services,RSI,RSI 維持強勢 (50-70),None,0.0,0.51,0.3579,,0.3579,0,746,0.0057,106.34,106.95,107.55,105.28,2026-07-29,3,True
WTS,Industrials,Specialty Industrial Machinery,RSI,RSI 維持強勢 (50-70),None,0.0,0.51,0.3579,,0.3579,0,746,0.0057,336.15,338.07,339.98,332.79,2026-07-29,3,True
XPO,Industrials,Trucking,RSI,RSI 維持強勢 (50-70),None,0.0,0.51,0.3579,,0.3579,0,746,0.0057,199.38,200.52,201.65,197.39,2026-07-29,3,True
UI,Information Technology,Communication Equipment,BB,價格在 BB 中軌上方,None,0.0,0.425,0.3573,,0.3573,0,20206,0.0074,539.61,543.6,547.6,534.21,2026-07-27,3,False
GOOGL,Communication Services,Internet Content & Information,KDJ,KDJ 金叉,None,0.0,0.5525,0.3571,0.3571,0.3345,28,550,0.0074,333.71,336.18,338.65,330.37,2026-07-28,3,False
ADBE,Information Technology,Software - Application,BB,BB 中軌向上（上升趨勢）,None,0.0,0.51,0.3571,0.3571,0.4238,14,1083,-0.0235,249.18,243.32,237.47,246.69,2026-07-28,3,True
META,Communication Services,Internet Content & Information,BB,BB 中軌向上（上升趨勢）,None,0.0,0.51,0.3571,0.3571,0.2943,252,4771,0.0036,585.61,587.72,589.83,579.75,2026-07-29,3,False
VEEV,Health Care,Health Information Services,RSI,RSI 動能加速（強勢區）,None,0.0,0.51,0.3571,0.3571,0.2606,14,1869,-0.0086,207.91,206.12,204.33,205.83,2026-07-29,3,False
LOW,Consumer Discretionary,Home Improvement Retail,MACD,MACD 金叉 (空頭區),None,0.0,0.42,0.3571,0.3571,0.3233,14,529,0.0024,218.24,218.76,219.29,216.06,2026-07-28,3,False
PNC,Financials,Banks - Regional,RSI,RSI 維持強勢 (50-70),None,0.0,0.51,0.3569,0.3569,0.2842,269,19108,0.0095,248.49,250.85,253.21,246.01,2026-07-29,3,False
AES,Utilities,Utilities - Diversified,BB,價格在 BB 中軌上方,None,0.0,0.425,0.3568,0.3568,0.246,213,9864,0.0076,14.82,14.93,15.05,14.67,2026-07-29,3,False
ADI,Information Technology,Semiconductors,BB,價格在 BB 中軌上方,None,0.0,0.425,0.3564,0.3564,0.3573,275,20206,0.0063,365.83,368.13,370.44,362.17,2026-07-28,3,False
EMA,Utilities,Utilities - Regulated Electric,BB,BB 中軌向上（上升趨勢）,None,0.0,0.51,0.3562,,0.3562,0,365,0.0089,54.33,54.81,55.3,53.79,2026-07-27,3,True
APO,Financials,Asset Management,BB,BB 中軌向上（上升趨勢）,None,0.0,0.51,0.3558,0.3558,0.2681,267,16575,0.0095,119.77,120.91,122.05,118.57,2026-07-29,3,False
J,Industrials,Engineering & Construction,RSI,RSI 動能加速（強勢區）,None,0.0,0.51,0.3556,0.3556,0.2891,45,3037,-0.0042,140.61,140.02,139.43,139.2,2026-07-28,3,False
INTU,Information Technology,Software - Application,KDJ,KDJ 金叉,None,0.0,0.5525,0.3548,0.3548,0.3918,31,1955,-0.0048,303.91,302.45,300.99,300.87,2026-07-27,3,False
MPC,Energy,Oil & Gas Refining & Marketing,BB,BB 中軌向上（上升趨勢）,None,0.0,0.51,0.3534,0.3534,0.2962,232,4484,0.0072,308.72,310.94,313.17,305.63,2026-07-29,3,False
CARR,Industrials,Building Products & Equipment,BB,BB 跌破下軌 (超賣),None,0.0,0.45499999999999996,0.3532,,0.3532,0,436,0.0052,59.92,60.23,60.54,59.32,2026-07-29,3,True
CW,Industrials,Aerospace & Defense,BB,BB 跌破下軌 (超賣),None,0.0,0.45499999999999996,0.3532,,0.3532,0,436,0.0052,679.41,682.94,686.48,672.62,2026-07-29,3,True
DY,Industrials,Engineering & Construction,BB,BB 跌破下軌 (超賣),None,0.0,0.45499999999999996,0.3532,,0.3532,0,436,0.0052,371.92,373.85,375.79,368.2,2026-07-29,3,True
ETN,Industrials,Specialty Industrial Machinery,BB,BB 跌破下軌 (超賣),None,0.0,0.45499999999999996,0.3532,,0.3532,0,436,0.0052,361.88,363.76,365.64,358.26,2026-07-29,3,True
MAIR,Industrials,Building Products & Equipment,BB,BB 跌破下軌 (超賣),None,0.0,0.45499999999999996,0.3532,,0.3532,0,436,0.0052,31.64,31.8,31.97,31.32,2026-07-29,3,True
RRX,Industrials,Specialty Industrial Machinery,BB,BB 跌破下軌 (超賣),None,0.0,0.45499999999999996,0.3532,,0.3532,0,436,0.0052,187.6,188.58,189.55,185.72,2026-07-29,3,True
STRL,Industrials,Engineering & Construction,BB,BB 跌破下軌 (超賣),None,0.0,0.45499999999999996,0.3532,,0.3532,0,436,0.0052,538.09,540.89,543.69,532.71,2026-07-28,3,True
NWSA,Communication Services,Entertainment,RSI,RSI 動能加速（強勢區）,None,0.0,0.51,0.3529,0.3529,0.3135,34,772,0.0063,28.82,29.0,29.18,28.53,2026-07-29,3,False
KEY,Financials,Banks - Regional,BB,BB 跌破下軌 (超賣),None,0.0,0.45499999999999996,0.3529,0.3529,0.3485,17,1277,0.0065,22.18,22.32,22.47,21.96,2026-07-29,3,False
HST,Real Estate,REIT - Hotel & Motel,BB,BB 中軌向上（上升趨勢）,None,0.0,0.51,0.3505,0.3505,0.2647,214,5713,0.0093,25.54,25.78,26.02,25.28,2026-07-29,3,False
AIG,Financials,Insurance - Diversified,KDJ,KDJ 金叉,None,0.0,0.5525,0.35,0.35,0.3142,20,1932,-0.0026,80.83,80.62,80.41,80.02,2026-07-28,3,False
REG,Real Estate,REIT - Retail,KDJ,KDJ 金叉,None,0.0,0.5525,0.35,0.35,0.2818,20,550,0.0105,82.34,83.2,84.07,81.52,2026-07-27,3,False
SMCI,Information Technology,Computer Hardware,RSI,RSI 加速上升,None,0.0,0.5525,0.35,0.35,0.3693,180,10688,-0.011,28.45,28.14,27.82,28.17,2026-07-28,3,False
CAG,Consumer Staples,Packaged Foods,RSI,RSI 動能加速（強勢區）,None,0.0,0.51,0.35,0.35,0.2456,20,1148,0.0114,15.24,15.41,15.59,15.09,2026-07-27,3,False
HAS,Consumer Discretionary,Leisure,RSI,RSI 加速上升,None,0.0,0.5525,0.3485,0.3485,0.3117,132,6796,0.0006,96.34,96.4,96.46,95.38,2026-07-28,3,False
BCS,Financials,Banks - Diversified,BB,BB 跌破下軌 (超賣),None,0.0,0.45499999999999996,0.3485,,0.3485,0,1277,0.0043,26.05,26.16,26.27,25.79,2026-07-29,3,False
DB,Financials,Banks - Regional,RSI,RSI 維持強勢 (50-70),None,0.0,0.51,0.3448,,0.3448,0,609,0.0048,35.47,35.64,35.81,35.12,2026-07-29,3,True
IR,Industrials,Specialty Industrial Machinery,RSI,RSI 動能加速（強勢區）,None,0.0,0.51,0.3448,0.3448,0.2891,29,3037,0.0013,86.5,86.61,86.72,85.64,2026-07-28,3,False
MFC,Financials,Insurance - Life,RSI,RSI 維持強勢 (50-70),None,0.0,0.51,0.3448,,0.3448,0,609,0.0048,43.92,44.13,44.34,43.48,2026-07-29,3,True
MRSH,Financials,Insurance Brokers,RSI,RSI 維持強勢 (50-70),None,0.0,0.51,0.3448,,0.3448,0,609,0.0048,192.19,193.11,194.04,190.27,2026-07-28,3,True
NMR,Financials,Capital Markets,RSI,RSI 維持強勢 (50-70),None,0.0,0.51,0.3448,,0.3448,0,609,0.0048,9.67,9.72,9.76,9.57,2026-07-29,3,True
NWG,Financials,Banks - Regional,RSI,RSI 維持強勢 (50-70),None,0.0,0.51,0.3448,,0.3448,0,609,0.0048,18.31,18.4,18.49,18.13,2026-07-27,3,True
PUK,Financials,Insurance - Life,RSI,RSI 維持強勢 (50-70),None,0.0,0.51,0.3448,,0.3448,0,609,0.0048,29.25,29.39,29.53,28.96,2026-07-29,3,True
RGA,Financials,Insurance - Reinsurance,RSI,RSI 維持強勢 (50-70),None,0.0,0.51,0.3448,,0.3448,0,609,0.0048,237.11,238.25,239.39,234.74,2026-07-29,3,True
TW,Financials,Capital Markets,RSI,RSI 維持強勢 (50-70),None,0.0,0.51,0.3448,,0.3448,0,609,0.0048,108.18,108.7,109.22,107.1,2026-07-29,3,True
UBS,Financials,Banks - Diversified,RSI,RSI 維持強勢 (50-70),None,0.0,0.51,0.3448,,0.3448,0,609,0.0048,51.8,52.05,52.3,51.28,2026-07-29,3,True
UMBF,Financials,Banks - Regional,RSI,RSI 維持強勢 (50-70),None,0.0,0.51,0.3448,,0.3448,0,609,0.0048,148.27,148.98,149.69,146.79,2026-07-29,3,True
VLO,Energy,Oil & Gas Refining & Marketing,BB,價格在 BB 中軌上方,None,0.0,0.425,0.3448,0.3448,0.2998,232,5768,0.0031,301.32,302.25,303.19,298.31,2026-07-29,3,False
CRDO,Information Technology,Semiconductors,BB,BB 跌破下軌 (超賣),None,0.0,0.45499999999999996,0.3447,,0.3447,0,1001,0.0043,177.45,178.21,178.98,175.68,2026-07-29,3,False
CRWV,Information Technology,Software - Infrastructure,BB,BB 跌破下軌 (超賣),None,0.0,0.45499999999999996,0.3447,,0.3447,0,1001,0.0043,60.82,61.08,61.34,60.21,2026-07-29,3,False
FN,Information Technology,Electronic Components,BB,BB 跌破下軌 (超賣),None,0.0,0.45499999999999996,0.3447,,0.3447,0,1001,0.0043,414.5,416.28,418.06,410.36,2026-07-29,3,False
LITE,Information Technology,Communication Equipment,BB,BB 跌破下軌 (超賣),None,0.0,0.45499999999999996,0.3447,,0.3447,0,1001,0.0043,602.35,604.94,607.53,596.33,2026-07-29,3,False
LSCC,Information Technology,Semiconductors,BB,BB 跌破下軌 (超賣),None,0.0,0.45499999999999996,0.3447,,0.3447,0,1001,0.0043,112.96,113.45,113.93,111.83,2026-07-29,3,False
MCHPP,Information Technology,Semiconductors,BB,BB 跌破下軌 (超賣),None,0.0,0.45499999999999996,0.3447,,0.3447,0,1001,0.0043,62.12,62.39,62.65,61.5,2026-07-29,3,False
RMBS,Information Technology,Semiconductors,BB,BB 跌破下軌 (超賣),None,0.0,0.45499999999999996,0.3447,,0.3447,0,1001,0.0043,82.81,83.17,83.52,81.98,2026-07-29,3,False
SITM,Information Technology,Semiconductors,BB,BB 跌破下軌 (超賣),None,0.0,0.45499999999999996,0.3447,,0.3447,0,1001,0.0043,462.16,464.15,466.13,457.54,2026-07-29,3,False
SMTC,Information Technology,Semiconductors,BB,BB 跌破下軌 (超賣),None,0.0,0.45499999999999996,0.3447,,0.3447,0,1001,0.0043,103.55,104.0,104.44,102.51,2026-07-29,3,False
STM,Information Technology,Semiconductors,BB,BB 跌破下軌 (超賣),None,0.0,0.45499999999999996,0.3447,,0.3447,0,1001,0.0043,50.16,50.38,50.59,49.66,2026-07-28,3,False
TSEM,Information Technology,Semiconductors,BB,BB 跌破下軌 (超賣),None,0.0,0.45499999999999996,0.3447,,0.3447,0,1001,0.0043,187.84,188.65,189.46,185.96,2026-07-29,3,False
TSM,Information Technology,Semiconductors,BB,BB 跌破下軌 (超賣),None,0.0,0.45499999999999996,0.3447,,0.3447,0,1001,0.0043,374.67,376.28,377.89,370.92,2026-07-29,3,False
FDX,Industrials,Integrated Freight & Logistics,RSI,RSI 加速上升,None,0.0,0.5525,0.3429,0.3429,0.2981,140,11545,-0.0006,310.79,310.6,310.42,307.68,2026-07-27,3,False
KDP,Consumer Staples,Beverages - Non-Alcoholic,RSI,RSI 上穿 50 中性線,None,0.0,0.4675,0.3429,0.3429,0.2565,35,928,0.0036,31.08,31.19,31.3,30.77,2026-07-28,3,False
MAA,Real Estate,REIT - Residential,RSI,RSI 上穿 50 中性線,None,0.0,0.4675,0.3429,0.3429,0.2311,35,818,0.009,135.64,136.86,138.08,134.28,2026-07-28,3,False
PH,Industrials,Specialty Industrial Machinery,RSI,RSI 加速上升,None,0.0,0.5525,0.3427,0.3427,0.2981,143,11545,0.005,990.96,995.91,1000.87,981.05,2026-07-28,3,False
JBHT,Industrials,Integrated Freight & Logistics,BB,BB 中軌向上（上升趨勢）,None,0.0,0.51,0.341,0.341,0.2929,217,17460,0.0051,277.62,279.04,280.45,274.84,2026-07-28,3,False
EMR,Industrials,Specialty Industrial Machinery,RSI,RSI 加速上升,None,0.0,0.5525,0.3409,0.3409,0.2981,132,11545,0.0065,145.73,146.68,147.62,144.27,2026-07-29,3,False
WELL,Real Estate,REIT - Healthcare Facilities,BB,價格在 BB 中軌上方,None,0.0,0.425,0.3409,0.3409,0.248,399,8032,0.0038,241.08,242.0,242.91,238.67,2026-07-29,3,False
LH,Health Care,Diagnostics & Research,BB,BB 中軌向上（上升趨勢）,None,0.0,0.51,0.3402,,0.3402,0,579,0.0005,307.15,307.3,307.46,304.08,2026-07-29,3,True
PPG,Materials,Specialty Chemicals,BB,價格在 BB 中軌上方,None,0.0,0.425,0.3398,0.3398,0.2859,206,6697,0.0056,118.47,119.13,119.8,117.29,2026-07-27,3,False
DE,Industrials,Farm & Heavy Construction Machinery,RSI,RSI 加速上升,None,0.0,0.5525,0.3393,0.3393,0.2981,112,11545,0.0046,639.84,642.78,645.73,633.44,2026-07-28,3,False
NEE,Utilities,Utilities - Regulated Electric,RSI,RSI 維持強勢 (50-70),None,0.0,0.51,0.3388,0.3388,0.2471,242,8831,0.0052,88.46,88.92,89.38,87.58,2026-07-29,3,False
CBOE,Financials,Financial Data & Stock Exchanges,RSI,RSI 維持強勢 (50-70),None,0.0,0.51,0.3371,0.3371,0.2842,267,19108,0.0055,307.81,309.5,311.2,304.73,2026-07-29,3,False
FLUT,Consumer Discretionary,Gambling,MACD,MACD 突破 0 軸,None,0.0,0.595,0.3351,,0.3351,0,376,0.0114,109.06,110.3,111.55,107.97,2026-07-28,3,False
TOL,Consumer Discretionary,Residential Construction,MACD,MACD 突破 0 軸,None,0.0,0.595,0.3351,,0.3351,0,376,0.0114,154.98,156.75,158.51,153.43,2026-07-28,3,False
COST,Consumer Staples,Discount Stores,RSI,RSI 維持強勢 (50-70),None,0.0,0.51,0.3347,0.3347,0.2452,251,7574,0.0061,974.03,979.97,985.91,964.29,2026-07-29,3,False
APP,Communication Services,Advertising Agencies,KDJ,KDJ 金叉,None,0.0,0.5525,0.3345,,0.3345,0,550,0.0065,418.22,420.94,423.66,414.04,2026-07-28,3,False
BCE,Communication Services,Telecom Services,KDJ,KDJ 金叉,None,0.0,0.5525,0.3345,,0.3345,0,550,0.0065,21.81,21.95,22.09,21.59,2026-07-28,3,False
FWONA,Communication Services,Entertainment,KDJ,KDJ 金叉,None,0.0,0.5525,0.3345,,0.3345,0,550,0.0065,92.9,93.5,94.11,91.97,2026-07-28,3,False
NTES,Communication Services,Electronic Gaming & Multimedia,KDJ,KDJ 金叉,None,0.0,0.5525,0.3345,,0.3345,0,550,0.0065,127.35,128.18,129.01,126.08,2026-07-28,3,False
RCI,Communication Services,Telecom Services,KDJ,KDJ 金叉,None,0.0,0.5525,0.3345,,0.3345,0,550,0.0065,34.75,34.98,35.2,34.4,2026-07-28,3,False
RDDT,Communication Services,Internet Content & Information,KDJ,KDJ 金叉,None,0.0,0.5525,0.3345,,0.3345,0,550,0.0065,178.44,179.6,180.76,176.66,2026-07-28,3,False
SPOT,Communication Services,Internet Content & Information,KDJ,KDJ 金叉,None,0.0,0.5525,0.3345,,0.3345,0,550,0.0065,494.72,497.94,501.15,489.77,2026-07-27,3,False
TME,Communication Services,Internet Content & Information,KDJ,KDJ 金叉,None,0.0,0.5525,0.3345,,0.3345,0,550,0.0065,9.33,9.39,9.45,9.24,2026-07-27,3,False
VOD,Communication Services,Telecom Services,KDJ,KDJ 金叉,None,0.0,0.5525,0.3345,,0.3345,0,550,0.0065,16.39,16.5,16.6,16.23,2026-07-28,3,False
EA,Communication Services,Electronic Gaming & Multimedia,BB,價格在 BB 中軌上方,Consolidation Breakout,0.85,1.0,0.3333,,0.3333,0,51,0.0016,208.91,209.24,209.58,206.82,2026-07-29,3,True
MDT,Health Care,Medical Devices,MACD,MACD 金叉 (多頭區),None,0.0,0.68,0.3333,0.3333,0.2557,6,305,0.0085,84.22,84.94,85.65,83.38,2026-07-27,3,False
MSI,Information Technology,Communication Equipment,MACD,MACD 金叉 (多頭區),None,0.0,0.68,0.3333,0.3333,0.3651,6,504,0.0117,423.8,428.76,433.72,419.56,2026-07-27,3,False
PHM,Consumer Discretionary,Residential Construction,MACD,MACD 金叉 (多頭區),None,0.0,0.68,0.3333,0.3333,0.37,9,273,-0.0099,134.75,133.42,132.08,133.4,2026-07-28,3,False
REGN,Health Care,Biotechnology,MACD,MACD 金叉 (多頭區),None,0.0,0.68,0.3333,0.3333,0.2557,9,305,0.0098,695.18,701.99,708.81,688.23,2026-07-28,3,False
UL,Consumer Staples,Household & Personal Products,MACD,MACD 金叉 (多頭區),None,0.0,0.68,0.3333,,0.3333,0,21,0.0024,66.87,67.03,67.19,66.2,2026-07-28,3,True
FAST,Industrials,Industrial Distribution,MACD,MACD 突破 0 軸,None,0.0,0.595,0.3333,0.3333,0.2912,6,570,-0.0035,48.1,47.93,47.76,47.62,2026-07-28,3,False
AMP,Financials,Asset Management,KDJ,KDJ 金叉,None,0.0,0.5525,0.3333,0.3333,0.3142,27,1932,0.0119,546.62,553.12,559.63,541.15,2026-07-28,3,False
COO,Health Care,Medical Instruments & Supplies,KDJ,KDJ 金叉,None,0.0,0.5525,0.3333,0.3333,0.2852,27,1536,-0.0051,72.06,71.69,71.32,71.34,2026-07-28,3,False
DHI,Consumer Discretionary,Residential Construction,RSI,RSI 加速上升,None,0.0,0.5525,0.3333,0.3333,0.3117,135,6796,0.0027,147.16,147.56,147.95,145.69,2026-07-29,3,False
TFC,Financials,Banks - Regional,KDJ,KDJ 金叉,None,0.0,0.5525,0.3333,0.3333,0.3142,18,1932,0.0103,52.99,53.54,54.08,52.46,2026-07-28,3,False
VRSK,Industrials,Consulting Services,RSI,RSI 加速上升,None,0.0,0.5525,0.3333,0.3333,0.3379,6,651,0.003,213.15,213.79,214.43,211.02,2026-07-29,3,True
PANW,Information Technology,Software - Infrastructure,BB,BB 中軌向上（上升趨勢）,None,0.0,0.51,0.3333,0.3333,0.3639,231,16781,0.0058,314.15,315.97,317.79,311.01,2026-07-29,3,False
PCAR,Industrials,Farm & Heavy Construction Machinery,BB,BB 中軌向上（上升趨勢）,None,0.0,0.51,0.3333,0.3333,0.3333,9,936,0.0048,138.21,138.87,139.54,136.83,2026-07-28,3,True
TFII,Industrials,Trucking,BB,BB 中軌向上（上升趨勢）,None,0.0,0.51,0.3333,,0.3333,0,936,0.0044,141.03,141.65,142.27,139.62,2026-07-29,3,True
DG,Consumer Staples,Discount Stores,RSI,RSI 上穿 50 中性線,None,0.0,0.4675,0.3333,0.3333,0.2565,24,928,0.0012,123.22,123.37,123.52,121.99,2026-07-27,3,False
QCOM,Information Technology,Semiconductors,BB,BB 跌破下軌 (超賣),None,0.0,0.45499999999999996,0.3333,0.3333,0.3447,12,1001,0.0052,155.68,156.49,157.3,154.12,2026-07-29,3,False
DHR,Health Care,Diagnostics & Research,BB,價格在 BB 中軌上方,Bullish Engulfing,0.75,0.9075,0.332,,0.332,0,259,0.0039,196.5,197.27,198.03,194.53,2026-07-27,3,False
GMED,Health Care,Medical Devices,BB,價格在 BB 中軌上方,Bullish Engulfing,0.75,0.9075,0.332,,0.332,0,259,0.0039,78.25,78.56,78.86,77.47,2026-07-27,3,False
CHTR,Communication Services,Telecom Services,RSI,RSI 維持強勢 (50-70),None,0.0,0.51,0.3315,0.3315,0.3082,178,5205,-0.0055,145.2,144.4,143.6,143.75,2026-07-29,3,False
BNS,Financials,Banks - Diversified,RSI,RSI 維持強勢 (50-70),Bullish Engulfing,0.75,1.0,0.3314,,0.3314,0,353,0.0074,88.34,88.99,89.65,87.46,2026-07-28,3,False
TD,Financials,Banks - Diversified,RSI,RSI 維持強勢 (50-70),Bullish Engulfing,0.75,1.0,0.3314,,0.3314,0,353,0.0074,120.41,121.3,122.19,119.21,2026-07-28,3,False
HSIC,Health Care,Medical Distribution,BB,價格在 BB 中軌上方,None,0.0,0.425,0.3314,0.3314,0.2804,169,14417,-0.0009,85.83,85.75,85.68,84.97,2026-07-29,3,False
ARES,Financials,Asset Management,RSI,RSI 維持強勢 (50-70),None,0.0,0.51,0.3313,0.3313,0.2842,329,19108,0.0049,124.6,125.21,125.82,123.35,2026-07-29,3,False
NOC,Industrials,Aerospace & Defense,RSI,RSI 加速上升,None,0.0,0.5525,0.3308,0.3308,0.2981,133,11545,0.0065,549.22,552.79,556.36,543.73,2026-07-28,3,False
MSCI,Financials,Financial Data & Stock Exchanges,RSI,RSI 加速上升,None,0.0,0.5525,0.3305,0.3305,0.3014,118,11488,0.0064,582.92,586.65,590.38,577.09,2026-07-29,3,False
ELV,Health Care,Healthcare Plans,KDJ,KDJ 金叉,Morning Star,0.8,1.0,0.3304,,0.3304,0,112,0.0035,385.73,387.08,388.43,381.87,2026-07-28,3,False
PODD,Health Care,Medical Devices,KDJ,KDJ 金叉,Morning Star,0.8,1.0,0.3304,,0.3304,0,112,0.0035,165.0,165.58,166.15,163.35,2026-07-27,3,False
RBLX,Communication Services,Electronic Gaming & Multimedia,BB,BB 中軌向上（上升趨勢）,Morning Star,0.8,1.0,0.3303,,0.3303,0,109,0.008,48.42,48.81,49.19,47.94,2026-07-27,3,False
CSL,Industrials,Building Products & Equipment,MACD,MACD 金叉 (空頭區),None,0.0,0.42,0.3303,,0.3303,0,875,0.0053,347.72,349.56,351.41,344.24,2026-07-28,3,False
FTAI,Industrials,Aerospace & Defense,MACD,MACD 金叉 (空頭區),None,0.0,0.42,0.3303,,0.3303,0,875,0.0053,214.15,215.28,216.42,212.01,2026-07-27,3,False
QXO,Industrials,Industrial Distribution,MACD,MACD 金叉 (空頭區),None,0.0,0.42,0.3303,,0.3303,0,875,0.0053,14.25,14.33,14.4,14.11,2026-07-28,3,False
ULS,Industrials,Specialty Business Services,MACD,MACD 金叉 (空頭區),None,0.0,0.42,0.3303,,0.3303,0,875,0.0053,90.06,90.54,91.01,89.16,2026-07-27,3,False
FUTU,Financials,Capital Markets,MACD,MACD 突破 0 軸,None,0.0,0.595,0.3301,,0.3301,0,618,0.0061,101.88,102.5,103.12,100.86,2026-07-29,3,False
KLAR,Financials,Credit Services,MACD,MACD 突破 0 軸,None,0.0,0.595,0.3301,,0.3301,0,618,0.0061,18.71,18.82,18.94,18.52,2026-07-28,3,False
SLMBP,Financials,Credit Services,MACD,MACD 突破 0 軸,None,0.0,0.595,0.3301,,0.3301,0,618,0.0061,74.64,75.1,75.55,73.89,2026-07-28,3,False
TIMB,Communication Services,Telecom Services,BB,BB 跌破下軌 (超賣),None,0.0,0.45499999999999996,0.33,,0.33,0,397,0.0048,20.88,20.98,21.08,20.67,2026-07-27,3,False
DIS,Communication Services,Entertainment,RSI,RSI 維持強勢 (50-70),None,0.0,0.51,0.3297,0.3297,0.3082,182,5205,0.0094,98.48,99.41,100.33,97.5,2026-07-29,3,False
BNT,Financials,Insurance - Diversified,BB,價格在 BB 中軌上方,Bullish Engulfing,0.75,0.9075,0.3294,,0.3294,0,337,0.0051,43.27,43.49,43.71,42.84,2026-07-28,3,False
FNV,Materials,Gold,RSI,RSI 上穿 50 中性線,None,0.0,0.4675,0.3294,,0.3294,0,595,0.0031,214.37,215.03,215.7,212.23,2026-07-29,3,False
SCCO,Materials,Copper,RSI,RSI 上穿 50 中性線,None,0.0,0.4675,0.3294,,0.3294,0,595,0.0031,179.32,179.88,180.43,177.53,2026-07-27,3,False
AXIA,Utilities,Utilities - Renewable,BB,價格在 BB 中軌上方,None,0.0,0.425,0.3287,,0.3287,0,432,0.0089,10.03,10.12,10.21,9.93,2026-07-29,3,True
EIX,Utilities,Utilities - Regulated Electric,BB,BB 中軌向上（上升趨勢）,None,0.0,0.51,0.3276,0.3276,0.249,232,7232,0.0063,78.63,79.13,79.62,77.84,2026-07-29,3,False
DVA,Health Care,Medical Care Facilities,RSI,RSI 加速上升,None,0.0,0.5525,0.3269,0.3269,0.2803,156,8492,0.0082,240.96,242.94,244.91,238.55,2026-07-29,3,False
BP,Energy,Oil & Gas Integrated,RSI,RSI 動能加速（強勢區）,None,0.0,0.51,0.3265,,0.3265,0,873,0.0005,43.32,43.34,43.36,42.89,2026-07-29,3,False
CNQ,Energy,Oil & Gas E&P,RSI,RSI 動能加速（強勢區）,None,0.0,0.51,0.3265,,0.3265,0,873,0.0005,46.45,46.47,46.5,45.99,2026-07-29,3,False
EC,Energy,Oil & Gas Integrated,RSI,RSI 動能加速（強勢區）,None,0.0,0.51,0.3265,,0.3265,0,873,0.0005,16.4,16.41,16.42,16.24,2026-07-29,3,False
EQNR,Energy,Oil & Gas Integrated,RSI,RSI 動能加速（強勢區）,None,0.0,0.51,0.3265,,0.3265,0,873,0.0005,40.95,40.97,40.99,40.54,2026-07-29,3,False
OVV,Energy,Oil & Gas E&P,RSI,RSI 動能加速（強勢區）,None,0.0,0.51,0.3265,,0.3265,0,873,0.0005,61.28,61.31,61.34,60.67,2026-07-29,3,False
PAA,Energy,Oil & Gas Midstream,RSI,RSI 動能加速（強勢區）,None,0.0,0.51,0.3265,,0.3265,0,873,0.0005,24.89,24.9,24.91,24.64,2026-07-29,3,False
PBA,Energy,Oil & Gas Midstream,RSI,RSI 動能加速（強勢區）,None,0.0,0.51,0.3265,,0.3265,0,873,0.0005,50.41,50.44,50.46,49.91,2026-07-29,3,False
PBR,Energy,Oil & Gas Integrated,RSI,RSI 動能加速（強勢區）,None,0.0,0.51,0.3265,,0.3265,0,873,0.0005,18.59,18.6,18.61,18.4,2026-07-29,3,False
SHEL,Energy,Oil & Gas Integrated,RSI,RSI 動能加速（強勢區）,None,0.0,0.51,0.3265,,0.3265,0,873,0.0005,88.34,88.38,88.43,87.46,2026-07-29,3,False
SU,Energy,Oil & Gas Integrated,RSI,RSI 動能加速（強勢區）,None,0.0,0.51,0.3265,,0.3265,0,873,0.0005,65.8,65.83,65.87,65.14,2026-07-29,3,False
SUN,Energy,Oil & Gas Refining & Marketing,RSI,RSI 動能加速（強勢區）,None,0.0,0.51,0.3265,,0.3265,0,873,0.0005,76.5,76.54,76.58,75.73,2026-07-28,3,False
TMO,Health Care,Diagnostics & Research,RSI,RSI 維持強勢 (50-70),None,0.0,0.51,0.3265,0.3265,0.2772,196,12123,0.0039,559.53,561.71,563.89,553.93,2026-07-27,3,False
WDS,Energy,Oil & Gas E&P,RSI,RSI 動能加速（強勢區）,None,0.0,0.51,0.3265,,0.3265,0,873,0.0005,23.23,23.24,23.25,23.0,2026-07-29,3,False
CSGP,Real Estate,Real Estate Services,RSI,RSI 加速上升,None,0.0,0.5525,0.3264,,0.3264,0,193,0.0078,29.83,30.06,30.3,29.53,2026-07-29,3,True
JLL,Real Estate,Real Estate Services,RSI,RSI 加速上升,None,0.0,0.5525,0.3264,,0.3264,0,193,0.0078,340.0,342.65,345.3,336.6,2026-07-29,3,True
AEP,Utilities,Utilities - Regulated Electric,RSI,RSI 維持強勢 (50-70),None,0.0,0.51,0.3262,0.3262,0.2471,279,8831,0.0058,133.02,133.79,134.56,131.69,2026-07-28,3,False
BPYPO,Real Estate,Real Estate Services,RSI,RSI 維持強勢 (50-70),None,0.0,0.51,0.3261,,0.3261,0,230,0.0069,15.26,15.37,15.47,15.11,2026-07-29,3,True
CHT,Communication Services,Telecom Services,RSI,RSI 上穿 50 中性線,None,0.0,0.4675,0.3243,,0.3243,0,518,0.004,43.08,43.25,43.42,42.65,2026-07-27,3,False
CIB,Financials,Banks - Regional,BB,價格在 BB 中軌上方,None,0.0,0.425,0.3239,,0.3239,0,852,0.0045,89.07,89.47,89.87,88.18,2026-07-28,3,True
WULF,Financials,Capital Markets,BB,價格在 BB 中軌上方,None,0.0,0.425,0.3239,,0.3239,0,852,0.0045,15.09,15.16,15.23,14.94,2026-07-29,3,True
A,Health Care,Diagnostics & Research,RSI,RSI 維持強勢 (50-70),None,0.0,0.51,0.3237,0.3237,0.2772,207,12123,0.0002,140.3,140.33,140.36,138.9,2026-07-29,3,False
HTHT,Consumer Discretionary,Lodging,MACD,MACD 金叉 (空頭區),None,0.0,0.42,0.3233,,0.3233,0,529,0.0066,41.83,42.11,42.38,41.41,2026-07-27,3,False
NIO,Consumer Discretionary,Auto Manufacturers,MACD,MACD 金叉 (空頭區),None,0.0,0.42,0.3233,,0.3233,0,529,0.0066,4.76,4.79,4.82,4.71,2026-07-29,3,False
ONON,Consumer Discretionary,Footwear & Accessories,MACD,MACD 金叉 (空頭區),None,0.0,0.42,0.3233,,0.3233,0,529,0.0066,37.89,38.14,38.39,37.51,2026-07-28,3,False
CCJ,Energy,Uranium,RSI,RSI 加速上升,None,0.0,0.5525,0.3227,,0.3227,0,3306,0.0024,89.35,89.56,89.78,88.46,2026-07-27,3,False
TTE,Energy,Oil & Gas Integrated,RSI,RSI 加速上升,None,0.0,0.5525,0.3227,,0.3227,0,3306,0.0024,84.16,84.36,84.56,83.32,2026-07-27,3,False
GM,Consumer Discretionary,Auto Manufacturers,RSI,RSI 動能加速（強勢區）,None,0.0,0.51,0.3226,0.3226,0.3027,31,1665,-0.0134,90.3,89.09,87.88,89.4,2026-07-28,3,False
AYI,Industrials,Electrical Equipment & Parts,KDJ,KDJ 金叉,None,0.0,0.5525,0.3223,,0.3223,0,2110,0.0051,335.97,337.68,339.4,332.61,2026-07-27,3,False
FERG,Industrials,Industrial Distribution,KDJ,KDJ 金叉,None,0.0,0.5525,0.3223,,0.3223,0,2110,0.0051,234.1,235.29,236.49,231.76,2026-07-27,3,False
GPN,Industrials,Specialty Business Services,KDJ,KDJ 金叉,None,0.0,0.5525,0.3223,,0.3223,0,2110,0.0051,84.06,84.49,84.92,83.22,2026-07-27,3,False
LTM,Industrials,Airlines,KDJ,KDJ 金叉,None,0.0,0.5525,0.3223,,0.3223,0,2110,0.0051,52.31,52.58,52.84,51.79,2026-07-27,3,False
POOL,Industrials,Industrial Distribution,KDJ,KDJ 金叉,None,0.0,0.5525,0.3223,,0.3223,0,2110,0.0051,192.16,193.14,194.12,190.24,2026-07-28,3,False
RELX,Industrials,Specialty Business Services,KDJ,KDJ 金叉,None,0.0,0.5525,0.3223,,0.3223,0,2110,0.0051,35.65,35.83,36.01,35.29,2026-07-27,3,False
RYAAY,Industrials,Airlines,KDJ,KDJ 金叉,None,0.0,0.5525,0.3223,,0.3223,0,2110,0.0051,59.79,60.09,60.4,59.19,2026-07-28,3,False
SYM,Industrials,Specialty Industrial Machinery,KDJ,KDJ 金叉,None,0.0,0.5525,0.3223,,0.3223,0,2110,0.0051,42.34,42.56,42.77,41.92,2026-07-28,3,False
VMI,Industrials,Conglomerates,KDJ,KDJ 金叉,None,0.0,0.5525,0.3223,,0.3223,0,2110,0.0051,494.81,497.33,499.86,489.86,2026-07-27,3,False
WCN,Industrials,Waste Management,KDJ,KDJ 金叉,None,0.0,0.5525,0.3223,,0.3223,0,2110,0.0051,172.81,173.69,174.57,171.08,2026-07-29,3,False
WMS,Industrials,Building Products & Equipment,KDJ,KDJ 金叉,None,0.0,0.5525,0.3223,,0.3223,0,2110,0.0051,145.06,145.8,146.54,143.61,2026-07-28,3,False
CAH,Health Care,Medical Distribution,RSI,RSI 動能加速（強勢區）,None,0.0,0.51,0.3208,0.3208,0.2606,53,1869,0.0084,232.51,234.46,236.42,230.18,2026-07-28,3,False
MMM,Industrials,Conglomerates,BB,BB 中軌向上（上升趨勢）,None,0.0,0.51,0.3206,0.3206,0.2929,209,17460,0.0049,177.95,178.82,179.69,176.17,2026-07-29,3,False
DRI,Consumer Discretionary,Restaurants,RSI,RSI 動能加速（強勢區）,None,0.0,0.51,0.32,0.32,0.3027,25,1665,0.001,206.98,207.19,207.39,204.91,2026-07-28,3,False
GEHC,Health Care,Medical Devices,RSI,RSI 上穿 50 中性線,None,0.0,0.4675,0.32,0.32,0.3144,25,1323,0.0005,64.11,64.14,64.17,63.47,2026-07-28,3,False
NBIS,Communication Services,Internet Content & Information,BB,BB 跌破下軌 (超賣),None,0.0,0.45499999999999996,0.3194,,0.3194,0,144,0.0009,148.22,148.35,148.49,146.74,2026-07-29,3,True
DOC,Real Estate,REIT - Healthcare Facilities,RSI,RSI 維持強勢 (50-70),None,0.0,0.51,0.3188,0.3188,0.2509,207,7011,0.004,22.48,22.57,22.66,22.26,2026-07-29,3,False
AS,Consumer Discretionary,Leisure,KDJ,KDJ 金叉,None,0.0,0.5525,0.3183,,0.3183,0,1244,0.0033,35.99,36.11,36.23,35.63,2026-07-28,3,False
BURL,Consumer Discretionary,Apparel Retail,KDJ,KDJ 金叉,None,0.0,0.5525,0.3183,,0.3183,0,1244,0.0033,358.01,359.19,360.37,354.43,2026-07-27,3,False
CART,Consumer Discretionary,Internet Retail,KDJ,KDJ 金叉,None,0.0,0.5525,0.3183,,0.3183,0,1244,0.0033,45.62,45.77,45.92,45.16,2026-07-28,3,False
DKNG,Consumer Discretionary,Gambling,KDJ,KDJ 金叉,None,0.0,0.5525,0.3183,,0.3183,0,1244,0.0033,24.11,24.19,24.27,23.87,2026-07-27,3,False
DKS,Consumer Discretionary,Specialty Retail,KDJ,KDJ 金叉,None,0.0,0.5525,0.3183,,0.3183,0,1244,0.0033,211.37,212.07,212.77,209.26,2026-07-28,3,False
FIVE,Consumer Discretionary,Specialty Retail,KDJ,KDJ 金叉,None,0.0,0.5525,0.3183,,0.3183,0,1244,0.0033,207.99,208.68,209.36,205.91,2026-07-28,3,False
H,Consumer Discretionary,Lodging,KDJ,KDJ 金叉,None,0.0,0.5525,0.3183,,0.3183,0,1244,0.0033,191.18,191.81,192.44,189.27,2026-07-27,3,False
LI,Consumer Discretionary,Auto Manufacturers,KDJ,KDJ 金叉,None,0.0,0.5525,0.3183,,0.3183,0,1244,0.0033,13.21,13.25,13.3,13.08,2026-07-28,3,False
MELI,Consumer Discretionary,Internet Retail,KDJ,KDJ 金叉,None,0.0,0.5525,0.3183,,0.3183,0,1244,0.0033,1862.52,1868.67,1874.81,1843.89,2026-07-28,3,False
MGA,Consumer Discretionary,Auto Parts,KDJ,KDJ 金叉,None,0.0,0.5525,0.3183,,0.3183,0,1244,0.0033,69.02,69.25,69.48,68.33,2026-07-28,3,False
SE,Consumer Discretionary,Internet Retail,KDJ,KDJ 金叉,None,0.0,0.5525,0.3183,,0.3183,0,1244,0.0033,107.41,107.76,108.12,106.34,2026-07-28,3,False
SN,Consumer Discretionary,"Furnishings, Fixtures & Appliances",KDJ,KDJ 金叉,None,0.0,0.5525,0.3183,,0.3183,0,1244,0.0033,153.19,153.7,154.2,151.66,2026-07-27,3,False
AZO,Consumer Discretionary,Auto Parts,KDJ,KDJ 金叉,None,0.0,0.5525,0.3182,0.3182,0.3183,22,1244,0.0145,3075.26,3119.85,3164.44,3044.51,2026-07-27,3,False
EQIX,Real Estate,REIT - Specialty,RSI,RSI 加速上升,None,0.0,0.5525,0.3182,0.3182,0.2327,132,4401,0.0054,1046.79,1052.44,1058.1,1036.32,2026-07-27,3,False
RKT,Financials,Mortgage Finance,RSI,RSI 加速上升,None,0.0,0.5525,0.318,,0.318,0,588,0.002,13.7,13.73,13.75,13.56,2026-07-29,3,True
KRYS,Health Care,Biotechnology,MACD,MACD 突破 0 軸,None,0.0,0.595,0.3171,,0.3171,0,432,0.0028,351.82,352.81,353.79,348.3,2026-07-27,3,False
STT,Financials,Asset Management,RSI,RSI 維持強勢 (50-70),None,0.0,0.51,0.316,0.316,0.2842,288,19108,0.0038,182.57,183.26,183.96,180.74,2026-07-28,3,False
WFC,Financials,Banks - Diversified,BB,BB 跌破下軌 (超賣),None,0.0,0.45499999999999996,0.3158,0.3158,0.3485,19,1277,0.0015,83.87,84.0,84.12,83.03,2026-07-29,3,False
ALNY,Health Care,Biotechnology,RSI,RSI 上穿 50 中性線,None,0.0,0.4675,0.3144,,0.3144,0,1323,0.003,288.41,289.28,290.14,285.53,2026-07-28,3,False
AZN,Health Care,Drug Manufacturers - General,RSI,RSI 上穿 50 中性線,None,0.0,0.4675,0.3144,,0.3144,0,1323,0.003,172.48,173.0,173.51,170.76,2026-07-28,3,False
BNTX,Health Care,Biotechnology,RSI,RSI 上穿 50 中性線,None,0.0,0.4675,0.3144,,0.3144,0,1323,0.003,92.45,92.73,93.0,91.53,2026-07-28,3,False
MDLN,Health Care,Medical Instruments & Supplies,RSI,RSI 上穿 50 中性線,None,0.0,0.4675,0.3144,,0.3144,0,1323,0.003,39.7,39.82,39.94,39.3,2026-07-27,3,False
SNY,Health Care,Drug Manufacturers - General,RSI,RSI 上穿 50 中性線,None,0.0,0.4675,0.3144,,0.3144,0,1323,0.003,44.0,44.13,44.26,43.56,2026-07-27,3,False
BAM,Financials,Asset Management,KDJ,KDJ 金叉,None,0.0,0.5525,0.3142,,0.3142,0,1932,0.0041,48.05,48.25,48.44,47.57,2026-07-28,3,False
BAP,Financials,Banks - Regional,KDJ,KDJ 金叉,None,0.0,0.5525,0.3142,,0.3142,0,1932,0.0041,390.99,392.59,394.2,387.08,2026-07-27,3,False
BPYPM,Financials,Asset Management,KDJ,KDJ 金叉,None,0.0,0.5525,0.3142,,0.3142,0,1932,0.0041,16.07,16.14,16.2,15.91,2026-07-27,3,False
BSBR,Financials,Banks - Regional,KDJ,KDJ 金叉,None,0.0,0.5525,0.3142,,0.3142,0,1932,0.0041,5.44,5.46,5.48,5.39,2026-07-27,3,False
CG,Financials,Asset Management,KDJ,KDJ 金叉,None,0.0,0.5525,0.3142,,0.3142,0,1932,0.0041,46.28,46.47,46.66,45.82,2026-07-27,3,False
CRBG,Financials,Asset Management,KDJ,KDJ 金叉,None,0.0,0.5525,0.3142,,0.3142,0,1932,0.0041,32.31,32.44,32.57,31.99,2026-07-28,3,False
CRCL,Financials,Capital Markets,KDJ,KDJ 金叉,None,0.0,0.5525,0.3142,,0.3142,0,1932,0.0041,65.67,65.94,66.21,65.01,2026-07-27,3,False
EQH,Financials,Asset Management,KDJ,KDJ 金叉,None,0.0,0.5525,0.3142,,0.3142,0,1932,0.0041,49.39,49.59,49.79,48.9,2026-07-28,3,False
FNF,Financials,Insurance - Specialty,KDJ,KDJ 金叉,None,0.0,0.5525,0.3142,,0.3142,0,1932,0.0041,52.02,52.23,52.45,51.5,2026-07-27,3,False
HBANZ,Financials,Banks - Regional,KDJ,KDJ 金叉,None,0.0,0.5525,0.3142,,0.3142,0,1932,0.0041,19.94,20.02,20.1,19.74,2026-07-27,3,False
HDB,Financials,Banks - Regional,KDJ,KDJ 金叉,None,0.0,0.5525,0.3142,,0.3142,0,1932,0.0041,24.03,24.13,24.23,23.79,2026-07-29,3,False
ING,Financials,Banks - Diversified,KDJ,KDJ 金叉,None,0.0,0.5525,0.3142,,0.3142,0,1932,0.0041,33.49,33.63,33.76,33.16,2026-07-27,3,False
LPLA,Financials,Capital Markets,KDJ,KDJ 金叉,None,0.0,0.5525,0.3142,,0.3142,0,1932,0.0041,342.4,343.8,345.21,338.98,2026-07-28,3,False
OWL,Financials,Asset Management,KDJ,KDJ 金叉,None,0.0,0.5525,0.3142,,0.3142,0,1932,0.0041,9.68,9.72,9.76,9.58,2026-07-27,3,False
SEIC,Financials,Asset Management,KDJ,KDJ 金叉,None,0.0,0.5525,0.3142,,0.3142,0,1932,0.0041,101.52,101.94,102.35,100.5,2026-07-27,3,False
WBS,Financials,Banks - Regional,KDJ,KDJ 金叉,None,0.0,0.5525,0.3142,,0.3142,0,1932,0.0041,76.95,77.27,77.58,76.18,2026-07-27,3,False
WF,Financials,Banks - Regional,KDJ,KDJ 金叉,None,0.0,0.5525,0.3142,,0.3142,0,1932,0.0041,67.52,67.8,68.07,66.84,2026-07-27,3,False
MT,Materials,Steel,KDJ,KDJ 金叉,None,0.0,0.5525,0.314,,0.314,0,637,0.0047,67.53,67.85,68.16,66.85,2026-07-27,3,False
NTR,Materials,Agricultural Inputs,KDJ,KDJ 金叉,None,0.0,0.5525,0.314,,0.314,0,637,0.0047,69.46,69.79,70.11,68.77,2026-07-28,3,False
IBM,Information Technology,Information Technology Services,RSI,RSI 加速上升,None,0.0,0.5525,0.3139,0.3139,0.3693,137,10688,0.0105,226.44,228.82,231.2,224.18,2026-07-29,3,False
BDRX,Health Care,Biotechnology,RSI,RSI 維持超賣,None,0.0,0.385,0.3138,,0.3138,0,956,0.0016,1.445,1.45,1.45,1.43,2026-07-29,3,False
AAPL,Information Technology,Consumer Electronics,BB,價格在 BB 中軌上方,None,0.0,0.425,0.3133,0.3133,0.3573,300,20206,0.0003,338.19,338.29,338.39,334.81,2026-07-29,3,False
GIS,Consumer Staples,Packaged Foods,KDJ,KDJ 金叉,None,0.0,0.5525,0.3125,0.3125,0.2503,16,779,0.0079,37.92,38.22,38.52,37.54,2026-07-29,3,False
TROW,Financials,Asset Management,KDJ,KDJ 金叉,None,0.0,0.5525,0.3125,0.3125,0.3142,16,1932,0.0055,119.21,119.87,120.52,118.02,2026-07-27,3,False
TSCO,Consumer Discretionary,Specialty Retail,RSI,RSI 動能加速（強勢區）,None,0.0,0.51,0.3125,0.3125,0.3027,32,1665,-0.004,31.8,31.67,31.55,31.48,2026-07-27,3,False
BWA,Consumer Discretionary,Auto Parts,RSI,RSI 加速上升,None,0.0,0.5525,0.3117,,0.3117,0,6796,0.004,63.68,63.93,64.19,63.04,2026-07-27,3,False
IHG,Consumer Discretionary,Lodging,RSI,RSI 加速上升,None,0.0,0.5525,0.3117,,0.3117,0,6796,0.004,161.52,162.17,162.81,159.9,2026-07-29,3,False
IP,Consumer Discretionary,Packaging & Containers,RSI,RSI 加速上升,None,0.0,0.5525,0.3117,,0.3117,0,6796,0.004,42.64,42.81,42.98,42.21,2026-07-29,3,False
SGI,Consumer Discretionary,"Furnishings, Fixtures & Appliances",RSI,RSI 加速上升,None,0.0,0.5525,0.3117,,0.3117,0,6796,0.004,72.1,72.39,72.68,71.38,2026-07-28,3,False
LMT,Industrials,Aerospace & Defense,BB,BB 中軌向上（上升趨勢）,None,0.0,0.51,0.3116,0.3116,0.2929,215,17460,0.0073,569.2,573.36,577.51,563.51,2026-07-29,3,False
MFG,Financials,Banks - Regional,BB,BB 中軌向上（上升趨勢）,None,0.0,0.51,0.3103,,0.3103,0,754,0.0043,9.81,9.85,9.89,9.71,2026-07-29,3,True
TGT,Consumer Staples,Discount Stores,BB,BB 中軌向上（上升趨勢）,None,0.0,0.51,0.3094,0.3094,0.2466,181,6128,0.0009,145.9,146.03,146.16,144.44,2026-07-29,3,False
CCEP,Consumer Staples,Beverages - Non-Alcoholic,RSI,RSI 維持強勢 (50-70),None,0.0,0.51,0.3092,,0.3092,0,262,0.0027,111.1,111.4,111.7,109.99,2026-07-29,3,True
DEO,Consumer Staples,Beverages - Wineries & Distilleries,RSI,RSI 維持強勢 (50-70),None,0.0,0.51,0.3092,,0.3092,0,262,0.0027,89.16,89.4,89.64,88.27,2026-07-29,3,True
JBS,Consumer Staples,Packaged Foods,RSI,RSI 維持強勢 (50-70),None,0.0,0.51,0.3092,,0.3092,0,262,0.0027,13.55,13.59,13.62,13.41,2026-07-27,3,True
MDLZ,Consumer Staples,Confectioners,RSI,RSI 維持強勢 (50-70),None,0.0,0.51,0.3092,,0.3092,0,262,0.0027,64.99,65.17,65.34,64.34,2026-07-29,3,True
TDY,Information Technology,Scientific & Technical Instruments,BB,價格在 BB 中軌上方,None,0.0,0.425,0.3092,0.3092,0.3573,262,20206,0.0067,649.67,654.02,658.38,643.17,2026-07-28,3,False
ALLY,Financials,Credit Services,RSI,RSI 上穿 50 中性線,None,0.0,0.4675,0.3091,,0.3091,0,1899,0.0046,44.11,44.31,44.52,43.67,2026-07-28,3,False
CET,Financials,Asset Management,RSI,RSI 上穿 50 中性線,None,0.0,0.4675,0.3091,,0.3091,0,1899,0.0046,52.65,52.89,53.13,52.12,2026-07-28,3,False
EWBC,Financials,Banks - Regional,RSI,RSI 上穿 50 中性線,None,0.0,0.4675,0.3091,,0.3091,0,1899,0.0046,131.31,131.91,132.52,130.0,2026-07-28,3,False
HBANL,Financials,Banks - Regional,RSI,RSI 上穿 50 中性線,None,0.0,0.4675,0.3091,,0.3091,0,1899,0.0046,25.05,25.17,25.28,24.8,2026-07-27,3,False
HBANM,Financials,Banks - Regional,RSI,RSI 上穿 50 中性線,None,0.0,0.4675,0.3091,,0.3091,0,1899,0.0046,20.895,20.99,21.09,20.69,2026-07-28,3,False
EDU,Consumer Staples,Education & Training Services,RSI,RSI 加速上升,None,0.0,0.5525,0.309,,0.309,0,288,-0.0012,58.58,58.51,58.44,57.99,2026-07-29,3,True
FPS,Industrials,Electrical Equipment & Parts,RSI,RSI 超賣區域 (30),None,0.0,0.5249999999999999,0.3086,,0.3086,0,337,0.006,32.41,32.6,32.8,32.09,2026-07-28,3,False
IESC,Industrials,Engineering & Construction,RSI,RSI 超賣區域 (30),None,0.0,0.5249999999999999,0.3086,,0.3086,0,337,0.006,496.22,499.2,502.17,491.26,2026-07-29,3,False
INIO,Industrials,Specialty Industrial Machinery,RSI,RSI 超賣區域 (30),None,0.0,0.5249999999999999,0.3086,,0.3086,0,337,0.006,21.77,21.9,22.03,21.55,2026-07-29,3,False
MTZ,Industrials,Engineering & Construction,RSI,RSI 超賣區域 (30),None,0.0,0.5249999999999999,0.3086,,0.3086,0,337,0.006,287.42,289.14,290.87,284.55,2026-07-29,3,False
RKLB,Industrials,Aerospace & Defense,RSI,RSI 超賣區域 (30),None,0.0,0.5249999999999999,0.3086,,0.3086,0,337,0.006,58.6,58.95,59.3,58.01,2026-07-29,3,False
NDAQ,Financials,Financial Data & Stock Exchanges,RSI,RSI 維持強勢 (50-70),None,0.0,0.51,0.3086,0.3086,0.2842,269,19108,0.0049,95.55,96.02,96.49,94.59,2026-07-29,3,False
AMX,Communication Services,Telecom Services,RSI,RSI 維持強勢 (50-70),None,0.0,0.51,0.3082,,0.3082,0,5205,0.0026,25.71,25.78,25.84,25.45,2026-07-28,3,False
CCZ,Communication Services,Cable & Satellite,RSI,RSI 維持強勢 (50-70),None,0.0,0.51,0.3082,,0.3082,0,5205,0.0026,65.99,66.16,66.33,65.33,2026-07-29,3,False
TIGO,Communication Services,Telecom Services,RSI,RSI 維持強勢 (50-70),None,0.0,0.51,0.3082,,0.3082,0,5205,0.0026,94.18,94.42,94.67,93.24,2026-07-29,3,False
TLK,Communication Services,Telecom Services,RSI,RSI 維持強勢 (50-70),None,0.0,0.51,0.3082,,0.3082,0,5205,0.0026,14.45,14.49,14.53,14.31,2026-07-27,3,False
EG,Financials,Insurance - Reinsurance,RSI,RSI 加速上升,None,0.0,0.5525,0.3072,0.3072,0.3014,153,11488,0.0013,393.89,394.4,394.91,389.95,2026-07-29,3,False
BROS,Consumer Discretionary,Restaurants,RSI,RSI 上穿 50 中性線,None,0.0,0.4675,0.3072,,0.3072,0,1123,0.0037,65.7,65.94,66.19,65.04,2026-07-27,3,False
XPEV,Consumer Discretionary,Auto Manufacturers,RSI,RSI 上穿 50 中性線,None,0.0,0.4675,0.3072,,0.3072,0,1123,0.0037,13.06,13.11,13.16,12.93,2026-07-29,3,False
ROK,Industrials,Specialty Industrial Machinery,RSI,RSI 維持強勢 (50-70),None,0.0,0.51,0.3067,0.3067,0.2986,225,19157,0.0028,471.17,472.49,473.81,466.46,2026-07-28,3,False
KVUE,Consumer Staples,Household & Personal Products,RSI,RSI 維持強勢 (50-70),None,0.0,0.51,0.305,0.305,0.2452,200,7574,0.004,19.79,19.87,19.95,19.59,2026-07-29,3,False
BHP,Materials,Other Industrial Metals & Mining,RSI,RSI 加速上升,None,0.0,0.5525,0.3048,,0.3048,0,3639,0.0024,83.93,84.13,84.33,83.09,2026-07-27,3,False
CDE,Materials,Gold,RSI,RSI 加速上升,None,0.0,0.5525,0.3048,,0.3048,0,3639,0.0024,15.36,15.4,15.43,15.21,2026-07-27,3,False
ESI,Materials,Specialty Chemicals,RSI,RSI 加速上升,None,0.0,0.5525,0.3048,,0.3048,0,3639,0.0024,37.84,37.93,38.02,37.46,2026-07-27,3,False
GFI,Materials,Gold,RSI,RSI 加速上升,None,0.0,0.5525,0.3048,,0.3048,0,3639,0.0024,32.91,32.99,33.07,32.58,2026-07-27,3,False
HL,Materials,Other Precious Metals & Mining,RSI,RSI 加速上升,None,0.0,0.5525,0.3048,,0.3048,0,3639,0.0024,15.19,15.23,15.26,15.04,2026-07-27,3,False
KGC,Materials,Gold,RSI,RSI 加速上升,None,0.0,0.5525,0.3048,,0.3048,0,3639,0.0024,23.92,23.98,24.03,23.68,2026-07-27,3,False
PAAS,Materials,Gold,RSI,RSI 加速上升,None,0.0,0.5525,0.3048,,0.3048,0,3639,0.0024,44.13,44.24,44.34,43.69,2026-07-27,3,False
PKX,Materials,Steel,RSI,RSI 加速上升,None,0.0,0.5525,0.3048,,0.3048,0,3639,0.0024,53.1,53.23,53.35,52.57,2026-07-27,3,False
RGLD,Materials,Gold,RSI,RSI 加速上升,None,0.0,0.5525,0.3048,,0.3048,0,3639,0.0024,201.02,201.5,201.98,199.01,2026-07-27,3,False
RPM,Materials,Specialty Chemicals,RSI,RSI 加速上升,None,0.0,0.5525,0.3048,,0.3048,0,3639,0.0024,111.77,112.04,112.31,110.65,2026-07-28,3,False
RS,Materials,Steel,RSI,RSI 加速上升,None,0.0,0.5525,0.3048,,0.3048,0,3639,0.0024,403.62,404.59,405.56,399.58,2026-07-29,3,False
SOLS,Materials,Specialty Chemicals,RSI,RSI 加速上升,None,0.0,0.5525,0.3048,,0.3048,0,3639,0.0024,60.59,60.74,60.88,59.98,2026-07-27,3,False
TECK,Materials,Other Industrial Metals & Mining,RSI,RSI 加速上升,None,0.0,0.5525,0.3048,,0.3048,0,3639,0.0024,59.75,59.89,60.04,59.15,2026-07-27,3,False
VALE,Materials,Other Industrial Metals & Mining,RSI,RSI 加速上升,None,0.0,0.5525,0.3048,,0.3048,0,3639,0.0024,14.7,14.74,14.77,14.55,2026-07-28,3,False
WPM,Materials,Gold,RSI,RSI 加速上升,None,0.0,0.5525,0.3048,,0.3048,0,3639,0.0024,112.01,112.28,112.55,110.89,2026-07-27,3,False
PG,Consumer Staples,Household & Personal Products,MACD,MACD 突破 0 軸,None,0.0,0.595,0.3043,,0.3043,0,23,0.0082,148.88,150.1,151.32,147.39,2026-07-28,3,True
AAL,Industrials,Airlines,RSI,RSI 上穿 50 中性線,None,0.0,0.4675,0.304,,0.304,0,1816,0.0018,15.36,15.39,15.42,15.21,2026-07-28,3,False
WCC,Industrials,Industrial Distribution,RSI,RSI 上穿 50 中性線,None,0.0,0.4675,0.304,,0.304,0,1816,0.0018,338.13,338.74,339.35,334.75,2026-07-27,3,False
CINF,Financials,Insurance - Property & Casualty,RSI,RSI 維持強勢 (50-70),None,0.0,0.51,0.3039,0.3039,0.2842,306,19108,0.0032,181.33,181.91,182.49,179.52,2026-07-29,3,False
EGP,Real Estate,REIT - Industrial,BB,BB 中軌向上（上升趨勢）,None,0.0,0.51,0.3037,,0.3037,0,270,0.0047,208.45,209.43,210.41,206.37,2026-07-29,3,True
CRSP,Health Care,Biotechnology,KDJ,KDJ 超賣區金叉,None,0.0,0.5599999999999999,0.3027,,0.3027,0,370,0.0035,46.73,46.89,47.06,46.26,2026-07-27,3,False
EW,Health Care,Medical Devices,KDJ,KDJ 超賣區金叉,None,0.0,0.5599999999999999,0.3027,,0.3027,0,370,0.0035,83.68,83.97,84.27,82.84,2026-07-28,3,False
ISRG,Health Care,Medical Instruments & Supplies,KDJ,KDJ 超賣區金叉,None,0.0,0.5599999999999999,0.3027,,0.3027,0,370,0.0035,356.83,358.08,359.33,353.26,2026-07-27,3,False
CCK,Consumer Discretionary,Packaging & Containers,RSI,RSI 動能加速（強勢區）,None,0.0,0.51,0.3027,,0.3027,0,1665,0.0035,121.2,121.62,122.05,119.99,2026-07-28,3,False
PLD,Real Estate,REIT - Industrial,BB,價格在 BB 中軌上方,None,0.0,0.425,0.3026,0.3026,0.248,228,8032,0.0074,145.47,146.55,147.62,144.02,2026-07-29,3,False
APTV,Consumer Discretionary,Auto Parts,RSI,RSI 維持強勢 (50-70),None,0.0,0.51,0.302,0.302,0.2995,149,10441,0.0023,59.4,59.54,59.67,58.81,2026-07-28,3,False
QNT,Information Technology,Software - Application,KDJ,KDJ 超賣區金叉,None,0.0,0.5599999999999999,0.3016,,0.3016,0,368,-0.0,49.78,49.78,49.78,49.28,2026-07-28,3,False
RBRK,Information Technology,Software - Infrastructure,KDJ,KDJ 超賣區金叉,None,0.0,0.5599999999999999,0.3016,,0.3016,0,368,-0.0,71.45,71.45,71.45,70.74,2026-07-28,3,False
BBDO,Financials,Banks - Regional,RSI,RSI 加速上升,None,0.0,0.5525,0.3014,,0.3014,0,11488,0.0041,3.25,3.26,3.28,3.22,2026-07-27,3,False
BBVA,Financials,Banks - Diversified,RSI,RSI 加速上升,None,0.0,0.5525,0.3014,,0.3014,0,11488,0.0041,26.59,26.7,26.81,26.32,2026-07-27,3,False
BCH,Financials,Banks - Regional,RSI,RSI 加速上升,None,0.0,0.5525,0.3014,,0.3014,0,11488,0.0041,41.4,41.57,41.74,40.99,2026-07-27,3,False
BSAC,Financials,Banks - Regional,RSI,RSI 加速上升,None,0.0,0.5525,0.3014,,0.3014,0,11488,0.0041,34.46,34.6,34.74,34.12,2026-07-27,3,False
CM,Financials,Banks - Diversified,RSI,RSI 加速上升,None,0.0,0.5525,0.3014,,0.3014,0,11488,0.0041,119.82,120.31,120.8,118.62,2026-07-28,3,False
CNA,Financials,Insurance - Property & Casualty,RSI,RSI 加速上升,None,0.0,0.5525,0.3014,,0.3014,0,11488,0.0041,55.16,55.39,55.61,54.61,2026-07-29,3,False
FCNCA,Financials,Banks - Regional,RSI,RSI 加速上升,None,0.0,0.5525,0.3014,,0.3014,0,11488,0.0041,2171.8899,2180.79,2189.7,2150.17,2026-07-29,3,False
FHN,Financials,Banks - Regional,RSI,RSI 加速上升,None,0.0,0.5525,0.3014,,0.3014,0,11488,0.0041,26.02,26.13,26.23,25.76,2026-07-28,3,False
HSBC,Financials,Banks - Diversified,RSI,RSI 加速上升,None,0.0,0.5525,0.3014,,0.3014,0,11488,0.0041,103.97,104.4,104.82,102.93,2026-07-27,3,False
IX,Financials,Financial Conglomerates,RSI,RSI 加速上升,None,0.0,0.5525,0.3014,,0.3014,0,11488,0.0041,40.22,40.38,40.55,39.82,2026-07-27,3,False
LYG,Financials,Banks - Regional,RSI,RSI 加速上升,None,0.0,0.5525,0.3014,,0.3014,0,11488,0.0041,6.13,6.16,6.18,6.07,2026-07-27,3,False
MKL,Financials,Insurance - Property & Casualty,RSI,RSI 加速上升,None,0.0,0.5525,0.3014,,0.3014,0,11488,0.0041,2015.0,2023.26,2031.52,1994.85,2026-07-29,3,False
MUFG,Financials,Banks - Diversified,RSI,RSI 加速上升,None,0.0,0.5525,0.3014,,0.3014,0,11488,0.0041,23.1,23.19,23.29,22.87,2026-07-27,3,False
ORI,Financials,Insurance - Property & Casualty,RSI,RSI 加速上升,None,0.0,0.5525,0.3014,,0.3014,0,11488,0.0041,44.41,44.59,44.77,43.97,2026-07-28,3,False
PNFP,Financials,Banks - Regional,RSI,RSI 加速上升,None,0.0,0.5525,0.3014,,0.3014,0,11488,0.0041,104.74,105.17,105.6,103.69,2026-07-29,3,False
RIOT,Financials,Capital Markets,RSI,RSI 加速上升,None,0.0,0.5525,0.3014,,0.3014,0,11488,0.0041,21.97,22.06,22.15,21.75,2026-07-27,3,False
RNR,Financials,Insurance - Reinsurance,RSI,RSI 加速上升,None,0.0,0.5525,0.3014,,0.3014,0,11488,0.0041,332.61,333.97,335.34,329.28,2026-07-29,3,False
SAN,Financials,Banks - Diversified,RSI,RSI 加速上升,None,0.0,0.5525,0.3014,,0.3014,0,11488,0.0041,13.99,14.05,14.1,13.85,2026-07-27,3,False
SF,Financials,Capital Markets,RSI,RSI 加速上升,None,0.0,0.5525,0.3014,,0.3014,0,11488,0.0041,84.64,84.99,85.33,83.79,2026-07-28,3,False
SLF,Financials,Insurance - Diversified,RSI,RSI 加速上升,None,0.0,0.5525,0.3014,,0.3014,0,11488,0.0041,84.07,84.41,84.76,83.23,2026-07-28,3,False
SMFG,Financials,Banks - Diversified,RSI,RSI 加速上升,None,0.0,0.5525,0.3014,,0.3014,0,11488,0.0041,26.34,26.45,26.56,26.08,2026-07-27,3,False
VLYPN,Financials,Banks - Regional,RSI,RSI 加速上升,None,0.0,0.5525,0.3014,,0.3014,0,11488,0.0041,25.88,25.99,26.09,25.62,2026-07-27,3,False
CSX,Industrials,Railroads,BB,價格在 BB 中軌上方,None,0.0,0.425,0.3006,0.3006,0.295,336,22337,0.0054,50.74,51.01,51.29,50.23,2026-07-29,3,False
NWS,Communication Services,Entertainment,MACD,MACD 金叉 (多頭區),None,0.0,0.68,0.3,0.3,0.3214,10,140,-0.0059,32.64,32.45,32.25,32.31,2026-07-29,3,False
SPG,Real Estate,REIT - Retail,MACD,MACD 金叉 (多頭區),None,0.0,0.68,0.3,0.3,0.2486,10,173,-0.0097,231.67,229.42,227.18,229.35,2026-07-27,3,False
AVB,Real Estate,REIT - Residential,KDJ,KDJ 金叉,None,0.0,0.5525,0.3,0.3,0.2818,20,550,0.0011,192.45,192.66,192.87,190.53,2026-07-29,3,False
PM,Consumer Staples,Tobacco,RSI,RSI 加速上升,None,0.0,0.5525,0.3,0.3,0.2439,160,5343,0.0027,200.17,200.71,201.25,198.17,2026-07-28,3,False
CVX,Energy,Oil & Gas Integrated,RSI,RSI 動能加速（強勢區）,None,0.0,0.51,0.3,0.3,0.3265,40,873,0.0003,191.86,191.92,191.98,189.94,2026-07-29,3,False
AM,Energy,Oil & Gas Midstream,BB,價格在 BB 中軌上方,None,0.0,0.425,0.2998,,0.2998,0,5768,-0.0016,21.52,21.49,21.45,21.3,2026-07-29,3,False
DINO,Energy,Oil & Gas Refining & Marketing,BB,價格在 BB 中軌上方,None,0.0,0.425,0.2998,,0.2998,0,5768,-0.0016,90.0,89.86,89.71,89.1,2026-07-29,3,False
E,Energy,Oil & Gas Integrated,BB,價格在 BB 中軌上方,None,0.0,0.425,0.2998,,0.2998,0,5768,-0.0016,50.23,50.15,50.07,49.73,2026-07-28,3,False
ENB,Energy,Oil & Gas Midstream,BB,價格在 BB 中軌上方,None,0.0,0.425,0.2998,,0.2998,0,5768,-0.0016,55.35,55.26,55.17,54.8,2026-07-27,3,False
FTI,Energy,Oil & Gas Equipment & Services,BB,價格在 BB 中軌上方,None,0.0,0.425,0.2998,,0.2998,0,5768,-0.0016,72.39,72.27,72.16,71.67,2026-07-28,3,False
TS,Energy,Oil & Gas Equipment & Services,BB,價格在 BB 中軌上方,None,0.0,0.425,0.2998,,0.2998,0,5768,-0.0016,56.41,56.32,56.23,55.85,2026-07-27,3,False
VNOM,Energy,Oil & Gas Midstream,BB,價格在 BB 中軌上方,None,0.0,0.425,0.2998,,0.2998,0,5768,-0.0016,43.18,43.11,43.04,42.75,2026-07-29,3,False
WES,Energy,Oil & Gas Midstream,BB,價格在 BB 中軌上方,None,0.0,0.425,0.2998,,0.2998,0,5768,-0.0016,46.99,46.91,46.84,46.52,2026-07-29,3,False
YPF,Energy,Oil & Gas Integrated,BB,價格在 BB 中軌上方,None,0.0,0.425,0.2998,,0.2998,0,5768,-0.0016,50.32,50.24,50.16,49.82,2026-07-29,3,False
AMCR,Consumer Discretionary,Packaging & Containers,RSI,RSI 維持強勢 (50-70),None,0.0,0.51,0.2995,,0.2995,0,10441,0.0032,45.84,45.99,46.13,45.38,2026-07-29,3,False
BABA,Consumer Discretionary,Internet Retail,RSI,RSI 維持強勢 (50-70),None,0.0,0.51,0.2995,,0.2995,0,10441,0.0032,115.03,115.4,115.77,113.88,2026-07-29,3,False
CASY,Consumer Discretionary,Specialty Retail,RSI,RSI 維持強勢 (50-70),None,0.0,0.51,0.2995,,0.2995,0,10441,0.0032,867.16,869.93,872.71,858.49,2026-07-29,3,False
UNP,Industrials,Railroads,BB,價格在 BB 中軌上方,None,0.0,0.425,0.2992,0.2992,0.295,254,22337,0.0066,292.19,294.12,296.05,289.27,2026-07-29,3,False
WMT,Consumer Staples,Discount Stores,BB,價格在 BB 中軌上方,None,0.0,0.425,0.2991,0.2991,0.2432,341,8891,0.0054,114.22,114.84,115.45,113.08,2026-07-29,3,False
DLR,Real Estate,REIT - Specialty,RSI,RSI 維持強勢 (50-70),None,0.0,0.51,0.299,0.299,0.2509,301,7011,0.0013,188.18,188.42,188.67,186.3,2026-07-29,3,False
PSX,Energy,Oil & Gas Refining & Marketing,RSI,RSI 維持強勢 (50-70),None,0.0,0.51,0.2987,0.2987,0.2963,231,4891,0.0022,206.81,207.26,207.72,204.74,2026-07-29,3,False
AIT,Industrials,Industrial Distribution,RSI,RSI 維持強勢 (50-70),None,0.0,0.51,0.2986,,0.2986,0,19157,0.0036,334.36,335.56,336.77,331.02,2026-07-29,3,False
ARMK,Industrials,Specialty Business Services,RSI,RSI 維持強勢 (50-70),None,0.0,0.51,0.2986,,0.2986,0,19157,0.0036,57.17,57.38,57.58,56.6,2026-07-29,3,False
ARXS,Industrials,Aerospace & Defense,RSI,RSI 維持強勢 (50-70),None,0.0,0.51,0.2986,,0.2986,0,19157,0.0036,42.47,42.62,42.78,42.05,2026-07-29,3,False
ATI,Industrials,Metal Fabrication,RSI,RSI 維持強勢 (50-70),None,0.0,0.51,0.2986,,0.2986,0,19157,0.0036,186.99,187.66,188.34,185.12,2026-07-28,3,False
CNI,Industrials,Railroads,RSI,RSI 維持強勢 (50-70),None,0.0,0.51,0.2986,,0.2986,0,19157,0.0036,129.84,130.31,130.77,128.54,2026-07-29,3,False
CP,Industrials,Railroads,RSI,RSI 維持強勢 (50-70),None,0.0,0.51,0.2986,,0.2986,0,19157,0.0036,91.29,91.62,91.95,90.38,2026-07-29,3,False
CRS,Industrials,Metal Fabrication,RSI,RSI 維持強勢 (50-70),None,0.0,0.51,0.2986,,0.2986,0,19157,0.0036,580.25,582.34,584.43,574.45,2026-07-27,3,False
DCI,Industrials,Specialty Industrial Machinery,RSI,RSI 維持強勢 (50-70),None,0.0,0.51,0.2986,,0.2986,0,19157,0.0036,92.5,92.83,93.17,91.58,2026-07-29,3,False
DRS,Industrials,Aerospace & Defense,RSI,RSI 維持強勢 (50-70),None,0.0,0.51,0.2986,,0.2986,0,19157,0.0036,46.54,46.71,46.88,46.07,2026-07-29,3,False
ESLT,Industrials,Aerospace & Defense,RSI,RSI 維持強勢 (50-70),None,0.0,0.51,0.2986,,0.2986,0,19157,0.0036,818.59,821.54,824.48,810.4,2026-07-28,3,False
GGG,Industrials,Specialty Industrial Machinery,RSI,RSI 維持強勢 (50-70),None,0.0,0.51,0.2986,,0.2986,0,19157,0.0036,81.21,81.5,81.79,80.4,2026-07-29,3,False
HEI,Industrials,Aerospace & Defense,RSI,RSI 維持強勢 (50-70),None,0.0,0.51,0.2986,,0.2986,0,19157,0.0036,355.23,356.51,357.79,351.68,2026-07-29,3,False
ITT,Industrials,Specialty Industrial Machinery,RSI,RSI 維持強勢 (50-70),None,0.0,0.51,0.2986,,0.2986,0,19157,0.0036,198.99,199.71,200.42,197.0,2026-07-28,3,False
OC,Industrials,Building Products & Equipment,RSI,RSI 維持強勢 (50-70),None,0.0,0.51,0.2986,,0.2986,0,19157,0.0036,143.13,143.65,144.16,141.7,2026-07-28,3,False
R,Industrials,Rental & Leasing Services,RSI,RSI 維持強勢 (50-70),None,0.0,0.51,0.2986,,0.2986,0,19157,0.0036,268.68,269.65,270.61,265.99,2026-07-27,3,False
RBA,Industrials,Specialty Business Services,RSI,RSI 維持強勢 (50-70),None,0.0,0.51,0.2986,,0.2986,0,19157,0.0036,115.2,115.61,116.03,114.05,2026-07-29,3,False
SUNB,Industrials,Rental & Leasing Services,RSI,RSI 維持強勢 (50-70),None,0.0,0.51,0.2986,,0.2986,0,19157,0.0036,75.51,75.78,76.05,74.75,2026-07-28,3,False
SPCX,Industrials,Aerospace & Defense,RSI,RSI 維持超賣,None,0.0,0.385,0.2983,,0.2983,0,848,0.0072,113.5,114.32,115.13,112.36,2026-07-27,3,False
RBC,Industrials,Tools & Accessories,RSI,RSI 加速上升,None,0.0,0.5525,0.2981,,0.2981,0,11545,0.003,584.97,586.72,588.48,579.12,2026-07-27,3,False
DOW,Materials,Chemicals,RSI,RSI 上穿 50 中性線,None,0.0,0.4675,0.2973,0.2973,0.3294,37,595,-0.007,30.45,30.24,30.02,30.15,2026-07-29,3,False
DOV,Industrials,Specialty Industrial Machinery,KDJ,KDJ 金叉,None,0.0,0.5525,0.2963,0.2963,0.3223,27,2110,0.0011,205.85,206.08,206.3,203.79,2026-07-27,3,False
GL,Financials,Insurance - Life,RSI,RSI 上穿 50 中性線,None,0.0,0.4675,0.2963,0.2963,0.3091,27,1899,0.0138,179.17,181.64,184.12,177.38,2026-07-28,3,False
APG,Industrials,Engineering & Construction,BB,價格在 BB 中軌上方,None,0.0,0.425,0.295,,0.295,0,22337,0.0034,39.33,39.46,39.6,38.94,2026-07-28,3,False
FDXF,Industrials,Integrated Freight & Logistics,BB,價格在 BB 中軌上方,None,0.0,0.425,0.295,,0.295,0,22337,0.0034,150.99,151.5,152.02,149.48,2026-07-28,3,False
MLI,Industrials,Metal Fabrication,BB,價格在 BB 中軌上方,None,0.0,0.425,0.295,,0.295,0,22337,0.0034,65.4,65.62,65.84,64.75,2026-07-29,3,False
ES,Utilities,Utilities - Regulated Electric,RSI,RSI 加速上升,None,0.0,0.5525,0.293,0.293,0.2565,157,4905,0.0005,75.39,75.43,75.47,74.64,2026-07-28,3,False
MCK,Health Care,Medical Distribution,KDJ,KDJ 金叉,None,0.0,0.5525,0.2927,0.2927,0.2852,41,1536,0.002,850.06,851.76,853.46,841.56,2026-07-27,3,False
COP,Energy,Oil & Gas E&P,RSI,RSI 動能加速（強勢區）,None,0.0,0.51,0.2927,0.2927,0.3265,41,873,-0.0103,118.06,116.84,115.63,116.88,2026-07-29,3,False
ROST,Consumer Discretionary,Apparel Retail,RSI,RSI 動能加速（強勢區）,None,0.0,0.51,0.2927,0.2927,0.3027,41,1665,0.0072,251.03,252.84,254.64,248.52,2026-07-28,3,False
COR,Health Care,Medical Distribution,RSI,RSI 加速上升,None,0.0,0.5525,0.2898,0.2898,0.2803,176,8492,0.0022,318.61,319.31,320.01,315.42,2026-07-29,3,False
PYPL,Financials,Credit Services,BB,價格在 BB 中軌上方,None,0.0,0.425,0.2888,0.2888,0.2847,232,21689,-0.0086,58.35,57.85,57.35,57.77,2026-07-29,3,False
BMY,Health Care,Drug Manufacturers - General,RSI,RSI 維持強勢 (50-70),None,0.0,0.51,0.2879,0.2879,0.2772,198,12123,-0.0008,63.1,63.05,63.0,62.47,2026-07-29,3,False
ABBV,Health Care,Drug Manufacturers - General,BB,BB 中軌向上（上升趨勢）,None,0.0,0.51,0.2876,0.2876,0.2705,226,10885,0.006,263.3,264.88,266.46,260.67,2026-07-29,3,False
ADSK,Information Technology,Software - Application,RSI,RSI 加速上升,None,0.0,0.5525,0.2868,0.2868,0.3693,129,10688,-0.004,245.25,244.27,243.29,242.8,2026-07-29,3,False
AMRZ,Materials,Building Materials,RSI,RSI 維持強勢 (50-70),None,0.0,0.51,0.286,,0.286,0,5721,0.0013,50.37,50.44,50.5,49.87,2026-07-28,3,False
AU,Materials,Gold,RSI,RSI 維持強勢 (50-70),None,0.0,0.51,0.286,,0.286,0,5721,0.0013,80.48,80.58,80.69,79.68,2026-07-27,3,False
B,Materials,Gold,RSI,RSI 維持強勢 (50-70),None,0.0,0.51,0.286,,0.286,0,5721,0.0013,36.69,36.74,36.79,36.32,2026-07-28,3,False
AEM,Materials,Gold,BB,價格在 BB 中軌上方,None,0.0,0.425,0.2859,,0.2859,0,6697,0.0007,144.43,144.53,144.63,142.99,2026-07-29,3,False
AGI,Materials,Gold,BB,價格在 BB 中軌上方,None,0.0,0.425,0.2859,,0.2859,0,6697,0.0007,28.58,28.6,28.62,28.29,2026-07-29,3,False
CHD,Consumer Staples,Household & Personal Products,MACD,MACD 金叉 (多頭區),None,0.0,0.68,0.2857,0.2857,0.2554,7,184,0.0085,98.7,99.54,100.38,97.71,2026-07-27,3,False
HD,Consumer Discretionary,Home Improvement Retail,MACD,MACD 突破 0 軸,None,0.0,0.595,0.2857,0.2857,0.3351,7,376,0.0056,344.47,346.4,348.33,341.03,2026-07-28,3,False
CME,Financials,Financial Data & Stock Exchanges,BB,BB 中軌向上（上升趨勢）,None,0.0,0.51,0.2857,0.2857,0.2681,224,16575,0.0013,260.0,260.34,260.68,257.4,2026-07-28,3,False
CMCSA,Communication Services,Telecom Services,MACD,MACD 金叉 (空頭區),None,0.0,0.42,0.2857,0.2857,0.3254,14,252,-0.0033,24.19,24.11,24.03,23.95,2026-07-28,3,False
ALC,Health Care,Medical Instruments & Supplies,KDJ,KDJ 金叉,None,0.0,0.5525,0.2852,,0.2852,0,1536,0.0022,69.65,69.8,69.96,68.95,2026-07-29,3,False
ASND,Health Care,Biotechnology,KDJ,KDJ 金叉,None,0.0,0.5525,0.2852,,0.2852,0,1536,0.0022,254.44,255.0,255.56,251.9,2026-07-28,3,False
BMRN,Health Care,Biotechnology,KDJ,KDJ 金叉,None,0.0,0.5525,0.2852,,0.2852,0,1536,0.0022,60.27,60.4,60.54,59.67,2026-07-27,3,False
EHC,Health Care,Medical Care Facilities,KDJ,KDJ 金叉,None,0.0,0.5525,0.2852,,0.2852,0,1536,0.0022,116.03,116.29,116.54,114.87,2026-07-28,3,False
EXEL,Health Care,Biotechnology,KDJ,KDJ 金叉,None,0.0,0.5525,0.2852,,0.2852,0,1536,0.0022,55.81,55.93,56.06,55.25,2026-07-27,3,False
AEG,Financials,Insurance - Diversified,BB,價格在 BB 中軌上方,None,0.0,0.425,0.2847,,0.2847,0,21689,0.0031,9.02,9.05,9.08,8.93,2026-07-29,3,False
AFG,Financials,Insurance - Property & Casualty,BB,價格在 BB 中軌上方,None,0.0,0.425,0.2847,,0.2847,0,21689,0.0031,143.51,143.95,144.4,142.07,2026-07-29,3,False
ARCC,Financials,Asset Management,BB,價格在 BB 中軌上方,None,0.0,0.425,0.2847,,0.2847,0,21689,0.0031,18.71,18.77,18.83,18.52,2026-07-29,3,False
BBD,Financials,Banks - Regional,BB,價格在 BB 中軌上方,None,0.0,0.425,0.2847,,0.2847,0,21689,0.0031,3.62,3.63,3.64,3.58,2026-07-28,3,False
BNY,Financials,Banks - Diversified,BB,價格在 BB 中軌上方,None,0.0,0.425,0.2847,,0.2847,0,21689,0.0031,156.49,156.98,157.46,154.93,2026-07-28,3,False
HUT,Financials,Capital Markets,BB,價格在 BB 中軌上方,None,0.0,0.425,0.2847,,0.2847,0,21689,0.0031,104.59,104.91,105.24,103.54,2026-07-27,3,False
ITUB,Financials,Banks - Regional,BB,價格在 BB 中軌上方,None,0.0,0.425,0.2847,,0.2847,0,21689,0.0031,8.37,8.4,8.42,8.29,2026-07-27,3,False
KB,Financials,Banks - Regional,BB,價格在 BB 中軌上方,None,0.0,0.425,0.2847,,0.2847,0,21689,0.0031,118.22,118.59,118.95,117.04,2026-07-27,3,False
NU,Financials,Banks - Regional,BB,價格在 BB 中軌上方,None,0.0,0.425,0.2847,,0.2847,0,21689,0.0031,14.04,14.08,14.13,13.9,2026-07-29,3,False
SHG,Financials,Banks - Regional,BB,價格在 BB 中軌上方,None,0.0,0.425,0.2847,,0.2847,0,21689,0.0031,71.5,71.72,71.94,70.78,2026-07-27,3,False
VLYPP,Financials,Banks - Regional,BB,價格在 BB 中軌上方,None,0.0,0.425,0.2847,,0.2847,0,21689,0.0031,25.02,25.1,25.18,24.77,2026-07-28,3,False
ZION,Financials,Banks - Regional,BB,價格在 BB 中軌上方,None,0.0,0.425,0.2847,,0.2847,0,21689,0.0031,68.92,69.13,69.35,68.23,2026-07-29,3,False
VLYPO,Financials,Banks - Regional,RSI,RSI 維持強勢 (50-70),None,0.0,0.51,0.2842,,0.2842,0,19108,0.003,24.84,24.91,24.99,24.59,2026-07-27,3,False
GEV,Industrials,Specialty Industrial Machinery,BB,BB 跌破下軌 (超賣),None,0.0,0.45499999999999996,0.2838,,0.2838,0,1258,0.0043,900.28,904.15,908.02,891.28,2026-07-29,3,False
SAIA,Industrials,Trucking,BB,BB 跌破下軌 (超賣),None,0.0,0.45499999999999996,0.2838,,0.2838,0,1258,0.0043,394.44,396.14,397.83,390.5,2026-07-29,3,False
IONS,Health Care,Biotechnology,RSI,RSI 超賣區域 (30),None,0.0,0.5249999999999999,0.2827,,0.2827,0,336,-0.0013,54.04,53.97,53.9,53.5,2026-07-29,3,False
ICE,Financials,Financial Data & Stock Exchanges,RSI,RSI 動能加速（強勢區）,None,0.0,0.51,0.2826,0.2826,0.279,46,3129,0.0064,152.72,153.7,154.67,151.19,2026-07-28,3,False
PEN,Health Care,Medical Devices,MACD,MACD 突破 0 軸,Consolidation Breakout,0.79,1.0,0.2821,,0.2821,0,78,0.0042,320.13,321.47,322.82,316.93,2026-07-29,3,False
AGNCP,Real Estate,REIT - Mortgage,KDJ,KDJ 金叉,None,0.0,0.5525,0.2818,,0.2818,0,550,0.0003,25.05,25.06,25.07,24.8,2026-07-28,3,False
AGNCZ,Real Estate,REIT - Mortgage,KDJ,KDJ 金叉,None,0.0,0.5525,0.2818,,0.2818,0,550,0.0003,25.3,25.31,25.32,25.05,2026-07-29,3,False
BPYPP,Real Estate,Real Estate Services,KDJ,KDJ 金叉,None,0.0,0.5525,0.2818,,0.2818,0,550,0.0003,16.08,16.08,16.09,15.92,2026-07-27,3,False
ELS,Real Estate,REIT - Residential,KDJ,KDJ 金叉,None,0.0,0.5525,0.2818,,0.2818,0,550,0.0003,66.02,66.04,66.06,65.36,2026-07-28,3,False
ACGL,Financials,Insurance - Diversified,BB,價格在 BB 中軌上方,None,0.0,0.425,0.2817,0.2817,0.2847,252,21689,0.0007,104.55,104.62,104.7,103.5,2026-07-29,3,False
ALLE,Industrials,Security & Protection Services,RSI,RSI 維持強勢 (50-70),None,0.0,0.51,0.2814,0.2814,0.2986,199,19157,0.0036,158.47,159.04,159.61,156.89,2026-07-29,3,False
ARGX,Health Care,Biotechnology,BB,價格在 BB 中軌上方,None,0.0,0.425,0.2804,,0.2804,0,14417,0.0008,882.56,883.27,883.97,873.73,2026-07-29,3,False
ARWR,Health Care,Biotechnology,BB,價格在 BB 中軌上方,None,0.0,0.425,0.2804,,0.2804,0,14417,0.0008,86.22,86.29,86.36,85.36,2026-07-29,3,False
AXSM,Health Care,Biotechnology,BB,價格在 BB 中軌上方,None,0.0,0.425,0.2804,,0.2804,0,14417,0.0008,227.42,227.6,227.78,225.15,2026-07-29,3,False
BBIO,Health Care,Biotechnology,BB,價格在 BB 中軌上方,None,0.0,0.425,0.2804,,0.2804,0,14417,0.0008,83.54,83.61,83.67,82.7,2026-07-29,3,False
BTSG,Health Care,Health Information Services,BB,價格在 BB 中軌上方,None,0.0,0.425,0.2804,,0.2804,0,14417,0.0008,72.46,72.52,72.58,71.74,2026-07-28,3,False
BTSGU,Health Care,Health Information Services,BB,價格在 BB 中軌上方,None,0.0,0.425,0.2804,,0.2804,0,14417,0.0008,238.295,238.49,238.68,235.91,2026-07-28,3,False
ELAN,Health Care,Drug Manufacturers - Specialty & Generic,BB,價格在 BB 中軌上方,None,0.0,0.425,0.2804,,0.2804,0,14417,0.0008,25.52,25.54,25.56,25.26,2026-07-28,3,False
FMS,Health Care,Medical Care Facilities,BB,價格在 BB 中軌上方,None,0.0,0.425,0.2804,,0.2804,0,14417,0.0008,24.86,24.88,24.9,24.61,2026-07-29,3,False
GMAB,Health Care,Biotechnology,BB,價格在 BB 中軌上方,None,0.0,0.425,0.2804,,0.2804,0,14417,0.0008,29.0,29.02,29.05,28.71,2026-07-28,3,False
ILMN,Health Care,Diagnostics & Research,BB,價格在 BB 中軌上方,None,0.0,0.425,0.2804,,0.2804,0,14417,0.0008,194.82,194.98,195.13,192.87,2026-07-29,3,False
JAZZ,Health Care,Biotechnology,BB,價格在 BB 中軌上方,None,0.0,0.425,0.2804,,0.2804,0,14417,0.0008,255.97,256.17,256.38,253.41,2026-07-29,3,False
MDGL,Health Care,Biotechnology,BB,價格在 BB 中軌上方,None,0.0,0.425,0.2804,,0.2804,0,14417,0.0008,546.88,547.32,547.76,541.41,2026-07-29,3,False
NBIX,Health Care,Drug Manufacturers - Specialty & Generic,BB,價格在 BB 中軌上方,None,0.0,0.425,0.2804,,0.2804,0,14417,0.0008,180.79,180.93,181.08,178.98,2026-07-29,3,False
NVS,Health Care,Drug Manufacturers - General,BB,價格在 BB 中軌上方,None,0.0,0.425,0.2804,,0.2804,0,14417,0.0008,158.83,158.96,159.08,157.24,2026-07-29,3,False
ONC,Health Care,Biotechnology,BB,價格在 BB 中軌上方,None,0.0,0.425,0.2804,,0.2804,0,14417,0.0008,327.21,327.47,327.73,323.94,2026-07-29,3,False
RPRX,Health Care,Biotechnology,BB,價格在 BB 中軌上方,None,0.0,0.425,0.2804,,0.2804,0,14417,0.0008,59.18,59.23,59.27,58.59,2026-07-29,3,False
RVMD,Health Care,Biotechnology,BB,價格在 BB 中軌上方,None,0.0,0.425,0.2804,,0.2804,0,14417,0.0008,188.07,188.22,188.37,186.19,2026-07-27,3,False
RDY,Health Care,Drug Manufacturers - Specialty & Generic,RSI,RSI 加速上升,None,0.0,0.5525,0.2803,,0.2803,0,8492,-0.0001,11.76,11.76,11.76,11.64,2026-07-29,3,False
MTD,Health Care,Diagnostics & Research,BB,價格在 BB 中軌上方,None,0.0,0.425,0.2802,0.2802,0.2804,207,14417,0.0022,1388.33,1391.38,1394.44,1374.45,2026-07-29,3,False
SNA,Industrials,Tools & Accessories,KDJ,KDJ 金叉,None,0.0,0.5525,0.28,0.28,0.3223,25,2110,0.0062,407.42,409.95,412.47,403.35,2026-07-27,3,False
PEP,Consumer Staples,Beverages - Non-Alcoholic,RSI,RSI 動能加速（強勢區）,None,0.0,0.51,0.28,0.28,0.2456,25,1148,0.0066,142.86,143.8,144.75,141.43,2026-07-28,3,False
SWK,Industrials,Tools & Accessories,RSI,RSI 動能加速（強勢區）,None,0.0,0.51,0.2794,,0.2794,0,315,0.0005,94.17,94.22,94.26,93.23,2026-07-27,3,True
VLTO,Industrials,Pollution & Treatment Controls,RSI,RSI 動能加速（強勢區）,None,0.0,0.51,0.2794,,0.2794,0,315,0.0005,98.47,98.52,98.57,97.49,2026-07-28,3,True
JCI,Industrials,Building Products & Equipment,RSI,RSI 加速上升,None,0.0,0.5525,0.2785,0.2785,0.2981,158,11545,0.0047,143.39,144.06,144.74,141.96,2026-07-27,3,False
ROIV,Health Care,Biotechnology,RSI,RSI 維持強勢 (50-70),None,0.0,0.51,0.2772,,0.2772,0,12123,0.0009,34.72,34.75,34.78,34.37,2026-07-27,3,False
CPT,Real Estate,REIT - Residential,BB,價格在 BB 中軌上方,None,0.0,0.425,0.2771,0.2771,0.248,249,8032,0.0026,116.37,116.67,116.98,115.21,2026-07-29,3,False
LHX,Industrials,Aerospace & Defense,BB,BB 中軌向上（上升趨勢）,None,0.0,0.51,0.2763,0.2763,0.2929,228,17460,0.0039,297.53,298.69,299.85,294.55,2026-07-29,3,False
BEPC,Utilities,Utilities - Renewable,RSI,RSI 超賣區域 (30),None,0.0,0.5249999999999999,0.2759,,0.2759,0,116,-0.003,32.12,32.02,31.93,31.8,2026-07-29,3,False
PSA,Real Estate,REIT - Industrial,RSI,RSI 動能加速（強勢區）,None,0.0,0.51,0.2759,0.2759,0.2452,29,1093,-0.0005,330.47,330.3,330.14,327.17,2026-07-28,3,False
KR,Consumer Staples,Grocery Stores,RSI,RSI 上穿 50 中性線,None,0.0,0.4675,0.2759,0.2759,0.2565,29,928,0.0071,59.19,59.61,60.03,58.6,2026-07-28,3,False
SCHW,Financials,Capital Markets,RSI,RSI 維持強勢 (50-70),None,0.0,0.51,0.2757,0.2757,0.2842,272,19108,0.0013,104.47,104.61,104.74,103.43,2026-07-29,3,False
AOS,Industrials,Specialty Industrial Machinery,RSI,RSI 維持強勢 (50-70),None,0.0,0.51,0.2755,0.2755,0.2986,196,19157,-0.0003,62.04,62.02,62.0,61.42,2026-07-29,3,False
MO,Consumer Staples,Tobacco,RSI,RSI 維持強勢 (50-70),None,0.0,0.51,0.2753,0.2753,0.2452,247,7574,0.0017,74.92,75.05,75.17,74.17,2026-07-29,3,False
MOH,Health Care,Healthcare Plans,BB,BB 跌破下軌 (超賣),None,0.0,0.45499999999999996,0.2752,,0.2752,0,974,-0.0017,199.48,199.14,198.8,197.49,2026-07-27,3,False
NTRA,Health Care,Diagnostics & Research,BB,BB 跌破下軌 (超賣),None,0.0,0.45499999999999996,0.2752,,0.2752,0,974,-0.0017,252.22,251.79,251.36,249.7,2026-07-28,3,False
SMMT,Health Care,Biotechnology,BB,BB 跌破下軌 (超賣),None,0.0,0.45499999999999996,0.2752,,0.2752,0,974,-0.0017,12.55,12.53,12.51,12.42,2026-07-28,3,False
MA,Financials,Credit Services,MACD,MACD 金叉 (多頭區),None,0.0,0.68,0.2747,,0.2747,0,517,0.0018,562.75,563.76,564.78,557.12,2026-07-28,3,False
MET,Financials,Insurance - Life,MACD,MACD 金叉 (多頭區),None,0.0,0.68,0.2747,,0.2747,0,517,0.0018,95.19,95.36,95.53,94.24,2026-07-27,3,False
DD,Materials,Specialty Chemicals,BB,BB 中軌向上（上升趨勢）,None,0.0,0.51,0.2742,0.2742,0.2853,248,5036,0.0042,138.1,138.68,139.26,136.72,2026-07-29,3,False
VZ,Communication Services,Telecom Services,RSI,RSI 動能加速（強勢區）,None,0.0,0.51,0.2727,0.2727,0.3135,33,772,0.0033,47.32,47.48,47.63,46.85,2026-07-27,3,False
OTIS,Industrials,Specialty Industrial Machinery,RSI,RSI 上穿 50 中性線,None,0.0,0.4675,0.2727,0.2727,0.304,33,1816,-0.0059,73.19,72.76,72.33,72.46,2026-07-27,3,False
GH,Health Care,Diagnostics & Research,BB,BB 中軌向上（上升趨勢）,None,0.0,0.51,0.2705,,0.2705,0,10885,0.0002,143.62,143.65,143.68,142.18,2026-07-28,3,False
INSM,Health Care,Biotechnology,BB,BB 中軌向上（上升趨勢）,None,0.0,0.51,0.2705,,0.2705,0,10885,0.0002,104.13,104.15,104.17,103.09,2026-07-28,3,False
KIM,Real Estate,REIT - Retail,RSI,RSI 動能加速（強勢區）,None,0.0,0.51,0.2703,0.2703,0.2452,37,1093,0.0018,26.38,26.43,26.47,26.12,2026-07-27,3,False
VTR,Real Estate,REIT - Healthcare Facilities,RSI,RSI 維持強勢 (50-70),None,0.0,0.51,0.2698,0.2698,0.2509,252,7011,0.0029,97.72,98.0,98.29,96.74,2026-07-29,3,False
CI,Health Care,Healthcare Plans,RSI,RSI 維持強勢 (50-70),None,0.0,0.51,0.269,0.269,0.2772,171,12123,0.0004,296.47,296.59,296.71,293.51,2026-07-29,3,False
SYY,Consumer Staples,Food Distribution,BB,BB 中軌向上（上升趨勢）,None,0.0,0.51,0.269,0.269,0.2466,171,6128,0.0069,85.32,85.91,86.5,84.47,2026-07-29,3,False
ECHO,Communication Services,Telecom Services,RSI,RSI 超賣區域 (30),None,0.0,0.5249999999999999,0.2683,,0.2683,0,41,-0.0057,83.89,83.41,82.93,83.05,2026-07-29,3,True
PS,Financials,Asset Management,BB,BB 中軌向上（上升趨勢）,None,0.0,0.51,0.2681,,0.2681,0,16575,0.0026,32.89,32.98,33.06,32.56,2026-07-29,3,False
EXPD,Industrials,Integrated Freight & Logistics,BB,BB 中軌向上（上升趨勢）,None,0.0,0.51,0.2673,0.2673,0.2929,202,17460,0.003,170.13,170.64,171.15,168.43,2026-07-29,3,False
OHI,Real Estate,REIT - Healthcare Facilities,BB,BB 中軌向上（上升趨勢）,None,0.0,0.51,0.2647,,0.2647,0,5713,0.0025,51.37,51.5,51.63,50.86,2026-07-29,3,False
WPC,Real Estate,REIT - Diversified,BB,BB 中軌向上（上升趨勢）,None,0.0,0.51,0.2647,,0.2647,0,5713,0.0025,74.71,74.9,75.08,73.96,2026-07-29,3,False
SJM,Consumer Staples,Packaged Foods,BB,BB 中軌向上（上升趨勢）,None,0.0,0.51,0.2645,0.2645,0.2466,121,6128,0.006,126.35,127.11,127.87,125.09,2026-07-29,3,False
AMGN,Health Care,Drug Manufacturers - General,RSI,RSI 維持強勢 (50-70),None,0.0,0.51,0.2639,0.2639,0.2772,216,12123,0.0032,387.64,388.88,390.12,383.76,2026-07-29,3,False
VRSN,Information Technology,Software - Infrastructure,BB,BB 中軌向上（上升趨勢）,None,0.0,0.51,0.2636,0.2636,0.3639,239,16781,-0.0001,290.92,290.89,290.86,288.01,2026-07-29,3,False
EXC,Utilities,Utilities - Regulated Electric,RSI,RSI 加速上升,None,0.0,0.5525,0.2632,0.2632,0.2565,133,4905,0.0045,47.31,47.52,47.74,46.84,2026-07-28,3,False
ON,Information Technology,Semiconductors,BB,BB 跌破下軌 (超賣),None,0.0,0.45499999999999996,0.2632,0.2632,0.3447,19,1001,-0.0294,78.86,76.54,74.22,78.07,2026-07-29,3,False
GD,Industrials,Aerospace & Defense,BB,價格在 BB 中軌上方,None,0.0,0.425,0.2632,0.2632,0.3497,19,1018,0.01,380.96,384.77,388.58,377.15,2026-07-29,3,True
T,Communication Services,Telecom Services,RSI,RSI 加速上升,None,0.0,0.5525,0.2625,0.2625,0.3116,160,3322,-0.0002,24.66,24.66,24.65,24.41,2026-07-28,3,False
NSC,Industrials,Railroads,BB,價格在 BB 中軌上方,None,0.0,0.425,0.2612,0.2612,0.295,245,22337,0.0038,338.84,340.13,341.42,335.45,2026-07-28,3,False
FRT,Real Estate,REIT - Retail,RSI,RSI 動能加速（強勢區）,None,0.0,0.51,0.2609,0.2609,0.2452,46,1093,-0.001,127.13,127.0,126.88,125.86,2026-07-27,3,False
HRL,Consumer Staples,Packaged Foods,RSI,RSI 加速上升,None,0.0,0.5525,0.2606,0.2606,0.2439,165,5343,0.0005,26.05,26.06,26.08,25.79,2026-07-27,3,False
PGR,Financials,Insurance - Property & Casualty,BB,價格在 BB 中軌上方,None,0.0,0.425,0.2593,0.2593,0.2847,297,21689,0.0037,219.99,220.8,221.62,217.79,2026-07-29,3,False
DGX,Health Care,Diagnostics & Research,RSI,RSI 加速上升,None,0.0,0.5525,0.259,0.259,0.2803,139,8492,0.0023,235.22,235.76,236.3,232.87,2026-07-29,3,False
PRU,Financials,Insurance - Life,RSI,RSI 加速上升,None,0.0,0.5525,0.2579,0.2579,0.3014,159,11488,-0.0002,123.93,123.91,123.88,122.69,2026-07-28,3,False
V,Financials,Credit Services,BB,BB 中軌向上（上升趨勢）,None,0.0,0.51,0.2571,0.2571,0.2681,210,16575,0.0013,368.73,369.21,369.69,365.04,2026-07-29,3,False
KEP,Utilities,Utilities - Regulated Electric,RSI,RSI 加速上升,None,0.0,0.5525,0.2565,,0.2565,0,4905,0.0041,12.21,12.26,12.31,12.09,2026-07-27,3,False
OGE,Utilities,Utilities - Regulated Electric,RSI,RSI 加速上升,None,0.0,0.5525,0.2565,,0.2565,0,4905,0.0041,49.3,49.5,49.7,48.81,2026-07-28,3,False
PPLC,Utilities,Utilities - Regulated Electric,RSI,RSI 加速上升,None,0.0,0.5525,0.2565,,0.2565,0,4905,0.0041,48.74,48.94,49.14,48.25,2026-07-28,3,False
SOMN,Utilities,Utilities - Regulated Electric,RSI,RSI 加速上升,None,0.0,0.5525,0.2565,,0.2565,0,4905,0.0041,50.32,50.53,50.73,49.82,2026-07-28,3,False
BTI,Consumer Staples,Tobacco,RSI,RSI 上穿 50 中性線,None,0.0,0.4675,0.2565,,0.2565,0,928,0.0005,62.3,62.33,62.36,61.68,2026-07-28,3,False
BUD,Consumer Staples,Beverages - Brewers,RSI,RSI 上穿 50 中性線,None,0.0,0.4675,0.2565,,0.2565,0,928,0.0005,83.2,83.24,83.28,82.37,2026-07-28,3,False
CPB,Consumer Staples,Packaged Foods,RSI,RSI 上穿 50 中性線,None,0.0,0.4675,0.2565,,0.2565,0,928,0.0005,22.37,22.38,22.39,22.15,2026-07-27,3,False
FMX,Consumer Staples,Beverages - Brewers,RSI,RSI 上穿 50 中性線,None,0.0,0.4675,0.2565,,0.2565,0,928,0.0005,132.15,132.22,132.28,130.83,2026-07-27,3,False
MICC,Consumer Staples,Packaged Foods,RSI,RSI 上穿 50 中性線,None,0.0,0.4675,0.2565,,0.2565,0,928,0.0005,18.04,18.05,18.06,17.86,2026-07-27,3,False
CL,Consumer Staples,Household & Personal Products,RSI,RSI 加速上升,None,0.0,0.5525,0.2564,0.2564,0.2439,156,5343,0.0014,93.49,93.62,93.75,92.56,2026-07-29,3,False
XOM,Energy,Oil & Gas Integrated,BB,BB 中軌向上（上升趨勢）,None,0.0,0.51,0.256,0.256,0.2962,207,4484,-0.0043,156.75,156.08,155.4,155.18,2026-07-29,3,False
APD,Materials,Specialty Chemicals,BB,BB 中軌向上（上升趨勢）,None,0.0,0.51,0.2556,0.2556,0.2853,180,5036,-0.0037,294.27,293.18,292.09,291.33,2026-07-29,3,False
CLX,Consumer Staples,Household & Personal Products,MACD,MACD 金叉 (多頭區),None,0.0,0.68,0.2554,,0.2554,0,184,-0.0001,100.32,100.31,100.3,99.32,2026-07-28,3,False
HIG,Financials,Insurance - Diversified,BB,BB 中軌向上（上升趨勢）,Consolidation Breakout,0.75,1.0,0.2553,0.2553,0.2496,47,1951,0.0036,145.68,146.2,146.73,144.22,2026-07-29,3,False
HON,Industrials,Conglomerates,BB,BB 中軌向上（上升趨勢）,None,0.0,0.51,0.2552,0.2552,0.2929,192,17460,-0.0004,241.12,241.02,240.93,238.71,2026-07-29,3,False
ENLT,Utilities,Utilities - Renewable,RSI,RSI 上穿 50 中性線,None,0.0,0.4675,0.2521,,0.2521,0,932,0.0052,91.33,91.8,92.28,90.42,2026-07-27,3,False
AGNCL,Real Estate,REIT - Mortgage,RSI,RSI 維持強勢 (50-70),None,0.0,0.51,0.2509,,0.2509,0,7011,0.0007,24.94,24.96,24.97,24.69,2026-07-29,3,False
AGNCM,Real Estate,REIT - Mortgage,RSI,RSI 維持強勢 (50-70),None,0.0,0.51,0.2509,,0.2509,0,7011,0.0007,24.955,24.97,24.99,24.71,2026-07-29,3,False
AGNCN,Real Estate,REIT - Mortgage,RSI,RSI 維持強勢 (50-70),None,0.0,0.51,0.2509,,0.2509,0,7011,0.0007,25.63,25.65,25.67,25.37,2026-07-29,3,False
AGNCO,Real Estate,REIT - Mortgage,RSI,RSI 維持強勢 (50-70),None,0.0,0.51,0.2509,,0.2509,0,7011,0.0007,25.37,25.39,25.41,25.12,2026-07-29,3,False
AMH,Real Estate,REIT - Residential,RSI,RSI 維持強勢 (50-70),None,0.0,0.51,0.2509,,0.2509,0,7011,0.0007,33.71,33.73,33.76,33.37,2026-07-29,3,False
BPYPN,Real Estate,Real Estate Services,RSI,RSI 維持強勢 (50-70),None,0.0,0.51,0.2509,,0.2509,0,7011,0.0007,13.89,13.9,13.91,13.75,2026-07-28,3,False
GLPI,Real Estate,REIT - Specialty,RSI,RSI 維持強勢 (50-70),None,0.0,0.51,0.2509,,0.2509,0,7011,0.0007,46.01,46.04,46.07,45.55,2026-07-29,3,False
BJ,Consumer Staples,Discount Stores,KDJ,KDJ 金叉,None,0.0,0.5525,0.2503,,0.2503,0,779,-0.0014,94.72,94.59,94.45,93.77,2026-07-27,3,False
PCG,Utilities,Utilities - Regulated Electric,BB,BB 中軌向上（上升趨勢）,None,0.0,0.51,0.25,0.25,0.249,168,7232,0.001,17.71,17.73,17.75,17.53,2026-07-29,3,False
MCO,Financials,Financial Data & Stock Exchanges,RSI,RSI 上穿 50 中性線,None,0.0,0.4675,0.25,0.25,0.3091,24,1899,-0.0019,485.96,485.04,484.11,481.1,2026-07-27,3,False
FTS,Utilities,Utilities - Regulated Electric,BB,BB 中軌向上（上升趨勢）,None,0.0,0.51,0.249,,0.249,0,7232,0.0028,58.31,58.47,58.64,57.73,2026-07-27,3,False
EOG,Energy,Oil & Gas E&P,BB,價格在 BB 中軌上方,None,0.0,0.425,0.2479,0.2479,0.2998,234,5768,-0.0091,145.94,144.61,143.28,144.48,2026-07-29,3,False
OKE,Energy,Oil & Gas Midstream,BB,BB 中軌向上（上升趨勢）,None,0.0,0.51,0.2477,0.2477,0.2962,214,4484,-0.0066,90.0,89.41,88.81,89.1,2026-07-29,3,False
PFGC,Consumer Staples,Food Distribution,BB,BB 中軌向上（上升趨勢）,None,0.0,0.51,0.2466,,0.2466,0,6128,-0.0003,116.65,116.62,116.58,115.48,2026-07-29,3,False
COKE,Consumer Staples,Beverages - Non-Alcoholic,RSI,RSI 動能加速（強勢區）,None,0.0,0.51,0.2456,,0.2456,0,1148,-0.0018,195.0,194.65,194.3,193.05,2026-07-28,3,False
USFD,Consumer Staples,Food Distribution,RSI,RSI 動能加速（強勢區）,None,0.0,0.51,0.2456,,0.2456,0,1148,-0.0018,101.47,101.29,101.1,100.46,2026-07-28,3,False
ABEV,Consumer Staples,Beverages - Brewers,RSI,RSI 維持強勢 (50-70),None,0.0,0.51,0.2452,,0.2452,0,7574,-0.0002,3.1,3.1,3.1,3.07,2026-07-29,3,False
D,Utilities,Utilities - Regulated Electric,BB,BB 中軌向上（上升趨勢）,None,0.0,0.51,0.2449,0.2449,0.249,196,7232,0.0034,70.55,70.79,71.03,69.84,2026-07-29,3,False
AMT,Real Estate,REIT - Specialty,RSI,RSI 維持強勢 (50-70),None,0.0,0.51,0.2419,0.2419,0.2509,186,7011,-0.0,179.26,179.26,179.26,177.47,2026-07-29,3,False
ACN,Information Technology,Information Technology Services,RSI,RSI 加速上升,None,0.0,0.5525,0.24,0.24,0.3693,150,10688,-0.0042,173.17,172.44,171.72,171.44,2026-07-29,3,False
CNP,Utilities,Utilities - Regulated Electric,RSI,RSI 維持強勢 (50-70),None,0.0,0.51,0.2388,0.2388,0.2471,289,8831,0.0036,44.1,44.26,44.42,43.66,2026-07-28,3,False
OXY,Energy,Oil & Gas E&P,BB,價格在 BB 中軌上方,None,0.0,0.425,0.2367,0.2367,0.2998,207,5768,-0.0109,56.03,55.42,54.81,55.47,2026-07-29,3,False
BN,Financials,Asset Management,KDJ,KDJ 金叉,Bullish Engulfing,0.75,1.0,0.2361,,0.2361,0,72,-0.0075,42.37,42.05,41.73,41.95,2026-07-28,3,False
ABT,Health Care,Medical Devices,BB,價格在 BB 中軌上方,None,0.0,0.425,0.2353,0.2353,0.2804,221,14417,-0.0011,108.0,107.88,107.76,106.92,2026-07-29,3,False
DUK,Utilities,Utilities - Regulated Electric,RSI,RSI 維持強勢 (50-70),None,0.0,0.51,0.2345,0.2345,0.2471,290,8831,0.0013,129.08,129.25,129.42,127.79,2026-07-29,3,False
BIDU,Communication Services,Internet Content & Information,KDJ,KDJ 超賣區金叉,None,0.0,0.5599999999999999,0.2339,,0.2339,0,171,-0.0015,105.27,105.11,104.95,104.22,2026-07-29,3,False
GOOG,Communication Services,Internet Content & Information,KDJ,KDJ 超賣區金叉,None,0.0,0.5599999999999999,0.2339,,0.2339,0,171,-0.0015,332.6,332.1,331.6,329.27,2026-07-28,3,False
SO,Utilities,Utilities - Regulated Electric,RSI,RSI 維持強勢 (50-70),None,0.0,0.51,0.2335,0.2335,0.2471,257,8831,0.0035,96.05,96.39,96.72,95.09,2026-07-29,3,False
WM,Industrials,Waste Management,RSI,RSI 維持強勢 (50-70),None,0.0,0.51,0.2321,0.2321,0.2986,224,19157,0.0008,239.41,239.6,239.79,237.02,2026-07-28,3,False
NDSN,Industrials,Specialty Industrial Machinery,RSI,RSI 加速上升,None,0.0,0.5525,0.2313,0.2313,0.2981,134,11545,0.0014,302.65,303.07,303.5,299.62,2026-07-28,3,False
CTVA,Materials,Agricultural Inputs,BB,價格在 BB 中軌上方,None,0.0,0.425,0.2311,0.2311,0.2859,238,6697,-0.0041,90.51,90.14,89.77,89.6,2026-07-29,3,False
GLW,Information Technology,Electronic Components,KDJ,KDJ 超賣區金叉,None,0.0,0.5599999999999999,0.2308,,0.2308,0,26,-0.0426,126.01,120.64,115.27,124.75,2026-07-28,3,True
ROP,Information Technology,Software - Application,RSI,RSI 加速上升,None,0.0,0.5525,0.2297,0.2297,0.3693,148,10688,-0.0037,408.07,406.56,405.05,403.99,2026-07-29,3,False
TRV,Financials,Insurance - Property & Casualty,RSI,RSI 加速上升,None,0.0,0.5525,0.2297,0.2297,0.3014,148,11488,0.0016,397.22,397.86,398.49,393.25,2026-07-28,3,False
HBAN,Financials,Banks - Regional,BB,BB 跌破下軌 (超賣),None,0.0,0.45499999999999996,0.2273,0.2273,0.3485,22,1277,-0.0082,16.84,16.7,16.56,16.67,2026-07-29,3,False
TJX,Consumer Discretionary,Apparel Retail,RSI,RSI 維持強勢 (50-70),None,0.0,0.51,0.2269,0.2269,0.2995,335,10441,0.0027,161.63,162.07,162.5,160.01,2026-07-29,3,False
CTAS,Industrials,Specialty Business Services,RSI,RSI 加速上升,None,0.0,0.5525,0.2252,0.2252,0.2981,151,11545,0.0035,216.53,217.29,218.05,214.36,2026-07-29,3,False
GPC,Consumer Discretionary,Auto Parts,RSI,RSI 動能加速（強勢區）,None,0.0,0.51,0.2188,0.2188,0.3027,32,1665,-0.0114,127.7,126.24,124.79,126.42,2026-07-27,3,False
CB,Financials,Insurance - Property & Casualty,RSI,RSI 加速上升,None,0.0,0.5525,0.2183,0.2183,0.3014,142,11488,0.004,361.9,363.35,364.8,358.28,2026-07-29,3,False
AFL,Financials,Insurance - Life,BB,價格在 BB 中軌上方,None,0.0,0.425,0.2149,0.2149,0.2847,363,21689,0.0016,128.67,128.88,129.08,127.38,2026-07-29,3,False
AME,Industrials,Specialty Industrial Machinery,BB,價格在 BB 中軌上方,None,0.0,0.425,0.2138,0.2138,0.295,318,22337,0.0033,235.25,236.03,236.8,232.9,2026-07-29,3,False
VICI,Real Estate,REIT - Diversified,RSI,RSI 維持強勢 (50-70),None,0.0,0.51,0.2126,0.2126,0.2509,207,7011,0.0012,27.13,27.16,27.2,26.86,2026-07-29,3,False
LYB,Materials,Specialty Chemicals,RSI,RSI 上穿 50 中性線,None,0.0,0.4675,0.2121,0.2121,0.3294,33,595,0.0009,60.49,60.54,60.6,59.89,2026-07-29,3,False
L,Financials,Insurance - Property & Casualty,RSI,RSI 加速上升,None,0.0,0.5525,0.2105,0.2105,0.3014,152,11488,0.0029,119.4,119.75,120.09,118.21,2026-07-28,3,False
TAP,Consumer Staples,Beverages - Brewers,RSI,RSI 動能加速（強勢區）,None,0.0,0.51,0.2105,0.2105,0.2456,19,1148,-0.0131,42.51,41.95,41.4,42.08,2026-07-28,3,False
WRB,Financials,Insurance - Property & Casualty,RSI,RSI 維持強勢 (50-70),None,0.0,0.51,0.2083,0.2083,0.2842,288,19108,0.0013,75.65,75.75,75.85,74.89,2026-07-29,3,False
ALL,Financials,Insurance - Property & Casualty,RSI,RSI 維持強勢 (50-70),None,0.0,0.51,0.208,0.208,0.2842,226,19108,-0.0006,274.39,274.23,274.06,271.65,2026-07-29,3,False
RSG,Industrials,Waste Management,RSI,RSI 維持強勢 (50-70),None,0.0,0.51,0.2077,0.2077,0.2986,260,19157,0.0022,218.91,219.39,219.87,216.72,2026-07-29,3,False
AON,Financials,Insurance Brokers,KDJ,KDJ 金叉,None,0.0,0.5525,0.2069,0.2069,0.3142,29,1932,0.003,381.26,382.4,383.55,377.45,2026-07-28,3,False
MCD,Consumer Discretionary,Restaurants,KDJ,KDJ 金叉,None,0.0,0.5525,0.2069,0.2069,0.3183,29,1244,-0.0017,270.67,270.21,269.75,267.96,2026-07-27,3,False
AEE,Utilities,Utilities - Regulated Electric,RSI,RSI 維持強勢 (50-70),None,0.0,0.51,0.2058,0.2058,0.2471,311,8831,-0.0002,109.97,109.95,109.93,108.87,2026-07-29,3,False
O,Real Estate,REIT - Retail,RSI,RSI 維持強勢 (50-70),None,0.0,0.51,0.2041,0.2041,0.2509,245,7011,0.0004,65.54,65.57,65.59,64.88,2026-07-29,3,False
WEC,Utilities,Utilities - Regulated Electric,RSI,RSI 加速上升,None,0.0,0.5525,0.2028,0.2028,0.2565,143,4905,0.0032,113.61,113.97,114.34,112.47,2026-07-28,3,False
MRK,Health Care,Drug Manufacturers - General,RSI,RSI 維持強勢 (50-70),None,0.0,0.51,0.2017,0.2017,0.2772,233,12123,-0.0043,130.36,129.8,129.24,129.06,2026-07-29,3,False
ATO,Utilities,Utilities - Regulated Gas,KDJ,KDJ 金叉,None,0.0,0.5525,0.2,0.2,0.3001,20,713,0.0011,179.38,179.58,179.77,177.59,2026-07-28,3,False
STZ,Consumer Staples,Beverages - Brewers,MACD,MACD 金叉 (空頭區),None,0.0,0.42,0.2,0.2,0.241,15,473,-0.0028,132.02,131.65,131.28,130.7,2026-07-28,3,False
NVR,Consumer Discretionary,Residential Construction,RSI,RSI 維持強勢 (50-70),None,0.0,0.51,0.198,0.198,0.2995,202,10441,-0.0034,6471.3701,6449.37,6427.36,6406.66,2026-07-28,3,False
PEG,Utilities,Utilities - Regulated Electric,RSI,RSI 加速上升,None,0.0,0.5525,0.1974,0.1974,0.2565,152,4905,-0.0026,78.95,78.74,78.54,78.16,2026-07-28,3,False
CMS,Utilities,Utilities - Regulated Electric,RSI,RSI 加速上升,None,0.0,0.5525,0.1955,0.1955,0.2565,133,4905,0.0025,74.37,74.56,74.74,73.63,2026-07-28,3,False
ED,Utilities,Utilities - Regulated Electric,BB,價格在 BB 中軌上方,None,0.0,0.425,0.1933,0.1933,0.246,269,9864,0.0014,112.25,112.41,112.56,111.13,2026-07-29,3,False
UDR,Real Estate,REIT - Residential,KDJ,KDJ 金叉,None,0.0,0.5525,0.1818,0.1818,0.2818,11,550,-0.0049,39.72,39.53,39.33,39.32,2026-07-29,3,False
KEYS,Information Technology,Scientific & Technical Instruments,BB,BB 跌破下軌 (超賣),None,0.0,0.45499999999999996,0.1818,0.1818,0.3447,11,1001,-0.0105,296.72,293.6,290.49,293.75,2026-07-29,3,False
YUM,Consumer Discretionary,Restaurants,BB,價格在 BB 中軌上方,None,0.0,0.425,0.1789,0.1789,0.2984,218,12430,-0.0015,151.92,151.69,151.46,150.4,2026-07-29,3,False
LIN,Materials,Specialty Chemicals,RSI,RSI 加速上升,None,0.0,0.5525,0.1748,0.1748,0.3048,143,3639,0.0005,511.18,511.44,511.69,506.07,2026-07-28,3,False
INVH,Real Estate,REIT - Residential,RSI,RSI 維持強勢 (50-70),None,0.0,0.51,0.1699,0.1699,0.2509,206,7011,-0.0046,30.11,29.97,29.83,29.81,2026-07-29,3,False
FSLR,Information Technology,Solar,KDJ,KDJ 超賣區金叉,None,0.0,0.5599999999999999,0.0,0.0,0.3016,5,368,-0.029,205.83,199.86,193.89,203.77,2026-07-27,3,False
