symbol,sector,subsector,indicator,signal,pattern,pattern_conf,confidence,win_rate,win_rate_stock,win_rate_sector,stock_n,sector_n,avg_return,price,tp1_price,tp2_price,sl_price,date,tier,volume_confirmed
GE,Industrials,Aerospace & Defense,RSI,RSI 維持強勢 (50-70),Morning Star,0.8,1.0,0.7857,0.7857,0.4725,14,436,0.0466,360.35,377.14,393.93,356.75,2026-07-15,1,False
CRWD,Information Technology,Software - Infrastructure,BB,BB 中軌向上（上升趨勢）,Morning Star,0.8,1.0,0.7692,0.7692,0.4841,13,471,0.0761,187.91,202.21,216.51,186.03,2026-07-13,1,False
GS,Financials,Capital Markets,RSI,RSI 維持強勢 (50-70),Consolidation Breakout,0.73,1.0,0.7,0.7,0.2725,20,1479,0.0309,1152.0699,1187.67,1223.27,1140.55,2026-07-15,1,False
QXO,Industrials,Industrial Distribution,BB,BB 跌破下軌 (超賣),Morning Star,0.8,1.0,0.6071,,0.6071,0,56,0.0266,13.89,14.26,14.63,13.75,2026-07-13,1,False
TDG,Industrials,Aerospace & Defense,BB,BB 跌破下軌 (超賣),Bullish Engulfing,0.75,1.0,0.5682,,0.5682,0,44,0.0295,1215.34,1251.19,1287.05,1203.19,2026-07-14,1,False
CLX,Consumer Staples,Household & Personal Products,RSI,RSI 上穿 50 中性線,Morning Star,0.8,0.9900000000000001,0.5625,,0.5625,0,32,0.0236,96.95,99.24,101.53,95.98,2026-07-15,1,False
MICC,Consumer Staples,Packaged Foods,BB,BB 中軌向上（上升趨勢）,Morning Star,0.8,1.0,0.5505,,0.5505,0,109,0.0238,18.68,19.12,19.57,18.49,2026-07-15,1,False
GOOGL,Communication Services,Internet Content & Information,BB,價格在 BB 中軌上方,Bullish Engulfing,0.75,0.9075,0.6,0.6,0.3559,10,118,0.0289,359.51,369.9,380.29,355.91,2026-07-14,2,False
WFC,Financials,Banks - Diversified,BB,BB 中軌向上（上升趨勢）,None,0.0,0.51,0.5,0.5,0.3103,6,754,0.0066,85.29,85.85,86.42,84.44,2026-07-14,2,True
BEPC,Utilities,Utilities - Renewable,BB,BB 跌破下軌 (超賣),Support,0.8,1.0,1.0,,1.0,0,5,0.0506,34.18,35.91,37.64,33.84,2026-07-13,3,False
LITE,Information Technology,Communication Equipment,MACD,MACD 金叉 (空頭區),None,0.0,0.42,1.0,1.0,0.3767,5,754,0.0628,814.8,865.97,917.14,806.65,2026-07-14,3,False
CCJ,Energy,Uranium,BB,BB 跌破下軌 (超賣),Support,0.7,1.0,0.8889,,,0,0,0.0795,90.2,97.37,104.54,89.3,2026-07-13,3,True
HBANM,Financials,Banks - Regional,KDJ,KDJ 金叉,Support,0.7,1.0,0.8,,,0,0,0.0149,20.69,21.0,21.31,20.48,2026-07-13,3,False
NXT,Information Technology,Solar,BB,BB 跌破下軌 (超賣),Support,0.9,1.0,0.8,,0.8,0,5,0.0521,99.67,104.86,110.06,98.67,2026-07-13,3,False
JPM,Financials,Banks - Diversified,MACD,MACD 金叉 (多頭區),None,0.0,0.68,0.8,0.8,0.2747,5,517,0.0127,346.91,351.32,355.72,343.44,2026-07-15,3,False
KKR,Financials,Asset Management,MACD,MACD 突破 0 軸,None,0.0,0.595,0.7143,0.7143,0.3301,7,618,0.0527,96.91,102.02,107.12,95.94,2026-07-13,3,False
CVNA,Consumer Discretionary,Auto & Truck Dealerships,MACD,MACD 突破 0 軸,None,0.0,0.595,0.6667,0.6667,0.3351,9,376,0.1083,70.59,78.23,85.88,69.88,2026-07-15,3,False
Q,Information Technology,Semiconductor Equipment & Materials,KDJ,KDJ 金叉,None,0.0,0.5525,0.6667,0.6667,0.3918,12,1955,0.0383,140.23,145.6,150.97,138.83,2026-07-15,3,False
TT,Industrials,Building Products & Equipment,KDJ,KDJ 金叉,None,0.0,0.5525,0.6667,0.6667,0.3223,15,2110,0.0317,479.9,495.11,510.33,475.1,2026-07-13,3,False
MU,Information Technology,Semiconductors,KDJ,KDJ 金叉,None,0.0,0.5525,0.6552,0.6552,0.3918,29,1955,0.0307,983.12,1013.3,1043.48,973.29,2026-07-14,3,False
GOOG,Communication Services,Internet Content & Information,RSI,RSI 上穿 50 中性線,None,0.0,0.4675,0.6429,0.6429,0.3243,14,518,0.0133,370.21,375.13,380.06,366.51,2026-07-15,3,False
SNDK,Information Technology,Computer Hardware,BB,BB 中軌向上（上升趨勢）,None,0.0,0.51,0.6359,0.6359,0.3639,195,16781,0.0788,1673.97,1805.88,1937.79,1657.23,2026-07-13,3,False
AMZN,Consumer Discretionary,Internet Retail,MACD,MACD 突破 0 軸,None,0.0,0.595,0.625,0.625,0.3351,8,376,0.0424,254.96,265.77,276.58,252.41,2026-07-15,3,False
C,Financials,Banks - Diversified,BB,BB 跌破下軌 (超賣),None,0.0,0.45499999999999996,0.6,0.6,0.4057,5,424,0.0247,133.27,136.56,139.85,131.94,2026-07-14,3,True
NUE,Materials,Steel,MACD,MACD 金叉 (空頭區),None,0.0,0.42,0.6,0.6,0.3816,10,304,0.0304,236.87,244.07,251.27,234.5,2026-07-15,3,False
PNC,Financials,Banks - Regional,KDJ,KDJ 金叉,None,0.0,0.5525,0.5882,0.5882,0.3142,17,1932,0.0121,254.15,257.23,260.3,251.61,2026-07-15,3,False
ORCL,Information Technology,Software - Infrastructure,RSI,RSI 維持超賣,None,0.0,0.385,0.5714,0.5714,0.3605,7,663,0.0263,127.94,131.3,134.67,126.66,2026-07-14,3,False
PANW,Information Technology,Software - Infrastructure,KDJ,KDJ 金叉,None,0.0,0.5525,0.56,0.56,0.3918,25,1955,0.0213,354.02,361.56,369.1,350.48,2026-07-15,3,False
NEE,Utilities,Utilities - Regulated Electric,MACD,MACD 突破 0 軸,None,0.0,0.595,0.5556,0.5556,0.2226,9,310,0.0109,88.38,89.34,90.31,87.5,2026-07-13,3,False
DDOG,Information Technology,Software - Application,KDJ,KDJ 金叉,None,0.0,0.5525,0.5556,0.5556,0.3918,27,1955,0.0258,270.73,277.71,284.7,268.02,2026-07-14,3,False
NEM,Materials,Gold,KDJ,KDJ 金叉,None,0.0,0.5525,0.5556,0.5556,0.314,36,637,0.0215,94.75,96.79,98.82,93.8,2026-07-14,3,False
SOLV,Health Care,Medical Instruments & Supplies,RSI,RSI 上穿 50 中性線,None,0.0,0.4675,0.5556,0.5556,0.3144,9,1323,0.0196,78.37,79.91,81.44,77.59,2026-07-15,3,False
NI,Utilities,Utilities - Regulated Gas,BB,BB 跌破下軌 (超賣),None,0.0,0.45499999999999996,0.5556,0.5556,0.4104,9,441,0.0086,45.71,46.1,46.5,45.25,2026-07-15,3,False
J,Industrials,Engineering & Construction,RSI,RSI 維持強勢 (50-70),Morning Star,0.8,1.0,0.5455,0.5455,0.4725,11,436,0.0164,129.26,131.38,133.5,127.97,2026-07-14,3,False
PS,Financials,Asset Management,MACD,MACD 突破 0 軸,Morning Star,0.8,1.0,0.5455,,,0,0,0.0313,35.37,36.48,37.58,35.02,2026-07-14,3,False
ARE,Real Estate,REIT - Office,MACD,MACD 金叉 (空頭區),None,0.0,0.42,0.5455,0.5455,0.2026,11,380,0.0228,47.5,48.58,49.67,47.02,2026-07-14,3,False
VRT,Industrials,Electrical Equipment & Parts,BB,BB 中軌向上（上升趨勢）,None,0.0,0.51,0.5435,0.5435,0.2929,414,17460,0.0239,304.57,311.85,319.13,301.52,2026-07-15,3,False
WDC,Information Technology,Computer Hardware,BB,BB 中軌向上（上升趨勢）,None,0.0,0.51,0.5373,0.5373,0.3639,402,16781,0.0327,563.32,581.74,600.16,557.69,2026-07-14,3,False
STX,Information Technology,Computer Hardware,RSI,RSI 加速上升,None,0.0,0.5525,0.5298,0.5298,0.3693,168,10688,0.0293,878.31,904.04,929.78,869.53,2026-07-14,3,False
AYI,Industrials,Electrical Equipment & Parts,BB,BB 中軌向上（上升趨勢）,Morning Star,0.8,1.0,0.5233,,0.5233,0,407,0.0228,334.52,342.15,349.77,331.17,2026-07-15,3,False
CRS,Industrials,Metal Fabrication,BB,BB 中軌向上（上升趨勢）,Morning Star,0.8,1.0,0.5233,,0.5233,0,407,0.0228,577.1,590.26,603.42,571.33,2026-07-15,3,False
HEI,Industrials,Aerospace & Defense,BB,BB 中軌向上（上升趨勢）,Morning Star,0.8,1.0,0.5233,,0.5233,0,407,0.0228,351.59,359.61,367.62,348.07,2026-07-15,3,False
FCX,Materials,Copper,RSI,RSI 加速上升,None,0.0,0.5525,0.5217,0.5217,0.3048,138,3639,0.0144,60.97,61.85,62.73,60.36,2026-07-15,3,False
BA,Industrials,Aerospace & Defense,BB,BB 中軌向上（上升趨勢）,None,0.0,0.51,0.52,0.52,0.2929,150,17460,0.0116,217.11,219.63,222.15,214.94,2026-07-14,3,False
HOOD,Financials,Capital Markets,BB,BB 中軌向上（上升趨勢）,None,0.0,0.51,0.5123,0.5123,0.2681,324,16575,0.0235,115.54,118.26,120.97,114.38,2026-07-15,3,False
CEG,Utilities,Utilities - Independent Power Producers,RSI,RSI 加速上升,None,0.0,0.5525,0.5093,0.5093,0.2565,161,4905,0.0227,258.115,263.97,269.83,255.53,2026-07-15,3,False
DELL,Information Technology,Computer Hardware,RSI,RSI 動能加速（強勢區）,None,0.0,0.51,0.5079,0.5079,0.366,63,2885,0.0326,457.54,472.46,487.37,452.96,2026-07-14,3,False
GEV,Industrials,Specialty Industrial Machinery,BB,BB 中軌向上（上升趨勢）,None,0.0,0.51,0.5036,0.5036,0.2929,276,17460,0.0236,1055.28,1080.18,1105.09,1044.73,2026-07-15,3,False
STT,Financials,Asset Management,BB,BB 中軌向上（上升趨勢）,Consolidation Breakout,0.85,1.0,0.5,0.5,0.2496,18,1951,0.0089,186.59,188.25,189.91,184.72,2026-07-15,3,False
HPQ,Information Technology,Computer Hardware,MACD,MACD 突破 0 軸,None,0.0,0.595,0.5,0.5,0.4064,12,529,0.0085,24.77,24.98,25.19,24.52,2026-07-13,3,False
CIEN,Information Technology,Communication Equipment,RSI,RSI 加速上升,None,0.0,0.5525,0.5,0.5,0.3693,162,10688,0.026,446.93,458.55,470.17,442.46,2026-07-14,3,False
MGM,Consumer Discretionary,Resorts & Casinos,KDJ,KDJ 金叉,None,0.0,0.5525,0.5,0.5,0.3183,18,1244,0.0272,47.24,48.52,49.81,46.77,2026-07-13,3,False
SYF,Financials,Credit Services,KDJ,KDJ 金叉,None,0.0,0.5525,0.5,0.5,0.3142,30,1932,0.0135,73.21,74.2,75.19,72.48,2026-07-13,3,False
COIN,Financials,Financial Data & Stock Exchanges,RSI,RSI 上穿 50 中性線,None,0.0,0.4675,0.5,0.5,0.3091,34,1899,0.0317,167.21,172.51,177.81,165.54,2026-07-15,3,False
PLD,Real Estate,REIT - Industrial,RSI,RSI 上穿 50 中性線,None,0.0,0.4675,0.5,0.5,0.2311,18,818,0.0177,142.16,144.68,147.19,140.74,2026-07-13,3,False
F,Consumer Discretionary,Auto Manufacturers,MACD,MACD 金叉 (空頭區),None,0.0,0.42,0.5,0.5,0.3233,12,529,0.0235,14.18,14.51,14.85,14.04,2026-07-15,3,False
BNTX,Health Care,Biotechnology,BB,BB 中軌向上（上升趨勢）,Morning Star,0.8,1.0,0.4901,,0.4901,0,253,0.0226,91.99,94.07,96.15,91.07,2026-07-15,3,False
TPL,Energy,Oil & Gas E&P,RSI,RSI 動能加速（強勢區）,None,0.0,0.51,0.4848,0.4848,0.3265,33,873,0.0039,408.92,410.51,412.11,404.83,2026-07-13,3,False
CHKP,Information Technology,Software - Infrastructure,BB,BB 中軌向上（上升趨勢）,Morning Star,0.8,1.0,0.4841,,0.4841,0,471,0.0267,137.02,140.68,144.34,135.65,2026-07-14,3,False
GEN,Information Technology,Software - Infrastructure,BB,BB 中軌向上（上升趨勢）,Morning Star,0.8,1.0,0.4841,,0.4841,0,471,0.0267,26.57,27.28,27.99,26.3,2026-07-14,3,False
FANG,Energy,Oil & Gas E&P,RSI,RSI 上穿 50 中性線,None,0.0,0.4675,0.4828,0.4828,0.361,29,579,0.0161,191.6,194.68,197.77,189.68,2026-07-13,3,False
AMD,Information Technology,Semiconductors,RSI,RSI 維持強勢 (50-70),None,0.0,0.51,0.4798,0.4798,0.3645,198,16764,0.0209,529.14,540.2,551.26,523.85,2026-07-15,3,False
NCLH,Consumer Discretionary,Travel Services,KDJ,KDJ 金叉,None,0.0,0.5525,0.4783,0.4783,0.3183,23,1244,0.0146,19.63,19.92,20.2,19.43,2026-07-13,3,False
VST,Utilities,Utilities - Independent Power Producers,RSI,RSI 加速上升,None,0.0,0.5525,0.4759,0.4759,0.2565,166,4905,0.019,160.23,163.27,166.32,158.63,2026-07-15,3,False
CARR,Industrials,Building Products & Equipment,KDJ,KDJ 金叉,None,0.0,0.5525,0.4737,0.4737,0.3223,19,2110,-0.0008,68.61,68.56,68.5,67.92,2026-07-13,3,False
META,Communication Services,Internet Content & Information,RSI,RSI 加速上升,None,0.0,0.5525,0.471,0.471,0.3116,155,3322,0.0106,681.31,688.53,695.75,674.5,2026-07-15,3,False
TPR,Consumer Discretionary,Luxury Goods,KDJ,KDJ 金叉,None,0.0,0.5525,0.4688,0.4688,0.3183,32,1244,0.0163,140.26,142.55,144.83,138.86,2026-07-15,3,False
BXP,Real Estate,REIT - Office,RSI,RSI 維持強勢 (50-70),Morning Star,0.8,1.0,0.4677,,0.4677,0,124,0.0167,67.72,68.85,69.98,67.04,2026-07-14,3,False
PSA,Real Estate,REIT - Industrial,RSI,RSI 維持強勢 (50-70),Morning Star,0.8,1.0,0.4677,,0.4677,0,124,0.0167,321.86,327.24,332.61,318.64,2026-07-13,3,False
NVDA,Information Technology,Semiconductors,RSI,RSI 上穿 50 中性線,None,0.0,0.4675,0.4667,0.4667,0.3785,30,1593,0.0008,211.8,211.97,212.14,209.68,2026-07-14,3,False
PLTR,Information Technology,Software - Infrastructure,RSI,RSI 維持強勢 (50-70),None,0.0,0.51,0.4644,0.4644,0.3645,295,16764,0.0159,133.76,135.89,138.01,132.42,2026-07-15,3,False
HWM,Industrials,Aerospace & Defense,RSI,RSI 加速上升,None,0.0,0.5525,0.4636,0.4636,0.2981,151,11545,0.0234,279.24,285.77,292.31,276.45,2026-07-15,3,False
NXPI,Information Technology,Semiconductors,RSI,RSI 加速上升,None,0.0,0.5525,0.4622,0.4622,0.3693,119,10688,0.0209,283.87,289.8,295.74,281.03,2026-07-14,3,False
BX,Financials,Asset Management,RSI,RSI 動能加速（強勢區）,None,0.0,0.51,0.4615,0.4615,0.279,39,3129,0.0044,127.05,127.61,128.17,125.78,2026-07-15,3,False
W,Consumer Discretionary,Internet Retail,BB,BB 中軌向上（上升趨勢）,Morning Star,0.8,1.0,0.4599,,0.4599,0,237,0.0144,91.67,92.99,94.31,90.75,2026-07-15,3,False
WSM,Consumer Discretionary,Specialty Retail,RSI,RSI 上穿 50 中性線,None,0.0,0.4675,0.4583,0.4583,0.3072,24,1123,0.0088,220.34,222.28,224.22,218.14,2026-07-14,3,False
KMI,Energy,Oil & Gas Midstream,RSI,RSI 動能加速（強勢區）,Bullish Engulfing,0.75,1.0,0.4545,,0.4545,0,11,0.0222,32.54,33.26,33.98,32.21,2026-07-14,3,False
AWK,Utilities,Utilities - Regulated Water,MACD,MACD 突破 0 軸,None,0.0,0.595,0.4545,0.4545,0.2226,11,310,0.01,131.53,132.85,134.16,130.21,2026-07-13,3,False
DPZ,Consumer Discretionary,Restaurants,RSI,RSI 上穿 50 中性線,None,0.0,0.4675,0.4545,0.4545,0.3072,11,1123,0.0179,309.85,315.4,320.94,306.75,2026-07-13,3,False
RL,Consumer Discretionary,Apparel Manufacturing,BB,BB 跌破下軌 (超賣),None,0.0,0.45499999999999996,0.4545,0.4545,0.2974,11,733,0.0114,368.97,373.18,377.38,365.28,2026-07-14,3,False
DVN,Energy,Oil & Gas E&P,RSI,RSI 上穿 50 中性線,None,0.0,0.4675,0.45,0.45,0.361,20,579,0.0014,43.73,43.79,43.85,43.29,2026-07-13,3,False
NOW,Information Technology,Software - Application,RSI,RSI 動能加速（強勢區）,None,0.0,0.51,0.4483,0.4483,0.366,29,2885,0.0072,111.26,112.06,112.86,110.15,2026-07-13,3,False
TIMB,Communication Services,Telecom Services,RSI,RSI 加速上升,None,0.0,0.5525,0.4481,,0.4481,0,241,0.0027,22.72,22.78,22.84,22.49,2026-07-14,3,True
ERIC,Information Technology,Communication Equipment,BB,BB 跌破下軌 (超賣),None,0.0,0.45499999999999996,0.4474,,0.4474,0,456,0.012,10.14,10.26,10.38,10.04,2026-07-14,3,True
IBM,Information Technology,Information Technology Services,BB,BB 跌破下軌 (超賣),None,0.0,0.45499999999999996,0.4474,,0.4474,0,456,0.012,217.07,219.67,222.28,214.9,2026-07-14,3,True
TSEM,Information Technology,Semiconductors,RSI,RSI 維持強勢 (50-70),None,0.0,0.51,0.4471,,0.4471,0,747,0.0161,255.49,259.6,263.72,252.94,2026-07-14,3,True
IBKR,Financials,Capital Markets,RSI,RSI 加速上升,Consolidation Breakout,0.74,1.0,0.4444,0.4444,0.2555,18,1679,0.008,97.41,98.19,98.97,96.44,2026-07-15,3,False
NTRS,Financials,Asset Management,BB,BB 中軌向上（上升趨勢）,Consolidation Breakout,0.74,1.0,0.4444,0.4444,0.2496,18,1951,0.0211,191.13,195.16,199.2,189.22,2026-07-15,3,False
HTHT,Consumer Discretionary,Lodging,BB,價格在 BB 中軌上方,Morning Star,0.8,0.924,0.4444,,0.4444,0,261,0.0103,42.67,43.11,43.55,42.24,2026-07-15,3,False
AES,Utilities,Utilities - Diversified,MACD,MACD 突破 0 軸,None,0.0,0.595,0.4444,0.4444,0.2226,9,310,0.0254,14.81,15.19,15.56,14.66,2026-07-15,3,False
ODFL,Industrials,Trucking,MACD,MACD 突破 0 軸,None,0.0,0.595,0.4444,0.4444,0.2912,9,570,0.0128,232.9,235.88,238.86,230.57,2026-07-13,3,False
FRT,Real Estate,REIT - Retail,KDJ,KDJ 金叉,None,0.0,0.5525,0.4444,0.4444,0.2818,9,550,0.0188,121.84,124.13,126.42,120.62,2026-07-13,3,False
HBAN,Financials,Banks - Regional,RSI,RSI 加速上升,None,0.0,0.5525,0.4365,0.4365,0.3014,126,11488,0.0137,18.12,18.37,18.62,17.94,2026-07-15,3,False
KLAC,Information Technology,Semiconductor Equipment & Materials,BB,BB 中軌向上（上升趨勢）,None,0.0,0.51,0.4349,0.4349,0.3639,269,16781,0.0102,224.5,226.79,229.08,222.25,2026-07-15,3,False
ANET,Information Technology,Computer Hardware,RSI,RSI 維持強勢 (50-70),None,0.0,0.51,0.434,0.434,0.3645,288,16764,0.009,171.92,173.47,175.01,170.2,2026-07-15,3,False
DECK,Consumer Discretionary,Footwear & Accessories,RSI,RSI 加速上升,None,0.0,0.5525,0.4336,0.4336,0.3117,113,6796,0.0083,106.53,107.41,108.3,105.46,2026-07-15,3,False
LRCX,Information Technology,Semiconductor Equipment & Materials,BB,BB 中軌向上（上升趨勢）,None,0.0,0.51,0.4308,0.4308,0.3639,318,16781,0.0173,329.92,335.63,341.34,326.62,2026-07-13,3,False
RCL,Consumer Discretionary,Travel Services,RSI,RSI 加速上升,None,0.0,0.5525,0.4294,0.4294,0.3117,177,6796,0.0117,292.17,295.59,299.01,289.25,2026-07-15,3,False
CF,Materials,Agricultural Inputs,RSI,RSI 動能加速（強勢區）,None,0.0,0.51,0.4286,0.4286,0.2962,28,942,0.0051,120.92,121.54,122.15,119.71,2026-07-13,3,False
BIIB,Health Care,Drug Manufacturers - General,RSI,RSI 上穿 50 中性線,None,0.0,0.4675,0.4286,,0.4286,0,119,0.0062,209.03,210.33,211.62,206.94,2026-07-13,3,True
MOS,Materials,Agricultural Inputs,MACD,MACD 金叉 (空頭區),None,0.0,0.42,0.4286,0.4286,0.3816,14,304,0.0058,22.31,22.44,22.57,22.09,2026-07-13,3,False
BN,Financials,Asset Management,RSI,RSI 維持強勢 (50-70),Morning Star,0.8,1.0,0.4278,,0.4278,0,367,0.0116,44.47,44.99,45.5,44.03,2026-07-15,3,False
KEY,Financials,Banks - Regional,RSI,RSI 維持強勢 (50-70),Morning Star,0.8,1.0,0.4278,,0.4278,0,367,0.0116,23.53,23.8,24.08,23.29,2026-07-15,3,False
LYG,Financials,Banks - Regional,RSI,RSI 維持強勢 (50-70),Morning Star,0.8,1.0,0.4278,,0.4278,0,367,0.0116,6.06,6.13,6.2,6.0,2026-07-15,3,False
ORI,Financials,Insurance - Property & Casualty,RSI,RSI 維持強勢 (50-70),Morning Star,0.8,1.0,0.4278,,0.4278,0,367,0.0116,42.04,42.53,43.02,41.62,2026-07-13,3,False
TECH,Health Care,Biotechnology,BB,BB 中軌向上（上升趨勢）,None,0.0,0.51,0.4267,0.4267,0.2705,150,10885,0.0009,71.48,71.54,71.61,70.77,2026-07-15,3,False
APH,Information Technology,Electronic Components,BB,BB 中軌向上（上升趨勢）,None,0.0,0.51,0.4261,0.4261,0.3639,291,16781,0.011,157.04,158.77,160.49,155.47,2026-07-15,3,False
TXN,Information Technology,Semiconductors,RSI,RSI 上穿 50 中性線,None,0.0,0.4675,0.4211,0.4211,0.3785,19,1593,0.0225,305.55,312.42,319.3,302.49,2026-07-14,3,False
FSLR,Information Technology,Solar,KDJ,KDJ 金叉,None,0.0,0.5525,0.4186,0.4186,0.3918,43,1955,0.0151,223.82,227.2,230.58,221.58,2026-07-15,3,False
AMAT,Information Technology,Semiconductor Equipment & Materials,RSI,RSI 維持強勢 (50-70),None,0.0,0.51,0.4179,0.4179,0.3645,280,16764,0.0128,579.43,586.85,594.26,573.64,2026-07-15,3,False
FITB,Financials,Banks - Regional,KDJ,KDJ 金叉,None,0.0,0.5525,0.4167,0.4167,0.3142,24,1932,0.0151,57.94,58.81,59.69,57.36,2026-07-15,3,False
LYV,Communication Services,Entertainment,BB,價格在 BB 中軌上方,None,0.0,0.425,0.415,0.415,0.3007,200,6080,0.0035,181.56,182.2,182.83,179.74,2026-07-14,3,False
UL,Consumer Staples,Household & Personal Products,RSI,RSI 維持強勢 (50-70),Bullish Engulfing,0.75,1.0,0.4118,,0.4118,0,136,0.0122,61.45,62.2,62.95,60.84,2026-07-15,3,False
CNC,Health Care,Healthcare Plans,KDJ,KDJ 金叉,None,0.0,0.5525,0.4118,0.4118,0.2852,34,1536,0.0082,68.29,68.85,69.41,67.61,2026-07-13,3,False
BAC,Financials,Banks - Diversified,RSI,RSI 加速上升,None,0.0,0.5525,0.4104,0.4104,0.3014,173,11488,0.0121,61.59,62.34,63.08,60.97,2026-07-15,3,False
BEP,Utilities,Utilities - Renewable,BB,BB 跌破下軌 (超賣),None,0.0,0.45499999999999996,0.4104,,0.4104,0,441,0.0122,31.86,32.25,32.64,31.54,2026-07-13,3,False
APA,Energy,Oil & Gas E&P,BB,價格在 BB 中軌上方,None,0.0,0.425,0.4081,0.4081,0.2998,272,5768,-0.0011,34.27,34.23,34.19,33.93,2026-07-15,3,False
AXP,Financials,Credit Services,KDJ,KDJ 金叉,None,0.0,0.5525,0.4074,0.4074,0.3142,27,1932,0.0071,354.43,356.95,359.46,350.89,2026-07-13,3,False
ASML,Information Technology,Semiconductor Equipment & Materials,MACD,MACD 突破 0 軸,None,0.0,0.595,0.4064,,0.4064,0,529,0.0085,1775.64,1790.73,1805.83,1757.88,2026-07-14,3,False
BR,Information Technology,Information Technology Services,MACD,MACD 突破 0 軸,None,0.0,0.595,0.4064,,0.4064,0,529,0.0085,151.04,152.32,153.61,149.53,2026-07-13,3,False
SSNC,Information Technology,Software - Application,MACD,MACD 突破 0 軸,None,0.0,0.595,0.4064,,0.4064,0,529,0.0085,68.59,69.17,69.76,67.9,2026-07-15,3,False
TEAM,Information Technology,Software - Application,MACD,MACD 突破 0 軸,None,0.0,0.595,0.4064,,0.4064,0,529,0.0085,96.16,96.98,97.79,95.2,2026-07-13,3,False
XYZ,Information Technology,Software - Infrastructure,MACD,MACD 突破 0 軸,None,0.0,0.595,0.4064,,0.4064,0,529,0.0085,78.72,79.39,80.06,77.93,2026-07-13,3,False
STLD,Materials,Steel,RSI,RSI 加速上升,None,0.0,0.5525,0.4059,0.4059,0.3048,101,3639,0.0085,235.56,237.56,239.56,233.2,2026-07-15,3,False
LLY,Health Care,Drug Manufacturers - General,BB,BB 中軌向上（上升趨勢）,None,0.0,0.51,0.4058,0.4058,0.2705,207,10885,0.0078,1156.63,1165.65,1174.67,1145.06,2026-07-15,3,False
AVGO,Information Technology,Semiconductors,BB,BB 中軌向上（上升趨勢）,None,0.0,0.51,0.4056,0.4056,0.3639,323,16781,0.0099,394.28,398.18,402.09,390.34,2026-07-15,3,False
CFG,Financials,Banks - Regional,RSI,RSI 加速上升,None,0.0,0.5525,0.4049,0.4049,0.3014,163,11488,0.0121,71.12,71.98,72.84,70.41,2026-07-15,3,False
IVZ,Financials,Asset Management,RSI,RSI 維持強勢 (50-70),None,0.0,0.51,0.404,0.404,0.2842,198,19108,0.0093,30.3,30.58,30.86,30.0,2026-07-15,3,False
MS,Financials,Capital Markets,RSI,RSI 加速上升,None,0.0,0.5525,0.4025,0.4025,0.3014,159,11488,0.0109,228.55,231.04,233.53,226.26,2026-07-15,3,False
MAS,Industrials,Building Products & Equipment,BB,BB 中軌向上（上升趨勢）,Bullish Engulfing,0.75,1.0,0.4012,,0.4012,0,324,0.0121,77.85,78.79,79.73,77.07,2026-07-14,3,False
EQR,Real Estate,REIT - Residential,RSI,RSI 維持強勢 (50-70),Morning Star,0.8,1.0,0.4,0.4,0.4677,5,124,0.0207,69.72,71.16,72.61,69.02,2026-07-13,3,False
GL,Financials,Insurance - Life,KDJ,KDJ 金叉,Consolidation Breakout,0.76,1.0,0.4,0.4,0.2342,5,222,0.0032,181.51,182.09,182.67,179.69,2026-07-15,3,False
USB,Financials,Banks - Regional,RSI,RSI 維持強勢 (50-70),Morning Star,0.8,1.0,0.4,0.4,0.4278,5,367,0.0059,63.01,63.38,63.75,62.38,2026-07-15,3,False
CAT,Industrials,Farm & Heavy Construction Machinery,BB,BB 中軌向上（上升趨勢）,None,0.0,0.51,0.4,0.4,0.2929,270,17460,0.0148,914.3,927.83,941.36,905.16,2026-07-15,3,False
CVS,Health Care,Healthcare Plans,RSI,RSI 動能加速（強勢區）,None,0.0,0.51,0.4,0.4,0.2606,30,1869,0.0049,105.9,106.42,106.94,104.84,2026-07-13,3,False
HCA,Health Care,Medical Care Facilities,BB,BB 中軌向上（上升趨勢）,None,0.0,0.51,0.4,0.4,0.3402,20,579,0.0187,363.6,370.4,377.2,359.96,2026-07-14,3,True
MPC,Energy,Oil & Gas Refining & Marketing,RSI,RSI 動能加速（強勢區）,None,0.0,0.51,0.4,0.4,0.3265,40,873,0.0074,296.88,299.08,301.27,293.91,2026-07-13,3,False
MSFT,Information Technology,Software - Infrastructure,RSI,RSI 上穿 50 中性線,None,0.0,0.4675,0.4,0.4,0.3785,20,1593,0.0133,395.63,400.89,406.15,391.67,2026-07-15,3,False
ISRG,Health Care,Medical Instruments & Supplies,BB,BB 跌破下軌 (超賣),None,0.0,0.45499999999999996,0.4,0.4,0.3173,10,375,0.0039,379.5,380.98,382.46,375.7,2026-07-14,3,True
HUM,Health Care,Healthcare Plans,BB,價格在 BB 中軌上方,None,0.0,0.425,0.4,0.4,0.2804,275,14417,0.0092,407.78,411.53,415.28,403.7,2026-07-15,3,False
GLW,Information Technology,Electronic Components,BB,BB 中軌向上（上升趨勢）,None,0.0,0.51,0.3994,0.3994,0.3639,328,16781,0.0159,174.41,177.18,179.96,172.67,2026-07-15,3,False
COF,Financials,Credit Services,RSI,RSI 加速上升,None,0.0,0.5525,0.3968,0.3968,0.3014,126,11488,0.0071,208.89,210.37,211.86,206.8,2026-07-15,3,False
ELS,Real Estate,REIT - Residential,BB,BB 中軌向上（上升趨勢）,Bullish Engulfing,0.75,1.0,0.3942,,0.3942,0,104,0.012,64.98,65.76,66.54,64.33,2026-07-13,3,False
YUM,Consumer Discretionary,Restaurants,BB,BB 中軌向上（上升趨勢）,None,0.0,0.51,0.3934,,0.3934,0,427,0.0097,158.18,159.71,161.25,156.6,2026-07-14,3,True
DXCM,Health Care,Medical Devices,BB,價格在 BB 中軌上方,None,0.0,0.425,0.3924,0.3924,0.2804,237,14417,0.0073,72.73,73.26,73.79,72.0,2026-07-15,3,False
NVMI,Information Technology,Semiconductor Equipment & Materials,KDJ,KDJ 金叉,None,0.0,0.5525,0.3918,,0.3918,0,1955,0.0107,473.54,478.61,483.67,468.8,2026-07-14,3,False
ONTO,Information Technology,Semiconductor Equipment & Materials,KDJ,KDJ 金叉,None,0.0,0.5525,0.3918,,0.3918,0,1955,0.0107,319.32,322.74,326.15,316.13,2026-07-14,3,False
SITM,Information Technology,Semiconductors,KDJ,KDJ 金叉,None,0.0,0.5525,0.3918,,0.3918,0,1955,0.0107,612.38,618.93,625.48,606.26,2026-07-15,3,False
UBER,Information Technology,Software - Application,KDJ,KDJ 金叉,None,0.0,0.5525,0.3918,,0.3918,0,1955,0.0107,74.26,75.05,75.85,73.52,2026-07-13,3,False
UMC,Information Technology,Semiconductors,KDJ,KDJ 金叉,None,0.0,0.5525,0.3918,,0.3918,0,1955,0.0107,24.92,25.19,25.45,24.67,2026-07-15,3,False
CCL,Consumer Discretionary,Travel Services,RSI,RSI 加速上升,None,0.0,0.5525,0.391,0.391,0.3117,133,6796,0.0144,26.59,26.97,27.36,26.32,2026-07-15,3,False
NRG,Utilities,Utilities - Independent Power Producers,RSI,RSI 維持強勢 (50-70),None,0.0,0.51,0.3904,0.3904,0.2471,228,8831,0.0093,139.48,140.78,142.07,138.09,2026-07-13,3,False
IRM,Real Estate,REIT - Specialty,RSI,RSI 加速上升,None,0.0,0.5525,0.3902,0.3902,0.2327,123,4401,0.0104,123.52,124.8,126.09,122.28,2026-07-15,3,False
VTRS,Health Care,Drug Manufacturers - Specialty & Generic,BB,BB 中軌向上（上升趨勢）,None,0.0,0.51,0.3899,0.3899,0.2705,218,10885,0.0123,16.39,16.59,16.79,16.23,2026-07-13,3,False
HPE,Information Technology,Communication Equipment,RSI,RSI 加速上升,None,0.0,0.5525,0.3879,0.3879,0.3693,116,10688,0.0216,49.56,50.63,51.7,49.06,2026-07-14,3,False
PM,Consumer Staples,Tobacco,RSI,RSI 上穿 50 中性線,None,0.0,0.4675,0.3871,0.3871,0.2565,31,928,0.0023,180.88,181.3,181.71,179.07,2026-07-15,3,False
FICO,Information Technology,Software - Application,RSI,RSI 動能加速（強勢區）,None,0.0,0.51,0.3864,0.3864,0.366,44,2885,0.0121,1278.25,1293.72,1309.18,1265.47,2026-07-13,3,False
MRNA,Health Care,Biotechnology,BB,BB 中軌向上（上升趨勢）,None,0.0,0.51,0.3861,0.3861,0.2705,202,10885,0.0003,68.28,68.3,68.32,67.6,2026-07-15,3,False
FOXA,Communication Services,Entertainment,KDJ,KDJ 金叉,None,0.0,0.5525,0.3846,0.3846,0.3345,26,550,0.0066,55.99,56.36,56.73,55.43,2026-07-15,3,False
WRB,Financials,Insurance - Property & Casualty,KDJ,KDJ 金叉,None,0.0,0.5525,0.3846,0.3846,0.3142,26,1932,0.0135,73.84,74.84,75.83,73.1,2026-07-13,3,False
FIX,Industrials,Engineering & Construction,RSI,RSI 加速上升,None,0.0,0.5525,0.3822,0.3822,0.2981,157,11545,0.0022,1775.1,1779.01,1782.91,1757.35,2026-07-14,3,False
ADI,Information Technology,Semiconductors,RSI,RSI 維持強勢 (50-70),None,0.0,0.51,0.3816,0.3816,0.3645,228,16764,0.0088,390.96,394.4,397.84,387.05,2026-07-15,3,False
BHP,Materials,Other Industrial Metals & Mining,MACD,MACD 金叉 (空頭區),None,0.0,0.42,0.3816,,0.3816,0,304,0.0078,85.48,86.15,86.81,84.63,2026-07-15,3,False
RIO,Materials,Other Industrial Metals & Mining,MACD,MACD 金叉 (空頭區),None,0.0,0.42,0.3816,,0.3816,0,304,0.0078,93.62,94.35,95.08,92.68,2026-07-15,3,False
SCCO,Materials,Copper,MACD,MACD 金叉 (空頭區),None,0.0,0.42,0.3816,,0.3816,0,304,0.0078,182.38,183.8,185.23,180.56,2026-07-14,3,False
JHX,Materials,Building Materials,BB,BB 中軌向上（上升趨勢）,Morning Star,0.8,1.0,0.3805,,0.3805,0,113,0.0148,26.3,26.69,27.08,26.04,2026-07-15,3,False
RDDT,Communication Services,Internet Content & Information,BB,價格在 BB 中軌上方,Morning Star,0.8,0.924,0.3805,,0.3805,0,113,0.0115,203.27,205.61,207.95,201.24,2026-07-14,3,False
UAL,Industrials,Airlines,BB,BB 中軌向上（上升趨勢）,None,0.0,0.51,0.3802,0.3802,0.2929,263,17460,0.0068,120.97,121.79,122.62,119.76,2026-07-15,3,False
TRGP,Energy,Oil & Gas Midstream,BB,BB 中軌向上（上升趨勢）,None,0.0,0.51,0.3801,0.3801,0.2962,292,4484,0.0065,278.16,279.97,281.78,275.38,2026-07-15,3,False
URI,Industrials,Rental & Leasing Services,RSI,RSI 維持強勢 (50-70),None,0.0,0.51,0.3792,0.3792,0.2986,240,19157,0.0121,1085.34,1098.47,1111.61,1074.49,2026-07-13,3,False
ALGM,Information Technology,Semiconductors,RSI,RSI 上穿 50 中性線,None,0.0,0.4675,0.3785,,0.3785,0,1593,0.0087,52.32,52.78,53.23,51.8,2026-07-14,3,False
FIS,Information Technology,Information Technology Services,RSI,RSI 上穿 50 中性線,None,0.0,0.4675,0.3785,,0.3785,0,1593,0.0087,41.1,41.46,41.82,40.69,2026-07-15,3,False
INFY,Information Technology,Information Technology Services,RSI,RSI 上穿 50 中性線,None,0.0,0.4675,0.3785,,0.3785,0,1593,0.0087,11.5,11.6,11.7,11.38,2026-07-13,3,False
P,Information Technology,Computer Hardware,RSI,RSI 上穿 50 中性線,None,0.0,0.4675,0.3785,,0.3785,0,1593,0.0087,77.03,77.7,78.37,76.26,2026-07-14,3,False
SIMO,Information Technology,Semiconductors,RSI,RSI 上穿 50 中性線,None,0.0,0.4675,0.3785,,0.3785,0,1593,0.0087,308.41,311.09,313.78,305.33,2026-07-14,3,False
SONY,Information Technology,Consumer Electronics,RSI,RSI 上穿 50 中性線,None,0.0,0.4675,0.3785,,0.3785,0,1593,0.0087,20.8,20.98,21.16,20.59,2026-07-14,3,False
ZM,Information Technology,Software - Application,RSI,RSI 上穿 50 中性線,None,0.0,0.4675,0.3785,,0.3785,0,1593,0.0087,91.88,92.68,93.48,90.96,2026-07-13,3,False
AAOI,Information Technology,Communication Equipment,MACD,MACD 金叉 (空頭區),None,0.0,0.42,0.3767,,0.3767,0,754,0.0102,125.45,126.73,128.01,124.2,2026-07-14,3,False
RF,Financials,Banks - Regional,RSI,RSI 維持強勢 (50-70),Consolidation Breakout,0.75,1.0,0.375,0.375,0.2725,8,1479,0.0125,31.48,31.87,32.27,31.17,2026-07-15,3,False
DAL,Industrials,Airlines,RSI,RSI 維持強勢 (50-70),None,0.0,0.51,0.3746,0.3746,0.2986,299,19157,0.0102,86.19,87.07,87.95,85.33,2026-07-13,3,False
JBHT,Industrials,Integrated Freight & Logistics,RSI,RSI 維持強勢 (50-70),None,0.0,0.51,0.3744,0.3744,0.2986,203,19157,0.005,280.87,282.27,283.68,278.06,2026-07-14,3,False
BKNG,Consumer Discretionary,Travel Services,RSI,RSI 加速上升,None,0.0,0.5525,0.3742,0.3742,0.3117,155,6796,0.0066,182.8,184.01,185.21,180.97,2026-07-15,3,False
GDDY,Information Technology,Software - Infrastructure,BB,BB 中軌向上（上升趨勢）,None,0.0,0.51,0.3739,0.3739,0.3639,222,16781,0.0049,91.27,91.72,92.16,90.36,2026-07-15,3,False
DLTR,Consumer Staples,Discount Stores,RSI,RSI 維持強勢 (50-70),None,0.0,0.51,0.3736,0.3736,0.2452,182,7574,-0.0013,127.03,126.86,126.7,125.76,2026-07-15,3,False
FE,Utilities,Utilities - Regulated Electric,RSI,RSI 動能加速（強勢區）,None,0.0,0.51,0.3725,,0.3725,0,102,0.0075,49.23,49.6,49.97,48.74,2026-07-14,3,True
MPWR,Information Technology,Semiconductors,RSI,RSI 加速上升,None,0.0,0.5525,0.3706,0.3706,0.3693,143,10688,0.0054,1376.41,1383.84,1391.28,1362.65,2026-07-14,3,False
CRM,Information Technology,Software - Application,KDJ,KDJ 金叉,None,0.0,0.5525,0.3704,0.3704,0.3918,27,1955,0.0105,171.22,173.02,174.82,169.51,2026-07-13,3,False
BEN,Financials,Asset Management,BB,BB 中軌向上（上升趨勢）,None,0.0,0.51,0.3704,0.3704,0.2681,135,16575,0.0094,33.63,33.95,34.26,33.29,2026-07-15,3,False
BURL,Consumer Discretionary,Apparel Retail,MACD,MACD 金叉 (多頭區),None,0.0,0.68,0.37,,0.37,0,273,0.0063,334.31,336.42,338.52,330.97,2026-07-14,3,False
MGA,Consumer Discretionary,Auto Parts,MACD,MACD 金叉 (多頭區),None,0.0,0.68,0.37,,0.37,0,273,0.0063,66.29,66.71,67.13,65.63,2026-07-15,3,False
eBay,Consumer Discretionary,Internet Retail,MACD,MACD 金叉 (多頭區),None,0.0,0.68,0.37,,0.37,0,273,0.0063,111.75,112.45,113.16,110.63,2026-06-30,3,False
BNY,Financials,Banks - Diversified,BB,BB 中軌向上（上升趨勢）,Bullish Engulfing,0.75,1.0,0.3697,,0.3697,0,330,0.0108,154.5,156.17,157.84,152.96,2026-07-14,3,False
CRBG,Financials,Asset Management,BB,BB 中軌向上（上升趨勢）,Bullish Engulfing,0.75,1.0,0.3697,,0.3697,0,330,0.0108,30.82,31.15,31.49,30.51,2026-07-13,3,False
PNFP,Financials,Banks - Regional,BB,BB 中軌向上（上升趨勢）,Bullish Engulfing,0.75,1.0,0.3697,,0.3697,0,330,0.0108,100.63,101.72,102.8,99.62,2026-07-14,3,False
ETN,Industrials,Specialty Industrial Machinery,BB,BB 中軌向上（上升趨勢）,None,0.0,0.51,0.3695,0.3695,0.2929,203,17460,0.0111,412.86,417.44,422.03,408.73,2026-07-15,3,False
CBRS,Information Technology,Semiconductors,RSI,RSI 加速上升,None,0.0,0.5525,0.3693,,0.3693,0,10688,0.0074,203.81,205.32,206.83,201.77,2026-07-14,3,False
CPAY,Information Technology,Software - Infrastructure,RSI,RSI 加速上升,None,0.0,0.5525,0.3693,,0.3693,0,10688,0.0074,363.16,365.85,368.53,359.53,2026-07-15,3,False
FORM,Information Technology,Semiconductor Equipment & Materials,RSI,RSI 加速上升,None,0.0,0.5525,0.3693,,0.3693,0,10688,0.0074,116.33,117.19,118.05,115.17,2026-07-14,3,False
LFUS,Information Technology,Electronic Components,RSI,RSI 加速上升,None,0.0,0.5525,0.3693,,0.3693,0,10688,0.0074,415.43,418.5,421.58,411.28,2026-07-15,3,False
LOGI,Information Technology,Computer Hardware,RSI,RSI 加速上升,None,0.0,0.5525,0.3693,,0.3693,0,10688,0.0074,100.59,101.33,102.08,99.58,2026-07-14,3,False
MCHPP,Information Technology,Semiconductors,RSI,RSI 加速上升,None,0.0,0.5525,0.3693,,0.3693,0,10688,0.0074,73.59,74.13,74.68,72.85,2026-07-14,3,False
NTNX,Information Technology,Software - Infrastructure,RSI,RSI 加速上升,None,0.0,0.5525,0.3693,,0.3693,0,10688,0.0074,55.22,55.63,56.04,54.67,2026-07-13,3,False
PAYX,Information Technology,Software - Application,RSI,RSI 加速上升,None,0.0,0.5525,0.3693,,0.3693,0,10688,0.0074,110.75,111.57,112.39,109.64,2026-07-13,3,False
SMTC,Information Technology,Semiconductors,RSI,RSI 加速上升,None,0.0,0.5525,0.3693,,0.3693,0,10688,0.0074,141.36,142.41,143.45,139.95,2026-07-14,3,False
SNX,Information Technology,Electronics & Computer Distribution,RSI,RSI 加速上升,None,0.0,0.5525,0.3693,,0.3693,0,10688,0.0074,252.96,254.83,256.7,250.43,2026-07-14,3,False
STRC,Information Technology,Software - Application,RSI,RSI 加速上升,None,0.0,0.5525,0.3693,,0.3693,0,10688,0.0074,87.78,88.43,89.08,86.9,2026-07-15,3,False
TOST,Information Technology,Software - Infrastructure,RSI,RSI 加速上升,None,0.0,0.5525,0.3693,,0.3693,0,10688,0.0074,30.39,30.61,30.84,30.09,2026-07-15,3,False
U,Information Technology,Software - Application,RSI,RSI 加速上升,None,0.0,0.5525,0.3693,,0.3693,0,10688,0.0074,31.27,31.5,31.73,30.96,2026-07-15,3,False
UI,Information Technology,Communication Equipment,RSI,RSI 加速上升,None,0.0,0.5525,0.3693,,0.3693,0,10688,0.0074,542.54,546.55,550.57,537.11,2026-07-15,3,False
VIAV,Information Technology,Communication Equipment,RSI,RSI 加速上升,None,0.0,0.5525,0.3693,,0.3693,0,10688,0.0074,41.85,42.16,42.47,41.43,2026-07-14,3,False
PODD,Health Care,Medical Devices,BB,BB 中軌向上（上升趨勢）,None,0.0,0.51,0.3684,0.3684,0.2705,152,10885,0.0087,159.28,160.67,162.05,157.69,2026-07-15,3,False
CMG,Consumer Discretionary,Restaurants,RSI,RSI 動能加速（強勢區）,None,0.0,0.51,0.3667,0.3667,0.3027,30,1665,0.012,36.63,37.07,37.51,36.26,2026-07-13,3,False
DT,Information Technology,Software - Application,RSI,RSI 動能加速（強勢區）,None,0.0,0.51,0.366,,0.366,0,2885,0.0091,44.59,45.0,45.4,44.14,2026-07-13,3,False
GWRE,Information Technology,Software - Application,RSI,RSI 動能加速（強勢區）,None,0.0,0.51,0.366,,0.366,0,2885,0.0091,140.31,141.59,142.86,138.91,2026-07-13,3,False
JKHY,Information Technology,Information Technology Services,RSI,RSI 動能加速（強勢區）,None,0.0,0.51,0.366,,0.366,0,2885,0.0091,148.47,149.82,151.17,146.99,2026-07-15,3,False
NET,Information Technology,Software - Infrastructure,RSI,RSI 動能加速（強勢區）,None,0.0,0.51,0.366,,0.366,0,2885,0.0091,281.75,284.31,286.88,278.93,2026-07-14,3,False
OKTA,Information Technology,Software - Infrastructure,RSI,RSI 動能加速（強勢區）,None,0.0,0.51,0.366,,0.366,0,2885,0.0091,154.62,156.03,157.43,153.07,2026-07-14,3,False
RBRK,Information Technology,Software - Infrastructure,RSI,RSI 動能加速（強勢區）,None,0.0,0.51,0.366,,0.366,0,2885,0.0091,88.05,88.85,89.65,87.17,2026-07-14,3,False
SNOW,Information Technology,Software - Application,RSI,RSI 動能加速（強勢區）,None,0.0,0.51,0.366,,0.366,0,2885,0.0091,268.65,271.09,273.54,265.96,2026-07-13,3,False
WSE,Information Technology,Information Technology Services,RSI,RSI 動能加速（強勢區）,None,0.0,0.51,0.366,,0.366,0,2885,0.0091,12.9,13.02,13.13,12.77,2026-07-15,3,False
BLK,Financials,Asset Management,RSI,RSI 動能加速（強勢區）,None,0.0,0.51,0.3659,0.3659,0.279,41,3129,0.0023,1093.4,1095.91,1098.43,1082.47,2026-07-15,3,False
FTV,Information Technology,Scientific & Technical Instruments,MACD,MACD 金叉 (多頭區),None,0.0,0.68,0.3651,,0.3651,0,504,0.0103,62.31,62.95,63.59,61.69,2026-07-13,3,False
ALC,Health Care,Medical Instruments & Supplies,BB,價格在 BB 中軌上方,None,0.0,0.425,0.365,,0.365,0,715,0.0016,66.86,66.97,67.07,66.19,2026-07-14,3,True
ADP,Information Technology,Software - Application,RSI,RSI 維持強勢 (50-70),None,0.0,0.51,0.3645,,0.3645,0,16764,0.0088,247.47,249.65,251.83,245.0,2026-07-15,3,False
ARW,Information Technology,Electronics & Computer Distribution,RSI,RSI 維持強勢 (50-70),None,0.0,0.51,0.3645,,0.3645,0,16764,0.0088,206.1,207.91,209.73,204.04,2026-07-15,3,False
ASX,Information Technology,Semiconductors,RSI,RSI 維持強勢 (50-70),None,0.0,0.51,0.3645,,0.3645,0,16764,0.0088,40.72,41.08,41.44,40.31,2026-07-15,3,False
FROG,Information Technology,Software - Application,RSI,RSI 維持強勢 (50-70),None,0.0,0.51,0.3645,,0.3645,0,16764,0.0088,91.28,92.08,92.89,90.37,2026-07-15,3,False
GIB,Information Technology,Information Technology Services,RSI,RSI 維持強勢 (50-70),None,0.0,0.51,0.3645,,0.3645,0,16764,0.0088,67.75,68.35,68.94,67.07,2026-07-13,3,False
GRAB,Information Technology,Software - Application,RSI,RSI 維持強勢 (50-70),None,0.0,0.51,0.3645,,0.3645,0,16764,0.0088,3.82,3.85,3.89,3.78,2026-07-15,3,False
GRMN,Information Technology,Scientific & Technical Instruments,RSI,RSI 維持強勢 (50-70),None,0.0,0.51,0.3645,,0.3645,0,16764,0.0088,241.76,243.89,246.01,239.34,2026-07-15,3,False
IOT,Information Technology,Software - Infrastructure,RSI,RSI 維持強勢 (50-70),None,0.0,0.51,0.3645,,0.3645,0,16764,0.0088,36.43,36.75,37.07,36.07,2026-07-15,3,False
KSPI,Information Technology,Software - Infrastructure,RSI,RSI 維持強勢 (50-70),None,0.0,0.51,0.3645,,0.3645,0,16764,0.0088,89.41,90.2,90.98,88.52,2026-07-15,3,False
SHOP,Information Technology,Software - Application,RSI,RSI 維持強勢 (50-70),None,0.0,0.51,0.3645,,0.3645,0,16764,0.0088,123.55,124.64,125.72,122.31,2026-07-15,3,False
STRF,Information Technology,Software - Application,RSI,RSI 維持強勢 (50-70),None,0.0,0.51,0.3645,,0.3645,0,16764,0.0088,95.27,96.11,96.95,94.32,2026-07-15,3,False
TWLO,Information Technology,Software - Infrastructure,RSI,RSI 維持強勢 (50-70),None,0.0,0.51,0.3645,,0.3645,0,16764,0.0088,211.54,213.4,215.26,209.42,2026-07-15,3,False
ALAB,Information Technology,Semiconductors,BB,BB 中軌向上（上升趨勢）,None,0.0,0.51,0.3639,,0.3639,0,16781,0.009,350.62,353.78,356.93,347.11,2026-07-15,3,False
CGNX,Information Technology,Scientific & Technical Instruments,BB,BB 中軌向上（上升趨勢）,None,0.0,0.51,0.3639,,0.3639,0,16781,0.009,63.24,63.81,64.38,62.61,2026-07-15,3,False
CRDO,Information Technology,Semiconductors,BB,BB 中軌向上（上升趨勢）,None,0.0,0.51,0.3639,,0.3639,0,16781,0.009,236.18,238.31,240.43,233.82,2026-07-14,3,False
ENTG,Information Technology,Semiconductor Equipment & Materials,BB,BB 中軌向上（上升趨勢）,None,0.0,0.51,0.3639,,0.3639,0,16781,0.009,136.27,137.5,138.72,134.91,2026-07-13,3,False
MKSI,Information Technology,Scientific & Technical Instruments,BB,BB 中軌向上（上升趨勢）,None,0.0,0.51,0.3639,,0.3639,0,16781,0.009,353.8,356.98,360.17,350.26,2026-07-15,3,False
TSM,Information Technology,Semiconductors,BB,BB 中軌向上（上升趨勢）,None,0.0,0.51,0.3639,,0.3639,0,16781,0.009,420.39,424.17,427.96,416.19,2026-07-14,3,False
MTB,Financials,Banks - Regional,BB,價格在 BB 中軌上方,Consolidation Breakout,0.85,1.0,0.3636,0.3636,0.2527,22,2461,0.0062,248.53,250.07,251.61,246.04,2026-07-15,3,False
FOX,Communication Services,Entertainment,RSI,RSI 加速上升,None,0.0,0.5525,0.3618,0.3618,0.3116,152,3322,0.0088,50.39,50.83,51.28,49.89,2026-07-15,3,False
SLB,Energy,Oil & Gas Equipment & Services,RSI,RSI 加速上升,None,0.0,0.5525,0.3615,0.3615,0.3227,130,3306,0.0037,47.54,47.72,47.89,47.06,2026-07-14,3,False
DTM,Energy,Oil & Gas Midstream,KDJ,KDJ 金叉,None,0.0,0.5525,0.3614,,0.3614,0,498,0.0061,148.26,149.16,150.07,146.78,2026-07-14,3,False
TTD,Communication Services,Advertising Agencies,RSI,RSI 維持強勢 (50-70),None,0.0,0.51,0.3612,0.3612,0.3082,227,5205,-0.0037,19.79,19.72,19.64,19.59,2026-07-13,3,False
BP,Energy,Oil & Gas Integrated,RSI,RSI 上穿 50 中性線,None,0.0,0.4675,0.361,,0.361,0,579,0.0056,40.83,41.06,41.29,40.42,2026-07-13,3,False
CNQ,Energy,Oil & Gas E&P,RSI,RSI 上穿 50 中性線,None,0.0,0.4675,0.361,,0.361,0,579,0.0056,43.05,43.29,43.53,42.62,2026-07-13,3,False
E,Energy,Oil & Gas Integrated,RSI,RSI 上穿 50 中性線,None,0.0,0.4675,0.361,,0.361,0,579,0.0056,49.44,49.72,49.99,48.95,2026-07-13,3,False
ENB,Energy,Oil & Gas Midstream,RSI,RSI 上穿 50 中性線,None,0.0,0.4675,0.361,,0.361,0,579,0.0056,55.07,55.38,55.69,54.52,2026-07-13,3,False
EQNR,Energy,Oil & Gas Integrated,RSI,RSI 上穿 50 中性線,None,0.0,0.4675,0.361,,0.361,0,579,0.0056,36.06,36.26,36.46,35.7,2026-07-13,3,False
TRP,Energy,Oil & Gas Midstream,RSI,RSI 上穿 50 中性線,None,0.0,0.4675,0.361,,0.361,0,579,0.0056,67.94,68.32,68.7,67.26,2026-07-13,3,False
VNOM,Energy,Oil & Gas Midstream,RSI,RSI 上穿 50 中性線,None,0.0,0.4675,0.361,,0.361,0,579,0.0056,43.32,43.56,43.81,42.89,2026-07-15,3,False
WDS,Energy,Oil & Gas E&P,RSI,RSI 上穿 50 中性線,None,0.0,0.4675,0.361,,0.361,0,579,0.0056,20.53,20.64,20.76,20.32,2026-07-13,3,False
PNR,Industrials,Specialty Industrial Machinery,KDJ,KDJ 金叉,None,0.0,0.5525,0.3609,,0.3609,0,133,0.01,76.53,77.3,78.06,75.76,2026-07-13,3,True
PFE,Health Care,Drug Manufacturers - General,RSI,RSI 上穿 50 中性線,None,0.0,0.4675,0.36,0.36,0.3144,25,1323,0.0033,24.82,24.9,24.98,24.57,2026-07-15,3,False
CDW,Information Technology,Information Technology Services,RSI,RSI 維持強勢 (50-70),None,0.0,0.51,0.3591,0.3591,0.3645,181,16764,0.0017,139.38,139.62,139.85,137.99,2026-07-14,3,False
ABNB,Consumer Discretionary,Travel Services,BB,價格在 BB 中軌上方,None,0.0,0.425,0.3581,0.3581,0.2984,215,12430,0.0059,148.38,149.26,150.13,146.9,2026-07-15,3,False
FLUT,Consumer Discretionary,Gambling,RSI,RSI 維持強勢 (50-70),Cup & Handle,0.8,1.0,0.358,,0.358,0,3955,0.0057,112.4,113.04,113.68,111.28,2026-07-13,3,False
AMGN,Health Care,Drug Manufacturers - General,BB,BB 中軌向上（上升趨勢）,Bullish Engulfing,0.75,1.0,0.3577,,0.3577,0,260,0.0085,358.32,361.37,364.41,354.74,2026-07-15,3,False
ASND,Health Care,Biotechnology,BB,BB 中軌向上（上升趨勢）,Bullish Engulfing,0.75,1.0,0.3577,,0.3577,0,260,0.0085,268.57,270.85,273.14,265.88,2026-07-15,3,False
MDGL,Health Care,Biotechnology,BB,BB 中軌向上（上升趨勢）,Bullish Engulfing,0.75,1.0,0.3577,,0.3577,0,260,0.0085,536.86,541.42,545.99,531.49,2026-07-14,3,False
THC,Health Care,Medical Care Facilities,BB,BB 中軌向上（上升趨勢）,Bullish Engulfing,0.75,1.0,0.3577,,0.3577,0,260,0.0085,192.34,193.97,195.61,190.42,2026-07-15,3,False
EPAM,Information Technology,Information Technology Services,BB,價格在 BB 中軌上方,None,0.0,0.425,0.3573,,0.3573,0,20206,0.0074,85.93,86.57,87.2,85.07,2026-07-15,3,False
FISV,Information Technology,Financial Technology,BB,價格在 BB 中軌上方,None,0.0,0.425,0.3573,,0.3573,0,20206,0.0074,50.36,50.73,51.11,49.86,2026-07-15,3,False
LDOS,Information Technology,Information Technology Services,BB,價格在 BB 中軌上方,None,0.0,0.425,0.3573,,0.3573,0,20206,0.0074,108.21,109.01,109.81,107.13,2026-07-15,3,False
SAP,Information Technology,Software - Application,BB,價格在 BB 中軌上方,None,0.0,0.425,0.3573,,0.3573,0,20206,0.0074,159.97,161.15,162.34,158.37,2026-07-13,3,False
STRD,Information Technology,Software - Application,BB,價格在 BB 中軌上方,None,0.0,0.425,0.3573,,0.3573,0,20206,0.0074,60.65,61.1,61.55,60.04,2026-07-15,3,False
STRK,Information Technology,Software - Application,BB,價格在 BB 中軌上方,None,0.0,0.425,0.3573,,0.3573,0,20206,0.0074,61.4,61.85,62.31,60.79,2026-07-15,3,False
VEEV,Health Care,Health Information Services,RSI,RSI 動能加速（強勢區）,None,0.0,0.51,0.3571,0.3571,0.2606,14,1869,-0.0086,196.81,195.12,193.42,194.84,2026-07-13,3,False
BAX,Health Care,Medical Instruments & Supplies,RSI,RSI 維持強勢 (50-70),None,0.0,0.51,0.3558,0.3558,0.2772,163,12123,0.0042,22.15,22.24,22.34,21.93,2026-07-15,3,False
TS,Energy,Oil & Gas Equipment & Services,MACD,MACD 金叉 (空頭區),None,0.0,0.42,0.3557,,0.3557,0,253,0.0057,55.85,56.17,56.49,55.29,2026-07-13,3,False
FFIV,Information Technology,Software - Infrastructure,RSI,RSI 動能加速（強勢區）,None,0.0,0.51,0.3556,0.3556,0.366,45,2885,0.0053,431.26,433.55,435.83,426.95,2026-07-14,3,False
HUBB,Industrials,Electrical Equipment & Parts,KDJ,KDJ 金叉,None,0.0,0.5525,0.3548,0.3548,0.3223,31,2110,0.0046,479.92,482.13,484.34,475.12,2026-07-15,3,False
CMI,Industrials,Specialty Industrial Machinery,BB,BB 中軌向上（上升趨勢）,None,0.0,0.51,0.3546,0.3546,0.2929,313,17460,0.0078,675.54,680.81,686.08,668.78,2026-07-14,3,False
EXPE,Consumer Discretionary,Travel Services,BB,價格在 BB 中軌上方,None,0.0,0.425,0.3544,0.3544,0.2984,285,12430,0.0007,267.11,267.3,267.48,264.44,2026-07-15,3,False
CX,Materials,Building Materials,BB,價格在 BB 中軌上方,None,0.0,0.425,0.354,,0.354,0,274,0.0035,12.45,12.49,12.54,12.33,2026-07-13,3,True
PAC,Industrials,Airports & Air Services,BB,BB 跌破下軌 (超賣),None,0.0,0.45499999999999996,0.3532,,0.3532,0,436,0.0052,225.95,227.12,228.3,223.69,2026-07-14,3,True
TKO,Communication Services,Entertainment,BB,BB 跌破下軌 (超賣),None,0.0,0.45499999999999996,0.3529,0.3529,0.33,17,397,0.0101,180.96,182.79,184.62,179.15,2026-07-13,3,False
CRL,Health Care,Diagnostics & Research,RSI,RSI 維持強勢 (50-70),None,0.0,0.51,0.3527,0.3527,0.2772,224,12123,-0.0055,228.22,226.96,225.71,225.94,2026-07-15,3,False
PEN,Health Care,Medical Devices,RSI,RSI 上穿 50 中性線,Bullish Engulfing,0.75,0.9735000000000001,0.3519,,0.3519,0,54,0.0013,318.94,319.35,319.77,315.75,2026-07-13,3,False
CBRE,Real Estate,Real Estate Services,BB,BB 中軌向上（上升趨勢）,None,0.0,0.51,0.3508,0.3508,0.2647,248,5713,0.0069,141.41,142.39,143.36,140.0,2026-07-15,3,False
CAG,Consumer Staples,Packaged Foods,RSI,RSI 動能加速（強勢區）,None,0.0,0.51,0.35,0.35,0.2456,20,1148,0.0114,14.33,14.49,14.66,14.19,2026-07-13,3,False
FTNT,Information Technology,Software - Infrastructure,RSI,RSI 動能加速（強勢區）,None,0.0,0.51,0.35,0.35,0.366,20,2885,-0.0037,166.83,166.21,165.6,165.16,2026-07-14,3,False
MLI,Industrials,Metal Fabrication,BB,價格在 BB 中軌上方,None,0.0,0.425,0.3497,,0.3497,0,1018,0.0042,58.39,58.64,58.88,57.81,2026-07-14,3,True
HAS,Consumer Discretionary,Leisure,RSI,RSI 加速上升,None,0.0,0.5525,0.3485,0.3485,0.3117,132,6796,0.0006,80.51,80.56,80.61,79.7,2026-07-15,3,False
FHN,Financials,Banks - Regional,RSI,RSI 維持強勢 (50-70),None,0.0,0.51,0.3448,,0.3448,0,609,0.0048,25.72,25.84,25.97,25.46,2026-07-14,3,True
NU,Financials,Banks - Regional,RSI,RSI 維持強勢 (50-70),None,0.0,0.51,0.3448,,0.3448,0,609,0.0048,13.99,14.06,14.12,13.85,2026-07-14,3,True
VLO,Energy,Oil & Gas Refining & Marketing,BB,價格在 BB 中軌上方,None,0.0,0.425,0.3448,0.3448,0.2998,232,5768,0.0031,292.66,293.57,294.47,289.73,2026-07-15,3,False
IONQ,Information Technology,Computer Hardware,BB,BB 跌破下軌 (超賣),None,0.0,0.45499999999999996,0.3447,,0.3447,0,1001,0.0043,38.88,39.05,39.21,38.49,2026-07-13,3,False
LII,Industrials,Building Products & Equipment,RSI,RSI 維持強勢 (50-70),None,0.0,0.51,0.3438,0.3438,0.2986,288,19157,0.0026,548.67,550.1,551.52,543.18,2026-07-15,3,False
MLM,Materials,Building Materials,BB,BB 中軌向上（上升趨勢）,None,0.0,0.51,0.3436,0.3436,0.2853,195,5036,0.0109,569.35,575.56,581.76,563.66,2026-07-13,3,False
BKR,Energy,Oil & Gas Equipment & Services,RSI,RSI 加速上升,None,0.0,0.5525,0.3434,0.3434,0.3227,166,3306,0.0016,57.78,57.87,57.96,57.2,2026-07-14,3,False
INTU,Information Technology,Software - Application,RSI,RSI 加速上升,None,0.0,0.5525,0.3432,0.3432,0.3693,169,10688,-0.0039,279.7,278.61,277.52,276.9,2026-07-15,3,False
UHS,Health Care,Medical Care Facilities,RSI,RSI 維持強勢 (50-70),None,0.0,0.51,0.3424,0.3424,0.2772,184,12123,0.0014,152.77,152.98,153.2,151.24,2026-07-13,3,False
EFX,Industrials,Consulting Services,BB,價格在 BB 中軌上方,None,0.0,0.425,0.3415,0.3415,0.295,205,22337,-0.0018,171.61,171.3,170.99,169.89,2026-07-15,3,False
WELL,Real Estate,REIT - Healthcare Facilities,BB,價格在 BB 中軌上方,None,0.0,0.425,0.3409,0.3409,0.248,399,8032,0.0038,233.29,234.18,235.06,230.96,2026-07-15,3,False
ULTA,Consumer Discretionary,Specialty Retail,RSI,RSI 維持強勢 (50-70),None,0.0,0.51,0.3407,0.3407,0.2995,182,10441,0.0084,473.33,477.31,481.28,468.6,2026-07-13,3,False
ALGN,Health Care,Medical Instruments & Supplies,BB,BB 中軌向上（上升趨勢）,None,0.0,0.51,0.3402,0.3402,0.2705,241,10885,0.0014,181.26,181.51,181.77,179.45,2026-07-15,3,False
APO,Financials,Asset Management,RSI,RSI 維持強勢 (50-70),None,0.0,0.51,0.3381,0.3381,0.2842,281,19108,0.0069,121.83,122.67,123.51,120.61,2026-07-15,3,False
DASH,Consumer Discretionary,Internet Retail,RSI,RSI 維持強勢 (50-70),None,0.0,0.51,0.3377,0.3377,0.2995,231,10441,0.001,190.16,190.35,190.54,188.26,2026-07-15,3,False
WAT,Health Care,Diagnostics & Research,RSI,RSI 維持強勢 (50-70),None,0.0,0.51,0.3373,0.3373,0.2772,169,12123,0.0031,374.92,376.08,377.24,371.17,2026-07-15,3,False
CBOE,Financials,Financial Data & Stock Exchanges,RSI,RSI 維持強勢 (50-70),None,0.0,0.51,0.3371,0.3371,0.2842,267,19108,0.0055,277.11,278.63,280.16,274.34,2026-07-15,3,False
CTSH,Information Technology,Information Technology Services,RSI,RSI 加速上升,None,0.0,0.5525,0.3359,0.3359,0.3693,131,10688,0.0029,44.16,44.29,44.42,43.72,2026-07-13,3,False
MDB,Information Technology,Software - Infrastructure,RSI,RSI 維持強勢 (50-70),Bullish Engulfing,0.75,1.0,0.3353,,0.3353,0,340,0.0062,344.67,346.81,348.94,341.22,2026-07-14,3,False
CASY,Consumer Discretionary,Specialty Retail,MACD,MACD 突破 0 軸,None,0.0,0.595,0.3351,,0.3351,0,376,0.0114,859.1,868.89,878.69,850.51,2026-07-13,3,False
JD,Consumer Discretionary,Internet Retail,MACD,MACD 突破 0 軸,None,0.0,0.595,0.3351,,0.3351,0,376,0.0114,29.28,29.61,29.95,28.99,2026-07-15,3,False
ONON,Consumer Discretionary,Footwear & Accessories,MACD,MACD 突破 0 軸,None,0.0,0.595,0.3351,,0.3351,0,376,0.0114,37.74,38.17,38.6,37.36,2026-07-14,3,False
FWONA,Communication Services,Entertainment,KDJ,KDJ 金叉,None,0.0,0.5525,0.3345,,0.3345,0,550,0.0065,92.14,92.74,93.34,91.22,2026-07-14,3,False
FWONK,Communication Services,Entertainment,KDJ,KDJ 金叉,None,0.0,0.5525,0.3345,,0.3345,0,550,0.0065,100.87,101.53,102.18,99.86,2026-07-14,3,False
GSAT,Communication Services,Telecom Services,KDJ,KDJ 金叉,None,0.0,0.5525,0.3345,,0.3345,0,550,0.0065,80.53,81.05,81.58,79.72,2026-07-15,3,False
ROKU,Communication Services,Entertainment,KDJ,KDJ 金叉,None,0.0,0.5525,0.3345,,0.3345,0,550,0.0065,142.34,143.27,144.19,140.92,2026-07-13,3,False
SKM,Communication Services,Telecom Services,KDJ,KDJ 金叉,None,0.0,0.5525,0.3345,,0.3345,0,550,0.0065,32.26,32.47,32.68,31.94,2026-07-15,3,False
ADM,Consumer Staples,Farm Products,MACD,MACD 突破 0 軸,None,0.0,0.595,0.3333,0.3333,0.2408,12,299,-0.0099,82.28,81.47,80.65,81.46,2026-07-14,3,False
NDAQ,Financials,Financial Data & Stock Exchanges,MACD,MACD 突破 0 軸,None,0.0,0.595,0.3333,0.3333,0.3301,6,618,0.009,88.01,88.8,89.59,87.13,2026-07-14,3,False
TMUS,Communication Services,Telecom Services,MACD,MACD 突破 0 軸,None,0.0,0.595,0.3333,,0.3333,0,165,0.0084,187.62,189.2,190.77,185.74,2026-07-15,3,False
VOD,Communication Services,Telecom Services,MACD,MACD 突破 0 軸,None,0.0,0.595,0.3333,,0.3333,0,165,0.0084,15.08,15.21,15.33,14.93,2026-07-15,3,False
DHI,Consumer Discretionary,Residential Construction,KDJ,KDJ 超賣區金叉,None,0.0,0.5599999999999999,0.3333,0.3333,0.3775,6,302,0.0045,151.55,152.23,152.91,150.03,2026-07-15,3,False
EME,Industrials,Engineering & Construction,KDJ,KDJ 金叉,None,0.0,0.5525,0.3333,0.3333,0.3223,30,2110,-0.0018,774.34,772.95,771.55,766.6,2026-07-14,3,False
EXE,Energy,Oil & Gas E&P,KDJ,KDJ 金叉,None,0.0,0.5525,0.3333,0.3333,0.3614,21,498,0.0,87.63,87.63,87.63,86.75,2026-07-15,3,False
IEX,Industrials,Specialty Industrial Machinery,KDJ,KDJ 金叉,None,0.0,0.5525,0.3333,0.3333,0.3223,24,2110,0.0039,222.74,223.61,224.48,220.51,2026-07-14,3,False
KIM,Real Estate,REIT - Retail,KDJ,KDJ 金叉,None,0.0,0.5525,0.3333,0.3333,0.2818,15,550,0.0056,25.25,25.39,25.53,25.0,2026-07-14,3,False
MCHP,Information Technology,Semiconductors,RSI,RSI 加速上升,None,0.0,0.5525,0.3333,0.3333,0.3693,117,10688,0.01,87.11,87.98,88.85,86.24,2026-07-14,3,False
NTAP,Information Technology,Software - Infrastructure,KDJ,KDJ 金叉,None,0.0,0.5525,0.3333,0.3333,0.3918,24,1955,0.0005,174.55,174.64,174.72,172.8,2026-07-14,3,False
AKAM,Information Technology,Software - Infrastructure,RSI,RSI 維持強勢 (50-70),None,0.0,0.51,0.3333,0.3333,0.3645,228,16764,0.0059,120.01,120.72,121.43,118.81,2026-07-15,3,False
IT,Information Technology,Information Technology Services,RSI,RSI 上穿 50 中性線,None,0.0,0.4675,0.3333,0.3333,0.3785,18,1593,-0.0059,141.31,140.48,139.64,139.9,2026-07-13,3,False
ROST,Consumer Discretionary,Apparel Retail,RSI,RSI 上穿 50 中性線,None,0.0,0.4675,0.3333,0.3333,0.3072,12,1123,0.0073,225.81,227.46,229.11,223.55,2026-07-15,3,False
HLT,Consumer Discretionary,Lodging,BB,BB 跌破下軌 (超賣),None,0.0,0.45499999999999996,0.3333,0.3333,0.2974,12,733,-0.0141,322.45,317.9,313.36,319.23,2026-07-13,3,False
HSIC,Health Care,Medical Distribution,BB,價格在 BB 中軌上方,None,0.0,0.425,0.3314,0.3314,0.2804,169,14417,-0.0009,87.16,87.08,87.0,86.29,2026-07-15,3,False
ARES,Financials,Asset Management,RSI,RSI 維持強勢 (50-70),None,0.0,0.51,0.3313,0.3313,0.2842,329,19108,0.0049,124.79,125.4,126.01,123.54,2026-07-15,3,False
WMB,Energy,Oil & Gas Midstream,BB,價格在 BB 中軌上方,None,0.0,0.425,0.3305,0.3305,0.2998,348,5768,0.0061,75.98,76.44,76.91,75.22,2026-07-14,3,False
AEIS,Industrials,Electrical Equipment & Parts,MACD,MACD 金叉 (空頭區),None,0.0,0.42,0.3303,,0.3303,0,875,0.0053,301.88,303.48,305.08,298.86,2026-07-15,3,False
ATI,Industrials,Metal Fabrication,MACD,MACD 金叉 (空頭區),None,0.0,0.42,0.3303,,0.3303,0,875,0.0053,183.75,184.72,185.7,181.91,2026-07-13,3,False
FERG,Industrials,Industrial Distribution,MACD,MACD 金叉 (空頭區),None,0.0,0.42,0.3303,,0.3303,0,875,0.0053,234.68,235.92,237.17,232.33,2026-07-14,3,False
SAIA,Industrials,Trucking,MACD,MACD 金叉 (空頭區),None,0.0,0.42,0.3303,,0.3303,0,875,0.0053,432.06,434.35,436.64,427.74,2026-07-13,3,False
WCC,Industrials,Industrial Distribution,MACD,MACD 金叉 (空頭區),None,0.0,0.42,0.3303,,0.3303,0,875,0.0053,340.14,341.94,343.75,336.74,2026-07-14,3,False
ALLY,Financials,Credit Services,MACD,MACD 突破 0 軸,None,0.0,0.595,0.3301,,0.3301,0,618,0.0061,45.35,45.63,45.9,44.9,2026-07-14,3,False
ARCC,Financials,Asset Management,MACD,MACD 突破 0 軸,None,0.0,0.595,0.3301,,0.3301,0,618,0.0061,18.79,18.9,19.02,18.6,2026-07-14,3,False
BAM,Financials,Asset Management,MACD,MACD 突破 0 軸,None,0.0,0.595,0.3301,,0.3301,0,618,0.0061,49.02,49.32,49.62,48.53,2026-07-15,3,False
BBDO,Financials,Banks - Regional,MACD,MACD 突破 0 軸,None,0.0,0.595,0.3301,,0.3301,0,618,0.0061,3.15,3.17,3.19,3.12,2026-07-13,3,False
CG,Financials,Asset Management,MACD,MACD 突破 0 軸,None,0.0,0.595,0.3301,,0.3301,0,618,0.0061,46.11,46.39,46.67,45.65,2026-07-15,3,False
OWL,Financials,Asset Management,MACD,MACD 突破 0 軸,None,0.0,0.595,0.3301,,0.3301,0,618,0.0061,9.69,9.75,9.81,9.59,2026-07-15,3,False
PUK,Financials,Insurance - Life,MACD,MACD 突破 0 軸,None,0.0,0.595,0.3301,,0.3301,0,618,0.0061,28.59,28.76,28.94,28.3,2026-07-14,3,False
WF,Financials,Banks - Regional,MACD,MACD 突破 0 軸,None,0.0,0.595,0.3301,,0.3301,0,618,0.0061,63.27,63.66,64.04,62.64,2026-07-13,3,False
ZION,Financials,Banks - Regional,MACD,MACD 突破 0 軸,None,0.0,0.595,0.3301,,0.3301,0,618,0.0061,70.36,70.79,71.22,69.66,2026-07-13,3,False
LULU,Consumer Discretionary,Apparel Retail,RSI,RSI 加速上升,None,0.0,0.5525,0.3294,0.3294,0.3117,170,6796,-0.0063,117.42,116.68,115.94,116.25,2026-07-15,3,False
AMRZ,Materials,Building Materials,RSI,RSI 上穿 50 中性線,None,0.0,0.4675,0.3294,,0.3294,0,595,0.0031,50.75,50.91,51.06,50.24,2026-07-15,3,False
RS,Materials,Steel,RSI,RSI 上穿 50 中性線,None,0.0,0.4675,0.3294,,0.3294,0,595,0.0031,385.4,386.59,387.79,381.55,2026-07-13,3,False
BCH,Financials,Banks - Regional,RSI,RSI 維持強勢 (50-70),Support,0.8,1.0,0.3276,,0.3276,0,58,0.0022,39.85,39.94,40.03,39.45,2026-07-13,3,False
BCS,Financials,Banks - Diversified,RSI,RSI 維持強勢 (50-70),Support,0.9,1.0,0.3276,,0.3276,0,58,0.0022,27.29,27.35,27.41,27.02,2026-07-13,3,False
CIB,Financials,Banks - Regional,RSI,RSI 維持強勢 (50-70),Support,0.7,1.0,0.3276,,0.3276,0,58,0.0022,80.42,80.6,80.77,79.62,2026-07-13,3,False
DB,Financials,Banks - Regional,RSI,RSI 維持強勢 (50-70),Support,0.9,1.0,0.3276,,0.3276,0,58,0.0022,35.24,35.32,35.4,34.89,2026-07-13,3,False
HSBC,Financials,Banks - Diversified,RSI,RSI 維持強勢 (50-70),Support,0.7,1.0,0.3276,,0.3276,0,58,0.0022,98.09,98.31,98.52,97.11,2026-07-13,3,False
ING,Financials,Banks - Diversified,RSI,RSI 維持強勢 (50-70),Support,0.8,1.0,0.3276,,0.3276,0,58,0.0022,32.3,32.37,32.44,31.98,2026-07-13,3,False
IX,Financials,Financial Conglomerates,RSI,RSI 維持強勢 (50-70),Support,0.9,1.0,0.3276,,0.3276,0,58,0.0022,39.48,39.57,39.65,39.09,2026-07-13,3,False
MFC,Financials,Insurance - Life,RSI,RSI 維持強勢 (50-70),Support,0.8,1.0,0.3276,,0.3276,0,58,0.0022,41.29,41.38,41.47,40.88,2026-07-13,3,False
SAN,Financials,Banks - Diversified,RSI,RSI 維持強勢 (50-70),Support,0.9,1.0,0.3276,,0.3276,0,58,0.0022,13.66,13.69,13.72,13.52,2026-07-13,3,False
SLF,Financials,Insurance - Diversified,RSI,RSI 維持強勢 (50-70),Support,0.7,1.0,0.3276,,0.3276,0,58,0.0022,78.47,78.64,78.82,77.69,2026-07-13,3,False
EIX,Utilities,Utilities - Regulated Electric,BB,BB 中軌向上（上升趨勢）,None,0.0,0.51,0.3276,0.3276,0.249,232,7232,0.0063,76.68,77.16,77.65,75.91,2026-07-15,3,False
LEN,Consumer Discretionary,Residential Construction,RSI,RSI 加速上升,None,0.0,0.5525,0.3265,0.3265,0.3117,147,6796,0.0031,85.29,85.55,85.82,84.44,2026-07-15,3,False
CVE,Energy,Oil & Gas Integrated,RSI,RSI 動能加速（強勢區）,None,0.0,0.51,0.3265,,0.3265,0,873,0.0005,27.61,27.62,27.64,27.33,2026-07-13,3,False
DINO,Energy,Oil & Gas Refining & Marketing,RSI,RSI 動能加速（強勢區）,None,0.0,0.51,0.3265,,0.3265,0,873,0.0005,81.7,81.74,81.78,80.88,2026-07-13,3,False
EPD,Energy,Oil & Gas Midstream,RSI,RSI 動能加速（強勢區）,None,0.0,0.51,0.3265,,0.3265,0,873,0.0005,38.31,38.33,38.35,37.93,2026-07-13,3,False
ET,Energy,Oil & Gas Midstream,RSI,RSI 動能加速（強勢區）,None,0.0,0.51,0.3265,,0.3265,0,873,0.0005,20.18,20.19,20.2,19.98,2026-07-13,3,False
FTI,Energy,Oil & Gas Equipment & Services,RSI,RSI 動能加速（強勢區）,None,0.0,0.51,0.3265,,0.3265,0,873,0.0005,74.57,74.61,74.64,73.82,2026-07-14,3,False
IMO,Energy,Oil & Gas Integrated,RSI,RSI 動能加速（強勢區）,None,0.0,0.51,0.3265,,0.3265,0,873,0.0005,123.64,123.7,123.76,122.4,2026-07-13,3,False
LNG,Energy,Oil & Gas Midstream,RSI,RSI 動能加速（強勢區）,None,0.0,0.51,0.3265,,0.3265,0,873,0.0005,263.29,263.42,263.55,260.66,2026-07-13,3,False
OVV,Energy,Oil & Gas E&P,RSI,RSI 動能加速（強勢區）,None,0.0,0.51,0.3265,,0.3265,0,873,0.0005,56.51,56.54,56.57,55.94,2026-07-13,3,False
PAA,Energy,Oil & Gas Midstream,RSI,RSI 動能加速（強勢區）,None,0.0,0.51,0.3265,,0.3265,0,873,0.0005,23.54,23.55,23.56,23.3,2026-07-13,3,False
PBA,Energy,Oil & Gas Midstream,RSI,RSI 動能加速（強勢區）,None,0.0,0.51,0.3265,,0.3265,0,873,0.0005,49.65,49.67,49.7,49.15,2026-07-13,3,False
PBR,Energy,Oil & Gas Integrated,RSI,RSI 動能加速（強勢區）,None,0.0,0.51,0.3265,,0.3265,0,873,0.0005,17.88,17.89,17.9,17.7,2026-07-13,3,False
PR,Energy,Oil & Gas E&P,RSI,RSI 動能加速（強勢區）,None,0.0,0.51,0.3265,,0.3265,0,873,0.0005,19.62,19.63,19.64,19.42,2026-07-13,3,False
SHEL,Energy,Oil & Gas Integrated,RSI,RSI 動能加速（強勢區）,None,0.0,0.51,0.3265,,0.3265,0,873,0.0005,83.98,84.02,84.06,83.14,2026-07-13,3,False
SU,Energy,Oil & Gas Integrated,RSI,RSI 動能加速（強勢區）,None,0.0,0.51,0.3265,,0.3265,0,873,0.0005,61.27,61.3,61.33,60.66,2026-07-13,3,False
SUN,Energy,Oil & Gas Refining & Marketing,RSI,RSI 動能加速（強勢區）,None,0.0,0.51,0.3265,,0.3265,0,873,0.0005,72.33,72.37,72.4,71.61,2026-07-14,3,False
TMO,Health Care,Diagnostics & Research,RSI,RSI 維持強勢 (50-70),None,0.0,0.51,0.3265,0.3265,0.2772,196,12123,0.0039,535.29,537.38,539.47,529.94,2026-07-15,3,False
VG,Energy,Oil & Gas Midstream,RSI,RSI 動能加速（強勢區）,None,0.0,0.51,0.3265,,0.3265,0,873,0.0005,13.36,13.37,13.37,13.23,2026-07-13,3,False
WES,Energy,Oil & Gas Midstream,RSI,RSI 動能加速（強勢區）,None,0.0,0.51,0.3265,,0.3265,0,873,0.0005,45.74,45.76,45.79,45.28,2026-07-13,3,False
AEP,Utilities,Utilities - Regulated Electric,RSI,RSI 維持強勢 (50-70),None,0.0,0.51,0.3262,0.3262,0.2471,279,8831,0.0058,132.5,133.27,134.04,131.18,2026-07-15,3,False
AXON,Industrials,Aerospace & Defense,RSI,RSI 維持強勢 (50-70),None,0.0,0.51,0.3255,0.3255,0.2986,212,19157,-0.0009,541.12,540.63,540.15,535.71,2026-07-15,3,False
BCE,Communication Services,Telecom Services,MACD,MACD 金叉 (空頭區),None,0.0,0.42,0.3254,,0.3254,0,252,0.0044,21.6,21.7,21.79,21.38,2026-07-15,3,False
RCI,Communication Services,Telecom Services,MACD,MACD 金叉 (空頭區),None,0.0,0.42,0.3254,,0.3254,0,252,0.0044,33.86,34.01,34.16,33.52,2026-07-15,3,False
TU,Communication Services,Telecom Services,MACD,MACD 金叉 (空頭區),None,0.0,0.42,0.3254,,0.3254,0,252,0.0044,10.48,10.53,10.57,10.38,2026-07-15,3,False
PFG,Financials,Asset Management,RSI,RSI 維持強勢 (50-70),None,0.0,0.51,0.3247,0.3247,0.2842,271,19108,0.0036,112.96,113.37,113.77,111.83,2026-07-15,3,False
RVTY,Health Care,Diagnostics & Research,BB,價格在 BB 中軌上方,None,0.0,0.425,0.3247,0.3247,0.2804,194,14417,-0.0022,111.35,111.11,110.86,110.24,2026-07-15,3,False
NYT,Communication Services,Publishing,RSI,RSI 上穿 50 中性線,None,0.0,0.4675,0.3243,,0.3243,0,518,0.004,75.22,75.52,75.82,74.47,2026-07-15,3,False
TME,Communication Services,Internet Content & Information,RSI,RSI 上穿 50 中性線,None,0.0,0.4675,0.3243,,0.3243,0,518,0.004,8.86,8.9,8.93,8.77,2026-07-15,3,False
A,Health Care,Diagnostics & Research,RSI,RSI 維持強勢 (50-70),None,0.0,0.51,0.3237,0.3237,0.2772,207,12123,0.0002,134.71,134.74,134.76,133.36,2026-07-15,3,False
GWW,Industrials,Industrial Distribution,RSI,RSI 維持強勢 (50-70),None,0.0,0.51,0.3234,0.3234,0.2986,269,19157,0.0065,1371.4399,1380.35,1389.27,1357.73,2026-07-15,3,False
STLA,Consumer Discretionary,Auto Manufacturers,MACD,MACD 金叉 (空頭區),None,0.0,0.42,0.3233,,0.3233,0,529,0.0066,5.57,5.61,5.64,5.51,2026-07-13,3,False
EC,Energy,Oil & Gas Integrated,RSI,RSI 加速上升,None,0.0,0.5525,0.3227,,0.3227,0,3306,0.0024,15.98,16.02,16.06,15.82,2026-07-15,3,False
TTE,Energy,Oil & Gas Integrated,RSI,RSI 加速上升,None,0.0,0.5525,0.3227,,0.3227,0,3306,0.0024,80.34,80.53,80.73,79.54,2026-07-15,3,False
CNH,Industrials,Farm & Heavy Construction Machinery,KDJ,KDJ 金叉,None,0.0,0.5525,0.3223,,0.3223,0,2110,0.0051,10.57,10.62,10.68,10.46,2026-07-15,3,False
CR,Industrials,Specialty Industrial Machinery,KDJ,KDJ 金叉,None,0.0,0.5525,0.3223,,0.3223,0,2110,0.0051,218.84,219.96,221.07,216.65,2026-07-15,3,False
CSL,Industrials,Building Products & Equipment,KDJ,KDJ 金叉,None,0.0,0.5525,0.3223,,0.3223,0,2110,0.0051,344.1,345.85,347.61,340.66,2026-07-15,3,False
DY,Industrials,Engineering & Construction,KDJ,KDJ 金叉,None,0.0,0.5525,0.3223,,0.3223,0,2110,0.0051,428.77,430.96,433.14,424.48,2026-07-15,3,False
IESC,Industrials,Engineering & Construction,KDJ,KDJ 金叉,None,0.0,0.5525,0.3223,,0.3223,0,2110,0.0051,625.91,629.1,632.29,619.65,2026-07-15,3,False
LECO,Industrials,Tools & Accessories,KDJ,KDJ 金叉,None,0.0,0.5525,0.3223,,0.3223,0,2110,0.0051,252.58,253.87,255.16,250.05,2026-07-14,3,False
RELX,Industrials,Specialty Business Services,KDJ,KDJ 金叉,None,0.0,0.5525,0.3223,,0.3223,0,2110,0.0051,33.42,33.59,33.76,33.09,2026-07-13,3,False
RRX,Industrials,Specialty Industrial Machinery,KDJ,KDJ 金叉,None,0.0,0.5525,0.3223,,0.3223,0,2110,0.0051,213.31,214.4,215.49,211.18,2026-07-15,3,False
VMI,Industrials,Conglomerates,KDJ,KDJ 金叉,None,0.0,0.5525,0.3223,,0.3223,0,2110,0.0051,544.38,547.16,549.93,538.94,2026-07-15,3,False
WMS,Industrials,Building Products & Equipment,KDJ,KDJ 金叉,None,0.0,0.5525,0.3223,,0.3223,0,2110,0.0051,151.26,152.03,152.8,149.75,2026-07-15,3,False
WSO,Industrials,Industrial Distribution,KDJ,KDJ 金叉,None,0.0,0.5525,0.3223,,0.3223,0,2110,0.0051,395.29,397.31,399.32,391.34,2026-07-14,3,False
BPYPM,Financials,Asset Management,MACD,MACD 金叉 (空頭區),None,0.0,0.42,0.3214,,0.3214,0,865,0.0073,16.13,16.25,16.37,15.97,2026-07-15,3,False
JEF,Financials,Capital Markets,MACD,MACD 金叉 (空頭區),None,0.0,0.42,0.3214,,0.3214,0,865,0.0073,57.13,57.55,57.96,56.56,2026-07-15,3,False
BG,Consumer Staples,Farm Products,RSI,RSI 加速上升,None,0.0,0.5525,0.321,0.321,0.2439,162,5343,0.0012,116.63,116.77,116.91,115.46,2026-07-14,3,False
HBANZ,Financials,Banks - Regional,KDJ,KDJ 金叉,Morning Star,0.8,1.0,0.3208,,0.3208,0,106,0.0016,19.77,19.8,19.83,19.57,2026-07-14,3,False
REGN,Health Care,Biotechnology,BB,價格在 BB 中軌上方,None,0.0,0.425,0.3207,0.3207,0.2804,290,14417,0.0008,664.45,664.98,665.51,657.81,2026-07-15,3,False
DOC,Real Estate,REIT - Healthcare Facilities,RSI,RSI 維持強勢 (50-70),None,0.0,0.51,0.3188,0.3188,0.2509,207,7011,0.004,21.74,21.83,21.91,21.52,2026-07-15,3,False
NIO,Consumer Discretionary,Auto Manufacturers,KDJ,KDJ 金叉,None,0.0,0.5525,0.3183,,0.3183,0,1244,0.0033,5.01,5.03,5.04,4.96,2026-07-14,3,False
SCI,Consumer Discretionary,Personal Services,KDJ,KDJ 金叉,None,0.0,0.5525,0.3183,,0.3183,0,1244,0.0033,79.64,79.9,80.17,78.84,2026-07-13,3,False
TOL,Consumer Discretionary,Residential Construction,KDJ,KDJ 金叉,None,0.0,0.5525,0.3183,,0.3183,0,1244,0.0033,153.19,153.7,154.2,151.66,2026-07-15,3,False
TXRH,Consumer Discretionary,Restaurants,KDJ,KDJ 金叉,None,0.0,0.5525,0.3183,,0.3183,0,1244,0.0033,192.03,192.66,193.3,190.11,2026-07-13,3,False
XPEV,Consumer Discretionary,Auto Manufacturers,KDJ,KDJ 金叉,None,0.0,0.5525,0.3183,,0.3183,0,1244,0.0033,13.78,13.83,13.87,13.64,2026-07-15,3,False
EQIX,Real Estate,REIT - Specialty,RSI,RSI 加速上升,None,0.0,0.5525,0.3182,0.3182,0.2327,132,4401,0.0054,1039.53,1045.14,1050.76,1029.13,2026-07-13,3,False
ETR,Utilities,Utilities - Regulated Electric,KDJ,KDJ 金叉,None,0.0,0.5525,0.3182,0.3182,0.3001,22,713,0.0041,115.41,115.88,116.36,114.26,2026-07-14,3,False
AXSM,Health Care,Biotechnology,MACD,MACD 突破 0 軸,None,0.0,0.595,0.3171,,0.3171,0,432,0.0028,237.53,238.2,238.86,235.15,2026-07-15,3,False
SNN,Health Care,Medical Devices,MACD,MACD 突破 0 軸,None,0.0,0.595,0.3171,,0.3171,0,432,0.0028,30.8,30.89,30.97,30.49,2026-07-15,3,False
SNY,Health Care,Drug Manufacturers - General,MACD,MACD 突破 0 軸,None,0.0,0.595,0.3171,,0.3171,0,432,0.0028,44.0,44.12,44.25,43.56,2026-07-13,3,False
COP,Energy,Oil & Gas E&P,RSI,RSI 上穿 50 中性線,None,0.0,0.4675,0.3171,0.3171,0.361,41,579,-0.0018,112.85,112.65,112.44,111.72,2026-07-13,3,False
GM,Consumer Discretionary,Auto Manufacturers,RSI,RSI 加速上升,None,0.0,0.5525,0.3168,0.3168,0.3117,161,6796,0.0012,77.64,77.73,77.83,76.86,2026-07-15,3,False
WBD,Communication Services,Entertainment,RSI,RSI 上穿 50 中性線,None,0.0,0.4675,0.3158,0.3158,0.3243,19,518,-0.0022,27.09,27.03,26.97,26.82,2026-07-13,3,False
IQV,Health Care,Diagnostics & Research,RSI,RSI 維持強勢 (50-70),None,0.0,0.51,0.315,0.315,0.2772,200,12123,0.0008,206.81,206.98,207.14,204.74,2026-07-15,3,False
DOW,Materials,Chemicals,RSI,RSI 加速上升,None,0.0,0.5525,0.3145,0.3145,0.3048,159,3639,-0.0053,29.7,29.54,29.39,29.4,2026-07-15,3,False
KRYS,Health Care,Biotechnology,RSI,RSI 上穿 50 中性線,None,0.0,0.4675,0.3144,,0.3144,0,1323,0.003,350.24,351.29,352.34,346.74,2026-07-15,3,False
MDLN,Health Care,Medical Instruments & Supplies,RSI,RSI 上穿 50 中性線,None,0.0,0.4675,0.3144,,0.3144,0,1323,0.003,39.44,39.56,39.68,39.05,2026-07-15,3,False
PHG,Health Care,Medical Devices,RSI,RSI 上穿 50 中性線,None,0.0,0.4675,0.3144,,0.3144,0,1323,0.003,27.02,27.1,27.18,26.75,2026-07-15,3,False
BAP,Financials,Banks - Regional,KDJ,KDJ 金叉,None,0.0,0.5525,0.3142,,0.3142,0,1932,0.0041,398.2,399.83,401.47,394.22,2026-07-15,3,False
BPOP,Financials,Banks - Regional,KDJ,KDJ 金叉,None,0.0,0.5525,0.3142,,0.3142,0,1932,0.0041,171.01,171.71,172.41,169.3,2026-07-15,3,False
CET,Financials,Asset Management,KDJ,KDJ 金叉,None,0.0,0.5525,0.3142,,0.3142,0,1932,0.0041,52.98,53.2,53.41,52.45,2026-07-13,3,False
CRCL,Financials,Capital Markets,KDJ,KDJ 金叉,None,0.0,0.5525,0.3142,,0.3142,0,1932,0.0041,63.22,63.48,63.74,62.59,2026-07-14,3,False
EVR,Financials,Capital Markets,KDJ,KDJ 金叉,None,0.0,0.5525,0.3142,,0.3142,0,1932,0.0041,342.2,343.6,345.01,338.78,2026-07-14,3,False
GLXY,Financials,Capital Markets,KDJ,KDJ 金叉,None,0.0,0.5525,0.3142,,0.3142,0,1932,0.0041,24.22,24.32,24.42,23.98,2026-07-14,3,False
HUT,Financials,Capital Markets,KDJ,KDJ 金叉,None,0.0,0.5525,0.3142,,0.3142,0,1932,0.0041,103.03,103.45,103.87,102.0,2026-07-15,3,False
TD,Financials,Banks - Diversified,KDJ,KDJ 金叉,None,0.0,0.5525,0.3142,,0.3142,0,1932,0.0041,120.63,121.12,121.62,119.42,2026-07-13,3,False
PAAS,Materials,Gold,KDJ,KDJ 金叉,None,0.0,0.5525,0.314,,0.314,0,637,0.0047,43.51,43.71,43.92,43.07,2026-07-14,3,False
IONS,Health Care,Biotechnology,RSI,RSI 維持超賣,None,0.0,0.385,0.3138,,0.3138,0,956,0.0016,54.73,54.82,54.91,54.18,2026-07-15,3,False
NTES,Communication Services,Electronic Gaming & Multimedia,RSI,RSI 動能加速（強勢區）,None,0.0,0.51,0.3135,,0.3135,0,772,0.0011,131.43,131.57,131.72,130.12,2026-07-13,3,False
PINS,Communication Services,Internet Content & Information,RSI,RSI 動能加速（強勢區）,None,0.0,0.51,0.3135,,0.3135,0,772,0.0011,23.68,23.71,23.73,23.44,2026-07-15,3,False
RBLX,Communication Services,Electronic Gaming & Multimedia,RSI,RSI 動能加速（強勢區）,None,0.0,0.51,0.3135,,0.3135,0,772,0.0011,57.07,57.13,57.2,56.5,2026-07-15,3,False
TIGO,Communication Services,Telecom Services,RSI,RSI 動能加速（強勢區）,None,0.0,0.51,0.3135,,0.3135,0,772,0.0011,98.16,98.27,98.38,97.18,2026-07-14,3,False
VIV,Communication Services,Telecom Services,RSI,RSI 動能加速（強勢區）,None,0.0,0.51,0.3135,,0.3135,0,772,0.0011,14.03,14.05,14.06,13.89,2026-07-14,3,False
AAPL,Information Technology,Consumer Electronics,BB,價格在 BB 中軌上方,None,0.0,0.425,0.3133,0.3133,0.3573,300,20206,0.0003,327.5,327.6,327.7,324.23,2026-07-15,3,False
PYPL,Financials,Credit Services,RSI,RSI 維持強勢 (50-70),None,0.0,0.51,0.3128,0.3128,0.2842,211,19108,-0.0065,47.37,47.06,46.75,46.9,2026-07-14,3,False
CCK,Consumer Discretionary,Packaging & Containers,RSI,RSI 維持強勢 (50-70),Support,0.9,1.0,0.3125,,0.3125,0,32,-0.0041,109.74,109.29,108.84,108.64,2026-07-13,3,False
GIS,Consumer Staples,Packaged Foods,KDJ,KDJ 金叉,None,0.0,0.5525,0.3125,0.3125,0.2503,16,779,0.0079,37.22,37.51,37.81,36.85,2026-07-15,3,False
MKC,Consumer Staples,Packaged Foods,KDJ,KDJ 金叉,None,0.0,0.5525,0.3125,0.3125,0.2503,16,779,-0.0022,53.75,53.63,53.51,53.21,2026-07-13,3,False
NDSN,Industrials,Specialty Industrial Machinery,KDJ,KDJ 金叉,None,0.0,0.5525,0.3125,0.3125,0.3223,16,2110,0.0072,287.77,289.84,291.91,284.89,2026-07-15,3,False
PGR,Financials,Insurance - Property & Casualty,BB,BB 中軌向上（上升趨勢）,None,0.0,0.51,0.3119,0.3119,0.2681,202,16575,0.0077,205.22,206.8,208.38,203.17,2026-07-15,3,False
FIVE,Consumer Discretionary,Specialty Retail,RSI,RSI 加速上升,None,0.0,0.5525,0.3117,,0.3117,0,6796,0.004,193.03,193.8,194.57,191.1,2026-07-15,3,False
H,Consumer Discretionary,Lodging,RSI,RSI 加速上升,None,0.0,0.5525,0.3117,,0.3117,0,6796,0.004,191.0,191.76,192.53,189.09,2026-07-15,3,False
LI,Consumer Discretionary,Auto Manufacturers,RSI,RSI 加速上升,None,0.0,0.5525,0.3117,,0.3117,0,6796,0.004,12.73,12.78,12.83,12.6,2026-07-15,3,False
PAG,Consumer Discretionary,Auto & Truck Dealerships,RSI,RSI 加速上升,None,0.0,0.5525,0.3117,,0.3117,0,6796,0.004,200.4,201.2,202.0,198.4,2026-07-15,3,False
PKG,Consumer Discretionary,Packaging & Containers,RSI,RSI 加速上升,None,0.0,0.5525,0.3117,,0.3117,0,6796,0.004,227.86,228.77,229.68,225.58,2026-07-15,3,False
QSR,Consumer Discretionary,Restaurants,RSI,RSI 加速上升,None,0.0,0.5525,0.3117,,0.3117,0,6796,0.004,75.57,75.87,76.17,74.81,2026-07-13,3,False
ROL,Consumer Discretionary,Personal Services,RSI,RSI 加速上升,None,0.0,0.5525,0.3117,,0.3117,0,6796,0.004,44.92,45.1,45.28,44.47,2026-07-13,3,False
SW,Consumer Discretionary,Packaging & Containers,RSI,RSI 加速上升,None,0.0,0.5525,0.3117,,0.3117,0,6796,0.004,43.59,43.76,43.94,43.15,2026-07-15,3,False
TCOM,Consumer Discretionary,Travel Services,RSI,RSI 加速上升,None,0.0,0.5525,0.3117,,0.3117,0,6796,0.004,42.87,43.04,43.21,42.44,2026-07-15,3,False
WMG,Communication Services,Entertainment,RSI,RSI 加速上升,None,0.0,0.5525,0.3116,,0.3116,0,3322,0.0033,28.75,28.84,28.94,28.46,2026-07-13,3,False
SWK,Industrials,Tools & Accessories,BB,BB 中軌向上（上升趨勢）,None,0.0,0.51,0.311,0.311,0.2929,164,17460,-0.003,87.96,87.7,87.43,87.08,2026-07-15,3,False
UNP,Industrials,Railroads,RSI,RSI 加速上升,None,0.0,0.5525,0.3108,0.3108,0.2981,148,11545,0.0081,288.36,290.7,293.03,285.48,2026-07-15,3,False
POWL,Industrials,Electrical Equipment & Parts,RSI,RSI 加速上升,Morning Star,0.8,1.0,0.3106,,0.3106,0,132,0.0051,247.01,248.27,249.53,244.54,2026-07-15,3,False
GILD,Health Care,Drug Manufacturers - General,BB,BB 中軌向上（上升趨勢）,None,0.0,0.51,0.3105,0.3105,0.2705,219,10885,0.005,131.7,132.36,133.02,130.38,2026-07-15,3,False
CHT,Communication Services,Telecom Services,RSI,RSI 維持超賣,None,0.0,0.385,0.3095,,0.3095,0,42,0.0097,41.44,41.84,42.24,41.03,2026-07-14,3,True
TEL,Information Technology,Electronic Components,RSI,RSI 加速上升,None,0.0,0.5525,0.3094,0.3094,0.3693,139,10688,0.004,201.34,202.15,202.95,199.33,2026-07-15,3,False
TGT,Consumer Staples,Discount Stores,BB,BB 中軌向上（上升趨勢）,None,0.0,0.51,0.3094,0.3094,0.2466,181,6128,0.0009,138.29,138.41,138.54,136.91,2026-07-15,3,False
EDU,Consumer Staples,Education & Training Services,RSI,RSI 維持強勢 (50-70),None,0.0,0.51,0.3092,,0.3092,0,262,0.0027,49.59,49.72,49.86,49.09,2026-07-14,3,True
DG,Consumer Staples,Discount Stores,BB,BB 中軌向上（上升趨勢）,None,0.0,0.51,0.3091,0.3091,0.2466,165,6128,-0.0063,121.28,120.52,119.75,120.07,2026-07-15,3,False
BNT,Financials,Insurance - Diversified,RSI,RSI 上穿 50 中性線,None,0.0,0.4675,0.3091,,0.3091,0,1899,0.0046,44.59,44.8,45.0,44.14,2026-07-15,3,False
RKT,Financials,Mortgage Finance,RSI,RSI 上穿 50 中性線,None,0.0,0.4675,0.3091,,0.3091,0,1899,0.0046,14.6,14.67,14.73,14.45,2026-07-15,3,False
TW,Financials,Capital Markets,RSI,RSI 上穿 50 中性線,None,0.0,0.4675,0.3091,,0.3091,0,1899,0.0046,100.68,101.14,101.61,99.67,2026-07-15,3,False
UNM,Financials,Insurance - Life,RSI,RSI 上穿 50 中性線,None,0.0,0.4675,0.3091,,0.3091,0,1899,0.0046,89.41,89.82,90.23,88.52,2026-07-13,3,False
AMX,Communication Services,Telecom Services,RSI,RSI 維持強勢 (50-70),None,0.0,0.51,0.3082,,0.3082,0,5205,0.0026,26.11,26.18,26.25,25.85,2026-07-15,3,False
CCZ,Communication Services,Cable & Satellite,RSI,RSI 維持強勢 (50-70),None,0.0,0.51,0.3082,,0.3082,0,5205,0.0026,66.5,66.67,66.85,65.83,2026-07-14,3,False
SPOT,Communication Services,Internet Content & Information,RSI,RSI 維持強勢 (50-70),None,0.0,0.51,0.3082,,0.3082,0,5205,0.0026,485.38,486.64,487.9,480.53,2026-07-15,3,False
TFC,Financials,Banks - Regional,RSI,RSI 加速上升,Consolidation Breakout,0.75,1.0,0.3077,0.3077,0.2555,13,1679,0.0011,52.8,52.86,52.92,52.27,2026-07-15,3,False
ITW,Industrials,Specialty Industrial Machinery,KDJ,KDJ 金叉,None,0.0,0.5525,0.3077,0.3077,0.3223,13,2110,0.0076,272.28,274.35,276.42,269.56,2026-07-14,3,False
MCO,Financials,Financial Data & Stock Exchanges,RSI,RSI 加速上升,None,0.0,0.5525,0.3077,0.3077,0.3014,143,11488,0.0067,504.46,507.84,511.22,499.42,2026-07-15,3,False
IP,Consumer Discretionary,Packaging & Containers,RSI,RSI 上穿 50 中性線,None,0.0,0.4675,0.3072,,0.3072,0,1123,0.0037,36.74,36.88,37.01,36.37,2026-07-15,3,False
TM,Consumer Discretionary,Auto Manufacturers,RSI,RSI 上穿 50 中性線,None,0.0,0.4675,0.3072,,0.3072,0,1123,0.0037,176.92,177.57,178.23,175.15,2026-07-15,3,False
ROK,Industrials,Specialty Industrial Machinery,RSI,RSI 維持強勢 (50-70),None,0.0,0.51,0.3067,0.3067,0.2986,225,19157,0.0028,469.77,471.09,472.4,465.07,2026-07-14,3,False
HAL,Energy,Oil & Gas Equipment & Services,RSI,RSI 加速上升,None,0.0,0.5525,0.306,0.306,0.3227,183,3306,0.0011,35.42,35.46,35.5,35.07,2026-07-14,3,False
CHRW,Industrials,Integrated Freight & Logistics,RSI,RSI 維持強勢 (50-70),None,0.0,0.51,0.3059,0.3059,0.2986,219,19157,0.0004,197.5,197.58,197.66,195.53,2026-07-15,3,False
TROW,Financials,Asset Management,BB,BB 中軌向上（上升趨勢）,None,0.0,0.51,0.3059,0.3059,0.2681,170,16575,0.0082,118.58,119.55,120.52,117.39,2026-07-15,3,False
KVUE,Consumer Staples,Household & Personal Products,RSI,RSI 維持強勢 (50-70),None,0.0,0.51,0.305,0.305,0.2452,200,7574,0.004,18.76,18.84,18.91,18.57,2026-07-14,3,False
CDE,Materials,Gold,RSI,RSI 加速上升,None,0.0,0.5525,0.3048,,0.3048,0,3639,0.0024,15.91,15.95,15.99,15.75,2026-07-15,3,False
ESI,Materials,Specialty Chemicals,RSI,RSI 加速上升,None,0.0,0.5525,0.3048,,0.3048,0,3639,0.0024,40.65,40.75,40.85,40.24,2026-07-14,3,False
KGC,Materials,Gold,RSI,RSI 加速上升,None,0.0,0.5525,0.3048,,0.3048,0,3639,0.0024,23.66,23.72,23.77,23.42,2026-07-15,3,False
MT,Materials,Steel,RSI,RSI 加速上升,None,0.0,0.5525,0.3048,,0.3048,0,3639,0.0024,67.63,67.79,67.95,66.95,2026-07-15,3,False
NTR,Materials,Agricultural Inputs,RSI,RSI 加速上升,None,0.0,0.5525,0.3048,,0.3048,0,3639,0.0024,68.64,68.8,68.97,67.95,2026-07-14,3,False
PKX,Materials,Steel,RSI,RSI 加速上升,None,0.0,0.5525,0.3048,,0.3048,0,3639,0.0024,51.89,52.01,52.14,51.37,2026-07-15,3,False
SOLS,Materials,Specialty Chemicals,RSI,RSI 加速上升,None,0.0,0.5525,0.3048,,0.3048,0,3639,0.0024,63.36,63.51,63.66,62.73,2026-07-14,3,False
TECK,Materials,Other Industrial Metals & Mining,RSI,RSI 加速上升,None,0.0,0.5525,0.3048,,0.3048,0,3639,0.0024,57.95,58.09,58.23,57.37,2026-07-15,3,False
VALE,Materials,Other Industrial Metals & Mining,RSI,RSI 加速上升,None,0.0,0.5525,0.3048,,0.3048,0,3639,0.0024,14.67,14.71,14.74,14.52,2026-07-15,3,False
PSX,Energy,Oil & Gas Refining & Marketing,RSI,RSI 動能加速（強勢區）,None,0.0,0.51,0.3043,0.3043,0.3265,46,873,0.0041,198.29,199.1,199.92,196.31,2026-07-13,3,False
LTM,Industrials,Airlines,RSI,RSI 上穿 50 中性線,None,0.0,0.4675,0.304,,0.304,0,1816,0.0018,54.87,54.97,55.07,54.32,2026-07-15,3,False
RBA,Industrials,Specialty Business Services,RSI,RSI 上穿 50 中性線,None,0.0,0.4675,0.304,,0.304,0,1816,0.0018,111.32,111.52,111.72,110.21,2026-07-15,3,False
CINF,Financials,Insurance - Property & Casualty,RSI,RSI 維持強勢 (50-70),None,0.0,0.51,0.3039,0.3039,0.2842,306,19108,0.0032,180.03,180.61,181.18,178.23,2026-07-14,3,False
PDD,Consumer Discretionary,Internet Retail,RSI,RSI 動能加速（強勢區）,None,0.0,0.51,0.3027,,0.3027,0,1665,0.0035,85.74,86.04,86.34,84.88,2026-07-15,3,False
RACE,Consumer Discretionary,Auto Manufacturers,RSI,RSI 動能加速（強勢區）,None,0.0,0.51,0.3027,,0.3027,0,1665,0.0035,375.74,377.06,378.37,371.98,2026-07-15,3,False
APTV,Consumer Discretionary,Auto Parts,RSI,RSI 維持強勢 (50-70),None,0.0,0.51,0.302,0.302,0.2995,149,10441,0.0023,58.96,59.1,59.23,58.37,2026-07-15,3,False
FN,Information Technology,Electronic Components,KDJ,KDJ 超賣區金叉,None,0.0,0.5599999999999999,0.3016,,0.3016,0,368,-0.0,482.78,482.78,482.78,477.95,2026-07-14,3,False
WIT,Information Technology,Information Technology Services,KDJ,KDJ 超賣區金叉,None,0.0,0.5599999999999999,0.3016,,0.3016,0,368,-0.0,1.9,1.9,1.9,1.88,2026-07-13,3,False
BBD,Financials,Banks - Regional,RSI,RSI 加速上升,None,0.0,0.5525,0.3014,,0.3014,0,11488,0.0041,3.62,3.63,3.65,3.58,2026-07-15,3,False
BNS,Financials,Banks - Diversified,RSI,RSI 加速上升,None,0.0,0.5525,0.3014,,0.3014,0,11488,0.0041,88.99,89.35,89.72,88.1,2026-07-14,3,False
BSBR,Financials,Banks - Regional,RSI,RSI 加速上升,None,0.0,0.5525,0.3014,,0.3014,0,11488,0.0041,5.35,5.37,5.39,5.3,2026-07-15,3,False
EWBC,Financials,Banks - Regional,RSI,RSI 加速上升,None,0.0,0.5525,0.3014,,0.3014,0,11488,0.0041,132.41,132.95,133.5,131.09,2026-07-15,3,False
FNF,Financials,Insurance - Specialty,RSI,RSI 加速上升,None,0.0,0.5525,0.3014,,0.3014,0,11488,0.0041,50.13,50.34,50.54,49.63,2026-07-15,3,False
FUTU,Financials,Capital Markets,RSI,RSI 加速上升,None,0.0,0.5525,0.3014,,0.3014,0,11488,0.0041,99.37,99.78,100.18,98.38,2026-07-15,3,False
HBANP,Financials,Banks - Regional,RSI,RSI 加速上升,None,0.0,0.5525,0.3014,,0.3014,0,11488,0.0041,16.22,16.29,16.35,16.06,2026-07-14,3,False
KB,Financials,Banks - Regional,RSI,RSI 加速上升,None,0.0,0.5525,0.3014,,0.3014,0,11488,0.0041,123.25,123.76,124.26,122.02,2026-07-13,3,False
LPLA,Financials,Capital Markets,RSI,RSI 加速上升,None,0.0,0.5525,0.3014,,0.3014,0,11488,0.0041,329.12,330.47,331.82,325.83,2026-07-15,3,False
MFG,Financials,Banks - Regional,RSI,RSI 加速上升,None,0.0,0.5525,0.3014,,0.3014,0,11488,0.0041,10.66,10.7,10.75,10.55,2026-07-15,3,False
MUFG,Financials,Banks - Diversified,RSI,RSI 加速上升,None,0.0,0.5525,0.3014,,0.3014,0,11488,0.0041,22.5,22.59,22.68,22.27,2026-07-14,3,False
RGA,Financials,Insurance - Reinsurance,RSI,RSI 加速上升,None,0.0,0.5525,0.3014,,0.3014,0,11488,0.0041,238.01,238.99,239.96,235.63,2026-07-13,3,False
SLMBP,Financials,Credit Services,RSI,RSI 加速上升,None,0.0,0.5525,0.3014,,0.3014,0,11488,0.0041,74.68,74.99,75.29,73.93,2026-07-14,3,False
SMFG,Financials,Banks - Diversified,RSI,RSI 加速上升,None,0.0,0.5525,0.3014,,0.3014,0,11488,0.0041,26.5,26.61,26.72,26.23,2026-07-15,3,False
TPG,Financials,Asset Management,RSI,RSI 加速上升,None,0.0,0.5525,0.3014,,0.3014,0,11488,0.0041,44.49,44.67,44.85,44.05,2026-07-15,3,False
UBS,Financials,Banks - Diversified,RSI,RSI 加速上升,None,0.0,0.5525,0.3014,,0.3014,0,11488,0.0041,53.82,54.04,54.26,53.28,2026-07-14,3,False
VLYPP,Financials,Banks - Regional,RSI,RSI 加速上升,None,0.0,0.5525,0.3014,,0.3014,0,11488,0.0041,25.03,25.13,25.24,24.78,2026-07-13,3,False
WBS,Financials,Banks - Regional,RSI,RSI 加速上升,None,0.0,0.5525,0.3014,,0.3014,0,11488,0.0041,76.58,76.89,77.21,75.81,2026-07-15,3,False
KEYS,Information Technology,Scientific & Technical Instruments,RSI,RSI 加速上升,None,0.0,0.5525,0.3008,0.3008,0.3693,133,10688,0.0093,325.73,328.76,331.79,322.47,2026-07-14,3,False
BIDU,Communication Services,Internet Content & Information,BB,價格在 BB 中軌上方,None,0.0,0.425,0.3007,,0.3007,0,6080,0.0027,113.39,113.7,114.0,112.26,2026-07-13,3,False
TLK,Communication Services,Telecom Services,BB,價格在 BB 中軌上方,None,0.0,0.425,0.3007,,0.3007,0,6080,0.0027,14.14,14.18,14.22,14.0,2026-07-15,3,False
CSX,Industrials,Railroads,BB,價格在 BB 中軌上方,None,0.0,0.425,0.3006,0.3006,0.295,336,22337,0.0054,49.43,49.7,49.96,48.94,2026-07-15,3,False
ENLT,Utilities,Utilities - Renewable,KDJ,KDJ 金叉,None,0.0,0.5525,0.3001,,0.3001,0,713,0.0052,90.25,90.72,91.19,89.35,2026-07-14,3,False
FTS,Utilities,Utilities - Regulated Electric,KDJ,KDJ 金叉,None,0.0,0.5525,0.3001,,0.3001,0,713,0.0052,57.72,58.02,58.32,57.14,2026-07-14,3,False
NGG,Utilities,Utilities - Regulated Electric,KDJ,KDJ 金叉,None,0.0,0.5525,0.3001,,0.3001,0,713,0.0052,83.28,83.71,84.15,82.45,2026-07-13,3,False
OGE,Utilities,Utilities - Regulated Electric,KDJ,KDJ 金叉,None,0.0,0.5525,0.3001,,0.3001,0,713,0.0052,49.5,49.76,50.01,49.01,2026-07-14,3,False
PPLC,Utilities,Utilities - Regulated Electric,KDJ,KDJ 金叉,None,0.0,0.5525,0.3001,,0.3001,0,713,0.0052,48.64,48.89,49.15,48.15,2026-07-14,3,False
AM,Energy,Oil & Gas Midstream,BB,價格在 BB 中軌上方,None,0.0,0.425,0.2998,,0.2998,0,5768,-0.0016,22.42,22.38,22.35,22.2,2026-07-15,3,False
AR,Energy,Oil & Gas E&P,BB,價格在 BB 中軌上方,None,0.0,0.425,0.2998,,0.2998,0,5768,-0.0016,33.58,33.53,33.47,33.24,2026-07-15,3,False
CQP,Energy,Oil & Gas Midstream,BB,價格在 BB 中軌上方,None,0.0,0.425,0.2998,,0.2998,0,5768,-0.0016,62.18,62.08,61.98,61.56,2026-07-15,3,False
MPLX,Energy,Oil & Gas Midstream,BB,價格在 BB 中軌上方,None,0.0,0.425,0.2998,,0.2998,0,5768,-0.0016,57.21,57.12,57.03,56.64,2026-07-13,3,False
AMCR,Consumer Discretionary,Packaging & Containers,RSI,RSI 維持強勢 (50-70),None,0.0,0.51,0.2995,,0.2995,0,10441,0.0032,43.4,43.54,43.68,42.97,2026-07-15,3,False
AS,Consumer Discretionary,Leisure,RSI,RSI 維持強勢 (50-70),None,0.0,0.51,0.2995,,0.2995,0,10441,0.0032,35.61,35.72,35.84,35.25,2026-07-15,3,False
AVY,Consumer Discretionary,Packaging & Containers,RSI,RSI 維持強勢 (50-70),None,0.0,0.51,0.2995,,0.2995,0,10441,0.0032,156.79,157.29,157.79,155.22,2026-07-15,3,False
BABA,Consumer Discretionary,Internet Retail,RSI,RSI 維持強勢 (50-70),None,0.0,0.51,0.2995,,0.2995,0,10441,0.0032,117.69,118.07,118.44,116.51,2026-07-15,3,False
BALL,Consumer Discretionary,Packaging & Containers,RSI,RSI 維持強勢 (50-70),None,0.0,0.51,0.2995,,0.2995,0,10441,0.0032,60.8,60.99,61.19,60.19,2026-07-15,3,False
BROS,Consumer Discretionary,Restaurants,RSI,RSI 維持強勢 (50-70),None,0.0,0.51,0.2995,,0.2995,0,10441,0.0032,66.46,66.67,66.89,65.8,2026-07-13,3,False
CART,Consumer Discretionary,Internet Retail,RSI,RSI 維持強勢 (50-70),None,0.0,0.51,0.2995,,0.2995,0,10441,0.0032,47.61,47.76,47.91,47.13,2026-07-15,3,False
CPNG,Consumer Discretionary,Internet Retail,RSI,RSI 維持強勢 (50-70),None,0.0,0.51,0.2995,,0.2995,0,10441,0.0032,17.92,17.98,18.03,17.74,2026-07-13,3,False
DKNG,Consumer Discretionary,Gambling,RSI,RSI 維持強勢 (50-70),None,0.0,0.51,0.2995,,0.2995,0,10441,0.0032,26.45,26.53,26.62,26.19,2026-07-13,3,False
HMC,Consumer Discretionary,Auto Manufacturers,RSI,RSI 維持強勢 (50-70),None,0.0,0.51,0.2995,,0.2995,0,10441,0.0032,27.89,27.98,28.07,27.61,2026-07-15,3,False
MELI,Consumer Discretionary,Internet Retail,RSI,RSI 維持強勢 (50-70),None,0.0,0.51,0.2995,,0.2995,0,10441,0.0032,1843.1899,1849.09,1854.99,1824.76,2026-07-15,3,False
RIVN,Consumer Discretionary,Auto Manufacturers,RSI,RSI 維持強勢 (50-70),None,0.0,0.51,0.2995,,0.2995,0,10441,0.0032,17.8,17.86,17.91,17.62,2026-07-15,3,False
SE,Consumer Discretionary,Internet Retail,RSI,RSI 維持強勢 (50-70),None,0.0,0.51,0.2995,,0.2995,0,10441,0.0032,109.29,109.64,109.99,108.2,2026-07-14,3,False
SN,Consumer Discretionary,"Furnishings, Fixtures & Appliances",RSI,RSI 維持強勢 (50-70),None,0.0,0.51,0.2995,,0.2995,0,10441,0.0032,150.05,150.53,151.01,148.55,2026-07-15,3,False
VIK,Consumer Discretionary,Travel Services,RSI,RSI 維持強勢 (50-70),None,0.0,0.51,0.2995,,0.2995,0,10441,0.0032,98.19,98.5,98.82,97.21,2026-07-15,3,False
AAL,Industrials,Airlines,RSI,RSI 維持強勢 (50-70),None,0.0,0.51,0.2986,,0.2986,0,19157,0.0036,15.63,15.69,15.74,15.47,2026-07-15,3,False
AER,Industrials,Rental & Leasing Services,RSI,RSI 維持強勢 (50-70),None,0.0,0.51,0.2986,,0.2986,0,19157,0.0036,147.79,148.32,148.85,146.31,2026-07-15,3,False
AIT,Industrials,Industrial Distribution,RSI,RSI 維持強勢 (50-70),None,0.0,0.51,0.2986,,0.2986,0,19157,0.0036,327.65,328.83,330.01,324.37,2026-07-15,3,False
APG,Industrials,Engineering & Construction,RSI,RSI 維持強勢 (50-70),None,0.0,0.51,0.2986,,0.2986,0,19157,0.0036,41.2,41.35,41.5,40.79,2026-07-15,3,False
ARMK,Industrials,Specialty Business Services,RSI,RSI 維持強勢 (50-70),None,0.0,0.51,0.2986,,0.2986,0,19157,0.0036,57.05,57.26,57.46,56.48,2026-07-15,3,False
ARXS,Industrials,Aerospace & Defense,RSI,RSI 維持強勢 (50-70),None,0.0,0.51,0.2986,,0.2986,0,19157,0.0036,41.55,41.7,41.85,41.13,2026-07-15,3,False
CLH,Industrials,Waste Management,RSI,RSI 維持強勢 (50-70),None,0.0,0.51,0.2986,,0.2986,0,19157,0.0036,303.37,304.46,305.55,300.34,2026-07-15,3,False
CNI,Industrials,Railroads,RSI,RSI 維持強勢 (50-70),None,0.0,0.51,0.2986,,0.2986,0,19157,0.0036,124.0,124.45,124.89,122.76,2026-07-15,3,False
CP,Industrials,Railroads,RSI,RSI 維持強勢 (50-70),None,0.0,0.51,0.2986,,0.2986,0,19157,0.0036,90.47,90.8,91.12,89.57,2026-07-15,3,False
DCI,Industrials,Specialty Industrial Machinery,RSI,RSI 維持強勢 (50-70),None,0.0,0.51,0.2986,,0.2986,0,19157,0.0036,89.27,89.59,89.91,88.38,2026-07-15,3,False
EMBJ,Industrials,Aerospace & Defense,RSI,RSI 維持強勢 (50-70),None,0.0,0.51,0.2986,,0.2986,0,19157,0.0036,64.9,65.13,65.37,64.25,2026-07-15,3,False
GFL,Industrials,Waste Management,RSI,RSI 維持強勢 (50-70),None,0.0,0.51,0.2986,,0.2986,0,19157,0.0036,38.92,39.06,39.2,38.53,2026-07-15,3,False
GPN,Industrials,Specialty Business Services,RSI,RSI 維持強勢 (50-70),None,0.0,0.51,0.2986,,0.2986,0,19157,0.0036,78.22,78.5,78.78,77.44,2026-07-15,3,False
ITT,Industrials,Specialty Industrial Machinery,RSI,RSI 維持強勢 (50-70),None,0.0,0.51,0.2986,,0.2986,0,19157,0.0036,194.16,194.86,195.56,192.22,2026-07-15,3,False
OC,Industrials,Building Products & Equipment,RSI,RSI 維持強勢 (50-70),None,0.0,0.51,0.2986,,0.2986,0,19157,0.0036,143.56,144.08,144.59,142.12,2026-07-15,3,False
POOL,Industrials,Industrial Distribution,RSI,RSI 維持強勢 (50-70),None,0.0,0.51,0.2986,,0.2986,0,19157,0.0036,210.07,210.83,211.58,207.97,2026-07-14,3,False
R,Industrials,Rental & Leasing Services,RSI,RSI 維持強勢 (50-70),None,0.0,0.51,0.2986,,0.2986,0,19157,0.0036,264.48,265.43,266.38,261.84,2026-07-15,3,False
RYAAY,Industrials,Airlines,RSI,RSI 維持強勢 (50-70),None,0.0,0.51,0.2986,,0.2986,0,19157,0.0036,66.63,66.87,67.11,65.96,2026-07-15,3,False
TFII,Industrials,Trucking,RSI,RSI 維持強勢 (50-70),None,0.0,0.51,0.2986,,0.2986,0,19157,0.0036,149.25,149.79,150.32,147.76,2026-07-14,3,False
TRI,Industrials,Specialty Business Services,RSI,RSI 維持強勢 (50-70),None,0.0,0.51,0.2986,,0.2986,0,19157,0.0036,95.51,95.85,96.2,94.55,2026-07-15,3,False
WCN,Industrials,Waste Management,RSI,RSI 維持強勢 (50-70),None,0.0,0.51,0.2986,,0.2986,0,19157,0.0036,170.12,170.73,171.34,168.42,2026-07-15,3,False
AUR,Consumer Discretionary,Auto Parts,BB,價格在 BB 中軌上方,None,0.0,0.425,0.2984,,0.2984,0,12430,0.0031,6.13,6.15,6.17,6.07,2026-07-14,3,False
NVT,Industrials,Electrical Equipment & Parts,RSI,RSI 加速上升,None,0.0,0.5525,0.2981,,0.2981,0,11545,0.003,161.78,162.27,162.75,160.16,2026-07-14,3,False
SUNB,Industrials,Rental & Leasing Services,RSI,RSI 加速上升,None,0.0,0.5525,0.2981,,0.2981,0,11545,0.003,72.99,73.21,73.43,72.26,2026-07-15,3,False
SYM,Industrials,Specialty Industrial Machinery,RSI,RSI 加速上升,None,0.0,0.5525,0.2981,,0.2981,0,11545,0.003,43.66,43.79,43.92,43.22,2026-07-14,3,False
PCAR,Industrials,Farm & Heavy Construction Machinery,BB,價格在 BB 中軌上方,None,0.0,0.425,0.2978,0.2978,0.295,272,22337,0.0025,123.15,123.46,123.77,121.92,2026-07-15,3,False
INCY,Health Care,Biotechnology,BB,BB 中軌向上（上升趨勢）,None,0.0,0.51,0.2976,0.2976,0.2705,168,10885,0.0007,115.09,115.17,115.25,113.94,2026-07-15,3,False
IHG,Consumer Discretionary,Lodging,BB,BB 跌破下軌 (超賣),None,0.0,0.45499999999999996,0.2974,,0.2974,0,733,0.0008,158.74,158.87,158.99,157.15,2026-07-14,3,False
DVA,Health Care,Medical Care Facilities,BB,價格在 BB 中軌上方,None,0.0,0.425,0.2971,0.2971,0.2804,239,14417,0.003,231.61,232.3,233.0,229.29,2026-07-15,3,False
MNST,Consumer Staples,Beverages - Non-Alcoholic,BB,BB 中軌向上（上升趨勢）,None,0.0,0.51,0.2966,0.2966,0.2466,236,6128,0.0044,97.57,98.0,98.43,96.59,2026-07-15,3,False
MTD,Health Care,Diagnostics & Research,KDJ,KDJ 金叉,None,0.0,0.5525,0.2963,0.2963,0.2852,27,1536,0.0074,1314.83,1324.56,1334.29,1301.68,2026-07-14,3,False
TDY,Information Technology,Scientific & Technical Instruments,BB,BB 中軌向上（上升趨勢）,None,0.0,0.51,0.2951,0.2951,0.3639,183,16781,0.008,623.1,628.08,633.07,616.87,2026-07-14,3,False
LUV,Industrials,Airlines,RSI,RSI 維持強勢 (50-70),None,0.0,0.51,0.2948,0.2948,0.2986,173,19157,0.0013,49.25,49.31,49.38,48.76,2026-07-15,3,False
PCG,Utilities,Utilities - Regulated Electric,RSI,RSI 加速上升,None,0.0,0.5525,0.2929,0.2929,0.2565,140,4905,0.0082,17.51,17.65,17.8,17.33,2026-07-15,3,False
CW,Industrials,Aerospace & Defense,BB,BB 中軌向上（上升趨勢）,None,0.0,0.51,0.2929,,0.2929,0,17460,0.0036,752.17,754.88,757.59,744.65,2026-07-14,3,False
MTZ,Industrials,Engineering & Construction,BB,BB 中軌向上（上升趨勢）,None,0.0,0.51,0.2929,,0.2929,0,17460,0.0036,357.71,359.0,360.29,354.13,2026-07-15,3,False
RJF,Financials,Asset Management,BB,價格在 BB 中軌上方,None,0.0,0.425,0.2929,0.2929,0.2847,297,21689,0.0054,170.3,171.22,172.14,168.6,2026-07-15,3,False
DHR,Health Care,Diagnostics & Research,RSI,RSI 加速上升,None,0.0,0.5525,0.2917,0.2917,0.2803,120,8492,0.002,200.79,201.19,201.59,198.78,2026-07-15,3,False
ALLE,Industrials,Security & Protection Services,MACD,MACD 突破 0 軸,None,0.0,0.595,0.2912,,0.2912,0,570,0.0019,136.51,136.77,137.03,135.14,2026-07-14,3,False
ELV,Health Care,Healthcare Plans,RSI,RSI 加速上升,None,0.0,0.5525,0.2908,0.2908,0.2803,141,8492,-0.0014,425.17,424.57,423.98,420.92,2026-07-13,3,False
SGI,Consumer Discretionary,"Furnishings, Fixtures & Appliances",BB,BB 中軌向上（上升趨勢）,None,0.0,0.51,0.2908,,0.2908,0,9757,0.002,73.27,73.42,73.56,72.54,2026-07-15,3,False
ADBE,Information Technology,Software - Application,BB,BB 中軌向上（上升趨勢）,None,0.0,0.51,0.2903,0.2903,0.3639,186,16781,-0.0083,224.56,222.7,220.83,222.31,2026-07-15,3,False
OXY,Energy,Oil & Gas E&P,RSI,RSI 動能加速（強勢區）,None,0.0,0.51,0.2903,0.2903,0.3265,31,873,-0.0036,54.81,54.61,54.42,54.26,2026-07-13,3,False
CAH,Health Care,Medical Distribution,RSI,RSI 維持強勢 (50-70),None,0.0,0.51,0.2898,0.2898,0.2772,314,12123,0.0079,230.11,231.93,233.75,227.81,2026-07-14,3,False
RTX,Industrials,Aerospace & Defense,RSI,RSI 動能加速（強勢區）,None,0.0,0.51,0.2885,0.2885,0.2891,52,3037,0.0098,195.89,197.81,199.73,193.93,2026-07-15,3,False
BMY,Health Care,Drug Manufacturers - General,RSI,RSI 維持強勢 (50-70),None,0.0,0.51,0.2879,0.2879,0.2772,198,12123,-0.0008,58.72,58.67,58.63,58.13,2026-07-15,3,False
ABBV,Health Care,Drug Manufacturers - General,BB,BB 中軌向上（上升趨勢）,None,0.0,0.51,0.2876,0.2876,0.2705,226,10885,0.006,244.11,245.57,247.04,241.67,2026-07-15,3,False
ES,Utilities,Utilities - Regulated Electric,BB,價格在 BB 中軌上方,None,0.0,0.425,0.2873,0.2873,0.246,268,9864,0.0035,73.79,74.05,74.31,73.05,2026-07-15,3,False
AJG,Financials,Insurance Brokers,RSI,RSI 維持強勢 (50-70),None,0.0,0.51,0.2872,0.2872,0.2842,282,19108,0.0011,247.77,248.04,248.32,245.29,2026-07-15,3,False
WDAY,Information Technology,Software - Application,RSI,RSI 維持強勢 (50-70),None,0.0,0.51,0.2868,0.2868,0.3645,136,16764,-0.0047,141.82,141.15,140.49,140.4,2026-07-15,3,False
BBY,Consumer Discretionary,Specialty Retail,RSI,RSI 維持強勢 (50-70),None,0.0,0.51,0.2865,0.2865,0.2995,178,10441,-0.0045,81.65,81.28,80.92,80.83,2026-07-13,3,False
MMM,Industrials,Conglomerates,BB,價格在 BB 中軌上方,None,0.0,0.425,0.2862,0.2862,0.295,276,22337,0.0041,160.53,161.19,161.85,158.92,2026-07-15,3,False
AU,Materials,Gold,BB,價格在 BB 中軌上方,None,0.0,0.425,0.2859,,0.2859,0,6697,0.0007,79.14,79.2,79.25,78.35,2026-07-15,3,False
B,Materials,Gold,BB,價格在 BB 中軌上方,None,0.0,0.425,0.2859,,0.2859,0,6697,0.0007,35.91,35.94,35.96,35.55,2026-07-15,3,False
INVH,Real Estate,REIT - Residential,RSI,RSI 動能加速（強勢區）,Morning Star,0.8,1.0,0.2857,,0.2857,0,35,0.0043,30.11,30.24,30.37,29.81,2026-07-13,3,False
IR,Industrials,Specialty Industrial Machinery,KDJ,KDJ 金叉,None,0.0,0.5525,0.2857,0.2857,0.3223,28,2110,0.0019,79.14,79.29,79.44,78.35,2026-07-15,3,False
SPG,Real Estate,REIT - Retail,KDJ,KDJ 金叉,None,0.0,0.5525,0.2857,0.2857,0.2818,14,550,0.0101,222.01,224.25,226.49,219.79,2026-07-15,3,False
EXPD,Industrials,Integrated Freight & Logistics,RSI,RSI 動能加速（強勢區）,None,0.0,0.51,0.2857,0.2857,0.2891,35,3037,-0.0007,175.5,175.38,175.25,173.75,2026-07-13,3,False
TRMB,Information Technology,Scientific & Technical Instruments,BB,價格在 BB 中軌上方,None,0.0,0.425,0.2857,0.2857,0.3573,245,20206,0.0018,51.92,52.01,52.11,51.4,2026-07-15,3,False
HL,Materials,Other Precious Metals & Mining,BB,BB 中軌向上（上升趨勢）,None,0.0,0.51,0.2853,,0.2853,0,5036,0.0007,15.46,15.47,15.48,15.31,2026-07-15,3,False
ELAN,Health Care,Drug Manufacturers - Specialty & Generic,KDJ,KDJ 金叉,None,0.0,0.5525,0.2852,,0.2852,0,1536,0.0022,25.14,25.2,25.25,24.89,2026-07-13,3,False
GMED,Health Care,Medical Devices,KDJ,KDJ 金叉,None,0.0,0.5525,0.2852,,0.2852,0,1536,0.0022,78.56,78.73,78.91,77.77,2026-07-15,3,False
MOH,Health Care,Healthcare Plans,KDJ,KDJ 金叉,None,0.0,0.5525,0.2852,,0.2852,0,1536,0.0022,242.88,243.41,243.95,240.45,2026-07-13,3,False
NVO,Health Care,Drug Manufacturers - General,KDJ,KDJ 金叉,None,0.0,0.5525,0.2852,,0.2852,0,1536,0.0022,50.56,50.67,50.78,50.05,2026-07-15,3,False
ONC,Health Care,Biotechnology,KDJ,KDJ 金叉,None,0.0,0.5525,0.2852,,0.2852,0,1536,0.0022,311.26,311.94,312.63,308.15,2026-07-15,3,False
AEG,Financials,Insurance - Diversified,BB,價格在 BB 中軌上方,None,0.0,0.425,0.2847,,0.2847,0,21689,0.0031,9.08,9.11,9.14,8.99,2026-07-15,3,False
AFG,Financials,Insurance - Property & Casualty,BB,價格在 BB 中軌上方,None,0.0,0.425,0.2847,,0.2847,0,21689,0.0031,137.88,138.31,138.73,136.5,2026-07-15,3,False
AFRM,Financials,Credit Services,BB,價格在 BB 中軌上方,None,0.0,0.425,0.2847,,0.2847,0,21689,0.0031,81.71,81.96,82.22,80.89,2026-07-15,3,False
BBVA,Financials,Banks - Diversified,BB,價格在 BB 中軌上方,None,0.0,0.425,0.2847,,0.2847,0,21689,0.0031,25.54,25.62,25.7,25.28,2026-07-15,3,False
BMO,Financials,Banks - Diversified,BB,價格在 BB 中軌上方,None,0.0,0.425,0.2847,,0.2847,0,21689,0.0031,180.86,181.42,181.98,179.05,2026-07-14,3,False
BSAC,Financials,Banks - Regional,BB,價格在 BB 中軌上方,None,0.0,0.425,0.2847,,0.2847,0,21689,0.0031,33.72,33.82,33.93,33.38,2026-07-15,3,False
CM,Financials,Banks - Diversified,BB,價格在 BB 中軌上方,None,0.0,0.425,0.2847,,0.2847,0,21689,0.0031,118.57,118.94,119.31,117.38,2026-07-14,3,False
CNA,Financials,Insurance - Property & Casualty,BB,價格在 BB 中軌上方,None,0.0,0.425,0.2847,,0.2847,0,21689,0.0031,49.98,50.13,50.29,49.48,2026-07-15,3,False
EQH,Financials,Asset Management,BB,價格在 BB 中軌上方,None,0.0,0.425,0.2847,,0.2847,0,21689,0.0031,47.3,47.45,47.59,46.83,2026-07-14,3,False
FCNCA,Financials,Banks - Regional,BB,價格在 BB 中軌上方,None,0.0,0.425,0.2847,,0.2847,0,21689,0.0031,2106.0601,2112.59,2119.12,2085.0,2026-07-13,3,False
HDB,Financials,Banks - Regional,BB,價格在 BB 中軌上方,None,0.0,0.425,0.2847,,0.2847,0,21689,0.0031,26.19,26.27,26.35,25.93,2026-07-15,3,False
IBN,Financials,Banks - Regional,BB,價格在 BB 中軌上方,None,0.0,0.425,0.2847,,0.2847,0,21689,0.0031,29.4,29.49,29.58,29.11,2026-07-15,3,False
ITUB,Financials,Banks - Regional,BB,價格在 BB 中軌上方,None,0.0,0.425,0.2847,,0.2847,0,21689,0.0031,8.45,8.48,8.5,8.37,2026-07-15,3,False
KLAR,Financials,Credit Services,BB,價格在 BB 中軌上方,None,0.0,0.425,0.2847,,0.2847,0,21689,0.0031,19.58,19.64,19.7,19.38,2026-07-15,3,False
MKL,Financials,Insurance - Property & Casualty,BB,價格在 BB 中軌上方,None,0.0,0.425,0.2847,,0.2847,0,21689,0.0031,1943.22,1949.24,1955.27,1923.79,2026-07-14,3,False
NMR,Financials,Capital Markets,BB,價格在 BB 中軌上方,None,0.0,0.425,0.2847,,0.2847,0,21689,0.0031,9.75,9.78,9.81,9.65,2026-07-14,3,False
NWG,Financials,Banks - Regional,BB,價格在 BB 中軌上方,None,0.0,0.425,0.2847,,0.2847,0,21689,0.0031,17.92,17.98,18.03,17.74,2026-07-15,3,False
RNR,Financials,Insurance - Reinsurance,BB,價格在 BB 中軌上方,None,0.0,0.425,0.2847,,0.2847,0,21689,0.0031,319.92,320.91,321.9,316.72,2026-07-14,3,False
RY,Financials,Banks - Diversified,BB,價格在 BB 中軌上方,None,0.0,0.425,0.2847,,0.2847,0,21689,0.0031,214.04,214.7,215.37,211.9,2026-07-14,3,False
RYAN,Financials,Insurance - Specialty,BB,價格在 BB 中軌上方,None,0.0,0.425,0.2847,,0.2847,0,21689,0.0031,40.66,40.79,40.91,40.25,2026-07-15,3,False
SEIC,Financials,Asset Management,BB,價格在 BB 中軌上方,None,0.0,0.425,0.2847,,0.2847,0,21689,0.0031,94.89,95.18,95.48,93.94,2026-07-14,3,False
SF,Financials,Capital Markets,BB,價格在 BB 中軌上方,None,0.0,0.425,0.2847,,0.2847,0,21689,0.0031,76.34,76.58,76.81,75.58,2026-07-14,3,False
SHG,Financials,Banks - Regional,BB,價格在 BB 中軌上方,None,0.0,0.425,0.2847,,0.2847,0,21689,0.0031,71.42,71.64,71.86,70.71,2026-07-15,3,False
SOFI,Financials,Credit Services,BB,價格在 BB 中軌上方,None,0.0,0.425,0.2847,,0.2847,0,21689,0.0031,18.55,18.61,18.67,18.36,2026-07-14,3,False
SPY,Financials,Asset Management,BB,價格在 BB 中軌上方,None,0.0,0.425,0.2847,,0.2847,0,21689,0.0031,751.83,754.16,756.49,744.31,2026-07-14,3,False
TRU,Financials,Financial Data & Stock Exchanges,BB,價格在 BB 中軌上方,None,0.0,0.425,0.2847,,0.2847,0,21689,0.0031,77.6,77.84,78.08,76.82,2026-07-15,3,False
UMBF,Financials,Banks - Regional,BB,價格在 BB 中軌上方,None,0.0,0.425,0.2847,,0.2847,0,21689,0.0031,145.31,145.76,146.21,143.86,2026-07-15,3,False
VLYPO,Financials,Banks - Regional,BB,價格在 BB 中軌上方,None,0.0,0.425,0.2847,,0.2847,0,21689,0.0031,24.91,24.99,25.06,24.66,2026-07-14,3,False
WTFC,Financials,Banks - Regional,BB,價格在 BB 中軌上方,None,0.0,0.425,0.2847,,0.2847,0,21689,0.0031,162.62,163.12,163.63,160.99,2026-07-15,3,False
FTAI,Industrials,Aerospace & Defense,BB,BB 跌破下軌 (超賣),None,0.0,0.45499999999999996,0.2838,,0.2838,0,1258,0.0043,209.88,210.78,211.68,207.78,2026-07-13,3,False
XEL,Utilities,Utilities - Regulated Electric,RSI,RSI 維持強勢 (50-70),None,0.0,0.51,0.2833,0.2833,0.2471,233,8831,0.0051,79.25,79.65,80.06,78.46,2026-07-15,3,False
BDRX,Health Care,Biotechnology,RSI,RSI 超賣區域 (30),None,0.0,0.5249999999999999,0.2827,,0.2827,0,336,-0.0013,2.24,2.24,2.23,2.22,2026-07-15,3,False
ICE,Financials,Financial Data & Stock Exchanges,RSI,RSI 動能加速（強勢區）,None,0.0,0.51,0.2826,0.2826,0.279,46,3129,0.0064,139.84,140.73,141.63,138.44,2026-07-15,3,False
O,Real Estate,REIT - Retail,RSI,RSI 動能加速（強勢區）,None,0.0,0.51,0.2826,0.2826,0.2452,46,1093,0.0085,64.17,64.72,65.26,63.53,2026-07-13,3,False
MSI,Information Technology,Communication Equipment,BB,BB 中軌向上（上升趨勢）,None,0.0,0.51,0.2821,0.2821,0.3639,234,16781,0.0045,418.06,419.94,421.82,413.88,2026-07-13,3,False
GLPI,Real Estate,REIT - Specialty,KDJ,KDJ 金叉,None,0.0,0.5525,0.2818,,0.2818,0,550,0.0003,44.04,44.05,44.07,43.6,2026-07-13,3,False
NLY,Real Estate,REIT - Mortgage,KDJ,KDJ 金叉,None,0.0,0.5525,0.2818,,0.2818,0,550,0.0003,23.01,23.02,23.02,22.78,2026-07-14,3,False
ACGL,Financials,Insurance - Diversified,BB,價格在 BB 中軌上方,None,0.0,0.425,0.2817,0.2817,0.2847,252,21689,0.0007,98.54,98.61,98.68,97.55,2026-07-15,3,False
DUK,Utilities,Utilities - Regulated Electric,BB,BB 中軌向上（上升趨勢）,Morning Star,0.8,1.0,0.2812,,0.2812,0,96,0.0083,126.86,127.91,128.97,125.59,2026-07-13,3,False
RSG,Industrials,Waste Management,KDJ,KDJ 金叉,None,0.0,0.5525,0.2812,0.2812,0.3223,32,2110,0.0067,223.38,224.88,226.37,221.15,2026-07-13,3,False
ERIE,Financials,Insurance Brokers,BB,BB 中軌向上（上升趨勢）,None,0.0,0.51,0.2806,0.2806,0.2681,196,16575,0.002,210.19,210.61,211.03,208.09,2026-07-15,3,False
ARGX,Health Care,Biotechnology,BB,價格在 BB 中軌上方,None,0.0,0.425,0.2804,,0.2804,0,14417,0.0008,862.93,863.62,864.31,854.3,2026-07-15,3,False
BBIO,Health Care,Biotechnology,BB,價格在 BB 中軌上方,None,0.0,0.425,0.2804,,0.2804,0,14417,0.0008,82.66,82.73,82.79,81.83,2026-07-15,3,False
BMRN,Health Care,Biotechnology,BB,價格在 BB 中軌上方,None,0.0,0.425,0.2804,,0.2804,0,14417,0.0008,58.95,59.0,59.04,58.36,2026-07-15,3,False
BRKRP,Health Care,Medical Devices,BB,價格在 BB 中軌上方,None,0.0,0.425,0.2804,,0.2804,0,14417,0.0008,441.09,441.44,441.8,436.68,2026-07-14,3,False
BTSG,Health Care,Health Information Services,BB,價格在 BB 中軌上方,None,0.0,0.425,0.2804,,0.2804,0,14417,0.0008,69.67,69.73,69.78,68.97,2026-07-14,3,False
BTSGU,Health Care,Health Information Services,BB,價格在 BB 中軌上方,None,0.0,0.425,0.2804,,0.2804,0,14417,0.0008,228.09,228.27,228.45,225.81,2026-07-15,3,False
CYTK,Health Care,Biotechnology,BB,價格在 BB 中軌上方,None,0.0,0.425,0.2804,,0.2804,0,14417,0.0008,82.24,82.31,82.37,81.42,2026-07-13,3,False
EHC,Health Care,Medical Care Facilities,BB,價格在 BB 中軌上方,None,0.0,0.425,0.2804,,0.2804,0,14417,0.0008,109.88,109.97,110.06,108.78,2026-07-15,3,False
EXEL,Health Care,Biotechnology,BB,價格在 BB 中軌上方,None,0.0,0.425,0.2804,,0.2804,0,14417,0.0008,55.55,55.59,55.64,54.99,2026-07-15,3,False
FMS,Health Care,Medical Care Facilities,BB,價格在 BB 中軌上方,None,0.0,0.425,0.2804,,0.2804,0,14417,0.0008,24.06,24.08,24.1,23.82,2026-07-15,3,False
GH,Health Care,Diagnostics & Research,BB,價格在 BB 中軌上方,None,0.0,0.425,0.2804,,0.2804,0,14417,0.0008,162.96,163.09,163.22,161.33,2026-07-15,3,False
GMAB,Health Care,Biotechnology,BB,價格在 BB 中軌上方,None,0.0,0.425,0.2804,,0.2804,0,14417,0.0008,29.08,29.1,29.13,28.79,2026-07-15,3,False
GSK,Health Care,Drug Manufacturers - General,BB,價格在 BB 中軌上方,None,0.0,0.425,0.2804,,0.2804,0,14417,0.0008,52.29,52.33,52.37,51.77,2026-07-13,3,False
HLN,Health Care,Drug Manufacturers - Specialty & Generic,BB,價格在 BB 中軌上方,None,0.0,0.425,0.2804,,0.2804,0,14417,0.0008,9.75,9.76,9.77,9.65,2026-07-15,3,False
ICLR,Health Care,Diagnostics & Research,BB,價格在 BB 中軌上方,None,0.0,0.425,0.2804,,0.2804,0,14417,0.0008,172.08,172.22,172.36,170.36,2026-07-15,3,False
ILMN,Health Care,Diagnostics & Research,BB,價格在 BB 中軌上方,None,0.0,0.425,0.2804,,0.2804,0,14417,0.0008,187.15,187.3,187.45,185.28,2026-07-15,3,False
INSM,Health Care,Biotechnology,BB,價格在 BB 中軌上方,None,0.0,0.425,0.2804,,0.2804,0,14417,0.0008,109.81,109.9,109.99,108.71,2026-07-15,3,False
JAZZ,Health Care,Biotechnology,BB,價格在 BB 中軌上方,None,0.0,0.425,0.2804,,0.2804,0,14417,0.0008,239.32,239.51,239.7,236.93,2026-07-15,3,False
MEDP,Health Care,Diagnostics & Research,BB,價格在 BB 中軌上方,None,0.0,0.425,0.2804,,0.2804,0,14417,0.0008,529.23,529.65,530.08,523.94,2026-07-15,3,False
NBIX,Health Care,Drug Manufacturers - Specialty & Generic,BB,價格在 BB 中軌上方,None,0.0,0.425,0.2804,,0.2804,0,14417,0.0008,172.05,172.19,172.33,170.33,2026-07-15,3,False
NTRA,Health Care,Diagnostics & Research,BB,價格在 BB 中軌上方,None,0.0,0.425,0.2804,,0.2804,0,14417,0.0008,277.37,277.59,277.81,274.6,2026-07-15,3,False
ROIV,Health Care,Biotechnology,BB,價格在 BB 中軌上方,None,0.0,0.425,0.2804,,0.2804,0,14417,0.0008,34.89,34.92,34.95,34.54,2026-07-15,3,False
RPRX,Health Care,Biotechnology,BB,價格在 BB 中軌上方,None,0.0,0.425,0.2804,,0.2804,0,14417,0.0008,56.31,56.36,56.4,55.75,2026-07-15,3,False
RVMD,Health Care,Biotechnology,BB,價格在 BB 中軌上方,None,0.0,0.425,0.2804,,0.2804,0,14417,0.0008,184.44,184.59,184.74,182.6,2026-07-15,3,False
SMMT,Health Care,Biotechnology,BB,價格在 BB 中軌上方,None,0.0,0.425,0.2804,,0.2804,0,14417,0.0008,15.07,15.08,15.09,14.92,2026-07-15,3,False
TEM,Health Care,Health Information Services,BB,價格在 BB 中軌上方,None,0.0,0.425,0.2804,,0.2804,0,14417,0.0008,57.25,57.3,57.34,56.68,2026-07-15,3,False
CDNS,Information Technology,Software - Application,RSI,RSI 維持強勢 (50-70),None,0.0,0.51,0.2802,0.2802,0.3645,207,16764,0.001,377.92,378.3,378.68,374.14,2026-07-13,3,False
CRH,Materials,Building Materials,KDJ,KDJ 金叉,None,0.0,0.5525,0.28,0.28,0.314,25,637,0.0059,103.91,104.52,105.14,102.87,2026-07-14,3,False
CMCSA,Communication Services,Telecom Services,RSI,RSI 上穿 50 中性線,None,0.0,0.4675,0.28,0.28,0.3243,25,518,-0.0041,23.97,23.87,23.77,23.73,2026-07-13,3,False
HST,Real Estate,REIT - Hotel & Motel,RSI,RSI 維持強勢 (50-70),None,0.0,0.51,0.2797,0.2797,0.2509,261,7011,0.0031,23.8,23.87,23.95,23.56,2026-07-15,3,False
JCI,Industrials,Building Products & Equipment,RSI,RSI 加速上升,None,0.0,0.5525,0.2785,0.2785,0.2981,158,11545,0.0047,145.24,145.92,146.61,143.79,2026-07-14,3,False
PH,Industrials,Specialty Industrial Machinery,RSI,RSI 維持強勢 (50-70),None,0.0,0.51,0.2781,0.2781,0.2986,302,19157,0.0029,952.95,955.71,958.48,943.42,2026-07-15,3,False
PNW,Utilities,Utilities - Regulated Electric,KDJ,KDJ 金叉,None,0.0,0.5525,0.2778,0.2778,0.3001,18,713,-0.0037,109.0,108.6,108.19,107.91,2026-07-14,3,False
NVS,Health Care,Drug Manufacturers - General,RSI,RSI 維持強勢 (50-70),None,0.0,0.51,0.2772,,0.2772,0,12123,0.0009,153.37,153.51,153.65,151.84,2026-07-13,3,False
CPT,Real Estate,REIT - Residential,BB,價格在 BB 中軌上方,None,0.0,0.425,0.2771,0.2771,0.248,249,8032,0.0026,114.19,114.49,114.78,113.05,2026-07-13,3,False
NOC,Industrials,Aerospace & Defense,BB,價格在 BB 中軌上方,None,0.0,0.425,0.276,0.276,0.295,250,22337,0.0053,528.67,531.47,534.27,523.38,2026-07-14,3,False
SCHW,Financials,Capital Markets,RSI,RSI 維持強勢 (50-70),None,0.0,0.51,0.2757,0.2757,0.2842,272,19108,0.0013,102.79,102.92,103.06,101.76,2026-07-15,3,False
AOS,Industrials,Specialty Industrial Machinery,RSI,RSI 維持強勢 (50-70),None,0.0,0.51,0.2755,0.2755,0.2986,196,19157,-0.0003,60.31,60.29,60.27,59.71,2026-07-15,3,False
MO,Consumer Staples,Tobacco,RSI,RSI 維持強勢 (50-70),None,0.0,0.51,0.2753,0.2753,0.2452,247,7574,0.0017,71.87,71.99,72.11,71.15,2026-07-13,3,False
UTHR,Health Care,Drug Manufacturers - Specialty & Generic,BB,BB 跌破下軌 (超賣),None,0.0,0.45499999999999996,0.2752,,0.2752,0,974,-0.0017,526.66,525.76,524.87,521.39,2026-07-14,3,False
XOM,Energy,Oil & Gas Integrated,RSI,RSI 上穿 50 中性線,None,0.0,0.4675,0.275,0.275,0.361,40,579,-0.0005,144.51,144.44,144.37,143.06,2026-07-13,3,False
DD,Materials,Specialty Chemicals,BB,BB 中軌向上（上升趨勢）,None,0.0,0.51,0.2742,0.2742,0.2853,248,5036,0.0042,134.86,135.43,135.99,133.51,2026-07-15,3,False
NWSA,Communication Services,Entertainment,RSI,RSI 維持強勢 (50-70),None,0.0,0.51,0.2742,0.2742,0.3082,248,5205,0.0028,27.98,28.06,28.14,27.7,2026-07-15,3,False
COR,Health Care,Medical Distribution,BB,價格在 BB 中軌上方,None,0.0,0.425,0.2738,0.2738,0.2804,347,14417,0.0038,296.57,297.7,298.82,293.6,2026-07-15,3,False
MA,Financials,Credit Services,RSI,RSI 加速上升,None,0.0,0.5525,0.2733,0.2733,0.3014,161,11488,0.0011,535.21,535.8,536.39,529.86,2026-07-15,3,False
EBAY,Consumer Discretionary,Internet Retail,BB,價格在 BB 中軌上方,None,0.0,0.425,0.273,0.273,0.2984,304,12430,-0.0004,112.76,112.71,112.67,111.63,2026-07-15,3,False
IDXX,Health Care,Diagnostics & Research,BB,價格在 BB 中軌上方,None,0.0,0.425,0.2718,0.2718,0.2804,195,14417,0.0023,557.02,558.3,559.58,551.45,2026-07-15,3,False
ALNY,Health Care,Biotechnology,BB,BB 中軌向上（上升趨勢）,None,0.0,0.51,0.2705,,0.2705,0,10885,0.0002,281.26,281.32,281.37,278.45,2026-07-14,3,False
ARWR,Health Care,Biotechnology,BB,BB 中軌向上（上升趨勢）,None,0.0,0.51,0.2705,,0.2705,0,10885,0.0002,71.91,71.92,71.94,71.19,2026-07-14,3,False
CRSP,Health Care,Biotechnology,BB,BB 中軌向上（上升趨勢）,None,0.0,0.51,0.2705,,0.2705,0,10885,0.0002,51.37,51.38,51.39,50.86,2026-07-15,3,False
RDY,Health Care,Drug Manufacturers - Specialty & Generic,BB,BB 中軌向上（上升趨勢）,None,0.0,0.51,0.2705,,0.2705,0,10885,0.0002,12.92,12.92,12.93,12.79,2026-07-13,3,False
ECHO,Communication Services,Telecom Services,MACD,MACD 金叉 (空頭區),Morning Star,0.8,0.96,0.2701,,,0,0,0.0036,96.57,96.92,97.27,95.6,2026-07-15,3,False
LMT,Industrials,Aerospace & Defense,BB,價格在 BB 中軌上方,None,0.0,0.425,0.2699,0.2699,0.295,326,22337,0.0054,520.68,523.49,526.3,515.47,2026-07-13,3,False
VTR,Real Estate,REIT - Healthcare Facilities,RSI,RSI 維持強勢 (50-70),None,0.0,0.51,0.2698,0.2698,0.2509,252,7011,0.0029,92.29,92.56,92.83,91.37,2026-07-15,3,False
CI,Health Care,Healthcare Plans,RSI,RSI 維持強勢 (50-70),None,0.0,0.51,0.269,0.269,0.2772,171,12123,0.0004,297.81,297.93,298.05,294.83,2026-07-15,3,False
SYY,Consumer Staples,Food Distribution,BB,BB 中軌向上（上升趨勢）,None,0.0,0.51,0.269,0.269,0.2466,171,6128,0.0069,80.73,81.29,81.84,79.92,2026-07-15,3,False
CSCO,Information Technology,Communication Equipment,RSI,RSI 維持強勢 (50-70),None,0.0,0.51,0.2687,0.2687,0.3645,320,16764,0.004,117.09,117.56,118.03,115.92,2026-07-14,3,False
CVX,Energy,Oil & Gas Integrated,BB,價格在 BB 中軌上方,None,0.0,0.425,0.2687,0.2687,0.2998,320,5768,-0.0012,181.6,181.38,181.16,179.78,2026-07-15,3,False
BRO,Financials,Insurance Brokers,RSI,RSI 維持強勢 (50-70),None,0.0,0.51,0.2686,0.2686,0.2842,242,19108,0.0031,66.86,67.07,67.27,66.19,2026-07-15,3,False
KHC,Consumer Staples,Packaged Foods,BB,價格在 BB 中軌上方,None,0.0,0.425,0.2682,0.2682,0.2432,179,8891,-0.0012,25.45,25.42,25.39,25.2,2026-07-15,3,False
EOG,Energy,Oil & Gas E&P,RSI,RSI 加速上升,None,0.0,0.5525,0.2679,0.2679,0.3227,168,3306,-0.0019,139.61,139.34,139.08,138.21,2026-07-13,3,False
ORLY,Consumer Discretionary,Auto Parts,RSI,RSI 加速上升,None,0.0,0.5525,0.2672,0.2672,0.3117,131,6796,0.0011,87.28,87.38,87.47,86.41,2026-07-13,3,False
UNH,Health Care,Healthcare Plans,BB,價格在 BB 中軌上方,None,0.0,0.425,0.2669,0.2669,0.2804,281,14417,0.0001,418.52,418.56,418.6,414.33,2026-07-15,3,False
NSC,Industrials,Railroads,RSI,RSI 維持強勢 (50-70),Consolidation Breakout,0.75,1.0,0.2667,0.2667,0.2498,15,1365,0.0001,328.54,328.57,328.61,325.25,2026-07-15,3,False
CNP,Utilities,Utilities - Regulated Electric,BB,BB 中軌向上（上升趨勢）,None,0.0,0.51,0.2667,0.2667,0.249,240,7232,0.0049,43.76,43.97,44.19,43.32,2026-07-14,3,False
VZ,Communication Services,Telecom Services,MACD,MACD 金叉 (空頭區),None,0.0,0.42,0.2667,0.2667,0.3254,15,252,0.0121,42.83,43.35,43.87,42.4,2026-07-15,3,False
DLR,Real Estate,REIT - Specialty,RSI,RSI 加速上升,None,0.0,0.5525,0.2658,0.2658,0.2327,158,4401,-0.0017,177.92,177.62,177.32,176.14,2026-07-13,3,False
OKE,Energy,Oil & Gas Midstream,RSI,RSI 維持強勢 (50-70),None,0.0,0.51,0.2658,0.2658,0.2963,237,4891,-0.0041,91.03,90.66,90.28,90.12,2026-07-15,3,False
RMD,Health Care,Medical Instruments & Supplies,BB,BB 中軌向上（上升趨勢）,None,0.0,0.51,0.2658,0.2658,0.2705,158,10885,-0.004,198.57,197.78,196.98,196.58,2026-07-15,3,False
COO,Health Care,Medical Instruments & Supplies,BB,價格在 BB 中軌上方,None,0.0,0.425,0.2648,0.2648,0.2804,219,14417,-0.0043,70.6,70.3,69.99,69.89,2026-07-15,3,False
AGNC,Real Estate,REIT - Mortgage,BB,BB 中軌向上（上升趨勢）,None,0.0,0.51,0.2647,,0.2647,0,5713,0.0025,11.32,11.35,11.38,11.21,2026-07-15,3,False
AMH,Real Estate,REIT - Residential,BB,BB 中軌向上（上升趨勢）,None,0.0,0.51,0.2647,,0.2647,0,5713,0.0025,33.51,33.59,33.68,33.17,2026-07-15,3,False
EGP,Real Estate,REIT - Industrial,BB,BB 中軌向上（上升趨勢）,None,0.0,0.51,0.2647,,0.2647,0,5713,0.0025,213.11,213.64,214.18,210.98,2026-07-15,3,False
JLL,Real Estate,Real Estate Services,BB,BB 中軌向上（上升趨勢）,None,0.0,0.51,0.2647,,0.2647,0,5713,0.0025,327.91,328.73,329.55,324.63,2026-07-15,3,False
LAMR,Real Estate,REIT - Specialty,BB,BB 中軌向上（上升趨勢）,None,0.0,0.51,0.2647,,0.2647,0,5713,0.0025,160.29,160.69,161.09,158.69,2026-07-15,3,False
OHI,Real Estate,REIT - Healthcare Facilities,BB,BB 中軌向上（上升趨勢）,None,0.0,0.51,0.2647,,0.2647,0,5713,0.0025,47.95,48.07,48.19,47.47,2026-07-15,3,False
AZO,Consumer Discretionary,Auto Parts,BB,價格在 BB 中軌上方,None,0.0,0.425,0.2647,0.2647,0.2984,238,12430,-0.0002,2970.5701,2969.98,2969.38,2940.86,2026-07-15,3,False
DIS,Communication Services,Entertainment,KDJ,KDJ 金叉,None,0.0,0.5525,0.2632,0.2632,0.3345,19,550,-0.0066,97.15,96.51,95.87,96.18,2026-07-15,3,False
T,Communication Services,Telecom Services,RSI,RSI 加速上升,None,0.0,0.5525,0.2625,0.2625,0.3116,160,3322,-0.0002,21.43,21.43,21.42,21.22,2026-07-15,3,False
SHW,Materials,Specialty Chemicals,BB,BB 中軌向上（上升趨勢）,None,0.0,0.51,0.2624,0.2624,0.2853,141,5036,0.005,332.29,333.95,335.61,328.97,2026-07-15,3,False
PEG,Utilities,Utilities - Regulated Electric,BB,BB 中軌向上（上升趨勢）,None,0.0,0.51,0.2616,0.2616,0.249,172,7232,0.0033,80.5,80.77,81.03,79.69,2026-07-14,3,False
VRTX,Health Care,Biotechnology,RSI,RSI 維持強勢 (50-70),None,0.0,0.51,0.2611,0.2611,0.2772,226,12123,-0.0021,480.25,479.24,478.23,475.45,2026-07-13,3,False
TTWO,Communication Services,Electronic Gaming & Multimedia,RSI,RSI 上穿 50 中性線,None,0.0,0.4675,0.2609,0.2609,0.3243,23,518,0.0001,243.8,243.82,243.85,241.36,2026-07-15,3,False
CCI,Real Estate,REIT - Specialty,RSI,RSI 加速上升,None,0.0,0.5525,0.2606,0.2606,0.2327,142,4401,-0.0032,79.47,79.22,78.96,78.68,2026-07-15,3,False
HRL,Consumer Staples,Packaged Foods,RSI,RSI 加速上升,None,0.0,0.5525,0.2606,0.2606,0.2439,165,5343,0.0005,25.15,25.16,25.18,24.9,2026-07-15,3,False
ESS,Real Estate,REIT - Residential,BB,BB 中軌向上（上升趨勢）,None,0.0,0.51,0.2604,0.2604,0.2647,169,5713,0.0022,292.79,293.43,294.08,289.86,2026-07-15,3,False
VRSN,Information Technology,Software - Infrastructure,RSI,RSI 加速上升,None,0.0,0.5525,0.2599,0.2599,0.3693,177,10688,0.0006,270.31,270.47,270.63,267.61,2026-07-13,3,False
V,Financials,Credit Services,BB,BB 中軌向上（上升趨勢）,None,0.0,0.51,0.2571,0.2571,0.2681,210,16575,0.0013,355.14,355.6,356.06,351.59,2026-07-15,3,False
NKE,Consumer Discretionary,Footwear & Accessories,BB,價格在 BB 中軌上方,None,0.0,0.425,0.2571,0.2571,0.2984,210,12430,-0.0105,43.76,43.3,42.84,43.32,2026-07-13,3,False
WMT,Consumer Staples,Discount Stores,RSI,RSI 加速上升,None,0.0,0.5525,0.2569,0.2569,0.2439,144,5343,0.0042,113.7,114.18,114.66,112.56,2026-07-14,3,False
BIP,Utilities,Utilities - Diversified,RSI,RSI 加速上升,None,0.0,0.5525,0.2565,,0.2565,0,4905,0.0041,38.73,38.89,39.05,38.34,2026-07-15,3,False
EMA,Utilities,Utilities - Regulated Electric,RSI,RSI 加速上升,None,0.0,0.5525,0.2565,,0.2565,0,4905,0.0041,54.15,54.37,54.59,53.61,2026-07-14,3,False
SBS,Utilities,Utilities - Regulated Water,RSI,RSI 加速上升,None,0.0,0.5525,0.2565,,0.2565,0,4905,0.0041,5.92,5.94,5.97,5.86,2026-07-15,3,False
TLN,Utilities,Utilities - Independent Power Producers,RSI,RSI 加速上升,None,0.0,0.5525,0.2565,,0.2565,0,4905,0.0041,400.12,401.76,403.4,396.12,2026-07-15,3,False
BJ,Consumer Staples,Discount Stores,RSI,RSI 上穿 50 中性線,None,0.0,0.4675,0.2565,,0.2565,0,928,0.0005,90.12,90.17,90.21,89.22,2026-07-13,3,False
DEO,Consumer Staples,Beverages - Wineries & Distilleries,RSI,RSI 上穿 50 中性線,None,0.0,0.4675,0.2565,,0.2565,0,928,0.0005,82.21,82.25,82.29,81.39,2026-07-15,3,False
AMP,Financials,Asset Management,BB,價格在 BB 中軌上方,None,0.0,0.425,0.2564,0.2564,0.2847,273,21689,0.0017,527.28,528.18,529.07,522.01,2026-07-15,3,False
EXC,Utilities,Utilities - Regulated Electric,BB,價格在 BB 中軌上方,None,0.0,0.425,0.2561,0.2561,0.246,285,9864,0.0047,46.92,47.14,47.36,46.45,2026-07-14,3,False
VMC,Materials,Building Materials,BB,BB 中軌向上（上升趨勢）,None,0.0,0.51,0.2559,0.2559,0.2853,211,5036,0.0064,289.11,290.96,292.81,286.22,2026-07-15,3,False
OMC,Communication Services,Advertising Agencies,BB,BB 中軌向上（上升趨勢）,None,0.0,0.51,0.2557,0.2557,0.2943,176,4771,0.0014,80.93,81.04,81.16,80.12,2026-07-15,3,False
APD,Materials,Specialty Chemicals,BB,BB 中軌向上（上升趨勢）,None,0.0,0.51,0.2556,0.2556,0.2853,180,5036,-0.0037,293.69,292.6,291.52,290.75,2026-07-15,3,False
HON,Industrials,Conglomerates,BB,BB 中軌向上（上升趨勢）,None,0.0,0.51,0.2552,0.2552,0.2929,192,17460,-0.0004,222.84,222.75,222.66,220.61,2026-07-15,3,False
DGX,Health Care,Diagnostics & Research,RSI,RSI 維持強勢 (50-70),None,0.0,0.51,0.2551,0.2551,0.2772,243,12123,0.0038,206.0,206.78,207.57,203.94,2026-07-14,3,False
IFF,Materials,Specialty Chemicals,BB,BB 中軌向上（上升趨勢）,None,0.0,0.51,0.2527,0.2527,0.2853,182,5036,-0.0088,75.1,74.44,73.78,74.35,2026-07-13,3,False
EA,Communication Services,Electronic Gaming & Multimedia,RSI,RSI 維持強勢 (50-70),None,0.0,0.51,0.2526,0.2526,0.3082,194,5205,0.0029,206.35,206.95,207.55,204.29,2026-07-13,3,False
TSN,Consumer Staples,Farm Products,BB,BB 中軌向上（上升趨勢）,None,0.0,0.51,0.2524,0.2524,0.2466,210,6128,-0.0002,57.48,57.47,57.46,56.91,2026-07-14,3,False
DTE,Utilities,Utilities - Regulated Electric,RSI,RSI 維持強勢 (50-70),None,0.0,0.51,0.252,0.252,0.2471,250,8831,0.0035,150.64,151.17,151.69,149.13,2026-07-13,3,False
AGNCL,Real Estate,REIT - Mortgage,RSI,RSI 維持強勢 (50-70),None,0.0,0.51,0.2509,,0.2509,0,7011,0.0007,24.84,24.86,24.87,24.59,2026-07-15,3,False
AGNCM,Real Estate,REIT - Mortgage,RSI,RSI 維持強勢 (50-70),None,0.0,0.51,0.2509,,0.2509,0,7011,0.0007,25.1,25.12,25.14,24.85,2026-07-15,3,False
AGNCN,Real Estate,REIT - Mortgage,RSI,RSI 維持強勢 (50-70),None,0.0,0.51,0.2509,,0.2509,0,7011,0.0007,25.5,25.52,25.54,25.25,2026-07-15,3,False
AGNCO,Real Estate,REIT - Mortgage,RSI,RSI 維持強勢 (50-70),None,0.0,0.51,0.2509,,0.2509,0,7011,0.0007,25.34,25.36,25.38,25.09,2026-07-15,3,False
AGNCP,Real Estate,REIT - Mortgage,RSI,RSI 維持強勢 (50-70),None,0.0,0.51,0.2509,,0.2509,0,7011,0.0007,25.066,25.08,25.1,24.82,2026-07-15,3,False
AGNCZ,Real Estate,REIT - Mortgage,RSI,RSI 維持強勢 (50-70),None,0.0,0.51,0.2509,,0.2509,0,7011,0.0007,25.25,25.27,25.29,25.0,2026-07-15,3,False
BEKE,Real Estate,Real Estate Services,RSI,RSI 維持強勢 (50-70),None,0.0,0.51,0.2509,,0.2509,0,7011,0.0007,17.03,17.04,17.05,16.86,2026-07-15,3,False
BPYPN,Real Estate,Real Estate Services,RSI,RSI 維持強勢 (50-70),None,0.0,0.51,0.2509,,0.2509,0,7011,0.0007,13.93,13.94,13.95,13.79,2026-07-15,3,False
BPYPO,Real Estate,Real Estate Services,RSI,RSI 維持強勢 (50-70),None,0.0,0.51,0.2509,,0.2509,0,7011,0.0007,15.35,15.36,15.37,15.2,2026-07-15,3,False
BPYPP,Real Estate,Real Estate Services,RSI,RSI 維持強勢 (50-70),None,0.0,0.51,0.2509,,0.2509,0,7011,0.0007,15.861,15.87,15.88,15.7,2026-07-14,3,False
LINE,Real Estate,REIT - Industrial,RSI,RSI 維持強勢 (50-70),None,0.0,0.51,0.2509,,0.2509,0,7011,0.0007,43.99,44.02,44.05,43.55,2026-07-15,3,False
WPC,Real Estate,REIT - Diversified,RSI,RSI 維持強勢 (50-70),None,0.0,0.51,0.2509,,0.2509,0,7011,0.0007,72.53,72.58,72.63,71.8,2026-07-13,3,False
BUD,Consumer Staples,Beverages - Brewers,KDJ,KDJ 金叉,None,0.0,0.5525,0.2503,,0.2503,0,779,-0.0014,79.91,79.8,79.69,79.11,2026-07-15,3,False
FMX,Consumer Staples,Beverages - Brewers,KDJ,KDJ 金叉,None,0.0,0.5525,0.2503,,0.2503,0,779,-0.0014,131.343,131.16,130.98,130.03,2026-07-14,3,False
JBS,Consumer Staples,Packaged Foods,KDJ,KDJ 金叉,None,0.0,0.5525,0.2503,,0.2503,0,779,-0.0014,12.1,12.08,12.07,11.98,2026-07-15,3,False
CSGP,Real Estate,Real Estate Services,KDJ,KDJ 金叉,None,0.0,0.5525,0.25,0.25,0.2818,24,550,-0.0157,28.49,28.04,27.6,28.21,2026-07-15,3,False
EG,Financials,Insurance - Reinsurance,RSI,RSI 動能加速（強勢區）,None,0.0,0.51,0.25,0.25,0.279,36,3129,-0.0049,377.89,376.04,374.19,374.11,2026-07-13,3,False
WEC,Utilities,Utilities - Regulated Electric,RSI,RSI 上穿 50 中性線,None,0.0,0.4675,0.25,0.25,0.2521,24,932,0.0031,115.87,116.23,116.59,114.71,2026-07-13,3,False
AXIA,Utilities,Utilities - Renewable,BB,BB 中軌向上（上升趨勢）,None,0.0,0.51,0.249,,0.249,0,7232,0.0028,10.21,10.24,10.27,10.11,2026-07-13,3,False
CL,Consumer Staples,Household & Personal Products,RSI,RSI 維持強勢 (50-70),None,0.0,0.51,0.2489,0.2489,0.2452,225,7574,0.0019,91.47,91.64,91.82,90.56,2026-07-15,3,False
PRU,Financials,Insurance - Life,BB,價格在 BB 中軌上方,None,0.0,0.425,0.2481,0.2481,0.2847,266,21689,-0.0042,115.04,114.56,114.07,113.89,2026-07-15,3,False
NWS,Communication Services,Entertainment,RSI,RSI 維持強勢 (50-70),None,0.0,0.51,0.2471,0.2471,0.3082,259,5205,0.0029,31.66,31.75,31.84,31.34,2026-07-15,3,False
CME,Financials,Financial Data & Stock Exchanges,RSI,RSI 加速上升,None,0.0,0.5525,0.2469,0.2469,0.3014,162,11488,0.0018,245.1,245.54,245.98,242.65,2026-07-13,3,False
CCEP,Consumer Staples,Beverages - Non-Alcoholic,BB,BB 中軌向上（上升趨勢）,None,0.0,0.51,0.2466,,0.2466,0,6128,-0.0003,104.49,104.46,104.43,103.45,2026-07-15,3,False
PFGC,Consumer Staples,Food Distribution,BB,BB 中軌向上（上升趨勢）,None,0.0,0.51,0.2466,,0.2466,0,6128,-0.0003,110.41,110.38,110.34,109.31,2026-07-15,3,False
USFD,Consumer Staples,Food Distribution,BB,BB 中軌向上（上升趨勢）,None,0.0,0.51,0.2466,,0.2466,0,6128,-0.0003,97.05,97.02,96.99,96.08,2026-07-15,3,False
EW,Health Care,Medical Devices,BB,價格在 BB 中軌上方,None,0.0,0.425,0.2466,0.2466,0.2804,219,14417,-0.0003,91.79,91.76,91.73,90.87,2026-07-13,3,False
ABEV,Consumer Staples,Beverages - Brewers,RSI,RSI 維持強勢 (50-70),None,0.0,0.51,0.2452,,0.2452,0,7574,-0.0002,3.03,3.03,3.03,3.0,2026-07-15,3,False
CPB,Consumer Staples,Packaged Foods,RSI,RSI 維持強勢 (50-70),None,0.0,0.51,0.2452,,0.2452,0,7574,-0.0002,22.1,22.1,22.09,21.88,2026-07-14,3,False
D,Utilities,Utilities - Regulated Electric,BB,BB 中軌向上（上升趨勢）,None,0.0,0.51,0.2449,0.2449,0.249,196,7232,0.0034,70.97,71.21,71.45,70.26,2026-07-15,3,False
AIZ,Financials,Insurance - Property & Casualty,RSI,RSI 維持強勢 (50-70),None,0.0,0.51,0.2447,0.2447,0.2842,282,19108,0.0016,273.92,274.36,274.8,271.18,2026-07-15,3,False
MET,Financials,Insurance - Life,BB,價格在 BB 中軌上方,None,0.0,0.425,0.2446,0.2446,0.2847,278,21689,0.0015,92.2,92.34,92.48,91.28,2026-07-15,3,False
AIG,Financials,Insurance - Diversified,RSI,RSI 維持強勢 (50-70),None,0.0,0.51,0.2437,0.2437,0.2842,279,19108,-0.0001,76.78,76.77,76.76,76.01,2026-07-15,3,False
JNJ,Health Care,Drug Manufacturers - General,RSI,RSI 維持強勢 (50-70),None,0.0,0.51,0.2436,0.2436,0.2772,234,12123,0.0055,253.85,255.25,256.64,251.31,2026-07-14,3,False
FPS,Industrials,Electrical Equipment & Parts,KDJ,KDJ 超賣區金叉,None,0.0,0.5599999999999999,0.2433,,0.2433,0,563,0.0001,42.62,42.62,42.63,42.19,2026-07-15,3,False
STRL,Industrials,Engineering & Construction,KDJ,KDJ 超賣區金叉,None,0.0,0.5599999999999999,0.2433,,0.2433,0,563,0.0001,668.82,668.89,668.95,662.13,2026-07-15,3,False
MDT,Health Care,Medical Devices,BB,價格在 BB 中軌上方,None,0.0,0.425,0.2425,0.2425,0.2804,268,14417,0.0012,83.57,83.67,83.77,82.73,2026-07-13,3,False
ADSK,Information Technology,Software - Application,RSI,RSI 維持強勢 (50-70),None,0.0,0.51,0.2424,0.2424,0.3645,198,16764,-0.0043,208.98,208.08,207.18,206.89,2026-07-15,3,False
AMT,Real Estate,REIT - Specialty,RSI,RSI 維持強勢 (50-70),None,0.0,0.51,0.2419,0.2419,0.2509,186,7011,-0.0,168.63,168.63,168.63,166.94,2026-07-15,3,False
LIN,Materials,Specialty Chemicals,BB,BB 中軌向上（上升趨勢）,None,0.0,0.51,0.2419,0.2419,0.2853,186,5036,0.0042,522.54,524.73,526.93,517.31,2026-07-14,3,False
AVB,Real Estate,REIT - Residential,BB,BB 中軌向上（上升趨勢）,None,0.0,0.51,0.2418,0.2418,0.2647,182,5713,0.0027,190.29,190.8,191.32,188.39,2026-07-15,3,False
ZBH,Health Care,Medical Devices,RSI,RSI 加速上升,None,0.0,0.5525,0.2414,0.2414,0.2803,145,8492,-0.0002,94.08,94.06,94.04,93.14,2026-07-13,3,False
TSCO,Consumer Discretionary,Specialty Retail,BB,價格在 BB 中軌上方,None,0.0,0.425,0.2411,0.2411,0.2984,224,12430,-0.0065,30.55,30.35,30.15,30.24,2026-07-14,3,False
UPS,Industrials,Integrated Freight & Logistics,RSI,RSI 維持強勢 (50-70),None,0.0,0.51,0.239,0.239,0.2986,205,19157,-0.0081,112.94,112.03,111.11,111.81,2026-07-15,3,False
LH,Health Care,Diagnostics & Research,BB,價格在 BB 中軌上方,None,0.0,0.425,0.2387,0.2387,0.2804,222,14417,0.0,275.68,275.68,275.68,272.92,2026-07-14,3,False
HIG,Financials,Insurance - Diversified,BB,價格在 BB 中軌上方,None,0.0,0.425,0.2386,0.2386,0.2847,352,21689,0.0002,138.15,138.18,138.21,136.77,2026-07-14,3,False
MCK,Health Care,Medical Distribution,BB,BB 中軌向上（上升趨勢）,None,0.0,0.51,0.2377,0.2377,0.2705,265,10885,0.0036,796.35,799.22,802.08,788.39,2026-07-15,3,False
PHM,Consumer Discretionary,Residential Construction,BB,BB 中軌向上（上升趨勢）,None,0.0,0.51,0.2377,0.2377,0.2908,223,9757,-0.0017,124.56,124.35,124.14,123.31,2026-07-14,3,False
FDS,Financials,Financial Data & Stock Exchanges,BB,價格在 BB 中軌上方,None,0.0,0.425,0.2375,0.2375,0.2847,240,21689,-0.0048,251.19,249.98,248.78,248.68,2026-07-15,3,False
ABT,Health Care,Medical Devices,BB,價格在 BB 中軌上方,None,0.0,0.425,0.2353,0.2353,0.2804,221,14417,-0.0011,89.27,89.17,89.07,88.38,2026-07-15,3,False
KO,Consumer Staples,Beverages - Non-Alcoholic,BB,BB 中軌向上（上升趨勢）,None,0.0,0.51,0.2346,0.2346,0.2466,179,6128,0.0053,83.08,83.52,83.96,82.25,2026-07-14,3,False
PTC,Information Technology,Software - Application,RSI,RSI 維持強勢 (50-70),None,0.0,0.51,0.2344,0.2344,0.3645,209,16764,-0.0017,125.42,125.21,124.99,124.17,2026-07-13,3,False
SO,Utilities,Utilities - Regulated Electric,RSI,RSI 維持強勢 (50-70),None,0.0,0.51,0.2335,0.2335,0.2471,257,8831,0.0035,95.96,96.3,96.63,95.0,2026-07-14,3,False
SPGI,Financials,Financial Data & Stock Exchanges,BB,價格在 BB 中軌上方,None,0.0,0.425,0.2327,0.2327,0.2847,318,21689,0.0017,444.48,445.24,445.99,440.04,2026-07-15,3,False
TRV,Financials,Insurance - Property & Casualty,RSI,RSI 維持強勢 (50-70),None,0.0,0.51,0.2326,0.2326,0.2842,288,19108,0.0007,329.19,329.42,329.65,325.9,2026-07-15,3,False
WM,Industrials,Waste Management,RSI,RSI 維持強勢 (50-70),None,0.0,0.51,0.2321,0.2321,0.2986,224,19157,0.0008,232.8,232.99,233.17,230.47,2026-07-15,3,False
CTVA,Materials,Agricultural Inputs,BB,價格在 BB 中軌上方,None,0.0,0.425,0.2311,0.2311,0.2859,238,6697,-0.0041,84.45,84.1,83.76,83.61,2026-07-15,3,False
AME,Industrials,Specialty Industrial Machinery,BB,BB 中軌向上（上升趨勢）,None,0.0,0.51,0.2308,0.2308,0.2929,234,17460,0.0045,233.52,234.57,235.62,231.18,2026-07-15,3,False
ED,Utilities,Utilities - Regulated Electric,BB,BB 中軌向上（上升趨勢）,None,0.0,0.51,0.2308,0.2308,0.249,182,7232,0.002,110.31,110.53,110.75,109.21,2026-07-15,3,False
MRK,Health Care,Drug Manufacturers - General,RSI,RSI 上穿 50 中性線,None,0.0,0.4675,0.2308,0.2308,0.3144,26,1323,-0.0126,123.61,122.05,120.5,122.37,2026-07-15,3,False
CMS,Utilities,Utilities - Regulated Electric,RSI,RSI 維持強勢 (50-70),None,0.0,0.51,0.2305,0.2305,0.2471,256,8831,0.0032,75.75,75.99,76.23,74.99,2026-07-13,3,False
SBAC,Real Estate,REIT - Specialty,RSI,RSI 加速上升,None,0.0,0.5525,0.2302,0.2302,0.2327,126,4401,-0.0066,187.09,185.86,184.62,185.22,2026-07-15,3,False
DE,Industrials,Farm & Heavy Construction Machinery,BB,BB 中軌向上（上升趨勢）,None,0.0,0.51,0.2293,0.2293,0.2929,157,17460,0.0007,589.48,589.89,590.31,583.59,2026-07-15,3,False
VLTO,Industrials,Pollution & Treatment Controls,BB,價格在 BB 中軌上方,None,0.0,0.425,0.2292,0.2292,0.295,253,22337,0.0002,91.0,91.02,91.04,90.09,2026-07-15,3,False
BDX,Health Care,Medical Instruments & Supplies,RSI,RSI 上穿 50 中性線,None,0.0,0.4675,0.2286,0.2286,0.3144,35,1323,0.0026,154.88,155.28,155.69,153.33,2026-07-15,3,False
NVR,Consumer Discretionary,Residential Construction,BB,BB 中軌向上（上升趨勢）,None,0.0,0.51,0.227,0.227,0.2908,163,9757,0.0006,6437.9902,6441.85,6445.72,6373.61,2026-07-13,3,False
EVRG,Utilities,Utilities - Regulated Electric,BB,價格在 BB 中軌上方,None,0.0,0.425,0.227,0.227,0.246,326,9864,0.0026,86.45,86.67,86.9,85.59,2026-07-14,3,False
HD,Consumer Discretionary,Home Improvement Retail,RSI,RSI 維持強勢 (50-70),None,0.0,0.51,0.2262,0.2262,0.2995,221,10441,0.0005,341.44,341.61,341.78,338.03,2026-07-15,3,False
UDR,Real Estate,REIT - Residential,BB,BB 中軌向上（上升趨勢）,None,0.0,0.51,0.226,0.226,0.2647,146,5713,0.0028,40.18,40.29,40.41,39.78,2026-07-13,3,False
MSCI,Financials,Financial Data & Stock Exchanges,BB,價格在 BB 中軌上方,None,0.0,0.425,0.226,0.226,0.2847,208,21689,-0.0005,621.77,621.46,621.15,615.55,2026-07-15,3,False
CTAS,Industrials,Specialty Business Services,RSI,RSI 加速上升,None,0.0,0.5525,0.2252,0.2252,0.2981,151,11545,0.0035,192.37,193.04,193.72,190.45,2026-07-15,3,False
FAST,Industrials,Industrial Distribution,RSI,RSI 維持強勢 (50-70),None,0.0,0.51,0.2249,0.2249,0.2986,249,19157,0.0002,47.05,47.06,47.07,46.58,2026-07-13,3,False
STE,Health Care,Medical Devices,BB,價格在 BB 中軌上方,None,0.0,0.425,0.2235,0.2235,0.2804,170,14417,0.0018,211.46,211.84,212.22,209.35,2026-07-15,3,False
MDLZ,Consumer Staples,Confectioners,KDJ,KDJ 金叉,None,0.0,0.5525,0.2222,0.2222,0.2503,18,779,0.0046,59.86,60.14,60.41,59.26,2026-07-13,3,False
OTIS,Industrials,Specialty Industrial Machinery,BB,BB 中軌向上（上升趨勢）,None,0.0,0.51,0.2216,0.2216,0.2929,167,17460,-0.0033,72.2,71.96,71.72,71.48,2026-07-15,3,False
XYL,Industrials,Specialty Industrial Machinery,BB,價格在 BB 中軌上方,None,0.0,0.425,0.2203,0.2203,0.295,295,22337,0.0025,121.43,121.73,122.04,120.22,2026-07-15,3,False
SRE,Utilities,Utilities - Diversified,RSI,RSI 維持強勢 (50-70),None,0.0,0.51,0.2189,0.2189,0.2471,265,8831,-0.0028,93.36,93.1,92.84,92.43,2026-07-14,3,False
STZ,Consumer Staples,Beverages - Brewers,RSI,RSI 加速上升,None,0.0,0.5525,0.216,0.216,0.2439,162,5343,-0.0044,134.51,133.92,133.33,133.16,2026-07-13,3,False
AFL,Financials,Insurance - Life,BB,價格在 BB 中軌上方,None,0.0,0.425,0.2149,0.2149,0.2847,363,21689,0.0016,121.01,121.2,121.4,119.8,2026-07-15,3,False
CB,Financials,Insurance - Property & Casualty,RSI,RSI 動能加速（強勢區）,None,0.0,0.51,0.2143,0.2143,0.279,42,3129,0.0031,354.74,355.84,356.94,351.19,2026-07-13,3,False
MRSH,Financials,Insurance Brokers,RSI,RSI 動能加速（強勢區）,None,0.0,0.51,0.2128,0.2128,0.279,47,3129,0.0004,181.53,181.6,181.68,179.71,2026-07-13,3,False
ALL,Financials,Insurance - Property & Casualty,RSI,RSI 維持強勢 (50-70),None,0.0,0.51,0.208,0.208,0.2842,226,19108,-0.0006,239.48,239.34,239.19,237.09,2026-07-15,3,False
ACN,Information Technology,Information Technology Services,BB,價格在 BB 中軌上方,None,0.0,0.425,0.2064,0.2064,0.3573,218,20206,-0.006,137.02,136.2,135.38,135.65,2026-07-15,3,False
AEE,Utilities,Utilities - Regulated Electric,RSI,RSI 維持強勢 (50-70),None,0.0,0.51,0.2058,0.2058,0.2471,311,8831,-0.0002,111.38,111.36,111.34,110.27,2026-07-15,3,False
KMB,Consumer Staples,Household & Personal Products,BB,BB 中軌向上（上升趨勢）,None,0.0,0.51,0.2057,0.2057,0.2466,141,6128,-0.0029,106.53,106.22,105.91,105.46,2026-07-15,3,False
L,Financials,Insurance - Property & Casualty,RSI,RSI 動能加速（強勢區）,None,0.0,0.51,0.2037,0.2037,0.279,54,3129,-0.0015,116.5,116.33,116.15,115.33,2026-07-13,3,False
SUI,Real Estate,REIT - Residential,MACD,MACD 金叉 (空頭區),None,0.0,0.42,0.2026,,0.2026,0,380,-0.0032,120.8,120.41,120.03,119.59,2026-07-13,3,False
VRSK,Industrials,Consulting Services,RSI,RSI 維持強勢 (50-70),None,0.0,0.51,0.2016,0.2016,0.2986,248,19157,-0.0014,191.94,191.67,191.4,190.02,2026-07-15,3,False
GPC,Consumer Discretionary,Auto Parts,BB,價格在 BB 中軌上方,None,0.0,0.425,0.2,0.2,0.2984,245,12430,-0.0088,121.0,119.94,118.87,119.79,2026-07-15,3,False
SBUX,Consumer Discretionary,Restaurants,BB,價格在 BB 中軌上方,None,0.0,0.425,0.1957,0.1957,0.2984,235,12430,-0.0009,105.11,105.02,104.92,104.06,2026-07-15,3,False
SNA,Industrials,Tools & Accessories,BB,BB 中軌向上（上升趨勢）,None,0.0,0.51,0.1944,0.1944,0.2929,216,17460,0.0,403.7,403.7,403.7,399.66,2026-07-15,3,False
SOMN,Utilities,Utilities - Regulated Electric,BB,價格在 BB 中軌上方,Morning Star,0.8,0.924,0.1942,,0.1942,0,139,0.0026,50.25,50.38,50.51,49.75,2026-07-13,3,False
TYL,Information Technology,Software - Application,BB,BB 中軌向上（上升趨勢）,None,0.0,0.51,0.1911,0.1911,0.3639,157,16781,-0.0,303.52,303.52,303.52,300.48,2026-07-15,3,False
LNT,Utilities,Utilities - Regulated Electric,RSI,RSI 維持強勢 (50-70),None,0.0,0.51,0.1906,0.1906,0.2471,278,8831,0.0008,76.31,76.37,76.43,75.55,2026-07-14,3,False
AON,Financials,Insurance Brokers,BB,價格在 BB 中軌上方,None,0.0,0.425,0.1869,0.1869,0.2847,289,21689,-0.0042,355.15,353.66,352.17,351.6,2026-07-15,3,False
REG,Real Estate,REIT - Retail,BB,價格在 BB 中軌上方,None,0.0,0.425,0.186,0.186,0.248,301,8032,-0.0007,79.99,79.93,79.88,79.19,2026-07-15,3,False
KR,Consumer Staples,Grocery Stores,BB,價格在 BB 中軌上方,None,0.0,0.425,0.1848,0.1848,0.2432,276,8891,-0.0021,58.74,58.62,58.49,58.15,2026-07-14,3,False
ECL,Materials,Specialty Chemicals,BB,BB 中軌向上（上升趨勢）,None,0.0,0.51,0.1841,0.1841,0.2853,239,5036,0.0012,270.25,270.57,270.9,267.55,2026-07-15,3,False
TAP,Consumer Staples,Beverages - Brewers,KDJ,KDJ 金叉,None,0.0,0.5525,0.1818,0.1818,0.2503,22,779,-0.0063,39.88,39.63,39.38,39.48,2026-07-13,3,False
VICI,Real Estate,REIT - Diversified,KDJ,KDJ 金叉,None,0.0,0.5525,0.1818,0.1818,0.2818,11,550,-0.0048,26.31,26.18,26.06,26.05,2026-07-15,3,False
GD,Industrials,Aerospace & Defense,RSI,RSI 維持強勢 (50-70),None,0.0,0.51,0.1812,0.1812,0.2986,320,19157,0.0031,365.63,366.76,367.9,361.97,2026-07-15,3,False
CHD,Consumer Staples,Household & Personal Products,RSI,RSI 上穿 50 中性線,None,0.0,0.4675,0.1765,0.1765,0.2565,34,928,-0.0016,97.14,96.98,96.83,96.17,2026-07-15,3,False
ATO,Utilities,Utilities - Regulated Gas,RSI,RSI 維持強勢 (50-70),None,0.0,0.51,0.1749,0.1749,0.2471,303,8831,0.0004,174.98,175.05,175.12,173.23,2026-07-15,3,False
ROP,Information Technology,Software - Application,RSI,RSI 動能加速（強勢區）,None,0.0,0.51,0.1714,0.1714,0.366,35,2885,-0.0025,360.59,359.69,358.79,356.98,2026-07-13,3,False
LYB,Materials,Specialty Chemicals,BB,價格在 BB 中軌上方,None,0.0,0.425,0.17,0.17,0.2859,253,6697,-0.0091,58.0,57.47,56.94,57.42,2026-07-15,3,False
SYK,Health Care,Medical Devices,BB,價格在 BB 中軌上方,None,0.0,0.425,0.1679,0.1679,0.2804,280,14417,-0.0052,331.45,329.73,328.0,328.14,2026-07-13,3,False
WTW,Financials,Insurance Brokers,BB,價格在 BB 中軌上方,None,0.0,0.425,0.1646,0.1646,0.2847,316,21689,-0.0024,285.12,284.44,283.75,282.27,2026-07-15,3,False
LOW,Consumer Discretionary,Home Improvement Retail,BB,BB 跌破下軌 (超賣),None,0.0,0.45499999999999996,0.16,0.16,0.2974,25,733,0.0003,207.7,207.76,207.82,205.62,2026-07-13,3,False
PG,Consumer Staples,Household & Personal Products,RSI,RSI 維持強勢 (50-70),None,0.0,0.51,0.1224,0.1224,0.2452,286,7574,-0.0015,148.05,147.83,147.61,146.57,2026-07-15,3,False
GEHC,Health Care,Medical Devices,RSI,RSI 維持強勢 (50-70),Bullish Engulfing,0.75,1.0,0.1,0.1,0.3286,10,280,-0.0225,65.31,63.84,62.37,64.66,2026-07-13,3,False
SNPS,Information Technology,Software - Infrastructure,BB,BB 跌破下軌 (超賣),None,0.0,0.45499999999999996,0.0714,0.0714,0.3447,14,1001,-0.0251,425.9,415.21,404.52,421.64,2026-07-14,3,False
