symbol,sector,subsector,indicator,signal,pattern,pattern_conf,confidence,win_rate,win_rate_stock,win_rate_sector,stock_n,sector_n,avg_return,price,tp1_price,tp2_price,sl_price,date,tier,volume_confirmed
CRWD,Information Technology,Software - Infrastructure,RSI,RSI 維持超賣,Bullish Engulfing,0.75,1.0,0.6667,,0.6667,0,18,0.0604,193.98,205.7,217.41,192.04,2026-07-02,1,True
USB,Financials,Banks - Regional,BB,價格在 BB 中軌上方,Consolidation Breakout,0.73,0.9827999999999999,0.6667,0.6667,0.2527,15,2461,0.0405,62.83,65.37,67.92,62.2,2026-07-06,1,False
ROL,Consumer Discretionary,Personal Services,RSI,RSI 維持超賣,Morning Star,0.8,0.9,0.6207,,0.6207,0,29,0.0302,42.14,43.41,44.69,41.72,2026-07-01,1,False
BSX,Health Care,Medical Devices,RSI,RSI 維持超賣,Morning Star,0.8,0.9,0.6098,,0.6098,0,82,0.0247,43.06,44.12,45.19,42.63,2026-07-01,1,False
PFG,Financials,Asset Management,RSI,RSI 動能加速（強勢區）,Consolidation Breakout,0.76,1.0,0.5556,0.5556,0.2515,18,1022,0.02,112.55,114.8,117.05,111.42,2026-07-06,1,False
BNH,Unknown,Unknown,RSI,RSI 維持強勢 (50-70),Bullish Engulfing,0.75,1.0,0.5532,,0.5532,0,47,0.0312,15.37,15.85,16.33,15.22,2026-07-06,1,False
CHD,Consumer Staples,Household & Personal Products,BB,BB 中軌向上（上升趨勢）,Morning Star,0.8,1.0,0.5505,,0.5505,0,109,0.0238,98.6,100.95,103.29,97.61,2026-07-02,1,False
AA,Materials,Aluminum,RSI,RSI 超賣區域 (30),Morning Star,0.8,1.0,0.5,,0.5,0,6,0.0288,47.48,48.85,50.21,47.01,2026-07-01,1,True
FDS,Financials,Financial Data & Stock Exchanges,RSI,RSI 維持強勢 (50-70),None,0.0,0.51,0.6364,0.6364,0.3448,11,609,0.0179,245.55,249.95,254.34,243.09,2026-07-01,2,True
VTR,Real Estate,REIT - Healthcare Facilities,BB,BB 中軌向上（上升趨勢）,None,0.0,0.51,0.5,0.5,0.3037,14,270,0.0259,89.65,91.97,94.29,88.75,2026-07-01,2,True
KLAC,Information Technology,Semiconductor Equipment & Materials,RSI,RSI 維持強勢 (50-70),None,0.0,0.51,0.4545,0.4545,0.4471,11,747,-0.1571,266.19,224.37,182.55,263.53,2026-07-01,2,True
CEG,Utilities,Utilities - Independent Power Producers,BB,BB 跌破下軌 (超賣),Support,0.8,1.0,1.0,,1.0,0,5,0.0506,236.5,248.47,260.43,234.13,2026-07-01,3,False
TRGP,Energy,Oil & Gas Midstream,BB,BB 中軌向上（上升趨勢）,Bullish Engulfing,0.75,1.0,1.0,1.0,0.4038,5,52,0.0676,258.88,276.38,293.88,256.29,2026-07-02,3,False
HAL,Energy,Oil & Gas Equipment & Services,RSI,RSI 維持超賣,None,0.0,0.385,1.0,1.0,0.6122,5,98,0.058,33.0,34.91,36.83,32.67,2026-07-06,3,False
DG,Consumer Staples,Discount Stores,BB,價格在 BB 中軌上方,Morning Star,0.8,0.924,0.8571,0.8571,0.5252,7,139,0.0434,118.17,123.3,128.43,116.99,2026-07-02,3,False
COST,Consumer Staples,Discount Stores,BB,BB 跌破下軌 (超賣),Support,0.9,1.0,0.8393,,,0,0,0.067,924.67,986.62,1048.58,915.42,2026-07-01,3,False
WMT,Consumer Staples,Discount Stores,BB,BB 跌破下軌 (超賣),Support,0.9,1.0,0.8393,,,0,0,0.067,108.82,116.11,123.4,107.73,2026-07-01,3,False
KR,Consumer Staples,Grocery Stores,KDJ,KDJ 金叉,Support,0.9,1.0,0.8,,,0,0,0.0149,56.24,57.08,57.92,55.68,2026-07-01,3,False
BP,Energy,Oil & Gas Integrated,RSI,RSI 維持超賣,Support,0.9,0.93,0.7805,,,0,0,0.0493,36.15,37.93,39.71,35.79,2026-07-01,3,False
CNQ,Energy,Oil & Gas E&P,RSI,RSI 維持超賣,Support,0.9,0.93,0.7805,,,0,0,0.0493,38.92,40.84,42.76,38.53,2026-07-01,3,False
CVX,Energy,Oil & Gas Integrated,RSI,RSI 維持超賣,Support,0.9,0.93,0.7805,,,0,0,0.0493,165.69,173.86,182.03,164.03,2026-07-01,3,False
E,Energy,Oil & Gas Integrated,RSI,RSI 維持超賣,Support,0.9,0.93,0.7805,,,0,0,0.0493,45.57,47.82,50.06,45.11,2026-07-01,3,False
PBR,Energy,Oil & Gas Integrated,RSI,RSI 維持超賣,Support,0.9,0.93,0.7805,,,0,0,0.0493,15.99,16.78,17.57,15.83,2026-07-01,3,False
SU,Energy,Oil & Gas Integrated,RSI,RSI 維持超賣,Support,0.9,0.93,0.7805,,,0,0,0.0493,53.57,56.21,58.85,53.03,2026-07-01,3,False
TTE,Energy,Oil & Gas Integrated,RSI,RSI 維持超賣,Support,0.9,0.93,0.7805,,,0,0,0.0493,74.8,78.49,82.18,74.05,2026-07-01,3,False
VOD,Communication Services,Telecom Services,RSI,RSI 維持超賣,Support,0.9,0.93,0.7805,,,0,0,0.0493,13.01,13.65,14.29,12.88,2026-07-01,3,False
LYB,Materials,Specialty Chemicals,RSI,RSI 維持超賣,Support,0.8,0.9,0.7805,,,0,0,0.0493,52.58,55.17,57.76,52.05,2026-07-01,3,False
DOW,Materials,Chemicals,RSI,RSI 維持超賣,Support,0.7,0.87,0.7805,,,0,0,0.0493,27.02,28.35,29.68,26.75,2026-07-01,3,False
OXY,Energy,Oil & Gas E&P,RSI,RSI 維持超賣,Support,0.7,0.87,0.7805,,,0,0,0.0493,47.94,50.3,52.67,47.46,2026-07-01,3,False
STLD,Materials,Steel,KDJ,KDJ 超賣區金叉,Morning Star,0.8,1.0,0.75,,0.75,0,8,0.0222,227.07,232.11,237.15,224.8,2026-07-06,3,False
BA,Industrials,Aerospace & Defense,MACD,MACD 金叉 (空頭區),None,0.0,0.42,0.75,0.75,0.3303,8,875,0.0343,226.49,234.26,242.03,224.23,2026-07-02,3,False
ANET,Information Technology,Computer Hardware,RSI,RSI 上穿 50 中性線,None,0.0,0.4675,0.7059,0.7059,0.3785,17,1593,0.042,173.28,180.56,187.84,171.55,2026-07-06,3,False
DECK,Consumer Discretionary,Footwear & Accessories,RSI,RSI 上穿 50 中性線,None,0.0,0.4675,0.7,0.7,0.3072,10,1123,0.0376,105.67,109.64,113.62,104.61,2026-07-06,3,False
SLB,Energy,Oil & Gas Equipment & Services,RSI,RSI 維持超賣,None,0.0,0.385,0.7,0.7,0.6122,10,98,0.0284,45.09,46.37,47.65,44.64,2026-07-01,3,False
HWM,Industrials,Aerospace & Defense,BB,BB 中軌向上（上升趨勢）,Morning Star,0.8,1.0,0.6667,0.6667,0.5233,6,407,0.0198,277.91,283.41,288.92,275.13,2026-07-06,3,False
BX,Financials,Asset Management,MACD,MACD 金叉 (多頭區),None,0.0,0.68,0.6667,0.6667,0.2747,6,517,0.0139,123.42,125.14,126.85,122.19,2026-07-06,3,False
CVNA,Consumer Discretionary,Auto & Truck Dealerships,RSI,RSI 上穿 50 中性線,None,0.0,0.4675,0.6667,0.6667,0.3072,24,1123,0.0719,67.87,72.75,77.63,67.19,2026-07-01,3,False
KKR,Financials,Asset Management,MACD,MACD 金叉 (空頭區),None,0.0,0.42,0.6667,0.6667,0.3214,12,865,-0.0015,95.97,95.83,95.68,95.01,2026-07-06,3,False
SNDK,Information Technology,Computer Hardware,BB,價格在 BB 中軌上方,None,0.0,0.425,0.6578,0.6578,0.3573,187,20206,0.0925,2032.22,2220.2,2408.18,2011.9,2026-07-01,3,False
GOOG,Communication Services,Internet Content & Information,RSI,RSI 上穿 50 中性線,None,0.0,0.4675,0.6429,0.6429,0.3243,14,518,0.0133,364.9,369.75,374.61,361.25,2026-07-06,3,False
META,Communication Services,Internet Content & Information,MACD,MACD 金叉 (空頭區),None,0.0,0.42,0.6364,0.6364,0.3254,11,252,0.0265,612.91,629.15,645.39,606.78,2026-07-01,3,False
GOOGL,Communication Services,Internet Content & Information,RSI,RSI 上穿 50 中性線,None,0.0,0.4675,0.625,0.625,0.3243,16,518,0.0093,366.46,369.87,373.28,362.8,2026-07-06,3,False
TXN,Information Technology,Semiconductors,KDJ,KDJ 金叉,None,0.0,0.5525,0.6154,0.6154,0.3918,13,1955,0.0201,303.5,309.6,315.7,300.46,2026-07-06,3,False
COIN,Financials,Financial Data & Stock Exchanges,MACD,MACD 金叉 (空頭區),None,0.0,0.42,0.6154,0.6154,0.3214,13,865,0.0606,159.24,168.89,178.54,157.65,2026-07-01,3,False
BKR,Energy,Oil & Gas Equipment & Services,RSI,RSI 維持超賣,None,0.0,0.385,0.6122,,0.6122,0,98,0.0203,53.25,54.33,55.41,52.72,2026-07-06,3,False
VNOM,Energy,Oil & Gas Midstream,RSI,RSI 維持超賣,None,0.0,0.385,0.6122,,0.6122,0,98,0.0203,40.48,41.3,42.12,40.08,2026-07-06,3,False
LVS,Consumer Discretionary,Resorts & Casinos,KDJ,KDJ 超賣區金叉,Support,0.9,1.0,0.6,,,0,0,0.0304,46.25,47.66,49.06,45.79,2026-07-01,3,False
PODD,Health Care,Medical Devices,MACD,MACD 突破 0 軸,None,0.0,0.595,0.6,0.6,0.3171,5,432,0.0545,164.48,173.44,182.41,162.84,2026-07-02,3,False
WYNN,Consumer Discretionary,Resorts & Casinos,KDJ,KDJ 超賣區金叉,None,0.0,0.5599999999999999,0.6,0.6,0.3775,5,302,0.025,95.89,98.29,100.68,94.93,2026-07-06,3,False
HLT,Consumer Discretionary,Lodging,RSI,RSI 上穿 50 中性線,None,0.0,0.4675,0.5833,0.5833,0.3072,24,1123,0.0141,338.12,342.89,347.65,334.74,2026-07-02,3,False
VRT,Industrials,Electrical Equipment & Parts,RSI,RSI 維持強勢 (50-70),None,0.0,0.51,0.5753,0.5753,0.2986,365,19157,0.0264,318.47,326.88,335.29,315.29,2026-07-06,3,False
AMP,Financials,Asset Management,MACD,MACD 突破 0 軸,None,0.0,0.595,0.5714,0.5714,0.3301,7,618,0.0223,479.68,490.38,501.07,474.88,2026-07-01,3,False
ORCL,Information Technology,Software - Infrastructure,RSI,RSI 維持超賣,None,0.0,0.385,0.5714,0.5714,0.3605,7,663,0.0263,140.27,143.96,147.65,138.87,2026-07-02,3,False
Q,Information Technology,Semiconductor Equipment & Materials,BB,BB 中軌向上（上升趨勢）,None,0.0,0.51,0.561,0.561,0.3639,82,16781,0.0317,153.37,158.23,163.09,151.84,2026-07-01,3,False
NEM,Materials,Gold,KDJ,KDJ 金叉,None,0.0,0.5525,0.5556,0.5556,0.314,36,637,0.0215,97.04,99.13,101.21,96.07,2026-07-02,3,False
INTC,Information Technology,Semiconductors,RSI,RSI 上穿 50 中性線,None,0.0,0.4675,0.5556,0.5556,0.3785,18,1593,0.0314,122.2,126.04,129.87,120.98,2026-07-06,3,False
ALC,Health Care,Medical Instruments & Supplies,MACD,MACD 突破 0 軸,Morning Star,0.8,1.0,0.5455,,,0,0,0.0313,69.66,71.84,74.02,68.96,2026-07-02,3,False
APD,Materials,Specialty Chemicals,MACD,MACD 突破 0 軸,Morning Star,0.8,1.0,0.5455,,,0,0,0.0313,306.4,315.99,325.58,303.34,2026-07-01,3,False
AIG,Financials,Insurance - Diversified,MACD,MACD 突破 0 軸,None,0.0,0.595,0.5455,0.5455,0.3301,11,618,0.0068,76.59,77.11,77.63,75.82,2026-07-01,3,False
COHR,Information Technology,Scientific & Technical Instruments,BB,BB 跌破下軌 (超賣),None,0.0,0.45499999999999996,0.5455,0.5455,0.3447,11,1001,0.0437,333.36,347.93,362.5,330.03,2026-07-02,3,False
EME,Industrials,Engineering & Construction,BB,BB 跌破下軌 (超賣),None,0.0,0.45499999999999996,0.5455,0.5455,0.2838,11,1258,0.0339,774.66,800.92,827.18,766.91,2026-07-02,3,False
PLTR,Information Technology,Software - Infrastructure,MACD,MACD 金叉 (空頭區),None,0.0,0.42,0.5455,0.5455,0.3767,11,754,0.0171,129.3,131.51,133.72,128.01,2026-07-02,3,False
OMC,Communication Services,Advertising Agencies,KDJ,KDJ 金叉,None,0.0,0.5525,0.5385,0.5385,0.3345,13,550,0.0108,76.11,76.93,77.75,75.35,2026-07-01,3,False
WDC,Information Technology,Computer Hardware,BB,BB 中軌向上（上升趨勢）,None,0.0,0.51,0.5373,0.5373,0.3639,402,16781,0.0327,577.46,596.34,615.23,571.69,2026-07-06,3,False
TER,Information Technology,Semiconductor Equipment & Materials,BB,BB 中軌向上（上升趨勢）,None,0.0,0.51,0.5277,0.5277,0.3639,307,16781,0.0256,379.52,389.24,398.95,375.72,2026-07-06,3,False
LECO,Industrials,Tools & Accessories,BB,BB 中軌向上（上升趨勢）,Morning Star,0.8,1.0,0.5233,,0.5233,0,407,0.0228,257.97,263.85,269.73,255.39,2026-07-01,3,False
GEV,Industrials,Specialty Industrial Machinery,BB,價格在 BB 中軌上方,None,0.0,0.425,0.5185,0.5185,0.295,297,22337,0.021,1152.04,1176.23,1200.43,1140.52,2026-07-06,3,False
HOOD,Financials,Capital Markets,BB,BB 中軌向上（上升趨勢）,None,0.0,0.51,0.5123,0.5123,0.2681,324,16575,0.0235,117.55,120.31,123.07,116.37,2026-07-06,3,False
STX,Information Technology,Computer Hardware,BB,BB 中軌向上（上升趨勢）,None,0.0,0.51,0.5086,0.5086,0.3639,348,16781,0.0248,915.19,937.89,960.58,906.04,2026-07-01,3,False
DELL,Information Technology,Computer Hardware,RSI,RSI 動能加速（強勢區）,None,0.0,0.51,0.5079,0.5079,0.366,63,2885,0.0326,411.8,425.22,438.65,407.68,2026-07-06,3,False
COP,Energy,Oil & Gas E&P,RSI,RSI 超賣區域 (30),Support,0.7,1.0,0.5,,,0,0,0.02,103.22,105.28,107.35,102.19,2026-07-01,3,False
GWW,Industrials,Industrial Distribution,BB,BB 中軌向上（上升趨勢）,Bullish Engulfing,0.75,1.0,0.5,0.5,0.4012,6,324,0.0111,1370.16,1385.37,1400.58,1356.46,2026-07-06,3,False
SHEL,Energy,Oil & Gas Integrated,RSI,RSI 超賣區域 (30),Support,0.9,1.0,0.5,,,0,0,0.02,76.57,78.1,79.63,75.8,2026-07-01,3,False
STT,Financials,Asset Management,BB,BB 中軌向上（上升趨勢）,Consolidation Breakout,0.85,1.0,0.5,0.5,0.2496,18,1951,0.0089,175.96,177.53,179.09,174.2,2026-07-06,3,False
BG,Consumer Staples,Farm Products,RSI,RSI 維持超賣,Support,0.9,0.93,0.5,,0.5,0,6,0.0233,104.89,107.33,109.78,103.84,2026-07-01,3,False
JBHT,Industrials,Integrated Freight & Logistics,MACD,MACD 金叉 (多頭區),None,0.0,0.68,0.5,0.5,0.2674,6,531,-0.004,290.07,288.91,287.75,287.17,2026-07-01,3,False
RMD,Health Care,Medical Instruments & Supplies,MACD,MACD 突破 0 軸,None,0.0,0.595,0.5,0.5,0.3171,8,432,0.0064,209.63,210.97,212.31,207.53,2026-07-02,3,False
NUE,Materials,Steel,KDJ,KDJ 超賣區金叉,None,0.0,0.5599999999999999,0.5,0.5,0.3156,6,225,0.0336,223.92,231.44,238.97,221.68,2026-07-06,3,False
RJF,Financials,Asset Management,KDJ,KDJ 金叉,None,0.0,0.5525,0.5,0.5,0.3142,24,1932,0.011,158.19,159.93,161.67,156.61,2026-07-01,3,False
SOLV,Health Care,Medical Instruments & Supplies,RSI,RSI 加速上升,None,0.0,0.5525,0.5,0.5,0.2803,74,8492,0.0161,78.35,79.61,80.87,77.57,2026-07-01,3,False
XEL,Utilities,Utilities - Regulated Electric,KDJ,KDJ 金叉,None,0.0,0.5525,0.5,0.5,0.3001,16,713,0.0122,81.96,82.96,83.96,81.14,2026-07-02,3,False
C,Financials,Banks - Diversified,RSI,RSI 動能加速（強勢區）,None,0.0,0.51,0.5,0.5,0.279,52,3129,0.0151,143.86,146.03,148.2,142.42,2026-07-06,3,False
DLR,Real Estate,REIT - Specialty,BB,BB 跌破下軌 (超賣),None,0.0,0.45499999999999996,0.5,0.5,0.25,18,564,0.0196,173.3,176.7,180.09,171.57,2026-07-02,3,False
IT,Information Technology,Information Technology Services,MACD,MACD 金叉 (空頭區),None,0.0,0.42,0.5,0.5,0.3767,6,754,0.0128,135.11,136.84,138.57,133.76,2026-07-06,3,False
IBM,Information Technology,Information Technology Services,RSI,RSI 動能加速（強勢區）,None,0.0,0.51,0.4865,0.4865,0.366,37,2885,0.0224,299.52,306.23,312.94,296.52,2026-07-06,3,False
ODFL,Industrials,Trucking,KDJ,KDJ 金叉,None,0.0,0.5525,0.4828,0.4828,0.3223,29,2110,0.0079,217.96,219.68,221.4,215.78,2026-07-01,3,False
AMD,Information Technology,Semiconductors,RSI,RSI 維持強勢 (50-70),None,0.0,0.51,0.4798,0.4798,0.3645,198,16764,0.0209,552.05,563.59,575.13,546.53,2026-07-06,3,False
WFC,Financials,Banks - Diversified,KDJ,KDJ 金叉,None,0.0,0.5525,0.4783,0.4783,0.3142,23,1932,0.0141,85.94,87.15,88.36,85.08,2026-07-01,3,False
PSX,Energy,Oil & Gas Refining & Marketing,RSI,RSI 上穿 50 中性線,None,0.0,0.4675,0.4762,0.4762,0.361,21,579,0.0203,174.5,178.04,181.58,172.75,2026-07-01,3,False
NCLH,Consumer Discretionary,Travel Services,BB,BB 中軌向上（上升趨勢）,None,0.0,0.51,0.476,0.476,0.2908,208,9757,0.0148,19.26,19.55,19.83,19.07,2026-07-06,3,False
PM,Consumer Staples,Tobacco,KDJ,KDJ 金叉,None,0.0,0.5525,0.4737,0.4737,0.2503,19,779,0.0131,182.27,184.66,187.05,180.45,2026-07-02,3,False
IBKR,Financials,Capital Markets,KDJ,KDJ 金叉,None,0.0,0.5525,0.4688,0.4688,0.3142,32,1932,0.0122,95.99,97.16,98.33,95.03,2026-07-06,3,False
BXP,Real Estate,REIT - Office,BB,BB 中軌向上（上升趨勢）,Consolidation Breakout,0.73,1.0,0.4667,0.4667,0.2296,15,649,0.0183,69.97,71.25,72.53,69.27,2026-07-06,3,False
PPG,Materials,Specialty Chemicals,RSI,RSI 動能加速（強勢區）,None,0.0,0.51,0.4667,0.4667,0.2962,30,942,0.0109,125.33,126.7,128.06,124.08,2026-07-02,3,False
CRM,Information Technology,Software - Application,MACD,MACD 金叉 (空頭區),None,0.0,0.42,0.4667,0.4667,0.3767,15,754,0.011,163.23,165.03,166.82,161.6,2026-07-01,3,False
RCL,Consumer Discretionary,Travel Services,RSI,RSI 維持強勢 (50-70),None,0.0,0.51,0.4618,0.4618,0.2995,262,10441,0.0148,306.3,310.83,315.37,303.24,2026-07-01,3,False
AAPL,Information Technology,Consumer Electronics,RSI,RSI 上穿 50 中性線,None,0.0,0.4675,0.4615,0.4615,0.3785,26,1593,0.0084,294.38,296.85,299.33,291.44,2026-07-01,3,False
DKS,Consumer Discretionary,Specialty Retail,BB,BB 中軌向上（上升趨勢）,Morning Star,0.8,1.0,0.4599,,0.4599,0,237,0.0144,236.18,239.58,242.98,233.82,2026-07-02,3,False
H,Consumer Discretionary,Lodging,BB,BB 中軌向上（上升趨勢）,Morning Star,0.8,1.0,0.4599,,0.4599,0,237,0.0144,193.48,196.27,199.05,191.55,2026-07-06,3,False
PAG,Consumer Discretionary,Auto & Truck Dealerships,BB,BB 中軌向上（上升趨勢）,Morning Star,0.8,1.0,0.4599,,0.4599,0,237,0.0144,179.42,182.0,184.59,177.63,2026-07-02,3,False
BAX,Health Care,Medical Instruments & Supplies,RSI,RSI 動能加速（強勢區）,None,0.0,0.51,0.4583,0.4583,0.2606,24,1869,0.0049,22.65,22.76,22.87,22.42,2026-07-02,3,False
GS,Financials,Capital Markets,RSI,RSI 上穿 50 中性線,None,0.0,0.4675,0.4583,0.4583,0.3091,24,1899,0.008,1055.29,1063.73,1072.17,1044.74,2026-07-06,3,False
TPR,Consumer Discretionary,Luxury Goods,RSI,RSI 上穿 50 中性線,None,0.0,0.4675,0.4583,0.4583,0.3072,24,1123,0.014,145.49,147.53,149.56,144.04,2026-07-06,3,False
CME,Financials,Financial Data & Stock Exchanges,KDJ,KDJ 超賣區金叉,Morning Star,0.8,1.0,0.4565,,0.4565,0,46,0.0117,231.0,233.7,236.41,228.69,2026-07-01,3,False
ZBRA,Information Technology,Communication Equipment,RSI,RSI 加速上升,None,0.0,0.5525,0.4559,0.4559,0.3693,136,10688,0.0065,270.29,272.05,273.8,267.59,2026-07-06,3,False
BEN,Financials,Asset Management,KDJ,KDJ 金叉,None,0.0,0.5525,0.4545,0.4545,0.3142,11,1932,0.0132,34.06,34.51,34.96,33.72,2026-07-01,3,False
DPZ,Consumer Discretionary,Restaurants,RSI,RSI 上穿 50 中性線,None,0.0,0.4675,0.4545,0.4545,0.3072,11,1123,0.0179,311.66,317.24,322.82,308.54,2026-07-02,3,False
EL,Consumer Staples,Household & Personal Products,RSI,RSI 上穿 50 中性線,None,0.0,0.4675,0.4545,0.4545,0.2565,22,928,-0.0057,83.71,83.23,82.76,82.87,2026-07-02,3,False
MU,Information Technology,Semiconductors,RSI,RSI 維持強勢 (50-70),None,0.0,0.51,0.45,0.45,0.3645,300,16764,0.0231,1032.1213,1055.96,1079.81,1021.8,2026-07-01,3,False
IVZ,Financials,Asset Management,RSI,RSI 上穿 50 中性線,None,0.0,0.4675,0.45,0.45,0.3091,20,1899,0.0058,27.83,27.99,28.15,27.55,2026-07-06,3,False
TKO,Communication Services,Entertainment,RSI,RSI 上穿 50 中性線,None,0.0,0.4675,0.45,0.45,0.3243,20,518,-0.0008,202.43,202.27,202.11,200.41,2026-07-01,3,False
BIDU,Communication Services,Internet Content & Information,RSI,RSI 加速上升,None,0.0,0.5525,0.4481,,0.4481,0,241,0.0027,117.94,118.26,118.58,116.76,2026-07-01,3,True
DDOG,Information Technology,Software - Application,RSI,RSI 加速上升,None,0.0,0.5525,0.4467,0.4467,0.3693,150,10688,0.0121,260.36,263.51,266.66,257.76,2026-07-02,3,False
CTSH,Information Technology,Information Technology Services,KDJ,KDJ 超賣區金叉,Morning Star,0.8,1.0,0.4444,,0.4444,0,27,0.0112,41.07,41.53,41.99,40.66,2026-07-01,3,False
NTRS,Financials,Asset Management,BB,BB 中軌向上（上升趨勢）,Consolidation Breakout,0.76,1.0,0.4444,0.4444,0.2496,18,1951,0.0211,181.14,184.96,188.78,179.33,2026-07-06,3,False
PDD,Consumer Discretionary,Internet Retail,BB,價格在 BB 中軌上方,Morning Star,0.8,0.924,0.4444,,0.4444,0,261,0.0103,82.52,83.37,84.22,81.69,2026-07-01,3,False
PYPL,Financials,Credit Services,MACD,MACD 突破 0 軸,None,0.0,0.595,0.4444,0.4444,0.3301,9,618,0.0103,45.47,45.94,46.41,45.02,2026-07-02,3,False
NOC,Industrials,Aerospace & Defense,MACD,MACD 金叉 (空頭區),None,0.0,0.42,0.4444,0.4444,0.3303,9,875,0.0149,549.01,557.19,565.37,543.52,2026-07-02,3,False
WDAY,Information Technology,Software - Application,MACD,MACD 金叉 (空頭區),None,0.0,0.42,0.4444,0.4444,0.3767,9,754,0.0198,135.4,138.08,140.76,134.05,2026-07-02,3,False
SYF,Financials,Credit Services,RSI,RSI 維持強勢 (50-70),None,0.0,0.51,0.4416,0.4416,0.2842,274,19108,0.0133,77.05,78.07,79.1,76.28,2026-07-06,3,False
AGNCM,Real Estate,REIT - Mortgage,KDJ,KDJ 金叉,None,0.0,0.5525,0.4412,,0.4412,0,34,0.011,24.77,25.04,25.31,24.52,2026-07-01,3,True
GGG,Industrials,Specialty Industrial Machinery,BB,價格在 BB 中軌上方,Morning Star,0.8,0.924,0.4387,,0.4387,0,424,0.015,75.67,76.81,77.94,74.91,2026-07-06,3,False
ET,Energy,Oil & Gas Midstream,RSI,RSI 維持強勢 (50-70),Bullish Engulfing,0.75,1.0,0.4386,,0.4386,0,57,0.014,19.33,19.6,19.87,19.14,2026-07-02,3,False
PFE,Health Care,Drug Manufacturers - General,KDJ,KDJ 金叉,None,0.0,0.5525,0.4375,0.4375,0.2852,16,1536,0.0049,24.32,24.44,24.56,24.08,2026-07-02,3,False
VST,Utilities,Utilities - Independent Power Producers,BB,價格在 BB 中軌上方,None,0.0,0.425,0.4375,0.4375,0.246,368,9864,0.0131,157.22,159.28,161.34,155.65,2026-07-06,3,False
BLDR,Industrials,Building Products & Equipment,RSI,RSI 維持強勢 (50-70),None,0.0,0.51,0.4355,0.4355,0.2986,186,19157,0.003,82.33,82.58,82.82,81.51,2026-07-06,3,False
ALGN,Health Care,Medical Instruments & Supplies,RSI,RSI 上穿 50 中性線,None,0.0,0.4675,0.4348,0.4348,0.3144,23,1323,0.0055,181.49,182.49,183.49,179.68,2026-07-01,3,False
HII,Industrials,Aerospace & Defense,KDJ,KDJ 金叉,None,0.0,0.5525,0.4333,0.4333,0.3223,30,2110,0.0126,291.5,295.17,298.85,288.58,2026-07-02,3,False
FIX,Industrials,Engineering & Construction,BB,BB 中軌向上（上升趨勢）,None,0.0,0.51,0.4333,0.4333,0.2929,390,17460,0.0141,1865.15,1891.45,1917.75,1846.5,2026-07-01,3,False
LYV,Communication Services,Entertainment,RSI,RSI 加速上升,None,0.0,0.5525,0.4314,0.4314,0.3116,102,3322,0.0056,186.59,187.63,188.68,184.72,2026-07-02,3,False
LRCX,Information Technology,Semiconductor Equipment & Materials,BB,BB 中軌向上（上升趨勢）,None,0.0,0.51,0.4308,0.4308,0.3639,318,16781,0.0173,350.2,356.26,362.32,346.7,2026-07-06,3,False
FICO,Information Technology,Software - Application,MACD,MACD 突破 0 軸,None,0.0,0.595,0.4286,0.4286,0.4064,7,529,0.0307,1206.65,1243.69,1280.74,1194.58,2026-07-01,3,False
BAC,Financials,Banks - Diversified,KDJ,KDJ 金叉,None,0.0,0.5525,0.4286,0.4286,0.3142,21,1932,0.0139,58.73,59.55,60.36,58.14,2026-07-02,3,False
SO,Utilities,Utilities - Regulated Electric,KDJ,KDJ 金叉,None,0.0,0.5525,0.4286,0.4286,0.3001,21,713,0.013,97.98,99.25,100.53,97.0,2026-07-02,3,False
CF,Materials,Agricultural Inputs,RSI,RSI 動能加速（強勢區）,None,0.0,0.51,0.4286,0.4286,0.2962,28,942,0.0051,113.2,113.78,114.35,112.07,2026-07-06,3,False
PTC,Information Technology,Software - Application,RSI,RSI 上穿 50 中性線,None,0.0,0.4675,0.4286,0.4286,0.3785,21,1593,0.0043,124.55,125.09,125.62,123.3,2026-07-02,3,False
JBL,Information Technology,Electronic Components,BB,BB 跌破下軌 (超賣),None,0.0,0.45499999999999996,0.4286,0.4286,0.3447,7,1001,0.0148,338.22,343.23,348.23,334.84,2026-07-06,3,False
FOX,Communication Services,Entertainment,MACD,MACD 金叉 (空頭區),None,0.0,0.42,0.4286,0.4286,0.3254,7,252,0.023,50.56,51.72,52.89,50.05,2026-07-02,3,False
LHX,Industrials,Aerospace & Defense,MACD,MACD 金叉 (空頭區),None,0.0,0.42,0.4286,0.4286,0.3303,7,875,0.0225,302.07,308.87,315.66,299.05,2026-07-02,3,False
NFLX,Communication Services,Entertainment,MACD,MACD 金叉 (空頭區),None,0.0,0.42,0.4286,0.4286,0.3254,14,252,0.0171,77.65,78.98,80.31,76.87,2026-07-02,3,False
BNY,Financials,Banks - Diversified,RSI,RSI 維持強勢 (50-70),Morning Star,0.8,1.0,0.4278,,0.4278,0,367,0.0116,146.02,147.71,149.41,144.56,2026-07-01,3,False
EWBC,Financials,Banks - Regional,RSI,RSI 維持強勢 (50-70),Morning Star,0.8,1.0,0.4278,,0.4278,0,367,0.0116,130.7,132.22,133.73,129.39,2026-07-01,3,False
TECH,Health Care,Biotechnology,BB,BB 中軌向上（上升趨勢）,None,0.0,0.51,0.4267,0.4267,0.2705,150,10885,0.0009,70.92,70.98,71.05,70.21,2026-07-06,3,False
APH,Information Technology,Electronic Components,BB,BB 中軌向上（上升趨勢）,None,0.0,0.51,0.4261,0.4261,0.3639,291,16781,0.011,166.81,168.64,170.48,165.14,2026-07-06,3,False
MLI,Industrials,Metal Fabrication,RSI,RSI 維持超賣,None,0.0,0.385,0.4252,,0.4252,0,127,0.01,56.5,57.06,57.63,55.94,2026-07-02,3,True
CSGP,Real Estate,Real Estate Services,KDJ,KDJ 金叉,Morning Star,0.8,1.0,0.4231,,0.4231,0,52,0.0133,29.36,29.75,30.14,29.07,2026-07-01,3,False
PSKY,Communication Services,Entertainment,RSI,RSI 上穿 50 中性線,None,0.0,0.4675,0.4231,0.4231,0.3243,26,518,0.0041,10.17,10.21,10.25,10.07,2026-07-01,3,False
CAT,Industrials,Farm & Heavy Construction Machinery,RSI,RSI 維持強勢 (50-70),None,0.0,0.51,0.4213,0.4213,0.2986,254,19157,0.0169,969.92,986.31,1002.7,960.22,2026-07-06,3,False
WSM,Consumer Discretionary,Specialty Retail,BB,價格在 BB 中軌上方,None,0.0,0.425,0.4211,0.4211,0.2984,304,12430,0.0111,227.53,230.06,232.58,225.25,2026-07-02,3,False
AMAT,Information Technology,Semiconductor Equipment & Materials,RSI,RSI 維持強勢 (50-70),None,0.0,0.51,0.4179,0.4179,0.3645,280,16764,0.0128,592.79,600.38,607.97,586.86,2026-07-06,3,False
CRCL,Financials,Capital Markets,BB,BB 跌破下軌 (超賣),Morning Star,0.8,1.0,0.4167,,0.4167,0,12,0.0206,61.95,63.23,64.5,61.33,2026-07-01,3,True
DD,Materials,Specialty Chemicals,KDJ,KDJ 金叉,Bullish Engulfing,0.75,1.0,0.4167,,0.4167,0,24,0.0205,138.47,141.31,144.15,137.09,2026-07-01,3,False
AMZN,Consumer Discretionary,Internet Retail,MACD,MACD 金叉 (空頭區),None,0.0,0.42,0.4167,0.4167,0.3233,12,529,0.0049,241.7,242.88,244.07,239.28,2026-07-01,3,False
NOW,Information Technology,Software - Application,MACD,MACD 金叉 (空頭區),None,0.0,0.42,0.4167,0.4167,0.3767,12,754,-0.003,106.32,106.0,105.68,105.26,2026-07-02,3,False
RF,Financials,Banks - Regional,RSI,RSI 動能加速（強勢區）,None,0.0,0.51,0.4138,0.4138,0.279,29,3129,0.0104,30.8,31.12,31.44,30.49,2026-07-01,3,False
UNP,Industrials,Railroads,RSI,RSI 動能加速（強勢區）,None,0.0,0.51,0.4138,0.4138,0.2891,29,3037,0.0152,282.25,286.54,290.83,279.43,2026-07-02,3,False
MS,Financials,Capital Markets,RSI,RSI 動能加速（強勢區）,None,0.0,0.51,0.413,0.413,0.279,46,3129,0.0129,222.1,224.97,227.83,219.88,2026-07-06,3,False
LLY,Health Care,Drug Manufacturers - General,RSI,RSI 加速上升,None,0.0,0.5525,0.4109,0.4109,0.2803,129,8492,0.0107,1213.91,1226.9,1239.89,1201.77,2026-07-02,3,False
EQNR,Energy,Oil & Gas Integrated,RSI,RSI 超賣區域 (30),None,0.0,0.5249999999999999,0.4107,,0.4107,0,56,0.0193,31.21,31.81,32.41,30.9,2026-07-01,3,False
TS,Energy,Oil & Gas Equipment & Services,RSI,RSI 超賣區域 (30),None,0.0,0.5249999999999999,0.4107,,0.4107,0,56,0.0193,53.8,54.84,55.88,53.26,2026-07-06,3,False
MGM,Consumer Discretionary,Resorts & Casinos,RSI,RSI 維持強勢 (50-70),None,0.0,0.51,0.4106,0.4106,0.2995,151,10441,0.0156,46.88,47.61,48.34,46.41,2026-07-06,3,False
FITB,Financials,Banks - Regional,RSI,RSI 動能加速（強勢區）,None,0.0,0.51,0.4103,0.4103,0.279,39,3129,0.0068,57.49,57.88,58.27,56.92,2026-07-01,3,False
ABNB,Consumer Discretionary,Travel Services,RSI,RSI 動能加速（強勢區）,None,0.0,0.51,0.4091,0.4091,0.3027,22,1665,0.0219,147.31,150.54,153.76,145.84,2026-07-01,3,False
ARES,Financials,Asset Management,RSI,RSI 上穿 50 中性線,None,0.0,0.4675,0.4091,0.4091,0.3091,22,1899,0.0201,121.83,124.28,126.73,120.61,2026-07-06,3,False
VTRS,Health Care,Drug Manufacturers - Specialty & Generic,RSI,RSI 上穿 50 中性線,None,0.0,0.4675,0.4091,0.4091,0.3144,22,1323,0.0021,16.18,16.21,16.25,16.02,2026-07-01,3,False
AXP,Financials,Credit Services,KDJ,KDJ 金叉,None,0.0,0.5525,0.4074,0.4074,0.3142,27,1932,0.0071,351.96,354.46,356.96,348.44,2026-07-02,3,False
GDDY,Information Technology,Software - Infrastructure,RSI,RSI 動能加速（強勢區）,None,0.0,0.51,0.4074,0.4074,0.366,27,2885,0.0074,86.91,87.55,88.2,86.04,2026-07-01,3,False
CHKP,Information Technology,Software - Infrastructure,MACD,MACD 突破 0 軸,None,0.0,0.595,0.4064,,0.4064,0,529,0.0085,134.29,135.43,136.57,132.95,2026-07-01,3,False
CPAY,Information Technology,Software - Infrastructure,MACD,MACD 突破 0 軸,None,0.0,0.595,0.4064,,0.4064,0,529,0.0085,356.55,359.58,362.61,352.98,2026-07-06,3,False
GRMN,Information Technology,Scientific & Technical Instruments,MACD,MACD 突破 0 軸,None,0.0,0.595,0.4064,,0.4064,0,529,0.0085,245.22,247.3,249.39,242.77,2026-07-06,3,False
IOT,Information Technology,Software - Infrastructure,MACD,MACD 突破 0 軸,None,0.0,0.595,0.4064,,0.4064,0,529,0.0085,34.18,34.47,34.76,33.84,2026-07-01,3,False
JKHY,Information Technology,Information Technology Services,MACD,MACD 突破 0 軸,None,0.0,0.595,0.4064,,0.4064,0,529,0.0085,146.87,148.12,149.37,145.4,2026-07-02,3,False
MDB,Information Technology,Software - Infrastructure,MACD,MACD 突破 0 軸,None,0.0,0.595,0.4064,,0.4064,0,529,0.0085,359.38,362.43,365.49,355.79,2026-07-01,3,False
WSE,Information Technology,Information Technology Services,MACD,MACD 突破 0 軸,None,0.0,0.595,0.4064,,0.4064,0,529,0.0085,13.14,13.25,13.36,13.01,2026-07-06,3,False
ZS,Information Technology,Software - Infrastructure,MACD,MACD 突破 0 軸,None,0.0,0.595,0.4064,,0.4064,0,529,0.0085,150.42,151.7,152.98,148.92,2026-07-06,3,False
RL,Consumer Discretionary,Apparel Manufacturing,RSI,RSI 維持強勢 (50-70),None,0.0,0.51,0.4064,0.4064,0.2995,283,10441,0.0107,396.32,400.56,404.8,392.36,2026-07-06,3,False
EQT,Energy,Oil & Gas E&P,RSI,RSI 加速上升,None,0.0,0.5525,0.4048,0.4048,0.3227,126,3306,0.0092,52.61,53.09,53.58,52.08,2026-07-02,3,False
KEY,Financials,Banks - Regional,RSI,RSI 動能加速（強勢區）,None,0.0,0.51,0.4048,0.4048,0.279,42,3129,0.0111,23.43,23.69,23.95,23.2,2026-07-06,3,False
RIVN,Consumer Discretionary,Auto Manufacturers,BB,價格在 BB 中軌上方,None,0.0,0.425,0.4026,,0.4026,0,529,0.0119,18.63,18.85,19.07,18.44,2026-07-02,3,True
SE,Consumer Discretionary,Internet Retail,BB,價格在 BB 中軌上方,None,0.0,0.425,0.4026,,0.4026,0,529,0.0119,103.3,104.53,105.76,102.27,2026-07-02,3,True
DXCM,Health Care,Medical Devices,KDJ,KDJ 超賣區金叉,None,0.0,0.5599999999999999,0.4,0.4,0.3027,5,370,-0.0061,68.86,68.44,68.02,68.17,2026-07-01,3,False
GM,Consumer Discretionary,Auto Manufacturers,KDJ,KDJ 超賣區金叉,None,0.0,0.5599999999999999,0.4,0.4,0.3775,5,302,0.0054,76.0,76.41,76.82,75.24,2026-07-02,3,False
MPC,Energy,Oil & Gas Refining & Marketing,RSI,RSI 動能加速（強勢區）,None,0.0,0.51,0.4,0.4,0.3265,40,873,0.0074,264.87,266.83,268.79,262.22,2026-07-01,3,False
HSY,Consumer Staples,Confectioners,RSI,RSI 上穿 50 中性線,None,0.0,0.4675,0.4,0.4,0.2565,20,928,0.0045,182.14,182.96,183.78,180.32,2026-07-02,3,False
HUM,Health Care,Healthcare Plans,BB,價格在 BB 中軌上方,None,0.0,0.425,0.4,0.4,0.2804,275,14417,0.0092,392.86,396.47,400.09,388.93,2026-07-06,3,False
GLW,Information Technology,Electronic Components,BB,BB 中軌向上（上升趨勢）,None,0.0,0.51,0.3994,0.3994,0.3639,328,16781,0.0159,194.8,197.9,200.99,192.85,2026-07-06,3,False
PANW,Information Technology,Software - Infrastructure,RSI,RSI 加速上升,None,0.0,0.5525,0.3988,0.3988,0.3693,168,10688,0.0075,357.53,360.21,362.89,353.95,2026-07-06,3,False
GPC,Consumer Discretionary,Auto Parts,RSI,RSI 加速上升,None,0.0,0.5525,0.3983,,0.3983,0,359,0.0124,132.57,134.21,135.86,131.24,2026-07-02,3,True
MTB,Financials,Banks - Regional,RSI,RSI 動能加速（強勢區）,None,0.0,0.51,0.3958,0.3958,0.279,48,3129,0.0118,241.95,244.81,247.66,239.53,2026-07-01,3,False
PCAR,Industrials,Farm & Heavy Construction Machinery,BB,BB 中軌向上（上升趨勢）,Consolidation Breakout,0.75,1.0,0.3947,0.3947,0.2371,38,2117,0.0113,125.91,127.33,128.76,124.65,2026-07-06,3,False
TTD,Communication Services,Advertising Agencies,RSI,RSI 加速上升,None,0.0,0.5525,0.3947,0.3947,0.3116,190,3322,-0.0015,19.31,19.28,19.25,19.12,2026-07-06,3,False
GILD,Health Care,Drug Manufacturers - General,RSI,RSI 上穿 50 中性線,None,0.0,0.4675,0.3939,0.3939,0.3144,33,1323,0.0037,131.27,131.76,132.24,129.96,2026-07-02,3,False
ARE,Real Estate,REIT - Office,BB,價格在 BB 中軌上方,None,0.0,0.425,0.3923,0.3923,0.248,209,8032,0.0054,52.58,52.86,53.15,52.05,2026-07-02,3,False
CRDO,Information Technology,Semiconductors,KDJ,KDJ 金叉,None,0.0,0.5525,0.3918,,0.3918,0,1955,0.0107,265.55,268.39,271.23,262.89,2026-07-06,3,False
FTV,Information Technology,Scientific & Technical Instruments,KDJ,KDJ 金叉,None,0.0,0.5525,0.3918,,0.3918,0,1955,0.0107,61.8,62.46,63.12,61.18,2026-07-01,3,False
KSPI,Information Technology,Software - Infrastructure,KDJ,KDJ 金叉,None,0.0,0.5525,0.3918,,0.3918,0,1955,0.0107,88.34,89.29,90.23,87.46,2026-07-01,3,False
NXT,Information Technology,Solar,KDJ,KDJ 金叉,None,0.0,0.5525,0.3918,,0.3918,0,1955,0.0107,115.03,116.26,117.49,113.88,2026-07-06,3,False
P,Information Technology,Computer Hardware,KDJ,KDJ 金叉,None,0.0,0.5525,0.3918,,0.3918,0,1955,0.0107,77.73,78.56,79.39,76.95,2026-07-06,3,False
UI,Information Technology,Communication Equipment,KDJ,KDJ 金叉,None,0.0,0.5525,0.3918,,0.3918,0,1955,0.0107,537.42,543.17,548.92,532.05,2026-07-06,3,False
XYZ,Information Technology,Software - Infrastructure,KDJ,KDJ 金叉,None,0.0,0.5525,0.3918,,0.3918,0,1955,0.0107,78.92,79.76,80.61,78.13,2026-07-06,3,False
WELL,Real Estate,REIT - Healthcare Facilities,RSI,RSI 加速上升,None,0.0,0.5525,0.3913,0.3913,0.2327,161,4401,0.0059,236.06,237.45,238.85,233.7,2026-07-02,3,False
MRNA,Health Care,Biotechnology,RSI,RSI 加速上升,None,0.0,0.5525,0.3911,0.3911,0.2803,179,8492,-0.0013,81.8,81.69,81.59,80.98,2026-07-06,3,False
DAL,Industrials,Airlines,BB,價格在 BB 中軌上方,None,0.0,0.425,0.3909,0.3909,0.295,330,22337,0.0116,91.68,92.74,93.81,90.76,2026-07-06,3,False
NRG,Utilities,Utilities - Independent Power Producers,RSI,RSI 維持強勢 (50-70),None,0.0,0.51,0.3904,0.3904,0.2471,228,8831,0.0093,141.01,142.32,143.63,139.6,2026-07-06,3,False
BABA,Consumer Discretionary,Internet Retail,RSI,RSI 維持超賣,None,0.0,0.385,0.3894,,0.3894,0,565,0.0066,97.91,98.56,99.2,96.93,2026-07-06,3,False
ZBH,Health Care,Medical Devices,RSI,RSI 上穿 50 中性線,None,0.0,0.4675,0.3889,0.3889,0.3144,18,1323,0.003,89.76,90.03,90.3,88.86,2026-07-06,3,False
CP,Industrials,Railroads,RSI,RSI 維持強勢 (50-70),Bullish Engulfing,0.75,1.0,0.3881,,0.3881,0,335,0.009,87.79,88.58,89.37,86.91,2026-07-02,3,False
NBIS,Communication Services,Internet Content & Information,BB,BB 中軌向上（上升趨勢）,None,0.0,0.51,0.3881,,0.3881,0,268,0.0017,229.18,229.57,229.96,226.89,2026-07-01,3,True
CNC,Health Care,Healthcare Plans,RSI,RSI 維持強勢 (50-70),None,0.0,0.51,0.386,0.386,0.2772,215,12123,0.007,66.05,66.51,66.97,65.39,2026-07-06,3,False
UAL,Industrials,Airlines,BB,價格在 BB 中軌上方,None,0.0,0.425,0.3856,0.3856,0.295,306,22337,0.0068,132.5,133.4,134.3,131.18,2026-07-06,3,False
APO,Financials,Asset Management,KDJ,KDJ 金叉,None,0.0,0.5525,0.3846,0.3846,0.3142,26,1932,0.021,122.17,124.74,127.3,120.95,2026-07-06,3,False
UNH,Health Care,Healthcare Plans,KDJ,KDJ 金叉,None,0.0,0.5525,0.3846,0.3846,0.2852,26,1536,0.0124,426.54,431.83,437.12,422.27,2026-07-01,3,False
CPRT,Industrials,Specialty Business Services,MACD,MACD 金叉 (空頭區),None,0.0,0.42,0.3846,0.3846,0.3303,13,875,0.0044,29.24,29.37,29.5,28.95,2026-07-06,3,False
AVGO,Information Technology,Semiconductors,KDJ,KDJ 金叉,None,0.0,0.5525,0.3824,0.3824,0.3918,34,1955,0.0069,373.9,376.48,379.06,370.16,2026-07-06,3,False
TT,Industrials,Building Products & Equipment,RSI,RSI 動能加速（強勢區）,None,0.0,0.51,0.3824,0.3824,0.2891,34,3037,0.0069,487.24,490.6,493.96,482.37,2026-07-06,3,False
SWK,Industrials,Tools & Accessories,RSI,RSI 維持強勢 (50-70),Cup & Handle,0.85,1.0,0.3817,0.3817,0.3109,131,5529,0.0066,91.34,91.94,92.55,90.43,2026-07-01,3,False
AEM,Materials,Gold,MACD,MACD 金叉 (空頭區),None,0.0,0.42,0.3816,,0.3816,0,304,0.0078,154.94,156.15,157.36,153.39,2026-07-06,3,False
AGI,Materials,Gold,MACD,MACD 金叉 (空頭區),None,0.0,0.42,0.3816,,0.3816,0,304,0.0078,31.57,31.82,32.06,31.25,2026-07-06,3,False
AU,Materials,Gold,MACD,MACD 金叉 (空頭區),None,0.0,0.42,0.3816,,0.3816,0,304,0.0078,84.05,84.71,85.36,83.21,2026-07-06,3,False
CDE,Materials,Gold,MACD,MACD 金叉 (空頭區),None,0.0,0.42,0.3816,,0.3816,0,304,0.0078,17.3,17.43,17.57,17.13,2026-07-02,3,False
FNV,Materials,Gold,MACD,MACD 金叉 (空頭區),None,0.0,0.42,0.3816,,0.3816,0,304,0.0078,217.58,219.28,220.97,215.4,2026-07-02,3,False
GFI,Materials,Gold,MACD,MACD 金叉 (空頭區),None,0.0,0.42,0.3816,,0.3816,0,304,0.0078,35.46,35.74,36.01,35.11,2026-07-02,3,False
KGC,Materials,Gold,MACD,MACD 金叉 (空頭區),None,0.0,0.42,0.3816,,0.3816,0,304,0.0078,24.72,24.91,25.11,24.47,2026-07-06,3,False
NTR,Materials,Agricultural Inputs,MACD,MACD 金叉 (空頭區),None,0.0,0.42,0.3816,,0.3816,0,304,0.0078,63.57,64.07,64.56,62.93,2026-07-01,3,False
PAAS,Materials,Gold,MACD,MACD 金叉 (空頭區),None,0.0,0.42,0.3816,,0.3816,0,304,0.0078,45.02,45.37,45.72,44.57,2026-07-06,3,False
RGLD,Materials,Gold,MACD,MACD 金叉 (空頭區),None,0.0,0.42,0.3816,,0.3816,0,304,0.0078,204.13,205.72,207.31,202.09,2026-07-02,3,False
WPM,Materials,Gold,MACD,MACD 金叉 (空頭區),None,0.0,0.42,0.3816,,0.3816,0,304,0.0078,115.24,116.14,117.04,114.09,2026-07-06,3,False
CFG,Financials,Banks - Regional,RSI,RSI 維持強勢 (50-70),None,0.0,0.51,0.381,0.381,0.2842,273,19108,0.0109,70.98,71.75,72.53,70.27,2026-07-02,3,False
NEE,Utilities,Utilities - Regulated Electric,RSI,RSI 上穿 50 中性線,None,0.0,0.4675,0.381,0.381,0.2521,21,932,0.0091,88.34,89.14,89.95,87.46,2026-07-02,3,False
TEL,Information Technology,Electronic Components,KDJ,KDJ 金叉,None,0.0,0.5525,0.3793,0.3793,0.3918,29,1955,0.0112,200.15,202.39,204.63,198.15,2026-07-06,3,False
NKE,Consumer Discretionary,Footwear & Accessories,RSI,RSI 上穿 50 中性線,None,0.0,0.4675,0.3793,0.3793,0.3072,29,1123,0.0129,44.09,44.66,45.23,43.65,2026-07-02,3,False
URI,Industrials,Rental & Leasing Services,RSI,RSI 維持強勢 (50-70),None,0.0,0.51,0.3792,0.3792,0.2986,240,19157,0.0121,1099.6801,1112.99,1126.29,1088.68,2026-07-06,3,False
MAR,Consumer Discretionary,Lodging,RSI,RSI 維持強勢 (50-70),None,0.0,0.51,0.3789,0.3789,0.2995,285,10441,0.0097,379.75,383.43,387.12,375.95,2026-07-06,3,False
ASML,Information Technology,Semiconductor Equipment & Materials,RSI,RSI 上穿 50 中性線,None,0.0,0.4675,0.3785,,0.3785,0,1593,0.0087,1825.0699,1840.95,1856.83,1806.82,2026-07-06,3,False
BR,Information Technology,Information Technology Services,RSI,RSI 上穿 50 中性線,None,0.0,0.4675,0.3785,,0.3785,0,1593,0.0087,143.95,145.2,146.45,142.51,2026-07-02,3,False
CACI,Information Technology,Information Technology Services,RSI,RSI 上穿 50 中性線,None,0.0,0.4675,0.3785,,0.3785,0,1593,0.0087,502.83,507.2,511.58,497.8,2026-07-02,3,False
FIS,Information Technology,Information Technology Services,RSI,RSI 上穿 50 中性線,None,0.0,0.4675,0.3785,,0.3785,0,1593,0.0087,40.8,41.15,41.51,40.39,2026-07-01,3,False
GIB,Information Technology,Information Technology Services,RSI,RSI 上穿 50 中性線,None,0.0,0.4675,0.3785,,0.3785,0,1593,0.0087,65.47,66.04,66.61,64.82,2026-07-01,3,False
GWRE,Information Technology,Software - Application,RSI,RSI 上穿 50 中性線,None,0.0,0.4675,0.3785,,0.3785,0,1593,0.0087,127.65,128.76,129.87,126.37,2026-07-01,3,False
MKSI,Information Technology,Scientific & Technical Instruments,RSI,RSI 上穿 50 中性線,None,0.0,0.4675,0.3785,,0.3785,0,1593,0.0087,368.06,371.26,374.46,364.38,2026-07-06,3,False
SONY,Information Technology,Consumer Electronics,RSI,RSI 上穿 50 中性線,None,0.0,0.4675,0.3785,,0.3785,0,1593,0.0087,20.79,20.97,21.15,20.58,2026-07-02,3,False
STM,Information Technology,Semiconductors,RSI,RSI 上穿 50 中性線,None,0.0,0.4675,0.3785,,0.3785,0,1593,0.0087,71.39,72.01,72.63,70.68,2026-07-06,3,False
TEAM,Information Technology,Software - Application,RSI,RSI 上穿 50 中性線,None,0.0,0.4675,0.3785,,0.3785,0,1593,0.0087,85.5,86.24,86.99,84.64,2026-07-06,3,False
UBER,Information Technology,Software - Application,RSI,RSI 上穿 50 中性線,None,0.0,0.4675,0.3785,,0.3785,0,1593,0.0087,72.66,73.29,73.92,71.93,2026-07-01,3,False
HCA,Health Care,Medical Care Facilities,RSI,RSI 動能加速（強勢區）,None,0.0,0.51,0.3784,0.3784,0.2606,37,1869,0.0102,410.5,414.69,418.87,406.39,2026-07-02,3,False
CI,Health Care,Healthcare Plans,RSI,RSI 維持強勢 (50-70),Morning Star,0.8,1.0,0.3781,,0.3781,0,283,0.0127,287.77,291.42,295.08,284.89,2026-07-02,3,False
GE,Industrials,Aerospace & Defense,BB,價格在 BB 中軌上方,None,0.0,0.425,0.378,0.378,0.295,373,22337,0.0075,378.68,381.52,384.36,374.89,2026-07-06,3,False
ACGL,Financials,Insurance - Diversified,RSI,RSI 加速上升,Consolidation Breakout,0.73,1.0,0.3778,0.3778,0.2555,45,1679,0.012,101.81,103.03,104.25,100.79,2026-07-06,3,False
FMS,Health Care,Medical Care Facilities,RSI,RSI 動能加速（強勢區）,None,0.0,0.51,0.3778,,0.3778,0,225,0.0031,22.86,22.93,23.0,22.63,2026-07-01,3,True
BWA,Consumer Discretionary,Auto Parts,KDJ,KDJ 超賣區金叉,None,0.0,0.5599999999999999,0.3775,,0.3775,0,302,0.0037,65.91,66.15,66.4,65.25,2026-07-06,3,False
LI,Consumer Discretionary,Auto Manufacturers,KDJ,KDJ 超賣區金叉,None,0.0,0.5599999999999999,0.3775,,0.3775,0,302,0.0037,12.23,12.28,12.32,12.11,2026-07-01,3,False
YUMC,Consumer Discretionary,Restaurants,KDJ,KDJ 超賣區金叉,None,0.0,0.5599999999999999,0.3775,,0.3775,0,302,0.0037,40.96,41.11,41.26,40.55,2026-07-01,3,False
EPAM,Information Technology,Information Technology Services,MACD,MACD 金叉 (空頭區),None,0.0,0.42,0.3767,,0.3767,0,754,0.0102,85.24,86.11,86.98,84.39,2026-07-01,3,False
INFY,Information Technology,Information Technology Services,MACD,MACD 金叉 (空頭區),None,0.0,0.42,0.3767,,0.3767,0,754,0.0102,10.88,10.99,11.1,10.77,2026-07-06,3,False
LDOS,Information Technology,Information Technology Services,MACD,MACD 金叉 (空頭區),None,0.0,0.42,0.3767,,0.3767,0,754,0.0102,108.84,109.95,111.06,107.75,2026-07-02,3,False
MSTR,Information Technology,Software - Application,MACD,MACD 金叉 (空頭區),None,0.0,0.42,0.3767,,0.3767,0,754,0.0102,100.77,101.8,102.83,99.76,2026-07-06,3,False
SAP,Information Technology,Software - Application,MACD,MACD 金叉 (空頭區),None,0.0,0.42,0.3767,,0.3767,0,754,0.0102,162.59,164.25,165.91,160.96,2026-07-02,3,False
STRC,Information Technology,Software - Application,MACD,MACD 金叉 (空頭區),None,0.0,0.42,0.3767,,0.3767,0,754,0.0102,87.87,88.77,89.66,86.99,2026-07-02,3,False
STRD,Information Technology,Software - Application,MACD,MACD 金叉 (空頭區),None,0.0,0.42,0.3767,,0.3767,0,754,0.0102,62.47,63.11,63.74,61.85,2026-07-06,3,False
STRK,Information Technology,Software - Application,MACD,MACD 金叉 (空頭區),None,0.0,0.42,0.3767,,0.3767,0,754,0.0102,61.46,62.09,62.71,60.85,2026-07-02,3,False
CCL,Consumer Discretionary,Travel Services,RSI,RSI 維持強勢 (50-70),None,0.0,0.51,0.3763,0.3763,0.2995,186,10441,0.0148,28.52,28.94,29.36,28.23,2026-07-01,3,False
BNJ,Unknown,Unknown,MACD,MACD 突破 0 軸,Consolidation Breakout,0.85,1.0,0.375,,0.375,0,16,0.0294,15.62,16.08,16.54,15.46,2026-07-06,3,False
FANG,Energy,Oil & Gas E&P,KDJ,KDJ 超賣區金叉,None,0.0,0.5599999999999999,0.375,0.375,0.3319,8,232,-0.0044,173.73,172.97,172.2,171.99,2026-07-06,3,False
BLK,Financials,Asset Management,KDJ,KDJ 金叉,None,0.0,0.5525,0.375,0.375,0.3142,16,1932,0.006,995.73,1001.7,1007.68,985.77,2026-07-02,3,False
UHS,Health Care,Medical Care Facilities,RSI,RSI 動能加速（強勢區）,None,0.0,0.51,0.375,0.375,0.2606,24,1869,0.0077,158.33,159.55,160.77,156.75,2026-07-02,3,False
CTAS,Industrials,Specialty Business Services,RSI,RSI 上穿 50 中性線,None,0.0,0.4675,0.375,0.375,0.304,16,1816,0.013,174.23,176.49,178.76,172.49,2026-07-01,3,False
CBOE,Financials,Financial Data & Stock Exchanges,MACD,MACD 金叉 (空頭區),None,0.0,0.42,0.375,0.375,0.3214,8,865,-0.0015,245.08,244.71,244.34,242.63,2026-07-06,3,False
SSNC,Information Technology,Software - Application,KDJ,KDJ 金叉,Morning Star,0.8,1.0,0.374,,0.374,0,123,0.0122,63.91,64.69,65.47,63.27,2026-07-01,3,False
DLTR,Consumer Staples,Discount Stores,RSI,RSI 維持強勢 (50-70),None,0.0,0.51,0.3736,0.3736,0.2452,182,7574,-0.0013,121.46,121.3,121.14,120.25,2026-07-06,3,False
MT,Materials,Steel,KDJ,KDJ 金叉,Morning Star,0.8,1.0,0.3714,,0.3714,0,35,0.0107,63.4,64.08,64.76,62.77,2026-07-02,3,False
TECK,Materials,Other Industrial Metals & Mining,KDJ,KDJ 金叉,Morning Star,0.8,1.0,0.3714,,0.3714,0,35,0.0107,59.35,59.99,60.62,58.76,2026-07-01,3,False
FLUT,Consumer Discretionary,Gambling,MACD,MACD 金叉 (多頭區),None,0.0,0.68,0.37,,0.37,0,273,0.0063,106.03,106.7,107.37,104.97,2026-07-02,3,False
eBay,Consumer Discretionary,Internet Retail,MACD,MACD 金叉 (多頭區),None,0.0,0.68,0.37,,0.37,0,273,0.0063,111.75,112.45,113.16,110.63,2026-06-30,3,False
TPL,Energy,Oil & Gas E&P,BB,BB 中軌向上（上升趨勢）,None,0.0,0.51,0.37,0.37,0.2962,227,4484,0.0014,402.8,403.36,403.93,398.77,2026-07-06,3,False
BPOP,Financials,Banks - Regional,BB,BB 中軌向上（上升趨勢）,Bullish Engulfing,0.75,1.0,0.3697,,0.3697,0,330,0.0108,168.5,170.32,172.14,166.81,2026-07-01,3,False
ETN,Industrials,Specialty Industrial Machinery,BB,BB 中軌向上（上升趨勢）,None,0.0,0.51,0.3695,0.3695,0.2929,203,17460,0.0111,412.31,416.89,421.46,408.19,2026-07-01,3,False
ADP,Information Technology,Software - Application,RSI,RSI 加速上升,None,0.0,0.5525,0.3693,,0.3693,0,10688,0.0074,239.49,241.26,243.03,237.1,2026-07-06,3,False
ASTS,Information Technology,Communication Equipment,RSI,RSI 加速上升,None,0.0,0.5525,0.3693,,0.3693,0,10688,0.0074,80.64,81.24,81.83,79.83,2026-07-06,3,False
CBRS,Information Technology,Semiconductors,RSI,RSI 加速上升,None,0.0,0.5525,0.3693,,0.3693,0,10688,0.0074,204.86,206.38,207.89,202.81,2026-07-02,3,False
CGNX,Information Technology,Scientific & Technical Instruments,RSI,RSI 加速上升,None,0.0,0.5525,0.3693,,0.3693,0,10688,0.0074,71.31,71.84,72.37,70.6,2026-07-01,3,False
CLS,Information Technology,Electronic Components,RSI,RSI 加速上升,None,0.0,0.5525,0.3693,,0.3693,0,10688,0.0074,350.2,352.79,355.38,346.7,2026-07-06,3,False
DT,Information Technology,Software - Application,RSI,RSI 加速上升,None,0.0,0.5525,0.3693,,0.3693,0,10688,0.0074,44.77,45.1,45.43,44.32,2026-07-02,3,False
FISV,Information Technology,Financial Technology,RSI,RSI 加速上升,None,0.0,0.5525,0.3693,,0.3693,0,10688,0.0074,51.78,52.16,52.55,51.26,2026-07-06,3,False
FROG,Information Technology,Software - Application,RSI,RSI 加速上升,None,0.0,0.5525,0.3693,,0.3693,0,10688,0.0074,98.1,98.83,99.55,97.12,2026-07-06,3,False
GRAB,Information Technology,Software - Application,RSI,RSI 加速上升,None,0.0,0.5525,0.3693,,0.3693,0,10688,0.0074,3.85,3.88,3.91,3.81,2026-07-06,3,False
LOGI,Information Technology,Computer Hardware,RSI,RSI 加速上升,None,0.0,0.5525,0.3693,,0.3693,0,10688,0.0074,97.43,98.15,98.87,96.46,2026-07-06,3,False
NET,Information Technology,Software - Infrastructure,RSI,RSI 加速上升,None,0.0,0.5525,0.3693,,0.3693,0,10688,0.0074,242.41,244.2,246.0,239.99,2026-07-02,3,False
NTNX,Information Technology,Software - Infrastructure,RSI,RSI 加速上升,None,0.0,0.5525,0.3693,,0.3693,0,10688,0.0074,52.42,52.81,53.2,51.9,2026-07-06,3,False
OKTA,Information Technology,Software - Infrastructure,RSI,RSI 加速上升,None,0.0,0.5525,0.3693,,0.3693,0,10688,0.0074,148.6,149.7,150.8,147.11,2026-07-06,3,False
PAYX,Information Technology,Software - Application,RSI,RSI 加速上升,None,0.0,0.5525,0.3693,,0.3693,0,10688,0.0074,105.39,106.17,106.95,104.34,2026-07-06,3,False
RBRK,Information Technology,Software - Infrastructure,RSI,RSI 加速上升,None,0.0,0.5525,0.3693,,0.3693,0,10688,0.0074,87.36,88.01,88.65,86.49,2026-07-06,3,False
SHOP,Information Technology,Software - Application,RSI,RSI 加速上升,None,0.0,0.5525,0.3693,,0.3693,0,10688,0.0074,119.46,120.34,121.23,118.27,2026-07-02,3,False
SNOW,Information Technology,Software - Application,RSI,RSI 加速上升,None,0.0,0.5525,0.3693,,0.3693,0,10688,0.0074,260.15,262.08,264.0,257.55,2026-07-02,3,False
STRF,Information Technology,Software - Application,RSI,RSI 加速上升,None,0.0,0.5525,0.3693,,0.3693,0,10688,0.0074,95.58,96.29,96.99,94.62,2026-07-02,3,False
TOST,Information Technology,Software - Infrastructure,RSI,RSI 加速上升,None,0.0,0.5525,0.3693,,0.3693,0,10688,0.0074,29.48,29.7,29.92,29.19,2026-07-06,3,False
TWLO,Information Technology,Software - Infrastructure,RSI,RSI 加速上升,None,0.0,0.5525,0.3693,,0.3693,0,10688,0.0074,209.08,210.63,212.17,206.99,2026-07-06,3,False
U,Information Technology,Software - Application,RSI,RSI 加速上升,None,0.0,0.5525,0.3693,,0.3693,0,10688,0.0074,29.32,29.54,29.75,29.03,2026-07-02,3,False
ZM,Information Technology,Software - Application,RSI,RSI 加速上升,None,0.0,0.5525,0.3693,,0.3693,0,10688,0.0074,87.145,87.79,88.43,86.27,2026-07-02,3,False
VRTX,Health Care,Biotechnology,BB,BB 中軌向上（上升趨勢）,Consolidation Breakout,0.72,1.0,0.3667,0.3667,0.209,30,933,0.0037,529.59,531.55,533.51,524.29,2026-07-06,3,False
EFX,Industrials,Consulting Services,RSI,RSI 加速上升,None,0.0,0.5525,0.3667,0.3667,0.2981,150,11545,0.0005,171.94,172.03,172.11,170.22,2026-07-06,3,False
CMG,Consumer Discretionary,Restaurants,RSI,RSI 動能加速（強勢區）,None,0.0,0.51,0.3667,0.3667,0.3027,30,1665,0.012,35.0,35.42,35.84,34.65,2026-07-01,3,False
EXR,Real Estate,REIT - Industrial,RSI,RSI 動能加速（強勢區）,None,0.0,0.51,0.3667,0.3667,0.2452,30,1093,0.0052,149.34,150.12,150.89,147.85,2026-07-02,3,False
ENB,Energy,Oil & Gas Midstream,BB,BB 跌破下軌 (超賣),None,0.0,0.45499999999999996,0.3664,,0.3664,0,292,0.0073,53.29,53.68,54.07,52.76,2026-07-01,3,False
TRP,Energy,Oil & Gas Midstream,BB,BB 跌破下軌 (超賣),None,0.0,0.45499999999999996,0.3664,,0.3664,0,292,0.0073,65.62,66.1,66.58,64.96,2026-07-01,3,False
ALAB,Information Technology,Semiconductors,RSI,RSI 動能加速（強勢區）,None,0.0,0.51,0.366,,0.366,0,2885,0.0091,432.74,436.68,440.62,428.41,2026-07-06,3,False
ASX,Information Technology,Semiconductors,RSI,RSI 動能加速（強勢區）,None,0.0,0.51,0.366,,0.366,0,2885,0.0091,43.32,43.71,44.11,42.89,2026-07-06,3,False
SIMO,Information Technology,Semiconductors,RSI,RSI 動能加速（強勢區）,None,0.0,0.51,0.366,,0.366,0,2885,0.0091,318.86,321.76,324.66,315.67,2026-07-06,3,False
TSM,Information Technology,Semiconductors,RSI,RSI 動能加速（強勢區）,None,0.0,0.51,0.366,,0.366,0,2885,0.0091,451.79,455.9,460.01,447.27,2026-07-06,3,False
UMC,Information Technology,Semiconductors,RSI,RSI 動能加速（強勢區）,None,0.0,0.51,0.366,,0.366,0,2885,0.0091,25.83,26.07,26.3,25.57,2026-07-06,3,False
FTNT,Information Technology,Software - Infrastructure,MACD,MACD 金叉 (多頭區),None,0.0,0.68,0.3651,,0.3651,0,504,0.0103,162.35,164.02,165.69,160.73,2026-07-06,3,False
GEN,Information Technology,Software - Infrastructure,MACD,MACD 金叉 (多頭區),None,0.0,0.68,0.3651,,0.3651,0,504,0.0103,26.11,26.38,26.65,25.85,2026-07-01,3,False
ALGM,Information Technology,Semiconductors,RSI,RSI 維持強勢 (50-70),None,0.0,0.51,0.3645,,0.3645,0,16764,0.0088,56.56,57.06,57.56,55.99,2026-07-06,3,False
AMKR,Information Technology,Semiconductor Equipment & Materials,RSI,RSI 維持強勢 (50-70),None,0.0,0.51,0.3645,,0.3645,0,16764,0.0088,79.99,80.69,81.4,79.19,2026-07-01,3,False
ENTG,Information Technology,Semiconductor Equipment & Materials,RSI,RSI 維持強勢 (50-70),None,0.0,0.51,0.3645,,0.3645,0,16764,0.0088,165.19,166.64,168.1,163.54,2026-07-01,3,False
FLEX,Information Technology,Electronic Components,RSI,RSI 維持強勢 (50-70),None,0.0,0.51,0.3645,,0.3645,0,16764,0.0088,153.53,154.88,156.23,151.99,2026-07-01,3,False
FORM,Information Technology,Semiconductor Equipment & Materials,RSI,RSI 維持強勢 (50-70),None,0.0,0.51,0.3645,,0.3645,0,16764,0.0088,147.13,148.42,149.72,145.66,2026-07-01,3,False
LSCC,Information Technology,Semiconductors,RSI,RSI 維持強勢 (50-70),None,0.0,0.51,0.3645,,0.3645,0,16764,0.0088,146.3,147.59,148.87,144.84,2026-07-01,3,False
MRVL,Information Technology,Semiconductors,RSI,RSI 維持強勢 (50-70),None,0.0,0.51,0.3645,,0.3645,0,16764,0.0088,272.05,274.44,276.84,269.33,2026-07-01,3,False
ONTO,Information Technology,Semiconductor Equipment & Materials,RSI,RSI 維持強勢 (50-70),None,0.0,0.51,0.3645,,0.3645,0,16764,0.0088,351.36,354.45,357.54,347.85,2026-07-01,3,False
SANM,Information Technology,Electronic Components,RSI,RSI 維持強勢 (50-70),None,0.0,0.51,0.3645,,0.3645,0,16764,0.0088,246.39,248.56,250.73,243.93,2026-07-01,3,False
SITM,Information Technology,Semiconductors,RSI,RSI 維持強勢 (50-70),None,0.0,0.51,0.3645,,0.3645,0,16764,0.0088,703.84,710.03,716.23,696.8,2026-07-01,3,False
VICR,Information Technology,Electronic Components,RSI,RSI 維持強勢 (50-70),None,0.0,0.51,0.3645,,0.3645,0,16764,0.0088,350.21,353.29,356.37,346.71,2026-07-01,3,False
NVMI,Information Technology,Semiconductor Equipment & Materials,BB,BB 中軌向上（上升趨勢）,None,0.0,0.51,0.3639,,0.3639,0,16781,0.009,502.6,507.12,511.65,497.57,2026-07-01,3,False
SNX,Information Technology,Electronics & Computer Distribution,BB,BB 中軌向上（上升趨勢）,None,0.0,0.51,0.3639,,0.3639,0,16781,0.009,261.35,263.7,266.05,258.74,2026-07-01,3,False
TTMI,Information Technology,Electronic Components,BB,BB 中軌向上（上升趨勢）,None,0.0,0.51,0.3639,,0.3639,0,16781,0.009,179.7,181.32,182.93,177.9,2026-07-01,3,False
D,Utilities,Utilities - Regulated Electric,KDJ,KDJ 金叉,None,0.0,0.5525,0.3636,0.3636,0.3001,11,713,0.0196,69.26,70.62,71.97,68.57,2026-07-06,3,False
MET,Financials,Insurance - Life,KDJ,KDJ 金叉,None,0.0,0.5525,0.3636,0.3636,0.3142,22,1932,0.0133,87.2,88.36,89.52,86.33,2026-07-01,3,False
NDAQ,Financials,Financial Data & Stock Exchanges,MACD,MACD 金叉 (空頭區),None,0.0,0.42,0.3636,0.3636,0.3214,11,865,0.0116,84.47,85.45,86.43,83.63,2026-07-06,3,False
CARR,Industrials,Building Products & Equipment,BB,BB 中軌向上（上升趨勢）,None,0.0,0.51,0.3626,0.3626,0.2929,182,17460,0.0052,70.1,70.46,70.83,69.4,2026-07-06,3,False
IMO,Energy,Oil & Gas Integrated,KDJ,KDJ 金叉,None,0.0,0.5525,0.3614,,0.3614,0,498,0.0061,113.77,114.46,115.16,112.63,2026-07-02,3,False
MPLX,Energy,Oil & Gas Midstream,KDJ,KDJ 金叉,None,0.0,0.5525,0.3614,,0.3614,0,498,0.0061,57.16,57.51,57.86,56.59,2026-07-02,3,False
OVV,Energy,Oil & Gas E&P,KDJ,KDJ 金叉,None,0.0,0.5525,0.3614,,0.3614,0,498,0.0061,53.3,53.63,53.95,52.77,2026-07-06,3,False
PBA,Energy,Oil & Gas Midstream,KDJ,KDJ 金叉,None,0.0,0.5525,0.3614,,0.3614,0,498,0.0061,46.44,46.72,47.01,45.98,2026-07-02,3,False
AR,Energy,Oil & Gas E&P,RSI,RSI 上穿 50 中性線,None,0.0,0.4675,0.361,,0.361,0,579,0.0056,35.38,35.58,35.78,35.03,2026-07-02,3,False
CQP,Energy,Oil & Gas Midstream,RSI,RSI 上穿 50 中性線,None,0.0,0.4675,0.361,,0.361,0,579,0.0056,61.93,62.28,62.62,61.31,2026-07-06,3,False
DTM,Energy,Oil & Gas Midstream,RSI,RSI 上穿 50 中性線,None,0.0,0.4675,0.361,,0.361,0,579,0.0056,144.59,145.4,146.21,143.14,2026-07-02,3,False
WES,Energy,Oil & Gas Midstream,RSI,RSI 上穿 50 中性線,None,0.0,0.4675,0.361,,0.361,0,579,0.0056,43.67,43.91,44.16,43.23,2026-07-02,3,False
PRU,Financials,Insurance - Life,RSI,RSI 加速上升,Consolidation Breakout,0.75,1.0,0.36,0.36,0.2555,25,1679,0.0029,114.28,114.61,114.94,113.14,2026-07-06,3,False
JPM,Financials,Banks - Diversified,RSI,RSI 加速上升,None,0.0,0.5525,0.3598,0.3598,0.3014,164,11488,0.0086,337.72,340.62,343.53,334.34,2026-07-06,3,False
FOXA,Communication Services,Entertainment,RSI,RSI 加速上升,None,0.0,0.5525,0.3592,0.3592,0.3116,142,3322,0.0049,55.87,56.14,56.42,55.31,2026-07-06,3,False
CDW,Information Technology,Information Technology Services,RSI,RSI 維持強勢 (50-70),None,0.0,0.51,0.3591,0.3591,0.3645,181,16764,0.0017,134.19,134.42,134.65,132.85,2026-07-06,3,False
RRX,Industrials,Specialty Industrial Machinery,RSI,RSI 維持強勢 (50-70),None,0.0,0.51,0.3579,,0.3579,0,746,0.0057,229.36,230.67,231.97,227.07,2026-07-01,3,True
PLD,Real Estate,REIT - Industrial,KDJ,KDJ 金叉,None,0.0,0.5525,0.3571,0.3571,0.2818,14,550,0.0037,139.43,139.95,140.46,138.04,2026-07-02,3,False
VEEV,Health Care,Health Information Services,RSI,RSI 動能加速（強勢區）,None,0.0,0.51,0.3571,0.3571,0.2606,14,1869,-0.0086,192.74,191.08,189.42,190.81,2026-07-02,3,False
EXE,Energy,Oil & Gas E&P,RSI,RSI 上穿 50 中性線,None,0.0,0.4675,0.3571,0.3571,0.361,28,579,0.009,90.72,91.54,92.35,89.81,2026-07-02,3,False
TBB,Unknown,Unknown,BB,價格在 BB 中軌上方,None,0.0,0.425,0.3571,,0.3571,0,588,0.0098,20.63,20.83,21.03,20.42,2026-07-01,3,True
EPD,Energy,Oil & Gas Midstream,MACD,MACD 金叉 (空頭區),None,0.0,0.42,0.3557,,0.3557,0,253,0.0057,36.52,36.73,36.94,36.15,2026-07-01,3,False
FTI,Energy,Oil & Gas Equipment & Services,MACD,MACD 金叉 (空頭區),None,0.0,0.42,0.3557,,0.3557,0,253,0.0057,66.75,67.13,67.51,66.08,2026-07-02,3,False
FFIV,Information Technology,Software - Infrastructure,RSI,RSI 動能加速（強勢區）,None,0.0,0.51,0.3556,0.3556,0.366,45,2885,0.0053,419.03,421.25,423.47,414.84,2026-07-06,3,False
J,Industrials,Engineering & Construction,RSI,RSI 動能加速（強勢區）,None,0.0,0.51,0.3556,0.3556,0.2891,45,3037,-0.0042,127.89,127.35,126.82,126.61,2026-07-02,3,False
CMI,Industrials,Specialty Industrial Machinery,BB,BB 中軌向上（上升趨勢）,None,0.0,0.51,0.3546,0.3546,0.2929,313,17460,0.0078,678.24,683.53,688.82,671.46,2026-07-06,3,False
CVS,Health Care,Healthcare Plans,RSI,RSI 維持強勢 (50-70),None,0.0,0.51,0.3544,0.3544,0.2772,206,12123,0.0039,102.08,102.48,102.88,101.06,2026-07-06,3,False
EXPE,Consumer Discretionary,Travel Services,BB,價格在 BB 中軌上方,None,0.0,0.425,0.3544,0.3544,0.2984,285,12430,0.0007,266.76,266.95,267.13,264.09,2026-07-06,3,False
AXON,Industrials,Aerospace & Defense,RSI,RSI 加速上升,None,0.0,0.5525,0.3537,0.3537,0.2981,164,11545,0.0038,622.35,624.71,627.08,616.13,2026-07-06,3,False
FPS,Industrials,Electrical Equipment & Parts,BB,BB 跌破下軌 (超賣),None,0.0,0.45499999999999996,0.3532,,0.3532,0,436,0.0052,46.86,47.1,47.35,46.39,2026-07-02,3,True
WCC,Industrials,Industrial Distribution,BB,BB 跌破下軌 (超賣),None,0.0,0.45499999999999996,0.3532,,0.3532,0,436,0.0052,307.89,309.49,311.09,304.81,2026-07-02,3,True
HPQ,Information Technology,Computer Hardware,KDJ,KDJ 超賣區金叉,None,0.0,0.5599999999999999,0.3529,0.3529,0.3016,17,368,0.011,22.6,22.85,23.1,22.37,2026-07-06,3,False
NWSA,Communication Services,Entertainment,RSI,RSI 動能加速（強勢區）,None,0.0,0.51,0.3529,0.3529,0.3135,34,772,0.0063,26.64,26.81,26.98,26.37,2026-07-02,3,False
AMGN,Health Care,Drug Manufacturers - General,RSI,RSI 動能加速（強勢區）,None,0.0,0.51,0.3514,0.3514,0.2606,37,1869,0.0034,374.15,375.42,376.69,370.41,2026-07-02,3,False
HBAN,Financials,Banks - Regional,RSI,RSI 維持強勢 (50-70),None,0.0,0.51,0.3512,0.3512,0.2842,168,19108,0.0079,17.89,18.03,18.17,17.71,2026-07-06,3,False
CBRE,Real Estate,Real Estate Services,BB,BB 中軌向上（上升趨勢）,None,0.0,0.51,0.3508,0.3508,0.2647,248,5713,0.0069,140.55,141.52,142.49,139.14,2026-07-06,3,False
HST,Real Estate,REIT - Hotel & Motel,BB,BB 中軌向上（上升趨勢）,None,0.0,0.51,0.3505,0.3505,0.2647,214,5713,0.0093,23.35,23.57,23.78,23.12,2026-07-01,3,False
REG,Real Estate,REIT - Retail,KDJ,KDJ 金叉,None,0.0,0.5525,0.35,0.35,0.2818,20,550,0.0105,80.96,81.81,82.66,80.15,2026-07-02,3,False
EQIX,Real Estate,REIT - Specialty,BB,BB 跌破下軌 (超賣),None,0.0,0.45499999999999996,0.35,0.35,0.25,20,564,0.01,1002.02,1012.04,1022.06,992.0,2026-07-02,3,False
TSLA,Consumer Discretionary,Auto Manufacturers,BB,價格在 BB 中軌上方,None,0.0,0.425,0.3498,0.3498,0.2984,283,12430,0.0041,419.77,421.49,423.21,415.57,2026-07-06,3,False
HUT,Financials,Capital Markets,BB,BB 跌破下軌 (超賣),None,0.0,0.45499999999999996,0.3485,,0.3485,0,1277,0.0043,97.14,97.56,97.98,96.17,2026-07-02,3,False
IREN,Financials,Capital Markets,BB,BB 跌破下軌 (超賣),None,0.0,0.45499999999999996,0.3485,,0.3485,0,1277,0.0043,38.82,38.99,39.15,38.43,2026-07-02,3,False
RIOT,Financials,Capital Markets,BB,BB 跌破下軌 (超賣),None,0.0,0.45499999999999996,0.3485,,0.3485,0,1277,0.0043,22.11,22.21,22.3,21.89,2026-07-02,3,False
SLMBP,Financials,Credit Services,BB,BB 跌破下軌 (超賣),None,0.0,0.45499999999999996,0.3485,,0.3485,0,1277,0.0043,73.2,73.51,73.83,72.47,2026-07-06,3,False
WULF,Financials,Capital Markets,BB,BB 跌破下軌 (超賣),None,0.0,0.45499999999999996,0.3485,,0.3485,0,1277,0.0043,21.18,21.27,21.36,20.97,2026-07-02,3,False
PNC,Financials,Banks - Regional,RSI,RSI 加速上升,None,0.0,0.5525,0.3476,0.3476,0.3014,164,11488,0.009,251.62,253.88,256.15,249.1,2026-07-01,3,False
BIIB,Health Care,Drug Manufacturers - General,RSI,RSI 動能加速（強勢區）,None,0.0,0.51,0.3462,0.3462,0.2606,26,1869,0.0081,216.12,217.87,219.62,213.96,2026-07-02,3,False
ERIE,Financials,Insurance Brokers,RSI,RSI 動能加速（強勢區）,None,0.0,0.51,0.3462,0.3462,0.279,26,3129,0.0122,259.25,262.41,265.58,256.66,2026-07-02,3,False
AES,Utilities,Utilities - Diversified,RSI,RSI 維持強勢 (50-70),None,0.0,0.51,0.3459,0.3459,0.2471,185,8831,0.0049,14.64,14.71,14.78,14.49,2026-07-01,3,False
HAS,Consumer Discretionary,Leisure,RSI,RSI 超賣區域 (30),None,0.0,0.5249999999999999,0.3448,,0.3448,0,203,0.0038,77.98,78.28,78.57,77.2,2026-07-06,3,False
ORI,Financials,Insurance - Property & Casualty,RSI,RSI 維持強勢 (50-70),None,0.0,0.51,0.3448,,0.3448,0,609,0.0048,41.02,41.22,41.41,40.61,2026-07-01,3,True
TD,Financials,Banks - Diversified,RSI,RSI 維持強勢 (50-70),None,0.0,0.51,0.3448,,0.3448,0,609,0.0048,119.3,119.87,120.45,118.11,2026-07-02,3,True
VLYPO,Financials,Banks - Regional,RSI,RSI 維持強勢 (50-70),None,0.0,0.51,0.3448,,0.3448,0,609,0.0048,24.9,25.02,25.14,24.65,2026-07-01,3,True
VLO,Energy,Oil & Gas Refining & Marketing,BB,價格在 BB 中軌上方,None,0.0,0.425,0.3448,0.3448,0.2998,232,5768,0.0031,270.32,271.16,272.0,267.62,2026-07-06,3,False
APLD,Information Technology,Information Technology Services,BB,BB 跌破下軌 (超賣),None,0.0,0.45499999999999996,0.3447,,0.3447,0,1001,0.0043,33.06,33.2,33.34,32.73,2026-07-02,3,False
ARW,Information Technology,Electronics & Computer Distribution,BB,BB 跌破下軌 (超賣),None,0.0,0.45499999999999996,0.3447,,0.3447,0,1001,0.0043,197.82,198.67,199.52,195.84,2026-07-06,3,False
CIFR,Information Technology,Information Technology Services,BB,BB 跌破下軌 (超賣),None,0.0,0.45499999999999996,0.3447,,0.3447,0,1001,0.0043,20.04,20.13,20.21,19.84,2026-07-02,3,False
CRWV,Information Technology,Software - Infrastructure,BB,BB 跌破下軌 (超賣),None,0.0,0.45499999999999996,0.3447,,0.3447,0,1001,0.0043,81.745,82.1,82.45,80.93,2026-07-02,3,False
DOCN,Information Technology,Software - Infrastructure,BB,BB 跌破下軌 (超賣),None,0.0,0.45499999999999996,0.3447,,0.3447,0,1001,0.0043,130.13,130.69,131.25,128.83,2026-07-02,3,False
GFS,Information Technology,Semiconductors,BB,BB 跌破下軌 (超賣),None,0.0,0.45499999999999996,0.3447,,0.3447,0,1001,0.0043,68.91,69.21,69.5,68.22,2026-07-06,3,False
LFUS,Information Technology,Electronic Components,BB,BB 跌破下軌 (超賣),None,0.0,0.45499999999999996,0.3447,,0.3447,0,1001,0.0043,422.02,423.83,425.65,417.8,2026-07-06,3,False
LITE,Information Technology,Communication Equipment,BB,BB 跌破下軌 (超賣),None,0.0,0.45499999999999996,0.3447,,0.3447,0,1001,0.0043,731.25,734.39,737.54,723.94,2026-07-06,3,False
MTSI,Information Technology,Semiconductors,BB,BB 跌破下軌 (超賣),None,0.0,0.45499999999999996,0.3447,,0.3447,0,1001,0.0043,327.64,329.05,330.46,324.36,2026-07-06,3,False
SMTC,Information Technology,Semiconductors,BB,BB 跌破下軌 (超賣),None,0.0,0.45499999999999996,0.3447,,0.3447,0,1001,0.0043,135.27,135.85,136.43,133.92,2026-07-02,3,False
VIAV,Information Technology,Communication Equipment,BB,BB 跌破下軌 (超賣),None,0.0,0.45499999999999996,0.3447,,0.3447,0,1001,0.0043,41.66,41.84,42.02,41.24,2026-07-02,3,False
WIT,Information Technology,Information Technology Services,BB,BB 跌破下軌 (超賣),None,0.0,0.45499999999999996,0.3447,,0.3447,0,1001,0.0043,1.84,1.85,1.86,1.82,2026-07-06,3,False
LII,Industrials,Building Products & Equipment,RSI,RSI 維持強勢 (50-70),None,0.0,0.51,0.3438,0.3438,0.2986,288,19157,0.0026,568.0,569.48,570.95,562.32,2026-07-06,3,False
TXT,Industrials,Aerospace & Defense,RSI,RSI 動能加速（強勢區）,None,0.0,0.51,0.3438,0.3438,0.2891,32,3037,-0.0015,93.84,93.7,93.56,92.9,2026-07-06,3,False
MLM,Materials,Building Materials,BB,BB 中軌向上（上升趨勢）,None,0.0,0.51,0.3436,0.3436,0.2853,195,5036,0.0109,599.42,605.95,612.49,593.43,2026-07-02,3,False
INTU,Information Technology,Software - Application,RSI,RSI 加速上升,None,0.0,0.5525,0.3432,0.3432,0.3693,169,10688,-0.0039,275.35,274.28,273.2,272.6,2026-07-02,3,False
DASH,Consumer Discretionary,Internet Retail,RSI,RSI 維持強勢 (50-70),None,0.0,0.51,0.3377,0.3377,0.2995,231,10441,0.001,188.46,188.65,188.84,186.58,2026-07-06,3,False
WAT,Health Care,Diagnostics & Research,RSI,RSI 維持強勢 (50-70),None,0.0,0.51,0.3373,0.3373,0.2772,169,12123,0.0031,378.89,380.06,381.24,375.1,2026-07-06,3,False
AUR,Consumer Discretionary,Auto Parts,MACD,MACD 突破 0 軸,None,0.0,0.595,0.3351,,0.3351,0,376,0.0114,7.07,7.15,7.23,7.0,2026-07-01,3,False
DKNG,Consumer Discretionary,Gambling,MACD,MACD 突破 0 軸,None,0.0,0.595,0.3351,,0.3351,0,376,0.0114,26.21,26.51,26.81,25.95,2026-07-06,3,False
MELI,Consumer Discretionary,Internet Retail,MACD,MACD 突破 0 軸,None,0.0,0.595,0.3351,,0.3351,0,376,0.0114,1742.1899,1762.05,1781.91,1724.77,2026-07-01,3,False
MGA,Consumer Discretionary,Auto Parts,MACD,MACD 突破 0 軸,None,0.0,0.595,0.3351,,0.3351,0,376,0.0114,65.68,66.43,67.18,65.02,2026-07-06,3,False
SCI,Consumer Discretionary,Personal Services,MACD,MACD 突破 0 軸,None,0.0,0.595,0.3351,,0.3351,0,376,0.0114,76.75,77.62,78.5,75.98,2026-07-01,3,False
PNR,Industrials,Specialty Industrial Machinery,BB,BB 中軌向上（上升趨勢）,None,0.0,0.51,0.335,0.335,0.2929,197,17460,0.0051,75.53,75.92,76.3,74.77,2026-07-06,3,False
AMX,Communication Services,Telecom Services,KDJ,KDJ 金叉,None,0.0,0.5525,0.3345,,0.3345,0,550,0.0065,26.14,26.31,26.48,25.88,2026-07-06,3,False
ROKU,Communication Services,Entertainment,KDJ,KDJ 金叉,None,0.0,0.5525,0.3345,,0.3345,0,550,0.0065,140.51,141.42,142.34,139.1,2026-07-01,3,False
VIV,Communication Services,Telecom Services,KDJ,KDJ 金叉,None,0.0,0.5525,0.3345,,0.3345,0,550,0.0065,13.25,13.34,13.42,13.12,2026-07-02,3,False
ALL,Financials,Insurance - Property & Casualty,RSI,RSI 動能加速（強勢區）,Support,0.9,1.0,0.3333,,0.3333,0,6,-0.0015,243.12,242.76,242.39,240.69,2026-07-01,3,False
MCO,Financials,Financial Data & Stock Exchanges,RSI,RSI 加速上升,Consolidation Breakout,0.73,1.0,0.3333,0.3333,0.2555,39,1679,0.0038,498.78,500.68,502.57,493.79,2026-07-06,3,False
MDT,Health Care,Medical Devices,MACD,MACD 金叉 (多頭區),None,0.0,0.68,0.3333,0.3333,0.2557,6,305,0.0085,83.19,83.9,84.6,82.36,2026-07-02,3,False
APP,Communication Services,Advertising Agencies,MACD,MACD 突破 0 軸,None,0.0,0.595,0.3333,,0.3333,0,165,0.0084,527.06,531.49,535.91,521.79,2026-07-02,3,False
MSI,Information Technology,Communication Equipment,MACD,MACD 突破 0 軸,None,0.0,0.595,0.3333,0.3333,0.4064,9,529,-0.0004,422.66,422.49,422.32,418.43,2026-07-02,3,False
CRL,Health Care,Diagnostics & Research,RSI,RSI 加速上升,None,0.0,0.5525,0.3333,0.3333,0.2803,174,8492,-0.007,231.43,229.81,228.19,229.12,2026-07-06,3,False
F,Consumer Discretionary,Auto Manufacturers,KDJ,KDJ 金叉,None,0.0,0.5525,0.3333,0.3333,0.3183,15,1244,0.0004,13.83,13.84,13.84,13.69,2026-07-06,3,False
LOW,Consumer Discretionary,Home Improvement Retail,KDJ,KDJ 金叉,None,0.0,0.5525,0.3333,0.3333,0.3183,24,1244,0.008,221.92,223.7,225.47,219.7,2026-07-01,3,False
SBAC,Real Estate,REIT - Specialty,KDJ,KDJ 金叉,None,0.0,0.5525,0.3333,0.3333,0.2818,18,550,-0.006,180.75,179.67,178.58,178.94,2026-07-01,3,False
AOS,Industrials,Specialty Industrial Machinery,BB,BB 中軌向上（上升趨勢）,None,0.0,0.51,0.3333,0.3333,0.2929,138,17460,0.0049,62.45,62.76,63.06,61.83,2026-07-06,3,False
CAG,Consumer Staples,Packaged Foods,BB,BB 中軌向上（上升趨勢）,None,0.0,0.51,0.3333,0.3333,0.2466,114,6128,0.0085,13.79,13.91,14.02,13.65,2026-07-06,3,False
VZ,Communication Services,Telecom Services,BB,BB 跌破下軌 (超賣),None,0.0,0.45499999999999996,0.3333,0.3333,0.3194,6,144,0.0041,41.99,42.16,42.33,41.57,2026-07-01,3,True
MSCI,Financials,Financial Data & Stock Exchanges,MACD,MACD 金叉 (空頭區),None,0.0,0.42,0.3333,0.3333,0.3214,9,865,0.0068,614.04,618.22,622.39,607.9,2026-07-06,3,False
CVE,Energy,Oil & Gas Integrated,KDJ,KDJ 超賣區金叉,None,0.0,0.5599999999999999,0.3319,,0.3319,0,232,0.0088,24.65,24.87,25.08,24.4,2026-07-02,3,False
YPF,Energy,Oil & Gas Integrated,KDJ,KDJ 超賣區金叉,None,0.0,0.5599999999999999,0.3319,,0.3319,0,232,0.0088,46.12,46.53,46.93,45.66,2026-07-06,3,False
EVR,Financials,Capital Markets,RSI,RSI 維持強勢 (50-70),Bullish Engulfing,0.75,1.0,0.3314,,0.3314,0,353,0.0074,355.48,358.11,360.74,351.93,2026-07-06,3,False
HSIC,Health Care,Medical Distribution,BB,價格在 BB 中軌上方,None,0.0,0.425,0.3314,0.3314,0.2804,169,14417,-0.0009,86.43,86.35,86.27,85.57,2026-07-02,3,False
ZTS,Health Care,Drug Manufacturers - Specialty & Generic,KDJ,KDJ 金叉,Morning Star,0.8,1.0,0.3304,,0.3304,0,112,0.0035,74.8,75.06,75.32,74.05,2026-07-02,3,False
ESLT,Industrials,Aerospace & Defense,MACD,MACD 金叉 (空頭區),None,0.0,0.42,0.3303,,0.3303,0,875,0.0053,811.01,815.31,819.61,802.9,2026-07-06,3,False
RELX,Industrials,Specialty Business Services,MACD,MACD 金叉 (空頭區),None,0.0,0.42,0.3303,,0.3303,0,875,0.0053,32.27,32.44,32.61,31.95,2026-07-06,3,False
ARCC,Financials,Asset Management,MACD,MACD 突破 0 軸,None,0.0,0.595,0.3301,,0.3301,0,618,0.0061,18.66,18.77,18.89,18.47,2026-07-01,3,False
CET,Financials,Asset Management,MACD,MACD 突破 0 軸,None,0.0,0.595,0.3301,,0.3301,0,618,0.0061,53.24,53.56,53.89,52.71,2026-07-06,3,False
FNF,Financials,Insurance - Specialty,MACD,MACD 突破 0 軸,None,0.0,0.595,0.3301,,0.3301,0,618,0.0061,48.84,49.14,49.44,48.35,2026-07-02,3,False
KB,Financials,Banks - Regional,MACD,MACD 突破 0 軸,None,0.0,0.595,0.3301,,0.3301,0,618,0.0061,113.91,114.6,115.3,112.77,2026-07-06,3,False
SEIC,Financials,Asset Management,MACD,MACD 突破 0 軸,None,0.0,0.595,0.3301,,0.3301,0,618,0.0061,91.43,91.99,92.55,90.52,2026-07-02,3,False
SHG,Financials,Banks - Regional,MACD,MACD 突破 0 軸,None,0.0,0.595,0.3301,,0.3301,0,618,0.0061,70.49,70.92,71.35,69.79,2026-07-06,3,False
BCE,Communication Services,Telecom Services,BB,BB 跌破下軌 (超賣),None,0.0,0.45499999999999996,0.33,,0.33,0,397,0.0048,21.02,21.12,21.22,20.81,2026-07-01,3,False
RCI,Communication Services,Telecom Services,BB,BB 跌破下軌 (超賣),None,0.0,0.45499999999999996,0.33,,0.33,0,397,0.0048,32.12,32.27,32.43,31.8,2026-07-01,3,False
TU,Communication Services,Telecom Services,BB,BB 跌破下軌 (超賣),None,0.0,0.45499999999999996,0.33,,0.33,0,397,0.0048,10.19,10.24,10.29,10.09,2026-07-02,3,False
LULU,Consumer Discretionary,Apparel Retail,RSI,RSI 加速上升,None,0.0,0.5525,0.3294,0.3294,0.3117,170,6796,-0.0063,118.43,117.68,116.94,117.25,2026-07-02,3,False
MAS,Industrials,Building Products & Equipment,RSI,RSI 維持強勢 (50-70),None,0.0,0.51,0.3294,0.3294,0.2986,170,19157,0.0019,81.04,81.19,81.35,80.23,2026-07-06,3,False
AMRZ,Materials,Building Materials,RSI,RSI 上穿 50 中性線,None,0.0,0.4675,0.3294,,0.3294,0,595,0.0031,53.64,53.81,53.97,53.1,2026-07-02,3,False
HL,Materials,Other Precious Metals & Mining,RSI,RSI 上穿 50 中性線,None,0.0,0.4675,0.3294,,0.3294,0,595,0.0031,16.33,16.38,16.43,16.17,2026-07-02,3,False
IBN,Financials,Banks - Regional,RSI,RSI 維持強勢 (50-70),Support,0.9,1.0,0.3276,,0.3276,0,58,0.0022,28.97,29.03,29.1,28.68,2026-07-01,3,False
EIX,Utilities,Utilities - Regulated Electric,BB,BB 中軌向上（上升趨勢）,None,0.0,0.51,0.3276,0.3276,0.249,232,7232,0.0063,74.84,75.31,75.78,74.09,2026-07-06,3,False
DVA,Health Care,Medical Care Facilities,RSI,RSI 加速上升,None,0.0,0.5525,0.3269,0.3269,0.2803,156,8492,0.0082,235.71,237.64,239.58,233.35,2026-07-06,3,False
DINO,Energy,Oil & Gas Refining & Marketing,RSI,RSI 動能加速（強勢區）,None,0.0,0.51,0.3265,,0.3265,0,873,0.0005,74.45,74.49,74.52,73.71,2026-07-06,3,False
LNG,Energy,Oil & Gas Midstream,RSI,RSI 動能加速（強勢區）,None,0.0,0.51,0.3265,,0.3265,0,873,0.0005,243.92,244.04,244.16,241.48,2026-07-01,3,False
PAA,Energy,Oil & Gas Midstream,RSI,RSI 動能加速（強勢區）,None,0.0,0.51,0.3265,,0.3265,0,873,0.0005,22.51,22.52,22.53,22.28,2026-07-02,3,False
TMO,Health Care,Diagnostics & Research,RSI,RSI 維持強勢 (50-70),None,0.0,0.51,0.3265,0.3265,0.2772,196,12123,0.0039,517.6,519.62,521.64,512.42,2026-07-06,3,False
AEP,Utilities,Utilities - Regulated Electric,RSI,RSI 維持強勢 (50-70),None,0.0,0.51,0.3262,0.3262,0.2471,279,8831,0.0058,135.98,136.77,137.56,134.62,2026-07-06,3,False
NYT,Communication Services,Publishing,MACD,MACD 金叉 (空頭區),None,0.0,0.42,0.3254,,0.3254,0,252,0.0044,73.85,74.17,74.5,73.11,2026-07-02,3,False
SPOT,Communication Services,Internet Content & Information,MACD,MACD 金叉 (空頭區),None,0.0,0.42,0.3254,,0.3254,0,252,0.0044,485.97,488.11,490.25,481.11,2026-07-02,3,False
TME,Communication Services,Internet Content & Information,MACD,MACD 金叉 (空頭區),None,0.0,0.42,0.3254,,0.3254,0,252,0.0044,8.63,8.67,8.71,8.54,2026-07-02,3,False
WMG,Communication Services,Entertainment,MACD,MACD 金叉 (空頭區),None,0.0,0.42,0.3254,,0.3254,0,252,0.0044,28.28,28.4,28.53,28.0,2026-07-02,3,False
RVTY,Health Care,Diagnostics & Research,BB,價格在 BB 中軌上方,None,0.0,0.425,0.3247,0.3247,0.2804,194,14417,-0.0022,112.95,112.7,112.45,111.82,2026-07-06,3,False
A,Health Care,Diagnostics & Research,RSI,RSI 維持強勢 (50-70),None,0.0,0.51,0.3237,0.3237,0.2772,207,12123,0.0002,130.6,130.63,130.65,129.29,2026-07-06,3,False
JD,Consumer Discretionary,Internet Retail,MACD,MACD 金叉 (空頭區),None,0.0,0.42,0.3233,,0.3233,0,529,0.0066,26.78,26.96,27.13,26.51,2026-07-06,3,False
XPEV,Consumer Discretionary,Auto Manufacturers,MACD,MACD 金叉 (空頭區),None,0.0,0.42,0.3233,,0.3233,0,529,0.0066,13.08,13.17,13.25,12.95,2026-07-02,3,False
SUN,Energy,Oil & Gas Refining & Marketing,RSI,RSI 加速上升,None,0.0,0.5525,0.3227,,0.3227,0,3306,0.0024,68.28,68.44,68.61,67.6,2026-07-02,3,False
VG,Energy,Oil & Gas Midstream,RSI,RSI 加速上升,None,0.0,0.5525,0.3227,,0.3227,0,3306,0.0024,11.03,11.06,11.08,10.92,2026-07-01,3,False
WDS,Energy,Oil & Gas E&P,RSI,RSI 加速上升,None,0.0,0.5525,0.3227,,0.3227,0,3306,0.0024,19.41,19.46,19.5,19.22,2026-07-06,3,False
ARXS,Industrials,Aerospace & Defense,KDJ,KDJ 金叉,None,0.0,0.5525,0.3223,,0.3223,0,2110,0.0051,46.66,46.9,47.14,46.19,2026-07-06,3,False
CW,Industrials,Aerospace & Defense,KDJ,KDJ 金叉,None,0.0,0.5525,0.3223,,0.3223,0,2110,0.0051,760.23,764.11,767.98,752.63,2026-07-02,3,False
EMBJ,Industrials,Aerospace & Defense,KDJ,KDJ 金叉,None,0.0,0.5525,0.3223,,0.3223,0,2110,0.0051,64.11,64.44,64.76,63.47,2026-07-02,3,False
GFL,Industrials,Waste Management,KDJ,KDJ 金叉,None,0.0,0.5525,0.3223,,0.3223,0,2110,0.0051,37.42,37.61,37.8,37.05,2026-07-01,3,False
MAIR,Industrials,Building Products & Equipment,KDJ,KDJ 金叉,None,0.0,0.5525,0.3223,,0.3223,0,2110,0.0051,37.91,38.1,38.3,37.53,2026-07-06,3,False
PAC,Industrials,Airports & Air Services,KDJ,KDJ 金叉,None,0.0,0.5525,0.3223,,0.3223,0,2110,0.0051,253.71,255.0,256.3,251.17,2026-07-02,3,False
RDDT,Communication Services,Internet Content & Information,MACD,MACD 金叉 (多頭區),None,0.0,0.68,0.3214,,0.3214,0,140,0.0096,197.76,199.66,201.56,195.78,2026-07-01,3,False
CG,Financials,Asset Management,MACD,MACD 金叉 (空頭區),None,0.0,0.42,0.3214,,0.3214,0,865,0.0073,44.04,44.36,44.68,43.6,2026-07-06,3,False
LPLA,Financials,Capital Markets,MACD,MACD 金叉 (空頭區),None,0.0,0.42,0.3214,,0.3214,0,865,0.0073,295.18,297.33,299.49,292.23,2026-07-02,3,False
OWL,Financials,Asset Management,MACD,MACD 金叉 (空頭區),None,0.0,0.42,0.3214,,0.3214,0,865,0.0073,9.49,9.56,9.63,9.4,2026-07-06,3,False
PS,Financials,Asset Management,MACD,MACD 金叉 (空頭區),None,0.0,0.42,0.3214,,0.3214,0,865,0.0073,35.38,35.64,35.9,35.03,2026-07-06,3,False
SF,Financials,Capital Markets,MACD,MACD 金叉 (空頭區),None,0.0,0.42,0.3214,,0.3214,0,865,0.0073,73.17,73.7,74.24,72.44,2026-07-02,3,False
TPG,Financials,Asset Management,MACD,MACD 金叉 (空頭區),None,0.0,0.42,0.3214,,0.3214,0,865,0.0073,42.59,42.9,43.21,42.16,2026-07-06,3,False
WF,Financials,Banks - Regional,MACD,MACD 金叉 (空頭區),None,0.0,0.42,0.3214,,0.3214,0,865,0.0073,61.87,62.32,62.77,61.25,2026-07-06,3,False
AJG,Financials,Insurance Brokers,RSI,RSI 動能加速（強勢區）,None,0.0,0.51,0.3211,,0.3211,0,246,0.0049,239.67,240.84,242.02,237.27,2026-07-01,3,True
REGN,Health Care,Biotechnology,BB,價格在 BB 中軌上方,None,0.0,0.425,0.3207,0.3207,0.2804,290,14417,0.0008,649.81,650.33,650.85,643.31,2026-07-06,3,False
NTAP,Information Technology,Software - Infrastructure,RSI,RSI 加速上升,None,0.0,0.5525,0.3206,0.3206,0.3693,131,10688,0.0047,163.55,164.32,165.09,161.91,2026-07-06,3,False
MMM,Industrials,Conglomerates,BB,BB 中軌向上（上升趨勢）,None,0.0,0.51,0.3206,0.3206,0.2929,209,17460,0.0049,159.15,159.93,160.71,157.56,2026-07-06,3,False
UDR,Real Estate,REIT - Residential,RSI,RSI 維持強勢 (50-70),Consolidation Breakout,0.75,1.0,0.32,0.32,0.2315,25,514,0.0083,40.96,41.3,41.64,40.55,2026-07-06,3,False
SHW,Materials,Specialty Chemicals,RSI,RSI 加速上升,None,0.0,0.5525,0.32,0.32,0.3048,100,3639,0.0092,352.48,355.72,358.97,348.96,2026-07-02,3,False
TDG,Industrials,Aerospace & Defense,KDJ,KDJ 金叉,None,0.0,0.5525,0.32,0.32,0.3223,25,2110,0.0029,1346.12,1350.02,1353.93,1332.66,2026-07-06,3,False
GEHC,Health Care,Medical Devices,RSI,RSI 上穿 50 中性線,None,0.0,0.4675,0.32,0.32,0.3144,25,1323,0.0005,64.86,64.89,64.92,64.21,2026-07-01,3,False
T,Communication Services,Telecom Services,BB,BB 跌破下軌 (超賣),None,0.0,0.45499999999999996,0.3194,,0.3194,0,144,0.0009,20.58,20.6,20.62,20.37,2026-07-02,3,True
TTWO,Communication Services,Electronic Gaming & Multimedia,RSI,RSI 加速上升,None,0.0,0.5525,0.3191,0.3191,0.3116,141,3322,0.009,258.41,260.74,263.06,255.83,2026-07-06,3,False
DOC,Real Estate,REIT - Healthcare Facilities,RSI,RSI 維持強勢 (50-70),None,0.0,0.51,0.3188,0.3188,0.2509,207,7011,0.004,21.75,21.84,21.92,21.53,2026-07-06,3,False
AS,Consumer Discretionary,Leisure,KDJ,KDJ 金叉,None,0.0,0.5525,0.3183,,0.3183,0,1244,0.0033,35.05,35.17,35.28,34.7,2026-07-02,3,False
AVY,Consumer Discretionary,Packaging & Containers,KDJ,KDJ 金叉,None,0.0,0.5525,0.3183,,0.3183,0,1244,0.0033,166.97,167.52,168.07,165.3,2026-07-02,3,False
CASY,Consumer Discretionary,Specialty Retail,KDJ,KDJ 金叉,None,0.0,0.5525,0.3183,,0.3183,0,1244,0.0033,797.42,800.05,802.68,789.45,2026-07-02,3,False
CPNG,Consumer Discretionary,Internet Retail,KDJ,KDJ 金叉,None,0.0,0.5525,0.3183,,0.3183,0,1244,0.0033,18.13,18.19,18.25,17.95,2026-07-01,3,False
FIVE,Consumer Discretionary,Specialty Retail,KDJ,KDJ 金叉,None,0.0,0.5525,0.3183,,0.3183,0,1244,0.0033,182.64,183.24,183.85,180.81,2026-07-01,3,False
ONON,Consumer Discretionary,Footwear & Accessories,KDJ,KDJ 金叉,None,0.0,0.5525,0.3183,,0.3183,0,1244,0.0033,36.83,36.95,37.07,36.46,2026-07-02,3,False
QSR,Consumer Discretionary,Restaurants,KDJ,KDJ 金叉,None,0.0,0.5525,0.3183,,0.3183,0,1244,0.0033,74.79,75.04,75.28,74.04,2026-07-02,3,False
CHTR,Communication Services,Telecom Services,BB,BB 中軌向上（上升趨勢）,None,0.0,0.51,0.3182,0.3182,0.2943,176,4771,-0.0003,135.44,135.4,135.36,134.09,2026-07-06,3,False
PCG,Utilities,Utilities - Regulated Electric,RSI,RSI 上穿 50 中性線,None,0.0,0.4675,0.3182,0.3182,0.2521,22,932,0.0044,17.05,17.13,17.2,16.88,2026-07-02,3,False
ALNY,Health Care,Biotechnology,MACD,MACD 突破 0 軸,None,0.0,0.595,0.3171,,0.3171,0,432,0.0028,312.78,313.66,314.53,309.65,2026-07-02,3,False
BNTX,Health Care,Biotechnology,MACD,MACD 突破 0 軸,None,0.0,0.595,0.3171,,0.3171,0,432,0.0028,93.92,94.18,94.45,92.98,2026-07-01,3,False
EHC,Health Care,Medical Care Facilities,MACD,MACD 突破 0 軸,None,0.0,0.595,0.3171,,0.3171,0,432,0.0028,106.99,107.29,107.59,105.92,2026-07-06,3,False
ONC,Health Care,Biotechnology,MACD,MACD 突破 0 軸,None,0.0,0.595,0.3171,,0.3171,0,432,0.0028,297.65,298.48,299.32,294.67,2026-07-02,3,False
STE,Health Care,Medical Devices,MACD,MACD 突破 0 軸,None,0.0,0.595,0.3171,,0.3171,0,432,0.0028,218.2,218.81,219.42,216.02,2026-07-02,3,False
TEVA,Health Care,Drug Manufacturers - Specialty & Generic,MACD,MACD 突破 0 軸,None,0.0,0.595,0.3171,,0.3171,0,432,0.0028,35.29,35.39,35.49,34.94,2026-07-06,3,False
PEP,Consumer Staples,Beverages - Non-Alcoholic,KDJ,KDJ 金叉,None,0.0,0.5525,0.3158,0.3158,0.2503,19,779,0.0068,141.16,142.12,143.08,139.75,2026-07-01,3,False
ALB,Materials,Specialty Chemicals,KDJ,KDJ 超賣區金叉,None,0.0,0.5599999999999999,0.3156,,0.3156,0,225,0.0029,135.56,135.95,136.35,134.2,2026-07-02,3,False
PKX,Materials,Steel,KDJ,KDJ 超賣區金叉,None,0.0,0.5599999999999999,0.3156,,0.3156,0,225,0.0029,52.12,52.27,52.42,51.6,2026-07-02,3,False
RIO,Materials,Other Industrial Metals & Mining,KDJ,KDJ 超賣區金叉,None,0.0,0.5599999999999999,0.3156,,0.3156,0,225,0.0029,94.42,94.69,94.97,93.48,2026-07-02,3,False
GSK,Health Care,Drug Manufacturers - General,RSI,RSI 上穿 50 中性線,None,0.0,0.4675,0.3144,,0.3144,0,1323,0.003,53.66,53.82,53.98,53.12,2026-07-02,3,False
SMMT,Health Care,Biotechnology,RSI,RSI 上穿 50 中性線,None,0.0,0.4675,0.3144,,0.3144,0,1323,0.003,15.42,15.47,15.51,15.27,2026-07-02,3,False
SNN,Health Care,Medical Devices,RSI,RSI 上穿 50 中性線,None,0.0,0.4675,0.3144,,0.3144,0,1323,0.003,30.25,30.34,30.43,29.95,2026-07-02,3,False
SNY,Health Care,Drug Manufacturers - General,RSI,RSI 上穿 50 中性線,None,0.0,0.4675,0.3144,,0.3144,0,1323,0.003,43.16,43.29,43.42,42.73,2026-07-02,3,False
UTHR,Health Care,Drug Manufacturers - Specialty & Generic,RSI,RSI 上穿 50 中性線,None,0.0,0.4675,0.3144,,0.3144,0,1323,0.003,555.91,557.58,559.25,550.35,2026-07-02,3,False
ROK,Industrials,Specialty Industrial Machinery,RSI,RSI 動能加速（強勢區）,None,0.0,0.51,0.3143,0.3143,0.2891,35,3037,-0.0013,482.87,482.24,481.61,478.04,2026-07-06,3,False
AEG,Financials,Insurance - Diversified,KDJ,KDJ 金叉,None,0.0,0.5525,0.3142,,0.3142,0,1932,0.0041,8.56,8.6,8.63,8.47,2026-07-01,3,False
BAM,Financials,Asset Management,KDJ,KDJ 金叉,None,0.0,0.5525,0.3142,,0.3142,0,1932,0.0041,45.4,45.59,45.77,44.95,2026-07-01,3,False
BAP,Financials,Banks - Regional,KDJ,KDJ 金叉,None,0.0,0.5525,0.3142,,0.3142,0,1932,0.0041,391.21,392.81,394.42,387.3,2026-07-02,3,False
BCH,Financials,Banks - Regional,KDJ,KDJ 金叉,None,0.0,0.5525,0.3142,,0.3142,0,1932,0.0041,39.38,39.54,39.7,38.99,2026-07-02,3,False
BCS,Financials,Banks - Diversified,KDJ,KDJ 金叉,None,0.0,0.5525,0.3142,,0.3142,0,1932,0.0041,27.77,27.88,28.0,27.49,2026-07-02,3,False
BNS,Financials,Banks - Diversified,KDJ,KDJ 金叉,None,0.0,0.5525,0.3142,,0.3142,0,1932,0.0041,87.35,87.71,88.07,86.48,2026-07-01,3,False
CIB,Financials,Banks - Regional,KDJ,KDJ 金叉,None,0.0,0.5525,0.3142,,0.3142,0,1932,0.0041,80.9,81.23,81.56,80.09,2026-07-06,3,False
CRBG,Financials,Asset Management,KDJ,KDJ 金叉,None,0.0,0.5525,0.3142,,0.3142,0,1932,0.0041,29.76,29.88,30.0,29.46,2026-07-02,3,False
DB,Financials,Banks - Regional,KDJ,KDJ 金叉,None,0.0,0.5525,0.3142,,0.3142,0,1932,0.0041,35.86,36.01,36.15,35.5,2026-07-02,3,False
EQH,Financials,Asset Management,KDJ,KDJ 金叉,None,0.0,0.5525,0.3142,,0.3142,0,1932,0.0041,45.61,45.8,45.98,45.15,2026-07-02,3,False
FCNCA,Financials,Banks - Regional,KDJ,KDJ 金叉,None,0.0,0.5525,0.3142,,0.3142,0,1932,0.0041,2117.3501,2126.03,2134.71,2096.18,2026-07-06,3,False
FUTU,Financials,Capital Markets,KDJ,KDJ 金叉,None,0.0,0.5525,0.3142,,0.3142,0,1932,0.0041,98.17,98.57,98.97,97.19,2026-07-06,3,False
HBANL,Financials,Banks - Regional,KDJ,KDJ 金叉,None,0.0,0.5525,0.3142,,0.3142,0,1932,0.0041,24.99,25.09,25.19,24.74,2026-07-06,3,False
HBANZ,Financials,Banks - Regional,KDJ,KDJ 金叉,None,0.0,0.5525,0.3142,,0.3142,0,1932,0.0041,19.86,19.94,20.02,19.66,2026-07-06,3,False
HSBC,Financials,Banks - Diversified,KDJ,KDJ 金叉,None,0.0,0.5525,0.3142,,0.3142,0,1932,0.0041,96.78,97.18,97.57,95.81,2026-07-02,3,False
ING,Financials,Banks - Diversified,KDJ,KDJ 金叉,None,0.0,0.5525,0.3142,,0.3142,0,1932,0.0041,32.1,32.23,32.36,31.78,2026-07-02,3,False
IX,Financials,Financial Conglomerates,KDJ,KDJ 金叉,None,0.0,0.5525,0.3142,,0.3142,0,1932,0.0041,39.85,40.01,40.18,39.45,2026-07-06,3,False
JEF,Financials,Capital Markets,KDJ,KDJ 金叉,None,0.0,0.5525,0.3142,,0.3142,0,1932,0.0041,54.84,55.06,55.29,54.29,2026-07-06,3,False
MFC,Financials,Insurance - Life,KDJ,KDJ 金叉,None,0.0,0.5525,0.3142,,0.3142,0,1932,0.0041,40.72,40.89,41.05,40.31,2026-07-01,3,False
MFG,Financials,Banks - Regional,KDJ,KDJ 金叉,None,0.0,0.5525,0.3142,,0.3142,0,1932,0.0041,9.94,9.98,10.02,9.84,2026-07-02,3,False
MUFG,Financials,Banks - Diversified,KDJ,KDJ 金叉,None,0.0,0.5525,0.3142,,0.3142,0,1932,0.0041,20.61,20.69,20.78,20.4,2026-07-02,3,False
NMR,Financials,Capital Markets,KDJ,KDJ 金叉,None,0.0,0.5525,0.3142,,0.3142,0,1932,0.0041,8.98,9.02,9.05,8.89,2026-07-01,3,False
PUK,Financials,Insurance - Life,KDJ,KDJ 金叉,None,0.0,0.5525,0.3142,,0.3142,0,1932,0.0041,27.69,27.8,27.92,27.41,2026-07-01,3,False
SLF,Financials,Insurance - Diversified,KDJ,KDJ 金叉,None,0.0,0.5525,0.3142,,0.3142,0,1932,0.0041,78.85,79.17,79.5,78.06,2026-07-01,3,False
SMFG,Financials,Banks - Diversified,KDJ,KDJ 金叉,None,0.0,0.5525,0.3142,,0.3142,0,1932,0.0041,24.53,24.63,24.73,24.28,2026-07-02,3,False
UBS,Financials,Banks - Diversified,KDJ,KDJ 金叉,None,0.0,0.5525,0.3142,,0.3142,0,1932,0.0041,51.04,51.25,51.46,50.53,2026-07-02,3,False
UNM,Financials,Insurance - Life,KDJ,KDJ 金叉,None,0.0,0.5525,0.3142,,0.3142,0,1932,0.0041,91.4,91.77,92.15,90.49,2026-07-01,3,False
B,Materials,Gold,KDJ,KDJ 金叉,None,0.0,0.5525,0.314,,0.314,0,637,0.0047,38.21,38.39,38.57,37.83,2026-07-02,3,False
BHP,Materials,Other Industrial Metals & Mining,KDJ,KDJ 金叉,None,0.0,0.5525,0.314,,0.314,0,637,0.0047,83.33,83.72,84.11,82.5,2026-07-02,3,False
CX,Materials,Building Materials,KDJ,KDJ 金叉,None,0.0,0.5525,0.314,,0.314,0,637,0.0047,12.29,12.35,12.41,12.17,2026-07-02,3,False
SCCO,Materials,Copper,KDJ,KDJ 金叉,None,0.0,0.5525,0.314,,0.314,0,637,0.0047,173.87,174.69,175.5,172.13,2026-07-06,3,False
SQM,Materials,Specialty Chemicals,KDJ,KDJ 金叉,None,0.0,0.5525,0.314,,0.314,0,637,0.0047,74.22,74.57,74.92,73.48,2026-07-01,3,False
VALE,Materials,Other Industrial Metals & Mining,KDJ,KDJ 金叉,None,0.0,0.5525,0.314,,0.314,0,637,0.0047,15.09,15.16,15.23,14.94,2026-07-06,3,False
FWONA,Communication Services,Entertainment,RSI,RSI 動能加速（強勢區）,None,0.0,0.51,0.3135,,0.3135,0,772,0.0011,90.44,90.54,90.64,89.54,2026-07-01,3,False
FWONK,Communication Services,Entertainment,RSI,RSI 動能加速（強勢區）,None,0.0,0.51,0.3135,,0.3135,0,772,0.0011,98.38,98.49,98.6,97.4,2026-07-01,3,False
PINS,Communication Services,Internet Content & Information,RSI,RSI 動能加速（強勢區）,None,0.0,0.51,0.3135,,0.3135,0,772,0.0011,21.89,21.91,21.94,21.67,2026-07-01,3,False
RBLX,Communication Services,Electronic Gaming & Multimedia,RSI,RSI 動能加速（強勢區）,None,0.0,0.51,0.3135,,0.3135,0,772,0.0011,57.95,58.01,58.08,57.37,2026-07-01,3,False
TIGO,Communication Services,Telecom Services,RSI,RSI 動能加速（強勢區）,None,0.0,0.51,0.3135,,0.3135,0,772,0.0011,93.76,93.86,93.97,92.82,2026-07-02,3,False
CART,Consumer Discretionary,Internet Retail,RSI,RSI 維持強勢 (50-70),Support,0.8,1.0,0.3125,,0.3125,0,32,-0.0041,44.83,44.65,44.46,44.38,2026-07-01,3,False
W,Consumer Discretionary,Internet Retail,RSI,RSI 維持強勢 (50-70),Support,0.8,1.0,0.3125,,0.3125,0,32,-0.0041,95.14,94.75,94.36,94.19,2026-07-01,3,False
CCI,Real Estate,REIT - Specialty,KDJ,KDJ 超賣區金叉,None,0.0,0.5599999999999999,0.3125,0.3125,0.2366,16,448,0.0192,76.6,78.07,79.54,75.83,2026-07-02,3,False
GIS,Consumer Staples,Packaged Foods,KDJ,KDJ 金叉,None,0.0,0.5525,0.3125,0.3125,0.2503,16,779,0.0079,37.77,38.07,38.37,37.39,2026-07-01,3,False
TSCO,Consumer Discretionary,Specialty Retail,RSI,RSI 動能加速（強勢區）,None,0.0,0.51,0.3125,0.3125,0.3027,32,1665,-0.004,32.26,32.13,32.0,31.94,2026-07-01,3,False
PGR,Financials,Insurance - Property & Casualty,BB,BB 中軌向上（上升趨勢）,None,0.0,0.51,0.3119,0.3119,0.2681,202,16575,0.0077,232.22,234.01,235.8,229.9,2026-07-02,3,False
AMCR,Consumer Discretionary,Packaging & Containers,RSI,RSI 加速上升,None,0.0,0.5525,0.3117,,0.3117,0,6796,0.004,45.0,45.18,45.36,44.55,2026-07-02,3,False
BROS,Consumer Discretionary,Restaurants,RSI,RSI 加速上升,None,0.0,0.5525,0.3117,,0.3117,0,6796,0.004,72.16,72.45,72.74,71.44,2026-07-02,3,False
HMC,Consumer Discretionary,Auto Manufacturers,RSI,RSI 加速上升,None,0.0,0.5525,0.3117,,0.3117,0,6796,0.004,28.02,28.13,28.24,27.74,2026-07-02,3,False
HTHT,Consumer Discretionary,Lodging,RSI,RSI 加速上升,None,0.0,0.5525,0.3117,,0.3117,0,6796,0.004,42.14,42.31,42.48,41.72,2026-07-02,3,False
NIO,Consumer Discretionary,Auto Manufacturers,RSI,RSI 加速上升,None,0.0,0.5525,0.3117,,0.3117,0,6796,0.004,5.02,5.04,5.06,4.97,2026-07-06,3,False
RACE,Consumer Discretionary,Auto Manufacturers,RSI,RSI 加速上升,None,0.0,0.5525,0.3117,,0.3117,0,6796,0.004,384.97,386.51,388.05,381.12,2026-07-02,3,False
SN,Consumer Discretionary,"Furnishings, Fixtures & Appliances",RSI,RSI 加速上升,None,0.0,0.5525,0.3117,,0.3117,0,6796,0.004,151.84,152.45,153.05,150.32,2026-07-01,3,False
STLA,Consumer Discretionary,Auto Manufacturers,RSI,RSI 加速上升,None,0.0,0.5525,0.3117,,0.3117,0,6796,0.004,5.8,5.82,5.85,5.74,2026-07-06,3,False
TCOM,Consumer Discretionary,Travel Services,RSI,RSI 加速上升,None,0.0,0.5525,0.3117,,0.3117,0,6796,0.004,41.0,41.16,41.33,40.59,2026-07-02,3,False
TM,Consumer Discretionary,Auto Manufacturers,RSI,RSI 加速上升,None,0.0,0.5525,0.3117,,0.3117,0,6796,0.004,179.8,180.52,181.24,178.0,2026-07-06,3,False
ECHO,Communication Services,Telecom Services,RSI,RSI 加速上升,None,0.0,0.5525,0.3116,,0.3116,0,3322,0.0033,101.5,101.83,102.17,100.48,2026-07-02,3,False
GSAT,Communication Services,Telecom Services,RSI,RSI 加速上升,None,0.0,0.5525,0.3116,,0.3116,0,3322,0.0033,80.96,81.23,81.49,80.15,2026-07-01,3,False
NTES,Communication Services,Electronic Gaming & Multimedia,RSI,RSI 加速上升,None,0.0,0.5525,0.3116,,0.3116,0,3322,0.0033,127.24,127.66,128.08,125.97,2026-07-02,3,False
DIS,Communication Services,Entertainment,RSI,RSI 加速上升,None,0.0,0.5525,0.3113,0.3113,0.3116,151,3322,0.0034,99.5,99.84,100.18,98.5,2026-07-02,3,False
NVDA,Information Technology,Semiconductors,KDJ,KDJ 金叉,None,0.0,0.5525,0.3103,0.3103,0.3918,29,1955,-0.0046,195.55,194.65,193.75,193.59,2026-07-06,3,False
MCK,Health Care,Medical Distribution,RSI,RSI 上穿 50 中性線,None,0.0,0.4675,0.3103,0.3103,0.3144,29,1323,0.0094,768.06,775.28,782.5,760.38,2026-07-01,3,False
LUV,Industrials,Airlines,BB,價格在 BB 中軌上方,None,0.0,0.425,0.3099,0.3099,0.295,213,22337,0.001,50.81,50.86,50.91,50.3,2026-07-06,3,False
TGT,Consumer Staples,Discount Stores,BB,BB 中軌向上（上升趨勢）,None,0.0,0.51,0.3094,0.3094,0.2466,181,6128,0.0009,126.1,126.21,126.33,124.84,2026-07-06,3,False
TDY,Information Technology,Scientific & Technical Instruments,BB,價格在 BB 中軌上方,None,0.0,0.425,0.3092,0.3092,0.3573,262,20206,0.0067,654.98,659.37,663.76,648.43,2026-07-06,3,False
BBD,Financials,Banks - Regional,RSI,RSI 上穿 50 中性線,None,0.0,0.4675,0.3091,,0.3091,0,1899,0.0046,3.5,3.52,3.53,3.46,2026-07-06,3,False
TW,Financials,Capital Markets,RSI,RSI 上穿 50 中性線,None,0.0,0.4675,0.3091,,0.3091,0,1899,0.0046,101.49,101.96,102.42,100.48,2026-07-01,3,False
VLYPP,Financials,Banks - Regional,RSI,RSI 上穿 50 中性線,None,0.0,0.4675,0.3091,,0.3091,0,1899,0.0046,24.78,24.89,25.01,24.53,2026-07-01,3,False
WBD,Communication Services,Entertainment,BB,價格在 BB 中軌上方,None,0.0,0.425,0.3084,0.3084,0.3007,227,6080,-0.0006,26.81,26.79,26.78,26.54,2026-07-01,3,False
CCZ,Communication Services,Cable & Satellite,RSI,RSI 維持強勢 (50-70),None,0.0,0.51,0.3082,,0.3082,0,5205,0.0026,66.5,66.67,66.85,65.83,2026-07-02,3,False
ITW,Industrials,Specialty Industrial Machinery,KDJ,KDJ 金叉,None,0.0,0.5525,0.3077,0.3077,0.3223,13,2110,0.0076,272.76,274.83,276.91,270.03,2026-07-02,3,False
IRM,Real Estate,REIT - Specialty,BB,BB 跌破下軌 (超賣),None,0.0,0.45499999999999996,0.3077,0.3077,0.25,13,564,-0.0045,116.38,115.86,115.33,115.22,2026-07-06,3,False
EG,Financials,Insurance - Reinsurance,RSI,RSI 加速上升,None,0.0,0.5525,0.3072,0.3072,0.3014,153,11488,0.0013,371.35,371.83,372.32,367.64,2026-07-02,3,False
CHRW,Industrials,Integrated Freight & Logistics,RSI,RSI 維持強勢 (50-70),None,0.0,0.51,0.3059,0.3059,0.2986,219,19157,0.0004,188.57,188.65,188.72,186.68,2026-07-06,3,False
CRH,Materials,Building Materials,BB,BB 中軌向上（上升趨勢）,None,0.0,0.51,0.3059,0.3059,0.2853,219,5036,0.0014,105.19,105.34,105.48,104.14,2026-07-01,3,False
TROW,Financials,Asset Management,BB,BB 中軌向上（上升趨勢）,None,0.0,0.51,0.3059,0.3059,0.2681,170,16575,0.0082,119.12,120.1,121.07,117.93,2026-07-06,3,False
KVUE,Consumer Staples,Household & Personal Products,RSI,RSI 維持強勢 (50-70),None,0.0,0.51,0.305,0.305,0.2452,200,7574,0.004,19.56,19.64,19.72,19.36,2026-07-06,3,False
MO,Consumer Staples,Tobacco,BB,BB 中軌向上（上升趨勢）,None,0.0,0.51,0.3048,0.3048,0.2466,210,6128,0.0013,71.88,71.97,72.07,71.16,2026-07-06,3,False
MDLZ,Consumer Staples,Confectioners,RSI,RSI 上穿 50 中性線,None,0.0,0.4675,0.3043,0.3043,0.2565,23,928,0.004,60.91,61.15,61.4,60.3,2026-07-02,3,False
AER,Industrials,Rental & Leasing Services,RSI,RSI 上穿 50 中性線,None,0.0,0.4675,0.304,,0.304,0,1816,0.0018,147.84,148.11,148.37,146.36,2026-07-02,3,False
AGX,Industrials,Engineering & Construction,RSI,RSI 上穿 50 中性線,None,0.0,0.4675,0.304,,0.304,0,1816,0.0018,725.23,726.54,727.84,717.98,2026-07-06,3,False
APG,Industrials,Engineering & Construction,RSI,RSI 上穿 50 中性線,None,0.0,0.4675,0.304,,0.304,0,1816,0.0018,42.83,42.91,42.98,42.4,2026-07-06,3,False
BE,Industrials,Electrical Equipment & Parts,RSI,RSI 上穿 50 中性線,None,0.0,0.4675,0.304,,0.304,0,1816,0.0018,295.05,295.58,296.11,292.1,2026-07-06,3,False
CLH,Industrials,Waste Management,RSI,RSI 上穿 50 中性線,None,0.0,0.4675,0.304,,0.304,0,1816,0.0018,294.56,295.09,295.62,291.61,2026-07-06,3,False
DRS,Industrials,Aerospace & Defense,RSI,RSI 上穿 50 中性線,None,0.0,0.4675,0.304,,0.304,0,1816,0.0018,45.37,45.45,45.53,44.92,2026-07-06,3,False
R,Industrials,Rental & Leasing Services,RSI,RSI 上穿 50 中性線,None,0.0,0.4675,0.304,,0.304,0,1816,0.0018,262.49,262.96,263.43,259.87,2026-07-06,3,False
SPXC,Industrials,Building Products & Equipment,RSI,RSI 上穿 50 中性線,None,0.0,0.4675,0.304,,0.304,0,1816,0.0018,232.19,232.61,233.03,229.87,2026-07-06,3,False
SYM,Industrials,Specialty Industrial Machinery,RSI,RSI 上穿 50 中性線,None,0.0,0.4675,0.304,,0.304,0,1816,0.0018,44.46,44.54,44.62,44.02,2026-07-06,3,False
TRI,Industrials,Specialty Business Services,RSI,RSI 上穿 50 中性線,None,0.0,0.4675,0.304,,0.304,0,1816,0.0018,84.91,85.06,85.22,84.06,2026-07-01,3,False
ZTO,Industrials,Integrated Freight & Logistics,RSI,RSI 上穿 50 中性線,None,0.0,0.4675,0.304,,0.304,0,1816,0.0018,22.78,22.82,22.86,22.55,2026-07-01,3,False
WAB,Industrials,Railroads,BB,BB 中軌向上（上升趨勢）,None,0.0,0.51,0.3029,0.3029,0.2929,274,17460,0.0042,262.19,263.29,264.39,259.57,2026-07-02,3,False
SOJC,Unknown,Unknown,KDJ,KDJ 超賣區金叉,None,0.0,0.5599999999999999,0.3027,,0.3027,0,294,0.0015,20.5,20.53,20.56,20.29,2026-07-01,3,False
BALL,Consumer Discretionary,Packaging & Containers,RSI,RSI 動能加速（強勢區）,None,0.0,0.51,0.3027,,0.3027,0,1665,0.0035,63.39,63.61,63.83,62.76,2026-07-02,3,False
APOS,Unknown,Unknown,MACD,MACD 金叉 (多頭區),None,0.0,0.68,0.3023,,0.3023,0,129,0.0005,25.55,25.56,25.58,25.29,2026-07-01,3,False
TFC,Financials,Banks - Regional,BB,價格在 BB 中軌上方,None,0.0,0.425,0.3022,0.3022,0.2847,278,21689,0.003,51.42,51.57,51.73,50.91,2026-07-06,3,False
BRK.B,Unknown,Unknown,BB,BB 中軌向上（上升趨勢）,None,0.0,0.51,0.3017,,0.3017,0,4558,0.0,499.74,499.74,499.74,494.74,2026-07-01,3,False
ERIC,Information Technology,Communication Equipment,KDJ,KDJ 超賣區金叉,None,0.0,0.5599999999999999,0.3016,,0.3016,0,368,-0.0,10.89,10.89,10.89,10.78,2026-07-06,3,False
AFG,Financials,Insurance - Property & Casualty,RSI,RSI 加速上升,None,0.0,0.5525,0.3014,,0.3014,0,11488,0.0041,142.75,143.34,143.92,141.32,2026-07-02,3,False
AFRM,Financials,Credit Services,RSI,RSI 加速上升,None,0.0,0.5525,0.3014,,0.3014,0,11488,0.0041,85.78,86.13,86.48,84.92,2026-07-06,3,False
BBVA,Financials,Banks - Diversified,RSI,RSI 加速上升,None,0.0,0.5525,0.3014,,0.3014,0,11488,0.0041,25.6,25.7,25.81,25.34,2026-07-02,3,False
BMO,Financials,Banks - Diversified,RSI,RSI 加速上升,None,0.0,0.5525,0.3014,,0.3014,0,11488,0.0041,177.57,178.3,179.03,175.79,2026-07-01,3,False
BN,Financials,Asset Management,RSI,RSI 加速上升,None,0.0,0.5525,0.3014,,0.3014,0,11488,0.0041,43.96,44.14,44.32,43.52,2026-07-06,3,False
BNT,Financials,Insurance - Diversified,RSI,RSI 加速上升,None,0.0,0.5525,0.3014,,0.3014,0,11488,0.0041,43.99,44.17,44.35,43.55,2026-07-06,3,False
BPYPM,Financials,Asset Management,RSI,RSI 加速上升,None,0.0,0.5525,0.3014,,0.3014,0,11488,0.0041,15.93,16.0,16.06,15.77,2026-07-06,3,False
BSAC,Financials,Banks - Regional,RSI,RSI 加速上升,None,0.0,0.5525,0.3014,,0.3014,0,11488,0.0041,33.26,33.4,33.53,32.93,2026-07-06,3,False
BSBR,Financials,Banks - Regional,RSI,RSI 加速上升,None,0.0,0.5525,0.3014,,0.3014,0,11488,0.0041,5.29,5.31,5.33,5.24,2026-07-06,3,False
CNA,Financials,Insurance - Property & Casualty,RSI,RSI 加速上升,None,0.0,0.5525,0.3014,,0.3014,0,11488,0.0041,51.17,51.38,51.59,50.66,2026-07-02,3,False
FHN,Financials,Banks - Regional,RSI,RSI 加速上升,None,0.0,0.5525,0.3014,,0.3014,0,11488,0.0041,26.05,26.16,26.26,25.79,2026-07-01,3,False
HBANM,Financials,Banks - Regional,RSI,RSI 加速上升,None,0.0,0.5525,0.3014,,0.3014,0,11488,0.0041,20.89,20.98,21.06,20.68,2026-07-06,3,False
HBANP,Financials,Banks - Regional,RSI,RSI 加速上升,None,0.0,0.5525,0.3014,,0.3014,0,11488,0.0041,16.21,16.28,16.34,16.05,2026-07-06,3,False
ITUB,Financials,Banks - Regional,RSI,RSI 加速上升,None,0.0,0.5525,0.3014,,0.3014,0,11488,0.0041,8.127,8.16,8.19,8.05,2026-07-01,3,False
KLAR,Financials,Credit Services,RSI,RSI 加速上升,None,0.0,0.5525,0.3014,,0.3014,0,11488,0.0041,20.44,20.52,20.61,20.24,2026-07-01,3,False
LYG,Financials,Banks - Regional,RSI,RSI 加速上升,None,0.0,0.5525,0.3014,,0.3014,0,11488,0.0041,6.06,6.08,6.11,6.0,2026-07-02,3,False
MKL,Financials,Insurance - Property & Casualty,RSI,RSI 加速上升,None,0.0,0.5525,0.3014,,0.3014,0,11488,0.0041,1979.65,1987.77,1995.88,1959.85,2026-07-02,3,False
NU,Financials,Banks - Regional,RSI,RSI 加速上升,None,0.0,0.5525,0.3014,,0.3014,0,11488,0.0041,13.61,13.67,13.72,13.47,2026-07-02,3,False
NWG,Financials,Banks - Regional,RSI,RSI 加速上升,None,0.0,0.5525,0.3014,,0.3014,0,11488,0.0041,17.99,18.06,18.14,17.81,2026-07-02,3,False
PNFP,Financials,Banks - Regional,RSI,RSI 加速上升,None,0.0,0.5525,0.3014,,0.3014,0,11488,0.0041,100.82,101.23,101.65,99.81,2026-07-01,3,False
RGA,Financials,Insurance - Reinsurance,RSI,RSI 加速上升,None,0.0,0.5525,0.3014,,0.3014,0,11488,0.0041,224.08,225.0,225.92,221.84,2026-07-06,3,False
RKT,Financials,Mortgage Finance,RSI,RSI 加速上升,None,0.0,0.5525,0.3014,,0.3014,0,11488,0.0041,15.77,15.83,15.9,15.61,2026-07-02,3,False
RNR,Financials,Insurance - Reinsurance,RSI,RSI 加速上升,None,0.0,0.5525,0.3014,,0.3014,0,11488,0.0041,326.29,327.63,328.97,323.03,2026-07-02,3,False
RY,Financials,Banks - Diversified,RSI,RSI 加速上升,None,0.0,0.5525,0.3014,,0.3014,0,11488,0.0041,208.31,209.16,210.02,206.23,2026-07-01,3,False
RYAN,Financials,Insurance - Specialty,RSI,RSI 加速上升,None,0.0,0.5525,0.3014,,0.3014,0,11488,0.0041,42.03,42.2,42.37,41.61,2026-07-02,3,False
SAN,Financials,Banks - Diversified,RSI,RSI 加速上升,None,0.0,0.5525,0.3014,,0.3014,0,11488,0.0041,13.95,14.01,14.06,13.81,2026-07-02,3,False
SOFI,Financials,Credit Services,RSI,RSI 加速上升,None,0.0,0.5525,0.3014,,0.3014,0,11488,0.0041,18.24,18.31,18.39,18.06,2026-07-02,3,False
SPY,Financials,Asset Management,RSI,RSI 加速上升,None,0.0,0.5525,0.3014,,0.3014,0,11488,0.0041,751.28,754.36,757.44,743.77,2026-07-06,3,False
TRU,Financials,Financial Data & Stock Exchanges,RSI,RSI 加速上升,None,0.0,0.5525,0.3014,,0.3014,0,11488,0.0041,79.28,79.61,79.93,78.49,2026-07-06,3,False
WBS,Financials,Banks - Regional,RSI,RSI 加速上升,None,0.0,0.5525,0.3014,,0.3014,0,11488,0.0041,76.72,77.03,77.35,75.95,2026-07-02,3,False
TIMB,Communication Services,Telecom Services,BB,價格在 BB 中軌上方,None,0.0,0.425,0.3007,,0.3007,0,6080,0.0027,21.83,21.89,21.95,21.61,2026-07-06,3,False
CSX,Industrials,Railroads,BB,價格在 BB 中軌上方,None,0.0,0.425,0.3006,0.3006,0.295,336,22337,0.0054,48.81,49.07,49.34,48.32,2026-07-06,3,False
SREA,Unknown,Unknown,RSI,RSI 動能加速（強勢區）,None,0.0,0.51,0.3003,,0.3003,0,766,0.0,21.35,21.35,21.35,21.14,2026-07-06,3,False
BIP,Utilities,Utilities - Diversified,KDJ,KDJ 金叉,None,0.0,0.5525,0.3001,,0.3001,0,713,0.0052,37.01,37.2,37.39,36.64,2026-07-02,3,False
ENLT,Utilities,Utilities - Renewable,KDJ,KDJ 金叉,None,0.0,0.5525,0.3001,,0.3001,0,713,0.0052,89.03,89.49,89.96,88.14,2026-07-06,3,False
FTS,Utilities,Utilities - Regulated Electric,KDJ,KDJ 金叉,None,0.0,0.5525,0.3001,,0.3001,0,713,0.0052,57.98,58.28,58.58,57.4,2026-07-02,3,False
KEP,Utilities,Utilities - Regulated Electric,KDJ,KDJ 金叉,None,0.0,0.5525,0.3001,,0.3001,0,713,0.0052,12.5,12.57,12.63,12.38,2026-07-02,3,False
APA,Energy,Oil & Gas E&P,KDJ,KDJ 超賣區金叉,Morning Star,0.8,1.0,0.3,,0.3,0,10,0.0154,32.46,32.96,33.46,32.14,2026-07-06,3,False
INCY,Health Care,Biotechnology,RSI,RSI 動能加速（強勢區）,None,0.0,0.51,0.3,0.3,0.2606,30,1869,0.0016,116.86,117.05,117.23,115.69,2026-07-02,3,False
KHC,Consumer Staples,Packaged Foods,RSI,RSI 動能加速（強勢區）,None,0.0,0.51,0.3,0.3,0.2456,20,1148,-0.0052,25.01,24.88,24.75,24.76,2026-07-01,3,False
LMT,Industrials,Aerospace & Defense,MACD,MACD 金叉 (空頭區),None,0.0,0.42,0.3,0.3,0.3303,10,875,0.0035,521.82,523.65,525.47,516.6,2026-07-01,3,False
AM,Energy,Oil & Gas Midstream,BB,價格在 BB 中軌上方,None,0.0,0.425,0.2998,,0.2998,0,5768,-0.0016,22.08,22.04,22.01,21.86,2026-07-06,3,False
IHG,Consumer Discretionary,Lodging,RSI,RSI 維持強勢 (50-70),None,0.0,0.51,0.2995,,0.2995,0,10441,0.0032,166.41,166.94,167.48,164.75,2026-07-06,3,False
IP,Consumer Discretionary,Packaging & Containers,RSI,RSI 維持強勢 (50-70),None,0.0,0.51,0.2995,,0.2995,0,10441,0.0032,38.58,38.7,38.83,38.19,2026-07-06,3,False
PKG,Consumer Discretionary,Packaging & Containers,RSI,RSI 維持強勢 (50-70),None,0.0,0.51,0.2995,,0.2995,0,10441,0.0032,236.39,237.15,237.9,234.03,2026-07-06,3,False
SGI,Consumer Discretionary,"Furnishings, Fixtures & Appliances",RSI,RSI 維持強勢 (50-70),None,0.0,0.51,0.2995,,0.2995,0,10441,0.0032,78.2,78.45,78.7,77.42,2026-07-06,3,False
SW,Consumer Discretionary,Packaging & Containers,RSI,RSI 維持強勢 (50-70),None,0.0,0.51,0.2995,,0.2995,0,10441,0.0032,45.64,45.79,45.93,45.18,2026-07-06,3,False
TOL,Consumer Discretionary,Residential Construction,RSI,RSI 維持強勢 (50-70),None,0.0,0.51,0.2995,,0.2995,0,10441,0.0032,155.13,155.63,156.12,153.58,2026-07-06,3,False
TXRH,Consumer Discretionary,Restaurants,RSI,RSI 維持強勢 (50-70),None,0.0,0.51,0.2995,,0.2995,0,10441,0.0032,186.01,186.61,187.2,184.15,2026-07-06,3,False
VIK,Consumer Discretionary,Travel Services,RSI,RSI 維持強勢 (50-70),None,0.0,0.51,0.2995,,0.2995,0,10441,0.0032,100.55,100.87,101.19,99.54,2026-07-06,3,False
AEIS,Industrials,Electrical Equipment & Parts,RSI,RSI 維持強勢 (50-70),None,0.0,0.51,0.2986,,0.2986,0,19157,0.0036,356.35,357.63,358.92,352.79,2026-07-01,3,False
AIT,Industrials,Industrial Distribution,RSI,RSI 維持強勢 (50-70),None,0.0,0.51,0.2986,,0.2986,0,19157,0.0036,328.53,329.71,330.9,325.24,2026-07-06,3,False
ARMK,Industrials,Specialty Business Services,RSI,RSI 維持強勢 (50-70),None,0.0,0.51,0.2986,,0.2986,0,19157,0.0036,56.0,56.2,56.4,55.44,2026-07-06,3,False
ATI,Industrials,Metal Fabrication,RSI,RSI 維持強勢 (50-70),None,0.0,0.51,0.2986,,0.2986,0,19157,0.0036,192.06,192.75,193.44,190.14,2026-07-06,3,False
AYI,Industrials,Electrical Equipment & Parts,RSI,RSI 維持強勢 (50-70),None,0.0,0.51,0.2986,,0.2986,0,19157,0.0036,354.23,355.51,356.78,350.69,2026-07-06,3,False
CNH,Industrials,Farm & Heavy Construction Machinery,RSI,RSI 維持強勢 (50-70),None,0.0,0.51,0.2986,,0.2986,0,19157,0.0036,10.87,10.91,10.95,10.76,2026-07-06,3,False
CNI,Industrials,Railroads,RSI,RSI 維持強勢 (50-70),None,0.0,0.51,0.2986,,0.2986,0,19157,0.0036,121.56,122.0,122.44,120.34,2026-07-02,3,False
CR,Industrials,Specialty Industrial Machinery,RSI,RSI 維持強勢 (50-70),None,0.0,0.51,0.2986,,0.2986,0,19157,0.0036,220.06,220.85,221.64,217.86,2026-07-06,3,False
CRS,Industrials,Metal Fabrication,RSI,RSI 維持強勢 (50-70),None,0.0,0.51,0.2986,,0.2986,0,19157,0.0036,597.24,599.39,601.54,591.27,2026-07-02,3,False
CSL,Industrials,Building Products & Equipment,RSI,RSI 維持強勢 (50-70),None,0.0,0.51,0.2986,,0.2986,0,19157,0.0036,367.15,368.47,369.79,363.48,2026-07-06,3,False
DCI,Industrials,Specialty Industrial Machinery,RSI,RSI 維持強勢 (50-70),None,0.0,0.51,0.2986,,0.2986,0,19157,0.0036,89.09,89.41,89.73,88.2,2026-07-02,3,False
DY,Industrials,Engineering & Construction,RSI,RSI 維持強勢 (50-70),None,0.0,0.51,0.2986,,0.2986,0,19157,0.0036,470.51,472.2,473.9,465.8,2026-07-01,3,False
FTAI,Industrials,Aerospace & Defense,RSI,RSI 維持強勢 (50-70),None,0.0,0.51,0.2986,,0.2986,0,19157,0.0036,261.83,262.77,263.72,259.21,2026-07-01,3,False
GPN,Industrials,Specialty Business Services,RSI,RSI 維持強勢 (50-70),None,0.0,0.51,0.2986,,0.2986,0,19157,0.0036,77.41,77.69,77.97,76.64,2026-07-06,3,False
KNX,Industrials,Trucking,RSI,RSI 維持強勢 (50-70),None,0.0,0.51,0.2986,,0.2986,0,19157,0.0036,76.35,76.62,76.9,75.59,2026-07-02,3,False
LTM,Industrials,Airlines,RSI,RSI 維持強勢 (50-70),None,0.0,0.51,0.2986,,0.2986,0,19157,0.0036,57.44,57.65,57.85,56.87,2026-07-06,3,False
MTZ,Industrials,Engineering & Construction,RSI,RSI 維持強勢 (50-70),None,0.0,0.51,0.2986,,0.2986,0,19157,0.0036,390.61,392.02,393.42,386.7,2026-07-01,3,False
OC,Industrials,Building Products & Equipment,RSI,RSI 維持強勢 (50-70),None,0.0,0.51,0.2986,,0.2986,0,19157,0.0036,146.79,147.32,147.85,145.32,2026-07-06,3,False
POOL,Industrials,Industrial Distribution,RSI,RSI 維持強勢 (50-70),None,0.0,0.51,0.2986,,0.2986,0,19157,0.0036,215.22,215.99,216.77,213.07,2026-07-06,3,False
RBA,Industrials,Specialty Business Services,RSI,RSI 維持強勢 (50-70),None,0.0,0.51,0.2986,,0.2986,0,19157,0.0036,114.09,114.5,114.91,112.95,2026-07-06,3,False
RBC,Industrials,Tools & Accessories,RSI,RSI 維持強勢 (50-70),None,0.0,0.51,0.2986,,0.2986,0,19157,0.0036,620.47,622.7,624.94,614.27,2026-07-01,3,False
RYAAY,Industrials,Airlines,RSI,RSI 維持強勢 (50-70),None,0.0,0.51,0.2986,,0.2986,0,19157,0.0036,65.49,65.73,65.96,64.84,2026-07-02,3,False
ULS,Industrials,Specialty Business Services,RSI,RSI 維持強勢 (50-70),None,0.0,0.51,0.2986,,0.2986,0,19157,0.0036,96.99,97.34,97.69,96.02,2026-07-02,3,False
VMI,Industrials,Conglomerates,RSI,RSI 維持強勢 (50-70),None,0.0,0.51,0.2986,,0.2986,0,19157,0.0036,564.07,566.1,568.13,558.43,2026-07-06,3,False
WCN,Industrials,Waste Management,RSI,RSI 維持強勢 (50-70),None,0.0,0.51,0.2986,,0.2986,0,19157,0.0036,167.62,168.22,168.83,165.94,2026-07-06,3,False
WMS,Industrials,Building Products & Equipment,RSI,RSI 維持強勢 (50-70),None,0.0,0.51,0.2986,,0.2986,0,19157,0.0036,151.34,151.88,152.43,149.83,2026-07-06,3,False
WSO,Industrials,Industrial Distribution,RSI,RSI 維持強勢 (50-70),None,0.0,0.51,0.2986,,0.2986,0,19157,0.0036,399.06,400.5,401.93,395.07,2026-07-06,3,False
WTS,Industrials,Specialty Industrial Machinery,RSI,RSI 維持強勢 (50-70),None,0.0,0.51,0.2986,,0.2986,0,19157,0.0036,369.56,370.89,372.22,365.86,2026-07-06,3,False
WWD,Industrials,Aerospace & Defense,RSI,RSI 維持強勢 (50-70),None,0.0,0.51,0.2986,,0.2986,0,19157,0.0036,423.48,425.0,426.53,419.25,2026-07-06,3,False
CCK,Consumer Discretionary,Packaging & Containers,BB,價格在 BB 中軌上方,None,0.0,0.425,0.2984,,0.2984,0,12430,0.0031,113.28,113.63,113.98,112.15,2026-07-06,3,False
HEI,Industrials,Aerospace & Defense,RSI,RSI 加速上升,None,0.0,0.5525,0.2981,,0.2981,0,11545,0.003,365.31,366.41,367.5,361.66,2026-07-06,3,False
RKLB,Industrials,Aerospace & Defense,RSI,RSI 加速上升,None,0.0,0.5525,0.2981,,0.2981,0,11545,0.003,93.09,93.37,93.65,92.16,2026-07-06,3,False
XPO,Industrials,Trucking,RSI,RSI 加速上升,None,0.0,0.5525,0.2981,,0.2981,0,11545,0.003,206.78,207.4,208.02,204.71,2026-07-06,3,False
MOD,Consumer Discretionary,Auto Parts,BB,BB 跌破下軌 (超賣),None,0.0,0.45499999999999996,0.2974,,0.2974,0,733,0.0008,230.97,231.15,231.34,228.66,2026-07-02,3,False
TRMB,Information Technology,Scientific & Technical Instruments,RSI,RSI 加速上升,None,0.0,0.5525,0.2971,0.2971,0.3693,138,10688,-0.0007,52.47,52.43,52.4,51.95,2026-07-06,3,False
AQNB,Unknown,Unknown,RSI,RSI 維持強勢 (50-70),None,0.0,0.51,0.2969,,0.2969,0,4897,0.0,25.52,25.52,25.52,25.26,2026-07-06,3,False
BIPJ,Unknown,Unknown,RSI,RSI 維持強勢 (50-70),None,0.0,0.51,0.2969,,0.2969,0,4897,0.0,24.93,24.93,24.93,24.68,2026-07-06,3,False
KKRS,Unknown,Unknown,RSI,RSI 維持強勢 (50-70),None,0.0,0.51,0.2969,,0.2969,0,4897,0.0,16.275,16.27,16.27,16.11,2026-07-06,3,False
SOJE,Unknown,Unknown,RSI,RSI 維持強勢 (50-70),None,0.0,0.51,0.2969,,0.2969,0,4897,0.0,17.03,17.03,17.03,16.86,2026-07-02,3,False
MNST,Consumer Staples,Beverages - Non-Alcoholic,BB,BB 中軌向上（上升趨勢）,None,0.0,0.51,0.2966,0.2966,0.2466,236,6128,0.0044,97.37,97.8,98.23,96.4,2026-07-06,3,False
AWK,Utilities,Utilities - Regulated Water,RSI,RSI 加速上升,None,0.0,0.5525,0.2953,0.2953,0.2565,149,4905,0.0054,136.86,137.6,138.34,135.49,2026-07-02,3,False
ISRG,Health Care,Medical Instruments & Supplies,RSI,RSI 維持強勢 (50-70),None,0.0,0.51,0.2952,0.2952,0.2772,210,12123,0.0085,432.83,436.51,440.19,428.5,2026-07-06,3,False
AAL,Industrials,Airlines,BB,價格在 BB 中軌上方,None,0.0,0.425,0.295,,0.295,0,22337,0.0034,17.75,17.81,17.87,17.57,2026-07-06,3,False
BWXT,Industrials,Aerospace & Defense,BB,價格在 BB 中軌上方,None,0.0,0.425,0.295,,0.295,0,22337,0.0034,196.89,197.56,198.23,194.92,2026-07-06,3,False
FER,Industrials,Engineering & Construction,BB,價格在 BB 中軌上方,None,0.0,0.425,0.295,,0.295,0,22337,0.0034,68.22,68.45,68.68,67.54,2026-07-06,3,False
ECL,Materials,Specialty Chemicals,RSI,RSI 維持強勢 (50-70),Consolidation Breakout,0.75,1.0,0.2941,0.2941,0.2521,34,361,0.0047,283.72,285.05,286.39,280.88,2026-07-06,3,False
AZO,Consumer Discretionary,Auto Parts,RSI,RSI 加速上升,None,0.0,0.5525,0.2941,0.2941,0.3117,119,6796,0.0061,3159.28,3178.55,3197.82,3127.69,2026-07-02,3,False
RTX,Industrials,Aerospace & Defense,RSI,RSI 加速上升,None,0.0,0.5525,0.2941,0.2941,0.2981,153,11545,0.0045,201.37,202.28,203.18,199.36,2026-07-06,3,False
ADBE,Information Technology,Software - Application,MACD,MACD 金叉 (空頭區),None,0.0,0.42,0.2941,0.2941,0.3767,17,754,0.003,210.98,211.61,212.25,208.87,2026-07-01,3,False
SPGI,Financials,Financial Data & Stock Exchanges,MACD,MACD 突破 0 軸,Consolidation Breakout,0.72,1.0,0.2935,,0.2935,0,92,0.0067,447.22,450.22,453.21,442.75,2026-07-06,3,False
FERG,Industrials,Industrial Distribution,BB,BB 中軌向上（上升趨勢）,None,0.0,0.51,0.2929,,0.2929,0,17460,0.0036,228.92,229.74,230.57,226.63,2026-07-06,3,False
IESC,Industrials,Engineering & Construction,BB,BB 中軌向上（上升趨勢）,None,0.0,0.51,0.2929,,0.2929,0,17460,0.0036,699.98,702.5,705.02,692.98,2026-07-01,3,False
QXO,Industrials,Industrial Distribution,BB,BB 中軌向上（上升趨勢）,None,0.0,0.51,0.2929,,0.2929,0,17460,0.0036,16.54,16.6,16.66,16.37,2026-07-01,3,False
ELV,Health Care,Healthcare Plans,RSI,RSI 上穿 50 中性線,None,0.0,0.4675,0.2917,0.2917,0.3144,24,1323,-0.0002,416.19,416.11,416.02,412.03,2026-07-01,3,False
NWS,Communication Services,Entertainment,RSI,RSI 上穿 50 中性線,None,0.0,0.4675,0.2917,0.2917,0.3243,24,518,-0.0005,30.17,30.15,30.14,29.87,2026-07-02,3,False
HPE,Information Technology,Communication Equipment,BB,BB 跌破下軌 (超賣),None,0.0,0.45499999999999996,0.2917,0.2917,0.3447,24,1001,-0.0264,41.23,40.14,39.05,40.82,2026-07-02,3,False
ETR,Utilities,Utilities - Regulated Electric,RSI,RSI 動能加速（強勢區）,None,0.0,0.51,0.2909,0.2909,0.2198,55,1556,0.0018,115.11,115.32,115.52,113.96,2026-07-02,3,False
COR,Health Care,Medical Distribution,RSI,RSI 加速上升,None,0.0,0.5525,0.2898,0.2898,0.2803,176,8492,0.0022,296.51,297.16,297.81,293.54,2026-07-02,3,False
WMB,Energy,Oil & Gas Midstream,BB,BB 中軌向上（上升趨勢）,None,0.0,0.51,0.2884,0.2884,0.2962,267,4484,0.0024,72.82,72.99,73.17,72.09,2026-07-06,3,False
BMY,Health Care,Drug Manufacturers - General,RSI,RSI 維持強勢 (50-70),None,0.0,0.51,0.2879,0.2879,0.2772,198,12123,-0.0008,56.7,56.65,56.61,56.13,2026-07-06,3,False
ABBV,Health Care,Drug Manufacturers - General,BB,BB 中軌向上（上升趨勢）,None,0.0,0.51,0.2876,0.2876,0.2705,226,10885,0.006,254.76,256.29,257.82,252.21,2026-07-06,3,False
BKNG,Consumer Discretionary,Travel Services,RSI,RSI 維持強勢 (50-70),None,0.0,0.51,0.2874,0.2874,0.2995,261,10441,0.0048,181.03,181.9,182.77,179.22,2026-07-06,3,False
PHM,Consumer Discretionary,Residential Construction,RSI,RSI 維持強勢 (50-70),None,0.0,0.51,0.2874,0.2874,0.2995,247,10441,0.0003,131.38,131.42,131.46,130.07,2026-07-06,3,False
CAH,Health Care,Medical Distribution,BB,價格在 BB 中軌上方,None,0.0,0.425,0.2873,0.2873,0.2804,362,14417,0.0074,237.52,239.28,241.04,235.14,2026-07-06,3,False
ES,Utilities,Utilities - Regulated Electric,BB,價格在 BB 中軌上方,None,0.0,0.425,0.2873,0.2873,0.246,268,9864,0.0035,73.23,73.49,73.74,72.5,2026-07-06,3,False
ADSK,Information Technology,Software - Application,RSI,RSI 加速上升,None,0.0,0.5525,0.2868,0.2868,0.3693,129,10688,-0.004,207.54,206.71,205.88,205.46,2026-07-06,3,False
BBY,Consumer Discretionary,Specialty Retail,RSI,RSI 維持強勢 (50-70),None,0.0,0.51,0.2865,0.2865,0.2995,178,10441,-0.0045,78.0,77.65,77.3,77.22,2026-07-06,3,False
HUBB,Industrials,Electrical Equipment & Parts,BB,BB 中軌向上（上升趨勢）,None,0.0,0.51,0.2863,0.2863,0.2929,227,17460,0.002,495.6,496.59,497.58,490.64,2026-07-06,3,False
ESI,Materials,Specialty Chemicals,RSI,RSI 維持強勢 (50-70),None,0.0,0.51,0.286,,0.286,0,5721,0.0013,45.74,45.8,45.86,45.28,2026-07-01,3,False
JHX,Materials,Building Materials,RSI,RSI 維持強勢 (50-70),None,0.0,0.51,0.286,,0.286,0,5721,0.0013,25.62,25.65,25.69,25.36,2026-07-06,3,False
RPM,Materials,Specialty Chemicals,RSI,RSI 維持強勢 (50-70),None,0.0,0.51,0.286,,0.286,0,5721,0.0013,110.33,110.47,110.62,109.23,2026-07-06,3,False
EXPD,Industrials,Integrated Freight & Logistics,RSI,RSI 動能加速（強勢區）,None,0.0,0.51,0.2857,0.2857,0.2891,35,3037,-0.0007,166.81,166.69,166.58,165.14,2026-07-01,3,False
CDNS,Information Technology,Software - Application,RSI,RSI 上穿 50 中性線,None,0.0,0.4675,0.2857,0.2857,0.3785,28,1593,0.0086,377.73,380.98,384.23,373.95,2026-07-01,3,False
CINF,Financials,Insurance - Property & Casualty,BB,價格在 BB 中軌上方,None,0.0,0.425,0.2857,0.2857,0.2847,315,21689,0.0021,189.59,189.99,190.39,187.69,2026-07-06,3,False
ARWR,Health Care,Biotechnology,KDJ,KDJ 金叉,None,0.0,0.5525,0.2852,,0.2852,0,1536,0.0022,83.99,84.17,84.36,83.15,2026-07-02,3,False
AXSM,Health Care,Biotechnology,KDJ,KDJ 金叉,None,0.0,0.5525,0.2852,,0.2852,0,1536,0.0022,244.31,244.85,245.38,241.87,2026-07-02,3,False
BTSGU,Health Care,Health Information Services,KDJ,KDJ 金叉,None,0.0,0.5525,0.2852,,0.2852,0,1536,0.0022,233.69,234.2,234.72,231.35,2026-07-06,3,False
CRSP,Health Care,Biotechnology,KDJ,KDJ 金叉,None,0.0,0.5525,0.2852,,0.2852,0,1536,0.0022,60.08,60.21,60.34,59.48,2026-07-02,3,False
IONS,Health Care,Biotechnology,KDJ,KDJ 金叉,None,0.0,0.5525,0.2852,,0.2852,0,1536,0.0022,81.8,81.98,82.16,80.98,2026-07-02,3,False
PEN,Health Care,Medical Devices,KDJ,KDJ 金叉,None,0.0,0.5525,0.2852,,0.2852,0,1536,0.0022,316.43,317.13,317.82,313.27,2026-07-01,3,False
IEX,Industrials,Specialty Industrial Machinery,BB,價格在 BB 中軌上方,None,0.0,0.425,0.2852,0.2852,0.295,277,22337,0.0019,224.46,224.89,225.31,222.22,2026-07-06,3,False
ALLY,Financials,Credit Services,BB,價格在 BB 中軌上方,None,0.0,0.425,0.2847,,0.2847,0,21689,0.0031,46.23,46.37,46.52,45.77,2026-07-06,3,False
BBDO,Financials,Banks - Regional,BB,價格在 BB 中軌上方,None,0.0,0.425,0.2847,,0.2847,0,21689,0.0031,2.97,2.98,2.99,2.94,2026-07-06,3,False
BK,Financials,Banks - Diversified,BB,價格在 BB 中軌上方,None,0.0,0.425,0.2847,,0.2847,0,21689,0.0031,143.56,144.01,144.45,142.12,2026-06-26,3,False
CM,Financials,Banks - Diversified,BB,價格在 BB 中軌上方,None,0.0,0.425,0.2847,,0.2847,0,21689,0.0031,115.36,115.72,116.08,114.21,2026-07-06,3,False
HDB,Financials,Banks - Regional,BB,價格在 BB 中軌上方,None,0.0,0.425,0.2847,,0.2847,0,21689,0.0031,25.77,25.85,25.93,25.51,2026-07-02,3,False
UMBF,Financials,Banks - Regional,BB,價格在 BB 中軌上方,None,0.0,0.425,0.2847,,0.2847,0,21689,0.0031,144.41,144.86,145.31,142.97,2026-07-06,3,False
WTFC,Financials,Banks - Regional,BB,價格在 BB 中軌上方,None,0.0,0.425,0.2847,,0.2847,0,21689,0.0031,162.79,163.29,163.8,161.16,2026-07-06,3,False
ZION,Financials,Banks - Regional,BB,價格在 BB 中軌上方,None,0.0,0.425,0.2847,,0.2847,0,21689,0.0031,70.6,70.82,71.04,69.89,2026-07-06,3,False
IDXX,Health Care,Diagnostics & Research,RSI,RSI 加速上升,None,0.0,0.5525,0.2846,0.2846,0.2803,123,8492,-0.0002,564.98,564.87,564.75,559.33,2026-07-06,3,False
BUD,Consumer Staples,Beverages - Brewers,BB,BB 中軌向上（上升趨勢）,None,0.0,0.51,0.2846,,0.2846,0,246,0.0004,80.25,80.28,80.31,79.45,2026-07-01,3,True
AAON,Industrials,Building Products & Equipment,BB,BB 跌破下軌 (超賣),None,0.0,0.45499999999999996,0.2838,,0.2838,0,1258,0.0043,109.35,109.82,110.29,108.26,2026-07-06,3,False
BLD,Industrials,Engineering & Construction,BB,BB 跌破下軌 (超賣),None,0.0,0.45499999999999996,0.2838,,0.2838,0,1258,0.0043,354.53,356.05,357.58,350.98,2026-07-01,3,False
NVT,Industrials,Electrical Equipment & Parts,BB,BB 跌破下軌 (超賣),None,0.0,0.45499999999999996,0.2838,,0.2838,0,1258,0.0043,152.15,152.8,153.46,150.63,2026-07-02,3,False
POWL,Industrials,Electrical Equipment & Parts,BB,BB 跌破下軌 (超賣),None,0.0,0.45499999999999996,0.2838,,0.2838,0,1258,0.0043,248.05,249.12,250.18,245.57,2026-07-06,3,False
STRL,Industrials,Engineering & Construction,BB,BB 跌破下軌 (超賣),None,0.0,0.45499999999999996,0.2838,,0.2838,0,1258,0.0043,717.11,720.19,723.28,709.94,2026-07-06,3,False
COF,Financials,Credit Services,BB,價格在 BB 中軌上方,None,0.0,0.425,0.2832,0.2832,0.2847,226,21689,-0.0004,206.5,206.42,206.33,204.44,2026-07-06,3,False
VMC,Materials,Building Materials,RSI,RSI 動能加速（強勢區）,None,0.0,0.51,0.283,0.283,0.2962,53,942,0.0058,303.19,304.95,306.71,300.16,2026-07-02,3,False
IFF,Materials,Specialty Chemicals,RSI,RSI 維持強勢 (50-70),None,0.0,0.51,0.2828,0.2828,0.286,244,5721,-0.0019,82.77,82.61,82.46,81.94,2026-07-06,3,False
O,Real Estate,REIT - Retail,RSI,RSI 動能加速（強勢區）,None,0.0,0.51,0.2826,0.2826,0.2452,46,1093,0.0085,63.84,64.38,64.93,63.2,2026-07-02,3,False
CMS,Utilities,Utilities - Regulated Electric,RSI,RSI 動能加速（強勢區）,None,0.0,0.51,0.2821,0.2821,0.2198,39,1556,0.0081,77.73,78.36,78.99,76.95,2026-07-02,3,False
AGNCL,Real Estate,REIT - Mortgage,KDJ,KDJ 金叉,None,0.0,0.5525,0.2818,,0.2818,0,550,0.0003,24.78,24.79,24.79,24.53,2026-07-01,3,False
AGNCN,Real Estate,REIT - Mortgage,KDJ,KDJ 金叉,None,0.0,0.5525,0.2818,,0.2818,0,550,0.0003,25.375,25.38,25.39,25.12,2026-07-02,3,False
AGNCO,Real Estate,REIT - Mortgage,KDJ,KDJ 金叉,None,0.0,0.5525,0.2818,,0.2818,0,550,0.0003,25.168,25.18,25.18,24.92,2026-07-02,3,False
AGNCP,Real Estate,REIT - Mortgage,KDJ,KDJ 金叉,None,0.0,0.5525,0.2818,,0.2818,0,550,0.0003,24.76,24.77,24.77,24.51,2026-07-02,3,False
AGNCZ,Real Estate,REIT - Mortgage,KDJ,KDJ 金叉,None,0.0,0.5525,0.2818,,0.2818,0,550,0.0003,25.16,25.17,25.18,24.91,2026-07-02,3,False
BPYPN,Real Estate,Real Estate Services,KDJ,KDJ 金叉,None,0.0,0.5525,0.2818,,0.2818,0,550,0.0003,13.64,13.64,13.65,13.5,2026-07-06,3,False
EGP,Real Estate,REIT - Industrial,KDJ,KDJ 金叉,None,0.0,0.5525,0.2818,,0.2818,0,550,0.0003,205.46,205.52,205.58,203.41,2026-07-01,3,False
NLY,Real Estate,REIT - Mortgage,KDJ,KDJ 金叉,None,0.0,0.5525,0.2818,,0.2818,0,550,0.0003,22.56,22.57,22.57,22.33,2026-07-02,3,False
ALLE,Industrials,Security & Protection Services,RSI,RSI 維持強勢 (50-70),None,0.0,0.51,0.2814,0.2814,0.2986,199,19157,0.0036,140.14,140.64,141.15,138.74,2026-07-06,3,False
STZ,Consumer Staples,Beverages - Brewers,BB,BB 跌破下軌 (超賣),None,0.0,0.45499999999999996,0.2812,0.2812,0.2667,32,705,0.0038,130.68,131.18,131.67,129.37,2026-07-06,3,False
DE,Industrials,Farm & Heavy Construction Machinery,BB,價格在 BB 中軌上方,None,0.0,0.425,0.2812,0.2812,0.295,224,22337,0.0017,635.24,636.32,637.4,628.89,2026-07-06,3,False
IR,Industrials,Specialty Industrial Machinery,BB,價格在 BB 中軌上方,None,0.0,0.425,0.281,0.281,0.295,242,22337,0.0013,80.63,80.73,80.84,79.82,2026-07-06,3,False
COO,Health Care,Medical Instruments & Supplies,RSI,RSI 加速上升,None,0.0,0.5525,0.2808,0.2808,0.2803,146,8492,-0.0015,74.2,74.09,73.98,73.46,2026-07-02,3,False
ARGX,Health Care,Biotechnology,BB,價格在 BB 中軌上方,None,0.0,0.425,0.2804,,0.2804,0,14417,0.0008,916.8,917.53,918.27,907.63,2026-07-06,3,False
ASND,Health Care,Biotechnology,BB,價格在 BB 中軌上方,None,0.0,0.425,0.2804,,0.2804,0,14417,0.0008,267.92,268.13,268.35,265.24,2026-07-06,3,False
AZN,Health Care,Drug Manufacturers - General,BB,價格在 BB 中軌上方,None,0.0,0.425,0.2804,,0.2804,0,14417,0.0008,190.16,190.31,190.46,188.26,2026-07-06,3,False
BBIO,Health Care,Biotechnology,BB,價格在 BB 中軌上方,None,0.0,0.425,0.2804,,0.2804,0,14417,0.0008,77.75,77.81,77.87,76.97,2026-07-06,3,False
BMRN,Health Care,Biotechnology,BB,價格在 BB 中軌上方,None,0.0,0.425,0.2804,,0.2804,0,14417,0.0008,58.79,58.84,58.88,58.2,2026-07-06,3,False
BRKRP,Health Care,Medical Devices,BB,價格在 BB 中軌上方,None,0.0,0.425,0.2804,,0.2804,0,14417,0.0008,453.48,453.84,454.21,448.95,2026-07-06,3,False
BTSG,Health Care,Health Information Services,BB,價格在 BB 中軌上方,None,0.0,0.425,0.2804,,0.2804,0,14417,0.0008,70.56,70.62,70.67,69.85,2026-07-06,3,False
CYTK,Health Care,Biotechnology,BB,價格在 BB 中軌上方,None,0.0,0.425,0.2804,,0.2804,0,14417,0.0008,85.57,85.64,85.71,84.71,2026-07-06,3,False
ELAN,Health Care,Drug Manufacturers - Specialty & Generic,BB,價格在 BB 中軌上方,None,0.0,0.425,0.2804,,0.2804,0,14417,0.0008,25.13,25.15,25.17,24.88,2026-07-06,3,False
EXEL,Health Care,Biotechnology,BB,價格在 BB 中軌上方,None,0.0,0.425,0.2804,,0.2804,0,14417,0.0008,55.53,55.57,55.62,54.97,2026-07-06,3,False
GH,Health Care,Diagnostics & Research,BB,價格在 BB 中軌上方,None,0.0,0.425,0.2804,,0.2804,0,14417,0.0008,168.82,168.96,169.09,167.13,2026-07-06,3,False
GMAB,Health Care,Biotechnology,BB,價格在 BB 中軌上方,None,0.0,0.425,0.2804,,0.2804,0,14417,0.0008,28.01,28.03,28.05,27.73,2026-07-06,3,False
GMED,Health Care,Medical Devices,BB,價格在 BB 中軌上方,None,0.0,0.425,0.2804,,0.2804,0,14417,0.0008,80.5,80.56,80.63,79.69,2026-07-06,3,False
HLN,Health Care,Drug Manufacturers - Specialty & Generic,BB,價格在 BB 中軌上方,None,0.0,0.425,0.2804,,0.2804,0,14417,0.0008,9.72,9.73,9.74,9.62,2026-07-06,3,False
ICLR,Health Care,Diagnostics & Research,BB,價格在 BB 中軌上方,None,0.0,0.425,0.2804,,0.2804,0,14417,0.0008,170.94,171.08,171.21,169.23,2026-07-06,3,False
ILMN,Health Care,Diagnostics & Research,BB,價格在 BB 中軌上方,None,0.0,0.425,0.2804,,0.2804,0,14417,0.0008,194.33,194.49,194.64,192.39,2026-07-06,3,False
INSM,Health Care,Biotechnology,BB,價格在 BB 中軌上方,None,0.0,0.425,0.2804,,0.2804,0,14417,0.0008,111.54,111.63,111.72,110.42,2026-07-06,3,False
JAZZ,Health Care,Biotechnology,BB,價格在 BB 中軌上方,None,0.0,0.425,0.2804,,0.2804,0,14417,0.0008,244.17,244.37,244.56,241.73,2026-07-06,3,False
KRYS,Health Care,Biotechnology,BB,價格在 BB 中軌上方,None,0.0,0.425,0.2804,,0.2804,0,14417,0.0008,374.68,374.98,375.28,370.93,2026-07-06,3,False
MDGL,Health Care,Biotechnology,BB,價格在 BB 中軌上方,None,0.0,0.425,0.2804,,0.2804,0,14417,0.0008,529.48,529.9,530.33,524.19,2026-07-06,3,False
MDLN,Health Care,Medical Instruments & Supplies,BB,價格在 BB 中軌上方,None,0.0,0.425,0.2804,,0.2804,0,14417,0.0008,42.75,42.78,42.82,42.32,2026-07-06,3,False
MEDP,Health Care,Diagnostics & Research,BB,價格在 BB 中軌上方,None,0.0,0.425,0.2804,,0.2804,0,14417,0.0008,565.09,565.54,565.99,559.44,2026-07-06,3,False
MOH,Health Care,Healthcare Plans,BB,價格在 BB 中軌上方,None,0.0,0.425,0.2804,,0.2804,0,14417,0.0008,227.7,227.88,228.06,225.42,2026-07-06,3,False
NBIX,Health Care,Drug Manufacturers - Specialty & Generic,BB,價格在 BB 中軌上方,None,0.0,0.425,0.2804,,0.2804,0,14417,0.0008,174.1,174.24,174.38,172.36,2026-07-06,3,False
NTRA,Health Care,Diagnostics & Research,BB,價格在 BB 中軌上方,None,0.0,0.425,0.2804,,0.2804,0,14417,0.0008,283.8,284.03,284.25,280.96,2026-07-06,3,False
NVO,Health Care,Drug Manufacturers - General,BB,價格在 BB 中軌上方,None,0.0,0.425,0.2804,,0.2804,0,14417,0.0008,49.26,49.3,49.34,48.77,2026-07-06,3,False
NVS,Health Care,Drug Manufacturers - General,BB,價格在 BB 中軌上方,None,0.0,0.425,0.2804,,0.2804,0,14417,0.0008,155.49,155.61,155.74,153.94,2026-07-06,3,False
PHG,Health Care,Medical Devices,BB,價格在 BB 中軌上方,None,0.0,0.425,0.2804,,0.2804,0,14417,0.0008,27.74,27.76,27.78,27.46,2026-07-02,3,False
RDY,Health Care,Drug Manufacturers - Specialty & Generic,BB,價格在 BB 中軌上方,None,0.0,0.425,0.2804,,0.2804,0,14417,0.0008,14.36,14.37,14.38,14.22,2026-07-06,3,False
ROIV,Health Care,Biotechnology,BB,價格在 BB 中軌上方,None,0.0,0.425,0.2804,,0.2804,0,14417,0.0008,35.39,35.42,35.45,35.04,2026-07-06,3,False
RPRX,Health Care,Biotechnology,BB,價格在 BB 中軌上方,None,0.0,0.425,0.2804,,0.2804,0,14417,0.0008,56.92,56.97,57.01,56.35,2026-07-06,3,False
RVMD,Health Care,Biotechnology,BB,價格在 BB 中軌上方,None,0.0,0.425,0.2804,,0.2804,0,14417,0.0008,189.99,190.14,190.29,188.09,2026-07-06,3,False
TEM,Health Care,Health Information Services,BB,價格在 BB 中軌上方,None,0.0,0.425,0.2804,,0.2804,0,14417,0.0008,60.7,60.75,60.8,60.09,2026-07-06,3,False
THC,Health Care,Medical Care Facilities,BB,價格在 BB 中軌上方,None,0.0,0.425,0.2804,,0.2804,0,14417,0.0008,206.19,206.35,206.52,204.13,2026-07-06,3,False
BDRX,Health Care,Biotechnology,RSI,RSI 加速上升,None,0.0,0.5525,0.2803,,0.2803,0,8492,-0.0001,2.94,2.94,2.94,2.91,2026-07-02,3,False
MTD,Health Care,Diagnostics & Research,BB,價格在 BB 中軌上方,None,0.0,0.425,0.2802,0.2802,0.2804,207,14417,0.0022,1295.5601,1298.41,1301.26,1282.6,2026-07-06,3,False
CMCSA,Communication Services,Telecom Services,RSI,RSI 上穿 50 中性線,None,0.0,0.4675,0.28,0.28,0.3243,25,518,-0.0041,23.79,23.69,23.59,23.55,2026-07-02,3,False
JCI,Industrials,Building Products & Equipment,RSI,RSI 加速上升,None,0.0,0.5525,0.2785,0.2785,0.2981,158,11545,0.0047,142.72,143.39,144.06,141.29,2026-07-06,3,False
DUKB,Unknown,Unknown,RSI,RSI 加速上升,None,0.0,0.5525,0.2784,,0.2784,0,3247,-0.0003,23.4,23.39,23.39,23.17,2026-07-06,3,False
SOJD,Unknown,Unknown,RSI,RSI 加速上升,None,0.0,0.5525,0.2784,,0.2784,0,3247,-0.0003,19.37,19.36,19.36,19.18,2026-07-06,3,False
PH,Industrials,Specialty Industrial Machinery,RSI,RSI 維持強勢 (50-70),None,0.0,0.51,0.2781,0.2781,0.2986,302,19157,0.0029,971.36,974.18,976.99,961.65,2026-07-06,3,False
CPT,Real Estate,REIT - Residential,BB,價格在 BB 中軌上方,None,0.0,0.425,0.2771,0.2771,0.248,249,8032,0.0026,116.95,117.25,117.56,115.78,2026-07-06,3,False
PSA,Real Estate,REIT - Industrial,RSI,RSI 動能加速（強勢區）,None,0.0,0.51,0.2759,0.2759,0.2452,29,1093,-0.0005,329.64,329.48,329.31,326.34,2026-07-02,3,False
SCHW,Financials,Capital Markets,RSI,RSI 維持強勢 (50-70),None,0.0,0.51,0.2757,0.2757,0.2842,272,19108,0.0013,97.0,97.13,97.25,96.03,2026-07-02,3,False
IQV,Health Care,Diagnostics & Research,BB,BB 中軌向上（上升趨勢）,None,0.0,0.51,0.2743,0.2743,0.2705,175,10885,-0.0054,205.97,204.86,203.75,203.91,2026-07-06,3,False
MA,Financials,Credit Services,RSI,RSI 加速上升,None,0.0,0.5525,0.2733,0.2733,0.3014,161,11488,0.0011,533.1,533.69,534.27,527.77,2026-07-06,3,False
EBAY,Consumer Discretionary,Internet Retail,BB,價格在 BB 中軌上方,None,0.0,0.425,0.273,0.273,0.2984,304,12430,-0.0004,113.67,113.62,113.58,112.53,2026-07-06,3,False
KDP,Consumer Staples,Beverages - Non-Alcoholic,RSI,RSI 加速上升,None,0.0,0.5525,0.2727,0.2727,0.2439,154,5343,0.0044,33.37,33.52,33.66,33.04,2026-07-01,3,False
OTIS,Industrials,Specialty Industrial Machinery,RSI,RSI 上穿 50 中性線,None,0.0,0.4675,0.2727,0.2727,0.304,33,1816,-0.0059,73.14,72.71,72.28,72.41,2026-07-02,3,False
ADM,Consumer Staples,Farm Products,RSI,RSI 加速上升,None,0.0,0.5525,0.2706,0.2706,0.2439,170,5343,-0.0034,77.93,77.67,77.4,77.15,2026-07-06,3,False
GNRC,Industrials,Specialty Industrial Machinery,BB,BB 中軌向上（上升趨勢）,None,0.0,0.51,0.2706,0.2706,0.2929,218,17460,-0.0139,270.22,266.46,262.71,267.52,2026-07-01,3,False
TMUS,Communication Services,Telecom Services,BB,價格在 BB 中軌上方,None,0.0,0.425,0.2706,0.2706,0.3007,255,6080,0.0038,181.79,182.48,183.17,179.97,2026-07-06,3,False
EQR,Real Estate,REIT - Residential,RSI,RSI 動能加速（強勢區）,None,0.0,0.51,0.2703,0.2703,0.2452,37,1093,-0.0001,69.83,69.82,69.82,69.13,2026-07-02,3,False
DUK,Utilities,Utilities - Regulated Electric,KDJ,KDJ 金叉,None,0.0,0.5525,0.2692,0.2692,0.3001,26,713,0.0071,129.6,130.52,131.44,128.3,2026-07-02,3,False
SYY,Consumer Staples,Food Distribution,BB,BB 中軌向上（上升趨勢）,None,0.0,0.51,0.269,0.269,0.2466,171,6128,0.0069,84.23,84.81,85.39,83.39,2026-07-06,3,False
BRO,Financials,Insurance Brokers,RSI,RSI 維持強勢 (50-70),None,0.0,0.51,0.2686,0.2686,0.2842,242,19108,0.0031,68.43,68.64,68.85,67.75,2026-07-06,3,False
DHI,Consumer Discretionary,Residential Construction,BB,價格在 BB 中軌上方,None,0.0,0.425,0.2685,0.2685,0.2984,216,12430,-0.0027,156.88,156.46,156.03,155.31,2026-07-06,3,False
GL,Financials,Insurance - Life,BB,BB 中軌向上（上升趨勢）,None,0.0,0.51,0.2682,0.2682,0.2681,261,16575,0.0014,176.98,177.23,177.48,175.21,2026-07-06,3,False
SNEX,Financials,Capital Markets,BB,BB 中軌向上（上升趨勢）,None,0.0,0.51,0.2681,,0.2681,0,16575,0.0026,122.28,122.6,122.92,121.06,2026-07-06,3,False
UPS,Industrials,Integrated Freight & Logistics,MACD,MACD 金叉 (多頭區),None,0.0,0.68,0.2674,,0.2674,0,531,0.0004,110.66,110.7,110.75,109.55,2026-07-02,3,False
KIM,Real Estate,REIT - Retail,BB,BB 中軌向上（上升趨勢）,None,0.0,0.51,0.2674,0.2674,0.2647,187,5713,0.0031,25.05,25.13,25.21,24.8,2026-07-06,3,False
KMI,Energy,Oil & Gas Midstream,BB,價格在 BB 中軌上方,None,0.0,0.425,0.2673,0.2673,0.2998,333,5768,0.0033,32.06,32.17,32.27,31.74,2026-07-02,3,False
ORLY,Consumer Discretionary,Auto Parts,RSI,RSI 加速上升,None,0.0,0.5525,0.2672,0.2672,0.3117,131,6796,0.0011,90.25,90.35,90.45,89.35,2026-07-02,3,False
GD,Industrials,Aerospace & Defense,MACD,MACD 金叉 (多頭區),None,0.0,0.68,0.2667,0.2667,0.2674,15,531,0.0021,361.27,362.03,362.79,357.66,2026-07-01,3,False
CNP,Utilities,Utilities - Regulated Electric,BB,BB 中軌向上（上升趨勢）,None,0.0,0.51,0.2667,0.2667,0.249,240,7232,0.0049,44.0,44.22,44.43,43.56,2026-07-06,3,False
MSFT,Information Technology,Software - Infrastructure,RSI,RSI 加速上升,None,0.0,0.5525,0.2658,0.2658,0.3693,158,10688,0.0012,386.74,387.2,387.67,382.87,2026-07-06,3,False
AGNC,Real Estate,REIT - Mortgage,BB,BB 中軌向上（上升趨勢）,None,0.0,0.51,0.2647,,0.2647,0,5713,0.0025,11.0,11.03,11.05,10.89,2026-07-02,3,False
AMH,Real Estate,REIT - Residential,BB,BB 中軌向上（上升趨勢）,None,0.0,0.51,0.2647,,0.2647,0,5713,0.0025,33.76,33.84,33.93,33.42,2026-07-06,3,False
ELS,Real Estate,REIT - Residential,BB,BB 中軌向上（上升趨勢）,None,0.0,0.51,0.2647,,0.2647,0,5713,0.0025,64.98,65.14,65.3,64.33,2026-07-06,3,False
JLL,Real Estate,Real Estate Services,BB,BB 中軌向上（上升趨勢）,None,0.0,0.51,0.2647,,0.2647,0,5713,0.0025,327.46,328.28,329.1,324.19,2026-07-02,3,False
LAMR,Real Estate,REIT - Specialty,BB,BB 中軌向上（上升趨勢）,None,0.0,0.51,0.2647,,0.2647,0,5713,0.0025,157.56,157.95,158.35,155.98,2026-07-02,3,False
OHI,Real Estate,REIT - Healthcare Facilities,BB,BB 中軌向上（上升趨勢）,None,0.0,0.51,0.2647,,0.2647,0,5713,0.0025,49.02,49.14,49.27,48.53,2026-07-06,3,False
SJM,Consumer Staples,Packaged Foods,BB,BB 中軌向上（上升趨勢）,None,0.0,0.51,0.2645,0.2645,0.2466,121,6128,0.006,111.66,112.33,113.0,110.54,2026-07-06,3,False
JNJ,Health Care,Drug Manufacturers - General,RSI,RSI 加速上升,None,0.0,0.5525,0.2638,0.2638,0.2803,163,8492,0.0063,263.04,264.7,266.35,260.41,2026-07-02,3,False
PEG,Utilities,Utilities - Regulated Electric,BB,BB 中軌向上（上升趨勢）,None,0.0,0.51,0.2616,0.2616,0.249,172,7232,0.0033,80.79,81.06,81.32,79.98,2026-07-06,3,False
NSC,Industrials,Railroads,BB,價格在 BB 中軌上方,None,0.0,0.425,0.2612,0.2612,0.295,245,22337,0.0038,321.9,323.12,324.35,318.68,2026-07-06,3,False
ESS,Real Estate,REIT - Residential,BB,BB 中軌向上（上升趨勢）,None,0.0,0.51,0.2604,0.2604,0.2647,169,5713,0.0022,298.33,298.99,299.64,295.35,2026-07-02,3,False
VRSN,Information Technology,Software - Infrastructure,RSI,RSI 加速上升,None,0.0,0.5525,0.2599,0.2599,0.3693,177,10688,0.0006,259.13,259.29,259.44,256.54,2026-07-06,3,False
DGX,Health Care,Diagnostics & Research,RSI,RSI 加速上升,None,0.0,0.5525,0.259,0.259,0.2803,139,8492,0.0023,215.72,216.22,216.71,213.56,2026-07-02,3,False
SRE,Utilities,Utilities - Diversified,RSI,RSI 上穿 50 中性線,None,0.0,0.4675,0.2581,0.2581,0.2521,31,932,-0.0023,93.06,92.85,92.63,92.13,2026-07-02,3,False
CL,Consumer Staples,Household & Personal Products,RSI,RSI 動能加速（強勢區）,None,0.0,0.51,0.2571,0.2571,0.2456,35,1148,0.0031,95.13,95.42,95.72,94.18,2026-07-02,3,False
V,Financials,Credit Services,BB,BB 中軌向上（上升趨勢）,None,0.0,0.51,0.2571,0.2571,0.2681,210,16575,0.0013,357.25,357.71,358.18,353.68,2026-07-06,3,False
SBS,Utilities,Utilities - Regulated Water,RSI,RSI 加速上升,None,0.0,0.5525,0.2565,,0.2565,0,4905,0.0041,5.75,5.77,5.8,5.69,2026-07-01,3,False
SOMN,Utilities,Utilities - Regulated Electric,RSI,RSI 加速上升,None,0.0,0.5525,0.2565,,0.2565,0,4905,0.0041,50.67,50.88,51.09,50.16,2026-07-02,3,False
WTRG,Utilities,Utilities - Regulated Water,RSI,RSI 加速上升,None,0.0,0.5525,0.2565,,0.2565,0,4905,0.0041,39.38,39.54,39.7,38.99,2026-07-02,3,False
BJ,Consumer Staples,Discount Stores,RSI,RSI 上穿 50 中性線,None,0.0,0.4675,0.2565,,0.2565,0,928,0.0005,89.18,89.22,89.27,88.29,2026-07-02,3,False
BTI,Consumer Staples,Tobacco,RSI,RSI 上穿 50 中性線,None,0.0,0.4675,0.2565,,0.2565,0,928,0.0005,61.77,61.8,61.83,61.15,2026-07-02,3,False
DEO,Consumer Staples,Beverages - Wineries & Distilleries,RSI,RSI 上穿 50 中性線,None,0.0,0.4675,0.2565,,0.2565,0,928,0.0005,82.16,82.2,82.24,81.34,2026-07-02,3,False
EDU,Consumer Staples,Education & Training Services,RSI,RSI 上穿 50 中性線,None,0.0,0.4675,0.2565,,0.2565,0,928,0.0005,47.7,47.72,47.75,47.22,2026-07-01,3,False
EXC,Utilities,Utilities - Regulated Electric,BB,價格在 BB 中軌上方,None,0.0,0.425,0.2561,0.2561,0.246,285,9864,0.0047,47.05,47.27,47.49,46.58,2026-07-06,3,False
MICC,Consumer Staples,Packaged Foods,MACD,MACD 金叉 (多頭區),None,0.0,0.68,0.2554,,0.2554,0,184,-0.0001,18.72,18.72,18.72,18.53,2026-07-02,3,False
HIG,Financials,Insurance - Diversified,BB,BB 中軌向上（上升趨勢）,Consolidation Breakout,0.76,1.0,0.2553,0.2553,0.2496,47,1951,0.0036,137.64,138.14,138.63,136.26,2026-07-06,3,False
HON,Industrials,Conglomerates,BB,BB 中軌向上（上升趨勢）,None,0.0,0.51,0.2552,0.2552,0.2929,192,17460,-0.0004,221.75,221.66,221.57,219.53,2026-07-01,3,False
BF.B,Consumer Staples,Beverages,BB,價格在 BB 中軌上方,None,0.0,0.425,0.2531,0.2531,0.2432,245,8891,0.0014,26.65,26.69,26.72,26.38,2026-06-30,3,False
EA,Communication Services,Electronic Gaming & Multimedia,RSI,RSI 維持強勢 (50-70),None,0.0,0.51,0.2526,0.2526,0.3082,194,5205,0.0029,205.21,205.81,206.4,203.16,2026-07-02,3,False
EMA,Utilities,Utilities - Regulated Electric,RSI,RSI 上穿 50 中性線,None,0.0,0.4675,0.2521,,0.2521,0,932,0.0052,53.47,53.75,54.03,52.94,2026-07-02,3,False
NGG,Utilities,Utilities - Regulated Electric,RSI,RSI 上穿 50 中性線,None,0.0,0.4675,0.2521,,0.2521,0,932,0.0052,82.85,83.28,83.71,82.02,2026-07-02,3,False
OGE,Utilities,Utilities - Regulated Electric,RSI,RSI 上穿 50 中性線,None,0.0,0.4675,0.2521,,0.2521,0,932,0.0052,49.015,49.27,49.52,48.52,2026-07-02,3,False
PPLC,Utilities,Utilities - Regulated Electric,RSI,RSI 上穿 50 中性線,None,0.0,0.4675,0.2521,,0.2521,0,932,0.0052,49.22,49.48,49.73,48.73,2026-07-02,3,False
EW,Health Care,Medical Devices,RSI,RSI 加速上升,None,0.0,0.5525,0.252,0.252,0.2803,127,8492,0.002,94.37,94.56,94.75,93.43,2026-07-02,3,False
DTE,Utilities,Utilities - Regulated Electric,RSI,RSI 維持強勢 (50-70),None,0.0,0.51,0.252,0.252,0.2471,250,8831,0.0035,151.36,151.89,152.42,149.85,2026-07-06,3,False
BPYPP,Real Estate,Real Estate Services,RSI,RSI 維持強勢 (50-70),None,0.0,0.51,0.2509,,0.2509,0,7011,0.0007,15.56,15.57,15.58,15.4,2026-07-01,3,False
LINE,Real Estate,REIT - Industrial,RSI,RSI 維持強勢 (50-70),None,0.0,0.51,0.2509,,0.2509,0,7011,0.0007,43.49,43.52,43.55,43.06,2026-07-06,3,False
SUI,Real Estate,REIT - Residential,RSI,RSI 維持強勢 (50-70),None,0.0,0.51,0.2509,,0.2509,0,7011,0.0007,123.63,123.72,123.8,122.39,2026-07-02,3,False
JBS,Consumer Staples,Packaged Foods,KDJ,KDJ 金叉,None,0.0,0.5525,0.2503,,0.2503,0,779,-0.0014,12.26,12.24,12.23,12.14,2026-07-02,3,False
HD,Consumer Discretionary,Home Improvement Retail,RSI,RSI 加速上升,None,0.0,0.5525,0.25,0.25,0.3117,128,6796,0.0029,357.9,358.94,359.98,354.32,2026-07-02,3,False
XYL,Industrials,Specialty Industrial Machinery,RSI,RSI 加速上升,None,0.0,0.5525,0.25,0.25,0.2981,152,11545,0.0014,117.27,117.43,117.6,116.1,2026-07-01,3,False
FE,Utilities,Utilities - Regulated Electric,RSI,RSI 動能加速（強勢區）,None,0.0,0.51,0.25,0.25,0.2198,52,1556,0.0012,48.53,48.59,48.65,48.04,2026-07-02,3,False
KO,Consumer Staples,Beverages - Non-Alcoholic,RSI,RSI 動能加速（強勢區）,None,0.0,0.51,0.25,0.25,0.2456,36,1148,0.0023,84.14,84.33,84.53,83.3,2026-07-02,3,False
MRK,Health Care,Drug Manufacturers - General,RSI,RSI 動能加速（強勢區）,None,0.0,0.51,0.25,0.25,0.2606,36,1869,-0.0015,129.56,129.37,129.17,128.26,2026-07-02,3,False
AXIA,Utilities,Utilities - Renewable,BB,BB 中軌向上（上升趨勢）,None,0.0,0.51,0.249,,0.249,0,7232,0.0028,10.43,10.46,10.49,10.33,2026-07-06,3,False
TLN,Utilities,Utilities - Independent Power Producers,BB,BB 中軌向上（上升趨勢）,None,0.0,0.51,0.249,,0.249,0,7232,0.0028,360.79,361.8,362.81,357.18,2026-07-01,3,False
OKE,Energy,Oil & Gas Midstream,BB,BB 中軌向上（上升趨勢）,None,0.0,0.51,0.2477,0.2477,0.2962,214,4484,-0.0066,87.83,87.25,86.67,86.95,2026-07-02,3,False
MKC,Consumer Staples,Packaged Foods,RSI,RSI 加速上升,None,0.0,0.5525,0.2471,0.2471,0.2439,170,5343,-0.0015,52.97,52.89,52.81,52.44,2026-07-02,3,False
FAST,Industrials,Industrial Distribution,RSI,RSI 加速上升,None,0.0,0.5525,0.2466,0.2466,0.2981,146,11545,-0.001,48.6,48.55,48.5,48.11,2026-07-02,3,False
CCEP,Consumer Staples,Beverages - Non-Alcoholic,BB,BB 中軌向上（上升趨勢）,None,0.0,0.51,0.2466,,0.2466,0,6128,-0.0003,106.97,106.94,106.91,105.9,2026-07-06,3,False
COKE,Consumer Staples,Beverages - Non-Alcoholic,BB,BB 中軌向上（上升趨勢）,None,0.0,0.51,0.2466,,0.2466,0,6128,-0.0003,187.88,187.82,187.77,186.0,2026-07-06,3,False
CPB,Consumer Staples,Packaged Foods,BB,BB 中軌向上（上升趨勢）,None,0.0,0.51,0.2466,,0.2466,0,6128,-0.0003,22.66,22.65,22.65,22.43,2026-07-06,3,False
FMX,Consumer Staples,Beverages - Brewers,BB,BB 中軌向上（上升趨勢）,None,0.0,0.51,0.2466,,0.2466,0,6128,-0.0003,130.25,130.21,130.17,128.95,2026-07-06,3,False
PFGC,Consumer Staples,Food Distribution,BB,BB 中軌向上（上升趨勢）,None,0.0,0.51,0.2466,,0.2466,0,6128,-0.0003,113.09,113.06,113.02,111.96,2026-07-02,3,False
UL,Consumer Staples,Household & Personal Products,BB,BB 中軌向上（上升趨勢）,None,0.0,0.51,0.2466,,0.2466,0,6128,-0.0003,61.58,61.56,61.54,60.96,2026-07-06,3,False
USFD,Consumer Staples,Food Distribution,BB,BB 中軌向上（上升趨勢）,None,0.0,0.51,0.2466,,0.2466,0,6128,-0.0003,102.86,102.83,102.8,101.83,2026-07-06,3,False
DRI,Consumer Discretionary,Restaurants,BB,BB 中軌向上（上升趨勢）,None,0.0,0.51,0.2459,0.2459,0.2908,183,9757,-0.0023,203.22,202.75,202.29,201.19,2026-07-06,3,False
TSN,Consumer Staples,Farm Products,BB,價格在 BB 中軌上方,None,0.0,0.425,0.245,0.245,0.2432,249,8891,-0.0007,58.75,58.71,58.67,58.16,2026-07-06,3,False
AIZ,Financials,Insurance - Property & Casualty,BB,價格在 BB 中軌上方,None,0.0,0.425,0.2434,0.2434,0.2847,304,21689,0.0013,279.28,279.64,280.01,276.49,2026-07-06,3,False
SAIA,Industrials,Trucking,KDJ,KDJ 超賣區金叉,None,0.0,0.5599999999999999,0.2433,,0.2433,0,563,0.0001,417.89,417.93,417.97,413.71,2026-07-06,3,False
TFII,Industrials,Trucking,KDJ,KDJ 超賣區金叉,None,0.0,0.5599999999999999,0.2433,,0.2433,0,563,0.0001,140.87,140.88,140.9,139.46,2026-07-06,3,False
MPWR,Information Technology,Semiconductors,KDJ,KDJ 金叉,None,0.0,0.5525,0.2432,0.2432,0.3918,37,1955,-0.0086,1346.13,1334.55,1322.98,1332.67,2026-07-06,3,False
LIN,Materials,Specialty Chemicals,BB,BB 中軌向上（上升趨勢）,None,0.0,0.51,0.2419,0.2419,0.2853,186,5036,0.0042,540.52,542.79,545.06,535.11,2026-07-06,3,False
AVB,Real Estate,REIT - Residential,BB,BB 中軌向上（上升趨勢）,None,0.0,0.51,0.2418,0.2418,0.2647,182,5713,0.0027,193.96,194.48,195.01,192.02,2026-07-02,3,False
VLTO,Industrials,Pollution & Treatment Controls,RSI,RSI 動能加速（強勢區）,None,0.0,0.51,0.2414,0.2414,0.2891,29,3037,0.0091,92.55,93.39,94.23,91.62,2026-07-02,3,False
FRT,Real Estate,REIT - Retail,BB,BB 中軌向上（上升趨勢）,None,0.0,0.51,0.241,0.241,0.2647,195,5713,0.0011,121.69,121.82,121.96,120.47,2026-07-02,3,False
ABT,Health Care,Medical Devices,KDJ,KDJ 金叉,None,0.0,0.5525,0.24,0.24,0.2852,25,1536,-0.0037,92.18,91.84,91.5,91.26,2026-07-01,3,False
ACN,Information Technology,Information Technology Services,RSI,RSI 加速上升,None,0.0,0.5525,0.24,0.24,0.3693,150,10688,-0.0042,136.96,136.38,135.81,135.59,2026-07-06,3,False
LH,Health Care,Diagnostics & Research,BB,價格在 BB 中軌上方,None,0.0,0.425,0.2387,0.2387,0.2804,222,14417,0.0,284.39,284.39,284.39,281.55,2026-07-06,3,False
NDSN,Industrials,Specialty Industrial Machinery,RSI,RSI 上穿 50 中性線,None,0.0,0.4675,0.2381,0.2381,0.304,21,1816,0.0063,293.66,295.51,297.36,290.72,2026-07-06,3,False
MAA,Real Estate,REIT - Residential,RSI,RSI 維持強勢 (50-70),None,0.0,0.51,0.237,0.237,0.2509,211,7011,0.0016,140.77,141.0,141.22,139.36,2026-07-06,3,False
ICE,Financials,Financial Data & Stock Exchanges,BB,價格在 BB 中軌上方,None,0.0,0.425,0.2353,0.2353,0.2847,306,21689,0.0043,134.91,135.49,136.07,133.56,2026-07-06,3,False
WEC,Utilities,Utilities - Regulated Electric,BB,價格在 BB 中軌上方,None,0.0,0.425,0.2348,0.2348,0.246,264,9864,0.0012,116.63,116.77,116.91,115.46,2026-07-06,3,False
SATS,Communication Services,Telecom Services,KDJ,KDJ 超賣區金叉,None,0.0,0.5599999999999999,0.2339,,0.2339,0,171,-0.0015,100.92,100.77,100.62,99.91,2026-07-01,3,False
SKM,Communication Services,Telecom Services,KDJ,KDJ 超賣區金叉,None,0.0,0.5599999999999999,0.2339,,0.2339,0,171,-0.0015,31.88,31.83,31.78,31.56,2026-07-01,3,False
TLK,Communication Services,Telecom Services,KDJ,KDJ 超賣區金叉,None,0.0,0.5599999999999999,0.2339,,0.2339,0,171,-0.0015,13.73,13.71,13.69,13.59,2026-07-01,3,False
SOLS,Materials,Specialty Chemicals,BB,BB 跌破下軌 (超賣),None,0.0,0.45499999999999996,0.2333,,0.2333,0,403,0.0008,68.05,68.1,68.16,67.37,2026-07-06,3,False
BEKE,Real Estate,Real Estate Services,RSI,RSI 加速上升,None,0.0,0.5525,0.2327,,0.2327,0,4401,-0.0006,15.02,15.01,15.0,14.87,2026-07-06,3,False
WM,Industrials,Waste Management,RSI,RSI 維持強勢 (50-70),None,0.0,0.51,0.2321,0.2321,0.2986,224,19157,0.0008,228.98,229.16,229.35,226.69,2026-07-06,3,False
CTVA,Materials,Agricultural Inputs,BB,價格在 BB 中軌上方,None,0.0,0.425,0.2311,0.2311,0.2859,238,6697,-0.0041,85.8,85.45,85.1,84.94,2026-07-02,3,False
SYK,Health Care,Medical Devices,KDJ,KDJ 金叉,None,0.0,0.5525,0.2308,0.2308,0.2852,26,1536,-0.0004,324.73,324.6,324.47,321.48,2026-07-06,3,False
AME,Industrials,Specialty Industrial Machinery,BB,BB 中軌向上（上升趨勢）,None,0.0,0.51,0.2308,0.2308,0.2929,234,17460,0.0045,237.14,238.21,239.27,234.77,2026-07-06,3,False
ED,Utilities,Utilities - Regulated Electric,BB,BB 中軌向上（上升趨勢）,None,0.0,0.51,0.2308,0.2308,0.249,182,7232,0.002,111.94,112.16,112.39,110.82,2026-07-06,3,False
NI,Utilities,Utilities - Regulated Gas,RSI,RSI 上穿 50 中性線,None,0.0,0.4675,0.2308,0.2308,0.2521,39,932,0.0063,47.82,48.12,48.42,47.34,2026-07-02,3,False
ROP,Information Technology,Software - Application,RSI,RSI 加速上升,None,0.0,0.5525,0.2297,0.2297,0.3693,148,10688,-0.0037,364.25,362.9,361.55,360.61,2026-07-06,3,False
TRV,Financials,Insurance - Property & Casualty,RSI,RSI 加速上升,None,0.0,0.5525,0.2297,0.2297,0.3014,148,11488,0.0016,342.31,342.86,343.41,338.89,2026-07-02,3,False
DOV,Industrials,Specialty Industrial Machinery,BB,BB 中軌向上（上升趨勢）,None,0.0,0.51,0.2295,0.2295,0.2929,244,17460,-0.0002,214.74,214.7,214.65,212.59,2026-07-06,3,False
INVH,Real Estate,REIT - Residential,BB,BB 中軌向上（上升趨勢）,None,0.0,0.51,0.2295,0.2295,0.2647,122,5713,0.0013,30.02,30.06,30.1,29.72,2026-07-06,3,False
NVR,Consumer Discretionary,Residential Construction,BB,BB 中軌向上（上升趨勢）,None,0.0,0.51,0.227,0.227,0.2908,163,9757,0.0006,6693.6602,6697.68,6701.69,6626.72,2026-07-06,3,False
EVRG,Utilities,Utilities - Regulated Electric,BB,價格在 BB 中軌上方,None,0.0,0.425,0.227,0.227,0.246,326,9864,0.0026,86.27,86.49,86.72,85.41,2026-07-06,3,False
DHR,Health Care,Diagnostics & Research,BB,價格在 BB 中軌上方,None,0.0,0.425,0.2267,0.2267,0.2804,247,14417,-0.002,193.62,193.23,192.85,191.68,2026-07-06,3,False
CLX,Consumer Staples,Household & Personal Products,BB,價格在 BB 中軌上方,None,0.0,0.425,0.2245,0.2245,0.2432,196,8891,-0.0034,97.25,96.92,96.59,96.28,2026-07-06,3,False
CB,Financials,Insurance - Property & Casualty,RSI,RSI 加速上升,None,0.0,0.5525,0.2183,0.2183,0.3014,142,11488,0.004,361.17,362.61,364.06,357.56,2026-07-02,3,False
VRSK,Industrials,Consulting Services,RSI,RSI 加速上升,None,0.0,0.5525,0.2179,0.2179,0.2981,156,11545,-0.0014,188.35,188.09,187.82,186.47,2026-07-02,3,False
AFL,Financials,Insurance - Life,BB,價格在 BB 中軌上方,None,0.0,0.425,0.2149,0.2149,0.2847,363,21689,0.0016,120.47,120.66,120.86,119.27,2026-07-06,3,False
SBUX,Consumer Discretionary,Restaurants,RSI,RSI 動能加速（強勢區）,None,0.0,0.51,0.2143,0.2143,0.3027,28,1665,-0.0021,103.39,103.17,102.96,102.36,2026-07-01,3,False
MRSH,Financials,Insurance Brokers,RSI,RSI 動能加速（強勢區）,None,0.0,0.51,0.2128,0.2128,0.279,47,3129,0.0004,178.54,178.61,178.68,176.75,2026-07-02,3,False
L,Financials,Insurance - Property & Casualty,RSI,RSI 加速上升,None,0.0,0.5525,0.2105,0.2105,0.3014,152,11488,0.0029,116.52,116.86,117.2,115.35,2026-07-02,3,False
WST,Health Care,Medical Instruments & Supplies,RSI,RSI 加速上升,None,0.0,0.5525,0.2105,0.2105,0.2803,114,8492,-0.002,365.74,365.01,364.28,362.08,2026-07-02,3,False
WRB,Financials,Insurance - Property & Casualty,RSI,RSI 維持強勢 (50-70),None,0.0,0.51,0.2083,0.2083,0.2842,288,19108,0.0013,70.92,71.01,71.1,70.21,2026-07-06,3,False
RSG,Industrials,Waste Management,RSI,RSI 維持強勢 (50-70),None,0.0,0.51,0.2077,0.2077,0.2986,260,19157,0.0022,214.58,215.05,215.52,212.43,2026-07-06,3,False
MCD,Consumer Discretionary,Restaurants,KDJ,KDJ 金叉,None,0.0,0.5525,0.2069,0.2069,0.3183,29,1244,-0.0017,280.63,280.15,279.68,277.82,2026-07-02,3,False
AEE,Utilities,Utilities - Regulated Electric,RSI,RSI 維持強勢 (50-70),None,0.0,0.51,0.2058,0.2058,0.2471,311,8831,-0.0002,112.99,112.97,112.94,111.86,2026-07-06,3,False
KMB,Consumer Staples,Household & Personal Products,BB,BB 中軌向上（上升趨勢）,None,0.0,0.51,0.2057,0.2057,0.2466,141,6128,-0.0029,113.01,112.68,112.35,111.88,2026-07-06,3,False
YUM,Consumer Discretionary,Restaurants,RSI,RSI 加速上升,None,0.0,0.5525,0.2047,0.2047,0.3117,127,6796,-0.0001,164.73,164.71,164.7,163.08,2026-07-02,3,False
TYL,Information Technology,Software - Application,RSI,RSI 加速上升,None,0.0,0.5525,0.2,0.2,0.3693,115,10688,-0.0028,319.01,318.12,317.22,315.82,2026-07-06,3,False
BDX,Health Care,Medical Instruments & Supplies,BB,BB 中軌向上（上升趨勢）,None,0.0,0.51,0.1948,0.1948,0.2705,154,10885,-0.0017,155.54,155.28,155.01,153.98,2026-07-06,3,False
ATO,Utilities,Utilities - Regulated Gas,RSI,RSI 加速上升,None,0.0,0.5525,0.1946,0.1946,0.2565,149,4905,0.0012,176.87,177.08,177.29,175.1,2026-07-02,3,False
SNA,Industrials,Tools & Accessories,BB,BB 中軌向上（上升趨勢）,None,0.0,0.51,0.1944,0.1944,0.2929,216,17460,0.0,412.09,412.09,412.09,407.97,2026-07-02,3,False
PNW,Utilities,Utilities - Regulated Electric,BB,BB 中軌向上（上升趨勢）,None,0.0,0.51,0.1913,0.1913,0.249,183,7232,0.0008,106.91,107.0,107.08,105.84,2026-07-06,3,False
LNT,Utilities,Utilities - Regulated Electric,RSI,RSI 維持強勢 (50-70),None,0.0,0.51,0.1906,0.1906,0.2471,278,8831,0.0008,76.58,76.64,76.7,75.81,2026-07-06,3,False
AON,Financials,Insurance Brokers,BB,價格在 BB 中軌上方,None,0.0,0.425,0.1869,0.1869,0.2847,289,21689,-0.0042,357.46,355.96,354.46,353.89,2026-07-02,3,False
VICI,Real Estate,REIT - Diversified,KDJ,KDJ 金叉,None,0.0,0.5525,0.1818,0.1818,0.2818,11,550,-0.0048,27.19,27.06,26.93,26.92,2026-07-02,3,False
KEYS,Information Technology,Scientific & Technical Instruments,BB,BB 跌破下軌 (超賣),None,0.0,0.45499999999999996,0.1818,0.1818,0.3447,11,1001,-0.0105,313.86,310.56,307.27,310.72,2026-07-02,3,False
SPG,Real Estate,REIT - Retail,RSI,RSI 維持強勢 (50-70),None,0.0,0.51,0.1805,0.1805,0.2509,277,7011,-0.0007,225.0,224.84,224.69,222.75,2026-07-06,3,False
PPL,Utilities,Utilities - Regulated Electric,BB,BB 中軌向上（上升趨勢）,None,0.0,0.51,0.1777,0.1777,0.249,197,7232,0.0011,36.11,36.15,36.19,35.75,2026-07-06,3,False
AMT,Real Estate,REIT - Specialty,KDJ,KDJ 超賣區金叉,None,0.0,0.5599999999999999,0.1765,0.1765,0.2366,17,448,0.0044,166.03,166.76,167.49,164.37,2026-07-02,3,False
HRL,Consumer Staples,Packaged Foods,BB,價格在 BB 中軌上方,None,0.0,0.425,0.1737,0.1737,0.2432,236,8891,-0.0024,25.0,24.94,24.88,24.75,2026-07-02,3,False
WTW,Financials,Insurance Brokers,RSI,RSI 動能加速（強勢區）,None,0.0,0.51,0.1702,0.1702,0.279,47,3129,0.0004,286.22,286.33,286.45,283.36,2026-07-02,3,False
PG,Consumer Staples,Household & Personal Products,BB,BB 中軌向上（上升趨勢）,None,0.0,0.51,0.1677,0.1677,0.2466,161,6128,-0.0001,149.31,149.3,149.28,147.82,2026-07-06,3,False
SWKS,Information Technology,Semiconductors,BB,BB 跌破下軌 (超賣),None,0.0,0.45499999999999996,0.1538,0.1538,0.3447,13,1001,-0.0294,61.91,60.09,58.27,61.29,2026-07-06,3,False
TAP,Consumer Staples,Beverages - Brewers,MACD,MACD 金叉 (空頭區),None,0.0,0.42,0.0909,0.0909,0.241,11,473,0.0005,39.78,39.8,39.82,39.38,2026-07-02,3,False
FSLR,Information Technology,Solar,KDJ,KDJ 超賣區金叉,None,0.0,0.5599999999999999,0.0,0.0,0.3016,5,368,-0.029,233.06,226.3,219.54,230.73,2026-07-06,3,False
