symbol,sector,subsector,indicator,signal,pattern,pattern_conf,confidence,win_rate,win_rate_stock,win_rate_sector,stock_n,sector_n,avg_return,price,tp1_price,tp2_price,sl_price,date,tier,volume_confirmed
SRE,Utilities,Utilities - Diversified,RSI,RSI 維持超賣,Support,0.8,1.0,0.8571,,0.8571,0,7,0.0512,83.88,88.17,92.47,83.04,2026-08-07,1,True
WAT,Health Care,Diagnostics & Research,RSI,RSI 加速上升,Consolidation Breakout,0.72,1.0,0.6667,0.6667,0.2275,12,822,0.0318,415.0,428.2,441.39,410.85,2026-08-11,1,False
GWW,Industrials,Industrial Distribution,BB,BB 跌破下軌 (超賣),Morning Star,0.8,1.0,0.6071,,0.6071,0,56,0.0266,1275.0601,1308.98,1342.89,1262.31,2026-08-07,1,False
NLY,Real Estate,REIT - Mortgage,RSI,RSI 上穿 50 中性線,Morning Star,0.8,0.9900000000000001,0.5833,,0.5833,0,24,0.0272,23.04,23.67,24.29,22.81,2026-08-07,1,False
COP,Energy,Oil & Gas E&P,BB,BB 中軌向上（上升趨勢）,Consolidation Breakout,0.73,1.0,0.5625,0.5625,0.2961,16,385,0.0146,125.92,127.76,129.6,124.66,2026-08-11,1,False
ADM,Consumer Staples,Farm Products,RSI,RSI 上穿 50 中性線,Morning Star,0.8,0.9900000000000001,0.5625,,0.5625,0,32,0.0236,80.49,82.39,84.29,79.69,2026-08-10,1,False
GIS,Consumer Staples,Packaged Foods,RSI,RSI 上穿 50 中性線,Morning Star,0.8,0.9900000000000001,0.5625,,0.5625,0,32,0.0236,36.89,37.76,38.63,36.52,2026-08-07,1,False
APA,Energy,Oil & Gas E&P,BB,BB 中軌向上（上升趨勢）,Morning Star,0.8,1.0,0.5571,,0.5571,0,70,0.0272,37.63,38.65,39.68,37.25,2026-08-07,1,False
IMO,Energy,Oil & Gas Integrated,BB,BB 中軌向上（上升趨勢）,Morning Star,0.8,1.0,0.5571,,0.5571,0,70,0.0272,128.79,132.29,135.8,127.5,2026-08-10,1,False
OXY,Energy,Oil & Gas E&P,BB,BB 中軌向上（上升趨勢）,Morning Star,0.8,1.0,0.5571,,0.5571,0,70,0.0272,58.65,60.25,61.84,58.06,2026-08-10,1,False
TTD,Communication Services,Advertising Agencies,BB,BB 跌破下軌 (超賣),Bullish Engulfing,0.75,1.0,0.5556,,0.5556,0,18,0.0326,13.56,14.0,14.44,13.42,2026-08-11,1,False
MNST,Consumer Staples,Beverages - Non-Alcoholic,RSI,RSI 維持超賣,Support,0.8,1.0,0.5,,0.5,0,6,0.0233,45.18,46.23,47.29,44.73,2026-08-07,1,True
TPL,Energy,Oil & Gas E&P,BB,BB 跌破下軌 (超賣),None,0.0,0.45499999999999996,0.8333,0.8333,0.4815,6,81,0.0767,340.65,366.78,392.91,337.24,2026-08-07,2,True
TPR,Consumer Discretionary,Luxury Goods,BB,價格在 BB 中軌上方,None,0.0,0.425,0.7273,0.7273,0.4026,11,529,0.0342,160.54,166.03,171.52,158.93,2026-08-11,2,True
GEN,Information Technology,Software - Infrastructure,BB,BB 中軌向上（上升趨勢）,None,0.0,0.51,0.6667,0.6667,0.4238,9,1083,0.0323,29.17,30.11,31.05,28.88,2026-08-07,2,True
PLTR,Information Technology,Software - Infrastructure,RSI,RSI 加速上升,None,0.0,0.5525,0.65,0.65,0.4113,20,851,0.0334,172.01,177.76,183.5,170.29,2026-08-07,2,True
COHR,Information Technology,Scientific & Technical Instruments,RSI,RSI 維持強勢 (50-70),None,0.0,0.51,0.65,0.65,0.4471,20,747,0.0352,379.13,392.48,405.82,375.34,2026-08-07,2,True
CART,Consumer Discretionary,Internet Retail,MACD,MACD 突破 0 軸,None,0.0,0.595,0.5161,,0.5161,0,31,0.0207,50.17,51.21,52.25,49.67,2026-08-07,2,True
ALL,Financials,Insurance - Property & Casualty,RSI,RSI 維持強勢 (50-70),None,0.0,0.51,0.5,0.5,0.3448,10,609,0.0143,262.23,265.98,269.73,259.61,2026-08-11,2,True
TSCO,Consumer Discretionary,Specialty Retail,BB,價格在 BB 中軌上方,None,0.0,0.425,0.5,0.5,0.4026,6,529,0.0166,35.29,35.88,36.46,34.94,2026-08-11,2,True
BBD,Financials,Banks - Regional,RSI,RSI 超賣區域 (30),None,0.0,0.5249999999999999,0.4831,,0.4831,0,118,0.0179,3.21,3.27,3.32,3.18,2026-08-11,2,True
ENB,Energy,Oil & Gas Midstream,BB,BB 跌破下軌 (超賣),None,0.0,0.45499999999999996,0.4815,,0.4815,0,81,0.0139,51.28,51.99,52.71,50.77,2026-08-07,2,True
PAA,Energy,Oil & Gas Midstream,BB,BB 跌破下軌 (超賣),None,0.0,0.45499999999999996,0.4815,,0.4815,0,81,0.0139,22.81,23.13,23.44,22.58,2026-08-07,2,True
BMRN,Health Care,Biotechnology,MACD,MACD 金叉 (多頭區),None,0.0,0.68,0.451,,0.451,0,51,0.0047,63.81,64.11,64.41,63.17,2026-08-07,2,True
GMAB,Health Care,Biotechnology,MACD,MACD 金叉 (多頭區),None,0.0,0.68,0.451,,0.451,0,51,0.0047,31.25,31.4,31.54,30.94,2026-08-07,2,True
NTRA,Health Care,Diagnostics & Research,MACD,MACD 金叉 (多頭區),None,0.0,0.68,0.451,,0.451,0,51,0.0047,322.1,323.61,325.13,318.88,2026-08-07,2,True
ONC,Health Care,Biotechnology,MACD,MACD 金叉 (多頭區),None,0.0,0.68,0.451,,0.451,0,51,0.0047,348.27,349.91,351.54,344.79,2026-08-07,2,True
TWLO,Information Technology,Software - Infrastructure,MACD,MACD 金叉 (多頭區),None,0.0,0.68,0.45,,0.45,0,100,0.0204,241.28,246.2,251.12,238.87,2026-08-07,2,True
EMA,Utilities,Utilities - Regulated Electric,BB,BB 跌破下軌 (超賣),Support,0.9,1.0,1.0,,1.0,0,5,0.0506,50.82,53.39,55.96,50.31,2026-08-07,3,False
JPM,Financials,Banks - Diversified,KDJ,KDJ 金叉,Support,0.9,1.0,0.8,,,0,0,0.0149,357.52,362.85,368.17,353.94,2026-08-07,3,False
MMM,Industrials,Conglomerates,KDJ,KDJ 金叉,Support,0.9,1.0,0.8,,,0,0,0.0149,182.9,185.63,188.35,181.07,2026-08-07,3,False
PKG,Consumer Discretionary,Packaging & Containers,KDJ,KDJ 金叉,Support,0.9,1.0,0.8,,,0,0,0.0149,256.04,259.85,263.67,253.48,2026-08-07,3,False
PPL,Utilities,Utilities - Regulated Electric,KDJ,KDJ 金叉,Support,0.7,1.0,0.8,,0.8,0,5,0.0149,35.46,35.99,36.52,35.11,2026-08-07,3,False
CRH,Materials,Building Materials,MACD,MACD 金叉 (空頭區),None,0.0,0.42,0.8,0.8,0.3816,10,304,0.0226,100.48,102.75,105.02,99.48,2026-08-07,3,False
DVA,Health Care,Medical Care Facilities,RSI,RSI 維持超賣,None,0.0,0.385,0.8,0.8,0.3138,5,956,0.0445,178.34,186.28,194.21,176.56,2026-08-11,3,False
MLM,Materials,Building Materials,MACD,MACD 金叉 (空頭區),None,0.0,0.42,0.7778,0.7778,0.3816,9,304,0.0288,553.67,569.62,585.56,548.13,2026-08-11,3,False
CIEN,Information Technology,Communication Equipment,RSI,RSI 上穿 50 中性線,None,0.0,0.4675,0.7222,0.7222,0.3785,18,1593,0.0476,412.39,432.02,451.65,408.27,2026-08-07,3,False
HBAN,Financials,Banks - Regional,MACD,MACD 突破 0 軸,None,0.0,0.595,0.7143,0.7143,0.3301,7,618,0.0371,17.77,18.43,19.09,17.59,2026-08-11,3,False
A,Health Care,Diagnostics & Research,RSI,RSI 維持強勢 (50-70),Consolidation Breakout,0.72,1.0,0.6667,0.6667,0.2427,6,791,0.0458,149.49,156.34,163.18,148.0,2026-08-11,3,False
VLO,Energy,Oil & Gas Refining & Marketing,BB,BB 中軌向上（上升趨勢）,Morning Star,0.8,1.0,0.6667,0.6667,0.5571,9,70,0.0469,314.95,329.72,344.49,311.8,2026-08-10,3,False
CNC,Health Care,Healthcare Plans,MACD,MACD 突破 0 軸,None,0.0,0.595,0.6667,0.6667,0.3171,6,432,0.0159,65.77,66.82,67.86,65.11,2026-08-07,3,False
PSX,Energy,Oil & Gas Refining & Marketing,RSI,RSI 動能加速（強勢區）,Consolidation Breakout,0.73,1.0,0.625,0.625,0.2703,8,185,0.0164,224.36,228.04,231.72,222.12,2026-08-11,3,False
CEG,Utilities,Utilities - Independent Power Producers,RSI,RSI 上穿 50 中性線,None,0.0,0.4675,0.619,0.619,0.2521,21,932,0.035,269.89,279.34,288.78,267.19,2026-08-07,3,False
JBL,Information Technology,Electronic Components,MACD,MACD 突破 0 軸,None,0.0,0.595,0.6,0.6,0.4064,5,529,0.036,356.61,369.45,382.29,353.04,2026-08-11,3,False
LITE,Information Technology,Communication Equipment,MACD,MACD 突破 0 軸,None,0.0,0.595,0.6,0.6,0.4064,5,529,0.0278,890.17,914.92,939.66,881.27,2026-08-07,3,False
LNT,Utilities,Utilities - Regulated Electric,RSI,RSI 超賣區域 (30),None,0.0,0.5249999999999999,0.6,0.6,0.2759,5,116,0.0288,68.21,70.17,72.14,67.53,2026-08-10,3,False
GEV,Industrials,Specialty Industrial Machinery,MACD,MACD 金叉 (空頭區),None,0.0,0.42,0.6,0.6,0.3303,5,875,0.008,1011.88,1019.98,1028.07,1001.76,2026-08-11,3,False
HUM,Health Care,Healthcare Plans,RSI,RSI 上穿 50 中性線,None,0.0,0.4675,0.5882,0.5882,0.3144,17,1323,0.0348,385.0,398.4,411.8,381.15,2026-08-07,3,False
NEE,Utilities,Utilities - Regulated Electric,BB,BB 跌破下軌 (超賣),None,0.0,0.45499999999999996,0.5789,0.5789,0.4104,19,441,0.0186,84.65,86.22,87.8,83.8,2026-08-07,3,False
BKR,Energy,Oil & Gas Equipment & Services,BB,BB 中軌向上（上升趨勢）,Consolidation Breakout,0.72,1.0,0.5714,0.5714,0.2961,7,385,0.019,64.81,66.04,67.27,64.16,2026-08-11,3,False
ED,Utilities,Utilities - Regulated Electric,BB,BB 跌破下軌 (超賣),Bullish Engulfing,0.75,1.0,0.5714,,0.5714,0,7,0.0336,106.3,109.87,113.44,105.24,2026-08-10,3,False
AMAT,Information Technology,Semiconductor Equipment & Materials,RSI,RSI 上穿 50 中性線,None,0.0,0.4675,0.5652,0.5652,0.3785,23,1593,0.0388,539.14,560.06,580.98,533.75,2026-08-07,3,False
EQT,Energy,Oil & Gas E&P,BB,BB 中軌向上（上升趨勢）,Morning Star,0.8,1.0,0.5556,0.5556,0.5571,9,70,0.0232,54.08,55.33,56.59,53.54,2026-08-10,3,False
TKO,Communication Services,Entertainment,KDJ,KDJ 金叉,None,0.0,0.5525,0.5556,0.5556,0.3345,18,550,0.0167,186.56,189.68,192.79,184.69,2026-08-07,3,False
INTC,Information Technology,Semiconductors,RSI,RSI 上穿 50 中性線,None,0.0,0.4675,0.5556,0.5556,0.3785,18,1593,0.0314,101.65,104.84,108.03,100.63,2026-08-07,3,False
NI,Utilities,Utilities - Regulated Gas,BB,BB 跌破下軌 (超賣),None,0.0,0.45499999999999996,0.5556,0.5556,0.4104,9,441,0.0086,41.78,42.14,42.5,41.36,2026-08-10,3,False
MGM,Consumer Discretionary,Resorts & Casinos,BB,BB 跌破下軌 (超賣),Bullish Engulfing,0.75,1.0,0.5429,,0.5429,0,35,0.0233,43.36,44.37,45.38,42.93,2026-08-10,3,False
TRGP,Energy,Oil & Gas Midstream,KDJ,KDJ 金叉,None,0.0,0.5525,0.5417,0.5417,0.3614,24,498,0.0268,266.21,273.34,280.48,263.55,2026-08-10,3,False
VRT,Industrials,Electrical Equipment & Parts,BB,價格在 BB 中軌上方,None,0.0,0.425,0.5397,0.5397,0.295,441,22337,0.0188,281.81,287.11,292.41,278.99,2026-08-11,3,False
CVNA,Consumer Discretionary,Auto & Truck Dealerships,RSI,RSI 動能加速（強勢區）,None,0.0,0.51,0.537,0.537,0.3027,54,1665,0.0396,74.16,77.1,80.03,73.42,2026-08-10,3,False
CLX,Consumer Staples,Household & Personal Products,BB,BB 中軌向上（上升趨勢）,Consolidation Breakout,0.72,1.0,0.5333,0.5333,0.2105,15,779,0.0122,108.25,109.57,110.89,107.17,2026-08-11,3,False
MPC,Energy,Oil & Gas Refining & Marketing,BB,BB 中軌向上（上升趨勢）,Consolidation Breakout,0.73,1.0,0.5333,0.5333,0.2961,15,385,0.0205,336.42,343.32,350.21,333.06,2026-08-11,3,False
Q,Information Technology,Semiconductor Equipment & Materials,BB,價格在 BB 中軌上方,None,0.0,0.425,0.5301,0.5301,0.3573,83,20206,0.0249,138.24,141.68,145.12,136.86,2026-08-11,3,False
FDX,Industrials,Integrated Freight & Logistics,RSI,RSI 上穿 50 中性線,None,0.0,0.4675,0.5294,0.5294,0.304,17,1816,0.0173,318.57,324.08,329.59,315.38,2026-08-07,3,False
TER,Information Technology,Semiconductor Equipment & Materials,BB,BB 中軌向上（上升趨勢）,None,0.0,0.51,0.5277,0.5277,0.3639,307,16781,0.0256,379.56,389.28,398.99,375.76,2026-08-11,3,False
SYM,Industrials,Specialty Industrial Machinery,BB,BB 中軌向上（上升趨勢）,Morning Star,0.8,1.0,0.5233,,0.5233,0,407,0.0228,40.18,41.1,42.01,39.78,2026-08-07,3,False
PNC,Financials,Banks - Regional,RSI,RSI 動能加速（強勢區）,None,0.0,0.51,0.5227,0.5227,0.279,44,3129,0.0148,254.23,257.99,261.76,251.69,2026-08-11,3,False
FCX,Materials,Copper,RSI,RSI 加速上升,None,0.0,0.5525,0.5217,0.5217,0.3048,138,3639,0.0144,70.51,71.53,72.54,69.8,2026-08-10,3,False
BA,Industrials,Aerospace & Defense,BB,BB 中軌向上（上升趨勢）,None,0.0,0.51,0.52,0.52,0.2929,150,17460,0.0116,233.24,235.95,238.65,230.91,2026-08-11,3,False
KMB,Consumer Staples,Household & Personal Products,RSI,RSI 上穿 50 中性線,Support,0.9,1.0,0.5,,,0,0,0.02,109.68,111.87,114.07,108.58,2026-08-07,3,False
NTRS,Financials,Asset Management,RSI,RSI 加速上升,Support,0.8,1.0,0.5,,0.5,0,6,0.002,185.5,185.87,186.24,183.65,2026-08-07,3,False
PWR,Industrials,Engineering & Construction,MACD,MACD 突破 0 軸,None,0.0,0.595,0.5,0.5,0.2912,6,570,0.004,670.58,673.26,675.94,663.87,2026-08-11,3,False
RL,Consumer Discretionary,Apparel Manufacturing,MACD,MACD 突破 0 軸,None,0.0,0.595,0.5,0.5,0.3351,6,376,0.03,395.53,407.4,419.26,391.57,2026-08-07,3,False
DE,Industrials,Farm & Heavy Construction Machinery,KDJ,KDJ 金叉,None,0.0,0.5525,0.5,0.5,0.3223,20,2110,0.0129,620.83,628.84,636.85,614.62,2026-08-07,3,False
STLD,Materials,Steel,KDJ,KDJ 金叉,None,0.0,0.5525,0.5,0.5,0.314,18,637,0.0154,268.6,272.74,276.87,265.91,2026-08-10,3,False
XEL,Utilities,Utilities - Regulated Electric,KDJ,KDJ 金叉,None,0.0,0.5525,0.5,0.5,0.3001,16,713,0.0122,77.66,78.61,79.55,76.88,2026-08-11,3,False
CRL,Health Care,Diagnostics & Research,BB,BB 中軌向上（上升趨勢）,Morning Star,0.8,1.0,0.4901,,0.4901,0,253,0.0226,267.49,273.54,279.58,264.82,2026-08-07,3,False
EHC,Health Care,Medical Care Facilities,BB,BB 中軌向上（上升趨勢）,Morning Star,0.8,1.0,0.4901,,0.4901,0,253,0.0226,125.23,128.06,130.89,123.98,2026-08-07,3,False
AXON,Industrials,Aerospace & Defense,KDJ,KDJ 金叉,None,0.0,0.5525,0.4828,0.4828,0.3223,29,2110,0.0384,596.33,619.23,642.13,590.37,2026-08-10,3,False
ODFL,Industrials,Trucking,KDJ,KDJ 金叉,None,0.0,0.5525,0.4828,0.4828,0.3223,29,2110,0.0079,216.36,218.07,219.78,214.2,2026-08-07,3,False
FANG,Energy,Oil & Gas E&P,RSI,RSI 上穿 50 中性線,None,0.0,0.4675,0.4828,0.4828,0.361,29,579,0.0161,198.97,202.17,205.38,196.98,2026-08-10,3,False
DELL,Information Technology,Computer Hardware,RSI,RSI 維持強勢 (50-70),None,0.0,0.51,0.4775,0.4775,0.3645,333,16764,0.0252,440.97,452.08,463.19,436.56,2026-08-11,3,False
NCLH,Consumer Discretionary,Travel Services,BB,BB 中軌向上（上升趨勢）,None,0.0,0.51,0.476,0.476,0.2908,208,9757,0.0148,19.25,19.53,19.82,19.06,2026-08-07,3,False
MDLN,Health Care,Medical Instruments & Supplies,BB,BB 跌破下軌 (超賣),Bullish Engulfing,0.75,1.0,0.475,,0.475,0,40,0.0084,33.81,34.09,34.38,33.47,2026-08-10,3,False
SYF,Financials,Credit Services,RSI,RSI 加速上升,None,0.0,0.5525,0.4749,0.4749,0.3014,179,11488,0.0133,78.59,79.64,80.68,77.8,2026-08-07,3,False
ARMK,Industrials,Specialty Business Services,RSI,RSI 維持強勢 (50-70),Morning Star,0.8,1.0,0.4725,,0.4725,0,436,0.0182,55.95,56.97,57.99,55.39,2026-08-07,3,False
CTAS,Industrials,Specialty Business Services,RSI,RSI 維持強勢 (50-70),Morning Star,0.8,1.0,0.4725,,0.4725,0,436,0.0182,203.05,206.75,210.44,201.02,2026-08-07,3,False
FTAI,Industrials,Aerospace & Defense,RSI,RSI 維持強勢 (50-70),Morning Star,0.8,1.0,0.4725,,0.4725,0,436,0.0182,225.6,229.71,233.81,223.34,2026-08-11,3,False
RSG,Industrials,Waste Management,RSI,RSI 維持強勢 (50-70),Morning Star,0.8,1.0,0.4725,,0.4725,0,436,0.0182,214.56,218.46,222.37,212.41,2026-08-07,3,False
META,Communication Services,Internet Content & Information,RSI,RSI 加速上升,None,0.0,0.5525,0.471,0.471,0.3116,155,3322,0.0106,592.1,598.38,604.65,586.18,2026-08-07,3,False
IBKR,Financials,Capital Markets,KDJ,KDJ 金叉,None,0.0,0.5525,0.4688,0.4688,0.3142,32,1932,0.0122,90.66,91.77,92.87,89.75,2026-08-10,3,False
PPG,Materials,Specialty Chemicals,RSI,RSI 動能加速（強勢區）,None,0.0,0.51,0.4667,0.4667,0.2962,30,942,0.0109,118.98,120.28,121.57,117.79,2026-08-07,3,False
NXPI,Information Technology,Semiconductors,RSI,RSI 加速上升,None,0.0,0.5525,0.4622,0.4622,0.3693,119,10688,0.0209,233.43,238.31,243.19,231.1,2026-08-10,3,False
RCL,Consumer Discretionary,Travel Services,RSI,RSI 維持強勢 (50-70),None,0.0,0.51,0.4618,0.4618,0.2995,262,10441,0.0148,307.15,311.7,316.24,304.08,2026-08-11,3,False
BX,Financials,Asset Management,RSI,RSI 動能加速（強勢區）,None,0.0,0.51,0.4615,0.4615,0.279,39,3129,0.0044,147.17,147.82,148.47,145.7,2026-08-11,3,False
ATO,Utilities,Utilities - Regulated Gas,BB,BB 跌破下軌 (超賣),None,0.0,0.45499999999999996,0.4615,0.4615,0.4104,13,441,0.0185,167.92,171.03,174.13,166.24,2026-08-10,3,False
TSLA,Consumer Discretionary,Auto Manufacturers,MACD,MACD 金叉 (空頭區),None,0.0,0.42,0.4615,0.4615,0.3233,13,529,0.0023,328.58,329.34,330.09,325.29,2026-08-07,3,False
WYNN,Consumer Discretionary,Resorts & Casinos,BB,BB 中軌向上（上升趨勢）,Morning Star,0.8,1.0,0.4599,,0.4599,0,237,0.0144,102.54,104.02,105.49,101.51,2026-08-07,3,False
ZBRA,Information Technology,Communication Equipment,RSI,RSI 加速上升,None,0.0,0.5525,0.4559,0.4559,0.3693,136,10688,0.0065,378.08,380.54,383.0,374.3,2026-08-10,3,False
COIN,Financials,Financial Data & Stock Exchanges,RSI,RSI 加速上升,None,0.0,0.5525,0.4551,0.4551,0.3014,178,11488,0.0117,153.6,155.4,157.19,152.06,2026-08-07,3,False
SNEX,Financials,Capital Markets,RSI,RSI 維持超賣,None,0.0,0.385,0.4547,,0.4547,0,508,0.0093,65.97,66.58,67.2,65.31,2026-08-11,3,False
SOLV,Health Care,Medical Instruments & Supplies,RSI,RSI 動能加速（強勢區）,None,0.0,0.51,0.4545,0.4545,0.2606,22,1869,0.0137,85.21,86.38,87.54,84.36,2026-08-10,3,False
EQR,Real Estate,REIT - Residential,BB,BB 跌破下軌 (超賣),None,0.0,0.45499999999999996,0.4545,0.4545,0.25,22,564,0.0116,65.09,65.85,66.6,64.44,2026-08-11,3,False
WSM,Consumer Discretionary,Specialty Retail,RSI,RSI 加速上升,None,0.0,0.5525,0.4532,0.4532,0.3117,139,6796,0.0124,251.78,254.9,258.02,249.26,2026-08-07,3,False
DVN,Energy,Oil & Gas E&P,RSI,RSI 上穿 50 中性線,None,0.0,0.4675,0.45,0.45,0.361,20,579,0.0014,45.36,45.42,45.49,44.91,2026-08-10,3,False
HOOD,Financials,Capital Markets,RSI,RSI 加速上升,None,0.0,0.5525,0.4483,0.4483,0.3014,145,11488,0.0215,94.52,96.55,98.58,93.57,2026-08-10,3,False
FOXA,Communication Services,Entertainment,RSI,RSI 動能加速（強勢區）,None,0.0,0.51,0.4483,0.4483,0.3135,29,772,0.0029,64.03,64.22,64.4,63.39,2026-08-07,3,False
NOW,Information Technology,Software - Application,RSI,RSI 動能加速（強勢區）,None,0.0,0.51,0.4483,0.4483,0.366,29,2885,0.0072,124.88,125.78,126.68,123.63,2026-08-07,3,False
FWONK,Communication Services,Entertainment,RSI,RSI 加速上升,None,0.0,0.5525,0.4481,,0.4481,0,241,0.0027,102.38,102.66,102.93,101.36,2026-08-11,3,True
TME,Communication Services,Internet Content & Information,RSI,RSI 加速上升,None,0.0,0.5525,0.4481,,0.4481,0,241,0.0027,9.9,9.93,9.95,9.8,2026-08-10,3,True
EME,Industrials,Engineering & Construction,BB,BB 中軌向上（上升趨勢）,None,0.0,0.51,0.4475,0.4475,0.2929,257,17460,0.014,816.86,828.3,839.73,808.69,2026-08-11,3,False
AAOI,Information Technology,Communication Equipment,RSI,RSI 維持強勢 (50-70),None,0.0,0.51,0.4471,,0.4471,0,747,0.0161,135.63,137.81,140.0,134.27,2026-08-07,3,True
BR,Information Technology,Information Technology Services,RSI,RSI 維持強勢 (50-70),None,0.0,0.51,0.4471,,0.4471,0,747,0.0161,166.5,169.18,171.86,164.84,2026-08-07,3,True
KSPI,Information Technology,Software - Infrastructure,RSI,RSI 維持強勢 (50-70),None,0.0,0.51,0.4471,,0.4471,0,747,0.0161,95.36,96.9,98.43,94.41,2026-08-11,3,True
NET,Information Technology,Software - Infrastructure,RSI,RSI 維持強勢 (50-70),None,0.0,0.51,0.4471,,0.4471,0,747,0.0161,310.59,315.59,320.59,307.48,2026-08-10,3,True
RBRK,Information Technology,Software - Infrastructure,RSI,RSI 維持強勢 (50-70),None,0.0,0.51,0.4471,,0.4471,0,747,0.0161,90.07,91.52,92.97,89.17,2026-08-07,3,True
UBER,Information Technology,Software - Application,RSI,RSI 維持強勢 (50-70),None,0.0,0.51,0.4471,,0.4471,0,747,0.0161,75.02,76.23,77.44,74.27,2026-08-07,3,True
KKR,Financials,Asset Management,RSI,RSI 維持強勢 (50-70),Bullish Engulfing,0.75,1.0,0.4444,,0.4444,0,9,0.0214,102.615,104.81,107.01,101.59,2026-08-07,3,True
TTWO,Communication Services,Electronic Gaming & Multimedia,RSI,RSI 上穿 50 中性線,None,0.0,0.4675,0.4444,,0.4444,0,54,0.0031,246.5,247.26,248.03,244.03,2026-08-07,3,True
WMB,Energy,Oil & Gas Midstream,MACD,MACD 金叉 (空頭區),None,0.0,0.42,0.4444,0.4444,0.3557,9,253,0.0156,72.31,73.44,74.57,71.59,2026-08-11,3,False
KLAC,Information Technology,Semiconductor Equipment & Materials,RSI,RSI 維持強勢 (50-70),None,0.0,0.51,0.4427,0.4427,0.3645,314,16764,0.0104,200.47,202.55,204.64,198.47,2026-08-11,3,False
EXE,Energy,Oil & Gas E&P,RSI,RSI 維持強勢 (50-70),Bullish Engulfing,0.75,1.0,0.4386,,0.4386,0,57,0.014,92.84,94.14,95.44,91.91,2026-08-07,3,False
MPLX,Energy,Oil & Gas Midstream,RSI,RSI 維持強勢 (50-70),Bullish Engulfing,0.75,1.0,0.4386,,0.4386,0,57,0.014,59.3,60.13,60.96,58.71,2026-08-11,3,False
NEM,Materials,Gold,BB,BB 中軌向上（上升趨勢）,None,0.0,0.51,0.4367,0.4367,0.2853,316,5036,0.0083,117.21,118.18,119.16,116.04,2026-08-11,3,False
BLDR,Industrials,Building Products & Equipment,RSI,RSI 維持強勢 (50-70),None,0.0,0.51,0.4355,0.4355,0.2986,186,19157,0.003,75.1,75.33,75.55,74.35,2026-08-11,3,False
ALGN,Health Care,Medical Instruments & Supplies,RSI,RSI 上穿 50 中性線,None,0.0,0.4675,0.4348,0.4348,0.3144,23,1323,0.0055,173.66,174.62,175.57,171.92,2026-08-07,3,False
ANET,Information Technology,Computer Hardware,RSI,RSI 維持強勢 (50-70),None,0.0,0.51,0.434,0.434,0.3645,288,16764,0.009,197.85,199.63,201.41,195.87,2026-08-11,3,False
MCHPP,Information Technology,Semiconductors,BB,價格在 BB 中軌上方,None,0.0,0.425,0.4327,,0.4327,0,1188,0.0141,69.45,70.43,71.41,68.76,2026-08-11,3,True
P,Information Technology,Computer Hardware,BB,價格在 BB 中軌上方,None,0.0,0.425,0.4327,,0.4327,0,1188,0.0141,109.38,110.92,112.46,108.29,2026-08-11,3,True
TEAM,Information Technology,Software - Application,BB,價格在 BB 中軌上方,None,0.0,0.425,0.4327,,0.4327,0,1188,0.0141,149.07,151.17,153.27,147.58,2026-08-07,3,True
U,Information Technology,Software - Application,BB,價格在 BB 中軌上方,None,0.0,0.425,0.4327,,0.4327,0,1188,0.0141,43.0,43.61,44.21,42.57,2026-08-07,3,True
LYV,Communication Services,Entertainment,RSI,RSI 加速上升,None,0.0,0.5525,0.4314,0.4314,0.3116,102,3322,0.0056,180.66,181.67,182.68,178.85,2026-08-07,3,False
CRWD,Information Technology,Software - Infrastructure,BB,價格在 BB 中軌上方,None,0.0,0.425,0.4299,0.4299,0.3573,314,20206,0.0133,221.9,224.85,227.8,219.68,2026-08-11,3,False
MELI,Consumer Discretionary,Internet Retail,RSI,RSI 動能加速（強勢區）,Consolidation Breakout,0.85,1.0,0.4286,,0.4286,0,35,-0.006,1940.0,1928.36,1916.72,1920.6,2026-08-11,3,True
PANW,Information Technology,Software - Infrastructure,RSI,RSI 動能加速（強勢區）,None,0.0,0.51,0.4286,0.4286,0.366,42,2885,0.008,385.04,388.12,391.2,381.19,2026-08-10,3,False
ROK,Industrials,Specialty Industrial Machinery,BB,BB 跌破下軌 (超賣),None,0.0,0.45499999999999996,0.4286,0.4286,0.2838,7,1258,0.0149,435.22,441.7,448.19,430.87,2026-08-10,3,False
YUMC,Consumer Discretionary,Restaurants,BB,BB 中軌向上（上升趨勢）,Bullish Engulfing,0.75,1.0,0.4279,,0.4279,0,208,0.015,48.19,48.91,49.64,47.71,2026-08-10,3,False
GNRC,Industrials,Specialty Industrial Machinery,RSI,RSI 加速上升,None,0.0,0.5525,0.4267,0.4267,0.2981,150,11545,0.0126,206.09,208.69,211.28,204.03,2026-08-10,3,False
APH,Information Technology,Electronic Components,BB,BB 中軌向上（上升趨勢）,None,0.0,0.51,0.4261,0.4261,0.3639,291,16781,0.011,167.23,169.07,170.91,165.56,2026-08-11,3,False
CCL,Consumer Discretionary,Travel Services,BB,價格在 BB 中軌上方,None,0.0,0.425,0.4256,0.4256,0.2984,242,12430,0.0178,27.73,28.22,28.72,27.45,2026-08-11,3,False
DD,Materials,Specialty Chemicals,BB,BB 中軌向上（上升趨勢）,Bullish Engulfing,0.75,1.0,0.4242,,0.4242,0,99,0.0171,144.49,146.96,149.43,143.05,2026-08-11,3,False
E,Energy,Oil & Gas Integrated,KDJ,KDJ 金叉,Consolidation Breakout,0.73,1.0,0.4242,,0.4242,0,33,0.0143,55.49,56.28,57.08,54.94,2026-08-11,3,False
ARW,Information Technology,Electronics & Computer Distribution,BB,BB 中軌向上（上升趨勢）,None,0.0,0.51,0.4238,,0.4238,0,1083,0.0134,203.51,206.24,208.96,201.47,2026-08-07,3,True
TXN,Information Technology,Semiconductors,RSI,RSI 上穿 50 中性線,None,0.0,0.4675,0.4211,0.4211,0.3785,19,1593,0.0225,286.08,292.52,298.95,283.22,2026-08-07,3,False
AMRZ,Materials,Building Materials,BB,BB 跌破下軌 (超賣),None,0.0,0.45499999999999996,0.4202,,0.4202,0,119,0.0066,46.29,46.6,46.9,45.83,2026-08-10,3,True
ALB,Materials,Specialty Chemicals,RSI,RSI 維持強勢 (50-70),None,0.0,0.51,0.4194,0.4194,0.286,248,5721,0.0076,129.36,130.34,131.33,128.07,2026-08-11,3,False
MPWR,Information Technology,Semiconductors,RSI,RSI 維持強勢 (50-70),None,0.0,0.51,0.4184,0.4184,0.3645,294,16764,0.0085,1402.11,1414.03,1425.95,1388.09,2026-08-11,3,False
NFLX,Communication Services,Entertainment,RSI,RSI 加速上升,None,0.0,0.5525,0.4179,0.4179,0.3116,134,3322,0.0146,76.29,77.4,78.52,75.53,2026-08-10,3,False
FITB,Financials,Banks - Regional,KDJ,KDJ 金叉,None,0.0,0.5525,0.4167,0.4167,0.3142,24,1932,0.0151,57.6,58.47,59.34,57.02,2026-08-11,3,False
XOM,Energy,Oil & Gas Integrated,KDJ,KDJ 金叉,None,0.0,0.5525,0.4167,0.4167,0.3614,24,498,0.0075,159.79,160.99,162.19,158.19,2026-08-10,3,False
HON,Industrials,Conglomerates,RSI,RSI 維持強勢 (50-70),None,0.0,0.51,0.4167,0.4167,0.3579,12,746,0.0017,230.12,230.51,230.9,227.82,2026-08-11,3,True
DAL,Industrials,Airlines,RSI,RSI 加速上升,None,0.0,0.5525,0.4142,0.4142,0.2981,169,11545,0.0111,91.34,92.35,93.37,90.43,2026-08-07,3,False
HLT,Consumer Discretionary,Lodging,RSI,RSI 加速上升,None,0.0,0.5525,0.4118,0.4118,0.3117,153,6796,0.0098,314.66,317.74,320.83,311.51,2026-08-11,3,False
FRT,Real Estate,REIT - Retail,BB,BB 跌破下軌 (超賣),None,0.0,0.45499999999999996,0.4118,0.4118,0.25,17,564,0.0093,116.74,117.83,118.91,115.57,2026-08-11,3,False
LUV,Industrials,Airlines,RSI,RSI 加速上升,None,0.0,0.5525,0.4113,0.4113,0.2981,141,11545,0.0075,47.05,47.4,47.76,46.58,2026-08-07,3,False
YPF,Energy,Oil & Gas Integrated,RSI,RSI 維持強勢 (50-70),None,0.0,0.51,0.411,,0.411,0,146,0.0074,49.15,49.51,49.88,48.66,2026-08-11,3,True
LLY,Health Care,Drug Manufacturers - General,RSI,RSI 加速上升,None,0.0,0.5525,0.4109,0.4109,0.2803,129,8492,0.0107,1215.02,1228.02,1241.02,1202.87,2026-08-11,3,False
DTM,Energy,Oil & Gas Midstream,RSI,RSI 超賣區域 (30),None,0.0,0.5249999999999999,0.4107,,0.4107,0,56,0.0193,131.44,133.98,136.51,130.13,2026-08-07,3,False
SBS,Utilities,Utilities - Regulated Water,BB,BB 跌破下軌 (超賣),None,0.0,0.45499999999999996,0.4104,,0.4104,0,441,0.0122,5.03,5.09,5.15,4.98,2026-08-11,3,False
SOMN,Utilities,Utilities - Regulated Electric,BB,BB 跌破下軌 (超賣),None,0.0,0.45499999999999996,0.4104,,0.4104,0,441,0.0122,48.51,49.1,49.69,48.02,2026-08-10,3,False
DUK,Utilities,Utilities - Regulated Electric,BB,BB 跌破下軌 (超賣),None,0.0,0.45499999999999996,0.4097,,0.4097,0,144,0.0064,121.19,121.97,122.74,119.98,2026-08-10,3,True
CPRT,Industrials,Specialty Business Services,RSI,RSI 上穿 50 中性線,None,0.0,0.4675,0.4091,0.4091,0.304,22,1816,0.0047,29.66,29.8,29.94,29.36,2026-08-07,3,False
GLW,Information Technology,Electronic Components,RSI,RSI 上穿 50 中性線,None,0.0,0.4675,0.4091,0.4091,0.3785,22,1593,0.0117,165.68,167.62,169.56,164.02,2026-08-07,3,False
NVDA,Information Technology,Semiconductors,RSI,RSI 加速上升,None,0.0,0.5525,0.4088,0.4088,0.3693,159,10688,0.0041,223.96,224.88,225.8,221.72,2026-08-07,3,False
UAL,Industrials,Airlines,RSI,RSI 加速上升,None,0.0,0.5525,0.4079,0.4079,0.2981,152,11545,0.0049,129.56,130.19,130.83,128.26,2026-08-07,3,False
FSLR,Information Technology,Solar,BB,BB 中軌向上（上升趨勢）,None,0.0,0.51,0.4079,0.4079,0.3639,228,16781,0.0019,240.91,241.37,241.83,238.5,2026-08-11,3,False
BLK,Financials,Asset Management,BB,BB 中軌向上（上升趨勢）,Consolidation Breakout,0.74,1.0,0.4074,0.4074,0.2496,27,1951,0.0032,1148.84,1152.52,1156.19,1137.35,2026-08-11,3,False
WAB,Industrials,Railroads,KDJ,KDJ 金叉,None,0.0,0.5525,0.4074,0.4074,0.3223,27,2110,0.0033,298.04,299.02,300.01,295.06,2026-08-11,3,False
HII,Industrials,Aerospace & Defense,RSI,RSI 維持強勢 (50-70),None,0.0,0.51,0.4065,0.4065,0.2986,278,19157,0.0131,327.85,332.14,336.44,324.57,2026-08-11,3,False
ASML,Information Technology,Semiconductor Equipment & Materials,MACD,MACD 突破 0 軸,None,0.0,0.595,0.4064,,0.4064,0,529,0.0085,1799.38,1814.67,1829.97,1781.39,2026-08-11,3,False
CRDO,Information Technology,Semiconductors,MACD,MACD 突破 0 軸,None,0.0,0.595,0.4064,,0.4064,0,529,0.0085,247.69,249.8,251.9,245.21,2026-08-11,3,False
CRWV,Information Technology,Software - Infrastructure,MACD,MACD 突破 0 軸,None,0.0,0.595,0.4064,,0.4064,0,529,0.0085,90.32,91.09,91.86,89.42,2026-08-11,3,False
ENTG,Information Technology,Semiconductor Equipment & Materials,MACD,MACD 突破 0 軸,None,0.0,0.595,0.4064,,0.4064,0,529,0.0085,150.21,151.49,152.76,148.71,2026-08-11,3,False
FN,Information Technology,Electronic Components,MACD,MACD 突破 0 軸,None,0.0,0.595,0.4064,,0.4064,0,529,0.0085,525.88,530.35,534.82,520.62,2026-08-11,3,False
FROG,Information Technology,Software - Application,MACD,MACD 突破 0 軸,None,0.0,0.595,0.4064,,0.4064,0,529,0.0085,88.15,88.9,89.65,87.27,2026-08-10,3,False
FTV,Information Technology,Scientific & Technical Instruments,MACD,MACD 突破 0 軸,None,0.0,0.595,0.4064,,0.4064,0,529,0.0085,61.68,62.2,62.73,61.06,2026-08-11,3,False
GRAB,Information Technology,Software - Application,MACD,MACD 突破 0 軸,None,0.0,0.595,0.4064,,0.4064,0,529,0.0085,3.66,3.69,3.72,3.62,2026-08-07,3,False
SITM,Information Technology,Semiconductors,MACD,MACD 突破 0 軸,None,0.0,0.595,0.4064,,0.4064,0,529,0.0085,689.96,695.82,701.69,683.06,2026-08-10,3,False
STRD,Information Technology,Software - Application,MACD,MACD 突破 0 軸,None,0.0,0.595,0.4064,,0.4064,0,529,0.0085,66.0,66.56,67.12,65.34,2026-08-07,3,False
UI,Information Technology,Communication Equipment,MACD,MACD 突破 0 軸,None,0.0,0.595,0.4064,,0.4064,0,529,0.0085,570.47,575.32,580.17,564.77,2026-08-10,3,False
WSE,Information Technology,Information Technology Services,MACD,MACD 突破 0 軸,None,0.0,0.595,0.4064,,0.4064,0,529,0.0085,12.54,12.65,12.75,12.41,2026-08-10,3,False
ITUB,Financials,Banks - Regional,BB,BB 跌破下軌 (超賣),None,0.0,0.45499999999999996,0.4057,,0.4057,0,424,0.0104,7.5,7.58,7.66,7.42,2026-08-11,3,True
AVGO,Information Technology,Semiconductors,BB,BB 中軌向上（上升趨勢）,None,0.0,0.51,0.4056,0.4056,0.3639,323,16781,0.0099,416.08,420.2,424.32,411.92,2026-08-11,3,False
GOOG,Communication Services,Internet Content & Information,RSI,RSI 維持強勢 (50-70),None,0.0,0.51,0.4049,0.4049,0.3082,247,5205,0.0099,355.84,359.36,362.89,352.28,2026-08-10,3,False
IVZ,Financials,Asset Management,RSI,RSI 維持強勢 (50-70),None,0.0,0.51,0.404,0.404,0.2842,198,19108,0.0093,31.36,31.65,31.94,31.05,2026-08-11,3,False
GOOGL,Communication Services,Internet Content & Information,RSI,RSI 維持強勢 (50-70),None,0.0,0.51,0.4034,0.4034,0.3082,238,5205,0.0103,357.52,361.2,364.88,353.94,2026-08-10,3,False
DKNG,Consumer Discretionary,Gambling,BB,價格在 BB 中軌上方,None,0.0,0.425,0.4026,,0.4026,0,529,0.0119,24.03,24.32,24.6,23.79,2026-08-07,3,True
JD,Consumer Discretionary,Internet Retail,BB,價格在 BB 中軌上方,None,0.0,0.425,0.4026,,0.4026,0,529,0.0119,31.92,32.3,32.68,31.6,2026-08-11,3,True
ONON,Consumer Discretionary,Footwear & Accessories,BB,價格在 BB 中軌上方,None,0.0,0.425,0.4026,,0.4026,0,529,0.0119,38.78,39.24,39.7,38.39,2026-08-10,3,True
SE,Consumer Discretionary,Internet Retail,BB,價格在 BB 中軌上方,None,0.0,0.425,0.4026,,0.4026,0,529,0.0119,131.51,133.07,134.64,130.19,2026-08-11,3,True
MS,Financials,Capital Markets,RSI,RSI 加速上升,None,0.0,0.5525,0.4025,0.4025,0.3014,159,11488,0.0109,216.33,218.69,221.05,214.17,2026-08-07,3,False
CNI,Industrials,Railroads,BB,BB 中軌向上（上升趨勢）,Bullish Engulfing,0.75,1.0,0.4012,,0.4012,0,324,0.0121,125.14,126.65,128.17,123.89,2026-08-10,3,False
LMT,Industrials,Aerospace & Defense,BB,BB 中軌向上（上升趨勢）,Bullish Engulfing,0.75,1.0,0.4012,,0.4012,0,324,0.0121,587.95,595.06,602.18,582.07,2026-08-07,3,False
MAR,Consumer Discretionary,Lodging,RSI,RSI 加速上升,None,0.0,0.5525,0.4012,0.4012,0.3117,162,6796,0.0079,349.49,352.25,355.01,346.0,2026-08-11,3,False
CBOE,Financials,Financial Data & Stock Exchanges,RSI,RSI 維持強勢 (50-70),Morning Star,0.8,1.0,0.4,0.4,0.4278,5,367,0.0183,286.58,291.82,297.07,283.71,2026-08-07,3,False
COST,Consumer Staples,Discount Stores,MACD,MACD 突破 0 軸,None,0.0,0.595,0.4,0.4,0.2408,10,299,0.0202,952.75,972.0,991.24,943.22,2026-08-10,3,False
TT,Industrials,Building Products & Equipment,MACD,MACD 突破 0 軸,None,0.0,0.595,0.4,0.4,0.2912,5,570,0.0261,476.99,489.44,501.89,472.22,2026-08-10,3,False
LII,Industrials,Building Products & Equipment,RSI,RSI 加速上升,None,0.0,0.5525,0.4,0.4,0.2981,140,11545,0.0074,439.77,443.02,446.28,435.37,2026-08-07,3,False
TMO,Health Care,Diagnostics & Research,KDJ,KDJ 金叉,None,0.0,0.5525,0.4,0.4,0.2852,25,1536,0.0083,594.0,598.93,603.86,588.06,2026-08-07,3,False
GDDY,Information Technology,Software - Infrastructure,RSI,RSI 上穿 50 中性線,None,0.0,0.4675,0.4,0.4,0.3785,25,1593,-0.0006,91.07,91.02,90.96,90.16,2026-08-07,3,False
ON,Information Technology,Semiconductors,MACD,MACD 金叉 (空頭區),None,0.0,0.42,0.4,0.4,0.3767,15,754,0.0006,81.17,81.22,81.27,80.36,2026-08-07,3,False
KEYS,Information Technology,Scientific & Technical Instruments,RSI,RSI 維持強勢 (50-70),None,0.0,0.51,0.399,0.399,0.3645,198,16764,0.0164,335.41,340.91,346.41,332.06,2026-08-10,3,False
C,Financials,Banks - Diversified,RSI,RSI 加速上升,None,0.0,0.5525,0.3989,0.3989,0.3014,188,11488,0.0114,135.0,136.54,138.08,133.65,2026-08-07,3,False
EL,Consumer Staples,Household & Personal Products,RSI,RSI 加速上升,None,0.0,0.5525,0.3957,0.3957,0.2439,187,5343,0.0015,88.35,88.48,88.62,87.47,2026-08-07,3,False
JLL,Real Estate,Real Estate Services,BB,BB 中軌向上（上升趨勢）,Bullish Engulfing,0.75,1.0,0.3942,,0.3942,0,104,0.012,363.36,367.72,372.08,359.73,2026-08-11,3,False
FOX,Communication Services,Entertainment,RSI,RSI 動能加速（強勢區）,None,0.0,0.51,0.3939,0.3939,0.3135,33,772,-0.0003,57.03,57.01,57.0,56.46,2026-08-07,3,False
GILD,Health Care,Drug Manufacturers - General,RSI,RSI 上穿 50 中性線,None,0.0,0.4675,0.3939,0.3939,0.3144,33,1323,0.0037,133.21,133.7,134.2,131.88,2026-08-07,3,False
AS,Consumer Discretionary,Leisure,BB,BB 中軌向上（上升趨勢）,None,0.0,0.51,0.3934,,0.3934,0,427,0.0097,33.85,34.18,34.51,33.51,2026-08-11,3,True
DXCM,Health Care,Medical Devices,BB,價格在 BB 中軌上方,None,0.0,0.425,0.3924,0.3924,0.2804,237,14417,0.0073,89.53,90.18,90.84,88.63,2026-08-11,3,False
ADP,Information Technology,Software - Application,KDJ,KDJ 金叉,None,0.0,0.5525,0.3918,,0.3918,0,1955,0.0107,273.68,276.61,279.54,270.94,2026-08-10,3,False
CHKP,Information Technology,Software - Infrastructure,KDJ,KDJ 金叉,None,0.0,0.5525,0.3918,,0.3918,0,1955,0.0107,131.14,132.54,133.95,129.83,2026-08-10,3,False
CPAY,Information Technology,Software - Infrastructure,KDJ,KDJ 金叉,None,0.0,0.5525,0.3918,,0.3918,0,1955,0.0107,406.16,410.51,414.85,402.1,2026-08-11,3,False
LOGI,Information Technology,Computer Hardware,KDJ,KDJ 金叉,None,0.0,0.5525,0.3918,,0.3918,0,1955,0.0107,104.87,105.99,107.11,103.82,2026-08-10,3,False
PAYX,Information Technology,Software - Application,KDJ,KDJ 金叉,None,0.0,0.5525,0.3918,,0.3918,0,1955,0.0107,121.18,122.48,123.77,119.97,2026-08-10,3,False
SONY,Information Technology,Consumer Electronics,KDJ,KDJ 金叉,None,0.0,0.5525,0.3918,,0.3918,0,1955,0.0107,23.82,24.07,24.33,23.58,2026-08-10,3,False
STRF,Information Technology,Software - Application,KDJ,KDJ 金叉,None,0.0,0.5525,0.3918,,0.3918,0,1955,0.0107,96.29,97.32,98.35,95.33,2026-08-11,3,False
RCI,Communication Services,Telecom Services,MACD,MACD 突破 0 軸,Consolidation Breakout,0.75,1.0,0.3913,,0.3913,0,23,0.0075,35.31,35.57,35.84,34.96,2026-08-11,3,False
FDS,Financials,Financial Data & Stock Exchanges,KDJ,KDJ 金叉,None,0.0,0.5525,0.3913,0.3913,0.3142,23,1932,0.0013,285.57,285.94,286.31,282.71,2026-08-07,3,False
MRNA,Health Care,Biotechnology,RSI,RSI 加速上升,None,0.0,0.5525,0.3911,0.3911,0.2803,179,8492,-0.0013,60.57,60.49,60.41,59.96,2026-08-11,3,False
VTRS,Health Care,Drug Manufacturers - Specialty & Generic,BB,BB 中軌向上（上升趨勢）,None,0.0,0.51,0.3899,0.3899,0.2705,218,10885,0.0123,16.28,16.48,16.68,16.12,2026-08-10,3,False
SPCX,Industrials,Aerospace & Defense,RSI,RSI 上穿 50 中性線,None,0.0,0.4675,0.3898,,0.3898,0,118,0.0111,133.11,134.59,136.07,131.78,2026-08-07,3,True
TECH,Health Care,Biotechnology,BB,價格在 BB 中軌上方,None,0.0,0.425,0.3897,0.3897,0.2804,195,14417,-0.0003,72.12,72.1,72.08,71.4,2026-08-10,3,False
BROS,Consumer Discretionary,Restaurants,RSI,RSI 維持超賣,None,0.0,0.385,0.3894,,0.3894,0,565,0.0066,49.57,49.9,50.22,49.07,2026-08-11,3,False
ROL,Consumer Discretionary,Personal Services,RSI,RSI 維持超賣,None,0.0,0.385,0.3894,,0.3894,0,565,0.0066,37.01,37.25,37.5,36.64,2026-08-11,3,False
AA,Materials,Aluminum,BB,BB 中軌向上（上升趨勢）,None,0.0,0.51,0.3886,,0.3886,0,229,0.0091,54.08,54.57,55.06,53.54,2026-08-11,3,True
AEM,Materials,Gold,BB,BB 中軌向上（上升趨勢）,None,0.0,0.51,0.3886,,0.3886,0,229,0.0091,178.82,180.45,182.07,177.03,2026-08-07,3,True
B,Materials,Gold,BB,BB 中軌向上（上升趨勢）,None,0.0,0.51,0.3886,,0.3886,0,229,0.0091,40.88,41.25,41.62,40.47,2026-08-10,3,True
HPE,Information Technology,Communication Equipment,RSI,RSI 加速上升,None,0.0,0.5525,0.3879,0.3879,0.3693,116,10688,0.0216,54.68,55.86,57.04,54.13,2026-08-10,3,False
PM,Consumer Staples,Tobacco,RSI,RSI 上穿 50 中性線,None,0.0,0.4675,0.3871,0.3871,0.2565,31,928,0.0023,189.57,190.01,190.44,187.67,2026-08-07,3,False
IRM,Real Estate,REIT - Specialty,BB,BB 中軌向上（上升趨勢）,None,0.0,0.51,0.3865,0.3865,0.2647,251,5713,0.0112,122.39,123.76,125.13,121.17,2026-08-11,3,False
BPYPM,Financials,Asset Management,MACD,MACD 突破 0 軸,None,0.0,0.595,0.3846,,0.3846,0,39,0.0004,16.27,16.28,16.28,16.11,2026-08-11,3,True
AJG,Financials,Insurance Brokers,KDJ,KDJ 金叉,None,0.0,0.5525,0.3846,0.3846,0.3142,26,1932,0.0024,253.51,254.12,254.73,250.97,2026-08-11,3,False
UNH,Health Care,Healthcare Plans,KDJ,KDJ 金叉,None,0.0,0.5525,0.3846,0.3846,0.2852,26,1536,0.0124,407.08,412.13,417.18,403.01,2026-08-07,3,False
SMCI,Information Technology,Computer Hardware,RSI,RSI 動能加速（強勢區）,None,0.0,0.51,0.3846,0.3846,0.366,39,2885,-0.0113,31.13,30.78,30.43,30.82,2026-08-07,3,False
CAT,Industrials,Farm & Heavy Construction Machinery,RSI,RSI 加速上升,None,0.0,0.5525,0.3827,0.3827,0.2981,162,11545,0.0133,842.19,853.39,864.59,833.77,2026-08-07,3,False
NUE,Materials,Steel,RSI,RSI 維持強勢 (50-70),None,0.0,0.51,0.3827,0.3827,0.286,162,5721,0.0078,271.95,274.07,276.19,269.23,2026-08-11,3,False
TXT,Industrials,Aerospace & Defense,KDJ,KDJ 金叉,None,0.0,0.5525,0.3824,0.3824,0.3223,34,2110,0.008,89.43,90.15,90.86,88.54,2026-08-07,3,False
ADI,Information Technology,Semiconductors,RSI,RSI 維持強勢 (50-70),None,0.0,0.51,0.3816,0.3816,0.3645,228,16764,0.0088,385.3,388.69,392.08,381.45,2026-08-11,3,False
CFG,Financials,Banks - Regional,KDJ,KDJ 金叉,None,0.0,0.5525,0.381,0.381,0.3142,21,1932,0.0034,72.99,73.24,73.49,72.26,2026-08-11,3,False
SNPS,Information Technology,Software - Infrastructure,RSI,RSI 加速上升,None,0.0,0.5525,0.381,0.381,0.3693,126,10688,0.0114,411.68,416.37,421.07,407.56,2026-08-10,3,False
UPS,Industrials,Integrated Freight & Logistics,KDJ,KDJ 金叉,None,0.0,0.5525,0.381,0.381,0.3223,21,2110,0.0075,104.72,105.51,106.29,103.67,2026-08-10,3,False
IBM,Information Technology,Information Technology Services,RSI,RSI 維持強勢 (50-70),None,0.0,0.51,0.3798,0.3798,0.3645,208,16764,0.0127,238.42,241.45,244.48,236.04,2026-08-11,3,False
MCHP,Information Technology,Semiconductors,RSI,RSI 維持強勢 (50-70),None,0.0,0.51,0.3797,0.3797,0.3645,158,16764,0.013,84.69,85.79,86.89,83.84,2026-08-07,3,False
ORCL,Information Technology,Software - Infrastructure,RSI,RSI 加速上升,None,0.0,0.5525,0.3793,0.3793,0.3693,145,10688,0.005,151.05,151.81,152.56,149.54,2026-08-10,3,False
TEL,Information Technology,Electronic Components,KDJ,KDJ 金叉,None,0.0,0.5525,0.3793,0.3793,0.3918,29,1955,0.0112,218.69,221.14,223.59,216.5,2026-08-11,3,False
URI,Industrials,Rental & Leasing Services,RSI,RSI 維持強勢 (50-70),None,0.0,0.51,0.3792,0.3792,0.2986,240,19157,0.0121,1143.59,1157.43,1171.26,1132.15,2026-08-11,3,False
ASX,Information Technology,Semiconductors,RSI,RSI 上穿 50 中性線,None,0.0,0.4675,0.3785,,0.3785,0,1593,0.0087,37.39,37.72,38.04,37.02,2026-08-07,3,False
DOCN,Information Technology,Software - Infrastructure,RSI,RSI 上穿 50 中性線,None,0.0,0.4675,0.3785,,0.3785,0,1593,0.0087,129.73,130.86,131.99,128.43,2026-08-10,3,False
EPAM,Information Technology,Information Technology Services,RSI,RSI 上穿 50 中性線,None,0.0,0.4675,0.3785,,0.3785,0,1593,0.0087,97.43,98.28,99.13,96.46,2026-08-07,3,False
FIS,Information Technology,Information Technology Services,RSI,RSI 上穿 50 中性線,None,0.0,0.4675,0.3785,,0.3785,0,1593,0.0087,42.76,43.13,43.5,42.33,2026-08-11,3,False
FORM,Information Technology,Semiconductor Equipment & Materials,RSI,RSI 上穿 50 中性線,None,0.0,0.4675,0.3785,,0.3785,0,1593,0.0087,121.07,122.12,123.18,119.86,2026-08-11,3,False
IONQ,Information Technology,Computer Hardware,RSI,RSI 上穿 50 中性線,None,0.0,0.4675,0.3785,,0.3785,0,1593,0.0087,44.43,44.82,45.2,43.99,2026-08-07,3,False
MRVL,Information Technology,Semiconductors,RSI,RSI 上穿 50 中性線,None,0.0,0.4675,0.3785,,0.3785,0,1593,0.0087,212.31,214.16,216.0,210.19,2026-08-11,3,False
MSTR,Information Technology,Software - Application,RSI,RSI 上穿 50 中性線,None,0.0,0.4675,0.3785,,0.3785,0,1593,0.0087,100.01,100.88,101.75,99.01,2026-08-07,3,False
NXT,Information Technology,Solar,RSI,RSI 上穿 50 中性線,None,0.0,0.4675,0.3785,,0.3785,0,1593,0.0087,104.88,105.79,106.7,103.83,2026-08-11,3,False
ONTO,Information Technology,Semiconductor Equipment & Materials,RSI,RSI 上穿 50 中性線,None,0.0,0.4675,0.3785,,0.3785,0,1593,0.0087,308.3,310.98,313.66,305.22,2026-08-07,3,False
SNX,Information Technology,Electronics & Computer Distribution,RSI,RSI 上穿 50 中性線,None,0.0,0.4675,0.3785,,0.3785,0,1593,0.0087,254.0,256.21,258.42,251.46,2026-08-11,3,False
TSEM,Information Technology,Semiconductors,RSI,RSI 上穿 50 中性線,None,0.0,0.4675,0.3785,,0.3785,0,1593,0.0087,252.49,254.69,256.88,249.97,2026-08-07,3,False
NVS,Health Care,Drug Manufacturers - General,RSI,RSI 維持強勢 (50-70),Morning Star,0.8,1.0,0.3781,,0.3781,0,283,0.0127,156.79,158.78,160.77,155.22,2026-08-10,3,False
GE,Industrials,Aerospace & Defense,BB,價格在 BB 中軌上方,None,0.0,0.425,0.378,0.378,0.295,373,22337,0.0075,368.06,370.82,373.58,364.38,2026-08-11,3,False
UTHR,Health Care,Drug Manufacturers - Specialty & Generic,RSI,RSI 動能加速（強勢區）,None,0.0,0.51,0.3778,,0.3778,0,225,0.0031,538.84,540.51,542.18,533.45,2026-08-07,3,True
AMKR,Information Technology,Semiconductor Equipment & Materials,MACD,MACD 金叉 (空頭區),None,0.0,0.42,0.3767,,0.3767,0,754,0.0102,55.27,55.83,56.4,54.72,2026-08-07,3,False
NVMI,Information Technology,Semiconductor Equipment & Materials,MACD,MACD 金叉 (空頭區),None,0.0,0.42,0.3767,,0.3767,0,754,0.0102,395.95,399.99,404.03,391.99,2026-08-11,3,False
SNDK,Information Technology,Computer Hardware,MACD,MACD 金叉 (空頭區),None,0.0,0.42,0.3767,,0.3767,0,754,0.0102,1237.92,1250.55,1263.17,1225.54,2026-08-10,3,False
STM,Information Technology,Semiconductors,MACD,MACD 金叉 (空頭區),None,0.0,0.42,0.3767,,0.3767,0,754,0.0102,56.1,56.67,57.24,55.54,2026-08-07,3,False
DASH,Consumer Discretionary,Internet Retail,BB,BB 中軌向上（上升趨勢）,Cup & Handle,0.81,1.0,0.3758,,0.3758,0,149,0.0033,216.26,216.97,217.69,214.1,2026-08-07,3,True
FISV,Information Technology,Financial Technology,BB,BB 中軌向上（上升趨勢）,Bullish Engulfing,0.75,1.0,0.3757,,0.3757,0,338,0.0116,52.72,53.33,53.94,52.19,2026-08-11,3,False
HAS,Consumer Discretionary,Leisure,KDJ,KDJ 金叉,None,0.0,0.5525,0.375,0.375,0.3183,32,1244,0.0034,97.04,97.37,97.7,96.07,2026-08-11,3,False
T,Communication Services,Telecom Services,KDJ,KDJ 金叉,None,0.0,0.5525,0.375,0.375,0.3345,16,550,0.0074,24.05,24.23,24.41,23.81,2026-08-10,3,False
LULU,Consumer Discretionary,Apparel Retail,BB,BB 中軌向上（上升趨勢）,None,0.0,0.51,0.375,0.375,0.2908,152,9757,0.0064,125.61,126.41,127.22,124.35,2026-08-11,3,False
UHS,Health Care,Medical Care Facilities,RSI,RSI 動能加速（強勢區）,None,0.0,0.51,0.375,0.375,0.2606,24,1869,0.0077,173.54,174.88,176.21,171.8,2026-08-07,3,False
BKNG,Consumer Discretionary,Travel Services,RSI,RSI 加速上升,None,0.0,0.5525,0.3742,0.3742,0.3117,155,6796,0.0066,212.87,214.27,215.68,210.74,2026-08-11,3,False
CF,Materials,Agricultural Inputs,RSI,RSI 維持強勢 (50-70),None,0.0,0.51,0.3742,0.3742,0.286,155,5721,0.0005,121.48,121.54,121.6,120.27,2026-08-10,3,False
DLTR,Consumer Staples,Discount Stores,RSI,RSI 維持強勢 (50-70),None,0.0,0.51,0.3736,0.3736,0.2452,182,7574,-0.0013,128.06,127.89,127.73,126.78,2026-08-11,3,False
LRCX,Information Technology,Semiconductor Equipment & Materials,BB,價格在 BB 中軌上方,None,0.0,0.425,0.373,0.373,0.3573,370,20206,0.0086,311.41,314.09,316.77,308.3,2026-08-11,3,False
ET,Energy,Oil & Gas Midstream,MACD,MACD 金叉 (多頭區),Consolidation Breakout,0.77,1.0,0.3704,,0.3704,0,27,0.0062,20.78,20.91,21.04,20.57,2026-08-11,3,False
BEN,Financials,Asset Management,BB,BB 中軌向上（上升趨勢）,None,0.0,0.51,0.3704,0.3704,0.2681,135,16575,0.0094,33.52,33.84,34.15,33.18,2026-08-10,3,False
SBUX,Consumer Discretionary,Restaurants,MACD,MACD 金叉 (多頭區),None,0.0,0.68,0.37,,0.37,0,273,0.0063,106.66,107.33,108.0,105.59,2026-08-11,3,False
SW,Consumer Discretionary,Packaging & Containers,MACD,MACD 金叉 (多頭區),None,0.0,0.68,0.37,,0.37,0,273,0.0063,49.62,49.93,50.25,49.12,2026-08-11,3,False
eBay,Consumer Discretionary,Internet Retail,MACD,MACD 金叉 (多頭區),None,0.0,0.68,0.37,,0.37,0,273,0.0063,111.75,112.45,113.16,110.63,2026-06-30,3,False
CG,Financials,Asset Management,BB,BB 中軌向上（上升趨勢）,Bullish Engulfing,0.75,1.0,0.3697,,0.3697,0,330,0.0108,48.36,48.88,49.4,47.88,2026-08-11,3,False
SF,Financials,Capital Markets,BB,BB 中軌向上（上升趨勢）,Bullish Engulfing,0.75,1.0,0.3697,,0.3697,0,330,0.0108,83.68,84.58,85.49,82.84,2026-08-10,3,False
TFC,Financials,Banks - Regional,BB,BB 中軌向上（上升趨勢）,Bullish Engulfing,0.75,1.0,0.3697,,0.3697,0,330,0.0108,52.31,52.87,53.44,51.79,2026-08-11,3,False
TRU,Financials,Financial Data & Stock Exchanges,BB,BB 中軌向上（上升趨勢）,Bullish Engulfing,0.75,1.0,0.3697,,0.3697,0,330,0.0108,80.37,81.24,82.11,79.57,2026-08-11,3,False
ZION,Financials,Banks - Regional,BB,BB 中軌向上（上升趨勢）,Bullish Engulfing,0.75,1.0,0.3697,,0.3697,0,330,0.0108,70.62,71.38,72.15,69.91,2026-08-10,3,False
ETN,Industrials,Specialty Industrial Machinery,BB,BB 中軌向上（上升趨勢）,None,0.0,0.51,0.3695,0.3695,0.2929,203,17460,0.0111,459.29,464.39,469.49,454.7,2026-08-11,3,False
ARM,Information Technology,Semiconductors,RSI,RSI 加速上升,None,0.0,0.5525,0.3693,,0.3693,0,10688,0.0074,282.57,284.66,286.75,279.74,2026-08-07,3,False
ASTS,Information Technology,Communication Equipment,RSI,RSI 加速上升,None,0.0,0.5525,0.3693,,0.3693,0,10688,0.0074,71.94,72.47,73.0,71.22,2026-08-07,3,False
BMNP,Information Technology,Blockchain,RSI,RSI 加速上升,None,0.0,0.5525,0.3693,,0.3693,0,10688,0.0074,89.88,90.55,91.21,88.98,2026-08-10,3,False
CACI,Information Technology,Information Technology Services,RSI,RSI 加速上升,None,0.0,0.5525,0.3693,,0.3693,0,10688,0.0074,667.57,672.51,677.45,660.89,2026-08-11,3,False
CBRS,Information Technology,Semiconductors,RSI,RSI 加速上升,None,0.0,0.5525,0.3693,,0.3693,0,10688,0.0074,226.73,228.41,230.09,224.46,2026-08-07,3,False
DT,Information Technology,Software - Application,RSI,RSI 加速上升,None,0.0,0.5525,0.3693,,0.3693,0,10688,0.0074,50.57,50.94,51.32,50.06,2026-08-10,3,False
ERIC,Information Technology,Communication Equipment,RSI,RSI 加速上升,None,0.0,0.5525,0.3693,,0.3693,0,10688,0.0074,10.15,10.23,10.3,10.05,2026-08-07,3,False
FLEX,Information Technology,Electronic Components,RSI,RSI 加速上升,None,0.0,0.5525,0.3693,,0.3693,0,10688,0.0074,121.35,122.25,123.15,120.14,2026-08-07,3,False
GFS,Information Technology,Semiconductors,RSI,RSI 加速上升,None,0.0,0.5525,0.3693,,0.3693,0,10688,0.0074,50.05,50.42,50.79,49.55,2026-08-10,3,False
GWRE,Information Technology,Software - Application,RSI,RSI 加速上升,None,0.0,0.5525,0.3693,,0.3693,0,10688,0.0074,176.65,177.96,179.26,174.88,2026-08-11,3,False
IOT,Information Technology,Software - Infrastructure,RSI,RSI 加速上升,None,0.0,0.5525,0.3693,,0.3693,0,10688,0.0074,40.88,41.18,41.49,40.47,2026-08-07,3,False
LDOS,Information Technology,Information Technology Services,RSI,RSI 加速上升,None,0.0,0.5525,0.3693,,0.3693,0,10688,0.0074,139.1,140.13,141.16,137.71,2026-08-10,3,False
MDB,Information Technology,Software - Infrastructure,RSI,RSI 加速上升,None,0.0,0.5525,0.3693,,0.3693,0,10688,0.0074,439.16,442.41,445.66,434.77,2026-08-11,3,False
MTSI,Information Technology,Semiconductors,RSI,RSI 加速上升,None,0.0,0.5525,0.3693,,0.3693,0,10688,0.0074,299.93,302.15,304.37,296.93,2026-08-11,3,False
OKTA,Information Technology,Software - Infrastructure,RSI,RSI 加速上升,None,0.0,0.5525,0.3693,,0.3693,0,10688,0.0074,150.77,151.89,153.0,149.26,2026-08-10,3,False
QNT,Information Technology,Software - Application,RSI,RSI 加速上升,None,0.0,0.5525,0.3693,,0.3693,0,10688,0.0074,58.71,59.14,59.58,58.12,2026-08-07,3,False
RMBS,Information Technology,Semiconductors,RSI,RSI 加速上升,None,0.0,0.5525,0.3693,,0.3693,0,10688,0.0074,95.89,96.6,97.31,94.93,2026-08-10,3,False
SANM,Information Technology,Electronic Components,RSI,RSI 加速上升,None,0.0,0.5525,0.3693,,0.3693,0,10688,0.0074,202.73,204.23,205.73,200.7,2026-08-07,3,False
SAP,Information Technology,Software - Application,RSI,RSI 加速上升,None,0.0,0.5525,0.3693,,0.3693,0,10688,0.0074,209.68,211.23,212.78,207.58,2026-08-11,3,False
SHOP,Information Technology,Software - Application,RSI,RSI 加速上升,None,0.0,0.5525,0.3693,,0.3693,0,10688,0.0074,152.61,153.74,154.87,151.08,2026-08-11,3,False
SMCIP,Information Technology,Computer Hardware,RSI,RSI 加速上升,None,0.0,0.5525,0.3693,,0.3693,0,10688,0.0074,55.06,55.47,55.87,54.51,2026-08-10,3,False
SMTC,Information Technology,Semiconductors,RSI,RSI 加速上升,None,0.0,0.5525,0.3693,,0.3693,0,10688,0.0074,131.27,132.24,133.21,129.96,2026-08-10,3,False
SNOW,Information Technology,Software - Application,RSI,RSI 加速上升,None,0.0,0.5525,0.3693,,0.3693,0,10688,0.0074,334.7,337.18,339.65,331.35,2026-08-10,3,False
STRC,Information Technology,Software - Application,RSI,RSI 加速上升,None,0.0,0.5525,0.3693,,0.3693,0,10688,0.0074,95.01,95.71,96.42,94.06,2026-08-07,3,False
STRK,Information Technology,Software - Application,RSI,RSI 加速上升,None,0.0,0.5525,0.3693,,0.3693,0,10688,0.0074,67.56,68.06,68.56,66.88,2026-08-10,3,False
TOST,Information Technology,Software - Infrastructure,RSI,RSI 加速上升,None,0.0,0.5525,0.3693,,0.3693,0,10688,0.0074,35.69,35.95,36.22,35.33,2026-08-10,3,False
TSM,Information Technology,Semiconductors,RSI,RSI 加速上升,None,0.0,0.5525,0.3693,,0.3693,0,10688,0.0074,420.04,423.15,426.26,415.84,2026-08-07,3,False
TTMI,Information Technology,Electronic Components,RSI,RSI 加速上升,None,0.0,0.5525,0.3693,,0.3693,0,10688,0.0074,130.08,131.04,132.01,128.78,2026-08-10,3,False
VIAV,Information Technology,Communication Equipment,RSI,RSI 加速上升,None,0.0,0.5525,0.3693,,0.3693,0,10688,0.0074,39.14,39.43,39.72,38.75,2026-08-07,3,False
VICR,Information Technology,Electronic Components,RSI,RSI 加速上升,None,0.0,0.5525,0.3693,,0.3693,0,10688,0.0074,221.2,222.84,224.47,218.99,2026-08-07,3,False
ZS,Information Technology,Software - Infrastructure,RSI,RSI 加速上升,None,0.0,0.5525,0.3693,,0.3693,0,10688,0.0074,176.68,177.99,179.29,174.91,2026-08-10,3,False
IDXX,Health Care,Diagnostics & Research,RSI,RSI 動能加速（強勢區）,None,0.0,0.51,0.3684,0.3684,0.2606,19,1869,0.0118,595.76,602.79,609.82,589.8,2026-08-10,3,False
ALC,Health Care,Medical Instruments & Supplies,RSI,RSI 加速上升,None,0.0,0.5525,0.3667,,0.3667,0,559,0.0015,75.35,75.46,75.58,74.6,2026-08-11,3,True
EFX,Industrials,Consulting Services,RSI,RSI 加速上升,None,0.0,0.5525,0.3667,0.3667,0.2981,150,11545,0.0005,181.04,181.13,181.22,179.23,2026-08-10,3,False
GMED,Health Care,Medical Devices,RSI,RSI 加速上升,None,0.0,0.5525,0.3667,,0.3667,0,559,0.0015,82.35,82.47,82.6,81.53,2026-08-07,3,True
TRP,Energy,Oil & Gas Midstream,BB,BB 跌破下軌 (超賣),None,0.0,0.45499999999999996,0.3664,,0.3664,0,292,0.0073,63.23,63.69,64.15,62.6,2026-08-07,3,False
TS,Energy,Oil & Gas Equipment & Services,BB,BB 跌破下軌 (超賣),None,0.0,0.45499999999999996,0.3664,,0.3664,0,292,0.0073,53.04,53.43,53.81,52.51,2026-08-07,3,False
NTNX,Information Technology,Software - Infrastructure,RSI,RSI 動能加速（強勢區）,None,0.0,0.51,0.366,,0.366,0,2885,0.0091,62.67,63.24,63.81,62.04,2026-08-07,3,False
FTNT,Information Technology,Software - Infrastructure,MACD,MACD 金叉 (多頭區),None,0.0,0.68,0.3651,,0.3651,0,504,0.0103,164.21,165.9,167.59,162.57,2026-08-10,3,False
ALAB,Information Technology,Semiconductors,RSI,RSI 維持強勢 (50-70),None,0.0,0.51,0.3645,,0.3645,0,16764,0.0088,334.17,337.11,340.05,330.83,2026-08-07,3,False
CGNX,Information Technology,Scientific & Technical Instruments,RSI,RSI 維持強勢 (50-70),None,0.0,0.51,0.3645,,0.3645,0,16764,0.0088,66.89,67.48,68.07,66.22,2026-08-07,3,False
GIB,Information Technology,Information Technology Services,RSI,RSI 維持強勢 (50-70),None,0.0,0.51,0.3645,,0.3645,0,16764,0.0088,74.86,75.52,76.18,74.11,2026-08-11,3,False
INFY,Information Technology,Information Technology Services,RSI,RSI 維持強勢 (50-70),None,0.0,0.51,0.3645,,0.3645,0,16764,0.0088,12.6,12.71,12.82,12.47,2026-08-11,3,False
JKHY,Information Technology,Information Technology Services,RSI,RSI 維持強勢 (50-70),None,0.0,0.51,0.3645,,0.3645,0,16764,0.0088,153.63,154.98,156.33,152.09,2026-08-11,3,False
LFUS,Information Technology,Electronic Components,RSI,RSI 維持強勢 (50-70),None,0.0,0.51,0.3645,,0.3645,0,16764,0.0088,453.87,457.86,461.86,449.33,2026-08-11,3,False
SSNC,Information Technology,Software - Application,RSI,RSI 維持強勢 (50-70),None,0.0,0.51,0.3645,,0.3645,0,16764,0.0088,79.85,80.55,81.26,79.05,2026-08-11,3,False
WIT,Information Technology,Information Technology Services,RSI,RSI 維持強勢 (50-70),None,0.0,0.51,0.3645,,0.3645,0,16764,0.0088,1.97,1.99,2.0,1.95,2026-08-11,3,False
XYZ,Information Technology,Software - Infrastructure,RSI,RSI 維持強勢 (50-70),None,0.0,0.51,0.3645,,0.3645,0,16764,0.0088,79.07,79.77,80.46,78.28,2026-08-11,3,False
ZM,Information Technology,Software - Application,RSI,RSI 維持強勢 (50-70),None,0.0,0.51,0.3645,,0.3645,0,16764,0.0088,106.06,106.99,107.93,105.0,2026-08-11,3,False
GRMN,Information Technology,Scientific & Technical Instruments,BB,BB 中軌向上（上升趨勢）,None,0.0,0.51,0.3639,,0.3639,0,16781,0.009,309.65,312.44,315.22,306.55,2026-08-11,3,False
HUBB,Industrials,Electrical Equipment & Parts,RSI,RSI 維持強勢 (50-70),Consolidation Breakout,0.73,1.0,0.3636,0.3636,0.2498,11,1365,0.0049,519.62,522.17,524.71,514.42,2026-08-11,3,False
KMI,Energy,Oil & Gas Midstream,KDJ,KDJ 金叉,None,0.0,0.5525,0.3636,0.3636,0.3614,22,498,0.0135,31.39,31.81,32.24,31.08,2026-08-10,3,False
SWKS,Information Technology,Semiconductors,RSI,RSI 加速上升,None,0.0,0.5525,0.3618,0.3618,0.3693,152,10688,0.0061,68.79,69.21,69.63,68.1,2026-08-10,3,False
SLB,Energy,Oil & Gas Equipment & Services,RSI,RSI 加速上升,None,0.0,0.5525,0.3615,0.3615,0.3227,130,3306,0.0037,53.68,53.88,54.08,53.14,2026-08-11,3,False
AM,Energy,Oil & Gas Midstream,KDJ,KDJ 金叉,None,0.0,0.5525,0.3614,,0.3614,0,498,0.0061,21.94,22.07,22.21,21.72,2026-08-10,3,False
AR,Energy,Oil & Gas E&P,KDJ,KDJ 金叉,None,0.0,0.5525,0.3614,,0.3614,0,498,0.0061,37.07,37.3,37.52,36.7,2026-08-10,3,False
CNQ,Energy,Oil & Gas E&P,KDJ,KDJ 金叉,None,0.0,0.5525,0.3614,,0.3614,0,498,0.0061,47.25,47.54,47.83,46.78,2026-08-10,3,False
CQP,Energy,Oil & Gas Midstream,KDJ,KDJ 金叉,None,0.0,0.5525,0.3614,,0.3614,0,498,0.0061,67.27,67.68,68.09,66.6,2026-08-10,3,False
CVE,Energy,Oil & Gas Integrated,KDJ,KDJ 金叉,None,0.0,0.5525,0.3614,,0.3614,0,498,0.0061,29.84,30.02,30.2,29.54,2026-08-11,3,False
EPD,Energy,Oil & Gas Midstream,KDJ,KDJ 金叉,None,0.0,0.5525,0.3614,,0.3614,0,498,0.0061,37.99,38.22,38.45,37.61,2026-08-10,3,False
EQNR,Energy,Oil & Gas Integrated,KDJ,KDJ 金叉,None,0.0,0.5525,0.3614,,0.3614,0,498,0.0061,40.99,41.24,41.49,40.58,2026-08-10,3,False
FTI,Energy,Oil & Gas Equipment & Services,KDJ,KDJ 金叉,None,0.0,0.5525,0.3614,,0.3614,0,498,0.0061,74.13,74.58,75.03,73.39,2026-08-10,3,False
OVV,Energy,Oil & Gas E&P,KDJ,KDJ 金叉,None,0.0,0.5525,0.3614,,0.3614,0,498,0.0061,63.56,63.95,64.34,62.92,2026-08-10,3,False
PR,Energy,Oil & Gas E&P,KDJ,KDJ 金叉,None,0.0,0.5525,0.3614,,0.3614,0,498,0.0061,21.23,21.36,21.49,21.02,2026-08-10,3,False
SUN,Energy,Oil & Gas Refining & Marketing,KDJ,KDJ 金叉,None,0.0,0.5525,0.3614,,0.3614,0,498,0.0061,73.34,73.79,74.23,72.61,2026-08-11,3,False
TTE,Energy,Oil & Gas Integrated,KDJ,KDJ 金叉,None,0.0,0.5525,0.3614,,0.3614,0,498,0.0061,87.96,88.5,89.03,87.08,2026-08-10,3,False
VNOM,Energy,Oil & Gas Midstream,KDJ,KDJ 金叉,None,0.0,0.5525,0.3614,,0.3614,0,498,0.0061,42.88,43.14,43.4,42.45,2026-08-11,3,False
WDS,Energy,Oil & Gas E&P,KDJ,KDJ 金叉,None,0.0,0.5525,0.3614,,0.3614,0,498,0.0061,23.3,23.44,23.58,23.07,2026-08-11,3,False
CIB,Financials,Banks - Regional,KDJ,KDJ 金叉,None,0.0,0.5525,0.3611,,0.3611,0,108,0.0084,98.01,98.83,99.66,97.03,2026-08-11,3,True
BP,Energy,Oil & Gas Integrated,RSI,RSI 上穿 50 中性線,None,0.0,0.4675,0.361,,0.361,0,579,0.0056,42.88,43.12,43.36,42.45,2026-08-10,3,False
DINO,Energy,Oil & Gas Refining & Marketing,RSI,RSI 上穿 50 中性線,None,0.0,0.4675,0.361,,0.361,0,579,0.0056,84.695,85.17,85.64,83.85,2026-08-10,3,False
LNG,Energy,Oil & Gas Midstream,RSI,RSI 上穿 50 中性線,None,0.0,0.4675,0.361,,0.361,0,579,0.0056,265.68,267.17,268.66,263.02,2026-08-10,3,False
PBR,Energy,Oil & Gas Integrated,RSI,RSI 上穿 50 中性線,None,0.0,0.4675,0.361,,0.361,0,579,0.0056,18.33,18.43,18.54,18.15,2026-08-10,3,False
SU,Energy,Oil & Gas Integrated,RSI,RSI 上穿 50 中性線,None,0.0,0.4675,0.361,,0.361,0,579,0.0056,62.73,63.08,63.43,62.1,2026-08-10,3,False
ARGX,Health Care,Biotechnology,RSI,RSI 維持強勢 (50-70),None,0.0,0.51,0.3606,,0.3606,0,502,0.0017,864.74,866.21,867.68,856.09,2026-08-11,3,True
ZTS,Health Care,Drug Manufacturers - Specialty & Generic,RSI,RSI 維持強勢 (50-70),None,0.0,0.51,0.3606,,0.3606,0,502,0.0017,72.66,72.78,72.91,71.93,2026-08-07,3,True
CVX,Energy,Oil & Gas Integrated,KDJ,KDJ 金叉,None,0.0,0.5525,0.36,0.36,0.3614,25,498,0.0072,194.91,196.31,197.72,192.96,2026-08-10,3,False
HWM,Industrials,Aerospace & Defense,RSI,RSI 維持強勢 (50-70),None,0.0,0.51,0.3586,0.3586,0.2986,304,19157,0.0113,281.34,284.52,287.7,278.53,2026-08-11,3,False
EMBJ,Industrials,Aerospace & Defense,RSI,RSI 維持強勢 (50-70),None,0.0,0.51,0.3579,,0.3579,0,746,0.0057,71.39,71.8,72.2,70.68,2026-08-11,3,True
RKLB,Industrials,Aerospace & Defense,RSI,RSI 維持強勢 (50-70),None,0.0,0.51,0.3579,,0.3579,0,746,0.0057,80.04,80.5,80.95,79.24,2026-08-10,3,True
ARWR,Health Care,Biotechnology,BB,BB 中軌向上（上升趨勢）,Bullish Engulfing,0.75,1.0,0.3577,,0.3577,0,260,0.0085,88.33,89.08,89.83,87.45,2026-08-10,3,False
RVTY,Health Care,Diagnostics & Research,BB,BB 中軌向上（上升趨勢）,Bullish Engulfing,0.75,1.0,0.3577,,0.3577,0,260,0.0085,116.02,117.01,117.99,114.86,2026-08-10,3,False
APLD,Information Technology,Information Technology Services,BB,價格在 BB 中軌上方,None,0.0,0.425,0.3573,,0.3573,0,20206,0.0074,29.69,29.91,30.13,29.39,2026-08-11,3,False
LSCC,Information Technology,Semiconductors,BB,價格在 BB 中軌上方,None,0.0,0.425,0.3573,,0.3573,0,20206,0.0074,130.03,130.99,131.95,128.73,2026-08-07,3,False
SO,Utilities,Utilities - Regulated Electric,BB,BB 跌破下軌 (超賣),None,0.0,0.45499999999999996,0.3571,0.3571,0.4104,14,441,0.013,91.34,92.53,93.71,90.43,2026-08-10,3,False
AES,Utilities,Utilities - Diversified,BB,價格在 BB 中軌上方,None,0.0,0.425,0.3568,0.3568,0.246,213,9864,0.0076,14.73,14.84,14.95,14.58,2026-08-10,3,False
AXIA,Utilities,Utilities - Renewable,BB,BB 中軌向上（上升趨勢）,None,0.0,0.51,0.3562,,0.3562,0,365,0.0089,10.22,10.31,10.4,10.12,2026-08-06,3,True
BAX,Health Care,Medical Instruments & Supplies,RSI,RSI 維持強勢 (50-70),None,0.0,0.51,0.3558,0.3558,0.2772,163,12123,0.0042,27.61,27.73,27.84,27.33,2026-08-11,3,False
INTU,Information Technology,Software - Application,KDJ,KDJ 金叉,None,0.0,0.5525,0.3548,0.3548,0.3918,31,1955,-0.0048,334.43,332.82,331.22,331.09,2026-08-10,3,False
IQV,Health Care,Diagnostics & Research,KDJ,KDJ 金叉,None,0.0,0.5525,0.3548,0.3548,0.2852,31,1536,0.005,243.84,245.06,246.28,241.4,2026-08-11,3,False
BAC,Financials,Banks - Diversified,RSI,RSI 維持強勢 (50-70),None,0.0,0.51,0.3548,0.3548,0.2842,279,19108,0.0078,63.86,64.36,64.86,63.22,2026-08-10,3,False
EXPE,Consumer Discretionary,Travel Services,BB,價格在 BB 中軌上方,None,0.0,0.425,0.3544,0.3544,0.2984,285,12430,0.0007,321.07,321.29,321.52,317.86,2026-08-11,3,False
ULTA,Consumer Discretionary,Specialty Retail,BB,BB 中軌向上（上升趨勢）,None,0.0,0.51,0.3532,0.3532,0.2908,201,9757,0.0091,541.35,546.28,551.2,535.94,2026-08-11,3,False
MAA,Real Estate,REIT - Residential,KDJ,KDJ 金叉,None,0.0,0.5525,0.3529,0.3529,0.2818,17,550,0.0109,134.96,136.43,137.9,133.61,2026-08-07,3,False
CBRE,Real Estate,Real Estate Services,BB,BB 中軌向上（上升趨勢）,None,0.0,0.51,0.3508,0.3508,0.2647,248,5713,0.0069,147.46,148.48,149.49,145.99,2026-08-11,3,False
HST,Real Estate,REIT - Hotel & Motel,BB,BB 中軌向上（上升趨勢）,None,0.0,0.51,0.3505,0.3505,0.2647,214,5713,0.0093,22.67,22.88,23.09,22.44,2026-08-10,3,False
CAG,Consumer Staples,Packaged Foods,RSI,RSI 動能加速（強勢區）,None,0.0,0.51,0.35,0.35,0.2456,20,1148,0.0114,15.11,15.28,15.45,14.96,2026-08-07,3,False
BAP,Financials,Banks - Regional,BB,BB 跌破下軌 (超賣),None,0.0,0.45499999999999996,0.3485,,0.3485,0,1277,0.0043,377.0,378.62,380.24,373.23,2026-08-11,3,False
FNF,Financials,Insurance - Specialty,BB,BB 跌破下軌 (超賣),None,0.0,0.45499999999999996,0.3485,,0.3485,0,1277,0.0043,47.57,47.77,47.98,47.09,2026-08-11,3,False
HPQ,Information Technology,Computer Hardware,RSI,RSI 加速上升,None,0.0,0.5525,0.3455,0.3455,0.3693,165,10688,0.0062,29.8,29.98,30.17,29.5,2026-08-10,3,False
BSBR,Financials,Banks - Regional,RSI,RSI 維持強勢 (50-70),None,0.0,0.51,0.3448,,0.3448,0,609,0.0048,5.75,5.78,5.81,5.69,2026-08-11,3,True
CET,Financials,Asset Management,RSI,RSI 維持強勢 (50-70),None,0.0,0.51,0.3448,,0.3448,0,609,0.0048,55.09,55.35,55.62,54.54,2026-08-11,3,True
CRBG,Financials,Asset Management,RSI,RSI 維持強勢 (50-70),None,0.0,0.51,0.3448,,0.3448,0,609,0.0048,33.39,33.55,33.71,33.06,2026-08-11,3,True
BIIB,Health Care,Drug Manufacturers - General,RSI,RSI 維持強勢 (50-70),None,0.0,0.51,0.3444,0.3444,0.2772,151,12123,0.0031,207.13,207.77,208.41,205.06,2026-08-10,3,False
PH,Industrials,Specialty Industrial Machinery,RSI,RSI 加速上升,None,0.0,0.5525,0.3427,0.3427,0.2981,143,11545,0.005,1061.33,1066.64,1071.94,1050.72,2026-08-11,3,False
ARE,Real Estate,REIT - Office,BB,BB 中軌向上（上升趨勢）,None,0.0,0.51,0.3427,0.3427,0.2647,143,5713,0.0027,49.74,49.87,50.01,49.24,2026-08-07,3,False
VST,Utilities,Utilities - Independent Power Producers,KDJ,KDJ 金叉,None,0.0,0.5525,0.3404,0.3404,0.3001,47,713,0.0038,142.87,143.41,143.96,141.44,2026-08-10,3,False
VTR,Real Estate,REIT - Healthcare Facilities,RSI,RSI 維持強勢 (50-70),Bullish Engulfing,0.75,1.0,0.3393,,0.3393,0,112,0.0066,93.36,93.98,94.59,92.43,2026-08-07,3,False
DDOG,Information Technology,Software - Application,RSI,RSI 維持強勢 (50-70),Bullish Engulfing,0.75,1.0,0.3353,,0.3353,0,340,0.0062,260.78,262.4,264.01,258.17,2026-08-10,3,False
BWA,Consumer Discretionary,Auto Parts,MACD,MACD 突破 0 軸,None,0.0,0.595,0.3351,,0.3351,0,376,0.0114,69.28,70.07,70.86,68.59,2026-08-10,3,False
HTHT,Consumer Discretionary,Lodging,MACD,MACD 突破 0 軸,None,0.0,0.595,0.3351,,0.3351,0,376,0.0114,43.01,43.5,43.99,42.58,2026-08-10,3,False
CHT,Communication Services,Telecom Services,KDJ,KDJ 金叉,None,0.0,0.5525,0.3345,,0.3345,0,550,0.0065,42.39,42.67,42.94,41.97,2026-08-11,3,False
FWONA,Communication Services,Entertainment,KDJ,KDJ 金叉,None,0.0,0.5525,0.3345,,0.3345,0,550,0.0065,93.96,94.57,95.18,93.02,2026-08-07,3,False
SPOT,Communication Services,Internet Content & Information,KDJ,KDJ 金叉,None,0.0,0.5525,0.3345,,0.3345,0,550,0.0065,511.82,515.15,518.47,506.7,2026-08-10,3,False
VOD,Communication Services,Telecom Services,KDJ,KDJ 金叉,None,0.0,0.5525,0.3345,,0.3345,0,550,0.0065,16.19,16.3,16.4,16.03,2026-08-07,3,False
WMG,Communication Services,Entertainment,KDJ,KDJ 金叉,None,0.0,0.5525,0.3345,,0.3345,0,550,0.0065,26.41,26.58,26.75,26.15,2026-08-10,3,False
APO,Financials,Asset Management,RSI,RSI 維持強勢 (50-70),Bullish Engulfing,0.75,1.0,0.3333,0.3333,0.3314,6,353,-0.0029,132.02,131.64,131.25,130.7,2026-08-10,3,False
BCE,Communication Services,Telecom Services,MACD,MACD 突破 0 軸,None,0.0,0.595,0.3333,,0.3333,0,165,0.0084,22.75,22.94,23.13,22.52,2026-08-07,3,False
DHI,Consumer Discretionary,Residential Construction,RSI,RSI 加速上升,None,0.0,0.5525,0.3333,0.3333,0.3117,135,6796,0.0027,151.08,151.49,151.9,149.57,2026-08-07,3,False
IEX,Industrials,Specialty Industrial Machinery,KDJ,KDJ 金叉,None,0.0,0.5525,0.3333,0.3333,0.3223,24,2110,0.0039,237.31,238.24,239.16,234.94,2026-08-11,3,False
J,Industrials,Engineering & Construction,KDJ,KDJ 金叉,None,0.0,0.5525,0.3333,0.3333,0.3223,33,2110,0.0024,147.33,147.68,148.04,145.86,2026-08-10,3,False
PCG,Utilities,Utilities - Regulated Electric,KDJ,KDJ 金叉,None,0.0,0.5525,0.3333,0.3333,0.3001,18,713,0.0047,17.3,17.38,17.46,17.13,2026-08-11,3,False
QCOM,Information Technology,Semiconductors,RSI,RSI 加速上升,None,0.0,0.5525,0.3333,0.3333,0.3693,141,10688,0.0074,162.17,163.37,164.57,160.55,2026-08-10,3,False
WM,Industrials,Waste Management,KDJ,KDJ 金叉,None,0.0,0.5525,0.3333,0.3333,0.3223,24,2110,0.0082,227.68,229.55,231.41,225.4,2026-08-07,3,False
AOS,Industrials,Specialty Industrial Machinery,BB,BB 中軌向上（上升趨勢）,None,0.0,0.51,0.3333,0.3333,0.2929,138,17460,0.0049,63.67,63.98,64.29,63.03,2026-08-11,3,False
DOW,Materials,Chemicals,RSI,RSI 動能加速（強勢區）,None,0.0,0.51,0.3333,0.3333,0.2962,33,942,-0.0087,31.26,30.99,30.72,30.95,2026-08-11,3,False
ESLT,Industrials,Aerospace & Defense,BB,BB 中軌向上（上升趨勢）,None,0.0,0.51,0.3333,,0.3333,0,936,0.0044,776.08,779.49,782.91,768.32,2026-08-11,3,True
LOW,Consumer Discretionary,Home Improvement Retail,RSI,RSI 動能加速（強勢區）,None,0.0,0.51,0.3333,0.3333,0.3027,27,1665,0.008,223.35,225.14,226.92,221.12,2026-08-07,3,False
UDR,Real Estate,REIT - Residential,BB,BB 跌破下軌 (超賣),None,0.0,0.45499999999999996,0.3333,0.3333,0.25,15,564,0.0077,37.3,37.59,37.87,36.93,2026-08-11,3,False
WELL,Real Estate,REIT - Healthcare Facilities,BB,BB 跌破下軌 (超賣),None,0.0,0.45499999999999996,0.3333,0.3333,0.25,15,564,0.013,226.01,228.95,231.89,223.75,2026-08-11,3,False
CHTR,Communication Services,Telecom Services,RSI,RSI 維持強勢 (50-70),None,0.0,0.51,0.3315,0.3315,0.3082,178,5205,-0.0055,157.69,156.82,155.96,156.11,2026-08-11,3,False
SPGI,Financials,Financial Data & Stock Exchanges,RSI,RSI 維持強勢 (50-70),Bullish Engulfing,0.75,1.0,0.3314,,0.3314,0,353,0.0074,408.19,411.21,414.23,404.11,2026-08-07,3,False
HSIC,Health Care,Medical Distribution,BB,價格在 BB 中軌上方,None,0.0,0.425,0.3314,0.3314,0.2804,169,14417,-0.0009,89.18,89.1,89.02,88.29,2026-08-11,3,False
ARES,Financials,Asset Management,RSI,RSI 維持強勢 (50-70),None,0.0,0.51,0.3313,0.3313,0.2842,329,19108,0.0049,143.11,143.81,144.51,141.68,2026-08-11,3,False
PSKY,Communication Services,Entertainment,RSI,RSI 加速上升,None,0.0,0.5525,0.3309,0.3309,0.3116,139,3322,0.0011,9.38,9.39,9.4,9.29,2026-08-11,3,False
NOC,Industrials,Aerospace & Defense,RSI,RSI 加速上升,None,0.0,0.5525,0.3308,0.3308,0.2981,133,11545,0.0065,575.69,579.43,583.17,569.93,2026-08-11,3,False
AAON,Industrials,Building Products & Equipment,MACD,MACD 金叉 (空頭區),None,0.0,0.42,0.3303,,0.3303,0,875,0.0053,94.83,95.33,95.84,93.88,2026-08-07,3,False
FDXF,Industrials,Integrated Freight & Logistics,MACD,MACD 金叉 (空頭區),None,0.0,0.42,0.3303,,0.3303,0,875,0.0053,144.76,145.53,146.29,143.31,2026-08-07,3,False
MAIR,Industrials,Building Products & Equipment,MACD,MACD 金叉 (空頭區),None,0.0,0.42,0.3303,,0.3303,0,875,0.0053,31.88,32.05,32.22,31.56,2026-08-11,3,False
AMX,Communication Services,Telecom Services,BB,BB 跌破下軌 (超賣),None,0.0,0.45499999999999996,0.33,,0.33,0,397,0.0048,23.75,23.86,23.98,23.51,2026-08-07,3,False
APP,Communication Services,Advertising Agencies,BB,BB 跌破下軌 (超賣),None,0.0,0.45499999999999996,0.33,,0.33,0,397,0.0048,318.68,320.21,321.74,315.49,2026-08-11,3,False
CCZ,Communication Services,Cable & Satellite,BB,BB 跌破下軌 (超賣),None,0.0,0.45499999999999996,0.33,,0.33,0,397,0.0048,64.0,64.31,64.61,63.36,2026-08-07,3,False
NYT,Communication Services,Publishing,BB,BB 跌破下軌 (超賣),None,0.0,0.45499999999999996,0.33,,0.33,0,397,0.0048,63.54,63.84,64.15,62.9,2026-08-07,3,False
DIS,Communication Services,Entertainment,RSI,RSI 維持強勢 (50-70),None,0.0,0.51,0.3297,0.3297,0.3082,182,5205,0.0094,103.53,104.5,105.48,102.49,2026-08-11,3,False
BXP,Real Estate,REIT - Office,BB,BB 中軌向上（上升趨勢）,None,0.0,0.51,0.3295,0.3295,0.2647,173,5713,0.0044,67.49,67.79,68.08,66.82,2026-08-11,3,False
MAS,Industrials,Building Products & Equipment,RSI,RSI 維持強勢 (50-70),None,0.0,0.51,0.3294,0.3294,0.2986,170,19157,0.0019,77.51,77.66,77.8,76.73,2026-08-07,3,False
CDE,Materials,Gold,RSI,RSI 上穿 50 中性線,None,0.0,0.4675,0.3294,,0.3294,0,595,0.0031,17.39,17.44,17.5,17.22,2026-08-07,3,False
NTR,Materials,Agricultural Inputs,RSI,RSI 上穿 50 中性線,None,0.0,0.4675,0.3294,,0.3294,0,595,0.0031,67.28,67.49,67.7,66.61,2026-08-11,3,False
VALE,Materials,Other Industrial Metals & Mining,RSI,RSI 上穿 50 中性線,None,0.0,0.4675,0.3294,,0.3294,0,595,0.0031,14.89,14.94,14.98,14.74,2026-08-10,3,False
HSY,Consumer Staples,Confectioners,RSI,RSI 加速上升,None,0.0,0.5525,0.3286,0.3286,0.2439,140,5343,0.0035,182.75,183.39,184.03,180.92,2026-08-10,3,False
BNY,Financials,Banks - Diversified,RSI,RSI 維持強勢 (50-70),Support,0.8,1.0,0.3276,,0.3276,0,58,0.0022,157.61,157.96,158.3,156.03,2026-08-07,3,False
BRO,Financials,Insurance Brokers,RSI,RSI 維持強勢 (50-70),Support,0.7,1.0,0.3276,,0.3276,0,58,0.0022,71.43,71.59,71.74,70.72,2026-08-07,3,False
EWBC,Financials,Banks - Regional,RSI,RSI 維持強勢 (50-70),Support,0.7,1.0,0.3276,,0.3276,0,58,0.0022,131.7,131.99,132.28,130.38,2026-08-07,3,False
FCNCA,Financials,Banks - Regional,RSI,RSI 維持強勢 (50-70),Support,0.9,1.0,0.3276,,0.3276,0,58,0.0022,2218.49,2223.37,2228.25,2196.31,2026-08-07,3,False
ING,Financials,Banks - Diversified,RSI,RSI 維持強勢 (50-70),Support,0.8,1.0,0.3276,,0.3276,0,58,0.0022,35.222,35.3,35.38,34.87,2026-08-07,3,False
MTB,Financials,Banks - Regional,RSI,RSI 維持強勢 (50-70),Support,0.9,1.0,0.3276,,0.3276,0,58,0.0022,250.45,251.0,251.55,247.95,2026-08-07,3,False
RF,Financials,Banks - Regional,RSI,RSI 維持強勢 (50-70),Support,0.8,1.0,0.3276,,0.3276,0,58,0.0022,31.43,31.5,31.57,31.12,2026-08-07,3,False
SCHW,Financials,Capital Markets,RSI,RSI 維持強勢 (50-70),Support,0.9,1.0,0.3276,,0.3276,0,58,0.0022,107.6,107.84,108.07,106.52,2026-08-07,3,False
STT,Financials,Asset Management,RSI,RSI 維持強勢 (50-70),Support,0.9,1.0,0.3276,,0.3276,0,58,0.0022,184.68,185.09,185.49,182.83,2026-08-07,3,False
USB,Financials,Banks - Regional,RSI,RSI 維持強勢 (50-70),Support,0.8,1.0,0.3276,,0.3276,0,58,0.0022,63.94,64.08,64.22,63.3,2026-08-07,3,False
WFC,Financials,Banks - Diversified,RSI,RSI 維持強勢 (50-70),Support,0.7,1.0,0.3276,,0.3276,0,58,0.0022,87.25,87.44,87.63,86.38,2026-08-07,3,False
LEN,Consumer Discretionary,Residential Construction,RSI,RSI 加速上升,None,0.0,0.5525,0.3265,0.3265,0.3117,147,6796,0.0031,88.18,88.45,88.73,87.3,2026-08-07,3,False
CCJ,Energy,Uranium,RSI,RSI 動能加速（強勢區）,None,0.0,0.51,0.3265,,0.3265,0,873,0.0005,97.39,97.44,97.49,96.42,2026-08-07,3,False
SHEL,Energy,Oil & Gas Integrated,RSI,RSI 動能加速（強勢區）,None,0.0,0.51,0.3265,,0.3265,0,873,0.0005,89.95,89.99,90.04,89.05,2026-08-10,3,False
VG,Energy,Oil & Gas Midstream,RSI,RSI 動能加速（強勢區）,None,0.0,0.51,0.3265,,0.3265,0,873,0.0005,14.26,14.27,14.27,14.12,2026-08-10,3,False
WES,Energy,Oil & Gas Midstream,RSI,RSI 動能加速（強勢區）,None,0.0,0.51,0.3265,,0.3265,0,873,0.0005,48.12,48.14,48.17,47.64,2026-08-11,3,False
AGNCZ,Real Estate,REIT - Mortgage,RSI,RSI 維持強勢 (50-70),None,0.0,0.51,0.3261,,0.3261,0,230,0.0069,25.39,25.57,25.74,25.14,2026-08-11,3,True
VMC,Materials,Building Materials,RSI,RSI 加速上升,None,0.0,0.5525,0.3254,0.3254,0.3048,126,3639,0.0093,284.69,287.34,289.99,281.84,2026-08-07,3,False
PFG,Financials,Asset Management,RSI,RSI 維持強勢 (50-70),None,0.0,0.51,0.3247,0.3247,0.2842,271,19108,0.0036,113.03,113.44,113.84,111.9,2026-08-11,3,False
MOS,Materials,Agricultural Inputs,BB,價格在 BB 中軌上方,None,0.0,0.425,0.3246,0.3246,0.2859,268,6697,-0.0035,23.1,23.02,22.94,22.87,2026-08-11,3,False
SKM,Communication Services,Telecom Services,RSI,RSI 上穿 50 中性線,None,0.0,0.4675,0.3243,,0.3243,0,518,0.004,33.67,33.8,33.94,33.33,2026-08-11,3,False
TMUS,Communication Services,Telecom Services,RSI,RSI 加速上升,None,0.0,0.5525,0.3237,0.3237,0.3116,139,3322,0.0054,177.19,178.15,179.1,175.42,2026-08-07,3,False
RDDT,Communication Services,Internet Content & Information,RSI,RSI 加速上升,Morning Star,0.8,1.0,0.3235,,0.3235,0,34,-0.0022,161.7,161.34,160.99,160.08,2026-08-07,3,False
JCI,Industrials,Building Products & Equipment,KDJ,KDJ 金叉,None,0.0,0.5525,0.3235,0.3235,0.3223,34,2110,0.0032,154.76,155.26,155.75,153.21,2026-08-11,3,False
DKS,Consumer Discretionary,Specialty Retail,MACD,MACD 金叉 (空頭區),None,0.0,0.42,0.3233,,0.3233,0,529,0.0066,208.84,210.22,211.6,206.75,2026-08-07,3,False
DY,Industrials,Engineering & Construction,KDJ,KDJ 金叉,None,0.0,0.5525,0.3223,,0.3223,0,2110,0.0051,407.99,410.07,412.15,403.91,2026-08-07,3,False
SAIA,Industrials,Trucking,KDJ,KDJ 金叉,None,0.0,0.5525,0.3223,,0.3223,0,2110,0.0051,364.21,366.07,367.92,360.57,2026-08-07,3,False
STRL,Industrials,Engineering & Construction,KDJ,KDJ 金叉,None,0.0,0.5525,0.3223,,0.3223,0,2110,0.0051,547.06,549.85,552.64,541.59,2026-08-07,3,False
TFII,Industrials,Trucking,KDJ,KDJ 金叉,None,0.0,0.5525,0.3223,,0.3223,0,2110,0.0051,140.46,141.18,141.89,139.06,2026-08-07,3,False
XPO,Industrials,Trucking,KDJ,KDJ 金叉,None,0.0,0.5525,0.3223,,0.3223,0,2110,0.0051,202.58,203.61,204.65,200.55,2026-08-07,3,False
VLYPP,Financials,Banks - Regional,RSI,RSI 動能加速（強勢區）,Consolidation Breakout,0.85,1.0,0.3218,,0.3218,0,87,0.0041,25.07,25.17,25.28,24.82,2026-08-11,3,True
GM,Consumer Discretionary,Auto Manufacturers,RSI,RSI 維持強勢 (50-70),None,0.0,0.51,0.3217,0.3217,0.2995,230,10441,0.0003,89.35,89.38,89.4,88.46,2026-08-11,3,False
HAL,Energy,Oil & Gas Equipment & Services,RSI,RSI 上穿 50 中性線,None,0.0,0.4675,0.3214,0.3214,0.361,28,579,0.0017,33.64,33.7,33.75,33.3,2026-08-10,3,False
GLXY,Financials,Capital Markets,MACD,MACD 金叉 (空頭區),None,0.0,0.42,0.3214,,0.3214,0,865,0.0073,20.13,20.28,20.42,19.93,2026-08-11,3,False
RKT,Financials,Mortgage Finance,MACD,MACD 金叉 (空頭區),None,0.0,0.42,0.3214,,0.3214,0,865,0.0073,13.72,13.82,13.92,13.58,2026-08-07,3,False
BG,Consumer Staples,Farm Products,RSI,RSI 加速上升,None,0.0,0.5525,0.321,0.321,0.2439,162,5343,0.0012,111.6,111.73,111.87,110.48,2026-08-11,3,False
HCA,Health Care,Medical Care Facilities,RSI,RSI 維持強勢 (50-70),None,0.0,0.51,0.321,0.321,0.2772,271,12123,0.0051,411.44,413.54,415.64,407.33,2026-08-11,3,False
CAH,Health Care,Medical Distribution,RSI,RSI 動能加速（強勢區）,None,0.0,0.51,0.3208,0.3208,0.2606,53,1869,0.0084,240.26,242.28,244.3,237.86,2026-08-11,3,False
REGN,Health Care,Biotechnology,BB,價格在 BB 中軌上方,None,0.0,0.425,0.3207,0.3207,0.2804,290,14417,0.0008,797.0,797.64,798.28,789.03,2026-08-11,3,False
IT,Information Technology,Information Technology Services,RSI,RSI 加速上升,None,0.0,0.5525,0.3205,0.3205,0.3693,156,10688,-0.0025,193.17,192.69,192.2,191.24,2026-08-10,3,False
SHW,Materials,Specialty Chemicals,RSI,RSI 加速上升,None,0.0,0.5525,0.32,0.32,0.3048,100,3639,0.0092,369.73,373.13,376.53,366.03,2026-08-07,3,False
DRI,Consumer Discretionary,Restaurants,RSI,RSI 動能加速（強勢區）,None,0.0,0.51,0.32,0.32,0.3027,25,1665,0.001,217.97,218.19,218.41,215.79,2026-08-10,3,False
AWK,Utilities,Utilities - Regulated Water,RSI,RSI 維持強勢 (50-70),Bullish Engulfing,0.75,1.0,0.3196,,0.3196,0,97,0.01,134.4159,135.76,137.1,133.07,2026-08-07,3,False
AVY,Consumer Discretionary,Packaging & Containers,KDJ,KDJ 金叉,None,0.0,0.5525,0.3183,,0.3183,0,1244,0.0033,179.73,180.32,180.92,177.93,2026-08-11,3,False
FLUT,Consumer Discretionary,Gambling,KDJ,KDJ 金叉,None,0.0,0.5525,0.3183,,0.3183,0,1244,0.0033,99.02,99.35,99.67,98.03,2026-08-11,3,False
H,Consumer Discretionary,Lodging,KDJ,KDJ 金叉,None,0.0,0.5525,0.3183,,0.3183,0,1244,0.0033,172.64,173.21,173.78,170.91,2026-08-11,3,False
HMC,Consumer Discretionary,Auto Manufacturers,KDJ,KDJ 金叉,None,0.0,0.5525,0.3183,,0.3183,0,1244,0.0033,31.82,31.93,32.03,31.5,2026-08-07,3,False
MOD,Consumer Discretionary,Auto Parts,KDJ,KDJ 金叉,None,0.0,0.5525,0.3183,,0.3183,0,1244,0.0033,195.6,196.25,196.89,193.64,2026-08-07,3,False
NIO,Consumer Discretionary,Auto Manufacturers,KDJ,KDJ 金叉,None,0.0,0.5525,0.3183,,0.3183,0,1244,0.0033,4.82,4.84,4.85,4.77,2026-08-10,3,False
HRL,Consumer Staples,Packaged Foods,BB,BB 跌破下軌 (超賣),None,0.0,0.45499999999999996,0.3182,0.3182,0.2667,22,705,0.0109,24.3,24.56,24.83,24.06,2026-08-11,3,False
SWK,Industrials,Tools & Accessories,BB,價格在 BB 中軌上方,None,0.0,0.425,0.3182,0.3182,0.295,198,22337,-0.0023,104.0,103.76,103.52,102.96,2026-08-11,3,False
CARR,Industrials,Building Products & Equipment,RSI,RSI 加速上升,None,0.0,0.5525,0.3176,0.3176,0.2981,148,11545,0.0041,64.01,64.27,64.53,63.37,2026-08-07,3,False
ELAN,Health Care,Drug Manufacturers - Specialty & Generic,BB,BB 跌破下軌 (超賣),None,0.0,0.45499999999999996,0.3173,,0.3173,0,375,-0.0037,22.12,22.04,21.96,21.9,2026-08-07,3,True
BNTX,Health Care,Biotechnology,MACD,MACD 突破 0 軸,None,0.0,0.595,0.3171,,0.3171,0,432,0.0028,93.67,93.93,94.19,92.73,2026-08-07,3,False
CRSP,Health Care,Biotechnology,MACD,MACD 突破 0 軸,None,0.0,0.595,0.3171,,0.3171,0,432,0.0028,53.51,53.66,53.81,52.97,2026-08-10,3,False
GSK,Health Care,Drug Manufacturers - General,MACD,MACD 突破 0 軸,None,0.0,0.595,0.3171,,0.3171,0,432,0.0028,52.96,53.11,53.26,52.43,2026-08-07,3,False
CX,Materials,Building Materials,KDJ,KDJ 超賣區金叉,None,0.0,0.5599999999999999,0.3156,,0.3156,0,225,0.0029,11.3,11.33,11.37,11.19,2026-08-10,3,False
WDAY,Information Technology,Software - Application,RSI,RSI 加速上升,None,0.0,0.5525,0.3154,0.3154,0.3693,130,10688,-0.0125,184.19,181.89,179.59,182.35,2026-08-10,3,False
FMS,Health Care,Medical Care Facilities,RSI,RSI 上穿 50 中性線,None,0.0,0.4675,0.3144,,0.3144,0,1323,0.003,24.27,24.34,24.42,24.03,2026-08-07,3,False
ICLR,Health Care,Diagnostics & Research,RSI,RSI 上穿 50 中性線,None,0.0,0.4675,0.3144,,0.3144,0,1323,0.003,164.51,165.0,165.5,162.86,2026-08-07,3,False
ILMN,Health Care,Diagnostics & Research,RSI,RSI 上穿 50 中性線,None,0.0,0.4675,0.3144,,0.3144,0,1323,0.003,191.79,192.37,192.94,189.87,2026-08-10,3,False
MDGL,Health Care,Biotechnology,RSI,RSI 上穿 50 中性線,None,0.0,0.4675,0.3144,,0.3144,0,1323,0.003,535.27,536.88,538.48,529.92,2026-08-11,3,False
PHG,Health Care,Medical Devices,RSI,RSI 上穿 50 中性線,None,0.0,0.4675,0.3144,,0.3144,0,1323,0.003,26.73,26.81,26.89,26.46,2026-08-07,3,False
RPRX,Health Care,Biotechnology,RSI,RSI 上穿 50 中性線,None,0.0,0.4675,0.3144,,0.3144,0,1323,0.003,57.97,58.14,58.32,57.39,2026-08-10,3,False
SMMT,Health Care,Biotechnology,RSI,RSI 上穿 50 中性線,None,0.0,0.4675,0.3144,,0.3144,0,1323,0.003,14.87,14.91,14.96,14.72,2026-08-10,3,False
SNY,Health Care,Drug Manufacturers - General,RSI,RSI 上穿 50 中性線,None,0.0,0.4675,0.3144,,0.3144,0,1323,0.003,43.46,43.59,43.72,43.03,2026-08-07,3,False
TEM,Health Care,Health Information Services,RSI,RSI 上穿 50 中性線,None,0.0,0.4675,0.3144,,0.3144,0,1323,0.003,52.05,52.21,52.36,51.53,2026-08-07,3,False
FUTU,Financials,Capital Markets,KDJ,KDJ 金叉,None,0.0,0.5525,0.3142,,0.3142,0,1932,0.0041,109.02,109.47,109.91,107.93,2026-08-07,3,False
HBANL,Financials,Banks - Regional,KDJ,KDJ 金叉,None,0.0,0.5525,0.3142,,0.3142,0,1932,0.0041,25.15,25.25,25.36,24.9,2026-08-07,3,False
MUFG,Financials,Banks - Diversified,KDJ,KDJ 金叉,None,0.0,0.5525,0.3142,,0.3142,0,1932,0.0041,22.49,22.58,22.67,22.27,2026-08-07,3,False
RGA,Financials,Insurance - Reinsurance,KDJ,KDJ 金叉,None,0.0,0.5525,0.3142,,0.3142,0,1932,0.0041,246.33,247.34,248.35,243.87,2026-08-07,3,False
SMFG,Financials,Banks - Diversified,KDJ,KDJ 金叉,None,0.0,0.5525,0.3142,,0.3142,0,1932,0.0041,25.74,25.85,25.95,25.48,2026-08-07,3,False
WTFC,Financials,Banks - Regional,KDJ,KDJ 金叉,None,0.0,0.5525,0.3142,,0.3142,0,1932,0.0041,162.1,162.76,163.43,160.48,2026-08-11,3,False
PINS,Communication Services,Internet Content & Information,RSI,RSI 動能加速（強勢區）,None,0.0,0.51,0.3135,,0.3135,0,772,0.0011,24.37,24.4,24.42,24.13,2026-08-10,3,False
TXRH,Consumer Discretionary,Restaurants,RSI,RSI 維持強勢 (50-70),Support,0.9,1.0,0.3125,,0.3125,0,32,-0.0041,208.0,207.15,206.29,205.92,2026-08-07,3,True
FIVE,Consumer Discretionary,Specialty Retail,RSI,RSI 加速上升,None,0.0,0.5525,0.3117,,0.3117,0,6796,0.004,244.37,245.35,246.32,241.93,2026-08-07,3,False
PDD,Consumer Discretionary,Internet Retail,RSI,RSI 加速上升,None,0.0,0.5525,0.3117,,0.3117,0,6796,0.004,93.0,93.37,93.74,92.07,2026-08-10,3,False
RACE,Consumer Discretionary,Auto Manufacturers,RSI,RSI 加速上升,None,0.0,0.5525,0.3117,,0.3117,0,6796,0.004,412.26,413.91,415.56,408.14,2026-08-07,3,False
RIVN,Consumer Discretionary,Auto Manufacturers,RSI,RSI 加速上升,None,0.0,0.5525,0.3117,,0.3117,0,6796,0.004,16.39,16.46,16.52,16.23,2026-08-10,3,False
SN,Consumer Discretionary,"Furnishings, Fixtures & Appliances",RSI,RSI 加速上升,None,0.0,0.5525,0.3117,,0.3117,0,6796,0.004,187.68,188.43,189.18,185.8,2026-08-11,3,False
TOL,Consumer Discretionary,Residential Construction,RSI,RSI 加速上升,None,0.0,0.5525,0.3117,,0.3117,0,6796,0.004,155.09,155.71,156.33,153.54,2026-08-07,3,False
W,Consumer Discretionary,Internet Retail,RSI,RSI 加速上升,None,0.0,0.5525,0.3117,,0.3117,0,6796,0.004,103.26,103.67,104.09,102.23,2026-08-10,3,False
ECHO,Communication Services,Telecom Services,RSI,RSI 加速上升,None,0.0,0.5525,0.3116,,0.3116,0,3322,0.0033,89.15,89.44,89.74,88.26,2026-08-10,3,False
RBLX,Communication Services,Electronic Gaming & Multimedia,RSI,RSI 加速上升,None,0.0,0.5525,0.3116,,0.3116,0,3322,0.0033,37.79,37.91,38.04,37.41,2026-08-07,3,False
ROKU,Communication Services,Entertainment,RSI,RSI 加速上升,None,0.0,0.5525,0.3116,,0.3116,0,3322,0.0033,151.84,152.34,152.84,150.32,2026-08-10,3,False
VEEV,Health Care,Health Information Services,BB,價格在 BB 中軌上方,None,0.0,0.425,0.3111,0.3111,0.2804,180,14417,-0.0084,236.58,234.59,232.61,234.21,2026-08-11,3,False
FTS,Utilities,Utilities - Regulated Electric,KDJ,KDJ 超賣區金叉,Bullish Engulfing,0.75,1.0,0.3103,,,0,0,0.0079,56.07,56.51,56.96,55.51,2026-08-11,3,False
WBD,Communication Services,Entertainment,RSI,RSI 動能加速（強勢區）,None,0.0,0.51,0.3103,0.3103,0.3135,29,772,-0.0033,26.78,26.69,26.6,26.51,2026-08-07,3,False
VRTX,Health Care,Biotechnology,RSI,RSI 動能加速（強勢區）,None,0.0,0.51,0.3095,0.3095,0.2606,42,1869,-0.005,523.91,521.29,518.67,518.67,2026-08-10,3,False
FFIV,Information Technology,Software - Infrastructure,RSI,RSI 維持強勢 (50-70),None,0.0,0.51,0.3094,0.3094,0.3645,265,16764,0.0067,414.0,416.77,419.55,409.86,2026-08-11,3,False
TGT,Consumer Staples,Discount Stores,BB,BB 中軌向上（上升趨勢）,None,0.0,0.51,0.3094,0.3094,0.2466,181,6128,0.0009,152.29,152.43,152.56,150.77,2026-08-11,3,False
JBS,Consumer Staples,Packaged Foods,RSI,RSI 維持強勢 (50-70),None,0.0,0.51,0.3092,,0.3092,0,262,0.0027,13.41,13.45,13.48,13.28,2026-08-10,3,True
PFGC,Consumer Staples,Food Distribution,RSI,RSI 維持強勢 (50-70),None,0.0,0.51,0.3092,,0.3092,0,262,0.0027,113.96,114.27,114.58,112.82,2026-08-11,3,True
TDY,Information Technology,Scientific & Technical Instruments,BB,價格在 BB 中軌上方,None,0.0,0.425,0.3092,0.3092,0.3573,262,20206,0.0067,681.74,686.31,690.88,674.92,2026-08-11,3,False
DG,Consumer Staples,Discount Stores,BB,BB 中軌向上（上升趨勢）,None,0.0,0.51,0.3091,0.3091,0.2466,165,6128,-0.0063,120.07,119.31,118.56,118.87,2026-08-11,3,False
ALLY,Financials,Credit Services,RSI,RSI 上穿 50 中性線,None,0.0,0.4675,0.3091,,0.3091,0,1899,0.0046,43.95,44.15,44.35,43.51,2026-08-11,3,False
BBDO,Financials,Banks - Regional,RSI,RSI 上穿 50 中性線,None,0.0,0.4675,0.3091,,0.3091,0,1899,0.0046,3.18,3.19,3.21,3.15,2026-08-10,3,False
CRCL,Financials,Capital Markets,RSI,RSI 上穿 50 中性線,None,0.0,0.4675,0.3091,,0.3091,0,1899,0.0046,66.67,66.98,67.28,66.0,2026-08-07,3,False
IREN,Financials,Capital Markets,RSI,RSI 上穿 50 中性線,None,0.0,0.4675,0.3091,,0.3091,0,1899,0.0046,41.23,41.42,41.61,40.82,2026-08-07,3,False
VLYPN,Financials,Banks - Regional,RSI,RSI 上穿 50 中性線,None,0.0,0.4675,0.3091,,0.3091,0,1899,0.0046,25.7299,25.85,25.97,25.47,2026-08-11,3,False
VLYPO,Financials,Banks - Regional,RSI,RSI 上穿 50 中性線,None,0.0,0.4675,0.3091,,0.3091,0,1899,0.0046,24.85,24.96,25.08,24.6,2026-08-11,3,False
DEO,Consumer Staples,Beverages - Wineries & Distilleries,RSI,RSI 加速上升,None,0.0,0.5525,0.309,,0.309,0,288,-0.0012,96.35,96.23,96.12,95.39,2026-08-07,3,True
RBA,Industrials,Specialty Business Services,RSI,RSI 超賣區域 (30),None,0.0,0.5249999999999999,0.3086,,0.3086,0,337,0.006,89.63,90.17,90.71,88.73,2026-08-11,3,False
NDAQ,Financials,Financial Data & Stock Exchanges,RSI,RSI 維持強勢 (50-70),None,0.0,0.51,0.3086,0.3086,0.2842,269,19108,0.0049,95.02,95.49,95.95,94.07,2026-08-11,3,False
GSAT,Communication Services,Telecom Services,RSI,RSI 維持強勢 (50-70),None,0.0,0.51,0.3082,,0.3082,0,5205,0.0026,83.56,83.78,83.99,82.72,2026-08-11,3,False
NTES,Communication Services,Electronic Gaming & Multimedia,RSI,RSI 維持強勢 (50-70),None,0.0,0.51,0.3082,,0.3082,0,5205,0.0026,133.41,133.76,134.1,132.08,2026-08-10,3,False
TIGO,Communication Services,Telecom Services,RSI,RSI 維持強勢 (50-70),None,0.0,0.51,0.3082,,0.3082,0,5205,0.0026,95.03,95.28,95.52,94.08,2026-08-11,3,False
TLK,Communication Services,Telecom Services,RSI,RSI 維持強勢 (50-70),None,0.0,0.51,0.3082,,0.3082,0,5205,0.0026,14.95,14.99,15.03,14.8,2026-08-10,3,False
ETR,Utilities,Utilities - Regulated Electric,KDJ,KDJ 超賣區金叉,None,0.0,0.5599999999999999,0.3077,0.3077,0.2521,13,472,0.0104,106.57,107.68,108.79,105.5,2026-08-11,3,False
RMD,Health Care,Medical Instruments & Supplies,BB,BB 中軌向上（上升趨勢）,None,0.0,0.51,0.3077,0.3077,0.3402,13,579,0.0019,211.94,212.34,212.75,209.82,2026-08-07,3,True
BALL,Consumer Discretionary,Packaging & Containers,RSI,RSI 上穿 50 中性線,None,0.0,0.4675,0.3072,,0.3072,0,1123,0.0037,62.9,63.13,63.37,62.27,2026-08-11,3,False
CASY,Consumer Discretionary,Specialty Retail,RSI,RSI 上穿 50 中性線,None,0.0,0.4675,0.3072,,0.3072,0,1123,0.0037,854.46,857.62,860.78,845.92,2026-08-10,3,False
LI,Consumer Discretionary,Auto Manufacturers,RSI,RSI 上穿 50 中性線,None,0.0,0.4675,0.3072,,0.3072,0,1123,0.0037,12.95,13.0,13.05,12.82,2026-08-07,3,False
AGI,Materials,Gold,RSI,RSI 加速上升,None,0.0,0.5525,0.3048,,0.3048,0,3639,0.0024,33.45,33.53,33.61,33.12,2026-08-11,3,False
AU,Materials,Gold,RSI,RSI 加速上升,None,0.0,0.5525,0.3048,,0.3048,0,3639,0.0024,97.44,97.67,97.91,96.47,2026-08-11,3,False
BHP,Materials,Other Industrial Metals & Mining,RSI,RSI 加速上升,None,0.0,0.5525,0.3048,,0.3048,0,3639,0.0024,90.61,90.83,91.04,89.7,2026-08-10,3,False
FNV,Materials,Gold,RSI,RSI 加速上升,None,0.0,0.5525,0.3048,,0.3048,0,3639,0.0024,240.74,241.32,241.9,238.33,2026-08-11,3,False
GFI,Materials,Gold,RSI,RSI 加速上升,None,0.0,0.5525,0.3048,,0.3048,0,3639,0.0024,40.27,40.37,40.46,39.87,2026-08-11,3,False
HL,Materials,Other Precious Metals & Mining,RSI,RSI 加速上升,None,0.0,0.5525,0.3048,,0.3048,0,3639,0.0024,17.76,17.8,17.85,17.58,2026-08-11,3,False
JHX,Materials,Building Materials,RSI,RSI 加速上升,None,0.0,0.5525,0.3048,,0.3048,0,3639,0.0024,31.08,31.15,31.23,30.77,2026-08-11,3,False
KGC,Materials,Gold,RSI,RSI 加速上升,None,0.0,0.5525,0.3048,,0.3048,0,3639,0.0024,27.24,27.31,27.37,26.97,2026-08-11,3,False
PAAS,Materials,Gold,RSI,RSI 加速上升,None,0.0,0.5525,0.3048,,0.3048,0,3639,0.0024,51.79,51.91,52.04,51.27,2026-08-11,3,False
PKX,Materials,Steel,RSI,RSI 加速上升,None,0.0,0.5525,0.3048,,0.3048,0,3639,0.0024,58.36,58.5,58.64,57.78,2026-08-10,3,False
RGLD,Materials,Gold,RSI,RSI 加速上升,None,0.0,0.5525,0.3048,,0.3048,0,3639,0.0024,233.51,234.07,234.63,231.17,2026-08-11,3,False
RIO,Materials,Other Industrial Metals & Mining,RSI,RSI 加速上升,None,0.0,0.5525,0.3048,,0.3048,0,3639,0.0024,101.91,102.15,102.4,100.89,2026-08-10,3,False
RS,Materials,Steel,RSI,RSI 加速上升,None,0.0,0.5525,0.3048,,0.3048,0,3639,0.0024,428.49,429.52,430.55,424.21,2026-08-10,3,False
SCCO,Materials,Copper,RSI,RSI 加速上升,None,0.0,0.5525,0.3048,,0.3048,0,3639,0.0024,196.6371,197.11,197.58,194.67,2026-08-10,3,False
SQM,Materials,Specialty Chemicals,RSI,RSI 加速上升,None,0.0,0.5525,0.3048,,0.3048,0,3639,0.0024,72.22,72.39,72.57,71.5,2026-08-11,3,False
TECK,Materials,Other Industrial Metals & Mining,RSI,RSI 加速上升,None,0.0,0.5525,0.3048,,0.3048,0,3639,0.0024,66.87,67.03,67.19,66.2,2026-08-10,3,False
WPM,Materials,Gold,RSI,RSI 加速上升,None,0.0,0.5525,0.3048,,0.3048,0,3639,0.0024,134.41,134.73,135.06,133.07,2026-08-11,3,False
BBY,Consumer Discretionary,Specialty Retail,RSI,RSI 上穿 50 中性線,None,0.0,0.4675,0.3043,0.3043,0.3072,23,1123,0.0072,83.28,83.88,84.48,82.45,2026-08-11,3,False
CRS,Industrials,Metal Fabrication,RSI,RSI 上穿 50 中性線,None,0.0,0.4675,0.304,,0.304,0,1816,0.0018,570.66,571.69,572.71,564.95,2026-08-07,3,False
SPXC,Industrials,Building Products & Equipment,RSI,RSI 上穿 50 中性線,None,0.0,0.4675,0.304,,0.304,0,1816,0.0018,216.79,217.18,217.57,214.62,2026-08-11,3,False
IP,Consumer Discretionary,Packaging & Containers,RSI,RSI 動能加速（強勢區）,None,0.0,0.51,0.3027,,0.3027,0,1665,0.0035,41.58,41.73,41.87,41.16,2026-08-07,3,False
MGA,Consumer Discretionary,Auto Parts,RSI,RSI 動能加速（強勢區）,None,0.0,0.51,0.3027,,0.3027,0,1665,0.0035,70.36,70.61,70.85,69.66,2026-08-07,3,False
TCOM,Consumer Discretionary,Travel Services,RSI,RSI 動能加速（強勢區）,None,0.0,0.51,0.3027,,0.3027,0,1665,0.0035,47.12,47.28,47.45,46.65,2026-08-10,3,False
TM,Consumer Discretionary,Auto Manufacturers,RSI,RSI 動能加速（強勢區）,None,0.0,0.51,0.3027,,0.3027,0,1665,0.0035,190.09,190.76,191.42,188.19,2026-08-07,3,False
EMR,Industrials,Specialty Industrial Machinery,RSI,RSI 維持強勢 (50-70),None,0.0,0.51,0.3019,0.3019,0.2986,212,19157,0.0048,164.38,165.17,165.96,162.74,2026-08-11,3,False
ARCC,Financials,Asset Management,RSI,RSI 加速上升,None,0.0,0.5525,0.3014,,0.3014,0,11488,0.0041,20.01,20.09,20.17,19.81,2026-08-07,3,False
BAM,Financials,Asset Management,RSI,RSI 加速上升,None,0.0,0.5525,0.3014,,0.3014,0,11488,0.0041,55.36,55.59,55.81,54.81,2026-08-11,3,False
BN,Financials,Asset Management,RSI,RSI 加速上升,None,0.0,0.5525,0.3014,,0.3014,0,11488,0.0041,44.08,44.26,44.44,43.64,2026-08-07,3,False
BNS,Financials,Banks - Diversified,RSI,RSI 加速上升,None,0.0,0.5525,0.3014,,0.3014,0,11488,0.0041,88.86,89.22,89.59,87.97,2026-08-11,3,False
BNT,Financials,Insurance - Diversified,RSI,RSI 加速上升,None,0.0,0.5525,0.3014,,0.3014,0,11488,0.0041,44.56,44.74,44.93,44.11,2026-08-07,3,False
EQH,Financials,Asset Management,RSI,RSI 加速上升,None,0.0,0.5525,0.3014,,0.3014,0,11488,0.0041,51.35,51.56,51.77,50.84,2026-08-11,3,False
HBANZ,Financials,Banks - Regional,RSI,RSI 加速上升,None,0.0,0.5525,0.3014,,0.3014,0,11488,0.0041,19.55,19.63,19.71,19.35,2026-08-10,3,False
JEF,Financials,Capital Markets,RSI,RSI 加速上升,None,0.0,0.5525,0.3014,,0.3014,0,11488,0.0041,56.62,56.85,57.08,56.05,2026-08-07,3,False
KB,Financials,Banks - Regional,RSI,RSI 加速上升,None,0.0,0.5525,0.3014,,0.3014,0,11488,0.0041,124.01,124.52,125.03,122.77,2026-08-07,3,False
LPLA,Financials,Capital Markets,RSI,RSI 加速上升,None,0.0,0.5525,0.3014,,0.3014,0,11488,0.0041,371.19,372.71,374.23,367.48,2026-08-11,3,False
NMR,Financials,Capital Markets,RSI,RSI 加速上升,None,0.0,0.5525,0.3014,,0.3014,0,11488,0.0041,9.95,9.99,10.03,9.85,2026-08-07,3,False
OWL,Financials,Asset Management,RSI,RSI 加速上升,None,0.0,0.5525,0.3014,,0.3014,0,11488,0.0041,11.87,11.92,11.97,11.75,2026-08-07,3,False
PS,Financials,Asset Management,RSI,RSI 加速上升,None,0.0,0.5525,0.3014,,0.3014,0,11488,0.0041,39.43,39.59,39.75,39.04,2026-08-11,3,False
SAN,Financials,Banks - Diversified,RSI,RSI 加速上升,None,0.0,0.5525,0.3014,,0.3014,0,11488,0.0041,14.7,14.76,14.82,14.55,2026-08-07,3,False
SHG,Financials,Banks - Regional,RSI,RSI 加速上升,None,0.0,0.5525,0.3014,,0.3014,0,11488,0.0041,75.81,76.12,76.43,75.05,2026-08-07,3,False
SLMBP,Financials,Credit Services,RSI,RSI 加速上升,None,0.0,0.5525,0.3014,,0.3014,0,11488,0.0041,75.0,75.31,75.61,74.25,2026-08-10,3,False
SOFI,Financials,Credit Services,RSI,RSI 加速上升,None,0.0,0.5525,0.3014,,0.3014,0,11488,0.0041,18.38,18.46,18.53,18.2,2026-08-07,3,False
SPY,Financials,Asset Management,RSI,RSI 加速上升,None,0.0,0.5525,0.3014,,0.3014,0,11488,0.0041,773.03,776.2,779.37,765.3,2026-08-10,3,False
TD,Financials,Banks - Diversified,RSI,RSI 加速上升,None,0.0,0.5525,0.3014,,0.3014,0,11488,0.0041,121.37,121.87,122.37,120.16,2026-08-11,3,False
TPG,Financials,Asset Management,RSI,RSI 加速上升,None,0.0,0.5525,0.3014,,0.3014,0,11488,0.0041,48.99,49.19,49.39,48.5,2026-08-07,3,False
TW,Financials,Capital Markets,RSI,RSI 加速上升,None,0.0,0.5525,0.3014,,0.3014,0,11488,0.0041,104.42,104.85,105.28,103.38,2026-08-11,3,False
UNM,Financials,Insurance - Life,RSI,RSI 加速上升,None,0.0,0.5525,0.3014,,0.3014,0,11488,0.0041,90.56,90.93,91.3,89.65,2026-08-07,3,False
WBS,Financials,Banks - Regional,RSI,RSI 加速上升,None,0.0,0.5525,0.3014,,0.3014,0,11488,0.0041,78.63,78.95,79.27,77.84,2026-08-07,3,False
WF,Financials,Banks - Regional,RSI,RSI 加速上升,None,0.0,0.5525,0.3014,,0.3014,0,11488,0.0041,72.62,72.92,73.22,71.89,2026-08-07,3,False
OHI,Real Estate,REIT - Healthcare Facilities,RSI,RSI 超賣區域 (30),None,0.0,0.5249999999999999,0.3012,,0.3012,0,166,0.0043,45.57,45.77,45.96,45.11,2026-08-11,3,False
REG,Real Estate,REIT - Retail,RSI,RSI 超賣區域 (30),None,0.0,0.5249999999999999,0.3012,,0.3012,0,166,0.0043,75.82,76.15,76.47,75.06,2026-08-11,3,False
VIV,Communication Services,Telecom Services,RSI,RSI 超賣區域 (30),None,0.0,0.5249999999999999,0.3011,,0.3011,0,93,0.0054,12.01,12.07,12.14,11.89,2026-08-07,3,False
BIDU,Communication Services,Internet Content & Information,BB,價格在 BB 中軌上方,None,0.0,0.425,0.3007,,0.3007,0,6080,0.0027,109.5,109.8,110.09,108.41,2026-08-10,3,False
BEP,Utilities,Utilities - Renewable,KDJ,KDJ 金叉,None,0.0,0.5525,0.3001,,0.3001,0,713,0.0052,34.23,34.41,34.59,33.89,2026-08-11,3,False
PPLC,Utilities,Utilities - Regulated Electric,KDJ,KDJ 金叉,None,0.0,0.5525,0.3001,,0.3001,0,713,0.0052,47.07,47.31,47.56,46.6,2026-08-07,3,False
WTRG,Utilities,Utilities - Regulated Water,KDJ,KDJ 金叉,None,0.0,0.5525,0.3001,,0.3001,0,713,0.0052,40.08,40.29,40.5,39.68,2026-08-11,3,False
EOG,Energy,Oil & Gas E&P,KDJ,KDJ 金叉,None,0.0,0.5525,0.3,0.3,0.3614,20,498,0.0001,143.4,143.41,143.43,141.97,2026-08-11,3,False
PHM,Consumer Discretionary,Residential Construction,KDJ,KDJ 金叉,None,0.0,0.5525,0.3,0.3,0.3183,30,1244,0.0017,132.42,132.65,132.87,131.1,2026-08-11,3,False
INCY,Health Care,Biotechnology,RSI,RSI 動能加速（強勢區）,None,0.0,0.51,0.3,0.3,0.2606,30,1869,0.0016,120.56,120.75,120.95,119.35,2026-08-07,3,False
EC,Energy,Oil & Gas Integrated,BB,價格在 BB 中軌上方,None,0.0,0.425,0.2998,,0.2998,0,5768,-0.0016,17.01,16.98,16.96,16.84,2026-08-11,3,False
AMCR,Consumer Discretionary,Packaging & Containers,RSI,RSI 維持強勢 (50-70),None,0.0,0.51,0.2995,,0.2995,0,10441,0.0032,47.4,47.55,47.7,46.93,2026-08-11,3,False
AUR,Consumer Discretionary,Auto Parts,RSI,RSI 維持強勢 (50-70),None,0.0,0.51,0.2995,,0.2995,0,10441,0.0032,6.95,6.97,6.99,6.88,2026-08-11,3,False
BABA,Consumer Discretionary,Internet Retail,RSI,RSI 維持強勢 (50-70),None,0.0,0.51,0.2995,,0.2995,0,10441,0.0032,127.85,128.26,128.67,126.57,2026-08-11,3,False
BURL,Consumer Discretionary,Apparel Retail,RSI,RSI 維持強勢 (50-70),None,0.0,0.51,0.2995,,0.2995,0,10441,0.0032,358.83,359.98,361.13,355.24,2026-08-11,3,False
CCK,Consumer Discretionary,Packaging & Containers,RSI,RSI 維持強勢 (50-70),None,0.0,0.51,0.2995,,0.2995,0,10441,0.0032,120.01,120.39,120.78,118.81,2026-08-11,3,False
PAG,Consumer Discretionary,Auto & Truck Dealerships,RSI,RSI 維持強勢 (50-70),None,0.0,0.51,0.2995,,0.2995,0,10441,0.0032,216.66,217.35,218.05,214.49,2026-08-11,3,False
SCI,Consumer Discretionary,Personal Services,RSI,RSI 維持強勢 (50-70),None,0.0,0.51,0.2995,,0.2995,0,10441,0.0032,83.35,83.62,83.88,82.52,2026-08-11,3,False
VIK,Consumer Discretionary,Travel Services,RSI,RSI 維持強勢 (50-70),None,0.0,0.51,0.2995,,0.2995,0,10441,0.0032,103.8,104.13,104.46,102.76,2026-08-10,3,False
WMT,Consumer Staples,Discount Stores,BB,價格在 BB 中軌上方,None,0.0,0.425,0.2991,0.2991,0.2432,341,8891,0.0054,113.26,113.87,114.48,112.13,2026-08-11,3,False
DLR,Real Estate,REIT - Specialty,RSI,RSI 維持強勢 (50-70),None,0.0,0.51,0.299,0.299,0.2509,301,7011,0.0013,190.81,191.06,191.31,188.9,2026-08-11,3,False
AAL,Industrials,Airlines,RSI,RSI 維持強勢 (50-70),None,0.0,0.51,0.2986,,0.2986,0,19157,0.0036,15.94,16.0,16.05,15.78,2026-08-07,3,False
AEIS,Industrials,Electrical Equipment & Parts,RSI,RSI 維持強勢 (50-70),None,0.0,0.51,0.2986,,0.2986,0,19157,0.0036,327.59,328.77,329.95,324.31,2026-08-11,3,False
AER,Industrials,Rental & Leasing Services,RSI,RSI 維持強勢 (50-70),None,0.0,0.51,0.2986,,0.2986,0,19157,0.0036,149.31,149.85,150.39,147.82,2026-08-11,3,False
AIT,Industrials,Industrial Distribution,RSI,RSI 維持強勢 (50-70),None,0.0,0.51,0.2986,,0.2986,0,19157,0.0036,352.35,353.62,354.89,348.83,2026-08-11,3,False
APG,Industrials,Engineering & Construction,RSI,RSI 維持強勢 (50-70),None,0.0,0.51,0.2986,,0.2986,0,19157,0.0036,42.89,43.04,43.2,42.46,2026-08-11,3,False
ARXS,Industrials,Aerospace & Defense,RSI,RSI 維持強勢 (50-70),None,0.0,0.51,0.2986,,0.2986,0,19157,0.0036,58.11,58.32,58.53,57.53,2026-08-11,3,False
ATI,Industrials,Metal Fabrication,RSI,RSI 維持強勢 (50-70),None,0.0,0.51,0.2986,,0.2986,0,19157,0.0036,230.08,230.91,231.74,227.78,2026-08-11,3,False
AYI,Industrials,Electrical Equipment & Parts,RSI,RSI 維持強勢 (50-70),None,0.0,0.51,0.2986,,0.2986,0,19157,0.0036,357.08,358.37,359.65,353.51,2026-08-11,3,False
CLH,Industrials,Waste Management,RSI,RSI 維持強勢 (50-70),None,0.0,0.51,0.2986,,0.2986,0,19157,0.0036,311.55,312.67,313.79,308.43,2026-08-11,3,False
CNH,Industrials,Farm & Heavy Construction Machinery,RSI,RSI 維持強勢 (50-70),None,0.0,0.51,0.2986,,0.2986,0,19157,0.0036,10.91,10.95,10.99,10.8,2026-08-07,3,False
CP,Industrials,Railroads,RSI,RSI 維持強勢 (50-70),None,0.0,0.51,0.2986,,0.2986,0,19157,0.0036,91.92,92.25,92.58,91.0,2026-08-11,3,False
CR,Industrials,Specialty Industrial Machinery,RSI,RSI 維持強勢 (50-70),None,0.0,0.51,0.2986,,0.2986,0,19157,0.0036,220.56,221.35,222.15,218.35,2026-08-11,3,False
CSL,Industrials,Building Products & Equipment,RSI,RSI 維持強勢 (50-70),None,0.0,0.51,0.2986,,0.2986,0,19157,0.0036,389.96,391.36,392.77,386.06,2026-08-11,3,False
DCI,Industrials,Specialty Industrial Machinery,RSI,RSI 維持強勢 (50-70),None,0.0,0.51,0.2986,,0.2986,0,19157,0.0036,96.91,97.26,97.61,95.94,2026-08-11,3,False
FER,Industrials,Engineering & Construction,RSI,RSI 維持強勢 (50-70),None,0.0,0.51,0.2986,,0.2986,0,19157,0.0036,65.67,65.91,66.14,65.01,2026-08-11,3,False
FERG,Industrials,Industrial Distribution,RSI,RSI 維持強勢 (50-70),None,0.0,0.51,0.2986,,0.2986,0,19157,0.0036,251.51,252.42,253.32,248.99,2026-08-11,3,False
GFL,Industrials,Waste Management,RSI,RSI 維持強勢 (50-70),None,0.0,0.51,0.2986,,0.2986,0,19157,0.0036,41.32,41.47,41.62,40.91,2026-08-11,3,False
GGG,Industrials,Specialty Industrial Machinery,RSI,RSI 維持強勢 (50-70),None,0.0,0.51,0.2986,,0.2986,0,19157,0.0036,83.53,83.83,84.13,82.69,2026-08-11,3,False
GPN,Industrials,Specialty Business Services,RSI,RSI 維持強勢 (50-70),None,0.0,0.51,0.2986,,0.2986,0,19157,0.0036,85.86,86.17,86.48,85.0,2026-08-11,3,False
HEI,Industrials,Aerospace & Defense,RSI,RSI 維持強勢 (50-70),None,0.0,0.51,0.2986,,0.2986,0,19157,0.0036,366.92,368.24,369.56,363.25,2026-08-11,3,False
IESC,Industrials,Engineering & Construction,RSI,RSI 維持強勢 (50-70),None,0.0,0.51,0.2986,,0.2986,0,19157,0.0036,780.0,782.81,785.62,772.2,2026-08-11,3,False
ITT,Industrials,Specialty Industrial Machinery,RSI,RSI 維持強勢 (50-70),None,0.0,0.51,0.2986,,0.2986,0,19157,0.0036,216.89,217.67,218.45,214.72,2026-08-11,3,False
LECO,Industrials,Tools & Accessories,RSI,RSI 維持強勢 (50-70),None,0.0,0.51,0.2986,,0.2986,0,19157,0.0036,284.27,285.29,286.32,281.43,2026-08-11,3,False
LTM,Industrials,Airlines,RSI,RSI 維持強勢 (50-70),None,0.0,0.51,0.2986,,0.2986,0,19157,0.0036,56.72,56.92,57.13,56.15,2026-08-07,3,False
NVT,Industrials,Electrical Equipment & Parts,RSI,RSI 維持強勢 (50-70),None,0.0,0.51,0.2986,,0.2986,0,19157,0.0036,167.16,167.76,168.36,165.49,2026-08-11,3,False
OC,Industrials,Building Products & Equipment,RSI,RSI 維持強勢 (50-70),None,0.0,0.51,0.2986,,0.2986,0,19157,0.0036,153.8,154.35,154.91,152.26,2026-08-10,3,False
POOL,Industrials,Industrial Distribution,RSI,RSI 維持強勢 (50-70),None,0.0,0.51,0.2986,,0.2986,0,19157,0.0036,201.5,202.23,202.95,199.48,2026-08-11,3,False
QXO,Industrials,Industrial Distribution,RSI,RSI 維持強勢 (50-70),None,0.0,0.51,0.2986,,0.2986,0,19157,0.0036,15.55,15.61,15.66,15.39,2026-08-11,3,False
RELX,Industrials,Specialty Business Services,RSI,RSI 維持強勢 (50-70),None,0.0,0.51,0.2986,,0.2986,0,19157,0.0036,35.37,35.5,35.62,35.02,2026-08-11,3,False
SUNB,Industrials,Rental & Leasing Services,RSI,RSI 維持強勢 (50-70),None,0.0,0.51,0.2986,,0.2986,0,19157,0.0036,80.55,80.84,81.13,79.74,2026-08-11,3,False
TRI,Industrials,Specialty Business Services,RSI,RSI 維持強勢 (50-70),None,0.0,0.51,0.2986,,0.2986,0,19157,0.0036,104.84,105.22,105.59,103.79,2026-08-11,3,False
WCC,Industrials,Industrial Distribution,RSI,RSI 維持強勢 (50-70),None,0.0,0.51,0.2986,,0.2986,0,19157,0.0036,366.17,367.49,368.81,362.51,2026-08-11,3,False
WTS,Industrials,Specialty Industrial Machinery,RSI,RSI 維持強勢 (50-70),None,0.0,0.51,0.2986,,0.2986,0,19157,0.0036,384.76,386.15,387.53,380.91,2026-08-11,3,False
ZTO,Industrials,Integrated Freight & Logistics,RSI,RSI 維持強勢 (50-70),None,0.0,0.51,0.2986,,0.2986,0,19157,0.0036,23.93,24.02,24.1,23.69,2026-08-10,3,False
CRM,Information Technology,Software - Application,BB,價格在 BB 中軌上方,None,0.0,0.425,0.2986,0.2986,0.3573,288,20206,-0.0022,197.47,197.04,196.6,195.5,2026-08-11,3,False
CPNG,Consumer Discretionary,Internet Retail,BB,價格在 BB 中軌上方,None,0.0,0.425,0.2984,,0.2984,0,12430,0.0031,16.5,16.55,16.6,16.34,2026-08-11,3,False
SEIC,Financials,Asset Management,BB,BB 中軌向上（上升趨勢）,Support,0.9,1.0,0.2982,,0.2982,0,57,0.0011,104.7,104.82,104.93,103.65,2026-08-07,3,False
FPS,Industrials,Electrical Equipment & Parts,RSI,RSI 加速上升,None,0.0,0.5525,0.2981,,0.2981,0,11545,0.003,38.71,38.83,38.94,38.32,2026-08-07,3,False
INIO,Industrials,Specialty Industrial Machinery,RSI,RSI 加速上升,None,0.0,0.5525,0.2981,,0.2981,0,11545,0.003,27.13,27.21,27.29,26.86,2026-08-10,3,False
KNX,Industrials,Trucking,RSI,RSI 加速上升,None,0.0,0.5525,0.2981,,0.2981,0,11545,0.003,70.02,70.23,70.44,69.32,2026-08-07,3,False
MTZ,Industrials,Engineering & Construction,RSI,RSI 加速上升,None,0.0,0.5525,0.2981,,0.2981,0,11545,0.003,272.46,273.28,274.09,269.74,2026-08-07,3,False
PAC,Industrials,Airports & Air Services,RSI,RSI 加速上升,None,0.0,0.5525,0.2981,,0.2981,0,11545,0.003,222.7,223.37,224.04,220.47,2026-08-07,3,False
R,Industrials,Rental & Leasing Services,RSI,RSI 加速上升,None,0.0,0.5525,0.2981,,0.2981,0,11545,0.003,262.19,262.98,263.76,259.57,2026-08-07,3,False
RBC,Industrials,Tools & Accessories,RSI,RSI 加速上升,None,0.0,0.5525,0.2981,,0.2981,0,11545,0.003,567.25,568.95,570.65,561.58,2026-08-07,3,False
VMI,Industrials,Conglomerates,RSI,RSI 加速上升,None,0.0,0.5525,0.2981,,0.2981,0,11545,0.003,493.64,495.12,496.6,488.7,2026-08-07,3,False
WMS,Industrials,Building Products & Equipment,RSI,RSI 加速上升,None,0.0,0.5525,0.2981,,0.2981,0,11545,0.003,143.95,144.38,144.81,142.51,2026-08-07,3,False
WSO,Industrials,Industrial Distribution,RSI,RSI 加速上升,None,0.0,0.5525,0.2981,,0.2981,0,11545,0.003,326.71,327.69,328.67,323.44,2026-08-10,3,False
PCAR,Industrials,Farm & Heavy Construction Machinery,BB,價格在 BB 中軌上方,None,0.0,0.425,0.2978,0.2978,0.295,272,22337,0.0025,132.53,132.86,133.19,131.2,2026-08-11,3,False
TIMB,Communication Services,Telecom Services,RSI,RSI 維持超賣,None,0.0,0.385,0.2977,,0.2977,0,262,-0.0011,18.04,18.02,18.0,17.86,2026-08-11,3,False
EXR,Real Estate,REIT - Industrial,BB,BB 中軌向上（上升趨勢）,None,0.0,0.51,0.2975,0.2975,0.2647,158,5713,0.0005,146.55,146.62,146.7,145.08,2026-08-11,3,False
TRMB,Information Technology,Scientific & Technical Instruments,RSI,RSI 加速上升,None,0.0,0.5525,0.2971,0.2971,0.3693,138,10688,-0.0007,59.51,59.47,59.43,58.91,2026-08-07,3,False
ISRG,Health Care,Medical Instruments & Supplies,RSI,RSI 維持強勢 (50-70),None,0.0,0.51,0.2952,0.2952,0.2772,210,12123,0.0085,401.23,404.64,408.05,397.22,2026-08-11,3,False
AGX,Industrials,Engineering & Construction,BB,價格在 BB 中軌上方,None,0.0,0.425,0.295,,0.295,0,22337,0.0034,578.51,580.48,582.44,572.72,2026-08-11,3,False
BE,Industrials,Electrical Equipment & Parts,BB,價格在 BB 中軌上方,None,0.0,0.425,0.295,,0.295,0,22337,0.0034,211.21,211.93,212.65,209.1,2026-08-11,3,False
MLI,Industrials,Metal Fabrication,BB,價格在 BB 中軌上方,None,0.0,0.425,0.295,,0.295,0,22337,0.0034,68.45,68.68,68.92,67.77,2026-08-11,3,False
RTX,Industrials,Aerospace & Defense,RSI,RSI 加速上升,None,0.0,0.5525,0.2941,0.2941,0.2981,153,11545,0.0045,224.12,225.13,226.14,221.88,2026-08-10,3,False
CDW,Information Technology,Information Technology Services,BB,BB 中軌向上（上升趨勢）,None,0.0,0.51,0.2941,0.2941,0.3639,136,16781,-0.0002,135.81,135.78,135.76,134.45,2026-08-07,3,False
ECL,Materials,Specialty Chemicals,RSI,RSI 加速上升,None,0.0,0.5525,0.293,0.293,0.3048,157,3639,0.0065,285.17,287.02,288.88,282.32,2026-08-07,3,False
AMGN,Health Care,Drug Manufacturers - General,RSI,RSI 加速上升,None,0.0,0.5525,0.2929,0.2929,0.2803,140,8492,0.0064,417.2,419.87,422.54,413.03,2026-08-10,3,False
RJF,Financials,Asset Management,BB,價格在 BB 中軌上方,None,0.0,0.425,0.2929,0.2929,0.2847,297,21689,0.0054,180.02,180.99,181.96,178.22,2026-08-11,3,False
MCK,Health Care,Medical Distribution,KDJ,KDJ 金叉,None,0.0,0.5525,0.2927,0.2927,0.2852,41,1536,0.002,869.58,871.32,873.06,860.88,2026-08-07,3,False
CSX,Industrials,Railroads,RSI,RSI 維持強勢 (50-70),None,0.0,0.51,0.2927,0.2927,0.2986,287,19157,0.0034,50.12,50.29,50.46,49.62,2026-08-10,3,False
MDT,Health Care,Medical Devices,BB,價格在 BB 中軌上方,Consolidation Breakout,0.73,0.9827999999999999,0.2917,0.2917,0.2165,24,1224,0.0052,90.68,91.15,91.62,89.77,2026-08-11,3,False
DHR,Health Care,Diagnostics & Research,RSI,RSI 加速上升,None,0.0,0.5525,0.2917,0.2917,0.2803,120,8492,0.002,207.44,207.85,208.27,205.37,2026-08-11,3,False
ELV,Health Care,Healthcare Plans,RSI,RSI 加速上升,None,0.0,0.5525,0.2908,0.2908,0.2803,141,8492,-0.0014,390.37,389.82,389.28,386.47,2026-08-11,3,False
STLA,Consumer Discretionary,Auto Manufacturers,BB,BB 中軌向上（上升趨勢）,None,0.0,0.51,0.2908,,0.2908,0,9757,0.002,5.58,5.59,5.6,5.52,2026-08-10,3,False
XPEV,Consumer Discretionary,Auto Manufacturers,BB,BB 中軌向上（上升趨勢）,None,0.0,0.51,0.2908,,0.2908,0,9757,0.002,11.88,11.9,11.93,11.76,2026-08-11,3,False
UNP,Industrials,Railroads,RSI,RSI 維持強勢 (50-70),None,0.0,0.51,0.2905,0.2905,0.2986,210,19157,0.0042,292.87,294.1,295.33,289.94,2026-08-11,3,False
ADBE,Information Technology,Software - Application,BB,BB 中軌向上（上升趨勢）,None,0.0,0.51,0.2903,0.2903,0.3639,186,16781,-0.0083,263.71,261.52,259.33,261.07,2026-08-11,3,False
COR,Health Care,Medical Distribution,RSI,RSI 加速上升,None,0.0,0.5525,0.2898,0.2898,0.2803,176,8492,0.0022,325.0,325.71,326.43,321.75,2026-08-10,3,False
MDLZ,Consumer Staples,Confectioners,RSI,RSI 維持強勢 (50-70),None,0.0,0.51,0.2892,0.2892,0.2452,204,7574,0.0031,61.78,61.97,62.16,61.16,2026-08-11,3,False
PYPL,Financials,Credit Services,BB,價格在 BB 中軌上方,None,0.0,0.425,0.2888,0.2888,0.2847,232,21689,-0.0086,59.0,58.49,57.99,58.41,2026-08-11,3,False
PNR,Industrials,Specialty Industrial Machinery,RSI,RSI 維持強勢 (50-70),None,0.0,0.51,0.2887,0.2887,0.2986,239,19157,0.0015,68.89,68.99,69.1,68.2,2026-08-07,3,False
BMY,Health Care,Drug Manufacturers - General,RSI,RSI 維持強勢 (50-70),None,0.0,0.51,0.2879,0.2879,0.2772,198,12123,-0.0008,63.61,63.56,63.51,62.97,2026-08-11,3,False
ADSK,Information Technology,Software - Application,RSI,RSI 加速上升,None,0.0,0.5525,0.2868,0.2868,0.3693,129,10688,-0.004,256.07,255.05,254.02,253.51,2026-08-10,3,False
MT,Materials,Steel,RSI,RSI 維持強勢 (50-70),None,0.0,0.51,0.286,,0.286,0,5721,0.0013,73.71,73.81,73.9,72.97,2026-08-11,3,False
RPM,Materials,Specialty Chemicals,RSI,RSI 維持強勢 (50-70),None,0.0,0.51,0.286,,0.286,0,5721,0.0013,116.66,116.81,116.96,115.49,2026-08-11,3,False
ESI,Materials,Specialty Chemicals,BB,價格在 BB 中軌上方,None,0.0,0.425,0.2859,,0.2859,0,6697,0.0007,37.65,37.68,37.7,37.27,2026-08-11,3,False
SOLS,Materials,Specialty Chemicals,BB,價格在 BB 中軌上方,None,0.0,0.425,0.2859,,0.2859,0,6697,0.0007,61.11,61.15,61.2,60.5,2026-08-11,3,False
CME,Financials,Financial Data & Stock Exchanges,BB,BB 中軌向上（上升趨勢）,None,0.0,0.51,0.2857,0.2857,0.2681,224,16575,0.0013,259.32,259.66,259.99,256.73,2026-08-11,3,False
MSFT,Information Technology,Software - Infrastructure,BB,BB 中軌向上（上升趨勢）,None,0.0,0.51,0.2857,0.2857,0.3639,217,16781,0.003,503.81,505.32,506.83,498.77,2026-08-11,3,False
CMS,Utilities,Utilities - Regulated Electric,BB,BB 跌破下軌 (超賣),None,0.0,0.45499999999999996,0.2857,0.2857,0.4104,14,441,0.0053,69.06,69.43,69.79,68.37,2026-08-10,3,False
AMZN,Consumer Discretionary,Internet Retail,BB,價格在 BB 中軌上方,None,0.0,0.425,0.2857,0.2857,0.2984,280,12430,0.0024,272.27,272.92,273.58,269.55,2026-08-11,3,False
ALNY,Health Care,Biotechnology,KDJ,KDJ 金叉,None,0.0,0.5525,0.2852,,0.2852,0,1536,0.0022,221.2,221.69,222.17,218.99,2026-08-11,3,False
AXSM,Health Care,Biotechnology,KDJ,KDJ 金叉,None,0.0,0.5525,0.2852,,0.2852,0,1536,0.0022,220.89,221.38,221.86,218.68,2026-08-10,3,False
HLN,Health Care,Drug Manufacturers - Specialty & Generic,KDJ,KDJ 金叉,None,0.0,0.5525,0.2852,,0.2852,0,1536,0.0022,9.93,9.95,9.97,9.83,2026-08-11,3,False
NVO,Health Care,Drug Manufacturers - General,KDJ,KDJ 金叉,None,0.0,0.5525,0.2852,,0.2852,0,1536,0.0022,47.73,47.84,47.94,47.25,2026-08-10,3,False
AEG,Financials,Insurance - Diversified,BB,價格在 BB 中軌上方,None,0.0,0.425,0.2847,,0.2847,0,21689,0.0031,9.39,9.42,9.45,9.3,2026-08-11,3,False
AFG,Financials,Insurance - Property & Casualty,BB,價格在 BB 中軌上方,None,0.0,0.425,0.2847,,0.2847,0,21689,0.0031,144.35,144.8,145.24,142.91,2026-08-11,3,False
AFRM,Financials,Credit Services,BB,價格在 BB 中軌上方,None,0.0,0.425,0.2847,,0.2847,0,21689,0.0031,76.705,76.94,77.18,75.94,2026-08-11,3,False
BBVA,Financials,Banks - Diversified,BB,價格在 BB 中軌上方,None,0.0,0.425,0.2847,,0.2847,0,21689,0.0031,28.5,28.59,28.68,28.21,2026-08-11,3,False
BCH,Financials,Banks - Regional,BB,價格在 BB 中軌上方,None,0.0,0.425,0.2847,,0.2847,0,21689,0.0031,41.49,41.62,41.75,41.08,2026-08-10,3,False
BCS,Financials,Banks - Diversified,BB,價格在 BB 中軌上方,None,0.0,0.425,0.2847,,0.2847,0,21689,0.0031,27.84,27.93,28.01,27.56,2026-08-11,3,False
BMO,Financials,Banks - Diversified,BB,價格在 BB 中軌上方,None,0.0,0.425,0.2847,,0.2847,0,21689,0.0031,181.17,181.73,182.29,179.36,2026-08-11,3,False
BPOP,Financials,Banks - Regional,BB,價格在 BB 中軌上方,None,0.0,0.425,0.2847,,0.2847,0,21689,0.0031,174.84,175.38,175.92,173.09,2026-08-11,3,False
BSAC,Financials,Banks - Regional,BB,價格在 BB 中軌上方,None,0.0,0.425,0.2847,,0.2847,0,21689,0.0031,35.03,35.14,35.25,34.68,2026-08-11,3,False
CM,Financials,Banks - Diversified,BB,價格在 BB 中軌上方,None,0.0,0.425,0.2847,,0.2847,0,21689,0.0031,118.96,119.33,119.7,117.77,2026-08-11,3,False
DB,Financials,Banks - Regional,BB,價格在 BB 中軌上方,None,0.0,0.425,0.2847,,0.2847,0,21689,0.0031,38.23,38.35,38.47,37.85,2026-08-11,3,False
HBANM,Financials,Banks - Regional,BB,價格在 BB 中軌上方,None,0.0,0.425,0.2847,,0.2847,0,21689,0.0031,20.9,20.96,21.03,20.69,2026-08-11,3,False
HSBC,Financials,Banks - Diversified,BB,價格在 BB 中軌上方,None,0.0,0.425,0.2847,,0.2847,0,21689,0.0031,103.21,103.53,103.85,102.18,2026-08-11,3,False
IBN,Financials,Banks - Regional,BB,價格在 BB 中軌上方,None,0.0,0.425,0.2847,,0.2847,0,21689,0.0031,29.87,29.96,30.06,29.57,2026-08-11,3,False
IX,Financials,Financial Conglomerates,BB,價格在 BB 中軌上方,None,0.0,0.425,0.2847,,0.2847,0,21689,0.0031,40.09,40.21,40.34,39.69,2026-08-07,3,False
KLAR,Financials,Credit Services,BB,價格在 BB 中軌上方,None,0.0,0.425,0.2847,,0.2847,0,21689,0.0031,19.62,19.68,19.74,19.42,2026-08-10,3,False
LYG,Financials,Banks - Regional,BB,價格在 BB 中軌上方,None,0.0,0.425,0.2847,,0.2847,0,21689,0.0031,6.1,6.12,6.14,6.04,2026-08-11,3,False
MFC,Financials,Insurance - Life,BB,價格在 BB 中軌上方,None,0.0,0.425,0.2847,,0.2847,0,21689,0.0031,44.15,44.29,44.42,43.71,2026-08-10,3,False
MFG,Financials,Banks - Regional,BB,價格在 BB 中軌上方,None,0.0,0.425,0.2847,,0.2847,0,21689,0.0031,10.44,10.47,10.5,10.34,2026-08-11,3,False
NWG,Financials,Banks - Regional,BB,價格在 BB 中軌上方,None,0.0,0.425,0.2847,,0.2847,0,21689,0.0031,19.05,19.11,19.17,18.86,2026-08-11,3,False
ORI,Financials,Insurance - Property & Casualty,BB,價格在 BB 中軌上方,None,0.0,0.425,0.2847,,0.2847,0,21689,0.0031,43.03,43.16,43.3,42.6,2026-08-07,3,False
PNFP,Financials,Banks - Regional,BB,價格在 BB 中軌上方,None,0.0,0.425,0.2847,,0.2847,0,21689,0.0031,105.7,106.03,106.36,104.64,2026-08-11,3,False
RY,Financials,Banks - Diversified,BB,價格在 BB 中軌上方,None,0.0,0.425,0.2847,,0.2847,0,21689,0.0031,211.08,211.73,212.39,208.97,2026-08-07,3,False
RYAN,Financials,Insurance - Specialty,BB,價格在 BB 中軌上方,None,0.0,0.425,0.2847,,0.2847,0,21689,0.0031,42.84,42.97,43.11,42.41,2026-08-07,3,False
SLF,Financials,Insurance - Diversified,BB,價格在 BB 中軌上方,None,0.0,0.425,0.2847,,0.2847,0,21689,0.0031,82.63,82.89,83.14,81.8,2026-08-10,3,False
UBS,Financials,Banks - Diversified,BB,價格在 BB 中軌上方,None,0.0,0.425,0.2847,,0.2847,0,21689,0.0031,53.69,53.86,54.02,53.15,2026-08-11,3,False
UMBF,Financials,Banks - Regional,BB,價格在 BB 中軌上方,None,0.0,0.425,0.2847,,0.2847,0,21689,0.0031,147.54,148.0,148.45,146.06,2026-08-11,3,False
CNA,Financials,Insurance - Property & Casualty,RSI,RSI 維持強勢 (50-70),None,0.0,0.51,0.2842,,0.2842,0,19108,0.003,52.02,52.18,52.33,51.5,2026-08-07,3,False
RNR,Financials,Insurance - Reinsurance,RSI,RSI 維持強勢 (50-70),None,0.0,0.51,0.2842,,0.2842,0,19108,0.003,321.87,322.84,323.8,318.65,2026-08-07,3,False
RRX,Industrials,Specialty Industrial Machinery,BB,BB 跌破下軌 (超賣),None,0.0,0.45499999999999996,0.2838,,0.2838,0,1258,0.0043,173.42,174.17,174.91,171.69,2026-08-10,3,False
COF,Financials,Credit Services,BB,價格在 BB 中軌上方,None,0.0,0.425,0.2832,0.2832,0.2847,226,21689,-0.0004,219.15,219.06,218.97,216.96,2026-08-11,3,False
ABNB,Consumer Discretionary,Travel Services,RSI,RSI 動能加速（強勢區）,Morning Star,0.8,1.0,0.283,,0.283,0,53,-0.0041,178.07,177.34,176.61,176.29,2026-08-07,3,True
IFF,Materials,Specialty Chemicals,RSI,RSI 維持強勢 (50-70),None,0.0,0.51,0.2828,0.2828,0.286,244,5721,-0.0019,85.0,84.84,84.68,84.15,2026-08-11,3,False
CVS,Health Care,Healthcare Plans,RSI,RSI 超賣區域 (30),None,0.0,0.5249999999999999,0.2827,,0.2827,0,336,-0.0013,93.5,93.38,93.26,92.56,2026-08-11,3,False
MSI,Information Technology,Communication Equipment,BB,BB 中軌向上（上升趨勢）,None,0.0,0.51,0.2821,0.2821,0.3639,234,16781,0.0045,466.86,468.96,471.06,462.19,2026-08-11,3,False
NTAP,Information Technology,Software - Infrastructure,RSI,RSI 維持強勢 (50-70),None,0.0,0.51,0.2821,0.2821,0.3645,234,16764,0.0035,189.52,190.18,190.85,187.62,2026-08-07,3,False
AGNC,Real Estate,REIT - Mortgage,KDJ,KDJ 金叉,None,0.0,0.5525,0.2818,,0.2818,0,550,0.0003,10.84,10.84,10.85,10.73,2026-08-07,3,False
LAMR,Real Estate,REIT - Specialty,KDJ,KDJ 金叉,None,0.0,0.5525,0.2818,,0.2818,0,550,0.0003,160.93,160.98,161.03,159.32,2026-08-07,3,False
LINE,Real Estate,REIT - Industrial,KDJ,KDJ 金叉,None,0.0,0.5525,0.2818,,0.2818,0,550,0.0003,41.8,41.81,41.83,41.38,2026-08-11,3,False
ALLE,Industrials,Security & Protection Services,RSI,RSI 維持強勢 (50-70),None,0.0,0.51,0.2814,0.2814,0.2986,199,19157,0.0036,168.44,169.05,169.65,166.76,2026-08-11,3,False
IR,Industrials,Specialty Industrial Machinery,BB,價格在 BB 中軌上方,None,0.0,0.425,0.281,0.281,0.295,242,22337,0.0013,85.02,85.13,85.24,84.17,2026-08-11,3,False
ERIE,Financials,Insurance Brokers,BB,BB 中軌向上（上升趨勢）,None,0.0,0.51,0.2806,0.2806,0.2681,196,16575,0.002,256.64,257.15,257.67,254.07,2026-08-11,3,False
ASND,Health Care,Biotechnology,BB,價格在 BB 中軌上方,None,0.0,0.425,0.2804,,0.2804,0,14417,0.0008,254.57,254.77,254.98,252.02,2026-08-11,3,False
BBIO,Health Care,Biotechnology,BB,價格在 BB 中軌上方,None,0.0,0.425,0.2804,,0.2804,0,14417,0.0008,83.7,83.77,83.83,82.86,2026-08-11,3,False
GH,Health Care,Diagnostics & Research,BB,價格在 BB 中軌上方,None,0.0,0.425,0.2804,,0.2804,0,14417,0.0008,165.09,165.22,165.35,163.44,2026-08-11,3,False
INSM,Health Care,Biotechnology,BB,價格在 BB 中軌上方,None,0.0,0.425,0.2804,,0.2804,0,14417,0.0008,132.57,132.68,132.78,131.24,2026-08-11,3,False
IONS,Health Care,Biotechnology,BB,價格在 BB 中軌上方,None,0.0,0.425,0.2804,,0.2804,0,14417,0.0008,55.42,55.46,55.51,54.87,2026-08-11,3,False
JAZZ,Health Care,Biotechnology,BB,價格在 BB 中軌上方,None,0.0,0.425,0.2804,,0.2804,0,14417,0.0008,256.52,256.73,256.93,253.95,2026-08-10,3,False
MEDP,Health Care,Diagnostics & Research,BB,價格在 BB 中軌上方,None,0.0,0.425,0.2804,,0.2804,0,14417,0.0008,605.5,605.98,606.47,599.45,2026-08-11,3,False
PEN,Health Care,Medical Devices,BB,價格在 BB 中軌上方,None,0.0,0.425,0.2804,,0.2804,0,14417,0.0008,325.98,326.24,326.5,322.72,2026-08-10,3,False
RDY,Health Care,Drug Manufacturers - Specialty & Generic,BB,價格在 BB 中軌上方,None,0.0,0.425,0.2804,,0.2804,0,14417,0.0008,12.45,12.46,12.47,12.33,2026-08-11,3,False
ROIV,Health Care,Biotechnology,BB,價格在 BB 中軌上方,None,0.0,0.425,0.2804,,0.2804,0,14417,0.0008,35.25,35.28,35.31,34.9,2026-08-11,3,False
RVMD,Health Care,Biotechnology,BB,價格在 BB 中軌上方,None,0.0,0.425,0.2804,,0.2804,0,14417,0.0008,205.55,205.71,205.88,203.49,2026-08-11,3,False
TEVA,Health Care,Drug Manufacturers - Specialty & Generic,BB,價格在 BB 中軌上方,None,0.0,0.425,0.2804,,0.2804,0,14417,0.0008,36.48,36.51,36.54,36.12,2026-08-11,3,False
THC,Health Care,Medical Care Facilities,BB,價格在 BB 中軌上方,None,0.0,0.425,0.2804,,0.2804,0,14417,0.0008,259.45,259.66,259.87,256.86,2026-08-11,3,False
BDRX,Health Care,Biotechnology,RSI,RSI 加速上升,None,0.0,0.5525,0.2803,,0.2803,0,8492,-0.0001,1.58,1.58,1.58,1.56,2026-08-11,3,False
BRKRP,Health Care,Medical Devices,RSI,RSI 加速上升,None,0.0,0.5525,0.2803,,0.2803,0,8492,-0.0001,427.02,426.98,426.93,422.75,2026-08-11,3,False
BTSG,Health Care,Health Information Services,RSI,RSI 加速上升,None,0.0,0.5525,0.2803,,0.2803,0,8492,-0.0001,62.43,62.42,62.42,61.81,2026-08-07,3,False
BTSGU,Health Care,Health Information Services,RSI,RSI 加速上升,None,0.0,0.5525,0.2803,,0.2803,0,8492,-0.0001,206.662,206.64,206.62,204.6,2026-08-07,3,False
CYTK,Health Care,Biotechnology,RSI,RSI 加速上升,None,0.0,0.5525,0.2803,,0.2803,0,8492,-0.0001,77.49,77.48,77.47,76.72,2026-08-10,3,False
EXEL,Health Care,Biotechnology,RSI,RSI 加速上升,None,0.0,0.5525,0.2803,,0.2803,0,8492,-0.0001,54.07,54.06,54.06,53.53,2026-08-07,3,False
MOH,Health Care,Healthcare Plans,RSI,RSI 加速上升,None,0.0,0.5525,0.2803,,0.2803,0,8492,-0.0001,194.54,194.52,194.5,192.59,2026-08-11,3,False
MTD,Health Care,Diagnostics & Research,BB,價格在 BB 中軌上方,None,0.0,0.425,0.2802,0.2802,0.2804,207,14417,0.0022,1437.1801,1440.34,1443.5,1422.81,2026-08-11,3,False
PNW,Utilities,Utilities - Regulated Electric,KDJ,KDJ 金叉,None,0.0,0.5525,0.2778,0.2778,0.3001,18,713,-0.0037,100.04,99.67,99.3,99.04,2026-08-11,3,False
ROST,Consumer Discretionary,Apparel Retail,BB,價格在 BB 中軌上方,None,0.0,0.425,0.2765,0.2765,0.2984,311,12430,0.0058,251.81,253.27,254.73,249.29,2026-08-11,3,False
ROP,Information Technology,Software - Application,KDJ,KDJ 金叉,None,0.0,0.5525,0.2759,0.2759,0.3918,29,1955,-0.001,403.89,403.49,403.08,399.85,2026-08-10,3,False
CNP,Utilities,Utilities - Regulated Electric,RSI,RSI 超賣區域 (30),None,0.0,0.5249999999999999,0.2759,,0.2759,0,116,-0.003,40.03,39.91,39.79,39.63,2026-08-10,3,False
DTE,Utilities,Utilities - Regulated Electric,RSI,RSI 超賣區域 (30),None,0.0,0.5249999999999999,0.2759,,0.2759,0,116,-0.003,136.78,136.37,135.96,135.41,2026-08-10,3,False
EG,Financials,Insurance - Reinsurance,RSI,RSI 上穿 50 中性線,None,0.0,0.4675,0.2759,0.2759,0.3091,29,1899,0.0018,374.96,375.63,376.31,371.21,2026-08-07,3,False
NWSA,Communication Services,Entertainment,RSI,RSI 維持強勢 (50-70),None,0.0,0.51,0.2742,0.2742,0.3082,248,5205,0.0028,28.63,28.71,28.79,28.34,2026-08-11,3,False
AMP,Financials,Asset Management,BB,BB 中軌向上（上升趨勢）,Consolidation Breakout,0.75,1.0,0.2727,0.2727,0.2496,33,1951,0.0047,562.98,565.63,568.27,557.35,2026-08-11,3,False
DOV,Industrials,Specialty Industrial Machinery,RSI,RSI 加速上升,None,0.0,0.5525,0.2714,0.2714,0.2981,140,11545,0.0036,211.13,211.89,212.65,209.02,2026-08-07,3,False
ABBV,Health Care,Drug Manufacturers - General,RSI,RSI 上穿 50 中性線,None,0.0,0.4675,0.2692,0.2692,0.3144,26,1323,0.0023,246.04,246.61,247.17,243.58,2026-08-07,3,False
LHX,Industrials,Aerospace & Defense,RSI,RSI 加速上升,None,0.0,0.5525,0.269,0.269,0.2981,145,11545,0.0035,289.72,290.73,291.75,286.82,2026-08-10,3,False
CSCO,Information Technology,Communication Equipment,RSI,RSI 維持強勢 (50-70),None,0.0,0.51,0.2687,0.2687,0.3645,320,16764,0.004,120.43,120.91,121.39,119.23,2026-08-11,3,False
GL,Financials,Insurance - Life,BB,BB 中軌向上（上升趨勢）,None,0.0,0.51,0.2682,0.2682,0.2681,261,16575,0.0014,181.04,181.29,181.55,179.23,2026-08-11,3,False
NU,Financials,Banks - Regional,BB,BB 中軌向上（上升趨勢）,None,0.0,0.51,0.2681,,0.2681,0,16575,0.0026,13.65,13.69,13.72,13.51,2026-08-11,3,False
PUK,Financials,Insurance - Life,BB,BB 中軌向上（上升趨勢）,None,0.0,0.51,0.2681,,0.2681,0,16575,0.0026,28.28,28.35,28.43,28.0,2026-08-07,3,False
WULF,Financials,Capital Markets,BB,BB 中軌向上（上升趨勢）,None,0.0,0.51,0.2681,,0.2681,0,16575,0.0026,16.75,16.79,16.84,16.58,2026-08-11,3,False
EIX,Utilities,Utilities - Regulated Electric,RSI,RSI 加速上升,None,0.0,0.5525,0.2675,0.2675,0.2565,157,4905,0.0011,69.89,69.97,70.04,69.19,2026-08-11,3,False
EXPD,Industrials,Integrated Freight & Logistics,BB,BB 中軌向上（上升趨勢）,None,0.0,0.51,0.2673,0.2673,0.2929,202,17460,0.003,177.21,177.74,178.27,175.44,2026-08-11,3,False
ORLY,Consumer Discretionary,Auto Parts,RSI,RSI 加速上升,None,0.0,0.5525,0.2672,0.2672,0.3117,131,6796,0.0011,93.53,93.63,93.74,92.59,2026-08-07,3,False
GD,Industrials,Aerospace & Defense,MACD,MACD 金叉 (多頭區),None,0.0,0.68,0.2667,0.2667,0.2674,15,531,0.0021,395.97,396.8,397.63,392.01,2026-08-10,3,False
OKE,Energy,Oil & Gas Midstream,RSI,RSI 上穿 50 中性線,None,0.0,0.4675,0.2667,0.2667,0.361,30,579,0.0044,90.34,90.74,91.13,89.44,2026-08-10,3,False
ABEV,Consumer Staples,Beverages - Brewers,BB,BB 跌破下軌 (超賣),None,0.0,0.45499999999999996,0.2667,,0.2667,0,705,0.0039,2.84,2.85,2.86,2.81,2026-08-11,3,False
CPT,Real Estate,REIT - Residential,BB,BB 跌破下軌 (超賣),None,0.0,0.45499999999999996,0.2667,0.2667,0.25,15,564,0.0092,108.29,109.29,110.28,107.21,2026-08-11,3,False
FMX,Consumer Staples,Beverages - Brewers,BB,BB 跌破下軌 (超賣),None,0.0,0.45499999999999996,0.2667,,0.2667,0,705,0.0039,118.23,118.69,119.15,117.05,2026-08-11,3,False
KIM,Real Estate,REIT - Retail,BB,BB 跌破下軌 (超賣),None,0.0,0.45499999999999996,0.2667,0.2667,0.25,15,564,0.0079,24.11,24.3,24.49,23.87,2026-08-10,3,False
EBAY,Consumer Discretionary,Internet Retail,RSI,RSI 維持強勢 (50-70),None,0.0,0.51,0.2657,0.2657,0.2995,286,10441,-0.0013,111.98,111.83,111.69,110.86,2026-08-07,3,False
COO,Health Care,Medical Instruments & Supplies,BB,價格在 BB 中軌上方,None,0.0,0.425,0.2648,0.2648,0.2804,219,14417,-0.0043,76.82,76.49,76.16,76.05,2026-08-11,3,False
AMH,Real Estate,REIT - Residential,BB,BB 中軌向上（上升趨勢）,None,0.0,0.51,0.2647,,0.2647,0,5713,0.0025,33.87,33.95,34.04,33.53,2026-08-11,3,False
BEKE,Real Estate,Real Estate Services,BB,BB 中軌向上（上升趨勢）,None,0.0,0.51,0.2647,,0.2647,0,5713,0.0025,16.96,17.0,17.04,16.79,2026-08-11,3,False
BPYPP,Real Estate,Real Estate Services,BB,BB 中軌向上（上升趨勢）,None,0.0,0.51,0.2647,,0.2647,0,5713,0.0025,16.065,16.11,16.15,15.9,2026-08-11,3,False
AZO,Consumer Discretionary,Auto Parts,BB,價格在 BB 中軌上方,None,0.0,0.425,0.2647,0.2647,0.2984,238,12430,-0.0002,3042.6499,3042.04,3041.43,3012.22,2026-08-11,3,False
SJM,Consumer Staples,Packaged Foods,BB,BB 中軌向上（上升趨勢）,None,0.0,0.51,0.2645,0.2645,0.2466,121,6128,0.006,117.34,118.04,118.75,116.17,2026-08-11,3,False
JNJ,Health Care,Drug Manufacturers - General,RSI,RSI 加速上升,None,0.0,0.5525,0.2638,0.2638,0.2803,163,8492,0.0063,261.81,263.46,265.11,259.19,2026-08-10,3,False
VRSN,Information Technology,Software - Infrastructure,BB,BB 中軌向上（上升趨勢）,None,0.0,0.51,0.2636,0.2636,0.3639,239,16781,-0.0001,287.63,287.6,287.57,284.75,2026-08-11,3,False
OMC,Communication Services,Advertising Agencies,RSI,RSI 動能加速（強勢區）,None,0.0,0.51,0.2593,0.2593,0.3135,27,772,-0.0056,85.24,84.76,84.29,84.39,2026-08-07,3,False
PGR,Financials,Insurance - Property & Casualty,BB,價格在 BB 中軌上方,None,0.0,0.425,0.2593,0.2593,0.2847,297,21689,0.0037,212.35,213.14,213.92,210.23,2026-08-11,3,False
ICE,Financials,Financial Data & Stock Exchanges,RSI,RSI 維持強勢 (50-70),None,0.0,0.51,0.258,0.258,0.2842,283,19108,0.005,151.25,152.01,152.76,149.74,2026-08-11,3,False
BSX,Health Care,Medical Devices,RSI,RSI 加速上升,None,0.0,0.5525,0.2576,0.2576,0.2803,132,8492,-0.0058,49.31,49.02,48.74,48.82,2026-08-07,3,False
V,Financials,Credit Services,BB,BB 中軌向上（上升趨勢）,None,0.0,0.51,0.2571,0.2571,0.2681,210,16575,0.0013,362.82,363.29,363.76,359.19,2026-08-11,3,False
BEPC,Utilities,Utilities - Renewable,RSI,RSI 加速上升,None,0.0,0.5525,0.2565,,0.2565,0,4905,0.0041,34.79,34.93,35.08,34.44,2026-08-11,3,False
KEP,Utilities,Utilities - Regulated Electric,RSI,RSI 加速上升,None,0.0,0.5525,0.2565,,0.2565,0,4905,0.0041,12.49,12.54,12.59,12.37,2026-08-07,3,False
TLN,Utilities,Utilities - Independent Power Producers,RSI,RSI 加速上升,None,0.0,0.5525,0.2565,,0.2565,0,4905,0.0041,357.88,359.35,360.81,354.3,2026-08-11,3,False
CCEP,Consumer Staples,Beverages - Non-Alcoholic,RSI,RSI 上穿 50 中性線,None,0.0,0.4675,0.2565,,0.2565,0,928,0.0005,106.51,106.56,106.62,105.44,2026-08-11,3,False
CL,Consumer Staples,Household & Personal Products,RSI,RSI 加速上升,None,0.0,0.5525,0.2564,0.2564,0.2439,156,5343,0.0014,93.15,93.28,93.41,92.22,2026-08-10,3,False
MKC,Consumer Staples,Packaged Foods,MACD,MACD 金叉 (多頭區),None,0.0,0.68,0.2554,,0.2554,0,184,-0.0001,52.96,52.95,52.95,52.43,2026-08-07,3,False
EQIX,Real Estate,REIT - Specialty,BB,BB 中軌向上（上升趨勢）,None,0.0,0.51,0.2547,0.2547,0.2647,212,5713,-0.0008,1042.62,1041.79,1040.95,1032.19,2026-08-07,3,False
CTSH,Information Technology,Information Technology Services,BB,價格在 BB 中軌上方,None,0.0,0.425,0.2536,0.2536,0.3573,209,20206,0.0011,58.6,58.66,58.73,58.01,2026-08-11,3,False
EW,Health Care,Medical Devices,RSI,RSI 加速上升,None,0.0,0.5525,0.252,0.252,0.2803,127,8492,0.002,92.03,92.21,92.4,91.11,2026-08-10,3,False
AGNCL,Real Estate,REIT - Mortgage,RSI,RSI 維持強勢 (50-70),None,0.0,0.51,0.2509,,0.2509,0,7011,0.0007,25.23,25.25,25.27,24.98,2026-08-10,3,False
AGNCM,Real Estate,REIT - Mortgage,RSI,RSI 維持強勢 (50-70),None,0.0,0.51,0.2509,,0.2509,0,7011,0.0007,25.18,25.2,25.22,24.93,2026-08-10,3,False
AGNCN,Real Estate,REIT - Mortgage,RSI,RSI 維持強勢 (50-70),None,0.0,0.51,0.2509,,0.2509,0,7011,0.0007,25.86,25.88,25.9,25.6,2026-08-10,3,False
AGNCO,Real Estate,REIT - Mortgage,RSI,RSI 維持強勢 (50-70),None,0.0,0.51,0.2509,,0.2509,0,7011,0.0007,25.62,25.64,25.66,25.36,2026-08-10,3,False
AGNCP,Real Estate,REIT - Mortgage,RSI,RSI 維持強勢 (50-70),None,0.0,0.51,0.2509,,0.2509,0,7011,0.0007,25.245,25.26,25.28,24.99,2026-08-10,3,False
BPYPN,Real Estate,Real Estate Services,RSI,RSI 維持強勢 (50-70),None,0.0,0.51,0.2509,,0.2509,0,7011,0.0007,13.9261,13.94,13.95,13.79,2026-08-11,3,False
BPYPO,Real Estate,Real Estate Services,RSI,RSI 維持強勢 (50-70),None,0.0,0.51,0.2509,,0.2509,0,7011,0.0007,15.24,15.25,15.26,15.09,2026-08-11,3,False
ELS,Real Estate,REIT - Residential,RSI,RSI 維持強勢 (50-70),None,0.0,0.51,0.2509,,0.2509,0,7011,0.0007,65.17,65.22,65.26,64.52,2026-08-07,3,False
COKE,Consumer Staples,Beverages - Non-Alcoholic,KDJ,KDJ 金叉,None,0.0,0.5525,0.2503,,0.2503,0,779,-0.0014,192.99,192.72,192.45,191.06,2026-08-07,3,False
CPB,Consumer Staples,Packaged Foods,KDJ,KDJ 金叉,None,0.0,0.5525,0.2503,,0.2503,0,779,-0.0014,22.72,22.69,22.66,22.49,2026-08-11,3,False
CMCSA,Communication Services,Telecom Services,RSI,RSI 動能加速（強勢區）,Consolidation Breakout,0.72,1.0,0.25,0.25,0.2677,8,254,-0.0101,25.65,25.39,25.13,25.39,2026-08-11,3,False
HD,Consumer Discretionary,Home Improvement Retail,RSI,RSI 加速上升,None,0.0,0.5525,0.25,0.25,0.3117,128,6796,0.0029,355.62,356.65,357.68,352.06,2026-08-07,3,False
NVR,Consumer Discretionary,Residential Construction,KDJ,KDJ 金叉,None,0.0,0.5525,0.25,0.25,0.3183,28,1244,0.001,6429.96,6436.39,6442.82,6365.66,2026-08-11,3,False
MA,Financials,Credit Services,RSI,RSI 維持強勢 (50-70),None,0.0,0.51,0.25,0.25,0.2842,288,19108,0.0014,561.44,562.23,563.01,555.83,2026-08-11,3,False
MRK,Health Care,Drug Manufacturers - General,RSI,RSI 動能加速（強勢區）,None,0.0,0.51,0.25,0.25,0.2606,36,1869,-0.0015,130.92,130.72,130.53,129.61,2026-08-10,3,False
SBAC,Real Estate,REIT - Specialty,RSI,RSI 上穿 50 中性線,None,0.0,0.4675,0.25,0.25,0.2311,24,818,-0.0045,184.03,183.2,182.37,182.19,2026-08-07,3,False
GLPI,Real Estate,REIT - Specialty,BB,BB 跌破下軌 (超賣),None,0.0,0.45499999999999996,0.25,,0.25,0,564,-0.0003,42.64,42.63,42.61,42.21,2026-08-11,3,False
BIP,Utilities,Utilities - Diversified,BB,BB 中軌向上（上升趨勢）,None,0.0,0.51,0.249,,0.249,0,7232,0.0028,39.38,39.49,39.6,38.99,2026-08-11,3,False
ENLT,Utilities,Utilities - Renewable,BB,BB 中軌向上（上升趨勢）,None,0.0,0.51,0.249,,0.249,0,7232,0.0028,80.98,81.21,81.43,80.17,2026-08-10,3,False
NSC,Industrials,Railroads,RSI,RSI 維持強勢 (50-70),None,0.0,0.51,0.2488,0.2488,0.2986,217,19157,0.0032,334.6,335.67,336.74,331.25,2026-08-11,3,False
PFE,Health Care,Drug Manufacturers - General,RSI,RSI 加速上升,None,0.0,0.5525,0.2483,0.2483,0.2803,145,8492,-0.0032,26.62,26.53,26.45,26.35,2026-08-11,3,False
PRU,Financials,Insurance - Life,BB,價格在 BB 中軌上方,None,0.0,0.425,0.2481,0.2481,0.2847,266,21689,-0.0042,122.32,121.81,121.29,121.1,2026-08-11,3,False
NWS,Communication Services,Entertainment,RSI,RSI 維持強勢 (50-70),None,0.0,0.51,0.2471,0.2471,0.3082,259,5205,0.0029,32.67,32.76,32.86,32.34,2026-08-11,3,False
FAST,Industrials,Industrial Distribution,RSI,RSI 加速上升,None,0.0,0.5525,0.2466,0.2466,0.2981,146,11545,-0.001,52.38,52.33,52.28,51.86,2026-08-11,3,False
BJ,Consumer Staples,Discount Stores,BB,BB 中軌向上（上升趨勢）,None,0.0,0.51,0.2466,,0.2466,0,6128,-0.0003,93.96,93.93,93.9,93.02,2026-08-11,3,False
BUD,Consumer Staples,Beverages - Brewers,BB,BB 中軌向上（上升趨勢）,None,0.0,0.51,0.2466,,0.2466,0,6128,-0.0003,80.61,80.59,80.56,79.8,2026-08-11,3,False
EDU,Consumer Staples,Education & Training Services,BB,BB 中軌向上（上升趨勢）,None,0.0,0.51,0.2466,,0.2466,0,6128,-0.0003,55.55,55.53,55.52,54.99,2026-08-11,3,False
MICC,Consumer Staples,Packaged Foods,BB,BB 中軌向上（上升趨勢）,None,0.0,0.51,0.2466,,0.2466,0,6128,-0.0003,19.2,19.19,19.19,19.01,2026-08-10,3,False
UL,Consumer Staples,Household & Personal Products,BB,BB 中軌向上（上升趨勢）,None,0.0,0.51,0.2466,,0.2466,0,6128,-0.0003,62.37,62.35,62.33,61.75,2026-08-11,3,False
USFD,Consumer Staples,Food Distribution,BB,BB 中軌向上（上升趨勢）,None,0.0,0.51,0.2466,,0.2466,0,6128,-0.0003,108.63,108.6,108.56,107.54,2026-08-10,3,False
AIZ,Financials,Insurance - Property & Casualty,RSI,RSI 維持強勢 (50-70),None,0.0,0.51,0.2447,0.2447,0.2842,282,19108,0.0016,281.41,281.86,282.31,278.6,2026-08-11,3,False
MET,Financials,Insurance - Life,BB,價格在 BB 中軌上方,None,0.0,0.425,0.2446,0.2446,0.2847,278,21689,0.0015,96.8,96.95,97.09,95.83,2026-08-11,3,False
AIG,Financials,Insurance - Diversified,RSI,RSI 維持強勢 (50-70),None,0.0,0.51,0.2437,0.2437,0.2842,279,19108,-0.0001,78.78,78.77,78.76,77.99,2026-08-07,3,False
SYK,Health Care,Medical Devices,RSI,RSI 加速上升,None,0.0,0.5525,0.2434,0.2434,0.2803,152,8492,-0.0002,348.15,348.08,348.01,344.67,2026-08-11,3,False
TYL,Information Technology,Software - Application,KDJ,KDJ 金叉,None,0.0,0.5525,0.2432,0.2432,0.3918,37,1955,-0.0013,322.93,322.51,322.09,319.7,2026-08-11,3,False
DGX,Health Care,Diagnostics & Research,BB,價格在 BB 中軌上方,None,0.0,0.425,0.2432,0.2432,0.2804,259,14417,0.0032,237.5,238.26,239.02,235.12,2026-08-11,3,False
APD,Materials,Specialty Chemicals,BB,價格在 BB 中軌上方,None,0.0,0.425,0.2427,0.2427,0.2859,239,6697,-0.0041,309.31,308.04,306.77,306.22,2026-08-11,3,False
AMT,Real Estate,REIT - Specialty,RSI,RSI 維持強勢 (50-70),None,0.0,0.51,0.2419,0.2419,0.2509,186,7011,-0.0,169.55,169.55,169.55,167.85,2026-08-11,3,False
ABT,Health Care,Medical Devices,KDJ,KDJ 金叉,None,0.0,0.5525,0.24,0.24,0.2852,25,1536,-0.0037,108.62,108.22,107.82,107.53,2026-08-10,3,False
CSGP,Real Estate,Real Estate Services,RSI,RSI 動能加速（強勢區）,None,0.0,0.51,0.24,0.24,0.2452,25,1093,-0.0041,31.48,31.35,31.22,31.17,2026-08-10,3,False
LH,Health Care,Diagnostics & Research,BB,價格在 BB 中軌上方,None,0.0,0.425,0.2387,0.2387,0.2804,222,14417,0.0,321.31,321.31,321.31,318.1,2026-08-10,3,False
HIG,Financials,Insurance - Diversified,BB,價格在 BB 中軌上方,None,0.0,0.425,0.2386,0.2386,0.2847,352,21689,0.0002,143.28,143.31,143.34,141.85,2026-08-07,3,False
KVUE,Consumer Staples,Household & Personal Products,BB,價格在 BB 中軌上方,Support,0.9,0.9570000000000001,0.2381,,0.2381,0,21,-0.0071,19.23,19.09,18.96,19.04,2026-08-07,3,False
SYY,Consumer Staples,Food Distribution,BB,價格在 BB 中軌上方,Support,0.9,0.9570000000000001,0.2381,,0.2381,0,21,-0.0071,84.29,83.69,83.09,83.45,2026-08-07,3,False
ITW,Industrials,Specialty Industrial Machinery,BB,價格在 BB 中軌上方,None,0.0,0.425,0.2362,0.2362,0.295,271,22337,0.0019,293.15,293.71,294.26,290.22,2026-08-11,3,False
PTC,Information Technology,Software - Application,BB,BB 中軌向上（上升趨勢）,None,0.0,0.51,0.2353,0.2353,0.3639,153,16781,-0.001,150.44,150.29,150.14,148.94,2026-08-11,3,False
KO,Consumer Staples,Beverages - Non-Alcoholic,BB,BB 中軌向上（上升趨勢）,None,0.0,0.51,0.2346,0.2346,0.2466,179,6128,0.0053,86.48,86.94,87.4,85.62,2026-08-11,3,False
PSA,Real Estate,REIT - Industrial,BB,BB 中軌向上（上升趨勢）,None,0.0,0.51,0.2345,0.2345,0.2647,145,5713,-0.0032,325.1,324.06,323.02,321.85,2026-08-11,3,False
GEHC,Health Care,Medical Devices,BB,價格在 BB 中軌上方,None,0.0,0.425,0.233,0.233,0.2804,206,14417,-0.0058,72.75,72.33,71.91,72.02,2026-08-11,3,False
TRV,Financials,Insurance - Property & Casualty,RSI,RSI 維持強勢 (50-70),None,0.0,0.51,0.2326,0.2326,0.2842,288,19108,0.0007,375.61,375.87,376.14,371.85,2026-08-11,3,False
KHC,Consumer Staples,Packaged Foods,BB,BB 中軌向上（上升趨勢）,None,0.0,0.51,0.2323,0.2323,0.2466,99,6128,-0.0043,24.93,24.82,24.72,24.68,2026-08-10,3,False
NDSN,Industrials,Specialty Industrial Machinery,RSI,RSI 加速上升,None,0.0,0.5525,0.2313,0.2313,0.2981,134,11545,0.0014,310.11,310.54,310.98,307.01,2026-08-07,3,False
D,Utilities,Utilities - Regulated Electric,KDJ,KDJ 金叉,Bullish Engulfing,0.75,1.0,0.2308,,0.2308,0,26,0.0023,68.1,68.26,68.41,67.42,2026-08-11,3,False
AME,Industrials,Specialty Industrial Machinery,BB,BB 中軌向上（上升趨勢）,None,0.0,0.51,0.2308,0.2308,0.2929,234,17460,0.0045,256.3,257.45,258.61,253.74,2026-08-11,3,False
INVH,Real Estate,REIT - Residential,BB,BB 中軌向上（上升趨勢）,None,0.0,0.51,0.2295,0.2295,0.2647,122,5713,0.0013,30.37,30.41,30.45,30.07,2026-08-07,3,False
VLTO,Industrials,Pollution & Treatment Controls,BB,價格在 BB 中軌上方,None,0.0,0.425,0.2292,0.2292,0.295,253,22337,0.0002,97.97,97.99,98.01,96.99,2026-08-11,3,False
KRYS,Health Care,Biotechnology,RSI,RSI 加速上升,Morning Star,0.8,1.0,0.2286,,0.2286,0,105,-0.0039,331.59,330.3,329.0,328.27,2026-08-10,3,False
STZ,Consumer Staples,Beverages - Brewers,BB,價格在 BB 中軌上方,None,0.0,0.425,0.2273,0.2273,0.2432,242,8891,-0.0015,133.98,133.78,133.58,132.64,2026-08-11,3,False
TJX,Consumer Discretionary,Apparel Retail,RSI,RSI 維持強勢 (50-70),None,0.0,0.51,0.2269,0.2269,0.2995,335,10441,0.0027,158.82,159.25,159.68,157.23,2026-08-10,3,False
ZBH,Health Care,Medical Devices,RSI,RSI 維持強勢 (50-70),Support,0.9,1.0,0.225,,0.225,0,40,-0.0085,96.55,95.73,94.91,95.58,2026-08-07,3,False
STE,Health Care,Medical Devices,BB,價格在 BB 中軌上方,None,0.0,0.425,0.2235,0.2235,0.2804,170,14417,0.0018,238.23,238.66,239.09,235.85,2026-08-11,3,False
EA,Communication Services,Electronic Gaming & Multimedia,BB,價格在 BB 中軌上方,None,0.0,0.425,0.2231,0.2231,0.3007,242,6080,0.0014,209.7,209.99,210.29,207.6,2026-08-07,3,False
VZ,Communication Services,Telecom Services,KDJ,KDJ 金叉,None,0.0,0.5525,0.2222,0.2222,0.3345,18,550,0.0038,47.27,47.45,47.63,46.8,2026-08-11,3,False
XYL,Industrials,Specialty Industrial Machinery,BB,價格在 BB 中軌上方,None,0.0,0.425,0.2203,0.2203,0.295,295,22337,0.0025,123.18,123.49,123.8,121.95,2026-08-11,3,False
OTIS,Industrials,Specialty Industrial Machinery,RSI,RSI 加速上升,None,0.0,0.5525,0.2201,0.2201,0.2981,159,11545,-0.0005,73.99,73.95,73.92,73.25,2026-08-07,3,False
WY,Real Estate,REIT - Specialty,BB,BB 中軌向上（上升趨勢）,None,0.0,0.51,0.22,0.22,0.2647,150,5713,0.0028,25.02,25.09,25.16,24.77,2026-08-11,3,False
CHD,Consumer Staples,Household & Personal Products,RSI,RSI 加速上升,None,0.0,0.5525,0.216,0.216,0.2439,162,5343,-0.001,103.3,103.2,103.09,102.27,2026-08-10,3,False
PBA,Energy,Oil & Gas Midstream,KDJ,KDJ 金叉,Morning Star,0.8,1.0,0.2143,,0.2143,0,28,-0.0101,48.69,48.2,47.71,48.2,2026-08-11,3,False
VICI,Real Estate,REIT - Diversified,RSI,RSI 維持強勢 (50-70),None,0.0,0.51,0.2126,0.2126,0.2509,207,7011,0.0012,26.74,26.77,26.8,26.47,2026-08-07,3,False
ACN,Information Technology,Information Technology Services,RSI,RSI 維持強勢 (50-70),None,0.0,0.51,0.2123,0.2123,0.3645,179,16764,-0.0055,179.82,178.83,177.84,178.02,2026-08-11,3,False
LYB,Materials,Specialty Chemicals,RSI,RSI 上穿 50 中性線,None,0.0,0.4675,0.2121,0.2121,0.3294,33,595,0.0009,62.65,62.71,62.76,62.02,2026-08-10,3,False
DPZ,Consumer Discretionary,Restaurants,RSI,RSI 維持強勢 (50-70),None,0.0,0.51,0.2114,0.2114,0.2995,175,10441,-0.0007,357.34,357.09,356.84,353.77,2026-08-11,3,False
TAP,Consumer Staples,Beverages - Brewers,RSI,RSI 動能加速（強勢區）,None,0.0,0.51,0.2105,0.2105,0.2456,19,1148,-0.0131,43.37,42.8,42.23,42.94,2026-08-07,3,False
WST,Health Care,Medical Instruments & Supplies,BB,BB 中軌向上（上升趨勢）,None,0.0,0.51,0.2086,0.2086,0.2705,187,10885,-0.0036,351.37,350.11,348.84,347.86,2026-08-11,3,False
AFL,Financials,Insurance - Life,RSI,RSI 維持強勢 (50-70),None,0.0,0.51,0.2045,0.2045,0.2842,352,19108,0.0016,124.61,124.81,125.01,123.36,2026-08-07,3,False
GPC,Consumer Discretionary,Auto Parts,RSI,RSI 加速上升,None,0.0,0.5525,0.2038,0.2038,0.3117,157,6796,-0.0061,135.63,134.8,133.98,134.27,2026-08-07,3,False
MCD,Consumer Discretionary,Restaurants,RSI,RSI 維持強勢 (50-70),None,0.0,0.51,0.2026,0.2026,0.2995,227,10441,0.0035,274.15,275.11,276.07,271.41,2026-08-11,3,False
CHRW,Industrials,Integrated Freight & Logistics,RSI,RSI 加速上升,None,0.0,0.5525,0.2025,0.2025,0.2981,158,11545,-0.004,148.29,147.7,147.1,146.81,2026-08-10,3,False
CI,Health Care,Healthcare Plans,RSI,RSI 加速上升,None,0.0,0.5525,0.202,0.202,0.2803,99,8492,-0.0069,282.49,280.54,278.59,279.67,2026-08-07,3,False
WEC,Utilities,Utilities - Regulated Electric,RSI,RSI 超賣區域 (30),None,0.0,0.5249999999999999,0.2,0.2,0.2759,5,116,0.0018,106.12,106.31,106.5,105.06,2026-08-10,3,False
BDX,Health Care,Medical Instruments & Supplies,BB,BB 中軌向上（上升趨勢）,None,0.0,0.51,0.1948,0.1948,0.2705,154,10885,-0.0017,179.63,179.32,179.02,177.83,2026-08-10,3,False
SNA,Industrials,Tools & Accessories,BB,BB 中軌向上（上升趨勢）,None,0.0,0.51,0.1944,0.1944,0.2929,216,17460,0.0,411.78,411.78,411.78,407.66,2026-08-11,3,False
AVB,Real Estate,REIT - Residential,BB,BB 跌破下軌 (超賣),None,0.0,0.45499999999999996,0.1935,0.1935,0.25,31,564,-0.0031,181.76,181.2,180.63,179.94,2026-08-11,3,False
AKAM,Information Technology,Software - Infrastructure,KDJ,KDJ 金叉,None,0.0,0.5525,0.1923,0.1923,0.3918,26,1955,-0.0039,117.65,117.19,116.73,116.47,2026-08-10,3,False
L,Financials,Insurance - Property & Casualty,RSI,RSI 維持強勢 (50-70),None,0.0,0.51,0.1902,0.1902,0.2842,368,19108,0.0015,115.53,115.7,115.88,114.37,2026-08-07,3,False
ESS,Real Estate,REIT - Residential,RSI,RSI 加速上升,None,0.0,0.5525,0.1756,0.1756,0.2327,131,4401,-0.0023,288.1,287.44,286.77,285.22,2026-08-07,3,False
LIN,Materials,Specialty Chemicals,RSI,RSI 加速上升,None,0.0,0.5525,0.1748,0.1748,0.3048,143,3639,0.0005,490.53,490.78,491.02,485.62,2026-08-11,3,False
CB,Financials,Insurance - Property & Casualty,RSI,RSI 維持強勢 (50-70),None,0.0,0.51,0.1716,0.1716,0.2842,268,19108,0.0003,350.31,350.42,350.52,346.81,2026-08-07,3,False
AON,Financials,Insurance Brokers,RSI,RSI 維持強勢 (50-70),None,0.0,0.51,0.1667,0.1667,0.2842,258,19108,-0.0052,356.46,354.61,352.75,352.9,2026-08-11,3,False
WTW,Financials,Insurance Brokers,BB,價格在 BB 中軌上方,None,0.0,0.425,0.1646,0.1646,0.2847,316,21689,-0.0024,342.39,341.57,340.75,338.97,2026-08-11,3,False
MRSH,Financials,Insurance Brokers,BB,價格在 BB 中軌上方,None,0.0,0.425,0.1582,0.1582,0.2847,297,21689,-0.0029,191.25,190.7,190.14,189.34,2026-08-11,3,False
PEP,Consumer Staples,Beverages - Non-Alcoholic,BB,價格在 BB 中軌上方,None,0.0,0.425,0.1556,0.1556,0.2432,225,8891,-0.0021,138.41,138.12,137.83,137.03,2026-08-11,3,False
YUM,Consumer Discretionary,Restaurants,BB,BB 中軌向上（上升趨勢）,None,0.0,0.51,0.146,0.146,0.2908,137,9757,-0.0055,150.76,149.93,149.1,149.25,2026-08-07,3,False
EXC,Utilities,Utilities - Regulated Electric,BB,BB 跌破下軌 (超賣),None,0.0,0.45499999999999996,0.125,0.125,0.4104,16,441,-0.0092,44.5,44.09,43.68,44.05,2026-08-10,3,False
DOC,Real Estate,REIT - Healthcare Facilities,BB,BB 跌破下軌 (超賣),None,0.0,0.45499999999999996,0.0,0.0,0.25,15,564,-0.0267,20.51,19.96,19.41,20.3,2026-08-11,3,False
