symbol,sector,subsector,indicator,signal,pattern,pattern_conf,confidence,win_rate,win_rate_stock,win_rate_sector,stock_n,sector_n,avg_return,price,tp1_price,tp2_price,sl_price,date,tier,volume_confirmed
FLUT,Consumer Discretionary,Gambling,BB,BB 跌破下軌 (超賣),Support,0.9,1.0,1.0,,1.0,0,6,0.0857,92.91,100.87,108.83,91.98,2026-08-05,1,True
CRL,Health Care,Diagnostics & Research,RSI,RSI 加速上升,Morning Star,0.8,1.0,0.6667,,0.6667,0,6,0.0354,260.72,269.95,279.18,258.11,2026-08-05,1,True
NYT,Communication Services,Publishing,BB,BB 跌破下軌 (超賣),Support,0.9,1.0,0.6667,,0.6667,0,6,0.0327,65.48,67.62,69.76,64.83,2026-08-05,1,True
WAT,Health Care,Diagnostics & Research,RSI,RSI 加速上升,Consolidation Breakout,0.72,1.0,0.6667,0.6667,0.2275,12,822,0.0318,406.86,419.8,432.74,402.79,2026-08-07,1,False
NLY,Real Estate,REIT - Mortgage,RSI,RSI 上穿 50 中性線,Morning Star,0.8,0.9900000000000001,0.5833,,0.5833,0,24,0.0272,23.04,23.67,24.29,22.81,2026-08-07,1,False
ULS,Industrials,Specialty Business Services,BB,BB 跌破下軌 (超賣),Bullish Engulfing,0.75,1.0,0.5682,,0.5682,0,44,0.0295,76.86,79.13,81.39,76.09,2026-08-06,1,False
GIS,Consumer Staples,Packaged Foods,RSI,RSI 上穿 50 中性線,Morning Star,0.8,0.9900000000000001,0.5625,,0.5625,0,32,0.0236,36.89,37.76,38.63,36.52,2026-08-07,1,False
APA,Energy,Oil & Gas E&P,BB,BB 中軌向上（上升趨勢）,Morning Star,0.8,1.0,0.5571,,0.5571,0,70,0.0272,37.63,38.65,39.68,37.25,2026-08-07,1,False
BBVA,Financials,Banks - Diversified,RSI,RSI 加速上升,Support,0.9,1.0,0.5,,0.5,0,6,0.002,28.07,28.13,28.18,27.79,2026-08-05,1,True
TPL,Energy,Oil & Gas E&P,BB,BB 跌破下軌 (超賣),None,0.0,0.45499999999999996,0.8333,0.8333,0.4815,6,81,0.0767,340.65,366.78,392.91,337.24,2026-08-07,2,True
FSLR,Information Technology,Solar,BB,BB 中軌向上（上升趨勢）,None,0.0,0.51,0.7778,0.7778,0.4238,9,1083,0.043,250.05,260.8,271.55,247.55,2026-08-07,2,True
VEEV,Health Care,Health Information Services,BB,BB 中軌向上（上升趨勢）,None,0.0,0.51,0.75,0.75,0.3402,12,579,0.0243,230.47,236.07,241.67,228.17,2026-08-07,2,True
TJX,Consumer Discretionary,Apparel Retail,BB,價格在 BB 中軌上方,Morning Star,0.8,0.924,0.7,0.7,0.4444,10,261,0.0239,159.92,163.74,167.56,158.32,2026-08-05,2,False
FOXA,Communication Services,Entertainment,BB,BB 中軌向上（上升趨勢）,None,0.0,0.51,0.6667,0.6667,0.3881,12,268,-0.0008,61.79,61.74,61.69,61.17,2026-08-06,2,True
GEN,Information Technology,Software - Infrastructure,BB,BB 中軌向上（上升趨勢）,None,0.0,0.51,0.6667,0.6667,0.4238,9,1083,0.0323,29.17,30.11,31.05,28.88,2026-08-07,2,True
DDOG,Information Technology,Software - Application,BB,BB 跌破下軌 (超賣),None,0.0,0.45499999999999996,0.6667,0.6667,0.4474,6,456,0.0155,229.29,232.84,236.4,227.0,2026-08-06,2,True
PLTR,Information Technology,Software - Infrastructure,RSI,RSI 加速上升,None,0.0,0.5525,0.65,0.65,0.4113,20,851,0.0334,172.01,177.76,183.5,170.29,2026-08-07,2,True
COHR,Information Technology,Scientific & Technical Instruments,RSI,RSI 維持強勢 (50-70),None,0.0,0.51,0.65,0.65,0.4471,20,747,0.0352,379.13,392.48,405.82,375.34,2026-08-07,2,True
CDW,Information Technology,Information Technology Services,RSI,RSI 維持強勢 (50-70),None,0.0,0.51,0.625,0.625,0.4471,8,747,0.037,140.1,145.28,150.47,138.7,2026-08-05,2,True
PH,Industrials,Specialty Industrial Machinery,RSI,RSI 維持強勢 (50-70),None,0.0,0.51,0.6,0.6,0.3579,10,746,0.0227,996.9,1019.53,1042.16,986.93,2026-08-05,2,True
RL,Consumer Discretionary,Apparel Manufacturing,BB,價格在 BB 中軌上方,None,0.0,0.425,0.6,0.6,0.4026,10,529,0.0485,380.78,399.25,417.72,376.97,2026-08-05,2,True
DVA,Health Care,Medical Care Facilities,BB,BB 跌破下軌 (超賣),None,0.0,0.45499999999999996,0.5714,0.5714,0.3173,7,375,0.0078,180.67,182.08,183.49,178.86,2026-08-06,2,True
DASH,Consumer Discretionary,Internet Retail,RSI,RSI 加速上升,None,0.0,0.5525,0.5556,0.5556,0.3983,9,359,0.0296,216.26,222.66,229.06,214.1,2026-08-07,2,True
AIZ,Financials,Insurance - Property & Casualty,RSI,RSI 維持強勢 (50-70),None,0.0,0.51,0.5556,0.5556,0.3448,9,609,0.029,301.57,310.32,319.06,298.55,2026-08-05,2,True
NWS,Communication Services,Entertainment,BB,價格在 BB 中軌上方,None,0.0,0.425,0.5556,0.5556,0.4048,18,336,0.0056,33.13,33.32,33.5,32.8,2026-08-05,2,True
ENB,Energy,Oil & Gas Midstream,RSI,RSI 超賣區域 (30),None,0.0,0.5249999999999999,0.5455,,0.5455,0,22,0.0166,51.7,52.56,53.42,51.18,2026-08-06,2,True
CART,Consumer Discretionary,Internet Retail,MACD,MACD 突破 0 軸,None,0.0,0.595,0.5161,,0.5161,0,31,0.0207,50.17,51.21,52.25,49.67,2026-08-07,2,True
ALL,Financials,Insurance - Property & Casualty,RSI,RSI 維持強勢 (50-70),None,0.0,0.51,0.5,0.5,0.3448,10,609,0.0143,267.0,270.82,274.64,264.33,2026-08-07,2,True
COR,Health Care,Medical Distribution,BB,BB 中軌向上（上升趨勢）,None,0.0,0.51,0.5,0.5,0.3402,18,579,0.014,317.22,321.66,326.1,314.05,2026-08-05,2,True
EXPE,Consumer Discretionary,Travel Services,BB,BB 中軌向上（上升趨勢）,None,0.0,0.51,0.5,0.5,0.3934,6,427,0.0247,319.66,327.56,335.45,316.46,2026-08-05,2,True
NWSA,Communication Services,Entertainment,RSI,RSI 維持強勢 (50-70),None,0.0,0.51,0.5,0.5,0.4128,10,235,0.0059,29.06,29.23,29.4,28.77,2026-08-05,2,True
SRE,Utilities,Utilities - Diversified,BB,BB 跌破下軌 (超賣),None,0.0,0.45499999999999996,0.5,0.5,0.4097,6,144,0.0428,84.35,87.96,91.57,83.51,2026-08-06,2,True
PAA,Energy,Oil & Gas Midstream,BB,BB 跌破下軌 (超賣),None,0.0,0.45499999999999996,0.4815,,0.4815,0,81,0.0139,22.81,23.13,23.44,22.58,2026-08-07,2,True
TS,Energy,Oil & Gas Equipment & Services,BB,BB 跌破下軌 (超賣),None,0.0,0.45499999999999996,0.4815,,0.4815,0,81,0.0139,53.4,54.14,54.88,52.87,2026-08-06,2,True
SHOP,Information Technology,Software - Application,KDJ,KDJ 金叉,None,0.0,0.5525,0.4606,,0.4606,0,165,0.01,144.24,145.68,147.12,142.8,2026-08-05,2,True
EIX,Utilities,Utilities - Regulated Electric,RSI,RSI 超賣區域 (30),None,0.0,0.5249999999999999,0.4545,,0.4545,0,33,0.0084,68.32,68.89,69.47,67.64,2026-08-05,2,True
BMRN,Health Care,Biotechnology,MACD,MACD 金叉 (多頭區),None,0.0,0.68,0.451,,0.451,0,51,0.0047,63.81,64.11,64.41,63.17,2026-08-07,2,True
GMAB,Health Care,Biotechnology,MACD,MACD 金叉 (多頭區),None,0.0,0.68,0.451,,0.451,0,51,0.0047,31.25,31.4,31.54,30.94,2026-08-07,2,True
INSM,Health Care,Biotechnology,MACD,MACD 金叉 (多頭區),None,0.0,0.68,0.451,,0.451,0,51,0.0047,132.55,133.17,133.8,131.22,2026-08-06,2,True
MCK,Health Care,Medical Distribution,MACD,MACD 金叉 (多頭區),None,0.0,0.68,0.451,,0.451,0,51,0.0047,871.38,875.48,879.57,862.67,2026-08-06,2,True
NTRA,Health Care,Diagnostics & Research,MACD,MACD 金叉 (多頭區),None,0.0,0.68,0.451,,0.451,0,51,0.0047,322.1,323.61,325.13,318.88,2026-08-07,2,True
TWLO,Information Technology,Software - Infrastructure,MACD,MACD 金叉 (多頭區),None,0.0,0.68,0.45,,0.45,0,100,0.0204,241.28,246.2,251.12,238.87,2026-08-07,2,True
CNP,Utilities,Utilities - Regulated Electric,BB,BB 跌破下軌 (超賣),Support,0.9,1.0,1.0,,1.0,0,5,0.0506,40.65,42.71,44.76,40.24,2026-08-05,3,False
NI,Utilities,Utilities - Regulated Gas,BB,BB 跌破下軌 (超賣),Support,0.9,1.0,1.0,,1.0,0,5,0.0506,42.91,45.08,47.25,42.48,2026-08-05,3,True
NCLH,Consumer Discretionary,Travel Services,MACD,MACD 金叉 (多頭區),None,0.0,0.68,0.8333,0.8333,0.37,6,273,0.0409,20.3,21.13,21.96,20.1,2026-08-05,3,False
LULU,Consumer Discretionary,Apparel Retail,RSI,RSI 維持強勢 (50-70),Consolidation Breakout,0.72,1.0,0.8,0.8,0.267,5,633,0.0352,128.58,133.11,137.63,127.29,2026-08-07,3,False
UTHR,Health Care,Drug Manufacturers - Specialty & Generic,KDJ,KDJ 金叉,Support,0.9,1.0,0.8,,,0,0,0.0149,519.01,526.74,534.48,513.82,2026-08-05,3,True
JPM,Financials,Banks - Diversified,MACD,MACD 金叉 (多頭區),None,0.0,0.68,0.8,0.8,0.2747,5,517,0.0127,359.24,363.8,368.36,355.65,2026-08-05,3,False
CRH,Materials,Building Materials,MACD,MACD 金叉 (空頭區),None,0.0,0.42,0.8,0.8,0.3816,10,304,0.0226,100.48,102.75,105.02,99.48,2026-08-07,3,False
CIEN,Information Technology,Communication Equipment,RSI,RSI 上穿 50 中性線,None,0.0,0.4675,0.7222,0.7222,0.3785,18,1593,0.0476,412.39,432.02,451.65,408.27,2026-08-07,3,False
A,Health Care,Diagnostics & Research,RSI,RSI 維持強勢 (50-70),Consolidation Breakout,0.72,1.0,0.6667,0.6667,0.2427,6,791,0.0458,145.97,152.66,159.34,144.51,2026-08-07,3,False
CNC,Health Care,Healthcare Plans,MACD,MACD 突破 0 軸,None,0.0,0.595,0.6667,0.6667,0.3171,6,432,0.0159,65.77,66.82,67.86,65.11,2026-08-07,3,False
CVNA,Consumer Discretionary,Auto & Truck Dealerships,MACD,MACD 突破 0 軸,None,0.0,0.595,0.6667,0.6667,0.3351,9,376,0.1083,68.34,75.74,83.14,67.66,2026-08-06,3,False
SNDK,Information Technology,Computer Hardware,RSI,RSI 加速上升,None,0.0,0.5525,0.6429,0.6429,0.3693,84,10688,0.089,1350.5,1470.69,1590.89,1336.99,2026-08-05,3,False
CEG,Utilities,Utilities - Independent Power Producers,RSI,RSI 上穿 50 中性線,None,0.0,0.4675,0.619,0.619,0.2521,21,932,0.035,269.89,279.34,288.78,267.19,2026-08-07,3,False
WDC,Information Technology,Computer Hardware,RSI,RSI 加速上升,None,0.0,0.5525,0.6024,0.6024,0.3693,166,10688,0.0324,519.17,535.99,552.81,513.98,2026-08-05,3,False
RF,Financials,Banks - Regional,MACD,MACD 金叉 (多頭區),None,0.0,0.68,0.6,0.6,0.2747,5,517,0.0259,31.88,32.71,33.53,31.56,2026-08-05,3,False
LITE,Information Technology,Communication Equipment,MACD,MACD 突破 0 軸,None,0.0,0.595,0.6,0.6,0.4064,5,529,0.0278,890.17,914.92,939.66,881.27,2026-08-07,3,False
HUM,Health Care,Healthcare Plans,RSI,RSI 上穿 50 中性線,None,0.0,0.4675,0.5882,0.5882,0.3144,17,1323,0.0348,385.0,398.4,411.8,381.15,2026-08-07,3,False
NEE,Utilities,Utilities - Regulated Electric,BB,BB 跌破下軌 (超賣),None,0.0,0.45499999999999996,0.5789,0.5789,0.4104,19,441,0.0186,84.65,86.22,87.8,83.8,2026-08-07,3,False
EME,Industrials,Engineering & Construction,MACD,MACD 突破 0 軸,None,0.0,0.595,0.5714,0.5714,0.2912,7,570,0.0319,822.16,848.39,874.61,813.94,2026-08-05,3,False
SWKS,Information Technology,Semiconductors,MACD,MACD 突破 0 軸,None,0.0,0.595,0.5714,0.5714,0.4064,7,529,0.0007,66.84,66.89,66.93,66.17,2026-08-06,3,False
FE,Utilities,Utilities - Regulated Electric,BB,BB 跌破下軌 (超賣),None,0.0,0.45499999999999996,0.5714,0.5714,0.4104,14,441,0.0176,46.905,47.73,48.56,46.44,2026-08-06,3,False
AMAT,Information Technology,Semiconductor Equipment & Materials,RSI,RSI 上穿 50 中性線,None,0.0,0.4675,0.5652,0.5652,0.3785,23,1593,0.0388,539.14,560.06,580.98,533.75,2026-08-07,3,False
TKO,Communication Services,Entertainment,KDJ,KDJ 金叉,None,0.0,0.5525,0.5556,0.5556,0.3345,18,550,0.0167,186.56,189.68,192.79,184.69,2026-08-07,3,False
INTC,Information Technology,Semiconductors,RSI,RSI 上穿 50 中性線,None,0.0,0.4675,0.5556,0.5556,0.3785,18,1593,0.0314,101.65,104.84,108.03,100.63,2026-08-07,3,False
TRGP,Energy,Oil & Gas Midstream,KDJ,KDJ 金叉,None,0.0,0.5525,0.5417,0.5417,0.3614,24,498,0.0268,268.23,275.42,282.61,265.55,2026-08-06,3,False
OMC,Communication Services,Advertising Agencies,KDJ,KDJ 金叉,None,0.0,0.5525,0.5385,0.5385,0.3345,13,550,0.0108,81.71,82.59,83.47,80.89,2026-08-05,3,False
CRWD,Information Technology,Software - Infrastructure,RSI,RSI 加速上升,None,0.0,0.5525,0.5369,0.5369,0.3693,149,10688,0.0259,209.86,215.3,220.73,207.76,2026-08-05,3,False
HBAN,Financials,Banks - Regional,RSI,RSI 上穿 50 中性線,None,0.0,0.4675,0.5333,0.5333,0.3091,15,1899,0.013,17.55,17.78,18.01,17.37,2026-08-07,3,False
Q,Information Technology,Semiconductor Equipment & Materials,BB,價格在 BB 中軌上方,None,0.0,0.425,0.5301,0.5301,0.3573,83,20206,0.0249,138.0,141.44,144.87,136.62,2026-08-07,3,False
FDX,Industrials,Integrated Freight & Logistics,RSI,RSI 上穿 50 中性線,None,0.0,0.4675,0.5294,0.5294,0.304,17,1816,0.0173,318.57,324.08,329.59,315.38,2026-08-07,3,False
TER,Information Technology,Semiconductor Equipment & Materials,BB,BB 中軌向上（上升趨勢）,None,0.0,0.51,0.5277,0.5277,0.3639,307,16781,0.0256,379.31,389.02,398.73,375.52,2026-08-07,3,False
USFD,Consumer Staples,Food Distribution,BB,價格在 BB 中軌上方,Morning Star,0.8,0.924,0.5252,,0.5252,0,139,0.0212,100.49,102.62,104.75,99.49,2026-08-05,3,False
FCX,Materials,Copper,RSI,RSI 加速上升,None,0.0,0.5525,0.5217,0.5217,0.3048,138,3639,0.0144,69.62,70.62,71.63,68.92,2026-08-07,3,False
BA,Industrials,Aerospace & Defense,BB,BB 中軌向上（上升趨勢）,None,0.0,0.51,0.52,0.52,0.2929,150,17460,0.0116,234.42,237.14,239.86,232.08,2026-08-07,3,False
ABNB,Consumer Discretionary,Travel Services,RSI,RSI 維持強勢 (50-70),Morning Star,0.8,1.0,0.5,0.5,0.4226,8,265,0.0004,152.49,152.55,152.61,150.97,2026-08-05,3,False
CM,Financials,Banks - Diversified,RSI,RSI 加速上升,Support,0.8,1.0,0.5,,0.5,0,6,0.002,118.68,118.92,119.15,117.49,2026-08-05,3,False
FOX,Communication Services,Entertainment,RSI,RSI 動能加速（強勢區）,Consolidation Breakout,0.72,1.0,0.5,0.5,0.2677,12,254,0.0182,57.03,58.07,59.11,56.46,2026-08-07,3,False
RY,Financials,Banks - Diversified,RSI,RSI 加速上升,Support,0.7,1.0,0.5,,0.5,0,6,0.002,211.27,211.69,212.12,209.16,2026-08-05,3,False
DE,Industrials,Farm & Heavy Construction Machinery,KDJ,KDJ 金叉,None,0.0,0.5525,0.5,0.5,0.3223,20,2110,0.0129,620.83,628.84,636.85,614.62,2026-08-07,3,False
GEV,Industrials,Specialty Industrial Machinery,RSI,RSI 加速上升,None,0.0,0.5525,0.5,0.5,0.2981,130,11545,0.0157,1017.96,1033.94,1049.92,1007.78,2026-08-05,3,False
MU,Information Technology,Semiconductors,RSI,RSI 加速上升,None,0.0,0.5525,0.5,0.5,0.3693,178,10688,0.0227,893.19,913.47,933.74,884.26,2026-08-05,3,False
PPL,Utilities,Utilities - Regulated Electric,BB,BB 跌破下軌 (超賣),None,0.0,0.45499999999999996,0.5,0.5,0.4104,6,441,0.0134,34.62,35.08,35.55,34.27,2026-08-06,3,False
CMI,Industrials,Specialty Industrial Machinery,MACD,MACD 金叉 (空頭區),None,0.0,0.42,0.5,0.5,0.3303,8,875,0.0179,643.98,655.51,667.03,637.54,2026-08-06,3,False
EHC,Health Care,Medical Care Facilities,BB,BB 中軌向上（上升趨勢）,Morning Star,0.8,1.0,0.4901,,0.4901,0,253,0.0226,125.23,128.06,130.89,123.98,2026-08-07,3,False
ODFL,Industrials,Trucking,KDJ,KDJ 金叉,None,0.0,0.5525,0.4828,0.4828,0.3223,29,2110,0.0079,216.36,218.07,219.78,214.2,2026-08-07,3,False
DELL,Information Technology,Computer Hardware,RSI,RSI 維持強勢 (50-70),None,0.0,0.51,0.4775,0.4775,0.3645,333,16764,0.0252,453.77,465.21,476.64,449.23,2026-08-07,3,False
SYF,Financials,Credit Services,RSI,RSI 加速上升,None,0.0,0.5525,0.4749,0.4749,0.3014,179,11488,0.0133,78.59,79.64,80.68,77.8,2026-08-07,3,False
HD,Consumer Discretionary,Home Improvement Retail,RSI,RSI 維持強勢 (50-70),Consolidation Breakout,0.75,1.0,0.4737,0.4737,0.267,19,633,0.0097,355.62,359.07,362.52,352.06,2026-08-07,3,False
VRT,Industrials,Electrical Equipment & Parts,RSI,RSI 加速上升,None,0.0,0.5525,0.4734,0.4734,0.2981,188,11545,0.0049,272.4,273.73,275.07,269.68,2026-08-07,3,False
CTAS,Industrials,Specialty Business Services,RSI,RSI 維持強勢 (50-70),Morning Star,0.8,1.0,0.4725,,0.4725,0,436,0.0182,203.05,206.75,210.44,201.02,2026-08-07,3,False
RSG,Industrials,Waste Management,RSI,RSI 維持強勢 (50-70),Morning Star,0.8,1.0,0.4725,,0.4725,0,436,0.0182,214.56,218.46,222.37,212.41,2026-08-07,3,False
META,Communication Services,Internet Content & Information,RSI,RSI 加速上升,None,0.0,0.5525,0.471,0.471,0.3116,155,3322,0.0106,592.1,598.38,604.65,586.18,2026-08-07,3,False
PPG,Materials,Specialty Chemicals,RSI,RSI 動能加速（強勢區）,None,0.0,0.51,0.4667,0.4667,0.2962,30,942,0.0109,119.72,121.02,122.33,118.52,2026-08-07,3,False
ALB,Materials,Specialty Chemicals,RSI,RSI 上穿 50 中性線,None,0.0,0.4675,0.4643,0.4643,0.3294,28,595,0.0249,125.42,128.54,131.67,124.17,2026-08-06,3,False
HWM,Industrials,Aerospace & Defense,RSI,RSI 加速上升,None,0.0,0.5525,0.4636,0.4636,0.2981,151,11545,0.0234,289.58,296.36,303.13,286.68,2026-08-06,3,False
NXPI,Information Technology,Semiconductors,RSI,RSI 加速上升,None,0.0,0.5525,0.4622,0.4622,0.3693,119,10688,0.0209,239.71,244.72,249.73,237.31,2026-08-07,3,False
RCL,Consumer Discretionary,Travel Services,RSI,RSI 維持強勢 (50-70),None,0.0,0.51,0.4618,0.4618,0.2995,262,10441,0.0148,320.0,324.74,329.47,316.8,2026-08-07,3,False
BX,Financials,Asset Management,RSI,RSI 動能加速（強勢區）,None,0.0,0.51,0.4615,0.4615,0.279,39,3129,0.0044,137.13,137.73,138.34,135.76,2026-08-07,3,False
AAPL,Information Technology,Consumer Electronics,RSI,RSI 上穿 50 中性線,None,0.0,0.4675,0.4615,0.4615,0.3785,26,1593,0.0084,313.33,315.96,318.59,310.2,2026-08-07,3,False
D,Utilities,Utilities - Regulated Electric,BB,BB 跌破下軌 (超賣),None,0.0,0.45499999999999996,0.4615,0.4615,0.4104,13,441,0.031,68.27,70.39,72.5,67.59,2026-08-05,3,False
TSLA,Consumer Discretionary,Auto Manufacturers,MACD,MACD 金叉 (空頭區),None,0.0,0.42,0.4615,0.4615,0.3233,13,529,0.0023,328.58,329.34,330.09,325.29,2026-08-07,3,False
WYNN,Consumer Discretionary,Resorts & Casinos,BB,BB 中軌向上（上升趨勢）,Morning Star,0.8,1.0,0.4599,,0.4599,0,237,0.0144,102.54,104.02,105.49,101.51,2026-08-07,3,False
JBL,Information Technology,Electronic Components,RSI,RSI 加速上升,None,0.0,0.5525,0.4566,0.4566,0.3693,173,10688,0.0157,341.22,346.58,351.93,337.81,2026-08-07,3,False
STLD,Materials,Steel,RSI,RSI 維持強勢 (50-70),None,0.0,0.51,0.456,0.456,0.286,182,5721,0.0141,262.45,266.15,269.85,259.83,2026-08-07,3,False
ZBRA,Information Technology,Communication Equipment,RSI,RSI 加速上升,None,0.0,0.5525,0.4559,0.4559,0.3693,136,10688,0.0065,376.49,378.94,381.38,372.73,2026-08-07,3,False
COIN,Financials,Financial Data & Stock Exchanges,RSI,RSI 加速上升,None,0.0,0.5525,0.4551,0.4551,0.3014,178,11488,0.0117,153.6,155.4,157.19,152.06,2026-08-07,3,False
SNEX,Financials,Capital Markets,RSI,RSI 維持超賣,None,0.0,0.385,0.4547,,0.4547,0,508,0.0093,65.84,66.45,67.06,65.18,2026-08-07,3,False
WSM,Consumer Discretionary,Specialty Retail,RSI,RSI 加速上升,None,0.0,0.5525,0.4532,0.4532,0.3117,139,6796,0.0124,246.89,249.95,253.01,244.42,2026-08-06,3,False
IBKR,Financials,Capital Markets,RSI,RSI 加速上升,None,0.0,0.5525,0.4504,0.4504,0.3014,131,11488,0.0104,88.74,89.66,90.59,87.85,2026-08-05,3,False
IRM,Real Estate,REIT - Specialty,KDJ,KDJ 金叉,None,0.0,0.5525,0.45,0.45,0.2818,20,550,0.0175,127.13,129.35,131.58,125.86,2026-08-05,3,False
HOOD,Financials,Capital Markets,RSI,RSI 加速上升,None,0.0,0.5525,0.4483,0.4483,0.3014,145,11488,0.0215,93.29,95.3,97.3,92.36,2026-08-07,3,False
NOW,Information Technology,Software - Application,RSI,RSI 動能加速（強勢區）,None,0.0,0.51,0.4483,0.4483,0.366,29,2885,0.0072,124.88,125.78,126.68,123.63,2026-08-07,3,False
TIGO,Communication Services,Telecom Services,RSI,RSI 加速上升,None,0.0,0.5525,0.4481,,0.4481,0,241,0.0027,104.31,104.59,104.87,103.27,2026-08-06,3,True
NEM,Materials,Gold,RSI,RSI 維持強勢 (50-70),None,0.0,0.51,0.4479,0.4479,0.286,288,5721,0.009,105.43,106.38,107.33,104.38,2026-08-06,3,False
WELL,Real Estate,REIT - Healthcare Facilities,RSI,RSI 上穿 50 中性線,None,0.0,0.4675,0.4474,0.4474,0.2311,38,818,0.011,237.25,239.86,242.47,234.88,2026-08-05,3,False
AAOI,Information Technology,Communication Equipment,RSI,RSI 維持強勢 (50-70),None,0.0,0.51,0.4471,,0.4471,0,747,0.0161,135.63,137.81,140.0,134.27,2026-08-07,3,True
BR,Information Technology,Information Technology Services,RSI,RSI 維持強勢 (50-70),None,0.0,0.51,0.4471,,0.4471,0,747,0.0161,166.5,169.18,171.86,164.84,2026-08-07,3,True
CGNX,Information Technology,Scientific & Technical Instruments,RSI,RSI 維持強勢 (50-70),None,0.0,0.51,0.4471,,0.4471,0,747,0.0161,70.71,71.85,72.99,70.0,2026-08-05,3,True
FISV,Information Technology,Financial Technology,RSI,RSI 維持強勢 (50-70),None,0.0,0.51,0.4471,,0.4471,0,747,0.0161,54.11,54.98,55.85,53.57,2026-08-05,3,True
FROG,Information Technology,Software - Application,RSI,RSI 維持強勢 (50-70),None,0.0,0.51,0.4471,,0.4471,0,747,0.0161,89.52,90.96,92.4,88.62,2026-08-07,3,True
IONQ,Information Technology,Computer Hardware,RSI,RSI 維持強勢 (50-70),None,0.0,0.51,0.4471,,0.4471,0,747,0.0161,44.43,45.15,45.86,43.99,2026-08-07,3,True
KSPI,Information Technology,Software - Infrastructure,RSI,RSI 維持強勢 (50-70),None,0.0,0.51,0.4471,,0.4471,0,747,0.0161,91.8,93.28,94.76,90.88,2026-08-06,3,True
LDOS,Information Technology,Information Technology Services,RSI,RSI 維持強勢 (50-70),None,0.0,0.51,0.4471,,0.4471,0,747,0.0161,126.85,128.89,130.93,125.58,2026-08-05,3,True
MCHP,Information Technology,Semiconductors,RSI,RSI 維持強勢 (50-70),None,0.0,0.51,0.4471,,0.4471,0,747,0.0161,84.69,86.05,87.42,83.84,2026-08-07,3,True
MSTR,Information Technology,Software - Application,RSI,RSI 維持強勢 (50-70),None,0.0,0.51,0.4471,,0.4471,0,747,0.0161,100.01,101.62,103.23,99.01,2026-08-07,3,True
MTSI,Information Technology,Semiconductors,RSI,RSI 維持強勢 (50-70),None,0.0,0.51,0.4471,,0.4471,0,747,0.0161,301.64,306.5,311.35,298.62,2026-08-06,3,True
NET,Information Technology,Software - Infrastructure,RSI,RSI 維持強勢 (50-70),None,0.0,0.51,0.4471,,0.4471,0,747,0.0161,300.27,305.1,309.94,297.27,2026-08-07,3,True
ONTO,Information Technology,Semiconductor Equipment & Materials,RSI,RSI 維持強勢 (50-70),None,0.0,0.51,0.4471,,0.4471,0,747,0.0161,308.3,313.26,318.23,305.22,2026-08-07,3,True
RBRK,Information Technology,Software - Infrastructure,RSI,RSI 維持強勢 (50-70),None,0.0,0.51,0.4471,,0.4471,0,747,0.0161,90.07,91.52,92.97,89.17,2026-08-07,3,True
SITM,Information Technology,Semiconductors,RSI,RSI 維持強勢 (50-70),None,0.0,0.51,0.4471,,0.4471,0,747,0.0161,687.5,698.57,709.64,680.62,2026-08-06,3,True
TEAM,Information Technology,Software - Application,RSI,RSI 維持強勢 (50-70),None,0.0,0.51,0.4471,,0.4471,0,747,0.0161,110.17,111.94,113.72,109.07,2026-08-06,3,True
U,Information Technology,Software - Application,RSI,RSI 維持強勢 (50-70),None,0.0,0.51,0.4471,,0.4471,0,747,0.0161,35.47,36.04,36.61,35.12,2026-08-05,3,True
UBER,Information Technology,Software - Application,RSI,RSI 維持強勢 (50-70),None,0.0,0.51,0.4471,,0.4471,0,747,0.0161,75.02,76.23,77.44,74.27,2026-08-07,3,True
XYZ,Information Technology,Software - Infrastructure,RSI,RSI 維持強勢 (50-70),None,0.0,0.51,0.4471,,0.4471,0,747,0.0161,84.2,85.56,86.91,83.36,2026-08-05,3,True
LEN,Consumer Discretionary,Residential Construction,BB,BB 中軌向上（上升趨勢）,Consolidation Breakout,0.75,1.0,0.4444,0.4444,0.2426,18,882,0.0182,88.18,89.78,91.39,87.3,2026-08-07,3,False
TTWO,Communication Services,Electronic Gaming & Multimedia,RSI,RSI 上穿 50 中性線,None,0.0,0.4675,0.4444,,0.4444,0,54,0.0031,246.5,247.26,248.03,244.03,2026-08-07,3,True
APH,Information Technology,Electronic Components,RSI,RSI 加速上升,None,0.0,0.5525,0.4437,0.4437,0.3693,151,10688,0.0135,172.24,174.57,176.89,170.52,2026-08-05,3,False
KLAC,Information Technology,Semiconductor Equipment & Materials,RSI,RSI 維持強勢 (50-70),None,0.0,0.51,0.4427,0.4427,0.3645,314,16764,0.0104,198.11,200.17,202.23,196.13,2026-08-07,3,False
FIX,Industrials,Engineering & Construction,BB,價格在 BB 中軌上方,None,0.0,0.425,0.4407,0.4407,0.295,413,22337,0.0149,1737.0,1762.88,1788.76,1719.63,2026-08-05,3,False
KKR,Financials,Asset Management,RSI,RSI 維持強勢 (50-70),None,0.0,0.51,0.4388,0.4388,0.2842,278,19108,0.0087,103.35,104.25,105.15,102.32,2026-08-06,3,False
ANET,Information Technology,Computer Hardware,RSI,RSI 加速上升,None,0.0,0.5525,0.4387,0.4387,0.3693,155,10688,0.0133,192.32,194.88,197.44,190.4,2026-08-06,3,False
EXE,Energy,Oil & Gas E&P,RSI,RSI 維持強勢 (50-70),Bullish Engulfing,0.75,1.0,0.4386,,0.4386,0,57,0.014,92.84,94.14,95.44,91.91,2026-08-07,3,False
BLDR,Industrials,Building Products & Equipment,RSI,RSI 維持強勢 (50-70),None,0.0,0.51,0.4355,0.4355,0.2986,186,19157,0.003,74.69,74.91,75.14,73.94,2026-08-07,3,False
ALGN,Health Care,Medical Instruments & Supplies,RSI,RSI 上穿 50 中性線,None,0.0,0.4675,0.4348,0.4348,0.3144,23,1323,0.0055,173.66,174.62,175.57,171.92,2026-08-07,3,False
DOC,Real Estate,REIT - Healthcare Facilities,RSI,RSI 上穿 50 中性線,None,0.0,0.4675,0.4333,,0.4333,0,30,0.0103,21.79,22.01,22.24,21.57,2026-08-05,3,True
CACI,Information Technology,Information Technology Services,BB,價格在 BB 中軌上方,None,0.0,0.425,0.4327,,0.4327,0,1188,0.0141,628.79,637.66,646.52,622.5,2026-08-06,3,True
DT,Information Technology,Software - Application,BB,價格在 BB 中軌上方,None,0.0,0.425,0.4327,,0.4327,0,1188,0.0141,50.86,51.58,52.29,50.35,2026-08-05,3,True
AGI,Materials,Gold,RSI,RSI 上穿 50 中性線,None,0.0,0.4675,0.4318,,0.4318,0,44,0.0104,31.27,31.6,31.92,30.96,2026-08-05,3,True
CDE,Materials,Gold,RSI,RSI 上穿 50 中性線,None,0.0,0.4675,0.4318,,0.4318,0,44,0.0104,17.39,17.57,17.75,17.22,2026-08-07,3,True
LYV,Communication Services,Entertainment,RSI,RSI 加速上升,None,0.0,0.5525,0.4314,0.4314,0.3116,102,3322,0.0056,180.66,181.67,182.68,178.85,2026-08-07,3,False
HMC,Consumer Discretionary,Auto Manufacturers,RSI,RSI 動能加速（強勢區）,Consolidation Breakout,0.85,1.0,0.4286,,0.4286,0,35,-0.006,31.82,31.63,31.44,31.5,2026-08-07,3,True
CAH,Health Care,Medical Distribution,MACD,MACD 金叉 (多頭區),None,0.0,0.68,0.4286,0.4286,0.2557,14,305,0.0113,239.23,241.93,244.64,236.84,2026-08-05,3,False
CL,Consumer Staples,Household & Personal Products,MACD,MACD 金叉 (多頭區),None,0.0,0.68,0.4286,0.4286,0.2554,7,184,0.0086,93.0,93.8,94.6,92.07,2026-08-06,3,False
GOOG,Communication Services,Internet Content & Information,MACD,MACD 突破 0 軸,None,0.0,0.595,0.4286,0.4286,0.3333,7,165,0.0107,360.13,363.98,367.84,356.53,2026-08-05,3,False
AXON,Industrials,Aerospace & Defense,RSI,RSI 維持強勢 (50-70),None,0.0,0.51,0.4286,0.4286,0.3579,7,746,0.0482,571.01,598.53,626.06,565.3,2026-08-07,3,True
VTRS,Health Care,Drug Manufacturers - Specialty & Generic,BB,BB 中軌向上（上升趨勢）,None,0.0,0.51,0.4286,0.4286,0.3402,14,579,0.0116,16.29,16.48,16.67,16.13,2026-08-06,3,True
BNTX,Health Care,Biotechnology,RSI,RSI 上穿 50 中性線,None,0.0,0.4675,0.4286,,0.4286,0,119,0.0062,92.18,92.75,93.32,91.26,2026-08-05,3,True
LLY,Health Care,Drug Manufacturers - General,RSI,RSI 上穿 50 中性線,None,0.0,0.4675,0.4286,,0.4286,0,119,0.0062,1169.86,1177.11,1184.37,1158.16,2026-08-05,3,True
ROK,Industrials,Specialty Industrial Machinery,BB,BB 跌破下軌 (超賣),None,0.0,0.45499999999999996,0.4286,0.4286,0.2838,7,1258,0.0149,441.8,448.38,454.97,437.38,2026-08-06,3,False
ZTS,Health Care,Drug Manufacturers - Specialty & Generic,BB,價格在 BB 中軌上方,None,0.0,0.425,0.4286,0.4286,0.365,7,715,0.0217,77.27,78.95,80.62,76.5,2026-08-06,3,True
LHX,Industrials,Aerospace & Defense,MACD,MACD 金叉 (空頭區),None,0.0,0.42,0.4286,0.4286,0.3303,7,875,0.0225,289.53,296.04,302.56,286.63,2026-08-06,3,False
AFL,Financials,Insurance - Life,RSI,RSI 維持強勢 (50-70),Morning Star,0.8,1.0,0.4278,,0.4278,0,367,0.0116,126.66,128.13,129.6,125.39,2026-08-06,3,False
GNRC,Industrials,Specialty Industrial Machinery,RSI,RSI 加速上升,None,0.0,0.5525,0.4267,0.4267,0.2981,150,11545,0.0126,212.22,214.89,217.57,210.1,2026-08-07,3,False
CCL,Consumer Discretionary,Travel Services,BB,價格在 BB 中軌上方,None,0.0,0.425,0.4256,0.4256,0.2984,242,12430,0.0178,28.99,29.51,30.02,28.7,2026-08-07,3,False
TPR,Consumer Discretionary,Luxury Goods,RSI,RSI 動能加速（強勢區）,None,0.0,0.51,0.4255,0.4255,0.3027,47,1665,0.0079,159.16,160.42,161.67,157.57,2026-08-05,3,False
RBA,Industrials,Specialty Business Services,RSI,RSI 維持超賣,None,0.0,0.385,0.4252,,0.4252,0,127,0.01,92.67,93.6,94.52,91.74,2026-08-06,3,True
FNV,Materials,Gold,BB,BB 中軌向上（上升趨勢）,Bullish Engulfing,0.75,1.0,0.4242,,0.4242,0,99,0.0171,231.08,235.03,238.98,228.77,2026-08-06,3,False
AMD,Information Technology,Semiconductors,BB,BB 中軌向上（上升趨勢）,None,0.0,0.51,0.4239,0.4239,0.3639,243,16781,0.0123,489.28,495.3,501.32,484.39,2026-08-06,3,False
ARW,Information Technology,Electronics & Computer Distribution,BB,BB 中軌向上（上升趨勢）,None,0.0,0.51,0.4238,,0.4238,0,1083,0.0134,203.51,206.24,208.96,201.47,2026-08-07,3,True
PSKY,Communication Services,Entertainment,RSI,RSI 上穿 50 中性線,None,0.0,0.4675,0.4231,0.4231,0.3243,26,518,0.0041,9.06,9.1,9.13,8.97,2026-08-06,3,False
AWK,Utilities,Utilities - Regulated Water,BB,BB 中軌向上（上升趨勢）,Bullish Engulfing,0.75,1.0,0.4222,,0.4222,0,90,0.0167,134.82,137.07,139.32,133.47,2026-08-06,3,False
XEL,Utilities,Utilities - Regulated Electric,BB,BB 中軌向上（上升趨勢）,Bullish Engulfing,0.75,1.0,0.4222,,0.4222,0,90,0.0167,78.07,79.37,80.68,77.29,2026-08-07,3,False
TXN,Information Technology,Semiconductors,RSI,RSI 上穿 50 中性線,None,0.0,0.4675,0.4211,0.4211,0.3785,19,1593,0.0225,286.08,292.52,298.95,283.22,2026-08-07,3,False
AMRZ,Materials,Building Materials,BB,BB 跌破下軌 (超賣),None,0.0,0.45499999999999996,0.4202,,0.4202,0,119,0.0066,46.64,46.95,47.26,46.17,2026-08-07,3,True
MPWR,Information Technology,Semiconductors,RSI,RSI 維持強勢 (50-70),None,0.0,0.51,0.4184,0.4184,0.3645,294,16764,0.0085,1401.54,1413.45,1425.37,1387.52,2026-08-07,3,False
NFLX,Communication Services,Entertainment,RSI,RSI 加速上升,None,0.0,0.5525,0.4179,0.4179,0.3116,134,3322,0.0146,74.14,75.22,76.3,73.4,2026-08-07,3,False
HLT,Consumer Discretionary,Lodging,KDJ,KDJ 金叉,None,0.0,0.5525,0.4167,0.4167,0.3183,36,1244,0.0045,324.56,326.02,327.48,321.31,2026-08-05,3,False
IHG,Consumer Discretionary,Lodging,BB,價格在 BB 中軌上方,Bullish Engulfing,0.75,0.9075,0.4151,,0.4151,0,212,0.0132,160.72,162.84,164.96,159.11,2026-08-05,3,False
DAL,Industrials,Airlines,RSI,RSI 加速上升,None,0.0,0.5525,0.4142,0.4142,0.2981,169,11545,0.0111,91.34,92.35,93.37,90.43,2026-08-07,3,False
BCE,Communication Services,Telecom Services,RSI,RSI 維持強勢 (50-70),None,0.0,0.51,0.4128,,0.4128,0,235,-0.0015,22.06,22.03,21.99,21.84,2026-08-05,3,True
PINS,Communication Services,Internet Content & Information,RSI,RSI 維持強勢 (50-70),None,0.0,0.51,0.4128,,0.4128,0,235,-0.0015,23.36,23.32,23.29,23.13,2026-08-05,3,True
LUV,Industrials,Airlines,RSI,RSI 加速上升,None,0.0,0.5525,0.4113,0.4113,0.2981,141,11545,0.0075,47.05,47.4,47.76,46.58,2026-08-07,3,False
MKSI,Information Technology,Scientific & Technical Instruments,RSI,RSI 加速上升,None,0.0,0.5525,0.4113,,0.4113,0,851,0.0125,313.1,317.01,320.93,309.97,2026-08-05,3,True
TTMI,Information Technology,Electronic Components,RSI,RSI 加速上升,None,0.0,0.5525,0.4113,,0.4113,0,851,0.0125,131.25,132.89,134.53,129.94,2026-08-05,3,True
VIAV,Information Technology,Communication Equipment,RSI,RSI 加速上升,None,0.0,0.5525,0.4113,,0.4113,0,851,0.0125,38.9,39.39,39.87,38.51,2026-08-05,3,True
ET,Energy,Oil & Gas Midstream,RSI,RSI 維持強勢 (50-70),None,0.0,0.51,0.411,,0.411,0,146,0.0074,20.0054,20.15,20.3,19.81,2026-08-05,3,True
SU,Energy,Oil & Gas Integrated,RSI,RSI 維持強勢 (50-70),None,0.0,0.51,0.411,,0.411,0,146,0.0074,62.82,63.28,63.75,62.19,2026-08-05,3,True
DTM,Energy,Oil & Gas Midstream,RSI,RSI 超賣區域 (30),None,0.0,0.5249999999999999,0.4107,,0.4107,0,56,0.0193,131.44,133.98,136.51,130.13,2026-08-07,3,False
BAC,Financials,Banks - Diversified,RSI,RSI 加速上升,None,0.0,0.5525,0.4104,0.4104,0.3014,173,11488,0.0121,63.25,64.02,64.78,62.62,2026-08-05,3,False
EMA,Utilities,Utilities - Regulated Electric,BB,BB 跌破下軌 (超賣),None,0.0,0.45499999999999996,0.4104,,0.4104,0,441,0.0122,51.59,52.22,52.85,51.07,2026-08-06,3,False
FTS,Utilities,Utilities - Regulated Electric,BB,BB 跌破下軌 (超賣),None,0.0,0.45499999999999996,0.4104,,0.4104,0,441,0.0122,55.92,56.6,57.28,55.36,2026-08-06,3,False
CPRT,Industrials,Specialty Business Services,RSI,RSI 上穿 50 中性線,None,0.0,0.4675,0.4091,0.4091,0.304,22,1816,0.0047,29.66,29.8,29.94,29.36,2026-08-07,3,False
GLW,Information Technology,Electronic Components,RSI,RSI 上穿 50 中性線,None,0.0,0.4675,0.4091,0.4091,0.3785,22,1593,0.0117,165.68,167.62,169.56,164.02,2026-08-07,3,False
NVDA,Information Technology,Semiconductors,RSI,RSI 加速上升,None,0.0,0.5525,0.4088,0.4088,0.3693,159,10688,0.0041,218.99,219.89,220.79,216.8,2026-08-06,3,False
UAL,Industrials,Airlines,RSI,RSI 加速上升,None,0.0,0.5525,0.4079,0.4079,0.2981,152,11545,0.0049,129.56,130.19,130.83,128.26,2026-08-07,3,False
HII,Industrials,Aerospace & Defense,RSI,RSI 維持強勢 (50-70),None,0.0,0.51,0.4065,0.4065,0.2986,278,19157,0.0131,324.48,328.73,332.98,321.24,2026-08-07,3,False
CBRS,Information Technology,Semiconductors,MACD,MACD 突破 0 軸,None,0.0,0.595,0.4064,,0.4064,0,529,0.0085,214.3,216.12,217.94,212.16,2026-08-05,3,False
GRAB,Information Technology,Software - Application,MACD,MACD 突破 0 軸,None,0.0,0.595,0.4064,,0.4064,0,529,0.0085,3.66,3.69,3.72,3.62,2026-08-07,3,False
SNX,Information Technology,Electronics & Computer Distribution,MACD,MACD 突破 0 軸,None,0.0,0.595,0.4064,,0.4064,0,529,0.0085,263.07,265.31,267.54,260.44,2026-08-05,3,False
STRK,Information Technology,Software - Application,MACD,MACD 突破 0 軸,None,0.0,0.595,0.4064,,0.4064,0,529,0.0085,64.91,65.46,66.01,64.26,2026-08-05,3,False
WIT,Information Technology,Information Technology Services,MACD,MACD 突破 0 軸,None,0.0,0.595,0.4064,,0.4064,0,529,0.0085,1.99,2.01,2.02,1.97,2026-08-06,3,False
VLYPO,Financials,Banks - Regional,BB,BB 跌破下軌 (超賣),None,0.0,0.45499999999999996,0.4057,,0.4057,0,424,0.0104,24.7,24.96,25.21,24.45,2026-08-06,3,True
AVGO,Information Technology,Semiconductors,BB,BB 中軌向上（上升趨勢）,None,0.0,0.51,0.4056,0.4056,0.3639,323,16781,0.0099,427.76,431.99,436.23,423.48,2026-08-07,3,False
CFG,Financials,Banks - Regional,RSI,RSI 加速上升,None,0.0,0.5525,0.4049,0.4049,0.3014,163,11488,0.0121,73.6,74.49,75.38,72.86,2026-08-05,3,False
NUE,Materials,Steel,RSI,RSI 加速上升,None,0.0,0.5525,0.4048,0.4048,0.3048,126,3639,0.0133,272.63,276.26,279.88,269.9,2026-08-07,3,False
IVZ,Financials,Asset Management,RSI,RSI 維持強勢 (50-70),None,0.0,0.51,0.404,0.404,0.2842,198,19108,0.0093,31.58,31.87,32.17,31.26,2026-08-07,3,False
GOOGL,Communication Services,Internet Content & Information,RSI,RSI 維持強勢 (50-70),None,0.0,0.51,0.4034,0.4034,0.3082,238,5205,0.0103,354.3,357.95,361.6,350.76,2026-08-07,3,False
KEY,Financials,Banks - Regional,RSI,RSI 加速上升,None,0.0,0.5525,0.4029,0.4029,0.3014,139,11488,0.0114,23.09,23.35,23.62,22.86,2026-08-05,3,False
AS,Consumer Discretionary,Leisure,BB,價格在 BB 中軌上方,None,0.0,0.425,0.4026,,0.4026,0,529,0.0119,36.11,36.54,36.97,35.75,2026-08-06,3,True
BWA,Consumer Discretionary,Auto Parts,BB,價格在 BB 中軌上方,None,0.0,0.425,0.4026,,0.4026,0,529,0.0119,66.78,67.57,68.37,66.11,2026-08-05,3,True
DKNG,Consumer Discretionary,Gambling,BB,價格在 BB 中軌上方,None,0.0,0.425,0.4026,,0.4026,0,529,0.0119,24.03,24.32,24.6,23.79,2026-08-07,3,True
MELI,Consumer Discretionary,Internet Retail,BB,價格在 BB 中軌上方,None,0.0,0.425,0.4026,,0.4026,0,529,0.0119,1922.5699,1945.45,1968.33,1903.34,2026-08-05,3,True
SN,Consumer Discretionary,"Furnishings, Fixtures & Appliances",BB,價格在 BB 中軌上方,None,0.0,0.425,0.4026,,0.4026,0,529,0.0119,182.11,184.28,186.44,180.29,2026-08-05,3,True
TXRH,Consumer Discretionary,Restaurants,BB,價格在 BB 中軌上方,None,0.0,0.425,0.4026,,0.4026,0,529,0.0119,208.0,210.48,212.95,205.92,2026-08-07,3,True
MS,Financials,Capital Markets,RSI,RSI 加速上升,None,0.0,0.5525,0.4025,0.4025,0.3014,159,11488,0.0109,216.33,218.69,221.05,214.17,2026-08-07,3,False
WFC,Financials,Banks - Diversified,RSI,RSI 加速上升,None,0.0,0.5525,0.4013,0.4013,0.3014,157,11488,0.0083,87.09,87.81,88.54,86.22,2026-08-06,3,False
LMT,Industrials,Aerospace & Defense,BB,BB 中軌向上（上升趨勢）,Bullish Engulfing,0.75,1.0,0.4012,,0.4012,0,324,0.0121,587.95,595.06,602.18,582.07,2026-08-07,3,False
CBOE,Financials,Financial Data & Stock Exchanges,RSI,RSI 維持強勢 (50-70),Morning Star,0.8,1.0,0.4,0.4,0.4278,5,367,0.0183,286.58,291.82,297.07,283.71,2026-08-07,3,False
LII,Industrials,Building Products & Equipment,RSI,RSI 加速上升,None,0.0,0.5525,0.4,0.4,0.2981,140,11545,0.0074,439.77,443.02,446.28,435.37,2026-08-07,3,False
MOS,Materials,Agricultural Inputs,KDJ,KDJ 金叉,None,0.0,0.5525,0.4,0.4,0.314,25,637,0.0006,23.41,23.42,23.44,23.18,2026-08-05,3,False
GDDY,Information Technology,Software - Infrastructure,RSI,RSI 上穿 50 中性線,None,0.0,0.4675,0.4,0.4,0.3785,25,1593,-0.0006,91.07,91.02,90.96,90.16,2026-08-07,3,False
BBY,Consumer Discretionary,Specialty Retail,BB,BB 跌破下軌 (超賣),None,0.0,0.45499999999999996,0.4,0.4,0.2974,15,733,0.0297,80.02,82.4,84.77,79.22,2026-08-06,3,False
ON,Information Technology,Semiconductors,MACD,MACD 金叉 (空頭區),None,0.0,0.42,0.4,0.4,0.3767,15,754,0.0006,81.17,81.22,81.27,80.36,2026-08-07,3,False
KEYS,Information Technology,Scientific & Technical Instruments,RSI,RSI 維持強勢 (50-70),None,0.0,0.51,0.399,0.399,0.3645,198,16764,0.0164,340.97,346.56,352.15,337.56,2026-08-07,3,False
C,Financials,Banks - Diversified,RSI,RSI 加速上升,None,0.0,0.5525,0.3989,0.3989,0.3014,188,11488,0.0114,135.0,136.54,138.08,133.65,2026-08-07,3,False
PANW,Information Technology,Software - Infrastructure,RSI,RSI 加速上升,None,0.0,0.5525,0.3988,0.3988,0.3693,168,10688,0.0075,363.86,366.59,369.32,360.22,2026-08-07,3,False
COF,Financials,Credit Services,RSI,RSI 加速上升,None,0.0,0.5525,0.3968,0.3968,0.3014,126,11488,0.0071,220.0,221.56,223.12,217.8,2026-08-06,3,False
EL,Consumer Staples,Household & Personal Products,RSI,RSI 加速上升,None,0.0,0.5525,0.3957,0.3957,0.2439,187,5343,0.0015,88.35,88.48,88.62,87.47,2026-08-07,3,False
HST,Real Estate,REIT - Hotel & Motel,BB,BB 中軌向上（上升趨勢）,Bullish Engulfing,0.75,1.0,0.3942,,0.3942,0,104,0.012,25.13,25.43,25.73,24.88,2026-08-05,3,False
GILD,Health Care,Drug Manufacturers - General,RSI,RSI 上穿 50 中性線,None,0.0,0.4675,0.3939,0.3939,0.3144,33,1323,0.0037,133.21,133.7,134.2,131.88,2026-08-07,3,False
SOLV,Health Care,Medical Instruments & Supplies,RSI,RSI 維持強勢 (50-70),None,0.0,0.51,0.3937,0.3937,0.2772,127,12123,0.0149,82.98,84.22,85.45,82.15,2026-08-07,3,False
APTV,Consumer Discretionary,Auto Parts,BB,BB 中軌向上（上升趨勢）,None,0.0,0.51,0.3934,,0.3934,0,427,0.0097,46.3,46.75,47.2,45.84,2026-08-06,3,True
DXCM,Health Care,Medical Devices,BB,價格在 BB 中軌上方,None,0.0,0.425,0.3924,0.3924,0.2804,237,14417,0.0073,84.75,85.37,85.99,83.9,2026-08-07,3,False
FTV,Information Technology,Scientific & Technical Instruments,KDJ,KDJ 金叉,None,0.0,0.5525,0.3918,,0.3918,0,1955,0.0107,61.34,62.0,62.65,60.73,2026-08-05,3,False
FDS,Financials,Financial Data & Stock Exchanges,KDJ,KDJ 金叉,None,0.0,0.5525,0.3913,0.3913,0.3142,23,1932,0.0013,285.57,285.94,286.31,282.71,2026-08-07,3,False
MRNA,Health Care,Biotechnology,RSI,RSI 加速上升,None,0.0,0.5525,0.3911,0.3911,0.2803,179,8492,-0.0013,59.17,59.09,59.02,58.58,2026-08-07,3,False
SPCX,Industrials,Aerospace & Defense,RSI,RSI 上穿 50 中性線,None,0.0,0.4675,0.3898,,0.3898,0,118,0.0111,133.11,134.59,136.07,131.78,2026-08-07,3,True
TECH,Health Care,Biotechnology,BB,價格在 BB 中軌上方,None,0.0,0.425,0.3897,0.3897,0.2804,195,14417,-0.0003,71.9,71.88,71.86,71.18,2026-08-06,3,False
ROL,Consumer Discretionary,Personal Services,RSI,RSI 維持超賣,None,0.0,0.385,0.3894,,0.3894,0,565,0.0066,36.83,37.07,37.32,36.46,2026-08-06,3,False
AEM,Materials,Gold,BB,BB 中軌向上（上升趨勢）,None,0.0,0.51,0.3886,,0.3886,0,229,0.0091,178.82,180.45,182.07,177.03,2026-08-07,3,True
B,Materials,Gold,BB,BB 中軌向上（上升趨勢）,None,0.0,0.51,0.3886,,0.3886,0,229,0.0091,43.68,44.08,44.47,43.24,2026-08-07,3,True
GFI,Materials,Gold,BB,BB 中軌向上（上升趨勢）,None,0.0,0.51,0.3886,,0.3886,0,229,0.0091,40.82,41.19,41.56,40.41,2026-08-07,3,True
JHX,Materials,Building Materials,BB,BB 中軌向上（上升趨勢）,None,0.0,0.51,0.3886,,0.3886,0,229,0.0091,30.23,30.51,30.78,29.93,2026-08-07,3,True
KGC,Materials,Gold,BB,BB 中軌向上（上升趨勢）,None,0.0,0.51,0.3886,,0.3886,0,229,0.0091,27.64,27.89,28.14,27.36,2026-08-07,3,True
NTR,Materials,Agricultural Inputs,BB,BB 中軌向上（上升趨勢）,None,0.0,0.51,0.3886,,0.3886,0,229,0.0091,66.92,67.53,68.14,66.25,2026-08-05,3,True
WPM,Materials,Gold,BB,BB 中軌向上（上升趨勢）,None,0.0,0.51,0.3886,,0.3886,0,229,0.0091,134.2,135.42,136.64,132.86,2026-08-07,3,True
GE,Industrials,Aerospace & Defense,RSI,RSI 加速上升,None,0.0,0.5525,0.3885,0.3885,0.2981,157,11545,0.0097,374.55,378.18,381.82,370.8,2026-08-06,3,False
FWONA,Communication Services,Entertainment,RSI,RSI 維持強勢 (50-70),Bullish Engulfing,0.75,1.0,0.3884,,0.3884,0,121,0.0056,91.26,91.77,92.28,90.35,2026-08-06,3,False
AMX,Communication Services,Telecom Services,BB,BB 中軌向上（上升趨勢）,None,0.0,0.51,0.3881,,0.3881,0,268,0.0017,23.92,23.96,24.0,23.68,2026-08-06,3,True
HPE,Information Technology,Communication Equipment,RSI,RSI 加速上升,None,0.0,0.5525,0.3879,0.3879,0.3693,116,10688,0.0216,53.22,54.37,55.52,52.69,2026-08-07,3,False
TT,Industrials,Building Products & Equipment,RSI,RSI 加速上升,None,0.0,0.5525,0.3876,0.3876,0.2981,129,11545,0.0101,482.31,487.18,492.05,477.49,2026-08-07,3,False
PM,Consumer Staples,Tobacco,RSI,RSI 上穿 50 中性線,None,0.0,0.4675,0.3871,0.3871,0.2565,31,928,0.0023,189.57,190.01,190.44,187.67,2026-08-07,3,False
WMB,Energy,Oil & Gas Midstream,RSI,RSI 加速上升,None,0.0,0.5525,0.3865,0.3865,0.3227,163,3306,0.0084,71.76,72.36,72.97,71.04,2026-08-06,3,False
FRT,Real Estate,REIT - Retail,BB,BB 跌破下軌 (超賣),None,0.0,0.45499999999999996,0.3864,,0.3864,0,132,0.0114,118.69,120.04,121.4,117.5,2026-08-07,3,True
PBR,Energy,Oil & Gas Integrated,BB,BB 中軌向上（上升趨勢）,None,0.0,0.51,0.386,,0.386,0,171,0.0019,17.96,17.99,18.03,17.78,2026-08-07,3,True
UNH,Health Care,Healthcare Plans,KDJ,KDJ 金叉,None,0.0,0.5525,0.3846,0.3846,0.2852,26,1536,0.0124,407.08,412.13,417.18,403.01,2026-08-07,3,False
SMCI,Information Technology,Computer Hardware,RSI,RSI 動能加速（強勢區）,None,0.0,0.51,0.3846,0.3846,0.366,39,2885,-0.0113,31.13,30.78,30.43,30.82,2026-08-07,3,False
CAT,Industrials,Farm & Heavy Construction Machinery,RSI,RSI 加速上升,None,0.0,0.5525,0.3827,0.3827,0.2981,162,11545,0.0133,842.19,853.39,864.59,833.77,2026-08-07,3,False
TXT,Industrials,Aerospace & Defense,KDJ,KDJ 金叉,None,0.0,0.5525,0.3824,0.3824,0.3223,34,2110,0.008,89.43,90.15,90.86,88.54,2026-08-07,3,False
ADI,Information Technology,Semiconductors,RSI,RSI 維持強勢 (50-70),None,0.0,0.51,0.3816,0.3816,0.3645,228,16764,0.0088,389.93,393.36,396.79,386.03,2026-08-07,3,False
SNPS,Information Technology,Software - Infrastructure,RSI,RSI 加速上升,None,0.0,0.5525,0.381,0.381,0.3693,126,10688,0.0114,415.99,420.73,425.47,411.83,2026-08-07,3,False
ORCL,Information Technology,Software - Infrastructure,RSI,RSI 加速上升,None,0.0,0.5525,0.3793,0.3793,0.3693,145,10688,0.005,147.02,147.76,148.49,145.55,2026-08-07,3,False
URI,Industrials,Rental & Leasing Services,RSI,RSI 維持強勢 (50-70),None,0.0,0.51,0.3792,0.3792,0.2986,240,19157,0.0121,1162.84,1176.91,1190.98,1151.21,2026-08-07,3,False
ALAB,Information Technology,Semiconductors,RSI,RSI 上穿 50 中性線,None,0.0,0.4675,0.3785,,0.3785,0,1593,0.0087,331.5,334.38,337.27,328.19,2026-08-06,3,False
ARM,Information Technology,Semiconductors,RSI,RSI 上穿 50 中性線,None,0.0,0.4675,0.3785,,0.3785,0,1593,0.0087,286.68,289.17,291.67,283.81,2026-08-06,3,False
ASML,Information Technology,Semiconductor Equipment & Materials,RSI,RSI 上穿 50 中性線,None,0.0,0.4675,0.3785,,0.3785,0,1593,0.0087,1704.37,1719.2,1734.03,1687.33,2026-08-06,3,False
ASX,Information Technology,Semiconductors,RSI,RSI 上穿 50 中性線,None,0.0,0.4675,0.3785,,0.3785,0,1593,0.0087,37.39,37.72,38.04,37.02,2026-08-07,3,False
EPAM,Information Technology,Information Technology Services,RSI,RSI 上穿 50 中性線,None,0.0,0.4675,0.3785,,0.3785,0,1593,0.0087,97.43,98.28,99.13,96.46,2026-08-07,3,False
LOGI,Information Technology,Computer Hardware,RSI,RSI 上穿 50 中性線,None,0.0,0.4675,0.3785,,0.3785,0,1593,0.0087,106.33,107.26,108.18,105.27,2026-08-07,3,False
MCHPP,Information Technology,Semiconductors,RSI,RSI 上穿 50 中性線,None,0.0,0.4675,0.3785,,0.3785,0,1593,0.0087,72.21,72.84,73.47,71.49,2026-08-07,3,False
MRVL,Information Technology,Semiconductors,RSI,RSI 上穿 50 中性線,None,0.0,0.4675,0.3785,,0.3785,0,1593,0.0087,218.72,220.62,222.53,216.53,2026-08-07,3,False
SMTC,Information Technology,Semiconductors,RSI,RSI 上穿 50 中性線,None,0.0,0.4675,0.3785,,0.3785,0,1593,0.0087,134.78,135.95,137.13,133.43,2026-08-06,3,False
STRF,Information Technology,Software - Application,RSI,RSI 上穿 50 中性線,None,0.0,0.4675,0.3785,,0.3785,0,1593,0.0087,96.29,97.13,97.97,95.33,2026-08-05,3,False
TSEM,Information Technology,Semiconductors,RSI,RSI 上穿 50 中性線,None,0.0,0.4675,0.3785,,0.3785,0,1593,0.0087,252.49,254.69,256.88,249.97,2026-08-07,3,False
TSM,Information Technology,Semiconductors,RSI,RSI 上穿 50 中性線,None,0.0,0.4675,0.3785,,0.3785,0,1593,0.0087,418.2,421.84,425.48,414.02,2026-08-06,3,False
WSE,Information Technology,Information Technology Services,RSI,RSI 上穿 50 中性線,None,0.0,0.4675,0.3785,,0.3785,0,1593,0.0087,12.4,12.51,12.62,12.28,2026-08-06,3,False
HCA,Health Care,Medical Care Facilities,RSI,RSI 動能加速（強勢區）,None,0.0,0.51,0.3784,0.3784,0.2606,37,1869,0.0102,409.64,413.82,418.0,405.54,2026-08-05,3,False
CINF,Financials,Insurance - Property & Casualty,RSI,RSI 上穿 50 中性線,None,0.0,0.4675,0.3784,0.3784,0.3091,37,1899,0.0039,179.04,179.74,180.44,177.25,2026-08-06,3,False
BKR,Energy,Oil & Gas Equipment & Services,RSI,RSI 動能加速（強勢區）,None,0.0,0.51,0.3778,0.3778,0.3265,45,873,-0.0001,62.52,62.51,62.51,61.89,2026-08-06,3,False
ELAN,Health Care,Drug Manufacturers - Specialty & Generic,RSI,RSI 動能加速（強勢區）,None,0.0,0.51,0.3778,,0.3778,0,225,0.0031,26.22,26.3,26.38,25.96,2026-08-05,3,True
AMKR,Information Technology,Semiconductor Equipment & Materials,MACD,MACD 金叉 (空頭區),None,0.0,0.42,0.3767,,0.3767,0,754,0.0102,55.27,55.83,56.4,54.72,2026-08-07,3,False
GFS,Information Technology,Semiconductors,MACD,MACD 金叉 (空頭區),None,0.0,0.42,0.3767,,0.3767,0,754,0.0102,49.46,49.96,50.47,48.97,2026-08-05,3,False
NXT,Information Technology,Solar,MACD,MACD 金叉 (空頭區),None,0.0,0.42,0.3767,,0.3767,0,754,0.0102,99.81,100.83,101.85,98.81,2026-08-05,3,False
QNT,Information Technology,Software - Application,MACD,MACD 金叉 (空頭區),None,0.0,0.42,0.3767,,0.3767,0,754,0.0102,56.91,57.49,58.07,56.34,2026-08-05,3,False
SIMO,Information Technology,Semiconductors,MACD,MACD 金叉 (空頭區),None,0.0,0.42,0.3767,,0.3767,0,754,0.0102,267.43,270.16,272.89,264.76,2026-08-06,3,False
STM,Information Technology,Semiconductors,MACD,MACD 金叉 (空頭區),None,0.0,0.42,0.3767,,0.3767,0,754,0.0102,56.1,56.67,57.24,55.54,2026-08-07,3,False
IFF,Materials,Specialty Chemicals,RSI,RSI 動能加速（強勢區）,None,0.0,0.51,0.3766,,0.3766,0,77,0.0046,88.07,88.48,88.88,87.19,2026-08-05,3,True
WAB,Industrials,Railroads,RSI,RSI 維持強勢 (50-70),None,0.0,0.51,0.3759,0.3759,0.2986,266,19157,0.0062,295.23,297.06,298.89,292.28,2026-08-06,3,False
AKAM,Information Technology,Software - Infrastructure,RSI,RSI 維持強勢 (50-70),None,0.0,0.51,0.375,0.375,0.4471,16,747,0.0069,118.55,119.37,120.19,117.36,2026-08-06,3,True
UHS,Health Care,Medical Care Facilities,RSI,RSI 動能加速（強勢區）,None,0.0,0.51,0.375,0.375,0.2606,24,1869,0.0077,173.54,174.88,176.21,171.8,2026-08-07,3,False
ELV,Health Care,Healthcare Plans,MACD,MACD 金叉 (空頭區),None,0.0,0.42,0.375,0.375,0.2741,8,686,0.0123,391.4,396.21,401.03,387.49,2026-08-06,3,False
BKNG,Consumer Discretionary,Travel Services,RSI,RSI 加速上升,None,0.0,0.5525,0.3742,0.3742,0.3117,155,6796,0.0066,214.42,215.84,217.25,212.28,2026-08-07,3,False
DLTR,Consumer Staples,Discount Stores,RSI,RSI 維持強勢 (50-70),None,0.0,0.51,0.3736,0.3736,0.2452,182,7574,-0.0013,130.9,130.73,130.56,129.59,2026-08-07,3,False
NTRS,Financials,Asset Management,RSI,RSI 加速上升,None,0.0,0.5525,0.3734,0.3734,0.3014,158,11488,0.0119,185.5,187.71,189.91,183.65,2026-08-07,3,False
PWR,Industrials,Engineering & Construction,RSI,RSI 加速上升,None,0.0,0.5525,0.3732,0.3732,0.2981,142,11545,0.0094,682.99,689.41,695.83,676.16,2026-08-05,3,False
LRCX,Information Technology,Semiconductor Equipment & Materials,BB,價格在 BB 中軌上方,None,0.0,0.425,0.373,0.373,0.3573,370,20206,0.0086,311.35,314.03,316.71,308.24,2026-08-07,3,False
VRTX,Health Care,Biotechnology,RSI,RSI 上穿 50 中性線,None,0.0,0.4675,0.3714,0.3714,0.3144,35,1323,0.0023,484.83,485.95,487.06,479.98,2026-08-05,3,False
BEN,Financials,Asset Management,BB,BB 中軌向上（上升趨勢）,None,0.0,0.51,0.3704,0.3704,0.2681,135,16575,0.0094,33.77,34.09,34.4,33.43,2026-08-07,3,False
CCK,Consumer Discretionary,Packaging & Containers,MACD,MACD 金叉 (多頭區),None,0.0,0.68,0.37,,0.37,0,273,0.0063,121.79,122.56,123.32,120.57,2026-08-05,3,False
GPC,Consumer Discretionary,Auto Parts,MACD,MACD 金叉 (多頭區),None,0.0,0.68,0.37,,0.37,0,273,0.0063,131.32,132.15,132.97,130.01,2026-08-05,3,False
TOL,Consumer Discretionary,Residential Construction,MACD,MACD 金叉 (多頭區),None,0.0,0.68,0.37,,0.37,0,273,0.0063,154.97,155.95,156.92,153.42,2026-08-05,3,False
eBay,Consumer Discretionary,Internet Retail,MACD,MACD 金叉 (多頭區),None,0.0,0.68,0.37,,0.37,0,273,0.0063,111.75,112.45,113.16,110.63,2026-06-30,3,False
ETN,Industrials,Specialty Industrial Machinery,BB,BB 中軌向上（上升趨勢）,None,0.0,0.51,0.3695,0.3695,0.2929,203,17460,0.0111,448.68,453.66,458.64,444.19,2026-08-07,3,False
APLD,Information Technology,Information Technology Services,RSI,RSI 加速上升,None,0.0,0.5525,0.3693,,0.3693,0,10688,0.0074,29.87,30.09,30.31,29.57,2026-08-05,3,False
ASTS,Information Technology,Communication Equipment,RSI,RSI 加速上升,None,0.0,0.5525,0.3693,,0.3693,0,10688,0.0074,71.94,72.47,73.0,71.22,2026-08-07,3,False
CLS,Information Technology,Electronic Components,RSI,RSI 加速上升,None,0.0,0.5525,0.3693,,0.3693,0,10688,0.0074,362.76,365.44,368.13,359.13,2026-08-05,3,False
CRDO,Information Technology,Semiconductors,RSI,RSI 加速上升,None,0.0,0.5525,0.3693,,0.3693,0,10688,0.0074,249.89,251.74,253.59,247.39,2026-08-07,3,False
CRWV,Information Technology,Software - Infrastructure,RSI,RSI 加速上升,None,0.0,0.5525,0.3693,,0.3693,0,10688,0.0074,90.67,91.34,92.01,89.76,2026-08-07,3,False
DOCN,Information Technology,Software - Infrastructure,RSI,RSI 加速上升,None,0.0,0.5525,0.3693,,0.3693,0,10688,0.0074,124.46,125.38,126.3,123.22,2026-08-05,3,False
ENTG,Information Technology,Semiconductor Equipment & Materials,RSI,RSI 加速上升,None,0.0,0.5525,0.3693,,0.3693,0,10688,0.0074,152.08,153.21,154.33,150.56,2026-08-07,3,False
ERIC,Information Technology,Communication Equipment,RSI,RSI 加速上升,None,0.0,0.5525,0.3693,,0.3693,0,10688,0.0074,10.15,10.23,10.3,10.05,2026-08-07,3,False
FLEX,Information Technology,Electronic Components,RSI,RSI 加速上升,None,0.0,0.5525,0.3693,,0.3693,0,10688,0.0074,121.35,122.25,123.15,120.14,2026-08-07,3,False
FN,Information Technology,Electronic Components,RSI,RSI 加速上升,None,0.0,0.5525,0.3693,,0.3693,0,10688,0.0074,562.38,566.54,570.7,556.76,2026-08-07,3,False
FORM,Information Technology,Semiconductor Equipment & Materials,RSI,RSI 加速上升,None,0.0,0.5525,0.3693,,0.3693,0,10688,0.0074,117.39,118.26,119.13,116.22,2026-08-07,3,False
GWRE,Information Technology,Software - Application,RSI,RSI 加速上升,None,0.0,0.5525,0.3693,,0.3693,0,10688,0.0074,170.53,171.79,173.05,168.82,2026-08-07,3,False
IOT,Information Technology,Software - Infrastructure,RSI,RSI 加速上升,None,0.0,0.5525,0.3693,,0.3693,0,10688,0.0074,40.88,41.18,41.49,40.47,2026-08-07,3,False
LFUS,Information Technology,Electronic Components,RSI,RSI 加速上升,None,0.0,0.5525,0.3693,,0.3693,0,10688,0.0074,461.16,464.57,467.99,456.55,2026-08-05,3,False
LSCC,Information Technology,Semiconductors,RSI,RSI 加速上升,None,0.0,0.5525,0.3693,,0.3693,0,10688,0.0074,128.31,129.26,130.21,127.03,2026-08-05,3,False
MDB,Information Technology,Software - Infrastructure,RSI,RSI 加速上升,None,0.0,0.5525,0.3693,,0.3693,0,10688,0.0074,398.8,401.75,404.7,394.81,2026-08-07,3,False
NOK,Information Technology,Communication Equipment,RSI,RSI 加速上升,None,0.0,0.5525,0.3693,,0.3693,0,10688,0.0074,9.43,9.5,9.57,9.34,2026-08-06,3,False
NVMI,Information Technology,Semiconductor Equipment & Materials,RSI,RSI 加速上升,None,0.0,0.5525,0.3693,,0.3693,0,10688,0.0074,402.38,405.36,408.34,398.36,2026-08-05,3,False
OKTA,Information Technology,Software - Infrastructure,RSI,RSI 加速上升,None,0.0,0.5525,0.3693,,0.3693,0,10688,0.0074,147.04,148.13,149.22,145.57,2026-08-05,3,False
P,Information Technology,Computer Hardware,RSI,RSI 加速上升,None,0.0,0.5525,0.3693,,0.3693,0,10688,0.0074,90.05,90.72,91.38,89.15,2026-08-07,3,False
RMBS,Information Technology,Semiconductors,RSI,RSI 加速上升,None,0.0,0.5525,0.3693,,0.3693,0,10688,0.0074,101.52,102.27,103.02,100.5,2026-08-07,3,False
SANM,Information Technology,Electronic Components,RSI,RSI 加速上升,None,0.0,0.5525,0.3693,,0.3693,0,10688,0.0074,202.73,204.23,205.73,200.7,2026-08-07,3,False
SAP,Information Technology,Software - Application,RSI,RSI 加速上升,None,0.0,0.5525,0.3693,,0.3693,0,10688,0.0074,206.16,207.69,209.21,204.1,2026-08-07,3,False
SMCIP,Information Technology,Computer Hardware,RSI,RSI 加速上升,None,0.0,0.5525,0.3693,,0.3693,0,10688,0.0074,54.3,54.7,55.1,53.76,2026-08-07,3,False
SNOW,Information Technology,Software - Application,RSI,RSI 加速上升,None,0.0,0.5525,0.3693,,0.3693,0,10688,0.0074,330.49,332.94,335.38,327.19,2026-08-07,3,False
STRC,Information Technology,Software - Application,RSI,RSI 加速上升,None,0.0,0.5525,0.3693,,0.3693,0,10688,0.0074,94.06,94.76,95.45,93.12,2026-08-06,3,False
STRD,Information Technology,Software - Application,RSI,RSI 加速上升,None,0.0,0.5525,0.3693,,0.3693,0,10688,0.0074,63.19,63.66,64.13,62.56,2026-08-06,3,False
TOST,Information Technology,Software - Infrastructure,RSI,RSI 加速上升,None,0.0,0.5525,0.3693,,0.3693,0,10688,0.0074,34.48,34.74,34.99,34.14,2026-08-07,3,False
UI,Information Technology,Communication Equipment,RSI,RSI 加速上升,None,0.0,0.5525,0.3693,,0.3693,0,10688,0.0074,567.22,571.42,575.61,561.55,2026-08-06,3,False
UMC,Information Technology,Semiconductors,RSI,RSI 加速上升,None,0.0,0.5525,0.3693,,0.3693,0,10688,0.0074,19.29,19.43,19.58,19.1,2026-08-05,3,False
VICR,Information Technology,Electronic Components,RSI,RSI 加速上升,None,0.0,0.5525,0.3693,,0.3693,0,10688,0.0074,221.2,222.84,224.47,218.99,2026-08-07,3,False
EFX,Industrials,Consulting Services,RSI,RSI 加速上升,None,0.0,0.5525,0.3667,0.3667,0.2981,150,11545,0.0005,182.56,182.65,182.74,180.73,2026-08-07,3,False
GMED,Health Care,Medical Devices,RSI,RSI 加速上升,None,0.0,0.5525,0.3667,,0.3667,0,559,0.0015,82.35,82.47,82.6,81.53,2026-08-07,3,True
AM,Energy,Oil & Gas Midstream,BB,BB 跌破下軌 (超賣),None,0.0,0.45499999999999996,0.3664,,0.3664,0,292,0.0073,21.16,21.31,21.47,20.95,2026-08-05,3,False
PBA,Energy,Oil & Gas Midstream,BB,BB 跌破下軌 (超賣),None,0.0,0.45499999999999996,0.3664,,0.3664,0,292,0.0073,47.15,47.49,47.84,46.68,2026-08-05,3,False
TRP,Energy,Oil & Gas Midstream,BB,BB 跌破下軌 (超賣),None,0.0,0.45499999999999996,0.3664,,0.3664,0,292,0.0073,63.23,63.69,64.15,62.6,2026-08-07,3,False
GIB,Information Technology,Information Technology Services,RSI,RSI 動能加速（強勢區）,None,0.0,0.51,0.366,,0.366,0,2885,0.0091,74.17,74.84,75.52,73.43,2026-08-06,3,False
JKHY,Information Technology,Information Technology Services,RSI,RSI 動能加速（強勢區）,None,0.0,0.51,0.366,,0.366,0,2885,0.0091,156.94,158.37,159.8,155.37,2026-08-06,3,False
SONY,Information Technology,Consumer Electronics,RSI,RSI 動能加速（強勢區）,None,0.0,0.51,0.366,,0.366,0,2885,0.0091,23.1,23.31,23.52,22.87,2026-08-06,3,False
EXEL,Health Care,Biotechnology,BB,價格在 BB 中軌上方,None,0.0,0.425,0.365,,0.365,0,715,0.0016,56.7,56.79,56.88,56.13,2026-08-05,3,True
ROIV,Health Care,Biotechnology,BB,價格在 BB 中軌上方,None,0.0,0.425,0.365,,0.365,0,715,0.0016,35.12,35.18,35.23,34.77,2026-08-06,3,True
ADP,Information Technology,Software - Application,RSI,RSI 維持強勢 (50-70),None,0.0,0.51,0.3645,,0.3645,0,16764,0.0088,271.32,273.71,276.1,268.61,2026-08-07,3,False
BMNP,Information Technology,Blockchain,RSI,RSI 維持強勢 (50-70),None,0.0,0.51,0.3645,,0.3645,0,16764,0.0088,89.3,90.09,90.87,88.41,2026-08-07,3,False
CPAY,Information Technology,Software - Infrastructure,RSI,RSI 維持強勢 (50-70),None,0.0,0.51,0.3645,,0.3645,0,16764,0.0088,392.94,396.4,399.86,389.01,2026-08-07,3,False
FIS,Information Technology,Information Technology Services,RSI,RSI 維持強勢 (50-70),None,0.0,0.51,0.3645,,0.3645,0,16764,0.0088,42.77,43.15,43.52,42.34,2026-08-07,3,False
INFY,Information Technology,Information Technology Services,RSI,RSI 維持強勢 (50-70),None,0.0,0.51,0.3645,,0.3645,0,16764,0.0088,12.53,12.64,12.75,12.4,2026-08-07,3,False
NTNX,Information Technology,Software - Infrastructure,RSI,RSI 維持強勢 (50-70),None,0.0,0.51,0.3645,,0.3645,0,16764,0.0088,60.12,60.65,61.18,59.52,2026-08-06,3,False
PAYX,Information Technology,Software - Application,RSI,RSI 維持強勢 (50-70),None,0.0,0.51,0.3645,,0.3645,0,16764,0.0088,120.04,121.1,122.15,118.84,2026-08-07,3,False
SSNC,Information Technology,Software - Application,RSI,RSI 維持強勢 (50-70),None,0.0,0.51,0.3645,,0.3645,0,16764,0.0088,79.23,79.93,80.62,78.44,2026-08-07,3,False
ZM,Information Technology,Software - Application,RSI,RSI 維持強勢 (50-70),None,0.0,0.51,0.3645,,0.3645,0,16764,0.0088,104.5,105.42,106.34,103.45,2026-08-07,3,False
ZS,Information Technology,Software - Infrastructure,RSI,RSI 維持強勢 (50-70),None,0.0,0.51,0.3645,,0.3645,0,16764,0.0088,168.68,170.16,171.65,166.99,2026-08-07,3,False
GRMN,Information Technology,Scientific & Technical Instruments,BB,BB 中軌向上（上升趨勢）,None,0.0,0.51,0.3639,,0.3639,0,16781,0.009,310.89,313.69,316.49,307.78,2026-08-07,3,False
KMI,Energy,Oil & Gas Midstream,KDJ,KDJ 金叉,None,0.0,0.5525,0.3636,0.3636,0.3614,22,498,0.0135,31.28,31.7,32.12,30.97,2026-08-06,3,False
HSY,Consumer Staples,Confectioners,RSI,RSI 動能加速（強勢區）,None,0.0,0.51,0.3636,0.3636,0.2456,22,1148,0.0051,183.02,183.95,184.89,181.19,2026-08-06,3,False
SLB,Energy,Oil & Gas Equipment & Services,RSI,RSI 加速上升,None,0.0,0.5525,0.3615,0.3615,0.3227,130,3306,0.0037,51.54,51.73,51.92,51.02,2026-08-06,3,False
CQP,Energy,Oil & Gas Midstream,KDJ,KDJ 金叉,None,0.0,0.5525,0.3614,,0.3614,0,498,0.0061,65.22,65.62,66.02,64.57,2026-08-06,3,False
EC,Energy,Oil & Gas Integrated,KDJ,KDJ 金叉,None,0.0,0.5525,0.3614,,0.3614,0,498,0.0061,17.4,17.51,17.61,17.23,2026-08-06,3,False
EPD,Energy,Oil & Gas Midstream,KDJ,KDJ 金叉,None,0.0,0.5525,0.3614,,0.3614,0,498,0.0061,38.05,38.28,38.51,37.67,2026-08-06,3,False
LNG,Energy,Oil & Gas Midstream,KDJ,KDJ 金叉,None,0.0,0.5525,0.3614,,0.3614,0,498,0.0061,265.77,267.39,269.01,263.11,2026-08-06,3,False
VG,Energy,Oil & Gas Midstream,KDJ,KDJ 金叉,None,0.0,0.5525,0.3614,,0.3614,0,498,0.0061,13.58,13.66,13.75,13.44,2026-08-06,3,False
WES,Energy,Oil & Gas Midstream,KDJ,KDJ 金叉,None,0.0,0.5525,0.3614,,0.3614,0,498,0.0061,46.96,47.25,47.53,46.49,2026-08-06,3,False
TTD,Communication Services,Advertising Agencies,RSI,RSI 維持強勢 (50-70),None,0.0,0.51,0.3612,0.3612,0.3082,227,5205,-0.0037,18.96,18.89,18.82,18.77,2026-08-05,3,False
AR,Energy,Oil & Gas E&P,RSI,RSI 上穿 50 中性線,None,0.0,0.4675,0.361,,0.361,0,579,0.0056,34.9,35.1,35.29,34.55,2026-08-06,3,False
BP,Energy,Oil & Gas Integrated,RSI,RSI 上穿 50 中性線,None,0.0,0.4675,0.361,,0.361,0,579,0.0056,42.23,42.47,42.7,41.81,2026-08-06,3,False
CVE,Energy,Oil & Gas Integrated,RSI,RSI 上穿 50 中性線,None,0.0,0.4675,0.361,,0.361,0,579,0.0056,28.25,28.41,28.57,27.97,2026-08-06,3,False
OVV,Energy,Oil & Gas E&P,RSI,RSI 上穿 50 中性線,None,0.0,0.4675,0.361,,0.361,0,579,0.0056,59.86,60.2,60.53,59.26,2026-08-06,3,False
PR,Energy,Oil & Gas E&P,RSI,RSI 上穿 50 中性線,None,0.0,0.4675,0.361,,0.361,0,579,0.0056,20.28,20.39,20.51,20.08,2026-08-06,3,False
SUN,Energy,Oil & Gas Refining & Marketing,RSI,RSI 上穿 50 中性線,None,0.0,0.4675,0.361,,0.361,0,579,0.0056,72.578,72.98,73.39,71.85,2026-08-06,3,False
BROS,Consumer Discretionary,Restaurants,RSI,RSI 超賣區域 (30),None,0.0,0.5249999999999999,0.3582,,0.3582,0,67,-0.0017,53.33,53.24,53.15,52.8,2026-08-06,3,True
ATI,Industrials,Metal Fabrication,RSI,RSI 維持強勢 (50-70),None,0.0,0.51,0.3579,,0.3579,0,746,0.0057,205.11,206.28,207.45,203.06,2026-08-05,3,True
GPN,Industrials,Specialty Business Services,RSI,RSI 維持強勢 (50-70),None,0.0,0.51,0.3579,,0.3579,0,746,0.0057,86.12,86.61,87.1,85.26,2026-08-07,3,True
ITT,Industrials,Specialty Industrial Machinery,RSI,RSI 維持強勢 (50-70),None,0.0,0.51,0.3579,,0.3579,0,746,0.0057,204.08,205.24,206.41,202.04,2026-08-05,3,True
LTM,Industrials,Airlines,RSI,RSI 維持強勢 (50-70),None,0.0,0.51,0.3579,,0.3579,0,746,0.0057,57.7,58.03,58.36,57.12,2026-08-05,3,True
OC,Industrials,Building Products & Equipment,RSI,RSI 維持強勢 (50-70),None,0.0,0.51,0.3579,,0.3579,0,746,0.0057,152.47,153.34,154.21,150.95,2026-08-05,3,True
WMS,Industrials,Building Products & Equipment,RSI,RSI 維持強勢 (50-70),None,0.0,0.51,0.3579,,0.3579,0,746,0.0057,148.45,149.3,150.14,146.97,2026-08-06,3,True
WTS,Industrials,Specialty Industrial Machinery,RSI,RSI 維持強勢 (50-70),None,0.0,0.51,0.3579,,0.3579,0,746,0.0057,363.84,365.91,367.99,360.2,2026-08-05,3,True
GS,Financials,Capital Markets,RSI,RSI 加速上升,None,0.0,0.5525,0.3575,0.3575,0.3014,179,11488,0.0094,1060.38,1070.35,1080.32,1049.78,2026-08-05,3,False
PNC,Financials,Banks - Regional,RSI,RSI 維持強勢 (50-70),None,0.0,0.51,0.3569,0.3569,0.2842,269,19108,0.0095,252.56,254.96,257.36,250.03,2026-08-07,3,False
AES,Utilities,Utilities - Diversified,BB,價格在 BB 中軌上方,None,0.0,0.425,0.3568,0.3568,0.246,213,9864,0.0076,14.73,14.84,14.95,14.58,2026-08-07,3,False
FITB,Financials,Banks - Regional,RSI,RSI 加速上升,None,0.0,0.5525,0.3567,0.3567,0.3014,171,11488,0.0094,57.6,58.14,58.68,57.02,2026-08-05,3,False
AXIA,Utilities,Utilities - Renewable,BB,BB 中軌向上（上升趨勢）,None,0.0,0.51,0.3562,,0.3562,0,365,0.0089,10.22,10.31,10.4,10.12,2026-08-06,3,True
APO,Financials,Asset Management,BB,BB 中軌向上（上升趨勢）,None,0.0,0.51,0.3558,0.3558,0.2681,267,16575,0.0095,127.44,128.65,129.86,126.17,2026-08-07,3,False
BAX,Health Care,Medical Instruments & Supplies,RSI,RSI 維持強勢 (50-70),None,0.0,0.51,0.3558,0.3558,0.2772,163,12123,0.0042,27.55,27.67,27.78,27.27,2026-08-07,3,False
MPC,Energy,Oil & Gas Refining & Marketing,BB,BB 中軌向上（上升趨勢）,None,0.0,0.51,0.3534,0.3534,0.2962,232,4484,0.0072,298.2,300.35,302.49,295.22,2026-08-07,3,False
ULTA,Consumer Discretionary,Specialty Retail,BB,BB 中軌向上（上升趨勢）,None,0.0,0.51,0.3532,0.3532,0.2908,201,9757,0.0091,565.15,570.29,575.44,559.5,2026-08-07,3,False
RRX,Industrials,Specialty Industrial Machinery,BB,BB 跌破下軌 (超賣),None,0.0,0.45499999999999996,0.3532,,0.3532,0,436,0.0052,179.02,179.95,180.88,177.23,2026-08-06,3,True
MAA,Real Estate,REIT - Residential,KDJ,KDJ 金叉,None,0.0,0.5525,0.3529,0.3529,0.2818,17,550,0.0109,134.96,136.43,137.9,133.61,2026-08-07,3,False
CMG,Consumer Discretionary,Restaurants,RSI,RSI 上穿 50 中性線,None,0.0,0.4675,0.3529,0.3529,0.3072,17,1123,-0.0006,34.5,34.48,34.46,34.16,2026-08-05,3,False
MLM,Materials,Building Materials,RSI,RSI 加速上升,None,0.0,0.5525,0.352,0.352,0.3048,125,3639,0.0062,548.57,551.97,555.37,543.08,2026-08-07,3,False
AMGN,Health Care,Drug Manufacturers - General,RSI,RSI 動能加速（強勢區）,None,0.0,0.51,0.3514,0.3514,0.2606,37,1869,0.0034,407.83,409.22,410.6,403.75,2026-08-05,3,False
CBRE,Real Estate,Real Estate Services,BB,BB 中軌向上（上升趨勢）,None,0.0,0.51,0.3508,0.3508,0.2647,248,5713,0.0069,148.18,149.2,150.22,146.7,2026-08-07,3,False
AIG,Financials,Insurance - Diversified,KDJ,KDJ 金叉,None,0.0,0.5525,0.35,0.35,0.3142,20,1932,-0.0026,80.12,79.91,79.7,79.32,2026-08-05,3,False
NKE,Consumer Discretionary,Footwear & Accessories,KDJ,KDJ 金叉,None,0.0,0.5525,0.35,0.35,0.3183,20,1244,0.0105,42.45,42.9,43.34,42.03,2026-08-05,3,False
CAG,Consumer Staples,Packaged Foods,RSI,RSI 動能加速（強勢區）,None,0.0,0.51,0.35,0.35,0.2456,20,1148,0.0114,15.11,15.28,15.45,14.96,2026-08-07,3,False
BBD,Financials,Banks - Regional,BB,BB 跌破下軌 (超賣),None,0.0,0.45499999999999996,0.3485,,0.3485,0,1277,0.0043,3.37,3.38,3.4,3.34,2026-08-07,3,False
ITUB,Financials,Banks - Regional,BB,BB 跌破下軌 (超賣),None,0.0,0.45499999999999996,0.3485,,0.3485,0,1277,0.0043,7.94,7.97,8.01,7.86,2026-08-07,3,False
IBM,Information Technology,Information Technology Services,BB,價格在 BB 中軌上方,None,0.0,0.425,0.3477,0.3477,0.3573,256,20206,0.0083,237.28,239.25,241.22,234.91,2026-08-07,3,False
HPQ,Information Technology,Computer Hardware,RSI,RSI 加速上升,None,0.0,0.5525,0.3455,0.3455,0.3693,165,10688,0.0062,30.05,30.24,30.42,29.75,2026-08-07,3,False
BCH,Financials,Banks - Regional,RSI,RSI 維持強勢 (50-70),None,0.0,0.51,0.3448,,0.3448,0,609,0.0048,41.42,41.62,41.82,41.01,2026-08-07,3,True
BPYPM,Financials,Asset Management,RSI,RSI 維持強勢 (50-70),None,0.0,0.51,0.3448,,0.3448,0,609,0.0048,16.12,16.2,16.27,15.96,2026-08-07,3,True
BSBR,Financials,Banks - Regional,RSI,RSI 維持強勢 (50-70),None,0.0,0.51,0.3448,,0.3448,0,609,0.0048,5.81,5.84,5.87,5.75,2026-08-07,3,True
CG,Financials,Asset Management,RSI,RSI 維持強勢 (50-70),None,0.0,0.51,0.3448,,0.3448,0,609,0.0048,47.79,48.02,48.25,47.31,2026-08-07,3,True
MFC,Financials,Insurance - Life,RSI,RSI 維持強勢 (50-70),None,0.0,0.51,0.3448,,0.3448,0,609,0.0048,44.45,44.66,44.88,44.01,2026-08-05,3,True
SAN,Financials,Banks - Diversified,RSI,RSI 維持強勢 (50-70),None,0.0,0.51,0.3448,,0.3448,0,609,0.0048,14.64,14.71,14.78,14.49,2026-08-05,3,True
TPG,Financials,Asset Management,RSI,RSI 維持強勢 (50-70),None,0.0,0.51,0.3448,,0.3448,0,609,0.0048,48.99,49.23,49.46,48.5,2026-08-07,3,True
WBS,Financials,Banks - Regional,RSI,RSI 維持強勢 (50-70),None,0.0,0.51,0.3448,,0.3448,0,609,0.0048,79.12,79.5,79.88,78.33,2026-08-05,3,True
BIIB,Health Care,Drug Manufacturers - General,RSI,RSI 維持強勢 (50-70),None,0.0,0.51,0.3444,0.3444,0.2772,151,12123,0.0031,207.94,208.58,209.23,205.86,2026-08-07,3,False
ARE,Real Estate,REIT - Office,BB,BB 中軌向上（上升趨勢）,None,0.0,0.51,0.3427,0.3427,0.2647,143,5713,0.0027,49.74,49.87,50.01,49.24,2026-08-07,3,False
ARES,Financials,Asset Management,RSI,RSI 加速上升,None,0.0,0.5525,0.3394,0.3394,0.3014,165,11488,0.0081,138.17,139.29,140.41,136.79,2026-08-06,3,False
VTR,Real Estate,REIT - Healthcare Facilities,RSI,RSI 維持強勢 (50-70),Bullish Engulfing,0.75,1.0,0.3393,,0.3393,0,112,0.0066,93.36,93.98,94.59,92.43,2026-08-07,3,False
STT,Financials,Asset Management,RSI,RSI 加速上升,None,0.0,0.5525,0.3393,0.3393,0.3014,168,11488,0.009,187.05,188.73,190.42,185.18,2026-08-05,3,False
STX,Information Technology,Computer Hardware,RSI,RSI 維持強勢 (50-70),Bullish Engulfing,0.75,1.0,0.3353,,0.3353,0,340,0.0062,852.95,858.24,863.53,844.42,2026-08-06,3,False
LVS,Consumer Discretionary,Resorts & Casinos,BB,BB 中軌向上（上升趨勢）,None,0.0,0.51,0.3352,0.3352,0.2908,179,9757,0.0056,45.85,46.11,46.36,45.39,2026-08-05,3,False
QSR,Consumer Discretionary,Restaurants,MACD,MACD 突破 0 軸,None,0.0,0.595,0.3351,,0.3351,0,376,0.0114,74.49,75.34,76.19,73.75,2026-08-05,3,False
COST,Consumer Staples,Discount Stores,RSI,RSI 維持強勢 (50-70),None,0.0,0.51,0.3347,0.3347,0.2452,251,7574,0.0061,949.15,954.94,960.73,939.66,2026-08-06,3,False
FWONK,Communication Services,Entertainment,KDJ,KDJ 金叉,None,0.0,0.5525,0.3345,,0.3345,0,550,0.0065,102.85,103.52,104.19,101.82,2026-08-07,3,False
RCI,Communication Services,Telecom Services,KDJ,KDJ 金叉,None,0.0,0.5525,0.3345,,0.3345,0,550,0.0065,34.54,34.76,34.99,34.19,2026-08-06,3,False
VOD,Communication Services,Telecom Services,KDJ,KDJ 金叉,None,0.0,0.5525,0.3345,,0.3345,0,550,0.0065,16.19,16.3,16.4,16.03,2026-08-07,3,False
DIS,Communication Services,Entertainment,RSI,RSI 加速上升,Consolidation Breakout,0.74,1.0,0.3333,0.3333,0.2319,15,457,0.0175,104.91,106.75,108.58,103.86,2026-08-07,3,False
TMO,Health Care,Diagnostics & Research,RSI,RSI 動能加速（強勢區）,Consolidation Breakout,0.72,1.0,0.3333,0.3333,0.2144,6,513,0.0076,594.0,598.51,603.03,588.06,2026-08-07,3,False
GL,Financials,Insurance - Life,MACD,MACD 金叉 (多頭區),None,0.0,0.68,0.3333,0.3333,0.2747,9,517,0.0085,186.02,187.6,189.18,184.16,2026-08-06,3,False
SKM,Communication Services,Telecom Services,MACD,MACD 突破 0 軸,None,0.0,0.595,0.3333,,0.3333,0,165,0.0084,35.67,35.97,36.27,35.31,2026-08-06,3,False
DHI,Consumer Discretionary,Residential Construction,RSI,RSI 加速上升,None,0.0,0.5525,0.3333,0.3333,0.3117,135,6796,0.0027,151.08,151.49,151.9,149.57,2026-08-07,3,False
QCOM,Information Technology,Semiconductors,RSI,RSI 加速上升,None,0.0,0.5525,0.3333,0.3333,0.3693,141,10688,0.0074,167.86,169.1,170.34,166.18,2026-08-07,3,False
WM,Industrials,Waste Management,KDJ,KDJ 金叉,None,0.0,0.5525,0.3333,0.3333,0.3223,24,2110,0.0082,227.68,229.55,231.41,225.4,2026-08-07,3,False
AOS,Industrials,Specialty Industrial Machinery,BB,BB 中軌向上（上升趨勢）,None,0.0,0.51,0.3333,0.3333,0.2929,138,17460,0.0049,63.98,64.29,64.61,63.34,2026-08-07,3,False
SYM,Industrials,Specialty Industrial Machinery,BB,BB 中軌向上（上升趨勢）,None,0.0,0.51,0.3333,,0.3333,0,936,0.0044,39.6,39.77,39.95,39.2,2026-08-06,3,True
TEVA,Health Care,Drug Manufacturers - Specialty & Generic,BB,價格在 BB 中軌上方,Bullish Engulfing,0.75,0.9075,0.332,,0.332,0,259,0.0039,34.72,34.86,34.99,34.37,2026-08-05,3,False
CHTR,Communication Services,Telecom Services,RSI,RSI 維持強勢 (50-70),None,0.0,0.51,0.3315,0.3315,0.3082,178,5205,-0.0055,152.57,151.73,150.89,151.04,2026-08-07,3,False
SPGI,Financials,Financial Data & Stock Exchanges,RSI,RSI 維持強勢 (50-70),Bullish Engulfing,0.75,1.0,0.3314,,0.3314,0,353,0.0074,408.19,411.21,414.23,404.11,2026-08-07,3,False
HSIC,Health Care,Medical Distribution,BB,價格在 BB 中軌上方,None,0.0,0.425,0.3314,0.3314,0.2804,169,14417,-0.0009,88.13,88.05,87.97,87.25,2026-08-07,3,False
NOC,Industrials,Aerospace & Defense,RSI,RSI 加速上升,None,0.0,0.5525,0.3308,0.3308,0.2981,133,11545,0.0065,567.74,571.43,575.12,562.06,2026-08-06,3,False
AAON,Industrials,Building Products & Equipment,MACD,MACD 金叉 (空頭區),None,0.0,0.42,0.3303,,0.3303,0,875,0.0053,94.83,95.33,95.84,93.88,2026-08-07,3,False
FDXF,Industrials,Integrated Freight & Logistics,MACD,MACD 金叉 (空頭區),None,0.0,0.42,0.3303,,0.3303,0,875,0.0053,144.76,145.53,146.29,143.31,2026-08-07,3,False
INIO,Industrials,Specialty Industrial Machinery,MACD,MACD 金叉 (空頭區),None,0.0,0.42,0.3303,,0.3303,0,875,0.0053,26.11,26.25,26.39,25.85,2026-08-05,3,False
POWL,Industrials,Electrical Equipment & Parts,MACD,MACD 金叉 (空頭區),None,0.0,0.42,0.3303,,0.3303,0,875,0.0053,208.33,209.43,210.54,206.25,2026-08-05,3,False
RYAAY,Industrials,Airlines,MACD,MACD 金叉 (空頭區),None,0.0,0.42,0.3303,,0.3303,0,875,0.0053,61.19,61.51,61.84,60.58,2026-08-05,3,False
VMI,Industrials,Conglomerates,MACD,MACD 金叉 (空頭區),None,0.0,0.42,0.3303,,0.3303,0,875,0.0053,496.4,499.03,501.66,491.44,2026-08-05,3,False
BN,Financials,Asset Management,MACD,MACD 突破 0 軸,None,0.0,0.595,0.3301,,0.3301,0,618,0.0061,43.98,44.25,44.52,43.54,2026-08-06,3,False
BNT,Financials,Insurance - Diversified,MACD,MACD 突破 0 軸,None,0.0,0.595,0.3301,,0.3301,0,618,0.0061,45.12,45.4,45.67,44.67,2026-08-05,3,False
SOFI,Financials,Credit Services,MACD,MACD 突破 0 軸,None,0.0,0.595,0.3301,,0.3301,0,618,0.0061,18.25,18.36,18.47,18.07,2026-08-05,3,False
APP,Communication Services,Advertising Agencies,BB,BB 跌破下軌 (超賣),None,0.0,0.45499999999999996,0.33,,0.33,0,397,0.0048,346.8,348.46,350.13,343.33,2026-08-07,3,False
CCZ,Communication Services,Cable & Satellite,BB,BB 跌破下軌 (超賣),None,0.0,0.45499999999999996,0.33,,0.33,0,397,0.0048,64.0,64.31,64.61,63.36,2026-08-07,3,False
VIV,Communication Services,Telecom Services,BB,BB 跌破下軌 (超賣),None,0.0,0.45499999999999996,0.33,,0.33,0,397,0.0048,12.2,12.26,12.32,12.08,2026-08-05,3,False
BXP,Real Estate,REIT - Office,BB,BB 中軌向上（上升趨勢）,None,0.0,0.51,0.3295,0.3295,0.2647,173,5713,0.0044,69.71,70.02,70.32,69.01,2026-08-07,3,False
MAS,Industrials,Building Products & Equipment,RSI,RSI 維持強勢 (50-70),None,0.0,0.51,0.3294,0.3294,0.2986,170,19157,0.0019,77.51,77.66,77.8,76.73,2026-08-07,3,False
AA,Materials,Aluminum,RSI,RSI 上穿 50 中性線,None,0.0,0.4675,0.3294,,0.3294,0,595,0.0031,50.17,50.33,50.48,49.67,2026-08-07,3,False
SQM,Materials,Specialty Chemicals,RSI,RSI 上穿 50 中性線,None,0.0,0.4675,0.3294,,0.3294,0,595,0.0031,72.45,72.67,72.9,71.73,2026-08-06,3,False
PRU,Financials,Insurance - Life,RSI,RSI 維持強勢 (50-70),Support,0.9,1.0,0.3276,,0.3276,0,58,0.0022,120.16,120.42,120.69,118.96,2026-08-05,3,False
CCJ,Energy,Uranium,RSI,RSI 動能加速（強勢區）,None,0.0,0.51,0.3265,,0.3265,0,873,0.0005,97.39,97.44,97.49,96.42,2026-08-07,3,False
E,Energy,Oil & Gas Integrated,RSI,RSI 動能加速（強勢區）,None,0.0,0.51,0.3265,,0.3265,0,873,0.0005,54.27,54.3,54.32,53.73,2026-08-06,3,False
EQNR,Energy,Oil & Gas Integrated,RSI,RSI 動能加速（強勢區）,None,0.0,0.51,0.3265,,0.3265,0,873,0.0005,39.46,39.48,39.5,39.07,2026-08-06,3,False
MPLX,Energy,Oil & Gas Midstream,RSI,RSI 動能加速（強勢區）,None,0.0,0.51,0.3265,,0.3265,0,873,0.0005,59.343,59.37,59.4,58.75,2026-08-06,3,False
SHEL,Energy,Oil & Gas Integrated,RSI,RSI 動能加速（強勢區）,None,0.0,0.51,0.3265,,0.3265,0,873,0.0005,89.6,89.64,89.69,88.7,2026-08-06,3,False
TTE,Energy,Oil & Gas Integrated,RSI,RSI 動能加速（強勢區）,None,0.0,0.51,0.3265,,0.3265,0,873,0.0005,86.27,86.31,86.36,85.41,2026-08-06,3,False
WDS,Energy,Oil & Gas E&P,RSI,RSI 動能加速（強勢區）,None,0.0,0.51,0.3265,,0.3265,0,873,0.0005,22.7,22.71,22.72,22.47,2026-08-06,3,False
BPYPN,Real Estate,Real Estate Services,BB,價格在 BB 中軌上方,Consolidation Breakout,0.85,1.0,0.3261,,0.3261,0,46,0.0094,13.94,14.07,14.2,13.8,2026-08-07,3,True
AGNCM,Real Estate,REIT - Mortgage,RSI,RSI 維持強勢 (50-70),None,0.0,0.51,0.3261,,0.3261,0,230,0.0069,25.15,25.32,25.5,24.9,2026-08-06,3,True
VMC,Materials,Building Materials,RSI,RSI 加速上升,None,0.0,0.5525,0.3254,0.3254,0.3048,126,3639,0.0093,284.69,287.34,289.99,281.84,2026-08-07,3,False
PFG,Financials,Asset Management,RSI,RSI 維持強勢 (50-70),None,0.0,0.51,0.3247,0.3247,0.2842,271,19108,0.0036,113.4,113.81,114.22,112.27,2026-08-07,3,False
RVTY,Health Care,Diagnostics & Research,BB,價格在 BB 中軌上方,None,0.0,0.425,0.3247,0.3247,0.2804,194,14417,-0.0022,114.66,114.41,114.16,113.51,2026-08-07,3,False
SPOT,Communication Services,Internet Content & Information,RSI,RSI 上穿 50 中性線,None,0.0,0.4675,0.3243,,0.3243,0,518,0.004,488.14,490.09,492.05,483.26,2026-08-07,3,False
TEL,Information Technology,Electronic Components,RSI,RSI 維持強勢 (50-70),None,0.0,0.51,0.3241,0.3241,0.3645,253,16764,0.0051,216.33,217.43,218.54,214.17,2026-08-07,3,False
OWL,Financials,Asset Management,BB,價格在 BB 中軌上方,None,0.0,0.425,0.3239,,0.3239,0,852,0.0045,11.87,11.92,11.98,11.75,2026-08-07,3,True
TMUS,Communication Services,Telecom Services,RSI,RSI 加速上升,None,0.0,0.5525,0.3237,0.3237,0.3116,139,3322,0.0054,177.19,178.15,179.1,175.42,2026-08-07,3,False
RDDT,Communication Services,Internet Content & Information,RSI,RSI 加速上升,Morning Star,0.8,1.0,0.3235,,0.3235,0,34,-0.0022,161.7,161.34,160.99,160.08,2026-08-07,3,False
DKS,Consumer Discretionary,Specialty Retail,MACD,MACD 金叉 (空頭區),None,0.0,0.42,0.3233,,0.3233,0,529,0.0066,208.84,210.22,211.6,206.75,2026-08-07,3,False
CB,Financials,Insurance - Property & Casualty,RSI,RSI 上穿 50 中性線,None,0.0,0.4675,0.3226,0.3226,0.3091,31,1899,0.0065,352.54,354.83,357.12,349.01,2026-08-05,3,False
DY,Industrials,Engineering & Construction,KDJ,KDJ 金叉,None,0.0,0.5525,0.3223,,0.3223,0,2110,0.0051,407.99,410.07,412.15,403.91,2026-08-07,3,False
RBC,Industrials,Tools & Accessories,KDJ,KDJ 金叉,None,0.0,0.5525,0.3223,,0.3223,0,2110,0.0051,572.17,575.09,578.01,566.45,2026-08-05,3,False
SAIA,Industrials,Trucking,KDJ,KDJ 金叉,None,0.0,0.5525,0.3223,,0.3223,0,2110,0.0051,364.21,366.07,367.92,360.57,2026-08-07,3,False
STRL,Industrials,Engineering & Construction,KDJ,KDJ 金叉,None,0.0,0.5525,0.3223,,0.3223,0,2110,0.0051,547.06,549.85,552.64,541.59,2026-08-07,3,False
TFII,Industrials,Trucking,KDJ,KDJ 金叉,None,0.0,0.5525,0.3223,,0.3223,0,2110,0.0051,140.46,141.18,141.89,139.06,2026-08-07,3,False
WCN,Industrials,Waste Management,KDJ,KDJ 金叉,None,0.0,0.5525,0.3223,,0.3223,0,2110,0.0051,167.39,168.24,169.1,165.72,2026-08-06,3,False
XPO,Industrials,Trucking,KDJ,KDJ 金叉,None,0.0,0.5525,0.3223,,0.3223,0,2110,0.0051,202.58,203.61,204.65,200.55,2026-08-07,3,False
GM,Consumer Discretionary,Auto Manufacturers,RSI,RSI 維持強勢 (50-70),None,0.0,0.51,0.3217,0.3217,0.2995,230,10441,0.0003,87.58,87.61,87.63,86.7,2026-08-07,3,False
ROKU,Communication Services,Entertainment,MACD,MACD 金叉 (多頭區),None,0.0,0.68,0.3214,,0.3214,0,140,0.0096,150.07,151.51,152.95,148.57,2026-08-06,3,False
HBANZ,Financials,Banks - Regional,MACD,MACD 金叉 (空頭區),None,0.0,0.42,0.3214,,0.3214,0,865,0.0073,19.6,19.74,19.89,19.4,2026-08-06,3,False
RKT,Financials,Mortgage Finance,MACD,MACD 金叉 (空頭區),None,0.0,0.42,0.3214,,0.3214,0,865,0.0073,13.72,13.82,13.92,13.58,2026-08-07,3,False
BG,Consumer Staples,Farm Products,RSI,RSI 加速上升,None,0.0,0.5525,0.321,0.321,0.2439,162,5343,0.0012,108.38,108.51,108.64,107.3,2026-08-07,3,False
REGN,Health Care,Biotechnology,BB,價格在 BB 中軌上方,None,0.0,0.425,0.3207,0.3207,0.2804,290,14417,0.0008,784.36,784.99,785.61,776.52,2026-08-07,3,False
NTAP,Information Technology,Software - Infrastructure,RSI,RSI 加速上升,None,0.0,0.5525,0.3206,0.3206,0.3693,131,10688,0.0047,191.48,192.38,193.28,189.57,2026-08-06,3,False
MMM,Industrials,Conglomerates,BB,BB 中軌向上（上升趨勢）,None,0.0,0.51,0.3206,0.3206,0.2929,209,17460,0.0049,182.9,183.8,184.69,181.07,2026-08-07,3,False
IT,Information Technology,Information Technology Services,RSI,RSI 加速上升,None,0.0,0.5525,0.3205,0.3205,0.3693,156,10688,-0.0025,185.6,185.14,184.67,183.74,2026-08-07,3,False
FTNT,Information Technology,Software - Infrastructure,RSI,RSI 加速上升,None,0.0,0.5525,0.32,0.32,0.3693,125,10688,0.0018,164.13,164.43,164.72,162.49,2026-08-05,3,False
SHW,Materials,Specialty Chemicals,RSI,RSI 加速上升,None,0.0,0.5525,0.32,0.32,0.3048,100,3639,0.0092,369.73,373.13,376.53,366.03,2026-08-07,3,False
DRI,Consumer Discretionary,Restaurants,RSI,RSI 動能加速（強勢區）,None,0.0,0.51,0.32,0.32,0.3027,25,1665,0.001,208.85,209.06,209.27,206.76,2026-08-05,3,False
PCG,Utilities,Utilities - Regulated Electric,RSI,RSI 維持強勢 (50-70),Bullish Engulfing,0.75,1.0,0.3196,,0.3196,0,97,0.01,17.46,17.63,17.81,17.29,2026-08-07,3,False
VLO,Energy,Oil & Gas Refining & Marketing,RSI,RSI 維持強勢 (50-70),None,0.0,0.51,0.3186,0.3186,0.2963,204,4891,-0.0001,298.31,298.28,298.25,295.33,2026-08-07,3,False
AVY,Consumer Discretionary,Packaging & Containers,KDJ,KDJ 金叉,None,0.0,0.5525,0.3183,,0.3183,0,1244,0.0033,175.58,176.16,176.74,173.82,2026-08-05,3,False
H,Consumer Discretionary,Lodging,KDJ,KDJ 金叉,None,0.0,0.5525,0.3183,,0.3183,0,1244,0.0033,178.88,179.47,180.06,177.09,2026-08-06,3,False
MOD,Consumer Discretionary,Auto Parts,KDJ,KDJ 金叉,None,0.0,0.5525,0.3183,,0.3183,0,1244,0.0033,195.6,196.25,196.89,193.64,2026-08-07,3,False
PKG,Consumer Discretionary,Packaging & Containers,KDJ,KDJ 金叉,None,0.0,0.5525,0.3183,,0.3183,0,1244,0.0033,256.04,256.88,257.73,253.48,2026-08-07,3,False
AZO,Consumer Discretionary,Auto Parts,KDJ,KDJ 金叉,None,0.0,0.5525,0.3182,0.3182,0.3183,22,1244,0.0145,3066.0601,3110.52,3154.98,3035.4,2026-08-05,3,False
EQIX,Real Estate,REIT - Specialty,RSI,RSI 加速上升,None,0.0,0.5525,0.3182,0.3182,0.2327,132,4401,0.0054,1056.2,1061.9,1067.61,1045.64,2026-08-05,3,False
TDG,Industrials,Aerospace & Defense,RSI,RSI 上穿 50 中性線,None,0.0,0.4675,0.3182,0.3182,0.304,22,1816,0.0118,1262.0699,1276.96,1291.85,1249.45,2026-08-06,3,False
SWK,Industrials,Tools & Accessories,BB,價格在 BB 中軌上方,None,0.0,0.425,0.3182,0.3182,0.295,198,22337,-0.0023,101.04,100.81,100.58,100.03,2026-08-06,3,False
GLXY,Financials,Capital Markets,RSI,RSI 加速上升,None,0.0,0.5525,0.318,,0.318,0,588,0.002,19.065,19.1,19.14,18.87,2026-08-05,3,True
HAS,Consumer Discretionary,Leisure,BB,價格在 BB 中軌上方,None,0.0,0.425,0.318,0.318,0.2984,305,12430,0.0053,93.52,94.02,94.51,92.58,2026-08-07,3,False
CARR,Industrials,Building Products & Equipment,RSI,RSI 加速上升,None,0.0,0.5525,0.3176,0.3176,0.2981,148,11545,0.0041,64.01,64.27,64.53,63.37,2026-08-07,3,False
CVS,Health Care,Healthcare Plans,BB,BB 跌破下軌 (超賣),None,0.0,0.45499999999999996,0.3173,,0.3173,0,375,-0.0037,99.12,98.75,98.39,98.13,2026-08-05,3,True
MDLN,Health Care,Medical Instruments & Supplies,BB,BB 跌破下軌 (超賣),None,0.0,0.45499999999999996,0.3173,,0.3173,0,375,-0.0037,34.51,34.38,34.25,34.16,2026-08-06,3,True
GSK,Health Care,Drug Manufacturers - General,MACD,MACD 突破 0 軸,None,0.0,0.595,0.3171,,0.3171,0,432,0.0028,52.96,53.11,53.26,52.43,2026-08-07,3,False
COP,Energy,Oil & Gas E&P,RSI,RSI 上穿 50 中性線,None,0.0,0.4675,0.3171,0.3171,0.361,41,579,-0.0018,116.76,116.55,116.34,115.59,2026-08-06,3,False
WBD,Communication Services,Entertainment,RSI,RSI 上穿 50 中性線,None,0.0,0.4675,0.3158,0.3158,0.3243,19,518,-0.0022,26.4,26.34,26.28,26.14,2026-08-06,3,False
WDAY,Information Technology,Software - Application,RSI,RSI 加速上升,None,0.0,0.5525,0.3154,0.3154,0.3693,130,10688,-0.0125,179.64,177.39,175.15,177.84,2026-08-07,3,False
IQV,Health Care,Diagnostics & Research,RSI,RSI 維持強勢 (50-70),None,0.0,0.51,0.315,0.315,0.2772,200,12123,0.0008,238.7,238.89,239.08,236.31,2026-08-07,3,False
MTB,Financials,Banks - Regional,RSI,RSI 維持強勢 (50-70),None,0.0,0.51,0.3149,0.3149,0.2842,289,19108,0.0091,250.45,252.73,255.01,247.95,2026-08-07,3,False
BEPC,Utilities,Utilities - Renewable,RSI,RSI 加速上升,None,0.0,0.5525,0.3147,,0.3147,0,251,0.0085,33.3,33.58,33.87,32.97,2026-08-05,3,True
ARGX,Health Care,Biotechnology,RSI,RSI 上穿 50 中性線,None,0.0,0.4675,0.3144,,0.3144,0,1323,0.003,867.94,870.54,873.15,859.26,2026-08-05,3,False
ASND,Health Care,Biotechnology,RSI,RSI 上穿 50 中性線,None,0.0,0.4675,0.3144,,0.3144,0,1323,0.003,249.85,250.6,251.35,247.35,2026-08-06,3,False
CYTK,Health Care,Biotechnology,RSI,RSI 上穿 50 中性線,None,0.0,0.4675,0.3144,,0.3144,0,1323,0.003,81.37,81.61,81.86,80.56,2026-08-06,3,False
FMS,Health Care,Medical Care Facilities,RSI,RSI 上穿 50 中性線,None,0.0,0.4675,0.3144,,0.3144,0,1323,0.003,24.27,24.34,24.42,24.03,2026-08-07,3,False
ICLR,Health Care,Diagnostics & Research,RSI,RSI 上穿 50 中性線,None,0.0,0.4675,0.3144,,0.3144,0,1323,0.003,164.51,165.0,165.5,162.86,2026-08-07,3,False
NVS,Health Care,Drug Manufacturers - General,RSI,RSI 上穿 50 中性線,None,0.0,0.4675,0.3144,,0.3144,0,1323,0.003,156.33,156.8,157.27,154.77,2026-08-07,3,False
PHG,Health Care,Medical Devices,RSI,RSI 上穿 50 中性線,None,0.0,0.4675,0.3144,,0.3144,0,1323,0.003,26.73,26.81,26.89,26.46,2026-08-07,3,False
SNY,Health Care,Drug Manufacturers - General,RSI,RSI 上穿 50 中性線,None,0.0,0.4675,0.3144,,0.3144,0,1323,0.003,43.46,43.59,43.72,43.03,2026-08-07,3,False
TEM,Health Care,Health Information Services,RSI,RSI 上穿 50 中性線,None,0.0,0.4675,0.3144,,0.3144,0,1323,0.003,52.05,52.21,52.36,51.53,2026-08-07,3,False
AFG,Financials,Insurance - Property & Casualty,KDJ,KDJ 金叉,None,0.0,0.5525,0.3142,,0.3142,0,1932,0.0041,146.73,147.33,147.93,145.26,2026-08-05,3,False
BPOP,Financials,Banks - Regional,KDJ,KDJ 金叉,None,0.0,0.5525,0.3142,,0.3142,0,1932,0.0041,177.52,178.25,178.98,175.74,2026-08-05,3,False
BSAC,Financials,Banks - Regional,KDJ,KDJ 金叉,None,0.0,0.5525,0.3142,,0.3142,0,1932,0.0041,35.25,35.39,35.54,34.9,2026-08-05,3,False
CRBG,Financials,Asset Management,KDJ,KDJ 金叉,None,0.0,0.5525,0.3142,,0.3142,0,1932,0.0041,33.59,33.73,33.87,33.25,2026-08-05,3,False
FUTU,Financials,Capital Markets,KDJ,KDJ 金叉,None,0.0,0.5525,0.3142,,0.3142,0,1932,0.0041,109.02,109.47,109.91,107.93,2026-08-07,3,False
IX,Financials,Financial Conglomerates,KDJ,KDJ 金叉,None,0.0,0.5525,0.3142,,0.3142,0,1932,0.0041,41.31,41.48,41.65,40.9,2026-08-05,3,False
MUFG,Financials,Banks - Diversified,KDJ,KDJ 金叉,None,0.0,0.5525,0.3142,,0.3142,0,1932,0.0041,22.49,22.58,22.67,22.27,2026-08-07,3,False
RGA,Financials,Insurance - Reinsurance,KDJ,KDJ 金叉,None,0.0,0.5525,0.3142,,0.3142,0,1932,0.0041,246.33,247.34,248.35,243.87,2026-08-07,3,False
RIOT,Financials,Capital Markets,KDJ,KDJ 金叉,None,0.0,0.5525,0.3142,,0.3142,0,1932,0.0041,21.5,21.59,21.68,21.29,2026-08-05,3,False
SLMBP,Financials,Credit Services,KDJ,KDJ 金叉,None,0.0,0.5525,0.3142,,0.3142,0,1932,0.0041,75.09,75.4,75.71,74.34,2026-08-05,3,False
SMFG,Financials,Banks - Diversified,KDJ,KDJ 金叉,None,0.0,0.5525,0.3142,,0.3142,0,1932,0.0041,25.74,25.85,25.95,25.48,2026-08-07,3,False
TW,Financials,Capital Markets,KDJ,KDJ 金叉,None,0.0,0.5525,0.3142,,0.3142,0,1932,0.0041,103.32,103.74,104.17,102.29,2026-08-06,3,False
NTES,Communication Services,Electronic Gaming & Multimedia,RSI,RSI 動能加速（強勢區）,None,0.0,0.51,0.3135,,0.3135,0,772,0.0011,130.36,130.5,130.65,129.06,2026-08-06,3,False
USB,Financials,Banks - Regional,RSI,RSI 加速上升,None,0.0,0.5525,0.3125,0.3125,0.3014,144,11488,0.0044,64.21,64.49,64.78,63.57,2026-08-05,3,False
EQT,Energy,Oil & Gas E&P,BB,BB 中軌向上（上升趨勢）,None,0.0,0.51,0.3118,0.3118,0.2962,186,4484,-0.0023,51.69,51.57,51.45,51.17,2026-08-07,3,False
BABA,Consumer Discretionary,Internet Retail,RSI,RSI 加速上升,None,0.0,0.5525,0.3117,,0.3117,0,6796,0.004,126.81,127.32,127.82,125.54,2026-08-06,3,False
CPNG,Consumer Discretionary,Internet Retail,RSI,RSI 加速上升,None,0.0,0.5525,0.3117,,0.3117,0,6796,0.004,16.0,16.06,16.13,15.84,2026-08-05,3,False
FIVE,Consumer Discretionary,Specialty Retail,RSI,RSI 加速上升,None,0.0,0.5525,0.3117,,0.3117,0,6796,0.004,244.37,245.35,246.32,241.93,2026-08-07,3,False
ONON,Consumer Discretionary,Footwear & Accessories,RSI,RSI 加速上升,None,0.0,0.5525,0.3117,,0.3117,0,6796,0.004,37.55,37.7,37.85,37.17,2026-08-07,3,False
PDD,Consumer Discretionary,Internet Retail,RSI,RSI 加速上升,None,0.0,0.5525,0.3117,,0.3117,0,6796,0.004,90.85,91.21,91.58,89.94,2026-08-06,3,False
RACE,Consumer Discretionary,Auto Manufacturers,RSI,RSI 加速上升,None,0.0,0.5525,0.3117,,0.3117,0,6796,0.004,412.26,413.91,415.56,408.14,2026-08-07,3,False
SE,Consumer Discretionary,Internet Retail,RSI,RSI 加速上升,None,0.0,0.5525,0.3117,,0.3117,0,6796,0.004,113.43,113.88,114.34,112.3,2026-08-07,3,False
SGI,Consumer Discretionary,"Furnishings, Fixtures & Appliances",RSI,RSI 加速上升,None,0.0,0.5525,0.3117,,0.3117,0,6796,0.004,69.58,69.86,70.14,68.88,2026-08-05,3,False
SW,Consumer Discretionary,Packaging & Containers,RSI,RSI 加速上升,None,0.0,0.5525,0.3117,,0.3117,0,6796,0.004,48.28,48.47,48.67,47.8,2026-08-07,3,False
VIK,Consumer Discretionary,Travel Services,RSI,RSI 加速上升,None,0.0,0.5525,0.3117,,0.3117,0,6796,0.004,108.26,108.69,109.13,107.18,2026-08-05,3,False
W,Consumer Discretionary,Internet Retail,RSI,RSI 加速上升,None,0.0,0.5525,0.3117,,0.3117,0,6796,0.004,106.6,107.03,107.45,105.53,2026-08-07,3,False
BIDU,Communication Services,Internet Content & Information,RSI,RSI 加速上升,None,0.0,0.5525,0.3116,,0.3116,0,3322,0.0033,111.11,111.48,111.84,110.0,2026-08-05,3,False
ECHO,Communication Services,Telecom Services,RSI,RSI 加速上升,None,0.0,0.5525,0.3116,,0.3116,0,3322,0.0033,90.04,90.34,90.63,89.14,2026-08-07,3,False
GSAT,Communication Services,Telecom Services,RSI,RSI 加速上升,None,0.0,0.5525,0.3116,,0.3116,0,3322,0.0033,83.24,83.51,83.79,82.41,2026-08-06,3,False
NBIS,Communication Services,Internet Content & Information,RSI,RSI 加速上升,None,0.0,0.5525,0.3116,,0.3116,0,3322,0.0033,218.99,219.71,220.44,216.8,2026-08-05,3,False
RBLX,Communication Services,Electronic Gaming & Multimedia,RSI,RSI 加速上升,None,0.0,0.5525,0.3116,,0.3116,0,3322,0.0033,37.79,37.91,38.04,37.41,2026-08-07,3,False
TLK,Communication Services,Telecom Services,RSI,RSI 加速上升,None,0.0,0.5525,0.3116,,0.3116,0,3322,0.0033,14.8,14.85,14.9,14.65,2026-08-05,3,False
WMG,Communication Services,Entertainment,RSI,RSI 加速上升,None,0.0,0.5525,0.3116,,0.3116,0,3322,0.0033,26.39,26.48,26.56,26.13,2026-08-07,3,False
PUK,Financials,Insurance - Life,BB,BB 中軌向上（上升趨勢）,None,0.0,0.51,0.3103,,0.3103,0,754,0.0043,27.95,28.07,28.19,27.67,2026-08-05,3,True
FFIV,Information Technology,Software - Infrastructure,RSI,RSI 維持強勢 (50-70),None,0.0,0.51,0.3094,0.3094,0.3645,265,16764,0.0067,413.07,415.84,418.61,408.94,2026-08-06,3,False
TGT,Consumer Staples,Discount Stores,BB,BB 中軌向上（上升趨勢）,None,0.0,0.51,0.3094,0.3094,0.2466,181,6128,0.0009,147.08,147.21,147.34,145.61,2026-08-06,3,False
DEO,Consumer Staples,Beverages - Wineries & Distilleries,RSI,RSI 維持強勢 (50-70),None,0.0,0.51,0.3092,,0.3092,0,262,0.0027,92.8,93.05,93.3,91.87,2026-08-06,3,True
KHC,Consumer Staples,Packaged Foods,RSI,RSI 維持強勢 (50-70),None,0.0,0.51,0.3092,,0.3092,0,262,0.0027,25.73,25.8,25.87,25.47,2026-08-05,3,True
TDY,Information Technology,Scientific & Technical Instruments,BB,價格在 BB 中軌上方,None,0.0,0.425,0.3092,0.3092,0.3573,262,20206,0.0067,691.3,695.93,700.56,684.39,2026-08-07,3,False
DG,Consumer Staples,Discount Stores,BB,BB 中軌向上（上升趨勢）,None,0.0,0.51,0.3091,0.3091,0.2466,165,6128,-0.0063,126.59,125.79,124.99,125.32,2026-08-07,3,False
CRCL,Financials,Capital Markets,RSI,RSI 上穿 50 中性線,None,0.0,0.4675,0.3091,,0.3091,0,1899,0.0046,66.67,66.98,67.28,66.0,2026-08-07,3,False
IREN,Financials,Capital Markets,RSI,RSI 上穿 50 中性線,None,0.0,0.4675,0.3091,,0.3091,0,1899,0.0046,41.23,41.42,41.61,40.82,2026-08-07,3,False
TD,Financials,Banks - Diversified,RSI,RSI 上穿 50 中性線,None,0.0,0.4675,0.3091,,0.3091,0,1899,0.0046,121.15,121.71,122.26,119.94,2026-08-05,3,False
CHRW,Industrials,Integrated Freight & Logistics,RSI,RSI 超賣區域 (30),None,0.0,0.5249999999999999,0.3086,,0.3086,0,337,0.006,146.66,147.54,148.42,145.19,2026-08-06,3,False
NDAQ,Financials,Financial Data & Stock Exchanges,RSI,RSI 維持強勢 (50-70),None,0.0,0.51,0.3086,0.3086,0.2842,269,19108,0.0049,94.59,95.05,95.52,93.64,2026-08-07,3,False
TME,Communication Services,Internet Content & Information,RSI,RSI 維持強勢 (50-70),None,0.0,0.51,0.3082,,0.3082,0,5205,0.0026,9.53,9.55,9.58,9.43,2026-08-07,3,False
STE,Health Care,Medical Devices,RSI,RSI 維持強勢 (50-70),Consolidation Breakout,0.73,1.0,0.3077,0.3077,0.2427,13,791,0.0071,237.47,239.16,240.84,235.1,2026-08-07,3,False
RMD,Health Care,Medical Instruments & Supplies,BB,BB 中軌向上（上升趨勢）,None,0.0,0.51,0.3077,0.3077,0.3402,13,579,0.0019,211.94,212.34,212.75,209.82,2026-08-07,3,True
HUBB,Industrials,Electrical Equipment & Parts,BB,價格在 BB 中軌上方,None,0.0,0.425,0.3077,0.3077,0.295,286,22337,0.0031,513.99,515.58,517.18,508.85,2026-08-07,3,False
LI,Consumer Discretionary,Auto Manufacturers,RSI,RSI 上穿 50 中性線,None,0.0,0.4675,0.3072,,0.3072,0,1123,0.0037,12.95,13.0,13.05,12.82,2026-08-07,3,False
HAL,Energy,Oil & Gas Equipment & Services,RSI,RSI 加速上升,None,0.0,0.5525,0.306,0.306,0.3227,183,3306,0.0011,32.51,32.55,32.58,32.18,2026-08-06,3,False
KVUE,Consumer Staples,Household & Personal Products,RSI,RSI 維持強勢 (50-70),None,0.0,0.51,0.305,0.305,0.2452,200,7574,0.004,19.23,19.31,19.38,19.04,2026-08-07,3,False
AU,Materials,Gold,RSI,RSI 加速上升,None,0.0,0.5525,0.3048,,0.3048,0,3639,0.0024,96.22,96.45,96.68,95.26,2026-08-07,3,False
BHP,Materials,Other Industrial Metals & Mining,RSI,RSI 加速上升,None,0.0,0.5525,0.3048,,0.3048,0,3639,0.0024,89.38,89.59,89.81,88.49,2026-08-05,3,False
ESI,Materials,Specialty Chemicals,RSI,RSI 加速上升,None,0.0,0.5525,0.3048,,0.3048,0,3639,0.0024,38.43,38.52,38.61,38.05,2026-08-06,3,False
HL,Materials,Other Precious Metals & Mining,RSI,RSI 加速上升,None,0.0,0.5525,0.3048,,0.3048,0,3639,0.0024,16.85,16.89,16.93,16.68,2026-08-07,3,False
MT,Materials,Steel,RSI,RSI 加速上升,None,0.0,0.5525,0.3048,,0.3048,0,3639,0.0024,75.1956,75.38,75.56,74.44,2026-08-05,3,False
PAAS,Materials,Gold,RSI,RSI 加速上升,None,0.0,0.5525,0.3048,,0.3048,0,3639,0.0024,51.22,51.34,51.47,50.71,2026-08-07,3,False
PKX,Materials,Steel,RSI,RSI 加速上升,None,0.0,0.5525,0.3048,,0.3048,0,3639,0.0024,57.77,57.91,58.05,57.19,2026-08-07,3,False
RGLD,Materials,Gold,RSI,RSI 加速上升,None,0.0,0.5525,0.3048,,0.3048,0,3639,0.0024,229.92,230.47,231.02,227.62,2026-08-07,3,False
RIO,Materials,Other Industrial Metals & Mining,RSI,RSI 加速上升,None,0.0,0.5525,0.3048,,0.3048,0,3639,0.0024,101.1,101.34,101.59,100.09,2026-08-07,3,False
RPM,Materials,Specialty Chemicals,RSI,RSI 加速上升,None,0.0,0.5525,0.3048,,0.3048,0,3639,0.0024,115.65,115.93,116.21,114.49,2026-08-06,3,False
RS,Materials,Steel,RSI,RSI 加速上升,None,0.0,0.5525,0.3048,,0.3048,0,3639,0.0024,418.13,419.13,420.14,413.95,2026-08-06,3,False
SCCO,Materials,Copper,RSI,RSI 加速上升,None,0.0,0.5525,0.3048,,0.3048,0,3639,0.0024,199.06,199.54,200.02,197.07,2026-08-07,3,False
SOLS,Materials,Specialty Chemicals,RSI,RSI 加速上升,None,0.0,0.5525,0.3048,,0.3048,0,3639,0.0024,62.18,62.33,62.48,61.56,2026-08-06,3,False
TECK,Materials,Other Industrial Metals & Mining,RSI,RSI 加速上升,None,0.0,0.5525,0.3048,,0.3048,0,3639,0.0024,66.47,66.63,66.79,65.81,2026-08-07,3,False
VALE,Materials,Other Industrial Metals & Mining,RSI,RSI 加速上升,None,0.0,0.5525,0.3048,,0.3048,0,3639,0.0024,14.94,14.98,15.01,14.79,2026-08-05,3,False
RIVN,Consumer Discretionary,Auto Manufacturers,RSI,RSI 加速上升,Morning Star,0.8,1.0,0.3043,,0.3043,0,69,0.0066,16.0,16.11,16.21,15.84,2026-08-07,3,False
PSX,Energy,Oil & Gas Refining & Marketing,RSI,RSI 動能加速（強勢區）,None,0.0,0.51,0.3043,0.3043,0.3265,46,873,0.0041,205.52,206.36,207.21,203.46,2026-08-06,3,False
CRS,Industrials,Metal Fabrication,RSI,RSI 上穿 50 中性線,None,0.0,0.4675,0.304,,0.304,0,1816,0.0018,570.66,571.69,572.71,564.95,2026-08-07,3,False
RKLB,Industrials,Aerospace & Defense,RSI,RSI 上穿 50 中性線,None,0.0,0.4675,0.304,,0.304,0,1816,0.0018,82.83,82.98,83.13,82.0,2026-08-07,3,False
HTHT,Consumer Discretionary,Lodging,RSI,RSI 動能加速（強勢區）,None,0.0,0.51,0.3027,,0.3027,0,1665,0.0035,42.8,42.95,43.1,42.37,2026-08-06,3,False
IP,Consumer Discretionary,Packaging & Containers,RSI,RSI 動能加速（強勢區）,None,0.0,0.51,0.3027,,0.3027,0,1665,0.0035,41.58,41.73,41.87,41.16,2026-08-07,3,False
MGA,Consumer Discretionary,Auto Parts,RSI,RSI 動能加速（強勢區）,None,0.0,0.51,0.3027,,0.3027,0,1665,0.0035,70.36,70.61,70.85,69.66,2026-08-07,3,False
TM,Consumer Discretionary,Auto Manufacturers,RSI,RSI 動能加速（強勢區）,None,0.0,0.51,0.3027,,0.3027,0,1665,0.0035,190.09,190.76,191.42,188.19,2026-08-07,3,False
TFC,Financials,Banks - Regional,BB,價格在 BB 中軌上方,None,0.0,0.425,0.3022,0.3022,0.2847,278,21689,0.003,52.35,52.51,52.66,51.83,2026-08-07,3,False
EMR,Industrials,Specialty Industrial Machinery,RSI,RSI 維持強勢 (50-70),None,0.0,0.51,0.3019,0.3019,0.2986,212,19157,0.0048,158.26,159.02,159.78,156.68,2026-08-07,3,False
AFRM,Financials,Credit Services,RSI,RSI 加速上升,None,0.0,0.5525,0.3014,,0.3014,0,11488,0.0041,78.47,78.79,79.11,77.69,2026-08-05,3,False
BAM,Financials,Asset Management,RSI,RSI 加速上升,None,0.0,0.5525,0.3014,,0.3014,0,11488,0.0041,52.49,52.71,52.92,51.97,2026-08-07,3,False
BCS,Financials,Banks - Diversified,RSI,RSI 加速上升,None,0.0,0.5525,0.3014,,0.3014,0,11488,0.0041,28.1439,28.26,28.37,27.86,2026-08-05,3,False
BMO,Financials,Banks - Diversified,RSI,RSI 加速上升,None,0.0,0.5525,0.3014,,0.3014,0,11488,0.0041,180.94,181.68,182.42,179.13,2026-08-05,3,False
BNS,Financials,Banks - Diversified,RSI,RSI 加速上升,None,0.0,0.5525,0.3014,,0.3014,0,11488,0.0041,88.55,88.91,89.28,87.66,2026-08-05,3,False
BNY,Financials,Banks - Diversified,RSI,RSI 加速上升,None,0.0,0.5525,0.3014,,0.3014,0,11488,0.0041,158.74,159.39,160.04,157.15,2026-08-05,3,False
CET,Financials,Asset Management,RSI,RSI 加速上升,None,0.0,0.5525,0.3014,,0.3014,0,11488,0.0041,55.34,55.57,55.79,54.79,2026-08-06,3,False
DB,Financials,Banks - Regional,RSI,RSI 加速上升,None,0.0,0.5525,0.3014,,0.3014,0,11488,0.0041,38.04,38.2,38.35,37.66,2026-08-05,3,False
EQH,Financials,Asset Management,RSI,RSI 加速上升,None,0.0,0.5525,0.3014,,0.3014,0,11488,0.0041,51.52,51.73,51.94,51.0,2026-08-07,3,False
EVR,Financials,Capital Markets,RSI,RSI 加速上升,None,0.0,0.5525,0.3014,,0.3014,0,11488,0.0041,318.78,320.09,321.39,315.59,2026-08-05,3,False
EWBC,Financials,Banks - Regional,RSI,RSI 加速上升,None,0.0,0.5525,0.3014,,0.3014,0,11488,0.0041,133.25,133.8,134.34,131.92,2026-08-05,3,False
FCNCA,Financials,Banks - Regional,RSI,RSI 加速上升,None,0.0,0.5525,0.3014,,0.3014,0,11488,0.0041,2237.51,2246.68,2255.86,2215.13,2026-08-06,3,False
HBANP,Financials,Banks - Regional,RSI,RSI 加速上升,None,0.0,0.5525,0.3014,,0.3014,0,11488,0.0041,16.22,16.29,16.35,16.06,2026-08-05,3,False
IBN,Financials,Banks - Regional,RSI,RSI 加速上升,None,0.0,0.5525,0.3014,,0.3014,0,11488,0.0041,30.4,30.52,30.65,30.1,2026-08-05,3,False
ING,Financials,Banks - Diversified,RSI,RSI 加速上升,None,0.0,0.5525,0.3014,,0.3014,0,11488,0.0041,35.92,36.07,36.21,35.56,2026-08-05,3,False
JEF,Financials,Capital Markets,RSI,RSI 加速上升,None,0.0,0.5525,0.3014,,0.3014,0,11488,0.0041,56.62,56.85,57.08,56.05,2026-08-07,3,False
KB,Financials,Banks - Regional,RSI,RSI 加速上升,None,0.0,0.5525,0.3014,,0.3014,0,11488,0.0041,124.01,124.52,125.03,122.77,2026-08-07,3,False
KLAR,Financials,Credit Services,RSI,RSI 加速上升,None,0.0,0.5525,0.3014,,0.3014,0,11488,0.0041,20.26,20.34,20.43,20.06,2026-08-06,3,False
LPLA,Financials,Capital Markets,RSI,RSI 加速上升,None,0.0,0.5525,0.3014,,0.3014,0,11488,0.0041,359.92,361.4,362.87,356.32,2026-08-05,3,False
LYG,Financials,Banks - Regional,RSI,RSI 加速上升,None,0.0,0.5525,0.3014,,0.3014,0,11488,0.0041,6.25,6.28,6.3,6.19,2026-08-05,3,False
MFG,Financials,Banks - Regional,RSI,RSI 加速上升,None,0.0,0.5525,0.3014,,0.3014,0,11488,0.0041,10.7,10.74,10.79,10.59,2026-08-05,3,False
NMR,Financials,Capital Markets,RSI,RSI 加速上升,None,0.0,0.5525,0.3014,,0.3014,0,11488,0.0041,9.95,9.99,10.03,9.85,2026-08-07,3,False
NWG,Financials,Banks - Regional,RSI,RSI 加速上升,None,0.0,0.5525,0.3014,,0.3014,0,11488,0.0041,19.22,19.3,19.38,19.03,2026-08-05,3,False
PS,Financials,Asset Management,RSI,RSI 加速上升,None,0.0,0.5525,0.3014,,0.3014,0,11488,0.0041,37.88,38.04,38.19,37.5,2026-08-07,3,False
SF,Financials,Capital Markets,RSI,RSI 加速上升,None,0.0,0.5525,0.3014,,0.3014,0,11488,0.0041,84.31,84.66,85.0,83.47,2026-08-05,3,False
SHG,Financials,Banks - Regional,RSI,RSI 加速上升,None,0.0,0.5525,0.3014,,0.3014,0,11488,0.0041,75.81,76.12,76.43,75.05,2026-08-07,3,False
SPY,Financials,Asset Management,RSI,RSI 加速上升,None,0.0,0.5525,0.3014,,0.3014,0,11488,0.0041,768.56,771.71,774.86,760.87,2026-08-06,3,False
UBS,Financials,Banks - Diversified,RSI,RSI 加速上升,None,0.0,0.5525,0.3014,,0.3014,0,11488,0.0041,53.57,53.79,54.01,53.03,2026-08-05,3,False
UNM,Financials,Insurance - Life,RSI,RSI 加速上升,None,0.0,0.5525,0.3014,,0.3014,0,11488,0.0041,90.56,90.93,91.3,89.65,2026-08-07,3,False
WF,Financials,Banks - Regional,RSI,RSI 加速上升,None,0.0,0.5525,0.3014,,0.3014,0,11488,0.0041,72.62,72.92,73.22,71.89,2026-08-07,3,False
CHT,Communication Services,Telecom Services,BB,價格在 BB 中軌上方,None,0.0,0.425,0.3007,,0.3007,0,6080,0.0027,42.52,42.63,42.75,42.09,2026-08-07,3,False
CSX,Industrials,Railroads,BB,價格在 BB 中軌上方,None,0.0,0.425,0.3006,0.3006,0.295,336,22337,0.0054,50.7,50.97,51.25,50.19,2026-08-06,3,False
PPLC,Utilities,Utilities - Regulated Electric,KDJ,KDJ 金叉,None,0.0,0.5525,0.3001,,0.3001,0,713,0.0052,47.07,47.31,47.56,46.6,2026-08-07,3,False
WTRG,Utilities,Utilities - Regulated Water,KDJ,KDJ 金叉,None,0.0,0.5525,0.3001,,0.3001,0,713,0.0052,40.04,40.25,40.46,39.64,2026-08-07,3,False
LOW,Consumer Discretionary,Home Improvement Retail,RSI,RSI 維持強勢 (50-70),Consolidation Breakout,0.74,1.0,0.3,0.3,0.267,10,633,0.0162,223.35,226.97,230.59,221.12,2026-08-07,3,False
PHM,Consumer Discretionary,Residential Construction,KDJ,KDJ 金叉,None,0.0,0.5525,0.3,0.3,0.3183,30,1244,0.0017,132.9,133.13,133.35,131.57,2026-08-07,3,False
CF,Materials,Agricultural Inputs,BB,BB 中軌向上（上升趨勢）,None,0.0,0.51,0.3,0.3,0.2853,160,5036,-0.0026,116.73,116.43,116.12,115.56,2026-08-06,3,False
INCY,Health Care,Biotechnology,RSI,RSI 動能加速（強勢區）,None,0.0,0.51,0.3,0.3,0.2606,30,1869,0.0016,120.56,120.75,120.95,119.35,2026-08-07,3,False
CNQ,Energy,Oil & Gas E&P,BB,價格在 BB 中軌上方,None,0.0,0.425,0.2998,,0.2998,0,5768,-0.0016,45.51,45.44,45.36,45.05,2026-08-07,3,False
IMO,Energy,Oil & Gas Integrated,BB,價格在 BB 中軌上方,None,0.0,0.425,0.2998,,0.2998,0,5768,-0.0016,126.29,126.09,125.89,125.03,2026-08-06,3,False
YPF,Energy,Oil & Gas Integrated,BB,價格在 BB 中軌上方,None,0.0,0.425,0.2998,,0.2998,0,5768,-0.0016,48.67,48.59,48.51,48.18,2026-08-05,3,False
AMCR,Consumer Discretionary,Packaging & Containers,RSI,RSI 維持強勢 (50-70),None,0.0,0.51,0.2995,,0.2995,0,10441,0.0032,47.06,47.21,47.36,46.59,2026-08-06,3,False
AUR,Consumer Discretionary,Auto Parts,RSI,RSI 維持強勢 (50-70),None,0.0,0.51,0.2995,,0.2995,0,10441,0.0032,7.06,7.08,7.11,6.99,2026-08-07,3,False
BALL,Consumer Discretionary,Packaging & Containers,RSI,RSI 維持強勢 (50-70),None,0.0,0.51,0.2995,,0.2995,0,10441,0.0032,63.45,63.65,63.86,62.82,2026-08-07,3,False
BURL,Consumer Discretionary,Apparel Retail,RSI,RSI 維持強勢 (50-70),None,0.0,0.51,0.2995,,0.2995,0,10441,0.0032,368.96,370.14,371.32,365.27,2026-08-07,3,False
CASY,Consumer Discretionary,Specialty Retail,RSI,RSI 維持強勢 (50-70),None,0.0,0.51,0.2995,,0.2995,0,10441,0.0032,852.86,855.59,858.32,844.33,2026-08-05,3,False
PAG,Consumer Discretionary,Auto & Truck Dealerships,RSI,RSI 維持強勢 (50-70),None,0.0,0.51,0.2995,,0.2995,0,10441,0.0032,216.41,217.1,217.8,214.25,2026-08-07,3,False
SCI,Consumer Discretionary,Personal Services,RSI,RSI 維持強勢 (50-70),None,0.0,0.51,0.2995,,0.2995,0,10441,0.0032,85.01,85.28,85.55,84.16,2026-08-07,3,False
TCOM,Consumer Discretionary,Travel Services,RSI,RSI 維持強勢 (50-70),None,0.0,0.51,0.2995,,0.2995,0,10441,0.0032,46.14,46.29,46.44,45.68,2026-08-07,3,False
YUMC,Consumer Discretionary,Restaurants,RSI,RSI 維持強勢 (50-70),None,0.0,0.51,0.2995,,0.2995,0,10441,0.0032,47.72,47.87,48.03,47.24,2026-08-07,3,False
UNP,Industrials,Railroads,BB,價格在 BB 中軌上方,None,0.0,0.425,0.2992,0.2992,0.295,254,22337,0.0066,295.38,297.33,299.28,292.43,2026-08-06,3,False
WMT,Consumer Staples,Discount Stores,BB,價格在 BB 中軌上方,None,0.0,0.425,0.2991,0.2991,0.2432,341,8891,0.0054,112.34,112.95,113.55,111.22,2026-08-05,3,False
DLR,Real Estate,REIT - Specialty,RSI,RSI 維持強勢 (50-70),None,0.0,0.51,0.299,0.299,0.2509,301,7011,0.0013,193.8,194.05,194.3,191.86,2026-08-07,3,False
AAL,Industrials,Airlines,RSI,RSI 維持強勢 (50-70),None,0.0,0.51,0.2986,,0.2986,0,19157,0.0036,15.94,16.0,16.05,15.78,2026-08-07,3,False
AEIS,Industrials,Electrical Equipment & Parts,RSI,RSI 維持強勢 (50-70),None,0.0,0.51,0.2986,,0.2986,0,19157,0.0036,325.02,326.19,327.36,321.77,2026-08-07,3,False
AER,Industrials,Rental & Leasing Services,RSI,RSI 維持強勢 (50-70),None,0.0,0.51,0.2986,,0.2986,0,19157,0.0036,151.72,152.27,152.81,150.2,2026-08-07,3,False
AGX,Industrials,Engineering & Construction,RSI,RSI 維持強勢 (50-70),None,0.0,0.51,0.2986,,0.2986,0,19157,0.0036,601.82,603.99,606.15,595.8,2026-08-05,3,False
AIT,Industrials,Industrial Distribution,RSI,RSI 維持強勢 (50-70),None,0.0,0.51,0.2986,,0.2986,0,19157,0.0036,359.9,361.2,362.49,356.3,2026-08-07,3,False
APG,Industrials,Engineering & Construction,RSI,RSI 維持強勢 (50-70),None,0.0,0.51,0.2986,,0.2986,0,19157,0.0036,41.72,41.87,42.02,41.3,2026-08-07,3,False
ARMK,Industrials,Specialty Business Services,RSI,RSI 維持強勢 (50-70),None,0.0,0.51,0.2986,,0.2986,0,19157,0.0036,55.95,56.15,56.35,55.39,2026-08-07,3,False
ARXS,Industrials,Aerospace & Defense,RSI,RSI 維持強勢 (50-70),None,0.0,0.51,0.2986,,0.2986,0,19157,0.0036,59.99,60.21,60.42,59.39,2026-08-07,3,False
AYI,Industrials,Electrical Equipment & Parts,RSI,RSI 維持強勢 (50-70),None,0.0,0.51,0.2986,,0.2986,0,19157,0.0036,359.58,360.87,362.17,355.98,2026-08-07,3,False
BE,Industrials,Electrical Equipment & Parts,RSI,RSI 維持強勢 (50-70),None,0.0,0.51,0.2986,,0.2986,0,19157,0.0036,228.96,229.78,230.61,226.67,2026-08-06,3,False
CLH,Industrials,Waste Management,RSI,RSI 維持強勢 (50-70),None,0.0,0.51,0.2986,,0.2986,0,19157,0.0036,308.17,309.28,310.39,305.09,2026-08-07,3,False
CNH,Industrials,Farm & Heavy Construction Machinery,RSI,RSI 維持強勢 (50-70),None,0.0,0.51,0.2986,,0.2986,0,19157,0.0036,10.91,10.95,10.99,10.8,2026-08-07,3,False
CNI,Industrials,Railroads,RSI,RSI 維持強勢 (50-70),None,0.0,0.51,0.2986,,0.2986,0,19157,0.0036,126.6,127.06,127.51,125.33,2026-08-07,3,False
CP,Industrials,Railroads,RSI,RSI 維持強勢 (50-70),None,0.0,0.51,0.2986,,0.2986,0,19157,0.0036,91.62,91.95,92.28,90.7,2026-08-07,3,False
CR,Industrials,Specialty Industrial Machinery,RSI,RSI 維持強勢 (50-70),None,0.0,0.51,0.2986,,0.2986,0,19157,0.0036,219.88,220.67,221.46,217.68,2026-08-07,3,False
CSL,Industrials,Building Products & Equipment,RSI,RSI 維持強勢 (50-70),None,0.0,0.51,0.2986,,0.2986,0,19157,0.0036,387.49,388.88,390.28,383.62,2026-08-07,3,False
CW,Industrials,Aerospace & Defense,RSI,RSI 維持強勢 (50-70),None,0.0,0.51,0.2986,,0.2986,0,19157,0.0036,748.41,751.1,753.8,740.93,2026-08-05,3,False
DCI,Industrials,Specialty Industrial Machinery,RSI,RSI 維持強勢 (50-70),None,0.0,0.51,0.2986,,0.2986,0,19157,0.0036,98.34,98.69,99.05,97.36,2026-08-06,3,False
EMBJ,Industrials,Aerospace & Defense,RSI,RSI 維持強勢 (50-70),None,0.0,0.51,0.2986,,0.2986,0,19157,0.0036,71.93,72.19,72.45,71.21,2026-08-06,3,False
ESLT,Industrials,Aerospace & Defense,RSI,RSI 維持強勢 (50-70),None,0.0,0.51,0.2986,,0.2986,0,19157,0.0036,859.14,862.23,865.33,850.55,2026-08-07,3,False
FER,Industrials,Engineering & Construction,RSI,RSI 維持強勢 (50-70),None,0.0,0.51,0.2986,,0.2986,0,19157,0.0036,66.51,66.75,66.99,65.84,2026-08-07,3,False
FERG,Industrials,Industrial Distribution,RSI,RSI 維持強勢 (50-70),None,0.0,0.51,0.2986,,0.2986,0,19157,0.0036,256.69,257.61,258.54,254.12,2026-08-07,3,False
FTAI,Industrials,Aerospace & Defense,RSI,RSI 維持強勢 (50-70),None,0.0,0.51,0.2986,,0.2986,0,19157,0.0036,223.73,224.54,225.34,221.49,2026-08-05,3,False
GFL,Industrials,Waste Management,RSI,RSI 維持強勢 (50-70),None,0.0,0.51,0.2986,,0.2986,0,19157,0.0036,41.32,41.47,41.62,40.91,2026-08-07,3,False
GGG,Industrials,Specialty Industrial Machinery,RSI,RSI 維持強勢 (50-70),None,0.0,0.51,0.2986,,0.2986,0,19157,0.0036,83.54,83.84,84.14,82.7,2026-08-07,3,False
HEI,Industrials,Aerospace & Defense,RSI,RSI 維持強勢 (50-70),None,0.0,0.51,0.2986,,0.2986,0,19157,0.0036,367.58,368.9,370.23,363.9,2026-08-07,3,False
IESC,Industrials,Engineering & Construction,RSI,RSI 維持強勢 (50-70),None,0.0,0.51,0.2986,,0.2986,0,19157,0.0036,762.71,765.46,768.2,755.08,2026-08-07,3,False
LECO,Industrials,Tools & Accessories,RSI,RSI 維持強勢 (50-70),None,0.0,0.51,0.2986,,0.2986,0,19157,0.0036,278.91,279.91,280.92,276.12,2026-08-06,3,False
NVT,Industrials,Electrical Equipment & Parts,RSI,RSI 維持強勢 (50-70),None,0.0,0.51,0.2986,,0.2986,0,19157,0.0036,164.69,165.28,165.88,163.04,2026-08-07,3,False
POOL,Industrials,Industrial Distribution,RSI,RSI 維持強勢 (50-70),None,0.0,0.51,0.2986,,0.2986,0,19157,0.0036,206.31,207.05,207.8,204.25,2026-08-07,3,False
QXO,Industrials,Industrial Distribution,RSI,RSI 維持強勢 (50-70),None,0.0,0.51,0.2986,,0.2986,0,19157,0.0036,16.16,16.22,16.28,16.0,2026-08-07,3,False
R,Industrials,Rental & Leasing Services,RSI,RSI 維持強勢 (50-70),None,0.0,0.51,0.2986,,0.2986,0,19157,0.0036,265.54,266.5,267.45,262.88,2026-08-05,3,False
RELX,Industrials,Specialty Business Services,RSI,RSI 維持強勢 (50-70),None,0.0,0.51,0.2986,,0.2986,0,19157,0.0036,35.52,35.65,35.78,35.16,2026-08-07,3,False
SUNB,Industrials,Rental & Leasing Services,RSI,RSI 維持強勢 (50-70),None,0.0,0.51,0.2986,,0.2986,0,19157,0.0036,80.92,81.21,81.5,80.11,2026-08-06,3,False
TRI,Industrials,Specialty Business Services,RSI,RSI 維持強勢 (50-70),None,0.0,0.51,0.2986,,0.2986,0,19157,0.0036,101.83,102.2,102.56,100.81,2026-08-07,3,False
WCC,Industrials,Industrial Distribution,RSI,RSI 維持強勢 (50-70),None,0.0,0.51,0.2986,,0.2986,0,19157,0.0036,363.74,365.05,366.36,360.1,2026-08-07,3,False
WWD,Industrials,Aerospace & Defense,RSI,RSI 維持強勢 (50-70),None,0.0,0.51,0.2986,,0.2986,0,19157,0.0036,373.28,374.62,375.97,369.55,2026-08-05,3,False
ZTO,Industrials,Integrated Freight & Logistics,RSI,RSI 維持強勢 (50-70),None,0.0,0.51,0.2986,,0.2986,0,19157,0.0036,23.6,23.68,23.77,23.36,2026-08-07,3,False
CRM,Information Technology,Software - Application,BB,價格在 BB 中軌上方,None,0.0,0.425,0.2986,0.2986,0.3573,288,20206,-0.0022,192.74,192.32,191.89,190.81,2026-08-07,3,False
AMZN,Consumer Discretionary,Internet Retail,RSI,RSI 加速上升,None,0.0,0.5525,0.2984,0.2984,0.3117,124,6796,0.003,272.26,273.08,273.89,269.54,2026-08-06,3,False
JD,Consumer Discretionary,Internet Retail,BB,價格在 BB 中軌上方,None,0.0,0.425,0.2984,,0.2984,0,12430,0.0031,32.97,33.07,33.17,32.64,2026-08-07,3,False
BWXT,Industrials,Aerospace & Defense,RSI,RSI 加速上升,None,0.0,0.5525,0.2981,,0.2981,0,11545,0.003,168.28,168.78,169.29,166.6,2026-08-05,3,False
FPS,Industrials,Electrical Equipment & Parts,RSI,RSI 加速上升,None,0.0,0.5525,0.2981,,0.2981,0,11545,0.003,38.71,38.83,38.94,38.32,2026-08-07,3,False
KNX,Industrials,Trucking,RSI,RSI 加速上升,None,0.0,0.5525,0.2981,,0.2981,0,11545,0.003,70.02,70.23,70.44,69.32,2026-08-07,3,False
MAIR,Industrials,Building Products & Equipment,RSI,RSI 加速上升,None,0.0,0.5525,0.2981,,0.2981,0,11545,0.003,31.09,31.18,31.28,30.78,2026-08-07,3,False
MTZ,Industrials,Engineering & Construction,RSI,RSI 加速上升,None,0.0,0.5525,0.2981,,0.2981,0,11545,0.003,272.46,273.28,274.09,269.74,2026-08-07,3,False
PAC,Industrials,Airports & Air Services,RSI,RSI 加速上升,None,0.0,0.5525,0.2981,,0.2981,0,11545,0.003,222.7,223.37,224.04,220.47,2026-08-07,3,False
SPXC,Industrials,Building Products & Equipment,RSI,RSI 加速上升,None,0.0,0.5525,0.2981,,0.2981,0,11545,0.003,214.16,214.8,215.44,212.02,2026-08-06,3,False
WSO,Industrials,Industrial Distribution,RSI,RSI 加速上升,None,0.0,0.5525,0.2981,,0.2981,0,11545,0.003,330.1,331.09,332.08,326.8,2026-08-07,3,False
PCAR,Industrials,Farm & Heavy Construction Machinery,BB,價格在 BB 中軌上方,None,0.0,0.425,0.2978,0.2978,0.295,272,22337,0.0025,133.11,133.44,133.78,131.78,2026-08-07,3,False
TIMB,Communication Services,Telecom Services,RSI,RSI 維持超賣,None,0.0,0.385,0.2977,,0.2977,0,262,-0.0011,18.43,18.41,18.39,18.25,2026-08-07,3,False
EXR,Real Estate,REIT - Industrial,BB,BB 中軌向上（上升趨勢）,None,0.0,0.51,0.2975,0.2975,0.2647,158,5713,0.0005,149.54,149.61,149.69,148.04,2026-08-07,3,False
DOW,Materials,Chemicals,RSI,RSI 上穿 50 中性線,None,0.0,0.4675,0.2973,0.2973,0.3294,37,595,-0.007,30.3,30.09,29.88,30.0,2026-08-06,3,False
TRMB,Information Technology,Scientific & Technical Instruments,RSI,RSI 加速上升,None,0.0,0.5525,0.2971,0.2971,0.3693,138,10688,-0.0007,59.51,59.47,59.43,58.91,2026-08-07,3,False
DINO,Energy,Oil & Gas Refining & Marketing,BB,BB 中軌向上（上升趨勢）,None,0.0,0.51,0.2962,,0.2962,0,4484,-0.0018,81.41,81.26,81.12,80.6,2026-08-07,3,False
FTI,Energy,Oil & Gas Equipment & Services,BB,BB 中軌向上（上升趨勢）,None,0.0,0.51,0.2962,,0.2962,0,4484,-0.0018,69.27,69.15,69.02,68.58,2026-08-05,3,False
VNOM,Energy,Oil & Gas Midstream,BB,BB 中軌向上（上升趨勢）,None,0.0,0.51,0.2962,,0.2962,0,4484,-0.0018,41.41,41.34,41.26,41.0,2026-08-06,3,False
ISRG,Health Care,Medical Instruments & Supplies,RSI,RSI 維持強勢 (50-70),None,0.0,0.51,0.2952,0.2952,0.2772,210,12123,0.0085,378.81,382.03,385.25,375.02,2026-08-07,3,False
MLI,Industrials,Metal Fabrication,BB,價格在 BB 中軌上方,None,0.0,0.425,0.295,,0.295,0,22337,0.0034,68.85,69.08,69.32,68.16,2026-08-07,3,False
AXP,Financials,Credit Services,BB,價格在 BB 中軌上方,None,0.0,0.425,0.2947,0.2947,0.2847,285,21689,0.0033,348.99,350.14,351.29,345.5,2026-08-05,3,False
RTX,Industrials,Aerospace & Defense,RSI,RSI 加速上升,None,0.0,0.5525,0.2941,0.2941,0.2981,153,11545,0.0045,223.03,224.03,225.04,220.8,2026-08-07,3,False
ECL,Materials,Specialty Chemicals,RSI,RSI 加速上升,None,0.0,0.5525,0.293,0.293,0.3048,157,3639,0.0065,285.17,287.02,288.88,282.32,2026-08-07,3,False
DRS,Industrials,Aerospace & Defense,BB,BB 中軌向上（上升趨勢）,None,0.0,0.51,0.2929,,0.2929,0,17460,0.0036,44.62,44.78,44.94,44.17,2026-08-05,3,False
RJF,Financials,Asset Management,BB,價格在 BB 中軌上方,None,0.0,0.425,0.2929,0.2929,0.2847,297,21689,0.0054,176.56,177.51,178.47,174.79,2026-08-07,3,False
DHR,Health Care,Diagnostics & Research,RSI,RSI 加速上升,None,0.0,0.5525,0.2917,0.2917,0.2803,120,8492,0.002,204.76,205.17,205.58,202.71,2026-08-07,3,False
DOV,Industrials,Specialty Industrial Machinery,RSI,RSI 上穿 50 中性線,None,0.0,0.4675,0.2917,0.2917,0.304,24,1816,0.0066,210.4,211.79,213.18,208.3,2026-08-05,3,False
FANG,Energy,Oil & Gas E&P,BB,BB 中軌向上（上升趨勢）,None,0.0,0.51,0.2911,0.2911,0.2962,213,4484,-0.0039,188.04,187.31,186.57,186.16,2026-08-07,3,False
XPEV,Consumer Discretionary,Auto Manufacturers,BB,BB 中軌向上（上升趨勢）,None,0.0,0.51,0.2908,,0.2908,0,9757,0.002,12.13,12.15,12.18,12.01,2026-08-07,3,False
BLK,Financials,Asset Management,BB,價格在 BB 中軌上方,None,0.0,0.425,0.2904,0.2904,0.2847,272,21689,0.0037,1136.39,1140.59,1144.8,1125.03,2026-08-07,3,False
ADBE,Information Technology,Software - Application,BB,BB 中軌向上（上升趨勢）,None,0.0,0.51,0.2903,0.2903,0.3639,186,16781,-0.0083,265.21,263.01,260.81,262.56,2026-08-07,3,False
MDLZ,Consumer Staples,Confectioners,RSI,RSI 維持強勢 (50-70),None,0.0,0.51,0.2892,0.2892,0.2452,204,7574,0.0031,62.61,62.8,63.0,61.98,2026-08-07,3,False
PYPL,Financials,Credit Services,BB,價格在 BB 中軌上方,None,0.0,0.425,0.2888,0.2888,0.2847,232,21689,-0.0086,59.07,58.56,58.05,58.48,2026-08-07,3,False
PNR,Industrials,Specialty Industrial Machinery,RSI,RSI 維持強勢 (50-70),None,0.0,0.51,0.2887,0.2887,0.2986,239,19157,0.0015,68.89,68.99,69.1,68.2,2026-08-07,3,False
BMY,Health Care,Drug Manufacturers - General,RSI,RSI 維持強勢 (50-70),None,0.0,0.51,0.2879,0.2879,0.2772,198,12123,-0.0008,64.72,64.67,64.62,64.07,2026-08-07,3,False
ABBV,Health Care,Drug Manufacturers - General,BB,BB 中軌向上（上升趨勢）,None,0.0,0.51,0.2876,0.2876,0.2705,226,10885,0.006,243.87,245.33,246.8,241.43,2026-08-06,3,False
AJG,Financials,Insurance Brokers,RSI,RSI 維持強勢 (50-70),None,0.0,0.51,0.2872,0.2872,0.2842,282,19108,0.0011,248.12,248.39,248.67,245.64,2026-08-07,3,False
CME,Financials,Financial Data & Stock Exchanges,BB,BB 中軌向上（上升趨勢）,None,0.0,0.51,0.2857,0.2857,0.2681,224,16575,0.0013,263.66,264.0,264.35,261.02,2026-08-07,3,False
MSFT,Information Technology,Software - Infrastructure,BB,BB 中軌向上（上升趨勢）,None,0.0,0.51,0.2857,0.2857,0.3639,217,16781,0.003,499.99,501.49,502.99,494.99,2026-08-07,3,False
REG,Real Estate,REIT - Retail,BB,BB 跌破下軌 (超賣),None,0.0,0.45499999999999996,0.2857,0.2857,0.25,14,564,0.0075,77.12,77.7,78.28,76.35,2026-08-07,3,False
ARWR,Health Care,Biotechnology,KDJ,KDJ 金叉,None,0.0,0.5525,0.2852,,0.2852,0,1536,0.0022,87.65,87.84,88.04,86.77,2026-08-07,3,False
BBIO,Health Care,Biotechnology,KDJ,KDJ 金叉,None,0.0,0.5525,0.2852,,0.2852,0,1536,0.0022,82.8,82.98,83.16,81.97,2026-08-06,3,False
HLN,Health Care,Drug Manufacturers - Specialty & Generic,KDJ,KDJ 金叉,None,0.0,0.5525,0.2852,,0.2852,0,1536,0.0022,10.03,10.05,10.07,9.93,2026-08-07,3,False
JAZZ,Health Care,Biotechnology,KDJ,KDJ 金叉,None,0.0,0.5525,0.2852,,0.2852,0,1536,0.0022,261.57,262.15,262.72,258.95,2026-08-05,3,False
MDGL,Health Care,Biotechnology,KDJ,KDJ 金叉,None,0.0,0.5525,0.2852,,0.2852,0,1536,0.0022,514.12,515.25,516.38,508.98,2026-08-05,3,False
MEDP,Health Care,Diagnostics & Research,KDJ,KDJ 金叉,None,0.0,0.5525,0.2852,,0.2852,0,1536,0.0022,585.01,586.3,587.58,579.16,2026-08-06,3,False
ONC,Health Care,Biotechnology,KDJ,KDJ 金叉,None,0.0,0.5525,0.2852,,0.2852,0,1536,0.0022,327.53,328.25,328.97,324.25,2026-08-05,3,False
IEX,Industrials,Specialty Industrial Machinery,BB,價格在 BB 中軌上方,None,0.0,0.425,0.2852,0.2852,0.295,277,22337,0.0019,234.46,234.91,235.35,232.12,2026-08-07,3,False
AEG,Financials,Insurance - Diversified,BB,價格在 BB 中軌上方,None,0.0,0.425,0.2847,,0.2847,0,21689,0.0031,9.53,9.56,9.59,9.43,2026-08-07,3,False
ALLY,Financials,Credit Services,BB,價格在 BB 中軌上方,None,0.0,0.425,0.2847,,0.2847,0,21689,0.0031,44.74,44.88,45.02,44.29,2026-08-05,3,False
ARCC,Financials,Asset Management,BB,價格在 BB 中軌上方,None,0.0,0.425,0.2847,,0.2847,0,21689,0.0031,19.62,19.68,19.74,19.42,2026-08-06,3,False
BAP,Financials,Banks - Regional,BB,價格在 BB 中軌上方,None,0.0,0.425,0.2847,,0.2847,0,21689,0.0031,392.57,393.79,395.0,388.64,2026-08-06,3,False
CIB,Financials,Banks - Regional,BB,價格在 BB 中軌上方,None,0.0,0.425,0.2847,,0.2847,0,21689,0.0031,88.85,89.13,89.4,87.96,2026-08-07,3,False
FHN,Financials,Banks - Regional,BB,價格在 BB 中軌上方,None,0.0,0.425,0.2847,,0.2847,0,21689,0.0031,26.17,26.25,26.33,25.91,2026-08-05,3,False
FNF,Financials,Insurance - Specialty,BB,價格在 BB 中軌上方,None,0.0,0.425,0.2847,,0.2847,0,21689,0.0031,52.54,52.7,52.87,52.01,2026-08-06,3,False
HBANL,Financials,Banks - Regional,BB,價格在 BB 中軌上方,None,0.0,0.425,0.2847,,0.2847,0,21689,0.0031,25.07,25.15,25.23,24.82,2026-08-06,3,False
HBANM,Financials,Banks - Regional,BB,價格在 BB 中軌上方,None,0.0,0.425,0.2847,,0.2847,0,21689,0.0031,20.89,20.95,21.02,20.68,2026-08-07,3,False
HSBC,Financials,Banks - Diversified,BB,價格在 BB 中軌上方,None,0.0,0.425,0.2847,,0.2847,0,21689,0.0031,103.73,104.05,104.37,102.69,2026-08-07,3,False
NU,Financials,Banks - Regional,BB,價格在 BB 中軌上方,None,0.0,0.425,0.2847,,0.2847,0,21689,0.0031,14.48,14.52,14.57,14.34,2026-08-05,3,False
ORI,Financials,Insurance - Property & Casualty,BB,價格在 BB 中軌上方,None,0.0,0.425,0.2847,,0.2847,0,21689,0.0031,43.03,43.16,43.3,42.6,2026-08-07,3,False
PNFP,Financials,Banks - Regional,BB,價格在 BB 中軌上方,None,0.0,0.425,0.2847,,0.2847,0,21689,0.0031,104.68,105.0,105.33,103.63,2026-08-07,3,False
RNR,Financials,Insurance - Reinsurance,BB,價格在 BB 中軌上方,None,0.0,0.425,0.2847,,0.2847,0,21689,0.0031,323.49,324.49,325.5,320.26,2026-08-06,3,False
RYAN,Financials,Insurance - Specialty,BB,價格在 BB 中軌上方,None,0.0,0.425,0.2847,,0.2847,0,21689,0.0031,42.84,42.97,43.11,42.41,2026-08-07,3,False
SEIC,Financials,Asset Management,BB,價格在 BB 中軌上方,None,0.0,0.425,0.2847,,0.2847,0,21689,0.0031,104.7,105.02,105.35,103.65,2026-08-07,3,False
SLF,Financials,Insurance - Diversified,BB,價格在 BB 中軌上方,None,0.0,0.425,0.2847,,0.2847,0,21689,0.0031,81.91,82.16,82.42,81.09,2026-08-07,3,False
TRU,Financials,Financial Data & Stock Exchanges,BB,價格在 BB 中軌上方,None,0.0,0.425,0.2847,,0.2847,0,21689,0.0031,80.02,80.27,80.52,79.22,2026-08-07,3,False
UMBF,Financials,Banks - Regional,BB,價格在 BB 中軌上方,None,0.0,0.425,0.2847,,0.2847,0,21689,0.0031,145.6,146.05,146.5,144.14,2026-08-07,3,False
VLYPP,Financials,Banks - Regional,BB,價格在 BB 中軌上方,None,0.0,0.425,0.2847,,0.2847,0,21689,0.0031,25.03,25.11,25.19,24.78,2026-08-05,3,False
WTFC,Financials,Banks - Regional,BB,價格在 BB 中軌上方,None,0.0,0.425,0.2847,,0.2847,0,21689,0.0031,159.13,159.62,160.12,157.54,2026-08-06,3,False
WULF,Financials,Capital Markets,BB,價格在 BB 中軌上方,None,0.0,0.425,0.2847,,0.2847,0,21689,0.0031,17.62,17.67,17.73,17.44,2026-08-06,3,False
ZION,Financials,Banks - Regional,BB,價格在 BB 中軌上方,None,0.0,0.425,0.2847,,0.2847,0,21689,0.0031,70.58,70.8,71.02,69.87,2026-08-06,3,False
IDXX,Health Care,Diagnostics & Research,RSI,RSI 加速上升,None,0.0,0.5525,0.2846,0.2846,0.2803,123,8492,-0.0002,586.67,586.55,586.44,580.8,2026-08-07,3,False
BBDO,Financials,Banks - Regional,RSI,RSI 維持強勢 (50-70),None,0.0,0.51,0.2842,,0.2842,0,19108,0.003,3.2,3.21,3.22,3.17,2026-08-05,3,False
CNA,Financials,Insurance - Property & Casualty,RSI,RSI 維持強勢 (50-70),None,0.0,0.51,0.2842,,0.2842,0,19108,0.003,52.02,52.18,52.33,51.5,2026-08-07,3,False
MSI,Information Technology,Communication Equipment,BB,BB 中軌向上（上升趨勢）,None,0.0,0.51,0.2821,0.2821,0.3639,234,16781,0.0045,467.55,469.65,471.76,462.87,2026-08-07,3,False
AGNC,Real Estate,REIT - Mortgage,KDJ,KDJ 金叉,None,0.0,0.5525,0.2818,,0.2818,0,550,0.0003,10.84,10.84,10.85,10.73,2026-08-07,3,False
AGNCZ,Real Estate,REIT - Mortgage,KDJ,KDJ 金叉,None,0.0,0.5525,0.2818,,0.2818,0,550,0.0003,25.495,25.5,25.51,25.24,2026-08-06,3,False
BPYPO,Real Estate,Real Estate Services,KDJ,KDJ 金叉,None,0.0,0.5525,0.2818,,0.2818,0,550,0.0003,15.29,15.29,15.3,15.14,2026-08-06,3,False
BPYPP,Real Estate,Real Estate Services,KDJ,KDJ 金叉,None,0.0,0.5525,0.2818,,0.2818,0,550,0.0003,16.17,16.17,16.18,16.01,2026-08-05,3,False
LAMR,Real Estate,REIT - Specialty,KDJ,KDJ 金叉,None,0.0,0.5525,0.2818,,0.2818,0,550,0.0003,160.93,160.98,161.03,159.32,2026-08-07,3,False
ALLE,Industrials,Security & Protection Services,RSI,RSI 維持強勢 (50-70),None,0.0,0.51,0.2814,0.2814,0.2986,199,19157,0.0036,168.94,169.55,170.16,167.25,2026-08-07,3,False
IR,Industrials,Specialty Industrial Machinery,BB,價格在 BB 中軌上方,None,0.0,0.425,0.281,0.281,0.295,242,22337,0.0013,86.97,87.08,87.2,86.1,2026-08-07,3,False
ALC,Health Care,Medical Instruments & Supplies,BB,價格在 BB 中軌上方,None,0.0,0.425,0.2804,,0.2804,0,14417,0.0008,69.54,69.6,69.65,68.84,2026-08-06,3,False
CRSP,Health Care,Biotechnology,BB,價格在 BB 中軌上方,None,0.0,0.425,0.2804,,0.2804,0,14417,0.0008,53.52,53.56,53.61,52.98,2026-08-07,3,False
GH,Health Care,Diagnostics & Research,BB,價格在 BB 中軌上方,None,0.0,0.425,0.2804,,0.2804,0,14417,0.0008,168.48,168.61,168.75,166.8,2026-08-07,3,False
ILMN,Health Care,Diagnostics & Research,BB,價格在 BB 中軌上方,None,0.0,0.425,0.2804,,0.2804,0,14417,0.0008,199.87,200.03,200.19,197.87,2026-08-05,3,False
IONS,Health Care,Biotechnology,BB,價格在 BB 中軌上方,None,0.0,0.425,0.2804,,0.2804,0,14417,0.0008,56.56,56.61,56.65,55.99,2026-08-07,3,False
PEN,Health Care,Medical Devices,BB,價格在 BB 中軌上方,None,0.0,0.425,0.2804,,0.2804,0,14417,0.0008,324.86,325.12,325.38,321.61,2026-08-06,3,False
RDY,Health Care,Drug Manufacturers - Specialty & Generic,BB,價格在 BB 中軌上方,None,0.0,0.425,0.2804,,0.2804,0,14417,0.0008,12.22,12.23,12.24,12.1,2026-08-07,3,False
RVMD,Health Care,Biotechnology,BB,價格在 BB 中軌上方,None,0.0,0.425,0.2804,,0.2804,0,14417,0.0008,197.81,197.97,198.13,195.83,2026-08-06,3,False
SMMT,Health Care,Biotechnology,BB,價格在 BB 中軌上方,None,0.0,0.425,0.2804,,0.2804,0,14417,0.0008,13.96,13.97,13.98,13.82,2026-08-07,3,False
THC,Health Care,Medical Care Facilities,BB,價格在 BB 中軌上方,None,0.0,0.425,0.2804,,0.2804,0,14417,0.0008,262.13,262.34,262.55,259.51,2026-08-07,3,False
BDRX,Health Care,Biotechnology,RSI,RSI 加速上升,None,0.0,0.5525,0.2803,,0.2803,0,8492,-0.0001,1.54,1.54,1.54,1.52,2026-08-07,3,False
BTSG,Health Care,Health Information Services,RSI,RSI 加速上升,None,0.0,0.5525,0.2803,,0.2803,0,8492,-0.0001,62.43,62.42,62.42,61.81,2026-08-07,3,False
BTSGU,Health Care,Health Information Services,RSI,RSI 加速上升,None,0.0,0.5525,0.2803,,0.2803,0,8492,-0.0001,206.662,206.64,206.62,204.6,2026-08-07,3,False
MTD,Health Care,Diagnostics & Research,BB,價格在 BB 中軌上方,None,0.0,0.425,0.2802,0.2802,0.2804,207,14417,0.0022,1429.46,1432.6,1435.75,1415.17,2026-08-07,3,False
MOH,Health Care,Healthcare Plans,KDJ,KDJ 金叉,Bullish Engulfing,0.75,1.0,0.2785,,0.2785,0,79,-0.0024,195.14,194.67,194.2,193.19,2026-08-05,3,False
JCI,Industrials,Building Products & Equipment,RSI,RSI 加速上升,None,0.0,0.5525,0.2785,0.2785,0.2981,158,11545,0.0047,154.55,155.28,156.0,153.0,2026-08-06,3,False
DGX,Health Care,Diagnostics & Research,KDJ,KDJ 金叉,None,0.0,0.5525,0.2778,0.2778,0.2852,18,1536,0.011,238.5,241.12,243.75,236.12,2026-08-06,3,False
INTU,Information Technology,Software - Application,RSI,RSI 維持強勢 (50-70),None,0.0,0.51,0.2778,0.2778,0.3645,234,16764,-0.0029,325.25,324.31,323.36,322.0,2026-08-07,3,False
RPRX,Health Care,Biotechnology,RSI,RSI 維持強勢 (50-70),None,0.0,0.51,0.2772,,0.2772,0,12123,0.0009,57.75,57.8,57.85,57.17,2026-08-05,3,False
ROST,Consumer Discretionary,Apparel Retail,BB,價格在 BB 中軌上方,None,0.0,0.425,0.2765,0.2765,0.2984,311,12430,0.0058,255.23,256.71,258.19,252.68,2026-08-07,3,False
PEG,Utilities,Utilities - Regulated Electric,RSI,RSI 超賣區域 (30),None,0.0,0.5249999999999999,0.2759,,0.2759,0,116,-0.003,75.04,74.81,74.59,74.29,2026-08-06,3,False
EG,Financials,Insurance - Reinsurance,RSI,RSI 上穿 50 中性線,None,0.0,0.4675,0.2759,0.2759,0.3091,29,1899,0.0018,374.96,375.63,376.31,371.21,2026-08-07,3,False
SCHW,Financials,Capital Markets,RSI,RSI 維持強勢 (50-70),None,0.0,0.51,0.2757,0.2757,0.2842,272,19108,0.0013,107.6,107.74,107.88,106.52,2026-08-07,3,False
BRKRP,Health Care,Medical Devices,BB,BB 跌破下軌 (超賣),None,0.0,0.45499999999999996,0.2752,,0.2752,0,974,-0.0017,386.57,385.91,385.26,382.7,2026-08-06,3,False
NBIX,Health Care,Drug Manufacturers - Specialty & Generic,BB,BB 跌破下軌 (超賣),None,0.0,0.45499999999999996,0.2752,,0.2752,0,974,-0.0017,161.5,161.23,160.95,159.88,2026-08-05,3,False
NVO,Health Care,Drug Manufacturers - General,BB,BB 跌破下軌 (超賣),None,0.0,0.45499999999999996,0.2752,,0.2752,0,974,-0.0017,44.53,44.45,44.38,44.08,2026-08-05,3,False
MET,Financials,Insurance - Life,MACD,MACD 金叉 (多頭區),None,0.0,0.68,0.2747,,0.2747,0,517,0.0018,99.95,100.13,100.31,98.95,2026-08-06,3,False
DD,Materials,Specialty Chemicals,BB,BB 中軌向上（上升趨勢）,None,0.0,0.51,0.2742,0.2742,0.2853,248,5036,0.0042,142.47,143.07,143.67,141.05,2026-08-07,3,False
ACGL,Financials,Insurance - Diversified,RSI,RSI 維持強勢 (50-70),None,0.0,0.51,0.2739,0.2739,0.2842,241,19108,0.0007,99.29,99.36,99.43,98.3,2026-08-06,3,False
AXSM,Health Care,Biotechnology,BB,BB 中軌向上（上升趨勢）,None,0.0,0.51,0.2705,,0.2705,0,10885,0.0002,210.13,210.17,210.21,208.03,2026-08-06,3,False
AZN,Health Care,Drug Manufacturers - General,BB,BB 中軌向上（上升趨勢）,None,0.0,0.51,0.2705,,0.2705,0,10885,0.0002,161.07,161.1,161.13,159.46,2026-08-06,3,False
SNN,Health Care,Medical Devices,BB,BB 中軌向上（上升趨勢）,None,0.0,0.51,0.2705,,0.2705,0,10885,0.0002,30.13,30.14,30.14,29.83,2026-08-05,3,False
AEP,Utilities,Utilities - Regulated Electric,BB,BB 中軌向上（上升趨勢）,None,0.0,0.51,0.2702,0.2702,0.249,248,7232,0.0036,125.26,125.71,126.16,124.01,2026-08-06,3,False
PSA,Real Estate,REIT - Industrial,RSI,RSI 加速上升,None,0.0,0.5525,0.2698,0.2698,0.2327,126,4401,-0.0004,327.0,326.87,326.74,323.73,2026-08-06,3,False
DVN,Energy,Oil & Gas E&P,BB,BB 中軌向上（上升趨勢）,None,0.0,0.51,0.269,0.269,0.2962,145,4484,-0.0167,42.98,42.26,41.54,42.55,2026-08-07,3,False
CSCO,Information Technology,Communication Equipment,RSI,RSI 維持強勢 (50-70),None,0.0,0.51,0.2687,0.2687,0.3645,320,16764,0.004,121.43,121.92,122.4,120.22,2026-08-07,3,False
CVX,Energy,Oil & Gas Integrated,BB,價格在 BB 中軌上方,None,0.0,0.425,0.2687,0.2687,0.2998,320,5768,-0.0012,189.23,189.0,188.78,187.34,2026-08-06,3,False
BRO,Financials,Insurance Brokers,RSI,RSI 維持強勢 (50-70),None,0.0,0.51,0.2686,0.2686,0.2842,242,19108,0.0031,71.43,71.65,71.87,70.72,2026-08-07,3,False
HUT,Financials,Capital Markets,BB,BB 中軌向上（上升趨勢）,None,0.0,0.51,0.2681,,0.2681,0,16575,0.0026,92.76,93.0,93.24,91.83,2026-08-05,3,False
EXPD,Industrials,Integrated Freight & Logistics,BB,BB 中軌向上（上升趨勢）,None,0.0,0.51,0.2673,0.2673,0.2929,202,17460,0.003,178.71,179.25,179.78,176.92,2026-08-07,3,False
ORLY,Consumer Discretionary,Auto Parts,RSI,RSI 加速上升,None,0.0,0.5525,0.2672,0.2672,0.3117,131,6796,0.0011,93.53,93.63,93.74,92.59,2026-08-07,3,False
OKE,Energy,Oil & Gas Midstream,KDJ,KDJ 金叉,None,0.0,0.5525,0.2667,0.2667,0.3614,15,498,0.0066,87.93,88.51,89.09,87.05,2026-08-06,3,False
KIM,Real Estate,REIT - Retail,BB,BB 跌破下軌 (超賣),None,0.0,0.45499999999999996,0.2667,0.2667,0.25,15,564,0.0079,24.43,24.62,24.82,24.19,2026-08-06,3,False
ERIE,Financials,Insurance Brokers,RSI,RSI 維持強勢 (50-70),None,0.0,0.51,0.266,0.266,0.2842,203,19108,0.0003,252.58,252.66,252.73,250.05,2026-08-07,3,False
EBAY,Consumer Discretionary,Internet Retail,RSI,RSI 維持強勢 (50-70),None,0.0,0.51,0.2657,0.2657,0.2995,286,10441,-0.0013,111.98,111.83,111.69,110.86,2026-08-07,3,False
COO,Health Care,Medical Instruments & Supplies,BB,價格在 BB 中軌上方,None,0.0,0.425,0.2648,0.2648,0.2804,219,14417,-0.0043,74.23,73.91,73.59,73.49,2026-08-07,3,False
J,Industrials,Engineering & Construction,BB,價格在 BB 中軌上方,None,0.0,0.425,0.2648,0.2648,0.295,287,22337,0.0006,145.07,145.16,145.24,143.62,2026-08-07,3,False
AGNCL,Real Estate,REIT - Mortgage,BB,BB 中軌向上（上升趨勢）,None,0.0,0.51,0.2647,,0.2647,0,5713,0.0025,25.19,25.25,25.32,24.94,2026-08-06,3,False
AGNCN,Real Estate,REIT - Mortgage,BB,BB 中軌向上（上升趨勢）,None,0.0,0.51,0.2647,,0.2647,0,5713,0.0025,25.83,25.89,25.96,25.57,2026-08-06,3,False
AGNCO,Real Estate,REIT - Mortgage,BB,BB 中軌向上（上升趨勢）,None,0.0,0.51,0.2647,,0.2647,0,5713,0.0025,25.57,25.63,25.7,25.31,2026-08-06,3,False
AGNCP,Real Estate,REIT - Mortgage,BB,BB 中軌向上（上升趨勢）,None,0.0,0.51,0.2647,,0.2647,0,5713,0.0025,25.22,25.28,25.35,24.97,2026-08-06,3,False
AMH,Real Estate,REIT - Residential,BB,BB 中軌向上（上升趨勢）,None,0.0,0.51,0.2647,,0.2647,0,5713,0.0025,34.63,34.72,34.8,34.28,2026-08-07,3,False
BEKE,Real Estate,Real Estate Services,BB,BB 中軌向上（上升趨勢）,None,0.0,0.51,0.2647,,0.2647,0,5713,0.0025,17.04,17.08,17.13,16.87,2026-08-07,3,False
JLL,Real Estate,Real Estate Services,BB,BB 中軌向上（上升趨勢）,None,0.0,0.51,0.2647,,0.2647,0,5713,0.0025,362.38,363.29,364.19,358.76,2026-08-07,3,False
WPC,Real Estate,REIT - Diversified,BB,BB 中軌向上（上升趨勢）,None,0.0,0.51,0.2647,,0.2647,0,5713,0.0025,71.85,72.03,72.21,71.13,2026-08-06,3,False
SJM,Consumer Staples,Packaged Foods,BB,BB 中軌向上（上升趨勢）,None,0.0,0.51,0.2645,0.2645,0.2466,121,6128,0.006,120.16,120.88,121.6,118.96,2026-08-07,3,False
VRSN,Information Technology,Software - Infrastructure,BB,BB 中軌向上（上升趨勢）,None,0.0,0.51,0.2636,0.2636,0.3639,239,16781,-0.0001,294.56,294.53,294.5,291.61,2026-08-07,3,False
PODD,Health Care,Medical Devices,BB,BB 跌破下軌 (超賣),None,0.0,0.45499999999999996,0.2632,0.2632,0.2752,19,974,-0.0396,139.3,133.78,128.27,137.91,2026-08-06,3,False
NSC,Industrials,Railroads,BB,價格在 BB 中軌上方,None,0.0,0.425,0.2612,0.2612,0.295,245,22337,0.0038,341.11,342.41,343.7,337.7,2026-08-06,3,False
ED,Utilities,Utilities - Regulated Electric,KDJ,KDJ 金叉,None,0.0,0.5525,0.2609,0.2609,0.3001,23,713,0.0077,108.95,109.79,110.63,107.86,2026-08-06,3,False
TSCO,Consumer Discretionary,Specialty Retail,BB,BB 中軌向上（上升趨勢）,None,0.0,0.51,0.2606,0.2606,0.2908,142,9757,-0.0032,34.09,33.98,33.87,33.75,2026-08-06,3,False
T,Communication Services,Telecom Services,BB,BB 中軌向上（上升趨勢）,None,0.0,0.51,0.2597,0.2597,0.2943,231,4771,-0.0014,23.79,23.76,23.72,23.55,2026-08-07,3,False
PGR,Financials,Insurance - Property & Casualty,BB,價格在 BB 中軌上方,None,0.0,0.425,0.2593,0.2593,0.2847,297,21689,0.0037,215.33,216.13,216.92,213.18,2026-08-07,3,False
F,Consumer Discretionary,Auto Manufacturers,BB,BB 中軌向上（上升趨勢）,None,0.0,0.51,0.2587,0.2587,0.2908,201,9757,-0.012,13.98,13.81,13.64,13.84,2026-08-07,3,False
ICE,Financials,Financial Data & Stock Exchanges,RSI,RSI 維持強勢 (50-70),None,0.0,0.51,0.258,0.258,0.2842,283,19108,0.005,150.3,151.05,151.8,148.8,2026-08-07,3,False
BSX,Health Care,Medical Devices,RSI,RSI 加速上升,None,0.0,0.5525,0.2576,0.2576,0.2803,132,8492,-0.0058,49.31,49.02,48.74,48.82,2026-08-07,3,False
ITW,Industrials,Specialty Industrial Machinery,RSI,RSI 加速上升,None,0.0,0.5525,0.2576,0.2576,0.2981,132,11545,0.0023,294.7,295.38,296.06,291.75,2026-08-06,3,False
V,Financials,Credit Services,BB,BB 中軌向上（上升趨勢）,None,0.0,0.51,0.2571,0.2571,0.2681,210,16575,0.0013,362.5,362.97,363.44,358.88,2026-08-07,3,False
BEP,Utilities,Utilities - Renewable,RSI,RSI 加速上升,None,0.0,0.5525,0.2565,,0.2565,0,4905,0.0041,32.7,32.83,32.97,32.37,2026-08-05,3,False
KEP,Utilities,Utilities - Regulated Electric,RSI,RSI 加速上升,None,0.0,0.5525,0.2565,,0.2565,0,4905,0.0041,12.49,12.54,12.59,12.37,2026-08-07,3,False
NGG,Utilities,Utilities - Regulated Electric,RSI,RSI 加速上升,None,0.0,0.5525,0.2565,,0.2565,0,4905,0.0041,80.26,80.59,80.92,79.46,2026-08-05,3,False
SBS,Utilities,Utilities - Regulated Water,RSI,RSI 加速上升,None,0.0,0.5525,0.2565,,0.2565,0,4905,0.0041,5.43,5.45,5.47,5.38,2026-08-05,3,False
TLN,Utilities,Utilities - Independent Power Producers,RSI,RSI 加速上升,None,0.0,0.5525,0.2565,,0.2565,0,4905,0.0041,347.71,349.14,350.56,344.23,2026-08-07,3,False
COKE,Consumer Staples,Beverages - Non-Alcoholic,RSI,RSI 上穿 50 中性線,None,0.0,0.4675,0.2565,,0.2565,0,928,0.0005,184.74,184.83,184.92,182.89,2026-08-05,3,False
AMP,Financials,Asset Management,BB,價格在 BB 中軌上方,None,0.0,0.425,0.2564,0.2564,0.2847,273,21689,0.0017,551.98,552.92,553.86,546.46,2026-08-07,3,False
XOM,Energy,Oil & Gas Integrated,BB,BB 中軌向上（上升趨勢）,None,0.0,0.51,0.256,0.256,0.2962,207,4484,-0.0043,153.04,152.38,151.72,151.51,2026-08-07,3,False
APD,Materials,Specialty Chemicals,BB,BB 中軌向上（上升趨勢）,None,0.0,0.51,0.2556,0.2556,0.2853,180,5036,-0.0037,299.92,298.81,297.7,296.92,2026-08-06,3,False
MICC,Consumer Staples,Packaged Foods,MACD,MACD 金叉 (多頭區),None,0.0,0.68,0.2554,,0.2554,0,184,-0.0001,18.92,18.92,18.92,18.73,2026-08-06,3,False
MKC,Consumer Staples,Packaged Foods,MACD,MACD 金叉 (多頭區),None,0.0,0.68,0.2554,,0.2554,0,184,-0.0001,52.96,52.95,52.95,52.43,2026-08-07,3,False
HON,Industrials,Conglomerates,BB,BB 中軌向上（上升趨勢）,None,0.0,0.51,0.2552,0.2552,0.2929,192,17460,-0.0004,246.21,246.11,246.01,243.75,2026-08-07,3,False
CTSH,Information Technology,Information Technology Services,BB,價格在 BB 中軌上方,None,0.0,0.425,0.2536,0.2536,0.3573,209,20206,0.0011,57.67,57.73,57.8,57.09,2026-08-07,3,False
EW,Health Care,Medical Devices,RSI,RSI 加速上升,None,0.0,0.5525,0.252,0.252,0.2803,127,8492,0.002,89.72,89.9,90.08,88.82,2026-08-07,3,False
ELS,Real Estate,REIT - Residential,RSI,RSI 維持強勢 (50-70),None,0.0,0.51,0.2509,,0.2509,0,7011,0.0007,65.17,65.22,65.26,64.52,2026-08-07,3,False
KDP,Consumer Staples,Beverages - Non-Alcoholic,BB,價格在 BB 中軌上方,None,0.0,0.425,0.2509,0.2509,0.2432,267,8891,-0.0001,30.75,30.75,30.74,30.44,2026-08-05,3,False
GD,Industrials,Aerospace & Defense,KDJ,KDJ 金叉,None,0.0,0.5525,0.25,0.25,0.3223,32,2110,0.0032,392.05,393.3,394.56,388.13,2026-08-07,3,False
XYL,Industrials,Specialty Industrial Machinery,KDJ,KDJ 金叉,None,0.0,0.5525,0.25,0.25,0.3223,28,2110,0.0027,122.25,122.58,122.91,121.03,2026-08-05,3,False
MA,Financials,Credit Services,RSI,RSI 維持強勢 (50-70),None,0.0,0.51,0.25,0.25,0.2842,288,19108,0.0014,562.95,563.74,564.53,557.32,2026-08-07,3,False
SBAC,Real Estate,REIT - Specialty,RSI,RSI 上穿 50 中性線,None,0.0,0.4675,0.25,0.25,0.2311,24,818,-0.0045,184.03,183.2,182.37,182.19,2026-08-07,3,False
BIP,Utilities,Utilities - Diversified,BB,BB 中軌向上（上升趨勢）,None,0.0,0.51,0.249,,0.249,0,7232,0.0028,39.04,39.15,39.26,38.65,2026-08-07,3,False
PFE,Health Care,Drug Manufacturers - General,RSI,RSI 加速上升,None,0.0,0.5525,0.2483,0.2483,0.2803,145,8492,-0.0032,26.2,26.12,26.03,25.94,2026-08-06,3,False
FAST,Industrials,Industrial Distribution,RSI,RSI 加速上升,None,0.0,0.5525,0.2466,0.2466,0.2981,146,11545,-0.001,50.8,50.75,50.7,50.29,2026-08-06,3,False
ABEV,Consumer Staples,Beverages - Brewers,BB,BB 中軌向上（上升趨勢）,None,0.0,0.51,0.2466,,0.2466,0,6128,-0.0003,3.01,3.01,3.01,2.98,2026-08-06,3,False
BJ,Consumer Staples,Discount Stores,BB,BB 中軌向上（上升趨勢）,None,0.0,0.51,0.2466,,0.2466,0,6128,-0.0003,96.48,96.45,96.42,95.52,2026-08-07,3,False
BUD,Consumer Staples,Beverages - Brewers,BB,BB 中軌向上（上升趨勢）,None,0.0,0.51,0.2466,,0.2466,0,6128,-0.0003,83.76,83.73,83.71,82.92,2026-08-07,3,False
CCEP,Consumer Staples,Beverages - Non-Alcoholic,BB,BB 中軌向上（上升趨勢）,None,0.0,0.51,0.2466,,0.2466,0,6128,-0.0003,108.58,108.55,108.51,107.49,2026-08-05,3,False
CPB,Consumer Staples,Packaged Foods,BB,BB 中軌向上（上升趨勢）,None,0.0,0.51,0.2466,,0.2466,0,6128,-0.0003,23.05,23.04,23.04,22.82,2026-08-07,3,False
EDU,Consumer Staples,Education & Training Services,BB,BB 中軌向上（上升趨勢）,None,0.0,0.51,0.2466,,0.2466,0,6128,-0.0003,56.43,56.41,56.4,55.87,2026-08-07,3,False
JBS,Consumer Staples,Packaged Foods,BB,BB 中軌向上（上升趨勢）,None,0.0,0.51,0.2466,,0.2466,0,6128,-0.0003,14.23,14.23,14.22,14.09,2026-08-07,3,False
UL,Consumer Staples,Household & Personal Products,BB,BB 中軌向上（上升趨勢）,None,0.0,0.51,0.2466,,0.2466,0,6128,-0.0003,62.96,62.94,62.92,62.33,2026-08-07,3,False
PFGC,Consumer Staples,Food Distribution,RSI,RSI 動能加速（強勢區）,None,0.0,0.51,0.2456,,0.2456,0,1148,-0.0018,114.58,114.37,114.17,113.43,2026-08-06,3,False
TSN,Consumer Staples,Farm Products,BB,價格在 BB 中軌上方,None,0.0,0.425,0.245,0.245,0.2432,249,8891,-0.0007,58.54,58.5,58.46,57.95,2026-08-06,3,False
MCO,Financials,Financial Data & Stock Exchanges,RSI,RSI 維持強勢 (50-70),None,0.0,0.51,0.2446,0.2446,0.2842,233,19108,0.0001,483.98,484.03,484.08,479.14,2026-08-05,3,False
FMX,Consumer Staples,Beverages - Brewers,RSI,RSI 加速上升,None,0.0,0.5525,0.2439,,0.2439,0,5343,-0.0002,124.37,124.35,124.32,123.13,2026-08-05,3,False
JNJ,Health Care,Drug Manufacturers - General,RSI,RSI 維持強勢 (50-70),None,0.0,0.51,0.2436,0.2436,0.2772,234,12123,0.0055,259.24,260.67,262.09,256.65,2026-08-07,3,False
SYK,Health Care,Medical Devices,RSI,RSI 加速上升,None,0.0,0.5525,0.2434,0.2434,0.2803,152,8492,-0.0002,339.03,338.96,338.89,335.64,2026-08-07,3,False
MDT,Health Care,Medical Devices,BB,價格在 BB 中軌上方,None,0.0,0.425,0.2425,0.2425,0.2804,268,14417,0.0012,87.16,87.26,87.37,86.29,2026-08-07,3,False
ADSK,Information Technology,Software - Application,RSI,RSI 維持強勢 (50-70),None,0.0,0.51,0.2424,0.2424,0.3645,198,16764,-0.0043,249.08,248.01,246.94,246.59,2026-08-07,3,False
AMT,Real Estate,REIT - Specialty,RSI,RSI 維持強勢 (50-70),None,0.0,0.51,0.2419,0.2419,0.2509,186,7011,-0.0,172.54,172.54,172.54,170.81,2026-08-07,3,False
AVB,Real Estate,REIT - Residential,BB,BB 中軌向上（上升趨勢）,None,0.0,0.51,0.2418,0.2418,0.2647,182,5713,0.0027,186.55,187.05,187.56,184.68,2026-08-06,3,False
CMCSA,Communication Services,Telecom Services,RSI,RSI 維持強勢 (50-70),None,0.0,0.51,0.2389,0.2389,0.3082,180,5205,-0.003,25.36,25.28,25.21,25.11,2026-08-07,3,False
LH,Health Care,Diagnostics & Research,BB,價格在 BB 中軌上方,None,0.0,0.425,0.2387,0.2387,0.2804,222,14417,0.0,316.53,316.53,316.53,313.36,2026-08-06,3,False
HIG,Financials,Insurance - Diversified,BB,價格在 BB 中軌上方,None,0.0,0.425,0.2386,0.2386,0.2847,352,21689,0.0002,143.28,143.31,143.34,141.85,2026-08-07,3,False
OXY,Energy,Oil & Gas E&P,BB,價格在 BB 中軌上方,None,0.0,0.425,0.2367,0.2367,0.2998,207,5768,-0.0109,55.91,55.3,54.69,55.35,2026-08-07,3,False
PTC,Information Technology,Software - Application,BB,BB 中軌向上（上升趨勢）,None,0.0,0.51,0.2353,0.2353,0.3639,153,16781,-0.001,147.71,147.56,147.41,146.23,2026-08-07,3,False
SYY,Consumer Staples,Food Distribution,RSI,RSI 維持強勢 (50-70),None,0.0,0.51,0.2353,0.2353,0.2452,221,7574,0.0047,84.29,84.69,85.08,83.45,2026-08-07,3,False
ABT,Health Care,Medical Devices,BB,價格在 BB 中軌上方,None,0.0,0.425,0.2353,0.2353,0.2804,221,14417,-0.0011,107.81,107.69,107.57,106.73,2026-08-07,3,False
KO,Consumer Staples,Beverages - Non-Alcoholic,BB,BB 中軌向上（上升趨勢）,None,0.0,0.51,0.2346,0.2346,0.2466,179,6128,0.0053,87.05,87.51,87.97,86.18,2026-08-07,3,False
CSGP,Real Estate,Real Estate Services,RSI,RSI 維持強勢 (50-70),None,0.0,0.51,0.2343,0.2343,0.2509,175,7011,-0.0075,30.24,30.01,29.79,29.94,2026-08-07,3,False
PNW,Utilities,Utilities - Regulated Electric,RSI,RSI 加速上升,None,0.0,0.5525,0.2338,0.2338,0.2565,154,4905,0.0009,101.03,101.12,101.21,100.02,2026-08-07,3,False
GEHC,Health Care,Medical Devices,BB,價格在 BB 中軌上方,None,0.0,0.425,0.233,0.233,0.2804,206,14417,-0.0058,70.31,69.9,69.49,69.61,2026-08-06,3,False
TRV,Financials,Insurance - Property & Casualty,RSI,RSI 維持強勢 (50-70),None,0.0,0.51,0.2326,0.2326,0.2842,288,19108,0.0007,384.31,384.58,384.85,380.47,2026-08-07,3,False
ADM,Consumer Staples,Farm Products,BB,BB 中軌向上（上升趨勢）,None,0.0,0.51,0.2324,0.2324,0.2466,185,6128,-0.0032,77.51,77.26,77.01,76.73,2026-08-06,3,False
UPS,Industrials,Integrated Freight & Logistics,RSI,RSI 加速上升,None,0.0,0.5525,0.2317,0.2317,0.2981,164,11545,-0.0098,107.7,106.64,105.59,106.62,2026-08-05,3,False
NDSN,Industrials,Specialty Industrial Machinery,RSI,RSI 加速上升,None,0.0,0.5525,0.2313,0.2313,0.2981,134,11545,0.0014,310.11,310.54,310.98,307.01,2026-08-07,3,False
AME,Industrials,Specialty Industrial Machinery,BB,BB 中軌向上（上升趨勢）,None,0.0,0.51,0.2308,0.2308,0.2929,234,17460,0.0045,253.66,254.8,255.94,251.12,2026-08-07,3,False
EOG,Energy,Oil & Gas E&P,BB,BB 中軌向上（上升趨勢）,None,0.0,0.51,0.2308,0.2308,0.2962,156,4484,-0.0092,134.74,133.5,132.26,133.39,2026-08-07,3,False
INVH,Real Estate,REIT - Residential,BB,BB 中軌向上（上升趨勢）,None,0.0,0.51,0.2295,0.2295,0.2647,122,5713,0.0013,30.37,30.41,30.45,30.07,2026-08-07,3,False
VLTO,Industrials,Pollution & Treatment Controls,BB,價格在 BB 中軌上方,None,0.0,0.425,0.2292,0.2292,0.295,253,22337,0.0002,98.34,98.36,98.38,97.36,2026-08-07,3,False
STZ,Consumer Staples,Beverages - Brewers,BB,價格在 BB 中軌上方,None,0.0,0.425,0.2273,0.2273,0.2432,242,8891,-0.0015,135.76,135.56,135.35,134.4,2026-08-07,3,False
CLX,Consumer Staples,Household & Personal Products,BB,價格在 BB 中軌上方,None,0.0,0.425,0.2245,0.2245,0.2432,196,8891,-0.0034,105.15,104.79,104.43,104.1,2026-08-07,3,False
EA,Communication Services,Electronic Gaming & Multimedia,BB,價格在 BB 中軌上方,None,0.0,0.425,0.2231,0.2231,0.3007,242,6080,0.0014,209.7,209.99,210.29,207.6,2026-08-06,3,False
OTIS,Industrials,Specialty Industrial Machinery,RSI,RSI 加速上升,None,0.0,0.5525,0.2201,0.2201,0.2981,159,11545,-0.0005,73.99,73.95,73.92,73.25,2026-08-07,3,False
WY,Real Estate,REIT - Specialty,BB,BB 中軌向上（上升趨勢）,None,0.0,0.51,0.22,0.22,0.2647,150,5713,0.0028,25.58,25.65,25.72,25.32,2026-08-07,3,False
CHD,Consumer Staples,Household & Personal Products,RSI,RSI 加速上升,None,0.0,0.5525,0.216,0.216,0.2439,162,5343,-0.001,103.24,103.14,103.03,102.21,2026-08-07,3,False
ZBH,Health Care,Medical Devices,RSI,RSI 維持強勢 (50-70),None,0.0,0.51,0.2156,0.2156,0.2772,167,12123,-0.0047,96.55,96.1,95.64,95.58,2026-08-07,3,False
VICI,Real Estate,REIT - Diversified,RSI,RSI 維持強勢 (50-70),None,0.0,0.51,0.2126,0.2126,0.2509,207,7011,0.0012,26.74,26.77,26.8,26.47,2026-08-07,3,False
ACN,Information Technology,Information Technology Services,RSI,RSI 維持強勢 (50-70),None,0.0,0.51,0.2123,0.2123,0.3645,179,16764,-0.0055,175.72,174.75,173.79,173.96,2026-08-07,3,False
LYB,Materials,Specialty Chemicals,RSI,RSI 上穿 50 中性線,None,0.0,0.4675,0.2121,0.2121,0.3294,33,595,0.0009,61.44,61.5,61.55,60.83,2026-08-06,3,False
DPZ,Consumer Discretionary,Restaurants,RSI,RSI 維持強勢 (50-70),None,0.0,0.51,0.2114,0.2114,0.2995,175,10441,-0.0007,350.95,350.7,350.46,347.44,2026-08-07,3,False
TAP,Consumer Staples,Beverages - Brewers,RSI,RSI 動能加速（強勢區）,None,0.0,0.51,0.2105,0.2105,0.2456,19,1148,-0.0131,43.37,42.8,42.23,42.94,2026-08-07,3,False
WST,Health Care,Medical Instruments & Supplies,BB,BB 中軌向上（上升趨勢）,None,0.0,0.51,0.2086,0.2086,0.2705,187,10885,-0.0036,354.07,352.8,351.52,350.53,2026-08-07,3,False
WRB,Financials,Insurance - Property & Casualty,RSI,RSI 維持強勢 (50-70),None,0.0,0.51,0.2083,0.2083,0.2842,288,19108,0.0013,72.13,72.22,72.32,71.41,2026-08-06,3,False
MCD,Consumer Discretionary,Restaurants,KDJ,KDJ 金叉,None,0.0,0.5525,0.2069,0.2069,0.3183,29,1244,-0.0017,274.0,273.53,273.07,271.26,2026-08-05,3,False
VZ,Communication Services,Telecom Services,BB,價格在 BB 中軌上方,None,0.0,0.425,0.2046,0.2046,0.3007,259,6080,0.0019,47.06,47.15,47.24,46.59,2026-08-07,3,False
AEE,Utilities,Utilities - Regulated Electric,BB,BB 中軌向上（上升趨勢）,None,0.0,0.51,0.2026,0.2026,0.249,232,7232,0.0017,108.27,108.45,108.64,107.19,2026-08-06,3,False
CI,Health Care,Healthcare Plans,RSI,RSI 加速上升,None,0.0,0.5525,0.202,0.202,0.2803,99,8492,-0.0069,282.49,280.54,278.59,279.67,2026-08-07,3,False
MRK,Health Care,Drug Manufacturers - General,RSI,RSI 維持強勢 (50-70),None,0.0,0.51,0.2017,0.2017,0.2772,233,12123,-0.0043,128.58,128.03,127.47,127.29,2026-08-07,3,False
TYL,Information Technology,Software - Application,RSI,RSI 上穿 50 中性線,None,0.0,0.4675,0.2,0.2,0.3785,20,1593,-0.0067,312.45,310.36,308.26,309.33,2026-08-07,3,False
KMB,Consumer Staples,Household & Personal Products,RSI,RSI 維持強勢 (50-70),None,0.0,0.51,0.1981,0.1981,0.2452,212,7574,-0.0029,109.68,109.36,109.04,108.58,2026-08-07,3,False
NVR,Consumer Discretionary,Residential Construction,RSI,RSI 維持強勢 (50-70),None,0.0,0.51,0.198,0.198,0.2995,202,10441,-0.0034,6390.1401,6368.41,6346.69,6326.24,2026-08-07,3,False
SBUX,Consumer Discretionary,Restaurants,BB,價格在 BB 中軌上方,None,0.0,0.425,0.1957,0.1957,0.2984,235,12430,-0.0009,105.58,105.48,105.39,104.52,2026-08-07,3,False
BDX,Health Care,Medical Instruments & Supplies,BB,BB 中軌向上（上升趨勢）,None,0.0,0.51,0.1948,0.1948,0.2705,154,10885,-0.0017,176.86,176.56,176.26,175.09,2026-08-07,3,False
SNA,Industrials,Tools & Accessories,BB,BB 中軌向上（上升趨勢）,None,0.0,0.51,0.1944,0.1944,0.2929,216,17460,0.0,416.35,416.35,416.35,412.19,2026-08-07,3,False
L,Financials,Insurance - Property & Casualty,RSI,RSI 維持強勢 (50-70),None,0.0,0.51,0.1902,0.1902,0.2842,368,19108,0.0015,115.53,115.7,115.88,114.37,2026-08-07,3,False
AON,Financials,Insurance Brokers,BB,BB 中軌向上（上升趨勢）,None,0.0,0.51,0.1832,0.1832,0.2681,202,16575,-0.0015,360.75,360.21,359.67,357.14,2026-08-06,3,False
GWW,Industrials,Industrial Distribution,BB,BB 跌破下軌 (超賣),None,0.0,0.45499999999999996,0.1818,0.1818,0.2838,22,1258,-0.0016,1277.55,1275.51,1273.46,1264.77,2026-08-07,3,False
YUM,Consumer Discretionary,Restaurants,BB,價格在 BB 中軌上方,None,0.0,0.425,0.1789,0.1789,0.2984,218,12430,-0.0015,152.28,152.05,151.82,150.76,2026-08-06,3,False
ESS,Real Estate,REIT - Residential,RSI,RSI 加速上升,None,0.0,0.5525,0.1756,0.1756,0.2327,131,4401,-0.0023,288.1,287.44,286.77,285.22,2026-08-07,3,False
LIN,Materials,Specialty Chemicals,RSI,RSI 加速上升,None,0.0,0.5525,0.1748,0.1748,0.3048,143,3639,0.0005,489.98,490.22,490.47,485.08,2026-08-07,3,False
HRL,Consumer Staples,Packaged Foods,BB,價格在 BB 中軌上方,None,0.0,0.425,0.1737,0.1737,0.2432,236,8891,-0.0024,25.23,25.17,25.11,24.98,2026-08-05,3,False
ATO,Utilities,Utilities - Regulated Gas,BB,BB 中軌向上（上升趨勢）,None,0.0,0.51,0.1702,0.1702,0.249,235,7232,0.0011,171.98,172.17,172.36,170.26,2026-08-06,3,False
WTW,Financials,Insurance Brokers,BB,價格在 BB 中軌上方,None,0.0,0.425,0.1646,0.1646,0.2847,316,21689,-0.0024,340.01,339.19,338.38,336.61,2026-08-06,3,False
MNST,Consumer Staples,Beverages - Non-Alcoholic,BB,BB 跌破下軌 (超賣),None,0.0,0.45499999999999996,0.16,0.16,0.2667,25,705,-0.0035,90.36,90.04,89.73,89.46,2026-08-07,3,False
MRSH,Financials,Insurance Brokers,BB,價格在 BB 中軌上方,None,0.0,0.425,0.1582,0.1582,0.2847,297,21689,-0.0029,191.65,191.09,190.54,189.73,2026-08-07,3,False
PEP,Consumer Staples,Beverages - Non-Alcoholic,BB,價格在 BB 中軌上方,None,0.0,0.425,0.1556,0.1556,0.2432,225,8891,-0.0021,139.02,138.73,138.44,137.63,2026-08-07,3,False
PG,Consumer Staples,Household & Personal Products,RSI,RSI 加速上升,None,0.0,0.5525,0.1488,0.1488,0.2439,168,5343,0.0003,146.97,147.01,147.06,145.5,2026-08-06,3,False
VRSK,Industrials,Consulting Services,BB,BB 中軌向上（上升趨勢）,None,0.0,0.51,0.1458,0.1458,0.2929,192,17460,-0.0035,188.75,188.09,187.43,186.86,2026-08-05,3,False
ROP,Information Technology,Software - Application,RSI,RSI 維持強勢 (50-70),None,0.0,0.51,0.1429,0.1429,0.3645,231,16764,-0.0041,402.25,400.6,398.95,398.23,2026-08-07,3,False
