symbol,sector,subsector,indicator,signal,pattern,pattern_conf,confidence,win_rate,win_rate_stock,win_rate_sector,stock_n,sector_n,avg_return,price,tp1_price,tp2_price,sl_price,date,tier,volume_confirmed
AFRM,Financials,Credit Services,BB,BB 跌破下軌 (超賣),Bullish Engulfing,0.75,1.0,0.7059,,0.7059,0,34,0.0562,69.94,73.87,77.8,69.24,2026-09-01,1,False
RIOT,Financials,Capital Markets,BB,BB 跌破下軌 (超賣),Bullish Engulfing,0.75,1.0,0.7059,,0.7059,0,34,0.0562,17.79,18.79,19.79,17.61,2026-09-01,1,False
APLD,Information Technology,Information Technology Services,BB,BB 跌破下軌 (超賣),Bullish Engulfing,0.75,1.0,0.6863,,0.6863,0,51,0.0442,24.29,25.36,26.44,24.05,2026-09-01,1,False
DY,Industrials,Engineering & Construction,BB,BB 跌破下軌 (超賣),Morning Star,0.8,1.0,0.6071,,0.6071,0,56,0.0266,291.21,298.96,306.7,288.3,2026-08-31,1,False
WELL,Real Estate,REIT - Healthcare Facilities,RSI,RSI 上穿 50 中性線,Morning Star,0.8,0.9900000000000001,0.5833,,0.5833,0,24,0.0272,240.42,246.96,253.5,238.02,2026-09-01,1,False
COP,Energy,Oil & Gas E&P,BB,BB 中軌向上（上升趨勢）,Consolidation Breakout,0.72,1.0,0.5625,0.5625,0.2961,16,385,0.0146,137.2,139.2,141.21,135.83,2026-09-02,1,False
CNQ,Energy,Oil & Gas E&P,BB,BB 中軌向上（上升趨勢）,Morning Star,0.8,1.0,0.5571,,0.5571,0,70,0.0272,51.81,53.22,54.63,51.29,2026-09-01,1,False
ASND,Health Care,Biotechnology,RSI,RSI 上穿 50 中性線,Bullish Engulfing,0.75,1.0,0.5,,0.5,0,6,-0.0138,263.04,259.41,255.78,260.41,2026-08-31,1,True
NVS,Health Care,Drug Manufacturers - General,RSI,RSI 上穿 50 中性線,Bullish Engulfing,0.75,1.0,0.5,,0.5,0,6,-0.0138,161.25,159.02,156.8,159.64,2026-09-01,1,True
ETR,Utilities,Utilities - Regulated Electric,BB,價格在 BB 中軌上方,None,0.0,0.425,0.7692,0.7692,0.3287,13,432,0.0346,106.75,110.44,114.14,105.68,2026-09-02,2,True
TEL,Information Technology,Electronic Components,RSI,RSI 加速上升,None,0.0,0.5525,0.7143,0.7143,0.4113,7,851,0.0428,208.0,216.9,225.8,205.92,2026-09-01,2,True
SHEL,Energy,Oil & Gas Integrated,KDJ,KDJ 金叉,None,0.0,0.5525,0.6296,,0.6296,0,27,0.0284,93.51,96.17,98.82,92.57,2026-09-01,2,True
DELL,Information Technology,Computer Hardware,RSI,RSI 維持強勢 (50-70),None,0.0,0.51,0.6111,0.6111,0.4471,18,747,0.0817,492.2,532.41,572.63,487.28,2026-09-02,2,True
CRWD,Information Technology,Software - Infrastructure,BB,BB 中軌向上（上升趨勢）,None,0.0,0.51,0.6087,0.6087,0.4238,23,1083,0.0567,231.0,244.1,257.2,228.69,2026-08-31,2,True
PANW,Information Technology,Software - Infrastructure,BB,BB 跌破下軌 (超賣),None,0.0,0.45499999999999996,0.6,0.6,0.4474,10,456,0.0762,328.48,353.51,378.54,325.2,2026-09-02,2,True
SLB,Energy,Oil & Gas Equipment & Services,RSI,RSI 加速上升,None,0.0,0.5525,0.5714,0.5714,0.3205,7,156,0.0372,56.855,58.97,61.09,56.29,2026-09-01,2,True
ODFL,Industrials,Trucking,BB,BB 跌破下軌 (超賣),None,0.0,0.45499999999999996,0.5556,0.5556,0.3532,9,436,0.0072,186.72,188.06,189.41,184.85,2026-09-01,2,True
RCL,Consumer Discretionary,Travel Services,BB,BB 跌破下軌 (超賣),None,0.0,0.45499999999999996,0.5556,0.5556,0.3556,9,239,0.0106,268.74,271.59,274.44,266.05,2026-08-31,2,True
MDT,Health Care,Medical Devices,BB,價格在 BB 中軌上方,None,0.0,0.425,0.5455,0.5455,0.365,11,715,0.0158,90.65,92.08,93.51,89.74,2026-08-31,2,True
APH,Information Technology,Electronic Components,RSI,RSI 維持超賣,None,0.0,0.385,0.5215,,0.5215,0,163,0.0136,80.04,81.13,82.22,79.24,2026-09-02,2,True
BBY,Consumer Discretionary,Specialty Retail,MACD,MACD 突破 0 軸,None,0.0,0.595,0.5161,,0.5161,0,31,0.0207,87.0,88.8,90.6,86.13,2026-09-02,2,True
NDAQ,Financials,Financial Data & Stock Exchanges,BB,BB 中軌向上（上升趨勢）,None,0.0,0.51,0.5,0.5,0.3103,16,754,0.0218,95.72,97.81,99.89,94.76,2026-09-02,2,True
RVTY,Health Care,Diagnostics & Research,BB,BB 中軌向上（上升趨勢）,None,0.0,0.51,0.5,0.5,0.3402,10,579,0.005,126.59,127.22,127.86,125.32,2026-09-01,2,True
AON,Financials,Insurance Brokers,BB,BB 跌破下軌 (超賣),None,0.0,0.45499999999999996,0.5,0.5,0.4057,8,424,0.0267,326.3,335.01,343.72,323.04,2026-09-01,2,True
BNT,Financials,Insurance - Diversified,RSI,RSI 維持超賣,None,0.0,0.385,0.4853,,0.4853,0,136,0.0158,39.86,40.49,41.12,39.46,2026-09-02,2,True
L,Financials,Insurance - Property & Casualty,RSI,RSI 超賣區域 (30),None,0.0,0.5249999999999999,0.4831,,0.4831,0,118,0.0179,108.29,110.23,112.17,107.21,2026-08-31,2,True
HPE,Information Technology,Communication Equipment,BB,BB 中軌向上（上升趨勢）,None,0.0,0.51,0.4706,0.4706,0.4238,17,1083,0.002,51.83,51.93,52.04,51.31,2026-09-02,2,True
ASTS,Information Technology,Communication Equipment,KDJ,KDJ 金叉,None,0.0,0.5525,0.4606,,0.4606,0,165,0.01,62.4,63.02,63.65,61.78,2026-09-02,2,True
WIT,Information Technology,Information Technology Services,KDJ,KDJ 金叉,None,0.0,0.5525,0.4606,,0.4606,0,165,0.01,1.85,1.87,1.89,1.83,2026-08-31,2,True
EIX,Utilities,Utilities - Regulated Electric,RSI,RSI 超賣區域 (30),None,0.0,0.5249999999999999,0.4545,,0.4545,0,33,0.0084,55.19,55.65,56.12,54.64,2026-09-02,2,True
PCG,Utilities,Utilities - Regulated Electric,RSI,RSI 超賣區域 (30),None,0.0,0.5249999999999999,0.4545,,0.4545,0,33,0.0084,13.27,13.38,13.49,13.14,2026-08-31,2,True
BIIB,Health Care,Drug Manufacturers - General,MACD,MACD 金叉 (多頭區),None,0.0,0.68,0.451,,0.451,0,51,0.0047,222.67,223.72,224.76,220.44,2026-09-02,2,True
SRE,Utilities,Utilities - Diversified,BB,BB 跌破下軌 (超賣),Support,0.9,1.0,1.0,,1.0,0,5,0.0506,81.7,85.83,89.97,80.88,2026-08-31,3,True
CARR,Industrials,Building Products & Equipment,RSI,RSI 維持超賣,None,0.0,0.385,0.875,0.875,0.2983,8,848,0.0656,57.58,61.36,65.13,57.0,2026-09-02,3,False
HST,Real Estate,REIT - Hotel & Motel,RSI,RSI 超賣區域 (30),None,0.0,0.5249999999999999,0.8333,0.8333,0.3012,6,166,0.0275,21.64,22.24,22.83,21.42,2026-09-01,3,False
VEEV,Health Care,Health Information Services,KDJ,KDJ 金叉,Support,0.9,1.0,0.8,,,0,0,0.0149,285.69,289.95,294.2,282.83,2026-08-31,3,False
HPQ,Information Technology,Computer Hardware,MACD,MACD 金叉 (多頭區),None,0.0,0.68,0.8,0.8,0.3651,5,504,0.0319,31.99,33.01,34.03,31.67,2026-09-02,3,False
IRM,Real Estate,REIT - Specialty,BB,BB 跌破下軌 (超賣),None,0.0,0.45499999999999996,0.8,0.8,0.3864,5,132,0.0479,111.84,117.2,122.55,110.72,2026-09-02,3,True
MMM,Industrials,Conglomerates,BB,BB 跌破下軌 (超賣),None,0.0,0.45499999999999996,0.75,0.75,0.2838,8,1258,0.0414,168.75,175.74,182.72,167.06,2026-09-02,3,False
RL,Consumer Discretionary,Apparel Manufacturing,RSI,RSI 維持超賣,None,0.0,0.385,0.6667,0.6667,0.3894,6,565,0.0348,336.5,348.21,359.92,333.13,2026-09-02,3,False
SNDK,Information Technology,Computer Hardware,BB,價格在 BB 中軌上方,None,0.0,0.425,0.6578,0.6578,0.3573,187,20206,0.0925,1553.4,1697.09,1840.78,1537.87,2026-09-02,3,False
MU,Information Technology,Semiconductors,KDJ,KDJ 金叉,None,0.0,0.5525,0.6552,0.6552,0.3918,29,1955,0.0307,958.73,988.16,1017.6,949.14,2026-08-31,3,False
STX,Information Technology,Computer Hardware,KDJ,KDJ 金叉,None,0.0,0.5525,0.6296,0.6296,0.3918,27,1955,0.0397,828.38,861.27,894.15,820.1,2026-08-31,3,False
TXN,Information Technology,Semiconductors,KDJ,KDJ 金叉,None,0.0,0.5525,0.6154,0.6154,0.3918,13,1955,0.0201,260.91,266.15,271.4,258.3,2026-08-31,3,False
NI,Utilities,Utilities - Regulated Gas,KDJ,KDJ 超賣區金叉,Support,0.9,1.0,0.6,,,0,0,0.0304,40.92,42.16,43.41,40.51,2026-08-31,3,False
CF,Materials,Agricultural Inputs,BB,BB 中軌向上（上升趨勢）,None,0.0,0.51,0.6,0.6,0.3886,5,229,0.0134,139.27,141.14,143.0,137.88,2026-09-02,3,True
PNC,Financials,Banks - Regional,KDJ,KDJ 金叉,None,0.0,0.5525,0.5882,0.5882,0.3142,17,1932,0.0121,242.46,245.39,248.33,240.04,2026-09-02,3,False
OHI,Real Estate,REIT - Healthcare Facilities,MACD,MACD 金叉 (空頭區),Morning Star,0.8,0.96,0.5714,,0.5714,0,7,0.01,46.79,47.26,47.73,46.32,2026-09-01,3,False
SWK,Industrials,Tools & Accessories,BB,BB 跌破下軌 (超賣),None,0.0,0.45499999999999996,0.5714,0.5714,0.2838,14,1258,0.0414,94.51,98.42,102.34,93.56,2026-09-01,3,False
LITE,Information Technology,Communication Equipment,RSI,RSI 維持強勢 (50-70),None,0.0,0.51,0.5625,0.5625,0.3645,240,16764,0.0391,870.58,904.62,938.66,861.87,2026-09-02,3,False
AMP,Financials,Asset Management,BB,BB 跌破下軌 (超賣),None,0.0,0.45499999999999996,0.56,0.56,0.3485,25,1277,0.0284,542.64,558.05,573.46,537.21,2026-09-01,3,False
DRI,Consumer Discretionary,Restaurants,KDJ,KDJ 金叉,None,0.0,0.5525,0.5556,0.5556,0.3183,18,1244,0.0168,220.03,223.73,227.42,217.83,2026-09-02,3,False
TKO,Communication Services,Entertainment,KDJ,KDJ 金叉,None,0.0,0.5525,0.5556,0.5556,0.3345,18,550,0.0167,189.79,192.96,196.13,187.89,2026-09-02,3,False
BKNG,Consumer Discretionary,Travel Services,BB,BB 跌破下軌 (超賣),None,0.0,0.45499999999999996,0.5556,0.5556,0.2974,18,733,0.0133,195.69,198.29,200.9,193.73,2026-09-01,3,False
VST,Utilities,Utilities - Independent Power Producers,MACD,MACD 金叉 (空頭區),None,0.0,0.42,0.5455,0.5455,0.2494,11,409,0.0343,138.08,142.82,147.55,136.7,2026-09-01,3,False
VRT,Industrials,Electrical Equipment & Parts,BB,BB 中軌向上（上升趨勢）,None,0.0,0.51,0.5435,0.5435,0.2929,414,17460,0.0239,255.97,262.09,268.21,253.41,2026-09-01,3,False
YUMC,Consumer Discretionary,Restaurants,BB,BB 跌破下軌 (超賣),Bullish Engulfing,0.75,1.0,0.5429,,0.5429,0,35,0.0233,44.61,45.65,46.69,44.16,2026-08-31,3,False
CVNA,Consumer Discretionary,Auto & Truck Dealerships,RSI,RSI 動能加速（強勢區）,None,0.0,0.51,0.537,0.537,0.3027,54,1665,0.0396,74.16,77.1,80.03,73.42,2026-09-02,3,False
CEG,Utilities,Utilities - Independent Power Producers,RSI,RSI 維持強勢 (50-70),Consolidation Breakout,0.75,1.0,0.5333,0.5333,0.1912,15,680,0.0766,290.04,312.26,334.47,287.14,2026-09-02,3,False
TER,Information Technology,Semiconductor Equipment & Materials,BB,BB 中軌向上（上升趨勢）,None,0.0,0.51,0.5277,0.5277,0.3639,307,16781,0.0256,349.83,358.79,367.74,346.33,2026-08-31,3,False
HOOD,Financials,Capital Markets,BB,BB 中軌向上（上升趨勢）,None,0.0,0.51,0.5123,0.5123,0.2681,324,16575,0.0235,106.99,109.5,112.02,105.92,2026-09-02,3,False
FIX,Industrials,Engineering & Construction,KDJ,KDJ 金叉,None,0.0,0.5525,0.5116,0.5116,0.3223,43,2110,0.0183,1560.13,1588.68,1617.23,1544.53,2026-09-02,3,False
COHR,Information Technology,Scientific & Technical Instruments,BB,BB 中軌向上（上升趨勢）,None,0.0,0.51,0.5012,0.5012,0.3639,401,16781,0.0237,272.03,278.48,284.92,269.31,2026-09-01,3,False
IQV,Health Care,Diagnostics & Research,RSI,RSI 維持強勢 (50-70),Bullish Engulfing,0.75,1.0,0.5,0.5,0.3286,6,280,0.0164,258.35,262.59,266.82,255.77,2026-09-01,3,False
NU,Financials,Banks - Regional,RSI,RSI 上穿 50 中性線,Support,0.7,0.9570000000000001,0.5,,,0,0,0.02,14.55,14.84,15.13,14.4,2026-08-31,3,False
RBC,Industrials,Tools & Accessories,RSI,RSI 維持超賣,Bullish Engulfing,0.75,0.885,0.5,,0.5,0,44,0.0219,490.89,501.64,512.39,485.98,2026-09-02,3,False
NVDA,Information Technology,Semiconductors,MACD,MACD 金叉 (多頭區),None,0.0,0.68,0.5,0.5,0.3651,6,504,0.0232,224.41,229.62,234.82,222.17,2026-09-02,3,False
CPT,Real Estate,REIT - Residential,KDJ,KDJ 超賣區金叉,None,0.0,0.5599999999999999,0.5,0.5,0.2366,10,448,0.0092,105.96,106.93,107.91,104.9,2026-09-01,3,False
LUV,Industrials,Airlines,RSI,RSI 超賣區域 (30),None,0.0,0.5249999999999999,0.5,0.5,0.3086,6,337,0.0043,38.53,38.7,38.86,38.14,2026-08-31,3,False
META,Communication Services,Internet Content & Information,RSI,RSI 上穿 50 中性線,None,0.0,0.4675,0.5,0.5,0.3243,26,518,0.019,592.85,604.11,615.38,586.92,2026-09-02,3,False
SYF,Financials,Credit Services,RSI,RSI 上穿 50 中性線,None,0.0,0.4675,0.5,0.5,0.3091,24,1899,0.0093,78.39,79.12,79.85,77.61,2026-09-02,3,False
BLK,Financials,Asset Management,BB,BB 跌破下軌 (超賣),None,0.0,0.45499999999999996,0.5,0.5,0.3485,14,1277,0.02,1107.08,1129.22,1151.36,1096.01,2026-09-02,3,False
DLR,Real Estate,REIT - Specialty,BB,BB 跌破下軌 (超賣),None,0.0,0.45499999999999996,0.5,0.5,0.25,18,564,0.0196,183.27,186.86,190.45,181.44,2026-09-01,3,False
MAS,Industrials,Building Products & Equipment,BB,BB 跌破下軌 (超賣),None,0.0,0.45499999999999996,0.5,0.5,0.2838,10,1258,0.0141,70.25,71.24,72.23,69.55,2026-09-01,3,False
PRU,Financials,Insurance - Life,BB,BB 跌破下軌 (超賣),None,0.0,0.45499999999999996,0.5,0.5,0.3485,24,1277,0.0152,117.6,119.39,121.18,116.42,2026-08-31,3,False
RTX,Industrials,Aerospace & Defense,BB,BB 跌破下軌 (超賣),None,0.0,0.45499999999999996,0.5,0.5,0.2838,12,1258,0.0102,200.78,202.83,204.88,198.77,2026-09-02,3,False
WYNN,Consumer Discretionary,Resorts & Casinos,BB,BB 跌破下軌 (超賣),None,0.0,0.45499999999999996,0.5,0.5,0.2974,14,733,0.0191,90.6,92.33,94.06,89.69,2026-09-01,3,False
DOV,Industrials,Specialty Industrial Machinery,RSI,RSI 維持超賣,None,0.0,0.385,0.5,0.5,0.2983,8,848,0.0249,188.9,193.6,198.31,187.01,2026-09-02,3,False
HRL,Consumer Staples,Packaged Foods,RSI,RSI 維持超賣,None,0.0,0.385,0.5,0.5,0.2366,14,744,0.0118,21.85,22.11,22.37,21.63,2026-08-31,3,False
CIEN,Information Technology,Communication Equipment,BB,BB 中軌向上（上升趨勢）,None,0.0,0.51,0.4955,0.4955,0.3639,335,16781,0.021,360.33,367.9,375.46,356.73,2026-09-01,3,False
AMGN,Health Care,Drug Manufacturers - General,BB,BB 中軌向上（上升趨勢）,Morning Star,0.8,1.0,0.4901,,0.4901,0,253,0.0226,438.12,448.02,457.92,433.74,2026-09-01,3,False
APA,Energy,Oil & Gas E&P,KDJ,KDJ 金叉,None,0.0,0.5525,0.48,0.48,0.3614,25,498,0.0101,44.3,44.75,45.19,43.86,2026-09-01,3,False
PEG,Utilities,Utilities - Regulated Electric,KDJ,KDJ 金叉,None,0.0,0.5525,0.4737,0.4737,0.3001,19,713,0.0146,73.48,74.55,75.63,72.75,2026-09-01,3,False
KR,Consumer Staples,Grocery Stores,RSI,RSI 上穿 50 中性線,Bullish Engulfing,0.75,0.9735000000000001,0.4667,,0.4667,0,30,0.0138,57.94,58.74,59.54,57.36,2026-09-01,3,False
RF,Financials,Banks - Regional,KDJ,KDJ 金叉,None,0.0,0.5525,0.4667,0.4667,0.3142,15,1932,0.0187,29.93,30.49,31.05,29.63,2026-09-02,3,False
DLTR,Consumer Staples,Discount Stores,RSI,RSI 上穿 50 中性線,None,0.0,0.4675,0.4667,0.4667,0.2565,15,928,0.0099,131.71,133.01,134.32,130.39,2026-09-01,3,False
WST,Health Care,Medical Instruments & Supplies,BB,BB 跌破下軌 (超賣),None,0.0,0.45499999999999996,0.4667,0.4667,0.2752,15,974,0.0443,338.65,353.65,368.65,335.26,2026-09-01,3,False
PLTR,Information Technology,Software - Infrastructure,RSI,RSI 維持強勢 (50-70),None,0.0,0.51,0.4644,0.4644,0.3645,295,16764,0.0159,169.46,172.15,174.85,167.77,2026-09-02,3,False
CI,Health Care,Healthcare Plans,RSI,RSI 上穿 50 中性線,None,0.0,0.4675,0.4615,0.4615,0.3144,13,1323,0.017,283.06,287.87,292.68,280.23,2026-09-01,3,False
WAB,Industrials,Railroads,BB,BB 跌破下軌 (超賣),None,0.0,0.45499999999999996,0.4615,0.4615,0.2838,13,1258,0.0219,279.81,285.94,292.07,277.01,2026-09-02,3,False
CART,Consumer Discretionary,Internet Retail,BB,BB 中軌向上（上升趨勢）,Morning Star,0.8,1.0,0.4599,,0.4599,0,237,0.0144,51.53,52.27,53.01,51.01,2026-09-02,3,False
GPC,Consumer Discretionary,Auto Parts,BB,BB 中軌向上（上升趨勢）,Morning Star,0.8,1.0,0.4599,,0.4599,0,237,0.0144,137.15,139.12,141.1,135.78,2026-09-02,3,False
QSR,Consumer Discretionary,Restaurants,BB,BB 中軌向上（上升趨勢）,Morning Star,0.8,1.0,0.4599,,0.4599,0,237,0.0144,78.87,80.01,81.14,78.08,2026-09-02,3,False
MTB,Financials,Banks - Regional,KDJ,KDJ 超賣區金叉,Morning Star,0.8,1.0,0.4565,,0.4565,0,46,0.0117,235.48,238.24,240.99,233.13,2026-09-02,3,False
STLD,Materials,Steel,RSI,RSI 維持強勢 (50-70),None,0.0,0.51,0.456,0.456,0.286,182,5721,0.0141,247.64,251.13,254.62,245.16,2026-09-02,3,False
BN,Financials,Asset Management,RSI,RSI 維持超賣,None,0.0,0.385,0.4547,,0.4547,0,508,0.0093,39.71,40.08,40.45,39.31,2026-09-02,3,False
DPZ,Consumer Discretionary,Restaurants,RSI,RSI 上穿 50 中性線,None,0.0,0.4675,0.4545,0.4545,0.3072,11,1123,0.0179,346.68,352.89,359.09,343.21,2026-09-02,3,False
AMAT,Information Technology,Semiconductor Equipment & Materials,BB,BB 跌破下軌 (超賣),None,0.0,0.45499999999999996,0.4545,0.4545,0.3447,11,1001,0.013,441.85,447.59,453.34,437.43,2026-09-01,3,False
AEP,Utilities,Utilities - Regulated Electric,MACD,MACD 金叉 (空頭區),None,0.0,0.42,0.4545,0.4545,0.2494,11,409,0.0111,123.57,124.94,126.31,122.33,2026-09-02,3,False
NCLH,Consumer Discretionary,Travel Services,RSI,RSI 維持超賣,None,0.0,0.385,0.4545,0.4545,0.3894,22,565,-0.0047,15.57,15.5,15.42,15.41,2026-09-02,3,False
GEV,Industrials,Specialty Industrial Machinery,KDJ,KDJ 金叉,None,0.0,0.5525,0.4516,0.4516,0.3223,31,2110,0.0092,921.94,930.42,938.9,912.72,2026-09-02,3,False
IBKR,Financials,Capital Markets,RSI,RSI 加速上升,None,0.0,0.5525,0.4504,0.4504,0.3014,131,11488,0.0104,97.202,98.21,99.22,96.23,2026-08-31,3,False
FOXA,Communication Services,Entertainment,RSI,RSI 動能加速（強勢區）,None,0.0,0.51,0.4483,0.4483,0.3135,29,772,0.0029,67.52,67.72,67.91,66.84,2026-09-02,3,False
NEM,Materials,Gold,RSI,RSI 維持強勢 (50-70),None,0.0,0.51,0.4479,0.4479,0.286,288,5721,0.009,125.16,126.29,127.41,123.91,2026-09-02,3,False
CRDO,Information Technology,Semiconductors,BB,BB 跌破下軌 (超賣),None,0.0,0.45499999999999996,0.4474,,0.4474,0,456,0.012,165.22,167.2,169.19,163.57,2026-09-02,3,True
FTV,Information Technology,Scientific & Technical Instruments,BB,BB 跌破下軌 (超賣),None,0.0,0.45499999999999996,0.4474,,0.4474,0,456,0.012,56.8,57.48,58.16,56.23,2026-09-01,3,True
SNOW,Information Technology,Software - Application,BB,BB 跌破下軌 (超賣),None,0.0,0.45499999999999996,0.4474,,0.4474,0,456,0.012,305.84,309.51,313.18,302.78,2026-09-02,3,True
GWRE,Information Technology,Software - Application,RSI,RSI 維持強勢 (50-70),None,0.0,0.51,0.4471,,0.4471,0,747,0.0161,192.76,195.86,198.97,190.83,2026-09-02,3,True
MDB,Information Technology,Software - Infrastructure,RSI,RSI 維持強勢 (50-70),None,0.0,0.51,0.4471,,0.4471,0,747,0.0161,434.21,441.2,448.19,429.87,2026-09-01,3,True
DDOG,Information Technology,Software - Application,RSI,RSI 加速上升,None,0.0,0.5525,0.4467,0.4467,0.3693,150,10688,0.0121,237.04,239.91,242.78,234.67,2026-08-31,3,False
STM,Information Technology,Semiconductors,KDJ,KDJ 超賣區金叉,Morning Star,0.8,1.0,0.4444,,0.4444,0,27,0.0112,50.14,50.7,51.26,49.64,2026-08-31,3,False
AES,Utilities,Utilities - Diversified,KDJ,KDJ 金叉,None,0.0,0.5525,0.4444,0.4444,0.3001,9,713,0.0266,14.77,15.16,15.56,14.62,2026-09-01,3,False
CCI,Real Estate,REIT - Specialty,KDJ,KDJ 金叉,None,0.0,0.5525,0.4444,0.4444,0.2818,9,550,-0.0032,76.14,75.9,75.65,75.38,2026-08-31,3,False
FRT,Real Estate,REIT - Retail,KDJ,KDJ 金叉,None,0.0,0.5525,0.4444,0.4444,0.2818,9,550,0.0188,117.03,119.23,121.43,115.86,2026-09-01,3,False
CNC,Health Care,Healthcare Plans,RSI,RSI 上穿 50 中性線,None,0.0,0.4675,0.4444,0.4444,0.3144,18,1323,0.0071,65.23,65.69,66.16,64.58,2026-09-01,3,False
ADI,Information Technology,Semiconductors,BB,BB 跌破下軌 (超賣),None,0.0,0.45499999999999996,0.4444,0.4444,0.3447,9,1001,0.0162,354.52,360.26,366.01,350.97,2026-09-01,3,False
DE,Industrials,Farm & Heavy Construction Machinery,RSI,RSI 動能加速（強勢區）,Consolidation Breakout,0.85,1.0,0.443,,0.443,0,79,0.0094,698.37,704.93,711.5,691.39,2026-09-02,3,True
AVB,Real Estate,REIT - Residential,KDJ,KDJ 金叉,None,0.0,0.5525,0.4412,,0.4412,0,34,0.011,68.14,68.89,69.64,67.46,2026-08-24,3,True
KKR,Financials,Asset Management,RSI,RSI 維持強勢 (50-70),None,0.0,0.51,0.4388,0.4388,0.2842,278,19108,0.0087,106.43,107.36,108.28,105.37,2026-09-02,3,False
TSN,Consumer Staples,Farm Products,KDJ,KDJ 金叉,None,0.0,0.5525,0.4375,0.4375,0.2503,16,779,0.01,55.81,56.37,56.93,55.25,2026-09-02,3,False
MRNA,Health Care,Biotechnology,RSI,RSI 動能加速（強勢區）,None,0.0,0.51,0.4375,0.4375,0.2606,32,1869,0.009,154.27,155.66,157.05,152.73,2026-09-01,3,False
BP,Energy,Oil & Gas Integrated,RSI,RSI 上穿 50 中性線,None,0.0,0.4675,0.4375,,0.4375,0,32,0.0076,42.87,43.2,43.52,42.44,2026-08-31,3,True
FANG,Energy,Oil & Gas E&P,RSI,RSI 上穿 50 中性線,None,0.0,0.4675,0.4375,,0.4375,0,32,0.0076,200.48,202.0,203.53,198.48,2026-08-31,3,True
EXE,Energy,Oil & Gas E&P,RSI,RSI 動能加速（強勢區）,None,0.0,0.51,0.4359,0.4359,0.3265,39,873,0.0076,99.98,100.74,101.5,98.98,2026-09-01,3,False
WAT,Health Care,Diagnostics & Research,RSI,RSI 動能加速（強勢區）,None,0.0,0.51,0.4348,0.4348,0.2606,23,1869,0.0135,412.2,417.76,423.33,408.08,2026-09-02,3,False
ANET,Information Technology,Computer Hardware,RSI,RSI 維持強勢 (50-70),None,0.0,0.51,0.434,0.434,0.3645,288,16764,0.009,189.26,190.96,192.67,187.37,2026-09-01,3,False
CDNS,Information Technology,Software - Application,RSI,RSI 加速上升,None,0.0,0.5525,0.4324,0.4324,0.3693,111,10688,0.0139,338.78,343.49,348.2,335.39,2026-08-31,3,False
COIN,Financials,Financial Data & Stock Exchanges,BB,價格在 BB 中軌上方,None,0.0,0.425,0.4311,0.4311,0.2847,283,21689,0.0187,174.96,178.23,181.5,173.21,2026-09-02,3,False
UI,Information Technology,Communication Equipment,RSI,RSI 動能加速（強勢區）,Bullish Engulfing,0.75,1.0,0.431,,0.431,0,58,0.0145,598.37,607.05,615.72,592.39,2026-09-02,3,False
LRCX,Information Technology,Semiconductor Equipment & Materials,BB,BB 中軌向上（上升趨勢）,None,0.0,0.51,0.4308,0.4308,0.3639,318,16781,0.0173,290.2,295.22,300.24,287.3,2026-09-01,3,False
CAH,Health Care,Medical Distribution,MACD,MACD 金叉 (多頭區),None,0.0,0.68,0.4286,0.4286,0.2557,14,305,0.0113,239.35,242.05,244.76,236.96,2026-09-01,3,False
JNJ,Health Care,Drug Manufacturers - General,MACD,MACD 金叉 (多頭區),None,0.0,0.68,0.4286,0.4286,0.2557,7,305,0.0099,275.21,277.93,280.66,272.46,2026-09-02,3,False
HUBB,Industrials,Electrical Equipment & Parts,KDJ,KDJ 超賣區金叉,None,0.0,0.5599999999999999,0.4286,0.4286,0.2433,7,563,-0.0067,450.08,447.06,444.05,445.58,2026-09-02,3,False
LHX,Industrials,Aerospace & Defense,KDJ,KDJ 超賣區金叉,None,0.0,0.5599999999999999,0.4286,0.4286,0.2433,7,563,0.0104,266.25,269.02,271.79,263.59,2026-08-31,3,False
NUE,Materials,Steel,RSI,RSI 上穿 50 中性線,None,0.0,0.4675,0.4286,0.4286,0.3294,14,595,0.0122,263.97,267.19,270.41,261.33,2026-09-02,3,False
ROK,Industrials,Specialty Industrial Machinery,BB,BB 跌破下軌 (超賣),None,0.0,0.45499999999999996,0.4286,0.4286,0.2838,7,1258,0.0149,417.53,423.75,429.97,413.35,2026-09-01,3,False
MELI,Consumer Discretionary,Internet Retail,BB,BB 中軌向上（上升趨勢）,Bullish Engulfing,0.75,1.0,0.4279,,0.4279,0,208,0.015,1963.49,1992.94,2022.39,1943.86,2026-09-01,3,False
TSCO,Consumer Discretionary,Specialty Retail,BB,BB 中軌向上（上升趨勢）,Bullish Engulfing,0.75,1.0,0.4279,,0.4279,0,208,0.015,34.86,35.38,35.91,34.51,2026-09-02,3,False
BAC,Financials,Banks - Diversified,RSI,RSI 維持強勢 (50-70),Morning Star,0.8,1.0,0.4278,,0.4278,0,367,0.0116,62.6,63.33,64.05,61.97,2026-09-02,3,False
BNY,Financials,Banks - Diversified,RSI,RSI 維持強勢 (50-70),Morning Star,0.8,1.0,0.4278,,0.4278,0,367,0.0116,162.04,163.92,165.8,160.42,2026-09-02,3,False
CIB,Financials,Banks - Regional,RSI,RSI 維持強勢 (50-70),Morning Star,0.8,1.0,0.4278,,0.4278,0,367,0.0116,98.43,99.57,100.71,97.45,2026-09-02,3,False
IX,Financials,Financial Conglomerates,RSI,RSI 維持強勢 (50-70),Morning Star,0.8,1.0,0.4278,,0.4278,0,367,0.0116,39.94,40.4,40.87,39.54,2026-09-02,3,False
CMI,Industrials,Specialty Industrial Machinery,RSI,RSI 維持超賣,None,0.0,0.385,0.4252,,0.4252,0,127,0.01,550.9,556.41,561.92,545.39,2026-09-02,3,True
IESC,Industrials,Engineering & Construction,RSI,RSI 維持超賣,None,0.0,0.385,0.4252,,0.4252,0,127,0.01,303.0,306.03,309.06,299.97,2026-08-31,3,True
AA,Materials,Aluminum,BB,BB 中軌向上（上升趨勢）,Bullish Engulfing,0.75,1.0,0.4242,,0.4242,0,99,0.0171,50.9,51.77,52.64,50.39,2026-09-01,3,False
KIM,Real Estate,REIT - Retail,KDJ,KDJ 金叉,Morning Star,0.8,1.0,0.4231,,0.4231,0,52,0.0133,24.12,24.44,24.76,23.88,2026-09-01,3,False
MLM,Materials,Building Materials,BB,BB 跌破下軌 (超賣),None,0.0,0.45499999999999996,0.4202,,0.4202,0,119,0.0066,504.92,508.25,511.58,499.87,2026-09-01,3,True
VMC,Materials,Building Materials,BB,BB 跌破下軌 (超賣),None,0.0,0.45499999999999996,0.4202,,0.4202,0,119,0.0066,259.69,261.4,263.12,257.09,2026-09-01,3,True
ALB,Materials,Specialty Chemicals,RSI,RSI 維持強勢 (50-70),None,0.0,0.51,0.4194,0.4194,0.286,248,5721,0.0076,137.75,138.8,139.84,136.37,2026-09-02,3,False
DOC,Real Estate,REIT - Healthcare Facilities,BB,價格在 BB 中軌上方,Morning Star,0.8,0.924,0.4186,,0.4186,0,129,0.0151,21.03,21.35,21.67,20.82,2026-09-02,3,False
FITB,Financials,Banks - Regional,KDJ,KDJ 金叉,None,0.0,0.5525,0.4167,0.4167,0.3142,24,1932,0.0151,54.4,55.22,56.04,53.86,2026-09-02,3,False
XOM,Energy,Oil & Gas Integrated,KDJ,KDJ 金叉,None,0.0,0.5525,0.4167,0.4167,0.3614,24,498,0.0075,164.55,165.78,167.02,162.9,2026-09-01,3,False
CX,Materials,Building Materials,RSI,RSI 超賣區域 (30),None,0.0,0.5249999999999999,0.416,,0.416,0,125,0.011,10.45,10.56,10.68,10.35,2026-09-01,3,False
PHM,Consumer Discretionary,Residential Construction,BB,BB 跌破下軌 (超賣),None,0.0,0.45499999999999996,0.4118,0.4118,0.2974,17,733,0.0094,123.13,124.29,125.44,121.9,2026-09-01,3,False
TTE,Energy,Oil & Gas Integrated,RSI,RSI 維持強勢 (50-70),None,0.0,0.51,0.411,,0.411,0,146,0.0074,90.22,90.89,91.56,89.32,2026-09-02,3,True
WDS,Energy,Oil & Gas E&P,RSI,RSI 維持強勢 (50-70),None,0.0,0.51,0.411,,0.411,0,146,0.0074,23.83,24.01,24.18,23.59,2026-09-02,3,True
BIP,Utilities,Utilities - Diversified,BB,BB 跌破下軌 (超賣),None,0.0,0.45499999999999996,0.4104,,0.4104,0,441,0.0122,36.29,36.73,37.18,35.93,2026-09-02,3,False
ENLT,Utilities,Utilities - Renewable,BB,BB 跌破下軌 (超賣),None,0.0,0.45499999999999996,0.4104,,0.4104,0,441,0.0122,74.93,75.84,76.76,74.18,2026-09-01,3,False
SOMN,Utilities,Utilities - Regulated Electric,BB,BB 跌破下軌 (超賣),None,0.0,0.45499999999999996,0.4104,,0.4104,0,441,0.0122,47.24,47.82,48.39,46.77,2026-09-01,3,False
NGG,Utilities,Utilities - Regulated Electric,BB,BB 跌破下軌 (超賣),None,0.0,0.45499999999999996,0.4097,,0.4097,0,144,0.0064,78.05,78.55,79.05,77.27,2026-09-02,3,True
VTRS,Health Care,Drug Manufacturers - Specialty & Generic,RSI,RSI 上穿 50 中性線,None,0.0,0.4675,0.4091,0.4091,0.3144,22,1323,0.0021,16.63,16.66,16.7,16.46,2026-09-01,3,False
BTSGU,Health Care,Health Information Services,KDJ,KDJ 金叉,None,0.0,0.5525,0.408,,0.408,0,125,0.0055,198.69,199.78,200.88,196.7,2026-09-02,3,True
ALGN,Health Care,Medical Instruments & Supplies,KDJ,KDJ 金叉,None,0.0,0.5525,0.4074,0.4074,0.2852,27,1536,0.0045,159.15,159.87,160.58,157.56,2026-09-02,3,False
GDDY,Information Technology,Software - Infrastructure,RSI,RSI 動能加速（強勢區）,None,0.0,0.51,0.4074,0.4074,0.366,27,2885,0.0074,100.55,101.29,102.04,99.54,2026-09-01,3,False
EQT,Energy,Oil & Gas E&P,RSI,RSI 加速上升,None,0.0,0.5525,0.4048,0.4048,0.3227,126,3306,0.0092,55.59,56.1,56.61,55.03,2026-09-01,3,False
IVZ,Financials,Asset Management,RSI,RSI 維持強勢 (50-70),None,0.0,0.51,0.404,0.404,0.2842,198,19108,0.0093,31.72,32.01,32.31,31.4,2026-09-02,3,False
BE,Industrials,Electrical Equipment & Parts,BB,BB 中軌向上（上升趨勢）,Bullish Engulfing,0.75,1.0,0.4012,,0.4012,0,324,0.0121,213.63,216.21,218.8,211.49,2026-09-01,3,False
TMUS,Communication Services,Telecom Services,MACD,MACD 突破 0 軸,Consolidation Breakout,0.85,1.0,0.4,,0.4,0,5,0.0139,187.3,189.9,192.51,185.43,2026-09-02,3,True
BG,Consumer Staples,Farm Products,MACD,MACD 突破 0 軸,None,0.0,0.595,0.4,0.4,0.2408,10,299,0.0128,116.21,117.7,119.18,115.05,2026-08-31,3,False
KEYS,Information Technology,Scientific & Technical Instruments,KDJ,KDJ 金叉,None,0.0,0.5525,0.4,0.4,0.3918,25,1955,0.0165,322.7,328.02,333.35,319.47,2026-08-31,3,False
AAPL,Information Technology,Consumer Electronics,RSI,RSI 動能加速（強勢區）,None,0.0,0.51,0.4,0.4,0.366,35,2885,0.0064,325.13,327.21,329.29,321.88,2026-09-01,3,False
AJG,Financials,Insurance Brokers,RSI,RSI 維持強勢 (50-70),None,0.0,0.51,0.4,0.4,0.3448,5,609,0.0149,262.0,265.9,269.81,259.38,2026-09-01,3,True
AXON,Industrials,Aerospace & Defense,BB,BB 跌破下軌 (超賣),None,0.0,0.45499999999999996,0.4,0.4,0.2838,10,1258,0.0208,506.98,517.53,528.07,501.91,2026-09-02,3,False
HUM,Health Care,Healthcare Plans,BB,價格在 BB 中軌上方,None,0.0,0.425,0.4,0.4,0.2804,275,14417,0.0092,400.97,404.66,408.35,396.96,2026-09-02,3,False
GLW,Information Technology,Electronic Components,BB,BB 中軌向上（上升趨勢）,None,0.0,0.51,0.3994,0.3994,0.3639,328,16781,0.0159,145.56,147.87,150.19,144.1,2026-09-01,3,False
BX,Financials,Asset Management,BB,價格在 BB 中軌上方,None,0.0,0.425,0.3992,0.3992,0.2847,258,21689,0.0081,143.24,144.4,145.56,141.81,2026-08-31,3,False
TTD,Communication Services,Advertising Agencies,RSI,RSI 加速上升,None,0.0,0.5525,0.3947,0.3947,0.3116,190,3322,-0.0015,14.55,14.53,14.51,14.4,2026-09-02,3,False
FOX,Communication Services,Entertainment,RSI,RSI 動能加速（強勢區）,None,0.0,0.51,0.3939,0.3939,0.3135,33,772,-0.0003,60.27,60.25,60.23,59.67,2026-09-02,3,False
SOLV,Health Care,Medical Instruments & Supplies,RSI,RSI 維持強勢 (50-70),None,0.0,0.51,0.3937,0.3937,0.2772,127,12123,0.0149,91.9,93.27,94.64,90.98,2026-09-02,3,False
FIVE,Consumer Discretionary,Specialty Retail,BB,BB 中軌向上（上升趨勢）,None,0.0,0.51,0.3934,,0.3934,0,427,0.0097,243.08,245.44,247.8,240.65,2026-09-02,3,True
SU,Energy,Oil & Gas Integrated,RSI,RSI 加速上升,Morning Star,0.8,1.0,0.3929,,0.3929,0,28,0.0086,68.99,69.58,70.18,68.3,2026-09-01,3,False
DXCM,Health Care,Medical Devices,BB,價格在 BB 中軌上方,None,0.0,0.425,0.3924,0.3924,0.2804,237,14417,0.0073,89.69,90.34,91.0,88.79,2026-09-02,3,False
ARE,Real Estate,REIT - Office,BB,價格在 BB 中軌上方,None,0.0,0.425,0.3923,0.3923,0.248,209,8032,0.0054,52.72,53.0,53.29,52.19,2026-09-02,3,False
ARW,Information Technology,Electronics & Computer Distribution,KDJ,KDJ 金叉,None,0.0,0.5525,0.3918,,0.3918,0,1955,0.0107,205.98,208.18,210.39,203.92,2026-09-01,3,False
CPAY,Information Technology,Software - Infrastructure,KDJ,KDJ 金叉,None,0.0,0.5525,0.3918,,0.3918,0,1955,0.0107,416.4,420.86,425.31,412.24,2026-09-02,3,False
LDOS,Information Technology,Information Technology Services,KDJ,KDJ 金叉,None,0.0,0.5525,0.3918,,0.3918,0,1955,0.0107,140.21,141.71,143.21,138.81,2026-08-31,3,False
LFUS,Information Technology,Electronic Components,KDJ,KDJ 金叉,None,0.0,0.5525,0.3918,,0.3918,0,1955,0.0107,412.18,416.59,421.0,408.06,2026-08-31,3,False
LSCC,Information Technology,Semiconductors,KDJ,KDJ 金叉,None,0.0,0.5525,0.3918,,0.3918,0,1955,0.0107,113.88,115.1,116.32,112.74,2026-09-02,3,False
MCHPP,Information Technology,Semiconductors,KDJ,KDJ 金叉,None,0.0,0.5525,0.3918,,0.3918,0,1955,0.0107,62.71,63.38,64.05,62.08,2026-09-02,3,False
MTSI,Information Technology,Semiconductors,KDJ,KDJ 金叉,None,0.0,0.5525,0.3918,,0.3918,0,1955,0.0107,262.01,264.81,267.62,259.39,2026-09-01,3,False
SMCIP,Information Technology,Computer Hardware,KDJ,KDJ 金叉,None,0.0,0.5525,0.3918,,0.3918,0,1955,0.0107,62.65,63.32,63.99,62.02,2026-09-02,3,False
COF,Financials,Credit Services,RSI,RSI 上穿 50 中性線,None,0.0,0.4675,0.3913,0.3913,0.3091,23,1899,-0.0034,216.6,215.86,215.13,214.43,2026-09-02,3,False
TECH,Health Care,Biotechnology,BB,價格在 BB 中軌上方,None,0.0,0.425,0.3897,0.3897,0.2804,195,14417,-0.0003,72.31,72.29,72.27,71.59,2026-08-31,3,False
BURL,Consumer Discretionary,Apparel Retail,RSI,RSI 維持超賣,None,0.0,0.385,0.3894,,0.3894,0,565,0.0066,257.07,258.77,260.46,254.5,2026-09-02,3,False
DKS,Consumer Discretionary,Specialty Retail,RSI,RSI 維持超賣,None,0.0,0.385,0.3894,,0.3894,0,565,0.0066,137.34,138.25,139.15,135.97,2026-09-02,3,False
MGM,Consumer Discretionary,Resorts & Casinos,RSI,RSI 維持超賣,None,0.0,0.385,0.3894,,0.3894,0,565,0.0066,40.77,41.04,41.31,40.36,2026-09-01,3,False
ONON,Consumer Discretionary,Footwear & Accessories,RSI,RSI 維持超賣,None,0.0,0.385,0.3894,,0.3894,0,565,0.0066,27.8,27.98,28.17,27.52,2026-09-02,3,False
TJX,Consumer Discretionary,Apparel Retail,RSI,RSI 維持超賣,None,0.0,0.385,0.3894,,0.3894,0,565,0.0066,131.31,132.18,133.04,130.0,2026-09-02,3,False
INCY,Health Care,Biotechnology,BB,BB 中軌向上（上升趨勢）,None,0.0,0.51,0.3889,0.3889,0.3402,18,579,0.0164,128.83,130.94,133.06,127.54,2026-09-02,3,True
BCE,Communication Services,Telecom Services,RSI,RSI 維持強勢 (50-70),Bullish Engulfing,0.75,1.0,0.3884,,0.3884,0,121,0.0056,23.59,23.72,23.85,23.35,2026-08-31,3,False
ROKU,Communication Services,Entertainment,RSI,RSI 維持強勢 (50-70),Bullish Engulfing,0.75,1.0,0.3884,,0.3884,0,121,0.0056,157.7,158.58,159.47,156.12,2026-09-02,3,False
OMC,Communication Services,Advertising Agencies,BB,BB 中軌向上（上升趨勢）,None,0.0,0.51,0.3881,,0.3881,0,268,0.0017,81.76,81.9,82.04,80.94,2026-09-02,3,True
WMB,Energy,Oil & Gas Midstream,RSI,RSI 加速上升,None,0.0,0.5525,0.3865,0.3865,0.3227,163,3306,0.0084,75.23,75.86,76.49,74.48,2026-09-01,3,False
DVN,Energy,Oil & Gas E&P,RSI,RSI 加速上升,None,0.0,0.5525,0.3864,0.3864,0.3227,132,3306,0.005,49.03,49.28,49.52,48.54,2026-09-02,3,False
CBRE,Real Estate,Real Estate Services,BB,BB 跌破下軌 (超賣),None,0.0,0.45499999999999996,0.3864,,0.3864,0,132,0.0114,142.06,143.68,145.3,140.64,2026-09-02,3,True
EXR,Real Estate,REIT - Industrial,BB,BB 跌破下軌 (超賣),None,0.0,0.45499999999999996,0.3864,,0.3864,0,132,0.0114,140.12,141.72,143.31,138.72,2026-09-01,3,True
PSA,Real Estate,REIT - Industrial,BB,BB 跌破下軌 (超賣),None,0.0,0.45499999999999996,0.3864,,0.3864,0,132,0.0114,306.99,310.49,313.99,303.92,2026-08-31,3,True
LNG,Energy,Oil & Gas Midstream,BB,BB 中軌向上（上升趨勢）,None,0.0,0.51,0.386,,0.386,0,171,0.0019,295.86,296.42,296.98,292.9,2026-09-02,3,True
WFC,Financials,Banks - Diversified,MACD,MACD 突破 0 軸,None,0.0,0.595,0.3846,,0.3846,0,39,0.0004,89.27,89.31,89.34,88.38,2026-09-02,3,True
WRB,Financials,Insurance - Property & Casualty,KDJ,KDJ 超賣區金叉,None,0.0,0.5599999999999999,0.3846,0.3846,0.299,13,612,0.007,68.12,68.6,69.07,67.44,2026-09-02,3,False
UNH,Health Care,Healthcare Plans,KDJ,KDJ 金叉,None,0.0,0.5525,0.3846,0.3846,0.2852,26,1536,0.0124,396.3,401.21,406.13,392.34,2026-09-01,3,False
OGE,Utilities,Utilities - Regulated Electric,MACD,MACD 金叉 (空頭區),None,0.0,0.42,0.3846,,0.3846,0,13,0.0212,46.46,47.44,48.43,46.0,2026-09-02,3,True
FCX,Materials,Copper,RSI,RSI 維持強勢 (50-70),None,0.0,0.51,0.3838,0.3838,0.286,198,5721,-0.0068,73.93,73.43,72.92,73.19,2026-09-02,3,False
NBIS,Communication Services,Internet Content & Information,BB,BB 中軌向上（上升趨勢）,Bullish Engulfing,0.75,1.0,0.3828,,0.3828,0,128,0.0034,199.54,200.22,200.9,197.54,2026-09-01,3,False
HWM,Industrials,Aerospace & Defense,RSI,RSI 超賣區域 (30),None,0.0,0.5249999999999999,0.3818,,0.3818,0,110,0.0044,244.95,246.03,247.11,242.5,2026-08-31,3,True
SUNB,Industrials,Rental & Leasing Services,RSI,RSI 超賣區域 (30),None,0.0,0.5249999999999999,0.3818,,0.3818,0,110,0.0044,67.07,67.37,67.66,66.4,2026-09-01,3,True
SNPS,Information Technology,Software - Infrastructure,RSI,RSI 加速上升,None,0.0,0.5525,0.381,0.381,0.3693,126,10688,0.0114,439.59,444.6,449.61,435.19,2026-08-31,3,False
CVS,Health Care,Healthcare Plans,RSI,RSI 加速上升,None,0.0,0.5525,0.3806,0.3806,0.2803,155,8492,0.0092,97.23,98.12,99.02,96.26,2026-09-02,3,False
HL,Materials,Other Precious Metals & Mining,BB,BB 中軌向上（上升趨勢）,Morning Star,0.8,1.0,0.3805,,0.3805,0,113,0.0148,20.77,21.08,21.38,20.56,2026-09-02,3,False
NTR,Materials,Agricultural Inputs,BB,BB 中軌向上（上升趨勢）,Morning Star,0.8,1.0,0.3805,,0.3805,0,113,0.0148,75.53,76.65,77.77,74.77,2026-08-31,3,False
SQM,Materials,Specialty Chemicals,BB,BB 中軌向上（上升趨勢）,Morning Star,0.8,1.0,0.3805,,0.3805,0,113,0.0148,80.51,81.7,82.89,79.7,2026-09-01,3,False
RDDT,Communication Services,Internet Content & Information,BB,價格在 BB 中軌上方,Morning Star,0.8,0.924,0.3805,,0.3805,0,113,0.0115,158.1,159.92,161.74,156.52,2026-09-02,3,False
TRGP,Energy,Oil & Gas Midstream,BB,BB 中軌向上（上升趨勢）,None,0.0,0.51,0.3801,0.3801,0.2962,292,4484,0.0065,293.46,295.37,297.27,290.53,2026-09-02,3,False
ORCL,Information Technology,Software - Infrastructure,RSI,RSI 加速上升,None,0.0,0.5525,0.3793,0.3793,0.3693,145,10688,0.005,149.12,149.87,150.61,147.63,2026-08-31,3,False
FICO,Information Technology,Software - Application,BB,BB 中軌向上（上升趨勢）,None,0.0,0.51,0.3791,0.3791,0.3639,277,16781,0.0077,1099.45,1107.92,1116.38,1088.46,2026-09-02,3,False
FDX,Industrials,Integrated Freight & Logistics,RSI,RSI 維持強勢 (50-70),None,0.0,0.51,0.3788,0.3788,0.2986,198,19157,0.0028,327.4,328.32,329.23,324.13,2026-08-31,3,False
FIS,Information Technology,Information Technology Services,RSI,RSI 上穿 50 中性線,None,0.0,0.4675,0.3785,,0.3785,0,1593,0.0087,41.87,42.23,42.6,41.45,2026-09-02,3,False
SMTC,Information Technology,Semiconductors,RSI,RSI 上穿 50 中性線,None,0.0,0.4675,0.3785,,0.3785,0,1593,0.0087,133.85,135.01,136.18,132.51,2026-09-02,3,False
UBER,Information Technology,Software - Application,RSI,RSI 上穿 50 中性線,None,0.0,0.4675,0.3785,,0.3785,0,1593,0.0087,76.45,77.12,77.78,75.69,2026-09-02,3,False
ALNY,Health Care,Biotechnology,RSI,RSI 動能加速（強勢區）,None,0.0,0.51,0.3778,,0.3778,0,225,0.0031,267.4,268.23,269.06,264.73,2026-09-02,3,True
BKR,Energy,Oil & Gas Equipment & Services,RSI,RSI 動能加速（強勢區）,None,0.0,0.51,0.3778,0.3778,0.3265,45,873,-0.0001,64.63,64.62,64.62,63.98,2026-09-02,3,False
BWA,Consumer Discretionary,Auto Parts,KDJ,KDJ 超賣區金叉,None,0.0,0.5599999999999999,0.3775,,0.3775,0,302,0.0037,65.18,65.42,65.66,64.53,2026-09-02,3,False
CCL,Consumer Discretionary,Travel Services,KDJ,KDJ 超賣區金叉,None,0.0,0.5599999999999999,0.3775,,0.3775,0,302,0.0037,23.74,23.83,23.92,23.5,2026-09-02,3,False
MOD,Consumer Discretionary,Auto Parts,KDJ,KDJ 超賣區金叉,None,0.0,0.5599999999999999,0.3775,,0.3775,0,302,0.0037,179.51,180.17,180.84,177.71,2026-09-02,3,False
C,Financials,Banks - Diversified,RSI,RSI 維持強勢 (50-70),None,0.0,0.51,0.3774,0.3774,0.2842,310,19108,0.0076,134.34,135.36,136.38,133.0,2026-09-02,3,False
ALAB,Information Technology,Semiconductors,MACD,MACD 金叉 (空頭區),None,0.0,0.42,0.3767,,0.3767,0,754,0.0102,296.98,300.01,303.04,294.01,2026-08-31,3,False
TOST,Information Technology,Software - Infrastructure,BB,BB 中軌向上（上升趨勢）,Bullish Engulfing,0.75,1.0,0.3757,,0.3757,0,338,0.0116,34.04,34.43,34.83,33.7,2026-09-02,3,False
QCOM,Information Technology,Semiconductors,BB,BB 中軌向上（上升趨勢）,None,0.0,0.51,0.3757,0.3757,0.3639,189,16781,0.0193,169.96,173.24,176.52,168.26,2026-09-02,3,False
ADM,Consumer Staples,Farm Products,MACD,MACD 金叉 (多頭區),None,0.0,0.68,0.375,0.375,0.2554,8,184,0.0068,81.29,81.84,82.4,80.48,2026-08-31,3,False
EG,Financials,Insurance - Reinsurance,BB,價格在 BB 中軌上方,None,0.0,0.425,0.375,0.375,0.3239,8,852,-0.0005,374.65,374.46,374.28,370.9,2026-08-31,3,True
TSLA,Consumer Discretionary,Auto Manufacturers,BB,BB 中軌向上（上升趨勢）,None,0.0,0.51,0.3745,0.3745,0.2908,243,9757,0.0082,357.01,359.94,362.86,353.44,2026-09-02,3,False
CRL,Health Care,Diagnostics & Research,RSI,RSI 動能加速（強勢區）,None,0.0,0.51,0.3714,0.3714,0.2606,35,1869,0.003,291.76,292.64,293.51,288.84,2026-09-02,3,False
NOW,Information Technology,Software - Application,BB,價格在 BB 中軌上方,None,0.0,0.425,0.371,0.371,0.3573,221,20206,0.0031,136.72,137.14,137.57,135.35,2026-09-02,3,False
NFLX,Communication Services,Entertainment,RSI,RSI 維持強勢 (50-70),None,0.0,0.51,0.3708,0.3708,0.3082,267,5205,0.0076,80.81,81.42,82.04,80.0,2026-09-01,3,False
BEN,Financials,Asset Management,BB,BB 中軌向上（上升趨勢）,None,0.0,0.51,0.3704,0.3704,0.2681,135,16575,0.0094,34.15,34.47,34.79,33.81,2026-08-31,3,False
TM,Consumer Discretionary,Auto Manufacturers,MACD,MACD 金叉 (多頭區),None,0.0,0.68,0.37,,0.37,0,273,0.0063,196.54,197.78,199.02,194.57,2026-08-31,3,False
ULTA,Consumer Discretionary,Specialty Retail,MACD,MACD 金叉 (多頭區),None,0.0,0.68,0.37,,0.37,0,273,0.0063,551.74,555.22,558.69,546.22,2026-09-02,3,False
eBay,Consumer Discretionary,Internet Retail,MACD,MACD 金叉 (多頭區),None,0.0,0.68,0.37,,0.37,0,273,0.0063,111.75,112.45,113.16,110.63,2026-06-30,3,False
GLXY,Financials,Capital Markets,BB,BB 中軌向上（上升趨勢）,Bullish Engulfing,0.75,1.0,0.3697,,0.3697,0,330,0.0108,24.06,24.32,24.58,23.82,2026-09-02,3,False
STT,Financials,Asset Management,BB,BB 中軌向上（上升趨勢）,Bullish Engulfing,0.75,1.0,0.3697,,0.3697,0,330,0.0108,190.04,192.09,194.14,188.14,2026-09-02,3,False
ETN,Industrials,Specialty Industrial Machinery,BB,BB 中軌向上（上升趨勢）,None,0.0,0.51,0.3695,0.3695,0.2929,203,17460,0.0111,401.88,406.34,410.8,397.86,2026-08-31,3,False
BMNP,Information Technology,Blockchain,RSI,RSI 加速上升,None,0.0,0.5525,0.3693,,0.3693,0,10688,0.0074,97.965,98.69,99.41,96.99,2026-08-31,3,False
CGNX,Information Technology,Scientific & Technical Instruments,RSI,RSI 加速上升,None,0.0,0.5525,0.3693,,0.3693,0,10688,0.0074,60.96,61.41,61.86,60.35,2026-08-31,3,False
CHKP,Information Technology,Software - Infrastructure,RSI,RSI 加速上升,None,0.0,0.5525,0.3693,,0.3693,0,10688,0.0074,133.89,134.88,135.87,132.55,2026-09-02,3,False
DT,Information Technology,Software - Application,RSI,RSI 加速上升,None,0.0,0.5525,0.3693,,0.3693,0,10688,0.0074,54.59,54.99,55.4,54.04,2026-08-31,3,False
EPAM,Information Technology,Information Technology Services,RSI,RSI 加速上升,None,0.0,0.5525,0.3693,,0.3693,0,10688,0.0074,117.2,118.07,118.93,116.03,2026-09-02,3,False
FROG,Information Technology,Software - Application,RSI,RSI 加速上升,None,0.0,0.5525,0.3693,,0.3693,0,10688,0.0074,100.07,100.81,101.55,99.07,2026-08-31,3,False
NET,Information Technology,Software - Infrastructure,RSI,RSI 加速上升,None,0.0,0.5525,0.3693,,0.3693,0,10688,0.0074,305.11,307.37,309.63,302.06,2026-08-31,3,False
OKTA,Information Technology,Software - Infrastructure,RSI,RSI 加速上升,None,0.0,0.5525,0.3693,,0.3693,0,10688,0.0074,163.15,164.36,165.56,161.52,2026-09-02,3,False
SANM,Information Technology,Electronic Components,RSI,RSI 加速上升,None,0.0,0.5525,0.3693,,0.3693,0,10688,0.0074,196.72,198.18,199.63,194.75,2026-08-31,3,False
SNX,Information Technology,Electronics & Computer Distribution,RSI,RSI 加速上升,None,0.0,0.5525,0.3693,,0.3693,0,10688,0.0074,252.85,254.72,256.59,250.32,2026-08-31,3,False
TTMI,Information Technology,Electronic Components,RSI,RSI 加速上升,None,0.0,0.5525,0.3693,,0.3693,0,10688,0.0074,118.92,119.8,120.68,117.73,2026-08-31,3,False
TWLO,Information Technology,Software - Infrastructure,RSI,RSI 加速上升,None,0.0,0.5525,0.3693,,0.3693,0,10688,0.0074,235.63,237.37,239.12,233.27,2026-08-31,3,False
UMC,Information Technology,Semiconductors,RSI,RSI 加速上升,None,0.0,0.5525,0.3693,,0.3693,0,10688,0.0074,19.97,20.12,20.27,19.77,2026-09-02,3,False
NTRS,Financials,Asset Management,RSI,RSI 維持強勢 (50-70),None,0.0,0.51,0.3686,0.3686,0.2842,255,19108,0.0109,185.56,187.58,189.61,183.7,2026-08-31,3,False
USB,Financials,Banks - Regional,KDJ,KDJ 金叉,None,0.0,0.5525,0.3684,0.3684,0.3142,19,1932,0.0163,62.77,63.79,64.82,62.14,2026-09-02,3,False
CMG,Consumer Discretionary,Restaurants,RSI,RSI 動能加速（強勢區）,None,0.0,0.51,0.3667,0.3667,0.3027,30,1665,0.012,38.52,38.98,39.44,38.13,2026-09-02,3,False
KSPI,Information Technology,Software - Infrastructure,RSI,RSI 動能加速（強勢區）,None,0.0,0.51,0.366,,0.366,0,2885,0.0091,106.81,107.78,108.75,105.74,2026-09-02,3,False
PAYX,Information Technology,Software - Application,MACD,MACD 金叉 (多頭區),None,0.0,0.68,0.3651,,0.3651,0,504,0.0103,127.34,128.65,129.96,126.07,2026-08-31,3,False
SWKS,Information Technology,Semiconductors,MACD,MACD 金叉 (多頭區),None,0.0,0.68,0.3651,,0.3651,0,504,0.0103,71.67,72.41,73.15,70.95,2026-09-02,3,False
ADP,Information Technology,Software - Application,RSI,RSI 維持強勢 (50-70),None,0.0,0.51,0.3645,,0.3645,0,16764,0.0088,281.16,283.63,286.11,278.35,2026-09-02,3,False
BR,Information Technology,Information Technology Services,RSI,RSI 維持強勢 (50-70),None,0.0,0.51,0.3645,,0.3645,0,16764,0.0088,178.06,179.63,181.19,176.28,2026-09-02,3,False
CACI,Information Technology,Information Technology Services,RSI,RSI 維持強勢 (50-70),None,0.0,0.51,0.3645,,0.3645,0,16764,0.0088,614.27,619.68,625.08,608.13,2026-09-02,3,False
FISV,Information Technology,Financial Technology,RSI,RSI 維持強勢 (50-70),None,0.0,0.51,0.3645,,0.3645,0,16764,0.0088,53.31,53.78,54.25,52.78,2026-08-31,3,False
GIB,Information Technology,Information Technology Services,RSI,RSI 維持強勢 (50-70),None,0.0,0.51,0.3645,,0.3645,0,16764,0.0088,73.72,74.37,75.02,72.98,2026-09-01,3,False
INFY,Information Technology,Information Technology Services,RSI,RSI 維持強勢 (50-70),None,0.0,0.51,0.3645,,0.3645,0,16764,0.0088,11.97,12.08,12.18,11.85,2026-09-02,3,False
IOT,Information Technology,Software - Infrastructure,RSI,RSI 維持強勢 (50-70),None,0.0,0.51,0.3645,,0.3645,0,16764,0.0088,39.06,39.4,39.75,38.67,2026-09-01,3,False
JKHY,Information Technology,Information Technology Services,RSI,RSI 維持強勢 (50-70),None,0.0,0.51,0.3645,,0.3645,0,16764,0.0088,167.03,168.5,169.97,165.36,2026-09-02,3,False
MSTR,Information Technology,Software - Application,RSI,RSI 維持強勢 (50-70),None,0.0,0.51,0.3645,,0.3645,0,16764,0.0088,123.19,124.27,125.36,121.96,2026-09-02,3,False
NTNX,Information Technology,Software - Infrastructure,RSI,RSI 維持強勢 (50-70),None,0.0,0.51,0.3645,,0.3645,0,16764,0.0088,66.85,67.44,68.03,66.18,2026-09-02,3,False
RBRK,Information Technology,Software - Infrastructure,RSI,RSI 維持強勢 (50-70),None,0.0,0.51,0.3645,,0.3645,0,16764,0.0088,93.04,93.86,94.68,92.11,2026-08-31,3,False
SAP,Information Technology,Software - Application,RSI,RSI 維持強勢 (50-70),None,0.0,0.51,0.3645,,0.3645,0,16764,0.0088,209.69,211.54,213.38,207.59,2026-09-02,3,False
SHOP,Information Technology,Software - Application,RSI,RSI 維持強勢 (50-70),None,0.0,0.51,0.3645,,0.3645,0,16764,0.0088,147.37,148.67,149.96,145.9,2026-08-31,3,False
SONY,Information Technology,Consumer Electronics,RSI,RSI 維持強勢 (50-70),None,0.0,0.51,0.3645,,0.3645,0,16764,0.0088,24.65,24.87,25.08,24.4,2026-09-02,3,False
SSNC,Information Technology,Software - Application,RSI,RSI 維持強勢 (50-70),None,0.0,0.51,0.3645,,0.3645,0,16764,0.0088,82.55,83.28,84.0,81.72,2026-09-02,3,False
STRC,Information Technology,Software - Application,RSI,RSI 維持強勢 (50-70),None,0.0,0.51,0.3645,,0.3645,0,16764,0.0088,97.07,97.92,98.78,96.1,2026-09-02,3,False
STRD,Information Technology,Software - Application,RSI,RSI 維持強勢 (50-70),None,0.0,0.51,0.3645,,0.3645,0,16764,0.0088,72.85,73.49,74.13,72.12,2026-09-01,3,False
STRK,Information Technology,Software - Application,RSI,RSI 維持強勢 (50-70),None,0.0,0.51,0.3645,,0.3645,0,16764,0.0088,74.26,74.91,75.57,73.52,2026-09-02,3,False
U,Information Technology,Software - Application,RSI,RSI 維持強勢 (50-70),None,0.0,0.51,0.3645,,0.3645,0,16764,0.0088,42.1,42.47,42.84,41.68,2026-08-31,3,False
WSE,Information Technology,Information Technology Services,RSI,RSI 維持強勢 (50-70),None,0.0,0.51,0.3645,,0.3645,0,16764,0.0088,13.0,13.11,13.23,12.87,2026-09-02,3,False
XYZ,Information Technology,Software - Infrastructure,RSI,RSI 維持強勢 (50-70),None,0.0,0.51,0.3645,,0.3645,0,16764,0.0088,82.02,82.74,83.46,81.2,2026-08-31,3,False
ZS,Information Technology,Software - Infrastructure,RSI,RSI 維持強勢 (50-70),None,0.0,0.51,0.3645,,0.3645,0,16764,0.0088,172.73,174.25,175.77,171.0,2026-09-02,3,False
AAOI,Information Technology,Communication Equipment,BB,BB 中軌向上（上升趨勢）,None,0.0,0.51,0.3639,,0.3639,0,16781,0.009,103.39,104.32,105.25,102.36,2026-09-01,3,False
AMKR,Information Technology,Semiconductor Equipment & Materials,BB,BB 中軌向上（上升趨勢）,None,0.0,0.51,0.3639,,0.3639,0,16781,0.009,47.2131,47.64,48.06,46.74,2026-08-31,3,False
ARM,Information Technology,Semiconductors,BB,BB 中軌向上（上升趨勢）,None,0.0,0.51,0.3639,,0.3639,0,16781,0.009,241.91,244.09,246.26,239.49,2026-08-31,3,False
ASML,Information Technology,Semiconductor Equipment & Materials,BB,BB 中軌向上（上升趨勢）,None,0.0,0.51,0.3639,,0.3639,0,16781,0.009,1665.14,1680.13,1695.11,1648.49,2026-09-01,3,False
ASX,Information Technology,Semiconductors,BB,BB 中軌向上（上升趨勢）,None,0.0,0.51,0.3639,,0.3639,0,16781,0.009,37.08,37.41,37.75,36.71,2026-09-02,3,False
CRWV,Information Technology,Software - Infrastructure,BB,BB 中軌向上（上升趨勢）,None,0.0,0.51,0.3639,,0.3639,0,16781,0.009,81.85,82.59,83.32,81.03,2026-09-01,3,False
ENTG,Information Technology,Semiconductor Equipment & Materials,BB,BB 中軌向上（上升趨勢）,None,0.0,0.51,0.3639,,0.3639,0,16781,0.009,131.31,132.49,133.67,130.0,2026-09-02,3,False
ERIC,Information Technology,Communication Equipment,BB,BB 中軌向上（上升趨勢）,None,0.0,0.51,0.3639,,0.3639,0,16781,0.009,10.09,10.18,10.27,9.99,2026-08-31,3,False
FORM,Information Technology,Semiconductor Equipment & Materials,BB,BB 中軌向上（上升趨勢）,None,0.0,0.51,0.3639,,0.3639,0,16781,0.009,100.61,101.52,102.42,99.6,2026-08-31,3,False
GRAB,Information Technology,Software - Application,BB,BB 中軌向上（上升趨勢）,None,0.0,0.51,0.3639,,0.3639,0,16781,0.009,3.54,3.57,3.6,3.5,2026-08-31,3,False
IONQ,Information Technology,Computer Hardware,BB,BB 中軌向上（上升趨勢）,None,0.0,0.51,0.3639,,0.3639,0,16781,0.009,37.78,38.12,38.46,37.4,2026-09-01,3,False
MRVL,Information Technology,Semiconductors,BB,BB 中軌向上（上升趨勢）,None,0.0,0.51,0.3639,,0.3639,0,16781,0.009,206.48,208.34,210.2,204.42,2026-09-02,3,False
NOK,Information Technology,Communication Equipment,BB,BB 中軌向上（上升趨勢）,None,0.0,0.51,0.3639,,0.3639,0,16781,0.009,9.84,9.93,10.02,9.74,2026-09-02,3,False
ONTO,Information Technology,Semiconductor Equipment & Materials,BB,BB 中軌向上（上升趨勢）,None,0.0,0.51,0.3639,,0.3639,0,16781,0.009,256.37,258.68,260.98,253.81,2026-09-01,3,False
P,Information Technology,Computer Hardware,BB,BB 中軌向上（上升趨勢）,None,0.0,0.51,0.3639,,0.3639,0,16781,0.009,92.43,93.26,94.09,91.51,2026-09-02,3,False
SIMO,Information Technology,Semiconductors,BB,BB 中軌向上（上升趨勢）,None,0.0,0.51,0.3639,,0.3639,0,16781,0.009,246.84,249.06,251.28,244.37,2026-08-31,3,False
SITM,Information Technology,Semiconductors,BB,BB 中軌向上（上升趨勢）,None,0.0,0.51,0.3639,,0.3639,0,16781,0.009,568.82,573.94,579.06,563.13,2026-09-02,3,False
STRF,Information Technology,Software - Application,BB,BB 中軌向上（上升趨勢）,None,0.0,0.51,0.3639,,0.3639,0,16781,0.009,102.84,103.77,104.69,101.81,2026-09-01,3,False
TEAM,Information Technology,Software - Application,BB,BB 中軌向上（上升趨勢）,None,0.0,0.51,0.3639,,0.3639,0,16781,0.009,186.44,188.12,189.8,184.58,2026-09-02,3,False
TSM,Information Technology,Semiconductors,BB,BB 中軌向上（上升趨勢）,None,0.0,0.51,0.3639,,0.3639,0,16781,0.009,415.5,419.24,422.98,411.34,2026-09-02,3,False
VIAV,Information Technology,Communication Equipment,BB,BB 中軌向上（上升趨勢）,None,0.0,0.51,0.3639,,0.3639,0,16781,0.009,36.29,36.62,36.94,35.93,2026-08-31,3,False
ZM,Information Technology,Software - Application,BB,BB 中軌向上（上升趨勢）,None,0.0,0.51,0.3639,,0.3639,0,16781,0.009,96.68,97.55,98.42,95.71,2026-08-31,3,False
D,Utilities,Utilities - Regulated Electric,KDJ,KDJ 金叉,None,0.0,0.5525,0.3636,0.3636,0.3001,11,713,0.0196,66.38,67.68,68.98,65.72,2026-09-01,3,False
KMI,Energy,Oil & Gas Midstream,KDJ,KDJ 金叉,None,0.0,0.5525,0.3636,0.3636,0.3614,22,498,0.0135,32.24,32.68,33.11,31.92,2026-08-31,3,False
MET,Financials,Insurance - Life,KDJ,KDJ 金叉,None,0.0,0.5525,0.3636,0.3636,0.3142,22,1932,0.0133,96.42,97.7,98.98,95.46,2026-09-02,3,False
TTWO,Communication Services,Electronic Gaming & Multimedia,BB,BB 跌破下軌 (超賣),None,0.0,0.45499999999999996,0.3636,0.3636,0.33,11,397,0.002,216.14,216.57,217.0,213.98,2026-09-02,3,False
TPL,Energy,Oil & Gas E&P,BB,價格在 BB 中軌上方,None,0.0,0.425,0.3636,0.3636,0.2998,275,5768,0.003,367.32,368.42,369.52,363.65,2026-09-02,3,False
SMCI,Information Technology,Computer Hardware,BB,BB 中軌向上（上升趨勢）,None,0.0,0.51,0.3624,0.3624,0.3639,287,16781,-0.0146,37.0,36.46,35.92,36.63,2026-09-02,3,False
ESI,Materials,Specialty Chemicals,RSI,RSI 加速上升,None,0.0,0.5525,0.3616,,0.3616,0,177,0.0,35.46,35.46,35.46,35.11,2026-08-31,3,True
CVE,Energy,Oil & Gas Integrated,KDJ,KDJ 金叉,None,0.0,0.5525,0.3614,,0.3614,0,498,0.0061,33.13,33.33,33.53,32.8,2026-09-01,3,False
E,Energy,Oil & Gas Integrated,KDJ,KDJ 金叉,None,0.0,0.5525,0.3614,,0.3614,0,498,0.0061,55.53,55.87,56.21,54.97,2026-09-01,3,False
EC,Energy,Oil & Gas Integrated,KDJ,KDJ 金叉,None,0.0,0.5525,0.3614,,0.3614,0,498,0.0061,17.45,17.56,17.66,17.28,2026-09-01,3,False
EQNR,Energy,Oil & Gas Integrated,KDJ,KDJ 金叉,None,0.0,0.5525,0.3614,,0.3614,0,498,0.0061,44.23,44.5,44.77,43.79,2026-09-01,3,False
ET,Energy,Oil & Gas Midstream,KDJ,KDJ 金叉,None,0.0,0.5525,0.3614,,0.3614,0,498,0.0061,21.51,21.64,21.77,21.29,2026-08-31,3,False
FTI,Energy,Oil & Gas Equipment & Services,KDJ,KDJ 金叉,None,0.0,0.5525,0.3614,,0.3614,0,498,0.0061,78.15,78.63,79.1,77.37,2026-08-31,3,False
OVV,Energy,Oil & Gas E&P,KDJ,KDJ 金叉,None,0.0,0.5525,0.3614,,0.3614,0,498,0.0061,66.58,66.99,67.39,65.91,2026-09-01,3,False
PBA,Energy,Oil & Gas Midstream,KDJ,KDJ 金叉,None,0.0,0.5525,0.3614,,0.3614,0,498,0.0061,49.03,49.33,49.63,48.54,2026-09-01,3,False
PR,Energy,Oil & Gas E&P,KDJ,KDJ 金叉,None,0.0,0.5525,0.3614,,0.3614,0,498,0.0061,23.82,23.97,24.11,23.58,2026-09-02,3,False
SUN,Energy,Oil & Gas Refining & Marketing,KDJ,KDJ 金叉,None,0.0,0.5525,0.3614,,0.3614,0,498,0.0061,76.99,77.46,77.93,76.22,2026-09-01,3,False
TRP,Energy,Oil & Gas Midstream,KDJ,KDJ 金叉,None,0.0,0.5525,0.3614,,0.3614,0,498,0.0061,62.53,62.91,63.29,61.9,2026-08-31,3,False
VG,Energy,Oil & Gas Midstream,KDJ,KDJ 金叉,None,0.0,0.5525,0.3614,,0.3614,0,498,0.0061,14.64,14.73,14.82,14.49,2026-08-31,3,False
VNOM,Energy,Oil & Gas Midstream,KDJ,KDJ 金叉,None,0.0,0.5525,0.3614,,0.3614,0,498,0.0061,45.39,45.67,45.94,44.94,2026-09-01,3,False
WES,Energy,Oil & Gas Midstream,KDJ,KDJ 金叉,None,0.0,0.5525,0.3614,,0.3614,0,498,0.0061,48.99,49.29,49.59,48.5,2026-09-01,3,False
YPF,Energy,Oil & Gas Integrated,KDJ,KDJ 金叉,None,0.0,0.5525,0.3614,,0.3614,0,498,0.0061,51.58,51.89,52.21,51.06,2026-08-31,3,False
BPOP,Financials,Banks - Regional,KDJ,KDJ 金叉,None,0.0,0.5525,0.3611,,0.3611,0,108,0.0084,170.57,172.0,173.44,168.86,2026-09-02,3,True
CFG,Financials,Banks - Regional,KDJ,KDJ 金叉,None,0.0,0.5525,0.3611,,0.3611,0,108,0.0084,69.78,70.37,70.95,69.08,2026-09-02,3,True
TS,Energy,Oil & Gas Equipment & Services,RSI,RSI 上穿 50 中性線,None,0.0,0.4675,0.361,,0.361,0,579,0.0056,55.87,56.18,56.5,55.31,2026-08-31,3,False
XPO,Industrials,Trucking,KDJ,KDJ 金叉,None,0.0,0.5525,0.3609,,0.3609,0,133,0.01,193.99,195.93,197.87,192.05,2026-08-31,3,True
MPC,Energy,Oil & Gas Refining & Marketing,RSI,RSI 加速上升,None,0.0,0.5525,0.3608,0.3608,0.3227,158,3306,0.0075,387.0,389.9,392.8,383.13,2026-09-02,3,False
ON,Information Technology,Semiconductors,RSI,RSI 加速上升,None,0.0,0.5525,0.3607,0.3607,0.3693,122,10688,-0.002,74.09,73.94,73.79,73.35,2026-08-31,3,False
CVX,Energy,Oil & Gas Integrated,KDJ,KDJ 金叉,None,0.0,0.5525,0.36,0.36,0.3614,25,498,0.0072,211.05,212.57,214.09,208.94,2026-09-01,3,False
CDW,Information Technology,Information Technology Services,RSI,RSI 維持強勢 (50-70),None,0.0,0.51,0.3591,0.3591,0.3645,181,16764,0.0017,148.67,148.92,149.18,147.18,2026-09-02,3,False
MOS,Materials,Agricultural Inputs,RSI,RSI 動能加速（強勢區）,None,0.0,0.51,0.359,0.359,0.2962,39,942,-0.0019,25.78,25.73,25.68,25.52,2026-09-02,3,False
NIO,Consumer Discretionary,Auto Manufacturers,RSI,RSI 超賣區域 (30),None,0.0,0.5249999999999999,0.3582,,0.3582,0,67,-0.0017,4.06,4.05,4.05,4.02,2026-09-01,3,True
ABNB,Consumer Discretionary,Travel Services,BB,價格在 BB 中軌上方,None,0.0,0.425,0.3581,0.3581,0.2984,215,12430,0.0059,183.26,184.34,185.42,181.43,2026-09-02,3,False
CNH,Industrials,Farm & Heavy Construction Machinery,RSI,RSI 維持強勢 (50-70),None,0.0,0.51,0.3579,,0.3579,0,746,0.0057,11.83,11.9,11.96,11.71,2026-08-31,3,True
GFL,Industrials,Waste Management,RSI,RSI 維持強勢 (50-70),None,0.0,0.51,0.3579,,0.3579,0,746,0.0057,42.29,42.53,42.77,41.87,2026-08-31,3,True
UNP,Industrials,Railroads,RSI,RSI 維持強勢 (50-70),None,0.0,0.51,0.3579,,0.3579,0,746,0.0057,300.67,302.38,304.1,297.66,2026-08-31,3,True
BMY,Health Care,Drug Manufacturers - General,BB,BB 中軌向上（上升趨勢）,Bullish Engulfing,0.75,1.0,0.3577,,0.3577,0,260,0.0085,67.66,68.24,68.81,66.98,2026-09-02,3,False
GH,Health Care,Diagnostics & Research,BB,BB 中軌向上（上升趨勢）,Bullish Engulfing,0.75,1.0,0.3577,,0.3577,0,260,0.0085,164.41,165.81,167.2,162.77,2026-09-01,3,False
INSM,Health Care,Biotechnology,BB,BB 中軌向上（上升趨勢）,Bullish Engulfing,0.75,1.0,0.3577,,0.3577,0,260,0.0085,126.63,127.71,128.78,125.36,2026-09-02,3,False
NTRA,Health Care,Diagnostics & Research,BB,BB 中軌向上（上升趨勢）,Bullish Engulfing,0.75,1.0,0.3577,,0.3577,0,260,0.0085,325.165,327.93,330.69,321.91,2026-09-02,3,False
AUR,Consumer Discretionary,Auto Parts,KDJ,KDJ 金叉,Bullish Engulfing,0.75,1.0,0.3571,,0.3571,0,70,0.007,5.85,5.89,5.93,5.79,2026-09-02,3,False
AVGO,Information Technology,Semiconductors,RSI,RSI 加速上升,None,0.0,0.5525,0.3571,0.3571,0.3693,154,10688,0.0073,369.68,372.38,375.08,365.98,2026-09-01,3,False
HBAN,Financials,Banks - Regional,KDJ,KDJ 金叉,None,0.0,0.5525,0.3571,0.3571,0.3142,14,1932,0.0196,16.88,17.21,17.54,16.71,2026-09-02,3,False
ZBRA,Information Technology,Communication Equipment,RSI,RSI 動能加速（強勢區）,None,0.0,0.51,0.3571,0.3571,0.366,28,2885,0.0072,351.11,353.64,356.17,347.6,2026-09-02,3,False
APO,Financials,Asset Management,BB,BB 中軌向上（上升趨勢）,None,0.0,0.51,0.3558,0.3558,0.2681,267,16575,0.0095,132.29,133.55,134.8,130.97,2026-09-02,3,False
BAX,Health Care,Medical Instruments & Supplies,RSI,RSI 維持強勢 (50-70),None,0.0,0.51,0.3558,0.3558,0.2772,163,12123,0.0042,26.0,26.11,26.22,25.74,2026-08-31,3,False
IP,Consumer Discretionary,Packaging & Containers,BB,BB 跌破下軌 (超賣),None,0.0,0.45499999999999996,0.3556,,0.3556,0,239,0.0004,36.46,36.47,36.49,36.1,2026-09-01,3,True
PBR,Energy,Oil & Gas Integrated,BB,價格在 BB 中軌上方,None,0.0,0.425,0.3547,,0.3547,0,203,0.0031,20.33,20.39,20.46,20.13,2026-09-01,3,True
EXPE,Consumer Discretionary,Travel Services,BB,BB 中軌向上（上升趨勢）,None,0.0,0.51,0.3534,0.3534,0.2908,232,9757,-0.0013,308.06,307.66,307.26,304.98,2026-09-02,3,False
GD,Industrials,Aerospace & Defense,BB,BB 跌破下軌 (超賣),None,0.0,0.45499999999999996,0.3532,,0.3532,0,436,0.0052,364.07,365.96,367.86,360.43,2026-09-02,3,True
ITW,Industrials,Specialty Industrial Machinery,BB,BB 跌破下軌 (超賣),None,0.0,0.45499999999999996,0.3532,,0.3532,0,436,0.0052,269.09,270.49,271.89,266.4,2026-09-02,3,True
PFG,Financials,Asset Management,KDJ,KDJ 金叉,None,0.0,0.5525,0.3529,0.3529,0.3142,17,1932,0.0156,111.31,113.05,114.78,110.2,2026-09-02,3,False
EL,Consumer Staples,Household & Personal Products,BB,價格在 BB 中軌上方,None,0.0,0.425,0.3525,0.3525,0.2432,278,8891,-0.0015,101.15,101.0,100.85,100.14,2026-09-02,3,False
JAZZ,Health Care,Biotechnology,RSI,RSI 上穿 50 中性線,Bullish Engulfing,0.75,0.9735000000000001,0.3519,,0.3519,0,54,0.0013,250.68,251.01,251.33,248.17,2026-08-31,3,False
REG,Real Estate,REIT - Retail,KDJ,KDJ 金叉,None,0.0,0.5525,0.35,0.35,0.2818,20,550,0.0105,76.06,76.86,77.66,75.3,2026-09-01,3,False
FTNT,Information Technology,Software - Infrastructure,RSI,RSI 動能加速（強勢區）,None,0.0,0.51,0.35,0.35,0.366,20,2885,-0.0037,170.93,170.3,169.67,169.22,2026-08-31,3,False
LULU,Consumer Discretionary,Apparel Retail,RSI,RSI 上穿 50 中性線,None,0.0,0.4675,0.35,0.35,0.3072,20,1123,0.012,120.07,121.51,122.95,118.87,2026-09-02,3,False
MTD,Health Care,Diagnostics & Research,BB,BB 跌破下軌 (超賣),None,0.0,0.45499999999999996,0.35,0.35,0.2752,20,974,0.0063,1367.74,1376.36,1384.97,1354.06,2026-09-02,3,False
HAL,Energy,Oil & Gas Equipment & Services,RSI,RSI 動能加速（強勢區）,None,0.0,0.51,0.3488,0.3488,0.3265,43,873,0.0082,37.63,37.94,38.25,37.25,2026-09-02,3,False
BAM,Financials,Asset Management,BB,BB 跌破下軌 (超賣),None,0.0,0.45499999999999996,0.3485,,0.3485,0,1277,0.0043,49.66,49.87,50.09,49.16,2026-09-01,3,False
CG,Financials,Asset Management,BB,BB 跌破下軌 (超賣),None,0.0,0.45499999999999996,0.3485,,0.3485,0,1277,0.0043,46.54,46.74,46.94,46.07,2026-09-01,3,False
PNFP,Financials,Banks - Regional,BB,BB 跌破下軌 (超賣),None,0.0,0.45499999999999996,0.3485,,0.3485,0,1277,0.0043,97.03,97.45,97.86,96.06,2026-09-01,3,False
PUK,Financials,Insurance - Life,BB,BB 跌破下軌 (超賣),None,0.0,0.45499999999999996,0.3485,,0.3485,0,1277,0.0043,27.08,27.2,27.31,26.81,2026-09-01,3,False
RKT,Financials,Mortgage Finance,BB,BB 跌破下軌 (超賣),None,0.0,0.45499999999999996,0.3485,,0.3485,0,1277,0.0043,13.03,13.09,13.14,12.9,2026-09-01,3,False
SOFI,Financials,Credit Services,BB,BB 跌破下軌 (超賣),None,0.0,0.45499999999999996,0.3485,,0.3485,0,1277,0.0043,17.05,17.12,17.2,16.88,2026-09-01,3,False
UMBF,Financials,Banks - Regional,BB,BB 跌破下軌 (超賣),None,0.0,0.45499999999999996,0.3485,,0.3485,0,1277,0.0043,137.95,138.54,139.14,136.57,2026-09-01,3,False
WBD,Communication Services,Entertainment,BB,BB 中軌向上（上升趨勢）,None,0.0,0.51,0.345,0.345,0.2943,171,4771,-0.001,28.39,28.36,28.33,28.11,2026-09-02,3,False
BROS,Consumer Discretionary,Restaurants,RSI,RSI 超賣區域 (30),None,0.0,0.5249999999999999,0.3448,,0.3448,0,203,0.0038,46.31,46.49,46.66,45.85,2026-09-01,3,False
H,Consumer Discretionary,Lodging,RSI,RSI 超賣區域 (30),None,0.0,0.5249999999999999,0.3448,,0.3448,0,203,0.0038,162.55,163.17,163.79,160.92,2026-09-01,3,False
MAR,Consumer Discretionary,Lodging,RSI,RSI 超賣區域 (30),None,0.0,0.5249999999999999,0.3448,,0.3448,0,203,0.0038,333.14,334.41,335.67,329.81,2026-09-02,3,False
VIK,Consumer Discretionary,Travel Services,RSI,RSI 超賣區域 (30),None,0.0,0.5249999999999999,0.3448,,0.3448,0,203,0.0038,85.03,85.35,85.68,84.18,2026-09-01,3,False
BBD,Financials,Banks - Regional,RSI,RSI 維持強勢 (50-70),None,0.0,0.51,0.3448,,0.3448,0,609,0.0048,3.45,3.47,3.48,3.42,2026-09-02,3,True
BCH,Financials,Banks - Regional,RSI,RSI 維持強勢 (50-70),None,0.0,0.51,0.3448,,0.3448,0,609,0.0048,42.38,42.58,42.79,41.96,2026-09-02,3,True
LPLA,Financials,Capital Markets,RSI,RSI 維持強勢 (50-70),None,0.0,0.51,0.3448,,0.3448,0,609,0.0048,357.63,359.35,361.06,354.05,2026-09-01,3,True
OWL,Financials,Asset Management,RSI,RSI 維持強勢 (50-70),None,0.0,0.51,0.3448,,0.3448,0,609,0.0048,11.68,11.74,11.79,11.56,2026-09-01,3,True
UBS,Financials,Banks - Diversified,RSI,RSI 維持強勢 (50-70),None,0.0,0.51,0.3448,,0.3448,0,609,0.0048,55.72,55.99,56.25,55.16,2026-08-31,3,True
WBS,Financials,Banks - Regional,RSI,RSI 維持強勢 (50-70),None,0.0,0.51,0.3448,,0.3448,0,609,0.0048,77.97,78.34,78.72,77.19,2026-08-18,3,True
VLO,Energy,Oil & Gas Refining & Marketing,BB,價格在 BB 中軌上方,None,0.0,0.425,0.3448,0.3448,0.2998,232,5768,0.0031,366.09,367.22,368.36,362.43,2026-09-02,3,False
GRMN,Information Technology,Scientific & Technical Instruments,BB,BB 跌破下軌 (超賣),None,0.0,0.45499999999999996,0.3447,,0.3447,0,1001,0.0043,275.17,276.35,277.54,272.42,2026-09-01,3,False
UHS,Health Care,Medical Care Facilities,RSI,RSI 維持強勢 (50-70),None,0.0,0.51,0.3424,0.3424,0.2772,184,12123,0.0014,170.75,170.99,171.23,169.04,2026-09-01,3,False
EFX,Industrials,Consulting Services,BB,價格在 BB 中軌上方,None,0.0,0.425,0.3415,0.3415,0.295,205,22337,-0.0018,186.2,185.86,185.53,184.34,2026-09-01,3,False
GEN,Information Technology,Software - Infrastructure,BB,BB 中軌向上（上升趨勢）,None,0.0,0.51,0.3408,0.3408,0.3639,179,16781,0.006,30.65,30.83,31.02,30.34,2026-09-02,3,False
ICLR,Health Care,Diagnostics & Research,BB,BB 中軌向上（上升趨勢）,None,0.0,0.51,0.3402,,0.3402,0,579,0.0005,159.84,159.92,160.0,158.24,2026-09-02,3,True
DASH,Consumer Discretionary,Internet Retail,RSI,RSI 維持強勢 (50-70),None,0.0,0.51,0.3377,0.3377,0.2995,231,10441,0.001,226.24,226.47,226.69,223.98,2026-09-02,3,False
CBOE,Financials,Financial Data & Stock Exchanges,RSI,RSI 維持強勢 (50-70),None,0.0,0.51,0.3371,0.3371,0.2842,267,19108,0.0055,307.62,309.31,311.0,304.54,2026-09-01,3,False
ECHO,Communication Services,Telecom Services,KDJ,KDJ 金叉,None,0.0,0.5525,0.3345,,0.3345,0,550,0.0065,86.44,87.0,87.56,85.58,2026-08-31,3,False
GSAT,Communication Services,Telecom Services,KDJ,KDJ 金叉,None,0.0,0.5525,0.3345,,0.3345,0,550,0.0065,81.46,81.99,82.52,80.65,2026-09-02,3,False
RBLX,Communication Services,Electronic Gaming & Multimedia,KDJ,KDJ 金叉,None,0.0,0.5525,0.3345,,0.3345,0,550,0.0065,41.29,41.56,41.83,40.88,2026-08-31,3,False
SPOT,Communication Services,Internet Content & Information,KDJ,KDJ 金叉,None,0.0,0.5525,0.3345,,0.3345,0,550,0.0065,559.36,563.0,566.63,553.77,2026-09-02,3,False
TIGO,Communication Services,Telecom Services,KDJ,KDJ 金叉,None,0.0,0.5525,0.3345,,0.3345,0,550,0.0065,95.25,95.87,96.49,94.3,2026-09-02,3,False
TIMB,Communication Services,Telecom Services,KDJ,KDJ 金叉,None,0.0,0.5525,0.3345,,0.3345,0,550,0.0065,18.14,18.26,18.38,17.96,2026-09-01,3,False
MCK,Health Care,Medical Distribution,RSI,RSI 維持強勢 (50-70),Consolidation Breakout,0.75,1.0,0.3333,0.3333,0.2427,30,791,0.011,924.78,934.95,945.13,915.53,2026-09-02,3,False
NRG,Utilities,Utilities - Independent Power Producers,KDJ,KDJ 超賣區金叉,Morning Star,0.8,1.0,0.3333,,0.3333,0,6,0.005,111.09,111.65,112.2,109.98,2026-09-02,3,False
CIFR,Information Technology,Information Technology Services,MACD,MACD 金叉 (空頭區),Bullish Engulfing,0.75,0.945,0.3333,,0.3333,0,15,0.0061,15.18,15.27,15.37,15.03,2026-09-02,3,False
DG,Consumer Staples,Discount Stores,MACD,MACD 金叉 (多頭區),None,0.0,0.68,0.3333,,0.3333,0,21,0.0024,126.75,127.05,127.36,125.48,2026-08-31,3,True
CMS,Utilities,Utilities - Regulated Electric,KDJ,KDJ 超賣區金叉,None,0.0,0.5599999999999999,0.3333,0.3333,0.2521,12,472,0.0079,68.06,68.6,69.14,67.38,2026-09-02,3,False
F,Consumer Discretionary,Auto Manufacturers,KDJ,KDJ 金叉,None,0.0,0.5525,0.3333,0.3333,0.3183,15,1244,0.0004,14.14,14.15,14.15,14.0,2026-09-02,3,False
TFC,Financials,Banks - Regional,KDJ,KDJ 金叉,None,0.0,0.5525,0.3333,0.3333,0.3142,18,1932,0.0103,50.81,51.33,51.86,50.3,2026-09-02,3,False
WM,Industrials,Waste Management,KDJ,KDJ 金叉,None,0.0,0.5525,0.3333,0.3333,0.3223,24,2110,0.0082,219.04,220.84,222.63,216.85,2026-09-02,3,False
CAG,Consumer Staples,Packaged Foods,BB,BB 中軌向上（上升趨勢）,None,0.0,0.51,0.3333,0.3333,0.2466,114,6128,0.0085,16.18,16.32,16.46,16.02,2026-09-02,3,False
DIS,Communication Services,Entertainment,RSI,RSI 動能加速（強勢區）,None,0.0,0.51,0.3333,0.3333,0.3135,27,772,0.0013,107.98,108.12,108.26,106.9,2026-09-02,3,False
JPM,Financials,Banks - Diversified,RSI,RSI 維持強勢 (50-70),None,0.0,0.51,0.3333,0.3333,0.2842,282,19108,0.005,356.22,358.0,359.78,352.66,2026-09-02,3,False
AXP,Financials,Credit Services,BB,BB 跌破下軌 (超賣),None,0.0,0.45499999999999996,0.3333,0.3333,0.3485,15,1277,-0.0053,324.19,322.47,320.75,320.95,2026-09-01,3,False
CSX,Industrials,Railroads,BB,BB 跌破下軌 (超賣),None,0.0,0.45499999999999996,0.3333,0.3333,0.2838,21,1258,0.0034,48.65,48.82,48.98,48.16,2026-09-02,3,False
GS,Financials,Capital Markets,BB,BB 跌破下軌 (超賣),None,0.0,0.45499999999999996,0.3333,0.3333,0.3485,18,1277,-0.0065,1002.56,996.04,989.53,992.53,2026-09-01,3,False
SYK,Health Care,Medical Devices,BB,BB 跌破下軌 (超賣),None,0.0,0.45499999999999996,0.3333,0.3333,0.2752,18,974,0.0016,312.19,312.69,313.19,309.07,2026-09-02,3,False
DTE,Utilities,Utilities - Regulated Electric,MACD,MACD 金叉 (空頭區),None,0.0,0.42,0.3333,0.3333,0.2494,12,409,0.0007,136.06,136.16,136.25,134.7,2026-09-01,3,False
MNST,Consumer Staples,Beverages - Non-Alcoholic,RSI,RSI 維持超賣,None,0.0,0.385,0.3333,0.3333,0.2366,9,744,-0.0022,44.42,44.32,44.22,43.98,2026-09-02,3,False
CHTR,Communication Services,Telecom Services,RSI,RSI 維持強勢 (50-70),None,0.0,0.51,0.3315,0.3315,0.3082,178,5205,-0.0055,158.97,158.1,157.22,157.38,2026-09-02,3,False
HBANP,Financials,Banks - Regional,RSI,RSI 維持強勢 (50-70),Bullish Engulfing,0.75,1.0,0.3314,,0.3314,0,353,0.0074,16.52,16.64,16.76,16.35,2026-08-31,3,False
HSIC,Health Care,Medical Distribution,BB,價格在 BB 中軌上方,None,0.0,0.425,0.3314,0.3314,0.2804,169,14417,-0.0009,90.39,90.31,90.23,89.49,2026-09-02,3,False
ARES,Financials,Asset Management,RSI,RSI 維持強勢 (50-70),None,0.0,0.51,0.3313,0.3313,0.2842,329,19108,0.0049,138.06,138.74,139.41,136.68,2026-09-02,3,False
BWXT,Industrials,Aerospace & Defense,MACD,MACD 金叉 (空頭區),None,0.0,0.42,0.3303,,0.3303,0,875,0.0053,161.54,162.4,163.25,159.92,2026-09-01,3,False
RRX,Industrials,Specialty Industrial Machinery,MACD,MACD 金叉 (空頭區),None,0.0,0.42,0.3303,,0.3303,0,875,0.0053,160.77,161.62,162.47,159.16,2026-09-02,3,False
HBANM,Financials,Banks - Regional,MACD,MACD 突破 0 軸,None,0.0,0.595,0.3301,,0.3301,0,618,0.0061,20.825,20.95,21.08,20.62,2026-08-31,3,False
TD,Financials,Banks - Diversified,MACD,MACD 突破 0 軸,None,0.0,0.595,0.3301,,0.3301,0,618,0.0061,121.47,122.21,122.95,120.26,2026-09-02,3,False
FWONK,Communication Services,Entertainment,BB,BB 跌破下軌 (超賣),None,0.0,0.45499999999999996,0.33,,0.33,0,397,0.0048,97.4,97.87,98.34,96.43,2026-09-02,3,False
PINS,Communication Services,Internet Content & Information,BB,BB 跌破下軌 (超賣),None,0.0,0.45499999999999996,0.33,,0.33,0,397,0.0048,21.22,21.32,21.42,21.01,2026-09-02,3,False
ITUB,Financials,Banks - Regional,BB,價格在 BB 中軌上方,Bullish Engulfing,0.75,0.9075,0.3294,,0.3294,0,337,0.0051,7.677,7.72,7.76,7.6,2026-09-01,3,False
RS,Materials,Steel,RSI,RSI 上穿 50 中性線,None,0.0,0.4675,0.3294,,0.3294,0,595,0.0031,400.21,401.45,402.69,396.21,2026-09-02,3,False
SBS,Utilities,Utilities - Regulated Water,BB,價格在 BB 中軌上方,None,0.0,0.425,0.3287,,0.3287,0,432,0.0089,5.09,5.14,5.18,5.04,2026-09-02,3,True
RNR,Financials,Insurance - Reinsurance,RSI,RSI 維持強勢 (50-70),Support,0.8,1.0,0.3276,,0.3276,0,58,0.0022,327.64,328.36,329.08,324.36,2026-08-31,3,False
AR,Energy,Oil & Gas E&P,RSI,RSI 動能加速（強勢區）,None,0.0,0.51,0.3265,,0.3265,0,873,0.0005,39.81,39.83,39.85,39.41,2026-09-01,3,False
CQP,Energy,Oil & Gas Midstream,RSI,RSI 動能加速（強勢區）,None,0.0,0.51,0.3265,,0.3265,0,873,0.0005,70.29,70.33,70.36,69.59,2026-08-31,3,False
EPD,Energy,Oil & Gas Midstream,RSI,RSI 動能加速（強勢區）,None,0.0,0.51,0.3265,,0.3265,0,873,0.0005,39.28,39.3,39.32,38.89,2026-09-01,3,False
IMO,Energy,Oil & Gas Integrated,RSI,RSI 動能加速（強勢區）,None,0.0,0.51,0.3265,,0.3265,0,873,0.0005,134.94,135.01,135.07,133.59,2026-09-01,3,False
TMO,Health Care,Diagnostics & Research,RSI,RSI 維持強勢 (50-70),None,0.0,0.51,0.3265,0.3265,0.2772,196,12123,0.0039,608.54,610.91,613.29,602.45,2026-09-02,3,False
BPYPO,Real Estate,Real Estate Services,RSI,RSI 加速上升,None,0.0,0.5525,0.3264,,0.3264,0,193,0.0078,15.037,15.15,15.27,14.89,2026-08-31,3,True
AGNCM,Real Estate,REIT - Mortgage,BB,價格在 BB 中軌上方,Consolidation Breakout,0.85,1.0,0.3261,,0.3261,0,46,0.0094,25.24,25.48,25.71,24.99,2026-09-02,3,True
BIDU,Communication Services,Internet Content & Information,MACD,MACD 金叉 (空頭區),None,0.0,0.42,0.3254,,0.3254,0,252,0.0044,95.28,95.7,96.12,94.33,2026-08-31,3,False
TLK,Communication Services,Telecom Services,RSI,RSI 上穿 50 中性線,None,0.0,0.4675,0.3243,,0.3243,0,518,0.004,14.74,14.8,14.86,14.59,2026-09-01,3,False
A,Health Care,Diagnostics & Research,RSI,RSI 維持強勢 (50-70),None,0.0,0.51,0.3237,0.3237,0.2772,207,12123,0.0002,151.39,151.42,151.45,149.88,2026-09-02,3,False
PODD,Health Care,Medical Devices,BB,價格在 BB 中軌上方,None,0.0,0.425,0.3234,0.3234,0.2804,201,14417,0.0063,148.14,149.07,150.01,146.66,2026-09-02,3,False
DINO,Energy,Oil & Gas Refining & Marketing,RSI,RSI 加速上升,None,0.0,0.5525,0.3227,,0.3227,0,3306,0.0024,106.06,106.31,106.57,105.0,2026-09-02,3,False
DTM,Energy,Oil & Gas Midstream,RSI,RSI 加速上升,None,0.0,0.5525,0.3227,,0.3227,0,3306,0.0024,129.99,130.3,130.61,128.69,2026-09-01,3,False
ENB,Energy,Oil & Gas Midstream,RSI,RSI 加速上升,None,0.0,0.5525,0.3227,,0.3227,0,3306,0.0024,50.72,50.84,50.96,50.21,2026-09-01,3,False
PAA,Energy,Oil & Gas Midstream,RSI,RSI 加速上升,None,0.0,0.5525,0.3227,,0.3227,0,3306,0.0024,25.86,25.92,25.98,25.6,2026-09-01,3,False
CLH,Industrials,Waste Management,KDJ,KDJ 金叉,None,0.0,0.5525,0.3223,,0.3223,0,2110,0.0051,315.22,316.83,318.44,312.07,2026-09-02,3,False
ITT,Industrials,Specialty Industrial Machinery,KDJ,KDJ 金叉,None,0.0,0.5525,0.3223,,0.3223,0,2110,0.0051,201.0,202.03,203.05,198.99,2026-09-02,3,False
SAIA,Industrials,Trucking,KDJ,KDJ 金叉,None,0.0,0.5525,0.3223,,0.3223,0,2110,0.0051,355.13,356.94,358.75,351.58,2026-08-31,3,False
SYM,Industrials,Specialty Industrial Machinery,KDJ,KDJ 金叉,None,0.0,0.5525,0.3223,,0.3223,0,2110,0.0051,39.87,40.07,40.28,39.47,2026-09-02,3,False
ULS,Industrials,Specialty Business Services,KDJ,KDJ 金叉,None,0.0,0.5525,0.3223,,0.3223,0,2110,0.0051,74.12,74.5,74.88,73.38,2026-09-02,3,False
GM,Consumer Discretionary,Auto Manufacturers,RSI,RSI 維持強勢 (50-70),None,0.0,0.51,0.3217,0.3217,0.2995,230,10441,0.0003,85.63,85.66,85.68,84.77,2026-09-01,3,False
HBANZ,Financials,Banks - Regional,MACD,MACD 金叉 (空頭區),None,0.0,0.42,0.3214,,0.3214,0,865,0.0073,19.23,19.37,19.51,19.04,2026-09-01,3,False
HDB,Financials,Banks - Regional,MACD,MACD 金叉 (空頭區),None,0.0,0.42,0.3214,,0.3214,0,865,0.0073,22.95,23.12,23.29,22.72,2026-09-01,3,False
NXPI,Information Technology,Semiconductors,RSI,RSI 加速上升,Morning Star,0.8,1.0,0.3211,,0.3211,0,109,0.012,228.5,231.24,233.98,226.22,2026-09-02,3,False
PSKY,Communication Services,Entertainment,BB,價格在 BB 中軌上方,Cup & Handle,0.81,1.0,0.321,0.321,0.2971,81,1801,0.0027,10.91,10.94,10.97,10.8,2026-08-31,3,False
HCA,Health Care,Medical Care Facilities,RSI,RSI 維持強勢 (50-70),None,0.0,0.51,0.321,0.321,0.2772,271,12123,0.0051,413.58,415.69,417.8,409.44,2026-09-01,3,False
REGN,Health Care,Biotechnology,BB,價格在 BB 中軌上方,None,0.0,0.425,0.3207,0.3207,0.2804,290,14417,0.0008,823.82,824.48,825.14,815.58,2026-09-01,3,False
CRM,Information Technology,Software - Application,RSI,RSI 加速上升,None,0.0,0.5525,0.3195,0.3195,0.3693,169,10688,-0.0026,256.93,256.26,255.59,254.36,2026-09-02,3,False
IBM,Information Technology,Information Technology Services,BB,BB 中軌向上（上升趨勢）,None,0.0,0.51,0.3194,0.3194,0.3639,216,16781,0.0059,231.7,233.07,234.43,229.38,2026-09-02,3,False
FLUT,Consumer Discretionary,Gambling,KDJ,KDJ 金叉,None,0.0,0.5525,0.3183,,0.3183,0,1244,0.0033,101.98,102.32,102.65,100.96,2026-09-02,3,False
HMC,Consumer Discretionary,Auto Manufacturers,KDJ,KDJ 金叉,None,0.0,0.5525,0.3183,,0.3183,0,1244,0.0033,32.44,32.55,32.65,32.12,2026-09-02,3,False
AZO,Consumer Discretionary,Auto Parts,KDJ,KDJ 金叉,None,0.0,0.5525,0.3182,0.3182,0.3183,22,1244,0.0145,2965.8301,3008.83,3051.84,2936.17,2026-09-01,3,False
UTHR,Health Care,Drug Manufacturers - Specialty & Generic,BB,BB 跌破下軌 (超賣),None,0.0,0.45499999999999996,0.3173,,0.3173,0,375,-0.0037,492.02,490.2,488.38,487.1,2026-09-02,3,True
SMMT,Health Care,Biotechnology,MACD,MACD 突破 0 軸,None,0.0,0.595,0.3171,,0.3171,0,432,0.0028,14.6,14.64,14.68,14.45,2026-09-02,3,False
DOW,Materials,Chemicals,RSI,RSI 加速上升,None,0.0,0.5525,0.3145,0.3145,0.3048,159,3639,-0.0053,31.28,31.11,30.95,30.97,2026-09-02,3,False
BRKRP,Health Care,Medical Devices,RSI,RSI 上穿 50 中性線,None,0.0,0.4675,0.3144,,0.3144,0,1323,0.003,435.53,436.84,438.14,431.17,2026-09-02,3,False
ELAN,Health Care,Drug Manufacturers - Specialty & Generic,RSI,RSI 上穿 50 中性線,None,0.0,0.4675,0.3144,,0.3144,0,1323,0.003,24.68,24.75,24.83,24.43,2026-09-02,3,False
IONS,Health Care,Biotechnology,RSI,RSI 上穿 50 中性線,None,0.0,0.4675,0.3144,,0.3144,0,1323,0.003,61.33,61.51,61.7,60.72,2026-09-02,3,False
MDLN,Health Care,Medical Instruments & Supplies,RSI,RSI 上穿 50 中性線,None,0.0,0.4675,0.3144,,0.3144,0,1323,0.003,36.3,36.41,36.52,35.94,2026-09-02,3,False
MEDP,Health Care,Diagnostics & Research,RSI,RSI 上穿 50 中性線,None,0.0,0.4675,0.3144,,0.3144,0,1323,0.003,593.02,594.8,596.58,587.09,2026-09-02,3,False
MOH,Health Care,Healthcare Plans,RSI,RSI 上穿 50 中性線,None,0.0,0.4675,0.3144,,0.3144,0,1323,0.003,203.06,203.67,204.28,201.03,2026-09-01,3,False
NVO,Health Care,Drug Manufacturers - General,RSI,RSI 上穿 50 中性線,None,0.0,0.4675,0.3144,,0.3144,0,1323,0.003,46.77,46.91,47.05,46.3,2026-09-02,3,False
SNY,Health Care,Drug Manufacturers - General,RSI,RSI 上穿 50 中性線,None,0.0,0.4675,0.3144,,0.3144,0,1323,0.003,44.47,44.6,44.74,44.03,2026-09-02,3,False
ALLY,Financials,Credit Services,KDJ,KDJ 金叉,None,0.0,0.5525,0.3142,,0.3142,0,1932,0.0041,42.66,42.83,43.01,42.23,2026-09-02,3,False
BAP,Financials,Banks - Regional,KDJ,KDJ 金叉,None,0.0,0.5525,0.3142,,0.3142,0,1932,0.0041,379.56,381.12,382.67,375.76,2026-09-02,3,False
BBDO,Financials,Banks - Regional,KDJ,KDJ 金叉,None,0.0,0.5525,0.3142,,0.3142,0,1932,0.0041,3.08,3.09,3.11,3.05,2026-09-02,3,False
BBVA,Financials,Banks - Diversified,KDJ,KDJ 金叉,None,0.0,0.5525,0.3142,,0.3142,0,1932,0.0041,29.16,29.28,29.4,28.87,2026-09-02,3,False
BMO,Financials,Banks - Diversified,KDJ,KDJ 金叉,None,0.0,0.5525,0.3142,,0.3142,0,1932,0.0041,172.82,173.53,174.24,171.09,2026-09-02,3,False
CM,Financials,Banks - Diversified,KDJ,KDJ 金叉,None,0.0,0.5525,0.3142,,0.3142,0,1932,0.0041,115.66,116.13,116.61,114.5,2026-09-02,3,False
EVR,Financials,Capital Markets,KDJ,KDJ 金叉,None,0.0,0.5525,0.3142,,0.3142,0,1932,0.0041,286.23,287.4,288.58,283.37,2026-09-01,3,False
EWBC,Financials,Banks - Regional,KDJ,KDJ 金叉,None,0.0,0.5525,0.3142,,0.3142,0,1932,0.0041,128.97,129.5,130.03,127.68,2026-09-02,3,False
FCNCA,Financials,Banks - Regional,KDJ,KDJ 金叉,None,0.0,0.5525,0.3142,,0.3142,0,1932,0.0041,2177.1101,2186.04,2194.96,2155.34,2026-09-02,3,False
FHN,Financials,Banks - Regional,KDJ,KDJ 金叉,None,0.0,0.5525,0.3142,,0.3142,0,1932,0.0041,24.57,24.67,24.77,24.32,2026-09-02,3,False
IREN,Financials,Capital Markets,KDJ,KDJ 金叉,None,0.0,0.5525,0.3142,,0.3142,0,1932,0.0041,39.6,39.76,39.92,39.2,2026-09-02,3,False
KLAR,Financials,Credit Services,KDJ,KDJ 金叉,None,0.0,0.5525,0.3142,,0.3142,0,1932,0.0041,14.69,14.75,14.81,14.54,2026-08-31,3,False
LYG,Financials,Banks - Regional,KDJ,KDJ 金叉,None,0.0,0.5525,0.3142,,0.3142,0,1932,0.0041,5.98,6.0,6.03,5.92,2026-09-02,3,False
MFC,Financials,Insurance - Life,KDJ,KDJ 金叉,None,0.0,0.5525,0.3142,,0.3142,0,1932,0.0041,43.29,43.47,43.64,42.86,2026-09-02,3,False
NWG,Financials,Banks - Regional,KDJ,KDJ 金叉,None,0.0,0.5525,0.3142,,0.3142,0,1932,0.0041,18.59,18.67,18.74,18.4,2026-09-02,3,False
ORI,Financials,Insurance - Property & Casualty,KDJ,KDJ 金叉,None,0.0,0.5525,0.3142,,0.3142,0,1932,0.0041,42.09,42.26,42.44,41.67,2026-09-02,3,False
RY,Financials,Banks - Diversified,KDJ,KDJ 金叉,None,0.0,0.5525,0.3142,,0.3142,0,1932,0.0041,203.48,204.31,205.15,201.45,2026-09-01,3,False
SAN,Financials,Banks - Diversified,KDJ,KDJ 金叉,None,0.0,0.5525,0.3142,,0.3142,0,1932,0.0041,14.75,14.81,14.87,14.6,2026-09-02,3,False
SF,Financials,Capital Markets,KDJ,KDJ 金叉,None,0.0,0.5525,0.3142,,0.3142,0,1932,0.0041,80.01,80.34,80.67,79.21,2026-09-02,3,False
WTFC,Financials,Banks - Regional,KDJ,KDJ 金叉,None,0.0,0.5525,0.3142,,0.3142,0,1932,0.0041,152.22,152.84,153.47,150.7,2026-09-02,3,False
ZION,Financials,Banks - Regional,KDJ,KDJ 金叉,None,0.0,0.5525,0.3142,,0.3142,0,1932,0.0041,68.02,68.3,68.58,67.34,2026-09-02,3,False
BDRX,Health Care,Biotechnology,RSI,RSI 維持超賣,None,0.0,0.385,0.3138,,0.3138,0,956,0.0016,0.785,0.79,0.79,0.78,2026-09-02,3,False
CHT,Communication Services,Telecom Services,RSI,RSI 動能加速（強勢區）,None,0.0,0.51,0.3135,,0.3135,0,772,0.0011,43.21,43.26,43.31,42.78,2026-08-31,3,False
VRTX,Health Care,Biotechnology,KDJ,KDJ 金叉,Consolidation Breakout,0.85,1.0,0.3125,,0.3125,0,16,0.002,556.75,557.86,558.98,551.18,2026-09-02,3,True
PSX,Energy,Oil & Gas Refining & Marketing,MACD,MACD 金叉 (多頭區),None,0.0,0.68,0.3125,,0.3125,0,144,-0.0041,252.02,250.99,249.95,249.5,2026-09-01,3,False
PGR,Financials,Insurance - Property & Casualty,BB,BB 中軌向上（上升趨勢）,None,0.0,0.51,0.3119,0.3119,0.2681,202,16575,0.0077,221.38,223.08,224.79,219.17,2026-09-02,3,False
SN,Consumer Discretionary,"Furnishings, Fixtures & Appliances",RSI,RSI 加速上升,None,0.0,0.5525,0.3117,,0.3117,0,6796,0.004,192.49,193.26,194.03,190.57,2026-08-31,3,False
STLA,Consumer Discretionary,Auto Manufacturers,RSI,RSI 加速上升,None,0.0,0.5525,0.3117,,0.3117,0,6796,0.004,5.49,5.51,5.53,5.44,2026-08-31,3,False
VIV,Communication Services,Telecom Services,RSI,RSI 加速上升,None,0.0,0.5525,0.3116,,0.3116,0,3322,0.0033,11.82,11.86,11.9,11.7,2026-09-02,3,False
GILD,Health Care,Drug Manufacturers - General,BB,BB 中軌向上（上升趨勢）,None,0.0,0.51,0.3105,0.3105,0.2705,219,10885,0.005,149.61,150.36,151.11,148.11,2026-09-02,3,False
PS,Financials,Asset Management,BB,BB 中軌向上（上升趨勢）,None,0.0,0.51,0.3103,,0.3103,0,754,0.0043,36.5,36.66,36.81,36.13,2026-09-02,3,True
FFIV,Information Technology,Software - Infrastructure,RSI,RSI 維持強勢 (50-70),None,0.0,0.51,0.3094,0.3094,0.3645,265,16764,0.0067,407.13,409.86,412.59,403.06,2026-08-31,3,False
TGT,Consumer Staples,Discount Stores,BB,BB 中軌向上（上升趨勢）,None,0.0,0.51,0.3094,0.3094,0.2466,181,6128,0.0009,163.36,163.51,163.65,161.73,2026-09-02,3,False
EDU,Consumer Staples,Education & Training Services,RSI,RSI 維持強勢 (50-70),None,0.0,0.51,0.3092,,0.3092,0,262,0.0027,59.06,59.22,59.38,58.47,2026-09-01,3,True
AEG,Financials,Insurance - Diversified,RSI,RSI 上穿 50 中性線,None,0.0,0.4675,0.3091,,0.3091,0,1899,0.0046,9.18,9.22,9.26,9.09,2026-09-01,3,False
CRBG,Financials,Asset Management,RSI,RSI 上穿 50 中性線,None,0.0,0.4675,0.3091,,0.3091,0,1899,0.0046,33.54,33.69,33.85,33.2,2026-09-02,3,False
EQH,Financials,Asset Management,RSI,RSI 上穿 50 中性線,None,0.0,0.4675,0.3091,,0.3091,0,1899,0.0046,51.52,51.76,51.99,51.0,2026-09-02,3,False
SPY,Financials,Asset Management,RSI,RSI 上穿 50 中性線,None,0.0,0.4675,0.3091,,0.3091,0,1899,0.0046,765.16,768.68,772.2,757.51,2026-09-02,3,False
FPS,Industrials,Electrical Equipment & Parts,RSI,RSI 超賣區域 (30),None,0.0,0.5249999999999999,0.3086,,0.3086,0,337,0.006,29.27,29.45,29.62,28.98,2026-09-01,3,False
HEI,Industrials,Aerospace & Defense,RSI,RSI 超賣區域 (30),None,0.0,0.5249999999999999,0.3086,,0.3086,0,337,0.006,325.15,327.1,329.05,321.9,2026-09-01,3,False
INIO,Industrials,Specialty Industrial Machinery,RSI,RSI 超賣區域 (30),None,0.0,0.5249999999999999,0.3086,,0.3086,0,337,0.006,19.47,19.59,19.7,19.28,2026-09-01,3,False
LII,Industrials,Building Products & Equipment,RSI,RSI 超賣區域 (30),None,0.0,0.5249999999999999,0.3086,,0.3086,0,337,0.006,382.64,384.94,387.23,378.81,2026-08-31,3,False
POWL,Industrials,Electrical Equipment & Parts,RSI,RSI 超賣區域 (30),None,0.0,0.5249999999999999,0.3086,,0.3086,0,337,0.006,172.14,173.17,174.21,170.42,2026-09-01,3,False
CCZ,Communication Services,Cable & Satellite,RSI,RSI 維持強勢 (50-70),None,0.0,0.51,0.3082,,0.3082,0,5205,0.0026,66.45,66.62,66.8,65.79,2026-09-01,3,False
RCI,Communication Services,Telecom Services,RSI,RSI 維持強勢 (50-70),None,0.0,0.51,0.3082,,0.3082,0,5205,0.0026,36.65,36.75,36.84,36.28,2026-09-02,3,False
SKM,Communication Services,Telecom Services,RSI,RSI 維持強勢 (50-70),None,0.0,0.51,0.3082,,0.3082,0,5205,0.0026,37.76,37.86,37.96,37.38,2026-09-01,3,False
VOD,Communication Services,Telecom Services,RSI,RSI 維持強勢 (50-70),None,0.0,0.51,0.3082,,0.3082,0,5205,0.0026,16.07,16.11,16.15,15.91,2026-09-02,3,False
WMG,Communication Services,Entertainment,RSI,RSI 維持強勢 (50-70),None,0.0,0.51,0.3082,,0.3082,0,5205,0.0026,28.35,28.42,28.5,28.07,2026-09-02,3,False
AMCR,Consumer Discretionary,Packaging & Containers,RSI,RSI 上穿 50 中性線,None,0.0,0.4675,0.3072,,0.3072,0,1123,0.0037,46.68,46.85,47.03,46.21,2026-09-02,3,False
BALL,Consumer Discretionary,Packaging & Containers,RSI,RSI 上穿 50 中性線,None,0.0,0.4675,0.3072,,0.3072,0,1123,0.0037,63.3,63.53,63.77,62.67,2026-09-02,3,False
IHG,Consumer Discretionary,Lodging,RSI,RSI 上穿 50 中性線,None,0.0,0.4675,0.3072,,0.3072,0,1123,0.0037,160.51,161.1,161.7,158.9,2026-09-02,3,False
ISRG,Health Care,Medical Instruments & Supplies,BB,BB 中軌向上（上升趨勢）,None,0.0,0.51,0.306,0.306,0.2705,183,10885,0.007,369.25,371.83,374.42,365.56,2026-09-01,3,False
KVUE,Consumer Staples,Household & Personal Products,RSI,RSI 維持強勢 (50-70),None,0.0,0.51,0.305,0.305,0.2452,200,7574,0.004,19.13,19.21,19.28,18.94,2026-09-02,3,False
PKX,Materials,Steel,RSI,RSI 加速上升,None,0.0,0.5525,0.3048,,0.3048,0,3639,0.0024,61.43,61.58,61.72,60.82,2026-09-02,3,False
SOLS,Materials,Specialty Chemicals,RSI,RSI 加速上升,None,0.0,0.5525,0.3048,,0.3048,0,3639,0.0024,60.99,61.14,61.28,60.38,2026-09-02,3,False
VALE,Materials,Other Industrial Metals & Mining,RSI,RSI 加速上升,None,0.0,0.5525,0.3048,,0.3048,0,3639,0.0024,15.73,15.77,15.81,15.57,2026-09-02,3,False
TROW,Financials,Asset Management,BB,BB 跌破下軌 (超賣),None,0.0,0.45499999999999996,0.3043,0.3043,0.3485,23,1277,-0.0002,108.98,108.96,108.94,107.89,2026-09-01,3,False
MLI,Industrials,Metal Fabrication,RSI,RSI 上穿 50 中性線,None,0.0,0.4675,0.304,,0.304,0,1816,0.0018,62.07,62.18,62.29,61.45,2026-09-02,3,False
JBHT,Industrials,Integrated Freight & Logistics,RSI,RSI 加速上升,None,0.0,0.5525,0.3022,0.3022,0.2981,182,11545,-0.0,265.47,265.47,265.47,262.82,2026-08-31,3,False
ALGM,Information Technology,Semiconductors,KDJ,KDJ 超賣區金叉,None,0.0,0.5599999999999999,0.3016,,0.3016,0,368,-0.0,35.47,35.47,35.47,35.12,2026-09-01,3,False
CBRS,Information Technology,Semiconductors,KDJ,KDJ 超賣區金叉,None,0.0,0.5599999999999999,0.3016,,0.3016,0,368,-0.0,184.52,184.52,184.52,182.67,2026-09-02,3,False
GFS,Information Technology,Semiconductors,KDJ,KDJ 超賣區金叉,None,0.0,0.5599999999999999,0.3016,,0.3016,0,368,-0.0,43.97,43.97,43.97,43.53,2026-09-02,3,False
JBL,Information Technology,Electronic Components,KDJ,KDJ 超賣區金叉,None,0.0,0.5599999999999999,0.3016,,0.3016,0,368,-0.0,299.39,299.39,299.39,296.4,2026-09-02,3,False
MKSI,Information Technology,Scientific & Technical Instruments,KDJ,KDJ 超賣區金叉,None,0.0,0.5599999999999999,0.3016,,0.3016,0,368,-0.0,251.38,251.38,251.38,248.87,2026-09-02,3,False
NXT,Information Technology,Solar,KDJ,KDJ 超賣區金叉,None,0.0,0.5599999999999999,0.3016,,0.3016,0,368,-0.0,83.07,83.07,83.07,82.24,2026-09-01,3,False
TSEM,Information Technology,Semiconductors,KDJ,KDJ 超賣區金叉,None,0.0,0.5599999999999999,0.3016,,0.3016,0,368,-0.0,206.81,206.81,206.81,204.74,2026-09-02,3,False
BNS,Financials,Banks - Diversified,RSI,RSI 加速上升,None,0.0,0.5525,0.3014,,0.3014,0,11488,0.0041,91.66,92.04,92.41,90.74,2026-08-31,3,False
BPYPM,Financials,Asset Management,RSI,RSI 加速上升,None,0.0,0.5525,0.3014,,0.3014,0,11488,0.0041,17.09,17.16,17.23,16.92,2026-09-02,3,False
DB,Financials,Banks - Regional,RSI,RSI 加速上升,None,0.0,0.5525,0.3014,,0.3014,0,11488,0.0041,40.06,40.22,40.39,39.66,2026-08-31,3,False
IBN,Financials,Banks - Regional,RSI,RSI 加速上升,None,0.0,0.5525,0.3014,,0.3014,0,11488,0.0041,30.36,30.48,30.61,30.06,2026-08-31,3,False
JEF,Financials,Capital Markets,RSI,RSI 加速上升,None,0.0,0.5525,0.3014,,0.3014,0,11488,0.0041,52.64,52.86,53.07,52.11,2026-08-31,3,False
KB,Financials,Banks - Regional,RSI,RSI 加速上升,None,0.0,0.5525,0.3014,,0.3014,0,11488,0.0041,126.25,126.77,127.29,124.99,2026-09-02,3,False
MFG,Financials,Banks - Regional,RSI,RSI 加速上升,None,0.0,0.5525,0.3014,,0.3014,0,11488,0.0041,10.74,10.78,10.83,10.63,2026-09-01,3,False
MUFG,Financials,Banks - Diversified,RSI,RSI 加速上升,None,0.0,0.5525,0.3014,,0.3014,0,11488,0.0041,22.83,22.92,23.02,22.6,2026-09-01,3,False
NMR,Financials,Capital Markets,RSI,RSI 加速上升,None,0.0,0.5525,0.3014,,0.3014,0,11488,0.0041,10.18,10.22,10.26,10.08,2026-08-31,3,False
SHG,Financials,Banks - Regional,RSI,RSI 加速上升,None,0.0,0.5525,0.3014,,0.3014,0,11488,0.0041,81.41,81.74,82.08,80.6,2026-09-02,3,False
SMFG,Financials,Banks - Diversified,RSI,RSI 加速上升,None,0.0,0.5525,0.3014,,0.3014,0,11488,0.0041,26.03,26.14,26.24,25.77,2026-09-01,3,False
UNM,Financials,Insurance - Life,RSI,RSI 加速上升,None,0.0,0.5525,0.3014,,0.3014,0,11488,0.0041,93.22,93.6,93.98,92.29,2026-08-31,3,False
WF,Financials,Banks - Regional,RSI,RSI 加速上升,None,0.0,0.5525,0.3014,,0.3014,0,11488,0.0041,75.72,76.03,76.34,74.96,2026-09-02,3,False
APP,Communication Services,Advertising Agencies,BB,價格在 BB 中軌上方,None,0.0,0.425,0.3007,,0.3007,0,6080,0.0027,319.05,319.91,320.77,315.86,2026-09-02,3,False
NYT,Communication Services,Publishing,BB,價格在 BB 中軌上方,None,0.0,0.425,0.3007,,0.3007,0,6080,0.0027,67.68,67.86,68.05,67.0,2026-09-02,3,False
FTS,Utilities,Utilities - Regulated Electric,KDJ,KDJ 金叉,None,0.0,0.5525,0.3001,,0.3001,0,713,0.0052,55.05,55.34,55.62,54.5,2026-09-02,3,False
PPLC,Utilities,Utilities - Regulated Electric,KDJ,KDJ 金叉,None,0.0,0.5525,0.3001,,0.3001,0,713,0.0052,46.24,46.48,46.72,45.78,2026-09-02,3,False
TLN,Utilities,Utilities - Independent Power Producers,KDJ,KDJ 金叉,None,0.0,0.5525,0.3001,,0.3001,0,713,0.0052,302.03,303.6,305.17,299.01,2026-09-02,3,False
WTRG,Utilities,Utilities - Regulated Water,KDJ,KDJ 金叉,None,0.0,0.5525,0.3001,,0.3001,0,713,0.0052,41.17,41.38,41.6,40.76,2026-08-31,3,False
EOG,Energy,Oil & Gas E&P,KDJ,KDJ 金叉,None,0.0,0.5525,0.3,0.3,0.3614,20,498,0.0001,148.96,148.97,148.99,147.47,2026-09-02,3,False
CTVA,Materials,Agricultural Inputs,BB,BB 中軌向上（上升趨勢）,None,0.0,0.51,0.3,0.3,0.3886,10,229,-0.013,89.97,88.8,87.63,89.07,2026-09-02,3,True
KHC,Consumer Staples,Packaged Foods,RSI,RSI 動能加速（強勢區）,None,0.0,0.51,0.3,0.3,0.2456,20,1148,-0.0052,26.26,26.12,25.99,26.0,2026-09-02,3,False
AM,Energy,Oil & Gas Midstream,BB,價格在 BB 中軌上方,None,0.0,0.425,0.2998,,0.2998,0,5768,-0.0016,22.51,22.47,22.44,22.28,2026-09-02,3,False
MPLX,Energy,Oil & Gas Midstream,BB,價格在 BB 中軌上方,None,0.0,0.425,0.2998,,0.2998,0,5768,-0.0016,59.09,59.0,58.9,58.5,2026-09-01,3,False
HTHT,Consumer Discretionary,Lodging,RSI,RSI 維持強勢 (50-70),None,0.0,0.51,0.2995,,0.2995,0,10441,0.0032,46.74,46.89,47.04,46.27,2026-09-02,3,False
PAG,Consumer Discretionary,Auto & Truck Dealerships,RSI,RSI 維持強勢 (50-70),None,0.0,0.51,0.2995,,0.2995,0,10441,0.0032,218.06,218.76,219.46,215.88,2026-09-02,3,False
RACE,Consumer Discretionary,Auto Manufacturers,RSI,RSI 維持強勢 (50-70),None,0.0,0.51,0.2995,,0.2995,0,10441,0.0032,413.23,414.55,415.87,409.1,2026-09-02,3,False
GPN,Industrials,Specialty Business Services,RSI,RSI 維持強勢 (50-70),None,0.0,0.51,0.2986,,0.2986,0,19157,0.0036,92.81,93.14,93.48,91.88,2026-09-02,3,False
LECO,Industrials,Tools & Accessories,RSI,RSI 維持強勢 (50-70),None,0.0,0.51,0.2986,,0.2986,0,19157,0.0036,281.23,282.24,283.25,278.42,2026-08-31,3,False
RELX,Industrials,Specialty Business Services,RSI,RSI 維持強勢 (50-70),None,0.0,0.51,0.2986,,0.2986,0,19157,0.0036,35.7,35.83,35.96,35.34,2026-09-01,3,False
SPCX,Industrials,Aerospace & Defense,RSI,RSI 維持強勢 (50-70),None,0.0,0.51,0.2986,,0.2986,0,19157,0.0036,140.71,141.22,141.72,139.3,2026-09-02,3,False
TRI,Industrials,Specialty Business Services,RSI,RSI 維持強勢 (50-70),None,0.0,0.51,0.2986,,0.2986,0,19157,0.0036,105.87,106.25,106.63,104.81,2026-09-02,3,False
WTS,Industrials,Specialty Industrial Machinery,RSI,RSI 維持強勢 (50-70),None,0.0,0.51,0.2986,,0.2986,0,19157,0.0036,355.74,357.02,358.3,352.18,2026-09-01,3,False
RIVN,Consumer Discretionary,Auto Manufacturers,BB,價格在 BB 中軌上方,None,0.0,0.425,0.2984,,0.2984,0,12430,0.0031,16.06,16.11,16.16,15.9,2026-08-31,3,False
CW,Industrials,Aerospace & Defense,RSI,RSI 維持超賣,None,0.0,0.385,0.2983,,0.2983,0,848,0.0072,561.53,565.57,569.62,555.91,2026-09-02,3,False
DRS,Industrials,Aerospace & Defense,RSI,RSI 維持超賣,None,0.0,0.385,0.2983,,0.2983,0,848,0.0072,37.02,37.29,37.55,36.65,2026-09-02,3,False
FER,Industrials,Engineering & Construction,RSI,RSI 維持超賣,None,0.0,0.385,0.2983,,0.2983,0,848,0.0072,57.84,58.26,58.67,57.26,2026-09-02,3,False
MAIR,Industrials,Building Products & Equipment,RSI,RSI 加速上升,None,0.0,0.5525,0.2981,,0.2981,0,11545,0.003,26.4,26.48,26.56,26.14,2026-08-31,3,False
WSO,Industrials,Industrial Distribution,RSI,RSI 加速上升,None,0.0,0.5525,0.2981,,0.2981,0,11545,0.003,314.98,315.92,316.87,311.83,2026-09-01,3,False
CASY,Consumer Discretionary,Specialty Retail,BB,BB 跌破下軌 (超賣),None,0.0,0.45499999999999996,0.2974,,0.2974,0,733,0.0008,752.21,752.81,753.41,744.69,2026-08-31,3,False
MGA,Consumer Discretionary,Auto Parts,BB,BB 跌破下軌 (超賣),None,0.0,0.45499999999999996,0.2974,,0.2974,0,733,0.0008,63.63,63.68,63.73,62.99,2026-09-01,3,False
PKG,Consumer Discretionary,Packaging & Containers,BB,BB 跌破下軌 (超賣),None,0.0,0.45499999999999996,0.2974,,0.2974,0,733,0.0008,229.12,229.3,229.49,226.83,2026-09-01,3,False
SCI,Consumer Discretionary,Personal Services,BB,BB 跌破下軌 (超賣),None,0.0,0.45499999999999996,0.2974,,0.2974,0,733,0.0008,81.64,81.71,81.77,80.82,2026-08-31,3,False
SW,Consumer Discretionary,Packaging & Containers,BB,BB 跌破下軌 (超賣),None,0.0,0.45499999999999996,0.2974,,0.2974,0,733,0.0008,45.36,45.4,45.43,44.91,2026-09-02,3,False
TCOM,Consumer Discretionary,Travel Services,BB,BB 跌破下軌 (超賣),None,0.0,0.45499999999999996,0.2974,,0.2974,0,733,0.0008,43.84,43.88,43.91,43.4,2026-09-01,3,False
TOL,Consumer Discretionary,Residential Construction,BB,BB 跌破下軌 (超賣),None,0.0,0.45499999999999996,0.2974,,0.2974,0,733,0.0008,140.21,140.32,140.43,138.81,2026-09-01,3,False
TXRH,Consumer Discretionary,Restaurants,BB,BB 跌破下軌 (超賣),None,0.0,0.45499999999999996,0.2974,,0.2974,0,733,0.0008,190.88,191.03,191.19,188.97,2026-09-02,3,False
W,Consumer Discretionary,Internet Retail,BB,BB 跌破下軌 (超賣),None,0.0,0.45499999999999996,0.2974,,0.2974,0,733,0.0008,94.54,94.62,94.69,93.59,2026-09-02,3,False
DVA,Health Care,Medical Care Facilities,BB,價格在 BB 中軌上方,None,0.0,0.425,0.2971,0.2971,0.2804,239,14417,0.003,179.39,179.93,180.47,177.6,2026-09-02,3,False
CCJ,Energy,Uranium,RSI,RSI 維持強勢 (50-70),None,0.0,0.51,0.2963,,0.2963,0,4891,-0.0026,98.76,98.5,98.25,97.77,2026-08-31,3,False
AGI,Materials,Gold,RSI,RSI 動能加速（強勢區）,None,0.0,0.51,0.2962,,0.2962,0,942,-0.0012,36.13,36.09,36.04,35.77,2026-09-02,3,False
CDE,Materials,Gold,RSI,RSI 動能加速（強勢區）,None,0.0,0.51,0.2962,,0.2962,0,942,-0.0012,21.42,21.39,21.37,21.21,2026-09-02,3,False
KGC,Materials,Gold,RSI,RSI 動能加速（強勢區）,None,0.0,0.51,0.2962,,0.2962,0,942,-0.0012,30.26,30.22,30.19,29.96,2026-09-02,3,False
MT,Materials,Steel,RSI,RSI 動能加速（強勢區）,None,0.0,0.51,0.2962,,0.2962,0,942,-0.0012,75.13,75.04,74.95,74.38,2026-09-02,3,False
PAAS,Materials,Gold,RSI,RSI 動能加速（強勢區）,None,0.0,0.51,0.2962,,0.2962,0,942,-0.0012,51.54,51.48,51.42,51.02,2026-09-02,3,False
WPM,Materials,Gold,RSI,RSI 動能加速（強勢區）,None,0.0,0.51,0.2962,,0.2962,0,942,-0.0012,150.91,150.73,150.55,149.4,2026-09-02,3,False
FWONA,Communication Services,Entertainment,BB,BB 中軌向上（上升趨勢）,None,0.0,0.51,0.2943,,0.2943,0,4771,0.0017,90.19,90.34,90.5,89.29,2026-09-02,3,False
KEY,Financials,Banks - Regional,KDJ,KDJ 金叉,None,0.0,0.5525,0.2941,0.2941,0.3142,17,1932,0.0047,21.8,21.9,22.0,21.58,2026-09-02,3,False
APG,Industrials,Engineering & Construction,BB,BB 中軌向上（上升趨勢）,None,0.0,0.51,0.2929,,0.2929,0,17460,0.0036,39.25,39.39,39.53,38.86,2026-08-31,3,False
ARMK,Industrials,Specialty Business Services,BB,BB 中軌向上（上升趨勢）,None,0.0,0.51,0.2929,,0.2929,0,17460,0.0036,56.31,56.51,56.72,55.75,2026-08-31,3,False
ARXS,Industrials,Aerospace & Defense,BB,BB 中軌向上（上升趨勢）,None,0.0,0.51,0.2929,,0.2929,0,17460,0.0036,51.31,51.49,51.68,50.8,2026-09-01,3,False
ATI,Industrials,Metal Fabrication,BB,BB 中軌向上（上升趨勢）,None,0.0,0.51,0.2929,,0.2929,0,17460,0.0036,201.69,202.42,203.14,199.67,2026-09-02,3,False
CP,Industrials,Railroads,BB,BB 中軌向上（上升趨勢）,None,0.0,0.51,0.2929,,0.2929,0,17460,0.0036,89.54,89.86,90.18,88.64,2026-09-02,3,False
EMBJ,Industrials,Aerospace & Defense,BB,BB 中軌向上（上升趨勢）,None,0.0,0.51,0.2929,,0.2929,0,17460,0.0036,72.21,72.47,72.73,71.49,2026-09-02,3,False
NVT,Industrials,Electrical Equipment & Parts,BB,BB 中軌向上（上升趨勢）,None,0.0,0.51,0.2929,,0.2929,0,17460,0.0036,150.75,151.29,151.84,149.24,2026-08-31,3,False
OC,Industrials,Building Products & Equipment,BB,BB 中軌向上（上升趨勢）,None,0.0,0.51,0.2929,,0.2929,0,17460,0.0036,138.15,138.65,139.14,136.77,2026-08-31,3,False
RJF,Financials,Asset Management,BB,價格在 BB 中軌上方,None,0.0,0.425,0.2929,0.2929,0.2847,297,21689,0.0054,178.17,179.13,180.09,176.39,2026-08-31,3,False
HAS,Consumer Discretionary,Leisure,RSI,RSI 維持強勢 (50-70),None,0.0,0.51,0.2923,0.2923,0.2995,284,10441,0.0041,93.5,93.88,94.27,92.56,2026-09-02,3,False
CMCSA,Communication Services,Telecom Services,RSI,RSI 動能加速（強勢區）,None,0.0,0.51,0.2917,0.2917,0.3135,24,772,0.0025,26.81,26.88,26.94,26.54,2026-09-02,3,False
ELV,Health Care,Healthcare Plans,RSI,RSI 上穿 50 中性線,None,0.0,0.4675,0.2917,0.2917,0.3144,24,1323,-0.0002,403.04,402.96,402.88,399.01,2026-09-01,3,False
AVY,Consumer Discretionary,Packaging & Containers,BB,BB 中軌向上（上升趨勢）,None,0.0,0.51,0.2908,,0.2908,0,9757,0.002,172.07,172.41,172.76,170.35,2026-09-01,3,False
CPNG,Consumer Discretionary,Internet Retail,BB,BB 中軌向上（上升趨勢）,None,0.0,0.51,0.2908,,0.2908,0,9757,0.002,16.06,16.09,16.12,15.9,2026-08-31,3,False
DKNG,Consumer Discretionary,Gambling,BB,BB 中軌向上（上升趨勢）,None,0.0,0.51,0.2908,,0.2908,0,9757,0.002,24.21,24.26,24.31,23.97,2026-09-02,3,False
SE,Consumer Discretionary,Internet Retail,BB,BB 中軌向上（上升趨勢）,None,0.0,0.51,0.2908,,0.2908,0,9757,0.002,112.81,113.04,113.26,111.68,2026-09-02,3,False
BSX,Health Care,Medical Devices,KDJ,KDJ 金叉,None,0.0,0.5525,0.2903,0.2903,0.2852,31,1536,-0.0051,48.08,47.83,47.59,47.6,2026-09-01,3,False
ADBE,Information Technology,Software - Application,BB,BB 中軌向上（上升趨勢）,None,0.0,0.51,0.2903,0.2903,0.3639,186,16781,-0.0083,279.79,277.47,275.15,276.99,2026-09-02,3,False
OXY,Energy,Oil & Gas E&P,RSI,RSI 動能加速（強勢區）,None,0.0,0.51,0.2903,0.2903,0.3265,31,873,-0.0036,60.18,59.96,59.75,59.58,2026-08-31,3,False
ABBV,Health Care,Drug Manufacturers - General,BB,BB 中軌向上（上升趨勢）,None,0.0,0.51,0.2876,0.2876,0.2705,226,10885,0.006,261.72,263.29,264.86,259.1,2026-09-02,3,False
WDAY,Information Technology,Software - Application,RSI,RSI 維持強勢 (50-70),None,0.0,0.51,0.2868,0.2868,0.3645,136,16764,-0.0047,200.87,199.93,198.98,198.86,2026-09-02,3,False
AEM,Materials,Gold,RSI,RSI 維持強勢 (50-70),None,0.0,0.51,0.286,,0.286,0,5721,0.0013,196.66,196.92,197.17,194.69,2026-09-02,3,False
AU,Materials,Gold,RSI,RSI 維持強勢 (50-70),None,0.0,0.51,0.286,,0.286,0,5721,0.0013,107.83,107.97,108.11,106.75,2026-09-02,3,False
B,Materials,Gold,RSI,RSI 維持強勢 (50-70),None,0.0,0.51,0.286,,0.286,0,5721,0.0013,44.13,44.19,44.24,43.69,2026-09-02,3,False
BHP,Materials,Other Industrial Metals & Mining,RSI,RSI 維持強勢 (50-70),None,0.0,0.51,0.286,,0.286,0,5721,0.0013,93.43,93.55,93.67,92.5,2026-09-02,3,False
FNV,Materials,Gold,RSI,RSI 維持強勢 (50-70),None,0.0,0.51,0.286,,0.286,0,5721,0.0013,259.71,260.05,260.39,257.11,2026-09-02,3,False
GFI,Materials,Gold,RSI,RSI 維持強勢 (50-70),None,0.0,0.51,0.286,,0.286,0,5721,0.0013,44.92,44.98,45.04,44.47,2026-09-02,3,False
JHX,Materials,Building Materials,RSI,RSI 維持強勢 (50-70),None,0.0,0.51,0.286,,0.286,0,5721,0.0013,29.71,29.75,29.79,29.41,2026-08-31,3,False
RGLD,Materials,Gold,RSI,RSI 維持強勢 (50-70),None,0.0,0.51,0.286,,0.286,0,5721,0.0013,258.38,258.72,259.05,255.8,2026-09-02,3,False
RIO,Materials,Other Industrial Metals & Mining,RSI,RSI 維持強勢 (50-70),None,0.0,0.51,0.286,,0.286,0,5721,0.0013,102.75,102.88,103.02,101.72,2026-09-02,3,False
SCCO,Materials,Copper,RSI,RSI 維持強勢 (50-70),None,0.0,0.51,0.286,,0.286,0,5721,0.0013,204.26,204.53,204.79,202.22,2026-09-02,3,False
TECK,Materials,Other Industrial Metals & Mining,RSI,RSI 維持強勢 (50-70),None,0.0,0.51,0.286,,0.286,0,5721,0.0013,67.07,67.16,67.24,66.4,2026-09-02,3,False
SGI,Consumer Discretionary,"Furnishings, Fixtures & Appliances",RSI,RSI 上穿 50 中性線,Consolidation Breakout,0.75,1.0,0.2857,,0.2857,0,35,-0.0008,67.82,67.77,67.71,67.14,2026-09-02,3,False
AFL,Financials,Insurance - Life,KDJ,KDJ 超賣區金叉,None,0.0,0.5599999999999999,0.2857,0.2857,0.299,14,612,0.0087,116.02,117.03,118.04,114.86,2026-09-01,3,False
CME,Financials,Financial Data & Stock Exchanges,BB,BB 中軌向上（上升趨勢）,None,0.0,0.51,0.2857,0.2857,0.2681,224,16575,0.0013,277.77,278.13,278.49,274.99,2026-09-02,3,False
MSFT,Information Technology,Software - Infrastructure,BB,BB 中軌向上（上升趨勢）,None,0.0,0.51,0.2857,0.2857,0.3639,217,16781,0.003,496.82,498.31,499.8,491.85,2026-09-02,3,False
HD,Consumer Discretionary,Home Improvement Retail,BB,BB 跌破下軌 (超賣),None,0.0,0.45499999999999996,0.2857,0.2857,0.2974,21,733,-0.0021,319.77,319.1,318.43,316.57,2026-09-01,3,False
TRMB,Information Technology,Scientific & Technical Instruments,BB,價格在 BB 中軌上方,None,0.0,0.425,0.2857,0.2857,0.3573,245,20206,0.0018,59.11,59.22,59.32,58.52,2026-09-02,3,False
CNP,Utilities,Utilities - Regulated Electric,MACD,MACD 金叉 (空頭區),None,0.0,0.42,0.2857,0.2857,0.2494,14,409,0.007,39.6,39.88,40.15,39.2,2026-08-31,3,False
AXSM,Health Care,Biotechnology,KDJ,KDJ 金叉,None,0.0,0.5525,0.2852,,0.2852,0,1536,0.0022,209.92,210.38,210.84,207.82,2026-09-02,3,False
BMRN,Health Care,Biotechnology,KDJ,KDJ 金叉,None,0.0,0.5525,0.2852,,0.2852,0,1536,0.0022,66.97,67.12,67.26,66.3,2026-09-02,3,False
BTSG,Health Care,Health Information Services,KDJ,KDJ 金叉,None,0.0,0.5525,0.2852,,0.2852,0,1536,0.0022,60.25,60.38,60.52,59.65,2026-09-02,3,False
EXEL,Health Care,Biotechnology,KDJ,KDJ 金叉,None,0.0,0.5525,0.2852,,0.2852,0,1536,0.0022,56.89,57.02,57.14,56.32,2026-09-01,3,False
NBIX,Health Care,Drug Manufacturers - Specialty & Generic,KDJ,KDJ 金叉,None,0.0,0.5525,0.2852,,0.2852,0,1536,0.0022,156.76,157.1,157.45,155.19,2026-09-01,3,False
PEN,Health Care,Medical Devices,KDJ,KDJ 金叉,None,0.0,0.5525,0.2852,,0.2852,0,1536,0.0022,322.58,323.29,324.0,319.35,2026-09-01,3,False
ARCC,Financials,Asset Management,BB,價格在 BB 中軌上方,None,0.0,0.425,0.2847,,0.2847,0,21689,0.0031,20.02,20.08,20.14,19.82,2026-09-02,3,False
BSAC,Financials,Banks - Regional,BB,價格在 BB 中軌上方,None,0.0,0.425,0.2847,,0.2847,0,21689,0.0031,35.74,35.85,35.96,35.38,2026-09-02,3,False
BSBR,Financials,Banks - Regional,BB,價格在 BB 中軌上方,None,0.0,0.425,0.2847,,0.2847,0,21689,0.0031,5.75,5.77,5.79,5.69,2026-08-31,3,False
CRCL,Financials,Capital Markets,BB,價格在 BB 中軌上方,None,0.0,0.425,0.2847,,0.2847,0,21689,0.0031,88.64,88.91,89.19,87.75,2026-09-02,3,False
FUTU,Financials,Capital Markets,BB,價格在 BB 中軌上方,None,0.0,0.425,0.2847,,0.2847,0,21689,0.0031,118.08,118.45,118.81,116.9,2026-09-02,3,False
HBANL,Financials,Banks - Regional,BB,價格在 BB 中軌上方,None,0.0,0.425,0.2847,,0.2847,0,21689,0.0031,25.23,25.31,25.39,24.98,2026-09-02,3,False
HSBC,Financials,Banks - Diversified,BB,價格在 BB 中軌上方,None,0.0,0.425,0.2847,,0.2847,0,21689,0.0031,103.4,103.72,104.04,102.37,2026-09-01,3,False
ING,Financials,Banks - Diversified,BB,價格在 BB 中軌上方,None,0.0,0.425,0.2847,,0.2847,0,21689,0.0031,35.32,35.43,35.54,34.97,2026-08-31,3,False
RGA,Financials,Insurance - Reinsurance,BB,價格在 BB 中軌上方,None,0.0,0.425,0.2847,,0.2847,0,21689,0.0031,247.72,248.49,249.26,245.24,2026-09-01,3,False
SEIC,Financials,Asset Management,BB,價格在 BB 中軌上方,None,0.0,0.425,0.2847,,0.2847,0,21689,0.0031,109.12,109.46,109.8,108.03,2026-09-02,3,False
SLMBP,Financials,Credit Services,BB,價格在 BB 中軌上方,None,0.0,0.425,0.2847,,0.2847,0,21689,0.0031,75.23,75.46,75.7,74.48,2026-08-31,3,False
SNEX,Financials,Capital Markets,BB,價格在 BB 中軌上方,None,0.0,0.425,0.2847,,0.2847,0,21689,0.0031,68.48,68.69,68.9,67.8,2026-08-31,3,False
TPG,Financials,Asset Management,BB,價格在 BB 中軌上方,None,0.0,0.425,0.2847,,0.2847,0,21689,0.0031,52.32,52.48,52.64,51.8,2026-09-02,3,False
TRU,Financials,Financial Data & Stock Exchanges,BB,價格在 BB 中軌上方,None,0.0,0.425,0.2847,,0.2847,0,21689,0.0031,82.39,82.65,82.9,81.57,2026-09-02,3,False
TW,Financials,Capital Markets,BB,價格在 BB 中軌上方,None,0.0,0.425,0.2847,,0.2847,0,21689,0.0031,106.71,107.04,107.37,105.64,2026-09-01,3,False
VLYPN,Financials,Banks - Regional,BB,價格在 BB 中軌上方,None,0.0,0.425,0.2847,,0.2847,0,21689,0.0031,25.81,25.89,25.97,25.55,2026-09-02,3,False
VLYPO,Financials,Banks - Regional,BB,價格在 BB 中軌上方,None,0.0,0.425,0.2847,,0.2847,0,21689,0.0031,24.93,25.01,25.08,24.68,2026-09-02,3,False
VLYPP,Financials,Banks - Regional,BB,價格在 BB 中軌上方,None,0.0,0.425,0.2847,,0.2847,0,21689,0.0031,25.19,25.27,25.35,24.94,2026-09-01,3,False
CET,Financials,Asset Management,RSI,RSI 維持強勢 (50-70),None,0.0,0.51,0.2842,,0.2842,0,19108,0.003,54.38,54.54,54.71,53.84,2026-08-31,3,False
CHRW,Industrials,Integrated Freight & Logistics,BB,價格在 BB 中軌上方,None,0.0,0.425,0.2842,0.2842,0.295,285,22337,-0.0001,147.88,147.87,147.85,146.4,2026-09-01,3,False
AIT,Industrials,Industrial Distribution,BB,BB 跌破下軌 (超賣),None,0.0,0.45499999999999996,0.2838,,0.2838,0,1258,0.0043,319.11,320.48,321.85,315.92,2026-09-01,3,False
CNI,Industrials,Railroads,BB,BB 跌破下軌 (超賣),None,0.0,0.45499999999999996,0.2838,,0.2838,0,1258,0.0043,121.45,121.97,122.49,120.24,2026-09-02,3,False
CSL,Industrials,Building Products & Equipment,BB,BB 跌破下軌 (超賣),None,0.0,0.45499999999999996,0.2838,,0.2838,0,1258,0.0043,334.85,336.29,337.73,331.5,2026-09-01,3,False
FERG,Industrials,Industrial Distribution,BB,BB 跌破下軌 (超賣),None,0.0,0.45499999999999996,0.2838,,0.2838,0,1258,0.0043,218.91,219.85,220.79,216.72,2026-09-01,3,False
GGG,Industrials,Specialty Industrial Machinery,BB,BB 跌破下軌 (超賣),None,0.0,0.45499999999999996,0.2838,,0.2838,0,1258,0.0043,76.83,77.16,77.49,76.06,2026-09-01,3,False
SPXC,Industrials,Building Products & Equipment,BB,BB 跌破下軌 (超賣),None,0.0,0.45499999999999996,0.2838,,0.2838,0,1258,0.0043,192.13,192.96,193.78,190.21,2026-09-01,3,False
TFII,Industrials,Trucking,BB,BB 跌破下軌 (超賣),None,0.0,0.45499999999999996,0.2838,,0.2838,0,1258,0.0043,127.83,128.38,128.93,126.55,2026-09-01,3,False
WMS,Industrials,Building Products & Equipment,BB,BB 跌破下軌 (超賣),None,0.0,0.45499999999999996,0.2838,,0.2838,0,1258,0.0043,130.75,131.31,131.87,129.44,2026-09-01,3,False
IFF,Materials,Specialty Chemicals,RSI,RSI 維持強勢 (50-70),None,0.0,0.51,0.2828,0.2828,0.286,244,5721,-0.0019,86.94,86.77,86.61,86.07,2026-09-02,3,False
MSI,Information Technology,Communication Equipment,BB,BB 中軌向上（上升趨勢）,None,0.0,0.51,0.2821,0.2821,0.3639,234,16781,0.0045,478.92,481.08,483.23,474.13,2026-09-02,3,False
GWW,Industrials,Industrial Distribution,BB,價格在 BB 中軌上方,None,0.0,0.425,0.282,0.282,0.295,305,22337,0.0042,1309.21,1314.71,1320.21,1296.12,2026-09-01,3,False
BPYPN,Real Estate,Real Estate Services,KDJ,KDJ 金叉,None,0.0,0.5525,0.2818,,0.2818,0,550,0.0003,13.843,13.85,13.85,13.7,2026-09-02,3,False
EGP,Real Estate,REIT - Industrial,KDJ,KDJ 金叉,None,0.0,0.5525,0.2818,,0.2818,0,550,0.0003,200.07,200.13,200.19,198.07,2026-09-01,3,False
LAMR,Real Estate,REIT - Specialty,KDJ,KDJ 金叉,None,0.0,0.5525,0.2818,,0.2818,0,550,0.0003,151.08,151.13,151.17,149.57,2026-09-01,3,False
RSG,Industrials,Waste Management,KDJ,KDJ 金叉,None,0.0,0.5525,0.2812,0.2812,0.3223,32,2110,0.0067,223.29,224.79,226.28,221.06,2026-09-01,3,False
ERIE,Financials,Insurance Brokers,BB,BB 中軌向上（上升趨勢）,None,0.0,0.51,0.2806,0.2806,0.2681,196,16575,0.002,258.41,258.93,259.44,255.83,2026-09-02,3,False
ARGX,Health Care,Biotechnology,BB,價格在 BB 中軌上方,None,0.0,0.425,0.2804,,0.2804,0,14417,0.0008,1055.37,1056.21,1057.06,1044.82,2026-09-02,3,False
AZN,Health Care,Drug Manufacturers - General,BB,價格在 BB 中軌上方,None,0.0,0.425,0.2804,,0.2804,0,14417,0.0008,162.47,162.6,162.73,160.85,2026-09-01,3,False
BNTX,Health Care,Biotechnology,BB,價格在 BB 中軌上方,None,0.0,0.425,0.2804,,0.2804,0,14417,0.0008,103.81,103.89,103.98,102.77,2026-09-02,3,False
CRSP,Health Care,Biotechnology,BB,價格在 BB 中軌上方,None,0.0,0.425,0.2804,,0.2804,0,14417,0.0008,56.92,56.97,57.01,56.35,2026-09-02,3,False
EHC,Health Care,Medical Care Facilities,BB,價格在 BB 中軌上方,None,0.0,0.425,0.2804,,0.2804,0,14417,0.0008,122.05,122.15,122.25,120.83,2026-09-01,3,False
GMAB,Health Care,Biotechnology,BB,價格在 BB 中軌上方,None,0.0,0.425,0.2804,,0.2804,0,14417,0.0008,34.215,34.24,34.27,33.87,2026-09-02,3,False
HLN,Health Care,Drug Manufacturers - Specialty & Generic,BB,價格在 BB 中軌上方,None,0.0,0.425,0.2804,,0.2804,0,14417,0.0008,10.07,10.08,10.09,9.97,2026-09-01,3,False
ILMN,Health Care,Diagnostics & Research,BB,價格在 BB 中軌上方,None,0.0,0.425,0.2804,,0.2804,0,14417,0.0008,213.25,213.42,213.59,211.12,2026-09-02,3,False
KRYS,Health Care,Biotechnology,BB,價格在 BB 中軌上方,None,0.0,0.425,0.2804,,0.2804,0,14417,0.0008,369.23,369.53,369.82,365.54,2026-09-02,3,False
MDGL,Health Care,Biotechnology,BB,價格在 BB 中軌上方,None,0.0,0.425,0.2804,,0.2804,0,14417,0.0008,546.93,547.37,547.81,541.46,2026-09-02,3,False
ONC,Health Care,Biotechnology,BB,價格在 BB 中軌上方,None,0.0,0.425,0.2804,,0.2804,0,14417,0.0008,359.58,359.87,360.16,355.98,2026-08-31,3,False
RPRX,Health Care,Biotechnology,BB,價格在 BB 中軌上方,None,0.0,0.425,0.2804,,0.2804,0,14417,0.0008,62.32,62.37,62.42,61.7,2026-09-01,3,False
RVMD,Health Care,Biotechnology,BB,價格在 BB 中軌上方,None,0.0,0.425,0.2804,,0.2804,0,14417,0.0008,209.23,209.4,209.56,207.14,2026-09-02,3,False
TEM,Health Care,Health Information Services,BB,價格在 BB 中軌上方,None,0.0,0.425,0.2804,,0.2804,0,14417,0.0008,61.94,61.99,62.04,61.32,2026-09-02,3,False
TEVA,Health Care,Drug Manufacturers - Specialty & Generic,BB,價格在 BB 中軌上方,None,0.0,0.425,0.2804,,0.2804,0,14417,0.0008,37.49,37.52,37.55,37.12,2026-09-02,3,False
HUT,Financials,Capital Markets,MACD,MACD 金叉 (空頭區),Bullish Engulfing,0.75,0.945,0.2778,,0.2778,0,18,-0.0001,80.68,80.67,80.66,79.87,2026-09-02,3,False
PNW,Utilities,Utilities - Regulated Electric,KDJ,KDJ 金叉,None,0.0,0.5525,0.2778,0.2778,0.3001,18,713,-0.0037,97.66,97.3,96.94,96.68,2026-09-01,3,False
PPL,Utilities,Utilities - Regulated Electric,KDJ,KDJ 金叉,None,0.0,0.5525,0.2778,0.2778,0.3001,18,713,0.0088,34.47,34.77,35.08,34.13,2026-09-01,3,False
INTU,Information Technology,Software - Application,RSI,RSI 維持強勢 (50-70),None,0.0,0.51,0.2778,0.2778,0.3645,234,16764,-0.0029,342.94,341.95,340.95,339.51,2026-09-02,3,False
ALC,Health Care,Medical Instruments & Supplies,RSI,RSI 維持強勢 (50-70),None,0.0,0.51,0.2772,,0.2772,0,12123,0.0009,72.24,72.31,72.37,71.52,2026-09-02,3,False
THC,Health Care,Medical Care Facilities,RSI,RSI 維持強勢 (50-70),None,0.0,0.51,0.2772,,0.2772,0,12123,0.0009,258.53,258.76,259.0,255.94,2026-09-02,3,False
MS,Financials,Capital Markets,BB,BB 中軌向上（上升趨勢）,None,0.0,0.51,0.2761,0.2761,0.2681,268,16575,0.0014,213.32,213.62,213.92,211.19,2026-08-31,3,False
SO,Utilities,Utilities - Regulated Electric,RSI,RSI 超賣區域 (30),None,0.0,0.5249999999999999,0.2759,,0.2759,0,116,-0.003,88.0,87.74,87.47,87.12,2026-08-31,3,False
SCHW,Financials,Capital Markets,RSI,RSI 維持強勢 (50-70),None,0.0,0.51,0.2757,0.2757,0.2842,272,19108,0.0013,108.24,108.38,108.52,107.16,2026-09-02,3,False
MO,Consumer Staples,Tobacco,RSI,RSI 維持強勢 (50-70),None,0.0,0.51,0.2753,0.2753,0.2452,247,7574,0.0017,69.56,69.68,69.8,68.86,2026-09-02,3,False
ARWR,Health Care,Biotechnology,BB,BB 跌破下軌 (超賣),None,0.0,0.45499999999999996,0.2752,,0.2752,0,974,-0.0017,82.74,82.6,82.46,81.91,2026-09-01,3,False
BBIO,Health Care,Biotechnology,BB,BB 跌破下軌 (超賣),None,0.0,0.45499999999999996,0.2752,,0.2752,0,974,-0.0017,76.59,76.46,76.33,75.82,2026-08-31,3,False
CYTK,Health Care,Biotechnology,BB,BB 跌破下軌 (超賣),None,0.0,0.45499999999999996,0.2752,,0.2752,0,974,-0.0017,70.91,70.79,70.67,70.2,2026-08-31,3,False
FMS,Health Care,Medical Care Facilities,BB,BB 跌破下軌 (超賣),None,0.0,0.45499999999999996,0.2752,,0.2752,0,974,-0.0017,22.74,22.7,22.66,22.51,2026-08-31,3,False
NWSA,Communication Services,Entertainment,RSI,RSI 維持強勢 (50-70),None,0.0,0.51,0.2742,0.2742,0.3082,248,5205,0.0028,30.65,30.74,30.82,30.34,2026-09-02,3,False
COR,Health Care,Medical Distribution,BB,價格在 BB 中軌上方,None,0.0,0.425,0.2738,0.2738,0.2804,347,14417,0.0038,330.97,332.23,333.49,327.66,2026-09-01,3,False
EBAY,Consumer Discretionary,Internet Retail,BB,價格在 BB 中軌上方,None,0.0,0.425,0.273,0.273,0.2984,304,12430,-0.0004,106.7,106.66,106.61,105.63,2026-09-02,3,False
MCHP,Information Technology,Semiconductors,KDJ,KDJ 金叉,None,0.0,0.5525,0.2727,0.2727,0.3918,22,1955,-0.0062,72.76,72.31,71.86,72.03,2026-09-02,3,False
SYY,Consumer Staples,Food Distribution,BB,BB 跌破下軌 (超賣),None,0.0,0.45499999999999996,0.2727,0.2727,0.2667,11,705,0.0045,81.08,81.44,81.81,80.27,2026-08-31,3,False
GMED,Health Care,Medical Devices,BB,BB 中軌向上（上升趨勢）,None,0.0,0.51,0.2705,,0.2705,0,10885,0.0002,81.37,81.39,81.4,80.56,2026-08-31,3,False
PHG,Health Care,Medical Devices,BB,BB 中軌向上（上升趨勢）,None,0.0,0.51,0.2705,,0.2705,0,10885,0.0002,26.57,26.58,26.58,26.3,2026-08-31,3,False
RDY,Health Care,Drug Manufacturers - Specialty & Generic,BB,BB 中軌向上（上升趨勢）,None,0.0,0.51,0.2705,,0.2705,0,10885,0.0002,12.17,12.17,12.17,12.05,2026-09-01,3,False
ROIV,Health Care,Biotechnology,BB,BB 中軌向上（上升趨勢）,None,0.0,0.51,0.2705,,0.2705,0,10885,0.0002,34.18,34.19,34.19,33.84,2026-09-02,3,False
VTR,Real Estate,REIT - Healthcare Facilities,BB,價格在 BB 中軌上方,None,0.0,0.425,0.2694,0.2694,0.248,297,8032,0.0024,92.06,92.28,92.5,91.14,2026-09-02,3,False
AMZN,Consumer Discretionary,Internet Retail,RSI,RSI 維持強勢 (50-70),None,0.0,0.51,0.2692,0.2692,0.2995,260,10441,0.0013,259.77,260.11,260.45,257.17,2026-08-31,3,False
BRO,Financials,Insurance Brokers,RSI,RSI 維持強勢 (50-70),None,0.0,0.51,0.2686,0.2686,0.2842,242,19108,0.0031,72.04,72.26,72.49,71.32,2026-09-02,3,False
RMD,Health Care,Medical Instruments & Supplies,RSI,RSI 維持強勢 (50-70),None,0.0,0.51,0.268,0.268,0.2772,194,12123,-0.0031,230.87,230.15,229.44,228.56,2026-09-02,3,False
EXPD,Industrials,Integrated Freight & Logistics,BB,BB 中軌向上（上升趨勢）,None,0.0,0.51,0.2673,0.2673,0.2929,202,17460,0.003,186.16,186.72,187.28,184.3,2026-09-02,3,False
IT,Information Technology,Information Technology Services,BB,價格在 BB 中軌上方,None,0.0,0.425,0.2672,0.2672,0.3573,262,20206,-0.0028,198.11,197.56,197.0,196.13,2026-08-31,3,False
OKE,Energy,Oil & Gas Midstream,KDJ,KDJ 金叉,None,0.0,0.5525,0.2667,0.2667,0.3614,15,498,0.0066,96.01,96.64,97.28,95.05,2026-08-31,3,False
LVS,Consumer Discretionary,Resorts & Casinos,BB,BB 跌破下軌 (超賣),None,0.0,0.45499999999999996,0.2667,0.2667,0.2974,15,733,-0.0006,43.81,43.78,43.76,43.37,2026-08-31,3,False
O,Real Estate,REIT - Retail,BB,BB 跌破下軌 (超賣),None,0.0,0.45499999999999996,0.2667,0.2667,0.25,15,564,-0.0041,61.28,61.03,60.78,60.67,2026-08-31,3,False
USFD,Consumer Staples,Food Distribution,BB,BB 跌破下軌 (超賣),None,0.0,0.45499999999999996,0.2667,,0.2667,0,705,0.0039,104.79,105.2,105.61,103.74,2026-09-02,3,False
KDP,Consumer Staples,Beverages - Non-Alcoholic,RSI,RSI 維持強勢 (50-70),None,0.0,0.51,0.265,0.265,0.2452,234,7574,-0.0003,32.59,32.58,32.57,32.26,2026-09-02,3,False
J,Industrials,Engineering & Construction,BB,價格在 BB 中軌上方,None,0.0,0.425,0.2648,0.2648,0.295,287,22337,0.0006,149.05,149.14,149.23,147.56,2026-08-31,3,False
BEKE,Real Estate,Real Estate Services,BB,BB 中軌向上（上升趨勢）,None,0.0,0.51,0.2647,,0.2647,0,5713,0.0025,17.94,17.98,18.03,17.76,2026-09-02,3,False
JLL,Real Estate,Real Estate Services,BB,BB 中軌向上（上升趨勢）,None,0.0,0.51,0.2647,,0.2647,0,5713,0.0025,354.67,355.56,356.44,351.12,2026-09-01,3,False
SJM,Consumer Staples,Packaged Foods,BB,BB 中軌向上（上升趨勢）,None,0.0,0.51,0.2645,0.2645,0.2466,121,6128,0.006,131.44,132.23,133.02,130.13,2026-09-02,3,False
DD,Materials,Specialty Chemicals,RSI,RSI 維持強勢 (50-70),None,0.0,0.51,0.2633,0.2633,0.286,281,5721,0.0048,134.59,135.24,135.88,133.24,2026-08-31,3,False
SBAC,Real Estate,REIT - Specialty,BB,BB 中軌向上（上升趨勢）,None,0.0,0.51,0.2614,0.2614,0.2647,88,5713,-0.0012,186.42,186.2,185.97,184.56,2026-09-02,3,False
NSC,Industrials,Railroads,BB,價格在 BB 中軌上方,None,0.0,0.425,0.2612,0.2612,0.295,245,22337,0.0038,342.79,344.09,345.4,339.36,2026-08-31,3,False
ED,Utilities,Utilities - Regulated Electric,KDJ,KDJ 金叉,None,0.0,0.5525,0.2609,0.2609,0.3001,23,713,0.0077,107.7,108.53,109.36,106.62,2026-09-01,3,False
EW,Health Care,Medical Devices,KDJ,KDJ 金叉,None,0.0,0.5525,0.2609,0.2609,0.2852,23,1536,0.0038,90.74,91.08,91.43,89.83,2026-09-01,3,False
CLX,Consumer Staples,Household & Personal Products,BB,BB 跌破下軌 (超賣),None,0.0,0.45499999999999996,0.2609,0.2609,0.2667,23,705,0.0048,94.27,94.72,95.17,93.33,2026-09-02,3,False
T,Communication Services,Telecom Services,BB,BB 中軌向上（上升趨勢）,None,0.0,0.51,0.2597,0.2597,0.2943,231,4771,-0.0014,25.95,25.91,25.88,25.69,2026-09-02,3,False
CAT,Industrials,Farm & Heavy Construction Machinery,KDJ,KDJ 超賣區金叉,Bullish Engulfing,0.75,1.0,0.2593,,0.2593,0,27,0.0088,792.28,799.25,806.22,784.36,2026-09-02,3,False
CPRT,Industrials,Specialty Business Services,RSI,RSI 維持強勢 (50-70),None,0.0,0.51,0.2593,0.2593,0.2986,189,19157,-0.0016,32.16,32.11,32.06,31.84,2026-09-02,3,False
ICE,Financials,Financial Data & Stock Exchanges,RSI,RSI 維持強勢 (50-70),None,0.0,0.51,0.258,0.258,0.2842,283,19108,0.005,157.85,158.64,159.43,156.27,2026-09-02,3,False
V,Financials,Credit Services,BB,BB 中軌向上（上升趨勢）,None,0.0,0.51,0.2571,0.2571,0.2681,210,16575,0.0013,378.4,378.89,379.38,374.62,2026-09-02,3,False
WMT,Consumer Staples,Discount Stores,RSI,RSI 加速上升,None,0.0,0.5525,0.2569,0.2569,0.2439,144,5343,0.0042,106.09,106.54,106.98,105.03,2026-09-02,3,False
KEP,Utilities,Utilities - Regulated Electric,RSI,RSI 加速上升,None,0.0,0.5525,0.2565,,0.2565,0,4905,0.0041,11.6,11.65,11.7,11.48,2026-08-31,3,False
ABEV,Consumer Staples,Beverages - Brewers,RSI,RSI 上穿 50 中性線,None,0.0,0.4675,0.2565,,0.2565,0,928,0.0005,2.99,2.99,2.99,2.96,2026-09-02,3,False
JBS,Consumer Staples,Packaged Foods,RSI,RSI 上穿 50 中性線,None,0.0,0.4675,0.2565,,0.2565,0,928,0.0005,13.54,13.55,13.55,13.4,2026-09-02,3,False
APD,Materials,Specialty Chemicals,BB,BB 中軌向上（上升趨勢）,None,0.0,0.51,0.2556,0.2556,0.2853,180,5036,-0.0037,309.45,308.31,307.16,306.36,2026-09-02,3,False
DGX,Health Care,Diagnostics & Research,RSI,RSI 維持強勢 (50-70),None,0.0,0.51,0.2551,0.2551,0.2772,243,12123,0.0038,240.8,241.72,242.63,238.39,2026-09-02,3,False
EQIX,Real Estate,REIT - Specialty,BB,BB 中軌向上（上升趨勢）,None,0.0,0.51,0.2547,0.2547,0.2647,212,5713,-0.0008,1027.59,1026.77,1025.95,1017.31,2026-09-01,3,False
CTSH,Information Technology,Information Technology Services,BB,價格在 BB 中軌上方,None,0.0,0.425,0.2536,0.2536,0.3573,209,20206,0.0011,63.4,63.47,63.54,62.77,2026-09-02,3,False
MCO,Financials,Financial Data & Stock Exchanges,BB,價格在 BB 中軌上方,None,0.0,0.425,0.2519,0.2519,0.2847,266,21689,-0.0003,494.71,494.56,494.41,489.76,2026-09-01,3,False
AGNCL,Real Estate,REIT - Mortgage,RSI,RSI 維持強勢 (50-70),None,0.0,0.51,0.2509,,0.2509,0,7011,0.0007,25.267,25.28,25.3,25.01,2026-09-02,3,False
AGNCN,Real Estate,REIT - Mortgage,RSI,RSI 維持強勢 (50-70),None,0.0,0.51,0.2509,,0.2509,0,7011,0.0007,25.9,25.92,25.94,25.64,2026-09-01,3,False
AGNCO,Real Estate,REIT - Mortgage,RSI,RSI 維持強勢 (50-70),None,0.0,0.51,0.2509,,0.2509,0,7011,0.0007,25.66,25.68,25.7,25.4,2026-09-01,3,False
AGNCP,Real Estate,REIT - Mortgage,RSI,RSI 維持強勢 (50-70),None,0.0,0.51,0.2509,,0.2509,0,7011,0.0007,25.48,25.5,25.52,25.23,2026-09-01,3,False
AGNCZ,Real Estate,REIT - Mortgage,RSI,RSI 維持強勢 (50-70),None,0.0,0.51,0.2509,,0.2509,0,7011,0.0007,25.53,25.55,25.57,25.27,2026-09-02,3,False
BPYPP,Real Estate,Real Estate Services,RSI,RSI 維持強勢 (50-70),None,0.0,0.51,0.2509,,0.2509,0,7011,0.0007,16.1,16.11,16.12,15.94,2026-09-02,3,False
CPB,Consumer Staples,Packaged Foods,KDJ,KDJ 金叉,None,0.0,0.5525,0.2503,,0.2503,0,779,-0.0014,23.78,23.75,23.71,23.54,2026-09-02,3,False
MA,Financials,Credit Services,RSI,RSI 維持強勢 (50-70),None,0.0,0.51,0.25,0.25,0.2842,288,19108,0.0014,588.14,588.96,589.79,582.26,2026-09-02,3,False
FAST,Industrials,Industrial Distribution,BB,BB 跌破下軌 (超賣),None,0.0,0.45499999999999996,0.25,0.25,0.2838,16,1258,0.008,47.93,48.31,48.7,47.45,2026-09-02,3,False
LINE,Real Estate,REIT - Industrial,BB,BB 跌破下軌 (超賣),None,0.0,0.45499999999999996,0.25,,0.25,0,564,-0.0003,38.79,38.78,38.77,38.4,2026-09-01,3,False
URI,Industrials,Rental & Leasing Services,BB,BB 跌破下軌 (超賣),None,0.0,0.45499999999999996,0.25,0.25,0.2838,16,1258,-0.0101,990.15,980.15,970.15,980.25,2026-09-01,3,False
VRSN,Information Technology,Software - Infrastructure,BB,價格在 BB 中軌上方,None,0.0,0.425,0.2492,0.2492,0.3573,321,20206,0.0014,289.96,290.37,290.77,287.06,2026-09-02,3,False
NWS,Communication Services,Entertainment,RSI,RSI 維持強勢 (50-70),None,0.0,0.51,0.2471,0.2471,0.3082,259,5205,0.0029,34.41,34.51,34.61,34.07,2026-09-02,3,False
COKE,Consumer Staples,Beverages - Non-Alcoholic,BB,BB 中軌向上（上升趨勢）,None,0.0,0.51,0.2466,,0.2466,0,6128,-0.0003,195.26,195.2,195.14,193.31,2026-09-02,3,False
DEO,Consumer Staples,Beverages - Wineries & Distilleries,BB,BB 中軌向上（上升趨勢）,None,0.0,0.51,0.2466,,0.2466,0,6128,-0.0003,91.14,91.11,91.09,90.23,2026-09-02,3,False
MICC,Consumer Staples,Packaged Foods,BB,BB 中軌向上（上升趨勢）,None,0.0,0.51,0.2466,,0.2466,0,6128,-0.0003,19.85,19.84,19.84,19.65,2026-09-02,3,False
CCEP,Consumer Staples,Beverages - Non-Alcoholic,RSI,RSI 維持強勢 (50-70),None,0.0,0.51,0.2452,,0.2452,0,7574,-0.0002,107.78,107.76,107.74,106.7,2026-09-02,3,False
UL,Consumer Staples,Household & Personal Products,RSI,RSI 維持強勢 (50-70),None,0.0,0.51,0.2452,,0.2452,0,7574,-0.0002,64.57,64.56,64.54,63.92,2026-09-02,3,False
PH,Industrials,Specialty Industrial Machinery,BB,BB 中軌向上（上升趨勢）,None,0.0,0.51,0.2448,0.2448,0.2929,290,17460,0.0024,979.44,981.79,984.14,969.65,2026-08-31,3,False
AIZ,Financials,Insurance - Property & Casualty,RSI,RSI 維持強勢 (50-70),None,0.0,0.51,0.2447,0.2447,0.2842,282,19108,0.0016,284.07,284.52,284.98,281.23,2026-09-02,3,False
NTAP,Information Technology,Software - Infrastructure,BB,BB 中軌向上（上升趨勢）,None,0.0,0.51,0.2435,0.2435,0.3639,230,16781,0.002,183.16,183.53,183.89,181.33,2026-09-01,3,False
AYI,Industrials,Electrical Equipment & Parts,KDJ,KDJ 超賣區金叉,None,0.0,0.5599999999999999,0.2433,,0.2433,0,563,0.0001,330.59,330.62,330.66,327.28,2026-09-02,3,False
BA,Industrials,Aerospace & Defense,KDJ,KDJ 超賣區金叉,None,0.0,0.5599999999999999,0.2433,,0.2433,0,563,0.0001,208.87,208.89,208.91,206.78,2026-09-02,3,False
ESLT,Industrials,Aerospace & Defense,KDJ,KDJ 超賣區金叉,None,0.0,0.5599999999999999,0.2433,,0.2433,0,563,0.0001,708.7,708.77,708.84,701.61,2026-09-01,3,False
PWR,Industrials,Engineering & Construction,KDJ,KDJ 超賣區金叉,None,0.0,0.5599999999999999,0.2433,,0.2433,0,563,0.0001,610.78,610.84,610.9,604.67,2026-09-02,3,False
UAL,Industrials,Airlines,KDJ,KDJ 超賣區金叉,None,0.0,0.5599999999999999,0.2433,,0.2433,0,563,0.0001,108.35,108.36,108.37,107.27,2026-09-02,3,False
ZTO,Industrials,Integrated Freight & Logistics,KDJ,KDJ 超賣區金叉,None,0.0,0.5599999999999999,0.2433,,0.2433,0,563,0.0001,21.17,21.17,21.17,20.96,2026-08-31,3,False
FMX,Consumer Staples,Beverages - Brewers,BB,價格在 BB 中軌上方,None,0.0,0.425,0.2432,,0.2432,0,8891,-0.0001,121.37,121.36,121.35,120.16,2026-09-02,3,False
ADSK,Information Technology,Software - Application,RSI,RSI 維持強勢 (50-70),None,0.0,0.51,0.2424,0.2424,0.3645,198,16764,-0.0043,247.69,246.62,245.56,245.21,2026-09-01,3,False
AMT,Real Estate,REIT - Specialty,RSI,RSI 維持強勢 (50-70),None,0.0,0.51,0.2419,0.2419,0.2509,186,7011,-0.0,176.02,176.02,176.02,174.26,2026-09-01,3,False
ZTS,Health Care,Drug Manufacturers - Specialty & Generic,BB,價格在 BB 中軌上方,None,0.0,0.425,0.2417,0.2417,0.2804,211,14417,-0.0048,76.17,75.8,75.44,75.41,2026-09-02,3,False
BUD,Consumer Staples,Beverages - Brewers,MACD,MACD 金叉 (空頭區),None,0.0,0.42,0.241,,0.241,0,473,-0.0002,79.1,79.08,79.07,78.31,2026-08-31,3,False
NEE,Utilities,Utilities - Regulated Electric,KDJ,KDJ 金叉,None,0.0,0.5525,0.24,0.24,0.3001,25,713,0.0103,82.93,83.78,84.64,82.1,2026-09-01,3,False
LH,Health Care,Diagnostics & Research,BB,價格在 BB 中軌上方,None,0.0,0.425,0.2387,0.2387,0.2804,222,14417,0.0,331.66,331.66,331.66,328.34,2026-09-02,3,False
NDSN,Industrials,Specialty Industrial Machinery,RSI,RSI 上穿 50 中性線,None,0.0,0.4675,0.2381,0.2381,0.304,21,1816,0.0063,316.63,318.62,320.62,313.46,2026-09-02,3,False
INVH,Real Estate,REIT - Residential,BB,BB 跌破下軌 (超賣),None,0.0,0.45499999999999996,0.2381,0.2381,0.25,21,564,-0.0017,28.84,28.79,28.74,28.55,2026-09-02,3,False
FDS,Financials,Financial Data & Stock Exchanges,BB,價格在 BB 中軌上方,None,0.0,0.425,0.2375,0.2375,0.2847,240,21689,-0.0048,306.07,304.6,303.13,303.01,2026-09-02,3,False
EXC,Utilities,Utilities - Regulated Electric,KDJ,KDJ 金叉,None,0.0,0.5525,0.2353,0.2353,0.3001,17,713,0.0069,43.83,44.13,44.43,43.39,2026-09-01,3,False
AWK,Utilities,Utilities - Regulated Water,RSI,RSI 動能加速（強勢區）,None,0.0,0.51,0.2353,0.2353,0.2198,34,1556,0.0069,139.49,140.45,141.41,138.1,2026-09-02,3,False
PTC,Information Technology,Software - Application,BB,BB 中軌向上（上升趨勢）,None,0.0,0.51,0.2353,0.2353,0.3639,153,16781,-0.001,149.13,148.98,148.83,147.64,2026-09-02,3,False
EMR,Industrials,Specialty Industrial Machinery,BB,BB 跌破下軌 (超賣),None,0.0,0.45499999999999996,0.2353,0.2353,0.2838,17,1258,-0.001,147.63,147.48,147.33,146.15,2026-09-01,3,False
KO,Consumer Staples,Beverages - Non-Alcoholic,BB,BB 中軌向上（上升趨勢）,None,0.0,0.51,0.2346,0.2346,0.2466,179,6128,0.0053,88.67,89.14,89.61,87.78,2026-08-31,3,False
CSGP,Real Estate,Real Estate Services,RSI,RSI 維持強勢 (50-70),None,0.0,0.51,0.2343,0.2343,0.2509,175,7011,-0.0075,31.98,31.74,31.5,31.66,2026-09-01,3,False
SPGI,Financials,Financial Data & Stock Exchanges,BB,價格在 BB 中軌上方,None,0.0,0.425,0.2327,0.2327,0.2847,318,21689,0.0017,431.71,432.44,433.18,427.39,2026-09-02,3,False
DUK,Utilities,Utilities - Regulated Electric,KDJ,KDJ 金叉,Bullish Engulfing,0.75,1.0,0.2308,,0.2308,0,26,0.0023,120.56,120.84,121.11,119.35,2026-09-02,3,False
AOS,Industrials,Specialty Industrial Machinery,BB,BB 跌破下軌 (超賣),None,0.0,0.45499999999999996,0.2308,0.2308,0.2838,13,1258,0.0065,58.49,58.87,59.25,57.91,2026-09-01,3,False
LNT,Utilities,Utilities - Regulated Electric,MACD,MACD 金叉 (空頭區),None,0.0,0.42,0.2308,0.2308,0.2494,13,409,0.0054,67.98,68.35,68.71,67.3,2026-08-31,3,False
ABT,Health Care,Medical Devices,BB,BB 中軌向上（上升趨勢）,None,0.0,0.51,0.2303,0.2303,0.2705,152,10885,-0.0014,110.47,110.32,110.16,109.37,2026-09-02,3,False
UPS,Industrials,Integrated Freight & Logistics,BB,價格在 BB 中軌上方,None,0.0,0.425,0.2302,0.2302,0.295,252,22337,-0.0052,104.23,103.69,103.15,103.19,2026-08-31,3,False
MKC,Consumer Staples,Packaged Foods,BB,BB 中軌向上（上升趨勢）,None,0.0,0.51,0.2292,0.2292,0.2466,192,6128,-0.0033,53.8,53.62,53.44,53.26,2026-09-02,3,False
GNRC,Industrials,Specialty Industrial Machinery,BB,BB 跌破下軌 (超賣),None,0.0,0.45499999999999996,0.2273,0.2273,0.2838,22,1258,-0.012,181.42,179.24,177.07,179.61,2026-09-01,3,False
DHR,Health Care,Diagnostics & Research,BB,價格在 BB 中軌上方,None,0.0,0.425,0.2267,0.2267,0.2804,247,14417,-0.002,209.91,209.49,209.07,207.81,2026-09-02,3,False
MSCI,Financials,Financial Data & Stock Exchanges,BB,價格在 BB 中軌上方,None,0.0,0.425,0.226,0.226,0.2847,208,21689,-0.0005,570.64,570.35,570.07,564.93,2026-08-31,3,False
VLTO,Industrials,Pollution & Treatment Controls,RSI,RSI 維持強勢 (50-70),None,0.0,0.51,0.2259,0.2259,0.2986,239,19157,0.0003,97.21,97.24,97.27,96.24,2026-09-02,3,False
ECL,Materials,Specialty Chemicals,RSI,RSI 維持強勢 (50-70),None,0.0,0.51,0.2254,0.2254,0.286,284,5721,0.003,283.2,284.05,284.9,280.37,2026-08-31,3,False
PFE,Health Care,Drug Manufacturers - General,RSI,RSI 維持強勢 (50-70),Support,0.9,1.0,0.225,,0.225,0,40,-0.0085,28.46,28.22,27.98,28.18,2026-08-31,3,False
PG,Consumer Staples,Household & Personal Products,RSI,RSI 動能加速（強勢區）,None,0.0,0.51,0.225,0.225,0.2456,40,1148,0.0005,147.64,147.71,147.79,146.16,2026-09-02,3,False
CTAS,Industrials,Specialty Business Services,RSI,RSI 維持強勢 (50-70),None,0.0,0.51,0.2236,0.2236,0.2986,322,19157,0.0044,201.79,202.68,203.57,199.77,2026-08-31,3,False
GEHC,Health Care,Medical Devices,RSI,RSI 維持強勢 (50-70),None,0.0,0.51,0.2234,0.2234,0.2772,188,12123,-0.0074,71.23,70.7,70.18,70.52,2026-08-31,3,False
EA,Communication Services,Electronic Gaming & Multimedia,BB,價格在 BB 中軌上方,None,0.0,0.425,0.2231,0.2231,0.3007,242,6080,0.0014,209.7,209.99,210.29,207.6,2026-08-07,3,False
LYB,Materials,Specialty Chemicals,MACD,MACD 金叉 (多頭區),None,0.0,0.68,0.2222,0.2222,0.2886,9,149,-0.0104,66.57,65.88,65.19,65.9,2026-09-02,3,False
PCAR,Industrials,Farm & Heavy Construction Machinery,BB,BB 跌破下軌 (超賣),None,0.0,0.45499999999999996,0.2222,0.2222,0.2838,18,1258,-0.0065,122.13,121.34,120.54,120.91,2026-09-02,3,False
VRSK,Industrials,Consulting Services,RSI,RSI 加速上升,None,0.0,0.5525,0.2179,0.2179,0.2981,156,11545,-0.0014,194.35,194.08,193.81,192.41,2026-09-01,3,False
ZBH,Health Care,Medical Devices,RSI,RSI 維持強勢 (50-70),None,0.0,0.51,0.2156,0.2156,0.2772,167,12123,-0.0047,99.5,99.03,98.56,98.5,2026-09-02,3,False
ROST,Consumer Discretionary,Apparel Retail,KDJ,KDJ 金叉,None,0.0,0.5525,0.2143,0.2143,0.3183,28,1244,0.0033,230.85,231.61,232.37,228.54,2026-09-02,3,False
ACN,Information Technology,Information Technology Services,RSI,RSI 維持強勢 (50-70),None,0.0,0.51,0.2123,0.2123,0.3645,179,16764,-0.0055,187.68,186.65,185.62,185.8,2026-09-02,3,False
FE,Utilities,Utilities - Regulated Electric,KDJ,KDJ 金叉,None,0.0,0.5525,0.2105,0.2105,0.3001,19,713,0.0002,46.16,46.17,46.18,45.7,2026-09-01,3,False
ALL,Financials,Insurance - Property & Casualty,RSI,RSI 維持強勢 (50-70),None,0.0,0.51,0.208,0.208,0.2842,226,19108,-0.0006,259.34,259.18,259.03,256.75,2026-09-02,3,False
STE,Health Care,Medical Devices,RSI,RSI 維持強勢 (50-70),None,0.0,0.51,0.205,0.205,0.2772,161,12123,0.0005,232.64,232.76,232.87,230.31,2026-08-31,3,False
VZ,Communication Services,Telecom Services,BB,價格在 BB 中軌上方,None,0.0,0.425,0.2046,0.2046,0.3007,259,6080,0.0019,50.22,50.32,50.41,49.72,2026-09-02,3,False
GIS,Consumer Staples,Packaged Foods,BB,BB 中軌向上（上升趨勢）,None,0.0,0.51,0.2043,0.2043,0.2466,93,6128,-0.0045,40.58,40.4,40.21,40.17,2026-09-02,3,False
MRK,Health Care,Drug Manufacturers - General,RSI,RSI 維持強勢 (50-70),None,0.0,0.51,0.2017,0.2017,0.2772,233,12123,-0.0043,151.64,150.99,150.34,150.12,2026-09-02,3,False
ATO,Utilities,Utilities - Regulated Gas,KDJ,KDJ 金叉,None,0.0,0.5525,0.2,0.2,0.3001,20,713,0.0011,167.7,167.88,168.07,166.02,2026-09-01,3,False
TYL,Information Technology,Software - Application,RSI,RSI 加速上升,None,0.0,0.5525,0.2,0.2,0.3693,115,10688,-0.0028,376.43,375.38,374.32,372.67,2026-09-01,3,False
SPG,Real Estate,REIT - Retail,BB,BB 跌破下軌 (超賣),None,0.0,0.45499999999999996,0.2,0.2,0.25,10,564,-0.0051,210.2,209.13,208.06,208.1,2026-09-02,3,False
TAP,Consumer Staples,Beverages - Brewers,BB,BB 跌破下軌 (超賣),None,0.0,0.45499999999999996,0.2,0.2,0.2667,20,705,0.0003,39.76,39.77,39.78,39.36,2026-09-01,3,False
KMB,Consumer Staples,Household & Personal Products,RSI,RSI 維持強勢 (50-70),None,0.0,0.51,0.1981,0.1981,0.2452,212,7574,-0.0029,109.29,108.97,108.66,108.2,2026-09-02,3,False
SBUX,Consumer Discretionary,Restaurants,BB,價格在 BB 中軌上方,None,0.0,0.425,0.1957,0.1957,0.2984,235,12430,-0.0009,106.72,106.62,106.53,105.65,2026-09-02,3,False
BDX,Health Care,Medical Instruments & Supplies,BB,BB 中軌向上（上升趨勢）,None,0.0,0.51,0.1948,0.1948,0.2705,154,10885,-0.0017,187.52,187.2,186.88,185.64,2026-09-02,3,False
COO,Health Care,Medical Instruments & Supplies,BB,BB 跌破下軌 (超賣),None,0.0,0.45499999999999996,0.1944,0.1944,0.2752,36,974,-0.0142,69.28,68.3,67.31,68.59,2026-09-01,3,False
AKAM,Information Technology,Software - Infrastructure,KDJ,KDJ 金叉,None,0.0,0.5525,0.1923,0.1923,0.3918,26,1955,-0.0039,108.62,108.2,107.77,107.53,2026-08-31,3,False
YUM,Consumer Discretionary,Restaurants,BB,價格在 BB 中軌上方,None,0.0,0.425,0.1789,0.1789,0.2984,218,12430,-0.0015,151.27,151.04,150.82,149.76,2026-09-02,3,False
LIN,Materials,Specialty Chemicals,BB,價格在 BB 中軌上方,None,0.0,0.425,0.1748,0.1748,0.2859,286,6697,0.0023,487.45,488.57,489.69,482.58,2026-09-02,3,False
JCI,Industrials,Building Products & Equipment,KDJ,KDJ 超賣區金叉,None,0.0,0.5599999999999999,0.1667,0.1667,0.2433,6,563,-0.0097,139.25,137.9,136.55,137.86,2026-09-02,3,False
BLDR,Industrials,Building Products & Equipment,BB,BB 跌破下軌 (超賣),None,0.0,0.45499999999999996,0.1667,0.1667,0.2838,12,1258,-0.0093,63.09,62.5,61.92,62.46,2026-09-02,3,False
WTW,Financials,Insurance Brokers,BB,BB 中軌向上（上升趨勢）,None,0.0,0.51,0.1644,0.1644,0.2681,219,16575,0.0003,338.55,338.65,338.75,335.16,2026-08-31,3,False
LOW,Consumer Discretionary,Home Improvement Retail,BB,BB 跌破下軌 (超賣),None,0.0,0.45499999999999996,0.16,0.16,0.2974,25,733,0.0003,199.84,199.9,199.96,197.84,2026-09-02,3,False
ALLE,Industrials,Security & Protection Services,BB,BB 跌破下軌 (超賣),None,0.0,0.45499999999999996,0.1579,0.1579,0.2838,19,1258,0.0015,151.82,152.05,152.28,150.3,2026-09-01,3,False
CHD,Consumer Staples,Household & Personal Products,BB,BB 中軌向上（上升趨勢）,None,0.0,0.51,0.1562,0.1562,0.2466,160,6128,-0.0032,99.78,99.46,99.14,98.78,2026-08-31,3,False
SHW,Materials,Specialty Chemicals,BB,BB 跌破下軌 (超賣),None,0.0,0.45499999999999996,0.1538,0.1538,0.2333,13,403,-0.004,329.95,328.63,327.31,326.65,2026-09-01,3,False
LEN,Consumer Discretionary,Residential Construction,BB,BB 跌破下軌 (超賣),None,0.0,0.45499999999999996,0.15,0.15,0.2974,20,733,-0.0267,82.75,80.54,78.33,81.92,2026-09-01,3,False
ROP,Information Technology,Software - Application,RSI,RSI 維持強勢 (50-70),None,0.0,0.51,0.1429,0.1429,0.3645,231,16764,-0.0041,415.79,414.09,412.38,411.63,2026-09-02,3,False
PLD,Real Estate,REIT - Industrial,BB,BB 跌破下軌 (超賣),None,0.0,0.45499999999999996,0.1429,0.1429,0.25,14,564,-0.0053,136.59,135.87,135.14,135.22,2026-09-02,3,False
PPG,Materials,Specialty Chemicals,BB,BB 跌破下軌 (超賣),None,0.0,0.45499999999999996,0.1429,0.1429,0.2333,28,403,-0.0047,109.7,109.18,108.67,108.6,2026-09-01,3,False
WSM,Consumer Discretionary,Specialty Retail,BB,BB 跌破下軌 (超賣),None,0.0,0.45499999999999996,0.1429,0.1429,0.2974,7,733,-0.0104,221.72,219.41,217.11,219.5,2026-09-02,3,False
MRSH,Financials,Insurance Brokers,RSI,RSI 維持強勢 (50-70),None,0.0,0.51,0.1408,0.1408,0.2842,284,19108,-0.0035,189.8,189.14,188.47,187.9,2026-08-31,3,False
PYPL,Financials,Credit Services,BB,BB 跌破下軌 (超賣),None,0.0,0.45499999999999996,0.1304,0.1304,0.3485,23,1277,-0.0467,52.4,49.95,47.51,51.88,2026-09-01,3,False
LYV,Communication Services,Entertainment,BB,BB 跌破下軌 (超賣),None,0.0,0.45499999999999996,0.125,0.125,0.33,16,397,-0.0334,177.2,171.28,165.36,175.43,2026-09-01,3,False
DAL,Industrials,Airlines,KDJ,KDJ 超賣區金叉,None,0.0,0.5599999999999999,0.1,0.1,0.2433,10,563,-0.0086,78.14,77.47,76.8,77.36,2026-09-02,3,False
DHI,Consumer Discretionary,Residential Construction,BB,BB 跌破下軌 (超賣),None,0.0,0.45499999999999996,0.1,0.1,0.2974,20,733,-0.0096,141.37,140.01,138.66,139.96,2026-09-01,3,False
CRH,Materials,Building Materials,BB,BB 跌破下軌 (超賣),None,0.0,0.45499999999999996,0.0833,0.0833,0.2333,24,403,-0.01,91.2,90.29,89.38,90.29,2026-09-01,3,False
IEX,Industrials,Specialty Industrial Machinery,BB,BB 跌破下軌 (超賣),None,0.0,0.45499999999999996,0.0357,0.0357,0.2838,28,1258,-0.0137,222.86,219.81,216.75,220.63,2026-09-01,3,False
FSLR,Information Technology,Solar,KDJ,KDJ 超賣區金叉,None,0.0,0.5599999999999999,0.0,0.0,0.3016,5,368,-0.029,202.6,196.72,190.85,200.57,2026-09-02,3,False
