symbol,sector,subsector,indicator,signal,pattern,pattern_conf,confidence,win_rate,win_rate_stock,win_rate_sector,stock_n,sector_n,avg_return,price,tp1_price,tp2_price,sl_price,date,tier,volume_confirmed
TFII,Industrials,Trucking,RSI,RSI 維持超賣,Morning Star,0.8,1.0,0.8333,,0.8333,0,6,0.0856,112.35,121.97,131.58,111.23,2026-10-07,1,True
UMBF,Financials,Banks - Regional,RSI,RSI 超賣區域 (30),Morning Star,0.8,1.0,0.7857,,0.7857,0,14,0.0443,128.21,133.89,139.57,126.93,2026-10-07,1,False
NVO,Health Care,Drug Manufacturers - General,RSI,RSI 維持超賣,Support,0.8,0.9,0.75,,0.75,0,12,0.0394,37.53,39.01,40.49,37.15,2026-10-06,1,False
JCI,Industrials,Building Products & Equipment,BB,價格在 BB 中軌上方,Cup & Handle,0.82,1.0,0.7073,0.7073,0.306,41,5442,0.0309,158.76,163.67,168.57,157.17,2026-10-06,1,False
ARCC,Financials,Asset Management,BB,BB 跌破下軌 (超賣),Bullish Engulfing,0.75,1.0,0.7059,,0.7059,0,34,0.0562,18.45,19.49,20.52,18.27,2026-10-07,1,False
BCH,Financials,Banks - Regional,BB,BB 跌破下軌 (超賣),Bullish Engulfing,0.75,1.0,0.7059,,0.7059,0,34,0.0562,37.88,40.01,42.14,37.5,2026-10-07,1,False
CG,Financials,Asset Management,BB,BB 跌破下軌 (超賣),Bullish Engulfing,0.75,1.0,0.7059,,0.7059,0,34,0.0562,37.8,39.92,42.05,37.42,2026-10-07,1,False
PFG,Financials,Asset Management,BB,BB 跌破下軌 (超賣),Bullish Engulfing,0.75,1.0,0.7059,,0.7059,0,34,0.0562,108.73,114.84,120.95,107.64,2026-10-07,1,False
CACI,Information Technology,Information Technology Services,BB,BB 跌破下軌 (超賣),Bullish Engulfing,0.75,1.0,0.6863,,0.6863,0,51,0.0442,581.85,607.57,633.29,576.03,2026-10-07,1,False
LDOS,Information Technology,Information Technology Services,BB,BB 跌破下軌 (超賣),Bullish Engulfing,0.75,1.0,0.6863,,0.6863,0,51,0.0442,113.55,118.57,123.59,112.41,2026-10-07,1,False
CHRW,Industrials,Integrated Freight & Logistics,BB,BB 跌破下軌 (超賣),Morning Star,0.8,1.0,0.6667,,0.6667,0,6,0.0335,135.05,139.57,144.1,133.7,2026-10-06,1,True
CYTK,Health Care,Biotechnology,RSI,RSI 維持超賣,Morning Star,0.8,0.9,0.6098,,0.6098,0,82,0.0247,62.01,63.54,65.07,61.39,2026-10-08,1,False
POOL,Industrials,Industrial Distribution,BB,BB 跌破下軌 (超賣),Bullish Engulfing,0.75,1.0,0.5682,,0.5682,0,44,0.0295,154.14,158.69,163.23,152.6,2026-10-07,1,False
CMG,Consumer Discretionary,Restaurants,RSI,RSI 加速上升,Bullish Engulfing,0.75,1.0,0.525,,0.525,0,40,0.0144,32.68,33.15,33.62,32.35,2026-10-08,1,True
PEP,Consumer Staples,Beverages - Non-Alcoholic,RSI,RSI 加速上升,None,0.0,0.5525,0.8333,0.8333,0.309,6,288,0.0334,128.34,132.63,136.91,127.06,2026-10-08,2,True
NRG,Utilities,Utilities - Independent Power Producers,RSI,RSI 維持強勢 (50-70),None,0.0,0.51,0.75,0.75,0.3263,8,331,0.0535,106.32,112.01,117.7,105.26,2026-10-08,2,True
CBOE,Financials,Financial Data & Stock Exchanges,RSI,RSI 維持強勢 (50-70),None,0.0,0.51,0.7273,0.7273,0.3448,11,609,0.0371,294.08,304.99,315.9,291.14,2026-10-08,2,True
VST,Utilities,Utilities - Independent Power Producers,RSI,RSI 維持強勢 (50-70),None,0.0,0.51,0.7273,0.7273,0.3263,11,331,0.064,156.14,166.13,176.13,154.58,2026-10-08,2,True
CEG,Utilities,Utilities - Independent Power Producers,RSI,RSI 動能加速（強勢區）,None,0.0,0.51,0.6667,0.6667,0.3725,9,102,0.0475,300.4,314.67,328.94,297.4,2026-10-06,2,True
DOW,Materials,Chemicals,BB,價格在 BB 中軌上方,None,0.0,0.425,0.6667,0.6667,0.354,12,274,0.0564,28.59,30.2,31.81,28.3,2026-10-08,2,True
PLTR,Information Technology,Software - Infrastructure,RSI,RSI 加速上升,None,0.0,0.5525,0.65,0.65,0.4113,20,851,0.0334,198.78,205.42,212.06,196.79,2026-10-08,2,True
TTE,Energy,Oil & Gas Integrated,KDJ,KDJ 金叉,None,0.0,0.5525,0.6296,,0.6296,0,27,0.0284,86.02,88.46,90.91,85.16,2026-10-08,2,True
CDW,Information Technology,Information Technology Services,RSI,RSI 維持強勢 (50-70),None,0.0,0.51,0.625,0.625,0.4471,8,747,0.037,139.88,145.06,150.23,138.48,2026-10-08,2,True
DLTR,Consumer Staples,Discount Stores,BB,價格在 BB 中軌上方,Morning Star,0.8,0.924,0.6,0.6,0.5252,10,139,0.0206,116.19,118.58,120.98,115.03,2026-10-06,2,False
ERIE,Financials,Insurance Brokers,RSI,RSI 加速上升,None,0.0,0.5525,0.6,0.6,0.318,10,588,0.0444,226.54,236.6,246.66,224.27,2026-10-08,2,True
ACN,Information Technology,Information Technology Services,BB,價格在 BB 中軌上方,None,0.0,0.425,0.6,0.6,0.4327,10,1188,0.0094,208.36,210.32,212.28,206.28,2026-10-08,2,True
MDT,Health Care,Medical Devices,RSI,RSI 加速上升,None,0.0,0.5525,0.5455,0.5455,0.3667,11,559,0.0158,87.75,89.14,90.52,86.87,2026-10-08,2,True
ATO,Utilities,Utilities - Regulated Gas,RSI,RSI 加速上升,None,0.0,0.5525,0.5,0.5,0.3147,6,251,0.0201,160.66,163.89,167.12,159.05,2026-10-08,2,True
VICI,Real Estate,REIT - Diversified,RSI,RSI 加速上升,None,0.0,0.5525,0.5,0.5,0.3264,6,193,0.0122,22.79,23.07,23.35,22.56,2026-10-08,2,True
CME,Financials,Financial Data & Stock Exchanges,RSI,RSI 維持強勢 (50-70),None,0.0,0.51,0.5,0.5,0.3448,8,609,0.0052,276.44,277.88,279.31,273.68,2026-10-08,2,True
LYB,Materials,Specialty Chemicals,MACD,MACD 金叉 (空頭區),None,0.0,0.42,0.5,,0.5,0,8,0.0266,60.34,61.95,63.55,59.74,2026-10-08,2,True
VALE,Materials,Other Industrial Metals & Mining,MACD,MACD 金叉 (空頭區),None,0.0,0.42,0.5,,0.5,0,8,0.0266,14.08,14.45,14.83,13.94,2026-10-06,2,True
AEG,Financials,Insurance - Diversified,RSI,RSI 維持超賣,None,0.0,0.385,0.4853,,0.4853,0,136,0.0158,8.27,8.4,8.53,8.19,2026-10-08,2,True
PUK,Financials,Insurance - Life,RSI,RSI 維持超賣,None,0.0,0.385,0.4853,,0.4853,0,136,0.0158,23.88,24.26,24.63,23.64,2026-10-08,2,True
BCS,Financials,Banks - Diversified,RSI,RSI 超賣區域 (30),None,0.0,0.5249999999999999,0.4831,,0.4831,0,118,0.0179,23.0,23.41,23.82,22.77,2026-10-07,2,True
HSBC,Financials,Banks - Diversified,RSI,RSI 超賣區域 (30),None,0.0,0.5249999999999999,0.4831,,0.4831,0,118,0.0179,92.61,94.27,95.93,91.68,2026-10-08,2,True
KKR,Financials,Asset Management,RSI,RSI 超賣區域 (30),None,0.0,0.5249999999999999,0.4831,,0.4831,0,118,0.0179,89.56,91.16,92.77,88.66,2026-10-08,2,True
GSK,Health Care,Drug Manufacturers - General,KDJ,KDJ 超賣區金叉,None,0.0,0.5599999999999999,0.48,,0.48,0,25,0.0086,46.54,46.94,47.34,46.07,2026-10-08,2,True
WY,Real Estate,REIT - Specialty,KDJ,KDJ 超賣區金叉,None,0.0,0.5599999999999999,0.4722,,0.4722,0,36,0.0146,18.6,18.87,19.14,18.41,2026-10-06,2,True
KEYS,Information Technology,Scientific & Technical Instruments,BB,價格在 BB 中軌上方,None,0.0,0.425,0.4615,0.4615,0.4327,13,1188,0.0237,374.67,383.55,392.43,370.92,2026-10-08,2,True
EMA,Utilities,Utilities - Regulated Electric,RSI,RSI 超賣區域 (30),None,0.0,0.5249999999999999,0.4545,,0.4545,0,33,0.0084,46.64,47.03,47.42,46.17,2026-10-06,2,True
SONY,Information Technology,Consumer Electronics,MACD,MACD 金叉 (多頭區),None,0.0,0.68,0.45,,0.45,0,100,0.0204,23.95,24.44,24.93,23.71,2026-10-08,2,True
VRSN,Information Technology,Software - Infrastructure,MACD,MACD 金叉 (多頭區),None,0.0,0.68,0.45,,0.45,0,100,0.0204,297.79,303.86,309.94,294.81,2026-10-08,2,True
BAC,Financials,Banks - Diversified,RSI,RSI 維持超賣,None,0.0,0.385,1.0,1.0,0.4547,7,508,0.046,53.61,56.08,58.54,53.07,2026-10-08,3,False
RCL,Consumer Discretionary,Travel Services,MACD,MACD 突破 0 軸,None,0.0,0.595,0.8889,0.8889,0.3351,9,376,0.0495,282.32,296.29,310.27,279.5,2026-10-07,3,False
BBY,Consumer Discretionary,Specialty Retail,RSI,RSI 維持強勢 (50-70),Morning Star,0.8,1.0,0.8333,0.8333,0.4226,6,265,0.0504,88.4,92.86,97.31,87.52,2026-10-08,3,False
CRH,Materials,Building Materials,MACD,MACD 金叉 (空頭區),None,0.0,0.42,0.8,0.8,0.3816,10,304,0.0226,83.6,85.49,87.38,82.76,2026-10-06,3,False
RCI,Communication Services,Telecom Services,RSI,RSI 維持超賣,Support,0.8,0.9,0.7805,,,0,0,0.0493,30.55,32.06,33.56,30.24,2026-10-06,3,False
BCE,Communication Services,Telecom Services,RSI,RSI 維持超賣,Support,0.7,0.87,0.7805,,,0,0,0.0493,19.75,20.72,21.7,19.55,2026-10-06,3,False
TU,Communication Services,Telecom Services,RSI,RSI 維持超賣,Support,0.7,0.87,0.7805,,,0,0,0.0493,7.88,8.27,8.66,7.8,2026-10-06,3,False
BA,Industrials,Aerospace & Defense,MACD,MACD 金叉 (空頭區),None,0.0,0.42,0.75,0.75,0.3303,8,875,0.0343,187.75,194.19,200.63,185.87,2026-10-08,3,False
RF,Financials,Banks - Regional,RSI,RSI 維持超賣,None,0.0,0.385,0.7273,0.7273,0.4547,11,508,0.0412,26.7,27.8,28.9,26.43,2026-10-07,3,False
DECK,Consumer Discretionary,Footwear & Accessories,RSI,RSI 上穿 50 中性線,None,0.0,0.4675,0.7,0.7,0.3072,10,1123,0.0376,82.56,85.66,88.77,81.73,2026-10-08,3,False
RL,Consumer Discretionary,Apparel Manufacturing,RSI,RSI 維持強勢 (50-70),Consolidation Breakout,0.74,1.0,0.6667,0.6667,0.267,6,633,0.0194,367.39,374.52,381.64,363.72,2026-10-08,3,False
TTD,Communication Services,Advertising Agencies,RSI,RSI 超賣區域 (30),Bullish Engulfing,0.75,1.0,0.641,,,0,0,0.0374,11.92,12.37,12.81,11.8,2026-10-06,3,False
CINF,Financials,Insurance - Property & Casualty,MACD,MACD 金叉 (空頭區),None,0.0,0.42,0.6364,0.6364,0.3214,11,865,0.0123,163.08,165.09,167.09,161.45,2026-10-06,3,False
SNDK,Information Technology,Computer Hardware,BB,BB 中軌向上（上升趨勢）,None,0.0,0.51,0.6359,0.6359,0.3639,195,16781,0.0788,1692.42,1825.78,1959.15,1675.5,2026-10-07,3,False
PSX,Energy,Oil & Gas Refining & Marketing,RSI,RSI 動能加速（強勢區）,Consolidation Breakout,0.74,1.0,0.625,0.625,0.2703,8,185,0.0164,281.6,286.22,290.84,278.78,2026-10-08,3,False
FCX,Materials,Copper,MACD,MACD 突破 0 軸,None,0.0,0.595,0.6,0.6,0.2326,10,215,0.0324,72.56,74.91,77.26,71.83,2026-10-06,3,False
NOC,Industrials,Aerospace & Defense,RSI,RSI 超賣區域 (30),None,0.0,0.5249999999999999,0.6,0.6,0.3086,5,337,0.0217,473.46,483.73,494.01,468.73,2026-10-07,3,False
NUE,Materials,Steel,MACD,MACD 金叉 (空頭區),None,0.0,0.42,0.6,0.6,0.3816,10,304,0.0304,251.07,258.7,266.34,248.56,2026-10-06,3,False
SYF,Financials,Credit Services,MACD,MACD 金叉 (空頭區),None,0.0,0.42,0.6,0.6,0.3214,10,865,0.0288,71.93,74.0,76.07,71.21,2026-10-07,3,False
ALLE,Industrials,Security & Protection Services,BB,價格在 BB 中軌上方,Morning Star,0.8,0.924,0.5714,0.5714,0.4387,7,424,0.0226,155.2,158.71,162.22,153.65,2026-10-06,3,False
IR,Industrials,Specialty Industrial Machinery,MACD,MACD 突破 0 軸,None,0.0,0.595,0.5714,0.5714,0.2912,7,570,0.0169,79.21,80.55,81.89,78.42,2026-10-06,3,False
DE,Industrials,Farm & Heavy Construction Machinery,BB,BB 跌破下軌 (超賣),None,0.0,0.45499999999999996,0.5714,0.5714,0.2838,7,1258,0.0213,652.58,666.48,680.38,646.05,2026-10-08,3,False
CVNA,Consumer Discretionary,Auto & Truck Dealerships,MACD,MACD 金叉 (空頭區),None,0.0,0.42,0.5714,0.5714,0.3233,7,529,0.0964,63.2,69.29,75.38,62.57,2026-10-08,3,False
Q,Information Technology,Semiconductor Equipment & Materials,RSI,RSI 維持強勢 (50-70),None,0.0,0.51,0.5667,0.5667,0.3645,90,16764,0.0315,126.68,130.67,134.66,125.41,2026-10-08,3,False
LITE,Information Technology,Communication Equipment,RSI,RSI 維持強勢 (50-70),None,0.0,0.51,0.5625,0.5625,0.3645,240,16764,0.0391,1048.6,1089.6,1130.6,1038.11,2026-10-08,3,False
MCD,Consumer Discretionary,Restaurants,RSI,RSI 維持超賣,None,0.0,0.385,0.5625,0.5625,0.3894,16,565,0.0152,230.88,234.39,237.9,228.57,2026-10-07,3,False
COHR,Information Technology,Scientific & Technical Instruments,RSI,RSI 維持強勢 (50-70),None,0.0,0.51,0.5591,0.5591,0.3645,372,16764,0.0323,334.56,345.37,356.17,331.21,2026-10-07,3,False
AXON,Industrials,Aerospace & Defense,MACD,MACD 金叉 (空頭區),None,0.0,0.42,0.5556,0.5556,0.3303,9,875,0.0146,418.62,424.73,430.84,414.43,2026-10-06,3,False
GD,Industrials,Aerospace & Defense,RSI,RSI 維持超賣,None,0.0,0.385,0.5556,0.5556,0.2983,9,848,0.0349,329.9,341.41,352.93,326.6,2026-10-08,3,False
EQT,Energy,Oil & Gas E&P,MACD,MACD 金叉 (空頭區),None,0.0,0.42,0.5455,0.5455,0.3557,11,253,0.0174,52.47,53.38,54.3,51.95,2026-10-06,3,False
AMCR,Consumer Discretionary,Packaging & Containers,BB,BB 跌破下軌 (超賣),Bullish Engulfing,0.75,1.0,0.5429,,0.5429,0,35,0.0233,41.26,42.22,43.18,40.85,2026-10-07,3,False
NVR,Consumer Discretionary,Residential Construction,BB,BB 跌破下軌 (超賣),Bullish Engulfing,0.75,1.0,0.5429,,0.5429,0,35,0.0233,5931.6201,6069.83,6208.03,5872.3,2026-10-07,3,False
VRT,Industrials,Electrical Equipment & Parts,BB,價格在 BB 中軌上方,None,0.0,0.425,0.5397,0.5397,0.295,441,22337,0.0188,253.14,257.9,262.66,250.61,2026-10-06,3,False
CRWD,Information Technology,Software - Infrastructure,RSI,RSI 加速上升,None,0.0,0.5525,0.5369,0.5369,0.3693,149,10688,0.0259,278.86,286.08,293.3,276.07,2026-10-06,3,False
AGNC,Real Estate,REIT - Mortgage,RSI,RSI 維持超賣,Bullish Engulfing,0.75,0.885,0.5333,,0.5333,0,15,0.0167,8.68,8.82,8.97,8.59,2026-10-08,3,False
JLL,Real Estate,Real Estate Services,RSI,RSI 維持超賣,Bullish Engulfing,0.75,0.885,0.5333,,0.5333,0,15,0.0167,296.66,301.61,306.57,293.69,2026-10-07,3,False
NLY,Real Estate,REIT - Mortgage,RSI,RSI 維持超賣,Bullish Engulfing,0.75,0.885,0.5333,,0.5333,0,15,0.0167,18.27,18.58,18.88,18.09,2026-10-08,3,False
TER,Information Technology,Semiconductor Equipment & Materials,BB,BB 中軌向上（上升趨勢）,None,0.0,0.51,0.5277,0.5277,0.3639,307,16781,0.0256,398.72,408.93,419.13,394.73,2026-10-08,3,False
SBUX,Consumer Discretionary,Restaurants,RSI,RSI 加速上升,Bullish Engulfing,0.75,1.0,0.525,,0.525,0,40,0.0144,96.11,97.49,98.88,95.15,2026-10-06,3,False
AME,Industrials,Specialty Industrial Machinery,BB,BB 中軌向上（上升趨勢）,Morning Star,0.8,1.0,0.5233,,0.5233,0,407,0.0228,253.72,259.5,265.29,251.18,2026-10-06,3,False
BE,Industrials,Electrical Equipment & Parts,BB,BB 中軌向上（上升趨勢）,Morning Star,0.8,1.0,0.5233,,0.5233,0,407,0.0228,291.29,297.93,304.57,288.38,2026-10-07,3,False
GEV,Industrials,Specialty Industrial Machinery,BB,價格在 BB 中軌上方,None,0.0,0.425,0.5185,0.5185,0.295,297,22337,0.021,999.35,1020.34,1041.32,989.36,2026-10-08,3,False
STX,Information Technology,Computer Hardware,BB,BB 中軌向上（上升趨勢）,None,0.0,0.51,0.5086,0.5086,0.3639,348,16781,0.0248,805.63,825.61,845.59,797.57,2026-10-06,3,False
DELL,Information Technology,Computer Hardware,RSI,RSI 動能加速（強勢區）,None,0.0,0.51,0.5079,0.5079,0.366,63,2885,0.0326,574.0,592.71,611.42,568.26,2026-10-06,3,False
FIX,Industrials,Engineering & Construction,RSI,RSI 動能加速（強勢區）,None,0.0,0.51,0.5065,0.5065,0.2891,77,3037,0.0208,1817.96,1855.77,1893.59,1799.78,2026-10-06,3,False
MU,Information Technology,Semiconductors,BB,BB 中軌向上（上升趨勢）,Bullish Engulfing,0.75,1.0,0.5,0.5,0.3757,6,338,0.0438,1088.0,1135.65,1183.31,1077.12,2026-10-07,3,False
TFC,Financials,Banks - Regional,RSI,RSI 超賣區域 (30),Bullish Engulfing,0.75,1.0,0.5,,0.5,0,8,0.0341,45.58,47.13,48.69,45.12,2026-10-07,3,False
TGT,Consumer Staples,Discount Stores,BB,BB 跌破下軌 (超賣),Bullish Engulfing,0.75,1.0,0.5,,0.5,0,12,0.013,150.92,152.88,154.84,149.41,2026-10-07,3,False
USB,Financials,Banks - Regional,RSI,RSI 超賣區域 (30),Bullish Engulfing,0.75,1.0,0.5,,0.5,0,8,0.0341,56.17,58.09,60.0,55.61,2026-10-07,3,False
KHC,Consumer Staples,Packaged Foods,RSI,RSI 維持超賣,Support,0.9,0.93,0.5,,0.5,0,6,0.0233,22.03,22.54,23.06,21.81,2026-10-06,3,False
PCAR,Industrials,Farm & Heavy Construction Machinery,RSI,RSI 維持超賣,Bullish Engulfing,0.75,0.885,0.5,,0.5,0,44,0.0219,106.86,109.2,111.54,105.79,2026-10-07,3,False
RTX,Industrials,Aerospace & Defense,RSI,RSI 維持超賣,Bullish Engulfing,0.75,0.885,0.5,,0.5,0,44,0.0219,180.26,184.21,188.16,178.46,2026-10-07,3,False
CAH,Health Care,Medical Distribution,MACD,MACD 突破 0 軸,None,0.0,0.595,0.5,0.5,0.3171,8,432,0.0217,238.96,244.15,249.33,236.57,2026-10-08,3,False
ANET,Information Technology,Computer Hardware,KDJ,KDJ 金叉,None,0.0,0.5525,0.5,0.5,0.3918,24,1955,0.0201,215.36,219.69,224.02,213.21,2026-10-06,3,False
CIEN,Information Technology,Communication Equipment,RSI,RSI 加速上升,None,0.0,0.5525,0.5,0.5,0.3693,162,10688,0.026,425.93,437.0,448.08,421.67,2026-10-08,3,False
LUV,Industrials,Airlines,KDJ,KDJ 金叉,None,0.0,0.5525,0.5,0.5,0.3223,14,2110,0.0116,42.45,42.94,43.43,42.03,2026-10-06,3,False
IRM,Real Estate,REIT - Specialty,RSI,RSI 上穿 50 中性線,None,0.0,0.4675,0.5,0.5,0.2311,14,818,0.0187,116.5,118.68,120.86,115.33,2026-10-06,3,False
AON,Financials,Insurance Brokers,MACD,MACD 金叉 (空頭區),None,0.0,0.42,0.5,0.5,0.3214,14,865,0.0143,273.99,277.91,281.83,271.25,2026-10-06,3,False
EXE,Energy,Oil & Gas E&P,MACD,MACD 金叉 (空頭區),None,0.0,0.42,0.5,0.5,0.3557,8,253,0.0227,88.23,90.23,92.24,87.35,2026-10-06,3,False
CMCSA,Communication Services,Telecom Services,RSI,RSI 維持超賣,None,0.0,0.385,0.5,0.5,0.2977,10,262,0.024,21.21,21.72,22.23,21.0,2026-10-08,3,False
EME,Industrials,Engineering & Construction,RSI,RSI 動能加速（強勢區）,None,0.0,0.51,0.4884,0.4884,0.2891,43,3037,0.0164,824.52,838.04,851.56,816.27,2026-10-06,3,False
SNOW,Information Technology,Software - Application,BB,BB 中軌向上（上升趨勢）,Morning Star,0.8,1.0,0.4841,,0.4841,0,471,0.0267,335.95,344.92,353.89,332.59,2026-10-06,3,False
ODFL,Industrials,Trucking,KDJ,KDJ 金叉,None,0.0,0.5525,0.4828,0.4828,0.3223,29,2110,0.0079,181.65,183.09,184.52,179.83,2026-10-08,3,False
FANG,Energy,Oil & Gas E&P,RSI,RSI 上穿 50 中性線,None,0.0,0.4675,0.4828,0.4828,0.361,29,579,0.0161,191.68,194.77,197.85,189.76,2026-10-08,3,False
LOW,Consumer Discretionary,Home Improvement Retail,KDJ,KDJ 超賣區金叉,Morning Star,0.8,1.0,0.4815,,0.4815,0,27,0.0358,183.67,190.25,196.82,181.83,2026-10-06,3,False
AIG,Financials,Insurance - Diversified,RSI,RSI 上穿 50 中性線,None,0.0,0.4675,0.4815,0.4815,0.3091,27,1899,0.0157,75.66,76.85,78.04,74.9,2026-10-07,3,False
IFF,Materials,Specialty Chemicals,RSI,RSI 上穿 50 中性線,None,0.0,0.4675,0.4815,0.4815,0.3294,27,595,0.014,84.65,85.84,87.02,83.8,2026-10-08,3,False
AMD,Information Technology,Semiconductors,RSI,RSI 維持強勢 (50-70),None,0.0,0.51,0.4798,0.4798,0.3645,198,16764,0.0209,620.68,633.65,646.62,614.47,2026-10-08,3,False
CARR,Industrials,Building Products & Equipment,KDJ,KDJ 金叉,None,0.0,0.5525,0.4737,0.4737,0.3223,19,2110,-0.0008,55.83,55.79,55.74,55.27,2026-10-08,3,False
PM,Consumer Staples,Tobacco,KDJ,KDJ 金叉,None,0.0,0.5525,0.4737,0.4737,0.2503,19,779,0.0131,190.4,192.89,195.39,188.5,2026-10-06,3,False
BKNG,Consumer Discretionary,Travel Services,RSI,RSI 維持超賣,Bullish Engulfing,0.75,0.885,0.4651,,0.4651,0,43,0.0154,155.87,158.27,160.67,154.31,2026-10-07,3,False
IP,Consumer Discretionary,Packaging & Containers,RSI,RSI 維持超賣,Bullish Engulfing,0.75,0.885,0.4651,,0.4651,0,43,0.0154,31.88,32.37,32.86,31.56,2026-10-08,3,False
MAR,Consumer Discretionary,Lodging,RSI,RSI 動能加速（強勢區）,None,0.0,0.51,0.4651,0.4651,0.3027,43,1665,0.0109,361.08,365.02,368.95,357.47,2026-10-08,3,False
NXPI,Information Technology,Semiconductors,RSI,RSI 加速上升,None,0.0,0.5525,0.4622,0.4622,0.3693,119,10688,0.0209,244.38,249.49,254.6,241.94,2026-10-06,3,False
CI,Health Care,Healthcare Plans,RSI,RSI 上穿 50 中性線,None,0.0,0.4675,0.4615,0.4615,0.3144,13,1323,0.017,278.51,283.24,287.98,275.72,2026-10-07,3,False
SN,Consumer Discretionary,"Furnishings, Fixtures & Appliances",BB,BB 中軌向上（上升趨勢）,Morning Star,0.8,1.0,0.4599,,0.4599,0,237,0.0144,184.72,187.38,190.04,182.87,2026-10-06,3,False
JBL,Information Technology,Electronic Components,RSI,RSI 加速上升,None,0.0,0.5525,0.4566,0.4566,0.3693,173,10688,0.0157,299.47,304.17,308.87,296.48,2026-10-07,3,False
STLD,Materials,Steel,RSI,RSI 維持強勢 (50-70),None,0.0,0.51,0.456,0.456,0.286,182,5721,0.0141,238.17,241.53,244.89,235.79,2026-10-06,3,False
ZBRA,Information Technology,Communication Equipment,RSI,RSI 加速上升,None,0.0,0.5525,0.4559,0.4559,0.3693,136,10688,0.0065,386.05,388.56,391.07,382.19,2026-10-07,3,False
ALLY,Financials,Credit Services,RSI,RSI 維持超賣,None,0.0,0.385,0.4547,,0.4547,0,508,0.0093,37.37,37.72,38.07,37.0,2026-10-07,3,False
BNY,Financials,Banks - Diversified,RSI,RSI 維持超賣,None,0.0,0.385,0.4547,,0.4547,0,508,0.0093,143.61,144.95,146.28,142.17,2026-10-08,3,False
DB,Financials,Banks - Regional,RSI,RSI 維持超賣,None,0.0,0.385,0.4547,,0.4547,0,508,0.0093,33.63,33.94,34.26,33.29,2026-10-08,3,False
FNF,Financials,Insurance - Specialty,RSI,RSI 維持超賣,None,0.0,0.385,0.4547,,0.4547,0,508,0.0093,39.02,39.38,39.75,38.63,2026-10-07,3,False
GS,Financials,Capital Markets,RSI,RSI 維持超賣,None,0.0,0.385,0.4547,,0.4547,0,508,0.0093,882.59,890.8,899.01,873.76,2026-10-08,3,False
HBANM,Financials,Banks - Regional,RSI,RSI 維持超賣,None,0.0,0.385,0.4547,,0.4547,0,508,0.0093,19.2,19.38,19.56,19.01,2026-10-08,3,False
JEF,Financials,Capital Markets,RSI,RSI 維持超賣,None,0.0,0.385,0.4547,,0.4547,0,508,0.0093,44.4,44.81,45.23,43.96,2026-10-08,3,False
RY,Financials,Banks - Diversified,RSI,RSI 維持超賣,None,0.0,0.385,0.4547,,0.4547,0,508,0.0093,190.56,192.33,194.1,188.65,2026-10-08,3,False
SF,Financials,Capital Markets,RSI,RSI 維持超賣,None,0.0,0.385,0.4547,,0.4547,0,508,0.0093,70.11,70.76,71.41,69.41,2026-10-08,3,False
TRU,Financials,Financial Data & Stock Exchanges,RSI,RSI 維持超賣,None,0.0,0.385,0.4547,,0.4547,0,508,0.0093,62.82,63.4,63.99,62.19,2026-10-07,3,False
WSM,Consumer Discretionary,Specialty Retail,RSI,RSI 加速上升,None,0.0,0.5525,0.4532,0.4532,0.3117,139,6796,0.0124,240.46,243.44,246.42,238.06,2026-10-07,3,False
NCLH,Consumer Discretionary,Travel Services,BB,價格在 BB 中軌上方,None,0.0,0.425,0.452,0.452,0.2984,250,12430,0.0114,15.49,15.67,15.84,15.34,2026-10-08,3,False
IBKR,Financials,Capital Markets,RSI,RSI 加速上升,None,0.0,0.5525,0.4504,0.4504,0.3014,131,11488,0.0104,87.74,88.65,89.56,86.86,2026-10-07,3,False
TIMB,Communication Services,Telecom Services,RSI,RSI 加速上升,None,0.0,0.5525,0.4481,,0.4481,0,241,0.0027,18.7,18.75,18.8,18.51,2026-10-08,3,True
CIFR,Information Technology,Information Technology Services,BB,BB 跌破下軌 (超賣),None,0.0,0.45499999999999996,0.4474,,0.4474,0,456,0.012,13.5,13.66,13.82,13.37,2026-10-08,3,True
AAOI,Information Technology,Communication Equipment,RSI,RSI 維持強勢 (50-70),None,0.0,0.51,0.4471,,0.4471,0,747,0.0161,130.16,132.26,134.35,128.86,2026-10-06,3,True
GFS,Information Technology,Semiconductors,RSI,RSI 維持強勢 (50-70),None,0.0,0.51,0.4471,,0.4471,0,747,0.0161,49.36,50.15,50.95,48.87,2026-10-08,3,True
MRVL,Information Technology,Semiconductors,RSI,RSI 維持強勢 (50-70),None,0.0,0.51,0.4471,,0.4471,0,747,0.0161,287.01,291.63,296.25,284.14,2026-10-06,3,True
DDOG,Information Technology,Software - Application,BB,價格在 BB 中軌上方,None,0.0,0.425,0.4448,0.4448,0.3573,290,20206,0.0085,273.8,276.13,278.45,271.06,2026-10-08,3,False
CSCO,Information Technology,Communication Equipment,MACD,MACD 突破 0 軸,None,0.0,0.595,0.4444,0.4444,0.4064,9,529,0.0066,117.94,118.72,119.5,116.76,2026-10-06,3,False
LVS,Consumer Discretionary,Resorts & Casinos,KDJ,KDJ 超賣區金叉,None,0.0,0.5599999999999999,0.4444,0.4444,0.3775,9,302,-0.0019,36.1,36.03,35.96,35.74,2026-10-08,3,False
DIS,Communication Services,Entertainment,RSI,RSI 加速上升,None,0.0,0.5525,0.4444,0.4444,0.4481,9,241,0.0098,107.02,108.07,109.12,105.95,2026-10-08,3,True
SOLV,Health Care,Medical Instruments & Supplies,BB,BB 跌破下軌 (超賣),None,0.0,0.45499999999999996,0.4444,0.4444,0.2752,9,974,0.0227,85.88,87.83,89.78,85.02,2026-10-07,3,False
KEY,Financials,Banks - Regional,MACD,MACD 金叉 (空頭區),None,0.0,0.42,0.4444,0.4444,0.3214,9,865,0.0232,20.1,20.57,21.03,19.9,2026-10-08,3,False
WMB,Energy,Oil & Gas Midstream,MACD,MACD 金叉 (空頭區),None,0.0,0.42,0.4444,0.4444,0.3557,9,253,0.0156,72.39,73.52,74.65,71.67,2026-10-06,3,False
KLAC,Information Technology,Semiconductor Equipment & Materials,RSI,RSI 維持強勢 (50-70),None,0.0,0.51,0.4427,0.4427,0.3645,314,16764,0.0104,196.72,198.77,200.81,194.75,2026-10-08,3,False
AVB,Real Estate,REIT - Residential,KDJ,KDJ 金叉,None,0.0,0.5525,0.4412,,0.4412,0,34,0.011,68.14,68.89,69.64,67.46,2026-08-24,3,True
CAT,Industrials,Farm & Heavy Construction Machinery,RSI,RSI 動能加速（強勢區）,None,0.0,0.51,0.439,0.439,0.2891,41,3037,0.0118,863.44,873.63,883.82,854.81,2026-10-06,3,False
APA,Energy,Oil & Gas E&P,RSI,RSI 動能加速（強勢區）,None,0.0,0.51,0.4375,0.4375,0.3265,48,873,-0.0008,45.47,45.43,45.4,45.02,2026-10-08,3,False
MRNA,Health Care,Biotechnology,RSI,RSI 動能加速（強勢區）,None,0.0,0.51,0.4375,0.4375,0.2606,32,1869,0.009,196.48,198.25,200.02,194.52,2026-10-07,3,False
BSX,Health Care,Medical Devices,BB,BB 跌破下軌 (超賣),None,0.0,0.45499999999999996,0.4375,0.4375,0.2752,16,974,0.0083,41.58,41.93,42.27,41.16,2026-10-07,3,False
HBAN,Financials,Banks - Regional,RSI,RSI 加速上升,None,0.0,0.5525,0.4365,0.4365,0.3014,126,11488,0.0137,15.37,15.58,15.79,15.22,2026-10-08,3,False
CTVA,Materials,Agricultural Inputs,RSI,RSI 維持超賣,None,0.0,0.385,0.4348,,0.4348,0,46,0.0175,13.91,14.15,14.4,13.77,2026-10-06,3,True
CSGP,Real Estate,Real Estate Services,RSI,RSI 上穿 50 中性線,None,0.0,0.4675,0.4333,,0.4333,0,30,0.0103,29.81,30.12,30.42,29.51,2026-10-08,3,True
CDNS,Information Technology,Software - Application,RSI,RSI 加速上升,None,0.0,0.5525,0.4324,0.4324,0.3693,111,10688,0.0139,356.12,361.07,366.02,352.56,2026-10-07,3,False
LYV,Communication Services,Entertainment,RSI,RSI 加速上升,None,0.0,0.5525,0.4314,0.4314,0.3116,102,3322,0.0056,171.34,172.3,173.26,169.63,2026-10-08,3,False
LRCX,Information Technology,Semiconductor Equipment & Materials,BB,BB 中軌向上（上升趨勢）,None,0.0,0.51,0.4308,0.4308,0.3639,318,16781,0.0173,320.59,326.14,331.68,317.38,2026-10-08,3,False
CPNG,Consumer Discretionary,Internet Retail,RSI,RSI 動能加速（強勢區）,Consolidation Breakout,0.85,1.0,0.4286,,0.4286,0,35,-0.006,15.41,15.32,15.23,15.26,2026-10-08,3,True
GOOG,Communication Services,Internet Content & Information,MACD,MACD 突破 0 軸,None,0.0,0.595,0.4286,0.4286,0.3333,7,165,0.0107,344.59,348.28,351.96,341.14,2026-10-06,3,False
FICO,Information Technology,Software - Application,RSI,RSI 加速上升,None,0.0,0.5525,0.4286,0.4286,0.3693,154,10688,0.0027,707.43,709.34,711.25,700.36,2026-10-08,3,False
INVH,Real Estate,REIT - Residential,RSI,RSI 超賣區域 (30),None,0.0,0.5249999999999999,0.4286,0.4286,0.3012,7,166,0.0104,25.86,26.13,26.4,25.6,2026-10-07,3,False
PANW,Information Technology,Software - Infrastructure,RSI,RSI 動能加速（強勢區）,None,0.0,0.51,0.4286,0.4286,0.366,42,2885,0.008,419.91,423.27,426.63,415.71,2026-10-06,3,False
FDS,Financials,Financial Data & Stock Exchanges,MACD,MACD 金叉 (空頭區),None,0.0,0.42,0.4286,0.4286,0.3214,14,865,0.0199,272.78,278.21,283.64,270.05,2026-10-07,3,False
NFLX,Communication Services,Entertainment,MACD,MACD 金叉 (空頭區),None,0.0,0.42,0.4286,0.4286,0.3254,14,252,0.0171,71.57,72.79,74.02,70.85,2026-10-08,3,False
GNRC,Industrials,Specialty Industrial Machinery,RSI,RSI 加速上升,None,0.0,0.5525,0.4267,0.4267,0.2981,150,11545,0.0126,224.4,227.23,230.05,222.16,2026-10-08,3,False
APH,Information Technology,Electronic Components,BB,BB 中軌向上（上升趨勢）,None,0.0,0.51,0.4261,0.4261,0.3639,291,16781,0.011,85.32,86.26,87.2,84.47,2026-10-08,3,False
CCL,Consumer Discretionary,Travel Services,BB,價格在 BB 中軌上方,None,0.0,0.425,0.4256,0.4256,0.2984,242,12430,0.0178,26.13,26.6,27.06,25.87,2026-10-08,3,False
ULTA,Consumer Discretionary,Specialty Retail,RSI,RSI 維持強勢 (50-70),Bullish Engulfing,0.75,1.0,0.4221,,0.4221,0,199,0.0146,547.29,555.28,563.27,541.82,2026-10-06,3,False
SAP,Information Technology,Software - Application,RSI,RSI 維持強勢 (50-70),Morning Star,0.8,1.0,0.4207,,0.4207,0,454,0.0197,212.4,216.58,220.77,210.28,2026-10-08,3,False
TPR,Consumer Discretionary,Luxury Goods,RSI,RSI 加速上升,None,0.0,0.5525,0.4192,0.4192,0.3117,167,6796,0.0154,116.75,118.55,120.35,115.58,2026-10-06,3,False
MPWR,Information Technology,Semiconductors,RSI,RSI 維持強勢 (50-70),None,0.0,0.51,0.4184,0.4184,0.3645,294,16764,0.0085,1369.8,1381.44,1393.09,1356.1,2026-10-08,3,False
AMAT,Information Technology,Semiconductor Equipment & Materials,RSI,RSI 維持強勢 (50-70),None,0.0,0.51,0.4179,0.4179,0.3645,280,16764,0.0128,509.57,516.09,522.61,504.47,2026-10-08,3,False
HLT,Consumer Discretionary,Lodging,KDJ,KDJ 金叉,None,0.0,0.5525,0.4167,0.4167,0.3183,36,1244,0.0045,322.61,324.06,325.51,319.38,2026-10-06,3,False
BRO,Financials,Insurance Brokers,MACD,MACD 金叉 (空頭區),None,0.0,0.42,0.4167,0.4167,0.3214,12,865,0.0034,61.72,61.93,62.14,61.1,2026-10-07,3,False
EOG,Energy,Oil & Gas E&P,MACD,MACD 金叉 (空頭區),None,0.0,0.42,0.4167,0.4167,0.3557,12,253,0.0114,144.28,145.92,147.57,142.84,2026-10-06,3,False
HIG,Financials,Insurance - Diversified,MACD,MACD 金叉 (空頭區),None,0.0,0.42,0.4167,0.4167,0.3214,12,865,0.0085,126.92,128.0,129.08,125.65,2026-10-07,3,False
MOS,Materials,Agricultural Inputs,RSI,RSI 超賣區域 (30),None,0.0,0.5249999999999999,0.416,,0.416,0,125,0.011,19.97,20.19,20.41,19.77,2026-10-07,3,False
MT,Materials,Steel,RSI,RSI 超賣區域 (30),None,0.0,0.5249999999999999,0.416,,0.416,0,125,0.011,62.32,63.01,63.69,61.7,2026-10-07,3,False
H,Consumer Discretionary,Lodging,BB,價格在 BB 中軌上方,Bullish Engulfing,0.75,0.9075,0.4151,,0.4151,0,212,0.0132,159.43,161.53,163.64,157.84,2026-10-08,3,False
BJ,Consumer Staples,Discount Stores,RSI,RSI 維持強勢 (50-70),Bullish Engulfing,0.75,1.0,0.4118,,0.4118,0,136,0.0122,95.62,96.79,97.95,94.66,2026-10-06,3,False
PHM,Consumer Discretionary,Residential Construction,BB,BB 跌破下軌 (超賣),None,0.0,0.45499999999999996,0.4118,0.4118,0.2974,17,733,0.0094,112.33,113.39,114.44,111.21,2026-10-07,3,False
LLY,Health Care,Drug Manufacturers - General,RSI,RSI 加速上升,None,0.0,0.5525,0.4109,0.4109,0.2803,129,8492,0.0107,1169.6,1182.11,1194.63,1157.9,2026-10-08,3,False
ENB,Energy,Oil & Gas Midstream,RSI,RSI 超賣區域 (30),None,0.0,0.5249999999999999,0.4107,,0.4107,0,56,0.0193,45.89,46.78,47.66,45.43,2026-10-07,3,False
AGNCP,Real Estate,REIT - Mortgage,RSI,RSI 超賣區域 (30),None,0.0,0.5249999999999999,0.4103,,0.4103,0,39,0.0178,24.12,24.55,24.98,23.88,2026-10-07,3,True
AGNCZ,Real Estate,REIT - Mortgage,RSI,RSI 超賣區域 (30),None,0.0,0.5249999999999999,0.4103,,0.4103,0,39,0.0178,23.94,24.37,24.79,23.7,2026-10-07,3,True
NVDA,Information Technology,Semiconductors,RSI,RSI 加速上升,None,0.0,0.5525,0.4088,0.4088,0.3693,159,10688,0.0041,237.47,238.44,239.42,235.1,2026-10-07,3,False
HSIC,Health Care,Medical Distribution,KDJ,KDJ 金叉,None,0.0,0.5525,0.408,,0.408,0,125,0.0055,84.63,85.1,85.56,83.78,2026-10-08,3,True
PHG,Health Care,Medical Devices,KDJ,KDJ 金叉,None,0.0,0.5525,0.408,,0.408,0,125,0.0055,24.3,24.43,24.57,24.06,2026-10-08,3,True
ALGN,Health Care,Medical Instruments & Supplies,KDJ,KDJ 金叉,None,0.0,0.5525,0.4074,0.4074,0.2852,27,1536,0.0045,141.45,142.09,142.72,140.04,2026-10-06,3,False
WAB,Industrials,Railroads,KDJ,KDJ 金叉,None,0.0,0.5525,0.4074,0.4074,0.3223,27,2110,0.0033,291.16,292.12,293.08,288.25,2026-10-06,3,False
CPB,Consumer Staples,Packaged Foods,MACD,MACD 金叉 (空頭區),None,0.0,0.42,0.4074,,0.4074,0,27,0.0105,19.37,19.57,19.78,19.18,2026-10-08,3,True
STZ,Consumer Staples,Beverages - Brewers,MACD,MACD 金叉 (空頭區),None,0.0,0.42,0.4074,,0.4074,0,27,0.0105,115.67,116.88,118.1,114.51,2026-10-06,3,True
ALGM,Information Technology,Semiconductors,MACD,MACD 突破 0 軸,None,0.0,0.595,0.4064,,0.4064,0,529,0.0085,38.76,39.09,39.42,38.37,2026-10-06,3,False
MKSI,Information Technology,Scientific & Technical Instruments,MACD,MACD 突破 0 軸,None,0.0,0.595,0.4064,,0.4064,0,529,0.0085,281.41,283.8,286.19,278.6,2026-10-06,3,False
BBVA,Financials,Banks - Diversified,BB,BB 跌破下軌 (超賣),None,0.0,0.45499999999999996,0.4057,,0.4057,0,424,0.0104,26.25,26.52,26.8,25.99,2026-10-07,3,True
ING,Financials,Banks - Diversified,BB,BB 跌破下軌 (超賣),None,0.0,0.45499999999999996,0.4057,,0.4057,0,424,0.0104,33.43,33.78,34.13,33.1,2026-10-08,3,True
IREN,Financials,Capital Markets,BB,BB 跌破下軌 (超賣),None,0.0,0.45499999999999996,0.4057,,0.4057,0,424,0.0104,35.71,36.08,36.45,35.35,2026-10-08,3,True
TD,Financials,Banks - Diversified,BB,BB 跌破下軌 (超賣),None,0.0,0.45499999999999996,0.4057,,0.4057,0,424,0.0104,114.04,115.23,116.41,112.9,2026-10-08,3,True
CFG,Financials,Banks - Regional,RSI,RSI 加速上升,None,0.0,0.5525,0.4049,0.4049,0.3014,163,11488,0.0121,64.09,64.87,65.64,63.45,2026-10-08,3,False
AVGO,Information Technology,Semiconductors,RSI,RSI 維持強勢 (50-70),None,0.0,0.51,0.4038,0.4038,0.3645,317,16764,0.0086,376.51,379.75,382.99,372.74,2026-10-07,3,False
GOOGL,Communication Services,Internet Content & Information,RSI,RSI 維持強勢 (50-70),None,0.0,0.51,0.4034,0.4034,0.3082,238,5205,0.0103,348.29,351.88,355.46,344.81,2026-10-08,3,False
ROL,Consumer Discretionary,Personal Services,BB,價格在 BB 中軌上方,None,0.0,0.425,0.4026,,0.4026,0,529,0.0119,32.26,32.64,33.03,31.94,2026-10-08,3,True
YUMC,Consumer Discretionary,Restaurants,BB,價格在 BB 中軌上方,None,0.0,0.425,0.4026,,0.4026,0,529,0.0119,41.78,42.28,42.77,41.36,2026-10-08,3,True
MS,Financials,Capital Markets,RSI,RSI 加速上升,None,0.0,0.5525,0.4025,0.4025,0.3014,159,11488,0.0109,189.71,191.78,193.85,187.81,2026-10-07,3,False
WFC,Financials,Banks - Diversified,RSI,RSI 加速上升,None,0.0,0.5525,0.4013,0.4013,0.3014,157,11488,0.0083,82.03,82.71,83.39,81.21,2026-10-08,3,False
COIN,Financials,Financial Data & Stock Exchanges,BB,BB 中軌向上（上升趨勢）,None,0.0,0.51,0.4007,0.4007,0.2681,277,16575,0.0196,178.45,181.95,185.45,176.67,2026-10-07,3,False
COST,Consumer Staples,Discount Stores,MACD,MACD 突破 0 軸,None,0.0,0.595,0.4,0.4,0.2408,10,299,0.0202,942.25,961.28,980.32,932.83,2026-10-07,3,False
LII,Industrials,Building Products & Equipment,RSI,RSI 加速上升,None,0.0,0.5525,0.4,0.4,0.2981,140,11545,0.0074,358.43,361.08,363.73,354.85,2026-10-07,3,False
MCO,Financials,Financial Data & Stock Exchanges,KDJ,KDJ 金叉,None,0.0,0.5525,0.4,0.4,0.3142,25,1932,0.0087,452.32,456.26,460.19,447.8,2026-10-06,3,False
HRL,Consumer Staples,Packaged Foods,RSI,RSI 超賣區域 (30),None,0.0,0.5249999999999999,0.4,0.4,0.251,5,239,0.0198,19.55,19.94,20.32,19.35,2026-10-07,3,False
AAPL,Information Technology,Consumer Electronics,RSI,RSI 動能加速（強勢區）,None,0.0,0.51,0.4,0.4,0.366,35,2885,0.0064,340.42,342.6,344.78,337.02,2026-10-08,3,False
TECH,Health Care,Biotechnology,RSI,RSI 動能加速（強勢區）,None,0.0,0.51,0.4,0.4,0.2606,30,1869,0.0041,72.53,72.83,73.12,71.8,2026-10-07,3,False
GDDY,Information Technology,Software - Infrastructure,RSI,RSI 上穿 50 中性線,None,0.0,0.4675,0.4,0.4,0.3785,25,1593,-0.0006,103.19,103.13,103.07,102.16,2026-10-08,3,False
EXPE,Consumer Discretionary,Travel Services,MACD,MACD 金叉 (空頭區),None,0.0,0.42,0.4,0.4,0.3233,10,529,0.0283,270.13,277.77,285.42,267.43,2026-10-08,3,False
HD,Consumer Discretionary,Home Improvement Retail,MACD,MACD 金叉 (空頭區),None,0.0,0.42,0.4,0.4,0.3233,10,529,0.022,285.77,292.06,298.34,282.91,2026-10-07,3,False
ITW,Industrials,Specialty Industrial Machinery,MACD,MACD 金叉 (空頭區),None,0.0,0.42,0.4,0.4,0.3303,10,875,0.005,267.14,268.48,269.81,264.47,2026-10-06,3,False
SHW,Materials,Specialty Chemicals,MACD,MACD 金叉 (空頭區),None,0.0,0.42,0.4,0.4,0.3816,10,304,0.0132,321.03,325.27,329.51,317.82,2026-10-08,3,False
FRT,Real Estate,REIT - Retail,RSI,RSI 維持超賣,None,0.0,0.385,0.4,0.4,0.2861,5,346,0.0131,105.46,106.84,108.22,104.41,2026-10-08,3,False
GLW,Information Technology,Electronic Components,BB,BB 中軌向上（上升趨勢）,None,0.0,0.51,0.3994,0.3994,0.3639,328,16781,0.0159,163.25,165.85,168.44,161.62,2026-10-07,3,False
META,Communication Services,Internet Content & Information,RSI,RSI 維持強勢 (50-70),None,0.0,0.51,0.3992,0.3992,0.3082,258,5205,0.0054,720.89,724.78,728.68,713.68,2026-10-08,3,False
BALL,Consumer Discretionary,Packaging & Containers,RSI,RSI 加速上升,None,0.0,0.5525,0.3983,,0.3983,0,359,0.0124,57.48,58.19,58.91,56.91,2026-10-07,3,True
COF,Financials,Credit Services,RSI,RSI 加速上升,None,0.0,0.5525,0.3968,0.3968,0.3014,126,11488,0.0071,199.4,200.82,202.23,197.41,2026-10-08,3,False
EL,Consumer Staples,Household & Personal Products,RSI,RSI 加速上升,None,0.0,0.5525,0.3957,0.3957,0.2439,187,5343,0.0015,94.32,94.46,94.6,93.38,2026-10-08,3,False
GILD,Health Care,Drug Manufacturers - General,RSI,RSI 上穿 50 中性線,None,0.0,0.4675,0.3939,0.3939,0.3144,33,1323,0.0037,147.1,147.64,148.19,145.63,2026-10-08,3,False
MCHP,Information Technology,Semiconductors,BB,BB 中軌向上（上升趨勢）,None,0.0,0.51,0.3929,0.3929,0.3639,168,16781,0.0144,75.52,76.61,77.69,74.76,2026-10-08,3,False
AMZN,Consumer Discretionary,Internet Retail,RSI,RSI 上穿 50 中性線,None,0.0,0.4675,0.3929,0.3929,0.3072,28,1123,0.0191,256.29,261.19,266.08,253.73,2026-10-06,3,False
APLD,Information Technology,Information Technology Services,KDJ,KDJ 金叉,None,0.0,0.5525,0.3918,,0.3918,0,1955,0.0107,25.34,25.61,25.88,25.09,2026-10-06,3,False
ASTS,Information Technology,Communication Equipment,KDJ,KDJ 金叉,None,0.0,0.5525,0.3918,,0.3918,0,1955,0.0107,63.12,63.8,64.47,62.49,2026-10-06,3,False
BMNP,Information Technology,Blockchain,KDJ,KDJ 金叉,None,0.0,0.5525,0.3918,,0.3918,0,1955,0.0107,99.69,100.76,101.82,98.69,2026-10-07,3,False
CHKP,Information Technology,Software - Infrastructure,KDJ,KDJ 金叉,None,0.0,0.5525,0.3918,,0.3918,0,1955,0.0107,131.98,133.39,134.8,130.66,2026-10-06,3,False
CRDO,Information Technology,Semiconductors,KDJ,KDJ 金叉,None,0.0,0.5525,0.3918,,0.3918,0,1955,0.0107,220.01,222.36,224.72,217.81,2026-10-07,3,False
CRWV,Information Technology,Software - Infrastructure,KDJ,KDJ 金叉,None,0.0,0.5525,0.3918,,0.3918,0,1955,0.0107,91.72,92.7,93.68,90.8,2026-10-06,3,False
EPAM,Information Technology,Information Technology Services,KDJ,KDJ 金叉,None,0.0,0.5525,0.3918,,0.3918,0,1955,0.0107,113.86,115.08,116.3,112.72,2026-10-08,3,False
LOGI,Information Technology,Computer Hardware,KDJ,KDJ 金叉,None,0.0,0.5525,0.3918,,0.3918,0,1955,0.0107,102.41,103.51,104.6,101.39,2026-10-06,3,False
MDB,Information Technology,Software - Infrastructure,KDJ,KDJ 金叉,None,0.0,0.5525,0.3918,,0.3918,0,1955,0.0107,363.03,366.91,370.8,359.4,2026-10-07,3,False
MSTR,Information Technology,Software - Application,KDJ,KDJ 金叉,None,0.0,0.5525,0.3918,,0.3918,0,1955,0.0107,164.55,166.31,168.07,162.9,2026-10-06,3,False
NOK,Information Technology,Communication Equipment,KDJ,KDJ 金叉,None,0.0,0.5525,0.3918,,0.3918,0,1955,0.0107,10.97,11.09,11.2,10.86,2026-10-06,3,False
ZS,Information Technology,Software - Infrastructure,KDJ,KDJ 金叉,None,0.0,0.5525,0.3918,,0.3918,0,1955,0.0107,212.25,214.52,216.79,210.13,2026-10-06,3,False
DAL,Industrials,Airlines,BB,價格在 BB 中軌上方,None,0.0,0.425,0.3909,0.3909,0.295,330,22337,0.0116,82.97,83.93,84.89,82.14,2026-10-07,3,False
VTRS,Health Care,Drug Manufacturers - Specialty & Generic,BB,BB 中軌向上（上升趨勢）,None,0.0,0.51,0.3899,0.3899,0.2705,218,10885,0.0123,17.44,17.65,17.87,17.27,2026-10-08,3,False
RBA,Industrials,Specialty Business Services,RSI,RSI 上穿 50 中性線,None,0.0,0.4675,0.3898,,0.3898,0,118,0.0111,84.03,84.96,85.9,83.19,2026-10-08,3,True
ULS,Industrials,Specialty Business Services,RSI,RSI 上穿 50 中性線,None,0.0,0.4675,0.3898,,0.3898,0,118,0.0111,70.65,71.43,72.22,69.94,2026-10-08,3,True
MGM,Consumer Discretionary,Resorts & Casinos,RSI,RSI 維持超賣,None,0.0,0.385,0.3894,,0.3894,0,565,0.0066,30.01,30.21,30.41,29.71,2026-10-08,3,False
WYNN,Consumer Discretionary,Resorts & Casinos,RSI,RSI 維持超賣,None,0.0,0.385,0.3894,,0.3894,0,565,0.0066,75.29,75.79,76.28,74.54,2026-10-08,3,False
CMI,Industrials,Specialty Industrial Machinery,RSI,RSI 加速上升,None,0.0,0.5525,0.3885,0.3885,0.2981,139,11545,0.012,520.4,526.64,532.89,515.2,2026-10-08,3,False
HPE,Information Technology,Communication Equipment,RSI,RSI 加速上升,None,0.0,0.5525,0.3879,0.3879,0.3693,116,10688,0.0216,71.0,72.53,74.07,70.29,2026-10-08,3,False
TT,Industrials,Building Products & Equipment,RSI,RSI 加速上升,None,0.0,0.5525,0.3876,0.3876,0.2981,129,11545,0.0101,467.27,471.99,476.71,462.6,2026-10-07,3,False
DVN,Energy,Oil & Gas E&P,RSI,RSI 加速上升,None,0.0,0.5525,0.3864,0.3864,0.3227,132,3306,0.005,48.92,49.16,49.41,48.43,2026-10-08,3,False
DOC,Real Estate,REIT - Healthcare Facilities,BB,BB 跌破下軌 (超賣),None,0.0,0.45499999999999996,0.3864,,0.3864,0,132,0.0114,18.52,18.73,18.94,18.33,2026-10-08,3,True
CNC,Health Care,Healthcare Plans,RSI,RSI 維持強勢 (50-70),None,0.0,0.51,0.386,0.386,0.2772,215,12123,0.007,64.54,64.99,65.44,63.89,2026-10-08,3,False
PBR,Energy,Oil & Gas Integrated,BB,BB 中軌向上（上升趨勢）,None,0.0,0.51,0.386,,0.386,0,171,0.0019,23.8,23.85,23.89,23.56,2026-10-06,3,True
UAL,Industrials,Airlines,BB,價格在 BB 中軌上方,None,0.0,0.425,0.3856,0.3856,0.295,306,22337,0.0068,111.87,112.63,113.39,110.75,2026-10-06,3,False
VTR,Real Estate,REIT - Healthcare Facilities,KDJ,KDJ 超賣區金叉,None,0.0,0.5599999999999999,0.3846,0.3846,0.2366,13,448,0.0062,81.76,82.27,82.77,80.94,2026-10-08,3,False
SMCI,Information Technology,Computer Hardware,RSI,RSI 動能加速（強勢區）,None,0.0,0.51,0.3846,0.3846,0.366,39,2885,-0.0113,44.94,44.43,43.92,44.49,2026-10-07,3,False
TPL,Energy,Oil & Gas E&P,RSI,RSI 上穿 50 中性線,None,0.0,0.4675,0.3846,0.3846,0.361,26,579,0.0093,357.78,361.11,364.43,354.2,2026-10-08,3,False
EFX,Industrials,Consulting Services,MACD,MACD 金叉 (空頭區),None,0.0,0.42,0.3846,0.3846,0.3303,13,875,0.0046,145.54,146.21,146.88,144.08,2026-10-08,3,False
FTS,Utilities,Utilities - Regulated Electric,MACD,MACD 金叉 (空頭區),None,0.0,0.42,0.3846,,0.3846,0,13,0.0212,53.02,54.14,55.27,52.49,2026-10-07,3,True
ORCL,Information Technology,Software - Infrastructure,MACD,MACD 金叉 (空頭區),None,0.0,0.42,0.3846,0.3846,0.3767,13,754,0.0168,143.56,145.97,148.38,142.12,2026-10-07,3,False
ADI,Information Technology,Semiconductors,RSI,RSI 維持強勢 (50-70),None,0.0,0.51,0.3816,0.3816,0.3645,228,16764,0.0088,405.93,409.5,413.07,401.87,2026-10-08,3,False
AA,Materials,Aluminum,MACD,MACD 金叉 (空頭區),None,0.0,0.42,0.3816,,0.3816,0,304,0.0078,42.48,42.81,43.14,42.06,2026-10-07,3,False
CX,Materials,Building Materials,MACD,MACD 金叉 (空頭區),None,0.0,0.42,0.3816,,0.3816,0,304,0.0078,9.92,10.0,10.07,9.82,2026-10-06,3,False
SNPS,Information Technology,Software - Infrastructure,RSI,RSI 加速上升,None,0.0,0.5525,0.381,0.381,0.3693,126,10688,0.0114,502.67,508.4,514.13,497.64,2026-10-07,3,False
CVS,Health Care,Healthcare Plans,RSI,RSI 加速上升,None,0.0,0.5525,0.3806,0.3806,0.2803,155,8492,0.0092,87.8,88.61,89.42,86.92,2026-10-08,3,False
MTB,Financials,Banks - Regional,RSI,RSI 加速上升,None,0.0,0.5525,0.3804,0.3804,0.3014,163,11488,0.0125,217.56,220.28,223.0,215.38,2026-10-08,3,False
URI,Industrials,Rental & Leasing Services,RSI,RSI 維持強勢 (50-70),None,0.0,0.51,0.3792,0.3792,0.2986,240,19157,0.0121,1050.15,1062.86,1075.56,1039.65,2026-10-08,3,False
ADP,Information Technology,Software - Application,RSI,RSI 上穿 50 中性線,None,0.0,0.4675,0.3785,,0.3785,0,1593,0.0087,270.73,273.09,275.44,268.02,2026-10-08,3,False
BR,Information Technology,Information Technology Services,RSI,RSI 上穿 50 中性線,None,0.0,0.4675,0.3785,,0.3785,0,1593,0.0087,165.21,166.65,168.08,163.56,2026-10-08,3,False
NXT,Information Technology,Solar,RSI,RSI 上穿 50 中性線,None,0.0,0.4675,0.3785,,0.3785,0,1593,0.0087,88.09,88.86,89.62,87.21,2026-10-06,3,False
SSNC,Information Technology,Software - Application,RSI,RSI 上穿 50 中性線,None,0.0,0.4675,0.3785,,0.3785,0,1593,0.0087,80.65,81.35,82.05,79.84,2026-10-08,3,False
UMC,Information Technology,Semiconductors,RSI,RSI 上穿 50 中性線,None,0.0,0.4675,0.3785,,0.3785,0,1593,0.0087,23.31,23.51,23.72,23.08,2026-10-07,3,False
HCA,Health Care,Medical Care Facilities,RSI,RSI 動能加速（強勢區）,None,0.0,0.51,0.3784,0.3784,0.2606,37,1869,0.0102,439.17,443.65,448.13,434.78,2026-10-07,3,False
PFE,Health Care,Drug Manufacturers - General,RSI,RSI 維持強勢 (50-70),Morning Star,0.8,1.0,0.3781,,0.3781,0,283,0.0127,28.0,28.36,28.71,27.72,2026-10-07,3,False
FIVE,Consumer Discretionary,Specialty Retail,KDJ,KDJ 超賣區金叉,None,0.0,0.5599999999999999,0.3775,,0.3775,0,302,0.0037,209.73,210.51,211.28,207.63,2026-10-08,3,False
LI,Consumer Discretionary,Auto Manufacturers,KDJ,KDJ 超賣區金叉,None,0.0,0.5599999999999999,0.3775,,0.3775,0,302,0.0037,10.99,11.03,11.07,10.88,2026-10-07,3,False
NIO,Consumer Discretionary,Auto Manufacturers,KDJ,KDJ 超賣區金叉,None,0.0,0.5599999999999999,0.3775,,0.3775,0,302,0.0037,3.48,3.49,3.51,3.45,2026-10-06,3,False
PAG,Consumer Discretionary,Auto & Truck Dealerships,KDJ,KDJ 超賣區金叉,None,0.0,0.5599999999999999,0.3775,,0.3775,0,302,0.0037,198.05,198.78,199.52,196.07,2026-10-08,3,False
XPEV,Consumer Discretionary,Auto Manufacturers,KDJ,KDJ 超賣區金叉,None,0.0,0.5599999999999999,0.3775,,0.3775,0,302,0.0037,9.56,9.6,9.63,9.46,2026-10-06,3,False
CPAY,Information Technology,Software - Infrastructure,MACD,MACD 金叉 (空頭區),None,0.0,0.42,0.3767,,0.3767,0,754,0.0102,406.79,410.94,415.09,402.72,2026-10-06,3,False
ERIC,Information Technology,Communication Equipment,MACD,MACD 金叉 (空頭區),None,0.0,0.42,0.3767,,0.3767,0,754,0.0102,9.5,9.6,9.69,9.4,2026-10-08,3,False
FIS,Information Technology,Information Technology Services,MACD,MACD 金叉 (空頭區),None,0.0,0.42,0.3767,,0.3767,0,754,0.0102,33.82,34.16,34.51,33.48,2026-10-07,3,False
FISV,Information Technology,Financial Technology,MACD,MACD 金叉 (空頭區),None,0.0,0.42,0.3767,,0.3767,0,754,0.0102,45.31,45.77,46.23,44.86,2026-10-07,3,False
JKHY,Information Technology,Information Technology Services,MACD,MACD 金叉 (空頭區),None,0.0,0.42,0.3767,,0.3767,0,754,0.0102,149.05,150.57,152.09,147.56,2026-10-08,3,False
PAYX,Information Technology,Software - Application,MACD,MACD 金叉 (空頭區),None,0.0,0.42,0.3767,,0.3767,0,754,0.0102,104.46,105.53,106.59,103.42,2026-10-08,3,False
TOST,Information Technology,Software - Infrastructure,MACD,MACD 金叉 (空頭區),None,0.0,0.42,0.3767,,0.3767,0,754,0.0102,30.25,30.56,30.87,29.95,2026-10-06,3,False
UBER,Information Technology,Software - Application,MACD,MACD 金叉 (空頭區),None,0.0,0.42,0.3767,,0.3767,0,754,0.0102,69.08,69.78,70.49,68.39,2026-10-06,3,False
XYZ,Information Technology,Software - Infrastructure,MACD,MACD 金叉 (空頭區),None,0.0,0.42,0.3767,,0.3767,0,754,0.0102,76.54,77.32,78.1,75.77,2026-10-06,3,False
QCOM,Information Technology,Semiconductors,BB,BB 中軌向上（上升趨勢）,None,0.0,0.51,0.3757,0.3757,0.3639,189,16781,0.0193,176.01,179.41,182.8,174.25,2026-10-08,3,False
ON,Information Technology,Semiconductors,BB,價格在 BB 中軌上方,None,0.0,0.425,0.3756,0.3756,0.3573,213,20206,0.0029,79.41,79.64,79.87,78.62,2026-10-08,3,False
NKE,Consumer Discretionary,Footwear & Accessories,MACD,MACD 金叉 (空頭區),Bullish Engulfing,0.75,0.945,0.375,,0.375,0,16,0.0067,34.74,34.97,35.21,34.39,2026-10-08,3,False
EBAY,Consumer Discretionary,Internet Retail,MACD,MACD 金叉 (多頭區),None,0.0,0.68,0.375,0.375,0.37,8,273,0.006,111.98,112.65,113.32,110.86,2026-10-08,3,False
TRMB,Information Technology,Scientific & Technical Instruments,MACD,MACD 突破 0 軸,None,0.0,0.595,0.375,0.375,0.4064,8,529,0.0067,60.95,61.36,61.77,60.34,2026-10-06,3,False
BLK,Financials,Asset Management,KDJ,KDJ 金叉,None,0.0,0.5525,0.375,0.375,0.3142,16,1932,0.006,1079.42,1085.9,1092.37,1068.63,2026-10-06,3,False
BMO,Financials,Banks - Diversified,RSI,RSI 超賣區域 (30),None,0.0,0.5249999999999999,0.375,,0.375,0,256,0.0031,160.7,161.2,161.7,159.09,2026-10-08,3,False
BX,Financials,Asset Management,RSI,RSI 超賣區域 (30),None,0.0,0.5249999999999999,0.375,0.375,0.375,8,256,0.0043,111.83,112.31,112.79,110.71,2026-10-07,3,False
GL,Financials,Insurance - Life,RSI,RSI 超賣區域 (30),None,0.0,0.5249999999999999,0.375,,0.375,0,256,0.0031,163.41,163.92,164.42,161.78,2026-10-07,3,False
VLYPN,Financials,Banks - Regional,RSI,RSI 超賣區域 (30),None,0.0,0.5249999999999999,0.375,,0.375,0,256,0.0031,24.77,24.85,24.92,24.52,2026-10-07,3,False
CTAS,Industrials,Specialty Business Services,RSI,RSI 上穿 50 中性線,None,0.0,0.4675,0.375,0.375,0.304,16,1816,0.013,201.12,203.73,206.35,199.11,2026-10-08,3,False
EIX,Utilities,Utilities - Regulated Electric,BB,價格在 BB 中軌上方,None,0.0,0.425,0.375,0.375,0.3287,8,432,0.0146,54.3,55.09,55.89,53.76,2026-10-08,3,True
COR,Health Care,Medical Distribution,MACD,MACD 金叉 (空頭區),None,0.0,0.42,0.375,0.375,0.2741,8,686,0.0218,316.37,323.27,330.16,313.21,2026-10-06,3,False
DG,Consumer Staples,Discount Stores,MACD,MACD 金叉 (空頭區),None,0.0,0.42,0.375,0.375,0.241,16,473,-0.0079,124.27,123.29,122.31,123.03,2026-10-08,3,False
ELV,Health Care,Healthcare Plans,MACD,MACD 金叉 (空頭區),None,0.0,0.42,0.375,0.375,0.2741,8,686,0.0123,400.94,405.87,410.8,396.93,2026-10-08,3,False
TSLA,Consumer Discretionary,Auto Manufacturers,BB,BB 中軌向上（上升趨勢）,None,0.0,0.51,0.3745,0.3745,0.2908,243,9757,0.0082,375.0,378.07,381.15,371.25,2026-10-08,3,False
PWR,Industrials,Engineering & Construction,RSI,RSI 加速上升,None,0.0,0.5525,0.3732,0.3732,0.2981,142,11545,0.0094,701.07,707.66,714.25,694.06,2026-10-07,3,False
TLN,Utilities,Utilities - Independent Power Producers,RSI,RSI 動能加速（強勢區）,None,0.0,0.51,0.3725,,0.3725,0,102,0.0075,373.11,375.91,378.71,369.38,2026-10-06,3,True
NEM,Materials,Gold,KDJ,KDJ 金叉,Morning Star,0.8,1.0,0.3714,,0.3714,0,35,0.0107,116.39,117.64,118.88,115.23,2026-10-06,3,False
NOW,Information Technology,Software - Application,BB,價格在 BB 中軌上方,None,0.0,0.425,0.371,0.371,0.3573,221,20206,0.0031,139.75,140.18,140.62,138.35,2026-10-08,3,False
NVS,Health Care,Drug Manufacturers - General,BB,價格在 BB 中軌上方,Morning Star,0.8,0.924,0.3701,,0.3701,0,281,0.011,143.11,144.68,146.26,141.68,2026-10-08,3,False
eBay,Consumer Discretionary,Internet Retail,MACD,MACD 金叉 (多頭區),None,0.0,0.68,0.37,,0.37,0,273,0.0063,111.75,112.45,113.16,110.63,2026-06-30,3,False
ETN,Industrials,Specialty Industrial Machinery,BB,BB 中軌向上（上升趨勢）,None,0.0,0.51,0.3695,0.3695,0.2929,203,17460,0.0111,424.51,429.22,433.93,420.26,2026-10-08,3,False
ALAB,Information Technology,Semiconductors,RSI,RSI 加速上升,None,0.0,0.5525,0.3693,,0.3693,0,10688,0.0074,389.8,392.68,395.57,385.9,2026-10-06,3,False
CGNX,Information Technology,Scientific & Technical Instruments,RSI,RSI 加速上升,None,0.0,0.5525,0.3693,,0.3693,0,10688,0.0074,66.35,66.84,67.33,65.69,2026-10-06,3,False
DT,Information Technology,Software - Application,RSI,RSI 加速上升,None,0.0,0.5525,0.3693,,0.3693,0,10688,0.0074,61.05,61.5,61.95,60.44,2026-10-06,3,False
ENTG,Information Technology,Semiconductor Equipment & Materials,RSI,RSI 加速上升,None,0.0,0.5525,0.3693,,0.3693,0,10688,0.0074,166.32,167.55,168.78,164.66,2026-10-07,3,False
FLEX,Information Technology,Electronic Components,RSI,RSI 加速上升,None,0.0,0.5525,0.3693,,0.3693,0,10688,0.0074,119.34,120.22,121.11,118.15,2026-10-07,3,False
FN,Information Technology,Electronic Components,RSI,RSI 加速上升,None,0.0,0.5525,0.3693,,0.3693,0,10688,0.0074,497.99,501.68,505.36,493.01,2026-10-07,3,False
FROG,Information Technology,Software - Application,RSI,RSI 加速上升,None,0.0,0.5525,0.3693,,0.3693,0,10688,0.0074,98.51,99.24,99.97,97.52,2026-10-06,3,False
FTV,Information Technology,Scientific & Technical Instruments,RSI,RSI 加速上升,None,0.0,0.5525,0.3693,,0.3693,0,10688,0.0074,56.52,56.94,57.36,55.95,2026-10-07,3,False
GIB,Information Technology,Information Technology Services,RSI,RSI 加速上升,None,0.0,0.5525,0.3693,,0.3693,0,10688,0.0074,69.6,70.12,70.63,68.9,2026-10-06,3,False
GWRE,Information Technology,Software - Application,RSI,RSI 加速上升,None,0.0,0.5525,0.3693,,0.3693,0,10688,0.0074,164.78,166.0,167.22,163.13,2026-10-08,3,False
IOT,Information Technology,Software - Infrastructure,RSI,RSI 加速上升,None,0.0,0.5525,0.3693,,0.3693,0,10688,0.0074,40.51,40.81,41.11,40.1,2026-10-07,3,False
LFUS,Information Technology,Electronic Components,RSI,RSI 加速上升,None,0.0,0.5525,0.3693,,0.3693,0,10688,0.0074,454.28,457.64,461.0,449.74,2026-10-06,3,False
LSCC,Information Technology,Semiconductors,RSI,RSI 加速上升,None,0.0,0.5525,0.3693,,0.3693,0,10688,0.0074,134.47,135.47,136.46,133.13,2026-10-06,3,False
MTSI,Information Technology,Semiconductors,RSI,RSI 加速上升,None,0.0,0.5525,0.3693,,0.3693,0,10688,0.0074,335.91,338.4,340.88,332.55,2026-10-07,3,False
NTNX,Information Technology,Software - Infrastructure,RSI,RSI 加速上升,None,0.0,0.5525,0.3693,,0.3693,0,10688,0.0074,73.42,73.96,74.51,72.69,2026-10-07,3,False
OKTA,Information Technology,Software - Infrastructure,RSI,RSI 加速上升,None,0.0,0.5525,0.3693,,0.3693,0,10688,0.0074,218.67,220.29,221.91,216.48,2026-10-06,3,False
P,Information Technology,Computer Hardware,RSI,RSI 加速上升,None,0.0,0.5525,0.3693,,0.3693,0,10688,0.0074,152.66,153.79,154.92,151.13,2026-10-07,3,False
RBRK,Information Technology,Software - Infrastructure,RSI,RSI 加速上升,None,0.0,0.5525,0.3693,,0.3693,0,10688,0.0074,123.73,124.65,125.56,122.49,2026-10-07,3,False
RMBS,Information Technology,Semiconductors,RSI,RSI 加速上升,None,0.0,0.5525,0.3693,,0.3693,0,10688,0.0074,114.09,114.93,115.78,112.95,2026-10-06,3,False
SHOP,Information Technology,Software - Application,RSI,RSI 加速上升,None,0.0,0.5525,0.3693,,0.3693,0,10688,0.0074,164.56,165.78,167.0,162.91,2026-10-08,3,False
SITM,Information Technology,Semiconductors,RSI,RSI 加速上升,None,0.0,0.5525,0.3693,,0.3693,0,10688,0.0074,711.06,716.32,721.58,703.95,2026-10-06,3,False
SMCIP,Information Technology,Computer Hardware,RSI,RSI 加速上升,None,0.0,0.5525,0.3693,,0.3693,0,10688,0.0074,74.48,75.03,75.58,73.74,2026-10-07,3,False
SMTC,Information Technology,Semiconductors,RSI,RSI 加速上升,None,0.0,0.5525,0.3693,,0.3693,0,10688,0.0074,197.2,198.66,200.12,195.23,2026-10-06,3,False
SNX,Information Technology,Electronics & Computer Distribution,RSI,RSI 加速上升,None,0.0,0.5525,0.3693,,0.3693,0,10688,0.0074,271.52,273.53,275.54,268.8,2026-10-07,3,False
STM,Information Technology,Semiconductors,RSI,RSI 加速上升,None,0.0,0.5525,0.3693,,0.3693,0,10688,0.0074,58.72,59.15,59.59,58.13,2026-10-06,3,False
TEAM,Information Technology,Software - Application,RSI,RSI 加速上升,None,0.0,0.5525,0.3693,,0.3693,0,10688,0.0074,195.79,197.24,198.69,193.83,2026-10-07,3,False
TSEM,Information Technology,Semiconductors,RSI,RSI 加速上升,None,0.0,0.5525,0.3693,,0.3693,0,10688,0.0074,248.25,250.09,251.92,245.77,2026-10-07,3,False
TSM,Information Technology,Semiconductors,RSI,RSI 加速上升,None,0.0,0.5525,0.3693,,0.3693,0,10688,0.0074,482.3,485.87,489.44,477.48,2026-10-06,3,False
TTMI,Information Technology,Electronic Components,RSI,RSI 加速上升,None,0.0,0.5525,0.3693,,0.3693,0,10688,0.0074,132.71,133.69,134.67,131.38,2026-10-06,3,False
U,Information Technology,Software - Application,RSI,RSI 加速上升,None,0.0,0.5525,0.3693,,0.3693,0,10688,0.0074,45.89,46.23,46.57,45.43,2026-10-08,3,False
UI,Information Technology,Communication Equipment,RSI,RSI 加速上升,None,0.0,0.5525,0.3693,,0.3693,0,10688,0.0074,641.8,646.55,651.3,635.38,2026-10-08,3,False
VIAV,Information Technology,Communication Equipment,RSI,RSI 加速上升,None,0.0,0.5525,0.3693,,0.3693,0,10688,0.0074,48.14,48.5,48.85,47.66,2026-10-06,3,False
WIT,Information Technology,Information Technology Services,RSI,RSI 加速上升,None,0.0,0.5525,0.3693,,0.3693,0,10688,0.0074,1.68,1.69,1.7,1.66,2026-10-06,3,False
WSE,Information Technology,Information Technology Services,RSI,RSI 加速上升,None,0.0,0.5525,0.3693,,0.3693,0,10688,0.0074,11.68,11.77,11.85,11.56,2026-10-08,3,False
ZM,Information Technology,Software - Application,RSI,RSI 加速上升,None,0.0,0.5525,0.3693,,0.3693,0,10688,0.0074,94.77,95.47,96.17,93.82,2026-10-07,3,False
UHS,Health Care,Medical Care Facilities,RSI,RSI 上穿 50 中性線,None,0.0,0.4675,0.3684,0.3684,0.3144,19,1323,0.0157,175.72,178.48,181.24,173.96,2026-10-08,3,False
TRGP,Energy,Oil & Gas Midstream,BB,價格在 BB 中軌上方,None,0.0,0.425,0.3676,0.3676,0.2998,340,5768,0.0059,288.49,290.19,291.89,285.61,2026-10-08,3,False
INTC,Information Technology,Semiconductors,RSI,RSI 維持強勢 (50-70),None,0.0,0.51,0.3654,0.3654,0.3645,208,16764,0.0056,113.12,113.75,114.39,111.99,2026-10-07,3,False
AMKR,Information Technology,Semiconductor Equipment & Materials,RSI,RSI 維持強勢 (50-70),None,0.0,0.51,0.3645,,0.3645,0,16764,0.0088,53.39,53.86,54.33,52.86,2026-10-06,3,False
ARM,Information Technology,Semiconductors,RSI,RSI 維持強勢 (50-70),None,0.0,0.51,0.3645,,0.3645,0,16764,0.0088,294.37,296.96,299.55,291.43,2026-10-07,3,False
ARW,Information Technology,Electronics & Computer Distribution,RSI,RSI 維持強勢 (50-70),None,0.0,0.51,0.3645,,0.3645,0,16764,0.0088,226.75,228.75,230.74,224.48,2026-10-08,3,False
ASML,Information Technology,Semiconductor Equipment & Materials,RSI,RSI 維持強勢 (50-70),None,0.0,0.51,0.3645,,0.3645,0,16764,0.0088,1769.79,1785.36,1800.94,1752.09,2026-10-08,3,False
ASX,Information Technology,Semiconductors,RSI,RSI 維持強勢 (50-70),None,0.0,0.51,0.3645,,0.3645,0,16764,0.0088,45.26,45.66,46.06,44.81,2026-10-08,3,False
CLS,Information Technology,Electronic Components,RSI,RSI 維持強勢 (50-70),None,0.0,0.51,0.3645,,0.3645,0,16764,0.0088,356.53,359.67,362.8,352.96,2026-10-08,3,False
FORM,Information Technology,Semiconductor Equipment & Materials,RSI,RSI 維持強勢 (50-70),None,0.0,0.51,0.3645,,0.3645,0,16764,0.0088,137.13,138.34,139.54,135.76,2026-10-08,3,False
IONQ,Information Technology,Computer Hardware,RSI,RSI 維持強勢 (50-70),None,0.0,0.51,0.3645,,0.3645,0,16764,0.0088,43.29,43.67,44.05,42.86,2026-10-06,3,False
MCHPP,Information Technology,Semiconductors,RSI,RSI 維持強勢 (50-70),None,0.0,0.51,0.3645,,0.3645,0,16764,0.0088,66.89,67.48,68.07,66.22,2026-10-07,3,False
NET,Information Technology,Software - Infrastructure,RSI,RSI 維持強勢 (50-70),None,0.0,0.51,0.3645,,0.3645,0,16764,0.0088,341.89,344.9,347.91,338.47,2026-10-08,3,False
NVMI,Information Technology,Semiconductor Equipment & Materials,RSI,RSI 維持強勢 (50-70),None,0.0,0.51,0.3645,,0.3645,0,16764,0.0088,377.77,381.09,384.42,373.99,2026-10-07,3,False
ONTO,Information Technology,Semiconductor Equipment & Materials,RSI,RSI 維持強勢 (50-70),None,0.0,0.51,0.3645,,0.3645,0,16764,0.0088,292.67,295.25,297.82,289.74,2026-10-08,3,False
SANM,Information Technology,Electronic Components,RSI,RSI 維持強勢 (50-70),None,0.0,0.51,0.3645,,0.3645,0,16764,0.0088,219.41,221.34,223.27,217.22,2026-10-07,3,False
SIMO,Information Technology,Semiconductors,RSI,RSI 維持強勢 (50-70),None,0.0,0.51,0.3645,,0.3645,0,16764,0.0088,285.78,288.29,290.81,282.92,2026-10-07,3,False
STRC,Information Technology,Software - Application,RSI,RSI 維持強勢 (50-70),None,0.0,0.51,0.3645,,0.3645,0,16764,0.0088,99.43,100.3,101.18,98.44,2026-10-07,3,False
STRD,Information Technology,Software - Application,RSI,RSI 維持強勢 (50-70),None,0.0,0.51,0.3645,,0.3645,0,16764,0.0088,72.48,73.12,73.76,71.76,2026-10-06,3,False
STRF,Information Technology,Software - Application,RSI,RSI 維持強勢 (50-70),None,0.0,0.51,0.3645,,0.3645,0,16764,0.0088,103.04,103.95,104.85,102.01,2026-10-08,3,False
STRK,Information Technology,Software - Application,RSI,RSI 維持強勢 (50-70),None,0.0,0.51,0.3645,,0.3645,0,16764,0.0088,75.33,75.99,76.66,74.58,2026-10-08,3,False
TWLO,Information Technology,Software - Infrastructure,RSI,RSI 維持強勢 (50-70),None,0.0,0.51,0.3645,,0.3645,0,16764,0.0088,275.77,278.2,280.62,273.01,2026-10-08,3,False
VICR,Information Technology,Electronic Components,RSI,RSI 維持強勢 (50-70),None,0.0,0.51,0.3645,,0.3645,0,16764,0.0088,262.32,264.63,266.94,259.7,2026-10-08,3,False
DOCN,Information Technology,Software - Infrastructure,BB,BB 中軌向上（上升趨勢）,None,0.0,0.51,0.3639,,0.3639,0,16781,0.009,123.9,125.02,126.13,122.66,2026-10-08,3,False
GRMN,Information Technology,Scientific & Technical Instruments,BB,BB 中軌向上（上升趨勢）,None,0.0,0.51,0.3639,,0.3639,0,16781,0.009,279.21,281.72,284.24,276.42,2026-10-06,3,False
YUM,Consumer Discretionary,Restaurants,KDJ,KDJ 金叉,None,0.0,0.5525,0.3636,0.3636,0.3183,22,1244,0.0072,139.84,140.85,141.85,138.44,2026-10-06,3,False
SNA,Industrials,Tools & Accessories,BB,BB 跌破下軌 (超賣),None,0.0,0.45499999999999996,0.3636,0.3636,0.2838,22,1258,0.0141,358.88,363.94,369.0,355.29,2026-10-08,3,False
NDAQ,Financials,Financial Data & Stock Exchanges,MACD,MACD 金叉 (空頭區),None,0.0,0.42,0.3636,0.3636,0.3214,11,865,0.0116,92.37,93.44,94.51,91.45,2026-10-08,3,False
TMUS,Communication Services,Telecom Services,MACD,MACD 金叉 (空頭區),None,0.0,0.42,0.3636,0.3636,0.3254,11,252,0.0043,165.93,166.64,167.36,164.27,2026-10-06,3,False
FOX,Communication Services,Entertainment,RSI,RSI 加速上升,None,0.0,0.5525,0.3618,0.3618,0.3116,152,3322,0.0088,56.97,57.47,57.97,56.4,2026-10-08,3,False
RPM,Materials,Specialty Chemicals,RSI,RSI 加速上升,None,0.0,0.5525,0.3616,,0.3616,0,177,0.0,99.43,99.43,99.43,98.44,2026-10-08,3,True
SLB,Energy,Oil & Gas Equipment & Services,RSI,RSI 加速上升,None,0.0,0.5525,0.3615,0.3615,0.3227,130,3306,0.0037,48.98,49.16,49.34,48.49,2026-10-08,3,False
E,Energy,Oil & Gas Integrated,KDJ,KDJ 金叉,None,0.0,0.5525,0.3614,,0.3614,0,498,0.0061,55.62,55.96,56.3,55.06,2026-10-08,3,False
IMO,Energy,Oil & Gas Integrated,KDJ,KDJ 金叉,None,0.0,0.5525,0.3614,,0.3614,0,498,0.0061,122.79,123.54,124.29,121.56,2026-10-08,3,False
MPLX,Energy,Oil & Gas Midstream,KDJ,KDJ 金叉,None,0.0,0.5525,0.3614,,0.3614,0,498,0.0061,57.77,58.12,58.47,57.19,2026-10-06,3,False
SU,Energy,Oil & Gas Integrated,KDJ,KDJ 金叉,None,0.0,0.5525,0.3614,,0.3614,0,498,0.0061,70.91,71.34,71.78,70.2,2026-10-08,3,False
SUN,Energy,Oil & Gas Refining & Marketing,KDJ,KDJ 金叉,None,0.0,0.5525,0.3614,,0.3614,0,498,0.0061,72.96,73.41,73.85,72.23,2026-10-06,3,False
TS,Energy,Oil & Gas Equipment & Services,KDJ,KDJ 金叉,None,0.0,0.5525,0.3614,,0.3614,0,498,0.0061,56.59,56.94,57.28,56.02,2026-10-08,3,False
JBS,Consumer Staples,Packaged Foods,RSI,RSI 上穿 50 中性線,None,0.0,0.4675,0.3611,,0.3611,0,72,0.0129,12.24,12.4,12.56,12.12,2026-10-07,3,True
AR,Energy,Oil & Gas E&P,RSI,RSI 上穿 50 中性線,None,0.0,0.4675,0.361,,0.361,0,579,0.0056,36.06,36.26,36.46,35.7,2026-10-08,3,False
CCJ,Energy,Uranium,RSI,RSI 上穿 50 中性線,None,0.0,0.4675,0.361,,0.361,0,579,0.0056,93.02,93.54,94.06,92.09,2026-10-06,3,False
CNQ,Energy,Oil & Gas E&P,RSI,RSI 上穿 50 中性線,None,0.0,0.4675,0.361,,0.361,0,579,0.0056,49.05,49.32,49.6,48.56,2026-10-08,3,False
EC,Energy,Oil & Gas Integrated,RSI,RSI 上穿 50 中性線,None,0.0,0.4675,0.361,,0.361,0,579,0.0056,16.94,17.03,17.13,16.77,2026-10-08,3,False
EQNR,Energy,Oil & Gas Integrated,RSI,RSI 上穿 50 中性線,None,0.0,0.4675,0.361,,0.361,0,579,0.0056,42.93,43.17,43.41,42.5,2026-10-08,3,False
LNG,Energy,Oil & Gas Midstream,RSI,RSI 上穿 50 中性線,None,0.0,0.4675,0.361,,0.361,0,579,0.0056,277.88,279.44,280.99,275.1,2026-10-08,3,False
OVV,Energy,Oil & Gas E&P,RSI,RSI 上穿 50 中性線,None,0.0,0.4675,0.361,,0.361,0,579,0.0056,63.37,63.72,64.08,62.74,2026-10-08,3,False
PBA,Energy,Oil & Gas Midstream,RSI,RSI 上穿 50 中性線,None,0.0,0.4675,0.361,,0.361,0,579,0.0056,47.15,47.41,47.68,46.68,2026-10-08,3,False
PR,Energy,Oil & Gas E&P,RSI,RSI 上穿 50 中性線,None,0.0,0.4675,0.361,,0.361,0,579,0.0056,22.84,22.97,23.1,22.61,2026-10-08,3,False
VNOM,Energy,Oil & Gas Midstream,RSI,RSI 上穿 50 中性線,None,0.0,0.4675,0.361,,0.361,0,579,0.0056,42.63,42.87,43.11,42.2,2026-10-08,3,False
WDS,Energy,Oil & Gas E&P,RSI,RSI 上穿 50 中性線,None,0.0,0.4675,0.361,,0.361,0,579,0.0056,22.59,22.72,22.84,22.36,2026-10-08,3,False
MPC,Energy,Oil & Gas Refining & Marketing,RSI,RSI 加速上升,None,0.0,0.5525,0.3608,0.3608,0.3227,158,3306,0.0075,463.34,466.82,470.29,458.71,2026-10-08,3,False
TKO,Communication Services,Entertainment,RSI,RSI 加速上升,None,0.0,0.5525,0.3607,0.3607,0.3116,122,3322,0.0015,181.63,181.9,182.17,179.81,2026-10-08,3,False
FOXA,Communication Services,Entertainment,RSI,RSI 加速上升,None,0.0,0.5525,0.3592,0.3592,0.3116,142,3322,0.0049,63.57,63.88,64.19,62.93,2026-10-08,3,False
ABNB,Consumer Discretionary,Travel Services,BB,價格在 BB 中軌上方,None,0.0,0.425,0.3581,0.3581,0.2984,215,12430,0.0059,163.23,164.19,165.16,161.6,2026-10-08,3,False
RELX,Industrials,Specialty Business Services,RSI,RSI 維持強勢 (50-70),None,0.0,0.51,0.3579,,0.3579,0,746,0.0057,35.24,35.44,35.64,34.89,2026-10-08,3,True
WCC,Industrials,Industrial Distribution,RSI,RSI 維持強勢 (50-70),None,0.0,0.51,0.3579,,0.3579,0,746,0.0057,366.12,368.21,370.29,362.46,2026-10-07,3,True
GRAB,Information Technology,Software - Application,BB,價格在 BB 中軌上方,None,0.0,0.425,0.3573,,0.3573,0,20206,0.0074,3.11,3.13,3.16,3.08,2026-10-08,3,False
SYY,Consumer Staples,Food Distribution,MACD,MACD 金叉 (空頭區),None,0.0,0.42,0.3571,0.3571,0.241,14,473,0.0096,77.45,78.19,78.94,76.68,2026-10-06,3,False
AES,Utilities,Utilities - Diversified,BB,價格在 BB 中軌上方,None,0.0,0.425,0.3568,0.3568,0.246,213,9864,0.0076,14.93,15.04,15.16,14.78,2026-10-07,3,False
FITB,Financials,Banks - Regional,RSI,RSI 加速上升,None,0.0,0.5525,0.3567,0.3567,0.3014,171,11488,0.0094,50.7,51.18,51.65,50.19,2026-10-08,3,False
SBS,Utilities,Utilities - Regulated Water,BB,BB 中軌向上（上升趨勢）,None,0.0,0.51,0.3562,,0.3562,0,365,0.0089,6.59,6.65,6.71,6.52,2026-10-08,3,True
BAX,Health Care,Medical Instruments & Supplies,RSI,RSI 維持強勢 (50-70),None,0.0,0.51,0.3558,0.3558,0.2772,163,12123,0.0042,24.36,24.46,24.56,24.12,2026-10-06,3,False
AM,Energy,Oil & Gas Midstream,MACD,MACD 金叉 (空頭區),None,0.0,0.42,0.3557,,0.3557,0,253,0.0057,20.85,20.97,21.09,20.64,2026-10-07,3,False
CQP,Energy,Oil & Gas Midstream,MACD,MACD 金叉 (空頭區),None,0.0,0.42,0.3557,,0.3557,0,253,0.0057,63.81,64.17,64.54,63.17,2026-10-08,3,False
DTM,Energy,Oil & Gas Midstream,MACD,MACD 金叉 (空頭區),None,0.0,0.42,0.3557,,0.3557,0,253,0.0057,124.6,125.31,126.02,123.35,2026-10-06,3,False
ET,Energy,Oil & Gas Midstream,MACD,MACD 金叉 (空頭區),None,0.0,0.42,0.3557,,0.3557,0,253,0.0057,20.48,20.6,20.71,20.28,2026-10-07,3,False
WES,Energy,Oil & Gas Midstream,MACD,MACD 金叉 (空頭區),None,0.0,0.42,0.3557,,0.3557,0,253,0.0057,45.82,46.08,46.34,45.36,2026-10-08,3,False
FFIV,Information Technology,Software - Infrastructure,RSI,RSI 動能加速（強勢區）,None,0.0,0.51,0.3556,0.3556,0.366,45,2885,0.0053,469.79,472.28,474.77,465.09,2026-10-06,3,False
NVT,Industrials,Electrical Equipment & Parts,KDJ,KDJ 金叉,Cup & Handle,0.8,1.0,0.3546,,0.3546,0,705,0.0076,173.8,175.12,176.44,172.06,2026-10-06,3,False
EMBJ,Industrials,Aerospace & Defense,BB,BB 跌破下軌 (超賣),None,0.0,0.45499999999999996,0.3532,,0.3532,0,436,0.0052,71.0,71.37,71.74,70.29,2026-10-08,3,True
MAA,Real Estate,REIT - Residential,KDJ,KDJ 金叉,None,0.0,0.5525,0.3529,0.3529,0.2818,17,550,0.0109,116.19,117.46,118.72,115.03,2026-10-08,3,False
COP,Energy,Oil & Gas E&P,MACD,MACD 金叉 (空頭區),None,0.0,0.42,0.3529,0.3529,0.3557,17,253,0.0047,134.19,134.82,135.45,132.85,2026-10-08,3,False
CRL,Health Care,Diagnostics & Research,RSI,RSI 維持強勢 (50-70),None,0.0,0.51,0.3527,0.3527,0.2772,224,12123,-0.0055,298.0,296.36,294.72,295.02,2026-10-08,3,False
MLM,Materials,Building Materials,RSI,RSI 加速上升,None,0.0,0.5525,0.352,0.352,0.3048,125,3639,0.0062,489.01,492.04,495.07,484.12,2026-10-06,3,False
HST,Real Estate,REIT - Hotel & Motel,BB,BB 中軌向上（上升趨勢）,None,0.0,0.51,0.3505,0.3505,0.2647,214,5713,0.0093,22.48,22.69,22.9,22.26,2026-10-06,3,False
REG,Real Estate,REIT - Retail,KDJ,KDJ 金叉,None,0.0,0.5525,0.35,0.35,0.2818,20,550,0.0105,71.48,72.23,72.98,70.77,2026-10-08,3,False
FTNT,Information Technology,Software - Infrastructure,RSI,RSI 動能加速（強勢區）,None,0.0,0.51,0.35,0.35,0.366,20,2885,-0.0037,191.27,190.56,189.85,189.36,2026-10-06,3,False
FAST,Industrials,Industrial Distribution,RSI,RSI 上穿 50 中性線,None,0.0,0.4675,0.35,0.35,0.304,20,1816,0.0101,50.49,51.0,51.51,49.99,2026-10-08,3,False
HWM,Industrials,Aerospace & Defense,BB,價格在 BB 中軌上方,None,0.0,0.425,0.3497,0.3497,0.295,366,22337,0.0093,231.6,233.75,235.91,229.28,2026-10-06,3,False
HAS,Consumer Discretionary,Leisure,RSI,RSI 加速上升,None,0.0,0.5525,0.3485,0.3485,0.3117,132,6796,0.0006,92.5,92.56,92.61,91.58,2026-10-08,3,False
BNS,Financials,Banks - Diversified,BB,BB 跌破下軌 (超賣),None,0.0,0.45499999999999996,0.3485,,0.3485,0,1277,0.0043,87.23,87.61,87.98,86.36,2026-10-07,3,False
CM,Financials,Banks - Diversified,BB,BB 跌破下軌 (超賣),None,0.0,0.45499999999999996,0.3485,,0.3485,0,1277,0.0043,108.33,108.8,109.26,107.25,2026-10-07,3,False
MFC,Financials,Insurance - Life,BB,BB 跌破下軌 (超賣),None,0.0,0.45499999999999996,0.3485,,0.3485,0,1277,0.0043,41.67,41.85,42.03,41.25,2026-10-07,3,False
SLF,Financials,Insurance - Diversified,BB,BB 跌破下軌 (超賣),None,0.0,0.45499999999999996,0.3485,,0.3485,0,1277,0.0043,75.82,76.15,76.47,75.06,2026-10-07,3,False
SNEX,Financials,Capital Markets,BB,BB 跌破下軌 (超賣),None,0.0,0.45499999999999996,0.3485,,0.3485,0,1277,0.0043,60.1,60.36,60.62,59.5,2026-10-08,3,False
SO,Utilities,Utilities - Regulated Electric,RSI,RSI 上穿 50 中性線,None,0.0,0.4675,0.3462,0.3462,0.2521,26,932,0.01,86.15,87.01,87.87,85.29,2026-10-08,3,False
XEL,Utilities,Utilities - Regulated Electric,RSI,RSI 上穿 50 中性線,None,0.0,0.4675,0.3462,0.3462,0.2521,26,932,0.0069,73.36,73.87,74.37,72.63,2026-10-08,3,False
BEN,Financials,Asset Management,RSI,RSI 加速上升,None,0.0,0.5525,0.3459,0.3459,0.3014,133,11488,0.0027,32.48,32.57,32.66,32.16,2026-10-07,3,False
F,Consumer Discretionary,Auto Manufacturers,RSI,RSI 加速上升,None,0.0,0.5525,0.3452,0.3452,0.3117,168,6796,0.0072,12.12,12.21,12.29,12.0,2026-10-07,3,False
WBD,Communication Services,Entertainment,BB,BB 中軌向上（上升趨勢）,None,0.0,0.51,0.345,0.345,0.2943,171,4771,-0.001,30.95,30.92,30.89,30.64,2026-10-05,3,False
BROS,Consumer Discretionary,Restaurants,RSI,RSI 超賣區域 (30),None,0.0,0.5249999999999999,0.3448,,0.3448,0,203,0.0038,38.18,38.33,38.47,37.8,2026-10-07,3,False
SE,Consumer Discretionary,Internet Retail,RSI,RSI 超賣區域 (30),None,0.0,0.5249999999999999,0.3448,,0.3448,0,203,0.0038,92.89,93.24,93.6,91.96,2026-10-08,3,False
BBD,Financials,Banks - Regional,RSI,RSI 維持強勢 (50-70),None,0.0,0.51,0.3448,,0.3448,0,609,0.0048,4.24,4.26,4.28,4.2,2026-10-08,3,True
BSBR,Financials,Banks - Regional,RSI,RSI 維持強勢 (50-70),None,0.0,0.51,0.3448,,0.3448,0,609,0.0048,5.82,5.85,5.88,5.76,2026-10-08,3,True
RGA,Financials,Insurance - Reinsurance,RSI,RSI 維持強勢 (50-70),None,0.0,0.51,0.3448,,0.3448,0,609,0.0048,255.93,257.16,258.39,253.37,2026-10-08,3,True
WBS,Financials,Banks - Regional,RSI,RSI 維持強勢 (50-70),None,0.0,0.51,0.3448,,0.3448,0,609,0.0048,77.97,78.34,78.72,77.19,2026-08-18,3,True
VLO,Energy,Oil & Gas Refining & Marketing,BB,價格在 BB 中軌上方,None,0.0,0.425,0.3448,0.3448,0.2998,232,5768,0.0031,443.8,445.18,446.55,439.36,2026-10-08,3,False
QNT,Information Technology,Software - Application,BB,BB 跌破下軌 (超賣),None,0.0,0.45499999999999996,0.3447,,0.3447,0,1001,0.0043,41.52,41.7,41.88,41.1,2026-10-08,3,False
BIIB,Health Care,Drug Manufacturers - General,RSI,RSI 維持強勢 (50-70),None,0.0,0.51,0.3444,0.3444,0.2772,151,12123,0.0031,222.15,222.84,223.53,219.93,2026-10-07,3,False
ACGL,Financials,Insurance - Diversified,RSI,RSI 上穿 50 中性線,None,0.0,0.4675,0.3438,0.3438,0.3091,32,1899,0.0041,96.08,96.47,96.87,95.12,2026-10-08,3,False
BKR,Energy,Oil & Gas Equipment & Services,RSI,RSI 加速上升,None,0.0,0.5525,0.3434,0.3434,0.3227,166,3306,0.0016,56.3,56.39,56.48,55.74,2026-10-08,3,False
INTU,Information Technology,Software - Application,RSI,RSI 加速上升,None,0.0,0.5525,0.3432,0.3432,0.3693,169,10688,-0.0039,303.88,302.69,301.51,300.84,2026-10-08,3,False
FDX,Industrials,Integrated Freight & Logistics,RSI,RSI 加速上升,None,0.0,0.5525,0.3429,0.3429,0.2981,140,11545,-0.0006,291.73,291.55,291.38,288.81,2026-10-08,3,False
KDP,Consumer Staples,Beverages - Non-Alcoholic,RSI,RSI 上穿 50 中性線,None,0.0,0.4675,0.3429,0.3429,0.2565,35,928,0.0036,31.26,31.37,31.49,30.95,2026-10-08,3,False
PH,Industrials,Specialty Industrial Machinery,RSI,RSI 加速上升,None,0.0,0.5525,0.3427,0.3427,0.2981,143,11545,0.005,984.91,989.83,994.76,975.06,2026-10-06,3,False
TXN,Information Technology,Semiconductors,RSI,RSI 加速上升,None,0.0,0.5525,0.3417,0.3417,0.3693,120,10688,0.0107,297.23,300.41,303.59,294.26,2026-10-06,3,False
WAT,Health Care,Diagnostics & Research,RSI,RSI 維持強勢 (50-70),None,0.0,0.51,0.3373,0.3373,0.2772,169,12123,0.0031,429.13,430.46,431.79,424.84,2026-10-08,3,False
NBIS,Communication Services,Internet Content & Information,KDJ,KDJ 金叉,None,0.0,0.5525,0.3345,,0.3345,0,550,0.0065,249.87,251.49,253.12,247.37,2026-10-06,3,False
NTES,Communication Services,Electronic Gaming & Multimedia,KDJ,KDJ 金叉,None,0.0,0.5525,0.3345,,0.3345,0,550,0.0065,120.61,121.39,122.18,119.4,2026-10-07,3,False
CB,Financials,Insurance - Property & Casualty,RSI,RSI 維持強勢 (50-70),Consolidation Breakout,0.77,1.0,0.3333,0.3333,0.2725,21,1479,0.0064,343.78,345.98,348.18,340.34,2026-10-08,3,False
T,Communication Services,Telecom Services,KDJ,KDJ 超賣區金叉,Bullish Engulfing,0.75,1.0,0.3333,,0.3333,0,9,0.0098,24.43,24.67,24.91,24.19,2026-10-06,3,False
MET,Financials,Insurance - Life,MACD,MACD 突破 0 軸,None,0.0,0.595,0.3333,0.3333,0.3301,9,618,-0.0027,98.47,98.2,97.94,97.49,2026-10-08,3,False
VIV,Communication Services,Telecom Services,MACD,MACD 突破 0 軸,None,0.0,0.595,0.3333,,0.3333,0,165,0.0084,12.64,12.75,12.85,12.51,2026-10-06,3,False
WMG,Communication Services,Entertainment,MACD,MACD 突破 0 軸,None,0.0,0.595,0.3333,,0.3333,0,165,0.0084,28.91,29.15,29.4,28.62,2026-10-08,3,False
BXP,Real Estate,REIT - Office,KDJ,KDJ 超賣區金叉,None,0.0,0.5599999999999999,0.3333,0.3333,0.2366,15,448,-0.0052,59.32,59.01,58.7,58.73,2026-10-08,3,False
GIS,Consumer Staples,Packaged Foods,RSI,RSI 超賣區域 (30),None,0.0,0.5249999999999999,0.3333,0.3333,0.251,9,239,-0.011,31.77,31.42,31.07,31.45,2026-10-07,3,False
DD,Materials,Specialty Chemicals,RSI,RSI 動能加速（強勢區）,None,0.0,0.51,0.3333,0.3333,0.2962,45,942,0.0061,132.48,133.29,134.1,131.16,2026-10-08,3,False
IESC,Industrials,Engineering & Construction,BB,BB 中軌向上（上升趨勢）,None,0.0,0.51,0.3333,,0.3333,0,936,0.0044,308.83,310.19,311.55,305.74,2026-10-07,3,True
WELL,Real Estate,REIT - Healthcare Facilities,BB,BB 跌破下軌 (超賣),None,0.0,0.45499999999999996,0.3333,0.3333,0.25,15,564,0.013,221.12,223.99,226.87,218.91,2026-10-07,3,False
FE,Utilities,Utilities - Regulated Electric,BB,價格在 BB 中軌上方,None,0.0,0.425,0.3333,0.3333,0.3287,18,432,-0.0099,44.58,44.14,43.7,44.13,2026-10-07,3,True
AIZ,Financials,Insurance - Property & Casualty,MACD,MACD 金叉 (空頭區),None,0.0,0.42,0.3333,0.3333,0.3214,12,865,0.0083,272.86,275.12,277.39,270.13,2026-10-08,3,False
AXP,Financials,Credit Services,MACD,MACD 金叉 (空頭區),None,0.0,0.42,0.3333,0.3333,0.3214,9,865,0.0095,304.55,307.44,310.34,301.5,2026-10-06,3,False
DASH,Consumer Discretionary,Internet Retail,MACD,MACD 金叉 (空頭區),None,0.0,0.42,0.3333,0.3333,0.3233,9,529,0.016,193.62,196.72,199.82,191.68,2026-10-06,3,False
GM,Consumer Discretionary,Auto Manufacturers,MACD,MACD 金叉 (空頭區),None,0.0,0.42,0.3333,0.3333,0.3233,9,529,-0.0087,82.25,81.53,80.82,81.43,2026-10-08,3,False
EG,Financials,Insurance - Reinsurance,RSI,RSI 維持強勢 (50-70),Bullish Engulfing,0.75,1.0,0.3314,,0.3314,0,353,0.0074,373.1,375.86,378.62,369.37,2026-10-08,3,False
VEEV,Health Care,Health Information Services,RSI,RSI 維持強勢 (50-70),None,0.0,0.51,0.3311,0.3311,0.2772,148,12123,-0.0013,284.84,284.47,284.1,281.99,2026-10-08,3,False
MSCI,Financials,Financial Data & Stock Exchanges,RSI,RSI 加速上升,None,0.0,0.5525,0.3305,0.3305,0.3014,118,11488,0.0064,561.67,565.26,568.86,556.05,2026-10-08,3,False
ARMK,Industrials,Specialty Business Services,MACD,MACD 金叉 (空頭區),None,0.0,0.42,0.3303,,0.3303,0,875,0.0053,55.42,55.71,56.01,54.87,2026-10-07,3,False
BWXT,Industrials,Aerospace & Defense,MACD,MACD 金叉 (空頭區),None,0.0,0.42,0.3303,,0.3303,0,875,0.0053,145.7,146.47,147.24,144.24,2026-10-06,3,False
FDXF,Industrials,Integrated Freight & Logistics,MACD,MACD 金叉 (空頭區),None,0.0,0.42,0.3303,,0.3303,0,875,0.0053,112.1,112.69,113.29,110.98,2026-10-06,3,False
FTAI,Industrials,Aerospace & Defense,MACD,MACD 金叉 (空頭區),None,0.0,0.42,0.3303,,0.3303,0,875,0.0053,179.44,180.39,181.34,177.65,2026-10-06,3,False
LTM,Industrials,Airlines,MACD,MACD 金叉 (空頭區),None,0.0,0.42,0.3303,,0.3303,0,875,0.0053,50.97,51.24,51.51,50.46,2026-10-07,3,False
OC,Industrials,Building Products & Equipment,MACD,MACD 金叉 (空頭區),None,0.0,0.42,0.3303,,0.3303,0,875,0.0053,119.78,120.41,121.05,118.58,2026-10-06,3,False
TRI,Industrials,Specialty Business Services,MACD,MACD 金叉 (空頭區),None,0.0,0.42,0.3303,,0.3303,0,875,0.0053,99.28,99.81,100.33,98.29,2026-10-07,3,False
WCN,Industrials,Waste Management,MACD,MACD 金叉 (空頭區),None,0.0,0.42,0.3303,,0.3303,0,875,0.0053,154.62,155.44,156.26,153.07,2026-10-06,3,False
AFRM,Financials,Credit Services,MACD,MACD 突破 0 軸,None,0.0,0.595,0.3301,,0.3301,0,618,0.0061,75.31,75.77,76.23,74.56,2026-10-07,3,False
BAP,Financials,Banks - Regional,MACD,MACD 突破 0 軸,None,0.0,0.595,0.3301,,0.3301,0,618,0.0061,385.14,387.49,389.84,381.29,2026-10-06,3,False
NU,Financials,Banks - Regional,MACD,MACD 突破 0 軸,None,0.0,0.595,0.3301,,0.3301,0,618,0.0061,15.58,15.68,15.77,15.42,2026-10-07,3,False
TW,Financials,Capital Markets,MACD,MACD 突破 0 軸,None,0.0,0.595,0.3301,,0.3301,0,618,0.0061,107.54,108.2,108.85,106.46,2026-10-06,3,False
SKM,Communication Services,Telecom Services,BB,BB 跌破下軌 (超賣),None,0.0,0.45499999999999996,0.33,,0.33,0,397,0.0048,33.99,34.15,34.32,33.65,2026-10-08,3,False
MAS,Industrials,Building Products & Equipment,RSI,RSI 維持強勢 (50-70),None,0.0,0.51,0.3294,0.3294,0.2986,170,19157,0.0019,69.93,70.06,70.2,69.23,2026-10-06,3,False
BHP,Materials,Other Industrial Metals & Mining,RSI,RSI 上穿 50 中性線,None,0.0,0.4675,0.3294,,0.3294,0,595,0.0031,87.0,87.27,87.54,86.13,2026-10-06,3,False
SOLS,Materials,Specialty Chemicals,RSI,RSI 上穿 50 中性線,None,0.0,0.4675,0.3294,,0.3294,0,595,0.0031,61.27,61.46,61.65,60.66,2026-10-06,3,False
HSY,Consumer Staples,Confectioners,RSI,RSI 加速上升,None,0.0,0.5525,0.3286,0.3286,0.2439,140,5343,0.0035,162.54,163.11,163.68,160.91,2026-10-08,3,False
PLD,Real Estate,REIT - Industrial,RSI,RSI 加速上升,None,0.0,0.5525,0.3284,0.3284,0.2327,134,4401,0.0045,129.29,129.87,130.45,128.0,2026-10-08,3,False
DVA,Health Care,Medical Care Facilities,RSI,RSI 加速上升,None,0.0,0.5525,0.3269,0.3269,0.2803,156,8492,0.0082,180.4,181.88,183.36,178.6,2026-10-06,3,False
BP,Energy,Oil & Gas Integrated,RSI,RSI 動能加速（強勢區）,None,0.0,0.51,0.3265,,0.3265,0,873,0.0005,46.36,46.38,46.41,45.9,2026-10-08,3,False
SHEL,Energy,Oil & Gas Integrated,RSI,RSI 動能加速（強勢區）,None,0.0,0.51,0.3265,,0.3265,0,873,0.0005,100.2,100.25,100.3,99.2,2026-10-08,3,False
TMO,Health Care,Diagnostics & Research,RSI,RSI 維持強勢 (50-70),None,0.0,0.51,0.3265,0.3265,0.2772,196,12123,0.0039,651.98,654.52,657.07,645.46,2026-10-08,3,False
AGNCM,Real Estate,REIT - Mortgage,RSI,RSI 加速上升,None,0.0,0.5525,0.3264,,0.3264,0,193,0.0078,24.7,24.89,25.09,24.45,2026-10-06,3,True
AMT,Real Estate,REIT - Specialty,RSI,RSI 加速上升,None,0.0,0.5525,0.3264,,0.3264,0,193,0.0078,166.73,168.03,169.33,165.06,2026-10-08,3,True
AEP,Utilities,Utilities - Regulated Electric,RSI,RSI 維持強勢 (50-70),None,0.0,0.51,0.3262,0.3262,0.2471,279,8831,0.0058,122.32,123.03,123.74,121.1,2026-10-08,3,False
VMC,Materials,Building Materials,RSI,RSI 加速上升,None,0.0,0.5525,0.3254,0.3254,0.3048,126,3639,0.0093,246.26,248.55,250.84,243.8,2026-10-08,3,False
AMX,Communication Services,Telecom Services,MACD,MACD 金叉 (空頭區),None,0.0,0.42,0.3254,,0.3254,0,252,0.0044,22.36,22.46,22.56,22.14,2026-10-06,3,False
NYT,Communication Services,Publishing,MACD,MACD 金叉 (空頭區),None,0.0,0.42,0.3254,,0.3254,0,252,0.0044,66.6,66.89,67.19,65.93,2026-10-08,3,False
RDDT,Communication Services,Internet Content & Information,MACD,MACD 金叉 (空頭區),None,0.0,0.42,0.3254,,0.3254,0,252,0.0044,148.95,149.61,150.26,147.46,2026-10-06,3,False
SPOT,Communication Services,Internet Content & Information,MACD,MACD 金叉 (空頭區),None,0.0,0.42,0.3254,,0.3254,0,252,0.0044,526.42,528.74,531.05,521.16,2026-10-08,3,False
TME,Communication Services,Internet Content & Information,MACD,MACD 金叉 (空頭區),None,0.0,0.42,0.3254,,0.3254,0,252,0.0044,7.93,7.96,8.0,7.85,2026-10-06,3,False
AGNCN,Real Estate,REIT - Mortgage,BB,價格在 BB 中軌上方,None,0.0,0.425,0.3248,,0.3248,0,311,0.0054,25.27,25.41,25.54,25.02,2026-10-08,3,True
RVTY,Health Care,Diagnostics & Research,BB,價格在 BB 中軌上方,None,0.0,0.425,0.3247,0.3247,0.2804,194,14417,-0.0022,152.16,151.83,151.49,150.64,2026-10-08,3,False
FWONK,Communication Services,Entertainment,RSI,RSI 上穿 50 中性線,None,0.0,0.4675,0.3243,,0.3243,0,518,0.004,95.54,95.92,96.3,94.58,2026-10-06,3,False
RBLX,Communication Services,Electronic Gaming & Multimedia,RSI,RSI 上穿 50 中性線,None,0.0,0.4675,0.3243,,0.3243,0,518,0.004,45.56,45.74,45.92,45.1,2026-10-06,3,False
ROKU,Communication Services,Entertainment,RSI,RSI 上穿 50 中性線,None,0.0,0.4675,0.3243,,0.3243,0,518,0.004,153.81,154.43,155.04,152.27,2026-10-08,3,False
VOD,Communication Services,Telecom Services,RSI,RSI 上穿 50 中性線,None,0.0,0.4675,0.3243,,0.3243,0,518,0.004,16.79,16.86,16.92,16.62,2026-10-07,3,False
TEL,Information Technology,Electronic Components,RSI,RSI 維持強勢 (50-70),None,0.0,0.51,0.3241,0.3241,0.3645,253,16764,0.0051,214.31,215.4,216.5,212.17,2026-10-08,3,False
ITUB,Financials,Banks - Regional,BB,價格在 BB 中軌上方,None,0.0,0.425,0.3239,,0.3239,0,852,0.0045,10.15,10.2,10.24,10.05,2026-10-06,3,True
VLYPO,Financials,Banks - Regional,BB,價格在 BB 中軌上方,None,0.0,0.425,0.3239,,0.3239,0,852,0.0045,24.83,24.94,25.05,24.58,2026-10-07,3,True
A,Health Care,Diagnostics & Research,RSI,RSI 維持強勢 (50-70),None,0.0,0.51,0.3237,0.3237,0.2772,207,12123,0.0002,168.17,168.2,168.24,166.49,2026-10-08,3,False
BWA,Consumer Discretionary,Auto Parts,MACD,MACD 金叉 (空頭區),None,0.0,0.42,0.3233,,0.3233,0,529,0.0066,63.36,63.78,64.2,62.73,2026-10-06,3,False
CCK,Consumer Discretionary,Packaging & Containers,MACD,MACD 金叉 (空頭區),None,0.0,0.42,0.3233,,0.3233,0,529,0.0066,107.69,108.4,109.11,106.61,2026-10-06,3,False
MELI,Consumer Discretionary,Internet Retail,MACD,MACD 金叉 (空頭區),None,0.0,0.42,0.3233,,0.3233,0,529,0.0066,1857.99,1870.25,1882.52,1839.41,2026-10-06,3,False
MOD,Consumer Discretionary,Auto Parts,MACD,MACD 金叉 (空頭區),None,0.0,0.42,0.3233,,0.3233,0,529,0.0066,189.91,191.16,192.42,188.01,2026-10-06,3,False
SCI,Consumer Discretionary,Personal Services,MACD,MACD 金叉 (空頭區),None,0.0,0.42,0.3233,,0.3233,0,529,0.0066,76.86,77.37,77.87,76.09,2026-10-07,3,False
STLA,Consumer Discretionary,Auto Manufacturers,MACD,MACD 金叉 (空頭區),None,0.0,0.42,0.3233,,0.3233,0,529,0.0066,4.61,4.64,4.67,4.56,2026-10-07,3,False
TXRH,Consumer Discretionary,Restaurants,MACD,MACD 金叉 (空頭區),None,0.0,0.42,0.3233,,0.3233,0,529,0.0066,163.57,164.65,165.73,161.93,2026-10-06,3,False
DINO,Energy,Oil & Gas Refining & Marketing,RSI,RSI 加速上升,None,0.0,0.5525,0.3227,,0.3227,0,3306,0.0024,115.63,115.91,116.19,114.47,2026-10-07,3,False
EPD,Energy,Oil & Gas Midstream,RSI,RSI 加速上升,None,0.0,0.5525,0.3227,,0.3227,0,3306,0.0024,36.75,36.84,36.93,36.38,2026-10-08,3,False
FTI,Energy,Oil & Gas Equipment & Services,RSI,RSI 加速上升,None,0.0,0.5525,0.3227,,0.3227,0,3306,0.0024,69.63,69.8,69.96,68.93,2026-10-08,3,False
PAA,Energy,Oil & Gas Midstream,RSI,RSI 加速上升,None,0.0,0.5525,0.3227,,0.3227,0,3306,0.0024,24.42,24.48,24.54,24.18,2026-10-08,3,False
TRP,Energy,Oil & Gas Midstream,RSI,RSI 加速上升,None,0.0,0.5525,0.3227,,0.3227,0,3306,0.0024,59.98,60.12,60.27,59.38,2026-10-08,3,False
VG,Energy,Oil & Gas Midstream,RSI,RSI 加速上升,None,0.0,0.5525,0.3227,,0.3227,0,3306,0.0024,13.29,13.32,13.35,13.16,2026-10-08,3,False
YPF,Energy,Oil & Gas Integrated,RSI,RSI 加速上升,None,0.0,0.5525,0.3227,,0.3227,0,3306,0.0024,51.16,51.28,51.41,50.65,2026-10-06,3,False
AAON,Industrials,Building Products & Equipment,KDJ,KDJ 金叉,None,0.0,0.5525,0.3223,,0.3223,0,2110,0.0051,88.07,88.52,88.97,87.19,2026-10-06,3,False
PAC,Industrials,Airports & Air Services,KDJ,KDJ 金叉,None,0.0,0.5525,0.3223,,0.3223,0,2110,0.0051,209.2,210.27,211.33,207.11,2026-10-06,3,False
QXO,Industrials,Industrial Distribution,KDJ,KDJ 金叉,None,0.0,0.5525,0.3223,,0.3223,0,2110,0.0051,12.11,12.17,12.23,11.99,2026-10-06,3,False
RYAAY,Industrials,Airlines,KDJ,KDJ 金叉,None,0.0,0.5525,0.3223,,0.3223,0,2110,0.0051,55.87,56.15,56.44,55.31,2026-10-06,3,False
SYM,Industrials,Specialty Industrial Machinery,KDJ,KDJ 金叉,None,0.0,0.5525,0.3223,,0.3223,0,2110,0.0051,44.15,44.38,44.6,43.71,2026-10-06,3,False
WMS,Industrials,Building Products & Equipment,KDJ,KDJ 金叉,None,0.0,0.5525,0.3223,,0.3223,0,2110,0.0051,130.07,130.73,131.4,128.77,2026-10-06,3,False
EMR,Industrials,Specialty Industrial Machinery,BB,BB 中軌向上（上升趨勢）,Cup & Handle,0.82,1.0,0.322,0.322,0.3066,59,4765,0.0089,161.4,162.84,164.27,159.79,2026-10-06,3,False
SWKS,Information Technology,Semiconductors,RSI,RSI 維持強勢 (50-70),None,0.0,0.51,0.3218,0.3218,0.3645,174,16764,-0.0005,83.43,83.39,83.35,82.6,2026-10-07,3,False
APTV,Consumer Discretionary,Auto Parts,RSI,RSI 加速上升,None,0.0,0.5525,0.3214,0.3214,0.3117,112,6796,0.0059,44.22,44.48,44.74,43.78,2026-10-07,3,False
IT,Information Technology,Information Technology Services,RSI,RSI 動能加速（強勢區）,None,0.0,0.51,0.3214,0.3214,0.366,28,2885,0.0013,195.41,195.66,195.92,193.46,2026-10-08,3,False
AFG,Financials,Insurance - Property & Casualty,MACD,MACD 金叉 (空頭區),None,0.0,0.42,0.3214,,0.3214,0,865,0.0073,139.02,140.03,141.05,137.63,2026-10-07,3,False
BPOP,Financials,Banks - Regional,MACD,MACD 金叉 (空頭區),None,0.0,0.42,0.3214,,0.3214,0,865,0.0073,158.29,159.45,160.6,156.71,2026-10-06,3,False
CNA,Financials,Insurance - Property & Casualty,MACD,MACD 金叉 (空頭區),None,0.0,0.42,0.3214,,0.3214,0,865,0.0073,46.21,46.55,46.88,45.75,2026-10-06,3,False
FCNCA,Financials,Banks - Regional,MACD,MACD 金叉 (空頭區),None,0.0,0.42,0.3214,,0.3214,0,865,0.0073,2088.1299,2103.37,2118.62,2067.25,2026-10-06,3,False
IBN,Financials,Banks - Regional,MACD,MACD 金叉 (空頭區),None,0.0,0.42,0.3214,,0.3214,0,865,0.0073,28.02,28.22,28.43,27.74,2026-10-06,3,False
MKL,Financials,Insurance - Property & Casualty,MACD,MACD 金叉 (空頭區),None,0.0,0.42,0.3214,,0.3214,0,865,0.0073,1738.33,1751.02,1763.71,1720.95,2026-10-06,3,False
ORI,Financials,Insurance - Property & Casualty,MACD,MACD 金叉 (空頭區),None,0.0,0.42,0.3214,,0.3214,0,865,0.0073,38.55,38.83,39.11,38.16,2026-10-08,3,False
OWL,Financials,Asset Management,MACD,MACD 金叉 (空頭區),None,0.0,0.42,0.3214,,0.3214,0,865,0.0073,9.27,9.34,9.41,9.18,2026-10-08,3,False
RNR,Financials,Insurance - Reinsurance,MACD,MACD 金叉 (空頭區),None,0.0,0.42,0.3214,,0.3214,0,865,0.0073,331.34,333.76,336.18,328.03,2026-10-08,3,False
SLMBP,Financials,Credit Services,MACD,MACD 金叉 (空頭區),None,0.0,0.42,0.3214,,0.3214,0,865,0.0073,74.17,74.71,75.25,73.43,2026-10-06,3,False
TPG,Financials,Asset Management,MACD,MACD 金叉 (空頭區),None,0.0,0.42,0.3214,,0.3214,0,865,0.0073,44.97,45.3,45.63,44.52,2026-10-06,3,False
UNM,Financials,Insurance - Life,MACD,MACD 金叉 (空頭區),None,0.0,0.42,0.3214,,0.3214,0,865,0.0073,92.64,93.32,93.99,91.71,2026-10-08,3,False
WTFC,Financials,Banks - Regional,MACD,MACD 金叉 (空頭區),None,0.0,0.42,0.3214,,0.3214,0,865,0.0073,144.2,145.25,146.31,142.76,2026-10-08,3,False
BG,Consumer Staples,Farm Products,RSI,RSI 加速上升,None,0.0,0.5525,0.321,0.321,0.2439,162,5343,0.0012,107.82,107.95,108.08,106.74,2026-10-08,3,False
NTAP,Information Technology,Software - Infrastructure,RSI,RSI 加速上升,None,0.0,0.5525,0.3206,0.3206,0.3693,131,10688,0.0047,235.77,236.88,237.99,233.41,2026-10-07,3,False
TDG,Industrials,Aerospace & Defense,KDJ,KDJ 金叉,None,0.0,0.5525,0.32,0.32,0.3223,25,2110,0.0029,1103.33,1106.53,1109.73,1092.3,2026-10-06,3,False
TTWO,Communication Services,Electronic Gaming & Multimedia,RSI,RSI 加速上升,None,0.0,0.5525,0.3191,0.3191,0.3116,141,3322,0.009,209.37,211.25,213.14,207.28,2026-10-08,3,False
HMC,Consumer Discretionary,Auto Manufacturers,KDJ,KDJ 金叉,None,0.0,0.5525,0.3183,,0.3183,0,1244,0.0033,32.48,32.59,32.69,32.16,2026-10-08,3,False
HTHT,Consumer Discretionary,Lodging,KDJ,KDJ 金叉,None,0.0,0.5525,0.3183,,0.3183,0,1244,0.0033,42.67,42.81,42.95,42.24,2026-10-08,3,False
PKG,Consumer Discretionary,Packaging & Containers,KDJ,KDJ 金叉,None,0.0,0.5525,0.3183,,0.3183,0,1244,0.0033,229.94,230.7,231.46,227.64,2026-10-08,3,False
TOL,Consumer Discretionary,Residential Construction,KDJ,KDJ 金叉,None,0.0,0.5525,0.3183,,0.3183,0,1244,0.0033,138.0,138.46,138.91,136.62,2026-10-06,3,False
AZO,Consumer Discretionary,Auto Parts,KDJ,KDJ 金叉,None,0.0,0.5525,0.3182,0.3182,0.3183,22,1244,0.0145,2898.5701,2940.6,2982.63,2869.58,2026-10-06,3,False
EQIX,Real Estate,REIT - Specialty,RSI,RSI 加速上升,None,0.0,0.5525,0.3182,0.3182,0.2327,132,4401,0.0054,1031.77,1037.34,1042.91,1021.45,2026-10-07,3,False
SWK,Industrials,Tools & Accessories,BB,價格在 BB 中軌上方,None,0.0,0.425,0.3182,0.3182,0.295,198,22337,-0.0023,89.99,89.78,89.58,89.09,2026-10-06,3,False
ARGX,Health Care,Biotechnology,BB,BB 跌破下軌 (超賣),None,0.0,0.45499999999999996,0.3173,,0.3173,0,375,-0.0037,818.63,815.6,812.57,810.44,2026-10-08,3,True
FMS,Health Care,Medical Care Facilities,BB,BB 跌破下軌 (超賣),None,0.0,0.45499999999999996,0.3173,,0.3173,0,375,-0.0037,20.88,20.8,20.73,20.67,2026-10-08,3,True
JAZZ,Health Care,Biotechnology,BB,BB 跌破下軌 (超賣),None,0.0,0.45499999999999996,0.3173,,0.3173,0,375,-0.0037,222.45,221.63,220.8,220.23,2026-10-08,3,True
BTSG,Health Care,Health Information Services,MACD,MACD 突破 0 軸,None,0.0,0.595,0.3171,,0.3171,0,432,0.0028,63.75,63.93,64.11,63.11,2026-10-06,3,False
CDE,Materials,Gold,KDJ,KDJ 超賣區金叉,None,0.0,0.5599999999999999,0.3156,,0.3156,0,225,0.0029,16.87,16.92,16.97,16.7,2026-10-08,3,False
GFI,Materials,Gold,KDJ,KDJ 超賣區金叉,None,0.0,0.5599999999999999,0.3156,,0.3156,0,225,0.0029,36.17,36.27,36.38,35.81,2026-10-06,3,False
KGC,Materials,Gold,KDJ,KDJ 超賣區金叉,None,0.0,0.5599999999999999,0.3156,,0.3156,0,225,0.0029,23.81,23.88,23.95,23.57,2026-10-06,3,False
RGLD,Materials,Gold,KDJ,KDJ 超賣區金叉,None,0.0,0.5599999999999999,0.3156,,0.3156,0,225,0.0029,231.18,231.85,232.52,228.87,2026-10-08,3,False
HII,Industrials,Aerospace & Defense,RSI,RSI 加速上升,None,0.0,0.5525,0.3154,0.3154,0.2981,149,11545,0.0052,263.75,265.12,266.49,261.11,2026-10-06,3,False
XOM,Energy,Oil & Gas Integrated,RSI,RSI 動能加速（強勢區）,None,0.0,0.51,0.3148,0.3148,0.3265,54,873,0.0002,168.5,168.53,168.57,166.81,2026-10-08,3,False
EHC,Health Care,Medical Care Facilities,RSI,RSI 上穿 50 中性線,None,0.0,0.4675,0.3144,,0.3144,0,1323,0.003,124.69,125.06,125.44,123.44,2026-10-06,3,False
HLN,Health Care,Drug Manufacturers - Specialty & Generic,RSI,RSI 上穿 50 中性線,None,0.0,0.4675,0.3144,,0.3144,0,1323,0.003,9.26,9.29,9.32,9.17,2026-10-08,3,False
MOH,Health Care,Healthcare Plans,RSI,RSI 上穿 50 中性線,None,0.0,0.4675,0.3144,,0.3144,0,1323,0.003,195.76,196.35,196.93,193.8,2026-10-08,3,False
THC,Health Care,Medical Care Facilities,RSI,RSI 上穿 50 中性線,None,0.0,0.4675,0.3144,,0.3144,0,1323,0.003,259.83,260.61,261.39,257.23,2026-10-07,3,False
HBANZ,Financials,Banks - Regional,KDJ,KDJ 金叉,None,0.0,0.5525,0.3142,,0.3142,0,1932,0.0041,19.0,19.08,19.16,18.81,2026-10-08,3,False
HUT,Financials,Capital Markets,KDJ,KDJ 金叉,None,0.0,0.5525,0.3142,,0.3142,0,1932,0.0041,92.22,92.6,92.98,91.3,2026-10-06,3,False
NWG,Financials,Banks - Regional,KDJ,KDJ 金叉,None,0.0,0.5525,0.3142,,0.3142,0,1932,0.0041,17.67,17.74,17.81,17.49,2026-10-06,3,False
PS,Financials,Asset Management,KDJ,KDJ 金叉,None,0.0,0.5525,0.3142,,0.3142,0,1932,0.0041,59.75,59.99,60.24,59.15,2026-10-06,3,False
SMFG,Financials,Banks - Diversified,KDJ,KDJ 金叉,None,0.0,0.5525,0.3142,,0.3142,0,1932,0.0041,25.83,25.94,26.04,25.57,2026-10-06,3,False
AEM,Materials,Gold,KDJ,KDJ 金叉,None,0.0,0.5525,0.314,,0.314,0,637,0.0047,186.03,186.9,187.78,184.17,2026-10-06,3,False
AGI,Materials,Gold,KDJ,KDJ 金叉,None,0.0,0.5525,0.314,,0.314,0,637,0.0047,32.22,32.37,32.52,31.9,2026-10-08,3,False
AU,Materials,Gold,KDJ,KDJ 金叉,None,0.0,0.5525,0.314,,0.314,0,637,0.0047,90.78,91.21,91.63,89.87,2026-10-08,3,False
B,Materials,Gold,KDJ,KDJ 金叉,None,0.0,0.5525,0.314,,0.314,0,637,0.0047,39.99,40.18,40.37,39.59,2026-10-08,3,False
HL,Materials,Other Precious Metals & Mining,KDJ,KDJ 金叉,None,0.0,0.5525,0.314,,0.314,0,637,0.0047,16.73,16.81,16.89,16.56,2026-10-08,3,False
JHX,Materials,Building Materials,KDJ,KDJ 金叉,None,0.0,0.5525,0.314,,0.314,0,637,0.0047,25.15,25.27,25.39,24.9,2026-10-08,3,False
PAAS,Materials,Gold,KDJ,KDJ 金叉,None,0.0,0.5525,0.314,,0.314,0,637,0.0047,45.92,46.14,46.35,45.46,2026-10-06,3,False
ARWR,Health Care,Biotechnology,RSI,RSI 維持超賣,None,0.0,0.385,0.3138,,0.3138,0,956,0.0016,60.74,60.84,60.93,60.13,2026-10-08,3,False
AXSM,Health Care,Biotechnology,RSI,RSI 維持超賣,None,0.0,0.385,0.3138,,0.3138,0,956,0.0016,170.08,170.35,170.62,168.38,2026-10-08,3,False
BMRN,Health Care,Biotechnology,RSI,RSI 維持超賣,None,0.0,0.385,0.3138,,0.3138,0,956,0.0016,54.89,54.98,55.07,54.34,2026-10-08,3,False
SNY,Health Care,Drug Manufacturers - General,RSI,RSI 維持超賣,None,0.0,0.385,0.3138,,0.3138,0,956,0.0016,39.56,39.62,39.69,39.16,2026-10-06,3,False
WMT,Consumer Staples,Discount Stores,RSI,RSI 動能加速（強勢區）,None,0.0,0.51,0.3137,0.3137,0.2456,51,1148,0.0079,110.56,111.43,112.31,109.45,2026-10-08,3,False
PYPL,Financials,Credit Services,RSI,RSI 維持強勢 (50-70),None,0.0,0.51,0.3128,0.3128,0.2842,211,19108,-0.0065,55.02,54.66,54.3,54.47,2026-10-08,3,False
PNW,Utilities,Utilities - Regulated Electric,RSI,RSI 加速上升,Consolidation Breakout,0.76,1.0,0.3125,0.3125,0.1896,16,633,0.0101,97.98,98.97,99.96,97.0,2026-10-08,3,False
ALB,Materials,Specialty Chemicals,KDJ,KDJ 金叉,None,0.0,0.5525,0.3125,0.3125,0.314,32,637,0.0052,106.35,106.9,107.46,105.29,2026-10-06,3,False
PSKY,Communication Services,Entertainment,BB,BB 跌破下軌 (超賣),None,0.0,0.45499999999999996,0.3125,0.3125,0.33,16,397,0.007,8.89,8.95,9.01,8.8,2026-10-07,3,False
FSLR,Information Technology,Solar,MACD,MACD 金叉 (空頭區),None,0.0,0.42,0.3125,0.3125,0.3767,16,754,0.0092,180.13,181.79,183.44,178.33,2026-10-07,3,False
AUR,Consumer Discretionary,Auto Parts,RSI,RSI 加速上升,None,0.0,0.5525,0.3117,,0.3117,0,6796,0.004,5.73,5.75,5.78,5.67,2026-10-08,3,False
BABA,Consumer Discretionary,Internet Retail,RSI,RSI 加速上升,None,0.0,0.5525,0.3117,,0.3117,0,6796,0.004,109.26,109.7,110.13,108.17,2026-10-06,3,False
CART,Consumer Discretionary,Internet Retail,RSI,RSI 加速上升,None,0.0,0.5525,0.3117,,0.3117,0,6796,0.004,46.3,46.49,46.67,45.84,2026-10-08,3,False
CASY,Consumer Discretionary,Specialty Retail,RSI,RSI 加速上升,None,0.0,0.5525,0.3117,,0.3117,0,6796,0.004,642.28,644.85,647.42,635.86,2026-10-08,3,False
DKNG,Consumer Discretionary,Gambling,RSI,RSI 加速上升,None,0.0,0.5525,0.3117,,0.3117,0,6796,0.004,19.87,19.95,20.03,19.67,2026-10-08,3,False
FLUT,Consumer Discretionary,Gambling,RSI,RSI 加速上升,None,0.0,0.5525,0.3117,,0.3117,0,6796,0.004,81.58,81.91,82.23,80.76,2026-10-08,3,False
JD,Consumer Discretionary,Internet Retail,RSI,RSI 加速上升,None,0.0,0.5525,0.3117,,0.3117,0,6796,0.004,26.91,27.02,27.13,26.64,2026-10-08,3,False
MGA,Consumer Discretionary,Auto Parts,RSI,RSI 加速上升,None,0.0,0.5525,0.3117,,0.3117,0,6796,0.004,65.03,65.29,65.55,64.38,2026-10-07,3,False
ONON,Consumer Discretionary,Footwear & Accessories,RSI,RSI 加速上升,None,0.0,0.5525,0.3117,,0.3117,0,6796,0.004,34.04,34.18,34.31,33.7,2026-10-08,3,False
PDD,Consumer Discretionary,Internet Retail,RSI,RSI 加速上升,None,0.0,0.5525,0.3117,,0.3117,0,6796,0.004,78.26,78.57,78.89,77.48,2026-10-08,3,False
QSR,Consumer Discretionary,Restaurants,RSI,RSI 加速上升,None,0.0,0.5525,0.3117,,0.3117,0,6796,0.004,70.66,70.94,71.23,69.95,2026-10-08,3,False
TM,Consumer Discretionary,Auto Manufacturers,RSI,RSI 加速上升,None,0.0,0.5525,0.3117,,0.3117,0,6796,0.004,186.0,186.74,187.49,184.14,2026-10-08,3,False
VIK,Consumer Discretionary,Travel Services,RSI,RSI 加速上升,None,0.0,0.5525,0.3117,,0.3117,0,6796,0.004,81.64,81.97,82.29,80.82,2026-10-08,3,False
W,Consumer Discretionary,Internet Retail,RSI,RSI 加速上升,None,0.0,0.5525,0.3117,,0.3117,0,6796,0.004,105.13,105.55,105.97,104.08,2026-10-08,3,False
BIDU,Communication Services,Internet Content & Information,RSI,RSI 加速上升,None,0.0,0.5525,0.3116,,0.3116,0,3322,0.0033,87.05,87.34,87.62,86.18,2026-10-06,3,False
CCZ,Communication Services,Cable & Satellite,RSI,RSI 加速上升,None,0.0,0.5525,0.3116,,0.3116,0,3322,0.0033,62.9,63.11,63.32,62.27,2026-10-07,3,False
ECHO,Communication Services,Telecom Services,RSI,RSI 加速上升,None,0.0,0.5525,0.3116,,0.3116,0,3322,0.0033,93.36,93.67,93.98,92.43,2026-10-08,3,False
FWONA,Communication Services,Entertainment,RSI,RSI 加速上升,None,0.0,0.5525,0.3116,,0.3116,0,3322,0.0033,87.57,87.86,88.15,86.69,2026-10-08,3,False
GSAT,Communication Services,Telecom Services,RSI,RSI 加速上升,None,0.0,0.5525,0.3116,,0.3116,0,3322,0.0033,83.67,83.95,84.22,82.83,2026-10-07,3,False
PINS,Communication Services,Internet Content & Information,RSI,RSI 加速上升,None,0.0,0.5525,0.3116,,0.3116,0,3322,0.0033,20.53,20.6,20.67,20.32,2026-10-08,3,False
TIGO,Communication Services,Telecom Services,RSI,RSI 加速上升,None,0.0,0.5525,0.3116,,0.3116,0,3322,0.0033,87.95,88.24,88.53,87.07,2026-10-08,3,False
TLK,Communication Services,Telecom Services,RSI,RSI 加速上升,None,0.0,0.5525,0.3116,,0.3116,0,3322,0.0033,12.88,12.92,12.97,12.75,2026-10-08,3,False
KMI,Energy,Oil & Gas Midstream,RSI,RSI 動能加速（強勢區）,None,0.0,0.51,0.3111,0.3111,0.3265,45,873,0.0107,32.25,32.6,32.94,31.93,2026-10-08,3,False
LECO,Industrials,Tools & Accessories,RSI,RSI 維持強勢 (50-70),Cup & Handle,0.85,1.0,0.3109,,0.3109,0,5529,0.0052,275.54,276.97,278.41,272.78,2026-10-06,3,False
INSM,Health Care,Biotechnology,RSI,RSI 超賣區域 (30),None,0.0,0.5249999999999999,0.3109,,0.3109,0,119,-0.0026,100.48,100.22,99.96,99.48,2026-10-08,3,True
UNP,Industrials,Railroads,RSI,RSI 加速上升,None,0.0,0.5525,0.3108,0.3108,0.2981,148,11545,0.0081,278.2,280.45,282.71,275.42,2026-10-08,3,False
JBHT,Industrials,Integrated Freight & Logistics,KDJ,KDJ 金叉,Bullish Engulfing,0.75,1.0,0.31,,0.31,0,100,0.0006,228.42,228.56,228.69,226.14,2026-10-08,3,False
KNX,Industrials,Trucking,KDJ,KDJ 金叉,Bullish Engulfing,0.75,1.0,0.31,,0.31,0,100,0.0006,65.05,65.09,65.13,64.4,2026-10-08,3,False
VRSK,Industrials,Consulting Services,KDJ,KDJ 金叉,Bullish Engulfing,0.75,1.0,0.31,,0.31,0,100,0.0006,165.2,165.3,165.4,163.55,2026-10-06,3,False
ABEV,Consumer Staples,Beverages - Brewers,RSI,RSI 維持強勢 (50-70),None,0.0,0.51,0.3092,,0.3092,0,262,0.0027,3.19,3.2,3.21,3.16,2026-10-08,3,True
TDY,Information Technology,Scientific & Technical Instruments,BB,價格在 BB 中軌上方,None,0.0,0.425,0.3092,0.3092,0.3573,262,20206,0.0067,622.22,626.39,630.56,616.0,2026-10-06,3,False
CET,Financials,Asset Management,RSI,RSI 上穿 50 中性線,None,0.0,0.4675,0.3091,,0.3091,0,1899,0.0046,55.87,56.13,56.38,55.31,2026-10-09,3,False
FUTU,Financials,Capital Markets,RSI,RSI 上穿 50 中性線,None,0.0,0.4675,0.3091,,0.3091,0,1899,0.0046,113.21,113.73,114.25,112.08,2026-10-06,3,False
MUFG,Financials,Banks - Diversified,RSI,RSI 上穿 50 中性線,None,0.0,0.4675,0.3091,,0.3091,0,1899,0.0046,23.2,23.31,23.41,22.97,2026-10-06,3,False
VLYPP,Financials,Banks - Regional,RSI,RSI 上穿 50 中性線,None,0.0,0.4675,0.3091,,0.3091,0,1899,0.0046,25.02,25.14,25.25,24.77,2026-10-09,3,False
CW,Industrials,Aerospace & Defense,RSI,RSI 超賣區域 (30),None,0.0,0.5249999999999999,0.3086,,0.3086,0,337,0.006,509.1,512.15,515.21,504.01,2026-10-07,3,False
TXT,Industrials,Aerospace & Defense,RSI,RSI 超賣區域 (30),None,0.0,0.5249999999999999,0.3086,,0.3086,0,337,0.006,73.03,73.47,73.91,72.3,2026-10-07,3,False
WSO,Industrials,Industrial Distribution,RSI,RSI 超賣區域 (30),None,0.0,0.5249999999999999,0.3086,,0.3086,0,337,0.006,282.65,284.35,286.04,279.82,2026-10-07,3,False
CHT,Communication Services,Telecom Services,RSI,RSI 維持強勢 (50-70),None,0.0,0.51,0.3082,,0.3082,0,5205,0.0026,45.78,45.9,46.02,45.32,2026-10-07,3,False
HUBB,Industrials,Electrical Equipment & Parts,BB,價格在 BB 中軌上方,None,0.0,0.425,0.3077,0.3077,0.295,286,22337,0.0031,474.11,475.58,477.05,469.37,2026-10-09,3,False
OTIS,Industrials,Specialty Industrial Machinery,MACD,MACD 金叉 (空頭區),None,0.0,0.42,0.3077,0.3077,0.3303,13,875,0.0053,65.74,66.09,66.44,65.08,2026-10-07,3,False
OXY,Energy,Oil & Gas E&P,MACD,MACD 金叉 (空頭區),None,0.0,0.42,0.3077,0.3077,0.3557,13,253,-0.0015,58.21,58.12,58.04,57.63,2026-10-07,3,False
RJF,Financials,Asset Management,MACD,MACD 金叉 (空頭區),None,0.0,0.42,0.3077,0.3077,0.3214,13,865,-0.0048,159.43,158.66,157.9,157.84,2026-10-06,3,False
RMD,Health Care,Medical Instruments & Supplies,MACD,MACD 金叉 (空頭區),None,0.0,0.42,0.3077,0.3077,0.2741,13,686,-0.0031,226.73,226.03,225.32,224.46,2026-10-08,3,False
ROK,Industrials,Specialty Industrial Machinery,RSI,RSI 維持強勢 (50-70),None,0.0,0.51,0.3067,0.3067,0.2986,225,19157,0.0028,441.9,443.14,444.37,437.48,2026-10-07,3,False
NEE,Utilities,Utilities - Regulated Electric,RSI,RSI 加速上升,None,0.0,0.5525,0.3061,0.3061,0.2565,147,4905,0.0038,77.37,77.66,77.96,76.6,2026-10-08,3,False
HAL,Energy,Oil & Gas Equipment & Services,RSI,RSI 加速上升,None,0.0,0.5525,0.306,0.306,0.3227,183,3306,0.0011,32.57,32.61,32.64,32.24,2026-10-08,3,False
ISRG,Health Care,Medical Instruments & Supplies,BB,BB 中軌向上（上升趨勢）,None,0.0,0.51,0.306,0.306,0.2705,183,10885,0.007,414.52,417.42,420.32,410.37,2026-10-07,3,False
ESI,Materials,Specialty Chemicals,RSI,RSI 加速上升,None,0.0,0.5525,0.3048,,0.3048,0,3639,0.0024,37.74,37.83,37.92,37.36,2026-10-06,3,False
FNV,Materials,Gold,RSI,RSI 加速上升,None,0.0,0.5525,0.3048,,0.3048,0,3639,0.0024,240.5,241.08,241.65,238.09,2026-10-08,3,False
PKX,Materials,Steel,RSI,RSI 加速上升,None,0.0,0.5525,0.3048,,0.3048,0,3639,0.0024,58.74,58.88,59.02,58.15,2026-10-06,3,False
RIO,Materials,Other Industrial Metals & Mining,RSI,RSI 加速上升,None,0.0,0.5525,0.3048,,0.3048,0,3639,0.0024,93.34,93.56,93.79,92.41,2026-10-08,3,False
RS,Materials,Steel,RSI,RSI 加速上升,None,0.0,0.5525,0.3048,,0.3048,0,3639,0.0024,396.22,397.17,398.12,392.26,2026-10-07,3,False
TECK,Materials,Other Industrial Metals & Mining,RSI,RSI 加速上升,None,0.0,0.5525,0.3048,,0.3048,0,3639,0.0024,67.1,67.26,67.42,66.43,2026-10-06,3,False
MDLZ,Consumer Staples,Confectioners,RSI,RSI 上穿 50 中性線,None,0.0,0.4675,0.3043,0.3043,0.2565,23,928,0.004,60.67,60.91,61.16,60.06,2026-10-08,3,False
AER,Industrials,Rental & Leasing Services,RSI,RSI 上穿 50 中性線,None,0.0,0.4675,0.304,,0.304,0,1816,0.0018,146.27,146.53,146.8,144.81,2026-10-06,3,False
AGX,Industrials,Engineering & Construction,RSI,RSI 上穿 50 中性線,None,0.0,0.4675,0.304,,0.304,0,1816,0.0018,419.64,420.4,421.15,415.44,2026-10-06,3,False
ATI,Industrials,Metal Fabrication,RSI,RSI 上穿 50 中性線,None,0.0,0.4675,0.304,,0.304,0,1816,0.0018,194.69,195.04,195.39,192.74,2026-10-06,3,False
GGG,Industrials,Specialty Industrial Machinery,RSI,RSI 上穿 50 中性線,None,0.0,0.4675,0.304,,0.304,0,1816,0.0018,78.37,78.51,78.65,77.59,2026-10-08,3,False
INIO,Industrials,Specialty Industrial Machinery,RSI,RSI 上穿 50 中性線,None,0.0,0.4675,0.304,,0.304,0,1816,0.0018,21.35,21.39,21.43,21.14,2026-10-06,3,False
ROIV,Health Care,Biotechnology,KDJ,KDJ 超賣區金叉,None,0.0,0.5599999999999999,0.3027,,0.3027,0,370,0.0035,34.21,34.33,34.45,33.87,2026-10-08,3,False
BURL,Consumer Discretionary,Apparel Retail,RSI,RSI 動能加速（強勢區）,None,0.0,0.51,0.3027,,0.3027,0,1665,0.0035,276.43,277.4,278.37,273.67,2026-10-06,3,False
GWW,Industrials,Industrial Distribution,RSI,RSI 加速上升,None,0.0,0.5525,0.3022,0.3022,0.2981,139,11545,0.0047,1275.5601,1281.56,1287.55,1262.8,2026-10-06,3,False
BAM,Financials,Asset Management,RSI,RSI 加速上升,None,0.0,0.5525,0.3014,,0.3014,0,11488,0.0041,45.17,45.36,45.54,44.72,2026-10-08,3,False
BBDO,Financials,Banks - Regional,RSI,RSI 加速上升,None,0.0,0.5525,0.3014,,0.3014,0,11488,0.0041,3.78,3.8,3.81,3.74,2026-10-08,3,False
BN,Financials,Asset Management,RSI,RSI 加速上升,None,0.0,0.5525,0.3014,,0.3014,0,11488,0.0041,36.77,36.92,37.07,36.4,2026-10-08,3,False
BNT,Financials,Insurance - Diversified,RSI,RSI 加速上升,None,0.0,0.5525,0.3014,,0.3014,0,11488,0.0041,36.62,36.77,36.92,36.25,2026-10-08,3,False
BPYPM,Financials,Asset Management,RSI,RSI 加速上升,None,0.0,0.5525,0.3014,,0.3014,0,11488,0.0041,16.17,16.24,16.3,16.01,2026-10-09,3,False
CIB,Financials,Banks - Regional,RSI,RSI 加速上升,None,0.0,0.5525,0.3014,,0.3014,0,11488,0.0041,94.08,94.47,94.85,93.14,2026-10-08,3,False
CRBG,Financials,Asset Management,RSI,RSI 加速上升,None,0.0,0.5525,0.3014,,0.3014,0,11488,0.0041,34.4,34.54,34.68,34.06,2026-10-07,3,False
EQH,Financials,Asset Management,RSI,RSI 加速上升,None,0.0,0.5525,0.3014,,0.3014,0,11488,0.0041,53.48,53.7,53.92,52.95,2026-10-08,3,False
EVR,Financials,Capital Markets,RSI,RSI 加速上升,None,0.0,0.5525,0.3014,,0.3014,0,11488,0.0041,266.75,267.84,268.94,264.08,2026-10-08,3,False
EWBC,Financials,Banks - Regional,RSI,RSI 加速上升,None,0.0,0.5525,0.3014,,0.3014,0,11488,0.0041,126.25,126.77,127.29,124.99,2026-10-08,3,False
FHN,Financials,Banks - Regional,RSI,RSI 加速上升,None,0.0,0.5525,0.3014,,0.3014,0,11488,0.0041,23.31,23.41,23.5,23.08,2026-10-08,3,False
HBANL,Financials,Banks - Regional,RSI,RSI 加速上升,None,0.0,0.5525,0.3014,,0.3014,0,11488,0.0041,24.6,24.7,24.8,24.35,2026-10-07,3,False
HBANP,Financials,Banks - Regional,RSI,RSI 加速上升,None,0.0,0.5525,0.3014,,0.3014,0,11488,0.0041,15.49,15.55,15.62,15.34,2026-10-07,3,False
KLAR,Financials,Credit Services,RSI,RSI 加速上升,None,0.0,0.5525,0.3014,,0.3014,0,11488,0.0041,13.46,13.52,13.57,13.33,2026-10-08,3,False
LPLA,Financials,Capital Markets,RSI,RSI 加速上升,None,0.0,0.5525,0.3014,,0.3014,0,11488,0.0041,328.0,329.34,330.69,324.72,2026-10-08,3,False
PNFP,Financials,Banks - Regional,RSI,RSI 加速上升,None,0.0,0.5525,0.3014,,0.3014,0,11488,0.0041,96.14,96.53,96.93,95.18,2026-10-06,3,False
PODD,Health Care,Medical Devices,RSI,RSI 加速上升,None,0.0,0.5525,0.3014,0.3014,0.2803,146,8492,-0.0075,134.47,133.46,132.45,133.13,2026-10-08,3,False
RYAN,Financials,Insurance - Specialty,RSI,RSI 加速上升,None,0.0,0.5525,0.3014,,0.3014,0,11488,0.0041,37.6,37.75,37.91,37.22,2026-10-07,3,False
SAN,Financials,Banks - Diversified,RSI,RSI 加速上升,None,0.0,0.5525,0.3014,,0.3014,0,11488,0.0041,13.48,13.54,13.59,13.35,2026-10-08,3,False
SPY,Financials,Asset Management,RSI,RSI 加速上升,None,0.0,0.5525,0.3014,,0.3014,0,11488,0.0041,773.93,777.1,780.28,766.19,2026-10-08,3,False
CPT,Real Estate,REIT - Residential,RSI,RSI 超賣區域 (30),None,0.0,0.5249999999999999,0.3012,,0.3012,0,166,0.0043,95.8,96.21,96.62,94.84,2026-10-07,3,False
EGP,Real Estate,REIT - Industrial,RSI,RSI 超賣區域 (30),None,0.0,0.5249999999999999,0.3012,,0.3012,0,166,0.0043,190.55,191.37,192.19,188.64,2026-10-07,3,False
GLPI,Real Estate,REIT - Specialty,RSI,RSI 超賣區域 (30),None,0.0,0.5249999999999999,0.3012,,0.3012,0,166,0.0043,37.78,37.94,38.1,37.4,2026-10-07,3,False
OHI,Real Estate,REIT - Healthcare Facilities,RSI,RSI 超賣區域 (30),None,0.0,0.5249999999999999,0.3012,,0.3012,0,166,0.0043,43.75,43.94,44.13,43.31,2026-10-07,3,False
SPG,Real Estate,REIT - Retail,RSI,RSI 超賣區域 (30),None,0.0,0.5249999999999999,0.3012,,0.3012,0,166,0.0043,197.59,198.44,199.29,195.61,2026-10-07,3,False
PPG,Materials,Specialty Chemicals,BB,價格在 BB 中軌上方,Morning Star,0.8,0.924,0.3008,,0.3008,0,133,0.0083,106.52,107.4,108.29,105.45,2026-10-06,3,False
CSX,Industrials,Railroads,BB,價格在 BB 中軌上方,None,0.0,0.425,0.3006,0.3006,0.295,336,22337,0.0054,47.34,47.6,47.85,46.87,2026-10-08,3,False
ENLT,Utilities,Utilities - Renewable,KDJ,KDJ 金叉,None,0.0,0.5525,0.3001,,0.3001,0,713,0.0052,67.58,67.93,68.28,66.9,2026-10-06,3,False
ECL,Materials,Specialty Chemicals,RSI,RSI 動能加速（強勢區）,Consolidation Breakout,0.77,1.0,0.3,0.3,0.2478,20,230,0.0049,281.69,283.07,284.45,278.87,2026-10-08,3,False
ARE,Real Estate,REIT - Office,KDJ,KDJ 超賣區金叉,None,0.0,0.5599999999999999,0.3,0.3,0.2366,20,448,-0.0063,45.6,45.31,45.03,45.14,2026-10-08,3,False
AEE,Utilities,Utilities - Regulated Electric,RSI,RSI 加速上升,None,0.0,0.5525,0.3,0.3,0.3147,10,251,0.0053,101.32,101.86,102.39,100.31,2026-10-07,3,True
BLDR,Industrials,Building Products & Equipment,RSI,RSI 超賣區域 (30),None,0.0,0.5249999999999999,0.3,0.3,0.3086,10,337,0.0248,53.55,54.88,56.21,53.01,2026-10-07,3,False
KIM,Real Estate,REIT - Retail,RSI,RSI 維持超賣,None,0.0,0.385,0.3,0.3,0.2861,10,346,0.0031,21.85,21.92,21.99,21.63,2026-10-07,3,False
IHG,Consumer Discretionary,Lodging,RSI,RSI 維持強勢 (50-70),None,0.0,0.51,0.2995,,0.2995,0,10441,0.0032,159.48,159.99,160.5,157.89,2026-10-08,3,False
DLR,Real Estate,REIT - Specialty,RSI,RSI 維持強勢 (50-70),None,0.0,0.51,0.299,0.299,0.2509,301,7011,0.0013,184.65,184.89,185.13,182.8,2026-10-06,3,False
AEIS,Industrials,Electrical Equipment & Parts,RSI,RSI 維持強勢 (50-70),None,0.0,0.51,0.2986,,0.2986,0,19157,0.0036,292.25,293.3,294.35,289.33,2026-10-07,3,False
AIT,Industrials,Industrial Distribution,RSI,RSI 維持強勢 (50-70),None,0.0,0.51,0.2986,,0.2986,0,19157,0.0036,334.58,335.78,336.99,331.23,2026-10-07,3,False
APG,Industrials,Engineering & Construction,RSI,RSI 維持強勢 (50-70),None,0.0,0.51,0.2986,,0.2986,0,19157,0.0036,39.98,40.12,40.27,39.58,2026-10-08,3,False
CLH,Industrials,Waste Management,RSI,RSI 維持強勢 (50-70),None,0.0,0.51,0.2986,,0.2986,0,19157,0.0036,317.34,318.48,319.62,314.17,2026-10-08,3,False
CNH,Industrials,Farm & Heavy Construction Machinery,RSI,RSI 維持強勢 (50-70),None,0.0,0.51,0.2986,,0.2986,0,19157,0.0036,13.27,13.32,13.37,13.14,2026-10-06,3,False
CR,Industrials,Specialty Industrial Machinery,RSI,RSI 維持強勢 (50-70),None,0.0,0.51,0.2986,,0.2986,0,19157,0.0036,208.92,209.67,210.42,206.83,2026-10-06,3,False
DCI,Industrials,Specialty Industrial Machinery,RSI,RSI 維持強勢 (50-70),None,0.0,0.51,0.2986,,0.2986,0,19157,0.0036,90.11,90.43,90.76,89.21,2026-10-06,3,False
FPS,Industrials,Electrical Equipment & Parts,RSI,RSI 維持強勢 (50-70),None,0.0,0.51,0.2986,,0.2986,0,19157,0.0036,39.8,39.94,40.09,39.4,2026-10-08,3,False
GFL,Industrials,Waste Management,RSI,RSI 維持強勢 (50-70),None,0.0,0.51,0.2986,,0.2986,0,19157,0.0036,42.33,42.48,42.63,41.91,2026-10-08,3,False
ITT,Industrials,Specialty Industrial Machinery,RSI,RSI 維持強勢 (50-70),None,0.0,0.51,0.2986,,0.2986,0,19157,0.0036,207.31,208.06,208.8,205.24,2026-10-06,3,False
MLI,Industrials,Metal Fabrication,RSI,RSI 維持強勢 (50-70),None,0.0,0.51,0.2986,,0.2986,0,19157,0.0036,63.13,63.36,63.58,62.5,2026-10-06,3,False
POWL,Industrials,Electrical Equipment & Parts,RSI,RSI 維持強勢 (50-70),None,0.0,0.51,0.2986,,0.2986,0,19157,0.0036,197.74,198.45,199.16,195.76,2026-10-07,3,False
RBC,Industrials,Tools & Accessories,RSI,RSI 維持強勢 (50-70),None,0.0,0.51,0.2986,,0.2986,0,19157,0.0036,514.18,516.03,517.88,509.04,2026-10-06,3,False
RKLB,Industrials,Aerospace & Defense,RSI,RSI 維持強勢 (50-70),None,0.0,0.51,0.2986,,0.2986,0,19157,0.0036,71.92,72.18,72.44,71.2,2026-10-07,3,False
RRX,Industrials,Specialty Industrial Machinery,RSI,RSI 維持強勢 (50-70),None,0.0,0.51,0.2986,,0.2986,0,19157,0.0036,164.17,164.76,165.35,162.53,2026-10-07,3,False
SPCX,Industrials,Aerospace & Defense,RSI,RSI 維持強勢 (50-70),None,0.0,0.51,0.2986,,0.2986,0,19157,0.0036,160.57,161.15,161.73,158.96,2026-10-08,3,False
STRL,Industrials,Engineering & Construction,RSI,RSI 維持強勢 (50-70),None,0.0,0.51,0.2986,,0.2986,0,19157,0.0036,518.41,520.28,522.14,513.23,2026-10-08,3,False
SUNB,Industrials,Rental & Leasing Services,RSI,RSI 維持強勢 (50-70),None,0.0,0.51,0.2986,,0.2986,0,19157,0.0036,74.85,75.12,75.39,74.1,2026-10-08,3,False
VMI,Industrials,Conglomerates,RSI,RSI 維持強勢 (50-70),None,0.0,0.51,0.2986,,0.2986,0,19157,0.0036,486.89,488.64,490.4,482.02,2026-10-06,3,False
WTS,Industrials,Specialty Industrial Machinery,RSI,RSI 維持強勢 (50-70),None,0.0,0.51,0.2986,,0.2986,0,19157,0.0036,362.45,363.75,365.06,358.83,2026-10-06,3,False
XPO,Industrials,Trucking,RSI,RSI 維持強勢 (50-70),None,0.0,0.51,0.2986,,0.2986,0,19157,0.0036,183.49,184.15,184.81,181.66,2026-10-06,3,False
AS,Consumer Discretionary,Leisure,BB,價格在 BB 中軌上方,None,0.0,0.425,0.2984,,0.2984,0,12430,0.0031,27.45,27.54,27.62,27.18,2026-10-08,3,False
DKS,Consumer Discretionary,Specialty Retail,BB,價格在 BB 中軌上方,None,0.0,0.425,0.2984,,0.2984,0,12430,0.0031,134.63,135.05,135.46,133.28,2026-10-08,3,False
FER,Industrials,Engineering & Construction,RSI,RSI 維持超賣,None,0.0,0.385,0.2983,,0.2983,0,848,0.0072,50.29,50.65,51.01,49.79,2026-10-08,3,False
KVUE,Consumer Staples,Household & Personal Products,BB,價格在 BB 中軌上方,None,0.0,0.425,0.2982,0.2982,0.2432,228,8891,0.0033,17.73,17.79,17.85,17.55,2026-10-08,3,False
CP,Industrials,Railroads,RSI,RSI 加速上升,None,0.0,0.5525,0.2981,,0.2981,0,11545,0.003,84.35,84.6,84.86,83.51,2026-10-08,3,False
CRS,Industrials,Metal Fabrication,RSI,RSI 加速上升,None,0.0,0.5525,0.2981,,0.2981,0,11545,0.003,387.1,388.26,389.42,383.23,2026-10-08,3,False
DY,Industrials,Engineering & Construction,RSI,RSI 加速上升,None,0.0,0.5525,0.2981,,0.2981,0,11545,0.003,277.21,278.04,278.87,274.44,2026-10-08,3,False
GPN,Industrials,Specialty Business Services,RSI,RSI 加速上升,None,0.0,0.5525,0.2981,,0.2981,0,11545,0.003,82.77,83.02,83.27,81.94,2026-10-08,3,False
MTZ,Industrials,Engineering & Construction,RSI,RSI 加速上升,None,0.0,0.5525,0.2981,,0.2981,0,11545,0.003,223.37,224.04,224.71,221.14,2026-10-07,3,False
R,Industrials,Rental & Leasing Services,RSI,RSI 加速上升,None,0.0,0.5525,0.2981,,0.2981,0,11545,0.003,235.18,235.89,236.59,232.83,2026-10-08,3,False
SPXC,Industrials,Building Products & Equipment,RSI,RSI 加速上升,None,0.0,0.5525,0.2981,,0.2981,0,11545,0.003,170.62,171.13,171.64,168.91,2026-10-07,3,False
ZTO,Industrials,Integrated Freight & Logistics,RSI,RSI 加速上升,None,0.0,0.5525,0.2981,,0.2981,0,11545,0.003,19.9,19.96,20.02,19.7,2026-10-08,3,False
PEG,Utilities,Utilities - Regulated Electric,RSI,RSI 上穿 50 中性線,None,0.0,0.4675,0.2979,,0.2979,0,47,0.0121,71.73,72.6,73.47,71.01,2026-10-06,3,True
AVY,Consumer Discretionary,Packaging & Containers,BB,BB 跌破下軌 (超賣),None,0.0,0.45499999999999996,0.2974,,0.2974,0,733,0.0008,166.97,167.1,167.24,165.3,2026-10-07,3,False
REGN,Health Care,Biotechnology,KDJ,KDJ 金叉,None,0.0,0.5525,0.2973,0.2973,0.2852,37,1536,0.001,739.57,740.31,741.05,732.17,2026-10-08,3,False
AWK,Utilities,Utilities - Regulated Water,RSI,RSI 加速上升,None,0.0,0.5525,0.2953,0.2953,0.2565,149,4905,0.0054,128.18,128.87,129.56,126.9,2026-10-08,3,False
CSL,Industrials,Building Products & Equipment,BB,價格在 BB 中軌上方,None,0.0,0.425,0.295,,0.295,0,22337,0.0034,325.74,326.85,327.96,322.48,2026-10-06,3,False
FERG,Industrials,Industrial Distribution,BB,價格在 BB 中軌上方,None,0.0,0.425,0.295,,0.295,0,22337,0.0034,223.33,224.09,224.85,221.1,2026-10-06,3,False
MAIR,Industrials,Building Products & Equipment,BB,價格在 BB 中軌上方,None,0.0,0.425,0.295,,0.295,0,22337,0.0034,24.6,24.68,24.77,24.35,2026-10-06,3,False
WWD,Industrials,Aerospace & Defense,BB,價格在 BB 中軌上方,None,0.0,0.425,0.295,,0.295,0,22337,0.0034,332.56,333.69,334.82,329.23,2026-10-06,3,False
CBRE,Real Estate,Real Estate Services,RSI,RSI 加速上升,None,0.0,0.5525,0.2941,0.2941,0.2327,153,4401,0.0049,131.08,131.72,132.36,129.77,2026-10-08,3,False
CTSH,Information Technology,Information Technology Services,RSI,RSI 上穿 50 中性線,None,0.0,0.4675,0.2941,0.2941,0.3785,17,1593,0.0125,60.01,60.76,61.51,59.41,2026-10-08,3,False
ADBE,Information Technology,Software - Application,MACD,MACD 金叉 (空頭區),None,0.0,0.42,0.2941,0.2941,0.3767,17,754,0.003,241.05,241.77,242.5,238.64,2026-10-08,3,False
AJG,Financials,Insurance Brokers,MACD,MACD 金叉 (空頭區),None,0.0,0.42,0.2941,0.2941,0.3214,17,865,-0.001,234.05,233.82,233.58,231.71,2026-10-08,3,False
TRV,Financials,Insurance - Property & Casualty,MACD,MACD 金叉 (空頭區),None,0.0,0.42,0.2941,0.2941,0.3214,17,865,0.0046,370.27,371.97,373.68,366.57,2026-10-08,3,False
ES,Utilities,Utilities - Regulated Electric,RSI,RSI 加速上升,None,0.0,0.5525,0.293,0.293,0.2565,157,4905,0.0005,65.69,65.72,65.76,65.03,2026-10-08,3,False
PCG,Utilities,Utilities - Regulated Electric,RSI,RSI 加速上升,None,0.0,0.5525,0.2929,0.2929,0.2565,140,4905,0.0082,12.67,12.77,12.88,12.54,2026-10-08,3,False
DHR,Health Care,Diagnostics & Research,RSI,RSI 加速上升,None,0.0,0.5525,0.2917,0.2917,0.2803,120,8492,0.002,217.46,217.89,218.33,215.29,2026-10-08,3,False
HPQ,Information Technology,Computer Hardware,RSI,RSI 上穿 50 中性線,None,0.0,0.4675,0.2917,0.2917,0.3785,24,1593,0.0131,31.73,32.15,32.56,31.41,2026-10-06,3,False
ABBV,Health Care,Drug Manufacturers - General,BB,BB 中軌向上（上升趨勢）,None,0.0,0.51,0.2876,0.2876,0.2705,226,10885,0.006,272.42,274.05,275.69,269.7,2026-10-08,3,False
ADSK,Information Technology,Software - Application,RSI,RSI 加速上升,None,0.0,0.5525,0.2868,0.2868,0.3693,129,10688,-0.004,233.6,232.67,231.73,231.26,2026-10-08,3,False
WPC,Real Estate,REIT - Diversified,RSI,RSI 維持超賣,None,0.0,0.385,0.2861,,0.2861,0,346,0.0018,63.13,63.24,63.36,62.5,2026-10-08,3,False
SCCO,Materials,Copper,RSI,RSI 維持強勢 (50-70),None,0.0,0.51,0.286,,0.286,0,5721,0.0013,204.26,204.53,204.79,202.22,2026-10-06,3,False
EXPD,Industrials,Integrated Freight & Logistics,RSI,RSI 動能加速（強勢區）,None,0.0,0.51,0.2857,0.2857,0.2891,35,3037,-0.0007,193.71,193.57,193.44,191.77,2026-10-08,3,False
MSFT,Information Technology,Software - Infrastructure,BB,BB 中軌向上（上升趨勢）,None,0.0,0.51,0.2857,0.2857,0.3639,217,16781,0.003,522.61,524.18,525.75,517.38,2026-10-08,3,False
AMGN,Health Care,Drug Manufacturers - General,RSI,RSI 上穿 50 中性線,None,0.0,0.4675,0.2857,0.2857,0.3144,21,1323,0.0067,413.08,415.85,418.62,408.95,2026-10-07,3,False
DUK,Utilities,Utilities - Regulated Electric,RSI,RSI 上穿 50 中性線,None,0.0,0.4675,0.2857,0.2857,0.2521,28,932,0.0091,116.84,117.9,118.97,115.67,2026-10-08,3,False
EVRG,Utilities,Utilities - Regulated Electric,RSI,RSI 上穿 50 中性線,None,0.0,0.4675,0.2857,0.2857,0.2521,28,932,0.0079,80.35,80.98,81.62,79.55,2026-10-06,3,False
TSCO,Consumer Discretionary,Specialty Retail,RSI,RSI 上穿 50 中性線,None,0.0,0.4675,0.2857,0.2857,0.3072,21,1123,0.0029,33.48,33.58,33.67,33.15,2026-10-08,3,False
HUM,Health Care,Healthcare Plans,BB,價格在 BB 中軌上方,None,0.0,0.425,0.2857,0.2857,0.365,7,715,-0.0223,396.51,387.67,378.83,392.54,2026-10-07,3,True
PNC,Financials,Banks - Regional,RSI,RSI 維持超賣,None,0.0,0.385,0.2857,0.2857,0.4547,7,508,0.0168,219.68,223.37,227.06,217.48,2026-10-08,3,False
AZN,Health Care,Drug Manufacturers - General,KDJ,KDJ 金叉,None,0.0,0.5525,0.2852,,0.2852,0,1536,0.0022,160.12,160.47,160.82,158.52,2026-10-07,3,False
IONS,Health Care,Biotechnology,KDJ,KDJ 金叉,None,0.0,0.5525,0.2852,,0.2852,0,1536,0.0022,44.16,44.26,44.35,43.72,2026-10-07,3,False
KRYS,Health Care,Biotechnology,KDJ,KDJ 金叉,None,0.0,0.5525,0.2852,,0.2852,0,1536,0.0022,327.3,328.02,328.74,324.03,2026-10-08,3,False
MDGL,Health Care,Biotechnology,KDJ,KDJ 金叉,None,0.0,0.5525,0.2852,,0.2852,0,1536,0.0022,496.45,497.54,498.63,491.49,2026-10-06,3,False
IEX,Industrials,Specialty Industrial Machinery,BB,價格在 BB 中軌上方,None,0.0,0.425,0.2852,0.2852,0.295,277,22337,0.0019,231.75,232.19,232.63,229.43,2026-10-08,3,False
MNST,Consumer Staples,Beverages - Non-Alcoholic,BB,價格在 BB 中軌上方,None,0.0,0.425,0.2852,0.2852,0.2432,277,8891,0.0046,43.65,43.85,44.05,43.21,2026-10-08,3,False
AMP,Financials,Asset Management,RSI,RSI 加速上升,None,0.0,0.5525,0.2848,0.2848,0.3014,151,11488,-0.0005,499.08,498.83,498.58,494.09,2026-10-08,3,False
MFG,Financials,Banks - Regional,BB,價格在 BB 中軌上方,None,0.0,0.425,0.2847,,0.2847,0,21689,0.0031,11.15,11.18,11.22,11.04,2026-10-06,3,False
ARXS,Industrials,Aerospace & Defense,BB,BB 跌破下軌 (超賣),None,0.0,0.45499999999999996,0.2838,,0.2838,0,1258,0.0043,47.05,47.25,47.45,46.58,2026-10-07,3,False
CNI,Industrials,Railroads,BB,BB 跌破下軌 (超賣),None,0.0,0.45499999999999996,0.2838,,0.2838,0,1258,0.0043,115.75,116.25,116.75,114.59,2026-10-07,3,False
ESLT,Industrials,Aerospace & Defense,BB,BB 跌破下軌 (超賣),None,0.0,0.45499999999999996,0.2838,,0.2838,0,1258,0.0043,669.13,672.01,674.88,662.44,2026-10-07,3,False
BTSGU,Health Care,Health Information Services,MACD,MACD 突破 0 軸,Consolidation Breakout,0.73,1.0,0.2821,,0.2821,0,78,0.0042,210.9,211.79,212.67,208.79,2026-10-08,3,False
L,Financials,Insurance - Property & Casualty,RSI,RSI 上穿 50 中性線,None,0.0,0.4675,0.2821,0.2821,0.3091,39,1899,0.0096,107.6,108.63,109.67,106.52,2026-10-08,3,False
AGNCO,Real Estate,REIT - Mortgage,KDJ,KDJ 金叉,None,0.0,0.5525,0.2818,,0.2818,0,550,0.0003,25.16,25.17,25.18,24.91,2026-10-09,3,False
AMH,Real Estate,REIT - Residential,KDJ,KDJ 金叉,None,0.0,0.5525,0.2818,,0.2818,0,550,0.0003,30.49,30.5,30.51,30.19,2026-10-08,3,False
BEKE,Real Estate,Real Estate Services,KDJ,KDJ 金叉,None,0.0,0.5525,0.2818,,0.2818,0,550,0.0003,16.92,16.93,16.93,16.75,2026-10-07,3,False
LAMR,Real Estate,REIT - Specialty,KDJ,KDJ 金叉,None,0.0,0.5525,0.2818,,0.2818,0,550,0.0003,145.7,145.74,145.79,144.24,2026-10-08,3,False
EXEL,Health Care,Biotechnology,BB,價格在 BB 中軌上方,None,0.0,0.425,0.2804,,0.2804,0,14417,0.0008,59.02,59.07,59.11,58.43,2026-10-08,3,False
GMAB,Health Care,Biotechnology,BB,價格在 BB 中軌上方,None,0.0,0.425,0.2804,,0.2804,0,14417,0.0008,36.05,36.08,36.11,35.69,2026-10-08,3,False
GMED,Health Care,Medical Devices,BB,價格在 BB 中軌上方,None,0.0,0.425,0.2804,,0.2804,0,14417,0.0008,76.43,76.49,76.55,75.67,2026-10-06,3,False
ILMN,Health Care,Diagnostics & Research,BB,價格在 BB 中軌上方,None,0.0,0.425,0.2804,,0.2804,0,14417,0.0008,264.57,264.78,264.99,261.92,2026-10-08,3,False
MDLN,Health Care,Medical Instruments & Supplies,BB,價格在 BB 中軌上方,None,0.0,0.425,0.2804,,0.2804,0,14417,0.0008,35.74,35.77,35.8,35.38,2026-10-08,3,False
NTRA,Health Care,Diagnostics & Research,BB,價格在 BB 中軌上方,None,0.0,0.425,0.2804,,0.2804,0,14417,0.0008,390.79,391.1,391.42,386.88,2026-10-08,3,False
ONC,Health Care,Biotechnology,BB,價格在 BB 中軌上方,None,0.0,0.425,0.2804,,0.2804,0,14417,0.0008,364.02,364.31,364.6,360.38,2026-10-07,3,False
RDY,Health Care,Drug Manufacturers - Specialty & Generic,BB,價格在 BB 中軌上方,None,0.0,0.425,0.2804,,0.2804,0,14417,0.0008,12.27,12.28,12.29,12.15,2026-10-07,3,False
RVMD,Health Care,Biotechnology,BB,價格在 BB 中軌上方,None,0.0,0.425,0.2804,,0.2804,0,14417,0.0008,200.87,201.03,201.19,198.86,2026-10-07,3,False
SMMT,Health Care,Biotechnology,BB,價格在 BB 中軌上方,None,0.0,0.425,0.2804,,0.2804,0,14417,0.0008,17.17,17.18,17.2,17.0,2026-10-08,3,False
TEVA,Health Care,Drug Manufacturers - Specialty & Generic,BB,價格在 BB 中軌上方,None,0.0,0.425,0.2804,,0.2804,0,14417,0.0008,39.25,39.28,39.31,38.86,2026-10-08,3,False
UTHR,Health Care,Drug Manufacturers - Specialty & Generic,BB,價格在 BB 中軌上方,None,0.0,0.425,0.2804,,0.2804,0,14417,0.0008,532.78,533.21,533.63,527.45,2026-10-08,3,False
BBIO,Health Care,Biotechnology,RSI,RSI 加速上升,None,0.0,0.5525,0.2803,,0.2803,0,8492,-0.0001,66.5,66.49,66.49,65.83,2026-10-07,3,False
ELAN,Health Care,Drug Manufacturers - Specialty & Generic,RSI,RSI 加速上升,None,0.0,0.5525,0.2803,,0.2803,0,8492,-0.0001,22.54,22.54,22.54,22.31,2026-10-08,3,False
NBIX,Health Care,Drug Manufacturers - Specialty & Generic,RSI,RSI 加速上升,None,0.0,0.5525,0.2803,,0.2803,0,8492,-0.0001,143.47,143.46,143.44,142.04,2026-10-07,3,False
SNN,Health Care,Medical Devices,RSI,RSI 加速上升,None,0.0,0.5525,0.2803,,0.2803,0,8492,-0.0001,26.96,26.96,26.95,26.69,2026-10-08,3,False
MTD,Health Care,Diagnostics & Research,BB,價格在 BB 中軌上方,None,0.0,0.425,0.2802,0.2802,0.2804,207,14417,0.0022,1529.46,1532.82,1536.19,1514.17,2026-10-08,3,False
DGX,Health Care,Diagnostics & Research,KDJ,KDJ 金叉,None,0.0,0.5525,0.2778,0.2778,0.2852,18,1536,0.011,230.81,233.35,235.89,228.5,2026-10-08,3,False
AFL,Financials,Insurance - Life,RSI,RSI 上穿 50 中性線,None,0.0,0.4675,0.2759,0.2759,0.3091,29,1899,0.0053,114.94,115.55,116.16,113.79,2026-10-08,3,False
KR,Consumer Staples,Grocery Stores,RSI,RSI 上穿 50 中性線,None,0.0,0.4675,0.2759,0.2759,0.2565,29,928,0.0071,59.25,59.67,60.09,58.66,2026-10-07,3,False
MO,Consumer Staples,Tobacco,RSI,RSI 維持強勢 (50-70),None,0.0,0.51,0.2753,0.2753,0.2452,247,7574,0.0017,71.42,71.54,71.66,70.71,2026-10-08,3,False
BNTX,Health Care,Biotechnology,BB,BB 跌破下軌 (超賣),None,0.0,0.45499999999999996,0.2752,,0.2752,0,974,-0.0017,92.06,91.9,91.75,91.14,2026-10-08,3,False
PEN,Health Care,Medical Devices,BB,BB 跌破下軌 (超賣),None,0.0,0.45499999999999996,0.2752,,0.2752,0,974,-0.0017,316.35,315.81,315.27,313.19,2026-10-07,3,False
RPRX,Health Care,Biotechnology,BB,BB 跌破下軌 (超賣),None,0.0,0.45499999999999996,0.2752,,0.2752,0,974,-0.0017,56.21,56.11,56.02,55.65,2026-10-08,3,False
LMT,Industrials,Aerospace & Defense,RSI,RSI 加速上升,None,0.0,0.5525,0.2745,0.2745,0.2981,153,11545,0.0035,507.89,509.67,511.45,502.81,2026-10-08,3,False
MA,Financials,Credit Services,RSI,RSI 加速上升,None,0.0,0.5525,0.2733,0.2733,0.3014,161,11488,0.0011,574.76,575.39,576.02,569.01,2026-10-08,3,False
GEN,Information Technology,Software - Infrastructure,RSI,RSI 加速上升,None,0.0,0.5525,0.2727,0.2727,0.3693,132,10688,0.001,22.75,22.77,22.8,22.52,2026-10-08,3,False
ROP,Information Technology,Software - Application,MACD,MACD 金叉 (空頭區),None,0.0,0.42,0.2727,0.2727,0.3767,11,754,-0.0028,362.28,361.27,360.25,358.66,2026-10-06,3,False
DOV,Industrials,Specialty Industrial Machinery,RSI,RSI 加速上升,None,0.0,0.5525,0.2714,0.2714,0.2981,140,11545,0.0036,191.88,192.57,193.26,189.96,2026-10-06,3,False
ADM,Consumer Staples,Farm Products,RSI,RSI 加速上升,None,0.0,0.5525,0.2706,0.2706,0.2439,170,5343,-0.0034,82.45,82.17,81.89,81.63,2026-10-08,3,False
BRKRP,Health Care,Medical Devices,BB,BB 中軌向上（上升趨勢）,None,0.0,0.51,0.2705,,0.2705,0,10885,0.0002,432.85,432.94,433.02,428.52,2026-10-09,3,False
GH,Health Care,Diagnostics & Research,BB,BB 中軌向上（上升趨勢）,None,0.0,0.51,0.2705,,0.2705,0,10885,0.0002,165.56,165.59,165.63,163.9,2026-10-08,3,False
MEDP,Health Care,Diagnostics & Research,BB,BB 中軌向上（上升趨勢）,None,0.0,0.51,0.2705,,0.2705,0,10885,0.0002,602.7,602.82,602.94,596.67,2026-10-08,3,False
TEM,Health Care,Health Information Services,BB,BB 中軌向上（上升趨勢）,None,0.0,0.51,0.2705,,0.2705,0,10885,0.0002,69.28,69.29,69.31,68.59,2026-10-08,3,False
PSA,Real Estate,REIT - Industrial,RSI,RSI 加速上升,None,0.0,0.5525,0.2698,0.2698,0.2327,126,4401,-0.0004,285.52,285.41,285.29,282.66,2026-10-08,3,False
LHX,Industrials,Aerospace & Defense,RSI,RSI 加速上升,None,0.0,0.5525,0.269,0.269,0.2981,145,11545,0.0035,236.92,237.75,238.58,234.55,2026-10-08,3,False
CVX,Energy,Oil & Gas Integrated,BB,價格在 BB 中軌上方,None,0.0,0.425,0.2687,0.2687,0.2998,320,5768,-0.0012,211.55,211.3,211.04,209.43,2026-10-08,3,False
ETR,Utilities,Utilities - Regulated Electric,RSI,RSI 上穿 50 中性線,None,0.0,0.4675,0.2683,0.2683,0.2521,41,932,0.0065,103.25,103.92,104.59,102.22,2026-10-06,3,False
ORLY,Consumer Discretionary,Auto Parts,RSI,RSI 加速上升,None,0.0,0.5525,0.2672,0.2672,0.3117,131,6796,0.0011,86.01,86.1,86.2,85.15,2026-10-08,3,False
UNH,Health Care,Healthcare Plans,BB,價格在 BB 中軌上方,None,0.0,0.425,0.2669,0.2669,0.2804,281,14417,0.0001,375.98,376.02,376.06,372.22,2026-10-07,3,False
PNR,Industrials,Specialty Industrial Machinery,RSI,RSI 維持超賣,None,0.0,0.385,0.2667,0.2667,0.2983,15,848,0.0009,52.3,52.35,52.39,51.78,2026-10-08,3,False
DTE,Utilities,Utilities - Regulated Electric,RSI,RSI 加速上升,None,0.0,0.5525,0.2652,0.2652,0.2565,132,4905,0.0054,127.1,127.79,128.47,125.83,2026-10-08,3,False
COO,Health Care,Medical Instruments & Supplies,BB,價格在 BB 中軌上方,None,0.0,0.425,0.2648,0.2648,0.2804,219,14417,-0.0043,56.43,56.19,55.94,55.87,2026-10-06,3,False
CPRT,Industrials,Specialty Business Services,RSI,RSI 加速上升,Bullish Engulfing,0.75,1.0,0.2642,,0.2642,0,53,-0.0007,27.48,27.46,27.44,27.21,2026-10-08,3,False
J,Industrials,Engineering & Construction,RSI,RSI 加速上升,Bullish Engulfing,0.75,1.0,0.2642,,0.2642,0,53,-0.0007,136.35,136.25,136.16,134.99,2026-10-07,3,False
EXC,Utilities,Utilities - Regulated Electric,RSI,RSI 加速上升,None,0.0,0.5525,0.2632,0.2632,0.2565,133,4905,0.0045,41.73,41.92,42.11,41.31,2026-10-08,3,False
NSC,Industrials,Railroads,BB,價格在 BB 中軌上方,None,0.0,0.425,0.2612,0.2612,0.295,245,22337,0.0038,316.99,318.19,319.4,313.82,2026-10-08,3,False
CCI,Real Estate,REIT - Specialty,RSI,RSI 加速上升,None,0.0,0.5525,0.2606,0.2606,0.2327,142,4401,-0.0032,68.89,68.67,68.45,68.2,2026-10-08,3,False
PGR,Financials,Insurance - Property & Casualty,BB,價格在 BB 中軌上方,None,0.0,0.425,0.2593,0.2593,0.2847,297,21689,0.0037,218.73,219.54,220.35,216.54,2026-10-08,3,False
ZTS,Health Care,Drug Manufacturers - Specialty & Generic,RSI,RSI 加速上升,None,0.0,0.5525,0.259,0.259,0.2803,139,8492,-0.0018,73.08,72.95,72.82,72.35,2026-10-08,3,False
ICE,Financials,Financial Data & Stock Exchanges,RSI,RSI 維持強勢 (50-70),None,0.0,0.51,0.258,0.258,0.2842,283,19108,0.005,155.35,156.13,156.9,153.8,2026-10-08,3,False
PRU,Financials,Insurance - Life,RSI,RSI 加速上升,None,0.0,0.5525,0.2579,0.2579,0.3014,159,11488,-0.0002,113.53,113.51,113.48,112.39,2026-10-08,3,False
SRE,Utilities,Utilities - Diversified,RSI,RSI 加速上升,None,0.0,0.5525,0.2569,0.2569,0.2565,144,4905,-0.0054,80.08,79.65,79.22,79.28,2026-10-08,3,False
BEP,Utilities,Utilities - Renewable,RSI,RSI 加速上升,None,0.0,0.5525,0.2565,,0.2565,0,4905,0.0041,29.29,29.41,29.53,29.0,2026-10-08,3,False
BEPC,Utilities,Utilities - Renewable,RSI,RSI 加速上升,None,0.0,0.5525,0.2565,,0.2565,0,4905,0.0041,29.38,29.5,29.62,29.09,2026-10-08,3,False
BIP,Utilities,Utilities - Diversified,RSI,RSI 加速上升,None,0.0,0.5525,0.2565,,0.2565,0,4905,0.0041,36.89,37.04,37.19,36.52,2026-10-08,3,False
KEP,Utilities,Utilities - Regulated Electric,RSI,RSI 加速上升,None,0.0,0.5525,0.2565,,0.2565,0,4905,0.0041,11.32,11.37,11.41,11.21,2026-10-06,3,False
NGG,Utilities,Utilities - Regulated Electric,RSI,RSI 加速上升,None,0.0,0.5525,0.2565,,0.2565,0,4905,0.0041,77.11,77.43,77.74,76.34,2026-10-08,3,False
OGE,Utilities,Utilities - Regulated Electric,RSI,RSI 加速上升,None,0.0,0.5525,0.2565,,0.2565,0,4905,0.0041,46.11,46.3,46.49,45.65,2026-10-08,3,False
PPLC,Utilities,Utilities - Regulated Electric,RSI,RSI 加速上升,None,0.0,0.5525,0.2565,,0.2565,0,4905,0.0041,45.86,46.05,46.24,45.4,2026-10-08,3,False
SOMN,Utilities,Utilities - Regulated Electric,RSI,RSI 加速上升,None,0.0,0.5525,0.2565,,0.2565,0,4905,0.0041,46.04,46.23,46.42,45.58,2026-10-09,3,False
BTI,Consumer Staples,Tobacco,RSI,RSI 上穿 50 中性線,None,0.0,0.4675,0.2565,,0.2565,0,928,0.0005,55.43,55.46,55.49,54.88,2026-10-08,3,False
BUD,Consumer Staples,Beverages - Brewers,RSI,RSI 上穿 50 中性線,None,0.0,0.4675,0.2565,,0.2565,0,928,0.0005,77.41,77.45,77.49,76.64,2026-10-08,3,False
CCEP,Consumer Staples,Beverages - Non-Alcoholic,RSI,RSI 上穿 50 中性線,None,0.0,0.4675,0.2565,,0.2565,0,928,0.0005,103.64,103.69,103.74,102.6,2026-10-08,3,False
COKE,Consumer Staples,Beverages - Non-Alcoholic,RSI,RSI 上穿 50 中性線,None,0.0,0.4675,0.2565,,0.2565,0,928,0.0005,191.86,191.96,192.05,189.94,2026-10-08,3,False
DEO,Consumer Staples,Beverages - Wineries & Distilleries,RSI,RSI 上穿 50 中性線,None,0.0,0.4675,0.2565,,0.2565,0,928,0.0005,86.98,87.02,87.07,86.11,2026-10-08,3,False
UL,Consumer Staples,Household & Personal Products,RSI,RSI 上穿 50 中性線,None,0.0,0.4675,0.2565,,0.2565,0,928,0.0005,61.94,61.97,62.0,61.32,2026-10-08,3,False
USFD,Consumer Staples,Food Distribution,RSI,RSI 上穿 50 中性線,None,0.0,0.4675,0.2565,,0.2565,0,928,0.0005,97.12,97.17,97.22,96.15,2026-10-08,3,False
CL,Consumer Staples,Household & Personal Products,RSI,RSI 加速上升,None,0.0,0.5525,0.2564,0.2564,0.2439,156,5343,0.0014,88.1,88.22,88.35,87.22,2026-10-08,3,False
EDU,Consumer Staples,Education & Training Services,MACD,MACD 金叉 (多頭區),None,0.0,0.68,0.2554,,0.2554,0,184,-0.0001,57.11,57.1,57.1,56.54,2026-10-06,3,False
HON,Industrials,Conglomerates,BB,BB 中軌向上（上升趨勢）,None,0.0,0.51,0.2552,0.2552,0.2929,192,17460,-0.0004,206.6,206.52,206.43,204.53,2026-10-08,3,False
MICC,Consumer Staples,Packaged Foods,RSI,RSI 超賣區域 (30),None,0.0,0.5249999999999999,0.251,,0.251,0,239,-0.0007,16.96,16.95,16.94,16.79,2026-10-07,3,False
AGNCL,Real Estate,REIT - Mortgage,RSI,RSI 維持強勢 (50-70),None,0.0,0.51,0.2509,,0.2509,0,7011,0.0007,25.15,25.17,25.19,24.9,2026-10-06,3,False
FMX,Consumer Staples,Beverages - Brewers,KDJ,KDJ 金叉,None,0.0,0.5525,0.2503,,0.2503,0,779,-0.0014,116.98,116.82,116.65,115.81,2026-10-06,3,False
OKE,Energy,Oil & Gas Midstream,RSI,RSI 加速上升,None,0.0,0.5525,0.25,0.25,0.3227,160,3306,-0.0022,90.29,90.09,89.89,89.39,2026-10-08,3,False
XYL,Industrials,Specialty Industrial Machinery,RSI,RSI 加速上升,None,0.0,0.5525,0.25,0.25,0.2981,152,11545,0.0014,101.99,102.13,102.28,100.97,2026-10-08,3,False
CAG,Consumer Staples,Packaged Foods,RSI,RSI 超賣區域 (30),None,0.0,0.5249999999999999,0.25,0.25,0.251,12,239,-0.0031,13.25,13.21,13.17,13.12,2026-10-07,3,False
KO,Consumer Staples,Beverages - Non-Alcoholic,RSI,RSI 上穿 50 中性線,None,0.0,0.4675,0.25,0.25,0.2565,32,928,0.0073,87.77,88.41,89.05,86.89,2026-10-08,3,False
ALL,Financials,Insurance - Property & Casualty,MACD,MACD 金叉 (空頭區),None,0.0,0.42,0.25,0.25,0.3214,8,865,-0.0011,230.63,230.38,230.12,228.32,2026-10-08,3,False
WTW,Financials,Insurance Brokers,MACD,MACD 金叉 (空頭區),None,0.0,0.42,0.25,0.25,0.3214,12,865,-0.013,297.86,293.99,290.12,294.88,2026-10-08,3,False
MKC,Consumer Staples,Packaged Foods,RSI,RSI 加速上升,None,0.0,0.5525,0.2471,0.2471,0.2439,170,5343,-0.0015,45.94,45.87,45.8,45.48,2026-10-08,3,False
TSN,Consumer Staples,Farm Products,BB,價格在 BB 中軌上方,None,0.0,0.425,0.245,0.245,0.2432,249,8891,-0.0007,52.34,52.3,52.27,51.82,2026-10-08,3,False
PFGC,Consumer Staples,Food Distribution,RSI,RSI 加速上升,None,0.0,0.5525,0.2439,,0.2439,0,5343,-0.0002,94.72,94.7,94.68,93.77,2026-10-08,3,False
SYK,Health Care,Medical Devices,RSI,RSI 加速上升,None,0.0,0.5525,0.2434,0.2434,0.2803,152,8492,-0.0002,276.97,276.91,276.86,274.2,2026-10-08,3,False
LIN,Materials,Specialty Chemicals,BB,BB 中軌向上（上升趨勢）,None,0.0,0.51,0.2419,0.2419,0.2853,186,5036,0.0042,481.7,483.72,485.75,476.88,2026-10-08,3,False
APD,Materials,Specialty Chemicals,RSI,RSI 加速上升,None,0.0,0.5525,0.2414,0.2414,0.3048,145,3639,-0.0001,278.38,278.35,278.32,275.6,2026-10-08,3,False
NWSA,Communication Services,Entertainment,RSI,RSI 加速上升,None,0.0,0.5525,0.2414,0.2414,0.3116,145,3322,0.0018,28.97,29.02,29.07,28.68,2026-10-08,3,False
ZBH,Health Care,Medical Devices,RSI,RSI 加速上升,None,0.0,0.5525,0.2414,0.2414,0.2803,145,8492,-0.0002,88.88,88.86,88.84,87.99,2026-10-08,3,False
IBM,Information Technology,Information Technology Services,KDJ,KDJ 金叉,Bullish Engulfing,0.75,1.0,0.2391,,0.2391,0,92,-0.0121,226.61,223.87,221.13,224.34,2026-10-08,3,False
CNP,Utilities,Utilities - Regulated Electric,RSI,RSI 維持強勢 (50-70),None,0.0,0.51,0.2388,0.2388,0.2471,289,8831,0.0036,38.42,38.56,38.7,38.04,2026-10-08,3,False
LH,Health Care,Diagnostics & Research,BB,價格在 BB 中軌上方,None,0.0,0.425,0.2387,0.2387,0.2804,222,14417,0.0,314.2,314.2,314.2,311.06,2026-10-08,3,False
V,Financials,Credit Services,BB,價格在 BB 中軌上方,None,0.0,0.425,0.2378,0.2378,0.2847,307,21689,0.001,375.1,375.48,375.85,371.35,2026-10-08,3,False
MCK,Health Care,Medical Distribution,BB,BB 中軌向上（上升趨勢）,None,0.0,0.51,0.2377,0.2377,0.2705,265,10885,0.0036,930.25,933.6,936.95,920.95,2026-10-08,3,False
NWS,Communication Services,Entertainment,RSI,RSI 加速上升,None,0.0,0.5525,0.2374,0.2374,0.3116,139,3322,0.0021,31.92,31.99,32.05,31.6,2026-10-08,3,False
SPGI,Financials,Financial Data & Stock Exchanges,RSI,RSI 加速上升,None,0.0,0.5525,0.236,0.236,0.3014,161,11488,0.0044,402.73,404.5,406.27,398.7,2026-10-08,3,False
KMB,Consumer Staples,Household & Personal Products,MACD,MACD 金叉 (空頭區),None,0.0,0.42,0.2353,0.2353,0.241,17,473,-0.0012,96.77,96.65,96.54,95.8,2026-10-06,3,False
WEC,Utilities,Utilities - Regulated Electric,BB,價格在 BB 中軌上方,None,0.0,0.425,0.2348,0.2348,0.246,264,9864,0.0012,103.61,103.73,103.86,102.57,2026-10-08,3,False
APP,Communication Services,Advertising Agencies,KDJ,KDJ 超賣區金叉,None,0.0,0.5599999999999999,0.2339,,0.2339,0,171,-0.0015,278.78,278.36,277.94,275.99,2026-10-06,3,False
OMC,Communication Services,Advertising Agencies,BB,價格在 BB 中軌上方,None,0.0,0.425,0.2328,0.2328,0.3007,232,6080,-0.0002,76.45,76.43,76.42,75.69,2026-10-08,3,False
ELS,Real Estate,REIT - Residential,RSI,RSI 加速上升,None,0.0,0.5525,0.2327,,0.2327,0,4401,-0.0006,58.5,58.46,58.43,57.91,2026-10-08,3,False
LINE,Real Estate,REIT - Industrial,RSI,RSI 加速上升,None,0.0,0.5525,0.2327,,0.2327,0,4401,-0.0006,34.44,34.42,34.4,34.1,2026-10-08,3,False
SUI,Real Estate,REIT - Residential,RSI,RSI 加速上升,None,0.0,0.5525,0.2327,,0.2327,0,4401,-0.0006,111.8,111.73,111.67,110.68,2026-10-08,3,False
WM,Industrials,Waste Management,BB,價格在 BB 中軌上方,None,0.0,0.425,0.2316,0.2316,0.295,272,22337,0.0008,210.1,210.27,210.44,208.0,2026-10-08,3,False
NI,Utilities,Utilities - Regulated Gas,RSI,RSI 上穿 50 中性線,None,0.0,0.4675,0.2308,0.2308,0.2521,39,932,0.0063,40.67,40.93,41.18,40.26,2026-10-06,3,False
AOS,Industrials,Specialty Industrial Machinery,BB,BB 跌破下軌 (超賣),None,0.0,0.45499999999999996,0.2308,0.2308,0.2838,13,1258,0.0065,55.34,55.7,56.06,54.79,2026-10-07,3,False
SBAC,Real Estate,REIT - Specialty,RSI,RSI 加速上升,None,0.0,0.5525,0.2302,0.2302,0.2327,126,4401,-0.0066,170.01,168.89,167.77,168.31,2026-10-08,3,False
VLTO,Industrials,Pollution & Treatment Controls,BB,價格在 BB 中軌上方,None,0.0,0.425,0.2292,0.2292,0.295,253,22337,0.0002,96.48,96.5,96.52,95.52,2026-10-08,3,False
BDX,Health Care,Medical Instruments & Supplies,RSI,RSI 上穿 50 中性線,None,0.0,0.4675,0.2286,0.2286,0.3144,35,1323,0.0026,182.75,183.23,183.7,180.92,2026-10-08,3,False
TJX,Consumer Discretionary,Apparel Retail,RSI,RSI 維持強勢 (50-70),None,0.0,0.51,0.2269,0.2269,0.2995,335,10441,0.0027,138.75,139.12,139.5,137.36,2026-10-08,3,False
STE,Health Care,Medical Devices,BB,價格在 BB 中軌上方,None,0.0,0.425,0.2235,0.2235,0.2804,170,14417,0.0018,210.76,211.14,211.52,208.65,2026-10-08,3,False
EA,Communication Services,Electronic Gaming & Multimedia,BB,價格在 BB 中軌上方,None,0.0,0.425,0.2231,0.2231,0.3007,242,6080,0.0014,209.7,209.99,210.29,207.6,2026-08-07,3,False
PG,Consumer Staples,Household & Personal Products,MACD,MACD 金叉 (多頭區),None,0.0,0.68,0.2222,0.2222,0.2554,9,184,-0.0014,147.82,147.61,147.41,146.34,2026-10-07,3,False
CLX,Consumer Staples,Household & Personal Products,RSI,RSI 加速上升,None,0.0,0.5525,0.2222,0.2222,0.2439,144,5343,-0.0051,83.44,83.01,82.59,82.61,2026-10-08,3,False
ED,Utilities,Utilities - Regulated Electric,RSI,RSI 上穿 50 中性線,None,0.0,0.4675,0.2222,0.2222,0.2521,27,932,0.0062,105.99,106.65,107.3,104.93,2026-10-08,3,False
TYL,Information Technology,Software - Application,MACD,MACD 金叉 (空頭區),None,0.0,0.42,0.2222,0.2222,0.3767,18,754,0.0041,331.15,332.51,333.87,327.84,2026-10-08,3,False
ESS,Real Estate,REIT - Residential,BB,價格在 BB 中軌上方,None,0.0,0.425,0.2188,0.2188,0.248,288,8032,-0.0009,272.49,272.24,272.0,269.77,2026-10-06,3,False
NDSN,Industrials,Specialty Industrial Machinery,BB,價格在 BB 中軌上方,None,0.0,0.425,0.2164,0.2164,0.295,268,22337,-0.0002,326.87,326.8,326.74,323.6,2026-10-08,3,False
CHD,Consumer Staples,Household & Personal Products,RSI,RSI 加速上升,None,0.0,0.5525,0.216,0.216,0.2439,162,5343,-0.001,97.73,97.63,97.53,96.75,2026-10-08,3,False
UPS,Industrials,Integrated Freight & Logistics,MACD,MACD 金叉 (空頭區),Bullish Engulfing,0.75,0.945,0.2143,,0.2143,0,14,-0.0058,94.13,93.58,93.04,93.19,2026-10-08,3,False
INCY,Health Care,Biotechnology,BB,BB 跌破下軌 (超賣),None,0.0,0.45499999999999996,0.2143,0.2143,0.2752,14,974,-0.0049,112.73,112.18,111.63,111.6,2026-10-06,3,False
CMS,Utilities,Utilities - Regulated Electric,BB,價格在 BB 中軌上方,None,0.0,0.425,0.2131,0.2131,0.246,291,9864,0.0029,65.34,65.53,65.72,64.69,2026-10-08,3,False
PPL,Utilities,Utilities - Regulated Electric,RSI,RSI 加速上升,None,0.0,0.5525,0.2101,0.2101,0.2565,138,4905,0.0052,34.1,34.28,34.45,33.76,2026-10-08,3,False
MSI,Information Technology,Communication Equipment,RSI,RSI 加速上升,None,0.0,0.5525,0.2096,0.2096,0.3693,167,10688,-0.003,456.28,454.91,453.54,451.72,2026-10-06,3,False
WST,Health Care,Medical Instruments & Supplies,BB,BB 中軌向上（上升趨勢）,None,0.0,0.51,0.2086,0.2086,0.2705,187,10885,-0.0036,363.27,361.96,360.65,359.64,2026-10-08,3,False
WRB,Financials,Insurance - Property & Casualty,RSI,RSI 維持強勢 (50-70),None,0.0,0.51,0.2083,0.2083,0.2842,288,19108,0.0013,72.05,72.14,72.24,71.33,2026-10-08,3,False
RSG,Industrials,Waste Management,RSI,RSI 維持強勢 (50-70),None,0.0,0.51,0.2077,0.2077,0.2986,260,19157,0.0022,216.84,217.32,217.79,214.67,2026-10-08,3,False
SJM,Consumer Staples,Packaged Foods,RSI,RSI 加速上升,None,0.0,0.5525,0.2049,0.2049,0.2439,122,5343,0.0017,119.41,119.61,119.82,118.22,2026-10-08,3,False
GPC,Consumer Discretionary,Auto Parts,RSI,RSI 加速上升,None,0.0,0.5525,0.2038,0.2038,0.3117,157,6796,-0.0061,128.17,127.39,126.61,126.89,2026-10-08,3,False
VZ,Communication Services,Telecom Services,RSI,RSI 加速上升,None,0.0,0.5525,0.2028,0.2028,0.3116,143,3322,-0.001,46.35,46.3,46.26,45.89,2026-10-08,3,False
LNT,Utilities,Utilities - Regulated Electric,RSI,RSI 加速上升,None,0.0,0.5525,0.2025,0.2025,0.2565,158,4905,0.0008,65.5,65.55,65.6,64.84,2026-10-08,3,False
MRK,Health Care,Drug Manufacturers - General,KDJ,KDJ 金叉,None,0.0,0.5525,0.2,0.2,0.2852,25,1536,0.0011,142.38,142.54,142.69,140.96,2026-10-08,3,False
DPZ,Consumer Discretionary,Restaurants,RSI,RSI 加速上升,None,0.0,0.5525,0.1949,0.1949,0.3117,118,6796,-0.0042,308.65,307.35,306.06,305.56,2026-10-08,3,False
TAP,Consumer Staples,Beverages - Brewers,BB,價格在 BB 中軌上方,None,0.0,0.425,0.1794,0.1794,0.2432,223,8891,-0.0033,37.92,37.79,37.67,37.54,2026-10-08,3,False
ABT,Health Care,Medical Devices,RSI,RSI 加速上升,None,0.0,0.5525,0.1791,0.1791,0.2803,134,8492,-0.0057,98.49,97.93,97.37,97.51,2026-10-08,3,False
CHTR,Communication Services,Telecom Services,RSI,RSI 維持超賣,None,0.0,0.385,0.1667,0.1667,0.2977,12,262,-0.0221,106.96,104.6,102.23,105.89,2026-10-07,3,False
O,Real Estate,REIT - Retail,RSI,RSI 加速上升,None,0.0,0.5525,0.1646,0.1646,0.2327,164,4401,0.0002,54.17,54.18,54.19,53.63,2026-10-08,3,False
MRSH,Financials,Insurance Brokers,BB,價格在 BB 中軌上方,None,0.0,0.425,0.1582,0.1582,0.2847,297,21689,-0.0029,176.67,176.16,175.65,174.9,2026-10-08,3,False
UDR,Real Estate,REIT - Residential,RSI,RSI 加速上升,None,0.0,0.5525,0.1348,0.1348,0.2327,141,4401,-0.0005,33.57,33.55,33.54,33.23,2026-10-08,3,False
PTC,Information Technology,Software - Application,BB,BB 中軌向上（上升趨勢）,None,0.0,0.51,0.125,0.125,0.4238,8,1083,-0.0147,193.73,190.88,188.03,191.79,2026-10-08,3,True
DRI,Consumer Discretionary,Restaurants,RSI,RSI 加速上升,None,0.0,0.5525,0.1176,0.1176,0.3117,136,6796,-0.0061,201.49,200.26,199.03,199.48,2026-10-07,3,False
D,Utilities,Utilities - Regulated Electric,RSI,RSI 加速上升,None,0.0,0.5525,0.1053,0.1053,0.2565,114,4905,-0.0054,61.75,61.42,61.08,61.13,2026-10-08,3,False
